200
92 51
1 2 56184467 5674222
2 3 13484807 1757966
3 4 17922629 9522491
4 5 31450654 62436663
5 6 60254889 70660874
6 7 46441243 6287117
7 8 36487121 35640549
8 9 95110949 27738909
9 10 4448584 57906783
10 11 54486807 93704613
11 12 42057990 50021166
12 13 89748783 69964037
13 14 74778540 56260651
14 15 87236018 81448672
15 16 94774659 87412401
16 17 6356707 94798081
17 18 30683208 99641731
18 19 51565026 35177775
19 20 51993635 36369692
20 21 33870114 38040506
21 22 31807880 32210982
22 23 74368478 80709922
23 24 9258116 14320123
24 25 43898247 22197370
25 26 88244241 38934534
26 27 38627318 44319689
27 28 34417875 38255470
28 29 80024884 83976054
29 30 67743813 97533537
30 31 21605232 1971907
31 32 74582049 54232963
32 33 79211064 21043284
33 34 79775185 91141312
34 35 97920317 34207110
35 36 37312007 63786196
36 37 97064506 68804707
37 38 19018420 56811145
38 39 79679828 76083206
39 40 15995563 63971050
40 41 45263052 94540462
41 42 62815421 25026632
42 43 69754025 59904705
43 44 55831910 79067949
44 45 13109328 91113469
45 46 83415811 58901728
46 47 58065634 9194564
47 48 24844252 50757534
48 49 38603380 8797085
49 50 39296954 44488064
50 51 91850343 81940468
51 52 41538048 80035802
52 53 17656414 45961835
53 54 84531505 79796832
54 55 1181108 72238835
55 56 19924860 15794594
56 57 10398308 41988402
57 58 11665562 78424139
58 59 37465965 60259826
59 60 51597825 31612526
60 61 67019688 45143272
61 62 91933713 78092494
62 63 41308947 33724575
63 64 28323140 54113457
64 65 65099450 81965392
65 66 38585512 13279364
66 67 62819304 55973038
67 68 2710168 59850343
68 69 54445896 99916813
69 70 38404894 77295889
70 71 78245042 98142044
71 72 71971668 46838672
72 73 25091776 16422447
73 74 43075295 34425537
74 75 77470064 34149105
75 76 25725332 59240457
76 77 28609887 753712
77 78 82572083 6290134
78 79 4454705 79938326
79 80 21505684 57497678
80 81 17136618 13217750
81 82 82879937 68968644
82 83 1582370 94496964
83 84 5463036 1416556
84 85 5291350 21227334
85 86 58518867 51805547
86 87 16525278 66547666
87 88 18117968 5881923
88 89 29104447 74281442
89 90 13641692 15287854
90 91 98240380 84880944
91 92 63571061 32100938
23 12 90 70 8 68 73 12 31 22 49 71 36 20 3 7 9 17 85 56 11 39 29 4 65 76 67 58 37 47 38 55 67 41 62 29 68 41 75 86 79 92 18 14 21 68 15 26 54 11 89
7 20
82 152
1 2 60252718 66292044
2 3 35634767 52261042
3 4 84583233 87813764
4 5 23192906 8827384
5 6 20394059 4427833
6 7 61184468 39649960
7 8 19787329 64513478
8 9 28021447 23259810
9 10 71163653 50878854
10 11 44629566 56675204
11 12 70765043 63830971
12 13 1815564 46682609
13 14 62167062 92925990
14 15 93357005 80471169
15 16 44244583 68313325
16 17 24338692 45423223
17 18 18300096 20861383
18 19 99616181 34667693
19 20 87443389 77532058
20 21 95929545 98366258
21 22 83717803 18422028
22 23 99414067 35671355
23 24 9444587 75410828
24 25 82255011 8756627
25 26 2788341 77885466
26 27 22425914 92429954
27 28 64792971 51017159
28 29 41902211 25104901
29 30 79582501 87129465
30 31 66751074 39419365
31 32 76007404 95386475
32 33 25383399 63682351
33 34 69323843 66012885
34 35 60484033 36456194
35 36 36939682 81596671
36 37 12704464 4281495
37 38 81982808 63005520
38 39 46979360 44280693
39 40 6629130 68909467
40 41 8675699 15792053
41 42 99692168 99975888
42 43 31020326 71987684
43 44 63180826 65631782
44 45 23980592 14068197
45 46 25584445 15447229
46 47 94814491 13879504
47 48 97846700 91077510
48 49 80026122 19508246
49 50 21091083 55439495
50 51 75027147 44192102
51 52 8004970 5083727
52 53 971544 97954687
53 54 43124680 49990227
54 55 23073434 6568913
55 56 45765937 67958570
56 57 34507434 3528883
57 58 8530392 53624276
58 59 5172605 21576988
59 60 34282661 65889066
60 61 96820749 48421263
61 62 17445059 55382199
62 63 33443318 16472800
63 64 98149680 10782239
64 65 37709814 20205636
65 66 33424276 50711127
66 67 95705902 23015555
67 68 17735015 68230706
68 69 27593900 63708885
69 70 45612237 15064468
70 71 86868314 82829395
71 72 87959413 32639758
72 73 10454945 85762586
73 74 21142972 43525617
74 75 12632119 82801823
75 76 76544571 56604214
76 77 26377928 32973223
77 78 84171310 91992580
78 79 95094612 5283839
79 80 1716356 73648960
80 81 90678159 38753941
81 82 24697049 56220465
22 34 11 52 74 46 12 20 45 74 79 49 9 52 45 24 34 19 48 72 36 66 63 32 23 39 47 2 35 57 53 40 69 1 52 46 71 70 65 46 48 10 2 69 56 24 12 38 24 3 42 23 27 44 64 71 42 25 32 75 72 47 67 31 38 6 33 60 20 61 26 44 43 52 60 46 8 47 21 81 17 62 54 56 15 70 43 65 6 35 37 74 70 63 34 3 55 56 34 73 30 65 5 78 65 39 36 48 52 50 73 57 16 69 65 8 16 5 70 27 1 29 69 10 49 36 59 61 16 9 6 61 7 62 67 63 59 27 12 62 33 10 44 4 29 26 78 41 54 38 1 6
29 80
130 159
1 2 6885097 56288695
2 3 62955848 63807464
3 4 16136084 59651166
4 5 65656351 21299674
5 6 76633279 47110502
6 7 85741156 48928712
7 8 50837245 92399225
8 9 39044983 15307968
9 10 88018743 36070361
10 11 45243775 75516222
11 12 77877336 23968629
12 13 27692129 22931108
13 14 77631851 77689662
14 15 27069051 57709653
15 16 58747593 81973444
16 17 9445940 13733990
17 18 34574435 9367809
18 19 8425264 43690423
19 20 42710765 13957678
20 21 12515708 74883820
21 22 99842831 25989550
22 23 55129018 28309271
23 24 94665515 4612729
24 25 4241186 10207458
25 26 84686959 18916115
26 27 45585735 93819070
27 28 52782594 71975120
28 29 90671002 84755186
29 30 46190272 54722373
30 31 14371894 60306366
31 32 80898838 47470239
32 33 77121441 15233236
33 34 82029113 12971856
34 35 362269 39816283
35 36 52970451 67981681
36 37 7193459 71784114
37 38 35228898 95107634
38 39 92947376 3771997
39 40 94168322 43454675
40 41 10555315 21127371
41 42 58520138 22798314
42 43 24296134 87234002
43 44 76220013 54915935
44 45 4400994 65240136
45 46 49116835 78981608
46 47 14702320 93026548
47 48 41469341 98900257
48 49 51633448 61544623
49 50 84943439 64881597
50 51 76727399 63857442
51 52 47660007 30634376
52 53 65124833 29503646
53 54 77061634 80749156
54 55 73008299 90468712
55 56 39289928 53025510
56 57 70119670 1442942
57 58 75351624 20605910
58 59 85375912 94094839
59 60 92978043 38391891
60 61 8856585 9146006
61 62 20621904 61429575
62 63 58976980 22294833
63 64 76198354 29729210
64 65 25804112 53019107
65 66 97773753 14302324
66 67 77913483 69144920
67 68 22865465 87785617
68 69 3661573 73473707
69 70 54580439 69088770
70 71 11342410 18520071
71 72 24295753 68685631
72 73 29262575 43639971
73 74 1784551 72435087
74 75 94719872 19072732
75 76 9141249 33294073
76 77 90619330 18893571
77 78 21046860 77544803
78 79 53227348 87514172
79 80 14527903 66279769
80 81 63463909 2965285
81 82 68717774 60728609
82 83 47532585 32684421
83 84 55836908 87031977
84 85 71777902 9427516
85 86 33139735 86997822
86 87 67416259 44304344
87 88 42881907 41573437
88 89 14041056 93968223
89 90 11521142 21513108
90 91 9309258 71929807
91 92 71608406 21529246
92 93 75297889 76298460
93 94 8776348 85794318
94 95 98255568 95914318
95 96 31898274 97862558
96 97 26691756 16667099
97 98 75194590 67854173
98 99 59262219 56468351
99 100 73920933 79952373
100 101 47021911 75681753
101 102 72565873 41785573
102 103 20985740 80903631
103 104 97192385 46805428
104 105 84463933 73553617
105 106 35631565 91149001
106 107 78403446 72152101
107 108 15524219 97218139
108 109 92409758 28722733
109 110 90071203 4814005
110 111 77377530 40731138
111 112 99256465 93851061
112 113 38823399 12830338
113 114 46554039 5348005
114 115 90125045 5631680
115 116 42659406 70849934
116 117 48526121 36982508
117 118 21931382 78266328
118 119 37060673 69151672
119 120 61930232 8899629
120 121 6391377 3540887
121 122 52399148 16142735
122 123 89188176 63697130
123 124 88897024 72521896
124 125 42748078 68741025
125 126 55186781 80960496
126 127 42340940 61282844
127 128 83752790 97761916
128 129 92540570 69753816
129 130 21323314 54496661
101 114 47 12 68 65 23 11 53 68 34 70 121 80 110 103 98 46 110 120 122 77 41 19 37 41 72 44 41 67 62 9 64 107 93 120 127 2 113 101 25 94 82 43 31 6 9 88 118 116 13 15 43 121 64 111 80 128 28 10 43 17 92 87 37 17 65 39 89 43 93 37 122 66 116 60 16 20 78 90 48 43 45 25 104 70 45 24 117 45 122 62 36 100 23 104 78 55 84 3 66 99 8 110 38 19 97 83 51 130 87 40 37 53 71 25 62 69 127 26 58 22 10 86 104 42 106 74 50 107 83 7 130 7 36 103 33 66 73 113 47 55 95 42 25 98 56 107 73 119 83 14 103 85 63 32 82 72 104
10 48
140 80
1 2 24257547 69458268
2 3 74996147 29102400
3 4 47338778 70238402
4 5 1910894 87904629
5 6 63748617 39138577
6 7 20325050 27712388
7 8 92850872 95762866
8 9 54742521 67522300
9 10 17537585 56787204
10 11 42451391 35089792
11 12 40502776 10123005
12 13 17710246 49852506
13 14 80802114 66712901
14 15 27432069 53743711
15 16 86271251 61781814
16 17 71456151 10796090
17 18 50555030 21882057
18 19 61326 50050268
19 20 75415312 84152886
20 21 52895855 54782092
21 22 63262663 68457095
22 23 81183679 64550897
23 24 82273616 59484624
24 25 82521749 83478353
25 26 77039570 25465347
26 27 62851766 91002644
27 28 80040924 50099780
28 29 39227757 84062023
29 30 67923740 17400848
30 31 69796217 97689352
31 32 5070381 65875838
32 33 86524086 44687909
33 34 27509236 27633594
34 35 87819429 67221600
35 36 12509474 92880871
36 37 43424072 43304671
37 38 37277517 37261591
38 39 78901567 2227077
39 40 92336873 15283156
40 41 96786741 96645883
41 42 23111104 33484342
42 43 11389896 16302896
43 44 83514708 4380378
44 45 12424356 48348748
45 46 81464722 48235992
46 47 91838500 12710113
47 48 85546935 84943106
48 49 90171963 83263126
49 50 7249546 93048361
50 51 31026533 73664735
51 52 76745332 15926096
52 53 3442920 53317300
53 54 89479139 13052272
54 55 50603605 24681124
55 56 51858624 15937311
56 57 43440726 90362300
57 58 16373587 63835695
58 59 42038 74384872
59 60 70086653 48191322
60 61 29078774 2720423
61 62 6129490 32958233
62 63 79028348 44558857
63 64 94771881 84355950
64 65 92663079 54418492
65 66 64516975 74460916
66 67 10997229 49333856
67 68 63324312 18531577
68 69 18759462 84837298
69 70 80890673 13201386
70 71 6131575 1483087
71 72 15205331 94789246
72 73 61274634 39432826
73 74 11371341 14990723
74 75 8398944 99763868
75 76 30877094 49039285
76 77 79790004 77027
77 78 35768028 23131753
78 79 61127885 49253399
79 80 78940689 54905672
80 81 2401789 68391167
81 82 76734899 79016074
82 83 18530127 93759188
83 84 85152472 87421592
84 85 86134389 72045869
85 86 37711390 58341146
86 87 67629615 33891483
87 88 32614981 73103095
88 89 38239547 91683156
89 90 94220580 84306526
90 91 68969183 56510755
91 92 20052994 22577743
92 93 99121478 31485135
93 94 81486245 523877
94 95 97989533 83325729
95 96 65933194 19997343
96 97 49982183 73493731
97 98 77317016 45966524
98 99 56535773 38709388
99 100 79432723 76728125
100 101 73492256 37208627
101 102 87670814 79809276
102 103 20497791 28034115
103 104 21909706 71715149
104 105 39691001 32846049
105 106 92643022 14628915
106 107 55659649 27318082
107 108 477939 97357230
108 109 75065831 51059911
109 110 34232404 65326025
110 111 40335268 6547435
111 112 74985586 90872297
112 113 43184597 96813795
113 114 29342253 4568741
114 115 91615306 49767703
115 116 5769096 67865762
116 117 64325507 47157612
117 118 70111795 68152933
118 119 51014221 98600335
119 120 81447281 23378701
120 121 23045101 17964793
121 122 53272007 37521930
122 123 27467842 53119881
123 124 16561045 16358953
124 125 21798769 69584740
125 126 59701136 63747864
126 127 47650438 41562415
127 128 24635371 25906243
128 129 59882825 50599104
129 130 48320169 68566901
130 131 62111299 86528684
131 132 8097446 61249847
132 133 9871303 85203904
133 134 49667842 9638703
134 135 52934783 19544054
135 136 78247547 41246009
136 137 96897479 78723734
137 138 6053616 31359627
138 139 72984754 22424916
139 140 93989672 82717996
125 32 77 105 59 25 54 91 30 33 82 17 12 34 136 76 56 128 59 111 35 79 19 22 71 58 82 101 119 129 93 52 132 51 19 9 118 72 7 134 105 90 96 25 124 61 63 129 45 129 95 88 39 118 38 129 80 76 103 119 20 21 75 72 98 36 48 84 139 35 77 2 40 114 103 68 102 87 127 59
8 56
132 25
1 2 19116000 10157656
2 3 76400074 13097922
3 4 79788764 16002276
4 5 38486478 72728487
5 6 81342463 76558351
6 7 23117764 76190490
7 8 60746090 20369882
8 9 43189655 69781161
9 10 63305458 63060008
10 11 43193052 19495215
11 12 79079241 62030848
12 13 33086554 55398576
13 14 17378401 44387518
14 15 20722319 59990802
15 16 19788931 31943188
16 17 78587906 34965098
17 18 28385990 65698383
18 19 99410496 90496839
19 20 60983945 27335653
20 21 96792464 41875752
21 22 28199175 38845831
22 23 17473857 47097909
23 24 67575904 54491586
24 25 19272562 1808323
25 26 74661314 19014568
26 27 10235983 53614970
27 28 90268897 10343802
28 29 79971633 39891870
29 30 70715914 32005603
30 31 47019472 88078772
31 32 41961370 54542921
32 33 9013550 54814340
33 34 49206003 95047925
34 35 62074810 2864747
35 36 15946727 73910270
36 37 3066292 61502324
37 38 70015291 2852292
38 39 46922060 84323532
39 40 39467209 83044771
40 41 62127967 40003094
41 42 71235019 35699336
42 43 43591967 2870130
43 44 16085918 63048810
44 45 22755420 92786866
45 46 5378459 46023054
46 47 26453677 70228144
47 48 26429866 82467849
48 49 47480705 35207665
49 50 72813504 45421958
50 51 20364753 45416767
51 52 2312939 81022268
52 53 40126899 34514286
53 54 18386156 73378943
54 55 15497098 49470626
55 56 86440481 5038386
56 57 3474171 10995229
57 58 40093358 61758650
58 59 4304856 92226192
59 60 59799043 22573297
60 61 30349830 20665480
61 62 33714232 4508451
62 63 66595524 24343250
63 64 90387326 97381011
64 65 67558692 45723736
65 66 27334602 17713091
66 67 85330840 31840621
67 68 47184716 67874867
68 69 92396995 33628141
69 70 89281514 98155177
70 71 47516007 67416914
71 72 22738715 83916007
72 73 66122560 45795151
73 74 6290960 57393615
74 75 23961535 12490901
75 76 54366769 51481280
76 77 47199588 44848260
77 78 12773548 57697214
78 79 18288308 83527525
79 80 55831262 20154121
80 81 73994176 66102756
81 82 60582683 98031273
82 83 85371231 38180000
83 84 15931318 46529195
84 85 19364296 20709394
85 86 35653238 28498298
86 87 31499308 71450341
87 88 70053621 19394789
88 89 79124458 29678784
89 90 71265221 25223209
90 91 2642749 27696852
91 92 68498046 93629959
92 93 23137263 48899306
93 94 78931437 24039563
94 95 77675521 62624823
95 96 37580499 18170363
96 97 63579360 57940315
97 98 67552376 36968304
98 99 98694488 42152114
99 100 8075293 29195261
100 101 77226239 22624390
101 102 51750698 53577886
102 103 63776896 21750926
103 104 67765812 65284858
104 105 58827949 38940400
105 106 64486160 79753420
106 107 8639639 60244808
107 108 90039696 80264477
108 109 58689807 82530117
109 110 15644845 36558116
110 111 41379580 12011798
111 112 48080836 97497631
112 113 66152409 78944875
113 114 61427796 27012865
114 115 23920341 3465642
115 116 53477394 15612564
116 117 8304540 98661077
117 118 2038339 76332284
118 119 68034902 93193957
119 120 77825587 44293561
120 121 60634226 33851229
121 122 98067270 88244462
122 123 52638608 94590074
123 124 79684405 14845573
124 125 19842072 12552705
125 126 14729265 46703023
126 127 95033351 52571735
127 128 42158245 64723222
128 129 94714807 14575666
129 130 84257504 37416268
130 131 61470147 3637013
131 132 97759181 84305978
90 126 112 87 61 43 22 33 62 18 99 15 102 5 13 64 32 37 127 81 31 53 21 81 84
28 131
18 180
1 2 75757187 1951524
2 3 24214137 61019961
3 4 62859050 37960173
4 5 82615917 76745098
5 6 92501078 3461752
6 7 56132413 86780611
7 8 66490908 97190824
8 9 53451986 5359994
9 10 72533835 30228856
10 11 17323411 82969364
11 12 47757260 89644647
12 13 49443221 18139400
13 14 32548478 84083067
14 15 56494630 74757045
15 16 4512184 35516230
16 17 43671032 51394448
17 18 45596466 5657729
12 16 15 10 17 6 4 3 15 14 2 12 1 2 12 5 13 10 7 15 2 10 13 6 15 8 3 17 12 1 7 1 11 16 10 16 11 9 11 7 18 7 6 10 18 17 4 5 12 6 15 6 1 16 8 18 11 4 9 18 16 17 11 17 10 17 14 2 5 16 17 8 16 11 4 12 9 1 6 13 9 14 2 8 12 10 13 9 16 9 10 16 3 16 14 11 10 4 11 12 8 4 9 10 15 9 7 4 11 3 17 7 3 4 15 13 4 14 9 11 2 13 14 18 12 16 10 3 4 7 12 18 11 8 15 13 12 7 5 6 17 4 16 10 3 1 13 6 1 9 16 2 5 2 6 12 11 15 4 7 12 4 15 9 13 10 2 12 17 18 2 9 7 10 17 1 2 13 9 2
3 7
99 57
1 2 701390 40360623
2 3 53904080 15040256
3 4 80315082 22378384
4 5 96082120 45052738
5 6 91697707 92272700
6 7 88017846 78798287
7 8 18298560 43752315
8 9 90884658 63082995
9 10 32425224 365326
10 11 53125939 19238000
11 12 39767985 37133527
12 13 28726276 56559529
13 14 30261561 59156893
14 15 63004521 69831336
15 16 49055688 34430431
16 17 74655280 84376345
17 18 82874816 17783675
18 19 99834964 29256529
19 20 90660800 9255295
20 21 98824607 2448969
21 22 48360383 85109770
22 23 42122356 39009038
23 24 54657505 88697635
24 25 36971455 23988360
25 26 91640304 51921254
26 27 65919602 47228572
27 28 60755969 392554
28 29 51414992 45437492
29 30 70121024 5194261
30 31 30571986 57830307
31 32 90426784 12241949
32 33 17791467 50343973
33 34 73306587 83482548
34 35 1322691 1469582
35 36 75752178 2212873
36 37 28833962 19851602
37 38 21743645 62879394
38 39 94807442 64728184
39 40 85785888 22039443
40 41 30194669 10124182
41 42 90532139 98643175
42 43 36030298 27693410
43 44 89701149 97614041
44 45 94162734 21719771
45 46 1135332 13620044
46 47 65711687 85353468
47 48 47943720 74534481
48 49 60146587 70745676
49 50 37665038 13449422
50 51 40107725 21712231
51 52 14204236 8276191
52 53 65132067 97093736
53 54 31841148 63648282
54 55 41589106 12244856
55 56 53153918 45473027
56 57 54589825 12394972
57 58 2653532 24383615
58 59 1586709 15018716
59 60 71719165 80996252
60 61 23575130 46201037
61 62 89716449 74529735
62 63 45070308 56122072
63 64 78482384 3091625
64 65 27458181 10041740
65 66 41278713 43308021
66 67 73395446 33678512
67 68 31676404 98185184
68 69 47646009 75451122
69 70 2658671 8740208
70 71 28938964 90916738
71 72 46625721 53267878
72 73 12761742 77462105
73 74 23112264 54031753
74 75 82081056 26997333
75 76 85136907 12675854
76 77 47238840 44837581
77 78 33970253 18469108
78 79 9585045 47385163
79 80 6512728 66089310
80 81 17479261 29491760
81 82 47886499 3167219
82 83 78694179 67917326
83 84 36558313 41437472
84 85 64542350 62843241
85 86 50630823 14492229
86 87 96088518 37520895
87 88 92349674 15845565
88 89 60868793 3847733
89 90 68898109 57167221
90 91 92594959 62327827
91 92 92560054 66369395
92 93 23390960 1676661
93 94 5978020 609061
94 95 70888818 76396771
95 96 20099963 63555223
96 97 6288674 1093727
97 98 30708560 25400950
98 99 74130042 98491169
67 45 47 23 45 88 17 66 12 22 83 63 90 60 8 60 9 39 91 33 27 79 15 91 89 5 28 39 31 95 39 47 53 61 54 72 60 56 65 91 23 76 57 97 80 57 38 2 44 17 40 47 9 53 59 95 34
59 57
197 56
1 2 57639543 90011914
2 3 20707621 94414042
3 4 58506861 42114683
4 5 91442817 34792779
5 6 76888508 35805350
6 7 38875116 64667997
7 8 80147587 60892595
8 9 357470 99105042
9 10 21125058 56360098
10 11 63358096 89519237
11 12 6841899 61606194
12 13 13045084 78667332
13 14 60796547 61633597
14 15 81087699 47787709
15 16 70078268 77764258
16 17 5210806 99049415
17 18 56234128 62897595
18 19 77340274 60526407
19 20 39815191 79485097
20 21 93134086 74414937
21 22 48865505 83246033
22 23 89850820 47560381
23 24 62514271 30099294
24 25 35384179 25550594
25 26 34124433 40240198
26 27 81836168 48992261
27 28 31430429 12414421
28 29 16549682 18856804
29 30 79677277 8843253
30 31 84631285 50240987
31 32 55902423 96969369
32 33 28221502 44167619
33 34 3537700 52745195
34 35 18936765 40416502
35 36 47511917 43785915
36 37 77601031 47908315
37 38 14540921 75230833
38 39 21881607 8888081
39 40 8396395 82573077
40 41 44396145 42485498
41 42 57323775 81740904
42 43 73975098 83308570
43 44 58327320 11221599
44 45 38001844 75835177
45 46 31069345 62757958
46 47 60211482 82660433
47 48 23016753 89278103
48 49 50709144 80205176
49 50 2676954 89204344
50 51 66313493 6488160
51 52 85462511 2335111
52 53 15648861 6488260
53 54 76699164 88909224
54 55 77932576 5273334
55 56 90307682 51556556
56 57 49603064 34178693
57 58 58069951 8519273
58 59 35920452 71773877
59 60 19152436 32400115
60 61 14915761 7915002
61 62 68442544 42682557
62 63 48118557 82861099
63 64 21750731 83332196
64 65 30980532 13080592
65 66 50225502 98997952
66 67 26948602 77799006
67 68 65829894 59685430
68 69 15111286 15522205
69 70 1053760 24942958
70 71 22377426 3457251
71 72 44126411 83070760
72 73 92201589 34013091
73 74 38930356 69052291
74 75 91002728 12883453
75 76 70869843 21901425
76 77 46552506 55613925
77 78 30142111 46896044
78 79 28258383 20911122
79 80 58592522 19227886
80 81 26526986 43760255
81 82 7616460 1854749
82 83 94849443 80621805
83 84 75619174 74074804
84 85 80292100 48375950
85 86 98936646 31872151
86 87 21447551 36998286
87 88 93511126 85671738
88 89 78249153 39331717
89 90 79364940 68986073
90 91 58014966 21952798
91 92 31934199 16948466
92 93 72001626 29798594
93 94 47943944 59217212
94 95 39072086 92588391
95 96 21713545 29155875
96 97 98292195 79056823
97 98 96990360 4079789
98 99 20286995 84410648
99 100 28448516 78351165
100 101 62579481 38364526
101 102 47030516 80433576
102 103 28968591 26949746
103 104 81117503 10952646
104 105 6970504 40246045
105 106 13212755 84551982
106 107 1494075 28545545
107 108 18286320 82844793
108 109 37352383 19545739
109 110 73732357 36353517
110 111 78614472 26642533
111 112 17863014 21343038
112 113 73206802 90309424
113 114 23035153 78641638
114 115 78578134 26734505
115 116 98937656 66571173
116 117 22903361 73590826
117 118 24755943 2984891
118 119 21516475 39435246
119 120 83212272 62248444
120 121 38381349 54174254
121 122 93818192 8120381
122 123 46447796 75097434
123 124 38686714 87819762
124 125 58072664 21167898
125 126 48213896 93283223
126 127 90360724 10090413
127 128 74531892 11615152
128 129 70199091 52032208
129 130 16221369 12410690
130 131 99190034 64227978
131 132 56318017 31359254
132 133 15195404 48241882
133 134 80219591 8812607
134 135 440387 93347785
135 136 831708 76294993
136 137 22413200 40823893
137 138 72936240 38322824
138 139 63728143 67179807
139 140 91579129 31664704
140 141 46877829 35509419
141 142 19504739 40396243
142 143 95363132 6358433
143 144 54036049 33554555
144 145 64633811 47900774
145 146 55174905 22981862
146 147 27488422 83504089
147 148 97112926 82998259
148 149 29548576 8415447
149 150 89494998 8229750
150 151 57690941 71726433
151 152 30860066 41180981
152 153 68815038 66983271
153 154 53183810 14627570
154 155 57558445 26943961
155 156 63760442 13437622
156 157 51109704 40169701
157 158 83536697 25527171
158 159 56778217 97622425
159 160 3943106 54166026
160 161 24988905 5450038
161 162 5461615 60055068
162 163 3532179 56214733
163 164 34290773 5275470
164 165 21053447 90858021
165 166 73716879 86628138
166 167 60370986 65224019
167 168 6358441 24952803
168 169 14793072 80552061
169 170 47824899 50865177
170 171 20784612 91722684
171 172 64830063 84744633
172 173 68190539 78073460
173 174 20451584 25177485
174 175 98890986 67325085
175 176 58952113 27255124
176 177 24272742 54663367
177 178 41369557 77021347
178 179 41416756 54527149
179 180 22948307 50839841
180 181 34926576 10641208
181 182 22961035 30511709
182 183 46732761 23245548
183 184 44595878 18075099
184 185 84029947 36415563
185 186 1951866 97280883
186 187 52881715 76003888
187 188 84881222 4033030
188 189 35988919 42222771
189 190 36046078 2805909
190 191 14982396 48216979
191 192 21506352 83646503
192 193 20927565 66077499
193 194 73282269 40072420
194 195 11764122 53718051
195 196 11950069 51453462
196 197 55395497 43057861
53 180 163 2 64 103 93 138 175 168 32 25 59 111 50 174 101 1 50 60 61 110 38 23 62 171 197 156 126 141 14 64 15 81 134 56 82 6 27 111 167 2 32 85 24 83 33 133 11 26 106 191 52 131 28 62
75 92
176 82
1 2 42245267 75481041
2 3 19570839 77741196
3 4 66968921 62459723
4 5 92624081 7560591
5 6 82009474 50371201
6 7 91300387 35393814
7 8 78399283 65337188
8 9 46275764 96686690
9 10 90881992 55304208
10 11 59780669 67034518
11 12 4157495 23559361
12 13 94786088 6863149
13 14 16978817 59440162
14 15 72578781 63122644
15 16 91555996 83375964
16 17 39989917 54450444
17 18 84821833 55699828
18 19 74392160 85465
19 20 9389202 32753048
20 21 76877607 5922379
21 22 24476562 67298667
22 23 60810808 45538870
23 24 49505248 37775772
24 25 71181359 65695345
25 26 44159056 35910198
26 27 27810039 54454917
27 28 87277682 89355342
28 29 60731758 88060759
29 30 46206973 5205282
30 31 72385444 36533022
31 32 22782420 37390640
32 33 56350059 48892221
33 34 86694 1425449
34 35 12118098 35872553
35 36 71081923 96363220
36 37 5827473 94462821
37 38 17814948 9398202
38 39 79028437 82997473
39 40 98956148 12595864
40 41 35856773 14898787
41 42 90477832 70546759
42 43 32664359 41909643
43 44 49676173 96836048
44 45 41609004 76261002
45 46 19800678 29364154
46 47 52411196 20502415
47 48 96758511 15459689
48 49 87456697 53939252
49 50 26831001 37447159
50 51 82216087 55488374
51 52 14379352 4814330
52 53 10662605 19766045
53 54 91011103 23353049
54 55 45487785 12215778
55 56 19554668 59952603
56 57 50397945 47250772
57 58 87231365 46467707
58 59 24455486 26779954
59 60 60007096 23544084
60 61 32741875 6983740
61 62 70537139 4822607
62 63 39938087 87368911
63 64 6305137 3597319
64 65 31562918 88729604
65 66 48501638 82851952
66 67 18691142 58241003
67 68 94330042 32500213
68 69 24820605 84039956
69 70 56277287 82915267
70 71 61188554 85747723
71 72 65182807 76917719
72 73 71417369 60060930
73 74 55477932 69259732
74 75 27398903 88940073
75 76 34944480 68820633
76 77 18377201 39688168
77 78 36661968 68227474
78 79 36957790 97288434
79 80 34233683 73706224
80 81 53714105 98393890
81 82 36033354 30545778
82 83 11827372 56750044
83 84 79818795 16827190
84 85 47099605 7647672
85 86 73514145 52518140
86 87 18127159 78632395
87 88 38633743 12679489
88 89 15376533 66603058
89 90 33785638 43428406
90 91 51389419 25535137
91 92 23173219 54154253
92 93 65506037 40537376
93 94 34946735 84696778
94 95 81071921 53100122
95 96 42856760 73397023
96 97 70624606 63293243
97 98 28162786 70552585
98 99 4790385 15857560
99 100 9246539 4492463
100 101 26788682 68393751
101 102 54842671 77803541
102 103 45846571 9500844
103 104 62465472 20525589
104 105 2208095 28553800
105 106 11622724 76689342
106 107 7282822 91684460
107 108 9598506 13789800
108 109 82491673 90865486
109 110 70315618 67639040
110 111 5119659 46469737
111 112 49427827 13583788
112 113 41375639 2601806
113 114 35266777 60005942
114 115 15001368 3489745
115 116 79801251 97032116
116 117 80625275 96866150
117 118 85971022 71048905
118 119 86664917 32302286
119 120 65760145 50405388
120 121 7763460 80117634
121 122 30621524 10373320
122 123 24608742 78663602
123 124 80476536 11165293
124 125 57669334 15296141
125 126 25946735 47588685
126 127 74697734 29854647
127 128 31731746 94531252
128 129 51242655 69958761
129 130 92926694 15500412
130 131 37939750 22767867
131 132 76835173 47262123
132 133 46883314 52620635
133 134 8721028 77816484
134 135 82077001 65419961
135 136 20943475 57571515
136 137 61266728 99209933
137 138 93964814 47531634
138 139 69416498 13840536
139 140 56996019 41978727
140 141 25831869 53242679
141 142 53140701 39136758
142 143 68305246 42952170
143 144 75344463 87442001
144 145 81338148 98378127
145 146 75649951 18874677
146 147 96082120 27528211
147 148 1741990 5859964
148 149 18141722 92693219
149 150 42774073 5046326
150 151 44345077 87744601
151 152 72096215 18757912
152 153 42936844 48125353
153 154 10319990 36845361
154 155 57800023 57231340
155 156 418658 26924895
156 157 11763614 89254406
157 158 675877 5527260
158 159 7707300 25538256
159 160 28661231 66581937
160 161 66530693 85986901
161 162 37258437 82469239
162 163 61810232 85096349
163 164 26106920 18391018
164 165 95506599 20243348
165 166 43013454 2335911
166 167 78329145 81646808
167 168 29358927 19111049
168 169 58662732 27801350
169 170 79009443 59507213
170 171 86093133 24661358
171 172 66651399 31310587
172 173 93099639 91565146
173 174 87900233 81569979
174 175 39859494 40832192
175 176 69273499 47559217
68 112 110 5 87 116 45 100 122 170 116 78 169 137 1 10 8 155 3 57 94 114 21 146 50 151 124 144 118 17 92 131 22 25 143 107 32 74 59 145 6 32 46 32 29 46 8 3 95 20 114 59 4 116 126 90 157 129 162 28 48 90 127 158 3 159 25 76 9 153 132 51 70 42 62 100 13 16 86 155 105 33
149 40
61 89
1 2 24185683 8519455
2 3 76267758 88179304
3 4 94247581 24175520
4 5 341781 87646452
5 6 58526461 85937608
6 7 84631686 35878442
7 8 71980532 13591172
8 9 95411144 5538221
9 10 76288247 3845513
10 11 23117795 1303807
11 12 4205511 23979343
12 13 2425466 25744168
13 14 60769785 64989684
14 15 37789132 95582343
15 16 64471175 78116673
16 17 12920792 27352711
17 18 2408067 75252053
18 19 17642941 44785968
19 20 39249400 83095868
20 21 45084684 92510169
21 22 8978882 71895745
22 23 24081327 408072
23 24 60459014 12796517
24 25 39728111 94231602
25 26 43836667 96937734
26 27 17116221 96586816
27 28 31540909 21421205
28 29 53313399 77271489
29 30 29751523 74883313
30 31 32994575 69751166
31 32 38957548 12176699
32 33 42610752 67620882
33 34 50368332 26942304
34 35 57798990 30268252
35 36 16828102 49780876
36 37 60769391 87762619
37 38 81729183 8645435
38 39 10602989 385442
39 40 75223786 30922382
40 41 81730632 99452852
41 42 56723376 53029733
42 43 79810858 30713588
43 44 48725652 34213242
44 45 57056369 26209096
45 46 32604783 79635459
46 47 36154139 37418734
47 48 91303942 23140309
48 49 30203612 81366550
49 50 89689758 91119017
50 51 55198761 37202662
51 52 70335291 1807551
52 53 20150968 98516109
53 54 51914614 56838491
54 55 5616507 32150864
55 56 17748348 61685564
56 57 62423087 95903006
57 58 70878671 12275011
58 59 88517279 30107453
59 60 35629565 37532066
60 61 19563409 15158126
60 11 5 24 45 51 1 59 30 16 56 13 20 23 29 19 44 17 40 39 56 36 16 36 23 45 4 15 38 57 2 49 12 16 31 48 41 61 55 10 57 49 47 46 42 31 1 58 44 60 51 37 56 1 13 3 23 4 41 58 35 29 55 19 58 14 31 37 10 18 22 44 14 29 58 5 29 22 23 1 20 12 15 28 4 36 59 20 26
13 12
113 34
1 2 50996055 91481324
2 3 92385498 81370861
3 4 40138398 49972010
4 5 87191686 53471646
5 6 19290072 810756
6 7 65100954 96482030
7 8 76155981 33869175
8 9 12404352 46352994
9 10 79647346 70380460
10 11 71445293 29570654
11 12 28045689 41932804
12 13 1436344 83424506
13 14 30991068 52526047
14 15 6294789 74253779
15 16 91752593 33579878
16 17 35812438 46888927
17 18 84529796 1352151
18 19 89452662 62141222
19 20 23541694 56146089
20 21 79658719 55137434
21 22 57938158 77250121
22 23 50328616 42105924
23 24 77745347 43094969
24 25 60163197 77724007
25 26 47028223 26403800
26 27 49212605 40896201
27 28 65249479 83531991
28 29 57928144 83448211
29 30 65408155 55569571
30 31 30819094 37998906
31 32 97161297 91731985
32 33 26381822 9362868
33 34 95958318 13590437
34 35 29392817 34062286
35 36 81810280 18237231
36 37 59976877 86732191
37 38 40365976 91948965
38 39 39851637 90328357
39 40 94390130 23244734
40 41 75339536 92196699
41 42 80089397 56743024
42 43 94097293 58979126
43 44 58179773 82842445
44 45 94023332 10891986
45 46 54893799 91435406
46 47 25131705 25332129
47 48 98036572 5112548
48 49 6767188 55310195
49 50 48251650 80599724
50 51 15395989 99686829
51 52 99326307 44054973
52 53 90528057 80632922
53 54 59281967 49727834
54 55 55541629 64128427
55 56 49259438 86953968
56 57 82319230 12793244
57 58 93346998 10600504
58 59 83819924 76515172
59 60 44186231 56377342
60 61 14227124 58900752
61 62 58040745 14899498
62 63 15526914 51449965
63 64 43247840 87841921
64 65 3335922 3770166
65 66 79196638 82626265
66 67 21629271 60901196
67 68 7279885 72905568
68 69 85760605 86161450
69 70 51516507 86547482
70 71 84792947 26319359
71 72 59833897 60314753
72 73 8970290 52695365
73 74 6510880 67973481
74 75 85871905 54371937
75 76 10889294 85816413
76 77 96438165 65725120
77 78 15518746 26553104
78 79 56603826 86189283
79 80 40829394 25470976
80 81 94212072 40593850
81 82 60450032 67018906
82 83 2847676 17957123
83 84 64607184 96233153
84 85 84495176 84752974
85 86 35038938 49545568
86 87 76741196 55711097
87 88 33423205 71164832
88 89 27748172 15884670
89 90 37026083 54266700
90 91 37434902 48065572
91 92 61446699 456124
92 93 37618597 96573971
93 94 91472476 5553360
94 95 70100325 31454693
95 96 49076841 53518961
96 97 24113844 49095393
97 98 87071747 99675553
98 99 94458854 34260431
99 100 38899070 32282575
100 101 25930071 48788490
101 102 69128937 62410027
102 103 11960329 14355434
103 104 65028649 82907513
104 105 84967283 6726285
105 106 84455546 53842401
106 107 70882373 81877748
107 108 62005695 85499462
108 109 56115194 73765239
109 110 74088138 24655301
110 111 48383002 28974154
111 112 86288884 73324024
112 113 60633954 3816560
52 1 24 29 105 3 22 39 74 9 22 44 109 6 21 23 52 26 54 46 94 9 45 24 89 90 44 40 82 45 79 11 24 27
27 64
50 129
1 2 12783323 9911448
2 3 50171210 75451224
3 4 38268477 89602913
4 5 5068 23437851
5 6 25808839 98167853
6 7 36698482 9624486
7 8 90162009 86258043
8 9 40114134 54256351
9 10 18286737 32515647
10 11 17113973 94929126
11 12 10436689 62758879
12 13 78279281 37696281
13 14 84406701 81146385
14 15 8428688 76227712
15 16 22660409 46428667
16 17 69473802 93179937
17 18 73457389 20983068
18 19 27035619 73543158
19 20 31763286 3626076
20 21 9924105 20555721
21 22 11680125 63679878
22 23 66798063 63903284
23 24 9523297 22572087
24 25 66374112 15082224
25 26 75572983 44849917
26 27 70509571 63223010
27 28 63403183 93028859
28 29 63723757 79473703
29 30 25285847 21533582
30 31 13125179 32477371
31 32 33412302 95794390
32 33 11222872 34006105
33 34 73515539 7927166
34 35 46274848 43043269
35 36 12095435 6657627
36 37 15185171 15565544
37 38 37383864 44378952
38 39 46180480 13931164
39 40 96215286 67582535
40 41 7536849 26075987
41 42 90565762 18223712
42 43 12733859 14930470
43 44 98475485 10978668
44 45 70983380 36849647
45 46 14066461 59390713
46 47 24433039 15563917
47 48 65433919 24218025
48 49 5439191 71019114
49 50 27099391 55025411
29 43 9 47 25 18 8 14 25 1 24 44 22 18 16 23 9 43 18 9 29 2 11 34 39 49 38 40 34 4 33 11 49 37 21 47 8 39 26 12 19 6 27 23 39 6 20 32 30 4 25 47 48 6 16 2 17 31 37 23 41 36 34 12 2 31 26 49 43 15 16 12 17 46 7 43 38 44 49 41 49 34 10 12 43 16 49 18 21 5 17 10 1 5 45 25 10 36 27 1 34 27 2 20 36 50 49 20 21 8 32 1 41 7 23 31 16 38 24 30 19 9 45 37 45 48 36 35 12
49 16
154 56
1 2 76852608 18538845
2 3 76562648 46124749
3 4 57458808 85584923
4 5 92343737 49047206
5 6 91953047 35533070
6 7 57999616 76466711
7 8 41182419 58696199
8 9 49589808 67746998
9 10 58895726 65450359
10 11 24190312 89353623
11 12 95535486 24422127
12 13 1414509 57536040
13 14 38413703 39972623
14 15 51685044 95290342
15 16 23013636 60272528
16 17 39502429 7740738
17 18 31175538 74545183
18 19 42821676 98757787
19 20 29679331 48898413
20 21 94452690 90515938
21 22 6550242 11430665
22 23 36591199 30505342
23 24 43530637 20569658
24 25 54142687 51034615
25 26 47571457 46704126
26 27 39539111 15180044
27 28 34998988 34645613
28 29 7761613 54395558
29 30 63630301 2798843
30 31 46288037 56811287
31 32 14408249 27294194
32 33 78015429 85992116
33 34 63569656 37012898
34 35 9285028 93548504
35 36 17408524 188028
36 37 3167941 49329223
37 38 87979883 45184896
38 39 9209653 31840332
39 40 33570578 61607072
40 41 88814642 862822
41 42 37193689 27624976
42 43 4793610 3556684
43 44 9856679 32279985
44 45 57651107 1664430
45 46 31967074 31804667
46 47 13411120 71056581
47 48 85016405 42375058
48 49 39423473 1863061
49 50 85308083 86484216
50 51 16225720 13647028
51 52 55636722 29334022
52 53 92446181 78723013
53 54 56270305 15312568
54 55 46323481 67461385
55 56 15999724 11410511
56 57 66395664 44852158
57 58 21458973 17766372
58 59 69984045 71007236
59 60 63714482 73833764
60 61 23334225 1315260
61 62 41394057 53880466
62 63 71431270 14530346
63 64 42594014 66057675
64 65 91747162 23273015
65 66 96286456 81269424
66 67 99719865 55742558
67 68 42536220 95020104
68 69 62726714 65554045
69 70 72156860 52803228
70 71 62550947 40144620
71 72 14957577 12425227
72 73 98303439 38134948
73 74 60197421 72005385
74 75 92182854 50504336
75 76 95076423 99693506
76 77 79293590 24602091
77 78 92038691 82234274
78 79 5709924 42973215
79 80 438409 81238891
80 81 39393679 5807911
81 82 13021341 68024562
82 83 42112809 61800371
83 84 9536114 49316814
84 85 83140484 26697831
85 86 78125305 23347429
86 87 78894213 57748771
87 88 16529164 45528814
88 89 48365343 64399235
89 90 98263371 3813229
90 91 66498145 28096953
91 92 42879870 34069032
92 93 86800058 58442801
93 94 3279741 71128172
94 95 14836077 79014819
95 96 53945399 92326635
96 97 37455627 43844845
97 98 89026530 56900587
98 99 75145835 53493241
99 100 27217949 73939668
100 101 62152852 24606002
101 102 11156917 80106975
102 103 25065484 51925640
103 104 82872691 72347155
104 105 99935702 94020048
105 106 44504000 58567444
106 107 66360779 40022519
107 108 43001182 96996774
108 109 92318300 26545151
109 110 10388979 88422567
110 111 55963685 57470301
111 112 48615105 15446043
112 113 44123185 48755639
113 114 78760440 53610886
114 115 92697441 80482535
115 116 43745531 61445540
116 117 58727082 21713788
117 118 80681881 4915053
118 119 21401043 26224842
119 120 98965960 71705374
120 121 30057834 73970128
121 122 59165107 92935186
122 123 9034956 36508368
123 124 46095115 20543082
124 125 26480455 34076698
125 126 46273467 58892753
126 127 11718732 62823466
127 128 43781486 1253315
128 129 85047224 82392384
129 130 39566671 45989281
130 131 55095424 76463760
131 132 84494275 1890450
132 133 54802171 61874866
133 134 75924459 42752205
134 135 42514198 32005725
135 136 41352932 28973385
136 137 8830134 35869183
137 138 85937405 18996273
138 139 99381687 92683308
139 140 70484539 33882047
140 141 18270955 42397593
141 142 49142305 7328517
142 143 1326137 98580003
143 144 72220040 11183462
144 145 69578921 56705313
145 146 99860752 89034596
146 147 75255863 68646417
147 148 5567223 44902909
148 149 53270704 15805951
149 150 68103040 1631545
150 151 9648114 33653180
151 152 15346889 62814424
152 153 2881984 76109344
153 154 24360135 4082912
55 151 49 48 26 11 112 89 27 56 61 124 18 96 25 68 79 151 84 102 81 135 97 137 98 80 97 29 31 104 87 104 95 76 56 138 48 143 15 19 86 153 99 144 47 85 61 28 33 70 66 47 45 69 98 115
41 88
183 98
1 2 93000727 80138645
2 3 45654136 79948789
3 4 22967785 82997596
4 5 12614345 61848670
5 6 8664933 40617051
6 7 41591158 7284638
7 8 94718283 20526533
8 9 51949466 60043109
9 10 32989693 82968749
10 11 21149189 13187971
11 12 35274301 96409710
12 13 10762210 49374326
13 14 53069986 37198583
14 15 989738 97072926
15 16 30764294 42062692
16 17 66181665 43972174
17 18 39642293 97867326
18 19 6499461 52791224
19 20 87839000 55248221
20 21 42023081 48958300
21 22 8350705 9235268
22 23 11561317 92993103
23 24 87867975 18357048
24 25 67796430 56514578
25 26 97869488 61641610
26 27 95309895 82022195
27 28 49664004 43625923
28 29 48415412 70666678
29 30 18469767 54775060
30 31 93743633 48360035
31 32 84154498 81136395
32 33 56817079 90400170
33 34 37316930 61895052
34 35 872716 60816977
35 36 72346773 17969216
36 37 26230993 42913485
37 38 87338112 58269701
38 39 4233962 53413897
39 40 31932062 66008763
40 41 28475637 19732460
41 42 88662827 13702878
42 43 43671395 14718149
43 44 99996053 8841470
44 45 26326123 90066158
45 46 58743556 13334602
46 47 295093 13487705
47 48 18792959 71900986
48 49 6701627 93944487
49 50 93626659 93530310
50 51 14682520 99284371
51 52 97406543 98783507
52 53 92519968 95239895
53 54 97846044 13949869
54 55 11210432 39740578
55 56 48998201 57247072
56 57 63441883 64546926
57 58 63071404 31439478
58 59 35273377 55191804
59 60 52044475 82502689
60 61 82286950 6609408
61 62 90632089 65514692
62 63 49342242 17892314
63 64 39081012 86351947
64 65 20213710 60420176
65 66 34681856 74124546
66 67 93437944 20940792
67 68 28703184 68187131
68 69 67815652 78447554
69 70 87908657 7099569
70 71 42253602 96892385
71 72 4325259 46675506
72 73 40112498 25106085
73 74 85995630 62215772
74 75 52804487 80683691
75 76 73312362 89802910
76 77 31820826 23046641
77 78 75545614 17927980
78 79 20752623 5872467
79 80 44716318 42076206
80 81 97720852 34727865
81 82 41771851 53641472
82 83 3689799 84017134
83 84 19382523 93006438
84 85 60193323 20127839
85 86 19521174 56387061
86 87 36393932 6753382
87 88 23650325 9681660
88 89 3348705 28804880
89 90 36938104 5022590
90 91 86340164 8957793
91 92 21891890 62663386
92 93 26371824 49453974
93 94 90464131 77684639
94 95 41970733 3192111
95 96 26136709 23886201
96 97 62923342 90993863
97 98 40131560 39692363
98 99 75216281 73571793
99 100 60729730 93333662
100 101 50705985 13214371
101 102 57307297 59856350
102 103 98212266 64202104
103 104 78188842 67782191
104 105 5794673 20823294
105 106 3418161 47470383
106 107 39678609 21016080
107 108 37375650 69590545
108 109 65163654 5221192
109 110 47006098 79586452
110 111 41682296 16067031
111 112 23367675 74425567
112 113 56559890 88730277
113 114 44681973 51128795
114 115 16715539 6033143
115 116 34957967 92499766
116 117 56287039 48640895
117 118 97602618 41941706
118 119 98823689 64207063
119 120 85537225 55384037
120 121 91365180 13633536
121 122 73611440 48518821
122 123 38988671 91609339
123 124 25558354 24269005
124 125 99977166 5912416
125 126 16024472 30944107
126 127 58631112 90900116
127 128 25001413 51745521
128 129 91907069 4465332
129 130 64151410 90803401
130 131 73791991 45122342
131 132 47526565 41617904
132 133 17729131 40467410
133 134 34723408 76523902
134 135 420592 41544917
135 136 50832969 67217579
136 137 89243282 69530817
137 138 26526351 55209925
138 139 51069140 61446209
139 140 84406078 9385675
140 141 44944722 2020241
141 142 8779628 13485561
142 143 56999197 62559692
143 144 99540632 70425946
144 145 79422489 36614828
145 146 18964656 99404421
146 147 80543558 98223789
147 148 12210367 1904469
148 149 13932449 22592539
149 150 4139847 14597018
150 151 32114620 38189508
151 152 52908298 40127639
152 153 48995523 66973915
153 154 73443434 27265857
154 155 39405938 52092280
155 156 53375368 54492650
156 157 41270699 69159251
157 158 10425532 15595735
158 159 10769144 587496
159 160 62171013 36230109
160 161 62855286 64902021
161 162 49628465 29098794
162 163 8441424 2051540
163 164 52898492 68366463
164 165 21995636 90359910
165 166 50191088 81868364
166 167 15658156 71723397
167 168 65765089 9121928
168 169 84607921 89587221
169 170 11734713 46846556
170 171 40573750 32160125
171 172 88656161 2549937
172 173 71322133 96089204
173 174 57244057 87657735
174 175 71039214 34418150
175 176 40119432 6820569
176 177 88601935 69765060
177 178 30887423 39105436
178 179 49505996 83766660
179 180 2539023 86993141
180 181 7916032 74991227
181 182 85805236 10883422
182 183 5039588 49835041
68 74 170 113 68 121 77 179 112 95 161 178 138 157 51 132 3 13 134 105 42 179 92 170 65 73 164 16 109 18 128 71 38 138 128 135 109 19 140 168 69 113 31 52 70 32 6 115 38 108 92 5 92 83 183 76 110 173 107 41 151 182 164 62 99 94 142 148 109 178 134 76 103 52 54 163 25 24 95 125 45 145 19 28 161 28 138 87 147 83 164 171 90 117 86 81 89 171
40 67
184 106
1 2 63052212 87059090
2 3 77126177 84222052
3 4 91876636 54564644
4 5 57906113 23416316
5 6 86942670 51671415
6 7 56596288 41801068
7 8 31862954 94977830
8 9 19503243 50799435
9 10 5879075 56490569
10 11 49889023 15088971
11 12 54944856 46455630
12 13 23556753 19905187
13 14 72508252 80074841
14 15 30693783 15671359
15 16 43458531 86338283
16 17 4044326 39549962
17 18 6547030 28995494
18 19 86403399 58923297
19 20 6109229 71119582
20 21 71704491 39920993
21 22 6179610 32089776
22 23 1435420 48799081
23 24 10391391 75431343
24 25 17013929 52457583
25 26 49562584 53130352
26 27 35069253 37203998
27 28 2280684 26483574
28 29 46110587 50526042
29 30 1177128 51735739
30 31 73470834 40769146
31 32 39236694 21568566
32 33 54815347 84750478
33 34 92493345 49781237
34 35 10854492 63971854
35 36 32339260 99113894
36 37 11669678 48374696
37 38 97420298 13250462
38 39 90746778 93142958
39 40 5494698 73213458
40 41 37049350 31006753
41 42 83956138 79332816
42 43 12132462 97783367
43 44 84910089 37122110
44 45 60193619 24087817
45 46 7981256 27933124
46 47 16558387 67375545
47 48 66034130 17944591
48 49 85904706 26218729
49 50 27039293 92542029
50 51 3262069 59777410
51 52 48099462 24776965
52 53 9931130 45921710
53 54 52582780 41275665
54 55 49537288 13032782
55 56 16906084 37361492
56 57 45714670 27247900
57 58 920232 85500621
58 59 70737689 41187175
59 60 16182134 8313158
60 61 36211265 56368151
61 62 10833045 40874958
62 63 82982585 59782024
63 64 34162450 47174554
64 65 71449407 80536350
65 66 7217114 38850010
66 67 32182894 91053166
67 68 65834260 1369853
68 69 83337558 3936006
69 70 13774223 25539465
70 71 85158568 76752990
71 72 39744003 21027755
72 73 36469138 5314252
73 74 62687114 4778862
74 75 69588518 63689807
75 76 2672648 33436188
76 77 10720661 645281
77 78 48106928 20022231
78 79 76667559 85595095
79 80 70862495 90977018
80 81 80553617 60890939
81 82 82279882 45249899
82 83 9821723 20495026
83 84 76620626 56139221
84 85 46899096 9036197
85 86 86175115 31947838
86 87 2562898 82352554
87 88 84504274 32760220
88 89 65075615 30990086
89 90 13447041 86354807
90 91 48907060 18682711
91 92 31190974 78746804
92 93 28142741 27793128
93 94 65613131 38833701
94 95 52094450 51228897
95 96 14813593 13698935
96 97 72441279 29491693
97 98 80834284 36297263
98 99 10397534 22957578
99 100 86602871 31420214
100 101 14943556 85144210
101 102 10007732 34988220
102 103 63025297 42903669
103 104 33848300 13979137
104 105 77226132 56864829
105 106 90855707 16107069
106 107 68438200 86796579
107 108 51568003 13260996
108 109 25118514 56212670
109 110 59834416 69521279
110 111 51411779 36069325
111 112 86723009 47594940
112 113 77424440 27155557
113 114 63625943 49127142
114 115 10628989 70175397
115 116 1350326 50068397
116 117 53468835 38067783
117 118 7957917 68319539
118 119 80151626 36146021
119 120 89210628 43616861
120 121 20860890 67124022
121 122 84109470 32008934
122 123 13864618 50635379
123 124 56500957 32025456
124 125 15272347 35784902
125 126 68480842 6120096
126 127 31103477 23170585
127 128 74020217 51165015
128 129 64256814 35186101
129 130 63028824 75684065
130 131 337979 92595455
131 132 65224609 57758226
132 133 92820723 85623168
133 134 15703032 26767080
134 135 85694306 59257269
135 136 58315929 47369300
136 137 73682248 290193
137 138 44520193 42262932
138 139 20759507 58285509
139 140 2520611 42017598
140 141 36223861 49004827
141 142 89112651 97657377
142 143 75371718 90286152
143 144 12818645 87247095
144 145 57061137 76034339
145 146 60033282 76659278
146 147 30175279 18737272
147 148 95759427 12745592
148 149 23348209 71509101
149 150 49239934 63470037
150 151 53483563 53719340
151 152 55361372 43077033
152 153 22591984 32727054
153 154 54314655 71599791
154 155 87342563 77838160
155 156 79219110 54890248
156 157 20342795 62266743
157 158 24505480 87087681
158 159 60459967 7635813
159 160 91579328 26535966
160 161 92656157 44700648
161 162 56727335 13781217
162 163 14641589 3615798
163 164 20651181 97041919
164 165 10735189 20200134
165 166 47577 86719023
166 167 77639187 34233374
167 168 83025856 2053889
168 169 94390236 17186365
169 170 25514062 42400359
170 171 32765191 80053006
171 172 14389521 34191055
172 173 20158578 93550995
173 174 98476257 84494004
174 175 78810951 64558390
175 176 50039336 41677780
176 177 19654543 58132794
177 178 42331831 41264049
178 179 86184751 58244325
179 180 2925321 18915726
180 181 15529549 27855939
181 182 26142665 23079201
182 183 21757320 58584418
183 184 25732813 82065738
68 69 110 139 23 147 110 33 174 179 79 117 42 114 23 51 71 108 175 26 131 139 24 43 73 181 52 130 92 111 39 45 74 153 149 10 25 114 34 39 47 17 127 141 86 120 97 172 44 114 137 103 149 98 55 100 45 98 99 37 133 112 66 177 57 180 158 178 180 28 123 68 152 120 139 69 36 115 58 61 85 148 61 57 118 105 138 86 16 9 55 21 96 128 131 12 15 147 94 179 157 148 62 35 119 125
86 42
193 152
1 2 99305364 37346139
2 3 38481061 32480557
3 4 94668022 90978340
4 5 48716764 36248918
5 6 40786658 51567078
6 7 81766281 69430415
7 8 28329289 40887172
8 9 58956313 30336380
9 10 84213279 82787533
10 11 85484620 20969348
11 12 80622365 558636
12 13 5220443 72255734
13 14 98266495 67849863
14 15 65452290 11739448
15 16 20523099 60787081
16 17 74282218 15802152
17 18 94754540 86029667
18 19 10977204 30373991
19 20 10487804 17408817
20 21 58051206 13172150
21 22 60986953 44983526
22 23 77739776 65928978
23 24 69472876 79197935
24 25 2465038 44380249
25 26 45637590 22471433
26 27 52978702 67338201
27 28 25064198 77228220
28 29 1523048 23118062
29 30 14030246 12999024
30 31 75659344 21822535
31 32 79781234 84520641
32 33 98532573 50284915
33 34 17754400 80001885
34 35 20430596 11268241
35 36 1147198 30505983
36 37 83274747 17433017
37 38 12050674 84662302
38 39 54113808 71640489
39 40 56224641 62626925
40 41 60068101 96305999
41 42 20627574 94368634
42 43 75828047 8648389
43 44 77298438 39267720
44 45 33848227 84290212
45 46 56292830 68131841
46 47 85011620 18742229
47 48 45036477 23238273
48 49 44957231 98513207
49 50 11286572 37297035
50 51 53989593 71429293
51 52 61760108 43182246
52 53 86694312 83940166
53 54 38594383 31567122
54 55 16444385 77246345
55 56 68928435 90694544
56 57 68950335 29546734
57 58 99900808 26079351
58 59 55954150 2246025
59 60 15982208 59320390
60 61 71030061 65014730
61 62 33210343 98340414
62 63 61684740 5054134
63 64 95889181 18855848
64 65 3694743 60024586
65 66 67760577 84317515
66 67 78386010 60827272
67 68 2628247 50881741
68 69 38086381 86081128
69 70 85439605 30520333
70 71 70753763 86524477
71 72 79662478 51866974
72 73 87884913 29967210
73 74 65028286 63555895
74 75 70875516 28535978
75 76 63357045 83595493
76 77 94380725 9425496
77 78 22560264 21836710
78 79 38946646 42097918
79 80 20035251 2543403
80 81 16057151 8416445
81 82 65825570 88284841
82 83 54657237 15444708
83 84 61395803 89160278
84 85 37795993 46958320
85 86 8600957 86425419
86 87 86764583 12230040
87 88 41734466 28115839
88 89 73747625 44342664
89 90 39879871 57899835
90 91 92623804 91124712
91 92 18031901 18283280
92 93 52120635 15882755
93 94 5765173 66709527
94 95 58728838 80223410
95 96 20745641 44761543
96 97 67243163 48056882
97 98 13031876 98431321
98 99 42239551 25630768
99 100 26369651 82690496
100 101 54510552 8711203
101 102 83693412 39442591
102 103 36689605 37846934
103 104 80522511 6524531
104 105 65148851 81878719
105 106 64327363 96068578
106 107 60497310 76223830
107 108 50927816 14944639
108 109 68610917 57263036
109 110 15326271 53470123
110 111 25975041 24636689
111 112 62579414 52165907
112 113 70640328 31034496
113 114 87028243 49764004
114 115 86702989 37104332
115 116 26810570 93451799
116 117 95558929 14805041
117 118 11996737 28283950
118 119 42376722 93141029
119 120 20308479 69867154
120 121 483757 72140844
121 122 24980629 23605132
122 123 47729151 54810431
123 124 21981437 83160788
124 125 59048872 90601484
125 126 2777980 5299974
126 127 92094709 68473227
127 128 97571114 80975381
128 129 75368321 56904174
129 130 15907199 30169177
130 131 79294541 32508734
131 132 97200010 12152734
132 133 36583841 7187880
133 134 60852497 87971995
134 135 53713609 64807678
135 136 70772315 71067992
136 137 68576537 23833441
137 138 68995294 90395321
138 139 95589603 91249780
139 140 55440563 93537309
140 141 98300659 17409796
141 142 43633580 22154610
142 143 64239902 35474598
143 144 96458975 49796718
144 145 88168610 96183286
145 146 86056323 15579251
146 147 80025862 44003274
147 148 77689913 58636632
148 149 30350543 67193552
149 150 84029580 22603580
150 151 79782397 19388789
151 152 10724571 4176517
152 153 79598 33733486
153 154 27804874 79112950
154 155 84549073 64476420
155 156 71708793 52225673
156 157 76489827 40179916
157 158 62011464 66884128
158 159 9442633 86191178
159 160 54759975 87973159
160 161 16354220 24548085
161 162 57207106 94045661
162 163 87212777 3059495
163 164 61314260 67661416
164 165 11701391 94523709
165 166 78837838 79472620
166 167 72870128 63899018
167 168 9791046 36583004
168 169 23176337 55808558
169 170 78150038 75945164
170 171 9908168 25847199
171 172 11462396 71149684
172 173 61122525 40043099
173 174 46961850 70125879
174 175 77925108 79409736
175 176 86939868 56769269
176 177 41753504 44986863
177 178 73860246 9965715
178 179 49688443 70149328
179 180 15438236 1743718
180 181 12378011 53781296
181 182 47549404 86566356
182 183 13370405 83544072
183 184 30991633 79979593
184 185 30626545 53749049
185 186 80124421 24069649
186 187 12541001 89247498
187 188 29848770 13766784
188 189 61989791 91323950
189 190 28564279 1991891
190 191 5051958 33098438
191 192 66343390 51012288
192 193 3067538 68373677
31 27 161 61 144 2 16 3 94 133 119 146 82 101 142 78 182 99 7 187 183 158 152 97 58 51 186 89 20 104 66 61 134 121 132 150 51 23 94 110 15 124 163 174 9 170 180 86 167 107 147 96 52 35 8 56 114 43 95 116 128 47 165 34 121 111 188 176 173 178 35 57 87 99 182 34 21 133 162 149 54 146 30 90 27 40 65 145 137 171 115 103 57 188 58 151 107 8 158 147 24 168 177 32 124 131 114 68 100 80 64 142 59 166 20 73 117 191 102 72 18 47 131 15 29 88 165 12 119 58 117 78 181 64 52 40 8 22 97 115 190 52 51 166 141 3 170 83 56 107 100 59
45 6
51 68
1 2 42486127 19338321
2 3 96964590 9970083
3 4 31498034 36140278
4 5 58682373 82555443
5 6 45382625 42509866
6 7 73969636 42029199
7 8 25231995 99447801
8 9 15149635 94862872
9 10 80632882 39117977
10 11 68236407 81753843
11 12 40864063 90146465
12 13 90044811 5849742
13 14 56688716 53536957
14 15 88624863 55465866
15 16 90796213 24344755
16 17 62735124 56420286
17 18 88698786 23581434
18 19 75683343 5156064
19 20 77348644 31496848
20 21 36730344 91717492
21 22 85144214 56546066
22 23 78055853 9967883
23 24 31404242 72141232
24 25 34591019 14524706
25 26 80725429 74994731
26 27 58755616 17760507
27 28 22844674 42899350
28 29 25130849 39468062
29 30 54263670 27817219
30 31 6392842 59332447
31 32 21719875 10744960
32 33 2258212 30708072
33 34 93894342 74783648
34 35 34740488 6940021
35 36 73099170 34400923
36 37 79168329 55332918
37 38 2275502 231836
38 39 31288076 31430693
39 40 60347267 77398951
40 41 3249108 9934455
41 42 16359677 80798391
42 43 76284968 28816131
43 44 96828967 5704303
44 45 66144498 95549044
45 46 12654051 27984471
46 47 32665390 49521550
47 48 29863233 26670223
48 49 25311777 43131931
49 50 28788821 21594611
50 51 81922160 34018292
13 25 17 1 6 19 8 10 50 39 17 12 31 33 45 46 32 38 31 43 29 20 10 44 24 39 2 28 29 36 37 22 8 32 44 36 34 31 39 21 29 45 50 3 35 40 7 31 28 47 32 48 9 2 26 6 48 29 49 12 22 51 9 25 2 19 12 9
12 4
143 53
1 2 57470571 76159739
2 3 35176181 24883042
3 4 14173805 75988460
4 5 53259204 47185305
5 6 51290749 76825865
6 7 81792218 7404874
7 8 6480775 92613170
8 9 92984453 44676015
9 10 86181511 42680488
10 11 77161910 83852902
11 12 88485937 78323808
12 13 52234159 81100217
13 14 60108878 19925516
14 15 25961729 75343928
15 16 49456669 84323714
16 17 49317638 55023574
17 18 76341131 27961266
18 19 38652829 89391161
19 20 35592700 19871301
20 21 70741285 69870419
21 22 20679711 98401462
22 23 17750985 17571408
23 24 49554637 71747521
24 25 58143867 32000714
25 26 39029828 53275693
26 27 49139826 38917874
27 28 10817260 63437043
28 29 5291817 1013871
29 30 89242141 10747954
30 31 91513452 86116731
31 32 88074929 77546736
32 33 78990623 37384612
33 34 66188141 34145024
34 35 59395556 33134282
35 36 70545637 88008386
36 37 16905158 17184785
37 38 63352024 4926108
38 39 61080060 64338759
39 40 98308444 12368247
40 41 82185774 99945823
41 42 92627208 4983205
42 43 64840841 38224224
43 44 40654696 83469927
44 45 82243314 40306047
45 46 52429177 53213636
46 47 41704107 50503437
47 48 80198669 5398872
48 49 14397932 60741455
49 50 69419442 97144329
50 51 5612848 81308628
51 52 50254685 46346777
52 53 43236177 36523025
53 54 45394159 93093873
54 55 72001491 60346935
55 56 51698262 61935622
56 57 25038820 44610345
57 58 74641301 58446151
58 59 83844186 32047664
59 60 49331726 52711383
60 61 10988121 87790952
61 62 82663262 22138847
62 63 34543185 21246272
63 64 25709055 11995602
64 65 85072160 66970875
65 66 48352110 8463304
66 67 94070033 65997707
67 68 49001033 76826040
68 69 13968972 31284454
69 70 96012264 31422753
70 71 27913064 62742362
71 72 86715189 97294983
72 73 87989537 19043567
73 74 34604160 89176434
74 75 21818010 76380552
75 76 75153535 12328819
76 77 94759482 3947559
77 78 76110025 19491808
78 79 1673742 48171213
79 80 24354971 87530432
80 81 38255484 79690733
81 82 69037438 17973620
82 83 34667317 60394419
83 84 54717230 26222768
84 85 30925412 7145447
85 86 86269279 62873471
86 87 62057807 23747213
87 88 72046237 2619804
88 89 73070947 97557748
89 90 93164716 6646856
90 91 89267488 69504171
91 92 45826976 81581189
92 93 51504299 92758408
93 94 82820676 9081100
94 95 84377756 22073793
95 96 43361055 42104831
96 97 5902151 45059122
97 98 23166103 81052728
98 99 86345635 53862832
99 100 35970676 48736647
100 101 77627528 69852234
101 102 9292297 94977731
102 103 67036606 22368453
103 104 28130664 5306081
104 105 60016576 33357179
105 106 78639918 67293930
106 107 60010416 86662443
107 108 29172831 44672625
108 109 9719150 97996513
109 110 58577580 696720
110 111 8477004 60570215
111 112 12648025 1884528
112 113 91209774 49822268
113 114 15410829 58535304
114 115 73135267 46116638
115 116 50589816 80138106
116 117 37088508 96793503
117 118 53366092 54189523
118 119 21917584 17610064
119 120 28962720 41182451
120 121 50197085 89293529
121 122 41599439 85566708
122 123 20780014 64343388
123 124 30346586 83932002
124 125 45405792 19602847
125 126 28628022 50183861
126 127 92231563 26480835
127 128 56503500 98223464
128 129 15474473 13684602
129 130 433947 65169266
130 131 92886430 81635461
131 132 59993899 48520369
132 133 43843264 34839149
133 134 19913292 56080018
134 135 1335055 83770564
135 136 50353112 74407702
136 137 99923684 91657176
137 138 53335449 18664897
138 139 90784983 71832591
139 140 23374505 39507637
140 141 4842951 70433161
141 142 60882404 63760498
142 143 27729651 40343438
24 42 48 51 116 118 11 31 29 122 37 78 131 59 37 9 113 47 21 9 111 21 77 93 130 104 140 118 35 6 104 120 58 76 11 83 72 91 68 139 63 126 37 112 16 121 116 5 138 123 78 8 5
98 40
76 49
1 2 35270818 32734341
2 3 70553175 16476205
3 4 39193999 29436767
4 5 69598480 61922184
5 6 3658684 44558352
6 7 8216149 21150528
7 8 72645478 62780892
8 9 6399059 95762536
9 10 95491309 38691314
10 11 72558830 66396643
11 12 86723705 55696750
12 13 46744024 79050382
13 14 68922645 65916715
14 15 58242065 88524227
15 16 16158178 45952556
16 17 88404740 1018418
17 18 71911179 65682792
18 19 38036029 44240042
19 20 27684439 61076984
20 21 4171786 19680611
21 22 9324591 40695256
22 23 89548214 97224349
23 24 95361664 13959429
24 25 15907105 97561361
25 26 14768621 67710086
26 27 24736975 98337596
27 28 39104299 44075876
28 29 3146210 20879647
29 30 26380197 94618364
30 31 51453845 78951598
31 32 77205403 79579364
32 33 10476662 94993584
33 34 98759213 78887820
34 35 77800782 27505923
35 36 52308838 12301983
36 37 22506176 92121049
37 38 75512985 55321312
38 39 35437016 60581144
39 40 76618594 95091582
40 41 10043058 10058102
41 42 52021971 30276493
42 43 48054446 2807571
43 44 75096731 26252990
44 45 66018681 56001443
45 46 66856281 61291071
46 47 16645917 63558390
47 48 57622798 2391238
48 49 26714878 23218470
49 50 57105787 92010423
50 51 9085899 34497176
51 52 71582718 7284359
52 53 69508833 16298908
53 54 25309701 33669094
54 55 30117649 67880892
55 56 92892328 75308201
56 57 60608864 48479167
57 58 27986862 6129646
58 59 14407813 19653858
59 60 97055712 46906184
60 61 74015959 51896275
61 62 34495671 64326609
62 63 70096303 76231335
63 64 11269788 27902782
64 65 85458264 59185731
65 66 24554985 69737599
66 67 82088112 4631007
67 68 87163247 90800094
68 69 16631781 29738734
69 70 82384379 69439478
70 71 42759000 48830621
71 72 48157508 42004261
72 73 3446793 2043866
73 74 21391781 40676749
74 75 47310515 49485099
75 76 29252144 36233611
54 32 12 49 35 24 33 52 21 76 1 37 32 42 44 1 73 76 65 58 73 1 44 38 17 41 1 47 52 35 69 25 42 75 34 70 2 10 39 3 66 42 2 39 66 43 56 27 70
15 41
108 170
1 2 12052965 67672632
2 3 22048684 79794281
3 4 18324533 55161185
4 5 5535159 51803182
5 6 627619 43770391
6 7 87728286 12254388
7 8 85338506 91103791
8 9 24244556 63464725
9 10 87902337 15970786
10 11 10160765 5207959
11 12 63736606 18448015
12 13 91563448 15089897
13 14 28538285 5467311
14 15 57005724 22109258
15 16 79438858 85367950
16 17 11439708 59897633
17 18 30507072 52510410
18 19 49715178 18922163
19 20 2279245 28540624
20 21 44616186 2494575
21 22 95579262 81084382
22 23 11399242 80021285
23 24 48162322 6993328
24 25 71908240 81102993
25 26 95402237 73510600
26 27 47885927 41385610
27 28 14624916 17729441
28 29 67639126 19271502
29 30 962815 12920145
30 31 61341164 71160662
31 32 39553642 48504399
32 33 97558889 78470230
33 34 25639681 45471699
34 35 13110671 10678441
35 36 83265134 16879894
36 37 56558164 20653007
37 38 78016936 70326853
38 39 29841992 91424603
39 40 66885757 1160489
40 41 57319824 47028086
41 42 67958206 74764387
42 43 27712747 1058801
43 44 47344310 3399032
44 45 38221832 99427442
45 46 40089727 45773561
46 47 57684861 89574040
47 48 62820611 56616439
48 49 70605972 63540759
49 50 16912838 9090740
50 51 58302290 3202850
51 52 48702970 40147832
52 53 40696657 31662823
53 54 89884138 20168631
54 55 45383967 4694987
55 56 10644478 16744075
56 57 15690767 88928690
57 58 28477505 61649834
58 59 23642900 24728298
59 60 21908929 79715950
60 61 83654680 85664257
61 62 59126801 61459356
62 63 86876086 73933489
63 64 32223355 80795377
64 65 78796856 55534554
65 66 50475093 45002045
66 67 48940606 46005103
67 68 61049084 67221045
68 69 98472491 61457224
69 70 54179885 14402919
70 71 89502170 84314641
71 72 87101647 8899370
72 73 25817086 45365478
73 74 64803488 77458101
74 75 51457294 43505004
75 76 1270888 83370869
76 77 49546266 61658932
77 78 1055369 99290299
78 79 77337562 48619572
79 80 48918217 54977167
80 81 12898927 26840107
81 82 76680853 24924340
82 83 33554258 58395267
83 84 75344914 1995077
84 85 64577269 93783920
85 86 84911658 93861567
86 87 60477307 67732676
87 88 91248676 62634593
88 89 48136594 4178283
89 90 93663448 86883418
90 91 86185189 72313242
91 92 61227663 8454165
92 93 33416644 76483159
93 94 66834985 95982357
94 95 76743656 74620690
95 96 6522165 74940157
96 97 13455040 48124597
97 98 51589530 93408194
98 99 89835654 85673155
99 100 82298470 85650251
100 101 26181254 85683311
101 102 72584395 99464026
102 103 1788105 98411689
103 104 88559474 231866
104 105 43454413 46063333
105 106 51457932 98034633
106 107 14935210 56515642
107 108 14712302 67678168
31 56 97 39 93 59 44 42 66 59 57 23 49 12 90 6 75 104 5 67 23 54 46 52 97 21 61 43 21 53 96 62 97 31 84 17 45 22 66 60 44 2 88 69 80 2 92 16 69 9 52 25 30 21 102 16 76 28 34 23 96 66 42 104 43 105 66 25 60 84 15 6 82 80 69 9 57 101 65 19 89 95 50 96 27 38 13 48 25 8 49 97 67 58 9 1 47 66 42 29 92 39 85 105 72 70 41 1 43 34 32 83 74 107 13 47 25 66 56 85 105 76 101 46 61 52 32 19 107 82 14 30 108 46 53 37 68 40 42 102 1 75 16 1 99 71 32 2 104 69 75 8 58 42 23 6 95 83 20 59 63 26 43 82 71 22 74 106 84 19
34 52
97 17
1 2 4548303 70952222
2 3 52748471 95153776
3 4 85246323 69494648
4 5 12365546 57519650
5 6 68650019 14056948
6 7 74041666 3277552
7 8 20769378 88351941
8 9 23613383 58819477
9 10 15034707 72394382
10 11 52249584 67684697
11 12 18163671 8338111
12 13 84148641 11278773
13 14 56863288 16675443
14 15 77920080 3854186
15 16 97795378 37329356
16 17 66642416 26585437
17 18 16648712 81461272
18 19 62842263 55678551
19 20 71225000 14710025
20 21 75213756 47484719
21 22 9534524 15036483
22 23 67009787 9600453
23 24 70824452 25798196
24 25 70033896 57703047
25 26 6185070 1476805
26 27 63158500 61042924
27 28 70871114 43647859
28 29 24759653 63877474
29 30 47856989 76380473
30 31 656683 58088775
31 32 97210701 6372469
32 33 25742720 38046515
33 34 28386756 91070289
34 35 15669335 73757120
35 36 74747154 29690426
36 37 22648305 91783052
37 38 64671548 69396594
38 39 33240961 47800518
39 40 37718696 1694495
40 41 84062203 93601726
41 42 77136525 36848641
42 43 43168307 59143995
43 44 57404045 44907111
44 45 78826180 22367438
45 46 46537374 82998279
46 47 17440432 72605864
47 48 75396139 24398861
48 49 4305153 70023223
49 50 43431388 93859729
50 51 87217175 57388233
51 52 36894109 47980826
52 53 11499558 82843752
53 54 93688713 41149486
54 55 94762333 14438670
55 56 76982775 93533613
56 57 75860808 9349508
57 58 68763245 36177118
58 59 83092462 61313914
59 60 56611666 71796573
60 61 32281588 42168231
61 62 62912414 75040720
62 63 18456719 33983480
63 64 10655035 76599857
64 65 63566972 808862
65 66 49681492 85470164
66 67 64015579 73746257
67 68 93936851 81025747
68 69 66239997 20730869
69 70 63114019 14410980
70 71 74599481 35546029
71 72 4871332 53375514
72 73 81528311 33218799
73 74 57367102 86135768
74 75 63342939 12568287
75 76 34395744 65994778
76 77 11125285 86176027
77 78 34800129 155660
78 79 77117499 92296913
79 80 15754586 41001010
80 81 25263852 25436332
81 82 19152166 74369651
82 83 55998870 27817179
83 84 2653953 96337987
84 85 79109636 59520712
85 86 83769256 67040206
86 87 57034837 4336199
87 88 37864513 85949699
88 89 96790640 46134765
89 90 27939885 88888947
90 91 92310737 74375443
91 92 53932124 42938850
92 93 68551299 29701065
93 94 86505865 94874638
94 95 60090745 94795805
95 96 86835707 97898151
96 97 52576820 48117887
13 87 33 72 30 60 39 31 73 57 94 21 36 19 66 44 57
53 68
138 11
1 2 89966527 49774125
2 3 86229172 62303512
3 4 11638863 72472951
4 5 21246413 21065725
5 6 95404668 29090435
6 7 98645700 89699201
7 8 64421358 77225161
8 9 82064531 61095557
9 10 41493897 48573711
10 11 6089590 53997571
11 12 56403480 56640449
12 13 86371846 45100460
13 14 86462393 75646092
14 15 63363607 13758190
15 16 82581604 19950837
16 17 19032452 58365418
17 18 43914117 14810025
18 19 43601238 63694850
19 20 13091727 96040971
20 21 92984499 27896864
21 22 43883556 60152382
22 23 44432746 57716920
23 24 2184275 19630185
24 25 71091681 53877565
25 26 40665197 20871300
26 27 25142242 41103142
27 28 29658546 81030696
28 29 76327329 18353189
29 30 11551879 15089958
30 31 5401048 16951494
31 32 95735524 9383385
32 33 4463051 40478404
33 34 13478742 74247213
34 35 53111671 10713789
35 36 93162398 28057108
36 37 37853073 34898928
37 38 10839735 66718336
38 39 94582239 86729225
39 40 17967670 74062462
40 41 13048172 42511736
41 42 37897250 2299492
42 43 30544916 23417941
43 44 84026297 98336699
44 45 43455437 53033172
45 46 77232996 14658381
46 47 67087823 4881062
47 48 92733699 50412748
48 49 62479455 97976142
49 50 57736158 15049480
50 51 65935818 82468551
51 52 77871370 19588763
52 53 19823906 26653066
53 54 596107 62359812
54 55 16445574 41158957
55 56 17484729 45506370
56 57 23452305 71959900
57 58 99881678 75571716
58 59 64729153 73302163
59 60 512344 85779010
60 61 6732404 20763914
61 62 98427107 91845876
62 63 39760954 10722020
63 64 18212804 5799295
64 65 31942735 66455655
65 66 82023966 85925614
66 67 8486571 52168461
67 68 88478530 15080167
68 69 28650296 38239340
69 70 48532000 24385554
70 71 17798316 15284729
71 72 56192740 1471670
72 73 10159850 61682507
73 74 71622557 35348488
74 75 23226223 60009364
75 76 86934602 19307789
76 77 12020372 63820397
77 78 87297478 97324949
78 79 18568197 42906533
79 80 35730914 48269872
80 81 51743295 12783784
81 82 32819325 66958813
82 83 78513683 71873636
83 84 8696235 69856370
84 85 33602525 89266833
85 86 37689556 7974745
86 87 6907782 4128247
87 88 22208346 36039611
88 89 51184304 93039505
89 90 90219962 34893880
90 91 6660547 53741566
91 92 72210034 52533103
92 93 38073758 58003155
93 94 4592010 87970950
94 95 70342192 67884658
95 96 53321390 58777656
96 97 12470014 3636049
97 98 6869492 48275280
98 99 43479540 45248414
99 100 57717326 78980007
100 101 26412150 81006491
101 102 12300362 53708759
102 103 43453976 61896507
103 104 54585932 55230755
104 105 60640407 23854221
105 106 78181628 23262083
106 107 5661906 78035348
107 108 92839067 16948622
108 109 12099976 25297975
109 110 96322385 92650052
110 111 86804076 40008231
111 112 61246170 26546400
112 113 73607228 94665017
113 114 84527348 8035782
114 115 65175485 24240692
115 116 62139364 41993703
116 117 92257787 30420041
117 118 72068749 17903040
118 119 43855924 69955925
119 120 69598246 46766304
120 121 23783965 9098707
121 122 54327939 68334399
122 123 20276819 84943219
123 124 62882058 92085809
124 125 96004450 81535186
125 126 79912846 80328594
126 127 98702130 69586089
127 128 82697397 61988559
128 129 80932279 87282171
129 130 71094168 78184756
130 131 81273351 83215455
131 132 20882245 69748184
132 133 96722909 98262243
133 134 34688091 66220825
134 135 80906097 28326223
135 136 45311079 79427858
136 137 16810886 53859830
137 138 36163557 63282507
66 47 106 35 7 137 86 78 11 130 81
127 24
119 94
1 2 79548980 1480901
2 3 76969631 7575706
3 4 3019300 71735228
4 5 77721438 86456268
5 6 95441160 26139794
6 7 45201137 63758741
7 8 63628833 68915204
8 9 65699866 34859616
9 10 89558446 14917606
10 11 86992924 97664778
11 12 90266383 6857395
12 13 42670592 93284804
13 14 93108279 57337692
14 15 11065719 90442296
15 16 7911702 91722131
16 17 36498640 2752160
17 18 12514360 74029726
18 19 43065110 5772866
19 20 60741014 96020667
20 21 11407383 58259724
21 22 15092669 56586840
22 23 76591057 10012473
23 24 64386122 96352835
24 25 42676125 64953684
25 26 24325264 88099505
26 27 50955603 36000528
27 28 72915926 50824581
28 29 26603344 19410390
29 30 15622064 66209670
30 31 52965365 70003832
31 32 13447771 99112479
32 33 10527653 34328202
33 34 64018803 71726
34 35 11071141 646963
35 36 26570334 64378805
36 37 92860856 7375220
37 38 81220780 48504649
38 39 57802315 92658024
39 40 31756929 4286440
40 41 42990248 44285518
41 42 50679004 20122620
42 43 17226530 65867499
43 44 76712190 59632802
44 45 38263447 29782037
45 46 2140514 70353967
46 47 84821644 45337725
47 48 2208947 1399808
48 49 37252656 36192255
49 50 57834216 74506766
50 51 22422984 16901570
51 52 93399798 9625932
52 53 91194015 13245090
53 54 56374855 88323997
54 55 8160161 64326328
55 56 11905319 74679646
56 57 73028231 98898894
57 58 5343572 41427887
58 59 509291 7583715
59 60 50115937 51142419
60 61 74469455 47104474
61 62 55957205 33269898
62 63 47141812 82437919
63 64 21140982 77487054
64 65 36968970 26571670
65 66 66750940 27630565
66 67 45261106 17701034
67 68 97026604 5138531
68 69 76858425 71516552
69 70 37305928 41213790
70 71 16257531 57599887
71 72 45086638 32614512
72 73 81349445 34490173
73 74 1656599 91971823
74 75 89065433 60417664
75 76 75930051 67341572
76 77 73872380 8548295
77 78 14605148 40894843
78 79 89965805 50910693
79 80 82138973 31530254
80 81 46407173 66203901
81 82 43327998 71476453
82 83 99940698 56823325
83 84 78151681 59151932
84 85 81747987 13888771
85 86 30731308 48342862
86 87 88187663 70500734
87 88 8628624 19923145
88 89 4328626 72072616
89 90 8287742 16206591
90 91 73919098 3547005
91 92 12075521 84574004
92 93 59695457 47524822
93 94 40833353 90634864
94 95 66244316 72431745
95 96 40908749 27691696
96 97 67828288 86556757
97 98 7072263 89857796
98 99 16676155 61091046
99 100 33082005 85884022
100 101 84698287 38775701
101 102 31207557 22607565
102 103 36036036 17410184
103 104 12316428 49415596
104 105 66046099 61336041
105 106 29956853 9852157
106 107 13474756 25728095
107 108 67641496 27455687
108 109 9518401 13064531
109 110 44174534 83526468
110 111 79048441 75252568
111 112 58001846 63812316
112 113 66540080 55967424
113 114 85396032 63770322
114 115 20013900 2845083
115 116 53546954 53106550
116 117 67819142 97915947
117 118 87804042 27924969
118 119 54979039 19388699
104 101 19 117 54 34 86 51 97 109 57 25 52 104 54 50 57 37 77 6 49 84 80 20 60 12 89 100 20 102 25 86 15 107 74 83 118 49 59 101 11 31 95 102 30 41 37 117 80 42 15 69 37 114 41 84 110 22 11 101 118 67 9 70 31 118 12 50 63 95 26 86 27 67 17 76 11 6 102 74 42 80 17 83 110 114 7 38 23 83 81 113 43 81
86 67
26 101
1 2 3965306 73349579
2 3 76514986 75965813
3 4 33660908 27292948
4 5 32115512 59187118
5 6 79568116 73182917
6 7 23311049 80361682
7 8 58948304 46074945
8 9 34537452 33165191
9 10 76011797 9985707
10 11 65997159 59270528
11 12 96818392 37206647
12 13 32897022 71251085
13 14 94897165 45789648
14 15 6193942 12853370
15 16 64102312 79045366
16 17 32964803 65584641
17 18 91848292 8289370
18 19 96023856 47193752
19 20 15959097 37058261
20 21 66272367 40807201
21 22 38716581 77796959
22 23 83165858 36626525
23 24 5284446 11783314
24 25 80768357 42919658
25 26 46883286 90907794
12 7 26 18 11 20 11 13 6 7 15 17 7 23 21 23 19 13 17 13 4 16 13 2 22 21 3 11 16 20 5 26 16 14 18 25 10 13 14 20 24 23 14 25 8 9 23 26 3 23 24 4 13 24 6 4 22 26 12 3 21 18 8 1 5 9 13 6 22 19 23 20 19 9 6 19 24 3 12 17 21 23 13 10 21 2 22 1 7 11 3 4 6 12 9 22 7 2 14 7 22
25 4
61 90
1 2 10436136 41882848
2 3 20196262 2549
3 4 12895952 29512371
4 5 47721877 52802576
5 6 46872515 84062284
6 7 32965997 55314173
7 8 36003049 14577472
8 9 32523026 52907095
9 10 30826682 77008880
10 11 80002530 20344181
11 12 19257998 65808238
12 13 49197442 97674719
13 14 94779100 68336417
14 15 52425977 17871641
15 16 23415375 99657435
16 17 88545395 89506155
17 18 58428464 80114452
18 19 42706211 83306413
19 20 92707366 45391608
20 21 64215303 49866797
21 22 67495960 73389040
22 23 31589048 72098629
23 24 21038992 33219580
24 25 52010430 1231424
25 26 3341102 82577084
26 27 11125783 99358474
27 28 55832170 30201674
28 29 99150308 80403941
29 30 68194311 92259131
30 31 84345802 44673162
31 32 31435995 45295560
32 33 79509822 9672949
33 34 13503998 46922707
34 35 30356752 36299819
35 36 29538188 52739690
36 37 18733940 45644648
37 38 89344126 62119852
38 39 38382122 80151066
39 40 55978008 97498123
40 41 41223452 64090846
41 42 33173555 48850062
42 43 49795996 20380375
43 44 98995270 42749004
44 45 57038905 83448104
45 46 71246399 37318847
46 47 71181907 88856329
47 48 52359135 4611996
48 49 42927774 16740659
49 50 58054373 26943948
50 51 8023679 21722992
51 52 32548926 23109966
52 53 36388198 38184218
53 54 67862315 86419651
54 55 43981633 72896761
55 56 85534794 63202850
56 57 53256460 29862255
57 58 15015921 75162739
58 59 76057916 96399227
59 60 22631405 65635687
60 61 31870864 62405045
49 16 41 46 6 41 56 33 25 50 45 5 16 35 23 4 32 58 32 46 58 51 43 37 11 1 29 39 23 36 32 13 28 48 39 14 35 38 26 44 30 17 30 38 52 49 5 58 4 11 9 4 31 22 12 16 4 37 11 58 56 5 58 11 45 15 44 53 32 35 55 39 6 56 38 45 3 41 45 14 9 46 38 23 56 52 4 37 45 30
21 6
164 54
1 2 91912157 91150417
2 3 42982920 5898098
3 4 48258252 59372363
4 5 65162743 81878503
5 6 34768107 18052512
6 7 17529747 27978949
7 8 44955071 50414475
8 9 90059690 71437753
9 10 92061617 82221182
10 11 97416880 81879447
11 12 34835154 17897
12 13 11078317 88285309
13 14 7908017 29529583
14 15 32642791 14704432
15 16 19971881 51278728
16 17 63843749 25362647
17 18 8014025 43156037
18 19 85635709 74920823
19 20 14175574 87106466
20 21 28330331 72144332
21 22 20548344 65495240
22 23 70977485 28280346
23 24 78968355 95804225
24 25 66101955 55137720
25 26 67413932 66723222
26 27 79238995 64995030
27 28 65008761 73105190
28 29 47807417 51121294
29 30 49751653 41583336
30 31 50046700 60451353
31 32 69238377 64802797
32 33 61740062 5829713
33 34 87297575 92107357
34 35 61579125 62041378
35 36 20113964 78516407
36 37 48169084 97398441
37 38 23674035 15330021
38 39 75700237 4291621
39 40 51639472 93384963
40 41 10529019 49761158
41 42 83334948 45424136
42 43 97061967 33004353
43 44 58775929 92978857
44 45 71527527 15526971
45 46 51023908 14288461
46 47 27519054 23198652
47 48 32888065 18616597
48 49 23866120 13829915
49 50 304275 18918947
50 51 60004906 8966916
51 52 97566518 67530940
52 53 71869403 1242151
53 54 20664038 14207254
54 55 71130109 61556619
55 56 9693506 83744791
56 57 88619439 6904953
57 58 79249501 86716764
58 59 34498530 68478599
59 60 38533136 73811352
60 61 42272966 72337190
61 62 92381388 69610579
62 63 79468372 20666273
63 64 87864401 18384656
64 65 6081625 7035208
65 66 38523610 26244111
66 67 77098191 64491341
67 68 89126086 19313171
68 69 85142212 62913253
69 70 90950199 42425184
70 71 56995977 25981539
71 72 8360631 40503256
72 73 65319996 70474761
73 74 34797920 553864
74 75 20935443 27814548
75 76 53115123 39537756
76 77 80717212 62440059
77 78 95406025 73112976
78 79 97254751 54462214
79 80 87264777 99989834
80 81 14324473 14726875
81 82 27265923 90818702
82 83 61736294 19338357
83 84 44967592 53882417
84 85 80675841 12062315
85 86 81822291 31774419
86 87 43621994 94359639
87 88 17435389 18210325
88 89 1277487 79653198
89 90 15646064 92783917
90 91 64937794 2653338
91 92 10813002 47389812
92 93 34543186 55881073
93 94 4796314 47916180
94 95 26608965 95017053
95 96 96364954 44895973
96 97 65010375 30534779
97 98 49383046 13629895
98 99 71407947 68815820
99 100 82508127 33785325
100 101 47596880 76712670
101 102 44706300 22005891
102 103 7425191 16418664
103 104 80495409 32973399
104 105 86846333 50394587
105 106 47408571 88492941
106 107 82096691 15655324
107 108 70698910 16526112
108 109 44537699 37148521
109 110 64160729 94056706
110 111 87482249 52960695
111 112 93686837 11373726
112 113 46396265 52552740
113 114 64337772 74733337
114 115 62755993 73089362
115 116 94901626 6228117
116 117 10999109 51714597
117 118 95865765 20424719
118 119 40222957 84885731
119 120 39243804 40132807
120 121 81467582 32804908
121 122 50752497 65534307
122 123 14681273 71576006
123 124 96019339 71309341
124 125 31982304 89185452
125 126 63919732 25623075
126 127 46415642 11349561
127 128 75958073 92647326
128 129 2822446 73583012
129 130 72186451 88067391
130 131 9821385 40332722
131 132 392797 12231699
132 133 27107057 32685275
133 134 20228224 10457598
134 135 95806994 84349371
135 136 72554551 25467310
136 137 19093228 74584842
137 138 55274926 96493533
138 139 35708944 56941677
139 140 44644664 2198038
140 141 76429363 20937775
141 142 32376896 2001901
142 143 4779683 54605220
143 144 10023751 46212522
144 145 71980060 3480407
145 146 186102 22542470
146 147 43445459 84476888
147 148 44224127 82334742
148 149 21853296 48458564
149 150 58431519 44708250
150 151 94602682 17591222
151 152 503127 5899933
152 153 97702136 71435381
153 154 51008559 38653062
154 155 51594597 30552788
155 156 90476647 56308917
156 157 69475835 92300877
157 158 84268059 54122384
158 159 9058275 2348745
159 160 1208632 69166741
160 161 52657950 15539871
161 162 65957656 48085248
162 163 47492055 32281095
163 164 75499939 22144865
43 84 149 42 25 53 63 88 160 58 146 70 121 142 22 26 42 45 79 100 141 16 7 92 157 83 84 97 102 125 118 95 91 17 86 27 96 20 78 57 95 54 13 164 22 133 135 137 41 79 5 94 132 92
81 4
160 77
1 2 15917164 22887114
2 3 81078427 34959515
3 4 60848408 72790067
4 5 253768 68738884
5 6 44539869 9077698
6 7 8218503 67832341
7 8 94837320 59194692
8 9 85994054 68403436
9 10 57470541 13991952
10 11 8070712 34081234
11 12 23988425 20612986
12 13 97621470 59146060
13 14 81067761 21497367
14 15 24252798 51583780
15 16 84988390 5706784
16 17 13215158 18737084
17 18 95333657 26875336
18 19 66919636 2875261
19 20 75457525 97559594
20 21 85225775 54608019
21 22 29943339 61368562
22 23 83113051 45936051
23 24 54595160 63495453
24 25 87756148 30642719
25 26 30071198 76879302
26 27 78012960 37100314
27 28 97991033 28933843
28 29 2043367 30375856
29 30 36867983 36711032
30 31 76723712 94900625
31 32 63439851 85891213
32 33 96910882 70599
33 34 73859490 33784032
34 35 29863248 71615227
35 36 33249604 84749054
36 37 41285798 99125849
37 38 30211840 62884046
38 39 3767999 26088368
39 40 62499836 91614058
40 41 57277600 27407090
41 42 92246336 43619140
42 43 25863852 62473223
43 44 85374207 64429725
44 45 76443610 83113260
45 46 10976669 2156352
46 47 20190489 69043312
47 48 95947521 81756450
48 49 2548178 50049279
49 50 76098009 49928031
50 51 63428812 48853958
51 52 48886061 41003595
52 53 62419170 84622224
53 54 32712584 66753005
54 55 42316936 79764253
55 56 8931390 11350082
56 57 43271414 717627
57 58 42113892 42027718
58 59 75584210 44840588
59 60 33897034 68808775
60 61 12442595 14480656
61 62 75454561 57487715
62 63 96463101 68113797
63 64 59654655 12497527
64 65 7484844 76209265
65 66 91580764 3700378
66 67 98298517 40435388
67 68 13225679 55129872
68 69 67317625 49833579
69 70 50108967 69480702
70 71 41561705 48090241
71 72 35732441 9256968
72 73 82307992 12070420
73 74 28157905 55628756
74 75 92210490 74678459
75 76 15020958 16646738
76 77 12273706 81994701
77 78 19665470 43960522
78 79 40486774 2077794
79 80 18870678 31857343
80 81 68975492 69707419
81 82 71330520 60866653
82 83 99839876 74083158
83 84 41007279 2871661
84 85 97222317 82167640
85 86 40391291 37169439
86 87 64228847 25241832
87 88 9787289 84734636
88 89 17075396 36229829
89 90 96560644 75907410
90 91 46954931 63192639
91 92 16078184 625312
92 93 8716001 86152374
93 94 45040016 77031483
94 95 76531563 52424793
95 96 6002694 58874769
96 97 36124561 63032960
97 98 95485205 397162
98 99 3628033 69914505
99 100 39341726 47542337
100 101 11546506 75442922
101 102 25002224 31762409
102 103 83531822 32480987
103 104 58983373 36175048
104 105 25523872 81207333
105 106 67831292 13676253
106 107 72725859 50780056
107 108 30094645 67578161
108 109 23524300 86371446
109 110 48758206 82379753
110 111 28005459 79926151
111 112 2395151 84025460
112 113 59155084 61016592
113 114 22765490 97028000
114 115 21506876 35973303
115 116 27820749 45491658
116 117 80617585 40508750
117 118 79304725 6424496
118 119 92965865 64022960
119 120 61032848 72344703
120 121 1571348 79938854
121 122 23430359 12426930
122 123 98521454 41795838
123 124 15200736 12760548
124 125 36733518 34584526
125 126 86842547 52455978
126 127 50266676 21084338
127 128 55431683 73789476
128 129 86280873 51689539
129 130 31520652 60120414
130 131 6732846 80770314
131 132 27883228 82061898
132 133 37015773 48216533
133 134 85443845 18338447
134 135 89236355 94792965
135 136 68150345 95065022
136 137 85145120 98534903
137 138 34074674 87216125
138 139 2662179 81915364
139 140 37549107 49459823
140 141 76125264 45024236
141 142 10144837 41371773
142 143 66733068 63227405
143 144 52443237 30685182
144 145 59906368 62491125
145 146 27372755 71531209
146 147 56758997 93399756
147 148 47060523 72107767
148 149 27591337 36032360
149 150 74493757 81462334
150 151 25826641 5352767
151 152 81802870 17435853
152 153 92843495 84253943
153 154 48884198 25184677
154 155 98673002 10785363
155 156 94144703 10136730
156 157 42077328 47517648
157 158 71449387 47078431
158 159 10839669 11341120
159 160 8087848 22308143
89 50 103 118 137 74 158 146 102 81 109 154 103 95 132 128 123 23 40 70 121 139 35 122 148 72 45 98 11 123 21 19 66 138 50 25 76 80 159 42 108 11 98 40 39 17 5 140 105 24 80 134 106 21 37 90 130 138 119 46 138 85 59 69 27 20 139 145 93 123 131 87 80 34 41 108 27
129 74
34 176
1 2 48277610 56057340
2 3 45192655 90676733
3 4 79665920 89467400
4 5 52523474 75662200
5 6 4947427 94990404
6 7 55397025 8365780
7 8 54595828 13148131
8 9 44560958 37140008
9 10 44643135 76482332
10 11 98345509 73006682
11 12 82528096 39223159
12 13 43015387 27841401
13 14 16030938 33394247
14 15 47549627 36321126
15 16 53489088 85933396
16 17 67663784 29377676
17 18 2591558 27582212
18 19 14883764 80406343
19 20 86250017 20310312
20 21 57589647 56084664
21 22 59909078 33832512
22 23 68334844 44182649
23 24 2769097 40281381
24 25 40743382 85704156
25 26 84905528 24589138
26 27 79097750 90159869
27 28 72460065 56302207
28 29 50284446 65028691
29 30 82854241 41139390
30 31 63452624 39443654
31 32 5231390 17985442
32 33 77085540 32303228
33 34 94533620 27829203
17 25 4 21 8 16 10 19 20 15 13 6 25 31 7 32 33 31 4 3 2 15 16 27 12 22 19 20 2 19 29 22 19 26 31 27 11 28 11 14 4 16 4 11 21 20 22 7 5 6 30 6 32 20 29 6 30 15 5 23 14 25 8 1 14 6 28 14 13 34 22 15 13 15 17 34 5 17 34 17 7 9 6 33 20 21 15 16 34 22 29 31 30 26 21 3 8 22 26 30 34 17 24 16 31 11 34 29 6 17 2 31 27 30 14 18 11 34 31 26 5 30 2 7 14 34 29 12 11 31 8 10 26 15 24 4 29 31 30 33 1 13 26 13 19 7 30 15 12 32 18 27 4 9 27 29 5 26 29 22 2 15 21 12 6 1 17 34 14 11 14 21 24 15 18 8
23 30
18 101
1 2 96842449 95886920
2 3 10692605 95546730
3 4 29093050 67415120
4 5 91880303 42699342
5 6 7196009 94816434
6 7 13215386 57477859
7 8 32040108 20840504
8 9 8949669 10987293
9 10 54609776 12020315
10 11 71665678 79047548
11 12 40915050 63894666
12 13 70350025 48098522
13 14 42601139 29777031
14 15 43058868 59128324
15 16 93202229 57832446
16 17 32453085 87227682
17 18 70986966 47242200
10 1 2 18 8 12 18 17 9 10 4 13 15 9 16 7 8 3 9 18 5 9 1 12 10 3 9 4 10 6 9 15 11 15 10 18 13 11 18 16 14 17 11 6 11 10 18 17 14 11 10 8 11 12 6 12 1 2 15 8 18 11 15 14 9 11 9 3 9 12 16 5 12 8 4 9 18 9 13 18 10 3 13 5 6 18 11 8 4 17 4 11 14 13 5 2 4 7 2 13 5
14 9
134 17
1 2 24356919 59190238
2 3 72775745 70812220
3 4 75222773 25136650
4 5 953199 25301218
5 6 77624467 79197101
6 7 27821407 43069278
7 8 11758902 36963667
8 9 61941679 58530254
9 10 79045776 95511217
10 11 82605543 12010900
11 12 68469396 55485151
12 13 92120355 28540599
13 14 44805590 74848739
14 15 15678360 12024870
15 16 39178542 21154939
16 17 31108630 33870329
17 18 88405095 70818894
18 19 48953751 4244913
19 20 67851234 19680316
20 21 15302959 20403522
21 22 38651919 90108039
22 23 45979375 88017937
23 24 64869341 84076640
24 25 25224763 81604289
25 26 43341045 92594696
26 27 17987021 90068530
27 28 31317106 45548335
28 29 42903287 86396631
29 30 30686889 40029631
30 31 24144094 47940966
31 32 35461945 11360975
32 33 1861627 39512272
33 34 71361948 88304222
34 35 61013019 30570200
35 36 34377878 83770833
36 37 26315296 88314196
37 38 38300069 50770013
38 39 19568255 40721904
39 40 23767835 97762781
40 41 39501205 99140885
41 42 11158532 71283302
42 43 71103507 38351170
43 44 24318590 59244456
44 45 99190366 74295638
45 46 101030 18231287
46 47 94593095 92806239
47 48 94144063 52490589
48 49 54274576 58194510
49 50 75656576 7542264
50 51 94560580 60128803
51 52 27017788 29814540
52 53 72721002 41617902
53 54 1675069 1622050
54 55 22747253 96196917
55 56 74785615 83044114
56 57 72542614 91765362
57 58 48487411 9420570
58 59 95043319 66654736
59 60 33425833 75023189
60 61 57876310 47000483
61 62 98994017 99545839
62 63 7406091 72253000
63 64 37709233 17626015
64 65 98502169 91486783
65 66 80204376 90490254
66 67 26711530 38243702
67 68 5671592 60888761
68 69 51753633 85713161
69 70 16839443 1135776
70 71 47086150 92021600
71 72 80810331 84572834
72 73 52795906 98071415
73 74 40769536 23678266
74 75 84522694 50128889
75 76 21235659 14792205
76 77 46946431 18276132
77 78 26730489 16268195
78 79 3595365 65191398
79 80 74064881 29782070
80 81 61918313 95539349
81 82 27458629 6404682
82 83 80501463 44051700
83 84 18680217 43369526
84 85 52059943 37968923
85 86 23741047 96903965
86 87 7577208 23961639
87 88 67262999 81471079
88 89 8896159 42003493
89 90 76518230 17656024
90 91 16779990 518141
91 92 68716807 50089989
92 93 785250 45111619
93 94 72771311 44523510
94 95 45581774 75953115
95 96 92407815 86676174
96 97 66625904 32534139
97 98 91949649 29719708
98 99 82222388 70715336
99 100 93432899 168720
100 101 43635193 61610911
101 102 44039972 84051794
102 103 35792411 48241713
103 104 63497353 82411063
104 105 59480014 48243226
105 106 6474865 39584815
106 107 48396517 66600998
107 108 42486567 44332294
108 109 91480298 71249847
109 110 56837217 30176740
110 111 38942730 61999295
111 112 36640952 4992582
112 113 79878943 71286974
113 114 20105389 50157459
114 115 25939080 25279312
115 116 73248647 69033497
116 117 13163401 55516462
117 118 3532109 84317016
118 119 57797788 27982310
119 120 15197418 45756828
120 121 1166701 7462861
121 122 16192246 29408248
122 123 38400945 28193811
123 124 64435566 29504153
124 125 30972073 73748263
125 126 64438535 51473223
126 127 6542658 2783167
127 128 80772819 24267837
128 129 64449078 69740133
129 130 47723284 5898016
130 131 78208066 41168158
131 132 33143345 47060074
132 133 90337873 10068502
133 134 39551296 54583982
7 90 132 110 68 95 51 53 75 127 104 21 54 20 34 75 28
5 118
42 166
1 2 74916224 62976926
2 3 1766724 75781452
3 4 76169140 65084562
4 5 47614119 24370121
5 6 15915013 6825402
6 7 13975849 43294890
7 8 92073665 15679426
8 9 36347543 11882949
9 10 86084165 74703846
10 11 28544654 14238968
11 12 8480867 14627337
12 13 53994952 51465780
13 14 78189497 60115471
14 15 5425853 1754249
15 16 24296874 65203270
16 17 13736500 10137188
17 18 10814313 43797746
18 19 76008745 68211602
19 20 50501807 53622182
20 21 18061435 56428161
21 22 165193 83456844
22 23 30371301 23033812
23 24 52765067 32140622
24 25 39439363 6425252
25 26 63127185 56914587
26 27 76913663 81452609
27 28 63853428 24638540
28 29 32640525 13360124
29 30 27477877 81578295
30 31 34213136 25861618
31 32 5207874 84203880
32 33 25187603 52100117
33 34 24244591 83219114
34 35 4645375 32513717
35 36 93957459 58083945
36 37 26676420 7647853
37 38 99007260 300158
38 39 10799273 79546550
39 40 61686971 33944307
40 41 19597069 39832272
41 42 95707097 37931156
7 21 29 14 6 42 41 10 35 33 29 11 8 18 9 39 22 29 22 17 22 6 41 13 11 19 42 5 33 27 22 33 22 35 6 41 28 17 27 37 2 32 2 10 4 33 4 20 16 34 16 30 21 42 9 21 7 13 14 20 1 11 25 20 37 4 11 42 3 21 6 38 15 22 38 36 9 8 3 18 23 26 14 40 9 42 1 42 25 10 18 33 12 15 4 12 31 3 26 1 25 40 27 15 39 21 28 33 14 42 13 24 23 40 4 17 19 26 17 18 25 10 17 14 39 27 32 3 38 34 3 42 13 16 26 23 29 30 29 32 16 38 14 33 42 3 14 36 25 28 11 34 30 29 25 30 29 38 5 40 37 17 23 2 8 31
15 39
139 87
1 2 34411932 84292964
2 3 75370513 9407655
3 4 18819983 97224132
4 5 80889825 51677806
5 6 37136758 30291852
6 7 48047975 63754146
7 8 32856788 98769790
8 9 55967479 96080558
9 10 63608387 80916386
10 11 16992727 52403485
11 12 28618273 38557172
12 13 39796000 44409208
13 14 17897906 69560558
14 15 92440968 12040037
15 16 54081515 17158687
16 17 83818958 8324439
17 18 88226446 52671868
18 19 8801282 15515233
19 20 49883251 57709546
20 21 70566277 57127272
21 22 47943892 92520973
22 23 54552259 91165999
23 24 70195450 85343463
24 25 7928208 30593471
25 26 45275753 81153002
26 27 15771530 6042675
27 28 30555475 30942021
28 29 65942101 31484322
29 30 26248269 31611241
30 31 70245625 1479105
31 32 84361726 49293289
32 33 34568532 65009789
33 34 27623293 71463475
34 35 3931883 26418735
35 36 4535965 60031572
36 37 85346395 39397398
37 38 25206882 80664599
38 39 19488332 38635141
39 40 38152190 88743612
40 41 49997298 24991326
41 42 33892707 54217708
42 43 12822623 47241751
43 44 30359341 63528373
44 45 59519172 88485568
45 46 65059792 58796086
46 47 44541672 80675083
47 48 42035523 45157334
48 49 18228862 83742601
49 50 8046840 80426091
50 51 37347673 36731729
51 52 18465375 80405313
52 53 61016008 50336992
53 54 57651058 63311531
54 55 42088319 61165599
55 56 29477675 47893992
56 57 30343271 19665336
57 58 10991414 19316432
58 59 83323798 10972763
59 60 57409023 42599
60 61 4544846 48094404
61 62 11961188 79260665
62 63 74798749 6773917
63 64 20243976 5733928
64 65 94674265 671883
65 66 63446902 51325738
66 67 57150436 14532457
67 68 34189831 78227730
68 69 90118272 5870072
69 70 88147610 69843063
70 71 62044894 33674269
71 72 50516049 60989413
72 73 71992677 25855747
73 74 44298846 26164859
74 75 22991386 39896809
75 76 85296557 65862664
76 77 30251211 96270721
77 78 91880856 41082495
78 79 32296424 61497600
79 80 36649725 4622824
80 81 25346539 29932988
81 82 41094532 5277307
82 83 20799061 56041495
83 84 74243188 69287065
84 85 94242763 59903476
85 86 11446464 95727674
86 87 70021240 98447709
87 88 5587965 57551310
88 89 26125387 34065080
89 90 15548828 72156386
90 91 47261021 86964790
91 92 7407372 86930332
92 93 36038018 7593415
93 94 37382089 45390549
94 95 21902598 52244303
95 96 40944661 68973107
96 97 53778752 5491326
97 98 18993552 10477452
98 99 99091580 44322559
99 100 70480473 95190680
100 101 16070762 36099807
101 102 29895571 91632216
102 103 91411742 93353457
103 104 22020569 54883990
104 105 33580781 48685082
105 106 3589915 44719187
106 107 29674381 90720554
107 108 24278487 14760905
108 109 57352904 26125928
109 110 58007801 48929473
110 111 76666237 99446288
111 112 14390121 96246632
112 113 93102087 80071635
113 114 30142529 75887523
114 115 24608507 2920931
115 116 31236209 88821846
116 117 73252155 78450444
117 118 90262286 55948497
118 119 11111838 19821930
119 120 19073776 25451237
120 121 15002430 91190554
121 122 47768278 8829085
122 123 9177399 41082186
123 124 83133782 48666550
124 125 25169645 47251075
125 126 9891211 69152320
126 127 53844527 44780737
127 128 83249775 41521350
128 129 17419989 18666338
129 130 68350616 91960509
130 131 14674143 9386318
131 132 30409536 25639478
132 133 12921514 64438348
133 134 8898449 91777053
134 135 55024377 62563879
135 136 49461404 55587380
136 137 20454355 45627950
137 138 13217460 89798769
138 139 307285 95392970
33 1 19 92 32 39 125 80 31 37 61 83 13 42 65 102 16 131 3 20 17 13 26 71 65 48 126 65 85 27 24 45 55 28 122 3 92 105 57 33 115 103 112 90 50 81 89 28 83 102 107 82 1 10 112 114 52 106 99 72 3 6 45 55 105 56 131 60 42 39 2 75 37 64 109 101 117 84 106 135 17 39 107 42 47 8 111
21 103
94 177
1 2 71328486 32769152
2 3 12199853 53891209
3 4 59741278 38159485
4 5 18928001 93019900
5 6 31716763 60734845
6 7 23669332 43151671
7 8 74805028 46978362
8 9 32895156 58448896
9 10 33468741 85091835
10 11 76932407 73266682
11 12 48844288 42094243
12 13 5610368 41641458
13 14 71296963 74530302
14 15 83539052 40639036
15 16 65259421 48954060
16 17 63199081 46044996
17 18 46623980 52144922
18 19 99052903 21625182
19 20 11211284 28976819
20 21 85311612 73384084
21 22 11402706 39160715
22 23 58856344 98268651
23 24 66767104 32323684
24 25 8033611 84337642
25 26 4862213 39359790
26 27 2227354 95875240
27 28 97373348 82831325
28 29 71924047 11945582
29 30 63091410 69121410
30 31 81112626 53261521
31 32 33652454 47718284
32 33 57073993 60452167
33 34 90884929 61275364
34 35 53751299 41484779
35 36 65228960 33466250
36 37 36407524 46485652
37 38 77021138 62396707
38 39 28831220 8963841
39 40 38358346 72129994
40 41 1113333 85096387
41 42 33383829 81443952
42 43 27052091 84960156
43 44 89747873 39150329
44 45 84245231 35981123
45 46 94621907 19661629
46 47 71080193 93306253
47 48 59725009 90823469
48 49 95511357 65997859
49 50 22181220 12302632
50 51 50161933 42779043
51 52 48829094 18198555
52 53 85722032 31023648
53 54 13849384 69180186
54 55 19953152 41647321
55 56 6767480 25144507
56 57 11913275 24525999
57 58 93543711 29579944
58 59 21532892 95615830
59 60 38390149 43322979
60 61 77508074 75103170
61 62 45130452 82140371
62 63 60465967 8741160
63 64 84214324 46096611
64 65 35747926 19527452
65 66 25648281 14617111
66 67 28060961 73751550
67 68 45508269 45396713
68 69 37004469 56593287
69 70 62184199 70977544
70 71 68460956 93724820
71 72 64398365 99849909
72 73 46023345 63510494
73 74 1453771 63770424
74 75 68418698 98240322
75 76 92579298 99340907
76 77 51808894 82109971
77 78 10789824 60484088
78 79 8958251 87073191
79 80 46080438 35389913
80 81 38689674 42955996
81 82 63785347 34792864
82 83 5117649 10742078
83 84 33949525 36482266
84 85 77017575 57788168
85 86 66887650 81427662
86 87 43150812 5929911
87 88 42642344 78176323
88 89 80495299 29153233
89 90 41645457 53139995
90 91 39603679 72438406
91 92 29535678 91209528
92 93 27686063 36852898
93 94 63099517 25403078
88 52 20 72 50 48 41 75 69 27 56 22 92 15 41 29 16 1 54 62 77 23 86 5 19 24 75 86 3 4 70 42 47 82 62 39 42 78 73 35 91 53 47 57 30 69 9 77 54 58 25 49 66 11 1 64 63 53 14 72 61 59 28 65 91 5 62 74 84 92 15 68 27 26 85 89 43 11 71 44 75 32 92 32 2 8 86 34 79 46 36 58 22 61 78 86 9 76 77 28 2 52 31 81 34 2 93 70 57 30 26 11 49 65 43 26 77 35 78 27 63 9 51 83 22 36 42 63 72 52 47 71 29 44 61 13 92 84 41 88 1 7 80 75 90 56 39 25 45 14 73 82 37 92 44 29 86 57 7 33 3 14 45 40 65 51 5 76 16 17 94 31 36 16 24 13 44
30 50
178 44
1 2 51633188 7832935
2 3 84968036 64462177
3 4 43157835 65453289
4 5 36322785 8465424
5 6 60846052 48888351
6 7 52857433 52183239
7 8 56678702 62718004
8 9 10994483 2246433
9 10 10311235 26956322
10 11 42507807 22531190
11 12 7528831 23821736
12 13 4111040 40750764
13 14 15459942 8962422
14 15 53688324 73660836
15 16 58321375 32900798
16 17 27330638 83410912
17 18 94948666 5627254
18 19 17948470 93519532
19 20 95427701 98146684
20 21 39069117 69365581
21 22 55132014 64926341
22 23 48747498 74137937
23 24 81915888 34687429
24 25 47896615 29858357
25 26 26324337 84504121
26 27 73754456 80548526
27 28 16315398 33190226
28 29 30435589 34116464
29 30 2974100 56641555
30 31 21654909 78406301
31 32 54897136 72290828
32 33 36876723 58022652
33 34 43010995 95713183
34 35 38759018 48073065
35 36 61343905 70420230
36 37 8051708 63461394
37 38 22237965 33523246
38 39 30568076 83305490
39 40 13365042 13858469
40 41 61747002 77860509
41 42 763197 56379622
42 43 60503456 72869755
43 44 54802968 83169901
44 45 75199841 28700332
45 46 76888582 97805879
46 47 92490480 82943054
47 48 70561994 1421404
48 49 3865538 44394342
49 50 59092283 51819258
50 51 49174229 94200119
51 52 3915462 34838609
52 53 7181956 71523269
53 54 77978637 62234144
54 55 9398657 78113273
55 56 93916877 1447955
56 57 83856373 36775004
57 58 79971539 76108695
58 59 83332672 3917783
59 60 48929313 90966928
60 61 85150655 39028420
61 62 11993560 90171667
62 63 51633487 825429
63 64 21690624 85291309
64 65 29339554 88365223
65 66 68392104 85134474
66 67 69018285 53522941
67 68 73281150 78026485
68 69 28760648 94785735
69 70 34278019 23075199
70 71 94316724 24506318
71 72 60223289 72063887
72 73 81074708 15812386
73 74 54229844 76484955
74 75 1670482 16351822
75 76 20118380 53368108
76 77 75016378 58735474
77 78 84756726 18569139
78 79 85765432 72114286
79 80 74173309 46531964
80 81 89026039 17830406
81 82 20549426 99897129
82 83 62400991 24578320
83 84 6371418 41246742
84 85 19263288 70562405
85 86 8551418 37967164
86 87 73593067 89570893
87 88 2861226 85776386
88 89 83150700 74885739
89 90 88240960 50834368
90 91 41992781 33176462
91 92 73382459 39284078
92 93 19330064 39563176
93 94 27479324 20172721
94 95 72504330 54192765
95 96 45635931 13264015
96 97 82411941 89062027
97 98 96268184 14238511
98 99 79230090 67301077
99 100 23803840 74340850
100 101 35454781 32757639
101 102 18850400 54114905
102 103 48156907 43758177
103 104 87682806 27046165
104 105 95512127 65025747
105 106 23910912 88821376
106 107 53810791 25449567
107 108 74920204 46717551
108 109 19630256 22287230
109 110 4717957 70745742
110 111 83597503 97745502
111 112 48605943 1288192
112 113 7202032 14293389
113 114 39916398 29081570
114 115 32095353 84395956
115 116 16914307 2471238
116 117 81777402 18373640
117 118 29811454 55348512
118 119 49165951 89254593
119 120 88720627 92199516
120 121 67002556 9151348
121 122 16858311 6634634
122 123 37507479 48398434
123 124 29686350 37824109
124 125 89213910 21377603
125 126 4510612 38129046
126 127 3869739 96713381
127 128 1695306 15684993
128 129 51154222 90305220
129 130 16231394 12877046
130 131 219675 35658805
131 132 42458429 17909790
132 133 88843107 14434545
133 134 28872721 69594170
134 135 24250053 84361518
135 136 49837634 47682009
136 137 61806797 28329857
137 138 69689460 65674036
138 139 73065250 20539763
139 140 70861421 30060430
140 141 90550839 78325137
141 142 32837863 42916419
142 143 51784268 61978072
143 144 12851018 19275549
144 145 30433279 81938513
145 146 86359673 31287505
146 147 7997516 23474380
147 148 9774640 70479623
148 149 60296612 17452082
149 150 52995367 36304069
150 151 11755525 37422968
151 152 12693943 49906194
152 153 39080691 13515900
153 154 50132057 43201389
154 155 24199102 14304191
155 156 93249308 76103269
156 157 70427973 35603726
157 158 72996391 84107384
158 159 71480142 1982246
159 160 79330139 10203399
160 161 66115139 25635332
161 162 57115303 98461788
162 163 72910846 35492187
163 164 86084231 12816633
164 165 73279893 5129259
165 166 27804488 25616474
166 167 21171179 75961458
167 168 60914087 72080653
168 169 47085961 95937484
169 170 10919964 81773895
170 171 5391879 36861395
171 172 85673509 55830345
172 173 29632074 34109494
173 174 4732627 97855794
174 175 69517306 56375345
175 176 31347351 19221064
176 177 55455519 82816482
177 178 83682279 87062559
86 115 146 73 152 122 43 105 5 154 159 24 8 169 65 100 137 101 82 42 134 131 116 67 135 124 165 68 117 94 112 83 50 76 142 102 137 175 105 36 170 124 43 35
89 173
158 67
1 2 16606692 33375517
2 3 57279826 51980771
3 4 78434814 5073735
4 5 50652054 89268784
5 6 97671519 23117721
6 7 29688531 69130494
7 8 68944 28548068
8 9 40206089 53904844
9 10 61767085 91519335
10 11 66600865 73885701
11 12 29720709 80771305
12 13 48947574 49558571
13 14 43464294 73460824
14 15 26411903 81275135
15 16 74707087 26348034
16 17 35896364 41283661
17 18 65276976 40313452
18 19 53072776 71204477
19 20 8429931 46949827
20 21 64350226 31099173
21 22 34350545 79890392
22 23 22680767 72783324
23 24 42902509 73385791
24 25 25259750 77000142
25 26 86253291 17737092
26 27 25782482 60120625
27 28 17892834 76142463
28 29 53847504 7049275
29 30 54791890 22233612
30 31 34359662 3135240
31 32 64778124 65408462
32 33 31481972 8242496
33 34 69838310 67937789
34 35 39018070 48435
35 36 79534270 85999572
36 37 3152732 43081133
37 38 10075598 20868932
38 39 42710817 7746238
39 40 29690510 43225566
40 41 1799833 17434311
41 42 31753754 58362223
42 43 41450919 29639422
43 44 81728117 15614958
44 45 91098782 73436906
45 46 80679993 61643924
46 47 84006700 91947403
47 48 41376348 24022498
48 49 17867267 35242224
49 50 48727305 41341628
50 51 17162705 14846743
51 52 85847211 46920003
52 53 97691792 75668135
53 54 6553920 59646598
54 55 47996104 86251852
55 56 49226688 36559862
56 57 19792871 63890812
57 58 54948003 45465772
58 59 59334298 67296439
59 60 77375918 31922435
60 61 80177966 73929642
61 62 89331267 45200772
62 63 65193863 79839897
63 64 49945236 78060470
64 65 86121001 26640330
65 66 57268838 73402143
66 67 93092698 46232851
67 68 15882227 38575975
68 69 98670187 86136919
69 70 21436807 6787748
70 71 55542377 54791316
71 72 95236759 18283144
72 73 32228374 45478712
73 74 99632937 34422444
74 75 34480445 25228715
75 76 87869128 73614534
76 77 56756403 720759
77 78 70069167 33844419
78 79 98527726 54966489
79 80 74345437 11595804
80 81 61515001 81473778
81 82 2628976 3880244
82 83 62360459 48387983
83 84 66430203 97807500
84 85 65952852 12242361
85 86 79861358 39194423
86 87 86917014 44500996
87 88 65137306 72983567
88 89 10784562 46469062
89 90 31272286 70895811
90 91 5582180 65656558
91 92 23801861 24994645
92 93 33172583 57302894
93 94 15212155 32849565
94 95 23261709 37061472
95 96 66374407 81047896
96 97 16987295 97292677
97 98 62706648 10257295
98 99 19429092 76333874
99 100 32079657 85235549
100 101 41513270 75784769
101 102 53441194 7622690
102 103 36751872 26220081
103 104 41791425 23142288
104 105 78424231 85031535
105 106 31643384 18737533
106 107 98631402 88474826
107 108 118702 16796314
108 109 90559786 72584101
109 110 47678519 55525522
110 111 38375924 57844370
111 112 9101329 81853659
112 113 62795187 47899637
113 114 29158707 98266888
114 115 91067892 76135286
115 116 34322769 84273180
116 117 17552587 68993150
117 118 38041588 90675753
118 119 1720730 60862069
119 120 78460787 91453193
120 121 87044145 64491921
121 122 59310584 80418370
122 123 77478366 34257588
123 124 54985201 30263856
124 125 5641308 40257529
125 126 59598048 91499354
126 127 6045687 16037385
127 128 6584547 94774396
128 129 43733135 98215227
129 130 95085407 19543552
130 131 30730164 46819861
131 132 74351560 62515240
132 133 32249156 7695239
133 134 46392523 19289094
134 135 12927834 23558790
135 136 86566805 87384776
136 137 87246391 36103585
137 138 76093183 28765928
138 139 25791237 77465075
139 140 12978249 2547943
140 141 65272666 30724204
141 142 36413127 43745513
142 143 9876010 39933946
143 144 36759622 45738216
144 145 67270412 71243513
145 146 37132034 36957689
146 147 5594425 4612332
147 148 70100788 80703374
148 149 51194015 47877902
149 150 8878643 21199282
150 151 47898547 2829379
151 152 27490794 89917940
152 153 23752954 37641254
153 154 32255003 40197261
154 155 62992641 2045553
155 156 22931647 49830770
156 157 93768380 14750813
157 158 94336420 59406358
1 53 139 125 137 67 21 108 56 138 96 59 124 100 61 60 97 28 81 144 135 121 16 149 2 44 130 128 50 27 95 130 73 138 32 38 111 141 44 24 32 157 68 104 137 59 144 115 125 29 94 115 63 31 70 34 28 43 138 23 19 152 130 63 9 2 108
142 16
137 29
1 2 44416149 17467640
2 3 88051085 99597466
3 4 1623724 18801766
4 5 45841959 12065696
5 6 3169088 8853202
6 7 33930599 64008801
7 8 4260854 36920020
8 9 91814011 12497404
9 10 86876863 80129968
10 11 69358956 16536615
11 12 87064518 41326230
12 13 66222445 75016476
13 14 86948386 71060721
14 15 5309613 9187958
15 16 62578901 94560396
16 17 22030992 95898250
17 18 42141549 81685301
18 19 34960977 68197216
19 20 59121966 24070689
20 21 67042705 64630145
21 22 88843234 94584239
22 23 22687361 33591754
23 24 30919023 47915360
24 25 88907718 33621909
25 26 59376563 64489733
26 27 70509572 57286150
27 28 43290856 42066631
28 29 20716125 46145372
29 30 35484807 40949654
30 31 71599974 78718133
31 32 7373849 31876506
32 33 18491785 2357480
33 34 39000966 9260379
34 35 10263382 64075014
35 36 62857328 41923465
36 37 3426819 86490623
37 38 11454198 87352028
38 39 43162453 66141036
39 40 80617844 16905424
40 41 80504407 72587818
41 42 76840214 36350701
42 43 65231928 28848847
43 44 86072423 84159492
44 45 45502458 78195382
45 46 94274396 4436748
46 47 85131754 39618335
47 48 59490697 29622744
48 49 24039673 58088935
49 50 33518299 47510433
50 51 31057269 17838356
51 52 4838752 26795454
52 53 91385986 48071764
53 54 41126335 55903250
54 55 90154327 74220925
55 56 99011800 14071577
56 57 36453312 44873564
57 58 6019106 6489450
58 59 80535007 21266084
59 60 55879572 60987166
60 61 89900445 19490195
61 62 41698451 55489771
62 63 9399038 11946331
63 64 97354732 4316848
64 65 27826372 46009167
65 66 5659872 62693759
66 67 9322534 61759554
67 68 43441966 63360297
68 69 37220965 55637264
69 70 23797002 33811818
70 71 8281636 66435458
71 72 2621352 28661628
72 73 67990371 17718532
73 74 34195565 70712779
74 75 46414245 22684595
75 76 16373459 67078838
76 77 83784691 87987215
77 78 7758625 26141088
78 79 19641081 38135388
79 80 39967679 75940868
80 81 27830746 2643711
81 82 79891109 80385910
82 83 19209417 54113959
83 84 27602196 76555556
84 85 36978307 37234293
85 86 88661875 12568250
86 87 1211105 3893613
87 88 93019732 95301398
88 89 44688190 1770766
89 90 50248343 97496682
90 91 95245209 81985842
91 92 54295867 6103369
92 93 25905889 40006006
93 94 90656317 41588964
94 95 26760529 87687244
95 96 24460311 48648863
96 97 52406583 21940963
97 98 80708916 93829830
98 99 63701749 49359923
99 100 12889301 91603335
100 101 79366370 48867294
101 102 76046099 6326153
102 103 13534487 60741991
103 104 97439839 80120043
104 105 56705879 48375855
105 106 70930671 97485059
106 107 67244929 83673211
107 108 57080567 86982319
108 109 86904362 8815465
109 110 16774985 40508529
110 111 44318632 97533833
111 112 9901043 8782950
112 113 11254575 37634266
113 114 71757351 72030396
114 115 76042448 71992846
115 116 44530548 70322646
116 117 62536280 35810242
117 118 35328767 96694968
118 119 55254686 30396617
119 120 63300329 66520238
120 121 9088458 14595794
121 122 72568563 34064044
122 123 17175025 17014426
123 124 18435748 67607874
124 125 44475135 93152676
125 126 39410377 53519760
126 127 33153144 18575330
127 128 8793601 44096210
128 129 36179988 45259096
129 130 84039589 36345483
130 131 5756029 97392115
131 132 22650385 57937167
132 133 75552175 97247620
133 134 87986876 94391284
134 135 20223998 53305887
135 136 90318535 27278346
136 137 7857225 19554482
11 3 11 65 72 128 76 20 15 116 5 52 101 47 124 19 93 88 74 30 104 3 23 89 98 125 68 99 75
82 135
144 165
1 2 61853293 79809851
2 3 55451674 46641000
3 4 2111820 36390269
4 5 94158152 47801784
5 6 76406343 43093434
6 7 4927964 17767077
7 8 9129109 21822139
8 9 52466430 68083801
9 10 68599295 96591872
10 11 1495365 10447858
11 12 80453225 30422280
12 13 66359569 99549095
13 14 780881 52043625
14 15 76953573 32692203
15 16 5196683 28512862
16 17 44625141 14109933
17 18 2501406 77566217
18 19 42608188 68743647
19 20 73723134 96566453
20 21 51237543 5678590
21 22 3498479 41546002
22 23 22114861 37203023
23 24 93324002 8388452
24 25 68289694 74173167
25 26 7065015 85390218
26 27 81807826 92012589
27 28 29756633 58453898
28 29 98320606 71668058
29 30 53467621 92670456
30 31 60047245 34237315
31 32 2167053 78493152
32 33 12294365 51847547
33 34 234263 42320798
34 35 62729778 45392713
35 36 93672954 27059507
36 37 92331550 75467946
37 38 46021153 11351534
38 39 93470067 43396160
39 40 15640429 12024998
40 41 39421482 71452392
41 42 24338763 2945817
42 43 82326913 24894738
43 44 81322512 3577919
44 45 68826157 93632906
45 46 15417525 7192457
46 47 31486441 14083369
47 48 3006953 65782453
48 49 20494253 80402129
49 50 85739085 67686314
50 51 89481777 4771133
51 52 68227580 2273507
52 53 47834662 11150771
53 54 93251579 1225137
54 55 66491489 37633083
55 56 60758223 25974886
56 57 83788787 38272031
57 58 70044279 12766687
58 59 88040726 93478854
59 60 88084033 14317408
60 61 93770839 7349625
61 62 44818614 52862014
62 63 3882150 14863927
63 64 5222558 83650826
64 65 67577526 17680169
65 66 75221416 87210986
66 67 36799993 22736233
67 68 56287624 71157986
68 69 82071589 78869520
69 70 70946714 63817665
70 71 30122964 27727699
71 72 28077947 48729478
72 73 26766847 39215413
73 74 56039844 36591291
74 75 38611804 73377975
75 76 75056633 49322969
76 77 97613258 37425577
77 78 44683788 49537877
78 79 72978924 98836598
79 80 77652655 28804278
80 81 66625626 34434465
81 82 17342716 66021886
82 83 28457279 93513934
83 84 70269604 34150172
84 85 58408252 50973715
85 86 78716059 71539881
86 87 13790170 20302810
87 88 81518774 59008905
88 89 24425175 22956818
89 90 30071457 20431925
90 91 28563335 13744897
91 92 50200650 75390617
92 93 17647590 32147346
93 94 7703427 32588929
94 95 46400534 24048148
95 96 33508314 45749959
96 97 89438713 85252132
97 98 84381841 30115698
98 99 78067110 74725309
99 100 88700350 32180420
100 101 93833720 32833629
101 102 30107855 54493781
102 103 28122768 7318561
103 104 75393569 75157444
104 105 1558814 84936138
105 106 65758950 65153285
106 107 21278088 34272142
107 108 70448559 9883449
108 109 22434581 32720629
109 110 12522508 24371906
110 111 99940105 22011037
111 112 32880359 5628644
112 113 93530196 34519647
113 114 6441139 77960373
114 115 86488011 92331892
115 116 26668863 14213659
116 117 6760482 35081532
117 118 72388314 59334612
118 119 10386431 31058251
119 120 29009061 27417880
120 121 10018570 74537492
121 122 70510713 31179195
122 123 17774870 95299765
123 124 68228045 72173960
124 125 15815503 97328987
125 126 56325094 55626014
126 127 56605055 19780491
127 128 79560605 70716077
128 129 40154631 45647877
129 130 2409545 4096795
130 131 45963419 48778690
131 132 74618566 70010539
132 133 27562918 78671673
133 134 42479148 17520724
134 135 87890063 67757734
135 136 90186861 26190230
136 137 84142151 80179683
137 138 88011742 29740702
138 139 33379868 96859962
139 140 71925347 64669056
140 141 17899252 25074440
141 142 17178486 67898233
142 143 20386898 10188823
143 144 47232128 91585843
144 32 25 23 58 105 50 46 6 66 21 50 8 70 54 132 89 4 41 90 59 119 123 37 4 83 82 140 64 75 95 118 103 46 117 55 66 54 80 105 42 96 72 63 129 31 61 140 42 4 29 52 82 40 8 98 142 56 33 16 71 49 129 111 6 62 107 88 54 127 52 123 86 91 125 32 125 142 91 25 134 11 50 54 1 37 14 24 78 138 16 97 66 43 22 89 112 90 12 143 39 97 31 137 67 52 75 59 24 115 6 28 33 80 48 23 64 22 81 31 61 37 130 69 46 97 24 120 70 96 4 129 58 39 65 31 96 12 130 82 84 85 120 60 28 31 98 103 119 30 99 139 60 74 37 97 107 26 105 93 114 96 10 122 15
24 92
18 15
1 2 43695151 11775366
2 3 86392931 86800241
3 4 81640344 5632217
4 5 26642846 42895019
5 6 52918987 92388035
6 7 62006069 38854052
7 8 7636655 72999120
8 9 37852622 89728869
9 10 4678985 54137818
10 11 67906315 23953429
11 12 3807973 28831952
12 13 62933725 56255338
13 14 82566167 74287156
14 15 93753635 89020852
15 16 95215178 74525989
16 17 89655898 73773426
17 18 23891276 16549571
5 1 8 2 3 16 12 6 1 13 1 11 13 7 2
15 18
198 138
1 2 23225776 32604265
2 3 86830004 62903907
3 4 8821690 40017284
4 5 13053314 89166577
5 6 57981203 17224143
6 7 74324636 86597832
7 8 19465351 5062505
8 9 41541026 9472978
9 10 37345251 60781746
10 11 28676531 81363637
11 12 55320966 39801699
12 13 88149814 15859695
13 14 13861004 86956474
14 15 13478230 89292080
15 16 96714255 66450060
16 17 42770525 14607143
17 18 97761819 75178832
18 19 38507568 59476018
19 20 28049445 66624008
20 21 24318433 11188018
21 22 45663967 41012673
22 23 34879069 65220995
23 24 3592351 37409602
24 25 75414485 44481760
25 26 577139 21053583
26 27 71847628 15653027
27 28 72863055 15600230
28 29 76757335 80642400
29 30 90019893 23907749
30 31 88584820 57291780
31 32 5945664 38936588
32 33 27230733 90103219
33 34 80632706 18595307
34 35 59387043 48837234
35 36 49357969 36123004
36 37 14738901 49148524
37 38 17237857 31618012
38 39 57656874 4956019
39 40 50307057 30583409
40 41 97379124 88468334
41 42 58158079 51925138
42 43 50002924 80549428
43 44 17345498 33041424
44 45 12541473 91040285
45 46 16867767 69508476
46 47 79976221 44530915
47 48 49856948 14821548
48 49 54679807 50345945
49 50 50103647 12647567
50 51 77125488 68490861
51 52 15964622 53278389
52 53 10558299 91289891
53 54 10154344 60691424
54 55 3523070 6437700
55 56 87222870 95333311
56 57 74144112 29797605
57 58 45600515 70588654
58 59 88700854 19399596
59 60 78262778 82604099
60 61 41363465 51949219
61 62 67591754 41529181
62 63 40490096 22121783
63 64 2846678 71422643
64 65 59353429 92620922
65 66 30208040 37401090
66 67 87844162 29259766
67 68 24851881 4820252
68 69 70996614 51620458
69 70 53011608 36330014
70 71 93943225 91923920
71 72 66097803 19351490
72 73 43507724 52426328
73 74 46899864 13868937
74 75 38263021 76876444
75 76 50613946 24734037
76 77 51700317 81783048
77 78 11155503 26683430
78 79 13488098 98497855
79 80 38711035 6762155
80 81 59002660 6462788
81 82 88116705 80629322
82 83 36128830 13224876
83 84 71249240 95660470
84 85 53795214 32250652
85 86 95396163 44861719
86 87 86548692 22421016
87 88 6654933 49297827
88 89 50232987 38241192
89 90 29264945 64702743
90 91 78919783 57315592
91 92 49895300 98701
92 93 58154342 4536830
93 94 69232209 39246929
94 95 49141703 93679992
95 96 12227240 64334689
96 97 40002715 53450548
97 98 70971226 99734353
98 99 63088238 32602259
99 100 10471216 90696951
100 101 77192156 73713559
101 102 7055607 1414992
102 103 78014316 98272176
103 104 78322522 79713279
104 105 65482246 96664324
105 106 78657668 55261298
106 107 43488304 1019924
107 108 85921239 66527323
108 109 52903527 72984376
109 110 85905956 97808208
110 111 49288466 6842061
111 112 31300402 37566024
112 113 61796689 80855779
113 114 99406119 90195662
114 115 62221941 44008123
115 116 66165434 25774087
116 117 78373222 40774827
117 118 8213224 78469627
118 119 20645130 55984126
119 120 88718852 68474603
120 121 18529732 71035165
121 122 90330737 68135930
122 123 17645876 82984733
123 124 2777304 26107777
124 125 19303941 80359118
125 126 29604203 9390396
126 127 37745997 37448185
127 128 21924475 67731731
128 129 56038945 65568724
129 130 73968484 38020263
130 131 22986857 57427793
131 132 10457252 25099053
132 133 69872593 94748194
133 134 36036249 18224054
134 135 74242450 75248816
135 136 88624061 15130353
136 137 94533518 38364633
137 138 21856834 80275632
138 139 73196989 85572696
139 140 92666501 55739719
140 141 38308233 76195209
141 142 19363949 23917319
142 143 81870154 78719264
143 144 95344072 89849145
144 145 22287566 86791682
145 146 30104439 25536025
146 147 69184723 55021835
147 148 83035144 91389935
148 149 59795772 48982014
149 150 17555728 9850287
150 151 22473310 70174298
151 152 22550988 84210331
152 153 15747980 64896978
153 154 30048139 52911319
154 155 66962561 37263720
155 156 76752655 69128204
156 157 20819306 52062872
157 158 63960555 75593632
158 159 96401339 67204667
159 160 26456689 92617391
160 161 85085695 89322454
161 162 19457523 1073942
162 163 14032965 31405461
163 164 84823470 19526270
164 165 54215538 47062261
165 166 99969418 29614270
166 167 25858956 4419103
167 168 75314161 66052234
168 169 64779970 20760168
169 170 34056932 53257657
170 171 22829640 90197608
171 172 466810 45392680
172 173 47913691 54325836
173 174 14493803 61594887
174 175 30723663 82237958
175 176 53605026 39672944
176 177 41296867 73436735
177 178 20671675 1826078
178 179 84017757 14069084
179 180 85407288 25964451
180 181 61155135 36909644
181 182 95020282 81015476
182 183 98219244 93261532
183 184 31903572 4956598
184 185 81221932 85790289
185 186 81074825 9895237
186 187 16694188 53113302
187 188 74343400 53165324
188 189 50434629 14551251
189 190 31090200 78373878
190 191 52747188 59679237
191 192 22707571 7699068
192 193 29625168 39475996
193 194 80634158 72826792
194 195 37767433 5652654
195 196 16912234 94515940
196 197 63245824 32600022
197 198 13625679 42263624
90 174 123 151 134 51 152 9 21 174 90 37 74 114 156 75 5 40 52 31 51 177 8 64 169 170 164 156 81 68 139 41 87 136 68 48 181 170 81 74 37 65 162 145 107 79 13 149 181 190 176 192 30 51 43 110 100 15 22 89 46 175 198 163 187 197 153 171 172 198 9 148 79 64 43 159 31 47 69 194 9 98 91 183 1 161 195 6 55 134 137 54 81 192 167 177 67 133 99 133 184 75 170 181 71 77 179 117 54 194 32 134 87 117 69 61 10 77 9 174 94 113 4 109 55 83 157 147 10 108 44 175 91 7 130 91 117 74
82 125
74 117
1 2 38043933 87097508
2 3 71448006 61215525
3 4 40893948 77999071
4 5 33863136 70075140
5 6 44145895 75586290
6 7 99231988 81105174
7 8 21604542 31521682
8 9 78015992 25732583
9 10 89331029 78425646
10 11 8100527 99884520
11 12 41299565 97060439
12 13 25469691 21179847
13 14 73857687 95225545
14 15 70277261 17214412
15 16 74628542 12699160
16 17 10353640 8634942
17 18 2870783 79629335
18 19 88054431 97535046
19 20 7893859 8597038
20 21 66217233 76151850
21 22 86954081 37736168
22 23 24341045 86015585
23 24 30566364 77396245
24 25 87424298 68724756
25 26 49501800 62571944
26 27 22120530 77360927
27 28 43303204 9437290
28 29 71491909 26792987
29 30 2609160 75805
30 31 94513987 93437701
31 32 51879288 94736045
32 33 82073251 43172296
33 34 21365589 45302995
34 35 97033832 11067399
35 36 63366939 67629114
36 37 47920440 67383469
37 38 95607991 49740424
38 39 53504024 64597596
39 40 92665837 80603461
40 41 52651897 54696468
41 42 92341210 78504999
42 43 57992388 56752313
43 44 17465818 60503535
44 45 83707765 40911795
45 46 46513412 48131792
46 47 11606197 57780599
47 48 38857911 95327325
48 49 61081840 35359456
49 50 30711906 48536512
50 51 84683834 9532574
51 52 45767751 20363164
52 53 8910551 81752068
53 54 84397481 39407330
54 55 60809214 99323043
55 56 7658372 8132048
56 57 34944283 89507742
57 58 97479777 74195868
58 59 69229672 95228651
59 60 32092882 58618312
60 61 21707177 21002570
61 62 5489145 80684099
62 63 52926604 5642246
63 64 11330596 18704258
64 65 53378365 94401062
65 66 67136166 76451711
66 67 87216302 67474823
67 68 73947208 42760894
68 69 47382200 81504402
69 70 24699033 68677021
70 71 26354441 83844697
71 72 15114094 52897252
72 73 35154581 50138322
73 74 37235471 22683106
66 45 70 65 54 14 19 43 16 34 32 38 39 35 3 30 27 68 73 68 7 31 20 43 33 45 57 45 28 34 55 11 41 35 22 49 37 33 36 71 13 15 21 42 60 24 10 20 37 69 63 66 10 25 34 63 45 61 68 24 41 9 54 2 70 31 66 23 32 4 12 40 3 64 48 42 22 7 48 64 68 61 1 55 68 31 12 10 57 46 72 51 34 72 11 58 8 11 61 37 27 9 16 53 29 51 58 64 6 17 2 50 70 40 43 3 70
70 25
98 131
1 2 45032802 86873450
2 3 84863528 17499381
3 4 91948666 80550957
4 5 38965087 63879171
5 6 75290346 98798436
6 7 9542466 71730124
7 8 1779001 41944910
8 9 23079207 80498212
9 10 39487548 91503526
10 11 90094314 78304184
11 12 80594718 72983501
12 13 58033451 92674874
13 14 89448687 87932245
14 15 73067114 62230065
15 16 75346102 88768263
16 17 39917551 53844143
17 18 3322899 76242116
18 19 79955533 42825144
19 20 92154888 31463396
20 21 65602860 12632688
21 22 17092634 91348486
22 23 19885374 13546642
23 24 4248803 78696467
24 25 90024303 75641000
25 26 73626781 39965184
26 27 81570521 60877634
27 28 83510835 33481892
28 29 56445866 87362380
29 30 39859077 15043436
30 31 53906019 50525018
31 32 23118600 17901199
32 33 71146019 50412985
33 34 95090763 24358955
34 35 71884343 37374770
35 36 47857055 48701915
36 37 52831793 85645282
37 38 96604541 17938214
38 39 40949568 38489605
39 40 90015629 51076862
40 41 33743442 55708049
41 42 16491162 19485566
42 43 21456574 99616673
43 44 26002384 68440698
44 45 13789163 22729583
45 46 2521280 81039497
46 47 99844649 19364926
47 48 57195058 49848306
48 49 83047405 74455161
49 50 87687495 26219965
50 51 83702307 90048692
51 52 49207222 36729190
52 53 19827611 74068094
53 54 54906977 40311243
54 55 41815690 95517553
55 56 83157929 91230865
56 57 66093825 65957646
57 58 93530574 36913358
58 59 19994773 31960797
59 60 40257521 61467430
60 61 71016271 5657833
61 62 68932318 40806708
62 63 84377957 63634046
63 64 62135382 2025668
64 65 27614220 24542713
65 66 53305614 200070
66 67 21706812 72184341
67 68 12417977 65610648
68 69 17050118 2614309
69 70 49862871 8741682
70 71 29458669 57402940
71 72 26706511 91172630
72 73 24977711 62134414
73 74 32924686 96994185
74 75 8906222 87611639
75 76 82075197 74877729
76 77 53742188 45661343
77 78 75646392 46264941
78 79 82280481 52361146
79 80 91378106 61985883
80 81 28311992 85278368
81 82 91205572 20117840
82 83 40296089 26658419
83 84 83351382 81498500
84 85 80437630 45210848
85 86 74615000 65281261
86 87 853629 98970374
87 88 43996405 30119371
88 89 32300844 17311582
89 90 80248130 6896023
90 91 77355642 31215453
91 92 47261579 2902404
92 93 82472816 74166449
93 94 13070991 67600156
94 95 4844449 65567327
95 96 62999370 69896698
96 97 59900556 85442871
97 98 53167533 45515682
6 48 91 62 65 11 55 84 10 75 98 15 7 68 37 46 62 89 30 31 29 37 11 46 32 41 81 36 11 74 16 15 66 40 68 77 70 54 71 5 24 11 25 74 20 44 25 56 90 42 48 32 58 93 30 4 49 73 79 19 57 19 75 70 36 74 39 44 71 54 13 89 19 10 50 45 41 23 46 34 15 36 2 46 49 84 32 98 71 73 6 2 74 47 97 90 49 6 22 23 39 41 86 13 38 40 50 13 48 3 8 23 2 92 49 36 12 9 71 98 87 21 28 68 44 41 66 10 35 4 18
38 33
167 82
1 2 90798959 99342546
2 3 4577880 33218269
3 4 23149347 14535837
4 5 60740677 69519584
5 6 48193648 16453012
6 7 13665743 88015915
7 8 48166470 26384303
8 9 98371007 43706106
9 10 28716414 46931585
10 11 39777976 59329369
11 12 31327225 93414221
12 13 86449476 42504844
13 14 73753112 43879718
14 15 75131820 42888699
15 16 27685244 45576453
16 17 33501617 32578016
17 18 73484542 41070009
18 19 45789348 28375865
19 20 45826410 73559125
20 21 68471746 52598809
21 22 71177975 13508876
22 23 3113353 11771897
23 24 31021284 1746094
24 25 62434522 51114027
25 26 10665832 51699831
26 27 47240177 14535856
27 28 36775181 92358338
28 29 18389506 10939267
29 30 31759254 39138550
30 31 76054628 28273800
31 32 22054036 96982291
32 33 72220646 66753625
33 34 65304101 6548631
34 35 34127697 34292044
35 36 58934826 26057100
36 37 35818579 5074536
37 38 64116812 38880975
38 39 89922733 5129765
39 40 30118584 22792079
40 41 23075390 49653967
41 42 24717580 43839798
42 43 345415 13990148
43 44 85997725 39478277
44 45 54429031 75834488
45 46 98598667 14347281
46 47 47066276 69053080
47 48 32361592 13310499
48 49 3805237 76320697
49 50 77409179 97657671
50 51 63367597 50049484
51 52 8822354 97864905
52 53 75431705 60500543
53 54 55010036 27004726
54 55 6836440 80462497
55 56 67374372 87594698
56 57 96075569 83189873
57 58 17096972 27125475
58 59 50252579 30954387
59 60 69109574 77143728
60 61 37174097 56257041
61 62 60494319 86355338
62 63 52051709 28178900
63 64 69683010 60328919
64 65 78691543 19869132
65 66 86768345 17118485
66 67 40129189 48272132
67 68 12119450 81778959
68 69 41372335 88682621
69 70 50088906 12458368
70 71 96776473 61727472
71 72 44691458 1030671
72 73 2375447 94781646
73 74 22956832 51080241
74 75 89496720 11775043
75 76 89607146 98595461
76 77 85030413 28393523
77 78 2679178 40003583
78 79 22706297 98480034
79 80 12491783 82392656
80 81 83592163 81000844
81 82 84330023 1720385
82 83 3868728 19594765
83 84 20916379 62572353
84 85 79365909 28993914
85 86 70475010 45443793
86 87 52332534 23032346
87 88 45231473 97936523
88 89 76212770 70288730
89 90 20411082 43870251
90 91 90020754 96274486
91 92 7438820 54156285
92 93 90250824 23098145
93 94 64726594 68706821
94 95 79872903 61121076
95 96 59394820 6279601
96 97 82566872 48639667
97 98 14842573 85943396
98 99 63162062 67933463
99 100 66739111 28817927
100 101 54156424 83418558
101 102 15445455 30888698
102 103 86865888 67912206
103 104 6013773 38271131
104 105 28451944 17427804
105 106 34901740 39123056
106 107 18007964 65192987
107 108 99174078 5404499
108 109 43036617 80771941
109 110 50531681 77073272
110 111 54733626 57477026
111 112 79400638 12112257
112 113 51102651 59009082
113 114 76173761 20219091
114 115 11395799 49293274
115 116 86473735 73373866
116 117 63848 11575998
117 118 43450141 92694284
118 119 81186136 25605817
119 120 81021901 23449905
120 121 32834879 37518925
121 122 62521330 26134183
122 123 12436852 10938372
123 124 56026185 91516774
124 125 90936272 21340929
125 126 90505628 2374549
126 127 29767200 5866355
127 128 41629816 20339185
128 129 13903494 97618185
129 130 17901095 17033447
130 131 17190142 47431761
131 132 36529403 70403304
132 133 81350101 72007225
133 134 85065884 71181398
134 135 47232367 49193193
135 136 71163398 95230818
136 137 64427882 39152618
137 138 94534077 40739205
138 139 39606352 98067091
139 140 38365121 15649801
140 141 92523902 79505993
141 142 96677887 73254676
142 143 97359885 14381969
143 144 93896159 66029357
144 145 7519638 86194586
145 146 18762712 58443461
146 147 31218392 92940427
147 148 76447826 39540725
148 149 1345833 53431427
149 150 86290768 51474011
150 151 22830064 94361038
151 152 44722256 98369353
152 153 31737295 17159400
153 154 19072029 34876907
154 155 41269354 95305157
155 156 90898361 95799600
156 157 43805473 51414372
157 158 2766849 1097558
158 159 15417060 35097168
159 160 21923114 19202445
160 161 18521566 10561948
161 162 52768506 54795191
162 163 23856818 63542949
163 164 2600876 63521122
164 165 16871172 79228772
165 166 14744996 93645513
166 167 27307183 65724147
25 147 4 39 85 26 37 50 33 10 69 53 131 6 67 22 146 76 78 120 16 119 131 81 108 2 84 104 14 157 139 13 19 161 49 87 153 6 163 33 87 125 31 79 101 45 105 157 51 17 82 84 146 4 33 143 137 74 60 126 166 43 150 18 165 146 70 11 141 147 130 86 102 105 121 41 25 83 57 83 126 92
163 50
33 97
1 2 46263916 86726527
2 3 95098773 4473339
3 4 96832408 77882843
4 5 65841450 53254229
5 6 70290916 29200366
6 7 7865396 92235527
7 8 36556406 2824860
8 9 40854799 84939176
9 10 69198766 84425101
10 11 22014398 82404258
11 12 81931792 94417832
12 13 84034030 70630904
13 14 41081553 78151351
14 15 33719029 5527157
15 16 30062377 77795195
16 17 74238180 39906941
17 18 20138192 88146356
18 19 99522524 74522982
19 20 65728999 16036751
20 21 45771166 84372960
21 22 49837787 59823898
22 23 21079112 67840815
23 24 57334318 39486660
24 25 32205845 41089006
25 26 8857876 27588961
26 27 19107960 18606871
27 28 64711659 67939246
28 29 83110187 63482480
29 30 91320088 14345010
30 31 51670129 80902015
31 32 7220569 32074766
32 33 72593988 54819645
27 15 31 27 25 12 4 2 10 9 21 28 27 4 28 14 3 31 33 16 32 22 30 4 33 25 14 17 30 26 32 3 9 26 10 15 3 13 27 21 30 3 30 3 7 28 10 32 28 18 13 15 4 12 7 6 31 10 14 19 25 4 20 24 2 6 19 11 30 32 9 19 21 23 32 2 16 22 10 6 19 16 29 27 28 16 29 24 25 28 14 16 6 28 33 32 9
9 10
105 82
1 2 70530968 89439447
2 3 54648604 38636388
3 4 84479608 59322323
4 5 91207956 31577661
5 6 35037260 42183789
6 7 31521686 97201125
7 8 53094011 42220583
8 9 8458208 96729801
9 10 60410571 16509216
10 11 2396845 85480482
11 12 34783972 41954235
12 13 64960232 49844021
13 14 72811551 36489915
14 15 49466187 30177620
15 16 84835448 65129604
16 17 78828069 1787271
17 18 37855505 12197821
18 19 27779608 80446678
19 20 43043585 82651939
20 21 84620416 81201205
21 22 82500662 92691492
22 23 31020986 39472192
23 24 25507871 49730664
24 25 51919750 96212179
25 26 71538561 13125590
26 27 55710497 70791726
27 28 94744082 96522440
28 29 35483473 76583124
29 30 34303060 20590413
30 31 79329582 37442134
31 32 56529805 31478514
32 33 30149948 99791710
33 34 42100394 34243690
34 35 41755032 99199374
35 36 60889263 14466921
36 37 42625551 44141441
37 38 15450678 84515527
38 39 96591128 54580102
39 40 79914182 26496389
40 41 21669383 91349311
41 42 57117360 70431741
42 43 48914741 97841820
43 44 63092751 80868820
44 45 23073088 7582406
45 46 37658316 30343447
46 47 63655466 94724741
47 48 85083219 38847889
48 49 33733084 69971129
49 50 10957199 11463353
50 51 28949530 24005227
51 52 23623031 48279242
52 53 83494876 80688774
53 54 44853446 55145592
54 55 71018932 48798413
55 56 7870068 85781501
56 57 2340332 51522871
57 58 46978429 25029663
58 59 36796864 55912086
59 60 32486665 20947699
60 61 24483812 97903180
61 62 26159425 86486495
62 63 79354138 55088291
63 64 56359156 20725467
64 65 87197261 76212323
65 66 94558996 30850186
66 67 18880320 50872996
67 68 3925489 46565683
68 69 52901598 81025542
69 70 42909476 8863308
70 71 32100138 3519889
71 72 89398446 77572366
72 73 7415597 39758509
73 74 32544879 45977702
74 75 40455806 14548402
75 76 67112160 90465189
76 77 93921445 38301939
77 78 66431963 51841581
78 79 2424895 1305740
79 80 47180055 94361284
80 81 32950699 9977253
81 82 54042817 26363878
82 83 62507260 32156748
83 84 47275345 8436340
84 85 94953856 36709285
85 86 92759070 27474987
86 87 54712586 23160124
87 88 71820627 26613614
88 89 73692777 53194475
89 90 70842837 33999419
90 91 31411780 53175706
91 92 81898555 13634604
92 93 37015616 72065497
93 94 88018165 39103014
94 95 71344375 60578281
95 96 49564336 27929524
96 97 55728481 80289208
97 98 69537837 21453062
98 99 21563232 21884643
99 100 82638311 9666636
100 101 69555448 65754156
101 102 12443690 44404805
102 103 86188731 72048079
103 104 57279305 13506297
104 105 60021445 52220314
64 80 87 82 42 77 51 5 85 94 95 52 9 52 91 74 84 42 31 50 71 10 81 76 3 68 25 65 76 1 95 57 96 77 73 30 3 71 48 79 91 64 84 70 84 93 9 50 75 23 21 26 86 54 82 45 24 46 99 54 70 69 87 29 5 54 94 81 40 73 98 102 66 58 90 57 17 99 38 8 12 33
53 92
29 167
1 2 25552422 43899179
2 3 56893298 14678287
3 4 96724494 3790455
4 5 60652631 15682651
5 6 91656688 28189715
6 7 79234588 53987634
7 8 92355315 74467921
8 9 43459123 49780116
9 10 26574447 4287674
10 11 60192847 2235758
11 12 34301872 44770171
12 13 74653417 5866178
13 14 95804632 84105836
14 15 58781683 52394289
15 16 36343617 77545539
16 17 93082715 82152673
17 18 68973335 23883650
18 19 40656891 46621529
19 20 46445161 31829479
20 21 5410269 13127955
21 22 87340070 96759448
22 23 37631248 19829347
23 24 86437689 46584555
24 25 94839859 57160595
25 26 93296701 42414146
26 27 96823522 82409145
27 28 60168421 34549650
28 29 48401517 42766580
18 7 8 2 10 27 22 5 3 28 18 21 3 10 18 9 16 3 9 14 25 9 16 15 18 24 28 5 22 15 8 20 3 11 24 6 16 11 28 29 5 17 20 5 28 8 20 25 8 23 10 25 15 16 6 3 25 7 23 25 13 15 2 3 6 2 24 26 14 1 24 29 24 3 16 23 29 27 15 20 6 28 20 12 6 4 11 6 28 26 11 12 6 28 15 14 23 12 5 12 16 2 28 6 26 7 23 6 25 2 1 4 16 20 4 25 16 29 27 28 17 14 24 6 25 29 5 7 13 9 16 27 23 4 25 8 16 27 26 8 27 19 11 10 17 14 25 21 1 17 14 18 8 13 25 15 18 20 17 5 26 23 8 18 5 7 11
8 27
71 55
1 2 15693289 32063049
2 3 16647258 90209794
3 4 66948826 53685847
4 5 870649 49069939
5 6 34125810 17024534
6 7 50206444 46839364
7 8 99605586 21803400
8 9 175783 45076581
9 10 76522352 76047729
10 11 27609683 82600110
11 12 38642879 3665431
12 13 69575411 76166186
13 14 63264062 58739078
14 15 2384494 32386025
15 16 52686905 95101446
16 17 79177377 13693255
17 18 28671351 76585877
18 19 448920 8281420
19 20 2737213 9855655
20 21 68312375 77750157
21 22 37453320 45534143
22 23 14736720 47310511
23 24 48365490 3090798
24 25 31238064 82606848
25 26 44592191 24163545
26 27 88819425 53758827
27 28 37847078 52582110
28 29 97666689 72936452
29 30 2546811 20786371
30 31 4444208 14455152
31 32 76767335 59393931
32 33 70931653 2620148
33 34 30315847 69974185
34 35 17855622 1821567
35 36 14519178 60590720
36 37 13445950 59074181
37 38 94286006 12363911
38 39 7961003 96228398
39 40 14875682 40711612
40 41 20825060 55401506
41 42 5566054 27755475
42 43 75894805 19074469
43 44 65109008 43243545
44 45 4170721 61402114
45 46 44661007 70363093
46 47 59592101 59508935
47 48 14205018 56941268
48 49 33318184 7376416
49 50 59732687 87527307
50 51 3440882 96183438
51 52 5408019 66593319
52 53 13000359 17653093
53 54 78390850 64113468
54 55 64359608 18092641
55 56 71767158 3759611
56 57 79201397 18519149
57 58 66278565 39590448
58 59 63200137 25390344
59 60 37189764 33740340
60 61 81249448 60866520
61 62 14783613 2807469
62 63 25442288 91064976
63 64 80497513 78583373
64 65 38850125 35809738
65 66 36432850 45222613
66 67 87739988 8004768
67 68 92442458 58436367
68 69 29886065 36866693
69 70 73194671 83212202
70 71 68912821 1738073
63 56 54 20 50 71 39 24 9 27 35 67 29 12 9 13 57 12 49 14 31 9 5 36 46 27 53 57 23 34 17 57 38 33 64 23 45 49 34 62 3 28 44 35 26 50 54 10 63 52 21 34 12 56 4
55 46
121 142
1 2 69751680 65944136
2 3 62186222 4849756
3 4 26510622 78301597
4 5 60544158 82913812
5 6 5590994 77663258
6 7 58085171 44499563
7 8 27767866 56303981
8 9 94537752 99705303
9 10 92444927 37075081
10 11 33693493 16131953
11 12 76478509 32921450
12 13 12058598 54028955
13 14 24874852 6811285
14 15 17503400 32378615
15 16 43210147 9970045
16 17 28441399 59482958
17 18 75541069 46527068
18 19 44054420 46184429
19 20 25378666 36557899
20 21 76587354 85650504
21 22 61196280 64631101
22 23 82541975 29359181
23 24 29352691 47460548
24 25 47088401 19591812
25 26 39937290 15012056
26 27 2290740 37609610
27 28 36170732 28384602
28 29 16578482 17490595
29 30 50738266 83623359
30 31 7788412 67672454
31 32 85682343 16014795
32 33 86574275 49395519
33 34 81313228 67852407
34 35 94191736 62976477
35 36 87767784 7728795
36 37 54639532 43906654
37 38 97587782 60680157
38 39 43686888 35161419
39 40 13270265 87733276
40 41 39068474 15010635
41 42 87074786 99442811
42 43 24751607 28445167
43 44 40288646 86468606
44 45 12153345 10003940
45 46 5864969 77395191
46 47 85194452 90087159
47 48 43462719 16695637
48 49 14776169 91649281
49 50 82839695 5284166
50 51 58795401 59690937
51 52 77471143 81739778
52 53 9303519 76049549
53 54 82704505 25070030
54 55 23218918 99631201
55 56 9166037 11264577
56 57 12789152 95838104
57 58 66282177 53026436
58 59 4212092 83821202
59 60 12791240 55981315
60 61 41017479 83362813
61 62 62044552 54908481
62 63 52957098 5717222
63 64 81327810 43307876
64 65 60250984 2091922
65 66 40678615 16409616
66 67 88901648 40661260
67 68 31587774 719558
68 69 94514644 36187858
69 70 19163669 699574
70 71 71086029 19070221
71 72 92428266 29932380
72 73 2817649 23334664
73 74 94190105 86157881
74 75 29479430 61019969
75 76 71899153 26338080
76 77 37221786 87344266
77 78 80547899 81050511
78 79 92496232 31001176
79 80 80404995 66261336
80 81 78227499 63727705
81 82 41206008 29744021
82 83 27786589 9908352
83 84 37988293 20835191
84 85 92682048 34619141
85 86 4268377 43511774
86 87 37851626 5408446
87 88 31788143 51600872
88 89 28926996 34082537
89 90 2696652 59160152
90 91 3955315 90676938
91 92 9863148 75232353
92 93 50259899 71431689
93 94 76026889 36495689
94 95 20193147 90517933
95 96 19314652 72436932
96 97 93542701 64825040
97 98 37601158 64085958
98 99 15265723 55422650
99 100 22279887 20523237
100 101 44028564 74056237
101 102 23170405 46970734
102 103 77290666 67560258
103 104 7935782 34725892
104 105 34231408 72977778
105 106 6578648 89786953
106 107 30666788 2196210
107 108 98688843 33900971
108 109 28817209 95940582
109 110 43656694 54027636
110 111 72873979 82311205
111 112 18223325 75795329
112 113 5205390 79674346
113 114 91788630 17525997
114 115 96407973 95877025
115 116 25302332 79292167
116 117 71622281 180814
117 118 10806514 33038963
118 119 12276169 58288923
119 120 62374501 80963602
120 121 47546291 80616809
70 45 16 3 57 107 73 9 83 102 7 121 38 35 55 113 77 97 31 67 87 98 71 40 74 40 91 11 30 34 57 51 116 110 62 23 42 20 71 15 22 40 46 45 41 70 27 28 68 116 94 96 26 9 56 108 77 80 49 19 28 6 99 101 34 10 82 64 94 44 43 65 91 56 38 52 61 46 49 120 80 39 49 48 74 108 91 74 90 96 48 28 83 26 96 117 97 87 25 45 57 105 41 92 10 100 52 1 92 108 102 85 78 10 68 24 47 118 95 67 96 87 96 82 65 102 87 45 114 51 102 26 115 26 56 20 81 42 83 109 54 73
18 64
63 18
1 2 67274819 51625149
2 3 82132009 984053
3 4 59512132 43348290
4 5 8264004 31155296
5 6 93225338 22824789
6 7 69027469 42532786
7 8 50559590 28297172
8 9 92615669 33073080
9 10 3877150 6430556
10 11 82087414 83831342
11 12 15156649 52447719
12 13 22012365 6763442
13 14 31931281 19908247
14 15 47202160 83293419
15 16 14188823 267824
16 17 58961329 19608521
17 18 43323222 58366669
18 19 65483427 1616115
19 20 74467373 68095378
20 21 34241102 74407111
21 22 32827684 83807364
22 23 24077765 49007627
23 24 60733758 36988836
24 25 59177869 43147641
25 26 28380181 8498679
26 27 22744260 18084489
27 28 3659179 69439191
28 29 71751076 14854867
29 30 43144978 43545718
30 31 556777 94291770
31 32 30664412 18963365
32 33 7535887 47208503
33 34 88137136 58575533
34 35 87907428 85933719
35 36 88695987 82083460
36 37 67699487 57634845
37 38 40120931 95559109
38 39 97795726 71094834
39 40 32308638 16371354
40 41 88896717 82334023
41 42 1501193 1431916
42 43 11724207 46809819
43 44 73346417 33943812
44 45 47714552 37526437
45 46 29218117 10670531
46 47 30358799 50769874
47 48 34591624 78206316
48 49 27334961 22212927
49 50 71116249 24538689
50 51 59084335 4839698
51 52 7317613 77001517
52 53 63099120 34599334
53 54 918691 5371031
54 55 35526139 66300641
55 56 85984664 29691514
56 57 823923 80291223
57 58 2237063 79837637
58 59 88713380 90091363
59 60 91426858 33518718
60 61 48909419 45469572
61 62 17522863 70867401
62 63 6096704 33471917
59 45 62 13 61 23 20 12 21 59 13 7 51 25 36 35 63 54
19 18
94 165
1 2 34902485 19284196
2 3 84123948 14212942
3 4 28997589 91353996
4 5 12763461 85059046
5 6 64264551 26909240
6 7 48414750 9585844
7 8 32302886 95746119
8 9 28411007 8445325
9 10 52291253 91838488
10 11 71154068 80258233
11 12 90727033 62708486
12 13 18852759 17079365
13 14 89952433 11061242
14 15 80552403 97351522
15 16 3976849 23026476
16 17 30137184 34158918
17 18 47195164 35252815
18 19 70847056 92620444
19 20 57752865 12693738
20 21 70294194 4050155
21 22 91170958 73911026
22 23 50925369 57624014
23 24 5066472 2234391
24 25 20008785 27236972
25 26 62649284 76203484
26 27 255828 32883886
27 28 35323011 60501305
28 29 57334855 36407798
29 30 27247655 91591495
30 31 60306310 17972440
31 32 35106207 60715212
32 33 56916405 82917633
33 34 20283373 40421784
34 35 45972856 95223868
35 36 77349889 24729317
36 37 76737732 94607063
37 38 13840752 75869468
38 39 45212037 69902888
39 40 54819711 77491903
40 41 24516248 45906140
41 42 96261539 63578150
42 43 80212687 52556151
43 44 69883227 31190224
44 45 11109196 76013909
45 46 33166651 68731304
46 47 72098512 83781948
47 48 44514294 44009822
48 49 22977802 45416790
49 50 35789729 80464026
50 51 94540496 80428597
51 52 84847272 69487711
52 53 52136412 73168405
53 54 16548124 88312716
54 55 91979169 99638160
55 56 75115893 13117644
56 57 51992073 70549561
57 58 89178079 24421243
58 59 13615545 21544435
59 60 486280 22026861
60 61 64715226 36961494
61 62 30314480 4609680
62 63 87522212 73846489
63 64 69047870 49844105
64 65 29589891 63512981
65 66 49265904 39729905
66 67 65607265 63860612
67 68 80711757 56841343
68 69 61491598 2614900
69 70 69568221 84506527
70 71 21818591 44117491
71 72 14047148 59285409
72 73 32149834 21161580
73 74 586080 39495765
74 75 79490705 82809190
75 76 59912721 66824783
76 77 28570391 23090850
77 78 43261752 66360770
78 79 37645302 80687233
79 80 30414263 36605436
80 81 86910689 38756072
81 82 48909896 70165
82 83 20388294 5464332
83 84 28668515 82861456
84 85 95836151 35289885
85 86 54336126 17530120
86 87 48961000 31301461
87 88 61469138 30815815
88 89 35117873 61168342
89 90 95823246 10606907
90 91 41658272 70566318
91 92 21922806 88100116
92 93 57094871 54395245
93 94 61125590 28955433
24 87 80 77 2 15 62 3 36 42 43 70 74 82 93 84 66 13 37 46 62 68 48 36 13 61 71 65 90 1 27 19 6 3 52 77 66 90 31 61 4 27 3 10 2 24 54 6 57 64 4 78 14 79 36 2 90 15 93 43 75 15 32 43 47 17 40 23 85 20 47 59 47 82 42 28 75 19 16 22 28 5 81 78 56 21 89 80 47 91 83 36 72 27 61 92 10 2 39 38 24 77 76 58 21 44 22 46 54 4 37 41 18 22 94 70 77 50 73 27 69 41 92 34 43 78 9 44 26 74 64 39 58 17 11 45 77 44 94 77 40 88 66 88 45 92 71 51 1 38 71 31 7 84 14 12 46 75 86 31 36 2 80 81 92
80 30
47 170
1 2 40012221 71063518
2 3 70415572 12531244
3 4 22653191 81239193
4 5 25240904 6768200
5 6 94704630 1030754
6 7 50607444 73413347
7 8 33873141 90911527
8 9 64214698 40654647
9 10 42223306 3239980
10 11 32420318 32622981
11 12 18745108 27022456
12 13 38306582 80113547
13 14 25196533 86821298
14 15 84846221 25675869
15 16 210956 56922004
16 17 52372251 67771635
17 18 22228182 61773795
18 19 13572748 6568638
19 20 78286516 82337462
20 21 98825276 91213829
21 22 51523184 22273849
22 23 83865997 88964098
23 24 99498238 21363667
24 25 71355990 72060145
25 26 79152581 12287716
26 27 78942963 26612691
27 28 8643665 36136006
28 29 3225833 42941672
29 30 16554329 67530614
30 31 9222953 25057346
31 32 25970359 25705116
32 33 98454378 7026470
33 34 26609692 56018165
34 35 80490 73138259
35 36 24302830 80772342
36 37 24813577 84716889
37 38 30358638 47068565
38 39 62644198 327653
39 40 72772811 90500406
40 41 32297000 33831055
41 42 81405899 80290519
42 43 1155890 38472710
43 44 45764558 46253556
44 45 60839415 55026002
45 46 19908167 76698272
46 47 88484782 61866062
19 38 29 19 44 32 42 32 44 41 27 21 23 18 27 28 14 12 22 2 30 44 25 26 5 13 34 20 28 47 36 16 26 33 16 26 9 4 36 27 30 5 33 9 21 13 41 13 35 33 17 2 10 18 16 32 4 29 11 43 24 26 2 11 37 47 5 8 3 41 7 16 21 33 26 35 4 12 46 12 8 16 9 22 21 40 33 20 14 2 19 35 45 15 8 37 5 26 20 32 23 40 13 7 20 7 31 25 3 39 22 24 21 37 13 23 26 30 17 23 36 25 7 3 27 36 41 43 3 10 11 2 12 40 5 31 18 10 11 39 11 29 30 39 34 10 28 20 36 19 43 28 46 28 36 44 10 11 44 19 43 17 2 25 44 13 46 37 35 37
37 41
82 104
1 2 77481998 26870018
2 3 79837432 40503957
3 4 78621348 80916312
4 5 31076619 7326612
5 6 14250336 40082817
6 7 63859062 21443534
7 8 57258523 37611205
8 9 68599971 12776770
9 10 36653425 8880206
10 11 19518498 12995772
11 12 2675783 21923231
12 13 63312347 42107832
13 14 47274694 55985989
14 15 57223742 33080627
15 16 81792236 51325214
16 17 14449138 87913155
17 18 39883030 33166029
18 19 87655186 39781565
19 20 75856272 87190199
20 21 89107487 30218303
21 22 71753356 44100647
22 23 91546612 67069261
23 24 93171801 65420953
24 25 53579915 3792771
25 26 32041260 77160141
26 27 11698878 43447996
27 28 90877366 51880086
28 29 77365918 49313241
29 30 26679131 43892916
30 31 33335056 23385613
31 32 2198719 79988241
32 33 26531270 96362714
33 34 89618206 32162172
34 35 98170627 65085764
35 36 30683076 28716959
36 37 15930381 63750339
37 38 36800067 50142187
38 39 47416175 43817736
39 40 41836348 91407234
40 41 7273012 1078953
41 42 12052823 77673609
42 43 62093832 51653595
43 44 80340553 19700429
44 45 6316450 70974090
45 46 64228655 29039611
46 47 2772010 95277535
47 48 65127526 34152719
48 49 46142257 58338422
49 50 14035148 72259730
50 51 9866029 49418872
51 52 51154826 23737789
52 53 97786241 87483224
53 54 72412494 98558774
54 55 3629369 60641237
55 56 71000222 78127139
56 57 10657127 16300827
57 58 35570201 4600356
58 59 10365356 9565794
59 60 4784046 40355255
60 61 68717895 19972197
61 62 9891683 94661402
62 63 75515849 13145014
63 64 15767145 29846798
64 65 28239208 13350286
65 66 26151495 74746446
66 67 54248576 5909103
67 68 2561870 72128532
68 69 29028165 16897000
69 70 10634382 15021177
70 71 29341844 73476760
71 72 45262409 13889827
72 73 88048105 21178118
73 74 85307525 90422153
74 75 1679024 38349185
75 76 38192480 88366984
76 77 38263831 43906826
77 78 77939978 3350744
78 79 24550233 3899330
79 80 68305645 41570439
80 81 19028924 91065241
81 82 20392080 56018033
23 34 71 6 78 32 45 55 6 46 2 56 76 69 49 54 69 33 78 64 39 20 33 10 64 80 58 59 68 79 41 7 11 5 23 56 43 81 46 60 6 59 75 39 30 11 53 57 28 22 42 62 40 31 28 54 22 81 42 64 7 40 76 37 65 43 13 51 15 48 7 46 13 21 3 38 15 69 56 48 33 5 82 61 21 4 66 38 54 42 3 72 76 51 80 1 37 73 74 70 75 51 12 60
31 11
2 78
1 2 76036469 64357974
2 1 2 1 2 1 2 1 2 1 2 1 2 1 2 1 2 1 2 1 2 1 2 1 2 1 2 1 2 1 2 1 2 1 2 1 2 1 2 1 2 1 2 1 2 1 2 1 2 1 2 1 2 1 2 1 2 1 2 1 2 1 2 1 2 1 2 1 2 1 2 1 2 1 2 1 2 1
2 1
37 144
1 2 93473762 75577043
2 3 19683639 83278184
3 4 92592522 40438530
4 5 70043448 68368290
5 6 53560504 36676007
6 7 36416060 11718588
7 8 26493148 1938993
8 9 91442986 13725163
9 10 80736419 39420863
10 11 94966133 33022982
11 12 36801530 86586508
12 13 12347198 44821340
13 14 69567279 89448531
14 15 6767460 94523583
15 16 82009920 32232519
16 17 1214553 51485476
17 18 42063561 95390546
18 19 7781905 37721807
19 20 80501762 89616265
20 21 37867015 88878200
21 22 98383008 53950179
22 23 50930060 41867359
23 24 65738253 28394747
24 25 16829910 44358574
25 26 37410107 29546025
26 27 45321027 97770024
27 28 24139543 94342592
28 29 66572772 69355032
29 30 17824403 11566216
30 31 98928869 38990220
31 32 54670746 27447638
32 33 9992004 30686516
33 34 59872315 11593446
34 35 89127022 52046858
35 36 83251341 35732978
36 37 18839707 19797338
18 7 8 33 23 3 25 17 9 34 29 34 31 29 23 6 14 6 33 19 20 37 12 3 10 16 25 33 4 37 29 1 25 3 18 37 25 35 12 9 12 27 22 37 12 10 32 15 25 36 28 9 1 37 7 9 29 7 35 7 10 21 32 2 29 8 23 21 27 20 27 16 18 21 27 25 24 33 37 20 21 9 26 34 35 17 37 13 4 34 24 14 32 31 36 11 13 4 24 13 27 33 23 30 2 5 7 14 17 29 11 15 26 37 18 14 32 30 6 2 31 15 29 1 28 2 37 9 15 4 32 31 36 33 19 26 34 24 6 25 11 4 15 23
8 19
111 78
1 2 70318828 90701457
2 3 31946855 14749570
3 4 72239241 80325046
4 5 29482531 21378103
5 6 20661176 24625706
6 7 33672313 17527704
7 8 10267459 73687314
8 9 6610976 67282432
9 10 12172662 75808413
10 11 86773953 2741405
11 12 66961891 86981254
12 13 9108826 50492373
13 14 16610482 10675379
14 15 52333871 16810930
15 16 26883822 12180015
16 17 93651987 87929984
17 18 17130951 94566620
18 19 39491448 92144030
19 20 25138667 61378265
20 21 82813830 70479640
21 22 22276557 73562628
22 23 84736296 5018137
23 24 62609506 96066560
24 25 50816895 56057610
25 26 35877718 66675375
26 27 26552621 10593148
27 28 17632809 22635820
28 29 39396931 61399354
29 30 88097222 28329221
30 31 85867499 22393640
31 32 48143183 17326591
32 33 71636035 52562187
33 34 74700905 72640051
34 35 25355204 76277520
35 36 2855231 48572513
36 37 94042189 53880732
37 38 81261671 61838640
38 39 67918078 92999372
39 40 46183256 97509535
40 41 23112823 45629578
41 42 81189092 3921907
42 43 23759869 48778429
43 44 16141528 90058971
44 45 23679019 85883379
45 46 81946843 17697338
46 47 90261173 74989188
47 48 30461786 39454263
48 49 6899740 9858405
49 50 6778383 89149745
50 51 5993161 93206197
51 52 46402565 90731112
52 53 98336963 55415186
53 54 12401494 11798865
54 55 1528034 49489567
55 56 22207282 10388910
56 57 65987815 30362045
57 58 79159526 76550903
58 59 90529932 88835469
59 60 20497692 48602415
60 61 85429486 66418232
61 62 24071671 20398384
62 63 19640889 78324631
63 64 87259371 94609909
64 65 60025041 99870548
65 66 30726128 57658910
66 67 3636576 65433469
67 68 31047358 22195416
68 69 61808362 90493104
69 70 71550668 81921447
70 71 36232063 17619331
71 72 83868113 42893185
72 73 91399005 97357470
73 74 10245839 15523311
74 75 40926902 20212583
75 76 62303687 25599828
76 77 76889692 21265089
77 78 4916920 17232817
78 79 13176410 78559524
79 80 10760381 37052360
80 81 95572239 10027091
81 82 37180740 37343200
82 83 33077292 76717882
83 84 93933194 93314777
84 85 56100356 69269305
85 86 40550286 37585070
86 87 18358191 89927258
87 88 98457405 2471925
88 89 45006280 93004527
89 90 34482652 35097684
90 91 56552175 11116020
91 92 31645179 18151017
92 93 52195638 38861516
93 94 22532902 92111938
94 95 76194598 85023160
95 96 55403117 76412264
96 97 85576910 95136051
97 98 63255623 48351240
98 99 78452954 24724984
99 100 60581740 5604532
100 101 49704786 90762533
101 102 71674765 23096492
102 103 28853088 6038647
103 104 82901057 39581739
104 105 67522332 66806956
105 106 44859151 71971715
106 107 26658925 66458925
107 108 78798722 68895760
108 109 91821775 4423707
109 110 98224138 175918
110 111 56387618 35953173
72 2 7 101 79 99 41 105 59 1 27 6 87 72 28 45 48 19 69 53 16 62 72 33 27 92 24 40 10 79 45 107 58 65 19 16 22 34 30 6 75 54 22 15 61 47 91 22 55 70 22 50 74 100 16 60 43 99 44 57 46 93 64 24 17 39 93 33 44 58 55 99 5 18 25 36 29 37
110 84
97 96
1 2 82031551 80772962
2 3 94338374 47971310
3 4 79861523 6538664
4 5 20997588 8880041
5 6 86126230 9594089
6 7 48862079 30079329
7 8 92633798 92169725
8 9 29496418 35761699
9 10 91140491 65753475
10 11 77239145 93988588
11 12 82212661 41167630
12 13 65904700 54925180
13 14 72296893 61257175
14 15 31303712 56872904
15 16 43757794 13120164
16 17 14633684 8431229
17 18 75872288 29120970
18 19 36771109 88826125
19 20 91132374 82393154
20 21 97290169 83351555
21 22 67358435 27195790
22 23 48727030 36271107
23 24 80717734 83746526
24 25 53887503 9640337
25 26 7501223 76550823
26 27 85102775 17935450
27 28 80933698 94269067
28 29 4715586 73031112
29 30 74927544 45519099
30 31 26148014 89947458
31 32 42239071 25201620
32 33 47567771 51027721
33 34 8413582 20109204
34 35 4361842 25788670
35 36 97124094 72852528
36 37 42996676 57940677
37 38 18122417 22540709
38 39 15066252 4492226
39 40 98397311 35245288
40 41 45321908 66444414
41 42 17689356 48471072
42 43 58810630 74864385
43 44 96971000 93596370
44 45 33205770 95352340
45 46 90597962 81861320
46 47 25197105 9741420
47 48 81170371 67752193
48 49 42970858 63335834
49 50 39510185 60264353
50 51 22238106 9279197
51 52 14817869 36047380
52 53 1011428 91622371
53 54 7870323 39282659
54 55 23239074 19761993
55 56 70548336 47198150
56 57 3117806 14870418
57 58 44287712 32152965
58 59 72788045 67214268
59 60 37928169 65245283
60 61 91056311 88441870
61 62 29351936 62308962
62 63 90091513 74881727
63 64 75326194 88163742
64 65 25170225 75401177
65 66 4364301 5612881
66 67 48024624 99252638
67 68 33969607 81907754
68 69 96108815 39993448
69 70 49354476 36147802
70 71 3316600 98608981
71 72 74414737 2460926
72 73 29344629 22708314
73 74 95293448 14864013
74 75 62778350 73528205
75 76 47271518 45081266
76 77 71091574 8390034
77 78 51950568 70081024
78 79 17276403 6781376
79 80 88796869 99873252
80 81 96820478 1743266
81 82 8918460 52514312
82 83 32478406 1612927
83 84 77769594 70274334
84 85 18307695 1320794
85 86 26136143 16550425
86 87 70691598 23296441
87 88 16819591 89345525
88 89 9289480 57918664
89 90 86430495 3289602
90 91 22680518 74333461
91 92 93385404 8781605
92 93 31859286 70757623
93 94 42545371 13140904
94 95 56117423 82637084
95 96 88353888 9980885
96 97 23581845 64743250
75 14 77 15 71 6 81 56 5 14 56 57 13 83 14 44 78 69 38 69 52 42 80 48 33 44 88 37 4 71 55 81 39 1 68 53 97 86 31 30 88 46 37 90 23 75 73 24 17 62 29 39 10 75 2 51 85 54 51 28 15 66 21 3 28 8 2 30 25 7 27 23 71 72 87 69 11 66 63 44 28 1 9 19 96 79 69 30 5 82 47 71 65 68 40 2
86 46
31 24
1 2 21353254 22284722
2 3 5811771 4106586
3 4 19836346 25112597
4 5 36813024 8434336
5 6 90823046 52866990
6 7 54388281 70286295
7 8 99180420 15033758
8 9 92987547 66139870
9 10 96505742 67739017
10 11 8542371 29331269
11 12 46963915 39400549
12 13 2948830 72694067
13 14 59108977 78287561
14 15 69800580 53229051
15 16 8551474 38261389
16 17 16108563 17469566
17 18 8122764 6804674
18 19 73306004 85845605
19 20 76426523 20676200
20 21 67304401 56452703
21 22 37515083 61824757
22 23 81653356 64840202
23 24 28193047 49586017
24 25 31145609 98069870
25 26 53836338 49046192
26 27 10081619 26642892
27 28 83953773 12631813
28 29 83586217 91358598
29 30 79347588 99200515
30 31 9524281 24539305
5 25 23 1 21 30 9 24 14 22 15 28 12 4 31 28 2 30 6 25 17 31 16 24
9 23
25 24
1 2 96973520 27525257
2 3 58069885 19426258
3 4 21626941 60172090
4 5 66129840 39879059
5 6 57500167 71449996
6 7 79518857 63212626
7 8 97203743 49201905
8 9 47762534 43212865
9 10 275903 2811942
10 11 21679894 83207668
11 12 40274710 1652036
12 13 95338928 13718540
13 14 49126365 93925390
14 15 81703783 72931836
15 16 65259862 17350513
16 17 31320565 79226957
17 18 94079215 17729571
18 19 67193883 2042477
19 20 34818745 53210715
20 21 99703009 28058764
21 22 51688166 29441789
22 23 9896222 32463139
23 24 32064629 36483837
24 25 79515634 50434237
7 15 8 17 6 8 14 4 14 20 22 17 24 25 21 8 3 24 2 17 19 10 20 3
5 16
196 5
1 2 22501807 84020126
2 3 54233480 73297904
3 4 81978507 84054792
4 5 37982656 62977369
5 6 65815750 99858238
6 7 47010043 41414729
7 8 91593229 23998755
8 9 51654819 25960262
9 10 43312652 38190449
10 11 42100919 58433942
11 12 23343457 74546730
12 13 92502005 82084752
13 14 80095762 2368484
14 15 36955268 52852243
15 16 94167927 36935330
16 17 15746437 53208400
17 18 4775758 87409194
18 19 62850231 70435270
19 20 61988486 87555670
20 21 82696718 6568486
21 22 31865639 92412034
22 23 96233519 29691914
23 24 4597056 56630518
24 25 85214842 40202698
25 26 47375169 36511365
26 27 18575563 5119994
27 28 15965015 83784563
28 29 39053281 26355092
29 30 95452738 55251311
30 31 35985541 90469288
31 32 6654038 20723187
32 33 2690093 27323610
33 34 72069989 78954412
34 35 713072 89295935
35 36 27731689 77310101
36 37 38329025 51242599
37 38 16903914 15468405
38 39 66842642 32195855
39 40 19841068 70726953
40 41 48367566 46567294
41 42 42123283 53450868
42 43 80428249 80233132
43 44 7029170 58849712
44 45 90984183 52933824
45 46 46014739 79799634
46 47 35525832 68323425
47 48 83404362 74418234
48 49 13748917 66631212
49 50 71555064 31692055
50 51 80669992 56042675
51 52 77370375 93192710
52 53 62621725 79015257
53 54 81744671 9172529
54 55 72230426 96166857
55 56 58086559 35493226
56 57 59236529 80578743
57 58 75841350 22143452
58 59 6993764 96314988
59 60 41766076 57957349
60 61 9948493 11236111
61 62 80200075 9376975
62 63 81175743 49160567
63 64 70594583 98902019
64 65 42871084 57063499
65 66 59653963 66751086
66 67 89991427 34557095
67 68 54315010 98129580
68 69 78907526 49610911
69 70 97724831 58001288
70 71 95133145 98267963
71 72 27223696 48770444
72 73 23413267 79471466
73 74 21676907 38601373
74 75 87734526 14677347
75 76 82377380 62756758
76 77 97049999 4013380
77 78 85902241 73337342
78 79 72721513 16741356
79 80 44321558 74829055
80 81 63372189 26560686
81 82 26633650 39792097
82 83 61466516 41218766
83 84 79195145 58474887
84 85 72976777 63652978
85 86 90981491 66964672
86 87 50710853 96322896
87 88 42694490 99028779
88 89 87548429 58935139
89 90 61258005 37660224
90 91 46230488 62103862
91 92 2035825 92661107
92 93 13029460 8749837
93 94 53143515 62781420
94 95 66056630 39658357
95 96 32294179 49072433
96 97 86955040 90677819
97 98 74040384 58974067
98 99 21542760 47526144
99 100 68192654 13313684
100 101 74462344 85148146
101 102 55086114 82399844
102 103 87317258 61313892
103 104 40144023 60028813
104 105 4590270 93081036
105 106 2488700 76695292
106 107 53458897 18921376
107 108 45630167 77619252
108 109 69829424 93041485
109 110 1239671 82763077
110 111 37964323 66421304
111 112 32908504 64309459
112 113 90747740 51170342
113 114 22954633 19400943
114 115 27594921 27144018
115 116 59171820 12048702
116 117 81541609 37769662
117 118 58725955 49871759
118 119 30710579 35462735
119 120 89421986 91673701
120 121 21929452 75822241
121 122 61447764 21810997
122 123 59416864 10419033
123 124 47944618 11047869
124 125 76341871 49835422
125 126 42850576 95882727
126 127 32213939 18353349
127 128 4666053 46062777
128 129 14397561 46537132
129 130 87009015 34374833
130 131 3719454 15496597
131 132 98234836 80747658
132 133 72660363 94346723
133 134 85542822 43701291
134 135 47682045 70689817
135 136 78578947 2228146
136 137 63157033 4637028
137 138 91716173 75523722
138 139 84244636 73158552
139 140 34129448 89402447
140 141 88212688 23778436
141 142 98829323 91928940
142 143 75448134 74984654
143 144 52832489 72182327
144 145 36064551 46578688
145 146 35237242 61141507
146 147 48454989 90811150
147 148 46128805 84893156
148 149 49880837 33826340
149 150 9961249 20109852
150 151 44037938 39671879
151 152 16453677 76066048
152 153 67353786 76469797
153 154 6770944 64526009
154 155 21908662 49814959
155 156 79899946 81361130
156 157 50146664 22655139
157 158 77257128 25405274
158 159 40933340 3824833
159 160 15065505 80788249
160 161 59855502 43972449
161 162 55515641 51249183
162 163 7890355 43836075
163 164 25057715 74077880
164 165 61109326 72782345
165 166 82690215 51966301
166 167 9842170 66174876
167 168 28108149 14845243
168 169 95108800 85405526
169 170 84851626 62975414
170 171 20322432 20594400
171 172 50480075 61559952
172 173 45625954 31090048
173 174 22478681 70785867
174 175 45782265 32967842
175 176 77327354 30081951
176 177 4660752 62318213
177 178 51273895 70356504
178 179 68409656 50659256
179 180 80439972 69658291
180 181 98988258 12199836
181 182 26012141 22383690
182 183 50540717 84441256
183 184 25073511 64331030
184 185 57178758 16751415
185 186 56255432 9154804
186 187 97939948 58558856
187 188 32180246 67805392
188 189 85714305 58505700
189 190 99861658 6879108
190 191 81663571 76517152
191 192 44787622 46569491
192 193 69644766 15917709
193 194 1417461 78958492
194 195 32615907 99091119
195 196 30797331 31272418
153 54 146 33 8
31 180
165 150
1 2 69020505 91953600
2 3 59672522 66298011
3 4 95260775 26321234
4 5 83190908 36136702
5 6 81432569 8530920
6 7 98788785 88934994
7 8 93523343 75525799
8 9 93480253 46836600
9 10 20146826 96998932
10 11 26570405 10462187
11 12 3881813 13284827
12 13 29015328 47217737
13 14 952753 83568935
14 15 93678870 80910779
15 16 66377784 43540810
16 17 90090011 3202162
17 18 62976117 4581638
18 19 5067036 31056182
19 20 71683463 97241400
20 21 94734836 82862893
21 22 18003279 5270410
22 23 64117503 60180931
23 24 35641376 11221450
24 25 23534772 7404629
25 26 94342834 25700058
26 27 40630171 20097648
27 28 32642635 5535900
28 29 120454 52157552
29 30 63701607 8786367
30 31 88963029 4216955
31 32 69862408 41866406
32 33 43164321 39561445
33 34 45801927 83204885
34 35 11418375 33283592
35 36 410460 6689401
36 37 71218214 49757318
37 38 20799332 47583107
38 39 91501143 48407289
39 40 33888731 89263624
40 41 81119938 99915275
41 42 12405727 70388687
42 43 86914543 22762391
43 44 52208696 19127506
44 45 54110419 68792421
45 46 78540279 30360158
46 47 745236 53043461
47 48 16406200 25536285
48 49 50930193 84768636
49 50 27382104 36307610
50 51 11900621 91064278
51 52 71011217 78362672
52 53 95335089 99270975
53 54 55459917 27021933
54 55 53646910 96739401
55 56 5998696 6981943
56 57 56248960 16630326
57 58 19828682 1940109
58 59 95533079 65374235
59 60 78667438 51235986
60 61 15067435 66128865
61 62 21438584 88202050
62 63 44183937 36399012
63 64 58620868 16140822
64 65 19601147 20979949
65 66 67826703 89400266
66 67 58063387 96824387
67 68 99982555 66949700
68 69 36822487 74350938
69 70 40556909 70189431
70 71 33995845 93181055
71 72 7465190 7904823
72 73 32994186 51177938
73 74 39763714 14327857
74 75 31936529 42274261
75 76 60839347 71524290
76 77 91348405 24248324
77 78 51341682 45695457
78 79 16689882 85917041
79 80 14466497 16572304
80 81 44735172 44546612
81 82 1032783 13513
82 83 36159553 55786059
83 84 71522912 23955076
84 85 83262150 91032995
85 86 28125234 60061280
86 87 38448702 20481018
87 88 71670459 42237574
88 89 60921586 68312043
89 90 40138462 35745170
90 91 54224723 26907120
91 92 41536092 43720738
92 93 21820338 24454136
93 94 97829924 69175524
94 95 70172406 18263544
95 96 56186052 77084159
96 97 21800914 82935600
97 98 39796109 63637236
98 99 33916768 95731815
99 100 65067307 98180628
100 101 24446082 63511498
101 102 34821026 36990407
102 103 29259323 41790331
103 104 47090185 5137080
104 105 60444565 48166395
105 106 91217302 26408169
106 107 41023701 85678598
107 108 45795665 10753634
108 109 78476220 97111597
109 110 70544563 54700049
110 111 3951609 58467926
111 112 76467900 9553083
112 113 93113324 41114485
113 114 42382522 32334501
114 115 53058410 53082157
115 116 81473379 59846033
116 117 50607665 7951424
117 118 50349863 24361005
118 119 78146314 83197941
119 120 90253240 97767903
120 121 27312446 17513479
121 122 66367113 39432980
122 123 51489950 55225080
123 124 56625348 50484922
124 125 44146441 40869655
125 126 87955527 18676162
126 127 18149875 33334944
127 128 64799488 91546227
128 129 10679468 99314278
129 130 69522322 94561962
130 131 34026501 8223036
131 132 43734841 72700973
132 133 58548465 1209965
133 134 28003210 65609279
134 135 45204161 53200941
135 136 27024073 46619335
136 137 17147236 17539243
137 138 84019034 36742834
138 139 1698443 16613581
139 140 8817529 46499756
140 141 20434466 59741924
141 142 77609804 7920961
142 143 33241107 66937635
143 144 77178455 61825391
144 145 20411004 43483384
145 146 89822969 74038915
146 147 83221401 43957129
147 148 36756176 98107718
148 149 12787525 83916319
149 150 85930660 19331534
150 151 17389988 87484062
151 152 69268073 95149827
152 153 45171688 1966221
153 154 23213821 34424700
154 155 99476702 99798369
155 156 90647643 9638926
156 157 59000568 73996996
157 158 63676000 36782628
158 159 18480415 57038119
159 160 2475183 29977560
160 161 84339002 82177939
161 162 78652216 81994392
162 163 38213167 44941808
163 164 65075148 7799101
164 165 38250847 33866468
21 145 28 27 155 159 148 131 41 90 148 57 78 118 152 38 81 64 128 147 59 146 16 159 11 128 43 106 94 12 77 21 11 100 109 114 37 72 113 48 104 6 103 15 131 125 33 112 116 104 6 132 114 46 20 11 9 35 53 42 108 8 139 108 74 62 32 93 155 71 77 133 163 149 138 44 148 53 160 126 129 50 164 62 144 115 32 17 91 82 64 23 16 68 83 97 83 111 147 37 115 150 126 39 9 160 19 69 146 162 134 77 147 68 60 59 73 115 4 58 31 69 35 107 128 92 64 87 148 44 154 3 112 165 146 142 30 118 73 107 104 36 162 86 118 62 157 28 77 106
18 96
117 154
1 2 242423 17053921
2 3 73602386 53202774
3 4 88101594 72833277
4 5 58332699 50072913
5 6 48815829 61605069
6 7 6011970 14622001
7 8 67140356 22476427
8 9 30248501 43425718
9 10 28128299 57538125
10 11 27600876 34816497
11 12 40195632 3036409
12 13 6379101 96949368
13 14 885103 82957120
14 15 97844645 44458701
15 16 1418555 24266064
16 17 353289 76630852
17 18 50363044 34710044
18 19 7155077 91858003
19 20 24825027 1714765
20 21 62321086 63068214
21 22 91115369 32396005
22 23 61100209 57385358
23 24 55407390 53194348
24 25 92820198 21247400
25 26 79607790 34608368
26 27 68628886 4878792
27 28 95877436 49900712
28 29 24002177 45783008
29 30 7880851 39946821
30 31 4968395 32661642
31 32 20754056 52443189
32 33 92888434 84364630
33 34 87790198 93290925
34 35 91919357 79335647
35 36 6421471 10984654
36 37 65824016 12138474
37 38 47368466 68654889
38 39 10518472 16257499
39 40 15192800 41541110
40 41 12364844 83780326
41 42 88349938 20729629
42 43 36655772 23443773
43 44 72035287 76940633
44 45 33945348 10089314
45 46 89865802 34535714
46 47 90944613 43173160
47 48 9082183 20907374
48 49 2472903 39978198
49 50 92885020 69386046
50 51 64931849 45236550
51 52 27436361 69242334
52 53 56963295 43263128
53 54 17824842 2522123
54 55 81322502 7753115
55 56 19287656 85555119
56 57 39074728 50530055
57 58 8081957 60127552
58 59 39134437 90901025
59 60 9590724 93557014
60 61 96593898 56266195
61 62 84627356 93262092
62 63 7357181 56846238
63 64 78763816 94474155
64 65 12340664 92273807
65 66 10239133 42737523
66 67 98970809 78557779
67 68 80865890 46184499
68 69 91151349 30597729
69 70 63482362 30914360
70 71 51908051 98192122
71 72 49439531 40269860
72 73 23252572 98205925
73 74 52274166 96313688
74 75 1879680 25234800
75 76 50778456 2889369
76 77 61304649 23121283
77 78 47852321 5382214
78 79 25308900 62422754
79 80 91460210 5742905
80 81 60014461 85522383
81 82 15232 51838056
82 83 97598653 58584225
83 84 81105846 92375642
84 85 22914587 37723741
85 86 39266290 88962655
86 87 27100067 30047557
87 88 14662267 59520472
88 89 36824261 99420225
89 90 77908412 65468221
90 91 13345015 71698254
91 92 73439716 9288991
92 93 78023102 97683778
93 94 82441866 74713801
94 95 32234755 81630500
95 96 5723298 52379057
96 97 83812322 29738900
97 98 61888300 35068866
98 99 30436025 98225128
99 100 20824655 9753717
100 101 96146274 53912791
101 102 63024100 65713806
102 103 91540396 89431164
103 104 65265642 84020041
104 105 59254191 4613100
105 106 43258453 83702857
106 107 54521715 10810387
107 108 93999957 40027827
108 109 12597716 32909983
109 110 19600761 74216396
110 111 50824022 13535406
111 112 25542164 13674155
112 113 37336479 46857670
113 114 36985900 28446962
114 115 3552834 52992495
115 116 82586766 29233257
116 117 84829241 97528516
47 115 50 82 40 77 78 32 102 38 34 101 49 13 70 117 13 6 112 25 112 115 84 15 47 69 99 83 37 101 71 17 84 71 62 63 93 30 69 82 45 43 105 48 65 28 41 36 18 111 31 23 11 9 34 72 88 26 74 11 43 9 18 25 67 86 39 79 12 111 88 87 112 20 45 73 60 73 50 44 94 114 91 3 13 38 35 73 91 102 95 105 40 96 97 64 113 44 89 71 96 82 94 96 5 53 115 2 86 37 91 87 33 46 97 68 77 15 63 44 75 95 15 37 66 85 83 80 103 45 43 58 43 64 45 59 92 68 66 14 69 18 10 7 113 72 87 57 83 23 3 42 110 74
105 116
32 173
1 2 4573916 98734170
2 3 6664059 52414316
3 4 98545516 19776153
4 5 37707107 35003563
5 6 35582453 37845625
6 7 74956296 19892105
7 8 56534834 23542571
8 9 48274567 24704135
9 10 57169209 53658600
10 11 16415010 56817677
11 12 75262014 54422245
12 13 19158673 4603700
13 14 65906762 49871470
14 15 84844303 70995358
15 16 57096774 76820684
16 17 25345876 20837079
17 18 69553651 87883541
18 19 18262290 84497602
19 20 37828956 69179194
20 21 62410415 74811258
21 22 15202370 81601748
22 23 17650040 43395055
23 24 22732824 80236770
24 25 26093582 46184833
25 26 66106686 16924074
26 27 81883437 98262194
27 28 59963261 53677150
28 29 25245632 75118405
29 30 75514166 25076603
30 31 67346284 39336310
31 32 6867246 28236386
11 6 31 29 2 15 14 1 26 3 21 24 9 19 11 3 8 3 25 20 24 23 30 16 21 1 4 23 25 7 29 27 2 22 15 32 10 26 9 7 17 9 1 6 32 5 27 4 13 29 32 30 17 23 9 7 14 7 11 18 13 9 15 21 32 31 32 27 12 31 3 8 7 4 11 30 29 11 15 21 25 3 2 27 2 4 26 22 25 12 27 17 2 3 17 3 19 22 4 2 32 21 20 28 13 2 10 14 8 23 8 5 30 17 29 8 18 3 24 3 2 6 21 9 25 14 18 14 19 22 16 27 4 5 9 20 19 5 6 25 11 5 6 26 20 11 2 7 5 10 23 1 9 24 28 17 15 20 30 20 10 3 22 7 27 7 23 27 10 12 26 21 19
22 31
167 89
1 2 70113361 43397177
2 3 9379302 84370641
3 4 85656015 87443868
4 5 35199416 5237392
5 6 13162839 32287923
6 7 47298481 2300919
7 8 20788325 22098808
8 9 38845073 3744571
9 10 9632541 60494826
10 11 79523137 51472206
11 12 36571986 61607413
12 13 32394337 75024521
13 14 80836099 32671836
14 15 88704379 50019079
15 16 55217298 74539711
16 17 49695135 2503016
17 18 30232401 64650724
18 19 17985674 11727235
19 20 92880459 42958952
20 21 85357516 78999896
21 22 6558371 89941069
22 23 83571514 90262615
23 24 12178681 50266951
24 25 30940733 44940199
25 26 98863019 99823220
26 27 56837875 53185186
27 28 53968295 63749211
28 29 52287793 35945839
29 30 24135569 13285556
30 31 78059496 85750558
31 32 67154759 98482869
32 33 69196764 73183427
33 34 50969752 92737039
34 35 8275075 20058602
35 36 99387285 70414602
36 37 45103234 22024376
37 38 56332814 28770959
38 39 18163236 33188887
39 40 94237899 29657136
40 41 64577714 78378017
41 42 85479561 68261183
42 43 6439367 20507388
43 44 94485813 92969807
44 45 57763308 47418185
45 46 4348603 34797514
46 47 45997240 80435059
47 48 45638751 22443655
48 49 9557580 21058633
49 50 67075511 28635022
50 51 36492943 63343629
51 52 67439542 56714264
52 53 59386593 91225878
53 54 42347195 5514020
54 55 73798120 69847520
55 56 48756986 42887144
56 57 32149588 1660021
57 58 47689531 90778759
58 59 18365573 43194007
59 60 22663680 78105017
60 61 61017256 93428990
61 62 58115030 40111908
62 63 51144594 48966454
63 64 75768469 55922731
64 65 79954004 5439871
65 66 49869526 51423421
66 67 16958167 26725048
67 68 8751113 1334331
68 69 22749692 83229834
69 70 98813951 4555241
70 71 81746598 41380286
71 72 65103689 88890885
72 73 92347188 61348374
73 74 24796410 23829983
74 75 878426 25030054
75 76 9177439 90572760
76 77 97042074 30309162
77 78 83296200 93954402
78 79 24628076 14589131
79 80 40338373 99787703
80 81 49819163 753113
81 82 87493473 72836021
82 83 85947536 57962316
83 84 231197 526184
84 85 65306801 78314195
85 86 90196190 68500309
86 87 61699474 33861101
87 88 54481866 12195118
88 89 37466880 383062
89 90 29238837 78342538
90 91 39135586 34594754
91 92 9971803 18144629
92 93 46125675 11424219
93 94 25996994 8806469
94 95 73809661 34964900
95 96 96082970 67744267
96 97 30296323 75260357
97 98 63960937 81580286
98 99 85041514 296550
99 100 15324125 72639112
100 101 39770794 53225060
101 102 37947704 62556848
102 103 97206097 71570387
103 104 38101665 78573416
104 105 43032748 26769830
105 106 23420902 6534075
106 107 98995204 12958075
107 108 64930960 15788185
108 109 84957975 61334182
109 110 75392720 62312501
110 111 60633723 34631372
111 112 29685575 89776000
112 113 81963647 97701702
113 114 3689309 26542383
114 115 21279491 86530559
115 116 35794804 12211906
116 117 37725683 31760521
117 118 91088582 83172431
118 119 75951268 23586035
119 120 28235148 76732603
120 121 82485442 88851775
121 122 33184070 67286815
122 123 77499155 31518702
123 124 31773336 90735907
124 125 2841874 24079330
125 126 26679289 46117873
126 127 60869285 96547771
127 128 50754924 43140498
128 129 44915089 69308179
129 130 92173256 15126159
130 131 74702074 45871798
131 132 11119051 9412792
132 133 33697174 77796924
133 134 14853047 798854
134 135 34243719 13141791
135 136 37614438 15328004
136 137 90943739 19236054
137 138 70990716 60394814
138 139 54583959 69432344
139 140 87110160 54689088
140 141 74039100 20615006
141 142 58777395 24992786
142 143 59896056 33988594
143 144 37300271 166364
144 145 13333180 3983496
145 146 76306172 59805485
146 147 31669069 36513616
147 148 85277781 22311066
148 149 6364926 75102494
149 150 2374272 65744389
150 151 80028620 53229059
151 152 29578269 8835611
152 153 22054828 27246623
153 154 67749995 36791499
154 155 60719391 12951563
155 156 47114159 40121201
156 157 28075556 3793327
157 158 88481873 39074037
158 159 77135418 62620389
159 160 98725486 65088676
160 161 69208261 74347047
161 162 47016434 81626996
162 163 60067299 41779421
163 164 63978094 52507282
164 165 42893514 40919404
165 166 84751474 93189910
166 167 34329031 67175493
167 142 1 141 62 69 153 9 27 55 62 100 125 29 152 136 75 36 83 134 54 73 131 16 2 117 56 166 18 35 166 46 48 162 38 57 166 63 52 32 102 100 49 138 161 42 13 85 89 3 61 144 148 31 101 56 76 161 152 126 161 152 71 111 86 139 96 163 89 134 120 44 51 140 147 49 42 9 123 96 64 18 66 30 45 1 154 85 45
120 74
154 196
1 2 76426651 53670221
2 3 18598021 7818552
3 4 10875190 63084507
4 5 2814735 82882241
5 6 82355800 41263195
6 7 93119710 88181162
7 8 54716078 60291063
8 9 9877431 39049853
9 10 3504088 69257140
10 11 6892525 60691362
11 12 82323356 6113650
12 13 88346023 75287187
13 14 53175907 59902927
14 15 72957851 28908770
15 16 83583971 11317189
16 17 47249899 28059028
17 18 58644925 90263442
18 19 45457355 76536953
19 20 57603399 63209552
20 21 98482846 68468443
21 22 75926656 9353006
22 23 80276856 41588487
23 24 76409355 61770462
24 25 9953328 24569844
25 26 73901013 27135376
26 27 77883874 50698544
27 28 9691516 21403622
28 29 45622526 2348393
29 30 43107631 77320843
30 31 4688185 13241810
31 32 92275438 74430527
32 33 42546440 86488385
33 34 22686740 2191402
34 35 64094870 38807118
35 36 89566640 50055134
36 37 49763995 20464811
37 38 2368341 92106449
38 39 81581899 87320857
39 40 7146925 27990917
40 41 35509799 83413006
41 42 44833468 99866511
42 43 38787149 61592072
43 44 43300497 43873312
44 45 61428401 42778348
45 46 95990634 86867335
46 47 55784416 45901634
47 48 96707811 51125633
48 49 2903388 2726488
49 50 60013381 18658982
50 51 31083139 22573471
51 52 14417500 67919866
52 53 76946708 69688286
53 54 86171136 40473036
54 55 24979519 88353850
55 56 13559307 92749262
56 57 23152915 46260513
57 58 16915397 27255562
58 59 75177040 93945711
59 60 92026111 73168700
60 61 38659691 4329887
61 62 53216304 1458546
62 63 6461849 19460476
63 64 18251529 18822919
64 65 93507587 18930096
65 66 51462772 95181267
66 67 7130424 19856216
67 68 63481088 96650677
68 69 24830716 20266623
69 70 89986818 67779015
70 71 83216051 36768262
71 72 53998094 18123721
72 73 65897494 4667074
73 74 37060827 94646011
74 75 23402413 1939081
75 76 31776299 21630332
76 77 31630859 67263641
77 78 38549767 8150235
78 79 5803012 64700259
79 80 59268346 48307156
80 81 2472931 45035995
81 82 72689045 3789824
82 83 8099935 27422708
83 84 83145359 31941913
84 85 54636253 36843249
85 86 85088779 79562961
86 87 6030578 41073644
87 88 8236208 53549532
88 89 5565535 7366069
89 90 77891892 2271876
90 91 17298757 67553081
91 92 30277071 20643589
92 93 18195961 59379535
93 94 85891805 42637097
94 95 8061872 84918437
95 96 70743391 91964474
96 97 61602687 64400254
97 98 99600186 19220769
98 99 15164538 14713931
99 100 53105307 89934213
100 101 83762261 15844453
101 102 91451155 48887614
102 103 7205022 54316880
103 104 40701566 4572103
104 105 93566809 26001749
105 106 38648101 43379073
106 107 80724201 65011051
107 108 96005095 34730354
108 109 75922078 42996460
109 110 51219987 48599157
110 111 15425044 33991804
111 112 94528781 24154446
112 113 24262722 27856293
113 114 68206823 94600796
114 115 59974564 26839446
115 116 98792871 55289587
116 117 45356059 60336384
117 118 19782066 15396891
118 119 40154397 43738157
119 120 21806783 70745964
120 121 1119109 47975599
121 122 68821123 47205183
122 123 49345879 15990835
123 124 78610027 89557448
124 125 64925124 71087726
125 126 92295141 45938731
126 127 67036509 49805083
127 128 54236633 81378874
128 129 70892934 47691600
129 130 55197592 41014581
130 131 89933104 23027440
131 132 33545278 63925980
132 133 39503228 90135605
133 134 84719306 90262027
134 135 70851930 51861493
135 136 46257477 96092507
136 137 12913002 5503968
137 138 76361247 59614456
138 139 50175257 83515957
139 140 839569 56515744
140 141 57904165 61243369
141 142 60848603 72128473
142 143 51502227 46701829
143 144 57031205 70740970
144 145 24990143 37690697
145 146 86927144 49206251
146 147 77026037 11557846
147 148 59968452 82057656
148 149 42053561 40303285
149 150 51655007 82850447
150 151 65544769 13470810
151 152 70287734 54415292
152 153 37440179 20415821
153 154 43053366 5435375
77 103 90 29 147 139 83 25 138 11 94 40 28 69 116 133 151 115 4 143 110 84 154 28 94 16 47 18 101 133 154 105 136 43 143 83 36 17 75 20 14 26 148 107 75 92 2 126 7 109 69 17 104 71 111 152 119 81 128 68 101 44 60 90 46 8 146 10 151 113 11 7 96 80 86 48 87 104 76 74 130 97 39 116 64 21 60 72 25 39 104 144 104 36 44 140 130 17 102 110 108 128 99 49 117 91 40 93 108 151 14 104 27 23 69 140 69 43 95 60 34 79 103 38 91 45 29 125 23 95 81 151 149 25 53 66 31 61 60 38 6 64 144 20 28 11 51 128 121 101 1 132 151 21 85 2 43 113 28 95 98 18 140 122 112 79 48 72 146 97 22 132 134 62 112 26 148 77 98 104 81 32 33 44 100 103 121 147 16 49 26 24 49 126 137 118
80 29
37 8
1 2 72151654 67577685
2 3 6620557 37928081
3 4 46751748 38604427
4 5 25501094 2211746
5 6 8706050 12545461
6 7 62060315 61372927
7 8 3087821 60398114
8 9 14162646 45908086
9 10 63216723 4834939
10 11 88863013 65852589
11 12 89200406 58637957
12 13 64210136 93296013
13 14 43831552 88249914
14 15 34562941 27680818
15 16 36967005 28347183
16 17 70157940 53722966
17 18 34104532 62905785
18 19 26038816 18544626
19 20 48820555 68069601
20 21 86419579 14013909
21 22 79129400 40458472
22 23 43192782 46447973
23 24 27759096 50580456
24 25 73233725 94650799
25 26 3961382 52990965
26 27 35368695 86184968
27 28 45773116 88996673
28 29 54250517 60708980
29 30 70034935 85498342
30 31 61671777 56659202
31 32 87756908 92538378
32 33 9537517 36421564
33 34 4447273 44115031
34 35 28226351 12540789
35 36 2845753 63649991
36 37 36625689 39473908
7 34 10 3 29 18 9 20
11 1
119 186
1 2 21945058 72932405
2 3 14524610 67053734
3 4 14799990 27909332
4 5 21897106 77303317
5 6 54886921 64564049
6 7 92002560 23027589
7 8 32420305 18825478
8 9 73847473 48864184
9 10 26427922 90735748
10 11 52585670 89139782
11 12 30798688 21043520
12 13 2861037 52666548
13 14 45377587 81128556
14 15 5928341 57568433
15 16 82542220 64711059
16 17 81916602 78054537
17 18 94413945 90294069
18 19 93008548 54510822
19 20 29765876 33407256
20 21 81483928 99267044
21 22 33115091 90883528
22 23 35825369 54504748
23 24 60204315 82035225
24 25 33243576 66721575
25 26 95624364 1214562
26 27 67446037 42148645
27 28 695047 56534639
28 29 35231148 32879416
29 30 25468348 96488870
30 31 52682030 90759171
31 32 66231697 32092418
32 33 67107381 98832245
33 34 18961964 5070757
34 35 40086920 52901992
35 36 92177905 39480139
36 37 96906989 48005750
37 38 79799740 52220121
38 39 24041984 63231543
39 40 19344348 591030
40 41 52733479 95651873
41 42 15094705 51912262
42 43 7889431 70705259
43 44 3789690 31665454
44 45 87660638 33569497
45 46 53380086 35649968
46 47 30136858 5842570
47 48 62638492 61359496
48 49 51532568 29387405
49 50 51121925 36742729
50 51 74616543 79328863
51 52 71293353 45192731
52 53 63658461 22596826
53 54 53699221 42366173
54 55 3401339 67765808
55 56 10019 12227831
56 57 21444538 82673385
57 58 50019899 9662270
58 59 81001752 50932137
59 60 34686993 2301042
60 61 1226962 10721258
61 62 5637806 11595266
62 63 6853154 78728497
63 64 46848114 12518523
64 65 77806193 8651425
65 66 68308646 6508740
66 67 23754639 54254555
67 68 19829245 5619136
68 69 35650821 13590232
69 70 10798889 61560253
70 71 9678392 8977137
71 72 93840323 5813746
72 73 11240075 88120595
73 74 73839953 17584819
74 75 33812027 83415377
75 76 85310086 67594728
76 77 33578757 40773587
77 78 7756755 96499863
78 79 15449970 30493649
79 80 28067293 34937408
80 81 31598930 18535000
81 82 83627940 85928467
82 83 61364169 55184398
83 84 56588361 20108266
84 85 35106731 1883904
85 86 80527069 86485914
86 87 80561663 22857581
87 88 89203625 95083428
88 89 73848157 4480155
89 90 59699338 47555028
90 91 27811715 34580548
91 92 76767699 95160663
92 93 37720695 19679634
93 94 47087065 71408817
94 95 28268289 19495417
95 96 87015287 31759213
96 97 59402266 49808962
97 98 10172977 20606744
98 99 40919217 51114905
99 100 49162118 50559960
100 101 18725661 85883109
101 102 11470205 42176692
102 103 46550299 88680662
103 104 10747805 68628451
104 105 53091856 57134458
105 106 36777435 83072281
106 107 10044744 2304736
107 108 77313022 37495830
108 109 15571399 28503138
109 110 17771000 91771995
110 111 42533915 99429159
111 112 59543346 74474395
112 113 4574900 75126164
113 114 69861067 19690413
114 115 92044151 70850238
115 116 89428821 82382233
116 117 12047830 38228202
117 118 65594224 55498108
118 119 79655576 22699876
108 33 62 112 48 109 49 57 64 70 97 81 99 52 83 92 63 11 7 117 93 51 17 53 61 98 52 118 70 96 81 24 5 108 43 95 111 60 49 42 95 62 10 93 73 46 74 95 117 81 24 55 111 42 20 109 30 117 34 91 58 43 40 56 67 20 74 90 5 91 7 6 86 41 42 74 26 70 87 5 78 101 103 24 115 52 84 21 68 104 48 34 43 79 66 60 29 82 21 15 25 117 58 2 106 100 26 8 7 82 39 79 94 118 20 88 112 68 5 53 17 112 26 86 29 41 20 14 78 99 114 62 107 27 8 67 13 19 45 17 56 16 93 1 81 90 79 24 57 60 9 43 106 38 17 4 51 104 46 35 13 96 98 66 3 58 33 106 75 86 92 15 101 41 23 112 58 32 88 92 84 46 86 59 64 48
53 106
147 23
1 2 38516392 89601904
2 3 31629925 41372029
3 4 68854104 89708259
4 5 7978045 90010453
5 6 9961842 41948266
6 7 90873510 40216393
7 8 15394642 93836666
8 9 44525762 16138313
9 10 30443630 14606091
10 11 67431102 32865530
11 12 28476704 1915817
12 13 29223233 70981056
13 14 16206387 205028
14 15 53716719 9910748
15 16 56973676 16178274
16 17 18948811 13452162
17 18 4444387 45742724
18 19 14245327 5278863
19 20 91390568 88138780
20 21 37031590 1127104
21 22 46951523 1343395
22 23 54521942 61560898
23 24 99175891 91662734
24 25 14920514 26999289
25 26 97352009 32341073
26 27 28672304 85339680
27 28 81083492 85665581
28 29 89358677 37754647
29 30 47682464 3776120
30 31 37687332 66801631
31 32 59514572 63442748
32 33 95410321 71831235
33 34 4859631 96598240
34 35 22489121 9370665
35 36 9504778 91950672
36 37 96844282 65122275
37 38 71236861 77600965
38 39 1040529 57044844
39 40 76257129 22541870
40 41 89790810 48863549
41 42 93787867 75331508
42 43 60514833 63633608
43 44 56429888 80926854
44 45 46920556 3859670
45 46 519446 41478602
46 47 30246581 34848914
47 48 37311637 76855119
48 49 81715002 10461994
49 50 15994240 4388445
50 51 47742840 9952761
51 52 40585694 97106219
52 53 16805341 29855602
53 54 59643566 11936005
54 55 99300058 26349095
55 56 70554705 91612145
56 57 95480535 1974008
57 58 87134557 90618168
58 59 19271038 67924735
59 60 35361275 62074200
60 61 12713089 38236012
61 62 2331689 28220749
62 63 97717705 5115616
63 64 81524495 20944404
64 65 46863112 86890354
65 66 43898113 59886614
66 67 63601730 38856788
67 68 53290884 68329329
68 69 85626226 16601599
69 70 99576416 43109215
70 71 70540640 70991681
71 72 22686098 91217585
72 73 35397460 72094523
73 74 90638706 52239797
74 75 81827179 26543091
75 76 58895964 48912657
76 77 36805343 795282
77 78 81798874 35040804
78 79 47341017 36224680
79 80 3811334 65290383
80 81 19895184 94056988
81 82 64477079 61309858
82 83 17090386 98538728
83 84 83936171 30778406
84 85 42299216 87473041
85 86 62713395 29036055
86 87 1398145 92871787
87 88 78643948 89957217
88 89 70727189 33196730
89 90 57492927 22611797
90 91 52020168 20238885
91 92 61208389 36542068
92 93 55229556 83173512
93 94 72788003 38180794
94 95 60981550 45251030
95 96 71870096 25395876
96 97 89306687 30068514
97 98 68180254 16580704
98 99 90155185 62292154
99 100 40545063 5427049
100 101 33704355 85360879
101 102 8307315 31050296
102 103 5683489 79973075
103 104 91153911 21936357
104 105 87084739 60951759
105 106 82107016 63490079
106 107 59727207 91186548
107 108 88755044 40880532
108 109 7835412 38582631
109 110 65996123 58538340
110 111 119507 17993070
111 112 14758105 43403381
112 113 79951023 50352645
113 114 55011171 51186841
114 115 21610149 87333068
115 116 95047425 53813140
116 117 11504984 46487949
117 118 59129214 56001876
118 119 80746587 68448160
119 120 33856756 29959430
120 121 28320295 14786054
121 122 36490300 5989240
122 123 80837448 76359877
123 124 27056342 23092442
124 125 89760485 99941058
125 126 39189827 94544991
126 127 49119162 90989332
127 128 75460709 58338119
128 129 39277428 43597609
129 130 20775537 42724242
130 131 42540437 84420666
131 132 31696532 73625896
132 133 56343542 6066769
133 134 41227439 5183940
134 135 8079320 17527488
135 136 44752003 38345965
136 137 75535266 30617845
137 138 75058297 92361031
138 139 17256836 6616959
139 140 42083512 813629
140 141 69987070 34609668
141 142 8628653 55622433
142 143 49058915 22053526
143 144 51801244 26864469
144 145 23489970 68972039
145 146 28026374 68391430
146 147 85639827 40504472
95 18 11 107 18 6 87 88 14 66 69 58 101 91 79 145 111 19 83 11 99 145 115
114 105
148 10
1 2 75982740 49505423
2 3 34972875 94930147
3 4 4453836 15542229
4 5 13173075 63748652
5 6 53072472 44345300
6 7 44696962 37045386
7 8 30969005 13847710
8 9 4591515 30430432
9 10 63727641 46652712
10 11 27327498 43679509
11 12 70192261 41598842
12 13 61929369 79627232
13 14 49965255 17848172
14 15 89592819 21048179
15 16 71869210 61889066
16 17 82954173 88078591
17 18 43087122 82743588
18 19 6952725 11341843
19 20 35677534 76820071
20 21 50172365 31446426
21 22 98417563 23116038
22 23 32504361 29618427
23 24 62629093 64150999
24 25 55584957 82209167
25 26 61054511 13657543
26 27 72437982 78036807
27 28 32047838 88502328
28 29 34788301 20455030
29 30 84491696 38256310
30 31 30481870 23316736
31 32 27092337 92024235
32 33 63604136 52244116
33 34 38127413 51287555
34 35 87940587 8421936
35 36 96342207 36757922
36 37 34936579 23600540
37 38 49092487 76951107
38 39 21576757 43618885
39 40 29427824 34625281
40 41 29919144 78717129
41 42 27271901 81520995
42 43 30467508 29743778
43 44 42836959 53081773
44 45 41500822 68827756
45 46 98971023 55165658
46 47 43844402 18045426
47 48 75313240 25643862
48 49 9661154 75319985
49 50 84916097 7909736
50 51 39101561 61050441
51 52 4950659 46075832
52 53 3724341 56028381
53 54 84084824 86745329
54 55 99093289 69295606
55 56 6962035 71201204
56 57 68292113 20206748
57 58 25183642 38537294
58 59 21604833 26476064
59 60 69987647 55620314
60 61 69664415 1100290
61 62 81801811 6546786
62 63 73402257 50876990
63 64 66615331 87117116
64 65 74386176 64966490
65 66 47941750 20675121
66 67 38819939 93668443
67 68 90878928 26712150
68 69 17114333 98647631
69 70 3447161 57210518
70 71 97755758 16760742
71 72 23347223 37012832
72 73 67335405 87983546
73 74 43930164 37929414
74 75 5337684 26390920
75 76 33480620 57310541
76 77 27313325 56206537
77 78 37574334 69462222
78 79 78808709 54696564
79 80 74507172 39370947
80 81 37942465 70877548
81 82 93427064 87294232
82 83 20214666 73361008
83 84 67482585 56557078
84 85 37753280 35055277
85 86 86053303 30305027
86 87 35911848 60754591
87 88 46926499 98358787
88 89 93854201 10506010
89 90 60923518 86662028
90 91 957054 77218534
91 92 84439554 65785497
92 93 63632471 7704434
93 94 65367065 52747198
94 95 93899986 70568693
95 96 83358838 19176389
96 97 13841305 3963798
97 98 60201245 9260461
98 99 84478400 9907963
99 100 71187550 29239737
100 101 33926036 84599465
101 102 66923002 73610017
102 103 51923361 32559684
103 104 95965966 74645641
104 105 57346690 41013969
105 106 98899119 33501381
106 107 27824937 8998307
107 108 15713990 36334469
108 109 65333429 39522773
109 110 22284634 3316693
110 111 57677405 57294136
111 112 73250721 30413395
112 113 30214662 84585357
113 114 91459746 12753843
114 115 25218428 78546705
115 116 2639740 62776060
116 117 52600066 11161965
117 118 94142608 63128179
118 119 80281043 97196113
119 120 30307956 33954833
120 121 41202700 47076905
121 122 30969225 12120080
122 123 95413070 50322899
123 124 57331228 97192536
124 125 49758031 74896352
125 126 52659666 41746916
126 127 58636057 86011411
127 128 80554610 65176582
128 129 15800451 52924973
129 130 8251773 28681536
130 131 48134350 93451082
131 132 26680396 32610995
132 133 91827432 2374780
133 134 94208632 29499439
134 135 20078254 24414638
135 136 57615378 46122481
136 137 94157767 74971169
137 138 25954476 38770009
138 139 18160082 7298548
139 140 14528114 75408267
140 141 67152362 17048911
141 142 13656054 26567905
142 143 23768301 64776830
143 144 31446908 96646380
144 145 43803979 69125250
145 146 62046302 93525224
146 147 17998567 21128353
147 148 12321461 57486375
114 19 88 19 21 28 62 120 36 3
84 127
198 193
1 2 11396779 26702881
2 3 91331102 77205120
3 4 30717601 85882008
4 5 7422854 62613873
5 6 75464870 35979064
6 7 73714464 74768872
7 8 54136616 28303035
8 9 23776591 62088885
9 10 68368030 8541217
10 11 64654534 17979088
11 12 17867735 48038807
12 13 51353083 16923287
13 14 10319692 78507500
14 15 34646336 83208602
15 16 71276638 16820790
16 17 40819367 27101898
17 18 89066748 4800584
18 19 46635313 43676599
19 20 99852572 52594574
20 21 87614827 61980169
21 22 8626054 33349135
22 23 97626860 43596529
23 24 52092553 20420402
24 25 57063678 60123347
25 26 57060678 91911148
26 27 17335168 17499426
27 28 60999154 86027929
28 29 68744322 31248941
29 30 69728008 88019154
30 31 49433859 65017996
31 32 34283052 57465652
32 33 57673064 32060035
33 34 9160662 1165100
34 35 24124898 34308211
35 36 14282450 80164815
36 37 28885856 87920508
37 38 98664336 8068345
38 39 2219106 39168622
39 40 57274338 70466583
40 41 15287860 17593956
41 42 9202260 12876431
42 43 27367829 32819239
43 44 1758487 89276351
44 45 67602629 44601434
45 46 4435275 14875670
46 47 20829816 93833271
47 48 84494239 69666715
48 49 44854064 47758735
49 50 38886858 96200003
50 51 34516794 15103331
51 52 6834792 86275815
52 53 93467479 39938882
53 54 28455822 95860545
54 55 14401041 14612225
55 56 13309652 26602128
56 57 87623428 88934457
57 58 9173686 46062696
58 59 38894249 4167045
59 60 41182841 43087577
60 61 10858001 54040297
61 62 26207360 39859750
62 63 6264516 14282569
63 64 47489679 78945246
64 65 93310826 10977637
65 66 20952880 49550883
66 67 68560751 32366137
67 68 35494646 56316389
68 69 51947263 69537979
69 70 15685809 16885877
70 71 25813581 47702950
71 72 62929746 58977860
72 73 37067112 64570666
73 74 99858898 56733354
74 75 48783154 44261889
75 76 84119837 13925706
76 77 97035432 99319842
77 78 67518088 11736425
78 79 32600550 56525654
79 80 72750797 45447163
80 81 47071171 9291786
81 82 58906703 87215516
82 83 56239892 52585836
83 84 50060050 28298859
84 85 40460164 42877807
85 86 57458368 51989106
86 87 21075883 31523082
87 88 48868772 23643284
88 89 79168767 13292480
89 90 55444236 69764644
90 91 7773637 98158525
91 92 17979656 21177754
92 93 10925701 10486480
93 94 46148067 45843234
94 95 40699177 42750726
95 96 48086612 77639056
96 97 73508399 68683177
97 98 9610348 57949608
98 99 39257557 30210180
99 100 90207205 38097522
100 101 42237676 13869720
101 102 75107440 88829615
102 103 75842021 48226196
103 104 32989186 57868737
104 105 24648242 54665144
105 106 43618425 21777216
106 107 26901862 63202514
107 108 94657233 27874039
108 109 9927092 32924516
109 110 6728472 28752462
110 111 28947529 24441042
111 112 72856783 4330983
112 113 20968825 6520187
113 114 5047418 5689855
114 115 88311396 13598299
115 116 12718676 65894528
116 117 15376597 86691005
117 118 90770838 62035722
118 119 64490187 58660031
119 120 61767475 64577971
120 121 45367704 38876302
121 122 85764459 95779725
122 123 27247487 87221495
123 124 61645143 2484169
124 125 78143474 95990912
125 126 95925569 74255994
126 127 87903339 83248709
127 128 27818618 21865616
128 129 89130288 35037523
129 130 97900589 78244731
130 131 26443203 83597692
131 132 78196738 34272573
132 133 6513104 6592266
133 134 78757120 95024289
134 135 10076617 56494260
135 136 47018613 98418882
136 137 14457607 38640654
137 138 16717465 39608271
138 139 4811983 36707572
139 140 73832630 70124359
140 141 66377062 84540148
141 142 62844002 89049241
142 143 6869891 33125505
143 144 11638928 38336674
144 145 35378736 9541188
145 146 80722595 19499490
146 147 95189335 74628231
147 148 18175340 68435749
148 149 40466803 71356481
149 150 70480402 13802536
150 151 63775063 37909162
151 152 98863291 97519422
152 153 37907251 65638145
153 154 48885168 56521713
154 155 16235045 76376459
155 156 58771506 29802336
156 157 82120160 5870224
157 158 21891337 68558333
158 159 73074777 80076194
159 160 18277069 23577060
160 161 62648104 19743863
161 162 48410837 5042047
162 163 30736626 82914980
163 164 99753519 53056580
164 165 72381477 50457682
165 166 91022611 90111015
166 167 91781735 84753780
167 168 25133267 71867267
168 169 1954817 33347850
169 170 51532161 28571556
170 171 28000142 63823457
171 172 18675292 61202980
172 173 54910962 44695049
173 174 64738077 78950979
174 175 94766211 69478824
175 176 88945169 20452337
176 177 90642117 1089687
177 178 1714345 27271756
178 179 75212422 68980353
179 180 82463703 56196949
180 181 25421462 75332934
181 182 66106618 91625103
182 183 42906732 9525225
183 184 6653521 78349562
184 185 5483545 31350972
185 186 51874283 9338511
186 187 12715673 967807
187 188 67018858 37786947
188 189 64612658 34514628
189 190 48625753 14728989
190 191 61050523 75341198
191 192 31183754 24922548
192 193 81095432 19970897
193 194 72296248 14577565
194 195 66187227 43693998
195 196 88939927 37290039
196 197 44185788 7756922
197 198 47447036 99450121
7 23 106 70 46 99 17 160 49 169 190 46 69 22 161 137 85 133 167 10 183 184 36 62 22 104 107 19 104 108 94 142 40 52 119 176 116 158 172 110 189 132 156 76 67 62 178 173 110 147 168 128 163 104 89 109 90 180 80 88 193 107 151 79 128 15 171 141 76 26 144 166 59 110 21 161 78 70 16 124 132 166 3 149 190 15 46 83 148 145 147 27 78 34 195 121 56 187 108 96 177 20 38 129 44 76 63 181 119 10 57 109 163 73 67 65 58 93 15 191 53 115 110 150 191 87 135 51 106 30 77 176 89 164 64 127 159 119 65 198 140 190 65 158 68 7 62 97 137 118 146 149 4 141 132 147 129 116 140 166 7 155 187 83 29 159 99 56 132 33 38 179 69 1 147 54 168 87 82 91 165 121 62 120 58 66 156 20 133 153 166 30 166
55 111
186 176
1 2 33673386 64198997
2 3 55338380 43714312
3 4 29182007 70116895
4 5 4988310 90307770
5 6 6326233 19387704
6 7 20589706 46389689
7 8 11218602 85766439
8 9 24314907 20730821
9 10 1682749 74529692
10 11 93024890 59379723
11 12 64891995 36846935
12 13 78653628 66755570
13 14 52835745 8414615
14 15 87462659 65593764
15 16 51864001 15144967
16 17 62230880 10781980
17 18 12521965 53293118
18 19 11544038 46281874
19 20 5893338 57223714
20 21 73391909 68654614
21 22 37338395 57649692
22 23 27555313 39198662
23 24 30886418 60159824
24 25 82839982 48679469
25 26 67539047 24467
26 27 96368394 40304209
27 28 20612424 78770649
28 29 97041796 87937009
29 30 33693587 31641578
30 31 45809119 18807467
31 32 61823626 78811258
32 33 70824870 21663048
33 34 16070446 57847961
34 35 19605193 64139760
35 36 71055220 4747007
36 37 67187593 8111626
37 38 87578655 8416577
38 39 88135741 81000205
39 40 17637098 49877268
40 41 99819196 28640206
41 42 29033390 63146391
42 43 39274122 54604368
43 44 48376068 29511178
44 45 26908915 49053470
45 46 50116391 55714384
46 47 99664873 43088835
47 48 58355132 26057168
48 49 63883062 19465245
49 50 64428464 19480120
50 51 68191065 99786606
51 52 60010231 87131680
52 53 17800623 21985469
53 54 97294125 57479025
54 55 18255500 71765317
55 56 48414109 10563222
56 57 62944282 7064881
57 58 52525885 15652699
58 59 2693063 65779307
59 60 52751865 24906952
60 61 35469955 25186606
61 62 15358204 48222786
62 63 96397161 60531667
63 64 26619616 88358580
64 65 48114832 34026677
65 66 15201807 50195553
66 67 26064443 58433423
67 68 97027276 34664818
68 69 56549902 33263772
69 70 64225934 51005709
70 71 66074772 24402396
71 72 62392228 80115134
72 73 93272439 10811309
73 74 43005243 59486096
74 75 81748372 23221521
75 76 48313999 57381540
76 77 93220167 37592312
77 78 39808673 93650207
78 79 4418541 56065482
79 80 18467030 66969029
80 81 47797566 69468374
81 82 52159546 17032904
82 83 22718749 68642260
83 84 59888610 72453536
84 85 45759100 33168839
85 86 83461385 68064524
86 87 19359287 99770855
87 88 65236037 78302378
88 89 74635941 32189248
89 90 66710413 92041987
90 91 49398473 36621922
91 92 88821202 57686031
92 93 7161220 3509314
93 94 91816128 29531200
94 95 40063688 94009456
95 96 9036914 99861572
96 97 25224928 21116634
97 98 65926809 68165672
98 99 36100895 70654255
99 100 87981268 6709617
100 101 14391919 9491737
101 102 53233179 38827754
102 103 61552673 71861650
103 104 57938320 39604411
104 105 33411650 57504567
105 106 91169730 61241456
106 107 84097941 2925481
107 108 83559171 92015570
108 109 84797842 98046422
109 110 86637554 91688022
110 111 50213818 84603733
111 112 77974110 59231578
112 113 18405720 47795363
113 114 27450063 14696554
114 115 13185867 77887638
115 116 26968611 87957411
116 117 51270648 28688071
117 118 81854646 99619299
118 119 22209952 68081628
119 120 78999101 11956786
120 121 35527500 27571244
121 122 7654979 79609908
122 123 75036561 13632778
123 124 82265461 30204499
124 125 79216639 98106897
125 126 28892358 29073951
126 127 98349374 57176288
127 128 15170740 89093187
128 129 96249315 21020677
129 130 95123140 95330223
130 131 58640396 43545599
131 132 48499152 54668249
132 133 85821778 12453895
133 134 59060184 50472858
134 135 24762109 12215219
135 136 49461675 56701050
136 137 34332438 23318574
137 138 89945360 24911704
138 139 58486697 94130096
139 140 6867898 20633515
140 141 88241357 8011610
141 142 98841239 96321078
142 143 92775622 46073656
143 144 41173360 70203385
144 145 12008381 5654571
145 146 48536610 50782550
146 147 40002079 38143359
147 148 7987003 65663932
148 149 74416249 17882429
149 150 7668649 95097625
150 151 73309419 18843629
151 152 1501756 52634138
152 153 72742446 32620510
153 154 54838813 55836900
154 155 53001789 579078
155 156 76495262 89870658
156 157 44722231 51218050
157 158 28951000 71437414
158 159 29353139 3591982
159 160 54803279 78657837
160 161 70955977 30483335
161 162 11267113 93739099
162 163 32195483 641107
163 164 37188559 15362530
164 165 93159265 43962970
165 166 37288275 91923128
166 167 44345099 60544509
167 168 18258981 63658467
168 169 75933459 68229084
169 170 39800645 45869790
170 171 7753418 40613820
171 172 81409976 43737580
172 173 1584589 22213268
173 174 52800223 84821173
174 175 40455917 82288282
175 176 59588948 92073732
176 177 39861480 13669218
177 178 26271440 67530142
178 179 77147959 66833462
179 180 1867900 7300135
180 181 41610329 26857782
181 182 3365176 36240368
182 183 57259910 88931535
183 184 73994358 12980530
184 185 682316 11696581
185 186 97365903 62046411
59 9 16 30 77 81 66 57 55 96 98 119 16 186 167 41 85 104 99 72 152 7 157 132 92 139 53 112 120 157 176 88 110 89 152 29 128 174 50 104 25 26 54 43 92 36 61 181 180 31 141 125 157 160 40 111 157 113 161 92 184 68 138 69 77 160 134 118 69 63 25 185 159 89 146 53 147 72 78 54 90 110 98 47 167 181 36 71 5 41 185 178 98 104 3 132 69 148 38 151 59 84 21 12 28 63 174 15 32 155 151 67 109 135 84 23 34 68 24 159 100 96 58 157 51 152 71 86 69 10 18 35 94 45 74 186 120 154 136 122 160 27 164 47 32 56 114 49 35 153 161 44 175 186 158 118 51 32 11 165 176 14 86 15 114 39 181 67 159 60 169 84 156 31 138 16
151 184
116 128
1 2 7108453 64761242
2 3 58365440 63504239
3 4 86319021 4642747
4 5 58337567 30001141
5 6 17624307 33127825
6 7 40668420 87053567
7 8 62465544 2677830
8 9 55548843 3364528
9 10 5799230 24467843
10 11 43020753 14635247
11 12 27211630 54119375
12 13 23947854 76565104
13 14 70898234 81284117
14 15 9641864 8762460
15 16 70071117 81566036
16 17 70782869 35463186
17 18 96902976 85344266
18 19 4815324 57431470
19 20 88666602 74200261
20 21 57672352 48108812
21 22 96397420 40876696
22 23 49157395 77805945
23 24 38144030 82314578
24 25 97389401 27566628
25 26 11547727 36229640
26 27 74149206 35041113
27 28 64243780 61899738
28 29 44475524 10738838
29 30 39414971 86050279
30 31 62716443 25846340
31 32 26247262 89046004
32 33 53975004 69492722
33 34 13308762 38403027
34 35 16017431 17648158
35 36 39063244 99394852
36 37 99694977 66765781
37 38 79165437 13155215
38 39 44700789 94661811
39 40 73271233 6676721
40 41 52681215 89778915
41 42 12378754 53979467
42 43 61108598 84373043
43 44 78571736 21229881
44 45 75120591 33474
45 46 48198889 95798513
46 47 86892945 17678195
47 48 94046081 93432666
48 49 15017145 28675994
49 50 93567670 44399468
50 51 38150985 10876237
51 52 67667624 8349261
52 53 13896728 90132364
53 54 60292517 66976637
54 55 78746226 64161781
55 56 37518113 76338324
56 57 2557337 9994829
57 58 50291875 58707912
58 59 44713060 61296026
59 60 32280958 66804794
60 61 79619322 61298441
61 62 52212522 25944166
62 63 28312545 51590098
63 64 33739854 32886191
64 65 11629859 48335121
65 66 97101970 77441401
66 67 81211459 398527
67 68 63097755 36334531
68 69 50908883 69444307
69 70 77769589 9359123
70 71 17879449 90832482
71 72 94976685 20342738
72 73 1162685 59101181
73 74 66275782 98436043
74 75 85818806 42768265
75 76 99621516 2988909
76 77 83991399 37331501
77 78 21888522 63092025
78 79 13587192 32210494
79 80 71729601 26683811
80 81 87990972 20174564
81 82 44971359 995831
82 83 71402406 45649148
83 84 10140739 97967464
84 85 39303539 46056179
85 86 27472012 63217659
86 87 6801594 30586042
87 88 38149139 99047437
88 89 43535416 47396778
89 90 67122964 20114258
90 91 87834083 39922900
91 92 65905437 53287986
92 93 21884680 40333198
93 94 92617134 62561608
94 95 76479004 4414808
95 96 57173490 18188005
96 97 57201205 54747035
97 98 97080965 59878640
98 99 59831197 77647263
99 100 79140060 15877882
100 101 15151412 56235438
101 102 92938796 4446253
102 103 3147151 11213965
103 104 92610151 19008658
104 105 64025122 53204664
105 106 7078533 19964049
106 107 27184444 87072897
107 108 53300616 84350708
108 109 31640457 43484166
109 110 20827081 77492945
110 111 699675 18236039
111 112 93848452 31997003
112 113 42599524 85323359
113 114 39453471 41003556
114 115 416020 83375448
115 116 60062334 43795181
83 115 91 13 72 43 90 42 34 32 43 7 88 57 48 2 14 39 114 64 106 87 56 106 20 86 111 43 46 56 92 28 49 96 115 25 1 55 63 52 96 67 65 66 82 35 68 9 61 39 22 88 21 52 3 55 111 112 86 87 102 106 112 25 71 112 88 91 111 72 43 93 51 112 30 29 22 34 81 61 85 82 35 115 100 66 23 77 51 102 21 11 104 83 112 64 53 36 101 20 27 71 92 19 4 60 61 37 96 94 70 30 57 50 15 74 101 102 13 101 16 70 8 77 9 94 38 12
85 106
126 54
1 2 5142990 22165717
2 3 79600737 18664042
3 4 84446002 20913803
4 5 76843452 15671128
5 6 34429877 35551451
6 7 47513276 72333302
7 8 7654817 27402656
8 9 64147730 65690657
9 10 28595039 3384844
10 11 89510784 19930771
11 12 46851717 22762645
12 13 1658255 89062156
13 14 97412324 66549571
14 15 26283286 33866298
15 16 67767309 61490865
16 17 16868429 7436858
17 18 16678075 55773218
18 19 6347042 85351146
19 20 39148208 82853277
20 21 35942855 68594241
21 22 94158834 66467395
22 23 35487255 82178149
23 24 17673921 36199184
24 25 43616366 85748857
25 26 6521907 95288744
26 27 22068228 63982420
27 28 69874559 49551688
28 29 79473505 12141914
29 30 52874426 18238246
30 31 40098390 7085120
31 32 9251292 42156830
32 33 52040731 40465562
33 34 32929239 12950535
34 35 40638545 49085898
35 36 83451577 26472921
36 37 53693484 44356175
37 38 47214580 9398684
38 39 7055074 90847920
39 40 31916686 6549894
40 41 85022418 39248179
41 42 93351619 95109536
42 43 65292363 78272592
43 44 22609414 67478241
44 45 7106342 71820555
45 46 99822782 12668390
46 47 12030739 85465325
47 48 96728844 94755619
48 49 81585709 15768506
49 50 55347838 53387943
50 51 51911139 6015209
51 52 56245427 71396408
52 53 83620822 7924521
53 54 48630046 20162242
54 55 34630977 79672941
55 56 43401586 65494847
56 57 5576660 91136390
57 58 80280183 1609658
58 59 51521738 7552136
59 60 70883992 79730955
60 61 99174869 81978850
61 62 43278852 92121536
62 63 72291522 67063974
63 64 80015525 12707463
64 65 78876838 70859905
65 66 51048709 90015966
66 67 39731212 672827
67 68 54093569 19610615
68 69 56342000 60787884
69 70 65887940 34779377
70 71 87846693 33328
71 72 52731702 6670593
72 73 2106593 32693286
73 74 50699097 33632032
74 75 17444486 8058039
75 76 79419843 82732750
76 77 5172829 59393977
77 78 44220696 93394109
78 79 18531903 28307715
79 80 50378476 8007683
80 81 13353368 27754686
81 82 25883464 69939102
82 83 87750422 95379933
83 84 15089483 92717134
84 85 80564372 25946194
85 86 18814994 60562748
86 87 10614321 81244629
87 88 72709036 84293346
88 89 5692727 17567361
89 90 30725346 92954271
90 91 55514259 79544576
91 92 6080274 74461903
92 93 58369571 43325612
93 94 67698874 96288607
94 95 60191837 63873798
95 96 75255526 58878152
96 97 46935485 86658538
97 98 80063058 19567401
98 99 64337060 76998438
99 100 16149185 11120236
100 101 3067801 47698107
101 102 88997131 23673830
102 103 21927784 705881
103 104 16919102 81737220
104 105 66551379 53161641
105 106 77405246 48287753
106 107 67588837 40785871
107 108 47562969 56525778
108 109 93431406 50039229
109 110 98260761 70698151
110 111 47016185 13665321
111 112 46850253 75580064
112 113 61153646 71087347
113 114 86078925 52904438
114 115 28613616 77788350
115 116 29831775 51592661
116 117 28013678 25457768
117 118 34491050 63093461
118 119 67080693 62477042
119 120 59425985 61130366
120 121 59827917 54445259
121 122 11518664 6853202
122 123 94221534 73777898
123 124 19281503 72578336
124 125 34804516 82864261
125 126 44618461 25826183
72 95 42 120 43 69 56 93 87 89 62 84 125 120 45 113 34 63 54 58 45 62 57 75 79 91 111 50 69 54 99 37 5 9 21 32 68 74 66 63 73 28 88 52 47 108 51 103 37 91 83 16 50 66
49 70
51 127
1 2 73638835 9138753
2 3 61054370 6727583
3 4 41497925 76636036
4 5 70975580 30651633
5 6 13171742 97891602
6 7 19932118 70770364
7 8 76472597 93646444
8 9 19600238 39748048
9 10 34420091 69100739
10 11 10466409 6786566
11 12 93008297 64667702
12 13 36525113 19250900
13 14 85901748 52215842
14 15 17238768 23347537
15 16 53811271 98075616
16 17 59940638 2164275
17 18 30950205 43756049
18 19 42526647 77811092
19 20 21489491 33440424
20 21 73196573 61819302
21 22 20093603 82494017
22 23 18898376 56772449
23 24 54826826 98186734
24 25 25130775 57337274
25 26 12855519 17038183
26 27 98110343 96173774
27 28 92273744 52011976
28 29 22641264 62297816
29 30 55628396 64715776
30 31 1464251 29262706
31 32 98309806 99489159
32 33 67604260 89669288
33 34 69779065 66198469
34 35 88790359 95071146
35 36 54584506 14707220
36 37 56157592 36576497
37 38 43681747 14097895
38 39 15095323 38804031
39 40 79859106 27555877
40 41 10809302 75297724
41 42 53490622 45532161
42 43 44810276 15325370
43 44 565951 589472
44 45 40606405 61681425
45 46 46370756 32822023
46 47 52484424 45100423
47 48 5413921 91994963
48 49 10530557 84840639
49 50 75496798 65256802
50 51 60028539 71333636
35 8 41 19 50 47 5 44 9 43 33 42 40 11 30 2 24 22 2 14 39 32 23 9 5 10 39 43 36 1 19 38 42 1 2 33 14 34 17 5 45 19 3 17 21 37 8 10 24 30 7 35 38 39 16 33 22 17 5 51 5 28 14 5 16 11 51 12 8 4 20 47 39 36 37 5 9 21 38 44 13 34 48 31 41 6 5 12 25 5 37 11 31 23 37 32 6 14 24 45 23 26 28 32 38 12 32 19 15 41 14 28 33 30 44 6 8 44 10 51 25 43 19 5 7 18 27
49 32
65 69
1 2 92177241 46073582
2 3 43041777 50544485
3 4 5365205 59962724
4 5 4514077 51931794
5 6 65891031 8244593
6 7 46662516 75222063
7 8 87086939 24689622
8 9 51324352 97945304
9 10 51507058 23786140
10 11 96215082 59567819
11 12 10081487 94007059
12 13 93959244 26737401
13 14 69948176 77226297
14 15 16330380 40907832
15 16 49945207 67998440
16 17 66010969 35019855
17 18 73714295 13955914
18 19 21285976 43079755
19 20 66958089 35341465
20 21 58898761 3267134
21 22 25816604 42894858
22 23 15298185 79433248
23 24 11928896 89907805
24 25 24283971 74041771
25 26 6899574 28916582
26 27 18689182 12696173
27 28 76444357 67630604
28 29 56075560 18691090
29 30 24913348 92045209
30 31 68754969 45568216
31 32 44210766 96320866
32 33 45663406 98740352
33 34 12310657 61963796
34 35 54602567 883593
35 36 9274765 21668422
36 37 32188827 89600578
37 38 40724604 83642209
38 39 48082532 50944607
39 40 27806305 88059442
40 41 78726767 1187495
41 42 96468791 4545800
42 43 53516788 8146848
43 44 39349276 69468576
44 45 97696019 8041996
45 46 64121365 62204358
46 47 66795819 32929119
47 48 65098661 62187436
48 49 2950749 74602186
49 50 2262067 54790710
50 51 42545927 37148813
51 52 70601366 15582568
52 53 9942868 9204397
53 54 63761167 16548764
54 55 90937139 2418402
55 56 85381628 59196689
56 57 13851592 19634011
57 58 27722224 15202776
58 59 74390656 30645326
59 60 62897618 26554555
60 61 88389991 80076425
61 62 55517835 59851264
62 63 40065568 94640059
63 64 57830302 23790208
64 65 20373020 53089466
5 17 63 4 32 49 34 64 15 59 20 15 46 31 65 31 15 44 26 63 15 48 35 10 37 23 25 14 13 6 51 43 52 1 8 51 38 60 44 5 3 46 24 62 64 39 61 21 40 19 32 13 26 4 28 58 30 49 21 55 46 24 6 51 32 11 27 61 9
24 18
118 95
1 2 71303152 10655103
2 3 20542683 11939981
3 4 66114733 82257815
4 5 48754779 68181282
5 6 69535433 9520863
6 7 75159613 74619538
7 8 18168426 8023265
8 9 15415460 52745400
9 10 26939762 65197017
10 11 37443656 54457207
11 12 55279310 29404134
12 13 24428022 87815799
13 14 47830013 4276410
14 15 94442384 9460984
15 16 46765968 67998652
16 17 94622397 37922110
17 18 27116424 8162409
18 19 13503126 32780219
19 20 19805561 28503607
20 21 10904581 30251853
21 22 53688889 71407122
22 23 21011007 5245761
23 24 18708528 13551618
24 25 73096219 82591855
25 26 93370690 10345429
26 27 47280038 47621312
27 28 39422158 67327668
28 29 54313085 36750667
29 30 99142861 31020095
30 31 96032676 83055480
31 32 65409086 7477905
32 33 58823798 96216793
33 34 53719589 44363821
34 35 10860518 71496737
35 36 54586667 13448010
36 37 12671335 78089867
37 38 98122761 80543110
38 39 55219995 37823483
39 40 90748272 70124374
40 41 16622273 49420548
41 42 94284559 37953579
42 43 48859349 38081380
43 44 35004391 34611930
44 45 73351634 64331436
45 46 93680589 36663856
46 47 82603943 26955010
47 48 17589753 85486289
48 49 44386507 4113141
49 50 76295607 79093290
50 51 57830069 42170347
51 52 84987066 64937500
52 53 32979175 94648826
53 54 5804466 11112705
54 55 29035515 20920421
55 56 33219865 35041020
56 57 49533133 84590711
57 58 57099554 40602147
58 59 55071381 10759422
59 60 24241736 35140962
60 61 41750631 41010398
61 62 84231745 26983775
62 63 13269677 49459830
63 64 89702086 29331656
64 65 88679995 27297251
65 66 38648794 54166786
66 67 8878429 44945768
67 68 6415579 6272421
68 69 52359493 90975534
69 70 37959928 89789540
70 71 53603235 4760378
71 72 9829069 15626659
72 73 33032763 95293756
73 74 58286433 92573304
74 75 73581413 12608030
75 76 83048445 87237218
76 77 64311640 48739505
77 78 33510119 46712795
78 79 28674191 64454482
79 80 65629559 24289497
80 81 84961689 18330526
81 82 40550168 436670
82 83 95812805 58138361
83 84 23285883 68242628
84 85 79954206 48539507
85 86 47582638 68960706
86 87 78541583 43490456
87 88 81361747 93732226
88 89 58485505 4732507
89 90 3072064 98784322
90 91 80687764 54567572
91 92 9855124 48214934
92 93 97399945 5240665
93 94 19830089 90291161
94 95 50831432 40284624
95 96 19594253 78820294
96 97 28838873 73451156
97 98 90764076 57951346
98 99 24954226 67066468
99 100 32912380 87085384
100 101 85342199 52750538
101 102 3362869 73641237
102 103 68056414 745653
103 104 19348254 60983476
104 105 23775712 65182153
105 106 63165166 6941604
106 107 61926530 98408317
107 108 18282901 68791724
108 109 15166897 6607825
109 110 99958375 50375188
110 111 59285671 39862599
111 112 27825488 25838640
112 113 447628 78211932
113 114 45687132 68271435
114 115 80086992 46798896
115 116 7513558 77452452
116 117 97948160 50103570
117 118 40449580 38883774
116 68 14 44 29 31 37 35 40 19 58 88 2 109 71 6 85 114 102 71 92 85 94 17 79 56 55 17 82 87 65 100 97 111 79 56 110 96 103 82 49 94 56 38 25 65 87 36 95 26 109 5 113 78 1 40 43 40 39 60 111 106 56 99 8 58 21 101 107 57 112 11 108 2 114 86 71 16 57 90 80 37 105 69 50 38 27 22 98 44 67 106 66 41 106
63 115
194 26
1 2 92418724 12118199
2 3 10987550 74569494
3 4 14655263 15265724
4 5 68792384 92494518
5 6 36398421 75971561
6 7 13966851 27731622
7 8 62238148 40799894
8 9 94814559 82077330
9 10 26092291 44626536
10 11 43912939 75247824
11 12 57661400 71328028
12 13 77572185 36356428
13 14 1998829 6012552
14 15 18073812 79412738
15 16 49289580 54014697
16 17 23592622 32123919
17 18 49678988 74553439
18 19 69522405 37204459
19 20 22784542 21796496
20 21 80284322 55836084
21 22 9089192 18031607
22 23 13715855 14617241
23 24 17641804 73863706
24 25 66877170 57591027
25 26 52880996 28484128
26 27 83590499 32074994
27 28 91178800 94943551
28 29 15977766 93850507
29 30 59426319 17750324
30 31 28277328 22520823
31 32 38710915 79922396
32 33 56869274 29366681
33 34 35939273 22843270
34 35 73504293 43871941
35 36 94178057 1778218
36 37 68686182 83581469
37 38 887303 1357915
38 39 1415868 48333912
39 40 4026246 68314728
40 41 66803804 90308369
41 42 7803173 75487011
42 43 36929770 75179246
43 44 64273432 79061718
44 45 56214379 25401845
45 46 67752294 9835543
46 47 624277 46092055
47 48 32588542 56059729
48 49 29967413 85395080
49 50 93291790 60816556
50 51 26233389 79631150
51 52 50612742 35460647
52 53 97983896 30503068
53 54 26993664 81209523
54 55 84845194 75995494
55 56 18340512 40098084
56 57 78650805 93200048
57 58 43412096 13113370
58 59 39169899 86876372
59 60 54459681 65983886
60 61 46057780 61383540
61 62 50173096 16802057
62 63 96146695 81933352
63 64 42090527 1883085
64 65 31301076 65298980
65 66 70545808 16672212
66 67 95426301 59814058
67 68 2075147 55278492
68 69 20517635 65313457
69 70 77365685 68750594
70 71 94180582 39482938
71 72 33794298 1399429
72 73 4131609 13535766
73 74 50465644 20374069
74 75 71784357 47436611
75 76 45982273 45542318
76 77 27384951 10559463
77 78 79878897 72176113
78 79 73220177 56950116
79 80 26509703 72050362
80 81 25456653 55732921
81 82 97335023 34664564
82 83 75618648 38326280
83 84 27768261 42103437
84 85 18250564 26303826
85 86 75995257 81024846
86 87 82100171 65028699
87 88 36729990 23573081
88 89 57092943 18324860
89 90 47950742 16741055
90 91 87863025 90299314
91 92 46368635 53328568
92 93 98614012 80073557
93 94 64423812 21546852
94 95 1179666 52647269
95 96 80254754 98702104
96 97 16443790 3009978
97 98 48039997 62604526
98 99 3058949 34178178
99 100 95839693 41776499
100 101 35563829 90677154
101 102 41848306 26310418
102 103 26946242 94434175
103 104 78120696 7033062
104 105 63585488 96233956
105 106 6307277 35766574
106 107 8818869 72695068
107 108 71081671 84520761
108 109 183783 45559533
109 110 67478598 84444710
110 111 19702682 62228456
111 112 71709101 30746603
112 113 45057083 43572319
113 114 14954695 81444449
114 115 58137619 86771624
115 116 64982295 22931112
116 117 35514550 28066288
117 118 67837929 82661629
118 119 33100458 48981631
119 120 64721880 99801499
120 121 8439388 59971835
121 122 35342123 48118586
122 123 58023744 40092557
123 124 48037282 95251437
124 125 23531177 82651068
125 126 8878346 78437568
126 127 86367652 90921573
127 128 6754443 57372418
128 129 40731818 36341807
129 130 59290635 19496309
130 131 1428556 48114120
131 132 15386920 42171696
132 133 23850537 55054557
133 134 61659702 55134004
134 135 72894603 45231113
135 136 30065733 47103683
136 137 35086526 73622938
137 138 35302729 90401405
138 139 15164969 74455785
139 140 67782727 57339461
140 141 34409762 32300140
141 142 24890310 8810322
142 143 68759005 81198027
143 144 28656062 91619985
144 145 95956687 58214424
145 146 82889475 95799271
146 147 98352212 47701415
147 148 21532054 7038703
148 149 89879764 29487041
149 150 88999773 77068381
150 151 87704182 51662960
151 152 22037591 37671108
152 153 42482556 72283701
153 154 98789977 72866250
154 155 63968888 48781610
155 156 10476535 96747753
156 157 88321833 18108705
157 158 65830035 5829359
158 159 97233107 71956907
159 160 89557030 63318113
160 161 57652404 17423920
161 162 83099496 79948099
162 163 26504631 17347075
163 164 46186176 57078606
164 165 84552321 9522383
165 166 10698001 32544895
166 167 38948503 54055151
167 168 94909863 87084421
168 169 8637383 6435426
169 170 90846070 11233073
170 171 14097215 49871198
171 172 6177027 16559176
172 173 62947628 99069901
173 174 71667358 14626222
174 175 19642048 96784596
175 176 60104073 68870314
176 177 59103546 96445515
177 178 78154442 70597968
178 179 98249332 40336949
179 180 64864003 75573051
180 181 98607281 1740863
181 182 83648019 52166670
182 183 39524094 63278142
183 184 30911419 94702960
184 185 66563492 77356953
185 186 17023508 96771777
186 187 32568542 55256865
187 188 8243809 73368350
188 189 42427307 61804295
189 190 76206932 39173994
190 191 17542501 80544240
191 192 29150471 71056527
192 193 48111827 5383866
193 194 33216403 2888301
114 34 191 156 174 192 130 124 184 90 144 160 184 88 114 40 68 114 46 130 62 77 92 162 126 87
68 121
21 39
1 2 41556876 28195509
2 3 81109793 66484831
3 4 12817795 13620070
4 5 90892917 6145799
5 6 65373470 58489253
6 7 30943767 13168569
7 8 59770022 94371598
8 9 83862429 73558722
9 10 83050102 71339861
10 11 22276021 60201273
11 12 7227414 79602404
12 13 60051181 61073762
13 14 1987654 7765907
14 15 69996866 86285941
15 16 45712465 45066919
16 17 40353671 41102690
17 18 78171400 78298877
18 19 11657646 85785579
19 20 56321536 73852370
20 21 4275323 24466780
12 16 2 16 9 1 13 20 13 19 16 17 19 14 8 12 11 3 17 20 14 5 19 5 14 6 3 15 14 5 2 11 9 12 19 1 11 14 13
4 8
96 123
1 2 26719210 80623714
2 3 64671411 1087394
3 4 2454870 52178947
4 5 8084733 99615475
5 6 54547075 97180663
6 7 30480234 4952280
7 8 88804034 42243380
8 9 80841804 55657133
9 10 21604911 14066846
10 11 26336455 43260027
11 12 44772752 72371205
12 13 18270051 58364859
13 14 22545657 83372262
14 15 76406210 85508458
15 16 77549909 86382434
16 17 47182257 128434
17 18 53210602 12935320
18 19 20347297 58608685
19 20 93266230 57241498
20 21 23313106 19306984
21 22 91563087 94665597
22 23 4995984 83749098
23 24 59186297 55957415
24 25 41939079 9664205
25 26 49309534 76361647
26 27 10627081 64490343
27 28 7496279 15226460
28 29 61480224 89057603
29 30 89350539 38301708
30 31 32976865 65001955
31 32 3602043 50095119
32 33 89891129 97728512
33 34 700475 65634017
34 35 15356352 20519797
35 36 77308796 94532936
36 37 87901728 9761837
37 38 4898700 86559198
38 39 18057014 84315207
39 40 96511462 58114266
40 41 81172929 53599532
41 42 83131218 96568599
42 43 65419617 41951510
43 44 81203982 71126279
44 45 5332671 13369482
45 46 54885585 785771
46 47 51006993 85439632
47 48 53041837 7130130
48 49 45408202 16088235
49 50 30331362 66175460
50 51 84615879 79521626
51 52 35932542 58960984
52 53 70989281 63740590
53 54 55740772 10823478
54 55 37560261 23373926
55 56 74485990 9245897
56 57 61688816 65987549
57 58 47720298 14334573
58 59 11773004 40653195
59 60 44941505 64121170
60 61 55866463 68230376
61 62 89157474 22393184
62 63 26069122 83054114
63 64 95155056 95260216
64 65 33072128 14479591
65 66 45756300 8621681
66 67 53336088 22888983
67 68 95605236 31533803
68 69 34909722 44484978
69 70 11556797 7082784
70 71 19925090 87903216
71 72 8782102 4940323
72 73 25210739 95121197
73 74 94595531 56039952
74 75 53403877 10496854
75 76 85577830 87770382
76 77 52322808 79881272
77 78 50719037 30719425
78 79 27665593 84180649
79 80 12855000 18994515
80 81 79766985 94777846
81 82 37464523 27222136
82 83 39393036 66504409
83 84 36628866 30939459
84 85 99551421 77918191
85 86 96338954 74812325
86 87 63020086 37080185
87 88 43070595 20316615
88 89 69802573 62948874
89 90 74989306 42820814
90 91 45853901 24988019
91 92 27249690 18794221
92 93 2499495 46936345
93 94 31496047 80746416
94 95 89561299 17337421
95 96 65010440 85373509
12 41 22 92 82 83 96 93 25 19 75 93 18 56 48 24 43 12 30 21 63 21 49 78 55 9 18 5 9 77 30 91 49 29 32 19 16 35 26 66 45 51 64 38 90 79 5 57 12 23 24 3 30 15 5 62 41 43 46 2 81 37 16 77 6 23 86 71 75 61 1 29 12 36 28 25 36 52 38 68 90 32 72 43 16 92 17 85 48 65 90 15 58 30 74 94 91 76 68 32 47 22 1 34 52 68 26 7 92 91 80 94 72 77 93 17 85 66 8 4 58 14 66
26 86
46 153
1 2 40808644 1806514
2 3 38475862 22628948
3 4 660582 77409575
4 5 15522562 97471586
5 6 75007909 78848220
6 7 38824605 85037930
7 8 30277738 55676452
8 9 59861006 81825717
9 10 78158222 59834090
10 11 31652123 79459715
11 12 78197846 37261985
12 13 86278688 22945549
13 14 84514141 14929488
14 15 1603200 78191698
15 16 94602362 14955713
16 17 29239675 46750817
17 18 95421691 79776651
18 19 53183281 94213539
19 20 93495660 7588920
20 21 40115288 13802070
21 22 77898621 40698144
22 23 811195 51363624
23 24 96656347 32080299
24 25 30953356 16045421
25 26 30723446 99902096
26 27 4033207 71320469
27 28 30640945 1691864
28 29 11002104 39200017
29 30 32297044 76238013
30 31 95224139 19602160
31 32 93310797 77261091
32 33 85329109 76878405
33 34 28921656 96968576
34 35 37190069 88541521
35 36 56086379 678219
36 37 75673785 34193810
37 38 67464251 82133618
38 39 84508857 67300259
39 40 53616629 67795500
40 41 84585059 81398054
41 42 88839754 37242444
42 43 84354455 86479144
43 44 42165987 48230049
44 45 56925056 77385381
45 46 5745151 55787519
27 44 7 41 23 40 25 31 29 13 29 10 35 21 45 14 46 13 39 5 10 44 41 20 33 19 18 38 33 29 1 4 21 13 24 31 5 46 39 34 30 1 38 46 12 36 43 31 29 10 33 41 11 21 19 7 2 1 41 42 21 19 18 9 15 24 43 31 8 12 20 22 40 2 42 5 16 33 21 4 24 32 3 24 7 8 14 29 27 2 30 33 32 27 16 29 41 27 10 22 25 10 25 29 16 5 39 44 40 34 10 42 7 23 37 36 22 14 5 41 4 39 27 29 5 36 20 1 32 29 34 2 23 33 1 6 44 46 39 46 38 15 28 14 26 43 36 24 20 22 15 22 10
18 45
88 90
1 2 82611611 20951409
2 3 90594353 21052979
3 4 20379957 13878286
4 5 81418094 28539765
5 6 97668391 871547
6 7 73434681 69866339
7 8 54100659 71177046
8 9 66524965 88626179
9 10 69342171 30488394
10 11 86259285 18329233
11 12 17138775 65237170
12 13 77841836 12084880
13 14 57854155 8251766
14 15 44671891 17702747
15 16 64331136 56962981
16 17 59194176 88660875
17 18 51578854 97023964
18 19 21592739 51336538
19 20 39802831 72159088
20 21 47950144 59327240
21 22 9976417 20903537
22 23 35141201 24600164
23 24 49854958 26580970
24 25 18516136 34382733
25 26 33245805 37148888
26 27 19663790 29087137
27 28 41337954 81497794
28 29 13815293 63223120
29 30 82202798 69084231
30 31 21566415 32343575
31 32 28062189 19995434
32 33 23323526 78411235
33 34 69350977 94653077
34 35 43222254 85868937
35 36 15755255 8184626
36 37 41244350 16429847
37 38 76870064 96628773
38 39 50870426 2046596
39 40 64206582 24401134
40 41 77089284 16072733
41 42 8924872 33613328
42 43 52891087 95881199
43 44 83208137 73019274
44 45 39374001 48470716
45 46 33976522 22349892
46 47 5604587 43217525
47 48 55766831 56477245
48 49 8887580 93427768
49 50 29123000 82404066
50 51 75746123 86414152
51 52 96140833 60516425
52 53 17771837 47736285
53 54 40610952 34676441
54 55 91881584 2254689
55 56 783026 82332047
56 57 46040606 94256111
57 58 13790626 10028784
58 59 85565292 78959930
59 60 70454959 20576249
60 61 22693783 77520799
61 62 42968690 45568819
62 63 64477929 65169786
63 64 94759055 93560454
64 65 8043926 78197650
65 66 45479208 32199994
66 67 7041430 19107077
67 68 31112520 30590337
68 69 59550512 24178284
69 70 60270063 56884458
70 71 71217239 87120352
71 72 61653341 69615085
72 73 1684563 76443106
73 74 39928848 84747603
74 75 30128166 63893476
75 76 50935143 77233585
76 77 45628551 60373115
77 78 64016668 79158
78 79 71151742 90319508
79 80 50085923 36224729
80 81 98690542 3188938
81 82 30266010 72263846
82 83 46621522 65219014
83 84 81012662 84311361
84 85 96509617 79830536
85 86 39465498 31706118
86 87 51359069 84301053
87 88 59336581 67311710
65 55 11 57 38 68 10 76 45 3 87 16 5 71 12 9 40 87 14 46 79 33 12 42 18 68 27 42 26 3 27 15 18 76 69 10 26 15 62 3 60 13 58 35 87 26 63 52 43 58 47 6 1 88 33 51 58 34 31 81 26 67 22 69 9 38 16 54 43 85 71 61 1 2 14 22 49 77 64 75 41 75 33 72 37 72 14 71 46 29
7 5
82 18
1 2 12829750 11109902
2 3 5180546 84136773
3 4 41849396 52150116
4 5 85556209 62976848
5 6 68280248 82018278
6 7 52444689 71561213
7 8 68963286 77869730
8 9 28604393 65024395
9 10 60632204 37506487
10 11 61990564 88318746
11 12 69705007 38018146
12 13 75221527 31496840
13 14 65606259 63529576
14 15 37606160 33182131
15 16 25683001 56759542
16 17 9260238 37443117
17 18 10912348 20707728
18 19 76394382 50191773
19 20 9236280 37455131
20 21 81899147 37203453
21 22 38921522 45551707
22 23 42591328 92428904
23 24 30715118 61230890
24 25 72785700 70472673
25 26 85700182 9370922
26 27 44362242 94782099
27 28 55000479 28054658
28 29 61012346 73826972
29 30 635402 69309135
30 31 4251597 29497296
31 32 14877898 87855587
32 33 49482918 87630653
33 34 17752291 4697442
34 35 88411088 74299172
35 36 24745209 60684846
36 37 4372827 46808791
37 38 81239224 2475673
38 39 74279609 62569150
39 40 96339138 28737492
40 41 45653854 31261997
41 42 49274033 12557890
42 43 42607346 96426888
43 44 29385089 40051109
44 45 24489046 48877866
45 46 17047599 66900762
46 47 41655825 7360838
47 48 61864249 64781457
48 49 52352699 19339473
49 50 35137008 97628214
50 51 63887958 56850925
51 52 91065574 1913209
52 53 43270450 58232124
53 54 28863302 27661175
54 55 36018714 86812996
55 56 17043059 5473893
56 57 41321029 61445862
57 58 39487645 23631268
58 59 92432525 78116617
59 60 96358697 71298845
60 61 39338425 33089240
61 62 37740687 88271576
62 63 33108438 19292111
63 64 40934190 94506759
64 65 19797100 23203276
65 66 24557309 47852824
66 67 83783649 63319505
67 68 378742 78455162
68 69 96930048 66275021
69 70 48967060 98575926
70 71 89457427 72072776
71 72 48963297 37742999
72 73 45205732 32841
73 74 61404648 22499185
74 75 20711644 64067364
75 76 83343746 12911280
76 77 13988173 23941717
77 78 55577146 59248656
78 79 45735452 7505844
79 80 57360923 60528395
80 81 2360248 26461838
81 82 79706134 41547163
35 45 55 72 61 17 82 20 45 41 43 26 1 34 82 64 78 12
18 48
73 141
1 2 64709346 93029955
2 3 93262765 94563242
3 4 20943315 66846171
4 5 70832568 95770692
5 6 62911490 30524774
6 7 5394044 94374691
7 8 33453109 68081854
8 9 6422398 43953924
9 10 40380634 24638691
10 11 84388193 17540958
11 12 27378517 93154361
12 13 69990953 19785022
13 14 14750338 45109895
14 15 79656225 40559870
15 16 39141244 482981
16 17 22267879 85946086
17 18 33561978 22969037
18 19 55242571 80904592
19 20 37763587 96539679
20 21 51168985 84864422
21 22 68085021 17089364
22 23 46100230 299635
23 24 48683093 50856660
24 25 6613587 88441066
25 26 93668119 11726819
26 27 95921485 93088652
27 28 19852801 71560114
28 29 60910831 30579286
29 30 23192430 32650526
30 31 92716978 60518736
31 32 1925959 32109713
32 33 43028218 44097645
33 34 57235156 87766318
34 35 64249156 89777777
35 36 37980242 57549002
36 37 984828 75863360
37 38 95553061 29745623
38 39 62811473 17809532
39 40 12215379 22310900
40 41 21550327 55747866
41 42 53689129 5761317
42 43 51170268 66275139
43 44 50095069 6562911
44 45 3882823 27015681
45 46 37247732 52870133
46 47 23537325 64923886
47 48 57288636 87419190
48 49 49327224 64990977
49 50 26858207 88470409
50 51 17211574 37066887
51 52 5145675 72727285
52 53 43103793 91980989
53 54 51653328 95159884
54 55 35657444 14186130
55 56 78040511 95775111
56 57 84426444 62345001
57 58 43482173 5596547
58 59 89965760 27934516
59 60 23605226 11331611
60 61 81455621 7957800
61 62 72991907 89040267
62 63 5608309 72725083
63 64 59179286 12924542
64 65 4152774 87632259
65 66 72189118 24929501
66 67 24730382 2208446
67 68 53249414 55732169
68 69 1578970 97720141
69 70 19204628 9599569
70 71 53828222 24989994
71 72 64289133 25185279
72 73 4043015 92910872
26 30 33 63 43 1 42 5 15 42 34 29 14 24 34 59 45 69 39 18 57 53 68 24 43 47 43 35 44 50 21 50 23 70 60 52 3 27 54 36 66 63 47 5 55 44 30 8 24 68 63 34 45 12 15 4 21 19 21 49 68 29 28 29 34 22 18 30 44 3 55 43 62 37 25 60 4 45 30 39 12 53 54 48 16 61 20 72 68 37 61 71 37 16 41 49 53 47 36 40 13 72 66 63 32 60 59 69 42 64 57 20 1 62 60 53 71 38 59 1 25 32 64 66 31 72 32 60 19 21 9 49 63 43 67 57 27 65 13 56 1
69 50
154 173
1 2 92384152 42168350
2 3 32496243 8988791
3 4 21928321 87478368
4 5 1492394 54471596
5 6 79878425 57685686
6 7 6004168 78526506
7 8 49238301 89908690
8 9 54773053 97548233
9 10 72033010 8442567
10 11 21766763 12519379
11 12 93498866 4289947
12 13 24680641 54343284
13 14 85265530 6820146
14 15 2349095 99228134
15 16 35035447 15537408
16 17 25899283 12684273
17 18 96722078 72046615
18 19 70556462 88737322
19 20 12604969 15772864
20 21 38076638 54771211
21 22 13679620 97169414
22 23 99819923 36508792
23 24 54076608 54848115
24 25 11582361 40095314
25 26 12869565 98471394
26 27 71630654 51794426
27 28 67968224 17221948
28 29 34153730 53408738
29 30 84410273 49199282
30 31 24080586 32682934
31 32 70133932 30380749
32 33 54388593 7689567
33 34 57229577 96008659
34 35 16346372 10776533
35 36 19201956 3055715
36 37 44998495 21899259
37 38 43680731 48128877
38 39 21988229 84634005
39 40 67707717 97521013
40 41 3693583 82575532
41 42 48079473 18235778
42 43 90769355 77811570
43 44 27155252 72099724
44 45 79799606 82130959
45 46 96997553 7685255
46 47 93565068 28941116
47 48 67503207 85551214
48 49 85755397 89116932
49 50 6053890 62519377
50 51 42176759 9134210
51 52 90092753 30559759
52 53 97292188 52758163
53 54 45868914 61505560
54 55 47336495 89508015
55 56 5979453 38398347
56 57 4156692 88501792
57 58 19818632 27965666
58 59 45923602 38778564
59 60 74019346 52601202
60 61 37797513 98579320
61 62 1186136 9607888
62 63 74281438 25975787
63 64 68321491 13688880
64 65 38790712 41263571
65 66 54184386 9757299
66 67 73921493 71834185
67 68 5568530 98201842
68 69 12965587 25565351
69 70 63742458 12331596
70 71 59154834 43075089
71 72 22222586 95585532
72 73 14109338 72176159
73 74 32280281 86732300
74 75 10586965 57933844
75 76 54931006 34707180
76 77 6031427 74317285
77 78 51591659 52939837
78 79 11520563 72373224
79 80 58158409 8423907
80 81 94826329 35825708
81 82 38475720 34738948
82 83 20521827 32308131
83 84 33307208 70285785
84 85 71799201 94970794
85 86 11382471 84303700
86 87 74302528 49813981
87 88 53654533 3606307
88 89 84409039 55335320
89 90 19766765 25520428
90 91 60226802 16633539
91 92 6287626 83343493
92 93 23853124 5514645
93 94 27475396 51107086
94 95 70210309 41904010
95 96 32138774 20584027
96 97 16463929 64597713
97 98 41193138 66878967
98 99 62407162 26754236
99 100 96060814 52273885
100 101 10515429 1097629
101 102 36416838 5856876
102 103 75976773 34200039
103 104 52584572 27160688
104 105 67500184 21589981
105 106 96405767 51966262
106 107 88696914 7416923
107 108 9263502 73624557
108 109 2670769 79916996
109 110 10056640 51893773
110 111 70114612 33545979
111 112 57671610 21774625
112 113 9640523 19909357
113 114 15215329 24136508
114 115 91863380 29684053
115 116 86782708 42702921
116 117 43123977 49704997
117 118 4176115 88035548
118 119 96433256 40718810
119 120 43301729 38279976
120 121 13510623 43543721
121 122 71446777 5619932
122 123 50274197 34381418
123 124 91377863 82583278
124 125 69516296 89025877
125 126 11989550 57380166
126 127 72760944 63833357
127 128 74735294 4967996
128 129 41216714 26389642
129 130 27876659 57257200
130 131 39287394 59130436
131 132 58538496 43611243
132 133 72824179 95370204
133 134 82247882 79856029
134 135 8002714 11252478
135 136 9051509 49087970
136 137 94721042 96422684
137 138 35364220 74499024
138 139 11146665 92454032
139 140 86815636 72405372
140 141 43790998 16562877
141 142 21306754 54448479
142 143 90254295 87452801
143 144 97099434 68041965
144 145 57079428 11962734
145 146 20509729 19995755
146 147 68858906 60425350
147 148 64201588 48275400
148 149 87691809 54143877
149 150 20710765 77945878
150 151 10596944 86290137
151 152 97913190 35538159
152 153 30732431 3878961
153 154 94447690 74398
138 94 151 73 120 33 92 76 126 31 29 109 148 20 100 126 64 17 76 105 148 10 139 25 37 82 126 112 2 110 147 137 91 86 150 18 79 117 147 67 69 101 91 11 25 18 34 5 151 89 81 90 134 45 154 142 93 140 133 151 30 62 149 2 148 140 132 17 29 77 85 25 97 70 96 24 21 53 121 152 143 89 74 73 15 40 82 62 21 72 138 28 5 16 37 66 50 74 134 147 44 139 88 85 36 90 84 72 30 49 18 9 31 85 140 58 49 19 107 28 35 56 11 71 145 68 143 1 90 29 3 44 78 27 7 52 154 66 138 57 70 56 39 116 126 75 77 35 20 41 15 114 113 50 18 59 8 107 68 17 105 71 99 18 131 19 40 138 147 137 52 50 78
146 91
184 24
1 2 7045777 82193301
2 3 83330317 82022435
3 4 39659483 28219306
4 5 1526538 73566222
5 6 74573580 69783170
6 7 88922937 16762066
7 8 27176903 10369340
8 9 82124200 30300551
9 10 53428896 43488739
10 11 77977097 4727079
11 12 72037375 95068156
12 13 39954432 93039701
13 14 67542131 15021455
14 15 91272323 21810190
15 16 67491775 5265078
16 17 26217517 37161678
17 18 40610887 84474284
18 19 12137387 39894258
19 20 45717664 30954672
20 21 689539 58017236
21 22 19385094 83088918
22 23 72016523 32472406
23 24 88572689 10652247
24 25 82982298 37687812
25 26 24778678 62234332
26 27 5509734 39584095
27 28 33547164 5292487
28 29 94860507 38376225
29 30 28171685 37044779
30 31 10393781 45874421
31 32 90335927 87851780
32 33 27070147 50848198
33 34 59442773 87634929
34 35 59115922 94849865
35 36 37200294 88769437
36 37 96988797 3142896
37 38 14011673 93490304
38 39 91733331 50348620
39 40 14170945 19110300
40 41 8917177 13287786
41 42 311304 31556171
42 43 74093226 51346065
43 44 89720703 10666088
44 45 91772953 42816187
45 46 41696505 55038378
46 47 81927173 52363294
47 48 92711178 37524545
48 49 58758520 12781877
49 50 94091316 53898780
50 51 80746253 30567146
51 52 74204457 20666359
52 53 6981941 29626239
53 54 28527547 18867661
54 55 76124581 13546255
55 56 95792456 53454453
56 57 31226912 82424516
57 58 98206471 28887117
58 59 74236900 96560620
59 60 66032052 76603607
60 61 5630818 9235683
61 62 47911642 81222366
62 63 77278512 17216657
63 64 3266430 47790626
64 65 12401166 89663234
65 66 62276532 82397850
66 67 92052785 18002059
67 68 3147101 15488593
68 69 22780918 56811423
69 70 55313977 47561074
70 71 38357658 16999485
71 72 71776046 85326543
72 73 66935448 2229937
73 74 24750738 89710540
74 75 57485701 71398693
75 76 26917211 64396777
76 77 9718551 35310311
77 78 85135823 30635678
78 79 87011146 64212009
79 80 89246185 96654409
80 81 98462501 33103846
81 82 88828720 53731079
82 83 32913615 3980537
83 84 2753496 24563092
84 85 42590305 43649757
85 86 56589160 55261304
86 87 41399149 60495869
87 88 77873965 49552683
88 89 71234711 12017145
89 90 79758370 62358638
90 91 34262059 82920613
91 92 56049984 57219564
92 93 59132762 4488956
93 94 95433944 62767118
94 95 82309394 78590719
95 96 35603147 14897154
96 97 38954739 78430427
97 98 62375337 16584567
98 99 48340651 57980806
99 100 24932629 56199428
100 101 94063251 36301699
101 102 87154585 83729887
102 103 33894516 43191392
103 104 18572118 87277577
104 105 16378156 68091047
105 106 61712329 31407051
106 107 62905452 88704381
107 108 11902809 34728853
108 109 94952910 43290237
109 110 7223852 17232379
110 111 44552595 28708831
111 112 73979497 82583859
112 113 36427602 87396117
113 114 46096446 91453836
114 115 27520071 62177602
115 116 49619719 2333872
116 117 8580821 17719740
117 118 74684344 92551983
118 119 40547195 64192643
119 120 12673106 63571182
120 121 55728347 10681115
121 122 51819939 57076686
122 123 95447012 13508456
123 124 44370059 45830496
124 125 3413730 27737973
125 126 50245881 43827347
126 127 33854605 33475624
127 128 10594223 67551526
128 129 79837443 55974582
129 130 80027637 35412619
130 131 38427284 54791978
131 132 92348906 6956054
132 133 68559502 77930538
133 134 12547337 27327670
134 135 95329354 74183063
135 136 2762410 3845868
136 137 10672689 78174571
137 138 17136261 36521763
138 139 81361127 17209592
139 140 23602490 67725335
140 141 86441574 35384109
141 142 39100033 82473030
142 143 82242657 92154533
143 144 78241367 73670967
144 145 65337668 58864217
145 146 66920201 53537335
146 147 42868609 51809125
147 148 18772095 12426716
148 149 81676719 94471539
149 150 12981165 76119461
150 151 97066748 54289910
151 152 55950370 3696330
152 153 59390740 16478145
153 154 60706992 23802720
154 155 36021930 47864642
155 156 27175860 89798293
156 157 79607081 35874912
157 158 13188745 29735987
158 159 8334841 35418979
159 160 83171112 22579704
160 161 71792643 36782427
161 162 26626984 25844187
162 163 1375527 50016834
163 164 60507736 71884453
164 165 13618335 44408281
165 166 34007289 55703065
166 167 99204191 56638079
167 168 81785463 57602512
168 169 52115328 82333424
169 170 94148353 42143136
170 171 33005747 40312002
171 172 81419926 64500996
172 173 20809781 79564988
173 174 97497905 61425905
174 175 43709214 1177942
175 176 63758192 65204792
176 177 15165372 32940403
177 178 44546577 99134087
178 179 10386651 38912731
179 180 66398731 58024821
180 181 13242563 63083979
181 182 6781692 43039352
182 183 31656780 11221932
183 184 15551982 62510637
148 121 166 131 56 148 150 123 87 167 153 5 102 123 90 138 23 11 63 181 91 15 39 69
95 68
61 65
1 2 58218579 32863385
2 3 2547377 97242257
3 4 69526346 68706770
4 5 12497117 89553272
5 6 8060223 61411002
6 7 52328228 80494639
7 8 89496858 43316844
8 9 22614588 34784909
9 10 87792565 55215263
10 11 10009693 84225443
11 12 31270868 62204755
12 13 32721911 65844035
13 14 97322449 38159646
14 15 16872765 68647106
15 16 14349720 89015175
16 17 70955312 80384901
17 18 15796153 41849467
18 19 197501 3235682
19 20 59239969 79445825
20 21 54413894 59870327
21 22 75129722 51122425
22 23 32323573 15291763
23 24 31385133 35917177
24 25 41011787 56264568
25 26 35197276 24667693
26 27 44064126 48699128
27 28 4176425 11074225
28 29 45151616 85622826
29 30 2586460 2238077
30 31 96892650 75810747
31 32 8503822 14139496
32 33 1227811 72346589
33 34 42559408 34117309
34 35 31397000 1489133
35 36 38210933 58108792
36 37 29963673 29393435
37 38 94628005 50557307
38 39 44015522 80910692
39 40 70214175 22319924
40 41 27301209 63829929
41 42 67900736 62385525
42 43 71591220 67531778
43 44 74197973 98092509
44 45 21043106 11364138
45 46 93081707 6738068
46 47 2509481 19264433
47 48 86128129 43182080
48 49 54176030 12914312
49 50 97578507 22565700
50 51 48568300 45203049
51 52 19844397 96036849
52 53 69506 34575375
53 54 76191421 84630461
54 55 35631653 45884287
55 56 94431020 16540932
56 57 70392085 51122687
57 58 40096390 97967467
58 59 66533835 53927257
59 60 59224547 93355126
60 61 55542384 50067946
26 24 61 16 12 20 36 49 9 15 33 8 52 2 53 23 10 50 15 32 28 57 25 1 29 23 53 34 40 47 59 10 36 21 35 54 16 38 56 48 34 43 7 8 19 17 57 23 39 42 39 38 21 13 47 54 14 42 27 7 29 36 6 43 34
58 23
5 137
1 2 3919852 4928553
2 3 47808539 2481311
3 4 34612796 8057254
4 5 21003718 5565424
2 1 2 4 1 4 2 3 5 2 1 4 2 3 2 5 1 2 4 3 5 1 3 2 1 3 4 2 3 1 5 3 4 3 2 1 2 5 1 5 3 2 1 4 5 4 2 5 3 4 5 1 4 1 4 1 2 4 1 5 1 3 2 3 4 3 5 4 5 3 1 4 5 1 3 5 3 2 5 4 2 1 3 2 4 1 5 1 5 2 1 2 5 2 5 1 4 2 1 3 5 1 4 1 4 2 5 2 1 4 3 1 2 5 4 1 2 3 4 2 4 2 4 5 2 1 3 1 5 4 5 3 2 3 1 3 1
3 5
168 121
1 2 59363415 52438701
2 3 66797996 52177338
3 4 86583414 21790688
4 5 19326960 49325353
5 6 13054572 61431795
6 7 78719344 10308340
7 8 66527943 76099753
8 9 27913381 8338423
9 10 53935640 12383028
10 11 94413748 4930777
11 12 74664032 42369770
12 13 49892341 73439507
13 14 48124765 98109687
14 15 34879098 54051421
15 16 37655014 84588386
16 17 52542010 32809994
17 18 15645972 27664089
18 19 12287877 42812968
19 20 99768182 46182550
20 21 43297662 27768831
21 22 61337826 19731761
22 23 70604781 72775430
23 24 7166490 77719311
24 25 75312995 88060154
25 26 9434854 25616928
26 27 39624874 54348596
27 28 58950619 15083129
28 29 67018831 20201141
29 30 40053120 51923745
30 31 41298187 61353488
31 32 14358621 32985437
32 33 52276273 99766488
33 34 42011138 20342770
34 35 622687 99254332
35 36 56759397 85189853
36 37 51241957 87818262
37 38 54353115 49434462
38 39 9993 20383514
39 40 34528781 60794641
40 41 30884747 2895539
41 42 79397606 43610749
42 43 40887587 59151323
43 44 54698903 52713199
44 45 21253707 97577959
45 46 9890566 75551316
46 47 46498306 50734935
47 48 59367161 50455328
48 49 43161075 66882126
49 50 63162671 79406587
50 51 95932775 36372048
51 52 6443762 34007789
52 53 96302535 63020818
53 54 71206721 93852796
54 55 27920978 92700854
55 56 38334702 37550001
56 57 78190875 25315694
57 58 94581256 6302605
58 59 57987038 31481497
59 60 4676362 66837340
60 61 78597996 23702008
61 62 3989258 55806746
62 63 21066433 12817817
63 64 83112596 80820794
64 65 70440368 71953703
65 66 33114609 73136804
66 67 6992823 55834626
67 68 51929070 67142760
68 69 1134472 80559877
69 70 40616477 76626240
70 71 94276281 54207219
71 72 84894467 23858304
72 73 39128975 68206203
73 74 31266145 98122440
74 75 12505946 43556820
75 76 30992619 34195072
76 77 46550246 27564209
77 78 11297408 32691166
78 79 84819986 83025856
79 80 64943607 8887680
80 81 65173149 24441930
81 82 85405351 52554650
82 83 51148470 75507366
83 84 51412915 82819625
84 85 13071790 98671270
85 86 41455165 8594717
86 87 53843954 19410962
87 88 4451212 69245879
88 89 60330856 79520092
89 90 23076846 18658590
90 91 97655250 41832873
91 92 82296976 82213621
92 93 7377702 3074211
93 94 1740514 43082144
94 95 37744436 74280751
95 96 83174778 44806749
96 97 54432839 4303029
97 98 22264444 75165554
98 99 82738136 9323693
99 100 25631163 61350166
100 101 95644945 74241354
101 102 39984357 22961653
102 103 97344941 7926268
103 104 72105555 4428676
104 105 852027 22375697
105 106 65867002 184500
106 107 18286142 18628369
107 108 84105465 37473110
108 109 96518280 87104244
109 110 85889815 90710724
110 111 46128972 36673950
111 112 4836518 69473747
112 113 7794018 6011463
113 114 86681942 67606957
114 115 69296803 12349871
115 116 66697169 20588656
116 117 11235931 61988194
117 118 74829921 23720439
118 119 2726001 59799863
119 120 65915337 99108886
120 121 65936703 96729897
121 122 6337863 44936565
122 123 28576159 8925780
123 124 91811949 76666763
124 125 19550899 17268587
125 126 98957468 15903801
126 127 19153302 55085063
127 128 2457345 91122812
128 129 14992727 94628658
129 130 66763687 11455179
130 131 55008052 63622123
131 132 31421848 56549357
132 133 14172081 37536404
133 134 12161962 59836073
134 135 19146489 92298905
135 136 31712601 92055669
136 137 52080556 48657697
137 138 59639944 10252372
138 139 97266923 50555928
139 140 95575453 66704037
140 141 76785178 89298222
141 142 67688987 2146981
142 143 40310829 57126595
143 144 72853662 95173457
144 145 85638716 85097133
145 146 25212443 45610783
146 147 8481580 97885244
147 148 64438050 10091853
148 149 52575030 28719581
149 150 71085427 38133250
150 151 38004575 27392211
151 152 71248154 74506340
152 153 81849299 48223434
153 154 1338445 7477895
154 155 48655306 76749607
155 156 46061422 45645935
156 157 36953527 60996180
157 158 17524838 5301786
158 159 66246442 12524107
159 160 70092884 71780500
160 161 66778233 73934467
161 162 94246485 93045579
162 163 36507267 86537102
163 164 34572788 38846717
164 165 22605636 45561219
165 166 59176713 40298792
166 167 32964283 82343093
167 168 71985247 49064254
128 14 24 127 17 114 35 144 93 34 14 160 91 44 48 168 130 59 91 131 148 78 14 139 5 47 143 129 141 34 29 36 91 127 86 100 55 146 8 67 104 158 96 56 17 155 87 12 59 22 132 47 142 11 89 9 46 48 89 139 140 34 31 157 124 147 57 90 99 65 85 130 119 25 146 167 142 109 24 3 60 115 71 110 30 23 22 69 68 123 157 168 114 24 63 150 4 80 113 162 23 50 89 118 119 84 17 20 109 154 19 62 21 106 86 23 110 160 65 5 99
114 58
156 126
1 2 88276447 17740449
2 3 3941002 70814106
3 4 1252453 31360562
4 5 43799840 65889254
5 6 87305632 29260500
6 7 4053634 11690555
7 8 97002152 56785480
8 9 3852363 93744181
9 10 216411 24009279
10 11 90973638 45198640
11 12 53088439 19842881
12 13 49315982 91789624
13 14 2628600 21331893
14 15 35826046 49743336
15 16 48432721 53593873
16 17 44417547 50681810
17 18 28762495 10352933
18 19 77519558 83924246
19 20 97313660 71868628
20 21 55303672 2048155
21 22 94750260 55884220
22 23 84510119 66536313
23 24 29353947 87653378
24 25 53246792 66488696
25 26 95517768 72869556
26 27 44958725 56523162
27 28 15670107 1150959
28 29 42763418 46381750
29 30 80674802 38355139
30 31 63669872 54516858
31 32 29299903 49979912
32 33 55888587 75033381
33 34 60060590 86113714
34 35 40652854 7125615
35 36 39487018 49443626
36 37 76626647 96893836
37 38 73450728 24988345
38 39 14278939 16677539
39 40 61938228 3283134
40 41 77752295 70757849
41 42 81349156 49600222
42 43 26582621 89015358
43 44 49946655 30795909
44 45 16537156 4938621
45 46 55621848 69068512
46 47 24383447 61285983
47 48 1054598 60510340
48 49 81428737 986827
49 50 83586029 73294647
50 51 46261932 94688705
51 52 80659644 91522315
52 53 61217312 44797721
53 54 15420068 56396525
54 55 2136953 45465237
55 56 28994846 30924910
56 57 83866965 4864486
57 58 61126704 80256520
58 59 66779886 70783978
59 60 17049625 88981027
60 61 398232 31153871
61 62 34633294 74137074
62 63 69309122 16238341
63 64 62900918 29157223
64 65 22849935 41219492
65 66 41660626 96925253
66 67 93099239 57223182
67 68 90151637 35738951
68 69 26368388 57026659
69 70 85722221 74473056
70 71 88825269 85388915
71 72 80579887 83465768
72 73 52782308 41223404
73 74 27199018 44896870
74 75 84165747 21336468
75 76 90755057 88889094
76 77 28285418 3891634
77 78 5361747 72396420
78 79 52166962 77799001
79 80 96791789 15774355
80 81 15957007 2425395
81 82 68140051 23732151
82 83 19969583 80521896
83 84 65747838 46968723
84 85 40263644 15501331
85 86 87694538 83626694
86 87 7710435 63497015
87 88 12217326 97577873
88 89 14758087 44504952
89 90 86526091 19056355
90 91 99715797 82458049
91 92 99532995 92975093
92 93 70386601 23492334
93 94 23251906 18476607
94 95 1927612 27691097
95 96 94686103 7315920
96 97 18257991 85163782
97 98 48028842 95810531
98 99 83631527 49712527
99 100 45933233 60354595
100 101 14838411 1498840
101 102 13285417 31335538
102 103 34365769 30904876
103 104 14615364 54105593
104 105 52514838 57286943
105 106 76298062 74119344
106 107 21797816 41841068
107 108 15820497 2358391
108 109 7914232 92391998
109 110 52170357 60468230
110 111 58953108 54937061
111 112 43347906 60566571
112 113 1963177 4538651
113 114 68976049 59903682
114 115 16096545 77283626
115 116 34730141 11864295
116 117 77871346 21045230
117 118 31641104 55840353
118 119 55784466 99978616
119 120 89448542 45585291
120 121 97337231 88837308
121 122 32144515 22042180
122 123 88061194 91542806
123 124 15901536 30529312
124 125 769218 79164915
125 126 88978334 21688432
126 127 70458375 77269640
127 128 30129739 23729817
128 129 46060226 85063768
129 130 53021074 8005226
130 131 27109859 51709582
131 132 24173451 56587697
132 133 80178599 69074834
133 134 52556585 30833443
134 135 13630024 57462105
135 136 6526710 95667797
136 137 25415970 23656640
137 138 51013439 92650675
138 139 54797136 65092674
139 140 71264953 83812461
140 141 69691027 41471900
141 142 75875087 96815759
142 143 93957549 94935287
143 144 43258040 89361419
144 145 67687119 39673180
145 146 3906546 35389218
146 147 10669287 49644463
147 148 1331252 20139203
148 149 450886 54454926
149 150 19394137 72723187
150 151 35763887 33613129
151 152 61169741 99708311
152 153 37098321 60202445
153 154 33035320 17013535
154 155 24856761 7079110
155 156 28798299 95415025
124 65 39 103 2 98 113 28 40 14 114 141 101 64 73 14 132 90 26 141 117 99 96 60 118 92 10 39 23 106 42 60 70 2 72 78 155 25 4 56 110 128 73 93 127 112 107 43 9 100 111 154 135 119 47 101 131 146 153 141 55 71 67 28 66 151 114 69 113 115 41 106 112 74 106 63 4 2 128 6 53 109 107 127 149 112 131 77 27 76 97 82 113 62 8 129 137 40 88 72 67 88 44 137 43 89 79 7 35 38 26 43 19 86 149 89 130 2 5 20 92 27 42 49 33 12
128 58
72 3
1 2 16530852 32447031
2 3 24956077 64381752
3 4 74180809 91696083
4 5 5599633 84251293
5 6 46838024 76253910
6 7 62138938 36741903
7 8 3630347 57561287
8 9 1349679 6488653
9 10 27657194 34764583
10 11 10730012 60411838
11 12 55201709 44091579
12 13 26602893 73138062
13 14 64745714 8467070
14 15 98668 4868216
15 16 70958661 5836758
16 17 74132945 11391772
17 18 39176663 99749656
18 19 27885139 82717629
19 20 83887746 80258611
20 21 35416536 56117829
21 22 35309463 28695560
22 23 91403867 35862516
23 24 58902989 36194531
24 25 81467920 17060497
25 26 4342596 21183960
26 27 51828052 2026340
27 28 90049000 3087743
28 29 10007181 90488388
29 30 71926206 71100842
30 31 76286383 60002274
31 32 54870327 9066398
32 33 91363486 83289413
33 34 29946673 67601397
34 35 82550142 6560427
35 36 11991304 5420150
36 37 19714060 62295781
37 38 99436329 69074135
38 39 55273255 35223698
39 40 24115529 26783184
40 41 95303336 74632263
41 42 41331130 47082029
42 43 66132389 36751188
43 44 96259677 34503940
44 45 18431334 79743749
45 46 52426661 17236646
46 47 60786700 80564749
47 48 56975742 56970798
48 49 86934224 89427300
49 50 92770579 46397871
50 51 51223274 56939511
51 52 31208464 33737265
52 53 87813220 38450129
53 54 80612595 35463820
54 55 21129209 73664697
55 56 6272234 23524167
56 57 69716128 88944890
57 58 81070491 48252466
58 59 55583263 22661725
59 60 47002934 52658367
60 61 37745962 32425605
61 62 49172855 24591762
62 63 89034470 52604780
63 64 33579158 92263841
64 65 11588465 44459015
65 66 96707281 62869154
66 67 50613893 93042468
67 68 96932100 95312225
68 69 44400471 5581999
69 70 10310106 94924390
70 71 1984227 67974054
71 72 73188856 93124061
41 7 60
56 40
152 149
1 2 2183882 52444579
2 3 18116081 85804282
3 4 40474461 53183306
4 5 44237897 91064477
5 6 59850346 42635532
6 7 77450823 65927985
7 8 75337973 56822001
8 9 44246857 9492267
9 10 53462673 23131614
10 11 61347334 61843334
11 12 4319070 85416989
12 13 74568955 39140459
13 14 65692477 7083224
14 15 5249345 72147314
15 16 94625148 41214013
16 17 89714855 64965970
17 18 30802330 86225209
18 19 11520566 75243175
19 20 23492161 58123645
20 21 55158920 1016560
21 22 18694756 95092423
22 23 77785098 65356622
23 24 46427687 56301944
24 25 356178 21902607
25 26 80173914 63962476
26 27 70245026 22186753
27 28 71464041 35260727
28 29 81813015 45213156
29 30 84893558 5659868
30 31 1042955 70584813
31 32 32158070 85407766
32 33 19603720 95390002
33 34 96539488 38219374
34 35 36785017 31156428
35 36 95236477 54128665
36 37 99826787 75915017
37 38 6874574 58997850
38 39 46040284 79539958
39 40 62111129 27152499
40 41 13481575 95454602
41 42 69492805 78060826
42 43 37774202 11000874
43 44 40118407 72255440
44 45 28038659 79912737
45 46 90623330 48647974
46 47 14380126 57277336
47 48 7311651 22098706
48 49 45955368 68204080
49 50 45629353 92337813
50 51 27966439 20169303
51 52 93738277 67474990
52 53 90335233 45363579
53 54 9855537 65428070
54 55 88918370 96218394
55 56 90545300 54698952
56 57 51274468 57504323
57 58 60491865 41587387
58 59 86264021 13387059
59 60 54253153 56069331
60 61 91724561 3171187
61 62 785293 77940326
62 63 50667144 54001845
63 64 53965816 36328528
64 65 87948699 77468282
65 66 21956507 57019096
66 67 38755472 55758785
67 68 57883113 83734967
68 69 92878628 84792361
69 70 78128917 57453711
70 71 14601954 75640322
71 72 71632816 3835331
72 73 75623929 61122696
73 74 57889310 39422022
74 75 10403302 95549580
75 76 78235953 38286505
76 77 69285023 90680712
77 78 6160394 72354278
78 79 97101385 64985484
79 80 76711315 64145189
80 81 46243965 32460427
81 82 91139055 59920154
82 83 41121518 46605675
83 84 74669285 45419393
84 85 33814574 29375687
85 86 65798831 56738182
86 87 14853943 84658619
87 88 33739739 4546915
88 89 18252849 62059301
89 90 15122583 98456896
90 91 34639092 26299065
91 92 48803467 49373881
92 93 85131377 40553802
93 94 23430526 30220243
94 95 6118990 40348984
95 96 68359983 57763445
96 97 86478963 50762882
97 98 17164520 91089404
98 99 40227779 98366415
99 100 49351541 12887474
100 101 68418632 64101763
101 102 73363113 49877072
102 103 9520975 209276
103 104 7003176 41037584
104 105 30291706 24053107
105 106 6586714 99668694
106 107 19232758 40533550
107 108 71299307 73943380
108 109 14173281 18315789
109 110 97163371 77922716
110 111 77157025 57365550
111 112 65651179 69042009
112 113 37522111 80558920
113 114 74366273 23775629
114 115 49042492 63516009
115 116 68600180 65305916
116 117 56904497 62489752
117 118 20050051 82619551
118 119 50351478 84162272
119 120 67461418 67123035
120 121 53012693 90729847
121 122 45729474 45849900
122 123 13593402 99747271
123 124 33517026 10370768
124 125 5202388 32434272
125 126 89239776 86401135
126 127 3634454 81116346
127 128 73804528 88445359
128 129 29956442 73825738
129 130 7569816 11988724
130 131 84202493 91907958
131 132 16593406 85709274
132 133 51641928 69979846
133 134 54894670 50822205
134 135 1896085 66617950
135 136 16043756 8401145
136 137 26579430 25219844
137 138 28868801 56009466
138 139 45880174 32204981
139 140 46650734 39730732
140 141 22332074 27051115
141 142 12437391 73780421
142 143 11487748 59499735
143 144 63731578 97760075
144 145 425187 23161872
145 146 97611689 99652351
146 147 86211234 36306183
147 148 24638662 48681533
148 149 73309951 15294261
149 150 15867678 12764194
150 151 56673086 57087745
151 152 13147659 82073807
107 53 43 74 36 126 21 115 92 101 142 49 120 102 60 15 5 54 46 45 93 42 149 135 33 14 84 10 91 36 144 5 89 20 96 67 133 4 56 60 136 63 69 34 100 36 5 136 128 135 149 86 69 68 58 108 6 20 37 149 21 106 29 65 78 118 103 120 22 12 137 139 28 72 73 116 63 62 121 89 11 147 79 62 93 32 94 112 43 94 119 88 152 133 18 143 102 24 3 28 13 82 69 83 132 41 129 112 83 128 100 46 145 102 106 89 79 84 22 79 42 35 66 134 68 91 113 106 57 25 134 21 150 90 106 62 34 83 33 80 108 49 68 102 5 47 82 87 82
87 83
118 12
1 2 10368946 80978720
2 3 36776350 5840412
3 4 31929299 32740133
4 5 23475204 71100851
5 6 39157289 42986613
6 7 53315941 4530222
7 8 78885835 89054775
8 9 35787805 39583986
9 10 81648777 75371776
10 11 84944526 68710710
11 12 38720949 47200792
12 13 11637266 63186336
13 14 40712465 73717769
14 15 55103948 83744919
15 16 52291265 63987438
16 17 1634064 22007849
17 18 62809949 5925365
18 19 10914583 12918065
19 20 81934216 24926037
20 21 83675027 18167105
21 22 46418586 55622224
22 23 1346823 59774220
23 24 85245110 19576667
24 25 31833042 73150045
25 26 80251926 50933216
26 27 74885278 62356008
27 28 79674214 96716855
28 29 99728873 15049985
29 30 30281597 464833
30 31 32411378 26525216
31 32 3642977 55524767
32 33 1458033 61841976
33 34 71189257 44929931
34 35 74839362 24697701
35 36 44616761 92487686
36 37 8790002 14890183
37 38 51521728 84959282
38 39 75885671 42031789
39 40 94455233 13106391
40 41 5796243 22322333
41 42 66717206 62291777
42 43 74779724 32450111
43 44 33074754 57518898
44 45 40071636 36753172
45 46 61050945 31199468
46 47 62465277 77553312
47 48 93479907 40821369
48 49 88005044 49820744
49 50 64103707 55593077
50 51 47147416 93488911
51 52 68181481 28604271
52 53 94008006 66251122
53 54 17728139 85934438
54 55 94387859 85345032
55 56 80019744 24941825
56 57 55130116 81772742
57 58 12882325 3113701
58 59 31123141 36397301
59 60 38500097 16078119
60 61 26350555 47554476
61 62 71000753 83045822
62 63 14653795 66780032
63 64 54542499 87440119
64 65 6785825 11017429
65 66 98837642 43047030
66 67 11842000 94805221
67 68 56705786 49726328
68 69 76286810 77539844
69 70 30394279 82781126
70 71 82646514 46539306
71 72 52313630 56822652
72 73 87088842 80592822
73 74 63875438 31645978
74 75 43085190 81760157
75 76 85963466 95657127
76 77 19924375 79969362
77 78 56069557 75394285
78 79 88412037 50878425
79 80 81628254 6478998
80 81 41857117 898650
81 82 30793101 68722776
82 83 13983979 73879084
83 84 58643687 70515264
84 85 34319713 30719985
85 86 9683898 46883835
86 87 93944238 27569061
87 88 91987575 29991520
88 89 75309152 70523758
89 90 68766466 37545215
90 91 81427604 62770298
91 92 51726032 36904822
92 93 51207936 89886328
93 94 33322923 57990200
94 95 31002244 31826433
95 96 88128899 99098193
96 97 99925965 79484383
97 98 89626691 99952549
98 99 55015500 46676824
99 100 68690131 64608831
100 101 69585744 84634082
101 102 31612061 34923586
102 103 97132420 37056434
103 104 24919614 61714263
104 105 58318589 47301698
105 106 10101871 97224271
106 107 92271500 31837511
107 108 80505732 77338753
108 109 97031873 16813523
109 110 35577022 73741834
110 111 49357653 44450856
111 112 3682433 73055435
112 113 88687965 15659352
113 114 1256203 24847642
114 115 13882239 45748646
115 116 38610273 75794878
116 117 97606198 60728683
117 118 96439229 32371532
104 12 95 68 30 11 6 25 21 60 94 110
21 96
150 7
1 2 48062524 63648642
2 3 59895197 51476484
3 4 78627906 90925635
4 5 22114916 7306698
5 6 4864858 48897198
6 7 65114052 82035885
7 8 28993438 8385836
8 9 24866909 50377639
9 10 56512436 8693682
10 11 20288523 7701073
11 12 86020357 73716718
12 13 69384766 23967079
13 14 95973167 81940686
14 15 45410870 787429
15 16 97610374 26614
16 17 57127866 25918618
17 18 26605209 33303037
18 19 47032042 99236382
19 20 9478505 63977563
20 21 62126452 47630012
21 22 66827589 52760469
22 23 47545980 93072510
23 24 17037783 92177334
24 25 36947266 33455726
25 26 38054659 37287430
26 27 673288 41128531
27 28 1835058 18488030
28 29 7330149 82119684
29 30 82728465 92946424
30 31 9045102 49343052
31 32 12114579 90411833
32 33 2385848 29731777
33 34 23124784 81412038
34 35 41814673 14286178
35 36 12020179 88498014
36 37 52654185 75703553
37 38 32416744 72497448
38 39 10147489 60504538
39 40 19460899 34969957
40 41 88274935 3854465
41 42 31971933 59115086
42 43 79169354 11779967
43 44 51720813 59451185
44 45 99456086 70134263
45 46 97607691 92468809
46 47 76841560 97954623
47 48 65582163 7725572
48 49 43100326 45031436
49 50 56781950 2175881
50 51 9784273 82936066
51 52 83564964 82885350
52 53 72724925 75833968
53 54 95225942 4396876
54 55 36568969 64027695
55 56 81488322 87543204
56 57 57546586 20754412
57 58 55095842 1010066
58 59 85396494 94546685
59 60 47246542 35615700
60 61 19161963 73725697
61 62 66805321 57361536
62 63 49375947 69397722
63 64 29219067 42996009
64 65 51207458 24270268
65 66 79211903 17853659
66 67 11689780 14234027
67 68 92825189 98568566
68 69 2014576 66083668
69 70 38132179 36553511
70 71 99784102 75982241
71 72 68408582 1662231
72 73 43556158 26801913
73 74 26751616 35267840
74 75 61561907 35901754
75 76 62390115 83331422
76 77 1355599 33933146
77 78 91281680 84539717
78 79 23885184 63637364
79 80 96038571 36757966
80 81 67051406 15559060
81 82 30674455 25799391
82 83 44468564 24782480
83 84 96013518 3103511
84 85 47633425 56018553
85 86 68136772 7409403
86 87 18779893 19827575
87 88 36252787 68194205
88 89 55063287 81966325
89 90 18112 99094120
90 91 10219834 42895469
91 92 9361580 80403501
92 93 28075762 59578635
93 94 58767631 39281069
94 95 39805833 60110282
95 96 57970941 87232839
96 97 60210581 34158934
97 98 82365293 59007798
98 99 30588933 10074532
99 100 10389084 11084733
100 101 44247529 21454084
101 102 4478449 62027550
102 103 10701441 72666895
103 104 14788337 93595468
104 105 4954858 96884540
105 106 68671278 16891330
106 107 38605720 90217593
107 108 24787968 97752158
108 109 97511710 15736205
109 110 43740930 29909313
110 111 87786237 5383427
111 112 26163012 48329531
112 113 92779288 96064438
113 114 4872333 43050108
114 115 49289159 91219158
115 116 2372281 22747635
116 117 50519844 21439813
117 118 95679578 88877161
118 119 58952842 9146932
119 120 3652700 92335588
120 121 81873653 34180363
121 122 42930352 67601689
122 123 99970896 81711686
123 124 67083578 72688853
124 125 59137069 72763015
125 126 49266769 23523498
126 127 72593099 91819504
127 128 37851116 48560540
128 129 21966552 54840261
129 130 81855035 27175290
130 131 69274985 95967909
131 132 90335281 51805503
132 133 8056586 62398276
133 134 27108825 68031332
134 135 43837035 5837823
135 136 63425344 16906287
136 137 11596065 17070868
137 138 76192662 44251545
138 139 55901766 76619065
139 140 96921048 36552489
140 141 25032479 44078152
141 142 77989112 15641401
142 143 27743668 84846721
143 144 17368085 112167
144 145 47320176 18214418
145 146 80220483 37897722
146 147 34003854 59341622
147 148 81528866 68923522
148 149 80621318 37774756
149 150 52068355 8836413
1 144 29 5 65 106 109
108 74
42 92
1 2 68899273 31431376
2 3 70957982 85747389
3 4 50658725 24071400
4 5 58300918 35802976
5 6 22199042 61831285
6 7 21575770 61986204
7 8 402578 69709640
8 9 32673320 63273298
9 10 63485469 38525906
10 11 23420824 89977917
11 12 48733593 89402389
12 13 52181118 81582377
13 14 69666955 6903142
14 15 72794550 95861288
15 16 17441505 33557278
16 17 98059274 45183877
17 18 1424149 84110290
18 19 2815403 93456922
19 20 24678044 91386040
20 21 46992820 77457960
21 22 49157684 97888730
22 23 46670017 57203699
23 24 35525738 54034796
24 25 4840662 19230274
25 26 75623195 39790545
26 27 74915200 19324023
27 28 58981666 21232425
28 29 90193327 63703936
29 30 66120076 45072690
30 31 75025348 43458023
31 32 2603869 16474799
32 33 10871050 6943996
33 34 23068527 16674464
34 35 8651388 61288345
35 36 49016673 61423592
36 37 48361289 6946720
37 38 10787409 52932134
38 39 17431571 7142094
39 40 80053752 92020928
40 41 45625856 25159873
41 42 19806496 49823887
4 21 22 12 13 1 38 17 5 25 17 35 22 32 40 14 11 35 20 15 28 31 35 21 27 2 21 8 22 24 4 12 1 13 42 24 40 33 25 26 27 40 36 29 26 17 28 24 35 29 18 41 30 21 6 9 34 19 40 41 36 15 35 11 38 27 41 15 11 21 22 24 30 6 17 13 15 35 28 27 22 2 24 29 28 37 19 35 3 35 41 34
20 2
62 49
1 2 4350506 16045804
2 3 57046587 52154966
3 4 88955578 95179786
4 5 42652752 84117080
5 6 13269014 30558000
6 7 50055432 88560906
7 8 7282532 18099561
8 9 4247027 23328543
9 10 81963035 48395324
10 11 43913533 85429907
11 12 70998320 91228947
12 13 9514148 41585369
13 14 68971611 14101922
14 15 29132515 90446573
15 16 18356422 26950500
16 17 77663609 99294113
17 18 98302558 25590768
18 19 84232115 75702676
19 20 37320754 64718635
20 21 49125000 15551338
21 22 71540750 25760941
22 23 61313434 26423553
23 24 7636742 85267534
24 25 71110838 2188342
25 26 94752355 4985520
26 27 69094143 43852376
27 28 73203197 3710956
28 29 34350090 56108309
29 30 65813575 24978275
30 31 34116173 27854053
31 32 84250966 17596513
32 33 73349010 23920011
33 34 60066853 56849295
34 35 72923075 99472493
35 36 76172297 25797070
36 37 68115147 93003215
37 38 67320896 92506973
38 39 87441330 11382787
39 40 17254968 56613584
40 41 5033440 30458186
41 42 52054130 10457936
42 43 98210713 24166407
43 44 7337347 78909012
44 45 7018112 71973355
45 46 95407302 24779888
46 47 81278875 26272878
47 48 48954756 91244459
48 49 97142768 78745211
49 50 86527878 15785412
50 51 75120045 36097364
51 52 97636784 95203434
52 53 1154909 77946691
53 54 41468564 62081529
54 55 27383872 95951106
55 56 69645254 67057699
56 57 36386152 38492850
57 58 95132312 83704157
58 59 61995319 2205587
59 60 8275280 69064708
60 61 87060887 79990389
61 62 84425661 12391737
40 21 54 57 23 27 7 52 31 27 31 19 8 15 40 17 22 51 13 51 35 12 30 8 32 44 32 27 42 57 45 30 5 31 62 39 42 9 30 2 60 61 18 53 24 23 14 9 49
11 61
26 36
1 2 74255870 74342571
2 3 9416487 93886777
3 4 28838285 11292029
4 5 34856441 57020965
5 6 44084912 73282200
6 7 67960892 66577741
7 8 74260203 10396492
8 9 34758131 57286310
9 10 25171646 73272939
10 11 30983422 78486989
11 12 16341182 68207219
12 13 41709755 17959235
13 14 10363419 39311140
14 15 94585445 78506597
15 16 66294484 97330324
16 17 58444931 62522493
17 18 11864935 72216172
18 19 89741186 51271425
19 20 28712968 24016330
20 21 51161182 20924182
21 22 52990200 13713984
22 23 19269529 27246257
23 24 73835872 94373678
24 25 56970782 86994215
25 26 49715405 44123612
22 8 22 8 1 6 17 7 26 22 6 7 9 16 20 13 26 6 11 26 1 20 1 5 10 14 19 17 20 19 17 13 16 7 4 21
20 3
163 86
1 2 85456251 76569777
2 3 86594642 55658970
3 4 69386280 76202662
4 5 95222258 52286256
5 6 21587844 45745180
6 7 50655529 76603689
7 8 3043733 89014748
8 9 27109563 35698868
9 10 52967691 35796184
10 11 4591514 40301826
11 12 31149314 64248560
12 13 37654615 1157118
13 14 7471640 5220501
14 15 479070 12937962
15 16 10223253 79758122
16 17 17463552 58531381
17 18 37433375 69353795
18 19 452910 71844305
19 20 81892276 49094267
20 21 90679627 3145403
21 22 48868221 34062360
22 23 64935602 87652319
23 24 95421672 78506903
24 25 58373429 21514977
25 26 53500606 3495651
26 27 64634932 46226113
27 28 98619784 39145500
28 29 60753862 11351424
29 30 53699724 56795078
30 31 95011727 7774605
31 32 59965542 80247761
32 33 37843599 99515506
33 34 58435168 87614793
34 35 53901435 57319903
35 36 96991489 77705075
36 37 78999658 17641555
37 38 5119451 12680553
38 39 57646492 91040912
39 40 55319879 25294065
40 41 35031762 68296124
41 42 29938885 90098078
42 43 97555594 91783481
43 44 85989604 61543653
44 45 33040754 52875207
45 46 66947856 10998429
46 47 98221 18648433
47 48 82954259 17760338
48 49 29547837 49473502
49 50 52472223 25671155
50 51 5393448 33124553
51 52 10674846 25472861
52 53 30807058 35648177
53 54 61508274 58768721
54 55 19062703 52076576
55 56 6563145 12555325
56 57 41727511 28007966
57 58 53814727 799700
58 59 3799801 57295641
59 60 90626253 41574946
60 61 31661127 11026384
61 62 51349233 86694590
62 63 64150660 32766982
63 64 81476531 43224409
64 65 79633325 40817327
65 66 93843023 74428129
66 67 80574431 26235004
67 68 85574138 5460693
68 69 81352976 78095962
69 70 34994933 51689439
70 71 22776150 74858187
71 72 54288096 60562621
72 73 46010683 34557438
73 74 97076340 37630697
74 75 11182259 80927439
75 76 40436815 24054571
76 77 80904358 10395247
77 78 36135497 4698439
78 79 1804563 62768536
79 80 31793489 69139939
80 81 40868955 5986141
81 82 3510949 75259465
82 83 27649061 18638818
83 84 30673938 84492644
84 85 73051765 90584163
85 86 63877698 20774460
86 87 71736665 17836823
87 88 31570618 10399823
88 89 9355641 40387331
89 90 49785893 52033782
90 91 64901634 53362530
91 92 54085483 4277671
92 93 32106884 43391657
93 94 24758657 31099974
94 95 2654765 13618012
95 96 51391301 6879837
96 97 10663039 69194916
97 98 89809120 86571614
98 99 86161892 47989791
99 100 33827615 38087775
100 101 98275720 51259326
101 102 65207734 19064040
102 103 66127220 56348919
103 104 59700686 20224075
104 105 19891333 81089799
105 106 99444485 37110470
106 107 20067913 44377163
107 108 94480011 33753805
108 109 69742409 89026028
109 110 67001486 87558577
110 111 7387727 63572075
111 112 33479534 85143706
112 113 13132226 17135594
113 114 11428337 14256751
114 115 2150643 97732368
115 116 1497239 22522969
116 117 81764659 45276320
117 118 95888315 47764639
118 119 214844 62917684
119 120 59051732 7369836
120 121 86990616 19556489
121 122 12505009 33822129
122 123 66743141 85716242
123 124 64198289 91590509
124 125 1815980 54941152
125 126 77414897 60184320
126 127 67118007 45345279
127 128 19939235 33723060
128 129 62933256 89435228
129 130 38946073 3479475
130 131 78128872 61178010
131 132 49644139 21799650
132 133 32134896 7824515
133 134 26876251 10916673
134 135 13230755 98364030
135 136 9924451 44952230
136 137 3460247 43924101
137 138 35719711 81302285
138 139 7920024 89555306
139 140 32359823 51325505
140 141 43824631 35154827
141 142 35721821 39592846
142 143 38560177 12359817
143 144 73010523 39274282
144 145 85146437 48559975
145 146 15341639 633307
146 147 16936260 43792168
147 148 16652603 26079
148 149 22278717 54826834
149 150 32388231 7075654
150 151 4277210 69096993
151 152 86849741 25042875
152 153 65715127 11934568
153 154 46829468 25704168
154 155 68783519 23694215
155 156 62967614 38126811
156 157 36732494 75430684
157 158 23019873 98641362
158 159 10488503 9244117
159 160 82941587 50690449
160 161 73681494 67518759
161 162 77623515 22940824
162 163 87908260 13908591
129 38 100 55 59 28 30 115 2 54 55 119 103 15 80 90 109 120 95 51 140 97 62 124 37 23 123 1 116 21 78 96 58 98 10 27 1 22 19 155 152 133 122 110 62 36 116 72 130 97 54 53 114 37 67 68 71 53 160 21 46 128 145 153 117 128 92 128 131 123 12 14 27 119 96 55 21 34 129 101 14 91 7 80 134 161
9 6
158 176
1 2 17438045 7775918
2 3 60189388 64608583
3 4 95251609 598735
4 5 20899839 41370992
5 6 43222484 41225712
6 7 47797990 12342922
7 8 54737607 39577716
8 9 1093755 93938664
9 10 78403722 62070639
10 11 70990594 22265995
11 12 74949728 33783329
12 13 7960748 84791534
13 14 86018473 34762677
14 15 82014810 65481578
15 16 93540307 24017487
16 17 25853715 71403175
17 18 42117213 35442463
18 19 22312654 48151050
19 20 7898797 38265352
20 21 54652137 60815352
21 22 69916434 98842421
22 23 71993365 68594329
23 24 26327478 99669110
24 25 36731447 86725889
25 26 2418587 82614563
26 27 48972000 91082919
27 28 2614789 33605675
28 29 94393179 73669185
29 30 69210148 75800559
30 31 56067408 35657104
31 32 66567221 90656072
32 33 29407687 75313739
33 34 54949970 87675753
34 35 54986530 60757309
35 36 46659300 22943527
36 37 56300874 76773106
37 38 46995240 87621575
38 39 42039787 52827571
39 40 71795682 68621915
40 41 47628427 55423348
41 42 73589864 92619225
42 43 78133061 69405741
43 44 59695105 47695490
44 45 8951546 45521872
45 46 32035845 7634208
46 47 9516523 68110571
47 48 5840957 75802667
48 49 50463319 74040173
49 50 35153273 69549118
50 51 61153096 75104495
51 52 47450239 13832962
52 53 29983219 87198345
53 54 97035901 71350540
54 55 60639876 26999134
55 56 11043249 13234228
56 57 56285673 14672526
57 58 85565209 86379549
58 59 34737308 14450377
59 60 58568848 96205327
60 61 55780425 14818106
61 62 98364809 70044400
62 63 1793259 55674749
63 64 30652157 61183759
64 65 34983377 80399623
65 66 36839797 89332495
66 67 2701676 26512689
67 68 20623533 56819428
68 69 58862118 83989619
69 70 41480136 90696970
70 71 33783946 17774127
71 72 46478612 48942559
72 73 88113924 48865027
73 74 87827882 6953784
74 75 87559938 51696793
75 76 22517577 17749019
76 77 87891139 92740171
77 78 55032512 89029458
78 79 29456807 7462937
79 80 81879379 33077344
80 81 5437727 2210054
81 82 71659625 78792634
82 83 22392781 84636881
83 84 79062180 53715361
84 85 41504377 29961715
85 86 8697949 94627792
86 87 95059096 93938859
87 88 28518701 91756782
88 89 16679197 24632034
89 90 55251406 26512436
90 91 95434016 21644321
91 92 29008273 65581829
92 93 13681315 89381474
93 94 60157965 74124163
94 95 78398489 50006772
95 96 24071322 71894962
96 97 91326787 55713144
97 98 33626104 21047185
98 99 20482246 43878349
99 100 32924814 66884962
100 101 55569194 24663166
101 102 43124584 98341847
102 103 82947434 94414500
103 104 47264975 9872823
104 105 7155950 5401190
105 106 80949260 75247666
106 107 66623651 20459298
107 108 57753298 82203208
108 109 4476880 43021567
109 110 74875999 27739592
110 111 63954076 89278245
111 112 18156257 76634552
112 113 49770247 5970505
113 114 41512111 99845549
114 115 62076101 22143003
115 116 89708826 80448615
116 117 29208326 58305061
117 118 17897423 69114113
118 119 98538514 21547466
119 120 87120140 92930383
120 121 99399064 33190555
121 122 25239087 75249176
122 123 6940502 47804985
123 124 29418365 88556191
124 125 23232288 72404560
125 126 23303230 29571029
126 127 68443128 50432623
127 128 74085962 51222124
128 129 90934645 26475441
129 130 2937779 81119894
130 131 5582913 65231740
131 132 63266469 76069046
132 133 55425725 64220024
133 134 68210541 80211202
134 135 73867180 7719350
135 136 68854114 39690754
136 137 94099203 60883605
137 138 89125648 34242610
138 139 85564128 52704390
139 140 67622608 83564323
140 141 26952087 5311623
141 142 94435156 44652834
142 143 12931199 43768016
143 144 11357757 36177949
144 145 85193065 63448007
145 146 46495997 81901255
146 147 28196094 71742234
147 148 38454623 72224622
148 149 59116904 16413145
149 150 55739669 77202714
150 151 14275286 89363436
151 152 68380198 48465030
152 153 70123759 91929837
153 154 36122795 53341973
154 155 39206799 78442724
155 156 65223062 67905381
156 157 75341087 83293422
157 158 67498338 62787655
2 88 125 110 147 126 15 94 82 137 26 151 109 146 39 76 20 114 73 130 141 120 77 69 75 49 129 56 42 86 122 66 30 39 79 83 74 55 35 4 118 18 82 20 118 13 141 129 109 158 125 84 56 47 57 147 117 76 111 103 70 61 108 115 83 25 86 50 145 52 137 3 105 5 99 143 12 49 113 51 95 85 6 95 12 109 91 11 77 34 18 38 36 90 46 136 150 83 117 25 36 61 12 15 34 124 60 61 130 39 75 45 71 100 154 118 147 103 57 69 3 150 109 70 1 70 55 24 87 26 109 133 33 37 91 64 6 13 9 76 12 48 16 84 36 35 138 111 32 79 22 110 128 79 148 141 103 58 113 121 69 80 24 99 6 78 72 98 133 84 151 147 100 6 96 127
73 34
194 47
1 2 5147502 29839970
2 3 1515215 10480098
3 4 59720604 21583956
4 5 18546934 75150491
5 6 9503974 89478367
6 7 21091369 31426818
7 8 27283456 72429281
8 9 12047145 51476848
9 10 18407261 12887068
10 11 26233602 41629098
11 12 27988585 9432252
12 13 45616387 95522098
13 14 32001600 89396790
14 15 26569648 45709339
15 16 52234251 47093326
16 17 40664496 22824075
17 18 49991738 68582360
18 19 58144772 38682671
19 20 23208914 39039115
20 21 60697500 39560584
21 22 35718664 97888629
22 23 82263218 67592713
23 24 8318774 79932095
24 25 90424688 79474385
25 26 20868276 49425970
26 27 82286528 48456406
27 28 81864659 76577591
28 29 27863764 600261
29 30 11556070 69988176
30 31 65066501 23528202
31 32 69150731 71267336
32 33 55845456 48965790
33 34 42315030 27510272
34 35 89118652 69284131
35 36 8715739 55988414
36 37 67363274 15320026
37 38 58712975 25161883
38 39 66185495 62246027
39 40 65129961 14638300
40 41 93544032 22613805
41 42 32618893 24562475
42 43 85072178 96078314
43 44 74495417 95296296
44 45 34059415 31054269
45 46 24960876 31511355
46 47 60835997 61752956
47 48 75805759 83331634
48 49 12303121 45004901
49 50 15267198 36067101
50 51 20834827 90379508
51 52 80422480 65235727
52 53 37410144 86899136
53 54 89589967 28309251
54 55 26065937 16613424
55 56 62200901 96673278
56 57 7891546 79543365
57 58 22950409 19976529
58 59 28057138 27212641
59 60 36245755 71707979
60 61 49929453 92751878
61 62 36624988 73030607
62 63 75742347 49084385
63 64 14355528 78324843
64 65 19685533 25224028
65 66 67646504 90147185
66 67 53333180 82447530
67 68 33652906 82020543
68 69 69591527 89479823
69 70 12228586 30305419
70 71 5769737 2944906
71 72 35741221 98971218
72 73 47763187 3329700
73 74 20635258 50687681
74 75 84251976 74361068
75 76 59659385 31721061
76 77 24036853 28011304
77 78 86041377 80535142
78 79 5944036 92133802
79 80 65781149 80829978
80 81 37227249 82343395
81 82 66788446 97361846
82 83 33250098 72927126
83 84 73368587 86739358
84 85 14128109 88341002
85 86 40634916 95282229
86 87 50042553 22689623
87 88 11895140 49891429
88 89 94074545 2909252
89 90 13282963 3901016
90 91 37794995 39175469
91 92 57368449 28266308
92 93 42860352 63197176
93 94 84674485 36313455
94 95 86233652 15790903
95 96 46039393 48797208
96 97 77187528 34430012
97 98 34228331 62857226
98 99 63602304 60360587
99 100 6976482 42079742
100 101 18026354 5519807
101 102 64945829 84678213
102 103 29728128 50394274
103 104 66603798 11712489
104 105 15442167 15408103
105 106 11340175 5550064
106 107 57898315 49306883
107 108 26887886 42494157
108 109 92795284 60130554
109 110 49444254 6449614
110 111 44631765 73977950
111 112 29027286 4636461
112 113 44916999 41539001
113 114 62859725 37823750
114 115 12653070 99064617
115 116 13137207 2101334
116 117 14303763 97458734
117 118 46825121 75956565
118 119 66243741 64434646
119 120 91636216 10660957
120 121 5598758 63920248
121 122 35139895 53671900
122 123 77559423 44107430
123 124 67764159 38482686
124 125 4547173 30337912
125 126 30771033 74324631
126 127 75999792 64362074
127 128 72122773 66811618
128 129 57581319 43323237
129 130 51782047 62014982
130 131 45556832 79951332
131 132 60979259 99808914
132 133 18257428 17382787
133 134 58468865 68454007
134 135 98696240 63840190
135 136 32584742 3967762
136 137 40636050 20669782
137 138 91317757 4853876
138 139 5145718 13421101
139 140 3796022 31024740
140 141 62651297 92902721
141 142 49751060 58276261
142 143 78054318 55231965
143 144 80683533 12325933
144 145 43521332 99090816
145 146 64340721 48820227
146 147 54917105 83396760
147 148 8478441 30073101
148 149 20702912 32785507
149 150 17540468 92751337
150 151 50077399 16097790
151 152 35286958 28243426
152 153 86855173 57459668
153 154 50934716 52950007
154 155 39402741 94593611
155 156 10794647 85313256
156 157 56985784 68800067
157 158 64523086 46669901
158 159 2604074 22752516
159 160 63134236 19295097
160 161 22624468 42634091
161 162 70148181 50249913
162 163 51594641 39505199
163 164 17054030 39382873
164 165 76008357 90197292
165 166 70777046 9471882
166 167 18836825 84471506
167 168 80948350 72982588
168 169 82038089 90166938
169 170 65674443 75620095
170 171 28180744 63645333
171 172 74184517 52100380
172 173 14340501 22926986
173 174 75039429 25849390
174 175 61708871 75414408
175 176 28814439 13719242
176 177 39649209 24900547
177 178 30539462 33808338
178 179 77837405 11768573
179 180 33642238 77234571
180 181 72034467 72925549
181 182 35947652 39704597
182 183 39092851 9875147
183 184 30049151 12073333
184 185 22457432 23629506
185 186 60770667 27321313
186 187 45411865 64381422
187 188 55804253 7370335
188 189 24219315 48162417
189 190 45653820 10050201
190 191 27739154 83210697
191 192 9433210 87856792
192 193 71995108 5757091
193 194 55733896 15887516
131 150 167 139 182 98 154 26 1 64 106 151 40 23 43 65 84 164 132 11 84 173 142 140 101 110 82 71 169 19 108 182 58 121 181 54 166 59 139 181 171 91 79 142 84 97 76
146 142
94 170
1 2 96671103 73856424
2 3 97344748 18964579
3 4 34447224 26649312
4 5 84346022 95347566
5 6 66110256 69983323
6 7 52230045 13741605
7 8 83920871 4473145
8 9 53414698 17722529
9 10 60993168 56247770
10 11 3012211 62712522
11 12 59397232 73250989
12 13 91627644 39620008
13 14 23352012 63016274
14 15 89973835 33193252
15 16 99989154 93265152
16 17 47490724 81438172
17 18 20854871 38636756
18 19 23196128 93112884
19 20 58817839 49491207
20 21 99178897 69235678
21 22 83793803 43413325
22 23 19126132 82820489
23 24 42814937 82282181
24 25 80795474 53847831
25 26 60550362 5258251
26 27 91460492 48604312
27 28 82355522 22080136
28 29 51598526 393136
29 30 75470146 17847048
30 31 31205662 47184672
31 32 46235968 58216658
32 33 10115171 48633978
33 34 70767216 880135
34 35 87064601 44361354
35 36 86026096 33541171
36 37 67870463 48346747
37 38 26905354 99110198
38 39 34410915 97172887
39 40 24457602 55474564
40 41 23429448 24616674
41 42 5518713 55663551
42 43 63913991 56959294
43 44 43889622 20244555
44 45 80693140 833773
45 46 39896119 48782808
46 47 1645492 21675263
47 48 65491952 11785773
48 49 97913574 13690371
49 50 28210042 9417135
50 51 93196254 1322995
51 52 13238935 96113474
52 53 191817 76573357
53 54 18063549 47620016
54 55 10275983 17171566
55 56 82209860 7781974
56 57 53364938 365650
57 58 75008567 83987737
58 59 43430968 9295605
59 60 83655585 47592280
60 61 53240531 31097312
61 62 91253391 95621128
62 63 11722501 55146649
63 64 68727761 4843863
64 65 91965154 69963455
65 66 35499723 17666135
66 67 7560069 79840922
67 68 96112636 50866453
68 69 14476402 15391061
69 70 33575432 79661980
70 71 20969383 25896502
71 72 20952320 73041725
72 73 35026704 14479604
73 74 20751911 33891993
74 75 95922908 64681857
75 76 55419274 26504146
76 77 89154971 94780485
77 78 20123019 12682854
78 79 41785226 25854922
79 80 87904270 80439044
80 81 69333061 6456269
81 82 68198798 9588441
82 83 38078027 10959672
83 84 77962693 12681147
84 85 13023680 81958018
85 86 33155784 66516189
86 87 49022476 77676252
87 88 77252959 25953324
88 89 80125133 16563066
89 90 67446224 16010511
90 91 19211404 91703384
91 92 60271435 98368330
92 93 5737156 65739574
93 94 71034547 95007552
16 88 22 7 76 35 11 16 53 40 4 49 86 7 17 27 42 66 81 5 66 49 6 94 42 14 5 53 30 54 46 58 87 18 13 24 44 39 56 88 40 43 57 9 87 48 53 40 78 38 27 93 51 87 7 84 29 57 66 33 63 32 57 40 82 80 12 19 48 47 33 21 9 22 85 58 39 5 47 71 67 42 26 6 4 1 75 58 25 86 39 59 51 29 16 42 45 39 27 93 85 49 39 81 7 63 82 33 32 74 77 7 53 51 93 90 82 40 51 38 64 51 2 50 11 1 20 65 46 68 86 56 39 24 58 6 46 45 18 89 43 88 14 37 54 72 16 26 58 76 11 20 7 41 40 3 28 85 10 28 52 20 35 42 57 85 35 10 76 83
23 24
120 117
1 2 6595670 2153940
2 3 55749369 95711857
3 4 78288939 95929802
4 5 77744306 20386485
5 6 4478390 50446583
6 7 698649 60505928
7 8 37299129 67324821
8 9 69713611 45430815
9 10 43827166 87211735
10 11 75735162 51072285
11 12 80598652 78245793
12 13 28247550 15945691
13 14 89457986 62717584
14 15 65570376 91718783
15 16 5421945 99786135
16 17 62192513 48777651
17 18 26192022 32462929
18 19 66604249 71660413
19 20 3662025 42816242
20 21 57361403 18229890
21 22 63076390 12958830
22 23 241621 25145188
23 24 55855120 93759444
24 25 22107880 20196210
25 26 75778238 47006861
26 27 713387 86979891
27 28 30312958 74308856
28 29 69705937 25702584
29 30 8110858 49355507
30 31 70099170 44866742
31 32 41972862 51139949
32 33 14890378 17390172
33 34 86926703 68611074
34 35 41669109 12618702
35 36 7901299 66630586
36 37 78135791 83801281
37 38 54133967 1050591
38 39 61421569 19581022
39 40 4243620 12794372
40 41 67075119 61330430
41 42 28044835 84419417
42 43 41050272 83471662
43 44 43442103 27503065
44 45 78487944 64188291
45 46 81246248 37207504
46 47 10938913 31655443
47 48 11500971 38402552
48 49 41413862 77042334
49 50 59831361 28310635
50 51 93568726 75558917
51 52 19945293 177816
52 53 10753028 4751046
53 54 90209488 51911722
54 55 93764372 91202960
55 56 22261307 71463925
56 57 44691114 91606306
57 58 80662647 56895784
58 59 90561342 78314547
59 60 93252550 84648726
60 61 96185401 24740861
61 62 94697985 85076752
62 63 81516865 25387675
63 64 43191002 50519125
64 65 42731985 1780232
65 66 92256831 2653001
66 67 70454092 42972551
67 68 37532409 46185550
68 69 48134563 30841393
69 70 44857167 33598855
70 71 11096150 45522259
71 72 85507150 74471102
72 73 84702937 32253922
73 74 78811318 50589809
74 75 32127046 35439726
75 76 91504985 63963508
76 77 62377558 4134979
77 78 57349835 94219251
78 79 16924757 23540705
79 80 68215752 60675292
80 81 36837668 29526364
81 82 33518152 74399577
82 83 94363940 33613101
83 84 25553965 54854359
84 85 27546696 55349402
85 86 86157893 86951332
86 87 8866637 15113970
87 88 71645650 50786636
88 89 31752881 10368964
89 90 98376830 500046
90 91 29095916 25696067
91 92 9483680 49830613
92 93 99424381 55253761
93 94 21075215 4096019
94 95 69289048 72063748
95 96 41457961 73472103
96 97 29318244 55238952
97 98 7461621 31155831
98 99 22889473 27763354
99 100 22125842 44282204
100 101 73475442 612650
101 102 51778287 37103255
102 103 84848652 85145781
103 104 23786184 85172705
104 105 31825428 88706054
105 106 3045701 82983883
106 107 13468679 34660637
107 108 73522448 2897668
108 109 68845011 61689903
109 110 47861022 36569163
110 111 21739032 28689828
111 112 72883083 50968429
112 113 99320731 73081643
113 114 67877323 99877055
114 115 52237857 58453238
115 116 88868106 33079358
116 117 65266038 14137211
117 118 3975113 47318965
118 119 5496794 35786448
119 120 57188436 37196122
62 107 69 37 87 117 22 113 40 96 106 105 52 116 20 54 116 108 41 106 58 46 59 118 80 55 89 25 92 6 72 36 3 38 4 28 117 19 111 15 27 112 54 99 18 91 86 75 12 43 118 110 111 16 61 57 63 101 47 110 91 43 15 29 28 54 92 43 87 5 50 16 109 111 112 25 88 5 17 94 66 101 8 2 114 20 15 105 40 106 59 83 32 16 2 13 51 100 41 102 50 45 29 15 93 26 75 29 37 91 34 5 103 53 32 80 120
108 66
94 2
1 2 54851057 32005228
2 3 46585235 88631532
3 4 66214507 90495686
4 5 90440870 65009870
5 6 14270637 23994353
6 7 22587358 28234854
7 8 8415790 72587307
8 9 32541562 73678186
9 10 92125782 78973041
10 11 10952370 28727133
11 12 61897444 74966674
12 13 72145312 25077048
13 14 67789839 29785985
14 15 94289716 55311149
15 16 30052221 37324802
16 17 36624370 86236752
17 18 45882116 21251525
18 19 55770159 18962215
19 20 75794862 86636293
20 21 9927463 47030272
21 22 46926192 56394809
22 23 62190184 74836301
23 24 72409598 7565525
24 25 23790544 29716998
25 26 99723822 34448266
26 27 88691644 55370865
27 28 89982499 81531154
28 29 12150648 59788734
29 30 62204036 38502162
30 31 10515459 86012906
31 32 17868385 70061921
32 33 34287998 45859309
33 34 37109930 63829747
34 35 79111145 91372485
35 36 51383805 53640149
36 37 69831872 42171009
37 38 39834735 57823496
38 39 22905211 58794256
39 40 2915940 70170080
40 41 99802559 27451992
41 42 83455254 37374839
42 43 79050252 50276566
43 44 66817063 28760297
44 45 74286130 26562665
45 46 11917464 81131809
46 47 45459815 75741503
47 48 36402153 84041652
48 49 18898593 87052782
49 50 26767491 49091566
50 51 70708416 38416351
51 52 61139942 25359737
52 53 49750687 47522963
53 54 67412447 2481771
54 55 60908754 64049563
55 56 51069263 10688016
56 57 33494835 61707091
57 58 17481873 44793033
58 59 42206336 76528702
59 60 21151211 6654979
60 61 31477713 16994894
61 62 70536761 70855398
62 63 28850573 33851386
63 64 29069665 910911
64 65 13812203 74176001
65 66 54780410 94670869
66 67 21911111 94030225
67 68 74752339 91895182
68 69 81989901 14382770
69 70 67811395 29300106
70 71 86166285 46503534
71 72 99324558 68649739
72 73 3025895 49836191
73 74 66725009 37540320
74 75 64704658 23421492
75 76 98940151 57332934
76 77 77884472 70012058
77 78 13782504 68030056
78 79 74144998 67536659
79 80 30758267 9317078
80 81 2070792 91280336
81 82 42983967 70351752
82 83 7546800 17513311
83 84 32086440 66555394
84 85 25041453 28003870
85 86 21426848 66372008
86 87 43811028 88266886
87 88 56634319 67854154
88 89 53627060 654739
89 90 24935367 59452200
90 91 726451 31597865
91 92 39357008 46766539
92 93 75764793 6024492
93 94 28282440 24333484
35 16
52 28
189 196
1 2 13633630 88588399
2 3 35030672 66248742
3 4 48540626 44579163
4 5 42633081 99002337
5 6 67601691 83721510
6 7 62572605 25416375
7 8 89724665 65727181
8 9 88302340 2279584
9 10 80764998 21134102
10 11 80039557 18358228
11 12 89781717 81442210
12 13 15177737 12799252
13 14 35228982 61314630
14 15 10991428 772233
15 16 33131409 93460712
16 17 98595053 82034155
17 18 63941792 78215741
18 19 15914031 8601738
19 20 27045490 4544919
20 21 56220060 8997841
21 22 55938390 19129694
22 23 27825126 28208063
23 24 68182226 71913258
24 25 22967561 53863839
25 26 53829164 47290106
26 27 78046408 30970226
27 28 39863368 18637199
28 29 45276465 15999484
29 30 66602095 58177998
30 31 39574070 54989614
31 32 41281240 12334995
32 33 23359710 91099422
33 34 8430918 63986382
34 35 93951048 40185309
35 36 85173052 69568075
36 37 60688212 1059509
37 38 46031737 49311162
38 39 11319228 75500215
39 40 16331082 79493901
40 41 67308405 44671473
41 42 48528599 28341702
42 43 98674113 28392439
43 44 26222280 28981825
44 45 66514205 28595173
45 46 88331192 54636448
46 47 17968661 13235102
47 48 55859878 40857758
48 49 44637937 10346401
49 50 99895141 86389499
50 51 93190214 20299067
51 52 90652891 43899600
52 53 48371190 582022
53 54 15468025 24003839
54 55 45705485 52611183
55 56 51743231 15708059
56 57 77074157 15686747
57 58 66692104 2806268
58 59 61951307 28740977
59 60 51093116 57757311
60 61 26245082 92722239
61 62 76635073 62181299
62 63 63384773 77827100
63 64 25043494 30573577
64 65 40985289 48909569
65 66 12106586 32213333
66 67 35679189 87212708
67 68 9809773 68662979
68 69 18855035 12464479
69 70 8686966 95811474
70 71 78602412 59789064
71 72 3851525 74015476
72 73 78834926 86519812
73 74 47055674 44155259
74 75 83678281 51571688
75 76 53715246 3215295
76 77 64988592 33050613
77 78 93903336 38764298
78 79 389341 48668431
79 80 80019732 8563069
80 81 44308139 24083909
81 82 30376757 79275134
82 83 37159728 48397476
83 84 8747227 43415254
84 85 19176329 56021541
85 86 8740974 9670665
86 87 20954648 2645919
87 88 29516783 5349381
88 89 4969113 65651118
89 90 40235573 159025
90 91 19426597 98070349
91 92 55548623 554845
92 93 71409350 10239775
93 94 85833897 5304696
94 95 56126031 91864762
95 96 91903485 21463329
96 97 26089666 47801824
97 98 26350940 50690148
98 99 27223923 75765375
99 100 10314697 78093845
100 101 44367032 99755118
101 102 56090410 73523038
102 103 46654872 2095232
103 104 73167071 48586378
104 105 13760344 47050060
105 106 64450745 85776439
106 107 8940257 60714392
107 108 55451631 78162121
108 109 36714449 68107874
109 110 33072844 24785848
110 111 44206302 60484418
111 112 50870274 4532781
112 113 47621876 22807723
113 114 20464162 411849
114 115 54254407 75906200
115 116 98571129 95063397
116 117 985322 78504043
117 118 43312941 36833076
118 119 88854121 81774747
119 120 6385582 17629877
120 121 99070859 11624700
121 122 37579276 52328001
122 123 93941522 56436392
123 124 58517336 44502212
124 125 52778070 66656380
125 126 1205075 95657552
126 127 79847931 89102436
127 128 80985784 25443498
128 129 22547541 36742000
129 130 55489020 59127511
130 131 6830183 70655621
131 132 29761291 10708332
132 133 60291595 88534992
133 134 32596413 23163415
134 135 69104843 90330840
135 136 19518022 94114660
136 137 71235718 68930541
137 138 93970029 4298698
138 139 54435304 76615246
139 140 52021977 43395228
140 141 77951968 31191585
141 142 32757101 77424085
142 143 30999540 20839574
143 144 17341816 15418647
144 145 15270037 13017063
145 146 84329838 6820818
146 147 84469684 48643134
147 148 8746458 14802664
148 149 12278078 35253189
149 150 62192251 9862681
150 151 9614566 36536393
151 152 88329214 4983205
152 153 74837500 98918404
153 154 87095420 1060297
154 155 34132419 46959499
155 156 78211988 87286276
156 157 97949259 35726940
157 158 75316209 539954
158 159 33418683 87868160
159 160 53341732 91796192
160 161 89190169 4590719
161 162 37946344 92372700
162 163 2678776 52276877
163 164 77501296 57262401
164 165 58559383 56167012
165 166 97150159 35358227
166 167 29342405 65763820
167 168 15004977 88153727
168 169 25759200 87845068
169 170 37658567 66493915
170 171 51033486 84863651
171 172 77095328 28561936
172 173 80666066 63583542
173 174 86937818 97299619
174 175 39524144 23553197
175 176 68317477 38819800
176 177 61035610 25325901
177 178 79957774 75121358
178 179 51990951 19620353
179 180 18090733 83501630
180 181 53085056 93731296
181 182 94131715 20813372
182 183 76093761 15202014
183 184 82042081 2080768
184 185 27271583 27419483
185 186 90896932 24352759
186 187 97231487 65087985
187 188 1525470 24930267
188 189 36240990 97399419
145 159 46 66 143 167 133 5 182 51 100 107 119 56 38 163 15 67 18 93 57 49 160 83 114 159 50 119 96 115 7 65 175 170 97 35 151 73 95 169 87 124 99 31 88 146 6 121 17 43 106 84 154 170 99 31 92 151 89 136 171 12 127 117 77 5 82 66 6 163 94 185 9 135 67 124 160 108 37 64 175 51 126 45 21 92 169 54 35 156 13 172 30 127 79 72 163 145 4 137 163 137 178 132 73 152 109 10 69 9 26 15 38 56 167 125 110 124 176 110 138 97 90 146 22 100 65 160 106 159 175 178 154 103 39 82 170 43 186 183 46 11 65 80 140 131 113 117 100 178 24 177 23 35 34 17 149 160 169 51 166 27 127 12 44 90 70 100 8 99 189 18 177 167 163 54 21 183 84 137 79 93 119 97 187 48 132 151 4 67 110 1 49 168 142 118
32 40
3 87
1 2 23382941 13645405
2 3 9177220 10606779
2 3 2 3 1 2 1 2 1 3 1 2 1 2 1 3 2 3 2 1 3 1 2 1 3 1 3 2 1 3 2 1 3 2 3 1 2 3 1 2 1 2 3 2 3 2 3 1 3 2 1 3 1 2 1 3 2 3 1 2 3 2 3 1 3 1 3 1 3 1 2 3 1 2 3 2 1 3 2 3 1 3 1 2 3 1 3
2 3
145 113
1 2 52785674 8159823
2 3 26431725 85586907
3 4 26062207 75308930
4 5 98566604 62177116
5 6 33651467 81466242
6 7 75056801 99646975
7 8 7648006 44506887
8 9 51459180 8880651
9 10 72254543 58262377
10 11 21702957 1329998
11 12 89315122 12280535
12 13 98885795 45659474
13 14 31083017 34388729
14 15 14310254 67381167
15 16 10870711 80584111
16 17 28711616 53436825
17 18 57054172 13343954
18 19 67362726 44566219
19 20 26080410 73829402
20 21 92300163 74710317
21 22 99198947 30960300
22 23 53295547 16880405
23 24 58317511 11092408
24 25 15969863 77461796
25 26 34012797 75061447
26 27 11398720 82601307
27 28 51836560 9503450
28 29 73013512 72191970
29 30 16412212 91579288
30 31 35933190 72594924
31 32 13694954 59728800
32 33 30092161 63442705
33 34 13830516 22121243
34 35 59079074 16383098
35 36 9241079 96498065
36 37 47310577 13412951
37 38 15573519 28283022
38 39 80561235 39979541
39 40 92326126 78538101
40 41 25605125 3848527
41 42 37448939 53127523
42 43 32214867 12547394
43 44 65504034 12396143
44 45 11615106 76944626
45 46 92761864 72984558
46 47 66444041 41270045
47 48 85078841 11027547
48 49 87065548 28661515
49 50 22366198 140880
50 51 32614881 57152413
51 52 57915951 49794073
52 53 8829508 4657206
53 54 88955418 46022579
54 55 29066010 43350175
55 56 46770484 58505604
56 57 45762370 91965975
57 58 52904375 38554651
58 59 22247209 63584197
59 60 35769780 53952314
60 61 32881925 93226356
61 62 86017425 38435196
62 63 78207093 27043295
63 64 92118355 93515251
64 65 53940911 40386701
65 66 8931580 43243748
66 67 12652961 99251659
67 68 54960855 4772907
68 69 91014576 77028977
69 70 66644839 34887978
70 71 39025023 77231921
71 72 28710476 61150402
72 73 49314854 51144874
73 74 61221533 8275688
74 75 38972843 24337619
75 76 78073813 94257500
76 77 94346926 16393529
77 78 97910997 20634990
78 79 2040405 95961949
79 80 75727201 18619919
80 81 86234106 21204003
81 82 31018767 48852289
82 83 63948834 50020594
83 84 32020046 68317667
84 85 21953298 31251077
85 86 1812469 56355259
86 87 20984034 89637076
87 88 40157932 18831757
88 89 6274670 5787998
89 90 71885363 98330046
90 91 58109575 44754098
91 92 46200148 28267951
92 93 19131403 64669066
93 94 64344229 41798121
94 95 49489902 95980370
95 96 81306967 12776037
96 97 9067008 3850475
97 98 80188775 73742764
98 99 88411464 5444342
99 100 24751181 58272959
100 101 35544851 19257105
101 102 12934167 71006124
102 103 66384462 39794336
103 104 4930423 42295785
104 105 27143742 34162252
105 106 39720412 31343272
106 107 55495790 91458576
107 108 21946241 2554847
108 109 3926768 31911286
109 110 46197664 15352232
110 111 73808379 93665709
111 112 57871661 76141441
112 113 42057237 82223020
113 114 34608599 92418032
114 115 48861445 57180958
115 116 42796292 85630425
116 117 82014166 50637638
117 118 71781948 57987645
118 119 10322348 88991611
119 120 40499185 22220302
120 121 45804768 46966654
121 122 58333731 65957176
122 123 90363928 90176730
123 124 32312296 67567841
124 125 54747820 37983467
125 126 750237 14254632
126 127 37612073 53416834
127 128 30088593 21900183
128 129 78710061 33679539
129 130 92375304 91452750
130 131 37813401 47114440
131 132 3436486 22242055
132 133 32216535 57504836
133 134 40209020 2089088
134 135 57113886 377865
135 136 78915206 1604977
136 137 35774923 10400484
137 138 52669676 86777975
138 139 26082566 34962997
139 140 10185825 55224999
140 141 54785744 28669867
141 142 45180890 36981081
142 143 6282284 89271566
143 144 5756727 54464160
144 145 1166760 1517252
48 114 117 115 59 67 57 80 68 130 144 107 46 65 125 102 2 101 39 71 66 53 144 7 18 85 81 60 85 15 81 142 2 43 130 121 73 18 109 27 75 30 32 119 66 62 18 17 14 68 31 69 97 132 74 53 138 39 22 87 42 131 120 76 137 10 57 75 124 39 67 5 11 108 101 120 96 64 10 30 135 62 19 77 105 76 133 60 34 112 54 81 48 54 82 112 130 35 11 13 66 27 117 138 37 60 127 90 2 6 118 27 119
79 136
22 53
1 2 97204690 35571777
2 3 5433890 73900607
3 4 59577306 76346300
4 5 40267723 94710408
5 6 78804548 832861
6 7 73428190 18669949
7 8 28536216 25001469
8 9 85170186 64264380
9 10 96099158 90033341
10 11 46878389 50690500
11 12 52857820 90547510
12 13 40609585 42371857
13 14 4419576 47439788
14 15 67556490 7949917
15 16 15144403 92160623
16 17 88056797 85854685
17 18 89738405 49985091
18 19 61846569 72771876
19 20 83311716 8984836
20 21 24981290 98747396
21 22 22366744 53618991
6 11 7 22 14 21 1 16 9 3 14 21 8 7 18 9 5 7 9 3 10 21 18 1 10 12 3 20 11 17 3 8 11 6 12 5 14 12 21 2 7 14 5 8 2 18 7 20 8 21 14 16 4
4 13
179 93
1 2 42682444 66257303
2 3 73316341 49259929
3 4 24352440 90153751
4 5 79101353 99363154
5 6 7887629 65793961
6 7 11056539 72632509
7 8 93615411 42123568
8 9 62107802 74832430
9 10 24951533 57422948
10 11 90930557 5872223
11 12 82667741 82607909
12 13 68923266 49653854
13 14 37466714 86971381
14 15 53525957 39424367
15 16 32244570 70279579
16 17 37884222 31468539
17 18 30184953 23820968
18 19 83399232 83833608
19 20 91481543 61164884
20 21 29735765 4604326
21 22 84173616 67749706
22 23 91132264 95774186
23 24 42814643 3892289
24 25 39226751 51706176
25 26 50081283 8996131
26 27 73655010 55572115
27 28 13582020 21594342
28 29 12713512 94433554
29 30 78673349 57046625
30 31 50156606 57719700
31 32 71943024 30954982
32 33 66190000 67593987
33 34 49770122 7199010
34 35 72112769 15826990
35 36 50705058 90341916
36 37 5481245 64802800
37 38 59713405 51320231
38 39 20054823 2457564
39 40 34854871 40744039
40 41 39029516 29291253
41 42 93399420 13406468
42 43 2061182 96793217
43 44 39611012 44524862
44 45 77805673 588728
45 46 18931255 3106271
46 47 93432600 6384952
47 48 6946175 38917561
48 49 5596248 21917184
49 50 73960793 71390107
50 51 42670847 94927319
51 52 33810865 8486204
52 53 74688306 41892420
53 54 48532803 4540033
54 55 84448798 99991905
55 56 289079 89158769
56 57 26317357 81355092
57 58 21636847 63573458
58 59 17005297 86990471
59 60 83985589 85255123
60 61 13612157 20515553
61 62 15502036 68302393
62 63 62469383 50394364
63 64 64540583 54971248
64 65 93410993 72732614
65 66 40127807 6966628
66 67 50698060 90138176
67 68 74457240 49341204
68 69 24259893 76129759
69 70 90757817 26802979
70 71 45568492 45855302
71 72 33427794 46647522
72 73 53655427 57676944
73 74 45739681 71723092
74 75 47127287 46475742
75 76 55024767 64654007
76 77 58359818 43777525
77 78 40558359 26129531
78 79 69552901 34984587
79 80 18114577 68445952
80 81 77828855 18042727
81 82 56506474 9981500
82 83 45381957 81668357
83 84 72680410 71552423
84 85 16091047 29596546
85 86 70625861 29437560
86 87 47364881 49095177
87 88 94620463 67277159
88 89 5671753 99343037
89 90 83935199 17058349
90 91 91394008 52015704
91 92 70183179 2022020
92 93 19472165 94190166
93 94 23915739 30830301
94 95 67425573 94018809
95 96 3485156 81757427
96 97 92393941 50282972
97 98 94849330 65339942
98 99 50051710 59810332
99 100 78188822 74882599
100 101 85708844 14740037
101 102 99891653 18337085
102 103 55242631 90362735
103 104 15831782 52261046
104 105 21534293 91380692
105 106 86218467 29429181
106 107 67092604 54069796
107 108 94866763 95288800
108 109 57262958 13073529
109 110 71256283 70033288
110 111 50422565 25304306
111 112 12930308 19843948
112 113 96569530 51230820
113 114 65779368 23243868
114 115 49592826 57489041
115 116 75448746 55330509
116 117 42995461 13561618
117 118 2393144 27043671
118 119 7101685 58099481
119 120 94722249 66282390
120 121 28752765 15120994
121 122 71924550 76233652
122 123 78391313 47109309
123 124 36583717 50395050
124 125 10787474 15838657
125 126 43802658 50318768
126 127 96168117 64962743
127 128 90174601 63239903
128 129 64180010 24619387
129 130 78486702 63837130
130 131 19054598 35464326
131 132 62643951 57723043
132 133 5507772 65253960
133 134 36838878 33940600
134 135 23360491 39745291
135 136 11728924 34557820
136 137 67507810 12203283
137 138 17960811 84773974
138 139 38166589 41359431
139 140 7308880 76013
140 141 98673460 6261131
141 142 43491504 77068751
142 143 45979817 69956787
143 144 94085362 57626732
144 145 57719982 20815817
145 146 85526683 89386709
146 147 89292535 59357515
147 148 39119087 63354306
148 149 76021754 19090840
149 150 67427466 19325454
150 151 27873988 54462935
151 152 35039653 32607831
152 153 22201607 79207591
153 154 41544174 50708760
154 155 13694916 84928069
155 156 54934083 37024371
156 157 48174697 61535699
157 158 73534479 81272159
158 159 17133321 87121110
159 160 76060013 35515864
160 161 19635796 63617304
161 162 58569481 89523782
162 163 83347487 70680486
163 164 38301465 17846750
164 165 94731028 33663321
165 166 89308244 96551443
166 167 40406984 75516667
167 168 98622475 39565622
168 169 89842728 31069400
169 170 50708256 94848178
170 171 71017232 21332067
171 172 94673821 68724669
172 173 50515774 19055202
173 174 33994940 5711773
174 175 9796995 69780516
175 176 29196674 77149137
176 177 80113524 82982587
177 178 99299814 45547183
178 179 53040777 7853427
38 116 83 36 91 154 29 154 68 3 101 117 176 126 164 88 9 140 49 103 145 86 173 150 126 118 79 31 19 23 11 120 52 99 138 129 15 93 87 103 5 26 63 158 25 32 63 149 64 28 119 31 77 90 59 92 63 139 162 168 34 113 150 79 115 150 9 145 140 51 179 133 109 54 61 32 67 56 21 22 88 114 150 162 45 48 45 15 89 109 121 29 30
27 4
3 189
1 2 88245676 62413787
2 3 26529037 14492157
2 1 2 3 2 3 2 1 2 1 2 1 3 2 1 3 2 3 2 3 2 3 1 2 3 1 3 1 2 1 2 1 3 2 1 2 1 3 1 3 1 2 1 2 1 2 3 2 3 2 3 2 3 2 3 2 1 2 3 1 2 3 1 3 2 3 2 3 2 3 1 2 3 1 3 1 2 1 2 1 3 2 1 2 1 3 1 3 2 3 2 1 3 1 2 1 3 1 3 1 3 2 1 3 1 2 3 1 2 1 2 1 2 1 3 1 2 1 2 3 2 3 2 1 3 2 1 3 2 3 2 1 2 3 2 1 3 2 1 3 1 2 1 2 1 3 2 1 2 1 3 1 2 3 2 3 2 1 2 1 2 3 1 3 1 3 1 2 3 2 3 2 1 2 3 1 2 1 2 1 2 3 1 2 3 2 3 1 3
2 1
118 184
1 2 35830894 70049690
2 3 34936760 65861584
3 4 41532780 7963630
4 5 60106110 53518451
5 6 61506668 89314845
6 7 75786377 75080143
7 8 73168782 71311610
8 9 66284201 67648930
9 10 80426827 28761425
10 11 57393817 12246944
11 12 84901936 33138393
12 13 97299306 32504081
13 14 48018677 4455738
14 15 57158783 47247469
15 16 87168443 6302729
16 17 17662371 1955641
17 18 58849816 37118025
18 19 42781777 41787644
19 20 99229119 19984151
20 21 6766277 74987896
21 22 19455026 74452052
22 23 92802725 38759905
23 24 53711996 80408744
24 25 89199950 16318713
25 26 11135404 73419026
26 27 84933706 33898172
27 28 15804444 29670674
28 29 79917423 78575087
29 30 76279692 96716289
30 31 18413170 2991678
31 32 53218855 26377748
32 33 3397478 82383924
33 34 61342311 22566345
34 35 33381531 51205959
35 36 47351734 17325377
36 37 98026232 27435219
37 38 39137837 41587383
38 39 2163321 88173898
39 40 53116128 97501128
40 41 69552856 90900596
41 42 57738907 40714480
42 43 24071499 61817832
43 44 40936413 80719312
44 45 73117265 90621087
45 46 17910716 52719768
46 47 76274036 15798573
47 48 80668404 95869050
48 49 87946401 11878806
49 50 45614273 38752392
50 51 26969150 3865360
51 52 1986400 5965151
52 53 51977145 58765940
53 54 23463059 79185472
54 55 34044250 59720434
55 56 10949792 70851699
56 57 67737150 89261645
57 58 7912091 13801140
58 59 49604680 95475753
59 60 82742029 36931854
60 61 4192120 17970902
61 62 40948614 9891184
62 63 67246290 51475857
63 64 86851933 16489945
64 65 22285823 22632622
65 66 35401523 99959796
66 67 32128467 40898963
67 68 58969575 59911526
68 69 30301089 46779443
69 70 97156493 18417520
70 71 25185048 39395574
71 72 25038602 26632918
72 73 81205232 90334459
73 74 88459637 89666863
74 75 97787884 37698451
75 76 33637183 16676092
76 77 99753009 36864747
77 78 30589597 12256381
78 79 16928579 80055438
79 80 74145678 21848812
80 81 7493047 14097801
81 82 59162964 54569564
82 83 95240304 16675616
83 84 31337738 69691683
84 85 65138366 75985748
85 86 69165047 71461173
86 87 84443695 14520992
87 88 85444855 72272791
88 89 34083552 82827978
89 90 35248278 19156677
90 91 40135201 98731703
91 92 27352151 18065
92 93 38402827 98664699
93 94 88296394 79177417
94 95 93647210 37779878
95 96 86386026 10124902
96 97 37108105 53044551
97 98 65579255 23767360
98 99 54510527 44423949
99 100 965023 47185907
100 101 99948845 58286307
101 102 90454557 41822438
102 103 98745034 55782283
103 104 7432793 91624091
104 105 31323488 4147141
105 106 81978383 5931977
106 107 85712379 77852691
107 108 79157636 54106165
108 109 84871955 51280592
109 110 67404027 38592580
110 111 7215309 6247526
111 112 62467090 23394619
112 113 64718304 18347169
113 114 44360339 22619483
114 115 12128656 25418070
115 116 52570388 71919549
116 117 6917610 38431388
117 118 54675785 93748548
84 20 80 15 103 99 106 58 55 43 25 105 22 57 110 112 114 74 79 42 88 9 54 75 42 55 115 24 91 87 47 70 21 96 28 34 72 79 48 82 70 38 87 14 1 68 55 113 6 67 62 118 15 19 36 44 84 46 17 51 8 53 74 40 13 38 26 96 35 115 91 107 76 80 27 54 24 104 31 56 112 102 100 86 22 82 109 79 44 42 92 45 22 17 118 35 59 72 45 115 12 36 102 78 38 67 26 91 52 4 106 118 36 18 102 4 68 86 32 39 104 84 12 106 20 42 75 53 92 19 3 46 101 104 55 88 8 18 4 55 5 111 38 8 67 22 113 15 44 87 83 80 43 57 19 106 1 99 91 28 15 3 43 73 109 87 48 83 41 57 2 87 111 118 25 113 56 38 51 4 30 94 86 90
81 13
43 142
1 2 8742252 16533654
2 3 39850363 12576312
3 4 10404538 6728701
4 5 18150581 82019020
5 6 97405337 48477769
6 7 6441861 18094877
7 8 60433505 2058012
8 9 27338788 92607951
9 10 99522364 35592413
10 11 22377592 32101034
11 12 93528319 98334482
12 13 30704724 43693407
13 14 99881287 13155294
14 15 58369768 66330461
15 16 37150695 54486296
16 17 14807281 28358704
17 18 74266357 67507459
18 19 97337858 20345120
19 20 30527871 25834010
20 21 35231326 41342846
21 22 87307683 38028128
22 23 41059511 40605755
23 24 69315548 80263172
24 25 7474887 13695008
25 26 99067974 24700582
26 27 13480466 92263479
27 28 28149816 18406121
28 29 62794017 61428397
29 30 55232999 54228286
30 31 19479655 10262082
31 32 68983720 12806119
32 33 68597607 95978339
33 34 4396119 51840622
34 35 78148658 98339170
35 36 15983774 57303392
36 37 22757372 66038319
37 38 47733464 78984081
38 39 99224622 60883808
39 40 3394509 13231626
40 41 95138458 65709301
41 42 59045274 44376555
42 43 4962262 21731004
7 23 16 5 33 43 30 27 43 33 23 19 32 3 5 13 3 39 33 2 13 34 14 35 15 28 40 14 42 25 14 1 20 3 34 8 5 24 13 16 4 41 33 3 6 9 30 5 21 32 14 28 3 12 32 23 5 16 40 6 37 23 39 34 9 4 43 11 33 14 21 14 41 35 34 28 31 23 10 18 20 35 12 40 1 14 32 23 2 43 3 5 20 23 4 17 38 35 5 24 16 35 3 7 40 27 39 2 38 17 27 13 37 35 11 3 6 41 35 20 37 26 21 6 13 12 35 41 19 31 39 41 19 33 23 19 9 35 11 9 17 11
42 16
164 28
1 2 65812916 18839087
2 3 77348283 8259572
3 4 27784103 89874800
4 5 99161367 1877799
5 6 75889960 87561787
6 7 63250876 54242267
7 8 70084040 44450775
8 9 91630530 70306405
9 10 4608075 8493374
10 11 99731178 8180964
11 12 82803645 78725717
12 13 58797632 31731123
13 14 27909649 25051018
14 15 47883535 2236221
15 16 13668829 48745793
16 17 45398085 53891311
17 18 92173121 35432250
18 19 16300899 75990854
19 20 82567025 44680653
20 21 81646754 26092802
21 22 55186701 36370542
22 23 24118219 86039742
23 24 61347986 93555299
24 25 64068175 94242157
25 26 68198263 80983513
26 27 9840848 16776792
27 28 90544468 90922791
28 29 7383907 85110286
29 30 89239227 76830612
30 31 95233786 53148595
31 32 93836291 47327912
32 33 62822976 39929671
33 34 42767425 30790903
34 35 41112132 88098265
35 36 11119193 26854970
36 37 6541495 39868060
37 38 26509060 45264523
38 39 78407945 19210709
39 40 81310653 851047
40 41 56547018 62951948
41 42 21364128 11645592
42 43 48658637 95842213
43 44 21461224 71158225
44 45 46005374 49689072
45 46 13355628 95720655
46 47 11254252 38429094
47 48 76727369 32888775
48 49 47362833 82368757
49 50 84451601 11442550
50 51 54656204 83214712
51 52 88723451 87575537
52 53 84964716 81014924
53 54 95879718 55945772
54 55 10336914 10334154
55 56 25449956 38536020
56 57 21084504 70124632
57 58 85753914 66559027
58 59 59463238 18528858
59 60 1272636 84054849
60 61 87324138 39473578
61 62 78891902 72150172
62 63 74849546 99291813
63 64 74439355 97660320
64 65 17671217 48007458
65 66 37978728 84490583
66 67 84421955 39668415
67 68 66464946 8047285
68 69 20887405 44307189
69 70 20702846 6247015
70 71 86282408 45387794
71 72 8832272 74564435
72 73 71129663 89823077
73 74 69326754 9076665
74 75 94731361 15029130
75 76 82847013 11693202
76 77 27483320 30236203
77 78 30582576 65704749
78 79 93393708 99371103
79 80 92529707 50207019
80 81 72813983 65526204
81 82 21396543 37082762
82 83 23876282 68750675
83 84 71961716 94892004
84 85 13761474 25288657
85 86 55957684 20569898
86 87 24842848 34547946
87 88 70966227 77823032
88 89 4405679 52546731
89 90 61511705 78694887
90 91 95341771 86007995
91 92 54532228 17160228
92 93 23750790 94512064
93 94 45432496 63495316
94 95 62571499 34030620
95 96 16609067 89980507
96 97 1519940 47631446
97 98 1420831 88475318
98 99 5575514 62962706
99 100 51047240 27833413
100 101 67493836 31983095
101 102 90023898 48592393
102 103 57728540 55711605
103 104 53535832 32428709
104 105 47225735 9827393
105 106 65559766 18221799
106 107 60661785 95977152
107 108 42051777 27549602
108 109 27213997 11280862
109 110 25316677 65827580
110 111 69173863 31026658
111 112 88213933 39593914
112 113 12205218 96657578
113 114 10224305 20410996
114 115 9682370 78700789
115 116 60349918 35649257
116 117 89036920 21053394
117 118 61321524 66299123
118 119 22116945 22173662
119 120 91662381 44611743
120 121 19327008 45384892
121 122 3124237 50014561
122 123 2438873 89257090
123 124 61982937 73785103
124 125 31169652 45125718
125 126 45555656 49239724
126 127 40174386 52640410
127 128 71837757 84002889
128 129 54396900 58035769
129 130 23787297 73484239
130 131 8802536 27841430
131 132 35003936 13086918
132 133 37662829 17300146
133 134 63133101 55994849
134 135 34648277 60673727
135 136 2275554 39318066
136 137 90830565 36866301
137 138 13593753 37765697
138 139 67071749 8403082
139 140 37634868 81773204
140 141 89988014 57253078
141 142 12348258 75939208
142 143 50500409 53148183
143 144 25194711 19910461
144 145 98191888 65494715
145 146 16330230 3942248
146 147 20824029 38365806
147 148 14063930 23367424
148 149 56470070 93556408
149 150 81806283 68788461
150 151 80395976 81654040
151 152 97186484 70476707
152 153 15916947 97446950
153 154 18538273 50370285
154 155 71566334 92508123
155 156 50772589 29002351
156 157 3522413 81966031
157 158 44816191 28401460
158 159 34001668 90977499
159 160 2743851 52961856
160 161 85516281 85460352
161 162 19971902 35319236
162 163 66211852 28124816
163 164 44753344 92460184
67 66 51 62 123 73 36 100 15 68 151 158 66 89 102 47 143 151 75 128 143 73 68 62 130 36 87 26
75 95
150 75
1 2 80151295 36220460
2 3 25961205 23126534
3 4 10692033 47831761
4 5 34986388 47289616
5 6 23673692 40746482
6 7 92506721 49031313
7 8 68155790 90512627
8 9 79063666 94524103
9 10 78921377 17708466
10 11 66729229 28741326
11 12 29267277 81927008
12 13 59364785 71917473
13 14 5620890 80229120
14 15 8539299 34823917
15 16 53130959 84860843
16 17 73751082 28954497
17 18 70062932 47807502
18 19 52829598 207374
19 20 10273018 55020667
20 21 46298996 30174933
21 22 61118264 97558662
22 23 52167606 35514938
23 24 16602441 15167778
24 25 43048021 57211850
25 26 80857121 79437621
26 27 43450160 42146121
27 28 92715766 95856026
28 29 4590912 22175002
29 30 32215132 62535654
30 31 42241703 97363773
31 32 70710628 3236199
32 33 90672444 5731187
33 34 23712977 70314302
34 35 94974222 983147
35 36 29153671 35386159
36 37 22457703 43102730
37 38 36410353 33184807
38 39 12704340 31876452
39 40 21415194 48366967
40 41 41850113 35228419
41 42 24492613 49483350
42 43 66788027 90243393
43 44 8862255 81933590
44 45 68676818 22418090
45 46 72675835 19499736
46 47 90412234 8848095
47 48 72104591 72934700
48 49 84667608 14055426
49 50 40823935 2341255
50 51 38899137 35475204
51 52 22803706 58520889
52 53 47272069 1648332
53 54 35995417 58077836
54 55 19545910 10323120
55 56 54421903 33916978
56 57 74618103 65663904
57 58 8826567 95491810
58 59 24763705 4676026
59 60 1092284 26045289
60 61 11894193 60542040
61 62 80143646 41757610
62 63 58434474 48926143
63 64 59049417 67310853
64 65 27647408 83596884
65 66 28408377 91911158
66 67 8298917 33878862
67 68 50501243 87321022
68 69 58352111 19003689
69 70 82573597 34520843
70 71 18733328 86650025
71 72 30753523 4057530
72 73 35370137 45157107
73 74 29604152 67525132
74 75 39682026 70759764
75 76 75618831 29725444
76 77 74321725 85968485
77 78 89590033 8085080
78 79 27459577 97308078
79 80 5486049 49722644
80 81 46556535 28165711
81 82 91651643 82048912
82 83 48689601 99921205
83 84 33050 15041715
84 85 13190060 67386277
85 86 58941876 58228963
86 87 53311029 8632011
87 88 14094548 24749187
88 89 96636685 59761780
89 90 13120469 60736213
90 91 61311528 33719945
91 92 60737491 53356406
92 93 58548627 12111562
93 94 2794091 5591298
94 95 87143564 30724063
95 96 37546358 37623347
96 97 36072025 96229386
97 98 1430618 95545679
98 99 61490160 83198796
99 100 24746649 24765932
100 101 31714971 28925920
101 102 2651036 40656996
102 103 24002228 71489618
103 104 29888276 4539563
104 105 95707063 72596135
105 106 74894209 89623069
106 107 39474152 14604722
107 108 32581135 19214126
108 109 68212816 72228464
109 110 87041947 55590076
110 111 47355715 8932659
111 112 64958922 43077628
112 113 11319905 26888742
113 114 70876202 32353437
114 115 60478364 76208482
115 116 30512921 89423896
116 117 36282122 96829617
117 118 88978467 88874993
118 119 24168439 91661565
119 120 9402072 63227596
120 121 63632995 40797247
121 122 1635822 46867112
122 123 65906958 73263567
123 124 85970286 58010957
124 125 22695524 83326801
125 126 61536872 5959287
126 127 52533843 27538714
127 128 93721939 94008936
128 129 6833903 565289
129 130 7014019 60140083
130 131 83454776 71705426
131 132 62796395 38527536
132 133 25627014 93371295
133 134 37890303 80901322
134 135 1545480 7434522
135 136 96550635 46022040
136 137 12613307 41124436
137 138 95891109 10295309
138 139 73729701 23073631
139 140 94907637 60305197
140 141 74255081 92995741
141 142 38052717 61695695
142 143 62465207 77037723
143 144 23783173 25356753
144 145 90347682 1154167
145 146 16978104 19701290
146 147 99983450 38731888
147 148 19425168 81639991
148 149 21035488 87878476
149 150 76623599 76465452
12 128 4 118 45 96 134 49 143 40 65 116 39 94 116 43 41 95 31 22 53 148 98 9 89 11 43 100 36 138 21 131 116 46 93 73 95 84 122 50 108 78 75 59 123 104 81 108 136 112 90 14 113 43 7 120 6 30 99 51 62 8 138 43 80 133 116 137 70 139 26 113 142 20 3
18 102
167 159
1 2 97618377 21894854
2 3 21181023 55817591
3 4 9295699 41171005
4 5 43587843 94126685
5 6 64004367 86100156
6 7 11448699 67617055
7 8 51186694 59786061
8 9 25631493 91894733
9 10 52151 88228510
10 11 54615748 67048284
11 12 94419835 79670200
12 13 89321863 59949249
13 14 73159944 37657737
14 15 83860726 81682959
15 16 24795280 36428714
16 17 48266003 20151589
17 18 73587286 49720599
18 19 36409480 3468642
19 20 2190533 72185327
20 21 65196098 60260132
21 22 86915867 49806888
22 23 65601422 47848615
23 24 30727891 13212028
24 25 14783274 96377920
25 26 8556160 3655346
26 27 59383462 33783446
27 28 2367484 84014008
28 29 59397857 19529718
29 30 7593311 28459343
30 31 98871473 33827880
31 32 11641304 65749126
32 33 29987096 44364442
33 34 39975111 44649069
34 35 20783027 90340846
35 36 67723939 44782736
36 37 84288436 74992021
37 38 27695993 32115085
38 39 52313703 90586474
39 40 24916332 14477805
40 41 2385182 76477535
41 42 87022612 41019768
42 43 68586959 98267613
43 44 13171551 33130146
44 45 44985886 95846322
45 46 29335076 29539372
46 47 26909428 97545179
47 48 87219996 51106296
48 49 85616658 62017584
49 50 44939181 15107528
50 51 98781169 60553442
51 52 62315225 91193545
52 53 76314183 62313371
53 54 94794248 3360771
54 55 38527790 26059277
55 56 63078144 96856544
56 57 54226571 68338559
57 58 81213634 15145372
58 59 62586631 99954434
59 60 86396768 52649010
60 61 19718959 26762862
61 62 19564568 76937691
62 63 67042102 64306934
63 64 24239989 24932182
64 65 93903540 5316459
65 66 30331753 98790648
66 67 61920935 28483634
67 68 74799095 98650978
68 69 80402662 32773986
69 70 75745363 69655990
70 71 69059299 20306142
71 72 87376212 76169048
72 73 90560127 3317855
73 74 90010372 55115500
74 75 28536406 900371
75 76 49914051 29975023
76 77 67217801 7446795
77 78 52767540 88263160
78 79 3928762 87289720
79 80 75137201 58772097
80 81 70525161 87141194
81 82 44630229 51268887
82 83 93692594 16676292
83 84 8487357 51014550
84 85 46661001 81893407
85 86 90465511 54675257
86 87 12390542 23863509
87 88 14656410 48781396
88 89 46994004 30438903
89 90 7334617 87793703
90 91 59587693 17972940
91 92 78666759 27011067
92 93 39106681 38543615
93 94 12996857 76567882
94 95 84672316 97472970
95 96 95105978 49996084
96 97 36635090 97316042
97 98 47730622 10419594
98 99 94003521 40511744
99 100 77076627 5483596
100 101 87885747 96841785
101 102 60610742 56210686
102 103 1375241 87374814
103 104 74880021 13149301
104 105 61945812 52580803
105 106 63628291 86259203
106 107 57405954 37193014
107 108 26940554 86685336
108 109 64576810 4577175
109 110 27429700 82599673
110 111 56355941 9586207
111 112 52402280 57310927
112 113 45036991 89471184
113 114 50480826 33343712
114 115 60153886 8103184
115 116 40172516 1984746
116 117 50676883 22447283
117 118 64613994 22639780
118 119 35456697 81019692
119 120 79771028 72774096
120 121 8597999 43086277
121 122 69010098 87474721
122 123 63962462 23643593
123 124 78554112 88537069
124 125 80995468 50127627
125 126 55908369 38319175
126 127 76454953 84126588
127 128 38413395 84484685
128 129 58505882 66903555
129 130 42465494 47212701
130 131 41298832 66919009
131 132 65469968 17721679
132 133 43562832 36606876
133 134 18050236 99318534
134 135 13501344 93721873
135 136 57956883 80552485
136 137 99952446 71177926
137 138 62679378 27556772
138 139 49268391 19166385
139 140 91791698 82919979
140 141 96645859 83802099
141 142 92561405 33070569
142 143 45868323 44416322
143 144 83763000 70583641
144 145 67575873 78980704
145 146 65747824 65814098
146 147 39540113 21316298
147 148 6037541 46640284
148 149 1923158 76413395
149 150 58882952 84033780
150 151 20804455 75258368
151 152 9065267 41319466
152 153 12402042 10453241
153 154 79571020 70217014
154 155 27936971 7593780
155 156 75653696 70219167
156 157 43669967 60652489
157 158 17225554 1959486
158 159 49581631 49566816
159 160 60498068 63991801
160 161 6484947 80339108
161 162 80779222 59157730
162 163 99780730 95270492
163 164 20233726 38797372
164 165 62868187 96512668
165 166 34695631 45492007
166 167 40169171 20714521
150 80 156 56 49 28 13 108 115 71 77 29 148 54 28 38 160 97 54 33 10 148 6 146 99 46 111 138 108 167 54 1 152 8 94 35 52 85 131 81 92 70 135 82 28 79 48 46 1 11 116 34 106 55 9 139 101 80 129 132 26 164 94 113 47 108 115 16 105 96 54 83 119 165 116 117 8 72 33 50 25 19 70 6 37 127 87 2 118 26 130 108 2 10 37 92 62 50 45 158 125 84 4 160 36 93 84 88 68 160 165 133 75 156 38 49 60 85 37 135 40 1 22 25 141 120 75 149 141 167 91 56 83 49 3 33 128 151 106 138 125 41 107 136 36 11 88 38 16 119 17 147 92 165 94 23 148 45 40
90 70
36 32
1 2 8741302 53337470
2 3 13796947 27214173
3 4 83818133 27770709
4 5 69501362 42059656
5 6 198139 22953069
6 7 44416935 22272734
7 8 96047705 77820640
8 9 25787930 99249392
9 10 65866693 35205674
10 11 14664511 16510509
11 12 32698402 7412740
12 13 21092659 14885849
13 14 86961704 42625167
14 15 66235642 54666684
15 16 74877490 64324540
16 17 71731348 38171088
17 18 79328170 40435484
18 19 59167342 76968833
19 20 70586809 19116231
20 21 7558667 27759298
21 22 60430804 44848861
22 23 75955426 98820286
23 24 1829796 43691394
24 25 26080872 42252211
25 26 92648615 25890465
26 27 16789824 92790378
27 28 49725897 56332187
28 29 25843541 52637361
29 30 373149 61280474
30 31 19366493 55566687
31 32 95931688 56984538
32 33 92914413 67466049
33 34 91877432 63128513
34 35 42246510 12223101
35 36 74429262 38192174
14 16 11 32 35 1 26 29 7 18 22 2 11 8 33 3 12 34 5 6 25 13 14 35 34 16 4 29 27 25 32 33
23 28
197 95
1 2 37357012 50610896
2 3 6684633 72478096
3 4 63579694 69342805
4 5 82113993 89544752
5 6 99197835 6378867
6 7 91455000 13794936
7 8 12665090 59091775
8 9 66718497 24470432
9 10 50413071 13138507
10 11 40332175 7282453
11 12 25550091 39448024
12 13 88664697 39607417
13 14 30194931 50939021
14 15 63770173 16737641
15 16 6711539 83966045
16 17 49406634 90437
17 18 92234136 76427434
18 19 83645909 75055023
19 20 14134669 5840913
20 21 22581928 65138640
21 22 13906301 39383854
22 23 88596355 35904450
23 24 97015628 94812316
24 25 16511390 14702269
25 26 40687775 99021588
26 27 95580260 62202575
27 28 78666661 64537193
28 29 72322220 66187041
29 30 25166652 37259478
30 31 97871870 25278206
31 32 95787394 63671343
32 33 16382087 70893581
33 34 32035089 76227417
34 35 67620926 79747332
35 36 99065546 36906599
36 37 88218963 90803197
37 38 11224491 4099473
38 39 46818220 17456836
39 40 94708680 3115794
40 41 60064376 43451599
41 42 79024033 31027031
42 43 78407525 73849245
43 44 51917941 8603012
44 45 36262728 85479325
45 46 4381877 49091779
46 47 80513579 56618033
47 48 38198305 25692437
48 49 57963118 88255120
49 50 10436729 32090204
50 51 18492437 83516675
51 52 56254671 32961233
52 53 67034417 34796008
53 54 56821770 88313695
54 55 7427166 19425568
55 56 67106722 80013441
56 57 9944847 98505506
57 58 19371673 47850951
58 59 48267391 8667123
59 60 57023612 78204891
60 61 20281557 55692383
61 62 198534 70923731
62 63 86511476 20268347
63 64 599384 94190586
64 65 34231621 55366743
65 66 82032187 53542029
66 67 21532254 81022926
67 68 55206743 29108730
68 69 778394 21204565
69 70 35412164 776055
70 71 39548058 29857845
71 72 69928731 16030752
72 73 96491701 72849297
73 74 76695415 60144939
74 75 89464565 95168119
75 76 64670306 61559785
76 77 33444953 79084038
77 78 72431235 74431147
78 79 80590161 80959996
79 80 57105672 34603039
80 81 78785821 55848342
81 82 32940032 40932457
82 83 42580953 36376845
83 84 12446237 13681590
84 85 97687227 67054746
85 86 56803914 58239812
86 87 57546341 41622063
87 88 67253384 95940867
88 89 81077931 55063218
89 90 91127128 98441351
90 91 28974069 96410882
91 92 17131942 11108554
92 93 50192255 34975308
93 94 85713860 76123410
94 95 72340359 93220874
95 96 11581817 25551763
96 97 85894488 83792
97 98 16313606 20910391
98 99 38832992 42661891
99 100 85747180 88036896
100 101 29587908 47383849
101 102 59359738 96098828
102 103 78781000 69766899
103 104 15938696 4372610
104 105 81458118 73469337
105 106 73486214 84287679
106 107 45850557 33755449
107 108 24856469 53944052
108 109 68715807 51249828
109 110 1975012 53745675
110 111 78704364 83642514
111 112 6693150 99155296
112 113 79119505 91005352
113 114 79844889 50692738
114 115 23341209 67053133
115 116 29309798 97228318
116 117 83661577 25896217
117 118 34144179 34803649
118 119 77074824 56856824
119 120 63061267 96400311
120 121 33276583 22771760
121 122 10240737 41547416
122 123 21062725 87883298
123 124 71483792 89863218
124 125 46804083 70834155
125 126 75600300 18818828
126 127 8021740 15165456
127 128 21559702 39964573
128 129 90356629 14491127
129 130 38712574 1287935
130 131 74348877 51778349
131 132 48143450 4197184
132 133 99538796 65183057
133 134 81279191 28636343
134 135 26266504 83596501
135 136 65969142 65438983
136 137 77748346 33883585
137 138 8089920 97470863
138 139 72434690 49540845
139 140 46633678 12219057
140 141 60851194 54275133
141 142 57064580 34492098
142 143 70418806 84219065
143 144 79087775 35349000
144 145 18576293 71717850
145 146 98442484 20952874
146 147 89954193 90854794
147 148 57773857 29971407
148 149 20787281 72823
149 150 58255708 16738849
150 151 25204477 83911807
151 152 38302218 35984069
152 153 91566932 32530015
153 154 56169370 40518228
154 155 9236337 8661988
155 156 41205267 98627483
156 157 24861514 15786770
157 158 54038363 80443977
158 159 8310585 46508198
159 160 3465107 458445
160 161 7392456 38771192
161 162 23587363 8965085
162 163 29279374 76559395
163 164 20487201 47414752
164 165 33521729 83426221
165 166 25096941 52476976
166 167 75387322 87716716
167 168 2198958 28369653
168 169 48166026 90469402
169 170 44592940 78098421
170 171 34771021 10459710
171 172 56675121 57012459
172 173 30372027 19302012
173 174 66977862 75954410
174 175 10656380 8333022
175 176 99998053 68866680
176 177 77263525 98963385
177 178 67808945 6847581
178 179 40303049 67851793
179 180 87430438 97167682
180 181 70808184 56322427
181 182 86646763 99939088
182 183 45595992 28361620
183 184 84148528 99065673
184 185 26137769 30925863
185 186 25089024 39465397
186 187 76660242 74275844
187 188 57083421 6377533
188 189 93700311 73472993
189 190 640052 4119445
190 191 61490662 51865160
191 192 68160615 67742127
192 193 58656901 1881214
193 194 56304735 1367038
194 195 57210834 895685
195 196 34572342 15632890
196 197 25836904 17488923
174 72 128 5 82 94 58 57 56 151 41 176 143 160 47 96 107 171 98 193 102 6 92 197 26 96 81 183 147 106 136 88 45 51 145 65 181 161 98 159 163 13 22 132 139 182 95 64 55 60 80 76 53 166 126 32 154 36 196 46 96 26 64 47 17 84 51 150 117 61 35 27 121 95 175 19 108 128 165 188 14 141 155 89 2 134 143 64 133 177 142 153 14 31 44
123 77
136 49
1 2 78501594 67044479
2 3 60950336 69018091
3 4 87873417 10055167
4 5 53808430 59054699
5 6 59237200 6703885
6 7 20951418 85222369
7 8 64085876 13595376
8 9 38024746 91251448
9 10 36847527 98773180
10 11 92509521 41630757
11 12 16137064 65546327
12 13 25722518 66572743
13 14 57581270 61473437
14 15 9633209 22424
15 16 47653404 45776764
16 17 7672516 98139242
17 18 60234832 24400761
18 19 74808379 10691531
19 20 50587721 24232341
20 21 2528914 94622846
21 22 37676110 99655677
22 23 96016925 26164073
23 24 60305818 1273532
24 25 26848866 7592964
25 26 35347178 13244228
26 27 85678563 35682027
27 28 48502927 42900828
28 29 4120859 7049989
29 30 45838387 61579803
30 31 62339463 86086723
31 32 44409179 53348830
32 33 47289968 72405131
33 34 85685637 58922195
34 35 24255906 74635250
35 36 4380686 41456091
36 37 18582748 80916000
37 38 66764938 80544619
38 39 21139712 79692577
39 40 3594131 67673210
40 41 60240103 81393986
41 42 34308319 81419831
42 43 22577113 89719899
43 44 94398344 92371570
44 45 47447415 88037461
45 46 61533159 16924891
46 47 72723012 35816765
47 48 32636925 52240460
48 49 56018093 46306382
49 50 81290845 50602721
50 51 98846030 40183484
51 52 67651880 52148363
52 53 31078356 48108348
53 54 18310462 47669646
54 55 13639290 38704752
55 56 56952221 32349669
56 57 82800458 2155671
57 58 20044042 76428730
58 59 15468833 10233804
59 60 70062961 88427662
60 61 77859144 10257865
61 62 21118621 12834718
62 63 29592613 53040764
63 64 89591103 87786691
64 65 93542662 13367476
65 66 8702468 67208503
66 67 30390777 95133703
67 68 81455751 76797193
68 69 59148327 80412494
69 70 35534214 73767735
70 71 12903488 26792043
71 72 90209650 93176579
72 73 18867526 79644969
73 74 71365495 98320454
74 75 83374204 8699270
75 76 69680733 81249081
76 77 88781228 56806944
77 78 26364070 77301600
78 79 79990177 315770
79 80 59710148 19853132
80 81 93744707 86945642
81 82 56783227 13037284
82 83 24203963 5100632
83 84 49377995 32572304
84 85 16207391 37182748
85 86 20963077 65139986
86 87 74261326 64290255
87 88 41152765 27166227
88 89 46029643 468416
89 90 86717862 94997754
90 91 81153060 53633507
91 92 9405771 86938863
92 93 38222183 24922474
93 94 38179200 73903221
94 95 82083448 37820801
95 96 10073911 58133213
96 97 10920649 95038823
97 98 91769259 61362867
98 99 43777008 73941691
99 100 21350387 87002632
100 101 79939408 81780431
101 102 33182223 3780858
102 103 91292833 7046825
103 104 32086522 88745456
104 105 72774283 87860705
105 106 75944893 9334879
106 107 70317763 2758343
107 108 22431069 6270347
108 109 90296526 64243672
109 110 79135963 31405370
110 111 32357683 43053611
111 112 30469412 5623286
112 113 97028174 71298067
113 114 37031604 90405446
114 115 98921259 95256177
115 116 65879529 34640972
116 117 36723272 29891949
117 118 43972726 83874537
118 119 99593452 76275849
119 120 92811069 56054932
120 121 86064659 53615208
121 122 97850743 43901980
122 123 16900130 60631086
123 124 81815888 48405933
124 125 26060337 65729617
125 126 48712958 70687903
126 127 90882579 80089563
127 128 32866130 35039120
128 129 33417989 41369553
129 130 13062924 69736181
130 131 59958800 9796283
131 132 70291960 65290230
132 133 19219111 235390
133 134 48832337 7796889
134 135 31029136 51704460
135 136 42850667 34987438
116 85 30 13 29 58 112 12 77 66 136 57 56 107 45 78 24 109 99 31 26 9 134 71 101 18 102 9 115 78 100 12 65 63 47 92 44 3 67 34 9 25 37 17 74 108 24 75 45
80 133
4 15
1 2 7002408 54669423
2 3 77780602 69751671
3 4 91012046 61822318
4 1 2 1 2 4 1 4 1 3 1 2 4 3 1
3 2
133 44
1 2 6312678 47745621
2 3 16277425 72211445
3 4 7720200 14990229
4 5 28575956 767832
5 6 27010609 78680349
6 7 73463266 92345501
7 8 27148148 47543812
8 9 69599754 20722894
9 10 40003840 30576009
10 11 72277298 65368538
11 12 16824864 17142693
12 13 54062890 29404920
13 14 73232957 25761050
14 15 79981588 61050011
15 16 88851200 41121114
16 17 80735184 95287761
17 18 54910313 35823766
18 19 17752627 26782030
19 20 98110255 95201092
20 21 96545771 65268991
21 22 82572530 97087123
22 23 40259140 58133158
23 24 87565488 2412123
24 25 50068277 85321015
25 26 57832568 3204541
26 27 30730688 74114010
27 28 56403406 3246948
28 29 93714992 73708772
29 30 71610511 84980578
30 31 56615479 25178301
31 32 46760712 1175864
32 33 64877456 28634836
33 34 385830 90277082
34 35 44717069 1570026
35 36 9218301 59553243
36 37 16265315 51179515
37 38 72543900 19132920
38 39 798748 48350362
39 40 38708420 4242582
40 41 19588343 69916573
41 42 38670420 85816993
42 43 90484572 46118845
43 44 90694651 81737867
44 45 38385922 47183710
45 46 64748734 34880731
46 47 12602051 80772097
47 48 73005656 2324217
48 49 4274437 23183252
49 50 74184475 18376624
50 51 7210099 65111753
51 52 56605272 43611473
52 53 7686293 5060097
53 54 30389264 69387300
54 55 96795267 12845663
55 56 58539950 91258132
56 57 6694930 95039018
57 58 93114574 92473196
58 59 78174877 47269967
59 60 59722626 45549378
60 61 85800721 19049323
61 62 58333540 26131414
62 63 86045714 78286777
63 64 48955009 54692487
64 65 36877571 86555490
65 66 45499910 34035026
66 67 22227589 41400209
67 68 59019578 53106440
68 69 57292 93323750
69 70 60808802 32021084
70 71 40155430 93947990
71 72 64926562 54575364
72 73 54863719 82696557
73 74 37513171 73552677
74 75 20434848 49681877
75 76 52984066 71227423
76 77 21150676 15360920
77 78 83014121 58213783
78 79 33127458 66736245
79 80 83876403 54911011
80 81 70698814 55386739
81 82 9463150 93207163
82 83 31413594 30250012
83 84 65389208 9246959
84 85 20392559 79328726
85 86 30304854 69702994
86 87 88399950 53783961
87 88 20034016 11934912
88 89 28036220 13823992
89 90 80134829 8643937
90 91 70351595 85265187
91 92 66541697 30446929
92 93 90134278 36089945
93 94 95600195 1369255
94 95 8641553 39042407
95 96 93873254 57757711
96 97 68701433 70920573
97 98 75481640 56862302
98 99 91584205 68057822
99 100 13668513 39061420
100 101 87656850 48169880
101 102 89549079 30289767
102 103 30557169 43420474
103 104 9401112 16430730
104 105 96491008 21311501
105 106 89150341 27540709
106 107 91356928 12297247
107 108 91618034 22987061
108 109 7442367 27212983
109 110 90089084 76765638
110 111 39738354 94736911
111 112 75336495 30422027
112 113 90833176 7175506
113 114 99593793 61318487
114 115 59480329 41526608
115 116 19484194 61772651
116 117 19529709 3251987
117 118 64974481 18348415
118 119 41747670 42024562
119 120 62603147 38238567
120 121 1504193 1573961
121 122 71506072 43648694
122 123 18497615 28730113
123 124 69076545 33986771
124 125 783842 40777722
125 126 31144315 75972808
126 127 86388464 77842993
127 128 7917662 10999700
128 129 41093340 68089647
129 130 81260577 45250867
130 131 56810229 1048584
131 132 52624975 59958119
132 133 92643122 81310376
20 71 123 21 52 47 109 37 2 27 2 123 6 86 43 91 30 12 117 130 39 72 7 107 6 98 38 32 90 127 21 119 88 97 121 127 128 38 48 84 97 55 113 94
132 96
51 130
1 2 93958950 90924356
2 3 41784667 45791370
3 4 98174754 8910695
4 5 51841143 55525652
5 6 89362274 5684202
6 7 32265169 35358163
7 8 40629802 21775547
8 9 12913150 40591405
9 10 39180922 72143499
10 11 86139258 70227526
11 12 97515001 50263533
12 13 43210136 89496113
13 14 14468100 26746832
14 15 2604256 29079152
15 16 94810263 5860675
16 17 56822058 98388108
17 18 63715561 26267135
18 19 62004682 23682174
19 20 1980421 65792246
20 21 55742195 93953728
21 22 43726636 99022733
22 23 7001964 90657358
23 24 97926550 20921554
24 25 17476618 87166446
25 26 53852946 33180175
26 27 7043591 22891136
27 28 88378877 98917589
28 29 20988322 53933470
29 30 4617716 58932750
30 31 18281326 7189295
31 32 27610377 26976440
32 33 44930113 18902484
33 34 49440337 87118036
34 35 57060936 15171930
35 36 16116384 62492802
36 37 77843757 58688088
37 38 58601886 77403162
38 39 5107173 17105089
39 40 34485773 91960950
40 41 27909801 64281901
41 42 43022701 57465717
42 43 98102510 69752028
43 44 82440518 15768217
44 45 31388128 46733369
45 46 27779098 16574560
46 47 83748751 92433516
47 48 67617166 39206681
48 49 88274284 88052485
49 50 31515294 14943628
50 51 90586482 60187763
44 19 15 48 46 7 34 44 15 47 39 37 29 18 36 32 2 11 39 20 41 21 19 45 51 2 3 13 7 16 50 10 45 33 44 38 5 43 25 5 41 42 1 3 34 28 41 32 8 45 23 22 42 25 38 11 51 11 26 49 8 25 21 24 49 45 4 14 28 18 40 41 26 33 6 49 14 6 5 2 30 2 47 14 9 42 26 22 42 30 6 23 1 24 17 50 4 21 5 45 30 18 22 44 45 46 5 26 48 6 37 47 41 7 35 7 26 37 29 12 11 6 24 37 1 15 1 32 41 29
44 26
127 152
1 2 87387805 5343438
2 3 36158607 34646514
3 4 47085699 24519083
4 5 19195305 46449909
5 6 58988134 90228976
6 7 21878761 59566924
7 8 81179182 72876566
8 9 51789215 39933519
9 10 20502850 87648822
10 11 51450527 87295198
11 12 29991185 1175997
12 13 48982742 64060598
13 14 75854217 61599090
14 15 67717222 32970510
15 16 89793747 7876029
16 17 71278549 71595666
17 18 15678193 21592450
18 19 3112951 50867978
19 20 1392651 91242801
20 21 21693030 64114721
21 22 42680070 69532710
22 23 36929226 4014510
23 24 1265503 8380091
24 25 73527463 25006959
25 26 5065893 61881181
26 27 61977453 34164774
27 28 55165657 53219317
28 29 63074449 25005012
29 30 37856410 50217026
30 31 37176224 45582023
31 32 1691511 89991116
32 33 19365058 54752855
33 34 74447843 57182889
34 35 52875245 30100117
35 36 69274592 36439002
36 37 87989020 67620747
37 38 65640526 77280416
38 39 94063154 12240196
39 40 38891619 78363547
40 41 85030961 8666774
41 42 51258345 31321909
42 43 81379162 15643499
43 44 57138914 70532676
44 45 42408175 99522440
45 46 81626754 71363612
46 47 42326958 74866913
47 48 7521897 7003761
48 49 81829211 11266852
49 50 60480091 22063548
50 51 65560672 10093195
51 52 38472308 71458206
52 53 1392293 35678970
53 54 20652667 49883743
54 55 934112 25196400
55 56 75832789 49978137
56 57 10826761 82964840
57 58 57523971 16824080
58 59 83772086 50986451
59 60 40324522 2232365
60 61 38880936 86744409
61 62 31924195 7549172
62 63 41413959 14369783
63 64 5031863 63066836
64 65 96665297 87888121
65 66 73235982 49608502
66 67 57678150 99279425
67 68 47782373 31882056
68 69 68166713 43923645
69 70 15471524 68767048
70 71 67805703 81962919
71 72 98160663 58639239
72 73 33778292 72488031
73 74 32272238 24269242
74 75 37277280 95739203
75 76 13229841 64085738
76 77 84921029 73379177
77 78 83947898 5185506
78 79 35911799 72155329
79 80 33023856 79394528
80 81 53969420 36767505
81 82 93181777 88431100
82 83 84567008 3134056
83 84 44913905 36977569
84 85 80436512 13403181
85 86 67220637 40244133
86 87 56590248 17409934
87 88 97841792 61974136
88 89 86274242 71845363
89 90 65784512 74927151
90 91 10688643 50244516
91 92 95667307 96285286
92 93 33602801 39322782
93 94 83653469 6846311
94 95 6824235 98380256
95 96 21876194 1940984
96 97 79371761 60236677
97 98 95515335 91619089
98 99 32320855 61790025
99 100 94421765 15585501
100 101 76648715 31974843
101 102 75703993 13983906
102 103 80802444 83389411
103 104 68610412 89222810
104 105 63373141 56261562
105 106 76310867 75168870
106 107 49385381 12195836
107 108 51068360 79219114
108 109 22704199 46656890
109 110 53144116 79758455
110 111 88513725 44623971
111 112 54462586 51087625
112 113 93866889 92323983
113 114 6542282 60889067
114 115 16665982 18448508
115 116 99643683 15257238
116 117 53029031 21878214
117 118 34928307 25303718
118 119 47594333 79570002
119 120 60127468 73385415
120 121 39881825 43505204
121 122 74927304 52148006
122 123 88617420 91213088
123 124 53849197 55813796
124 125 91368807 95820176
125 126 62065547 42833342
126 127 55839716 52305540
8 107 124 82 75 19 116 26 12 40 29 109 50 52 12 39 122 117 125 105 79 36 49 115 19 69 34 114 34 78 66 123 119 19 78 87 61 58 2 38 7 60 35 51 14 44 14 50 84 77 122 42 55 17 105 2 35 50 77 102 81 125 111 85 84 28 50 21 50 40 72 85 92 59 4 90 87 99 124 99 103 65 116 36 95 22 115 117 14 10 23 27 41 18 67 65 101 121 12 42 93 56 63 2 110 97 60 95 77 66 110 18 53 79 108 41 69 86 29 27 54 11 43 37 84 5 83 91 24 12 30 111 54 120 37 115 64 62 92 59 72 24 22 72 49 60 67 69 23 101 33 22
74 16
147 50
1 2 37543966 60761361
2 3 52850319 17640357
3 4 6081464 1455608
4 5 62700775 28401169
5 6 81142010 9768287
6 7 57072842 76839937
7 8 74409540 97923043
8 9 32318364 18329760
9 10 49085553 21266842
10 11 47989337 70054692
11 12 88166209 38727133
12 13 85110146 42578724
13 14 35872111 19714624
14 15 81528891 17467407
15 16 60694572 29315971
16 17 83579691 9380817
17 18 83318431 71869436
18 19 85204323 18585716
19 20 40524572 27498744
20 21 86160618 356734
21 22 53129832 50660267
22 23 59528691 63522703
23 24 40723819 1744252
24 25 1947020 66148269
25 26 80897531 67358599
26 27 29526522 22008882
27 28 25160102 52384263
28 29 7759017 65691154
29 30 55756056 1276980
30 31 34757233 75909687
31 32 49340361 16041483
32 33 31448044 67423191
33 34 39039566 54834268
34 35 44424173 53888616
35 36 58380686 62441441
36 37 53859620 28443251
37 38 95612779 10718484
38 39 77121008 67333597
39 40 78589655 5620826
40 41 85140123 18211942
41 42 6304169 83393077
42 43 36990404 46988673
43 44 17755413 93662235
44 45 69278886 82085261
45 46 92448076 62915178
46 47 64116325 6109335
47 48 12391836 3437311
48 49 13436544 14749975
49 50 35243225 78936859
50 51 62164335 94604230
51 52 26379470 83637189
52 53 30351029 6546477
53 54 71240351 52349307
54 55 64104652 17448406
55 56 31086062 57952450
56 57 50208922 80980312
57 58 56429606 36934419
58 59 18518638 94549294
59 60 12604332 62489685
60 61 52239837 78958968
61 62 25401317 70745958
62 63 51984734 48084091
63 64 16441783 90371708
64 65 1563848 47549876
65 66 71393224 21222041
66 67 5669780 76309474
67 68 15427205 82129294
68 69 13387097 94583786
69 70 90691983 2608019
70 71 11727299 4810930
71 72 69509805 64607936
72 73 85050929 37111665
73 74 33238668 54847489
74 75 55738089 84657476
75 76 48084130 89144267
76 77 94351993 41439485
77 78 15461900 52923988
78 79 44180472 55749449
79 80 66631825 79321400
80 81 91692944 23521073
81 82 44041729 93040556
82 83 72155375 87952978
83 84 81550880 41049182
84 85 55131957 58749750
85 86 72805379 83551032
86 87 1340107 47191796
87 88 25039746 11186970
88 89 76855864 1455935
89 90 16229764 75154756
90 91 55464642 71571925
91 92 32681826 27749864
92 93 14720131 47812247
93 94 9727366 20979732
94 95 35227221 94645103
95 96 78364105 49568695
96 97 42349508 47952604
97 98 25438031 41743960
98 99 98692515 6116544
99 100 44405322 93796266
100 101 53369426 71574013
101 102 24225912 77320239
102 103 75441121 51165924
103 104 62033225 77116560
104 105 64903058 9256278
105 106 33572118 21658099
106 107 72095188 81485443
107 108 47830617 39302771
108 109 59211639 71090508
109 110 34392410 89064357
110 111 91611676 45868465
111 112 39193340 10579466
112 113 20460155 92933704
113 114 83090825 84320005
114 115 91433424 91110788
115 116 24386127 43163673
116 117 72652834 38351461
117 118 50536847 76169720
118 119 87045543 97346717
119 120 23251860 18320464
120 121 78237735 37543177
121 122 29796668 51446542
122 123 52983833 48354588
123 124 55147403 95176997
124 125 83683822 61311362
125 126 22695502 72089726
126 127 8461735 43293486
127 128 59122315 45358830
128 129 2606760 64141792
129 130 39609362 47235767
130 131 22988284 66236552
131 132 32335365 43156542
132 133 34880705 18985368
133 134 6005422 51082761
134 135 94475498 54484657
135 136 65874356 79778955
136 137 51888943 22840132
137 138 30318425 80974305
138 139 82849169 20591239
139 140 24201180 67155871
140 141 9311580 99604079
141 142 68249851 22351722
142 143 58245496 10752681
143 144 93472933 83031727
144 145 28940564 19900872
145 146 52694192 79136690
146 147 64856642 61322017
113 95 61 66 59 97 129 139 83 116 51 128 89 54 108 1 19 51 127 9 60 14 4 95 4 46 119 26 23 35 140 103 69 87 138 64 42 94 101 78 19 128 96 116 1 59 112 129 111 61
110 68
163 41
1 2 22477218 74037121
2 3 82448475 30377714
3 4 77325770 28023477
4 5 25083454 81010182
5 6 83569606 65195816
6 7 34711367 94717060
7 8 5251461 89773500
8 9 11489275 1825416
9 10 67202642 82938856
10 11 50766328 18183992
11 12 279731 7998058
12 13 30795918 95016832
13 14 38444660 2308700
14 15 59584061 30447919
15 16 64815754 93117666
16 17 38152954 89511642
17 18 55876027 69166331
18 19 41360114 20840688
19 20 86424382 7127124
20 21 46270148 32550423
21 22 46898288 33906192
22 23 92139426 32862538
23 24 9344900 83914339
24 25 15553646 92529558
25 26 36952488 88311958
26 27 30313526 51608790
27 28 47170093 77836714
28 29 94841525 57732662
29 30 47537891 34770166
30 31 94349249 55016815
31 32 8110623 93686079
32 33 95459427 13364792
33 34 53132605 50779944
34 35 81967321 26837518
35 36 787201 25532824
36 37 41991651 30256491
37 38 25793358 19382300
38 39 37713157 10724652
39 40 16529841 57522806
40 41 58716673 47008888
41 42 68414069 73851489
42 43 91235725 62826614
43 44 26079173 55143829
44 45 66800450 25216196
45 46 4007049 28817535
46 47 46584240 7072490
47 48 61455603 64937749
48 49 48279101 69352661
49 50 30055067 546445
50 51 86768604 8251313
51 52 21823087 33458094
52 53 34497545 53698589
53 54 17452003 88194503
54 55 85702163 24149842
55 56 95238761 91747159
56 57 18530422 40384999
57 58 74544422 5233966
58 59 12122945 58483308
59 60 13531106 69046473
60 61 66950016 17949942
61 62 65564072 46639212
62 63 18724741 21386981
63 64 7908780 71223171
64 65 98066108 62461626
65 66 66664433 16344914
66 67 9234719 6522130
67 68 22928397 48018131
68 69 60449130 98721625
69 70 84681256 55887266
70 71 23342031 36171568
71 72 9447479 88228413
72 73 72497173 32902639
73 74 95542417 54856733
74 75 69019100 93016943
75 76 49162825 79194799
76 77 73532330 13128580
77 78 94335249 26932071
78 79 79501827 76398553
79 80 40665547 54787258
80 81 54988016 79680364
81 82 419928 37256812
82 83 61819599 89447525
83 84 42597673 30594640
84 85 42246310 98120150
85 86 38347381 84590842
86 87 26209252 77518305
87 88 51305728 57964508
88 89 85641888 46163102
89 90 17373448 43402442
90 91 83974745 57270501
91 92 4770744 13036499
92 93 34358524 79923165
93 94 6850144 68776925
94 95 4153676 25359990
95 96 67802222 58321315
96 97 13500956 11918207
97 98 5926990 4210120
98 99 45744754 15839669
99 100 98486349 892791
100 101 99510179 10410091
101 102 80001134 44870800
102 103 90356844 33461941
103 104 61436865 77233227
104 105 87199968 64476942
105 106 85644730 65702444
106 107 51196217 28207354
107 108 31223765 19735247
108 109 78859631 45309553
109 110 20361380 38451058
110 111 39500172 83506311
111 112 5910854 64707690
112 113 90327908 32020376
113 114 62297116 47351859
114 115 20692386 98216468
115 116 47431957 46157799
116 117 78787486 47311019
117 118 7500925 9937962
118 119 20744992 20823084
119 120 83712708 46676026
120 121 24690812 79330054
121 122 52816658 11345833
122 123 33534804 44897606
123 124 60562592 75043939
124 125 74158421 64178173
125 126 98984155 44132951
126 127 10275252 24763419
127 128 24052637 65400293
128 129 22977531 85588926
129 130 44296359 86599409
130 131 92205372 83230487
131 132 88905727 69317980
132 133 46618532 62549073
133 134 85374398 78869000
134 135 66686946 72812750
135 136 48926607 52958915
136 137 97630667 27436882
137 138 57952636 41446064
138 139 41262767 95452504
139 140 85224716 65193393
140 141 30071135 3520969
141 142 50111746 98688268
142 143 88825652 33803081
143 144 64447508 54197615
144 145 65881912 59298727
145 146 69230357 66421363
146 147 92614785 27423274
147 148 1054851 29050725
148 149 38785765 27190806
149 150 12743818 19168924
150 151 23746387 22512155
151 152 8079240 18557920
152 153 74444399 13187192
153 154 61131836 99749226
154 155 75266558 12889820
155 156 35356651 72289792
156 157 21125796 66509539
157 158 65899753 33837932
158 159 91881350 2487085
159 160 39698343 56053194
160 161 18583639 31680668
161 162 14413601 5740363
162 163 85974644 1214058
121 66 38 149 19 109 52 124 20 47 133 93 43 159 148 94 42 68 158 153 98 137 12 75 17 162 124 43 81 68 117 77 133 45 160 80 163 58 13 58 35
26 92
4 155
1 2 71397954 98289800
2 3 89186100 70289666
3 4 39207836 5203069
1 2 4 3 1 3 1 4 2 3 4 1 2 1 4 3 4 2 4 1 2 4 1 3 4 2 4 2 3 1 4 2 1 3 4 2 3 1 3 1 2 3 1 3 1 4 1 4 1 2 1 4 1 2 3 4 1 3 1 2 1 3 4 1 4 1 3 1 3 2 3 1 4 2 3 4 3 1 4 3 2 1 3 4 2 1 3 4 1 2 3 4 1 3 2 1 2 1 2 4 3 2 1 4 1 4 2 4 1 4 1 2 1 2 4 3 4 2 1 3 1 4 3 1 4 2 4 2 3 2 1 4 1 3 4 2 1 4 2 3 2 4 3 1 4 1 3 1 4 2 3 1 4 3 4
2 3
59 160
1 2 84611718 4392120
2 3 51479355 46592940
3 4 32739128 52852725
4 5 48711682 39494668
5 6 68956326 77311229
6 7 86714080 8457523
7 8 27334631 81382542
8 9 40756816 88122363
9 10 55113861 431823
10 11 92503864 41123730
11 12 43499254 57773218
12 13 56296306 43610893
13 14 5340908 18176057
14 15 70699744 88177011
15 16 41452807 52572947
16 17 95853325 74311654
17 18 55524553 8430929
18 19 65038030 72777412
19 20 9627763 36868512
20 21 68178540 5575797
21 22 1655256 72314241
22 23 89983136 46111751
23 24 31338118 23489739
24 25 3861274 71396114
25 26 93693534 21569964
26 27 64544674 59894139
27 28 73189476 30500510
28 29 98897062 23538812
29 30 94966352 74157618
30 31 31351375 29015878
31 32 69706791 43888195
32 33 69539634 46276249
33 34 6667314 87085472
34 35 26333489 36940059
35 36 51434373 9870992
36 37 9335496 44236279
37 38 38735256 73818542
38 39 3312959 19584269
39 40 56715597 7462187
40 41 3240930 21333273
41 42 79593931 77875380
42 43 98406980 83548045
43 44 2748391 17263732
44 45 94520457 29961189
45 46 33815351 85106658
46 47 66889685 84508604
47 48 56047436 24993654
48 49 57131538 2282512
49 50 5113175 74212406
50 51 42528755 59449170
51 52 12744615 99548860
52 53 46294024 71207841
53 54 95772300 96974457
54 55 35049094 30685845
55 56 28466813 33620683
56 57 12007490 44516399
57 58 83759333 43002988
58 59 19257434 89178786
29 7 9 23 27 40 10 48 28 42 29 46 9 40 13 9 40 57 29 31 38 39 1 47 24 2 20 55 15 8 56 52 31 41 29 39 42 15 2 3 31 2 11 36 57 42 27 40 27 31 33 28 9 30 45 42 26 54 32 7 59 38 26 4 19 37 56 15 9 21 7 25 40 13 39 4 23 38 45 49 4 17 49 32 57 35 6 27 36 30 1 34 20 57 52 26 18 17 34 59 39 28 14 9 11 9 46 21 47 6 30 40 38 23 14 12 50 53 3 58 5 19 9 37 18 7 51 21 6 28 41 30 36 12 7 26 43 46 36 27 16 48 49 39 41 39 21 26 40 18 49 10 21 39 30 59 54 59 53 49
35 55
140 160
1 2 74968147 81510415
2 3 9728292 14451224
3 4 5477058 56247744
4 5 48249240 61138452
5 6 7177804 82226265
6 7 96801318 39195098
7 8 74875775 1604107
8 9 19156828 60673188
9 10 42578136 39331530
10 11 81859745 5011067
11 12 76769010 1827598
12 13 21634316 33540640
13 14 47055416 33983655
14 15 25044470 66028501
15 16 14633012 58250551
16 17 16795067 38924306
17 18 28098419 76892550
18 19 98533413 9368598
19 20 56832476 51024753
20 21 89082472 10392691
21 22 98486722 41143521
22 23 95812908 81850903
23 24 29468173 89697860
24 25 84607856 10570907
25 26 76740560 45341349
26 27 54171259 79318208
27 28 14394719 25594981
28 29 94505300 6400005
29 30 88502725 15038456
30 31 38177758 15003820
31 32 32594907 35454152
32 33 897838 82893434
33 34 45651904 88108075
34 35 9965636 80138664
35 36 22560884 66998226
36 37 13962958 19927129
37 38 1906251 3560623
38 39 43336234 47862036
39 40 91300239 71530813
40 41 75215616 51789353
41 42 13368059 40893416
42 43 88974779 68915387
43 44 59605564 7729249
44 45 62550002 8897193
45 46 30123515 16259224
46 47 96945226 76011825
47 48 39347837 30031482
48 49 39273825 64429182
49 50 26654777 85904140
50 51 6170653 75271950
51 52 60978474 8012577
52 53 34897226 76360503
53 54 21181705 8792913
54 55 53178199 31135862
55 56 38278050 89681379
56 57 46385639 13508517
57 58 41966631 94264396
58 59 61289242 6890203
59 60 68418713 50046533
60 61 6034720 15086354
61 62 94063437 4624661
62 63 44693526 54999427
63 64 57012227 38545900
64 65 88578399 18104476
65 66 63672340 77915228
66 67 62608729 75521720
67 68 27147085 51585894
68 69 46595198 62493223
69 70 30358791 2172852
70 71 6148690 70185395
71 72 36699139 3091042
72 73 68128645 71427891
73 74 93644280 52693714
74 75 45129466 76853254
75 76 66259540 31802307
76 77 62480231 54315881
77 78 47626297 83291499
78 79 10790626 80868831
79 80 12189628 8995229
80 81 43647354 99033045
81 82 90578066 23723839
82 83 95711204 4084887
83 84 14325480 79325007
84 85 40693428 31084269
85 86 46101380 27032705
86 87 95177742 37249431
87 88 37225419 69027630
88 89 82267475 60793920
89 90 98907955 10117464
90 91 45479004 88604440
91 92 9061088 8556178
92 93 76992428 11741940
93 94 65169151 35986
94 95 92034641 10548229
95 96 3383821 36502680
96 97 782704 77906117
97 98 70285349 45754337
98 99 72249537 67935320
99 100 44972020 11278
100 101 98428792 17707741
101 102 37609066 15922338
102 103 86059532 12227326
103 104 28352110 85701151
104 105 85914094 44341885
105 106 43143506 26056795
106 107 98500874 71836407
107 108 62720643 74239966
108 109 98054512 42916639
109 110 36658255 54891419
110 111 45339753 81970
111 112 5656341 85734047
112 113 2588424 45078465
113 114 67989058 58247947
114 115 48415703 25032271
115 116 3132517 17628919
116 117 90391905 85239226
117 118 21919552 79749030
118 119 5072164 89589692
119 120 40168108 48421899
120 121 74730696 63322120
121 122 27046001 40249367
122 123 30301421 11915887
123 124 5670945 37341867
124 125 9397689 28112011
125 126 51059564 46959070
126 127 75280484 29856776
127 128 25985606 14344859
128 129 96486720 81774635
129 130 64555167 52857091
130 131 88928319 1348532
131 132 56119907 72556012
132 133 2017871 50164791
133 134 92233209 41989008
134 135 85817900 28557873
135 136 18762013 10431162
136 137 45124150 73021206
137 138 20169871 44006401
138 139 83601931 34434930
139 140 93108759 51348301
117 52 94 41 64 110 21 76 20 80 98 56 7 27 71 107 92 15 125 127 36 45 69 134 65 23 99 67 83 131 72 25 39 7 99 109 137 2 26 79 101 48 17 79 12 17 38 129 71 113 76 106 114 21 132 13 98 63 33 135 98 113 66 106 42 92 78 67 30 114 119 55 122 8 5 47 55 121 112 71 51 109 1 18 17 13 52 99 91 118 139 8 92 65 7 75 55 83 113 68 46 99 69 87 97 38 85 112 74 7 128 51 57 44 38 31 131 66 140 97 140 50 120 85 136 18 76 88 7 13 88 96 117 76 70 12 70 97 81 124 68 62 82 44 65 6 83 59 111 74 47 81 136 3 44 51 97 40 86 55
54 92
56 89
1 2 68592315 68636517
2 3 87624241 89294405
3 4 99013035 85431076
4 5 36082144 57756286
5 6 16049463 78570192
6 7 23064834 93390342
7 8 30954133 74176087
8 9 33370598 30632224
9 10 22347404 25083879
10 11 4634474 15259571
11 12 12825154 67486319
12 13 5525623 78493365
13 14 39352581 19993842
14 15 6360254 43731111
15 16 39786895 18757347
16 17 65686783 84160073
17 18 67105909 75173961
18 19 63758104 58428148
19 20 7175295 78219738
20 21 80403156 77179554
21 22 74125846 14287549
22 23 37334194 37410713
23 24 98786792 57715641
24 25 14124738 10541930
25 26 72901250 54559233
26 27 28062445 5165716
27 28 34562322 25274857
28 29 70664122 5035429
29 30 38463292 38863083
30 31 68170286 15002796
31 32 91570442 995387
32 33 17505971 66192747
33 34 45466212 94025582
34 35 4311802 29826835
35 36 26815132 94127395
36 37 42167702 52251032
37 38 82119420 39959153
38 39 32153398 13687066
39 40 10751337 72792295
40 41 78189244 54336033
41 42 18669667 47257245
42 43 50376802 28918539
43 44 5576306 11216993
44 45 24377268 42820891
45 46 67120420 74923255
46 47 20989500 94570125
47 48 37792245 84175065
48 49 42902842 88265314
49 50 60802671 28972895
50 51 32496869 39531634
51 52 72792219 1115203
52 53 9358367 74421764
53 54 19330598 83312763
54 55 95114481 20886449
55 56 67687554 71514028
44 30 50 37 12 5 21 3 46 47 26 12 54 53 6 48 36 46 27 55 27 18 12 6 26 21 53 41 19 33 16 37 42 33 50 2 44 4 54 53 8 56 53 4 54 18 37 53 31 41 33 8 36 17 44 14 11 20 15 45 8 46 34 4 41 24 18 30 45 40 8 45 13 15 51 31 14 46 2 24 34 25 45 53 28 51 35 43 31
38 52
124 168
1 2 50180793 42334600
2 3 49300546 35958285
3 4 25165679 53650262
4 5 35584812 96020620
5 6 38609690 96115010
6 7 11745642 53356389
7 8 9480726 24332148
8 9 13818433 44821930
9 10 60241076 64745826
10 11 29514671 52381214
11 12 19151390 46030276
12 13 50145596 99364309
13 14 53679811 25900216
14 15 13493442 90821183
15 16 65219738 62685356
16 17 13248857 76397987
17 18 38065224 90629660
18 19 46333344 46632558
19 20 93226811 22664787
20 21 14741778 314702
21 22 99205074 46534290
22 23 87995832 99263330
23 24 82195008 63112050
24 25 41648970 26596205
25 26 28837798 66872276
26 27 77191 29728232
27 28 60513935 50834770
28 29 82389772 20604315
29 30 65159102 86756583
30 31 80828263 41552347
31 32 61882759 50222181
32 33 46081491 13420866
33 34 34186144 89177377
34 35 24914488 94407394
35 36 74555250 72510853
36 37 80374697 59130749
37 38 87318240 90239572
38 39 82256505 54682834
39 40 24276095 97963959
40 41 80186041 17446021
41 42 99324594 67960399
42 43 95805864 42766142
43 44 92215141 72195002
44 45 48195990 99451316
45 46 86042483 92085455
46 47 55072440 1636791
47 48 48689044 9770278
48 49 7640688 8144356
49 50 42142631 91833105
50 51 29013159 85430671
51 52 31782454 24668508
52 53 28920557 25199002
53 54 61973120 11974928
54 55 59907366 9710503
55 56 99561825 23849149
56 57 57620401 43546069
57 58 33003748 70212714
58 59 68903757 23168975
59 60 7304526 40751872
60 61 77084799 96692450
61 62 17545146 28668212
62 63 57112541 260840
63 64 80584515 39204515
64 65 63625273 23698116
65 66 99226660 14584784
66 67 76103144 37338889
67 68 33105132 5388584
68 69 90676971 87311609
69 70 4230530 85990528
70 71 25738115 11110537
71 72 9748908 73771307
72 73 41325134 35057138
73 74 90702408 48441546
74 75 55622067 36950511
75 76 671710 72600070
76 77 78377100 21690590
77 78 35106472 9658095
78 79 57181940 1991503
79 80 34558747 72236090
80 81 15565202 16377028
81 82 66467298 51718955
82 83 15879640 22955895
83 84 66408084 48588720
84 85 80511790 22563640
85 86 8771734 47505064
86 87 93508657 18706434
87 88 31919933 26924916
88 89 4447444 68357311
89 90 55861445 43928761
90 91 81520108 59955783
91 92 76651227 48619092
92 93 4514908 51036211
93 94 16905922 32985361
94 95 52533168 76873465
95 96 89046417 39915939
96 97 99518252 65419703
97 98 78418867 39036279
98 99 59123673 98924617
99 100 7287343 46300412
100 101 95933333 58052266
101 102 10960072 49607434
102 103 24367992 15288885
103 104 49753523 20990483
104 105 7061532 99644474
105 106 27432118 31118552
106 107 56517452 58402693
107 108 98616318 72638878
108 109 51925920 83167453
109 110 78996522 6779746
110 111 65001800 65772762
111 112 1527040 55290141
112 113 72834898 34091422
113 114 80417409 97843076
114 115 95606294 41368695
115 116 19651416 97767991
116 117 24754833 35198710
117 118 85185040 26693213
118 119 92786641 75301857
119 120 21223949 47072916
120 121 33800804 88157779
121 122 81546950 12659254
122 123 43456370 16307901
123 124 98344999 66488679
122 53 67 103 57 93 118 40 33 29 68 79 78 21 41 37 53 116 6 54 100 106 88 52 42 75 98 8 113 47 83 53 6 13 60 89 122 115 70 31 120 60 20 74 99 29 22 118 123 122 29 118 1 5 1 7 118 6 95 36 102 34 38 61 15 40 98 121 6 88 44 123 119 15 120 106 95 12 25 108 24 31 93 72 116 110 61 11 81 5 43 122 33 35 121 55 75 120 95 117 92 14 95 21 111 70 91 52 11 65 114 2 77 82 90 94 60 20 93 11 112 99 105 26 112 5 1 37 41 116 103 113 123 71 45 122 23 77 10 48 91 109 87 6 84 17 109 87 111 9 103 3 1 28 102 57 51 118 41 112 24 18 31 58 34 47 38 46
21 37
47 41
1 2 52382719 44643895
2 3 60802054 37460428
3 4 22014139 78610878
4 5 22459118 65197939
5 6 64687107 58026879
6 7 1485777 13112108
7 8 48664071 25130602
8 9 9987202 82175112
9 10 12333145 40382643
10 11 30433901 8415380
11 12 52389967 47448111
12 13 40365849 4143824
13 14 79325797 99555335
14 15 76403373 50112450
15 16 22434671 74865723
16 17 56199047 95045147
17 18 68686449 11168230
18 19 50007315 36233412
19 20 92438266 13723670
20 21 99395868 86960374
21 22 91058972 99105689
22 23 22142111 16064832
23 24 5293541 88410054
24 25 47975494 99590898
25 26 64235462 22666839
26 27 94806354 16654984
27 28 68246217 68297073
28 29 91749281 33132200
29 30 46948649 53759670
30 31 35551866 35125245
31 32 64393371 15607262
32 33 50096195 69518129
33 34 60282042 22431334
34 35 95685632 89001890
35 36 987695 18927294
36 37 5383728 59958338
37 38 69416266 50741753
38 39 88105347 27260179
39 40 15752790 3502062
40 41 69061941 73228695
41 42 5616563 37815484
42 43 30095999 50874016
43 44 99884404 70879344
44 45 64169692 66652017
45 46 27155461 59441402
46 47 86748898 83162829
16 1 16 27 7 35 20 22 25 44 22 26 10 4 35 34 11 24 14 36 30 35 25 3 17 6 9 37 25 3 12 36 16 37 42 41 38 32 41 13 23
43 34
93 149
1 2 20007512 20098275
2 3 27588936 78156946
3 4 24348950 43161298
4 5 35372270 36428283
5 6 64009452 14470078
6 7 99593427 16169257
7 8 8087791 98008112
8 9 76473765 60041282
9 10 63631457 25158289
10 11 38878784 6065170
11 12 31272009 67759311
12 13 99277420 48098184
13 14 69406781 18319475
14 15 5038867 43321047
15 16 53107654 69617022
16 17 5499047 23342829
17 18 14766995 55400494
18 19 36408235 75010691
19 20 74804744 344153
20 21 50500255 6985916
21 22 36773198 70961423
22 23 27029193 48220714
23 24 77189216 20014461
24 25 4762193 55074558
25 26 89321631 91675322
26 27 30957183 92407280
27 28 26850972 13360260
28 29 45848275 75999544
29 30 22937246 28398684
30 31 50366550 12379335
31 32 16701509 4377471
32 33 98379740 91570287
33 34 92208545 82916663
34 35 18189005 21485416
35 36 9329063 41124910
36 37 69288325 7274771
37 38 24787954 50386397
38 39 75059099 18322682
39 40 63555589 51070433
40 41 62921102 37770689
41 42 41506414 56037417
42 43 40568885 68199966
43 44 16407363 3903069
44 45 67423079 69550205
45 46 613247 27318516
46 47 78189615 10689811
47 48 82288958 91772359
48 49 67512264 6177262
49 50 64067096 97887858
50 51 86486591 83591327
51 52 87916885 67458565
52 53 44462721 13496958
53 54 26991385 8898779
54 55 3217398 88213285
55 56 46258771 87628950
56 57 44545386 58370897
57 58 7850643 98742090
58 59 91023516 18022246
59 60 35048288 49990655
60 61 46148602 44002754
61 62 85455198 22364855
62 63 68694990 81576547
63 64 8720865 38770796
64 65 23174564 90660020
65 66 11064071 70793272
66 67 47985378 10892108
67 68 72050985 6189081
68 69 18570555 15412362
69 70 80367713 73729089
70 71 7409259 32663227
71 72 47149404 91597742
72 73 47779466 96978564
73 74 48509550 75612912
74 75 24775464 66523857
75 76 33005314 69984993
76 77 94988998 63776160
77 78 27688931 37436874
78 79 76505462 27911929
79 80 44989808 90045140
80 81 16097214 41577945
81 82 58321065 96074517
82 83 95630611 48382660
83 84 88272633 88480907
84 85 46281852 91193279
85 86 75287362 957125
86 87 70547197 4840094
87 88 4241227 78127734
88 89 13850786 96600924
89 90 84969577 11723174
90 91 66529101 92610063
91 92 95037840 89081741
92 93 87782477 41305534
54 33 3 15 24 91 72 34 62 71 20 93 13 72 68 75 23 26 79 38 65 33 76 14 78 89 44 7 36 8 48 29 13 70 7 75 29 76 3 2 42 53 58 46 75 40 56 15 82 88 40 15 36 63 78 12 37 78 23 43 18 13 53 33 21 80 13 58 66 78 85 87 93 78 10 81 3 36 4 88 66 10 35 31 23 82 41 66 37 65 16 13 5 28 46 62 11 83 64 10 38 89 60 80 86 56 3 23 56 73 77 58 88 51 57 28 4 61 24 70 28 66 52 8 56 2 79 86 50 63 91 82 15 9 51 24 72 75 39 17 33 61 28 3 55 61 47 24 36
93 90
93 21
1 2 84168578 22011667
2 3 43066250 21003691
3 4 24227449 94314188
4 5 65972960 95698827
5 6 79040844 6226302
6 7 55846122 55294385
7 8 9037835 15966031
8 9 50424808 10646867
9 10 92488748 93891575
10 11 42473103 15779535
11 12 75676192 3463304
12 13 74227270 2832801
13 14 12162064 90913867
14 15 80750947 35650236
15 16 62060071 47201444
16 17 54968186 39843833
17 18 69446759 8215626
18 19 43181115 85789331
19 20 81759435 59957040
20 21 18954214 32746479
21 22 87137623 19034295
22 23 77944712 58175180
23 24 61034376 43434170
24 25 8204406 59541605
25 26 48546991 32641121
26 27 54885806 28790339
27 28 37969526 57942298
28 29 10572360 54652348
29 30 31003469 84685734
30 31 32792486 62904636
31 32 30718626 50378743
32 33 46550611 50372182
33 34 62003945 49423444
34 35 13366593 48062600
35 36 18456780 13068994
36 37 68113974 28694997
37 38 4954702 43516989
38 39 43488382 10507230
39 40 80529589 85305734
40 41 92545710 99481961
41 42 18502271 13921775
42 43 55579274 42669175
43 44 93500638 24608926
44 45 889767 16785234
45 46 16182621 96170209
46 47 97659510 56706131
47 48 63560835 49635786
48 49 22044367 63221611
49 50 85236026 87993361
50 51 28744882 84783385
51 52 32848915 13170693
52 53 13998028 68022594
53 54 87572534 37499513
54 55 1998517 3362780
55 56 57885388 14983069
56 57 53276328 17981320
57 58 70224711 94451328
58 59 72689204 87864491
59 60 59951569 81698278
60 61 73504838 66671776
61 62 87565777 10110296
62 63 75945659 58391406
63 64 295992 95326956
64 65 51153043 17792019
65 66 94996266 89977607
66 67 47116704 67548613
67 68 66308875 67165136
68 69 15826806 64328109
69 70 77031712 83120126
70 71 93562953 96253853
71 72 65010401 4905745
72 73 22637526 27193771
73 74 24979175 2554471
74 75 98145983 62253890
75 76 72344560 33088245
76 77 97355211 16804699
77 78 45814356 2757123
78 79 34312660 79822966
79 80 6256278 80130603
80 81 9330176 58349970
81 82 6156095 51336062
82 83 80471557 48345868
83 84 68901136 78037299
84 85 88108128 95536163
85 86 82925138 8948729
86 87 31860533 5752799
87 88 31939769 81721378
88 89 21144777 38233917
89 90 40686996 40499919
90 91 69796209 21209596
91 92 18758222 99326521
92 93 40632749 52168705
79 90 85 31 76 66 26 4 46 13 83 11 30 19 5 32 72 23 34 3 17
47 35
57 120
1 2 23729692 28252752
2 3 83322544 92483946
3 4 83897248 33420092
4 5 58218888 51023793
5 6 99029145 69731034
6 7 86784278 22013544
7 8 41100881 87693149
8 9 32154862 66414463
9 10 75926922 89549520
10 11 61070881 3444255
11 12 57038725 12230210
12 13 22521816 59267098
13 14 14640534 73942821
14 15 68391400 86153934
15 16 8522422 97644662
16 17 18035993 14234324
17 18 83260975 92230381
18 19 45023812 28604071
19 20 85490518 33495950
20 21 36801516 43972818
21 22 13887939 74116922
22 23 62332861 31184991
23 24 1139729 23217760
24 25 92180946 67998567
25 26 32848938 94546715
26 27 40021866 10320
27 28 26856089 81180154
28 29 64293808 85687774
29 30 31011229 20278439
30 31 68247515 56628763
31 32 76827541 57422125
32 33 86689036 97505027
33 34 64355143 49164331
34 35 8216772 56603082
35 36 26794113 5428479
36 37 83928446 77602389
37 38 72339099 14841264
38 39 94997435 29582078
39 40 4316339 11236332
40 41 54513959 99623794
41 42 96781630 67754230
42 43 51531412 34667918
43 44 68049190 79362809
44 45 17914109 86304228
45 46 20779845 81075200
46 47 5987209 81127354
47 48 7075934 46986135
48 49 53995946 22726527
49 50 23652478 83271659
50 51 53738381 7187673
51 52 28903966 57990654
52 53 7608881 78612830
53 54 32647898 40034017
54 55 9505388 13527881
55 56 84743247 78074932
56 57 15438989 30012276
53 24 41 42 54 19 29 57 53 13 9 35 18 22 4 31 1 2 23 4 57 30 33 42 25 38 12 33 40 12 51 4 40 7 1 3 47 26 15 28 41 20 5 26 49 18 21 25 53 6 41 55 44 52 29 5 40 24 45 43 27 2 49 30 36 12 27 5 4 6 27 17 37 49 42 2 55 41 46 49 19 27 51 46 48 12 35 38 8 51 36 57 28 13 30 52 28 56 33 16 7 36 8 49 39 21 35 46 34 14 23 16 47 53 23 4 32 35 34 15
26 10
13 178
1 2 48044241 58077548
2 3 43564643 85493670
3 4 77909582 18491736
4 5 83191363 84673058
5 6 53095048 25949140
6 7 41558083 39328285
7 8 53734093 16317068
8 9 81266555 18394431
9 10 65996936 76828348
10 11 11184730 88437831
11 12 35048666 26710540
12 13 99678447 96314753
9 2 1 8 5 10 11 6 13 6 2 10 3 4 9 1 11 1 5 8 2 10 6 4 6 12 5 7 13 7 2 6 11 12 13 5 12 7 12 4 7 6 10 6 2 9 10 3 5 1 7 5 2 7 3 8 3 11 6 3 10 5 8 9 8 1 6 1 6 5 10 6 5 9 10 5 6 1 13 8 10 3 10 11 6 10 4 1 13 10 1 10 12 8 7 12 5 6 5 2 10 11 7 13 2 11 2 3 11 13 9 8 5 6 10 13 5 10 2 6 5 9 1 8 6 10 7 12 2 7 11 1 13 5 11 9 12 7 4 9 4 11 2 1 4 1 2 11 1 2 6 4 9 4 5 9 13 12 11 1 5 2 7 3 11 8 13 4 12 3 5 4 11 12 3 11 8 10
1 11
187 107
1 2 97893174 5138214
2 3 91455349 70555493
3 4 93956965 35989583
4 5 41607775 20461375
5 6 38496163 674764
6 7 69212519 64227471
7 8 85193426 19692924
8 9 68258885 2270831
9 10 49578708 62143778
10 11 34271109 37656158
11 12 57098754 55157784
12 13 65585375 84573263
13 14 19639113 15426046
14 15 5698292 41455042
15 16 72375332 94314126
16 17 13844616 4443030
17 18 21229297 80932114
18 19 35280318 73396316
19 20 10046211 97673541
20 21 41379806 90864266
21 22 422389 77487071
22 23 76799320 66853702
23 24 28256519 33387485
24 25 27121050 16333053
25 26 83649572 63734195
26 27 7562359 70803853
27 28 69810107 6906147
28 29 14686090 24986742
29 30 82155877 77382241
30 31 41749161 52568195
31 32 20960064 70828615
32 33 30363969 25371947
33 34 78686631 59629881
34 35 43999291 41423574
35 36 37360781 72786945
36 37 1019938 45313456
37 38 93408370 38557749
38 39 48145881 89651560
39 40 79457853 33698283
40 41 96071857 97473003
41 42 32279209 90541232
42 43 99108226 497887
43 44 37586173 21176054
44 45 92453809 34660602
45 46 40334078 4789074
46 47 89327983 11308668
47 48 68790490 59449978
48 49 15958114 82757001
49 50 11217044 2567143
50 51 9342320 38489450
51 52 26449685 57109982
52 53 32379680 16350651
53 54 43402309 77390580
54 55 76384697 86640908
55 56 69469541 20950076
56 57 5608232 50996073
57 58 88994303 36095961
58 59 81254791 50396357
59 60 53783673 45407698
60 61 98106988 96367553
61 62 65319171 63222557
62 63 44786825 2619562
63 64 28737398 54698222
64 65 96901697 15375680
65 66 11019625 86839026
66 67 15698033 72548260
67 68 44381378 17235755
68 69 8706476 99750548
69 70 83548714 2650545
70 71 59223858 38512747
71 72 78598640 98220869
72 73 81582701 85575522
73 74 76166397 90460974
74 75 72806875 92132180
75 76 92352931 47718342
76 77 22725938 88889994
77 78 63832401 8097002
78 79 74275789 33403055
79 80 65590293 9056652
80 81 30448746 97449615
81 82 53788809 65899282
82 83 3935877 17021189
83 84 87259455 8365482
84 85 25886224 87801669
85 86 18803184 86684536
86 87 36614478 77182816
87 88 63567550 75579646
88 89 60189753 60504370
89 90 66789206 1320437
90 91 65536487 34978166
91 92 8850956 63933509
92 93 49622504 54280569
93 94 22994481 14740339
94 95 39919486 62934063
95 96 20767266 83894855
96 97 57349337 14569343
97 98 82352253 4761521
98 99 9680016 905804
99 100 42325231 12238159
100 101 13054341 97402408
101 102 52053522 35524229
102 103 64846968 42269457
103 104 82201312 31898910
104 105 32156543 8456125
105 106 33287255 36027652
106 107 87230289 79397692
107 108 79862365 22128855
108 109 49228732 2399416
109 110 43271540 82390098
110 111 43161381 92972858
111 112 79934441 16045717
112 113 61544890 12728160
113 114 91336179 61935882
114 115 68717850 17742563
115 116 48983814 74109990
116 117 26616556 58092999
117 118 37189651 72464875
118 119 66344344 47816220
119 120 32678013 85191133
120 121 64708048 62947133
121 122 89900026 23485086
122 123 29122220 35980287
123 124 69303662 90012634
124 125 26086271 18953991
125 126 99097266 51960877
126 127 20709378 44492990
127 128 47060415 33099711
128 129 65022406 89736689
129 130 75175955 89311160
130 131 18643834 25500916
131 132 13559004 24558344
132 133 84088348 32540503
133 134 48995062 1774745
134 135 64412451 96901056
135 136 86899638 28911642
136 137 52574720 65189117
137 138 15445812 56089284
138 139 82886656 65286200
139 140 31765357 66349134
140 141 21261916 31202444
141 142 45311562 27089220
142 143 47519496 87331906
143 144 27234878 52505665
144 145 5007529 42567798
145 146 59135557 88432987
146 147 50594679 96777569
147 148 8110224 993698
148 149 40560589 87992342
149 150 79561072 18831664
150 151 23079802 49853534
151 152 18446581 84888523
152 153 88142248 45197707
153 154 86485307 64631321
154 155 13827796 61552186
155 156 11082573 42029575
156 157 97499325 65122888
157 158 14697852 12321990
158 159 88917446 33161269
159 160 44592290 86336255
160 161 41335780 6264794
161 162 34650194 29243281
162 163 56458561 39430930
163 164 29831196 39715948
164 165 27894595 67296973
165 166 71655043 10251809
166 167 12509800 11090494
167 168 43574037 3915587
168 169 87715533 69937218
169 170 48693093 97572137
170 171 31384194 13341742
171 172 41402702 18022764
172 173 32653123 99403617
173 174 12317953 92925444
174 175 3896126 19614408
175 176 35956231 53594317
176 177 35580355 25034334
177 178 97096184 20104435
178 179 42764231 52536987
179 180 93118460 99415989
180 181 39355546 57742927
181 182 8381586 94867835
182 183 24477812 11354828
183 184 42492167 96652590
184 185 75437610 76876943
185 186 59015495 61460176
186 187 94214021 74927277
114 123 60 13 87 134 104 96 88 120 89 24 129 106 53 46 5 135 186 158 169 184 15 31 66 136 69 86 125 124 60 33 122 1 53 165 1 26 95 156 52 5 146 64 101 83 36 31 150 79 154 119 10 66 104 130 79 109 140 57 86 36 151 184 47 172 152 175 140 44 107 47 158 49 87 153 181 93 48 104 118 162 179 148 39 114 116 157 187 29 90 185 7 128 118 177 46 50 3 35 91 167 68 36 165 128 183
100 33
81 144
1 2 55992159 26301457
2 3 79437461 7944685
3 4 57187718 1380085
4 5 46540598 91542495
5 6 65755356 97222759
6 7 74772804 73212052
7 8 44177124 99735378
8 9 80721728 34374890
9 10 985801 59714303
10 11 72507328 70528801
11 12 56290217 22062749
12 13 82368672 79533992
13 14 69863584 28871661
14 15 93337634 12476384
15 16 55659664 4413457
16 17 76969645 65992817
17 18 44485365 66979193
18 19 67157138 44967839
19 20 18575467 19725912
20 21 80769149 77065395
21 22 8660674 48726073
22 23 4937088 25112074
23 24 20551987 32517459
24 25 10117271 83400057
25 26 64012995 61307417
26 27 78984621 85082678
27 28 95385073 78005307
28 29 5680688 27104407
29 30 40539366 40633905
30 31 27513374 39627774
31 32 47148832 46482396
32 33 38314440 64897310
33 34 77838262 73549992
34 35 21875129 39596665
35 36 29001246 73073102
36 37 73970401 99520157
37 38 4326121 213599
38 39 32704284 77324885
39 40 85566314 58895935
40 41 37454970 68252620
41 42 88374145 21939514
42 43 47351954 31647093
43 44 20948362 12762364
44 45 85676255 43152776
45 46 54225284 40906478
46 47 16682060 16688555
47 48 17420303 21061539
48 49 53835112 69274126
49 50 26400569 21527162
50 51 22855986 61845026
51 52 25449079 11070902
52 53 72580561 22524472
53 54 79616006 62301346
54 55 12883681 74670830
55 56 66557103 75889138
56 57 51825743 53123306
57 58 88381929 46697197
58 59 13688477 65950225
59 60 58315667 25634649
60 61 89792824 35555474
61 62 24018817 1547494
62 63 36941561 142486
63 64 2245949 75847171
64 65 80190130 96427167
65 66 96445871 10155758
66 67 74181107 15263546
67 68 29205897 15308026
68 69 12802869 38798168
69 70 73868018 12750448
70 71 11398318 28762907
71 72 17689912 51608867
72 73 48261350 44669342
73 74 95441321 73978299
74 75 18043469 9526293
75 76 13639527 6207495
76 77 61858490 73497972
77 78 88876811 68040013
78 79 93300710 45755206
79 80 3160146 22002425
80 81 64066448 36992375
42 32 14 15 40 9 77 66 67 74 2 15 67 72 40 79 28 73 28 43 70 45 59 54 37 24 21 52 74 45 49 36 68 79 5 65 29 20 33 6 24 33 45 60 51 36 13 17 81 6 8 54 63 40 60 66 31 59 13 19 6 67 45 56 39 11 19 44 40 38 34 9 17 7 73 44 22 34 18 12 5 2 56 81 29 30 31 6 67 31 51 4 30 23 52 34 18 52 55 72 81 38 13 36 57 65 47 62 53 8 49 4 59 37 40 25 26 9 62 52 47 63 19 68 39 21 64 17 28 10 31 27 17 26 76 55 61 59 63 61 18 45 71 12
8 2
90 79
1 2 85531406 29418760
2 3 28358278 18740708
3 4 81452482 60529852
4 5 5153969 33947088
5 6 51731617 70494713
6 7 78429346 6923507
7 8 66702852 41414006
8 9 79216125 48888727
9 10 60774857 68144257
10 11 49768311 54932775
11 12 87243539 61479651
12 13 23136691 81164359
13 14 90543204 42356676
14 15 75869508 11461199
15 16 80414587 83728815
16 17 51801235 88613549
17 18 61820950 58376839
18 19 81868393 64418358
19 20 52172257 99383383
20 21 2744467 19650793
21 22 18603922 32918699
22 23 20883053 57849318
23 24 23955617 81977090
24 25 69537988 88812245
25 26 11285325 29204130
26 27 18290400 46898343
27 28 90303188 34872034
28 29 99669139 9915241
29 30 81639931 12468248
30 31 19726285 31586129
31 32 99831697 9204834
32 33 95641432 59096689
33 34 16574507 98565905
34 35 39526327 64022218
35 36 24229615 44659332
36 37 76370019 66021509
37 38 61844043 14656343
38 39 75388972 52817096
39 40 30853628 36884969
40 41 46642814 96107306
41 42 26860861 85296304
42 43 91713581 58218894
43 44 92766966 68417703
44 45 33426123 14011613
45 46 76779766 15480691
46 47 17778059 23444586
47 48 44691812 52297526
48 49 67274471 52830485
49 50 536999 83202652
50 51 5718071 39776230
51 52 9469135 62142692
52 53 21343685 75203133
53 54 96062747 51350164
54 55 76293280 91064135
55 56 81921353 8681149
56 57 37035835 13573221
57 58 37023599 68293997
58 59 99143168 20030202
59 60 39605475 74400653
60 61 26972537 17514013
61 62 92214314 73301982
62 63 72498455 90202728
63 64 25401276 17222743
64 65 87145394 14526856
65 66 62189107 49198896
66 67 12884939 2478619
67 68 38292634 18672449
68 69 51164266 43993469
69 70 5902426 9623287
70 71 67978108 73816681
71 72 59268724 22406162
72 73 83654558 52709077
73 74 42109313 39135117
74 75 24655457 80516279
75 76 65660028 48775807
76 77 69312601 96834193
77 78 72434712 17389993
78 79 48258639 28544598
79 80 99241512 72202565
80 81 83729684 11759270
81 82 32383320 77338446
82 83 47461996 62137158
83 84 57605168 23727459
84 85 23377079 92932004
85 86 34771956 69264127
86 87 1225684 5561836
87 88 18720324 42123099
88 89 66348394 26601219
89 90 57216785 4022714
49 50 30 7 16 50 62 21 89 87 79 8 67 51 18 88 25 30 89 84 5 2 12 42 84 78 73 44 83 13 8 17 6 77 6 70 37 48 17 64 85 1 9 81 7 44 76 21 65 63 31 4 84 82 29 5 43 44 70 89 80 7 25 16 40 21 28 46 40 3 35 73 57 61 76 82 17 70 83
34 38
3 112
1 2 70936057 63469098
2 3 93449654 13420062
2 3 1 2 3 2 3 2 1 2 3 2 3 2 1 2 3 2 3 1 2 3 2 1 2 3 1 2 1 3 1 2 1 3 1 2 3 2 1 2 3 2 1 2 3 2 3 2 1 2 3 2 1 3 2 1 2 3 2 3 2 1 2 1 3 2 1 3 2 3 1 2 3 1 3 1 3 1 2 3 1 3 1 3 1 3 2 3 1 2 3 1 2 1 2 3 2 1 3 2 3 1 2 3 2 1 2 3 1 2 3 1
3 2
187 141
1 2 12442081 79904354
2 3 21635103 84927280
3 4 44403155 57518625
4 5 43967126 62099466
5 6 74384647 29247796
6 7 33594286 731098
7 8 75448528 57928379
8 9 52663898 39595576
9 10 21183353 10009117
10 11 45329352 79684099
11 12 72314278 13931856
12 13 70780121 45229788
13 14 75417646 79093648
14 15 54509378 63602857
15 16 258784 58371315
16 17 99561323 23336650
17 18 10857861 69148547
18 19 71590264 72620786
19 20 33710864 5609305
20 21 23230870 19435676
21 22 82378955 44354500
22 23 30666819 84567162
23 24 9538183 76583687
24 25 1308593 52752491
25 26 12281832 7053895
26 27 79567432 10226793
27 28 44168316 53228768
28 29 83942524 49953729
29 30 3684277 31972684
30 31 38706697 58426082
31 32 592271 4717448
32 33 65626134 98165790
33 34 32867523 41167138
34 35 51225526 92824130
35 36 53313999 79382140
36 37 21920129 86698434
37 38 71421389 6363163
38 39 44790103 97074384
39 40 76300037 2838752
40 41 79726239 26857415
41 42 21754369 71150146
42 43 52062679 20382270
43 44 63852943 85425835
44 45 36804319 83866500
45 46 42759938 69062650
46 47 37566694 83876464
47 48 32536857 67067276
48 49 44096077 89392421
49 50 13491293 66869660
50 51 77313267 64459363
51 52 28706448 22040844
52 53 94092485 98902242
53 54 2470324 45464061
54 55 89905110 98234537
55 56 19185806 30237498
56 57 95456733 40313601
57 58 94519796 60977620
58 59 78834517 98237130
59 60 50511183 4708384
60 61 98786477 42935485
61 62 29047826 26977229
62 63 50394884 82938159
63 64 18899504 48831769
64 65 55156023 38209391
65 66 88459323 53764006
66 67 56800392 98095980
67 68 87137987 96767538
68 69 24239232 10657138
69 70 12156110 60302672
70 71 7377727 15598801
71 72 1829396 81347027
72 73 92539635 47344178
73 74 52177626 20847587
74 75 91743581 49560943
75 76 51174092 98202906
76 77 24446424 77690954
77 78 65851097 13998247
78 79 170939 90683883
79 80 2367146 56939678
80 81 69719426 28294324
81 82 98443030 69264591
82 83 76674267 21968049
83 84 22547234 78437841
84 85 18013175 80540431
85 86 23716726 74650211
86 87 32779170 70151922
87 88 28966482 54212770
88 89 28517123 20728618
89 90 41487873 47810242
90 91 38484760 76713182
91 92 25884926 55477245
92 93 53760553 94976573
93 94 43426208 36838401
94 95 60574949 21594420
95 96 46930618 43760439
96 97 87571240 45236118
97 98 47441987 59200253
98 99 23752147 25623688
99 100 91399196 7904494
100 101 84927068 41946388
101 102 5116842 73304728
102 103 4747360 29691230
103 104 68730208 87256756
104 105 37426769 73133770
105 106 71057123 15265445
106 107 59652759 91585764
107 108 17316718 87113917
108 109 45630546 75187899
109 110 42069018 42697012
110 111 78080881 76556389
111 112 24144598 78932884
112 113 30432584 6010109
113 114 97946327 7573191
114 115 3558525 82280562
115 116 29341714 35483922
116 117 69282896 42533890
117 118 49425465 21120265
118 119 54404218 78819439
119 120 12521469 20641416
120 121 8397489 85409573
121 122 80673172 58834983
122 123 7402539 97856491
123 124 41227095 24490028
124 125 65094457 22197209
125 126 94875997 70374871
126 127 47232209 77021810
127 128 18432185 83742182
128 129 26290947 41245948
129 130 443775 55932305
130 131 39064756 28208686
131 132 48203274 21439773
132 133 92018225 44215526
133 134 65470701 86942678
134 135 74416054 57049216
135 136 35478832 58954765
136 137 81701285 3398751
137 138 45010157 13469205
138 139 94245313 92765849
139 140 43290598 68931894
140 141 85373219 76560516
141 142 16100722 22324294
142 143 26986034 83321339
143 144 65864051 18965740
144 145 10993376 14463065
145 146 3690828 38008159
146 147 36320676 94430031
147 148 94634911 11121096
148 149 23424631 43522517
149 150 33382449 77724445
150 151 20423399 8381817
151 152 11867723 88176632
152 153 63780469 94859496
153 154 65685437 87949173
154 155 95266498 58491072
155 156 30975509 16447670
156 157 56032256 53650444
157 158 44517569 46040276
158 159 16312467 73073343
159 160 72606415 87166475
160 161 98300176 96962289
161 162 31124915 5711425
162 163 17441760 74398249
163 164 67186516 64193291
164 165 17253845 21671025
165 166 34189047 74175377
166 167 75711445 62717662
167 168 9186672 36085827
168 169 97988221 99609403
169 170 90554808 24168474
170 171 84935074 17313423
171 172 24278368 37484220
172 173 41334379 12895941
173 174 69025471 88237983
174 175 49113459 19816964
175 176 41575260 96324102
176 177 99380864 53732291
177 178 9356195 84513850
178 179 24000904 33882800
179 180 43092770 99788920
180 181 55693479 54044449
181 182 54053232 84890510
182 183 84746544 35834008
183 184 74287334 77491958
184 185 63083416 97717242
185 186 46541012 29862534
186 187 85880828 65274559
39 183 139 45 166 64 67 95 81 169 67 66 142 13 49 127 150 115 56 57 33 46 54 71 65 117 141 82 123 109 100 29 134 33 87 179 170 91 170 142 185 23 6 43 8 88 161 153 128 169 99 81 82 123 39 78 94 43 157 76 179 121 45 12 150 126 186 52 109 5 171 156 54 167 179 12 44 102 153 67 187 171 109 173 3 144 4 28 136 9 99 109 140 108 9 117 156 27 135 28 4 74 131 28 84 3 2 76 126 71 17 118 107 113 16 22 23 99 48 116 115 4 80 12 151 139 65 21 145 176 37 59 128 43 93 61 133 36 9 25 174
87 79
135 135
1 2 69232873 31944095
2 3 80200225 53002172
3 4 7299253 49318153
4 5 15261546 69142664
5 6 45679585 49813490
6 7 52249009 17827129
7 8 94388204 67754091
8 9 27150124 79589252
9 10 69225670 51188277
10 11 98646788 48645410
11 12 4648440 82369083
12 13 58882791 56563856
13 14 57364716 26593477
14 15 9505400 30981450
15 16 26175577 69452894
16 17 93612547 40434568
17 18 86343918 91897278
18 19 64407119 84045871
19 20 82562361 38240632
20 21 27915675 16872533
21 22 64266094 22322843
22 23 323144 458349
23 24 34230030 66249726
24 25 60200580 26607727
25 26 55041473 63691199
26 27 24257761 79955391
27 28 7837086 51439056
28 29 41141033 82799208
29 30 40778177 42874972
30 31 6055995 41909000
31 32 36694610 91833206
32 33 29501524 22998525
33 34 24241482 99751636
34 35 6345128 14932408
35 36 58330721 1845374
36 37 19470419 64307343
37 38 98318231 89690387
38 39 87693535 39453967
39 40 56526850 15121689
40 41 84129625 66697055
41 42 32972441 40543988
42 43 77061072 84056084
43 44 42343819 52372311
44 45 25257832 72705781
45 46 75626841 81257098
46 47 29301536 22293811
47 48 90306318 89642496
48 49 51223372 27254543
49 50 24639214 68842115
50 51 26615543 89868003
51 52 31780199 43789918
52 53 67324852 94411514
53 54 94687340 59154198
54 55 96452863 75342000
55 56 25065293 43369789
56 57 838471 64368518
57 58 99638111 46048518
58 59 15552117 39437607
59 60 86385077 15427851
60 61 77351079 32436208
61 62 7527374 87209105
62 63 86642576 8173222
63 64 53349553 14734418
64 65 33497258 8459322
65 66 11110038 29599682
66 67 59712553 73413804
67 68 42057908 34689214
68 69 61612670 82149928
69 70 83551627 71965091
70 71 66073910 68885167
71 72 20134116 78347235
72 73 13251069 64817556
73 74 59081241 65221320
74 75 38514372 30809435
75 76 52139714 49860416
76 77 46103756 48226419
77 78 35732684 31135230
78 79 61669273 73074247
79 80 39210432 26473959
80 81 3798145 7792639
81 82 48308068 59982257
82 83 4134254 31494150
83 84 56360647 46970975
84 85 44235320 56398631
85 86 32400981 4748648
86 87 74000660 56006409
87 88 73765006 88819680
88 89 65927376 87227018
89 90 61267589 89440610
90 91 88218269 16993207
91 92 62787621 47155638
92 93 5625111 92022881
93 94 11713754 10030997
94 95 10665599 92454160
95 96 6566944 35648690
96 97 26496956 19497533
97 98 70909834 76642661
98 99 63820641 15052759
99 100 59546141 54961781
100 101 51904317 45953976
101 102 11306668 78229477
102 103 20505980 11041316
103 104 56364162 23812634
104 105 18117897 7876934
105 106 35265594 72785944
106 107 69190340 90436633
107 108 4640139 67783968
108 109 33769262 36453071
109 110 60818424 7042201
110 111 31104928 27408010
111 112 40288909 49978082
112 113 69408085 30454367
113 114 79579528 59460082
114 115 96922651 86112706
115 116 27066450 77972079
116 117 79270147 37774930
117 118 22528513 32358661
118 119 40704964 96078933
119 120 44694671 95336408
120 121 19740816 25522034
121 122 10168882 93780567
122 123 39061768 32464575
123 124 67913616 81320455
124 125 97649669 55882339
125 126 74295482 56687195
126 127 36102172 59075008
127 128 94646287 22844363
128 129 25466318 44283482
129 130 24179956 67351491
130 131 93739233 1243740
131 132 80098358 23674567
132 133 3958447 21036862
133 134 88207568 8070897
134 135 52275503 67849768
103 13 88 28 14 86 91 15 122 128 84 99 119 107 135 124 17 81 114 34 79 99 13 34 128 25 74 85 112 88 78 11 67 102 37 130 131 52 134 13 18 126 48 109 9 57 104 3 109 86 87 5 107 48 94 101 71 9 10 78 123 4 111 41 61 91 101 95 109 92 122 72 97 69 120 22 72 44 52 81 38 81 96 4 101 126 51 96 39 77 23 85 103 64 132 1 39 97 1 25 54 109 66 2 115 78 81 108 18 36 76 103 134 18 96 85 12 100 52 114 46 92 1 88 40 115 61 113 123 33 93 20 14 3 21
56 26
66 39
1 2 30798654 25750749
2 3 42692420 52242872
3 4 32270402 7318268
4 5 937012 94859339
5 6 22453353 16475486
6 7 47277936 89864317
7 8 92820238 92199706
8 9 15987360 364745
9 10 84849139 82907345
10 11 7004666 49777829
11 12 16312583 68107507
12 13 23006367 46600190
13 14 92728964 3383619
14 15 92819483 27665473
15 16 33878130 23983471
16 17 33563420 92737154
17 18 67685626 94380397
18 19 42703712 61284543
19 20 92222712 80348166
20 21 56361229 59013510
21 22 38696887 68993985
22 23 85269462 33768893
23 24 63712355 22648563
24 25 62988162 40846557
25 26 22388418 81118478
26 27 20891871 3257833
27 28 50858693 62330983
28 29 91136370 12218967
29 30 70461547 64008974
30 31 41820506 2396255
31 32 2263173 75674254
32 33 75479720 33337008
33 34 41680272 1761642
34 35 24966754 42583175
35 36 52530676 66418615
36 37 54564816 53255879
37 38 17349120 50387071
38 39 42798664 45770528
39 40 60849126 63316357
40 41 43628081 3189815
41 42 28745102 56171369
42 43 31946624 71222850
43 44 83118908 41170901
44 45 44966198 481609
45 46 24207209 44567059
46 47 60441784 45626819
47 48 70909833 7978872
48 49 5138587 21925968
49 50 777130 61570931
50 51 7056025 4850358
51 52 71057135 65889473
52 53 99056788 4713125
53 54 28504348 28770479
54 55 57154610 68117619
55 56 98668860 46967468
56 57 68920465 21732223
57 58 20937328 21972389
58 59 13603579 58119175
59 60 62750529 88942926
60 61 26186768 16871164
61 62 39397172 1020640
62 63 80126717 51816902
63 64 82515883 76951391
64 65 8841593 73282754
65 66 69124745 2761148
35 22 62 16 15 46 2 42 6 32 24 15 24 3 34 12 13 10 56 54 49 21 9 23 42 4 40 27 30 37 40 21 51 12 5 30 21 2 13
8 62
36 173
1 2 92306546 58547917
2 3 59196560 45781115
3 4 16714740 92127808
4 5 81985957 42580473
5 6 18086504 99379201
6 7 93235802 34226749
7 8 90167061 91849612
8 9 69342243 52489846
9 10 66619961 73404726
10 11 88935891 77848945
11 12 28286615 64627662
12 13 21019464 53369400
13 14 58533956 8947505
14 15 91374328 23445937
15 16 27995265 28747171
16 17 40812285 59490522
17 18 38497868 67709347
18 19 29588027 11447797
19 20 48703971 33867456
20 21 87354539 80632195
21 22 36896576 11475028
22 23 87551362 76566328
23 24 61856263 51538334
24 25 61056961 21387027
25 26 66250844 57089135
26 27 22580822 37531923
27 28 9362154 4500599
28 29 67411635 70091806
29 30 10513554 42937457
30 31 70138891 59264810
31 32 50890063 26376842
32 33 72325819 57383536
33 34 18084566 83588589
34 35 48834898 92963236
35 36 60800009 93290182
18 14 8 17 19 26 1 10 25 1 18 12 25 4 24 33 30 29 25 23 13 35 24 27 20 17 11 21 29 23 24 26 6 30 9 29 15 25 26 13 1 23 9 33 34 24 35 19 13 9 18 33 30 22 5 29 16 10 35 21 22 24 1 16 28 7 20 21 34 4 36 6 32 11 31 17 7 18 14 9 21 19 9 24 25 28 14 8 21 33 2 17 11 22 32 7 8 9 7 12 34 25 19 5 21 22 29 3 33 29 25 19 26 24 36 32 16 36 7 1 19 1 24 29 12 25 32 33 6 5 26 29 35 15 13 36 22 21 12 2 25 35 29 17 3 35 21 31 9 33 31 10 5 17 15 28 12 32 28 11 13 27 35 26 32 34 10 36 13 16 3 20 21
5 34
22 140
1 2 56387621 86790675
2 3 43170668 8582349
3 4 11213350 24285389
4 5 31831876 20720248
5 6 80474705 48956540
6 7 90218018 95597873
7 8 61067404 2168150
8 9 55638170 72978435
9 10 13535772 14859427
10 11 88156573 50354170
11 12 97896455 5705165
12 13 86309183 90236786
13 14 97349414 72162849
14 15 70051448 56168401
15 16 74342160 41071893
16 17 14920265 59078076
17 18 24052248 3238175
18 19 50582432 5822760
19 20 66333824 88044570
20 21 85141852 3959447
21 22 16948093 29443073
20 12 11 6 16 6 5 16 14 9 18 5 7 20 6 8 6 22 12 14 6 20 4 11 13 20 6 5 2 21 17 7 17 20 16 4 7 4 8 9 12 14 19 7 20 7 10 11 3 20 12 5 9 10 6 8 4 1 21 12 16 13 6 5 16 21 18 5 11 19 20 1 2 20 7 8 12 14 7 20 12 7 11 15 21 4 15 14 1 19 11 5 2 1 17 18 12 17 18 2 17 12 3 10 20 9 8 6 17 14 16 9 12 22 3 10 22 20 7 1 10 16 15 5 21 20 7 18 4 7 19 2 13 12 18 22 20 2 8 4
11 1
175 155
1 2 13464412 25445385
2 3 18335482 19497310
3 4 62297097 82169318
4 5 1480642 86286946
5 6 59228820 18163193
6 7 13237770 80703622
7 8 59186755 12941893
8 9 35415451 30263352
9 10 58627222 1390917
10 11 52952423 43096514
11 12 24309854 61103039
12 13 64401475 42984760
13 14 57551287 2196979
14 15 13542085 1297995
15 16 34064795 34148628
16 17 28078812 3823102
17 18 48031170 89084873
18 19 42816008 45847854
19 20 77073252 50973623
20 21 62129076 804196
21 22 87822686 65954491
22 23 42788125 67822926
23 24 17463108 5781804
24 25 91500235 33648516
25 26 79853445 86797909
26 27 743904 15636090
27 28 97475045 30878286
28 29 15293664 63585889
29 30 73718295 2943355
30 31 12210620 10685036
31 32 16967794 41975073
32 33 36411265 42704235
33 34 81861004 95137009
34 35 52544451 6206769
35 36 72246584 48420043
36 37 41306194 86290611
37 38 27147520 48037023
38 39 64805860 25435969
39 40 31720327 9241055
40 41 58001158 59627861
41 42 83146284 69745034
42 43 57644894 90943890
43 44 37925795 58410903
44 45 51302892 30449773
45 46 70407670 92056070
46 47 62111336 22826880
47 48 59889069 6293465
48 49 49155595 57533625
49 50 5542786 25278636
50 51 28711859 15335792
51 52 43079851 45818157
52 53 19848130 74812699
53 54 56484878 34561672
54 55 21205205 63840728
55 56 1509652 10757184
56 57 49119141 84559427
57 58 38503638 77087921
58 59 820499 34797208
59 60 41138669 23843992
60 61 34027833 51209874
61 62 1709514 50003687
62 63 10946781 8708274
63 64 22361765 76988033
64 65 97595243 771891
65 66 7225244 68575953
66 67 60875560 59357589
67 68 59488855 57509521
68 69 55763288 50279563
69 70 42148457 51343457
70 71 76990313 15673058
71 72 40199905 92086664
72 73 68038483 20438895
73 74 72927520 92532927
74 75 12526816 18926660
75 76 41365543 7410654
76 77 67508635 41830952
77 78 5500999 57200185
78 79 66378884 14367710
79 80 89364353 69413980
80 81 20287688 2758569
81 82 50486755 41406444
82 83 40966595 77166619
83 84 26410637 27430609
84 85 82279331 45513827
85 86 90009604 86801889
86 87 48593204 92694571
87 88 14306622 12383345
88 89 7714859 61511818
89 90 46113441 5262258
90 91 53823718 41080106
91 92 66909106 52799244
92 93 98155035 35076956
93 94 94350246 30342964
94 95 33921995 19537873
95 96 63959498 87573283
96 97 40509081 82658378
97 98 37224327 20977743
98 99 87939341 98914998
99 100 46289786 77256393
100 101 58047740 36522823
101 102 70137723 5964496
102 103 46758425 40130932
103 104 14546496 96943805
104 105 40486690 44173820
105 106 86104944 58199311
106 107 48970885 31801043
107 108 67564173 68201201
108 109 38872136 81721994
109 110 23693374 58061068
110 111 12169246 49732049
111 112 91219893 55081405
112 113 74912378 3225773
113 114 29942354 77499752
114 115 80913720 62808726
115 116 91598688 78231469
116 117 17808373 42061607
117 118 90411940 24029751
118 119 25425131 83545564
119 120 42794299 24726010
120 121 83446522 35430708
121 122 90066108 66225276
122 123 93959701 72660763
123 124 99312159 37005622
124 125 63970629 41258015
125 126 3645852 86984068
126 127 98875595 33757471
127 128 96143704 24253744
128 129 82166129 37392310
129 130 32561206 78801627
130 131 84568708 29650413
131 132 84223879 96500233
132 133 34736556 49871057
133 134 14533645 92944598
134 135 60476751 24691485
135 136 3661808 80367724
136 137 74430831 7520710
137 138 57802254 96350319
138 139 22713179 37387553
139 140 97902935 23126958
140 141 82015485 94539496
141 142 71946864 71208465
142 143 9529199 28390271
143 144 61521108 18911376
144 145 18310615 27300187
145 146 52362756 97350044
146 147 87206497 50629353
147 148 96934833 8837506
148 149 54276888 79115727
149 150 41804246 71342017
150 151 27699203 87217269
151 152 34659525 11276119
152 153 97774527 82376362
153 154 72748025 17499158
154 155 37878377 95639376
155 156 51260871 46472010
156 157 63877405 99017210
157 158 44113491 47030248
158 159 21000259 70318327
159 160 51589301 59120045
160 161 76135802 98600922
161 162 56195643 38945101
162 163 44914523 73097801
163 164 60378904 32983884
164 165 22320846 73330219
165 166 76669595 36840146
166 167 31608259 21803430
167 168 25040977 62700888
168 169 7074489 31876442
169 170 81026251 57064092
170 171 20131282 44748890
171 172 73670686 13877261
172 173 53062078 13190758
173 174 58308991 85167563
174 175 55758679 93957578
86 139 120 55 36 152 97 172 69 160 12 121 61 64 87 174 49 44 125 105 108 118 74 139 70 23 4 154 167 76 103 51 81 26 58 68 160 73 94 130 15 114 76 155 38 85 51 76 50 173 82 142 80 40 4 59 107 113 21 77 44 153 62 34 133 98 147 149 49 125 62 45 1 75 150 18 51 112 43 35 119 59 107 80 46 6 121 52 174 28 2 143 149 148 20 57 59 14 34 171 71 159 101 13 82 14 161 93 137 112 32 95 76 29 115 171 50 43 19 17 142 1 157 135 104 86 11 52 101 7 21 61 90 124 144 157 140 164 82 15 124 135 45 79 118 86 129 48 92 60 54 50 109 73 106
123 100
142 144
1 2 61035692 70398995
2 3 81750014 72383420
3 4 6202099 73096333
4 5 48682371 66064080
5 6 64034646 22599999
6 7 91637717 77007125
7 8 1420698 74897173
8 9 6322730 48987692
9 10 4780023 1262059
10 11 1381127 37125297
11 12 71795394 69463120
12 13 43666430 65829387
13 14 46500090 72381664
14 15 94923749 5769689
15 16 77388231 86234350
16 17 53276658 44786423
17 18 31680560 43246171
18 19 58111065 44436247
19 20 14748426 74528583
20 21 40111566 12193353
21 22 29173928 75200108
22 23 73888715 45204263
23 24 84903099 38451900
24 25 87365173 26919383
25 26 15919499 83686751
26 27 50577105 61833204
27 28 56540729 67711081
28 29 30189203 90287747
29 30 1970356 3719890
30 31 22187521 72888116
31 32 18055165 58661899
32 33 65169342 32046535
33 34 44285798 84656225
34 35 41043998 34400678
35 36 45551303 90575863
36 37 42168820 29765577
37 38 68989536 55450713
38 39 31551664 97036707
39 40 43925501 37836022
40 41 50068157 8187642
41 42 67195017 88731667
42 43 46788051 60501121
43 44 30491989 55764126
44 45 16389069 92881735
45 46 49562872 38556178
46 47 4947961 95265846
47 48 71957044 31368522
48 49 2802956 70697201
49 50 2038254 4695042
50 51 92546442 98866545
51 52 18143417 12449048
52 53 52251298 22268381
53 54 87979848 9583952
54 55 31705445 64242338
55 56 81478188 10607308
56 57 34288676 46703834
57 58 34266074 53378599
58 59 7964094 48700462
59 60 19553996 77785943
60 61 21970032 69267052
61 62 96874800 1390898
62 63 11786333 14606086
63 64 92997644 58791747
64 65 30231032 38781417
65 66 10291741 21674687
66 67 7073978 33107390
67 68 24995511 55548372
68 69 32990997 42784134
69 70 25847221 96006580
70 71 9429641 94992712
71 72 23377623 87792615
72 73 36011744 85831056
73 74 88568969 18963375
74 75 80937266 98353722
75 76 61577924 38663079
76 77 84312156 91530343
77 78 86121938 10825835
78 79 80357036 58635005
79 80 11709426 92749412
80 81 53348257 69787888
81 82 65267317 85099315
82 83 44140942 54214097
83 84 42133417 49591674
84 85 40478266 92259538
85 86 17741003 77058332
86 87 67876395 69980012
87 88 87555664 45653896
88 89 58982072 30839139
89 90 25329992 50031748
90 91 29456155 71976629
91 92 90961153 21177214
92 93 62783020 38213766
93 94 76674116 21353354
94 95 38818131 15341653
95 96 13692784 50168530
96 97 15529180 87688618
97 98 8719758 71227908
98 99 26457947 60803232
99 100 14734522 91106442
100 101 11969535 12100551
101 102 71523550 2624317
102 103 13158382 81344896
103 104 75838225 95376276
104 105 89142115 37497180
105 106 13182304 97442401
106 107 81374068 46297235
107 108 80163534 69517808
108 109 8614818 82490089
109 110 93702578 15031320
110 111 47615278 59953278
111 112 39817708 24796388
112 113 42804776 16877727
113 114 37025750 12059172
114 115 73549863 27835258
115 116 32488206 73541697
116 117 13740614 82802099
117 118 80941100 18770324
118 119 97904104 53396493
119 120 95936792 14708020
120 121 86997620 42223383
121 122 13000963 44353808
122 123 67015857 70997927
123 124 61431921 76828301
124 125 91519442 23592127
125 126 32558343 28548406
126 127 98778414 3404111
127 128 70334933 58348627
128 129 39987101 3037885
129 130 61456351 35486229
130 131 93499606 25812320
131 132 68241314 45315361
132 133 35537656 59478989
133 134 80733807 81988721
134 135 12172880 33066675
135 136 6298086 92387401
136 137 69926819 33834064
137 138 83464948 64629982
138 139 80512900 75632555
139 140 41493370 17128890
140 141 84372430 94725072
141 142 50641469 56233136
104 121 4 121 40 129 56 61 120 35 123 44 82 58 41 30 39 33 25 138 120 23 110 39 32 39 110 44 46 91 83 136 23 59 3 14 59 83 129 14 111 32 116 119 99 117 37 121 37 71 69 42 77 142 110 101 6 56 122 124 100 3 86 45 84 91 124 104 3 138 24 56 20 14 142 140 126 134 84 114 4 123 88 72 1 26 117 87 18 26 30 46 94 108 63 78 21 47 6 134 33 84 68 39 19 80 4 42 132 100 51 119 35 67 3 59 68 11 54 35 41 70 29 27 100 66 130 73 32 40 99 49 75 103 119 29 41 24 91 125 49 11 56 64
27 136
62 170
1 2 3845979 53671715
2 3 31490465 1558407
3 4 1224520 13926371
4 5 46068597 48670130
5 6 97804095 6540439
6 7 20619934 70626254
7 8 71746372 35604492
8 9 59124973 93305809
9 10 83772121 82986623
10 11 72785368 33259687
11 12 48658732 95134746
12 13 70901291 86666088
13 14 44997001 98963690
14 15 5632853 48090803
15 16 36883389 52290844
16 17 38232040 31273491
17 18 66633764 35315293
18 19 47929242 73878566
19 20 12657876 76305107
20 21 71048118 39347126
21 22 57520180 98378001
22 23 63504926 47647101
23 24 22161109 7273181
24 25 61802276 1231324
25 26 2299176 35842392
26 27 71091797 85778085
27 28 41870142 79611982
28 29 90518122 82909729
29 30 87227767 17230991
30 31 8649210 3174608
31 32 55194016 61682812
32 33 8725801 72526115
33 34 63247969 18244768
34 35 17991782 41524280
35 36 75281660 30072599
36 37 4756660 80953370
37 38 35729664 40339459
38 39 74849212 91681959
39 40 37992856 7926494
40 41 14101585 19669255
41 42 15483551 22541150
42 43 23558535 28371200
43 44 41830600 69349017
44 45 40159361 48632730
45 46 59208694 79113815
46 47 45247849 50553963
47 48 78446213 84469301
48 49 76627745 44521413
49 50 98214897 77454056
50 51 84035727 5699765
51 52 75480545 61091704
52 53 73741498 52950173
53 54 51087754 66291561
54 55 87246920 72863767
55 56 43922721 41336320
56 57 57472626 63968149
57 58 95526335 8876589
58 59 90064350 53951311
59 60 59596115 61952802
60 61 24260915 96557457
61 62 30812485 95042961
50 17 1 19 38 46 13 62 46 56 44 4 30 26 19 32 44 42 9 32 43 1 43 54 11 9 10 7 17 48 39 43 58 42 32 55 49 50 53 16 10 54 45 52 34 22 39 43 16 12 32 10 25 38 27 23 29 15 29 48 56 14 41 10 27 26 49 26 60 30 3 5 34 6 20 2 1 58 8 24 18 28 24 11 29 34 20 23 32 35 53 7 48 24 28 3 35 45 36 19 49 5 30 58 35 15 35 11 8 59 43 23 10 31 1 58 16 5 60 61 60 42 3 27 25 28 36 4 24 25 13 35 24 39 36 60 22 6 22 21 45 5 39 40 25 7 48 51 48 16 58 6 4 8 59 15 38 53 51 3 56 27 33 11 41 44 55 60 42 20
37 24
75 182
1 2 22558358 81047426
2 3 69574453 49373991
3 4 58156011 37840796
4 5 55738901 57085387
5 6 30365124 6597578
6 7 6902333 54671778
7 8 18028394 50215345
8 9 53496991 67579759
9 10 64904795 22830119
10 11 18940917 96944254
11 12 91764400 27161778
12 13 72206739 90479586
13 14 74565336 53333626
14 15 69786692 53075381
15 16 9377604 48898343
16 17 51932054 51054049
17 18 29432884 63809048
18 19 65981656 60993121
19 20 37671639 13671022
20 21 28434616 63691723
21 22 40509992 47939113
22 23 38490425 10446482
23 24 15279413 22978193
24 25 15339917 56959559
25 26 52578280 12855919
26 27 24651705 86988497
27 28 48157402 38047971
28 29 9931334 5787331
29 30 48415203 58748053
30 31 89766749 50467113
31 32 85347289 46838414
32 33 46457436 76367800
33 34 44405541 49011806
34 35 73316629 97840525
35 36 9207376 18328878
36 37 65841429 4746933
37 38 87270968 68146108
38 39 2904109 17112497
39 40 71119177 58065114
40 41 35851884 8458492
41 42 59572527 24685911
42 43 14868315 167826
43 44 33126761 95853498
44 45 70671005 38469400
45 46 79877719 38776636
46 47 14579715 83292120
47 48 40747432 56434177
48 49 45940064 27793880
49 50 26846228 77894191
50 51 21770055 48460589
51 52 51046519 91723450
52 53 80780174 77123081
53 54 5154827 58308723
54 55 56528362 92555733
55 56 57827619 30977883
56 57 92933375 71344740
57 58 40188115 49602588
58 59 21820189 19524845
59 60 69457937 70022708
60 61 39360896 33524058
61 62 3986921 9130334
62 63 82795382 88967657
63 64 95644135 29957913
64 65 81992947 68463936
65 66 26342185 18257953
66 67 22200895 17889692
67 68 90755103 50951306
68 69 69141530 51790319
69 70 89961566 71897328
70 71 53476402 14005055
71 72 81541487 43951836
72 73 48459274 25277980
73 74 63984616 29370134
74 75 95279453 60460333
58 25 52 53 47 52 18 21 15 4 56 58 54 17 42 73 19 75 21 27 10 25 62 35 43 10 1 73 27 40 27 57 28 27 72 4 37 18 67 21 60 4 39 75 57 59 14 71 65 45 63 41 8 6 37 28 25 48 75 60 68 69 10 71 39 67 46 51 1 64 52 9 68 39 56 44 11 8 27 44 75 15 63 53 33 18 74 48 11 71 49 52 51 5 64 71 12 65 41 51 41 59 55 28 59 53 42 52 9 64 52 4 33 52 63 68 70 9 46 64 24 21 4 64 30 66 17 28 46 19 51 50 3 7 19 45 17 7 58 11 44 48 70 44 6 25 67 18 73 64 57 75 66 17 34 23 41 21 5 31 41 68 42 63 12 37 40 21 29 73 40 11 43 30 15 47 27 58 32 50 71 46
34 68
174 176
1 2 88378756 22137904
2 3 32775074 83738263
3 4 98720623 39279427
4 5 69672565 21453600
5 6 76114610 35692449
6 7 38977422 80821935
7 8 36480831 91104488
8 9 18548104 80400871
9 10 59048625 792373
10 11 67383915 35661298
11 12 8271590 65483565
12 13 53569011 38364480
13 14 45656847 37786846
14 15 72705695 30486909
15 16 44574905 63555141
16 17 75436776 97163284
17 18 88280402 79142751
18 19 73918176 47092903
19 20 23685950 76489858
20 21 73360505 83920579
21 22 314775 84392168
22 23 34385831 59821144
23 24 59919370 77466757
24 25 72392390 6544303
25 26 18519355 31420192
26 27 45472742 81388329
27 28 21008573 91726239
28 29 69282463 26804274
29 30 50096468 20373477
30 31 79558965 88837746
31 32 74806373 18949521
32 33 4422628 72026753
33 34 2206302 23929224
34 35 38056106 34700536
35 36 7217821 41830928
36 37 18540530 68055795
37 38 72119815 78598709
38 39 40630683 48265094
39 40 16388483 8858445
40 41 80176280 86902446
41 42 81099060 82795935
42 43 82382118 79088516
43 44 93964885 51126354
44 45 53472562 51834833
45 46 73894972 18252891
46 47 25941897 40846044
47 48 66197392 92514975
48 49 61456755 16168575
49 50 36691322 62062555
50 51 31433973 1501715
51 52 59686909 36191874
52 53 41763096 8727735
53 54 33243516 35857198
54 55 29775437 38362655
55 56 51457169 84529911
56 57 58001947 72376129
57 58 8969976 75012550
58 59 62548184 57762266
59 60 61066110 72045507
60 61 33464896 88287145
61 62 12189433 78009283
62 63 63042519 36380598
63 64 11756599 44728140
64 65 20886898 54537752
65 66 85214496 65484466
66 67 31338956 74990482
67 68 85528048 90111611
68 69 53991801 97665992
69 70 54345545 68852224
70 71 14159770 47408263
71 72 62093359 98074007
72 73 93669428 98114082
73 74 45958622 11176562
74 75 16388819 18292870
75 76 94557499 76265967
76 77 23316388 33766460
77 78 52147557 51324426
78 79 11936127 57368428
79 80 89276238 3378880
80 81 59896462 29708284
81 82 2328796 11375453
82 83 30324467 57145524
83 84 47433172 14496744
84 85 19046272 5466273
85 86 43617410 36593384
86 87 26624748 38032431
87 88 48015139 37818402
88 89 20382198 32000984
89 90 23285336 54393585
90 91 29913437 22159433
91 92 69118661 51223549
92 93 68015316 8921205
93 94 97727799 27890394
94 95 15628065 39039199
95 96 95816232 91453715
96 97 18023005 3337819
97 98 89267019 94132378
98 99 73877977 47836495
99 100 43714165 23061018
100 101 26546500 98261263
101 102 52248574 16542166
102 103 6772173 16175547
103 104 91251639 32439781
104 105 63196540 50139880
105 106 90746079 71160535
106 107 95116306 60866075
107 108 28841801 50725809
108 109 70458552 804173
109 110 95939745 40443771
110 111 26017296 31760233
111 112 98247788 12027412
112 113 39344537 55274676
113 114 4064546 55591203
114 115 36828202 34182721
115 116 79275666 57375821
116 117 52755160 9092275
117 118 64878284 56702484
118 119 14588984 53131248
119 120 81091992 21035351
120 121 38207631 9381753
121 122 96915773 5559934
122 123 53263508 40308608
123 124 11576439 85005294
124 125 65638437 26328325
125 126 15951790 80954989
126 127 4793159 68664469
127 128 28260195 59336080
128 129 5209392 41046650
129 130 48832089 54488703
130 131 33458423 80518864
131 132 57674340 8487651
132 133 2945086 70154111
133 134 40617751 81483233
134 135 23060914 95587233
135 136 59027094 94981278
136 137 77535653 52721916
137 138 97459033 57976860
138 139 48545944 90011737
139 140 28396105 68342993
140 141 75297336 13157122
141 142 13895080 89634839
142 143 8841863 2158148
143 144 6410729 49718631
144 145 69181260 87570678
145 146 88404327 28779734
146 147 61732640 75389150
147 148 32885308 22831517
148 149 76854349 75107874
149 150 92574599 3727429
150 151 9645733 1556015
151 152 5987765 27287456
152 153 49073249 41371158
153 154 54675144 71446567
154 155 61279691 52336797
155 156 84520642 44682232
156 157 62526810 95832604
157 158 96161842 76582041
158 159 65189690 99016151
159 160 30730190 11957366
160 161 89495056 50922253
161 162 83851314 7671704
162 163 83994685 85870376
163 164 29849757 25528133
164 165 14410360 6477363
165 166 71768982 7381820
166 167 53320674 17266664
167 168 86550597 18730123
168 169 85464122 78716102
169 170 5891114 84270959
170 171 36872782 66470244
171 172 30787413 73758668
172 173 12854938 36618925
173 174 88182453 92307709
79 20 46 102 112 25 66 21 144 57 43 77 13 48 69 8 21 33 37 43 147 66 68 57 136 134 142 39 140 52 16 154 27 62 136 11 61 68 18 46 19 68 62 166 113 40 74 130 116 113 42 78 64 141 16 89 154 126 147 91 21 64 150 164 87 171 174 79 169 109 66 55 131 85 120 93 170 10 54 33 97 32 49 163 65 173 163 112 115 52 65 125 87 19 82 34 109 147 29 27 68 147 108 155 132 46 118 124 101 77 105 55 98 121 79 141 96 81 36 45 133 39 38 96 73 45 5 23 50 120 39 96 21 119 124 63 47 152 91 144 107 118 163 37 58 98 140 112 55 154 157 117 40 34 58 173 167 141 112 29 82 72 42 169 12 8 84 8 49 71 11 25 110 141 71 25
113 144
37 195
1 2 22783792 29174573
2 3 43273613 86348711
3 4 34138411 4332860
4 5 43064265 95964509
5 6 37007551 92116461
6 7 4623576 17634412
7 8 47213472 69704307
8 9 2479840 73065157
9 10 50676101 41052081
10 11 75994374 47262131
11 12 41675413 58394332
12 13 83588056 11057746
13 14 83763691 61584960
14 15 83545388 39443784
15 16 14089731 8094190
16 17 53776257 9238427
17 18 85873995 34571558
18 19 22647301 69570630
19 20 34133431 49180348
20 21 25662192 43208364
21 22 34851667 58795676
22 23 29643520 22369594
23 24 57261209 28212641
24 25 57840370 70518557
25 26 19517282 12043877
26 27 24844894 41535775
27 28 83511876 14287659
28 29 54227977 71492463
29 30 21261410 69860581
30 31 55149652 53671459
31 32 51339231 93905346
32 33 92570421 54622899
33 34 10226533 68414032
34 35 30809941 77200469
35 36 8978611 27729197
36 37 21300896 50782628
26 3 2 31 36 22 37 35 24 2 16 19 36 24 32 5 37 33 6 23 18 3 5 8 11 19 31 11 32 10 13 25 12 2 19 6 5 14 21 13 33 4 36 16 22 20 9 18 2 6 5 36 23 35 12 16 4 29 30 13 10 16 34 15 22 23 24 14 32 5 34 1 31 33 26 21 34 20 14 26 16 23 36 13 36 5 7 21 14 7 9 31 4 32 9 20 23 33 9 34 35 28 23 2 19 9 4 2 31 7 23 22 23 32 11 2 23 24 31 8 30 15 33 19 36 12 21 33 11 14 19 37 25 34 32 23 24 14 35 7 32 21 18 37 23 31 20 26 11 21 11 37 15 24 29 34 25 16 23 7 18 3 5 9 28 9 35 15 29 8 23 32 28 5 36 30 10 25 2 30 26 36 20 15 21 6 27 20 1 11 4 23 30 31 25
18 32
78 184
1 2 5020 46687282
2 3 17638899 73699771
3 4 31698428 69811045
4 5 50422232 53500319
5 6 41994637 42363883
6 7 23554769 53785431
7 8 21041352 95612247
8 9 96928592 68127477
9 10 94851487 8437257
10 11 9112920 58345026
11 12 89882613 40406183
12 13 12454540 50497918
13 14 11837685 28385440
14 15 46860719 94518484
15 16 26413813 20365994
16 17 76667818 69067034
17 18 87871410 92860404
18 19 5254278 36045786
19 20 33550267 64948527
20 21 22127339 69313378
21 22 78293731 88511811
22 23 21898702 93147476
23 24 17700082 48607441
24 25 66123132 3407604
25 26 53078056 98981950
26 27 49290673 67965974
27 28 33030739 69838730
28 29 52922570 88572876
29 30 12952002 85341133
30 31 69509391 56627
31 32 2446392 34646992
32 33 3055232 79772555
33 34 66175094 8509093
34 35 38865345 54321245
35 36 99167209 27490408
36 37 9693133 17925069
37 38 78356243 48359974
38 39 67603879 66330844
39 40 88470453 1686989
40 41 67672928 23515479
41 42 39431317 85066094
42 43 19996802 64889591
43 44 88253124 36143492
44 45 30924323 36683878
45 46 69750335 21092217
46 47 24564225 87072197
47 48 62681220 1459436
48 49 84007676 57336859
49 50 86596895 1255792
50 51 32999237 24918054
51 52 16054604 28801463
52 53 76631132 72588441
53 54 231689 19731190
54 55 25180119 68842223
55 56 89801339 14991849
56 57 38056576 1675611
57 58 31691861 36983719
58 59 22698695 59679286
59 60 36195262 89845780
60 61 81333495 65511485
61 62 22909478 2004634
62 63 61658154 9874916
63 64 11096273 45019701
64 65 91617345 45016794
65 66 40378035 79983664
66 67 73224594 17694911
67 68 41502578 27532587
68 69 85237231 87891082
69 70 43774940 72957774
70 71 47076530 71114149
71 72 64425911 36473924
72 73 15132635 47802543
73 74 31546870 45090560
74 75 31573172 91635681
75 76 21582313 90475636
76 77 2140876 26007082
77 78 7054623 46265157
40 65 31 48 41 68 42 26 22 68 51 45 29 54 40 42 75 78 41 20 31 36 66 48 53 60 31 71 50 78 35 9 57 40 72 12 5 76 7 34 64 20 10 71 48 17 57 72 62 74 76 28 49 11 74 44 45 67 70 78 56 17 32 10 59 21 27 76 43 71 30 75 8 5 63 4 40 9 67 18 5 32 25 19 44 55 3 44 27 48 27 65 66 45 69 40 4 46 77 50 34 68 17 62 48 24 64 58 34 18 35 10 21 60 59 3 53 28 43 56 2 20 54 62 26 58 25 78 38 10 49 42 22 42 7 19 48 22 74 69 29 57 33 32 26 18 26 65 27 25 78 26 1 53 78 52 27 51 40 9 14 31 26 30 62 18 56 34 67 31 59 56 2 56 68 38 50 47 54 10 53 35 62 47
69 45
32 92
1 2 28302731 88933428
2 3 66742174 68197893
3 4 58709637 50535892
4 5 2103828 16430993
5 6 96111783 39466040
6 7 75162884 77385660
7 8 41510751 14692066
8 9 91033973 9292113
9 10 20551084 36499869
10 11 89866017 74597107
11 12 15052808 89936491
12 13 86762311 43853872
13 14 88033356 76258076
14 15 73369078 77482027
15 16 41699047 60961587
16 17 73073957 72192222
17 18 52569911 74116369
18 19 6489891 86638817
19 20 89634459 95452881
20 21 19894912 96449508
21 22 39782162 42530485
22 23 6446187 38679399
23 24 31786583 65213041
24 25 63766796 35722813
25 26 7866129 79802925
26 27 64289255 30242065
27 28 50754109 41686972
28 29 109404 13913460
29 30 27798909 37169814
30 31 63117950 96301008
31 32 1286291 94613132
17 1 32 13 30 18 5 15 14 3 6 25 24 4 6 11 17 1 21 13 24 19 27 22 28 13 12 16 25 19 14 10 26 28 20 19 11 5 28 12 17 22 4 28 18 31 27 23 8 26 20 19 21 8 10 25 18 10 19 12 5 30 25 4 6 4 1 25 31 2 15 21 12 16 15 12 11 8 5 24 5 23 16 25 11 19 26 2 6 31 30 11
19 31
152 133
1 2 65328322 51495097
2 3 73760378 74766030
3 4 54299844 9830121
4 5 79059345 98094739
5 6 97023370 19019389
6 7 77857135 19326345
7 8 47813482 53058350
8 9 44696164 37461932
9 10 25894040 27733136
10 11 99404456 60124229
11 12 87729527 2434709
12 13 64828756 94863795
13 14 13710635 35177552
14 15 12796087 52007729
15 16 54057927 19634073
16 17 5762486 35399178
17 18 32737771 99143280
18 19 72558591 5939435
19 20 48090517 62244195
20 21 68851004 52090109
21 22 14705874 37388370
22 23 69574907 4543071
23 24 32223530 8262113
24 25 3133087 6155259
25 26 2833787 60276684
26 27 10381282 50124526
27 28 75819973 61909755
28 29 55765489 3102690
29 30 83642941 11737901
30 31 90464502 99814666
31 32 5371960 3878996
32 33 36721434 50404751
33 34 54893252 83319425
34 35 84599272 80618600
35 36 2511239 89646604
36 37 98713987 50156797
37 38 33544978 67851243
38 39 39202525 47771204
39 40 22303335 83917904
40 41 42975575 80272192
41 42 80889102 23615656
42 43 88020460 51107278
43 44 13096410 64856058
44 45 21176893 76454479
45 46 48709511 64887578
46 47 61500715 70292242
47 48 95372580 91406504
48 49 97342221 74316551
49 50 40241441 69833058
50 51 68092209 8946794
51 52 15618651 46976955
52 53 73370456 27626010
53 54 84189974 5150581
54 55 21046609 55032557
55 56 74599642 69037009
56 57 54212548 29921635
57 58 58256314 42009472
58 59 31763507 19004640
59 60 33236518 69223186
60 61 14917491 90970031
61 62 65090002 22658483
62 63 67404038 88687597
63 64 17313962 52842211
64 65 69795526 28178632
65 66 84467089 73862452
66 67 45969922 95577370
67 68 99690623 18597201
68 69 27805971 51164351
69 70 29298577 30231600
70 71 81975183 604414
71 72 12349167 66248132
72 73 67082329 78007132
73 74 41418938 28037223
74 75 55628052 22637704
75 76 98269491 47407140
76 77 18453070 43832835
77 78 59448312 64300554
78 79 17301041 89254158
79 80 31884121 53808290
80 81 73135202 37525635
81 82 79146253 21400953
82 83 37503045 24352411
83 84 22879183 30976560
84 85 92097879 74992781
85 86 68519099 89639769
86 87 34267099 99426403
87 88 54103730 41364855
88 89 33909446 91880351
89 90 46212186 12510893
90 91 41719182 32497874
91 92 24077163 57402676
92 93 8237427 70826350
93 94 91256453 40339303
94 95 57252667 99647011
95 96 9156672 74087882
96 97 89347976 61554581
97 98 73117318 10770505
98 99 69319533 73713302
99 100 43923881 75136181
100 101 34198255 85398783
101 102 40253807 28525801
102 103 20785128 46653430
103 104 67324148 47214890
104 105 86017603 59797608
105 106 43257057 23665949
106 107 74742509 92016305
107 108 7600346 45735894
108 109 96661431 65544287
109 110 38298748 42951963
110 111 53978208 27920285
111 112 58086377 45112941
112 113 18981508 38892724
113 114 62142857 69807579
114 115 4493361 89579622
115 116 87293239 63951790
116 117 247784 85483806
117 118 56603308 23055609
118 119 96064265 31597800
119 120 4623470 27189100
120 121 25606868 88598653
121 122 16139275 77388396
122 123 41269840 82786847
123 124 41014006 85305171
124 125 91102850 89987559
125 126 52255195 68116497
126 127 70304512 8882369
127 128 28229825 55364904
128 129 49424307 22547452
129 130 61493155 79987118
130 131 66478240 7006202
131 132 63987989 57465783
132 133 19113668 69815893
133 134 79077316 19441772
134 135 64084113 8578267
135 136 84087848 5599688
136 137 47437117 74898374
137 138 59005227 12215429
138 139 11262328 29418676
139 140 53271509 2658404
140 141 14726266 26751980
141 142 32156788 63891934
142 143 99646428 61056401
143 144 7750257 82038812
144 145 2880507 44817911
145 146 5067993 22769458
146 147 49636718 16013499
147 148 48015665 98825714
148 149 23568519 63501886
149 150 3679837 97759156
150 151 42922546 94590915
151 152 25498993 68764148
90 36 151 21 139 49 31 66 128 107 60 11 41 135 117 71 120 128 10 32 66 127 28 149 88 82 12 136 132 83 107 11 43 78 136 108 35 32 48 33 13 126 63 87 79 72 48 27 56 120 78 3 100 13 88 57 102 120 45 131 93 25 1 37 36 2 135 51 77 18 15 32 99 128 146 11 94 92 93 46 2 16 36 63 31 36 75 8 137 131 142 119 94 16 9 68 99 137 68 117 148 110 16 85 98 92 122 79 89 128 110 18 1 132 128 49 77 75 70 91 134 53 124 87 26 49 86 90 39 117 24 8 119
128 6
14 27
1 2 6378287 9277520
2 3 97152571 5250598
3 4 27659221 83232274
4 5 11244755 85927051
5 6 55990170 59612512
6 7 64133344 46014656
7 8 45795147 31796423
8 9 84556566 77948514
9 10 82237615 98976020
10 11 71584034 71493351
11 12 19681841 26131828
12 13 71231805 36666251
13 14 77620783 32419719
11 10 7 10 2 4 5 6 3 7 9 13 1 11 3 7 1 7 3 8 3 6 11 13 9 8 10
14 7
16 186
1 2 78883433 63711539
2 3 83999794 42064811
3 4 56303238 18599323
4 5 86628203 74641748
5 6 98126637 36690692
6 7 30946191 93323453
7 8 96368215 15569133
8 9 31508560 36374008
9 10 48600131 14448696
10 11 79451174 90671106
11 12 43403544 65466686
12 13 65417066 95275517
13 14 78783167 63922037
14 15 61484869 39223055
15 16 22098597 89197036
4 16 2 6 13 11 4 7 10 6 11 9 2 14 1 15 16 4 11 13 14 12 2 15 9 14 7 13 2 16 3 7 13 10 13 2 7 5 13 9 7 9 12 8 10 12 6 15 12 16 14 8 5 2 3 13 4 15 9 5 1 10 7 14 12 8 3 6 12 14 2 4 11 13 11 16 9 8 6 14 6 13 15 10 15 5 9 13 9 16 12 15 10 6 7 6 1 7 9 12 3 5 10 15 2 9 10 14 13 11 12 7 4 8 7 1 6 11 14 8 9 15 16 12 11 12 10 16 5 9 1 6 2 13 15 3 4 12 14 15 10 16 11 9 1 8 14 11 1 13 1 8 15 11 7 10 9 7 15 2 12 15 9 1 14 3 8 11 16 4 6 2 5 6 8 9 14 7 13 14 12 1 7 10 9 14
7 2
53 110
1 2 27652764 90262403
2 3 50377265 94706650
3 4 15772431 13870579
4 5 32396831 43135585
5 6 72844758 91523340
6 7 76494293 46118571
7 8 80808124 19914290
8 9 66352275 92175435
9 10 51466621 89860614
10 11 32349579 4809552
11 12 13384372 75609076
12 13 16587176 85473386
13 14 91122181 40621658
14 15 24042423 19953906
15 16 87921060 96151524
16 17 13132063 96238051
17 18 3721116 66205097
18 19 63115878 88378493
19 20 18164752 76155065
20 21 63818425 90644936
21 22 54563590 38583037
22 23 55022486 65516732
23 24 7049999 30348667
24 25 27693472 19672965
25 26 92702432 65136129
26 27 70110709 17136183
27 28 48140074 74222676
28 29 18917523 76298378
29 30 55238266 9424115
30 31 67218015 35376207
31 32 21770164 24175566
32 33 84464525 2065169
33 34 69183613 29867644
34 35 615920 93041968
35 36 80572031 13834214
36 37 61277163 44681558
37 38 345820 77082644
38 39 81216042 72736726
39 40 55054793 95112607
40 41 81786323 61429241
41 42 30572172 84361603
42 43 91180993 17063513
43 44 24531739 49808934
44 45 22519407 52857496
45 46 46931605 63203262
46 47 49127752 730630
47 48 57445469 39029184
48 49 74433683 62639128
49 50 37896206 4039905
50 51 34622152 87560847
51 52 1203446 82456495
52 53 35562763 42866772
19 23 53 17 12 17 21 42 46 16 32 29 50 33 29 18 39 21 19 25 53 49 17 31 17 39 30 9 51 19 31 9 7 41 35 20 28 8 40 20 32 33 35 27 33 32 35 43 32 25 23 14 21 53 24 3 38 6 2 48 36 53 16 27 44 40 33 27 22 27 17 40 6 20 14 52 43 51 24 3 22 39 15 21 48 21 20 40 33 51 7 2 14 7 11 23 4 43 44 28 46 33 46 11 45 8 31 47 30 45
37 46
148 102
1 2 2189051 94038732
2 3 68820830 68937187
3 4 90507791 76472723
4 5 67099234 22188617
5 6 82986011 91261204
6 7 65255468 34915781
7 8 33404825 10822102
8 9 78628702 70992457
9 10 5382904 92756738
10 11 31395183 3613337
11 12 96538589 47802456
12 13 97461498 8839877
13 14 59266210 3626090
14 15 541744 5130906
15 16 48738197 28697331
16 17 64114195 98950019
17 18 29354252 68627040
18 19 33223032 82000881
19 20 87773756 80613797
20 21 82269573 63842787
21 22 75883030 17431918
22 23 43179264 78541192
23 24 86823840 16105663
24 25 64834334 75492678
25 26 35282820 8398460
26 27 91185847 43741802
27 28 27621011 85220714
28 29 14346433 7734788
29 30 57734554 38283332
30 31 78298248 55774297
31 32 65342829 20357688
32 33 3829325 39479545
33 34 18922980 58914444
34 35 17119858 52246351
35 36 79354436 36435078
36 37 54294884 27292808
37 38 18058793 96933451
38 39 48893678 83813746
39 40 79291027 41892910
40 41 96946647 36234002
41 42 41736309 88230600
42 43 72748568 44294956
43 44 22125764 17340938
44 45 28999741 63454700
45 46 3348247 27955660
46 47 38634354 58715287
47 48 32868035 17526857
48 49 95533119 37374496
49 50 7790027 54002224
50 51 26823585 20740592
51 52 2454748 2174332
52 53 14458620 57470471
53 54 66934411 6449150
54 55 79019724 41653169
55 56 87832207 6781607
56 57 31113047 39714821
57 58 59678131 19621395
58 59 57462976 42269377
59 60 10040112 81806942
60 61 713776 68989188
61 62 79940337 54293580
62 63 8376679 77621683
63 64 14720023 28168565
64 65 39313134 45233169
65 66 66498536 89474677
66 67 535350 42150928
67 68 48870891 5094330
68 69 77447829 70012092
69 70 12218661 65582254
70 71 7358238 79418502
71 72 87032793 46777094
72 73 11663264 3154941
73 74 52781399 88950020
74 75 57341608 38583293
75 76 41634005 72111578
76 77 60805831 49233685
77 78 65979964 2079409
78 79 25695681 72059146
79 80 10591890 87312776
80 81 57380445 18631999
81 82 92552317 54943022
82 83 27357067 71180501
83 84 34346845 69408306
84 85 68938740 57570748
85 86 3932649 51131856
86 87 92085673 64851110
87 88 57214550 16860527
88 89 54842090 92489792
89 90 74367630 50105462
90 91 97019167 82105090
91 92 44101236 96622173
92 93 56161649 81844382
93 94 11212971 34971699
94 95 66990141 71840101
95 96 26269693 65817042
96 97 31625216 69042638
97 98 19128658 54981873
98 99 90687445 64273099
99 100 14786911 66836668
100 101 67770321 47618678
101 102 20785211 50094728
102 103 56331637 58725931
103 104 28586162 81662617
104 105 40098873 80443934
105 106 18425766 96929543
106 107 40413393 36355809
107 108 71858651 17378092
108 109 81755122 97665262
109 110 56964037 52946437
110 111 40854393 69468911
111 112 97942188 94515088
112 113 17784465 80262014
113 114 60193446 57022401
114 115 86554688 65682054
115 116 30310080 16001946
116 117 72169228 12763785
117 118 90168907 47418691
118 119 45309961 46117741
119 120 85180897 19467244
120 121 80433937 2891748
121 122 9973885 97832019
122 123 33975749 97943289
123 124 12033821 38613382
124 125 12971910 27603357
125 126 36418495 98472481
126 127 20852210 67256944
127 128 10973847 14635031
128 129 71958357 98817443
129 130 12117577 42243067
130 131 22331516 10002007
131 132 48700462 36082542
132 133 83166966 96586868
133 134 84203916 3246200
134 135 78652142 27663758
135 136 74886800 16455539
136 137 60682865 62011321
137 138 70899242 40562488
138 139 5120741 68572646
139 140 52502322 53221500
140 141 44790983 95355258
141 142 49856892 3981964
142 143 54820087 45053701
143 144 8097350 89230160
144 145 36632599 91539043
145 146 84632102 12812840
146 147 97775699 34552206
147 148 4412741 81841565
44 124 145 18 142 116 92 7 49 86 137 66 145 16 133 6 48 9 63 71 74 139 136 21 18 48 113 13 113 135 103 2 34 82 122 61 102 43 97 144 133 138 120 97 66 141 134 52 32 104 135 52 129 132 73 121 15 69 48 3 12 15 64 13 21 116 31 19 11 67 36 5 131 118 40 75 103 11 145 94 84 97 28 77 109 123 15 127 69 107 34 45 53 31 90 76 142 33 141 2 136 94
131 8
143 118
1 2 54875725 95265270
2 3 49583989 33916363
3 4 40901228 25146648
4 5 39935641 54898073
5 6 24644455 30494862
6 7 49049666 96962555
7 8 80534869 19834744
8 9 2980099 92189511
9 10 62687414 91183901
10 11 83103026 88879823
11 12 76526895 49769305
12 13 7791895 44922586
13 14 24782484 3852415
14 15 27976569 95413615
15 16 61421935 42027881
16 17 31256791 44012824
17 18 77692515 89233296
18 19 48672121 63203204
19 20 83265632 87574477
20 21 92512476 52930112
21 22 31779828 74690726
22 23 97563851 10004483
23 24 61206394 78382288
24 25 50147478 58936114
25 26 7595577 22473191
26 27 18610627 30797045
27 28 12421202 77581626
28 29 44683303 1766189
29 30 45142264 70081949
30 31 55260259 71078283
31 32 2118573 16009810
32 33 39871548 67161250
33 34 86285394 54580388
34 35 23080598 21956165
35 36 18131942 15839942
36 37 12174545 92115902
37 38 18086386 21294804
38 39 23641539 78000469
39 40 54694562 27565045
40 41 12438227 14070114
41 42 75514387 25534477
42 43 84787932 48656451
43 44 2181934 29301048
44 45 94190961 7706480
45 46 92981460 12256657
46 47 11719793 75864879
47 48 20573916 64530922
48 49 92922826 46122808
49 50 62971186 84729370
50 51 52491965 28848158
51 52 46186047 51704088
52 53 40717011 98098249
53 54 50433273 28440319
54 55 89471330 70657695
55 56 38600571 77501714
56 57 43933749 59874264
57 58 84001334 54872471
58 59 46180913 88631761
59 60 10967292 65545557
60 61 83060620 7611628
61 62 57779303 24544792
62 63 41989667 97319162
63 64 21748678 68885724
64 65 68750743 77821066
65 66 57473448 31000438
66 67 10468787 12411559
67 68 52114302 68631298
68 69 81921697 16396647
69 70 98225225 6118452
70 71 80950799 33308553
71 72 59870244 29684785
72 73 70061214 11669187
73 74 54679687 74748478
74 75 11274393 40686265
75 76 18409707 84820755
76 77 84360133 37310128
77 78 19168331 55840619
78 79 55356648 70473494
79 80 9783088 50646955
80 81 57667299 43569793
81 82 30211427 46988638
82 83 93842928 49725686
83 84 75268672 52545463
84 85 94133993 9399106
85 86 97500077 75707710
86 87 53629632 89217026
87 88 37029044 44261679
88 89 95408543 53867612
89 90 63076967 51315038
90 91 84611133 30036916
91 92 31621030 26414739
92 93 91868900 26166172
93 94 76087333 93297102
94 95 25006597 4869619
95 96 97775129 42060060
96 97 59325339 4559530
97 98 28365016 47799250
98 99 86426636 72499693
99 100 91373496 60502197
100 101 34156367 658799
101 102 10360052 14574298
102 103 68229006 91347400
103 104 2330204 63468206
104 105 69816007 55907606
105 106 62605272 51935507
106 107 55798143 88205869
107 108 5686697 66643610
108 109 2266603 12926495
109 110 23584359 3616000
110 111 67499107 89650372
111 112 84479113 90290429
112 113 83170156 55596682
113 114 7495739 36917220
114 115 49724811 42446607
115 116 97817743 38008639
116 117 35100393 13444873
117 118 66129876 84437634
118 119 37992271 49664107
119 120 30935394 49647393
120 121 98066413 19615684
121 122 4822194 98408057
122 123 42508555 44186956
123 124 23500071 39936592
124 125 24679845 93013138
125 126 14731240 25761253
126 127 98371378 71679397
127 128 49008047 83538985
128 129 48588596 23251236
129 130 18865477 36167719
130 131 49784881 56288785
131 132 40123632 28684256
132 133 98221462 17819855
133 134 4464601 83948887
134 135 73813622 14734132
135 136 62238543 78011777
136 137 53099356 8473081
137 138 65124620 22708020
138 139 99383105 99084369
139 140 78020934 78627558
140 141 32148322 40282698
141 142 56593753 40682579
142 143 10229382 57682683
138 137 31 115 126 45 80 135 75 122 35 142 60 54 138 112 66 11 54 45 132 84 125 113 97 72 57 82 109 89 91 77 20 84 48 82 48 99 122 14 133 12 142 15 140 91 45 94 23 54 26 142 73 100 49 87 17 74 24 140 136 131 82 5 135 20 122 29 5 76 130 89 126 139 67 59 11 62 100 70 80 98 58 134 61 86 20 73 25 96 142 137 35 26 88 93 136 121 21 50 46 121 11 71 4 81 11 35 95 23 29 110 80 98 129 78 45 133
98 91
41 47
1 2 60028879 3033903
2 3 66864025 42500455
3 4 94521345 72591613
4 5 75298008 77500833
5 6 90717427 12030535
6 7 85737336 40691041
7 8 652862 29116791
8 9 85491662 64024304
9 10 36495117 72106670
10 11 45401306 54695799
11 12 44864696 87823947
12 13 4744017 42685305
13 14 16512813 18460193
14 15 11609641 24848169
15 16 17624803 38565041
16 17 84735398 22815443
17 18 65686727 27685258
18 19 63472498 74194435
19 20 23186001 59855766
20 21 48669900 63546489
21 22 10629915 97225916
22 23 410236 58655535
23 24 73202624 19639350
24 25 60113385 53148879
25 26 74332871 67148242
26 27 4997696 54411954
27 28 71226968 11098131
28 29 49681349 99995015
29 30 66976150 92600747
30 31 97551737 55704018
31 32 7714604 35594995
32 33 13292010 92157127
33 34 60861384 13713635
34 35 93779230 2405261
35 36 45513394 25184503
36 37 83498992 40002797
37 38 49078063 7469964
38 39 54104381 18665663
39 40 91199726 64983197
40 41 41193496 34742190
4 14 34 16 36 5 4 6 12 29 14 7 31 1 17 30 11 38 31 25 27 11 31 38 10 5 34 23 9 38 21 9 12 34 9 40 34 15 7 3 11 24 34 37 12 19 6
25 33
70 65
1 2 68594467 9852458
2 3 11101285 35922100
3 4 39926946 68008724
4 5 22916643 30616060
5 6 97738961 82548525
6 7 95370924 70362013
7 8 61117589 16801389
8 9 65385247 10126302
9 10 90754157 45350571
10 11 81614400 35552638
11 12 7667680 19146164
12 13 59830157 32380662
13 14 88120918 59853452
14 15 87251620 13922017
15 16 56419871 41245731
16 17 74420683 48709087
17 18 8736763 35480642
18 19 99849384 33989828
19 20 82968408 10314362
20 21 62247860 20263648
21 22 59085872 193348
22 23 32637005 12892027
23 24 23231082 90436357
24 25 33594920 26328998
25 26 99456499 44397115
26 27 44656074 12940804
27 28 81793690 28349399
28 29 15947669 947169
29 30 54247869 72733562
30 31 33235023 24628563
31 32 50018997 70538391
32 33 95270805 30070801
33 34 70327276 20026399
34 35 92091559 39482573
35 36 12759835 88087018
36 37 68880287 2619551
37 38 87420706 69428620
38 39 24515664 53877050
39 40 46212112 69295917
40 41 55788085 91059983
41 42 3119558 1394128
42 43 76018508 38728168
43 44 80028489 43462520
44 45 44343693 53993058
45 46 45903055 830168
46 47 33287533 65036635
47 48 32429437 96723127
48 49 52247752 21304346
49 50 83033960 37510941
50 51 58211532 36439974
51 52 222329 35416058
52 53 40264932 93308683
53 54 62008430 65235545
54 55 91400175 1470143
55 56 82019192 26062514
56 57 64155440 57266245
57 58 54515866 37966587
58 59 39174824 98422309
59 60 57608091 31571878
60 61 42052527 49253881
61 62 7714880 87926295
62 63 83361976 62055145
63 64 28077012 18862662
64 65 21096628 84537591
65 66 60620721 95565493
66 67 30131215 86308625
67 68 94523532 40432922
68 69 94277694 51769683
69 70 45979754 95296462
15 61 2 57 20 4 41 21 45 8 59 10 60 3 34 39 20 65 24 23 70 41 67 1 24 70 53 64 13 66 60 42 65 23 24 27 49 51 25 37 32 21 46 51 4 10 69 45 47 2 43 70 16 8 6 1 11 29 54 44 30 45 38 42 17
49 6
28 176
1 2 4111266 91221274
2 3 59066250 94840010
3 4 38880462 33358339
4 5 87072393 94361102
5 6 75765701 77334210
6 7 30261341 8513335
7 8 24745589 58767947
8 9 77048422 63384726
9 10 81944528 85374007
10 11 55764876 47319669
11 12 86875475 52628062
12 13 13805935 3010216
13 14 84667934 91342682
14 15 96435648 14245142
15 16 47240078 15212489
16 17 74350153 28491480
17 18 24408548 62041155
18 19 86702750 29407652
19 20 93263017 62635920
20 21 72133883 22636519
21 22 84152010 48039572
22 23 40164079 99066527
23 24 52032538 78328942
24 25 23470581 29405324
25 26 22098953 13094326
26 27 75169556 77779686
27 28 73770922 98344262
5 1 22 25 19 24 12 27 16 10 28 24 25 24 23 7 1 8 27 1 27 6 20 19 6 27 19 3 9 25 24 5 2 18 2 21 16 20 7 16 18 6 2 19 18 1 10 5 19 7 27 26 21 14 5 11 7 9 14 1 25 18 17 11 10 12 13 1 5 27 7 28 27 25 27 12 16 22 7 10 18 22 24 1 17 6 18 3 19 24 26 17 13 21 27 25 23 5 24 26 11 14 16 24 6 25 18 4 8 9 19 10 20 10 19 25 19 2 28 18 2 4 15 7 21 1 16 22 2 6 17 9 4 10 4 18 22 18 12 9 20 16 23 12 15 23 11 3 4 23 3 22 1 13 8 28 24 22 13 12 4 3 2 6 24 22 24 10 20 2 15 14 17 23 19 7
2 14
19 139
1 2 14655813 65486731
2 3 93109555 51461883
3 4 7462313 24980295
4 5 62089856 46911259
5 6 38910652 49428518
6 7 24841261 7850212
7 8 70415569 91558357
8 9 25541283 9372526
9 10 70460835 67128892
10 11 61669330 17010611
11 12 51740553 57045292
12 13 79125622 75058445
13 14 24793373 58826160
14 15 52483820 40036616
15 16 86408631 75316981
16 17 54008724 72245146
17 18 21180649 52164645
18 19 91105286 85162605
2 15 19 10 5 18 12 5 13 16 11 19 14 7 2 15 17 1 7 12 17 19 15 12 9 16 12 5 8 5 8 19 12 3 8 3 19 10 3 11 7 10 11 16 4 8 10 1 3 7 19 3 19 18 19 10 19 5 11 3 12 10 1 6 4 17 6 10 17 13 14 8 19 1 12 7 4 19 14 16 12 3 6 5 6 14 8 11 15 14 11 13 8 13 11 16 9 11 14 1 5 7 14 9 4 1 10 5 8 12 8 10 12 19 9 2 14 18 19 2 4 6 2 14 7 4 3 2 1 16 14 10 15 8 5 6 11 18 19
5 14
180 3
1 2 36477982 23195891
2 3 19067882 12630722
3 4 61681305 11671572
4 5 24914111 27728518
5 6 24867056 27993962
6 7 97370636 40308922
7 8 32895308 80176571
8 9 79233777 64063220
9 10 61354459 87789915
10 11 74905971 85008048
11 12 85737541 55372301
12 13 53850350 64373192
13 14 52717737 47319805
14 15 70346158 46076554
15 16 28125083 78534280
16 17 13873845 22988942
17 18 6722157 55950154
18 19 82361782 46198377
19 20 24617048 34905351
20 21 77806427 59763399
21 22 51578456 69174878
22 23 60053717 99891784
23 24 83860996 59868417
24 25 98605283 36837264
25 26 6849530 14591108
26 27 31125926 67389916
27 28 45221615 67931225
28 29 40665129 28161055
29 30 69063698 71681488
30 31 38996816 53970260
31 32 70832799 35851995
32 33 82906628 91466480
33 34 51700197 55885292
34 35 79396031 67285401
35 36 11832594 88094210
36 37 3940516 97183071
37 38 86191590 3120919
38 39 9095124 72091082
39 40 27983439 26545986
40 41 29163779 67752087
41 42 25659219 35039865
42 43 46478342 30640429
43 44 53969485 68304355
44 45 54100002 45568020
45 46 71563873 85459676
46 47 11372702 66128698
47 48 64203004 18708028
48 49 25444023 41480175
49 50 45974756 62768360
50 51 36420405 15293937
51 52 57067065 15890688
52 53 4175681 96434342
53 54 98596696 16346646
54 55 19659296 25330957
55 56 77289777 53577030
56 57 54634880 19882648
57 58 96871694 14035636
58 59 12634939 61735321
59 60 31095532 97508717
60 61 13658314 17366125
61 62 65162763 98495581
62 63 58744713 48701061
63 64 74435229 66964607
64 65 7257192 41391535
65 66 72029078 13787079
66 67 55626659 2475469
67 68 1388501 24332643
68 69 56457496 97719707
69 70 33822991 84625452
70 71 3938255 36305051
71 72 55493469 31220780
72 73 4502474 52985822
73 74 79542693 85825800
74 75 43730426 78055163
75 76 33623105 55583110
76 77 1431213 58306218
77 78 5977107 67780024
78 79 2587887 73938335
79 80 44112737 6852689
80 81 55470977 75286394
81 82 74431972 20273331
82 83 60212229 68200459
83 84 4874982 55525140
84 85 81622032 88542414
85 86 23261739 55126042
86 87 33267119 14348078
87 88 15263342 36339009
88 89 64484133 34350480
89 90 55992567 84716663
90 91 4270554 95666669
91 92 89927068 74439506
92 93 54036066 49326726
93 94 93248298 4761942
94 95 8743192 87491768
95 96 73122490 13941958
96 97 40333993 96605640
97 98 92808730 78883568
98 99 88836903 27208800
99 100 36949143 89041614
100 101 21578796 32389695
101 102 20229314 79072855
102 103 93715391 40052676
103 104 70148275 30888244
104 105 5995299 69228343
105 106 28356625 82053994
106 107 40482395 26385631
107 108 14726571 35358618
108 109 30107683 61971104
109 110 93097186 86731901
110 111 57942743 50671694
111 112 70023376 92651907
112 113 85182715 61379054
113 114 31032914 46591322
114 115 646076 19577809
115 116 73367341 36725970
116 117 98710558 18432531
117 118 82287026 76227757
118 119 87684896 12040946
119 120 44697397 87142667
120 121 58842072 9334708
121 122 84187158 49387513
122 123 43205149 64498768
123 124 31944092 13785764
124 125 33092126 74960529
125 126 60688844 68827863
126 127 79620030 54195209
127 128 20475414 39824532
128 129 31051542 65167239
129 130 32100667 64070738
130 131 21709635 66625122
131 132 32232037 61498517
132 133 81089118 19394599
133 134 12988447 26324406
134 135 13159352 49632360
135 136 51300967 92719160
136 137 22014406 95201918
137 138 78103846 24483846
138 139 57283979 13634897
139 140 77352258 88752784
140 141 70327460 60584943
141 142 85510493 13393572
142 143 6874770 44531094
143 144 70885266 85050823
144 145 85873407 79933310
145 146 2346868 62493069
146 147 13132894 67928896
147 148 22476518 85414170
148 149 28437010 9001887
149 150 20173142 76172675
150 151 72242309 84945270
151 152 83611259 97203765
152 153 2636657 85937378
153 154 4718203 32846814
154 155 89704611 74927577
155 156 26337188 20464367
156 157 65023266 49908063
157 158 53279825 70415732
158 159 47114586 12483708
159 160 88847664 61556105
160 161 21674677 75267243
161 162 22660038 12778177
162 163 32856729 72636756
163 164 9615530 62415285
164 165 77603378 61681482
165 166 16358955 72980673
166 167 5717753 65300564
167 168 46135764 39644473
168 169 53827972 83556105
169 170 39866896 68712453
170 171 9715982 86208537
171 172 69279262 37652694
172 173 31671960 9707467
173 174 19979881 68197803
174 175 59605072 79082678
175 176 2645237 60496728
176 177 77066688 9514422
177 178 68488977 75703184
178 179 10920728 53190406
179 180 93712407 46893165
62 68 119
4 111
59 25
1 2 20092136 35996227
2 3 57317140 63959000
3 4 93344002 83091464
4 5 88847022 64520595
5 6 69703383 39762835
6 7 60531371 39443326
7 8 87451870 98041148
8 9 87350479 5886393
9 10 34180918 99212118
10 11 80563911 13144428
11 12 34253193 33025442
12 13 22350060 79603573
13 14 31215467 18556873
14 15 30217352 18572574
15 16 90329277 38210455
16 17 25926817 60848653
17 18 62256079 10572277
18 19 9551735 89623832
19 20 95776804 74432633
20 21 26580184 57585394
21 22 44448702 43725713
22 23 13592701 2065624
23 24 6274597 65160914
24 25 92204891 7378122
25 26 86735487 69513076
26 27 48257219 14063105
27 28 45443879 323165
28 29 49948602 6673264
29 30 574753 84789531
30 31 63450997 41725483
31 32 19168409 99140843
32 33 33442692 13859688
33 34 37446840 19140959
34 35 37012794 24404420
35 36 80732101 31894977
36 37 47782739 56488103
37 38 52733220 91538353
38 39 75339373 34742019
39 40 97891346 49063126
40 41 682447 13743278
41 42 95996574 65014509
42 43 61506392 13632538
43 44 64753918 2215704
44 45 94041641 51611664
45 46 74619033 36069492
46 47 9771001 2174083
47 48 36106397 27741810
48 49 81507835 34934305
49 50 65562519 4301878
50 51 24807411 61952376
51 52 12551998 9344308
52 53 75162763 3173266
53 54 32740948 9723631
54 55 13742893 23870928
55 56 30003331 11554480
56 57 7517748 4234982
57 58 14209095 77464925
58 59 70295458 51963753
47 38 42 55 1 11 42 15 29 41 22 26 52 41 7 21 27 33 13 22 46 9 56 44 51
44 18
159 197
1 2 35147912 22647718
2 3 75402373 88059189
3 4 17968121 42079961
4 5 10291059 94054043
5 6 1450543 48932570
6 7 21272736 55178365
7 8 28911693 31800382
8 9 66488500 92247565
9 10 18374670 90086785
10 11 96804468 22354054
11 12 91414005 26732894
12 13 49497544 32081513
13 14 17110418 31352570
14 15 16949277 27543905
15 16 79751617 51308159
16 17 72548315 99052901
17 18 27634421 26321708
18 19 42856334 79809868
19 20 84466993 97585686
20 21 27914063 67791519
21 22 30858832 51442982
22 23 69727150 7031972
23 24 77418646 6592486
24 25 55630843 25749268
25 26 840941 18844647
26 27 30666529 30434663
27 28 21626323 96269490
28 29 66663202 86599649
29 30 33770701 99865913
30 31 23373509 23136648
31 32 1983387 47319627
32 33 78222225 72728124
33 34 11201995 69996776
34 35 19635940 25032744
35 36 70037831 33855655
36 37 78222782 86448710
37 38 16303614 49337734
38 39 50871670 97704103
39 40 24375006 81020802
40 41 36054280 94320804
41 42 59173592 23298338
42 43 42590316 31927881
43 44 89709385 18604200
44 45 40662456 79755724
45 46 64428773 73871993
46 47 41151933 50964080
47 48 35951762 61225688
48 49 80021316 19564322
49 50 64495584 3960463
50 51 2173152 80322135
51 52 35544423 80867751
52 53 40518204 31346893
53 54 17158392 36815129
54 55 24562813 75652483
55 56 48137332 79160578
56 57 84574893 52039618
57 58 42238644 71651294
58 59 73412552 85792978
59 60 39742551 25730365
60 61 75542035 8351789
61 62 61329861 49049484
62 63 63130048 41407582
63 64 48369195 12359826
64 65 90980168 20921898
65 66 36257326 68606111
66 67 53575851 67385638
67 68 54237912 99514215
68 69 44486413 22830327
69 70 84381596 8288848
70 71 5034595 89910612
71 72 8639749 3807915
72 73 16033155 87596082
73 74 77088199 31668069
74 75 65367192 24314010
75 76 2340364 29835052
76 77 60704861 14745154
77 78 32864265 96728552
78 79 16613861 20427095
79 80 29954417 94487657
80 81 67900239 20702281
81 82 30631240 3641135
82 83 84886117 63071431
83 84 82721136 74554232
84 85 44408649 9513663
85 86 44059624 46274105
86 87 49272387 52198833
87 88 82191632 51651311
88 89 20994467 37325178
89 90 98158780 25000540
90 91 58472920 45032403
91 92 69962572 12851363
92 93 61223244 68765555
93 94 68246541 15772454
94 95 40034685 74394694
95 96 98223523 13352244
96 97 73949056 48738107
97 98 25454623 78525646
98 99 70209242 96870615
99 100 973380 19902950
100 101 77137636 7184334
101 102 50046744 34693492
102 103 30073681 83831907
103 104 60201838 30732238
104 105 77012150 78442385
105 106 69213999 59305366
106 107 18884302 93869483
107 108 11815072 35867954
108 109 47398361 3375884
109 110 50035647 41557346
110 111 14505314 34031239
111 112 91914585 85067838
112 113 65681826 5519034
113 114 62236518 63177759
114 115 21813603 10141507
115 116 18209118 17104826
116 117 62538797 25430262
117 118 90990477 61828067
118 119 12738391 68508935
119 120 97860042 9670985
120 121 19597772 35303630
121 122 50487692 82529630
122 123 74774912 41188954
123 124 5682420 1781789
124 125 13148319 1345551
125 126 69578539 73708419
126 127 20968545 69395761
127 128 44303648 41282662
128 129 22563992 9937406
129 130 44863640 98995405
130 131 87667065 65765530
131 132 64309563 92843760
132 133 12327474 18171818
133 134 33293695 76673142
134 135 5182361 35034232
135 136 6068152 75809254
136 137 56516584 28558299
137 138 41786730 41626941
138 139 19763992 49734290
139 140 8797252 28861982
140 141 52897939 31940857
141 142 98695403 71813833
142 143 48876120 95536767
143 144 19243475 82249355
144 145 55138205 63749777
145 146 49755912 88977283
146 147 95673483 15736601
147 148 25359299 20270580
148 149 62566420 47208059
149 150 72077956 32088755
150 151 12389584 91281615
151 152 62929086 25393078
152 153 91638736 15875026
153 154 24379710 35255026
154 155 45473471 88020338
155 156 49535958 7422230
156 157 70772686 50686673
157 158 42729828 21540598
158 159 99673105 99248770
7 97 109 17 126 138 100 68 75 16 148 159 96 135 16 30 146 64 28 58 68 53 23 88 142 68 120 26 37 59 25 13 85 101 108 50 82 138 44 14 15 55 45 87 154 19 18 101 43 159 130 37 114 54 90 14 69 10 91 102 31 62 138 45 118 84 159 135 69 157 112 55 33 62 11 144 39 141 59 58 22 153 78 92 57 81 39 15 85 124 21 118 14 64 49 126 131 53 44 79 55 141 134 49 15 8 111 32 24 143 119 1 153 6 5 19 3 143 83 130 141 84 117 91 87 26 72 17 23 113 159 26 88 127 152 14 72 84 88 77 18 73 70 29 139 25 64 115 89 23 83 132 12 17 3 105 112 155 32 63 122 54 37 112 39 32 44 12 110 105 63 17 159 51 127 86 137 7 66 16 90 2 145 100 134 10 15 129 85 90 151 63 55 79 49 30 72
7 91
24 154
1 2 42722754 88239310
2 3 80228204 98631993
3 4 54261458 66182598
4 5 11987326 25479864
5 6 33294151 37588578
6 7 31173428 73604274
7 8 25527825 11818496
8 9 66619445 4490105
9 10 49660979 96059451
10 11 17462804 90636822
11 12 37096917 29965981
12 13 23701125 20404865
13 14 44811117 85600241
14 15 38072448 75963977
15 16 89393025 49771983
16 17 13183302 29168118
17 18 71616359 95526704
18 19 93863355 38182985
19 20 41481824 82523912
20 21 6407266 71385267
21 22 5905854 23063241
22 23 70657530 62885937
23 24 94071305 47713564
20 23 19 3 15 13 9 14 7 4 7 12 19 15 2 8 6 14 13 15 7 4 21 4 5 16 5 20 24 11 17 20 19 15 5 20 14 2 14 3 11 22 8 15 12 19 6 23 1 14 13 5 4 20 1 21 16 21 2 20 10 22 24 2 15 6 10 15 4 19 12 8 12 20 2 21 7 13 5 6 8 15 10 14 8 5 4 10 19 17 14 16 7 9 13 14 2 16 5 21 8 18 9 12 3 2 24 15 5 10 2 1 3 12 8 17 22 12 14 24 23 10 12 22 24 19 7 13 15 19 23 10 14 6 22 11 21 11 16 15 4 24 20 2 4 8 16 22 24 19 16 24 15 2
13 20
11 92
1 2 21296216 1807633
2 3 31278489 75752918
3 4 44943143 65511757
4 5 8856299 88548780
5 6 30114137 97010238
6 7 11709915 21227687
7 8 5519674 40512985
8 9 17119393 82691895
9 10 97490328 31677734
10 11 20581253 28184624
11 8 4 11 1 7 5 11 2 6 2 9 8 3 8 10 7 4 9 11 4 8 10 2 3 4 3 10 9 7 4 2 6 4 10 3 11 7 5 2 9 7 11 8 11 5 7 1 8 4 8 7 10 8 2 7 11 8 3 6 9 7 4 2 7 3 10 2 6 1 10 2 9 11 8 10 1 9 2 4 2 3 1 8 9 7 5 9 11 2 9 2
3 9
59 104
1 2 74974909 72309015
2 3 5242571 24655930
3 4 271147 24255955
4 5 42171672 10962256
5 6 2956251 96090460
6 7 50967968 16683473
7 8 51505113 62699788
8 9 67357756 27319758
9 10 11566381 83749652
10 11 69858093 91848454
11 12 45243175 88781142
12 13 4952133 80386360
13 14 18632427 57472644
14 15 79209668 62985636
15 16 48272155 62267021
16 17 80720722 96473767
17 18 5387418 53335663
18 19 51771160 3244542
19 20 9849420 44741896
20 21 33683083 35924526
21 22 10192306 55280386
22 23 47237650 22809644
23 24 91552291 73962789
24 25 20034976 96838776
25 26 26954815 30988126
26 27 73320861 89686977
27 28 34615255 41439304
28 29 72362462 90988142
29 30 63993433 19553319
30 31 73000770 80115327
31 32 54136004 59238938
32 33 41652124 17781909
33 34 98085493 72042127
34 35 41279804 43091223
35 36 56445115 66912322
36 37 38423947 27510277
37 38 77283055 17937810
38 39 23797108 18716465
39 40 80578705 55989776
40 41 70783511 96160906
41 42 18227428 97755428
42 43 4201391 77361408
43 44 34816838 84505031
44 45 23483547 94827561
45 46 7349650 81936101
46 47 39107606 36649451
47 48 80924282 22347712
48 49 75540402 58600152
49 50 66082047 72757686
50 51 82526438 75397910
51 52 18082032 92847648
52 53 19507184 19917132
53 54 34743432 9708472
54 55 19251145 89827634
55 56 53936481 39469041
56 57 46816556 35068620
57 58 37491399 73192951
58 59 9014605 67102642
53 31 39 56 20 5 23 56 40 39 8 11 15 4 33 37 41 13 47 6 24 57 11 10 39 37 32 39 3 53 3 16 6 53 26 47 6 42 10 38 12 40 22 34 28 59 40 3 28 44 35 17 56 41 1 40 43 55 13 44 54 19 57 9 54 1 37 44 3 11 12 57 9 38 54 23 20 3 49 42 19 9 10 46 6 13 47 36 33 14 47 45 27 41 8 32 54 25 56 3 36 53 19 15
59 38
159 114
1 2 75027584 8016779
2 3 68212231 51564326
3 4 52801444 63923590
4 5 18850629 12073516
5 6 24927046 13190541
6 7 80816102 51488552
7 8 20109922 80906545
8 9 61875765 17833928
9 10 84159682 73065545
10 11 24815169 63476424
11 12 97755635 66993546
12 13 5677459 37513375
13 14 79938693 34545646
14 15 54578773 19107505
15 16 83810045 13086196
16 17 20547863 72852902
17 18 16214727 76104570
18 19 19419293 7334559
19 20 18067604 93117357
20 21 53994222 8043858
21 22 71557045 88695738
22 23 83061411 69653588
23 24 67439829 27331193
24 25 79278376 83469661
25 26 81807018 42528317
26 27 40734054 26969642
27 28 59692984 68216577
28 29 17741049 61252300
29 30 49655485 23349336
30 31 65404161 81063841
31 32 93511385 41153712
32 33 66512201 88984041
33 34 2168139 46205115
34 35 26925310 91569454
35 36 43254489 91638338
36 37 76787520 44793654
37 38 63233867 79609877
38 39 24551597 71635977
39 40 5739075 58727961
40 41 49471797 35614070
41 42 37427231 80942719
42 43 80963794 98389133
43 44 1773540 13788310
44 45 80800213 56516601
45 46 45762996 49034575
46 47 22043150 22975509
47 48 18627473 25728271
48 49 93035337 29158091
49 50 20623515 34226667
50 51 73469874 15055853
51 52 50878796 88605551
52 53 52376465 26643289
53 54 57738010 68910909
54 55 92681809 13491440
55 56 22553473 68742890
56 57 69353973 17025033
57 58 60935468 77633126
58 59 26704635 77393223
59 60 22608675 89165041
60 61 17263677 15232025
61 62 98770728 88542389
62 63 16262976 10407996
63 64 26051304 53729387
64 65 58649456 2440842
65 66 56166195 98605598
66 67 57323236 47352085
67 68 61966343 89888208
68 69 98150988 92334214
69 70 15302327 49784576
70 71 46147407 66353861
71 72 93903979 92410841
72 73 94673805 40770923
73 74 70352692 34186434
74 75 68516087 6617148
75 76 30540581 1140937
76 77 2886934 20884905
77 78 4395256 41156473
78 79 29036802 35050078
79 80 98959011 59417619
80 81 9844752 51573499
81 82 82261787 97236195
82 83 63278286 60213797
83 84 3008896 35764930
84 85 32258193 620614
85 86 47747437 38465004
86 87 62773220 9076122
87 88 53954017 97341735
88 89 97729194 12614286
89 90 37581713 16497096
90 91 83157323 37827973
91 92 84696751 12165836
92 93 17137717 84404615
93 94 20047457 91514031
94 95 66941231 74592268
95 96 76359714 88061039
96 97 78507333 91993253
97 98 98641524 26440876
98 99 98506588 35012371
99 100 87241160 64532252
100 101 44413487 29115055
101 102 99170423 39571183
102 103 69942531 47506066
103 104 3836531 16532068
104 105 22846684 81706914
105 106 58531659 46933318
106 107 4029837 38909817
107 108 34073840 8196479
108 109 52645358 14469074
109 110 94053503 21884446
110 111 40091003 95646942
111 112 26196719 77335933
112 113 26677030 46496156
113 114 49512725 66354047
114 115 18950052 88768787
115 116 3793338 37241463
116 117 5218329 59924439
117 118 77122379 23540134
118 119 24393429 54771364
119 120 93987557 48275193
120 121 90953896 84011739
121 122 87217702 85802026
122 123 57953517 8281580
123 124 62938407 13464986
124 125 77500334 80482111
125 126 51359811 83346116
126 127 32708483 44377435
127 128 96133976 75515868
128 129 63676422 355185
129 130 23582923 89708365
130 131 83161857 5853779
131 132 34898243 74657518
132 133 23294028 15689258
133 134 98844583 99004196
134 135 90059056 51664894
135 136 61606574 81317231
136 137 79025997 79100484
137 138 85086 52500461
138 139 26824292 80611636
139 140 95959052 97057568
140 141 14595241 29452648
141 142 18634482 29434161
142 143 55536819 21740866
143 144 44665062 51799353
144 145 43674408 23331396
145 146 5301179 62110116
146 147 15544227 64122662
147 148 66370195 4142404
148 149 61790104 43438230
149 150 57004537 55116238
150 151 42047614 62047363
151 152 96649156 3495135
152 153 97438220 27905674
153 154 65819979 23829103
154 155 63858121 46097440
155 156 30566487 91443417
156 157 20028033 73315250
157 158 93722510 43588706
158 159 39778299 68921666
20 158 85 126 99 42 132 146 110 69 130 151 55 81 58 55 38 23 12 127 74 52 23 61 125 85 116 1 53 71 52 101 129 125 36 86 51 89 22 19 3 91 33 145 26 153 84 10 143 86 114 134 100 45 72 151 124 52 12 39 21 27 104 24 1 74 29 115 56 73 126 78 48 85 33 95 147 159 90 10 84 120 150 101 94 41 148 3 45 81 143 124 153 79 14 38 159 115 107 95 110 86 156 103 28 104 33 117 51 138 139 87 154 119
60 25
72 41
1 2 84843235 83876046
2 3 77134679 33604277
3 4 95354559 1526949
4 5 53323628 68085400
5 6 90723030 5589551
6 7 34822279 27317891
7 8 44007931 43312924
8 9 32361900 71302763
9 10 43593436 37082889
10 11 34676167 79250221
11 12 93127428 74191193
12 13 53523447 85864470
13 14 83493621 42400293
14 15 79519968 22831368
15 16 752556 55152580
16 17 95910610 14671760
17 18 20943001 53997263
18 19 34093452 40707944
19 20 5942332 46450049
20 21 90415823 49282568
21 22 42968422 19018417
22 23 49903495 26438765
23 24 16209182 51653763
24 25 53127702 2176690
25 26 84623540 43290827
26 27 58638187 31321337
27 28 9564166 78167701
28 29 10721158 59535350
29 30 84938725 11200180
30 31 38656294 47785525
31 32 56492860 82940200
32 33 36448337 42624387
33 34 4611055 20400158
34 35 84509537 18877448
35 36 12013141 15151856
36 37 73843706 89971473
37 38 1709284 52285937
38 39 45886920 76786861
39 40 29922949 56083225
40 41 53969198 91170241
41 42 52268581 73906779
42 43 58527574 50671771
43 44 41854499 10125464
44 45 19800720 46458701
45 46 69697597 45832716
46 47 57846840 45875836
47 48 10245552 17782218
48 49 14124540 56609894
49 50 1625502 87320573
50 51 45417812 56619735
51 52 83744965 70895886
52 53 83958229 75555398
53 54 49567072 57735097
54 55 75635111 66276055
55 56 50136176 27646096
56 57 51864566 83423903
57 58 31660775 21720820
58 59 10978563 5833158
59 60 59146850 78132120
60 61 34565593 30707671
61 62 1264044 17473301
62 63 98056523 41670805
63 64 11536118 55656167
64 65 87428054 80463705
65 66 94792687 4947768
66 67 64521950 90913374
67 68 37678658 52974134
68 69 47625415 25089083
69 70 14466809 86531323
70 71 4843673 497200
71 72 73095249 77776734
51 2 69 20 40 43 10 62 27 25 42 6 17 22 56 25 20 25 33 66 64 29 16 11 48 17 11 57 37 47 63 34 39 38 55 33 68 22 51 8 18
38 62
157 101
1 2 30688536 31372511
2 3 92109307 8313798
3 4 33294738 6153306
4 5 28337016 16576902
5 6 32682388 4555666
6 7 44590735 11757329
7 8 13634413 51723018
8 9 85837162 38469302
9 10 84198251 974130
10 11 60570853 50737497
11 12 67925940 94727425
12 13 60437408 30234909
13 14 2330291 48170288
14 15 63123240 38297416
15 16 33883899 20676476
16 17 10919128 79216791
17 18 32809051 44345400
18 19 10983701 10081617
19 20 67366126 21262846
20 21 10550904 93288979
21 22 57328742 46471978
22 23 3513938 93301338
23 24 34372181 36506398
24 25 83868370 44250421
25 26 92381203 46107608
26 27 12716101 13741325
27 28 13981452 32509567
28 29 29471970 35343338
29 30 44702163 40914513
30 31 65125248 97729398
31 32 2545886 45120634
32 33 48003829 13248779
33 34 13425589 74520635
34 35 58580046 1948463
35 36 40988151 88693130
36 37 32146203 55288165
37 38 96195519 89993696
38 39 25080850 8215121
39 40 41631452 81675979
40 41 37649219 948128
41 42 21794432 90209003
42 43 61372567 36354772
43 44 58688028 45875658
44 45 62789994 90235566
45 46 86740408 6752718
46 47 25055088 44031609
47 48 31280463 57792993
48 49 96436131 77056335
49 50 52070889 23484668
50 51 43118688 62432591
51 52 34860939 87893948
52 53 80364666 99309615
53 54 48910214 67133996
54 55 14407715 10897350
55 56 5581954 28675790
56 57 10197895 56675802
57 58 21896729 58259005
58 59 85288303 96931237
59 60 20830383 51981824
60 61 8715274 77094304
61 62 43579875 46502573
62 63 54721350 4137708
63 64 99084828 12570672
64 65 35827445 11257791
65 66 2605356 98584724
66 67 50906069 94415734
67 68 78476414 40310771
68 69 82761477 21821730
69 70 70308397 38588827
70 71 82250829 80634953
71 72 30851134 76706040
72 73 54551282 45758172
73 74 90329414 13245286
74 75 69665505 84169312
75 76 78292551 9128840
76 77 65493859 84938299
77 78 79900082 5146623
78 79 38508061 95032396
79 80 32244003 95701743
80 81 33363474 81091780
81 82 49200211 70074947
82 83 55146462 19215076
83 84 35888954 95553021
84 85 33472199 72264578
85 86 8695174 90625958
86 87 94977355 65399094
87 88 48767397 62460921
88 89 63728974 7147538
89 90 3796620 63930598
90 91 35270608 62959994
91 92 5159315 76606659
92 93 38815181 15222950
93 94 23161139 30636370
94 95 31188567 84333740
95 96 96981135 50619336
96 97 72561140 45881735
97 98 78199834 62971028
98 99 65078459 68179632
99 100 39453076 4979434
100 101 3474722 26518238
101 102 95616378 76417208
102 103 15556298 87242469
103 104 52458394 87272585
104 105 81806107 98815326
105 106 44050236 43067933
106 107 28636721 96329841
107 108 74773475 94538881
108 109 44119085 71184721
109 110 22259178 20338433
110 111 19738000 66485631
111 112 93509409 66600731
112 113 51278269 68491546
113 114 25811008 47275945
114 115 13564855 59688493
115 116 4572225 14749643
116 117 49301006 28047912
117 118 86394080 43748262
118 119 15396497 11670178
119 120 57170773 4981059
120 121 10372599 71253055
121 122 37336578 89161231
122 123 71497526 22847330
123 124 8746992 84990924
124 125 80513595 725550
125 126 25328786 87907461
126 127 38658413 44178162
127 128 47159110 35820282
128 129 94525735 16556056
129 130 25932929 53478135
130 131 10644453 78434395
131 132 86127454 5481538
132 133 24452980 97876652
133 134 76490118 88764079
134 135 11566449 92406177
135 136 97381164 41241521
136 137 2098795 39124940
137 138 21228504 60476416
138 139 40962507 63016053
139 140 2039790 13531908
140 141 24615541 80380239
141 142 99445694 95032752
142 143 70903554 24860630
143 144 89289301 4298055
144 145 25455568 83500060
145 146 33220735 45497097
146 147 59808209 38922219
147 148 45442309 42629618
148 149 3904330 49778041
149 150 48397753 10929317
150 151 24796505 96728318
151 152 20077254 93499181
152 153 65474131 45856334
153 154 91378991 66772968
154 155 16087885 20972330
155 156 53716711 98201303
156 157 68083507 96923811
80 76 127 2 6 41 13 3 38 69 12 14 136 8 79 75 11 141 81 136 125 41 2 79 135 33 148 157 55 67 50 134 84 79 16 38 97 119 149 5 7 59 7 46 15 6 19 122 46 153 111 61 9 77 34 74 101 129 108 6 154 150 6 151 5 38 8 26 99 112 80 71 12 43 6 117 104 108 119 155 141 54 45 121 24 150 107 32 29 114 75 108 131 100 18 29 120 22 84 51 97
120 61
21 125
1 2 12518667 34111000
2 3 6731797 62890068
3 4 13247070 64378105
4 5 13474979 51119929
5 6 51931213 77618393
6 7 53391484 50334960
7 8 57186093 28928266
8 9 59003521 25341541
9 10 19347831 16036306
10 11 71790215 54256465
11 12 86687471 35508857
12 13 45601356 1241522
13 14 41241847 28337628
14 15 51532563 49117346
15 16 56885537 57644444
16 17 23639491 25961805
17 18 77029150 88735976
18 19 91102080 32663334
19 20 10211216 97289754
20 21 55686721 58149647
14 20 19 4 10 8 16 21 14 18 19 7 14 10 16 11 14 5 19 8 4 20 15 10 8 21 12 7 9 7 17 15 19 18 16 12 17 10 3 14 17 9 19 6 16 4 6 8 7 3 21 13 6 10 20 6 17 12 2 21 3 19 6 11 1 13 10 15 14 2 21 2 14 11 5 6 21 15 3 13 17 20 15 4 18 16 1 2 18 11 7 21 8 20 16 15 17 12 7 21 10 12 1 6 2 6 13 2 21 5 21 17 3 18 1 13 12 9 2 20 17 13 6 21 2
10 13
66 180
1 2 6057240 23103069
2 3 14404661 7055324
3 4 23554473 80615055
4 5 73204941 24420205
5 6 45893406 45406689
6 7 95629542 31581971
7 8 18724801 25150139
8 9 70162051 89230550
9 10 83832732 4597901
10 11 22635220 61099881
11 12 33038731 3848900
12 13 34600892 55539053
13 14 78341764 27696771
14 15 96486227 98859175
15 16 43886629 86910410
16 17 25937272 41561717
17 18 38716836 71471706
18 19 98904001 52936175
19 20 25648895 7609362
20 21 80625826 34618216
21 22 26857577 54846567
22 23 18000647 74957938
23 24 81771549 33051112
24 25 26456683 76114903
25 26 95613818 9951551
26 27 77316472 90783566
27 28 25261814 44585380
28 29 41036520 13998290
29 30 38645990 90512210
30 31 68858996 88681011
31 32 46502618 25779782
32 33 94899621 17030517
33 34 54274383 84685625
34 35 58914837 30922276
35 36 27723603 91898818
36 37 99693940 95949210
37 38 36342508 19226977
38 39 69852905 71852131
39 40 19975804 92476809
40 41 40659655 56552134
41 42 52119730 9350387
42 43 67762001 76639918
43 44 69710505 24250829
44 45 69024860 21744290
45 46 9210602 75656331
46 47 87496265 15446886
47 48 68847660 89981315
48 49 50728905 21842611
49 50 62668989 27835946
50 51 12745392 74930759
51 52 68568642 64238243
52 53 53667812 21117579
53 54 57963544 52119810
54 55 82350413 18400518
55 56 45639698 77468211
56 57 4612856 14893358
57 58 50830011 1002787
58 59 83991719 987623
59 60 54755440 88442873
60 61 5692627 86840609
61 62 55954917 29304279
62 63 74539386 15001496
63 64 22586260 20294484
64 65 34557594 3244448
65 66 154907 75487245
7 13 58 62 18 48 21 48 46 16 35 1 33 42 58 55 48 51 42 40 31 45 32 63 61 17 25 35 41 45 26 57 27 20 14 64 26 66 10 36 45 63 65 26 66 48 41 42 22 28 57 41 18 65 32 21 57 31 1 59 12 60 61 21 12 53 63 10 55 17 43 4 66 7 66 58 55 45 62 14 5 43 40 45 41 20 63 53 13 63 51 50 33 43 24 40 63 8 60 59 48 26 13 26 19 63 51 65 33 53 13 36 5 23 25 35 13 66 7 57 51 41 55 45 13 1 56 27 30 45 28 66 26 37 41 50 25 34 19 24 43 23 12 7 41 12 17 46 26 33 53 58 20 40 8 21 61 50 65 29 24 40 43 59 65 21 40 47 39 10 40 5 29 53 33 61 58 45 60 61
24 12
91 70
1 2 41359433 17605495
2 3 39472081 21490767
3 4 9219846 82216609
4 5 46625663 99810733
5 6 15000105 57743829
6 7 44722860 95771278
7 8 11479740 88470871
8 9 11599718 74618194
9 10 6801620 31811407
10 11 78858788 43309167
11 12 30415862 68234336
12 13 23812023 97211129
13 14 97937504 48396167
14 15 44666612 27241272
15 16 14073730 57892732
16 17 72991562 64795569
17 18 32411350 58025615
18 19 70514913 2244921
19 20 31176750 29226996
20 21 22022890 30509334
21 22 70391536 80466920
22 23 826678 94417775
23 24 24649620 71749558
24 25 63409243 87130282
25 26 44209994 5504552
26 27 12256077 94898345
27 28 48496577 72968183
28 29 45722295 7946515
29 30 13518973 84015584
30 31 54341685 42841355
31 32 93009559 60423463
32 33 96196849 84188157
33 34 67786144 13343667
34 35 89569664 3345965
35 36 31188821 48659442
36 37 58089581 17525843
37 38 15515804 26675907
38 39 99706716 81638557
39 40 5932180 50668756
40 41 94807680 60759181
41 42 44528277 27207989
42 43 52065393 42358210
43 44 37578917 37359905
44 45 17088018 2908093
45 46 83048880 84478052
46 47 10164332 24988447
47 48 68889944 68449051
48 49 88120530 4919606
49 50 62479260 18240429
50 51 35935218 93298375
51 52 19853042 44143782
52 53 60222361 79583880
53 54 48732602 48617756
54 55 92024738 28255186
55 56 31934924 29388143
56 57 16606768 38627378
57 58 98916016 55976552
58 59 5876515 20690294
59 60 255651 25755605
60 61 62996987 60696668
61 62 30589444 45481779
62 63 66010031 37500981
63 64 34477363 10257672
64 65 90878724 85436743
65 66 95491537 36556443
66 67 6094830 88027640
67 68 34557457 58032641
68 69 17599923 49192473
69 70 2404676 68246334
70 71 83236580 3461702
71 72 47115087 46374683
72 73 79911640 26418821
73 74 29535738 26153233
74 75 99903682 8099509
75 76 34351146 89080713
76 77 56921299 80197702
77 78 4975787 40856958
78 79 63160393 40813832
79 80 170642 20278696
80 81 15895798 87931565
81 82 47704104 50272070
82 83 9358840 33290088
83 84 97470190 72798103
84 85 11090874 24648663
85 86 52065016 29428754
86 87 13712792 32345371
87 88 43038091 75214822
88 89 11052384 30600848
89 90 75777686 20457604
90 91 48166372 91295099
37 21 9 41 65 16 64 67 75 21 7 68 52 28 31 74 64 6 91 40 90 26 89 75 76 74 70 33 1 60 14 54 7 64 10 82 68 61 63 2 61 89 47 6 87 85 39 56 43 39 7 68 58 79 38 71 7 72 31 73 46 17 55 77 65 86 53 5 66 12
83 66
25 91
1 2 69805306 11452279
2 3 66514555 58492199
3 4 77957366 42805880
4 5 36741477 64828747
5 6 5947834 7176748
6 7 38221407 98960005
7 8 81995289 26837662
8 9 84173647 72717783
9 10 60389666 65135837
10 11 91333654 40783648
11 12 49000947 86522846
12 13 52383022 78175452
13 14 15644266 92552074
14 15 21945559 85681079
15 16 42805103 84649824
16 17 12720666 4090062
17 18 5224945 66381216
18 19 83286760 38292388
19 20 47887022 29320405
20 21 73145858 85949430
21 22 66666963 86446533
22 23 62953937 3557217
23 24 14031250 933071
24 25 54639440 1095564
24 9 23 19 18 21 3 15 3 1 2 19 7 8 2 6 13 17 13 3 25 3 23 18 20 24 12 4 15 24 13 21 20 22 18 14 5 16 5 20 3 9 11 24 6 21 1 13 7 19 15 24 7 1 24 3 19 20 3 6 12 1 4 10 21 23 1 22 12 23 16 8 12 20 16 2 17 11 8 5 19 2 22 17 1 21 25 10 7 4 6
16 14
111 76
1 2 51362435 79893954
2 3 37771159 13310573
3 4 95254637 97606142
4 5 11583291 59500566
5 6 26294374 88325848
6 7 24783541 67387999
7 8 61293997 73456114
8 9 95290795 97592321
9 10 57340130 68765964
10 11 93040795 54225605
11 12 48014790 88541557
12 13 17340117 65910095
13 14 24844065 31592479
14 15 26238998 88006191
15 16 8818825 2018804
16 17 8975336 98973734
17 18 68134681 64989373
18 19 53720629 97134158
19 20 1225758 67142308
20 21 65536521 55582593
21 22 30593646 44339817
22 23 8083790 79443468
23 24 13487868 92517796
24 25 61001525 5720461
25 26 40135408 83669569
26 27 5518108 88932686
27 28 83748759 64211643
28 29 30510631 30448949
29 30 94871895 75106368
30 31 47130547 47363330
31 32 49993656 26241821
32 33 55989440 53834780
33 34 20406347 66598824
34 35 87716272 30269384
35 36 81979347 4975569
36 37 33894212 23399545
37 38 60807535 2820008
38 39 47752462 89210504
39 40 38721176 85171980
40 41 93643533 29629113
41 42 8055882 19042335
42 43 99559627 72967227
43 44 34575575 33565942
44 45 94018250 30637866
45 46 62425623 7757431
46 47 50821289 9384936
47 48 82563398 44959374
48 49 5510498 95645283
49 50 94261653 91765602
50 51 97965661 75746878
51 52 65754903 84207099
52 53 34608813 96041895
53 54 28216028 16369374
54 55 34384040 54132020
55 56 17826510 61730117
56 57 77990861 84354337
57 58 30314249 92124493
58 59 41611641 86101710
59 60 17784847 62866880
60 61 61882345 277060
61 62 73466929 11421421
62 63 99870289 99479447
63 64 28790778 62215743
64 65 1946547 36406874
65 66 49724804 27926763
66 67 93332917 80096877
67 68 53975595 999365
68 69 43541677 12589640
69 70 26260100 54557589
70 71 41116389 73418324
71 72 84990162 72166764
72 73 70236023 61981751
73 74 74848436 48119363
74 75 24058114 41418247
75 76 35967089 31933396
76 77 32023687 19569634
77 78 34511435 41307806
78 79 52617171 92470203
79 80 48074182 98969699
80 81 61338823 13736249
81 82 60868723 52598547
82 83 71816935 65433
83 84 95485735 4831047
84 85 24869811 33601844
85 86 46207758 4806861
86 87 87576504 33953526
87 88 94113092 81849760
88 89 22794664 73551271
89 90 46903171 7128191
90 91 32378636 53872938
91 92 90722310 72466450
92 93 29949580 45798428
93 94 73882488 68017688
94 95 36981103 59804698
95 96 92925046 90672551
96 97 84422378 89474164
97 98 89888643 19498563
98 99 71558167 23350039
99 100 63578310 75486797
100 101 74772662 32432858
101 102 92376998 24662008
102 103 7733145 49702275
103 104 91693838 53421560
104 105 33606236 30030676
105 106 25828498 43523900
106 107 91605171 35286356
107 108 94117835 19161764
108 109 96626050 66154643
109 110 68402989 89236058
110 111 18630058 14814192
37 9 10 75 101 93 101 20 83 26 61 41 96 103 45 13 76 3 43 59 97 14 46 13 47 96 32 103 44 18 54 33 75 70 25 58 68 101 63 58 2 43 66 95 36 102 13 63 100 64 29 46 93 4 86 59 72 47 61 26 31 36 81 56 54 51 60 98 90 59 31 100 92 4 96 93
97 61
126 95
1 2 37401897 50887244
2 3 38218504 21934415
3 4 14542275 64752199
4 5 63166882 19876442
5 6 24364706 38536086
6 7 64450290 57154088
7 8 54724584 38919713
8 9 24579745 6527214
9 10 22758403 63215600
10 11 26740444 10419816
11 12 46104360 17782308
12 13 4950813 74355882
13 14 41357993 91558726
14 15 804480 56258153
15 16 36932346 38586237
16 17 23756463 31180615
17 18 53261265 50766318
18 19 16943109 7890424
19 20 2260236 43723931
20 21 74487132 55897700
21 22 79091279 32460013
22 23 83906209 17817631
23 24 4281217 44143597
24 25 957757 57764976
25 26 66144268 64308414
26 27 24769547 80140249
27 28 11482294 38444993
28 29 89819205 1854680
29 30 4433075 68341289
30 31 36240095 20255097
31 32 30569022 36395543
32 33 85863988 82951418
33 34 20615371 64325778
34 35 71974579 78005086
35 36 97281982 60414279
36 37 22295120 64366459
37 38 44255701 987334
38 39 42296027 13921489
39 40 13331154 72615672
40 41 33126156 60589070
41 42 25823710 81037014
42 43 97542374 94953396
43 44 68535517 65319378
44 45 17479750 6099452
45 46 12807407 55270679
46 47 15880710 1447324
47 48 6470454 71104489
48 49 31053851 87857684
49 50 75127923 94740983
50 51 5084178 46180717
51 52 99820819 3158856
52 53 55872378 37213946
53 54 85218934 30182624
54 55 3695918 64594231
55 56 55357018 57698489
56 57 11743309 94727216
57 58 6066897 89655252
58 59 72999205 6201102
59 60 71546738 25542313
60 61 20826833 13294774
61 62 20351940 41905528
62 63 66999263 69967989
63 64 59818354 1310714
64 65 20152107 57044187
65 66 18294798 6418998
66 67 31214789 74423847
67 68 68245264 46741315
68 69 60876808 64476068
69 70 54473201 80327441
70 71 95122471 99211570
71 72 93679952 56489884
72 73 98907540 78722421
73 74 64393238 22637769
74 75 25954889 70864264
75 76 81887772 63112470
76 77 59319860 48086241
77 78 3725041 77122466
78 79 69623439 73349798
79 80 88738595 25229345
80 81 62519864 21827496
81 82 15857348 19048701
82 83 82425560 61293563
83 84 9095379 84288832
84 85 80436362 13945465
85 86 7054896 36961909
86 87 42729736 83682126
87 88 83187835 23630566
88 89 16151202 53491800
89 90 66076289 4436188
90 91 36563764 46446510
91 92 85455006 93422049
92 93 30812507 57374992
93 94 58435631 28447316
94 95 19989115 52051343
95 96 21419134 96244076
96 97 96704921 33762230
97 98 98813309 81249083
98 99 52844020 99082260
99 100 17117153 85457278
100 101 62292625 30376509
101 102 87570942 93149727
102 103 88829841 70230092
103 104 68493840 58107512
104 105 12308269 98135230
105 106 77227591 94203589
106 107 64128389 95827470
107 108 23758949 22625184
108 109 21539554 68316134
109 110 32288207 82374031
110 111 77130775 82313906
111 112 13586346 45959464
112 113 23897170 61054883
113 114 2854708 15880856
114 115 93302113 31686155
115 116 50973782 15594603
116 117 78209696 6547008
117 118 1921895 48991467
118 119 72293341 58607961
119 120 26211916 95799225
120 121 36633163 56949192
121 122 20481965 65256075
122 123 32706379 58723860
123 124 73938736 98747749
124 125 93744582 60691566
125 126 6886236 30300398
10 33 118 35 31 113 31 5 45 21 105 50 43 77 57 116 22 70 117 30 104 80 44 124 18 4 63 48 17 97 76 126 37 94 102 64 47 37 112 32 61 19 59 94 99 84 61 43 9 47 61 117 76 23 74 24 102 100 111 67 118 34 32 25 52 63 99 45 32 3 7 119 55 123 16 111 124 63 47 55 118 37 71 10 22 118 123 22 109 26 93 122 66 118 74
31 64
180 161
1 2 77018738 53665649
2 3 95920079 67292253
3 4 73796168 52474201
4 5 10741067 72474630
5 6 36619309 14412396
6 7 8893998 74566623
7 8 35823617 29174889
8 9 52194117 26540984
9 10 88504103 56956998
10 11 470918 46149811
11 12 96777175 49013632
12 13 72801037 70478128
13 14 44995676 56257441
14 15 32188328 32560773
15 16 84539572 36783610
16 17 90769520 16165106
17 18 63149740 92176445
18 19 37495216 72017572
19 20 19353892 88532602
20 21 15470156 32518771
21 22 62553985 86575221
22 23 20251839 19350858
23 24 26711399 69970822
24 25 27703775 47155493
25 26 84453508 30354639
26 27 70465962 21515843
27 28 9573040 43415056
28 29 70903872 2952475
29 30 47390237 17234626
30 31 60550864 63465899
31 32 99068702 68663312
32 33 15656786 23207157
33 34 80843104 69074799
34 35 6073616 81326539
35 36 33895520 17357276
36 37 61504979 29061534
37 38 91873521 73451427
38 39 49063754 59915196
39 40 90139668 86075921
40 41 3194468 90831645
41 42 83431705 38840317
42 43 61794372 62760920
43 44 73702512 4578923
44 45 11323093 90962800
45 46 91225712 20669368
46 47 44146447 16809786
47 48 33792752 3873128
48 49 41994362 76144034
49 50 49442540 88372636
50 51 83495374 64771643
51 52 87961212 96301407
52 53 54298197 29003
53 54 96320920 36324521
54 55 49617792 85552850
55 56 5245946 52462313
56 57 61225889 53153480
57 58 1215889 39672310
58 59 17736837 93979008
59 60 69218554 52321419
60 61 51223462 59034112
61 62 82491340 78192617
62 63 93581750 54794141
63 64 38422736 70799016
64 65 31357260 87392938
65 66 96913556 64130066
66 67 9206983 11724615
67 68 47053290 10015989
68 69 42400504 52161347
69 70 73003934 49421938
70 71 59657412 33466051
71 72 18199621 19168824
72 73 50813694 65894740
73 74 95860156 29188039
74 75 92485964 48972784
75 76 20170977 10777049
76 77 13907563 88738701
77 78 52984431 58609899
78 79 9988020 20545773
79 80 29669429 73040236
80 81 68500797 92164610
81 82 13050980 21117097
82 83 66056432 83853900
83 84 75354846 85247675
84 85 63312724 12259104
85 86 42676606 48606807
86 87 54579928 72004612
87 88 86877386 10436234
88 89 56582576 94689515
89 90 18879572 58137525
90 91 80974562 51520095
91 92 98109726 77706517
92 93 59325951 34979829
93 94 9078551 65605481
94 95 81229217 5790830
95 96 79402508 15177612
96 97 99673053 58795463
97 98 96741928 19192473
98 99 49069895 78247231
99 100 67072174 28055362
100 101 28404865 64089530
101 102 83277436 600751
102 103 12715661 28633917
103 104 3950169 34259729
104 105 23489553 40125145
105 106 3407690 15778349
106 107 66769009 27552469
107 108 2448700 19571238
108 109 22756008 12532476
109 110 95332 48559949
110 111 24178951 3534691
111 112 72416153 13040107
112 113 71834014 23924569
113 114 3825526 4681696
114 115 17395295 23213151
115 116 44773823 69910872
116 117 95891630 75628238
117 118 23953872 45150072
118 119 93952363 68313215
119 120 99543672 4269452
120 121 76746827 98631327
121 122 34074430 27385572
122 123 56868595 78307952
123 124 7082500 36881048
124 125 7640017 19578542
125 126 64554946 93360119
126 127 52366877 64115052
127 128 82581719 83820398
128 129 88920309 12958424
129 130 53039925 99351986
130 131 25663830 7206780
131 132 69821610 93926681
132 133 66784194 42933283
133 134 60405998 1786475
134 135 77944845 32196092
135 136 3933880 96434451
136 137 17354257 56818008
137 138 1542627 80254031
138 139 51965628 78676902
139 140 7258785 66470850
140 141 98434610 19556041
141 142 35859672 35961955
142 143 74532414 5899335
143 144 26180494 60504071
144 145 82422216 53374975
145 146 60968890 23195327
146 147 4933142 46989920
147 148 2344697 98970856
148 149 80292095 1329022
149 150 73259943 60753377
150 151 77058992 90822720
151 152 71037934 6071022
152 153 41275024 82788113
153 154 34562931 45495778
154 155 52898502 14848051
155 156 34412950 97931275
156 157 13072868 45659487
157 158 61465364 72704156
158 159 77395714 28565869
159 160 37823109 73573547
160 161 82544698 51233769
161 162 28754231 17933890
162 163 67860553 40265515
163 164 28241125 68937071
164 165 16956281 27934627
165 166 78396089 79999498
166 167 28254 495817
167 168 20544754 22624295
168 169 84676098 13344478
169 170 42467402 40137421
170 171 71146339 44765868
171 172 80710183 57914768
172 173 52842067 72899876
173 174 74091011 33627148
174 175 17922973 39442344
175 176 40962188 7917061
176 177 5857983 38944070
177 178 95777940 65966148
178 179 65637952 55759377
179 180 15810495 60736965
149 137 60 176 135 124 128 136 166 12 68 72 13 36 30 31 85 25 41 62 127 87 36 180 21 128 45 173 41 155 130 96 138 2 148 111 161 158 86 164 132 93 72 93 9 172 34 80 7 66 175 177 126 177 104 170 20 133 70 135 153 116 143 157 150 92 47 175 92 93 91 11 6 132 27 120 89 157 17 1 34 146 117 115 10 105 1 48 145 47 51 59 140 60 128 9 145 100 136 176 89 130 98 29 164 70 50 4 163 13 79 58 73 89 99 24 90 167 139 179 38 10 6 100 12 108 104 131 142 12 176 151 170 107 1 127 58 155 1 67 153 10 98 117 83 20 102 140 68 83 84 70 79 91 29 108 16 124 112 36 13
102 178
144 94
1 2 14956151 27374343
2 3 47308011 73865125
3 4 23818882 60039357
4 5 94965270 21610410
5 6 60079493 43606131
6 7 36892972 23437389
7 8 62047737 25624261
8 9 5431384 68841471
9 10 48640849 20593018
10 11 12335690 11787835
11 12 49171504 37605881
12 13 25440452 50144831
13 14 18546672 54204215
14 15 56014458 66401346
15 16 5725573 3017442
16 17 28094005 37618143
17 18 39527045 84863323
18 19 81844977 40005682
19 20 54827270 26182611
20 21 83904431 15580984
21 22 7083377 17320816
22 23 41406888 28143552
23 24 42741378 87161049
24 25 92235394 77116133
25 26 57409538 34436724
26 27 14182373 16164225
27 28 58982255 94764063
28 29 22618222 6845202
29 30 18419226 30727946
30 31 35304721 54206755
31 32 11592022 77917219
32 33 58699596 51498753
33 34 94115203 38490018
34 35 14004313 35902848
35 36 2359983 70546585
36 37 61598214 83007674
37 38 22870317 68393294
38 39 86465600 36502967
39 40 86768709 390197
40 41 58373454 88547454
41 42 66171872 78743227
42 43 87186778 11255854
43 44 71327428 19011426
44 45 67288859 60253828
45 46 80719036 47294070
46 47 57908386 9354500
47 48 47328718 35411962
48 49 23245960 23975805
49 50 73588804 81998787
50 51 29409597 65944014
51 52 31809539 18604120
52 53 84090851 67399687
53 54 11542861 9455806
54 55 38789915 34280640
55 56 76966627 33300450
56 57 86227192 92469727
57 58 70112176 94070664
58 59 70120665 80124045
59 60 45378439 31910964
60 61 49810395 70309402
61 62 58380481 54923934
62 63 31314877 73645312
63 64 95600541 87447446
64 65 82933311 8491829
65 66 4988485 43877895
66 67 97581274 353918
67 68 22522446 85275972
68 69 64364446 71578791
69 70 14720594 15602521
70 71 55065055 22232613
71 72 54468902 27125454
72 73 93625644 11630462
73 74 23550030 69250770
74 75 61216927 91713615
75 76 91409421 46789889
76 77 21545412 31655291
77 78 4406338 62802459
78 79 55625176 8813432
79 80 49557969 82244470
80 81 99271826 76032136
81 82 59666336 39649522
82 83 1501452 41701719
83 84 96234169 36962694
84 85 99493239 38337121
85 86 37485416 9648238
86 87 42376279 82430513
87 88 94253839 75751094
88 89 61942849 91295000
89 90 41004958 61877056
90 91 75048174 78069181
91 92 43328699 70502137
92 93 59049473 47023274
93 94 16820912 76858350
94 95 51967725 42438022
95 96 91574866 42869402
96 97 79595514 65147021
97 98 20113497 1605191
98 99 57840969 39465005
99 100 7485312 55549458
100 101 15801199 90643865
101 102 45603210 56759583
102 103 65664296 75030348
103 104 11991340 74366686
104 105 89373397 94534688
105 106 99630156 40607443
106 107 36867538 76716152
107 108 63404913 52048671
108 109 20817322 91854777
109 110 61210045 32781947
110 111 58400803 31032694
111 112 47024779 82924372
112 113 37079149 65657120
113 114 8339409 12939746
114 115 68194114 90757728
115 116 20406094 73377919
116 117 68423796 21146229
117 118 5263299 95550513
118 119 92823731 76402506
119 120 8532737 79875110
120 121 69760937 6458993
121 122 97584464 27970427
122 123 64997349 47859710
123 124 72920584 52724173
124 125 46204574 44634985
125 126 94494689 43072893
126 127 460866 56376465
127 128 59272825 58590516
128 129 59717284 10296937
129 130 49394156 24815410
130 131 80541071 88676304
131 132 64793124 66929889
132 133 50874781 28202010
133 134 2695102 48508080
134 135 79925540 24928714
135 136 77129169 30075741
136 137 19792760 97384012
137 138 14610721 3313089
138 139 48746976 32678431
139 140 23452046 59328118
140 141 15605034 33651005
141 142 70402748 58629119
142 143 82574226 790313
143 144 32011885 15960152
7 11 51 107 103 41 34 137 99 120 65 4 141 11 78 51 24 47 41 94 67 130 46 2 56 4 51 39 17 80 128 144 118 115 66 34 65 88 3 88 99 10 107 122 112 118 101 108 67 116 74 109 53 6 135 137 78 98 55 40 110 62 37 52 11 75 122 108 97 1 79 114 3 129 54 15 113 30 64 37 113 72 78 45 136 47 70 14 138 72 30 59 116 30
34 105
138 130
1 2 95693479 39721781
2 3 95458380 47608845
3 4 4011451 91930276
4 5 68786437 51478388
5 6 13696022 45185379
6 7 17296205 59574215
7 8 34631387 52817574
8 9 84672678 13236718
9 10 62521212 27354258
10 11 59137934 76526834
11 12 42772531 36420534
12 13 74964069 76715688
13 14 58117917 25341666
14 15 96594711 88953016
15 16 45416696 79405889
16 17 8921500 6022486
17 18 14526770 65778
18 19 86928264 13560806
19 20 6820553 87425928
20 21 33723682 681136
21 22 78089091 18749772
22 23 43212974 7249835
23 24 77513284 12586487
24 25 45422095 15275744
25 26 22604749 44009956
26 27 8426047 32095946
27 28 69053300 83895513
28 29 67354094 9086613
29 30 65733440 61786979
30 31 47563743 63103953
31 32 77884710 68780725
32 33 25921689 21227173
33 34 62303234 47692437
34 35 2930668 51430520
35 36 44058444 50218081
36 37 67541885 860015
37 38 49283750 27400712
38 39 43392738 86172361
39 40 12583199 31483571
40 41 17278345 70502946
41 42 37878233 63946280
42 43 92821534 42108798
43 44 11897743 34463244
44 45 25133653 64919244
45 46 60039162 27162207
46 47 99024788 84142040
47 48 81465641 61293776
48 49 86454558 85535099
49 50 25557329 29177143
50 51 9266868 29199561
51 52 45612681 87356492
52 53 66739237 41607971
53 54 62159497 65531498
54 55 71110242 71315102
55 56 64563941 6228508
56 57 75992576 17498972
57 58 63638585 3246898
58 59 55282024 81681485
59 60 11670966 20274276
60 61 12044830 29827583
61 62 41991900 26365426
62 63 56171426 10569470
63 64 87096372 15893803
64 65 71053807 62364100
65 66 17137303 40806340
66 67 62282338 72932880
67 68 76589035 80943177
68 69 3393351 69463992
69 70 35912721 90147983
70 71 96145477 42462848
71 72 79193094 52522305
72 73 71274051 92732571
73 74 96825276 59630551
74 75 41278116 92169031
75 76 24038916 9829226
76 77 18338936 61022443
77 78 19290377 84139712
78 79 48313043 20132450
79 80 70825062 20770888
80 81 5664575 50810740
81 82 12505079 90601456
82 83 99756124 6892434
83 84 29609556 97116216
84 85 82093240 5376427
85 86 38764062 63119738
86 87 17935954 5194157
87 88 13727037 21139660
88 89 8593146 64636810
89 90 18226914 37637730
90 91 41236342 2785760
91 92 41710995 65673936
92 93 25681293 10184733
93 94 23485163 56825487
94 95 57478509 75140603
95 96 63891102 18757585
96 97 24814794 62588058
97 98 91699904 26316319
98 99 37919527 24287832
99 100 89912007 70529318
100 101 99979967 12318197
101 102 41481924 34105472
102 103 65675756 32149257
103 104 60693397 12844365
104 105 49578138 27626624
105 106 35100984 70195242
106 107 45640716 90842980
107 108 42468527 99169275
108 109 17259779 51304796
109 110 67869664 15646531
110 111 55079436 17852341
111 112 82884716 23884064
112 113 65570622 86195525
113 114 13703390 56288590
114 115 98124752 46690780
115 116 42847031 81860251
116 117 67104800 29293510
117 118 18199368 22438195
118 119 47011466 41375517
119 120 64682227 1451
120 121 34818060 824474
121 122 93674621 39881963
122 123 17639637 75048096
123 124 5506131 26070807
124 125 94510831 25109129
125 126 29858833 29753146
126 127 73434590 95374326
127 128 67549674 11752730
128 129 22272744 20776578
129 130 85855601 9827885
130 131 61535934 42604804
131 132 65736861 15636950
132 133 73759093 55897647
133 134 24467720 99443340
134 135 64668749 65398919
135 136 43360884 34907451
136 137 92509730 24064468
137 138 25207268 88998904
115 134 105 28 75 84 31 125 101 132 130 5 98 44 41 8 35 111 80 31 36 39 123 62 93 21 50 43 137 7 136 85 98 116 94 115 64 52 135 52 108 7 67 59 99 120 29 7 63 115 58 101 69 121 74 102 108 81 20 10 46 87 66 52 30 124 57 5 62 136 76 32 109 75 64 68 19 91 87 40 115 49 3 53 128 57 22 63 127 50 21 76 11 57 34 72 41 136 49 19 2 89 80 16 17 75 26 12 23 105 111 58 46 94 54 1 47 89 112 72 98 45 83 138 130 72 38 58 99 8
59 51
74 45
1 2 68771175 20221169
2 3 61002732 59384422
3 4 66151884 15716429
4 5 68132058 72344378
5 6 55063977 46457053
6 7 13046868 44822333
7 8 21771595 28940738
8 9 31841437 39026751
9 10 42954985 11621423
10 11 86420737 58780965
11 12 99894445 10664801
12 13 95926777 60589242
13 14 10805273 22575669
14 15 16943618 55607458
15 16 57640142 76724240
16 17 66972171 73113016
17 18 83510540 91477915
18 19 31567009 4178643
19 20 50879469 38529
20 21 40004125 95497807
21 22 48121798 40948233
22 23 28847769 46406000
23 24 34302339 28398495
24 25 17650521 93267348
25 26 34451932 51412500
26 27 44934837 17229637
27 28 53080347 69186039
28 29 51994924 29386802
29 30 16276047 99095196
30 31 1971605 67287236
31 32 87182684 71451495
32 33 37609416 73831313
33 34 3892668 16672528
34 35 32218055 38833007
35 36 8127347 25374106
36 37 71002449 56011507
37 38 46403334 96815897
38 39 14510776 73554947
39 40 66016747 89785007
40 41 81262107 90904403
41 42 80229098 44060712
42 43 30948827 26260108
43 44 79189102 35557110
44 45 20891267 75444574
45 46 79915967 53446178
46 47 74399446 33497719
47 48 24175660 47709796
48 49 45563262 92182874
49 50 8216065 90616955
50 51 65930831 21000599
51 52 25764244 35246992
52 53 34821659 65177193
53 54 68912217 38503770
54 55 99939846 26080530
55 56 56788675 16725012
56 57 50589554 5557639
57 58 71697959 87240138
58 59 72197213 36295393
59 60 81881787 49159189
60 61 56677008 61288858
61 62 48840577 68862225
62 63 21092399 97388488
63 64 89322952 9622701
64 65 92900690 26240827
65 66 58926587 20918949
66 67 76724429 4554529
67 68 59130038 17597897
68 69 94677569 67928963
69 70 66274116 99457920
70 71 36808723 41232407
71 72 82242602 50679647
72 73 3699294 5780985
73 74 88594418 40624515
55 35 40 14 67 71 60 71 37 34 63 44 46 71 72 24 53 45 60 17 19 34 27 53 16 15 52 6 39 64 51 48 34 51 67 63 33 14 29 5 42 11 2 58 47
27 43
173 80
1 2 94921871 70274713
2 3 96440579 95990657
3 4 62795837 1020970
4 5 52209466 67124053
5 6 23007871 81084937
6 7 53625618 94035303
7 8 45221279 18547276
8 9 56284630 92342514
9 10 39189978 26036496
10 11 11489712 79045730
11 12 67715868 5647231
12 13 39766501 54778062
13 14 56258669 27580520
14 15 83008026 58242169
15 16 29735754 34635178
16 17 50965906 83485683
17 18 5325077 27072638
18 19 23430941 31886339
19 20 70291267 31056402
20 21 64844118 50848686
21 22 14815126 86875307
22 23 13947884 86344810
23 24 3567567 16531402
24 25 33755699 54425657
25 26 65926077 54840163
26 27 81168721 39427714
27 28 78904383 21835281
28 29 98015003 43630449
29 30 59842590 29095920
30 31 5888173 91147690
31 32 34783651 5109731
32 33 4468963 27025904
33 34 50679746 21720539
34 35 19738390 29622297
35 36 76775770 27459443
36 37 53571394 10654972
37 38 73357975 50932367
38 39 52093275 13458405
39 40 50104195 6345516
40 41 62079613 99534835
41 42 71352768 27556954
42 43 60189877 36052157
43 44 48592284 80781904
44 45 14443926 9766465
45 46 25712101 76673465
46 47 31353083 99684389
47 48 78699922 37165687
48 49 36647856 89021717
49 50 11793877 66496052
50 51 2611302 10801063
51 52 94448420 89971150
52 53 52601009 21361427
53 54 49634030 38498501
54 55 95142548 63748943
55 56 63066878 43052714
56 57 53514243 91770315
57 58 40769010 81466484
58 59 8894951 85469625
59 60 54907368 68257797
60 61 16177128 37310881
61 62 84437919 10607029
62 63 1675362 85438442
63 64 79116957 59700575
64 65 46633374 94605812
65 66 54788526 68818608
66 67 12873146 47636712
67 68 23909388 52521844
68 69 13637600 94329246
69 70 52692074 69737097
70 71 93699566 69537318
71 72 2290243 15752998
72 73 36084165 82152874
73 74 60797622 35710416
74 75 20897291 31748901
75 76 69971104 91832862
76 77 33324792 88841988
77 78 63559291 41689759
78 79 69235184 42274902
79 80 96028085 67362892
80 81 48670119 83131268
81 82 3679541 43844782
82 83 45375645 9852568
83 84 53137736 31839575
84 85 88547432 22507245
85 86 79906274 59257226
86 87 96106113 2753359
87 88 52937579 54177610
88 89 9105783 10946312
89 90 6250225 63191166
90 91 27100537 36049784
91 92 27473230 61052176
92 93 68591377 74082584
93 94 16863714 35830303
94 95 60800352 1379685
95 96 85696223 54562201
96 97 96970608 51325147
97 98 62561729 31077495
98 99 27091476 39196695
99 100 18112414 63906142
100 101 43054852 70615873
101 102 6951598 65695469
102 103 80404277 56269634
103 104 70908405 28000876
104 105 49152567 87429996
105 106 31134699 25125879
106 107 44290673 63725959
107 108 71853033 650620
108 109 37095849 48495156
109 110 87356583 74746308
110 111 38997690 86376231
111 112 67703761 1785016
112 113 22530335 96715957
113 114 43667099 18821788
114 115 71641157 11921959
115 116 74880096 85534953
116 117 33865620 13857060
117 118 56600472 61749600
118 119 60021927 2951342
119 120 81091788 53868116
120 121 73997234 30991249
121 122 24365244 62830268
122 123 66749692 75200105
123 124 9864075 96122270
124 125 56501705 50781440
125 126 10249644 21020193
126 127 43483925 55906202
127 128 64646338 43723499
128 129 9993161 75253544
129 130 62660159 20907781
130 131 1026517 99434758
131 132 34149450 65133470
132 133 26367195 12508869
133 134 40451374 34691836
134 135 28076441 70139641
135 136 95036911 78865155
136 137 90834491 25990969
137 138 6689979 41594399
138 139 78695448 13313236
139 140 77005230 73507337
140 141 1340834 85578022
141 142 21598519 23108428
142 143 10354835 51444328
143 144 58914958 61281214
144 145 86254187 67647602
145 146 72558773 79737792
146 147 28247692 99063170
147 148 66668734 47573252
148 149 3034648 5051720
149 150 98443544 53160750
150 151 39015420 6311297
151 152 57059039 8908874
152 153 87346113 15076929
153 154 5384780 39632378
154 155 67437860 96824926
155 156 89024798 4119472
156 157 13272997 16583487
157 158 71768355 60328220
158 159 58651955 41561268
159 160 48470191 11267702
160 161 40362400 80356293
161 162 86036783 74701815
162 163 66943329 75842869
163 164 59151401 2181508
164 165 76979657 66248766
165 166 6410553 94859871
166 167 17939784 88027411
167 168 30548302 29453476
168 169 23141773 61334947
169 170 31452696 441280
170 171 70777473 39215059
171 172 47221541 82194571
172 173 39785668 41069100
69 153 111 72 173 93 44 167 171 131 41 115 89 117 35 140 88 127 86 101 36 42 133 160 168 30 165 58 64 48 169 153 18 34 72 25 19 166 89 45 105 76 61 71 134 40 15 151 108 144 104 144 154 14 165 173 52 34 103 35 78 132 118 130 109 52 95 27 17 32 55 164 88 47 91 108 163 165 43 23
82 149
39 60
1 2 66441496 29161661
2 3 40038539 3216691
3 4 62987839 23085750
4 5 52244650 2019746
5 6 46439157 20055702
6 7 68867582 60208825
7 8 50321234 99913363
8 9 82242698 36462916
9 10 34463188 60366075
10 11 38598990 39476978
11 12 20240428 93879850
12 13 94622314 74750486
13 14 79667992 65986580
14 15 92890991 7953119
15 16 7584549 22580546
16 17 86751070 90440789
17 18 36543218 44171743
18 19 60231306 17481711
19 20 31041060 42936464
20 21 90614691 58659739
21 22 28826608 66277628
22 23 79666733 59183059
23 24 23488957 4183706
24 25 75065895 42521564
25 26 51930848 13115704
26 27 10681905 49281693
27 28 50222681 64615870
28 29 63358701 92755415
29 30 77993448 84841034
30 31 52874772 15270232
31 32 345074 310025
32 33 87908236 47408449
33 34 83509902 12311575
34 35 12688784 58921796
35 36 84487346 48179237
36 37 56306144 59040483
37 38 73640715 71450952
38 39 48755653 48617666
12 31 12 35 34 12 29 9 26 35 9 11 16 25 21 27 35 23 35 19 31 7 13 9 10 13 37 15 14 30 31 14 21 4 18 4 1 24 27 17 21 12 16 10 26 12 34 17 39 25 22 14 32 38 8 18 2 13 27 39
3 30
125 80
1 2 6867909 28030085
2 3 81953372 66368500
3 4 99410947 57403299
4 5 58202804 49131960
5 6 29456176 8723307
6 7 7720458 16146399
7 8 35272897 79041702
8 9 79804873 3779843
9 10 15630505 19043804
10 11 57482058 19697476
11 12 76145117 36881116
12 13 10729756 98400250
13 14 29181232 71773680
14 15 26705445 27927498
15 16 59712117 56335425
16 17 41117662 45947046
17 18 37719335 81630683
18 19 68818192 10848735
19 20 9970407 68226279
20 21 61395070 46736598
21 22 90932047 2957016
22 23 13308886 34360497
23 24 54077674 65598709
24 25 42911434 72945622
25 26 89516486 7517294
26 27 25017589 6557694
27 28 4994068 89118923
28 29 10186515 30642583
29 30 77972467 89046776
30 31 42694132 99334439
31 32 95637952 59358918
32 33 46499906 57725552
33 34 11462136 60019390
34 35 35961862 58345411
35 36 61658884 58953826
36 37 48583305 97693254
37 38 10747053 33264852
38 39 32809734 73982810
39 40 80020641 47029332
40 41 96103874 564871
41 42 77152165 22676066
42 43 11195552 60602915
43 44 27686196 2959011
44 45 18201007 56794904
45 46 73215223 12239458
46 47 24548779 26946474
47 48 69508457 20246562
48 49 84648916 73573046
49 50 78368988 28060889
50 51 68442099 74116402
51 52 87622418 27922760
52 53 45684844 38018443
53 54 28876707 92537187
54 55 13082525 56374603
55 56 86685749 39506999
56 57 17856390 16308946
57 58 57656344 18799488
58 59 50757928 13209575
59 60 95692877 88273422
60 61 57209580 77794787
61 62 62959566 30445326
62 63 74239657 88184446
63 64 341476 73324069
64 65 16292803 8918249
65 66 7942729 66543097
66 67 63176281 41473124
67 68 34333316 80107635
68 69 3741756 74698237
69 70 73104141 83506408
70 71 52710764 89686341
71 72 40359058 61778670
72 73 69429863 65137200
73 74 29157908 92167137
74 75 53310056 93113977
75 76 55326589 35387488
76 77 63037279 49334726
77 78 7683824 39898789
78 79 23281317 4549507
79 80 98353357 22570232
80 81 21657546 91144394
81 82 97101333 573803
82 83 79655931 27621916
83 84 10558870 93707062
84 85 84769702 54114402
85 86 2201123 98657151
86 87 17793519 12371486
87 88 87399170 11163480
88 89 98964182 40657222
89 90 42683494 40887555
90 91 13015020 29622543
91 92 18514299 34131521
92 93 94189109 73915828
93 94 64920674 19799096
94 95 71437218 66442590
95 96 17534526 32335488
96 97 42211654 51247026
97 98 2240169 15025784
98 99 75221380 62288258
99 100 46845241 39426767
100 101 61127274 34366873
101 102 98109540 54029756
102 103 72422107 60125000
103 104 72162351 24037531
104 105 45180868 74755480
105 106 83737756 72896256
106 107 9921601 31575056
107 108 55117953 36327412
108 109 84698055 2778065
109 110 32179857 99046989
110 111 43013982 44980461
111 112 63740562 38908686
112 113 10185157 11450561
113 114 50061550 81685255
114 115 89690208 44464623
115 116 46435650 73370841
116 117 5532527 74914390
117 118 6926064 56969131
118 119 98439509 55577604
119 120 94082153 77351971
120 121 553616 12009675
121 122 94342325 52833480
122 123 53214360 67423464
123 124 17294012 96044596
124 125 68995968 16492477
37 33 74 21 61 101 115 41 62 105 49 58 41 92 99 94 103 39 2 45 48 58 65 115 15 74 5 40 117 23 77 121 101 86 44 100 2 57 37 52 113 57 83 62 45 27 118 94 24 92 87 76 46 101 104 70 121 28 35 96 80 17 73 9 15 87 37 22 89 19 123 48 86 25 121 4 84 102 109 124
78 27
131 83
1 2 71195472 1496918
2 3 93425124 38007050
3 4 6572843 18540471
4 5 42825937 26195150
5 6 51481384 88529019
6 7 35318055 86951747
7 8 74699427 22851209
8 9 64761134 61166979
9 10 82358986 79548750
10 11 34694766 86888597
11 12 70065662 10017871
12 13 15569669 23401102
13 14 72249708 15436990
14 15 75982831 59363143
15 16 16771499 52739824
16 17 98978155 156964
17 18 8769655 78215016
18 19 83712013 25423316
19 20 13073861 16669139
20 21 41228491 14116782
21 22 22610397 42526859
22 23 58364770 3074052
23 24 84497386 98203050
24 25 16339648 6959105
25 26 48348243 47559907
26 27 7585137 19643161
27 28 38476522 94339785
28 29 5734582 52081958
29 30 9984468 72618666
30 31 56873166 50244981
31 32 44936620 43175537
32 33 3026184 76337086
33 34 95748359 60856414
34 35 7642445 26290080
35 36 28285565 80174305
36 37 55638803 51427089
37 38 50187502 16101229
38 39 59486453 73349713
39 40 81680657 13066938
40 41 28077128 39877507
41 42 39153102 54424318
42 43 47733237 493793
43 44 74403454 52691040
44 45 78122192 46823894
45 46 88224185 19114714
46 47 92272915 76672640
47 48 10421367 90460402
48 49 70073964 12462644
49 50 93262491 8415495
50 51 76514664 56247639
51 52 45512815 88246387
52 53 87725360 79499344
53 54 63099154 1752405
54 55 52520077 28307741
55 56 40626650 86844195
56 57 46665471 35188653
57 58 8266945 6486594
58 59 72090368 79916689
59 60 16106222 32769459
60 61 13273985 23462827
61 62 32301999 58081374
62 63 15257952 8558328
63 64 22770346 85585100
64 65 70466496 57023295
65 66 19242306 31713408
66 67 17315652 93281930
67 68 54232216 37251331
68 69 97406818 92957367
69 70 23300428 82424879
70 71 53478284 32288677
71 72 67863648 43835624
72 73 29494526 29295442
73 74 74424156 57974804
74 75 8213270 66646537
75 76 32372909 47068659
76 77 21848058 45926524
77 78 86778302 54600513
78 79 26760084 1352542
79 80 24148263 69268205
80 81 47687750 79000136
81 82 60397841 10185903
82 83 65400646 95107709
83 84 61692415 31141140
84 85 41702642 12280388
85 86 20304951 13425645
86 87 60508396 10235797
87 88 10742909 93340159
88 89 77010849 86285555
89 90 97952323 11760255
90 91 42129235 99980377
91 92 81120842 17163256
92 93 68551049 72847375
93 94 9527112 90215318
94 95 12091544 94535882
95 96 53871567 82461783
96 97 49295161 26616394
97 98 82978326 82828720
98 99 59778388 10775673
99 100 1078727 97483347
100 101 98472244 6443509
101 102 93604989 41778546
102 103 58755982 71877294
103 104 64797199 73900785
104 105 83847195 9506442
105 106 47329657 93322504
106 107 385263 69648750
107 108 59587526 70958929
108 109 95271825 76197100
109 110 99285755 19427375
110 111 6484369 27760607
111 112 539787 62189394
112 113 69862847 559973
113 114 71639888 40910480
114 115 94119119 94580926
115 116 18696892 76435960
116 117 72215810 89059574
117 118 80192218 48679645
118 119 66864770 98871479
119 120 14919256 14753265
120 121 29603136 21147811
121 122 4360257 40199063
122 123 13296038 76349028
123 124 91424104 10195475
124 125 21970943 50358488
125 126 22063708 57709239
126 127 62213005 7328437
127 128 26281388 25130778
128 129 60369175 30466862
129 130 84871136 59477407
130 131 83521862 81024828
86 95 5 81 42 101 9 124 79 74 39 126 55 111 55 1 8 113 8 71 34 14 127 106 61 115 32 14 1 86 41 44 43 63 109 1 68 127 71 52 64 66 118 12 85 48 73 43 97 109 127 104 37 54 25 97 110 106 118 130 85 107 88 89 131 128 23 59 100 31 73 32 103 55 7 37 2 95 89 28 17 96 130
16 46
140 164
1 2 6162590 78568552
2 3 43515342 49533252
3 4 59587637 91990733
4 5 53923844 27407957
5 6 38363375 7544609
6 7 74622857 10649267
7 8 38651185 82353474
8 9 35439156 18409661
9 10 31660297 94063069
10 11 49485146 90382687
11 12 6120693 33620705
12 13 15095902 81224163
13 14 1212880 74203073
14 15 92922905 24616355
15 16 42767052 55921511
16 17 86475486 83560136
17 18 70973898 38944736
18 19 60517911 30178296
19 20 97205898 38917084
20 21 97035360 6396486
21 22 22118700 28592812
22 23 43287795 39149405
23 24 30783349 86449091
24 25 82999602 50401324
25 26 42449706 91834434
26 27 56708686 86450448
27 28 99659983 48128449
28 29 3492473 18492122
29 30 25946077 52486876
30 31 39332789 96269244
31 32 55589720 86132027
32 33 79209436 89289701
33 34 6917926 70508104
34 35 70071250 70429318
35 36 75301509 10866671
36 37 99974877 9481976
37 38 11124485 75053586
38 39 53608524 17739991
39 40 25182190 26347280
40 41 8074679 5788317
41 42 82777196 73838658
42 43 16715150 34307294
43 44 31191687 81645765
44 45 36977857 35126634
45 46 89818287 64830809
46 47 96800991 10024414
47 48 44835154 58127115
48 49 95983885 34028123
49 50 25307036 52654593
50 51 50636073 76632613
51 52 48499267 24652788
52 53 4165040 2661800
53 54 66909887 34988608
54 55 90843465 23863457
55 56 87133307 95943197
56 57 2304102 26356982
57 58 84580665 71511203
58 59 17335757 35032956
59 60 807072 81480408
60 61 78842393 97263175
61 62 71462514 50437389
62 63 13565552 34257093
63 64 88225965 51234242
64 65 2296221 17899666
65 66 50732735 83033687
66 67 26892365 51476770
67 68 58697359 86872346
68 69 80372490 98774153
69 70 93139263 74190824
70 71 33438898 35824175
71 72 61719609 52880262
72 73 38280596 52253418
73 74 4100356 97411354
74 75 7088913 85947274
75 76 81217772 18122180
76 77 4269776 79459564
77 78 85190361 47302325
78 79 88194105 79399671
79 80 74876751 70824476
80 81 79233520 79684158
81 82 50232185 79922295
82 83 3042111 76189365
83 84 20046743 976639
84 85 7959502 62172366
85 86 54016315 91217921
86 87 27856043 90968835
87 88 73882297 42111514
88 89 82689706 97146322
89 90 50769335 26678430
90 91 17426780 65589798
91 92 27492585 28210460
92 93 57217872 64886700
93 94 49788654 93789039
94 95 6646524 68913540
95 96 5107985 52260270
96 97 96737774 6107203
97 98 57542005 70119056
98 99 62765424 56924015
99 100 70965436 23540549
100 101 88945567 24375355
101 102 15244505 5147680
102 103 544764 11554041
103 104 47282756 44427318
104 105 97872756 39781092
105 106 36835546 63082137
106 107 38502548 31079729
107 108 63421970 49587154
108 109 78403913 190871
109 110 57534223 12090270
110 111 11111781 32354221
111 112 60396021 18742297
112 113 4933989 376514
113 114 60241432 47217397
114 115 93802016 6278606
115 116 95104337 64607136
116 117 60642167 94810330
117 118 42155062 92690239
118 119 13246917 65110549
119 120 43104959 95097315
120 121 71737865 9548101
121 122 21247208 76050967
122 123 54861930 40523928
123 124 26817341 51090685
124 125 21810766 81688011
125 126 55497727 3169567
126 127 61723678 15790752
127 128 20526891 41549099
128 129 92661486 51164128
129 130 63458405 63399257
130 131 74869362 83474071
131 132 72042628 65268608
132 133 59556404 74103946
133 134 78199211 80524392
134 135 81172622 94395709
135 136 58860100 20103995
136 137 40488420 20885669
137 138 41275594 94595792
138 139 84190848 68021731
139 140 72462914 70458800
65 87 109 116 62 109 99 128 11 2 136 53 102 23 37 5 103 83 70 72 11 128 109 90 17 33 112 94 43 20 51 132 51 49 48 17 29 137 31 83 9 99 41 11 138 134 50 17 63 110 65 113 66 53 91 23 123 99 6 13 38 10 26 114 47 49 108 44 100 49 18 80 104 64 118 101 134 39 95 20 87 75 74 116 14 34 128 4 13 46 123 129 62 65 21 100 137 124 125 124 111 81 40 44 83 95 88 118 136 14 6 24 71 31 50 102 41 132 114 36 123 40 80 5 82 115 131 86 63 49 116 68 70 67 95 29 68 7 115 45 2 19 98 124 19 13 108 53 29 53 41 127 19 132 9 42 41 92 5 24 12 117 108 12
140 50
39 71
1 2 9107196 67031735
2 3 50702228 94605944
3 4 14438253 28760622
4 5 32636076 26231964
5 6 88576019 32716170
6 7 97734917 33918177
7 8 89189378 83839677
8 9 42423403 13012866
9 10 75196151 30785122
10 11 65409559 53716343
11 12 9553142 17193779
12 13 65111757 7551274
13 14 18293570 5916339
14 15 16134651 32997620
15 16 68395131 65100198
16 17 43570405 43289310
17 18 98272652 84165415
18 19 41316939 3064647
19 20 35303686 48267816
20 21 45169894 97310884
21 22 28905267 33084666
22 23 26603979 10413305
23 24 78457694 56098612
24 25 43782181 78916513
25 26 69446032 36977748
26 27 71172670 51290154
27 28 8744463 69148049
28 29 72767688 11507798
29 30 43461054 12791475
30 31 97662384 9557121
31 32 53037293 63600292
32 33 65394239 31797580
33 34 33891265 46821088
34 35 23087054 39779789
35 36 65735205 29512595
36 37 45937517 1496260
37 38 90741176 27149852
38 39 53677751 90134505
23 39 16 32 31 7 11 33 3 30 37 25 3 13 39 15 19 35 38 39 16 29 2 39 14 6 33 29 28 4 36 6 16 28 8 4 7 13 9 17 39 19 3 30 27 19 11 34 3 19 25 30 24 13 3 27 19 5 18 15 21 19 4 20 18 1 12 1 29 2 7
11 25
55 74
1 2 5470391 65954665
2 3 49171746 82948176
3 4 41562002 96561041
4 5 28840447 16786835
5 6 88221172 4796405
6 7 45128868 62055778
7 8 42376892 72616735
8 9 13599346 95534230
9 10 29354126 77028416
10 11 5057173 91526971
11 12 8854450 41465869
12 13 3069385 3265410
13 14 20285089 70299924
14 15 30293352 49305352
15 16 15520629 87745152
16 17 32643394 47747573
17 18 35265719 10120466
18 19 71952488 54537766
19 20 2242994 61370243
20 21 4918386 26198743
21 22 99470394 42313098
22 23 87550597 1666799
23 24 85495653 47156471
24 25 54433552 74697921
25 26 93320107 58303597
26 27 48019208 54345253
27 28 61995285 10667873
28 29 26681200 55250290
29 30 10769140 61550520
30 31 32416919 30375984
31 32 6459898 41022970
32 33 78817116 68044874
33 34 84439630 77313432
34 35 23014240 37895219
35 36 84238035 17023489
36 37 18077918 50615239
37 38 42173208 39742111
38 39 19070671 84061322
39 40 27280029 37051071
40 41 12834691 37455085
41 42 99531083 74058632
42 43 25030907 410101
43 44 19483623 35964391
44 45 95598396 68691614
45 46 41254345 85858696
46 47 39842002 68104276
47 48 64282863 50779354
48 49 71686530 9833133
49 50 34278752 67737192
50 51 9382372 40173640
51 52 26143436 31805864
52 53 34461114 41869639
53 54 93197481 40730827
54 55 79445337 64355446
37 6 49 26 45 54 9 13 34 18 20 39 1 38 51 41 52 11 6 26 50 26 34 41 15 51 32 25 1 40 53 2 1 5 11 29 42 27 8 6 39 54 28 34 33 22 39 23 50 51 24 37 39 7 41 13 27 45 26 18 47 2 20 24 19 48 6 48 21 32 12 10 12 28
3 4
137 52
1 2 76050135 11596916
2 3 37877132 86090017
3 4 85814920 55301012
4 5 23960794 69879038
5 6 19405675 7433816
6 7 20890337 66719791
7 8 38402323 77647020
8 9 27433993 83273698
9 10 65575165 1963132
10 11 87313979 14506400
11 12 10164954 19429243
12 13 53507223 23374810
13 14 12106766 11426988
14 15 13238792 44576416
15 16 51324015 14518990
16 17 81750431 51713004
17 18 80188444 4393893
18 19 63890385 77867414
19 20 85692966 28169693
20 21 88447663 4692220
21 22 5275237 84909863
22 23 49537105 34837821
23 24 81502753 41236119
24 25 26958514 31679607
25 26 97128986 49267475
26 27 58709543 79103325
27 28 53310703 73755272
28 29 95190071 66558285
29 30 49335341 69409899
30 31 32754081 84886152
31 32 44526594 22313951
32 33 25754674 73693713
33 34 63226583 437656
34 35 51934361 92395869
35 36 75613021 74429689
36 37 59550551 93658506
37 38 45505193 17219871
38 39 88721091 2370508
39 40 69253759 76744181
40 41 557257 52107025
41 42 38803260 46959741
42 43 72383239 9573908
43 44 37075559 27417666
44 45 16446105 11361471
45 46 18415277 46430017
46 47 5446059 11956249
47 48 82372777 47330258
48 49 62678678 38908920
49 50 36770529 29062625
50 51 34592810 11003323
51 52 98413027 53464360
52 53 5389648 34184698
53 54 28554083 11100691
54 55 81525849 83734215
55 56 59317419 61225753
56 57 47533137 87942917
57 58 49518745 20876981
58 59 27147146 21414627
59 60 82391915 76526614
60 61 78016024 84310384
61 62 53364004 33563145
62 63 97907286 44777628
63 64 36527863 95156242
64 65 18575847 85352220
65 66 21805239 74198224
66 67 4141660 49244371
67 68 76031100 1503488
68 69 96776554 54273693
69 70 44204694 77920875
70 71 71633333 85110769
71 72 14016182 72674115
72 73 22292708 62877409
73 74 69665666 61648452
74 75 400245 15430351
75 76 28641027 76095565
76 77 61121421 30702814
77 78 1151185 72197252
78 79 407978 31108265
79 80 53934598 387958
80 81 17403256 35770626
81 82 88039868 67250678
82 83 97700128 98892863
83 84 40255226 94845293
84 85 77833808 93835485
85 86 81367511 19387160
86 87 60435646 41660928
87 88 28386176 41640449
88 89 21604758 47305846
89 90 44657487 80951817
90 91 93785657 45607518
91 92 13235131 21593128
92 93 20956202 7369673
93 94 8294707 34835456
94 95 89986097 41040263
95 96 52884249 87068791
96 97 46726449 23019048
97 98 47179811 24131229
98 99 82189683 73315251
99 100 23279654 29427523
100 101 38862580 92744475
101 102 44196387 149783
102 103 57452118 71704855
103 104 31641241 19348658
104 105 46991125 84916422
105 106 55023022 25282794
106 107 84748213 34557747
107 108 54725057 4034393
108 109 34925830 70822808
109 110 12259124 12916993
110 111 18611605 24803155
111 112 49877469 5161757
112 113 63095863 55694390
113 114 58450508 91945679
114 115 8171473 71631848
115 116 83467543 23799934
116 117 93972805 54564549
117 118 56699521 40921629
118 119 96588387 83257926
119 120 5354689 33802374
120 121 18431721 57392758
121 122 77447201 96140846
122 123 24487136 42524268
123 124 97091041 75543232
124 125 2018849 95191292
125 126 49935056 52694744
126 127 94618077 15775826
127 128 20320727 75880048
128 129 90844898 86547356
129 130 34817533 28326845
130 131 63793901 57226694
131 132 42074625 10464763
132 133 83213440 51068359
133 134 78381945 72523667
134 135 5337611 42638074
135 136 89372856 19161385
136 137 50282991 30347116
61 102 96 79 81 57 110 46 122 24 83 61 66 67 70 110 66 131 34 44 104 10 53 96 63 134 88 126 58 97 119 32 3 5 63 65 82 27 25 118 53 22 39 21 90 22 52 21 82 19 78 62
120 65
176 163
1 2 99708505 32543953
2 3 80901926 97815480
3 4 36997458 68345874
4 5 47308556 41645612
5 6 34162755 87170639
6 7 80594870 10737706
7 8 21124011 58457005
8 9 61938665 79579014
9 10 93966066 33702571
10 11 5084431 84484002
11 12 45907386 13896319
12 13 66159732 25551812
13 14 63536156 74129275
14 15 48074403 6192267
15 16 4476727 61724024
16 17 49593572 88513947
17 18 76592624 83400975
18 19 85148218 38665560
19 20 9477251 9567092
20 21 17851273 34694352
21 22 67056781 16586770
22 23 53503388 28619315
23 24 43312691 80634796
24 25 7061405 16984605
25 26 48938709 86585333
26 27 11337100 91415198
27 28 88000607 15511302
28 29 68070345 72328899
29 30 43798359 35923588
30 31 28886167 67832875
31 32 52489042 15225224
32 33 57166577 84952417
33 34 71679035 16093859
34 35 7066163 64730657
35 36 68511790 80907610
36 37 66065719 27730318
37 38 78831931 83276385
38 39 80398977 89147316
39 40 59818795 37641234
40 41 26791979 65708165
41 42 49189250 25635214
42 43 85021223 76526599
43 44 84699347 34767369
44 45 65635930 38882477
45 46 79775664 38586881
46 47 56194589 19195585
47 48 66503062 58473053
48 49 7456072 51854608
49 50 76249757 54193518
50 51 80543667 39117307
51 52 44006020 50442184
52 53 26895204 65885332
53 54 28560100 11392486
54 55 19301131 20767852
55 56 5176424 65672553
56 57 44363952 28981062
57 58 16748475 49729284
58 59 10488584 49569066
59 60 47444737 23891736
60 61 31412656 24318317
61 62 16040503 12094127
62 63 28396761 3820884
63 64 40773730 66974824
64 65 64165486 79815772
65 66 42019064 2594206
66 67 72962081 65421600
67 68 14340018 19374771
68 69 76443319 57316266
69 70 14214966 19639547
70 71 26268668 90211911
71 72 89043621 70225895
72 73 67810357 2193869
73 74 24758263 77352116
74 75 44996258 57411755
75 76 58245345 49293650
76 77 83102608 97249782
77 78 53772769 43345986
78 79 30484067 90993624
79 80 5682343 56428174
80 81 26511715 93601464
81 82 44248300 57391447
82 83 75586851 5725862
83 84 45454515 49111572
84 85 30398352 15506085
85 86 24950590 67991979
86 87 39356347 56785330
87 88 43234058 89126056
88 89 66372139 86683539
89 90 86691986 86333321
90 91 37789287 64010561
91 92 3958399 24799223
92 93 26463847 4369416
93 94 76870899 5715183
94 95 20867628 21179765
95 96 98795851 45478721
96 97 78449674 91773805
97 98 93805365 67651217
98 99 62617241 42308297
99 100 37955992 37466084
100 101 12864224 74066918
101 102 94676234 60477695
102 103 41504210 65876824
103 104 79210563 7727758
104 105 19744645 18319001
105 106 84168029 3990725
106 107 75254207 65698723
107 108 13101817 88454626
108 109 71088781 87249580
109 110 25994700 34958678
110 111 92670560 74366814
111 112 16169700 87099676
112 113 96291314 81099624
113 114 32019409 54578549
114 115 75056246 28453830
115 116 72120754 3848632
116 117 43062822 61604983
117 118 5987864 34965907
118 119 11578720 67775708
119 120 2520841 39550958
120 121 9930624 63067169
121 122 58087557 47374298
122 123 54099553 4963539
123 124 60737963 66891086
124 125 71492853 96099117
125 126 47250514 88867428
126 127 53751708 94561898
127 128 40014152 29575757
128 129 28138306 1108909
129 130 30530214 62889344
130 131 92260910 46898741
131 132 49538030 10754026
132 133 97740081 62691130
133 134 25066517 85430734
134 135 721600 51423909
135 136 24553086 73418459
136 137 63022629 89758546
137 138 13602685 70973372
138 139 22739743 64902282
139 140 42046226 34720409
140 141 90481356 68943175
141 142 66564501 12118914
142 143 32976519 94659478
143 144 43298359 43396301
144 145 42492955 58249433
145 146 79097253 7801631
146 147 99420985 35567285
147 148 62568513 96388558
148 149 7029219 12665590
149 150 16698194 62990845
150 151 40358375 57720979
151 152 42028370 19801271
152 153 45798188 61202856
153 154 86160250 44218584
154 155 7744707 46504764
155 156 19911019 59803093
156 157 2440269 39722306
157 158 45071796 36158737
158 159 36151953 76506384
159 160 19716213 2603813
160 161 98729590 36377256
161 162 18169181 72647829
162 163 37197182 3022770
163 164 49190497 95424486
164 165 41019672 60402873
165 166 98969706 67949668
166 167 4625689 23237515
167 168 16636599 56363962
168 169 82841250 27993850
169 170 5091622 65332525
170 171 46049832 20194085
171 172 35781012 14591097
172 173 66675743 18218146
173 174 21803473 26881155
174 175 22963530 76497604
175 176 91790818 35467777
140 55 37 60 140 63 21 39 22 11 156 152 127 5 145 79 43 21 132 82 120 144 4 75 90 36 83 82 15 85 126 67 136 68 89 30 10 52 125 6 97 92 162 17 106 146 143 134 165 47 1 66 67 175 72 155 133 43 45 134 119 146 165 166 99 156 47 87 121 162 62 122 88 5 115 123 88 36 128 161 86 84 128 164 77 166 63 159 24 55 2 38 109 136 63 140 22 9 139 138 81 89 11 104 88 101 51 124 6 66 3 108 155 141 28 9 81 59 80 109 156 139 134 99 166 28 61 128 23 147 111 158 43 21 107 90 43 92 25 73 51 98 157 22 126 36 130 13 27 139 88 44 47 176 57 119 36 101 32 64 145 37 31
58 12
107 89
1 2 68099621 81851434
2 3 56000949 71610734
3 4 29761408 60311775
4 5 15057220 26840894
5 6 76263301 56236146
6 7 60410762 1818424
7 8 14958554 7338141
8 9 56317865 15163324
9 10 92619944 61521051
10 11 81299285 88140579
11 12 18292944 88832148
12 13 4196650 80621083
13 14 63094602 63204489
14 15 74315016 94514640
15 16 11939662 4325075
16 17 7635559 23310368
17 18 70743767 41713412
18 19 3602782 95368671
19 20 11760742 59371390
20 21 81203957 4888001
21 22 54662495 80568168
22 23 68841281 24980622
23 24 27099432 63847091
24 25 2953485 62195343
25 26 87407666 34340041
26 27 38975512 87060468
27 28 94257723 49212699
28 29 32330084 28902517
29 30 2964224 69124636
30 31 38565399 77089805
31 32 66636867 95009918
32 33 19332175 71633682
33 34 20969337 63005819
34 35 43800469 23814694
35 36 95016111 49994895
36 37 75137609 66205091
37 38 4249595 34850024
38 39 19342672 27262982
39 40 81836479 68089718
40 41 37242534 8930747
41 42 81779468 24235625
42 43 77494523 1377841
43 44 21165196 21053908
44 45 33335719 81544576
45 46 71175540 84180573
46 47 3410859 45500755
47 48 22449413 89871270
48 49 28481310 42591359
49 50 90981012 75577943
50 51 21118948 63471798
51 52 56260833 51868255
52 53 32516154 81366695
53 54 51242258 79234912
54 55 89977656 85938996
55 56 39106791 64237887
56 57 4917008 66697716
57 58 11187295 96280842
58 59 63630491 92928739
59 60 54377422 75926165
60 61 83702586 24758473
61 62 18770216 19733801
62 63 52321297 3900481
63 64 47373889 31237666
64 65 78277062 99977726
65 66 21897190 47187346
66 67 13376263 26997273
67 68 5171425 10784534
68 69 94397107 41105548
69 70 88890066 79895441
70 71 26469439 41437441
71 72 46775367 5991230
72 73 59961693 10157715
73 74 83126572 55799278
74 75 8101964 20818471
75 76 60084110 52398283
76 77 45998619 48481965
77 78 77021525 80265695
78 79 54995784 11899203
79 80 30919499 63714045
80 81 34101689 7202594
81 82 11089992 76413131
82 83 5284375 27585922
83 84 33094218 18347165
84 85 89091906 82692337
85 86 56181848 43569303
86 87 11410101 16855261
87 88 78629299 52196043
88 89 66644616 71104762
89 90 67847319 10709598
90 91 40105575 95336510
91 92 36075683 27457360
92 93 69797432 66121911
93 94 2809906 52480142
94 95 20615434 88207572
95 96 35231755 35577490
96 97 52193861 42186494
97 98 26918741 88536281
98 99 91263816 53468047
99 100 5535016 91741430
100 101 67502538 83049419
101 102 70570655 46031001
102 103 26400807 65617094
103 104 2550637 54598495
104 105 14199368 39237867
105 106 62241551 55673861
106 107 22385714 66144004
101 88 102 92 17 89 73 93 16 3 54 102 14 41 58 24 9 82 54 84 106 9 48 60 35 60 96 7 98 61 87 102 9 54 24 81 89 78 79 69 91 45 102 49 25 34 41 84 21 101 105 15 40 29 92 46 87 55 43 38 56 39 10 89 98 101 35 65 28 63 42 20 96 87 33 23 1 6 21 24 59 62 31 104 20 45 73 52 14
39 96
80 196
1 2 94812632 63397063
2 3 19256177 21371109
3 4 74218698 37414354
4 5 10106871 42844506
5 6 42902829 5388202
6 7 73280203 49495517
7 8 95292351 35056025
8 9 22842355 21156269
9 10 14389787 48741974
10 11 32512595 16857577
11 12 63009484 42529528
12 13 59163061 67072389
13 14 57145702 94123025
14 15 23186348 59748429
15 16 8465750 33852186
16 17 2708796 47058528
17 18 84506771 21472282
18 19 53894405 79535645
19 20 75342504 41596327
20 21 15484895 7941196
21 22 84900631 68730617
22 23 13882944 80768261
23 24 77383401 9735303
24 25 59107456 23562234
25 26 20673218 43162276
26 27 58460663 67897352
27 28 77915973 73799339
28 29 50947141 21825132
29 30 23206169 37295987
30 31 81747054 19742124
31 32 83378669 73273474
32 33 93177927 41641483
33 34 57350193 82776526
34 35 72557309 91837043
35 36 55636621 18609008
36 37 56938616 69217191
37 38 7981170 9317886
38 39 53977297 16194907
39 40 29397063 33156247
40 41 33369110 86589853
41 42 24277993 36187131
42 43 28468988 51184468
43 44 12714548 49837665
44 45 91844105 88909593
45 46 67039422 32123164
46 47 61553233 62608702
47 48 91157220 41732461
48 49 27579710 86164164
49 50 89980150 54283057
50 51 75300160 43905483
51 52 97294740 16946291
52 53 66811714 78904334
53 54 54330432 55001413
54 55 3771578 65500620
55 56 81199305 13506814
56 57 27058479 13019389
57 58 15704085 33338819
58 59 68634281 38674410
59 60 98667995 83593400
60 61 36311204 6321634
61 62 90072340 41624702
62 63 64489599 86084978
63 64 9552717 46238610
64 65 67373843 68551284
65 66 98773249 96817599
66 67 62983958 34501834
67 68 58509930 38740301
68 69 2340938 99057596
69 70 45283761 35259552
70 71 9002492 80889828
71 72 74464215 97428301
72 73 3753286 13919778
73 74 20453652 38884578
74 75 86301363 25518062
75 76 95459305 92479320
76 77 21305376 29771543
77 78 63639375 18917457
78 79 29995120 90262343
79 80 81167625 23119495
17 60 30 57 40 51 72 38 59 72 74 63 69 73 3 34 62 46 39 70 69 44 23 5 65 17 41 80 61 29 24 60 55 73 29 24 22 65 37 36 71 9 31 74 68 58 52 54 47 5 75 53 68 80 22 25 46 27 75 58 34 33 12 10 56 6 62 9 26 39 67 44 17 40 10 54 71 13 67 29 16 42 30 38 61 8 47 39 36 63 58 21 39 2 11 7 13 40 21 60 59 55 5 19 61 39 26 39 55 40 12 51 76 79 68 16 60 59 5 72 64 62 57 18 23 26 18 14 55 56 78 55 16 75 45 52 79 27 10 38 11 2 19 71 55 13 19 10 24 59 62 70 46 12 1 57 70 21 63 54 16 60 36 72 32 20 74 57 43 3 38 71 10 6 57 72 7 72 21 25 11 6 13 80 30 52 6 29 12 76 53 4 1 43 44 2
44 9
9 77
1 2 32158860 64539511
2 3 61242549 44314413
3 4 61187707 11703008
4 5 3503346 26478614
5 6 45392801 86737169
6 7 91194796 31596511
7 8 67146974 54376303
8 9 62847901 84114113
5 7 6 8 1 6 5 6 7 1 8 5 3 7 6 2 9 3 1 8 4 3 1 8 3 7 2 8 7 6 2 3 5 9 4 3 5 1 6 8 9 7 8 4 2 6 3 4 6 1 2 6 8 7 9 6 1 7 3 9 1 4 9 8 3 7 5 6 8 2 3 2 9 1 4 1 2
5 8
12 46
1 2 64509404 83921291
2 3 56861097 61786198
3 4 64716544 31064815
4 5 30451187 61164052
5 6 918518 17831137
6 7 16288002 50615691
7 8 65348399 24958711
8 9 15890087 71289192
9 10 42591836 57271247
10 11 71204758 81981029
11 12 5274654 79898868
3 5 12 4 8 3 7 3 9 1 8 7 8 2 3 9 3 5 11 2 6 5 4 3 11 9 12 10 11 8 4 2 7 9 4 10 7 4 11 8 7 6 7 12 6 5
9 12
59 176
1 2 80305851 77372729
2 3 57458600 98982487
3 4 88851300 75742335
4 5 6795516 10549816
5 6 39523913 16201384
6 7 5826611 61309305
7 8 12523775 21247191
8 9 61529249 79583036
9 10 3654529 10141207
10 11 12532054 58767891
11 12 28165304 40319327
12 13 32249760 84018853
13 14 94917355 30841992
14 15 68819209 70208502
15 16 31785658 98534592
16 17 93197286 64148359
17 18 16084054 69452768
18 19 13548580 38068604
19 20 62249434 60642580
20 21 35356584 69697421
21 22 53918581 14812691
22 23 86442561 59111540
23 24 56119591 33834961
24 25 56089891 11066894
25 26 61063781 287874
26 27 42083150 77040084
27 28 6557842 45234359
28 29 2385814 5168230
29 30 13936981 38122615
30 31 70798745 50643521
31 32 53553267 21332669
32 33 12694430 56852277
33 34 37929920 6357020
34 35 53482988 15884410
35 36 67642854 35474122
36 37 51234375 72058973
37 38 86538112 62868720
38 39 41665988 59352512
39 40 66684613 5794074
40 41 71143716 90882163
41 42 73519444 36994164
42 43 26279124 8757236
43 44 54341963 54863315
44 45 90123219 76875652
45 46 45024806 40451588
46 47 70077280 90202264
47 48 41900339 8912631
48 49 72720958 19393656
49 50 63782370 49000158
50 51 69919325 45456877
51 52 92816529 58453754
52 53 78385076 29141579
53 54 15872015 42351227
54 55 80404672 55673757
55 56 68764309 18821866
56 57 10955761 44496022
57 58 302371 98146286
58 59 4184074 33814523
59 20 11 16 14 43 19 54 20 10 52 50 22 41 19 9 7 30 39 54 15 8 9 51 47 12 34 54 40 20 49 13 10 41 26 10 26 37 20 29 18 7 9 34 15 4 47 34 43 32 36 31 43 3 35 34 20 6 33 51 59 38 55 20 43 48 6 5 33 43 30 8 3 25 45 13 23 1 18 26 46 34 57 4 50 59 39 35 6 25 32 22 37 7 28 15 8 7 42 49 15 47 38 57 11 58 23 35 48 56 25 48 30 25 10 23 22 40 35 25 34 31 42 37 42 26 1 38 35 6 50 5 39 15 22 14 27 43 31 33 2 25 43 45 23 50 35 7 14 54 58 28 40 44 1 28 25 22 50 31 3 5 1 15 40 12 35 28 58 45 22 44 53 55 4 25
24 42
111 5
1 2 23043159 91853285
2 3 43080254 2781360
3 4 29980713 99101370
4 5 11637627 84913097
5 6 90152850 86010536
6 7 40006665 18978418
7 8 80960472 99507005
8 9 32228585 86316233
9 10 42002158 75961458
10 11 38195462 23229427
11 12 96245647 14650274
12 13 68217983 63616409
13 14 21013427 14136250
14 15 25125226 81928027
15 16 96687751 79604611
16 17 18452936 64960001
17 18 45794897 20499476
18 19 76320338 30038958
19 20 76150301 3172525
20 21 10626687 42556495
21 22 64692297 55439327
22 23 6310451 68932840
23 24 76284099 31194153
24 25 53460103 89380528
25 26 13531085 13036246
26 27 87202735 98873031
27 28 12898621 61249865
28 29 63794452 41677526
29 30 53826823 59351867
30 31 21050025 18247710
31 32 88043215 37114115
32 33 96740700 30746622
33 34 79025194 8574650
34 35 86079980 45991837
35 36 42433626 49692092
36 37 67258692 31963123
37 38 47209347 79540820
38 39 40390363 78743500
39 40 51623534 15113103
40 41 7046783 67621081
41 42 66683971 1084125
42 43 69229240 4653127
43 44 58840506 21000731
44 45 87995673 94541091
45 46 87202786 60423644
46 47 68088396 42283858
47 48 17960825 71423072
48 49 24867430 2109220
49 50 60028940 87785889
50 51 91800605 55285339
51 52 23672776 83766976
52 53 96032887 12981232
53 54 24601955 23760251
54 55 86155744 28856948
55 56 29428318 16458731
56 57 36433337 74202794
57 58 84185289 60554854
58 59 33257557 4967224
59 60 6840467 15056438
60 61 61702770 77266510
61 62 76622801 68167195
62 63 9111643 11286494
63 64 23247549 91201113
64 65 27239876 11367080
65 66 45801301 38693993
66 67 88295379 62642278
67 68 60821393 41977031
68 69 75290162 53842876
69 70 23122933 90216313
70 71 9797192 74251057
71 72 73703192 15656806
72 73 13528528 9191652
73 74 74437024 82702800
74 75 61237275 52603808
75 76 93444209 50583123
76 77 78363151 58565587
77 78 83961188 76154927
78 79 21386762 93529339
79 80 51515191 45042534
80 81 58910729 32663037
81 82 14041222 72485681
82 83 17370192 41612429
83 84 29621356 16878231
84 85 32436258 22322013
85 86 813876 86713397
86 87 43122044 95406858
87 88 27178363 77051048
88 89 71468304 13207222
89 90 75943823 3114090
90 91 69013233 16581649
91 92 2728077 5135968
92 93 44356826 39906882
93 94 21973135 43746484
94 95 65609337 2797965
95 96 28646291 37566748
96 97 79753352 76498780
97 98 98962391 14423052
98 99 52746894 4849176
99 100 65954937 20289750
100 101 74123841 15225893
101 102 77804194 72082108
102 103 655081 44883592
103 104 98414947 17573968
104 105 32108961 45993187
105 106 37440012 28870638
106 107 74147987 86611306
107 108 30412035 67650326
108 109 75558274 83162812
109 110 13654768 77640593
110 111 61759214 10567061
96 80 29 84 67
65 88
28 174
1 2 30542537 72021010
2 3 47347726 69845396
3 4 81389197 78645381
4 5 21614980 22946028
5 6 96614644 35564269
6 7 45543313 72497587
7 8 27403343 71166148
8 9 53077766 21276613
9 10 49753695 37674805
10 11 15963823 97972229
11 12 42500949 6586707
12 13 68927458 998358
13 14 79240629 57300855
14 15 37965663 17102859
15 16 87330689 97545289
16 17 61262328 28486871
17 18 4579495 38991506
18 19 30663414 20344982
19 20 14006522 47685295
20 21 17177153 1041440
21 22 23446813 74707559
22 23 51672201 9312788
23 24 3638062 70177275
24 25 87776012 48281045
25 26 6306925 20697788
26 27 36529559 46793195
27 28 720476 12813660
13 24 25 1 17 11 10 28 4 23 26 3 24 20 22 18 20 9 12 24 25 2 17 18 6 15 17 7 18 16 14 7 9 12 22 15 18 23 12 3 7 2 23 6 26 18 28 19 27 22 7 13 15 10 12 25 26 7 23 27 14 20 17 5 3 9 13 25 26 28 27 22 10 23 9 11 8 6 15 21 7 9 17 26 9 2 11 18 11 18 22 12 26 9 4 26 11 10 1 26 8 1 21 24 7 22 16 27 20 27 16 11 24 14 17 25 23 24 15 11 15 23 24 6 20 28 6 24 10 6 8 4 16 15 17 24 20 27 20 12 16 19 8 19 8 24 23 17 25 16 10 20 6 4 21 23 3 13 20 24 4 5 22 5 26 11 18 2 20 4 23 16 23 26
18 16
69 25
1 2 13489732 89026342
2 3 93977141 91627297
3 4 92393445 6954049
4 5 24337802 59502386
5 6 275935 4553187
6 7 50002166 29447973
7 8 73140896 94862040
8 9 86564863 54528975
9 10 68388907 12677655
10 11 1383714 55086393
11 12 40208579 35397722
12 13 14341567 52783877
13 14 5433693 45596874
14 15 8418076 38966450
15 16 70155542 69369565
16 17 25237211 89296848
17 18 8928784 34173873
18 19 45980907 79613
19 20 45548363 71368970
20 21 44940671 80803130
21 22 82720152 63301450
22 23 4506981 35792359
23 24 30817800 97938148
24 25 22450528 80999497
25 26 54727471 73829759
26 27 60998662 36123364
27 28 49005187 59348492
28 29 73300301 705575
29 30 5747872 42532527
30 31 73380567 36596404
31 32 802653 55099852
32 33 88502612 51673519
33 34 91679866 48760373
34 35 58016693 60182895
35 36 88508286 27565866
36 37 59070943 64239079
37 38 56309974 79071446
38 39 13982317 81585952
39 40 94039768 35107249
40 41 60283952 13821267
41 42 80589278 37882232
42 43 17333675 9769530
43 44 78141219 27236294
44 45 15285719 81126241
45 46 90286573 98651537
46 47 27133194 15143789
47 48 62047290 89626065
48 49 8037047 71246992
49 50 15496971 85886426
50 51 55657745 7012872
51 52 24623395 75984163
52 53 11183178 97382758
53 54 39832212 71271519
54 55 77398842 27108601
55 56 54277464 80447759
56 57 26123547 11268368
57 58 22142121 65861931
58 59 22915252 29849953
59 60 35523142 88257207
60 61 91385323 44999125
61 62 84360945 99084772
62 63 73787403 38543080
63 64 3987005 69340142
64 65 50449021 63068340
65 66 2092358 25861759
66 67 49708172 22765164
67 68 88727556 1753890
68 69 97656295 39232021
69 31 29 54 55 47 50 14 29 33 29 68 69 58 16 1 19 23 34 54 6 15 20 11 61
27 26
123 83
1 2 32249601 51161123
2 3 94244653 2544456
3 4 21762679 80292698
4 5 38387480 81450152
5 6 4105351 93529344
6 7 1896342 42701608
7 8 58233738 76980071
8 9 34571645 73774632
9 10 78736658 43378103
10 11 46892561 15142152
11 12 18533929 47057993
12 13 30604055 61374861
13 14 31412695 53101023
14 15 1681344 6707179
15 16 5001619 95604061
16 17 21446962 98318078
17 18 11034801 83083618
18 19 60015422 33262707
19 20 31301051 41437241
20 21 56798633 6167693
21 22 51781810 69931706
22 23 78446008 11698999
23 24 60254251 56656043
24 25 69514499 79239382
25 26 63277924 71703232
26 27 52941183 60564850
27 28 70901721 59877472
28 29 43660627 73383312
29 30 46613028 41671324
30 31 2828393 60420591
31 32 9337992 80015581
32 33 45723702 13342888
33 34 77302034 14524817
34 35 74874688 1714620
35 36 72529060 91985617
36 37 35075164 7175623
37 38 12152651 91359958
38 39 81516720 2735809
39 40 81162802 27014647
40 41 99056172 52067116
41 42 32253649 59905219
42 43 15857029 34680105
43 44 40043520 51111275
44 45 90439398 4896396
45 46 7527683 8150854
46 47 31872759 79861260
47 48 23400081 93853123
48 49 4506090 43780725
49 50 54602944 11563571
50 51 78712732 93209784
51 52 74498561 38433401
52 53 99205608 98873337
53 54 20459162 38419129
54 55 85533100 17866252
55 56 83000952 1560080
56 57 37617693 28096534
57 58 92273441 86217244
58 59 41909075 25555890
59 60 95043217 40068826
60 61 27556664 79642632
61 62 83216074 29227945
62 63 96136329 60971542
63 64 58622335 78753043
64 65 73629018 86395258
65 66 8066185 74670713
66 67 36297114 19673697
67 68 58756093 42699425
68 69 27148756 30404443
69 70 6277908 37757423
70 71 78812602 3048577
71 72 44845302 58101674
72 73 43874240 91723304
73 74 59246513 46894705
74 75 92513590 1103816
75 76 86599133 72836511
76 77 38004012 6140863
77 78 85537182 4402679
78 79 78164961 27068256
79 80 23052627 23893335
80 81 10830572 41235687
81 82 83130488 55122567
82 83 65405067 91181641
83 84 97621593 29835101
84 85 60269553 9428882
85 86 38359253 80543856
86 87 84006396 86268517
87 88 2794357 62532582
88 89 16565570 66492599
89 90 45043122 95480075
90 91 10947541 92560496
91 92 94879877 17504569
92 93 47002938 9963250
93 94 17822961 78886291
94 95 24870372 67785424
95 96 34298559 41447765
96 97 53235956 58566850
97 98 16841555 30113521
98 99 56848499 5567074
99 100 60009682 24930132
100 101 52901913 8924915
101 102 71284772 7148307
102 103 67374879 85457211
103 104 93834509 93802764
104 105 46936555 22411868
105 106 42790140 49293387
106 107 78291584 98040181
107 108 97525470 93882141
108 109 14846477 39891344
109 110 82053436 13219471
110 111 35189052 9084260
111 112 91192363 13899521
112 113 23425088 28814190
113 114 59488288 62527851
114 115 82599737 70093612
115 116 21236258 58132231
116 117 22852087 73378249
117 118 63251603 61275971
118 119 80148410 9451310
119 120 3576158 22696470
120 121 77007182 32009491
121 122 23227523 92023383
122 123 68579315 72845716
28 100 58 46 115 103 51 28 20 108 63 59 103 74 16 91 86 89 43 116 31 110 25 79 38 84 38 13 100 34 39 77 21 45 10 41 45 43 122 17 80 4 52 85 71 52 46 11 19 48 119 9 47 35 44 29 17 59 46 123 101 43 57 30 8 73 13 101 82 91 63 123 96 115 23 30 45 47 55 70 19 122 98
20 18
126 8
1 2 33314671 98896489
2 3 25324082 74936494
3 4 42919960 77306104
4 5 3275908 45296959
5 6 41237782 29050390
6 7 41008922 72731705
7 8 38695683 86232241
8 9 61078753 5482212
9 10 80241605 96084418
10 11 90006821 85221873
11 12 56804994 12860060
12 13 26142204 25407596
13 14 34977908 42521947
14 15 19695352 40723099
15 16 89838039 88499997
16 17 507857 3493780
17 18 87038757 65134061
18 19 97174972 63845991
19 20 74778126 89130878
20 21 26153990 54346152
21 22 86941829 52996684
22 23 13510412 11140564
23 24 26920523 52147031
24 25 98315275 76597510
25 26 9201413 37213404
26 27 14903058 37411132
27 28 55767537 64825560
28 29 64067422 29820821
29 30 78638948 19288683
30 31 30603586 29688414
31 32 10575386 54657345
32 33 79679119 3546150
33 34 45577807 10170354
34 35 44104450 71650212
35 36 47295018 44797084
36 37 7018927 21469054
37 38 30132411 33626551
38 39 29436137 24469747
39 40 13353331 18886823
40 41 69912548 64444569
41 42 52952152 56802593
42 43 25723022 26672907
43 44 38259821 64625721
44 45 63637155 4362110
45 46 68777833 75425635
46 47 2471893 3895253
47 48 92399891 18981489
48 49 58542768 54254689
49 50 96602848 89764006
50 51 52789977 38298410
51 52 63509069 52563415
52 53 11146864 93153865
53 54 71467394 45872506
54 55 80552449 19876139
55 56 7865594 97999966
56 57 74545079 73451474
57 58 68204717 68183369
58 59 60594970 5844684
59 60 71224898 75749956
60 61 91159467 55731575
61 62 50968877 32170576
62 63 32587904 71303915
63 64 64811868 94592905
64 65 18421408 60776324
65 66 71058479 22040518
66 67 32691382 66769585
67 68 12982679 53155298
68 69 28261055 94027779
69 70 66257460 11951281
70 71 7994186 54914761
71 72 27231426 21251588
72 73 10568309 38918195
73 74 75534084 93280887
74 75 11170795 69155107
75 76 75065441 59070197
76 77 62952810 103662
77 78 1353 76097460
78 79 44209334 22934923
79 80 16251902 36793868
80 81 96528470 33915884
81 82 76212832 85779940
82 83 13747337 71263104
83 84 8874023 39112232
84 85 82676293 97856820
85 86 35990034 25846582
86 87 25050 85174020
87 88 29812014 53308305
88 89 12301184 47984314
89 90 36059756 80428706
90 91 98210870 72483818
91 92 38375206 93381146
92 93 10760085 47486463
93 94 98363954 84823410
94 95 84002668 97561736
95 96 65016743 36836998
96 97 16378497 94514303
97 98 51286145 49951879
98 99 58136688 85213366
99 100 1757559 70486005
100 101 33180438 63561701
101 102 36218863 18265164
102 103 72200896 51180826
103 104 42760878 48291969
104 105 76956186 18211109
105 106 10957744 8371487
106 107 86907389 41277086
107 108 31994693 91216796
108 109 25512337 41712099
109 110 80367968 31471896
110 111 5219982 812808
111 112 23435538 60552334
112 113 27433055 2742204
113 114 90277748 90081556
114 115 32061444 83703697
115 116 45430882 39819135
116 117 43403145 5797769
117 118 17310848 30662417
118 119 6695200 8425275
119 120 86816819 65478260
120 121 10219630 48006305
121 122 95286084 83297063
122 123 21673949 44209443
123 124 56803472 48694077
124 125 24540459 69137958
125 126 14052853 87356898
100 58 30 32 51 56 78 92
72 54
26 14
1 2 20746216 87273392
2 3 95495674 75007849
3 4 930906 43896366
4 5 40636874 74251714
5 6 36714107 71384562
6 7 4881074 99679877
7 8 30351634 46254318
8 9 23518857 58912935
9 10 45601743 49600941
10 11 68620512 53674468
11 12 94395868 56516153
12 13 85188529 33209153
13 14 99379408 81361739
14 15 33758245 46634579
15 16 3352343 89598021
16 17 27305318 57697262
17 18 46095371 99518795
18 19 54212137 39220728
19 20 20575816 33196809
20 21 33131593 23335050
21 22 41685584 49942530
22 23 2916418 58860589
23 24 47094542 16035632
24 25 82322345 84751952
25 26 17094460 10209320
4 10 7 20 18 11 26 9 18 21 15 2 19 12
17 5
25 51
1 2 31162242 44459229
2 3 3415522 5931478
3 4 59018040 310594
4 5 59663166 46775528
5 6 89553306 90833427
6 7 3249166 67730044
7 8 58234117 17423773
8 9 51148015 75969885
9 10 73860322 16052021
10 11 97448652 593903
11 12 61179560 64092687
12 13 7131289 50257321
13 14 44698228 88371340
14 15 65446350 48395357
15 16 29903436 83399872
16 17 28169303 96183016
17 18 35260601 65463423
18 19 13614109 21268624
19 20 63526703 90848355
20 21 65078135 12039117
21 22 8880148 67312484
22 23 21073907 55259024
23 24 87559331 88845091
24 25 48977757 42253033
20 19 5 23 25 24 8 22 18 23 3 11 22 23 14 6 16 17 6 2 15 14 7 14 4 1 19 8 24 3 21 5 18 8 22 4 7 24 23 14 6 21 18 20 5 23 1 15 14 11 21
9 15
46 7
1 2 90564027 41862353
2 3 65059715 24199498
3 4 7158010 70122595
4 5 13996246 80654982
5 6 69423210 80867436
6 7 41984456 59106860
7 8 59388009 98199453
8 9 51155588 89617017
9 10 78660749 56093697
10 11 37454521 8192123
11 12 62356959 83588795
12 13 1274820 14082258
13 14 86823849 30974036
14 15 11377445 33563987
15 16 29683429 81430484
16 17 90190346 8550641
17 18 11954758 30581110
18 19 679802 42935
19 20 18332992 46469689
20 21 17956858 4282775
21 22 36348284 43759505
22 23 80967877 31610385
23 24 99018662 74004292
24 25 62675029 54236772
25 26 59136899 22319867
26 27 65468978 89044746
27 28 95363485 13084025
28 29 43881536 89839760
29 30 47736836 67164091
30 31 91114784 10200965
31 32 78921962 20007816
32 33 97858208 27230168
33 34 95658138 96709385
34 35 60720984 78024310
35 36 59783638 7332578
36 37 46013058 3189093
37 38 85613883 40296162
38 39 68765820 29120042
39 40 71479183 11431166
40 41 96979079 95036815
41 42 46934237 73322148
42 43 674120 37026252
43 44 65125360 86184265
44 45 90623158 78088753
45 46 68767008 23819210
10 7 3 31 6 25 4
17 6
55 197
1 2 63082338 12513919
2 3 78636026 51915783
3 4 70243801 20311084
4 5 14044338 3073241
5 6 66869437 92520360
6 7 76110982 13719971
7 8 31129486 47149775
8 9 87373101 89612560
9 10 83183846 13258648
10 11 91151782 3577078
11 12 1188253 84980957
12 13 75356678 6818034
13 14 88313346 5637795
14 15 887560 41792114
15 16 60110236 8216425
16 17 6270675 34306506
17 18 61127052 76150070
18 19 24175900 7223308
19 20 18326975 83024922
20 21 78150608 30170824
21 22 67330508 42185004
22 23 8383266 74283327
23 24 74227697 40401296
24 25 34659827 69496945
25 26 94158294 18582422
26 27 94015241 61270511
27 28 35452480 89551989
28 29 54690034 37159738
29 30 2685860 86712074
30 31 13550557 60554383
31 32 98152191 10228276
32 33 7082200 52704125
33 34 15589447 17250501
34 35 19636046 95440981
35 36 71177495 32380411
36 37 45045490 39674163
37 38 13545671 9241649
38 39 96185160 61245630
39 40 282740 81454181
40 41 98476288 8589297
41 42 48339740 20990428
42 43 78234952 70574221
43 44 23666936 58845431
44 45 20012537 96388114
45 46 35431444 59145028
46 47 90854097 55845463
47 48 90871023 52313558
48 49 22885980 69827907
49 50 54139526 35994531
50 51 26628622 43136553
51 52 8250206 97289726
52 53 45127576 11744499
53 54 52166201 22361382
54 55 77027069 70415202
35 34 43 39 29 43 3 37 21 53 46 53 38 21 41 53 3 32 53 6 33 35 4 29 35 17 28 37 11 46 50 38 43 17 40 34 26 35 21 1 11 54 28 9 23 49 4 33 17 20 41 19 35 8 24 19 1 22 15 14 10 53 54 43 2 24 30 29 49 2 49 26 21 43 20 8 22 24 42 14 7 19 30 34 12 33 43 19 14 46 45 50 30 47 26 41 1 31 52 55 20 22 36 6 33 2 12 51 52 20 43 48 35 49 5 21 44 51 44 10 38 22 36 51 41 18 35 32 1 46 38 8 49 46 40 39 38 11 48 37 29 43 6 49 48 16 32 24 20 9 52 36 17 14 15 33 4 13 51 48 7 22 19 15 28 55 4 54 2 53 9 21 55 15 11 35 19 48 13 34 2 22 15 20 39 46 12 4 3 1 44 12 19 50 30 53 50
42 26
29 29
1 2 77954175 57376202
2 3 13600880 59350860
3 4 92194427 61171829
4 5 87810988 66598538
5 6 16774590 61432043
6 7 76435281 30486482
7 8 3323318 77493577
8 9 20049116 63589335
9 10 63944974 85443093
10 11 38771561 8559417
11 12 2436977 29901778
12 13 91926667 45797538
13 14 8610727 19784906
14 15 25967126 30288400
15 16 52681622 97183200
16 17 1938782 35289306
17 18 69338974 77446817
18 19 41806456 68312340
19 20 16523460 62574603
20 21 49224337 68747790
21 22 68878819 16338137
22 23 44988218 18296864
23 24 25078412 77050971
24 25 89376734 4196040
25 26 64718996 48546006
26 27 86927754 40131683
27 28 63073602 40619826
28 29 82182364 86189606
14 2 5 18 13 14 21 24 22 15 18 8 5 23 17 28 9 24 29 4 26 6 9 24 6 8 7 29 12
12 3
