100
82 318
1 2 39669776 2
1 3 68354297 4
2 4 63859338 8
3 5 16604723 4
1 6 57696604 1
5 7 43370994 8
6 8 22956928 8
2 9 35801118 9
8 10 75418646 7
8 11 78691780 4
9 12 13630715 8
9 13 78285413 9
3 14 28601365 5
13 15 23117960 7
15 16 71307076 10
3 17 57956789 6
10 18 78513324 3
10 19 99041310 9
19 20 67697366 5
3 21 44708126 10
7 22 59345461 10
3 23 4110473 7
4 24 81650541 1
20 25 74972065 9
20 26 91131833 10
2 27 55770786 9
5 28 96593267 3
3 29 46946856 8
4 30 25557038 10
24 31 96516911 9
2 32 76000901 3
25 33 95115193 8
15 34 27678086 2
33 35 60746196 3
33 36 55309557 4
4 37 14369900 8
17 38 39476297 4
27 39 94077252 10
3 40 92501653 4
16 41 81946329 8
7 42 24355983 6
16 43 94209435 3
8 44 2065921 8
26 45 69016766 7
36 46 98186042 7
13 47 78148746 4
41 48 81833005 6
25 49 24784660 10
11 50 62460820 1
46 51 3289299 8
32 52 97432471 4
37 53 25596429 10
4 54 71093942 6
30 55 9301697 10
20 56 3341635 1
35 57 77792744 4
55 58 24067855 5
10 59 77580157 6
53 60 30758459 1
55 61 17479046 5
43 62 35064715 7
52 63 58328982 5
18 64 99527143 1
3 65 36558365 8
42 66 13903023 4
29 67 74255471 9
42 68 97528343 2
62 69 59229318 5
59 70 64425529 6
43 71 85895154 9
60 72 37444058 4
44 73 7389204 9
11 74 89466773 4
40 75 56279378 2
14 76 88622866 4
29 77 98656378 2
5 78 66247078 3
41 79 92939964 4
42 80 49775386 9
2 81 80477483 10
14 82 2945620 3
75 31 1 81 50 16 77 57 26 16 39 2 54 79 37 81 13 62 32 13 48 50 63 55 49 27 73 23 28 39 17 67 77 71 81 2 70 64 42 50 7 54 59 34 46 54 2 64 77 44 46 36 7 2 38 32 74 16 20 27 65 24 69 79 38 48 46 5 39 71 46 32 2 75 33 67 26 81 58 14 60 41 27 64 42 30 9 48 40 18 71 5 21 50 29 53 59 77 50 24 52 43 14 29 23 61 50 69 37 64 35 65 3 28 51 56 24 52 70 4 7 4 73 47 49 65 4 33 5 36 58 80 34 47 14 3 66 79 13 71 21 29 20 24 6 44 55 40 22 42 40 14 21 40 36 12 67 9 31 77 43 46 10 34 29 66 64 67 19 28 61 8 29 5 34 10 66 62 1 64 62 66 21 75 38 26 56 65 50 48 72 23 22 19 15 45 41 12 11 33 45 28 31 54 39 22 33 80 51 26 24 6 38 52 29 58 12 57 34 69 48 16 22 43 13 50 63 55 10 15 77 13 1 53 46 11 49 54 29 14 19 63 69 74 23 48 13 51 14 37 79 70 72 45 74 53 75 3 42 67 30 19 58 27 14 31 24 48 34 43 49 81 8 70 45 65 11 14 80 49 23 2 22 9 46 64 38 20 67 82 24 40 33 6 20 65 58 6 72 53 76 12 4 26 47 45 26 31 16 76 6 9 8 37 7 5 8 15
3 5
495 145
1 2 94789723 10
2 3 15291886 10
2 4 42534136 5
4 5 12941694 6
1 6 21948236 7
6 7 65364085 8
4 8 55339662 5
1 9 13047540 6
2 10 41592541 5
9 11 27632761 3
7 12 35692668 1
4 13 72645849 5
13 14 65608475 1
3 15 37607281 4
1 16 89620171 8
7 17 82688271 6
13 18 75797090 10
15 19 75382998 6
15 20 79766158 1
17 21 31265175 6
7 22 18704028 4
8 23 8360883 3
7 24 80676822 7
17 25 566289 3
21 26 68376717 9
16 27 21676083 10
24 28 27249605 8
24 29 95267610 6
12 30 68210388 4
1 31 81078085 8
31 32 10151513 3
31 33 47194703 6
11 34 90388551 4
6 35 84831170 9
16 36 47097700 7
31 37 66038184 10
32 38 27767538 2
13 39 3756921 3
26 40 34118542 4
10 41 67169588 5
10 42 37506792 6
7 43 66763645 8
35 44 70538510 5
26 45 71243556 1
15 46 69407060 7
20 47 67996184 3
35 48 52695468 3
41 49 87937841 9
39 50 32119555 10
4 51 91665218 4
13 52 94601241 10
14 53 33218727 8
41 54 19239144 6
43 55 77724734 5
55 56 69201448 6
8 57 16687 6
27 58 736998 10
36 59 98205753 9
52 60 40963335 2
1 61 17747058 5
35 62 79557931 3
43 63 28877393 5
60 64 62174372 5
37 65 7176851 9
30 66 34372461 3
17 67 21244536 6
51 68 9567682 5
55 69 88198916 7
68 70 80339876 3
44 71 20898011 5
44 72 73644405 6
22 73 26741697 9
8 74 16816661 3
21 75 14292292 8
24 76 82700452 7
24 77 79432568 3
53 78 43625445 4
30 79 25900505 3
45 80 71052335 5
64 81 96155825 7
12 82 76210787 8
8 83 28117577 2
26 84 45806825 7
11 85 70742781 6
35 86 55024745 1
51 87 725000 7
85 88 13168845 3
86 89 85314746 8
51 90 78493301 1
2 91 35456987 10
38 92 2215418 3
12 93 52036796 8
48 94 72394659 7
34 95 59843508 7
42 96 1966477 8
3 97 62681528 5
20 98 65962959 9
59 99 11502973 9
4 100 26094523 7
50 101 138033 3
42 102 55136323 2
82 103 83537608 7
1 104 5895544 4
14 105 1802922 8
91 106 66782367 7
91 107 29737468 4
16 108 64498388 5
59 109 37787713 8
6 110 98542357 7
23 111 91109643 7
109 112 71898104 4
69 113 53133975 2
80 114 67728286 9
8 115 45084603 9
36 116 50804771 5
16 117 20846359 1
44 118 47616324 4
110 119 51773233 3
84 120 25803031 3
100 121 51168560 3
92 122 5545716 4
61 123 12435787 1
37 124 27981926 4
52 125 18418696 9
121 126 25169311 7
101 127 47835066 9
90 128 34899252 10
20 129 1763908 3
36 130 84598493 2
74 131 70032666 5
66 132 95378277 2
37 133 58684120 9
132 134 830248 3
88 135 18142552 10
87 136 53727231 1
25 137 38764441 5
46 138 9977632 9
23 139 68072037 3
39 140 29706821 7
14 141 10960812 5
83 142 20065147 2
31 143 41006146 6
37 144 19707367 1
87 145 6206821 6
44 146 78581871 1
143 147 77399040 9
27 148 30126555 6
11 149 48782875 8
139 150 31230478 4
14 151 38918230 8
108 152 92266907 3
39 153 63030529 9
92 154 78013034 7
58 155 5306744 1
135 156 45199615 9
15 157 66438468 9
55 158 61265110 3
64 159 50807752 1
154 160 44436120 3
132 161 49730743 5
145 162 23895636 9
71 163 72424064 10
15 164 34411010 7
23 165 920121 2
112 166 53590865 1
110 167 52671454 2
3 168 29034135 5
82 169 12173124 4
61 170 42620043 7
35 171 97803460 9
18 172 61114543 3
172 173 77778955 5
144 174 57681405 7
158 175 88266941 2
44 176 35112035 5
123 177 7282135 2
85 178 48332278 4
168 179 94320214 3
4 180 87305158 10
177 181 30219499 3
98 182 51821312 8
32 183 82720881 1
152 184 30045978 6
101 185 76782560 9
138 186 86007162 9
114 187 63968729 7
80 188 34772990 5
138 189 65598069 5
21 190 57009140 4
117 191 45088036 7
187 192 18611807 6
170 193 96435327 6
52 194 64615821 9
96 195 73462560 3
125 196 58379393 3
7 197 63122829 9
104 198 51871965 2
55 199 64399900 9
84 200 46498236 4
20 201 51745518 6
195 202 61927941 6
158 203 99246907 8
144 204 89296823 1
140 205 25575351 10
202 206 18510455 6
173 207 70182569 9
195 208 38802667 4
173 209 85075530 1
60 210 9280993 3
120 211 94954499 4
147 212 32896300 7
133 213 59440878 10
2 214 61990218 6
125 215 97348532 5
72 216 9234016 7
208 217 22846755 6
203 218 53780631 1
100 219 70186301 5
52 220 52926211 8
174 221 33161540 1
47 222 5878262 1
74 223 94723215 2
130 224 61439942 9
61 225 71909357 5
54 226 33310138 6
9 227 29339552 1
128 228 87898772 4
158 229 83121704 9
181 230 18163009 5
148 231 59110369 6
77 232 14958765 7
100 233 78855072 7
67 234 68327699 1
199 235 52111477 8
216 236 2816720 6
24 237 28189505 2
173 238 43990350 5
213 239 57206052 4
19 240 24016302 2
79 241 23457693 5
102 242 50109609 5
68 243 70056181 2
155 244 59711529 4
212 245 24440357 8
55 246 17034769 2
43 247 4599869 10
6 248 92414330 3
27 249 59867831 4
233 250 68810356 5
36 251 70564106 1
108 252 53781623 2
206 253 5294333 7
22 254 44722401 2
141 255 98970253 1
239 256 92458396 4
81 257 4034455 9
144 258 26255603 5
146 259 46300260 10
81 260 70475453 3
187 261 41658581 4
39 262 34118310 6
131 263 36443707 8
157 264 29499240 5
183 265 26832108 3
156 266 97678942 6
74 267 40765067 2
48 268 31674677 7
14 269 96245475 4
267 270 84288343 7
32 271 98253002 9
132 272 95225580 3
219 273 7833728 3
122 274 28966618 8
230 275 39100210 10
112 276 70903159 6
245 277 79263716 4
126 278 33635084 4
77 279 114913 4
18 280 13292108 2
249 281 57321470 3
9 282 59161927 4
118 283 67648656 2
237 284 88915509 3
92 285 46810871 4
52 286 63399073 3
123 287 13413275 7
87 288 83759618 6
62 289 44548202 9
279 290 93612456 9
152 291 49840929 10
182 292 8676476 6
171 293 11136956 6
259 294 35573121 4
145 295 57752401 10
49 296 10273831 4
2 297 18423749 4
149 298 19263023 6
138 299 63743734 7
234 300 50115058 4
174 301 30498788 8
281 302 33955027 6
242 303 63770442 4
216 304 15854749 9
12 305 5548961 6
205 306 9935037 9
198 307 38929965 1
160 308 33523525 7
68 309 72072781 10
59 310 87475323 6
126 311 57014283 1
170 312 55387648 5
125 313 28630149 3
188 314 98758345 10
298 315 55499527 2
133 316 57384317 9
185 317 2870477 1
237 318 50470415 1
65 319 27391373 2
186 320 96630479 9
53 321 31681036 6
135 322 34148087 1
190 323 76169370 4
236 324 8804427 1
23 325 81417610 5
226 326 60960912 5
130 327 63819158 8
289 328 66129283 5
207 329 94655299 2
310 330 18122285 9
81 331 63883350 9
141 332 3161326 3
311 333 75161228 3
248 334 22787302 6
111 335 12141143 7
298 336 372088 7
64 337 24532508 5
73 338 49979618 2
183 339 60921321 9
149 340 68432231 7
222 341 96457165 5
333 342 50017220 3
130 343 73265210 9
20 344 12589862 7
227 345 93418113 6
187 346 64446134 8
109 347 13054856 7
65 348 64146717 4
320 349 51644370 1
304 350 3342972 2
254 351 24160268 5
300 352 80198618 6
204 353 12009576 3
345 354 50218223 8
130 355 69074325 5
52 356 86312343 1
216 357 42059029 2
228 358 7670766 7
293 359 26002674 4
253 360 34960613 8
36 361 40533057 1
289 362 61321596 7
208 363 77507301 1
135 364 47479979 9
25 365 48415539 5
125 366 10523117 4
77 367 29700382 4
247 368 42452283 6
217 369 76463284 5
273 370 84369305 3
91 371 16983306 1
106 372 41508460 1
303 373 73182402 1
106 374 85232259 3
278 375 24157292 8
305 376 34032429 3
27 377 42597177 8
206 378 92354128 7
71 379 51122508 5
331 380 15541630 10
300 381 15129356 2
33 382 66486699 2
243 383 96398955 2
187 384 45588218 6
373 385 77706314 5
229 386 91236045 8
61 387 86103324 6
32 388 15343854 4
54 389 74559165 2
149 390 62422825 7
63 391 15816006 1
128 392 7009477 10
58 393 42237562 9
356 394 91372704 3
130 395 71794556 8
112 396 69449469 5
305 397 18517063 6
323 398 63055718 1
155 399 60363659 1
314 400 38553525 4
286 401 8990029 10
106 402 41440951 1
117 403 38155621 4
316 404 78508918 7
42 405 5000975 3
249 406 746344 4
103 407 57583594 7
269 408 5379391 2
279 409 71822085 1
267 410 60721064 3
55 411 70910342 1
166 412 41316641 6
318 413 71384764 8
47 414 82460410 8
2 415 88126896 8
400 416 50366690 4
65 417 23275369 1
71 418 65182132 10
164 419 93322048 7
278 420 1514450 1
235 421 74936796 3
374 422 91121394 6
52 423 39943018 9
80 424 27888324 5
151 425 59991623 1
365 426 41213732 1
255 427 52450737 2
207 428 54403821 1
285 429 37746774 3
388 430 28511527 5
131 431 52013509 2
126 432 41321428 5
5 433 46096240 2
372 434 72301850 5
118 435 22943091 5
433 436 27659867 9
115 437 43615347 2
179 438 84754565 6
394 439 53254293 10
136 440 63922912 3
143 441 78672507 10
176 442 64288884 1
118 443 3738036 4
84 444 62736407 4
435 445 31351036 8
195 446 20339403 5
258 447 79898211 8
103 448 61438256 9
340 449 22242389 4
3 450 41054263 1
294 451 65084761 6
160 452 9154814 5
367 453 4822628 2
438 454 21780273 6
163 455 45065901 2
322 456 65869820 7
193 457 31833036 7
24 458 60388855 6
269 459 84195149 9
167 460 89945563 1
310 461 87376914 9
268 462 60413780 4
327 463 10715069 5
64 464 58201165 6
6 465 45933684 5
401 466 77329920 3
181 467 41447868 1
44 468 45961440 1
244 469 30028227 8
280 470 30245221 6
381 471 63101884 7
93 472 47514311 6
353 473 3476502 2
355 474 25026464 4
207 475 18176316 4
330 476 66122795 10
293 477 95366362 10
364 478 57594963 2
247 479 93946599 7
239 480 63150114 7
387 481 49240651 8
113 482 41459133 8
141 483 8186161 6
276 484 88025528 8
346 485 47351879 9
78 486 55085367 7
236 487 71318760 8
93 488 33746676 4
247 489 28647629 8
487 490 19766838 4
456 491 32521731 7
477 492 23686256 1
220 493 59454506 6
275 494 18264492 8
410 495 98521000 2
458 383 448 267 221 358 296 489 7 50 409 412 346 109 340 204 117 306 3 437 180 189 298 412 142 20 407 183 2 106 458 210 468 337 156 41 417 267 148 304 317 288 47 386 75 79 464 149 75 43 172 206 370 302 391 353 332 74 375 268 391 240 164 108 466 71 491 436 431 265 331 268 250 339 292 261 70 44 247 38 122 161 180 30 74 82 142 467 24 77 48 355 219 85 49 325 46 159 174 14 465 421 124 494 65 154 390 404 457 2 34 69 44 359 493 428 437 204 152 115 445 369 350 212 139 202 161 318 279 388 286 19 393 158 272 141 41 237 319 91 119 113 331 114 233
26 40
412 342
1 2 76393157 1
2 3 5787269 7
1 4 23647314 6
4 5 90869210 2
3 6 13877194 6
2 7 16799841 8
2 8 14640327 3
2 9 70409000 2
3 10 50075005 7
3 11 35830652 2
9 12 86248987 8
11 13 18857814 3
1 14 6928747 5
2 15 14575109 3
2 16 35255976 3
13 17 99052348 8
16 18 50230996 8
16 19 35729549 3
14 20 45592130 5
3 21 56574404 4
21 22 44973778 4
17 23 16638900 3
21 24 63857473 6
12 25 91053256 8
23 26 45917347 6
15 27 61926490 2
2 28 79538634 8
20 29 47371013 3
5 30 28999374 1
6 31 38409654 10
16 32 4050988 1
25 33 77125893 8
33 34 69789302 9
18 35 17703350 7
12 36 59143904 6
20 37 3821118 3
33 38 59885114 3
32 39 4300993 3
26 40 89627453 10
27 41 39518785 5
41 42 77196149 4
12 43 71600024 6
18 44 86223615 5
36 45 20092576 10
5 46 29632573 9
18 47 71598066 8
31 48 30837390 3
45 49 84215840 3
11 50 53915518 2
41 51 46296032 8
25 52 96008974 10
30 53 12296559 8
16 54 76225148 6
28 55 55519311 2
13 56 91462287 4
35 57 60803993 7
14 58 6414774 7
31 59 50650433 1
55 60 84027644 2
44 61 36499263 4
15 62 59523609 5
10 63 11022887 6
11 64 33060021 7
27 65 80063061 2
53 66 19283340 2
7 67 33615444 9
5 68 28666184 3
55 69 42034170 4
55 70 39308924 7
9 71 32199727 9
11 72 9001625 1
68 73 15939334 7
8 74 93646742 7
40 75 58663585 6
71 76 69614709 6
46 77 66821502 4
27 78 35640428 2
43 79 15422842 10
21 80 12673246 8
75 81 49426222 5
1 82 17317493 2
13 83 59939583 8
15 84 84803280 5
49 85 76019092 10
58 86 93793011 2
3 87 64051026 1
25 88 60550776 7
10 89 10562944 9
4 90 13533105 5
73 91 78795626 3
87 92 10575858 6
28 93 68108520 4
76 94 26622785 6
90 95 81438024 9
3 96 37192258 4
78 97 65555958 5
75 98 50950107 2
95 99 47271441 3
32 100 37566550 6
11 101 12142854 6
48 102 50734626 7
27 103 10502113 9
97 104 91088510 5
7 105 39563340 2
41 106 71003092 7
50 107 25036838 5
95 108 86474403 1
7 109 27215171 7
14 110 12641533 1
75 111 18769932 7
51 112 86788043 2
88 113 55001921 6
67 114 13154392 2
110 115 66224956 8
109 116 61515023 9
61 117 58628970 6
72 118 24074409 3
93 119 11508938 9
48 120 88225050 1
59 121 19740017 2
57 122 85288252 4
115 123 17395844 4
42 124 60457409 10
101 125 1647858 8
106 126 5086922 9
17 127 80793206 4
88 128 39080215 6
59 129 31825790 5
53 130 24526286 10
71 131 91521686 1
10 132 11299911 6
4 133 24974678 2
80 134 30058591 6
76 135 13403297 7
84 136 45214170 3
114 137 48425123 5
119 138 51378386 10
67 139 17044521 7
45 140 36136722 7
57 141 32852153 6
43 142 72920971 9
104 143 79923114 8
143 144 83832640 7
96 145 26763887 10
108 146 97866689 7
8 147 90485274 1
21 148 23403355 6
118 149 54506073 2
120 150 29017400 1
44 151 95251400 9
142 152 31655939 7
108 153 81432170 2
42 154 27397432 10
152 155 31959447 8
58 156 77624801 5
69 157 55432130 7
123 158 33534217 9
114 159 49150994 9
68 160 90941618 6
103 161 76743719 3
36 162 43193879 5
137 163 82289720 9
104 164 94036883 7
19 165 65355173 7
70 166 8474421 5
115 167 51457413 9
20 168 51980436 4
51 169 23719046 3
39 170 87755142 1
157 171 53776508 3
17 172 74215699 4
67 173 46741140 10
10 174 79416277 10
84 175 32978415 5
97 176 90665252 3
171 177 53482239 10
144 178 32728557 5
165 179 10019877 9
127 180 84481977 7
121 181 94173166 7
181 182 79639485 1
72 183 98228148 1
167 184 89101574 1
43 185 29278520 5
92 186 24512151 9
148 187 43320637 4
109 188 163920 6
18 189 7556532 8
168 190 26722110 7
28 191 68531415 6
182 192 7824329 10
23 193 72787600 1
179 194 56889758 10
106 195 14924017 8
88 196 6889952 7
7 197 94557770 4
61 198 96806544 10
85 199 19232476 8
54 200 78979055 7
61 201 38499619 7
40 202 42832782 2
13 203 89758431 2
173 204 25766075 2
66 205 85407689 9
44 206 70290729 3
23 207 12895973 5
65 208 86627218 4
82 209 63094495 2
115 210 75313291 10
25 211 69431019 10
95 212 3035493 3
171 213 94989507 3
43 214 19941605 7
121 215 17227550 5
174 216 61788154 4
173 217 48955252 5
84 218 79547836 8
41 219 17293991 5
140 220 80487154 3
218 221 11411597 2
197 222 82330711 5
218 223 93993824 4
127 224 46892616 2
182 225 21757239 1
89 226 72231679 10
56 227 33028587 6
139 228 95690157 1
161 229 15495819 4
77 230 74803571 10
106 231 94892577 9
211 232 54588226 7
172 233 82477219 5
58 234 15116568 2
189 235 6896193 3
39 236 42585562 1
132 237 38669390 4
109 238 66314405 3
201 239 86694042 1
79 240 46025538 6
227 241 80893600 8
204 242 1219141 1
1 243 56614949 1
19 244 37995402 1
91 245 35903317 4
235 246 67913585 7
40 247 6623347 9
159 248 91239976 8
170 249 82806487 10
209 250 15231989 6
110 251 54302087 1
217 252 49682630 3
125 253 49440219 3
233 254 78873525 2
137 255 11925960 4
122 256 70405433 4
201 257 17836014 10
194 258 59578331 5
231 259 88520404 8
11 260 76459985 7
183 261 81485492 4
209 262 87193234 3
15 263 64334803 4
134 264 45459261 3
97 265 82208903 5
41 266 99787911 2
135 267 5473827 6
264 268 93376209 8
189 269 46074507 4
198 270 76826436 4
231 271 15977175 7
246 272 36341290 5
150 273 41724743 1
85 274 6971374 2
60 275 46647931 2
177 276 53614680 5
68 277 55185122 7
167 278 60582674 6
21 279 14570815 8
28 280 77079269 2
83 281 75033950 7
24 282 53449745 6
56 283 33656426 9
204 284 78755095 10
161 285 19169963 3
137 286 95048175 6
192 287 18451157 4
216 288 47689893 5
24 289 65951930 3
138 290 49301816 2
34 291 80084388 7
211 292 99422643 3
40 293 62546215 1
87 294 24856753 4
246 295 32803650 1
83 296 93187156 5
132 297 5727135 8
30 298 72983128 3
163 299 50308808 9
28 300 57244842 5
229 301 8291350 4
39 302 29950735 7
292 303 81878662 8
123 304 81684095 10
229 305 40489626 7
70 306 71047973 4
249 307 80635665 3
156 308 42011839 5
2 309 38081315 8
167 310 39132669 4
47 311 46035655 8
147 312 26432733 8
200 313 97590883 10
111 314 85502296 7
22 315 26021171 3
175 316 88120086 2
202 317 39444234 5
310 318 64296539 2
145 319 86334297 8
156 320 5638168 10
109 321 40141908 7
275 322 98062299 6
153 323 94347207 2
123 324 4248876 6
233 325 6414059 6
306 326 68545145 7
33 327 65898875 10
57 328 62854465 10
200 329 14951271 9
280 330 91460145 3
146 331 3198477 5
113 332 62339106 4
250 333 97252063 2
282 334 13145445 8
83 335 21270941 10
116 336 67661275 8
162 337 6838289 6
36 338 26397539 6
303 339 47639524 6
114 340 7205814 5
165 341 67832696 8
177 342 1186032 10
134 343 87885156 6
39 344 53080641 6
23 345 4921998 1
339 346 91155732 8
144 347 97011168 3
60 348 80600978 8
341 349 39403070 5
24 350 3573287 2
118 351 513425 3
8 352 48772929 2
99 353 52298524 5
121 354 99183601 10
73 355 32615167 2
165 356 12164783 9
53 357 94911702 2
247 358 87248538 10
36 359 49819406 3
248 360 63995553 5
128 361 99441239 3
179 362 45751401 7
107 363 18984861 10
211 364 66184562 6
165 365 96040877 6
109 366 79785275 10
149 367 83131784 4
193 368 23765567 10
182 369 10616451 2
13 370 7724466 9
284 371 87300703 2
327 372 70336780 5
221 373 70715133 3
75 374 49089582 6
315 375 27037808 1
261 376 75058009 5
225 377 93809140 10
147 378 98309604 1
62 379 2797381 9
305 380 88147448 7
288 381 8562428 2
169 382 65431715 10
176 383 38380007 5
80 384 65158440 9
29 385 10449379 8
85 386 8645508 4
344 387 84811142 9
273 388 63308879 5
385 389 5777729 2
255 390 65089700 4
193 391 57547723 10
115 392 21498514 3
153 393 47006619 9
260 394 44221662 5
278 395 48450266 2
387 396 68099067 10
388 397 19275201 5
69 398 30401141 6
116 399 50201393 2
281 400 17308591 5
153 401 68747809 9
171 402 70077019 9
362 403 55050256 1
18 404 58776936 7
159 405 34511356 5
214 406 75296428 7
381 407 96452177 2
51 408 88474619 6
113 409 84686325 1
98 410 9328215 2
350 411 56215307 8
330 412 500382 10
150 257 275 213 47 132 20 295 182 408 41 398 381 151 219 258 70 71 381 29 30 258 195 133 149 63 363 257 222 342 286 36 85 58 301 387 301 382 331 219 117 407 194 340 118 183 180 149 234 235 267 50 121 398 111 176 132 223 14 66 353 403 144 287 191 162 37 257 75 125 368 174 111 263 316 253 271 249 389 283 330 272 10 144 126 180 115 350 392 153 277 356 20 277 115 248 378 238 162 12 177 44 37 202 124 320 66 315 237 58 55 29 138 126 144 245 402 59 379 168 391 88 28 22 41 210 124 72 98 368 280 118 368 218 223 404 199 151 155 55 53 235 349 337 227 280 156 52 180 100 61 60 217 58 235 182 164 179 388 317 30 96 329 196 189 163 294 59 30 40 90 75 45 315 16 342 133 253 147 349 25 159 311 152 238 162 31 202 245 406 225 365 17 361 10 191 356 126 114 94 213 82 15 94 242 98 255 382 213 261 349 334 8 42 47 306 70 33 345 101 308 175 251 254 37 285 264 263 92 73 341 222 43 343 15 259 351 226 16 202 157 65 172 52 27 104 56 192 400 213 326 295 19 231 22 139 300 195 222 407 217 262 14 337 169 98 60 395 139 402 130 78 335 353 214 132 298 63 89 213 118 179 264 168 302 340 229 285 50 53 152 149 169 209 52 267 201 149 238 155 252 269 317 66 12 238 251 299 387 321 392 356 412 403 39 246 139 48 331 74 4 162 369 301 206 377 303 150 94 24 261 137 69 323 318 70 31 321 235 358 59 40
240 79
337 342
1 2 12051198 3
2 3 66730016 5
3 4 55727362 3
4 5 97031341 7
3 6 73990267 2
2 7 55628833 7
6 8 52418163 7
8 9 31209523 4
2 10 3586463 4
9 11 91824962 2
1 12 51179415 2
3 13 43566202 4
1 14 80555210 5
13 15 90298154 10
11 16 90971552 4
16 17 62434203 10
9 18 97139239 4
6 19 56303707 5
14 20 46627224 1
9 21 14760710 9
7 22 37500836 5
10 23 88525631 7
21 24 67307066 9
6 25 48512836 3
18 26 96028650 4
1 27 18000927 3
2 28 72084092 4
9 29 28081597 6
11 30 10588133 5
15 31 26252175 10
25 32 8216408 9
1 33 10121566 10
28 34 16065893 5
7 35 54804656 5
3 36 66949130 8
28 37 39531583 9
30 38 41005062 8
28 39 42911910 7
16 40 56412740 9
28 41 83559032 1
14 42 82324227 10
2 43 53764557 2
40 44 27368619 8
24 45 27974480 7
2 46 77142810 7
1 47 30503597 1
24 48 95897808 8
45 49 97306111 10
14 50 74805826 3
28 51 95619839 3
38 52 92947010 6
40 53 33018730 4
1 54 14413427 5
40 55 93281280 3
9 56 49026769 1
45 57 51013472 6
23 58 64481238 7
4 59 50339457 5
39 60 89949431 8
15 61 87703708 9
58 62 35182086 6
39 63 90920021 10
35 64 97338652 8
2 65 96487972 4
8 66 2414736 2
53 67 86282891 6
60 68 59057089 3
53 69 40071613 9
51 70 78941550 4
62 71 77720775 9
68 72 26996401 4
31 73 17474888 9
52 74 78392802 6
63 75 49035541 3
20 76 39057493 10
56 77 75474657 2
26 78 48237659 8
15 79 7413200 1
63 80 71692902 2
53 81 51004286 5
41 82 3346920 7
56 83 22895282 8
64 84 50160653 10
34 85 96119460 8
1 86 26736602 8
8 87 81693711 5
4 88 98401426 10
65 89 21190155 1
4 90 52045272 2
82 91 64608131 9
13 92 25450840 10
13 93 259441 10
15 94 40492373 5
28 95 67164970 6
31 96 66479994 7
9 97 62798622 8
56 98 22194664 8
43 99 10946716 7
43 100 40193837 4
97 101 80501527 8
45 102 87371326 5
42 103 43779834 1
66 104 94107731 5
76 105 24298233 10
12 106 83784782 2
43 107 50451446 5
3 108 15947544 3
55 109 20877162 3
44 110 73501913 4
63 111 73470595 4
19 112 24697556 3
80 113 16946888 9
32 114 7576510 10
26 115 48199398 8
31 116 74326932 5
79 117 42076514 3
97 118 5760209 6
96 119 45234721 1
16 120 27108207 2
85 121 5168941 8
80 122 16784190 6
66 123 15979076 2
106 124 38509591 5
110 125 4321329 10
115 126 58457342 1
81 127 48794915 10
54 128 17351594 8
123 129 83529118 10
2 130 4887373 1
125 131 94698631 5
73 132 39540589 6
14 133 10376005 8
124 134 43707521 7
90 135 9257569 3
127 136 7053496 5
26 137 66989631 8
56 138 96612578 2
43 139 46492338 5
122 140 94457562 9
111 141 68847750 6
84 142 6716256 8
51 143 41397277 2
13 144 53093848 8
77 145 37932473 8
113 146 74765784 5
108 147 29134822 4
85 148 9053942 6
94 149 62368734 8
123 150 55756388 3
63 151 84561932 9
55 152 58807235 5
9 153 69452755 10
56 154 37567657 6
41 155 30567008 9
121 156 3308592 10
41 157 68597534 4
69 158 98858651 1
128 159 89311023 1
120 160 22807162 4
153 161 32636202 5
83 162 83006628 5
161 163 39998191 6
103 164 25890472 4
138 165 52241290 7
33 166 3135631 7
159 167 59960417 9
92 168 4843092 5
30 169 51573316 9
94 170 65128170 2
63 171 93303549 1
123 172 34064650 5
142 173 49183789 1
9 174 32768453 3
43 175 76490559 9
5 176 36325357 3
97 177 37520235 6
145 178 28294217 1
51 179 34114164 9
164 180 77881233 2
15 181 40566615 8
6 182 31928593 9
12 183 2936408 5
167 184 86288412 1
102 185 4127746 2
114 186 34695514 7
88 187 45588502 7
15 188 25098616 3
111 189 59272610 4
170 190 67507416 10
131 191 89387345 4
91 192 59862646 7
55 193 1713218 7
134 194 82280540 2
186 195 96930955 3
94 196 22415219 4
183 197 10254310 4
147 198 86457696 9
94 199 70511881 10
78 200 63561273 10
89 201 469208 2
120 202 49719172 2
186 203 72815545 5
125 204 57677371 9
182 205 1874329 4
76 206 92956423 9
8 207 78094724 3
144 208 88094073 9
104 209 21816304 5
171 210 53172264 8
22 211 40884789 4
163 212 53225667 4
4 213 23768278 8
187 214 48468358 2
13 215 44279319 7
34 216 94817459 7
16 217 43063156 9
109 218 67718782 4
88 219 97770632 8
30 220 92936680 8
51 221 11765109 4
156 222 24066215 7
61 223 61400402 6
220 224 95500003 3
214 225 47053978 7
65 226 98718107 3
31 227 9239873 4
212 228 90367902 9
171 229 79843418 8
217 230 70753552 1
135 231 89355058 8
46 232 40237489 3
49 233 50207995 1
66 234 48091206 7
41 235 26414632 10
1 236 3846146 4
82 237 19087638 9
45 238 90455016 9
31 239 7610450 8
109 240 46604158 10
181 241 47455796 8
176 242 28557025 10
167 243 36175506 9
21 244 57980830 7
12 245 93716620 3
233 246 55764489 10
125 247 94871860 3
212 248 89392182 10
58 249 83684280 4
135 250 63624070 3
208 251 37809565 2
76 252 62927824 6
151 253 23482070 1
103 254 64297836 5
64 255 96961557 2
97 256 97132033 3
107 257 47136128 8
247 258 87485570 4
113 259 30236394 5
163 260 90162432 3
183 261 92799551 8
14 262 26992786 8
152 263 26592569 3
8 264 43333086 2
220 265 55167521 10
263 266 88462449 4
95 267 54349737 6
193 268 77358180 4
97 269 86262127 8
245 270 10135309 6
146 271 61879056 4
206 272 88342673 3
146 273 62124079 5
92 274 62461691 7
73 275 86553837 1
164 276 91040575 1
273 277 75763557 9
236 278 29458591 1
14 279 25606973 4
128 280 10803652 2
82 281 99264364 3
250 282 10972114 1
140 283 62428703 6
23 284 98613 8
175 285 62846385 7
70 286 48578056 9
13 287 38759971 9
188 288 11358379 8
50 289 30328998 4
113 290 33765870 8
252 291 2504306 6
188 292 5124039 4
78 293 25547097 5
32 294 73094902 9
93 295 69665901 3
31 296 57589723 7
73 297 69152385 1
263 298 22616562 3
70 299 39120175 1
20 300 98522565 1
115 301 83969127 1
298 302 28242673 5
207 303 13600999 10
303 304 65862058 7
274 305 77486990 7
299 306 44425203 8
163 307 94905359 5
220 308 76767263 2
259 309 55322651 6
41 310 15267444 3
168 311 48018250 5
33 312 66318401 5
110 313 14854120 8
81 314 15356156 1
18 315 50070518 1
218 316 54623530 5
252 317 71567509 2
282 318 60589711 3
180 319 17494289 3
103 320 30124960 10
144 321 81525584 2
63 322 27965804 10
317 323 10372150 9
148 324 85487544 9
216 325 20935028 4
35 326 64129971 4
219 327 48468145 4
134 328 67848114 5
227 329 5211442 2
47 330 6801417 1
306 331 30653745 2
218 332 43195805 5
81 333 38537332 10
232 334 55054120 8
52 335 77949615 2
66 336 68451423 2
248 337 32980643 9
293 261 331 240 139 313 129 233 60 257 225 167 186 114 200 271 23 312 289 1 231 238 36 11 132 8 198 290 112 252 249 92 105 78 200 6 86 68 222 319 142 24 52 224 28 57 238 91 268 99 232 329 206 323 59 272 6 98 55 221 139 285 4 46 49 2 16 93 144 16 159 99 328 207 302 241 180 2 239 138 309 225 77 182 259 279 245 103 186 270 197 8 63 12 83 284 178 28 94 184 274 42 204 12 85 333 305 157 132 47 116 189 187 307 49 203 25 299 1 164 325 239 31 37 318 156 90 13 163 123 82 22 113 132 19 227 277 254 15 208 19 69 142 272 101 310 190 34 142 143 331 253 299 177 75 64 154 184 81 283 27 26 165 11 209 208 223 285 39 304 186 160 39 118 20 324 305 124 282 192 66 120 66 200 264 185 255 269 314 161 146 287 294 287 256 316 2 199 2 21 125 46 252 28 123 190 162 298 295 103 85 309 87 151 207 112 168 224 271 213 23 327 232 3 303 222 245 143 308 36 131 224 290 110 117 238 127 153 70 297 107 7 168 227 133 160 42 25 58 221 230 179 17 176 53 159 232 67 43 321 220 156 165 33 169 5 170 35 320 73 77 57 28 79 232 217 302 174 259 178 278 79 273 17 75 216 48 228 17 45 254 133 61 159 334 213 97 268 315 239 179 186 271 252 224 2 41 266 150 172 1 165 24 47 21 306 242 185 86 216 189 302 209 59 118 25 282 27 228 192 304 283 97 306 200 103 150 286 233 285 252 330
8 207
110 323
1 2 94700915 9
1 3 92358489 7
3 4 84424869 4
2 5 98668182 1
4 6 75837792 4
6 7 71974221 6
4 8 92850351 2
4 9 54571341 3
9 10 27573289 2
8 11 49585733 5
9 12 23238747 7
4 13 12424437 5
4 14 97030418 9
4 15 38039577 10
13 16 43362197 7
9 17 56784055 8
8 18 37200851 6
14 19 97343115 3
16 20 18115072 10
15 21 97901784 8
10 22 68383754 4
4 23 10335853 2
16 24 98436283 9
8 25 26147216 4
13 26 27004417 1
17 27 13062473 7
18 28 51917888 6
15 29 6150876 2
20 30 71863428 10
5 31 83801220 10
4 32 65216203 1
25 33 9177704 1
29 34 1651796 4
31 35 79356172 8
7 36 2876627 6
1 37 65433679 7
4 38 29281032 2
36 39 2655966 5
10 40 29377262 2
20 41 52790372 4
4 42 6545335 10
4 43 20440164 8
2 44 34799795 5
6 45 1407089 10
8 46 94509808 10
3 47 53915422 4
14 48 92967303 1
46 49 86564834 6
14 50 51473104 3
10 51 58026199 4
5 52 58171386 5
12 53 44578879 9
44 54 97062893 3
51 55 31541857 7
50 56 89269066 9
1 57 77781542 9
44 58 91746192 1
21 59 10073008 10
48 60 30184874 5
44 61 74281624 3
31 62 93029564 10
16 63 54630672 2
30 64 22518842 1
5 65 57622099 10
9 66 84366380 2
17 67 24965079 6
29 68 95581135 8
56 69 3971959 4
39 70 64866250 2
9 71 1137389 6
40 72 69252883 8
20 73 29926757 2
59 74 10254175 4
73 75 64774901 8
64 76 9051070 7
44 77 93906791 10
26 78 23235073 7
23 79 81695455 6
3 80 77866217 3
27 81 13550735 2
39 82 59788888 1
26 83 17582650 1
77 84 71980883 7
34 85 96901278 3
67 86 83548269 10
15 87 64417988 9
22 88 89241070 6
46 89 82033863 2
62 90 90979078 7
80 91 44181260 1
79 92 81689966 8
72 93 53313934 5
47 94 9626923 1
68 95 1947648 5
93 96 24298363 8
82 97 95401438 7
40 98 93475866 3
89 99 9922194 2
37 100 82467181 7
24 101 11681820 6
2 102 93070165 6
95 103 16391633 9
44 104 2819104 2
84 105 40846946 9
53 106 54811062 3
94 107 88901615 1
78 108 38496041 9
34 109 86026621 2
47 110 44945678 2
38 57 40 26 92 7 48 31 53 3 108 79 39 82 81 75 64 57 60 100 93 20 55 35 100 13 31 8 26 45 47 19 85 30 96 77 48 13 10 108 28 61 79 44 95 76 39 104 106 65 55 69 98 84 88 37 23 107 70 2 1 51 103 48 83 91 109 65 42 24 60 72 74 5 93 19 50 70 38 20 109 73 87 60 91 86 57 100 19 95 40 63 24 31 87 28 83 31 79 18 67 87 8 16 14 92 97 60 4 68 16 6 39 91 76 58 40 60 74 102 43 48 37 54 104 31 78 45 67 45 21 69 16 33 103 46 4 75 6 84 18 35 39 7 5 1 104 101 33 109 43 33 104 66 62 27 30 12 18 96 105 16 80 34 73 105 43 83 22 108 15 3 101 90 15 80 65 47 12 50 60 67 108 59 22 70 109 96 85 108 36 22 100 5 71 33 26 57 41 36 56 86 104 34 3 21 53 70 79 23 21 12 80 22 5 11 44 11 6 3 73 101 85 109 83 82 53 48 67 27 9 99 106 83 55 94 73 99 53 103 46 52 95 16 4 63 84 5 27 20 103 30 108 52 62 88 39 81 90 44 17 15 32 87 61 106 35 101 64 8 56 30 3 35 37 52 57 76 97 23 11 44 34 38 16 19 109 2 62 23 34 20 50 17 18 82 35 53 107 86 96 30 37 7 11 58 54 69 20 27 43 12 50 100 54 80 107 104 61 77 49 34 90
27 17
163 39
1 2 43012109 7
2 3 58191906 9
3 4 16873117 1
2 5 48488501 10
2 6 92051760 7
1 7 51030516 2
1 8 84740680 9
7 9 93623657 6
3 10 284100 7
1 11 23059772 8
2 12 35005764 2
12 13 2217448 6
12 14 20689203 6
14 15 41892839 5
7 16 78734614 6
12 17 75317478 5
10 18 98653754 1
4 19 80768482 10
17 20 95986677 7
1 21 43531221 7
18 22 31501326 4
6 23 26791842 6
22 24 63082596 10
10 25 66957061 2
12 26 23003102 9
12 27 5759756 9
9 28 2820268 10
15 29 44183671 6
25 30 39743242 1
19 31 62235049 5
24 32 65103618 2
26 33 68217000 8
21 34 16303291 2
18 35 46643746 8
25 36 38784682 1
13 37 35460937 7
37 38 5984550 10
9 39 71979722 9
3 40 27564170 5
32 41 35805589 6
27 42 18358034 2
41 43 23393660 1
12 44 35669014 1
12 45 5146910 5
14 46 91169072 2
43 47 62692294 1
32 48 98913384 8
12 49 48951434 1
31 50 35327309 8
33 51 42461449 2
10 52 12707855 4
23 53 97045008 10
29 54 41658583 7
4 55 85986311 8
27 56 53216007 3
45 57 46975640 6
22 58 61492268 8
52 59 99177587 4
53 60 79041085 1
39 61 21076081 5
7 62 60370242 6
52 63 7050962 4
14 64 83870035 9
24 65 16584214 3
44 66 69138235 6
4 67 17328968 3
53 68 41695065 1
52 69 1782774 6
41 70 50526962 9
65 71 31838073 7
46 72 15849628 3
7 73 94039502 8
68 74 91408680 3
36 75 97929398 2
42 76 416747 8
55 77 50918074 3
60 78 46944816 2
14 79 78420854 6
49 80 12955933 7
27 81 17308582 1
53 82 83098622 7
46 83 73566691 8
13 84 19891162 8
5 85 14362409 6
35 86 69603238 10
42 87 62513162 1
59 88 89481207 4
26 89 98623845 5
89 90 94364459 4
24 91 4839206 8
70 92 88042570 1
44 93 2694572 8
65 94 97393727 1
31 95 69203133 8
85 96 3681262 7
74 97 53137484 9
26 98 58201058 7
80 99 44453143 8
3 100 12754779 5
68 101 11891066 8
4 102 81579505 6
85 103 23304253 10
30 104 21246815 8
30 105 98266631 3
89 106 58752354 10
9 107 26869026 6
84 108 81917948 4
72 109 41303578 10
101 110 30246855 5
52 111 60509947 4
29 112 31123776 7
79 113 24512624 5
36 114 10405315 4
8 115 52601092 5
17 116 77114095 2
102 117 61996374 2
3 118 80169620 10
61 119 61262019 2
29 120 17438005 9
14 121 32644035 9
12 122 12824101 10
83 123 64585139 6
79 124 6694810 8
33 125 35754142 4
86 126 66165226 7
85 127 2327728 5
16 128 77155592 9
45 129 53958979 9
61 130 84700712 10
56 131 96365656 5
91 132 33805378 9
126 133 61590945 10
62 134 99247967 5
54 135 98494474 8
113 136 81177632 2
89 137 7137740 6
72 138 23928787 2
75 139 87379542 7
64 140 5468568 5
49 141 17594901 10
50 142 21128966 2
70 143 66658810 1
36 144 76500512 8
44 145 3635320 9
91 146 16601354 7
91 147 3346010 3
128 148 42994605 5
59 149 43056942 6
121 150 47481019 9
24 151 39961219 8
89 152 72150623 3
41 153 60600596 4
105 154 59304066 8
77 155 44246361 5
62 156 20611661 7
6 157 85041398 10
84 158 60809940 9
38 159 73769890 9
157 160 5492273 9
134 161 88919535 1
91 162 19905617 3
83 163 94842201 1
98 136 133 137 74 109 91 66 90 87 64 107 139 13 135 56 28 103 83 107 57 134 8 126 64 132 77 143 137 81 17 72 86 159 14 131 133 56 154
89 106
300 471
1 2 97568855 4
1 3 62060637 3
3 4 56068429 5
3 5 1895540 9
2 6 19764922 2
4 7 5779750 3
5 8 21453829 10
7 9 75539525 5
8 10 67954125 8
3 11 15879619 2
11 12 42673567 7
2 13 42558765 4
2 14 76467475 1
1 15 10479364 5
1 16 80243058 10
9 17 76482343 10
2 18 68124347 10
15 19 33194180 9
2 20 94959609 9
14 21 20958989 7
1 22 3046463 9
14 23 46438290 7
2 24 68379648 8
12 25 75975628 9
3 26 97251863 3
20 27 4559710 3
14 28 45220111 10
14 29 40363737 3
9 30 76155773 7
21 31 38445890 1
18 32 99570249 10
27 33 4758286 5
5 34 76581708 10
30 35 9644139 10
2 36 71487485 5
22 37 50314608 6
3 38 12653793 9
28 39 53324052 10
26 40 64885883 8
29 41 3025563 4
26 42 74335261 4
42 43 44813353 5
31 44 80248598 1
43 45 25120330 5
35 46 20838025 5
24 47 74243196 3
22 48 83859467 7
25 49 37511744 3
30 50 79375867 8
39 51 2112067 9
26 52 88901069 1
48 53 45152437 7
34 54 37494301 10
39 55 53522032 6
34 56 60695329 3
39 57 88319488 5
21 58 8160593 3
21 59 77379479 2
19 60 54794465 8
21 61 6384825 9
6 62 7424322 3
40 63 80140615 2
50 64 64431412 7
49 65 24549509 9
51 66 71281058 4
11 67 90144618 2
1 68 18806185 2
44 69 43001656 8
36 70 812998 8
30 71 50139237 9
42 72 16514512 6
39 73 34572271 3
57 74 58743907 5
60 75 39794225 7
67 76 72487958 1
37 77 93844998 8
71 78 77662194 9
19 79 20168683 3
79 80 37492106 2
30 81 33855370 3
75 82 85415520 10
61 83 34455780 1
66 84 16874014 4
69 85 50958646 7
36 86 64302219 4
30 87 61389592 4
47 88 81257698 10
42 89 8662498 1
22 90 39765292 7
65 91 17944019 4
75 92 58316651 1
25 93 75954828 6
52 94 58055944 10
92 95 36849202 9
49 96 91701114 5
85 97 21550462 10
46 98 76992074 5
69 99 71973206 6
83 100 63678355 5
1 101 4173511 8
15 102 10964812 4
70 103 6782283 2
24 104 14482205 2
32 105 38210552 6
50 106 55283655 4
38 107 83819780 10
23 108 51870976 4
81 109 14274973 9
10 110 7475774 3
74 111 73855540 5
37 112 37380459 1
33 113 6856783 4
1 114 65392969 6
89 115 23002890 9
65 116 10368250 10
99 117 33377323 4
58 118 84907424 5
114 119 40059011 2
78 120 89904624 7
51 121 24286961 8
41 122 88185967 2
107 123 94989733 7
89 124 29294412 5
69 125 5100075 2
36 126 85179280 1
89 127 55215178 8
12 128 17505966 7
83 129 84174318 8
54 130 39469555 10
8 131 42995048 4
34 132 19328509 5
95 133 68811240 2
75 134 24327910 1
60 135 71981595 3
133 136 72280107 10
16 137 69098777 3
15 138 71776562 1
60 139 50069753 1
63 140 96177612 10
83 141 92191514 6
126 142 96708303 4
64 143 60746751 6
103 144 76767710 3
11 145 29896239 1
128 146 11741681 6
129 147 76018188 3
27 148 65181755 10
61 149 24281269 7
44 150 93715288 3
134 151 82474919 7
73 152 58361142 8
16 153 67684396 2
72 154 91286097 10
26 155 31730302 8
150 156 30351351 7
79 157 56293552 5
70 158 47518556 4
33 159 14214925 8
50 160 312307 8
132 161 80860281 2
95 162 40377248 7
104 163 44563067 2
132 164 15217699 3
44 165 48884899 7
163 166 3550935 8
151 167 47853452 2
100 168 51945313 5
118 169 42833536 8
8 170 71443778 10
167 171 2086677 7
106 172 10738455 10
76 173 12408191 10
148 174 28858405 5
56 175 31643793 7
91 176 38006641 4
101 177 88066723 2
125 178 28796967 3
136 179 19127029 4
158 180 75033458 8
77 181 8261092 4
161 182 12862151 2
46 183 6705848 2
90 184 59127629 3
161 185 23124608 5
15 186 40506548 2
57 187 19970782 9
187 188 31423150 1
130 189 59409136 7
170 190 36815153 9
130 191 97942199 2
44 192 57030980 6
77 193 80115015 7
148 194 27430620 9
15 195 28433574 7
72 196 89819066 3
153 197 4289169 10
96 198 40988513 5
156 199 73774363 7
132 200 98996263 9
174 201 55089464 8
10 202 18939033 10
179 203 97081639 8
38 204 57252243 5
139 205 48312014 3
166 206 19719559 9
69 207 51008710 10
144 208 71021895 3
120 209 94885578 2
31 210 87522898 10
90 211 55479637 6
143 212 99239047 2
196 213 55649916 6
94 214 8036452 2
170 215 95819821 1
18 216 12727110 3
105 217 18489636 6
149 218 98950946 8
46 219 67393231 10
139 220 30843586 2
206 221 84111758 4
214 222 22565451 5
51 223 11969402 10
26 224 59567921 7
114 225 52667106 3
110 226 70269942 5
108 227 2248872 10
140 228 18454481 4
19 229 7632725 2
114 230 33475657 4
136 231 3988740 8
66 232 4294350 2
223 233 20774167 4
35 234 90057587 5
12 235 1944240 7
20 236 34826257 6
80 237 4090864 2
40 238 38148641 4
233 239 71295806 5
178 240 53166857 8
102 241 94822621 4
62 242 64242397 10
110 243 68447032 7
78 244 40782780 3
228 245 47433528 9
28 246 86387826 1
63 247 88163172 8
61 248 24698739 3
49 249 70907917 2
8 250 21617401 4
222 251 21702202 1
44 252 20706019 6
240 253 85610815 4
243 254 15806370 10
62 255 71253445 10
87 256 91376489 4
88 257 92232087 6
169 258 53173280 6
167 259 21530627 9
90 260 84625974 8
112 261 41576086 5
20 262 58962437 9
261 263 51010656 2
96 264 23126113 5
184 265 30118691 9
27 266 35109567 8
222 267 25477698 4
260 268 7768286 2
234 269 650544 7
71 270 45946810 8
259 271 28891021 7
146 272 2179483 7
192 273 58349282 6
56 274 35720798 1
22 275 52646155 1
120 276 52483980 10
132 277 67541510 9
144 278 38290812 1
1 279 56056636 3
101 280 77766937 9
153 281 95391932 4
267 282 16711290 8
264 283 24355037 2
237 284 70947386 4
126 285 44069805 2
164 286 63262186 4
105 287 38296988 3
169 288 58317311 3
263 289 97722247 10
190 290 91900149 9
62 291 98792101 1
37 292 55760381 4
191 293 6757257 9
160 294 11830212 8
110 295 61756278 8
240 296 96074567 1
101 297 38091588 8
26 298 10602998 2
288 299 7530773 5
237 300 86097294 4
69 82 254 16 47 20 23 233 298 250 193 209 115 48 42 10 122 130 82 197 166 66 17 164 161 98 181 160 235 33 69 78 73 191 198 206 277 98 59 276 88 273 63 34 166 190 279 36 290 157 91 24 42 47 256 7 29 89 116 228 194 146 218 31 130 98 73 33 150 228 83 243 207 73 226 190 124 156 16 216 239 13 223 75 206 44 238 122 114 45 286 156 113 133 175 225 182 96 279 52 29 263 114 78 27 258 39 109 213 98 145 53 277 61 44 104 186 65 59 219 160 294 287 282 159 187 208 190 243 5 233 253 53 143 130 290 128 163 73 216 214 281 21 4 171 29 296 107 93 240 13 14 171 224 256 88 73 253 75 128 236 73 12 93 282 132 198 20 66 195 91 206 209 18 72 99 74 101 280 33 69 292 106 298 175 65 23 270 300 224 271 62 140 241 287 228 248 13 75 208 90 120 179 299 49 287 121 7 71 138 2 100 279 8 217 187 157 147 103 50 94 239 180 290 73 173 179 34 222 66 193 200 34 182 47 82 105 14 45 16 101 97 170 8 256 191 111 142 38 172 137 196 33 30 164 262 125 50 225 207 205 42 31 237 135 196 15 6 18 173 86 61 106 65 148 106 229 280 188 293 152 10 216 189 212 165 51 45 31 150 106 186 205 190 262 110 67 182 107 215 278 207 127 67 277 224 297 257 295 19 253 27 233 22 8 187 46 295 156 174 1 255 247 297 159 193 239 92 211 287 96 238 96 56 255 172 6 162 15 24 186 8 186 67 95 259 250 124 248 110 77 88 107 59 91 289 252 219 78 81 80 41 254 225 209 41 263 101 119 94 118 98 73 289 204 297 250 171 29 78 247 80 72 210 39 21 275 154 261 30 167 68 271 281 129 133 92 65 234 112 215 164 226 89 26 87 150 205 291 149 114 284 291 70 100 232 189 130 64 3 68 58 162 115 12 37 119 85 109 5 30 55 162 87 293 237 147 58 7 79 182 230 209 132 242 80 224 51 229 245 241 220 52 142 272 53 94 187 202 34 135 6 28 266 93 299 123 70 12 295 129
46 183
52 415
1 2 45150542 1
1 3 71437764 6
1 4 15437501 5
3 5 48600185 2
5 6 34767662 1
2 7 22620093 7
6 8 81969212 3
5 9 9395829 3
6 10 72743420 1
3 11 13771187 9
9 12 50297164 3
6 13 6378120 8
3 14 57335202 7
3 15 66078677 10
8 16 12521594 9
13 17 76953844 10
1 18 96551033 5
1 19 42751614 3
4 20 70277670 3
12 21 38606568 7
21 22 11891631 3
6 23 69148084 3
20 24 95836420 8
14 25 30961698 6
2 26 8222879 3
1 27 30899936 9
3 28 89778543 4
23 29 3188747 9
21 30 82303164 4
3 31 9825526 4
19 32 9653879 5
8 33 19763984 10
14 34 79734216 7
26 35 69127951 1
30 36 72651645 1
17 37 45569174 6
11 38 92421978 1
29 39 65534198 5
12 40 68143910 5
13 41 72186411 3
16 42 32941877 5
22 43 52014641 3
11 44 64607204 3
7 45 62614169 1
10 46 60774314 10
43 47 94965675 4
21 48 59138195 5
40 49 52313014 8
22 50 53842693 5
18 51 39164643 5
34 52 20503646 5
49 44 43 31 21 51 20 40 4 2 19 49 31 32 29 8 11 52 50 12 25 8 16 1 33 8 33 15 10 6 12 52 48 43 40 37 44 27 7 23 32 4 13 36 41 9 1 39 21 50 28 14 42 21 4 46 12 20 9 29 19 13 51 35 15 27 7 48 43 32 12 29 46 16 18 13 6 20 28 14 51 6 43 16 30 2 27 41 14 28 32 29 13 38 26 34 25 26 4 29 19 41 43 8 32 46 36 15 8 52 14 8 48 7 37 24 37 22 26 37 21 44 49 15 29 44 7 48 2 24 30 39 24 41 45 39 30 36 6 23 42 25 11 48 36 10 31 47 42 48 52 13 45 12 23 16 15 40 20 17 33 42 33 23 9 5 8 32 15 29 45 37 34 25 30 12 28 5 50 9 1 51 3 38 36 44 16 18 32 27 49 52 34 37 38 8 7 18 19 1 27 43 28 50 51 49 17 29 46 49 43 39 51 37 45 35 12 37 16 7 16 18 16 20 50 14 48 45 30 11 17 1 25 26 16 6 30 16 50 10 21 7 10 27 30 32 15 33 46 39 20 25 51 52 3 30 13 14 11 35 26 31 2 25 26 9 42 8 36 16 48 52 28 6 24 38 12 22 8 29 25 26 31 16 48 20 26 6 34 30 19 10 36 6 42 44 43 33 25 15 27 32 4 35 40 52 8 10 14 3 49 19 7 23 1 5 47 49 48 9 36 29 50 27 13 34 9 4 44 30 16 9 28 35 26 44 49 16 24 23 2 40 43 6 41 51 25 7 49 19 47 20 32 11 30 36 6 30 23 8 26 30 47 9 15 17 38 26 13 1 18 4 25 14 42 37 48 15 38 43 40 13 50 21 6 9 35 5 42 50 17 16 49 44 52 32 45 16 1 7 29 32 24 49 52 31 50 49 50 46 31 4 36 5 48
23 6
110 371
1 2 59328726 3
2 3 56425143 9
2 4 20697186 8
1 5 29343851 5
3 6 95459833 6
5 7 78812176 10
5 8 10541923 2
2 9 74562957 1
6 10 81806842 2
3 11 31257067 10
5 12 52290540 9
1 13 87725209 10
11 14 12872891 2
12 15 22909753 7
14 16 42829801 6
12 17 79578548 1
4 18 96218618 5
2 19 85144676 7
9 20 1740270 3
4 21 3147077 7
1 22 37947444 4
22 23 75645659 6
17 24 28569294 1
18 25 72006073 9
21 26 51622931 10
23 27 63576732 9
4 28 86433719 2
25 29 34127043 8
28 30 95612969 9
3 31 11157461 3
25 32 44788898 7
13 33 85835234 10
11 34 56509398 5
30 35 32699057 8
19 36 57488879 4
10 37 86169991 2
31 38 66150491 6
37 39 31993796 4
9 40 76410917 7
24 41 76810715 8
10 42 51122723 10
1 43 11218947 6
7 44 36818637 6
1 45 87480289 4
1 46 98693120 10
20 47 20343062 4
46 48 27967517 4
37 49 27357495 1
39 50 27569465 7
41 51 38689366 2
21 52 36649406 4
49 53 18066258 8
3 54 34786670 5
5 55 93941534 7
29 56 75594854 6
32 57 79506681 2
10 58 23708842 8
7 59 44841385 8
42 60 72546835 7
55 61 36027081 3
8 62 94246312 9
60 63 81921498 5
8 64 78283394 9
17 65 63674443 2
54 66 83963290 2
8 67 30866960 2
60 68 11653458 10
19 69 19650732 7
47 70 25619408 6
46 71 97805462 8
40 72 52594350 8
46 73 74608849 3
8 74 4448169 9
28 75 46508576 10
16 76 68538179 8
40 77 77698598 7
3 78 35411717 5
23 79 8429603 9
21 80 23071433 2
18 81 57465948 1
38 82 53618827 4
32 83 96209296 3
80 84 86335227 6
41 85 31853749 6
9 86 82130554 2
45 87 19033633 2
5 88 34577206 10
54 89 96207566 7
79 90 98282931 4
21 91 135490 5
3 92 18986324 1
81 93 74854279 6
10 94 36822757 10
79 95 34447384 6
9 96 21374662 9
46 97 59742409 2
65 98 41330828 9
15 99 65685959 4
21 100 68566638 3
13 101 29028153 3
23 102 23233806 1
100 103 77829548 5
1 104 43217283 8
75 105 78748680 4
25 106 82023574 4
14 107 93897929 10
102 108 54238872 5
22 109 70448354 10
15 110 87350796 4
37 1 52 46 97 55 86 9 56 34 54 83 69 80 103 35 9 110 76 48 52 78 106 90 109 100 54 57 71 47 77 48 67 84 58 75 1 109 30 7 93 84 11 39 65 97 59 84 43 40 36 19 100 62 50 60 88 41 102 77 45 98 28 36 73 49 30 60 85 15 21 40 2 90 84 87 96 9 103 11 41 44 24 37 78 27 36 31 95 66 16 52 7 5 18 105 66 3 16 84 5 82 51 25 103 95 98 2 31 22 38 50 13 45 59 104 87 110 41 16 7 52 1 41 51 89 87 73 58 18 37 76 108 5 80 52 53 51 16 66 58 50 106 38 12 80 73 53 51 35 28 76 88 44 36 15 22 63 18 109 76 51 37 109 64 96 84 46 13 11 33 50 107 16 48 78 101 31 2 58 51 108 80 81 105 77 52 5 29 104 68 89 23 42 8 44 52 38 105 98 7 70 29 103 88 16 82 83 45 4 99 35 27 3 55 3 7 20 89 56 109 70 101 107 105 108 81 14 34 7 13 67 87 24 104 15 64 99 16 56 87 98 95 105 57 40 36 90 38 36 74 81 28 22 48 91 81 5 12 13 51 98 12 61 27 18 66 109 41 105 6 79 16 8 56 21 104 8 110 24 90 56 21 101 59 25 42 44 110 73 101 103 62 42 79 2 64 84 28 98 76 102 58 74 25 78 10 34 78 9 106 38 24 89 66 38 23 56 35 76 15 43 24 38 53 32 48 34 63 36 2 46 61 19 54 109 33 62 16 38 8 67 99 102 39 87 3 25 103 48 13 62 17 3 4 40 76 34 69 20 96 22 62 3 54 6 107 1 6 29 69
25 18
413 409
1 2 76002737 3
1 3 19873193 9
3 4 34129353 9
3 5 53243929 4
2 6 96628889 6
3 7 21112016 10
1 8 45407770 2
3 9 3846160 2
7 10 16962640 9
4 11 56806705 2
11 12 42991106 1
3 13 79636987 1
11 14 64184683 6
6 15 8670094 1
2 16 79915799 10
14 17 68114159 5
7 18 79287859 6
12 19 19609647 7
5 20 76298419 7
8 21 46097389 2
21 22 41821826 7
12 23 62513822 7
8 24 43494660 6
16 25 97523663 6
7 26 22988617 5
14 27 64432703 4
26 28 51748190 8
12 29 10908036 10
22 30 8781374 2
6 31 81942410 3
7 32 75343631 6
18 33 43978215 4
27 34 9735925 1
15 35 74002005 7
18 36 43036498 3
6 37 33379506 6
17 38 56930199 7
28 39 55402535 10
4 40 57509470 8
38 41 30327411 10
10 42 48966518 4
28 43 36927954 5
29 44 89332984 1
1 45 84937886 1
23 46 24440968 8
25 47 35852851 2
15 48 15646430 3
19 49 15002676 5
49 50 97146724 4
49 51 20381579 3
5 52 64236888 7
2 53 72826253 4
29 54 32813666 8
45 55 400254 8
53 56 14791081 10
31 57 53166066 9
36 58 5200431 7
14 59 13161110 1
35 60 17334190 1
52 61 46086521 2
59 62 73958139 1
13 63 28962211 4
62 64 70273143 9
23 65 60630993 2
19 66 50599207 3
61 67 82344494 7
67 68 71432406 2
59 69 1596458 5
67 70 66266829 8
14 71 21976992 8
25 72 43169104 9
30 73 92017819 2
3 74 1470463 1
55 75 80778486 6
56 76 16463429 9
55 77 93454560 6
60 78 37355524 2
32 79 37144149 1
48 80 95418799 10
5 81 9343319 6
75 82 77550195 4
12 83 51960592 3
20 84 76948641 8
8 85 86152778 6
40 86 6820438 2
71 87 49801719 10
77 88 87077002 3
14 89 84680992 8
69 90 27660861 8
39 91 84592914 2
26 92 47876767 4
12 93 50735342 7
35 94 83529749 8
6 95 44609511 9
64 96 88896432 4
11 97 78882371 1
62 98 6921138 5
44 99 6660341 10
1 100 22971856 7
7 101 238285 3
77 102 38927659 10
8 103 40554031 10
87 104 71167873 3
44 105 55008244 4
3 106 40754543 3
18 107 88200319 5
74 108 12355341 4
33 109 47568822 6
41 110 41430886 9
7 111 72538112 8
97 112 31821936 4
101 113 11302166 4
83 114 26559822 9
74 115 43474558 2
11 116 30843811 1
69 117 9615164 10
108 118 41362601 8
86 119 8989126 2
108 120 30100963 7
73 121 45352142 7
112 122 44691909 10
44 123 42407860 5
82 124 75678158 5
54 125 47880009 7
10 126 98060797 3
9 127 77798725 2
93 128 59920481 10
99 129 42433851 8
42 130 30193844 6
50 131 14942579 4
124 132 19014511 3
120 133 99995772 8
41 134 27500388 10
59 135 3432892 3
71 136 58013157 3
62 137 88310340 6
4 138 21527022 7
5 139 78272623 9
64 140 34988617 10
59 141 94752016 7
99 142 45806822 3
28 143 74362465 9
46 144 39891837 9
137 145 19531247 7
12 146 14795236 1
82 147 70696673 6
76 148 99870844 6
105 149 89724599 9
27 150 58072075 3
36 151 33824288 2
15 152 1262707 7
77 153 15028494 6
145 154 41396672 2
141 155 88631990 7
91 156 76442414 5
48 157 21983573 3
127 158 9938314 5
65 159 51954789 6
19 160 22811311 6
16 161 81040591 10
138 162 17570344 3
88 163 43828537 8
150 164 36005571 1
59 165 38823005 1
125 166 18445975 1
48 167 40085497 9
89 168 46472859 7
10 169 92888615 2
67 170 57964705 5
67 171 39067391 10
65 172 20808332 5
106 173 28297468 10
162 174 85509722 4
144 175 60756217 1
116 176 84950535 7
21 177 78313257 5
144 178 62676595 3
151 179 59082366 4
64 180 4226247 9
40 181 39311142 3
71 182 14129045 2
126 183 67368934 8
4 184 1790835 2
155 185 31497928 7
27 186 45511643 8
96 187 46525523 7
28 188 88044759 9
151 189 99127914 4
173 190 99717525 3
143 191 77315997 8
41 192 44153717 5
129 193 61882583 5
108 194 47563574 7
91 195 41808754 3
105 196 20296228 1
153 197 80251451 6
180 198 27645957 5
46 199 75234802 1
85 200 66291869 7
69 201 89439857 9
26 202 8378711 6
82 203 56659756 10
185 204 82557626 10
42 205 32816483 9
160 206 62302381 2
55 207 38460679 1
155 208 77263328 9
40 209 20501889 8
207 210 10942623 10
201 211 51639754 4
122 212 59639201 7
72 213 98545497 2
127 214 55954614 6
8 215 89990518 7
95 216 13099471 1
35 217 3305261 1
178 218 43645375 2
191 219 63842803 6
176 220 21753504 1
43 221 25170753 9
136 222 16537711 8
19 223 7817290 3
164 224 41032372 5
41 225 8871598 5
53 226 29080162 8
201 227 82809262 1
133 228 62227549 9
222 229 72906672 3
4 230 67474427 3
79 231 27960213 4
152 232 45404462 5
22 233 18517094 7
38 234 38271560 7
208 235 6988511 10
2 236 41231408 8
155 237 67025888 3
111 238 40876313 10
231 239 48433353 6
65 240 44688170 7
198 241 26688792 9
4 242 49013447 5
201 243 42402500 9
158 244 71143703 6
212 245 45527151 10
45 246 87397657 5
18 247 9375649 3
164 248 67614212 4
18 249 23682306 1
210 250 36675799 6
23 251 57582747 6
106 252 16840946 1
227 253 66722313 7
236 254 61405496 6
246 255 58186143 8
118 256 83460388 7
37 257 64874010 2
136 258 49103615 4
236 259 69416103 6
154 260 7378111 5
143 261 85087342 6
170 262 22801716 1
252 263 57279470 2
156 264 19619421 4
236 265 79103232 2
62 266 59623338 9
83 267 90881567 5
103 268 62005779 9
148 269 80849542 9
78 270 60077546 3
113 271 81546357 1
110 272 96483728 10
174 273 90147030 7
64 274 66332476 4
177 275 45707703 8
266 276 53362362 7
55 277 501091 9
26 278 9593928 9
160 279 85945849 1
110 280 82326829 3
246 281 62585946 2
166 282 2346132 2
223 283 92140088 5
117 284 103167 5
239 285 8047246 3
109 286 25473428 1
122 287 53331589 2
273 288 31065339 1
205 289 13292655 6
49 290 12439418 4
177 291 155102 7
270 292 78406434 7
20 293 22893232 6
148 294 93055517 8
123 295 52712994 3
120 296 8716852 2
207 297 23973938 5
109 298 3258193 5
137 299 53895388 7
271 300 81911181 7
21 301 58537806 3
227 302 52419853 2
178 303 28665546 3
135 304 6014327 8
188 305 13873267 9
54 306 3932121 7
42 307 94152805 2
113 308 25058857 6
71 309 7684997 4
35 310 79272311 8
135 311 97076289 8
267 312 55493076 10
235 313 54580782 10
46 314 26932634 4
65 315 87832210 9
207 316 12361972 6
262 317 84251789 3
90 318 28147593 6
113 319 92824896 9
104 320 17345631 5
152 321 55102495 2
143 322 19184089 8
40 323 63433316 9
84 324 20487244 1
148 325 3942569 6
52 326 50161020 10
151 327 20370776 6
204 328 51419980 1
45 329 78956494 3
150 330 62751384 9
305 331 88789419 1
179 332 73784864 1
35 333 29107235 7
149 334 44928599 7
269 335 95801409 7
126 336 94913251 9
200 337 555504 8
47 338 29216884 8
40 339 5691476 3
232 340 41455356 3
106 341 43802800 1
225 342 53244902 1
44 343 60827372 3
153 344 87525720 9
339 345 66745037 6
86 346 9143649 10
41 347 75844975 3
225 348 56055040 5
333 349 33235253 3
241 350 59001769 9
209 351 70615976 8
190 352 83693248 7
131 353 27862185 5
224 354 73384622 8
117 355 85664311 4
163 356 13840548 5
260 357 82715480 7
305 358 24643827 8
277 359 23291803 9
115 360 61607220 10
15 361 21281589 1
343 362 78896427 5
283 363 31217589 10
325 364 35929608 6
315 365 84722294 1
35 366 87652802 4
145 367 117737 6
51 368 54894737 10
353 369 18286426 8
127 370 73416902 4
176 371 73597115 6
209 372 70255905 8
68 373 6682959 10
251 374 33463132 8
96 375 75424 5
361 376 12469204 3
214 377 61242377 4
362 378 34494051 4
313 379 48916643 7
309 380 61812029 8
282 381 80215700 6
259 382 55029340 4
138 383 73388073 8
231 384 42199955 3
117 385 90905369 9
353 386 46874121 7
253 387 15580588 3
248 388 75313464 10
37 389 18688737 6
113 390 99638900 5
295 391 8262787 3
112 392 67242892 9
200 393 24513955 10
16 394 62157028 4
343 395 88975648 6
346 396 55248399 4
168 397 44196092 1
77 398 93154092 9
352 399 72316526 7
193 400 67393927 6
142 401 38943960 7
315 402 95341702 8
16 403 81367831 1
200 404 54814381 10
18 405 36776105 4
57 406 86663553 7
133 407 33907094 4
73 408 13978480 9
47 409 78412268 9
41 410 79715503 3
158 411 75165500 7
227 412 25321226 10
302 413 16861304 7
154 321 264 351 285 358 162 297 208 10 413 288 104 79 409 248 233 81 10 293 21 27 121 143 142 176 179 363 209 375 337 305 69 81 374 358 89 283 6 194 407 100 375 97 289 90 362 260 211 258 143 117 227 9 340 215 183 100 106 108 141 225 349 131 404 293 85 264 365 3 71 302 381 148 177 350 405 117 290 41 117 30 62 252 58 344 170 185 194 306 220 206 310 186 220 117 59 79 218 396 124 347 372 41 85 394 108 52 168 306 154 238 336 138 166 283 39 21 43 298 56 162 196 127 36 193 143 115 81 118 330 65 158 145 172 3 135 43 107 104 225 229 277 273 173 169 106 395 127 341 181 378 16 306 192 353 350 342 162 175 71 279 338 268 240 194 331 390 240 335 326 287 15 193 220 234 226 175 284 168 401 98 401 331 38 257 386 304 108 340 288 107 276 68 175 96 374 31 129 390 74 88 75 363 251 361 129 80 131 236 173 43 205 7 44 60 318 127 118 15 73 127 242 373 350 220 34 89 276 100 216 148 271 335 244 307 91 231 139 408 317 217 118 48 247 101 173 318 28 279 258 334 299 212 39 41 308 169 146 18 67 402 323 185 210 28 155 19 90 181 410 282 139 397 63 83 145 310 300 64 187 43 189 5 366 381 142 351 280 143 121 284 53 297 232 353 269 93 352 206 45 250 312 378 163 110 111 72 239 335 155 177 183 63 203 144 46 359 375 256 384 205 159 59 120 342 113 375 2 97 351 161 53 331 217 120 35 138 20 337 205 285 283 60 328 44 134 209 320 53 126 370 62 314 223 70 145 391 113 302 159 120 155 179 300 259 99 54 384 342 70 47 344 201 387 193 14 88 8 150 36 284 197 88 161 197 365 300 4 306 142 96 351 172 102 146 211 182 323 126 78 404 92 308 19 299 312 92 124
79 32
215 346
1 2 39204059 6
2 3 38458440 3
1 4 81854550 3
4 5 68851314 3
5 6 50186519 9
6 7 57313029 8
6 8 72367740 2
3 9 37271202 8
9 10 81428101 10
3 11 21714157 6
10 12 74851245 10
8 13 37777345 4
3 14 50010707 4
2 15 89820696 10
13 16 76641748 9
10 17 65240358 8
16 18 52013007 7
5 19 15666741 6
10 20 86034522 8
3 21 65347666 4
21 22 2843277 7
18 23 23753194 5
13 24 916152 2
10 25 56859334 3
1 26 48643343 10
8 27 61510787 10
20 28 70495608 3
6 29 79881674 9
1 30 3609639 5
16 31 59075359 2
26 32 8218755 5
21 33 94019776 9
10 34 15557987 2
24 35 51958133 2
20 36 85162363 5
30 37 26366259 7
30 38 58530168 3
19 39 80964018 6
14 40 54510464 4
6 41 51067454 8
9 42 16530125 3
27 43 62078113 6
42 44 44019651 9
17 45 76309277 7
30 46 731022 6
21 47 319074 9
13 48 5378499 4
39 49 70672810 5
22 50 87219534 6
24 51 13654642 1
51 52 19572035 7
45 53 24261328 3
12 54 76256981 4
47 55 37067281 6
17 56 5597918 7
22 57 77235011 10
15 58 37148230 9
4 59 79272191 8
56 60 76559012 8
30 61 47548701 7
12 62 9064316 4
61 63 32698924 7
51 64 31860395 1
61 65 84228401 2
43 66 14516527 3
32 67 42796667 4
20 68 31905583 7
16 69 49038060 8
29 70 55102930 3
36 71 80576757 5
47 72 97463119 10
27 73 94937206 8
33 74 4525101 1
23 75 75196136 9
51 76 96853558 8
13 77 10973073 5
54 78 99387299 1
58 79 19236655 10
55 80 2210629 2
23 81 8276171 8
56 82 58872181 4
9 83 2340715 4
36 84 3453313 4
52 85 53096653 9
10 86 99159059 5
55 87 75123818 8
5 88 92401595 7
43 89 5996569 6
3 90 21589823 6
6 91 23285740 10
21 92 32658415 1
5 93 45595133 7
4 94 28479660 7
48 95 79741330 2
19 96 37674758 9
18 97 42028043 8
25 98 23299336 2
56 99 2658249 10
55 100 63407734 10
81 101 2516507 6
1 102 52689224 1
5 103 21464250 1
101 104 20790702 8
48 105 11489945 4
25 106 13850207 9
85 107 18746111 4
56 108 77370033 1
64 109 5732280 8
94 110 5551223 10
7 111 11732435 9
41 112 66518489 7
34 113 48675675 9
92 114 51320945 10
11 115 28939002 1
108 116 25239327 3
49 117 30150993 10
87 118 12764368 10
42 119 95629068 9
28 120 62489191 8
82 121 66173304 6
20 122 8664274 7
16 123 4682659 6
43 124 84464041 2
72 125 20099549 1
107 126 51137406 2
102 127 68365136 10
3 128 29132594 4
29 129 9269904 3
20 130 33173315 8
71 131 15793196 2
51 132 61251160 6
96 133 23380618 3
7 134 89344559 2
2 135 89196116 10
75 136 41235422 7
57 137 26635211 5
92 138 27242347 8
136 139 57667030 4
9 140 14860390 3
46 141 51072761 3
95 142 41716383 2
79 143 11325148 10
71 144 36482655 4
56 145 24646380 5
57 146 15000293 2
31 147 30288975 9
94 148 52473777 1
131 149 83966271 5
108 150 86482193 6
116 151 97823751 4
53 152 91249455 10
132 153 76146802 10
124 154 89041284 3
125 155 18010313 5
35 156 41305517 1
62 157 77255967 4
11 158 54876342 10
85 159 5963274 6
75 160 53851296 2
66 161 34399252 3
73 162 8911034 8
79 163 9097679 4
159 164 21774869 6
34 165 58237770 5
56 166 96773074 4
8 167 50543867 10
86 168 22648367 5
158 169 22290294 10
63 170 33916178 10
132 171 60333327 9
63 172 82863070 4
29 173 13760610 5
132 174 22722761 5
146 175 21926833 10
60 176 90487901 2
95 177 1274720 5
102 178 61803276 4
94 179 33180502 9
50 180 98486218 10
135 181 19637284 5
169 182 1209205 6
151 183 19514239 3
105 184 69613846 5
133 185 7430448 7
94 186 69406255 2
137 187 51369772 5
130 188 73442352 4
60 189 19167213 6
78 190 63162932 7
161 191 99075919 6
163 192 99905163 2
117 193 82504498 5
22 194 68881621 9
117 195 53693907 3
68 196 37189972 4
183 197 97172233 4
193 198 92995952 4
118 199 86162883 1
175 200 94486960 4
174 201 45929841 9
62 202 17910965 3
4 203 61286636 2
21 204 56691599 10
71 205 63237883 8
134 206 1235148 8
157 207 90296291 2
200 208 7569267 8
43 209 14456876 9
105 210 14672636 2
50 211 17524835 2
145 212 86293315 2
103 213 8865855 10
34 214 66123820 6
31 215 51992063 1
73 52 175 54 72 45 146 80 180 206 73 185 147 16 210 121 108 104 107 176 199 11 60 28 95 207 211 111 115 61 209 208 163 47 18 4 185 79 120 115 162 38 18 48 86 121 43 192 14 145 184 32 92 130 89 98 126 115 129 134 69 24 209 184 197 63 41 121 148 214 49 89 5 130 91 140 117 138 173 205 213 26 25 44 136 192 73 11 158 159 26 159 5 59 161 154 98 101 24 18 1 46 129 193 156 8 128 207 146 118 10 110 189 146 105 17 62 15 166 73 153 213 181 175 195 181 179 71 103 144 78 22 195 205 4 9 151 57 123 210 65 206 166 59 169 202 49 108 149 172 16 43 212 75 194 78 23 122 39 182 155 82 197 84 173 56 3 136 42 103 65 40 109 125 99 59 152 122 215 192 30 198 128 170 84 179 211 167 21 18 5 46 134 191 98 65 33 44 145 161 156 165 68 65 84 132 61 51 207 62 28 198 134 73 95 142 81 120 172 136 36 68 163 151 51 47 68 143 82 77 68 124 205 37 62 147 60 172 41 12 156 60 74 45 211 5 177 209 120 141 69 181 69 199 215 81 155 46 188 17 136 95 148 56 10 207 94 152 51 29 72 45 121 92 42 189 93 59 206 60 170 183 32 147 11 166 17 87 184 15 103 132 34 132 158 40 115 126 132 196 187 31 72 159 110 120 195 135 195 49 26 188 122 188 24 210 213 27 84 44 137 115 36 35 60 44 57 69 133 58 140 155 2 166 16 22 195 176 133 90 202 120 133 58 170 103
67 32
352 469
1 2 80952579 5
2 3 72448077 10
1 4 1507818 8
1 5 30066670 3
2 6 34058986 9
4 7 20307727 8
1 8 37873604 7
3 9 885127 7
3 10 41922078 4
9 11 66765614 9
9 12 57081357 6
5 13 59033458 5
2 14 72551462 2
13 15 46854772 6
1 16 84960884 7
1 17 70709228 3
9 18 90003271 1
18 19 5684158 5
14 20 30699939 9
16 21 56096611 5
9 22 30317777 3
11 23 71004351 9
9 24 76074883 6
14 25 70378927 8
14 26 78876768 1
26 27 74757893 1
22 28 85088237 2
11 29 96927581 5
7 30 21125511 7
24 31 932738 1
28 32 52241883 9
9 33 18903172 9
5 34 84405997 4
22 35 39466907 4
10 36 65769535 8
16 37 96421504 10
1 38 33184222 3
11 39 97747934 7
11 40 23036418 1
30 41 50750118 4
41 42 62827510 3
4 43 1188703 2
16 44 5220897 6
32 45 89731218 10
34 46 96601962 3
4 47 94236330 4
2 48 56688577 1
23 49 60711571 10
38 50 41997035 8
5 51 75303487 1
12 52 91149734 8
14 53 21247807 1
8 54 83057311 6
17 55 41606696 4
39 56 85997485 9
55 57 71319249 3
39 58 95612661 7
12 59 14191849 10
16 60 17713023 10
47 61 16597581 4
58 62 70227962 2
4 63 57511618 1
44 64 59062323 10
42 65 63257312 4
30 66 46032219 4
66 67 50219931 4
43 68 98959262 5
44 69 3210760 3
40 70 84328668 1
60 71 72795792 5
43 72 19086407 8
63 73 49474904 6
14 74 84574232 8
58 75 41080096 7
25 76 32513052 4
66 77 91919804 3
30 78 35693467 8
35 79 24853903 3
65 80 24659035 1
65 81 40728484 3
31 82 57151672 3
8 83 72703368 1
35 84 56222771 8
10 85 79315730 4
10 86 88555417 2
7 87 76204882 8
36 88 24170371 8
39 89 55072453 1
40 90 11807983 2
38 91 85456884 3
10 92 55746660 5
47 93 26792030 3
7 94 11502709 5
24 95 14965082 5
52 96 12463968 3
77 97 97223923 9
44 98 91983030 5
2 99 54809347 6
67 100 41323 10
51 101 21344640 4
74 102 56888584 9
74 103 32713256 10
102 104 94400299 1
91 105 89717667 5
3 106 94366301 1
60 107 84029064 3
42 108 33736584 8
108 109 38161989 3
86 110 99731657 8
103 111 68330748 9
6 112 45199416 1
45 113 82025896 5
95 114 10830570 1
100 115 56254340 6
85 116 77857403 1
53 117 17884700 4
109 118 30603524 7
118 119 29639046 9
48 120 29547402 9
62 121 51241326 5
70 122 82378597 1
119 123 56079555 10
120 124 10845405 2
94 125 59411549 10
35 126 51939634 5
63 127 65740236 6
77 128 81261565 10
88 129 94016706 1
127 130 58648321 7
82 131 78188186 2
86 132 64866448 3
9 133 77704414 4
64 134 3132417 8
58 135 57902638 6
98 136 89879798 10
55 137 98925418 10
7 138 4989485 7
137 139 84460638 7
13 140 23740362 4
92 141 39592030 5
139 142 55669324 2
84 143 24189480 1
95 144 84796007 2
61 145 58507614 7
126 146 26822133 1
123 147 39532524 7
24 148 56960379 10
27 149 1651054 7
7 150 26576625 4
26 151 97031706 8
39 152 39536442 9
87 153 57075464 10
136 154 70858609 5
24 155 39008494 9
56 156 26544552 4
63 157 53771396 10
109 158 4600158 5
118 159 90897712 4
146 160 8425495 4
141 161 89141626 10
53 162 9043823 6
121 163 73183996 8
2 164 32619017 5
17 165 83531829 10
99 166 9393726 5
70 167 51480077 6
128 168 37767462 10
80 169 41165946 1
130 170 98388658 7
94 171 62442421 2
167 172 86848407 8
137 173 586813 10
172 174 87624754 4
147 175 26726059 7
48 176 58106976 5
82 177 26708115 6
42 178 85321901 10
166 179 92854572 10
22 180 3926951 9
129 181 23271845 4
121 182 9999537 3
134 183 75047429 2
31 184 19708401 3
100 185 35254332 3
101 186 66325349 2
111 187 39507516 2
56 188 87062992 5
127 189 12311185 9
98 190 58601079 5
43 191 75866466 3
81 192 12575648 6
173 193 56324336 4
187 194 95481820 1
188 195 62168093 2
44 196 16736417 8
3 197 25019465 5
187 198 32953659 4
83 199 82442056 6
182 200 20348895 1
20 201 60086386 4
188 202 87208236 2
73 203 91107564 3
194 204 52617737 2
80 205 21528960 7
116 206 18335303 6
164 207 53883842 2
129 208 87445225 10
130 209 74763045 7
1 210 82501799 3
175 211 42981491 7
95 212 83735369 8
83 213 30739945 6
57 214 70579599 5
37 215 60232458 4
132 216 98843373 6
20 217 48802604 10
161 218 1934583 5
132 219 40676585 4
208 220 40389643 3
108 221 22827210 10
151 222 86733468 5
3 223 66071588 9
26 224 80959863 3
184 225 48561436 2
90 226 46453438 2
175 227 11718190 8
81 228 64591867 4
48 229 65770157 5
15 230 56965345 2
126 231 28583638 6
130 232 78515210 8
182 233 16324682 4
48 234 12168448 6
215 235 48663885 3
31 236 99914837 7
190 237 8036957 10
192 238 70375303 10
198 239 91663075 5
67 240 37067681 2
237 241 30735455 4
149 242 5176501 10
86 243 71233381 4
197 244 14372645 8
161 245 39065120 9
12 246 348203 2
149 247 81862144 2
44 248 41917827 1
121 249 49701414 4
77 250 30088862 5
46 251 14941293 1
17 252 57298626 7
244 253 8352200 4
174 254 6419812 9
132 255 6030072 7
202 256 19593950 10
218 257 16964783 8
112 258 45413069 1
138 259 78496443 1
222 260 59398558 2
118 261 10602456 6
221 262 38070738 6
45 263 57202915 7
97 264 34976262 2
122 265 19163043 7
209 266 9655390 9
195 267 31569589 5
133 268 40227622 6
41 269 5510241 10
53 270 91086202 5
25 271 23477548 6
141 272 65520195 9
64 273 98223834 10
196 274 99223754 10
193 275 33974641 5
251 276 35683203 7
26 277 98725362 5
237 278 35429801 9
18 279 28187983 9
65 280 54179796 7
203 281 57984373 2
52 282 96607274 9
77 283 36243131 6
276 284 55833165 2
84 285 81132145 9
109 286 99757261 4
77 287 12316064 9
235 288 67217156 7
170 289 27588781 6
103 290 63982197 10
15 291 53423962 8
125 292 76115552 2
251 293 8820435 9
193 294 58828215 7
87 295 22323209 4
188 296 2149013 7
134 297 54803630 4
249 298 59596610 3
145 299 71917588 8
178 300 66246233 2
129 301 81871154 4
280 302 68220987 9
295 303 4367017 7
201 304 46448697 2
111 305 10040195 10
90 306 23494984 8
287 307 48342683 10
98 308 958433 9
86 309 86767626 6
236 310 24806934 10
279 311 24785083 2
98 312 31186002 5
56 313 45015920 7
139 314 32536711 9
60 315 772823 5
229 316 91508557 7
183 317 50486617 10
309 318 3484961 4
206 319 14393879 4
63 320 81986706 3
222 321 26882812 6
62 322 26043878 5
206 323 66435365 6
280 324 42748093 3
285 325 80727745 3
67 326 83169440 9
117 327 85303872 6
60 328 47321849 7
314 329 53744776 7
181 330 44074321 5
309 331 10144464 10
316 332 35386725 9
215 333 41670748 9
106 334 86133355 3
161 335 89243901 9
209 336 91876554 8
97 337 86357346 3
332 338 24426432 8
42 339 43606179 10
94 340 89732441 3
50 341 25626592 2
83 342 66496285 8
310 343 88771734 4
170 344 5025571 9
105 345 82401961 4
241 346 97629713 1
3 347 9321814 6
330 348 75146172 4
230 349 6227480 10
312 350 8089538 6
61 351 256461 7
69 352 68270629 5
198 294 313 47 295 340 253 296 61 226 42 16 113 179 75 149 222 208 309 312 29 78 102 32 178 290 280 38 73 165 40 292 6 349 18 332 184 58 16 280 150 160 246 14 298 88 312 143 226 153 166 342 195 117 257 303 293 112 212 161 275 31 116 12 182 326 198 54 223 63 344 248 278 325 224 265 24 225 341 264 159 249 185 320 209 66 171 26 8 169 261 121 39 335 59 111 268 119 294 332 226 306 157 43 273 190 336 89 255 312 148 90 338 157 197 174 319 220 316 309 160 72 273 309 69 250 277 33 25 295 34 210 274 19 250 35 251 212 284 129 259 301 245 277 203 100 30 86 228 313 68 71 160 124 82 37 225 145 259 280 266 215 327 54 256 145 328 57 207 216 203 214 266 260 239 149 202 352 33 96 208 81 183 42 231 259 248 213 329 179 250 287 160 116 118 131 117 220 8 227 22 128 116 233 235 262 154 212 143 229 174 205 26 98 323 111 332 159 287 204 269 78 168 307 91 60 285 73 77 14 266 341 319 94 187 97 162 273 266 18 113 190 327 17 240 265 326 81 161 217 214 124 308 242 294 345 229 266 1 86 332 198 35 303 67 173 289 315 74 130 207 284 167 291 62 301 294 53 299 73 181 93 187 301 18 20 309 130 242 134 254 84 61 292 236 260 135 201 42 110 102 124 170 283 215 23 79 276 190 306 33 253 52 251 256 4 280 183 279 100 107 279 184 87 233 257 125 186 228 138 251 157 253 223 254 153 291 41 38 73 322 144 228 12 165 319 41 125 254 295 264 320 69 180 24 48 283 119 94 174 112 295 246 214 223 240 238 166 342 127 337 98 66 61 46 62 270 126 220 31 21 57 19 48 224 346 164 220 201 272 105 202 302 297 65 98 203 242 67 14 225 137 49 56 32 167 84 165 99 266 161 266 191 84 226 333 37 102 107 132 335 278 24 345 130 229 38 124 165 213 2 266 325 269 148 82 200 277 73 186 216 133 329 42 33 304 285 270 208 37 338 351 214 141 127 210 219 3 256 206 203 16 27 262 56 84 71 110 260
310 343
384 464
1 2 72198017 6
1 3 78841490 3
1 4 20405034 5
4 5 51558224 7
3 6 50231051 5
2 7 12274764 7
7 8 35677730 3
1 9 76085325 7
3 10 51005225 4
9 11 45540965 1
7 12 94881645 5
10 13 88379995 2
4 14 4126871 3
3 15 75080293 8
2 16 56665402 4
16 17 81350361 9
13 18 94421198 9
16 19 31485595 4
9 20 90948240 10
3 21 68220282 7
4 22 21392039 5
14 23 86283285 1
9 24 61534824 9
10 25 81772011 7
18 26 25109781 2
10 27 73555288 3
23 28 82523166 7
6 29 14928787 1
5 30 94732291 2
24 31 25772740 1
31 32 85410756 3
26 33 65480159 1
14 34 81461398 2
9 35 28534206 7
9 36 74515324 9
16 37 78181056 2
2 38 35893588 9
7 39 46374177 9
13 40 26783489 8
6 41 85789555 5
12 42 28860573 10
28 43 73494248 2
34 44 99940497 8
11 45 18643428 9
43 46 98021428 2
32 47 72510162 8
28 48 13510111 3
26 49 74222726 3
19 50 96863221 2
35 51 83872902 8
3 52 87668145 9
29 53 53786988 4
37 54 86827665 7
43 55 65096948 2
54 56 96660461 7
49 57 58342183 1
57 58 1587301 7
55 59 88863217 7
40 60 89777972 2
1 61 50306610 5
28 62 24004939 7
61 63 98868886 6
48 64 22145319 3
12 65 98808773 5
16 66 5894840 1
31 67 16931258 2
21 68 12097535 8
47 69 32034460 3
17 70 29845384 4
4 71 48041183 5
34 72 99231387 1
58 73 61766679 9
25 74 80289079 2
22 75 37700255 6
58 76 61510466 10
42 77 94538049 2
21 78 81255855 4
59 79 46038070 9
43 80 78951293 6
78 81 72547090 3
39 82 97174711 9
23 83 72623277 8
3 84 94027475 7
9 85 32774196 4
12 86 38739924 2
43 87 98555936 10
19 88 57939281 1
79 89 63950210 10
47 90 99220022 3
13 91 3447714 8
32 92 97445237 8
27 93 6958550 8
45 94 55495051 1
63 95 46987795 5
42 96 12574804 6
33 97 33592567 7
71 98 42380107 10
3 99 69913217 1
99 100 3634323 3
3 101 46879360 7
34 102 64139914 2
8 103 76100654 5
87 104 15300407 5
39 105 72014537 6
7 106 18221558 9
68 107 85649203 3
80 108 32795678 7
70 109 61304426 7
93 110 34951464 6
88 111 63000420 10
69 112 47847873 3
29 113 80138056 3
75 114 66493391 9
23 115 19906658 5
39 116 34545630 2
72 117 73742207 5
65 118 73032483 10
32 119 50094582 7
93 120 31550603 6
96 121 55922315 10
81 122 19958086 7
68 123 74209800 3
56 124 43575879 10
10 125 46026655 8
116 126 79913044 8
48 127 40659054 6
121 128 55692840 8
53 129 50859995 4
5 130 50738563 5
36 131 72793307 7
70 132 14908830 4
86 133 79355537 5
112 134 85993517 4
124 135 18896983 9
68 136 60196771 6
46 137 50073247 10
19 138 68497170 6
21 139 75948750 8
6 140 87723994 1
5 141 43514812 3
108 142 64092017 3
31 143 69095836 1
135 144 91579401 5
100 145 21070538 10
82 146 94394741 5
39 147 90709080 2
144 148 8818552 1
23 149 42109093 10
114 150 6627306 7
125 151 28001512 5
86 152 83784608 10
121 153 63504203 7
30 154 65708343 6
141 155 29217160 2
114 156 32426901 7
88 157 34962655 3
135 158 77386037 4
147 159 81237829 6
134 160 45969702 8
7 161 52965712 2
156 162 3276320 4
153 163 98034920 5
133 164 83151332 8
157 165 4198481 2
102 166 76844516 5
56 167 16162499 9
132 168 90874390 8
92 169 17960743 2
2 170 52246071 1
30 171 2611309 7
76 172 99582098 5
171 173 59678193 1
121 174 92173517 8
76 175 97148520 9
154 176 68212587 10
131 177 14216400 10
101 178 17557515 10
135 179 15021198 9
23 180 50302702 4
163 181 92465205 3
91 182 88997573 6
101 183 29353736 10
92 184 16007609 10
88 185 52903670 6
164 186 20254123 6
113 187 6654611 10
65 188 64252860 9
45 189 96997143 1
51 190 44738094 6
87 191 66098364 1
31 192 93585063 6
53 193 93738491 9
48 194 92521056 3
75 195 88684904 5
99 196 5719291 7
52 197 16021200 9
197 198 7835532 1
9 199 42764503 4
191 200 20327558 2
96 201 97845768 2
2 202 15315724 9
167 203 41315116 9
172 204 11852409 9
15 205 94375627 2
71 206 50244961 6
201 207 67300761 1
14 208 47741717 2
82 209 45605741 2
39 210 30372154 8
115 211 77251897 1
131 212 53035211 9
76 213 9680688 6
146 214 83047558 5
55 215 62337702 10
135 216 60492642 2
48 217 90236452 3
9 218 53139767 4
58 219 42474622 2
46 220 6626664 6
215 221 4657753 1
98 222 50865091 8
153 223 89611680 2
23 224 54468024 2
84 225 21887793 3
127 226 66214622 10
137 227 91673947 3
72 228 68087387 6
125 229 14897789 9
200 230 81999969 9
126 231 59763137 3
57 232 43080768 4
220 233 68877458 8
77 234 17713820 8
105 235 77483217 3
78 236 16307212 5
74 237 93072997 9
156 238 26128241 10
215 239 16822545 7
152 240 75864524 5
34 241 64685831 7
123 242 31411334 2
33 243 71954856 6
220 244 83354451 2
54 245 5094251 6
26 246 18149680 4
142 247 35459743 6
150 248 27715 3
122 249 34411472 2
101 250 67393540 4
193 251 70350865 4
19 252 91947583 5
169 253 23384926 5
105 254 66046056 8
219 255 4726422 8
159 256 72349118 5
207 257 15509358 8
50 258 77529910 6
83 259 43151311 4
171 260 4437220 3
27 261 94511988 7
195 262 69479836 6
187 263 94662554 7
23 264 16919714 2
144 265 34263191 2
127 266 98535300 4
241 267 66414331 1
206 268 66659512 10
136 269 58385279 3
170 270 78164450 6
52 271 28805813 4
69 272 2429106 6
203 273 57570131 3
240 274 34274852 10
240 275 47660734 8
75 276 71208455 8
232 277 41739636 10
106 278 49616829 4
164 279 46345674 2
237 280 29244274 7
100 281 86212551 2
162 282 19098792 7
261 283 30962637 5
261 284 63252551 5
231 285 53974939 3
159 286 31757036 5
160 287 64381036 8
172 288 35991007 10
72 289 622871 2
12 290 11528676 10
168 291 24900497 5
99 292 76372580 8
190 293 51678583 8
148 294 25152663 6
110 295 74088114 3
3 296 72622542 5
194 297 89030643 9
296 298 90487633 7
64 299 61936950 2
264 300 92277795 2
131 301 46105170 8
148 302 49562456 6
203 303 93633665 7
195 304 53135099 8
69 305 12935348 8
200 306 72075770 2
92 307 89212105 1
250 308 11014907 3
54 309 90233650 7
87 310 55041462 3
233 311 53125121 4
212 312 63620527 6
32 313 3268673 7
145 314 79412875 10
2 315 1196517 5
127 316 9911140 7
227 317 49993213 4
129 318 39980567 1
241 319 4617730 8
309 320 11338799 7
290 321 79021125 7
113 322 90797003 4
176 323 95661097 2
254 324 94518980 5
2 325 13763758 2
93 326 74927789 6
93 327 580263 8
245 328 62434688 6
5 329 91239779 10
236 330 25673769 7
139 331 35022872 6
249 332 29788128 2
317 333 11440294 8
212 334 57665445 4
197 335 28925413 3
101 336 61702206 1
308 337 42421614 2
310 338 56376963 6
287 339 30223296 2
111 340 28829345 3
20 341 41368675 6
196 342 61349882 7
182 343 15240813 2
288 344 97411409 6
342 345 2978638 8
101 346 75927923 7
108 347 76840047 7
96 348 59641354 4
339 349 99747361 6
158 350 72956117 7
150 351 53170201 1
172 352 57305521 8
228 353 8374076 6
9 354 79320633 7
236 355 62932114 6
264 356 57224349 10
270 357 18526069 4
351 358 13518620 4
139 359 74653009 5
85 360 8413517 3
163 361 28891969 1
268 362 74603616 3
172 363 94276439 8
253 364 11118818 1
344 365 8020445 2
158 366 62985527 8
364 367 5580218 6
8 368 44369883 2
342 369 45051278 9
77 370 74519413 1
108 371 18602658 9
31 372 13588041 7
368 373 9047728 10
252 374 78204732 6
257 375 20629983 5
247 376 47657145 7
331 377 66896903 3
97 378 36857978 3
175 379 26289218 7
224 380 96693993 4
288 381 5954695 5
63 382 76288833 6
182 383 54851020 8
188 384 20340991 3
132 310 340 216 219 218 288 97 167 309 252 75 370 372 153 217 40 6 238 91 290 44 128 226 381 270 113 16 122 303 47 382 142 45 295 271 310 75 204 249 227 310 4 103 122 360 212 227 278 101 181 132 339 109 280 89 95 61 32 17 192 115 23 82 335 371 352 121 66 112 353 100 94 368 355 354 290 26 321 360 217 144 56 353 122 152 124 98 305 228 157 258 250 80 92 364 144 216 268 103 306 20 177 212 258 278 70 333 306 242 3 318 166 331 384 174 280 313 30 179 341 30 373 359 168 369 78 17 323 11 182 331 298 212 59 8 7 360 287 355 2 41 40 298 352 131 231 66 178 281 55 259 359 257 151 96 317 174 130 181 52 63 214 358 174 351 20 371 305 357 369 73 40 369 11 54 308 295 45 199 187 87 105 131 240 116 141 59 342 351 245 193 310 354 293 151 56 299 21 322 143 290 229 6 177 291 232 326 368 225 147 370 100 326 154 218 40 42 29 295 271 356 109 332 218 68 271 359 10 56 188 364 284 39 99 375 221 206 37 294 202 55 8 237 33 183 265 381 87 76 112 282 76 280 130 160 370 237 227 179 83 288 13 80 300 7 187 162 328 144 168 302 310 324 40 105 198 95 237 219 115 273 324 231 310 271 338 186 165 263 75 169 168 373 79 310 211 22 96 74 220 226 246 26 328 109 314 72 32 309 97 326 259 91 94 98 158 384 79 363 371 102 74 101 370 382 335 153 129 134 59 383 135 275 100 17 361 103 235 313 345 128 33 377 52 353 128 155 209 86 253 5 68 371 201 182 371 22 103 379 282 240 70 210 62 8 106 30 190 134 76 296 294 34 35 207 306 178 278 170 166 118 185 34 95 295 328 334 7 11 373 208 330 343 127 194 384 383 22 362 326 84 218 82 80 91 284 80 213 17 162 244 207 98 69 158 75 100 203 234 330 304 196 242 48 334 3 77 309 217 123 95 262 29 187 251 179 230 349 21 105 78 344 309 92 367 256 368 42 145 142 122 280 103 304 241 177 114 252 133 169 207 297 353
33 243
339 328
1 2 39682006 7
2 3 13817263 4
1 4 22982549 7
4 5 74650743 1
1 6 67207134 10
2 7 91000339 10
3 8 54661180 8
4 9 68214787 10
1 10 34905205 4
9 11 85709910 4
8 12 73756624 4
11 13 24510945 4
6 14 11229981 9
10 15 6127402 8
14 16 71806161 4
11 17 70615256 4
10 18 86326223 3
6 19 23831238 10
6 20 9338927 3
19 21 23145619 4
11 22 11983386 10
13 23 99221599 2
8 24 56016629 8
14 25 45864853 1
5 26 74296284 8
12 27 46774214 9
21 28 7818733 8
3 29 64738068 10
14 30 52600953 8
29 31 81307362 9
18 32 90125563 6
27 33 55303434 2
4 34 59678177 8
3 35 53078889 3
13 36 18926933 5
34 37 45293086 3
15 38 49431109 7
5 39 50870462 8
5 40 54386496 10
37 41 44498643 5
20 42 63135816 8
31 43 95685398 2
31 44 5264169 4
8 45 1526746 2
45 46 79535399 7
44 47 22282092 2
9 48 5389344 2
21 49 54055665 9
23 50 82507943 6
5 51 76184953 6
20 52 60304122 6
15 53 4627613 5
51 54 74476308 3
11 55 12029589 10
29 56 18113202 9
49 57 3909614 10
13 58 36640402 7
49 59 72872326 2
28 60 56272962 1
21 61 73324178 5
22 62 54265501 2
24 63 33267123 5
33 64 36216544 3
11 65 27729481 8
51 66 30265709 8
48 67 47031972 6
13 68 97687293 7
33 69 18770538 9
66 70 38298029 4
23 71 40659447 1
70 72 44373176 7
56 73 42693797 9
63 74 24167017 8
32 75 68556611 7
59 76 37923363 5
37 77 70173010 4
17 78 4149979 3
32 79 98891495 4
53 80 27872111 9
58 81 36418742 5
52 82 56746175 7
43 83 25130682 8
80 84 97162758 8
31 85 86385012 9
42 86 3741753 6
27 87 96068434 8
76 88 36204320 7
87 89 10383048 3
82 90 78854274 7
28 91 46677000 3
29 92 50272847 4
64 93 91509584 4
38 94 72549078 10
15 95 52450426 4
24 96 41789020 7
82 97 81296295 9
94 98 92386005 5
30 99 82183507 10
65 100 33057330 4
71 101 34808524 7
46 102 74822556 3
28 103 65420386 10
78 104 62341028 9
39 105 12981388 2
16 106 74023769 8
86 107 64655483 1
78 108 77161662 10
75 109 80905999 5
64 110 76599226 10
44 111 88133109 6
78 112 56785615 7
91 113 68344174 1
27 114 91160223 7
105 115 31823158 9
100 116 73089944 8
30 117 97846674 4
74 118 35684371 8
25 119 78370193 9
50 120 39185487 9
111 121 61252324 8
77 122 95143753 5
48 123 26104890 4
37 124 12342852 2
90 125 82071265 1
32 126 90566225 4
40 127 89360943 7
87 128 26917757 10
34 129 2696806 7
86 130 79127963 5
1 131 68501971 6
123 132 49726884 8
106 133 71779240 1
103 134 37412901 2
111 135 87137245 10
46 136 75224184 4
8 137 60371720 5
90 138 19833769 4
98 139 3336158 5
61 140 64565463 9
137 141 94421402 6
57 142 35522764 5
49 143 75582675 6
64 144 41517319 9
32 145 48814400 10
69 146 55741635 2
115 147 90590720 10
102 148 14867356 5
31 149 33053883 10
104 150 50385586 4
27 151 41952202 1
44 152 24593308 6
128 153 82241948 2
24 154 23714463 9
62 155 74182898 1
112 156 90574529 5
67 157 56790684 8
120 158 49334353 1
58 159 5852250 7
129 160 32368149 2
62 161 28245479 1
100 162 13095704 4
9 163 46963621 6
7 164 73466798 7
133 165 92055050 10
135 166 39090753 3
73 167 76022242 3
68 168 90735663 7
62 169 15137092 6
122 170 9766459 10
124 171 92614487 2
96 172 48232001 5
100 173 21534672 10
140 174 26298727 9
120 175 94827352 9
84 176 7323306 2
128 177 65849823 6
146 178 6557927 2
2 179 12222872 10
108 180 46358655 1
43 181 4458098 10
78 182 88014337 1
171 183 67677830 1
77 184 31406016 1
184 185 78533190 9
152 186 75839864 9
173 187 24739144 9
62 188 99193802 4
57 189 80008660 7
172 190 46168119 7
28 191 46197728 10
99 192 48902822 7
75 193 87867483 2
83 194 19824237 10
159 195 85422274 3
61 196 2171114 8
128 197 15574539 10
99 198 72302470 1
96 199 26264706 6
104 200 76685997 2
109 201 11439721 8
199 202 39364963 10
145 203 41439037 4
149 204 89033879 10
12 205 53879148 4
122 206 75414713 10
159 207 23055690 6
199 208 92191700 2
141 209 49795114 5
170 210 99205804 8
76 211 97372089 5
143 212 98894447 7
28 213 33952588 10
50 214 79955644 2
17 215 16819415 2
129 216 74269840 4
31 217 3635212 4
96 218 42035221 6
28 219 63184867 2
78 220 72695913 7
19 221 72607515 5
118 222 44730575 10
66 223 97715156 6
154 224 19237803 9
115 225 33051336 2
22 226 63652358 9
214 227 57894825 6
51 228 71738172 6
198 229 48982635 3
56 230 83221602 6
69 231 20269024 1
218 232 86010956 4
144 233 98294997 9
175 234 77744336 8
191 235 31565004 4
5 236 16776708 2
210 237 55735340 1
165 238 6426668 8
195 239 99170404 7
132 240 1621623 6
131 241 67170030 10
198 242 35845852 10
43 243 54357485 9
26 244 55543111 2
95 245 34598438 8
66 246 18252123 3
84 247 88387191 3
98 248 60055906 8
239 249 67284100 8
181 250 58427997 4
122 251 94554103 3
79 252 64697405 5
94 253 83198639 9
14 254 62568535 7
143 255 82887437 2
154 256 76879085 7
49 257 88173882 5
5 258 10519491 9
95 259 82879024 8
146 260 50204952 6
65 261 8048857 4
223 262 39619274 6
143 263 67044133 3
147 264 82934930 9
3 265 53459771 1
230 266 93470988 5
221 267 29457505 9
190 268 12593709 5
35 269 92545676 4
67 270 56225283 3
45 271 59760251 4
147 272 9772311 3
207 273 81345652 7
163 274 86802438 3
105 275 90963049 5
230 276 58063465 5
249 277 93517440 4
191 278 23679439 10
180 279 3582114 4
275 280 8404264 7
249 281 52772570 3
5 282 32286261 3
67 283 63949243 5
260 284 93612450 1
185 285 37003403 1
281 286 31420886 4
34 287 40725536 1
121 288 56338902 1
114 289 28284424 6
273 290 67075514 10
89 291 55491886 5
47 292 67583492 8
172 293 18590582 10
59 294 68921758 1
64 295 30014521 9
144 296 79408797 3
13 297 14163834 9
253 298 36911701 10
30 299 81342596 7
58 300 43159480 10
238 301 26154196 7
163 302 554284 8
278 303 56153096 1
69 304 42735513 4
84 305 64049841 4
303 306 64757925 2
83 307 4964321 1
190 308 15652116 5
219 309 84623214 7
65 310 82869877 9
149 311 78574073 10
122 312 74459202 1
181 313 54217507 8
110 314 88079387 7
156 315 75824658 9
126 316 54916718 4
52 317 94719056 6
255 318 69106239 10
61 319 1956641 6
287 320 58111382 8
143 321 65614526 8
74 322 51859917 9
268 323 10253448 3
239 324 72948103 1
258 325 79289297 7
192 326 20157242 6
312 327 18925548 5
248 328 92544771 4
55 329 29255876 2
283 330 96170497 1
309 331 34395096 7
96 332 54354771 6
187 333 41520565 10
38 334 59665049 6
311 335 93365208 6
317 336 80026433 3
58 337 68892742 1
91 338 3265529 9
60 339 45332097 3
249 268 91 134 171 158 220 332 157 37 313 66 275 251 321 161 1 13 299 92 266 205 332 188 293 56 316 119 309 148 88 233 119 131 339 4 112 11 289 110 28 51 112 276 120 287 48 300 106 19 56 23 224 231 168 144 318 23 190 179 286 244 117 155 156 8 296 159 23 129 117 211 233 156 314 157 9 16 102 9 219 105 23 230 74 314 85 308 86 209 2 120 110 292 222 20 316 268 294 228 154 157 45 165 152 226 73 231 259 107 278 187 42 21 197 234 336 231 283 285 316 179 57 173 258 285 25 154 291 302 85 175 311 107 248 184 123 283 152 132 192 99 296 83 324 164 162 118 263 23 192 68 127 174 133 67 268 103 57 75 338 54 252 121 284 127 301 129 249 69 266 270 227 247 183 202 300 31 99 115 268 218 157 310 230 238 101 149 7 93 116 46 224 220 73 197 143 205 288 314 257 58 76 142 214 333 270 305 194 208 275 258 245 127 307 17 129 154 92 309 58 22 239 172 221 112 242 150 161 20 166 59 227 110 260 137 179 199 285 115 65 16 147 34 307 16 77 121 62 107 166 325 44 162 168 293 316 270 21 40 304 58 89 234 262 320 297 337 324 219 99 153 163 208 259 60 22 329 313 285 193 15 176 103 273 285 203 99 249 107 22 2 235 147 157 264 147 195 221 61 57 55 237 152 102 12 311 236 179 148 146 216 280 23 296 244 265 339 163 194 317 66 77 278 160 220 166 142
2 179
382 213
1 2 38470998 3
1 3 19527735 4
1 4 10428058 8
2 5 62085777 7
1 6 43515691 2
3 7 8847398 6
5 8 98390307 3
4 9 31955787 3
6 10 77285254 9
5 11 33981860 7
7 12 51491404 7
6 13 54229222 10
7 14 20039471 4
1 15 50751304 9
9 16 50743563 6
6 17 88607664 6
17 18 62121488 8
14 19 43544044 10
9 20 13624004 10
18 21 26390505 2
17 22 97789463 9
8 23 14222313 8
13 24 93051688 8
4 25 31126902 8
18 26 59500191 2
5 27 93560888 3
15 28 32907687 2
26 29 59094208 2
24 30 63382856 3
30 31 16368106 2
21 32 78159942 1
19 33 11342071 5
12 34 60109953 4
17 35 12735173 1
2 36 7584916 1
4 37 45950933 3
11 38 2479244 1
34 39 7391302 1
12 40 94058771 4
11 41 68277753 3
10 42 85750680 7
36 43 97133471 5
19 44 7559892 2
4 45 69371708 5
3 46 42666156 6
34 47 86971307 3
17 48 97326540 10
6 49 16254527 3
1 50 44001909 4
4 51 47994487 8
48 52 38121238 4
22 53 94613205 10
51 54 71773147 5
12 55 70144123 7
20 56 44685154 2
36 57 66306793 9
49 58 78376312 8
30 59 46000827 7
58 60 43733212 2
3 61 25446691 3
57 62 22718784 2
22 63 52934057 8
39 64 70181167 2
53 65 65343829 2
59 66 56863392 8
44 67 95286982 2
33 68 59629225 9
25 69 14522329 8
29 70 42311971 7
51 71 2547876 4
14 72 19089981 1
47 73 78705520 7
20 74 83309806 10
57 75 29477853 9
19 76 55815186 7
68 77 60751674 7
22 78 26188366 2
4 79 12345521 6
71 80 98563713 4
43 81 54839518 1
71 82 66810825 9
61 83 13040087 2
3 84 84133021 6
31 85 91870952 5
31 86 31907393 5
73 87 51335318 2
33 88 6141872 3
5 89 64321762 7
31 90 21675633 2
19 91 13123331 5
62 92 24107389 7
30 93 96373078 2
24 94 77497501 1
34 95 99142304 7
39 96 5563500 8
81 97 29235811 8
32 98 68014290 3
88 99 55315518 9
39 100 85034556 5
21 101 848315 3
62 102 49238226 9
67 103 85109734 10
23 104 99499478 2
21 105 28810085 5
19 106 34182063 9
46 107 50064547 6
59 108 12890408 1
93 109 39638900 8
91 110 88311691 7
93 111 32820173 7
69 112 40525975 1
45 113 39791651 9
105 114 8179881 9
102 115 64541229 2
54 116 31942219 3
2 117 8666571 10
116 118 3081499 4
26 119 60524338 9
8 120 98663673 7
43 121 84005805 10
36 122 11124959 3
18 123 53304393 6
121 124 41733854 2
82 125 4191556 10
28 126 52108669 1
22 127 92256061 6
93 128 86584874 7
34 129 10335327 5
29 130 28700117 10
4 131 60627837 1
81 132 95239768 3
131 133 97897235 7
2 134 81781378 7
111 135 65922028 10
124 136 930778 3
83 137 71962789 9
40 138 36088353 9
77 139 69294859 7
116 140 37679196 7
84 141 97444194 1
18 142 95894599 6
4 143 42784522 5
88 144 27103750 7
84 145 12668749 4
72 146 11086848 8
131 147 47914061 4
101 148 21768417 10
78 149 81943168 5
132 150 70051281 6
127 151 24567994 10
40 152 7531140 6
78 153 10686106 1
22 154 63106868 9
106 155 6091544 5
60 156 8723251 4
44 157 30898743 6
44 158 82026328 1
44 159 94846928 3
29 160 96389825 3
59 161 56304698 9
48 162 54019572 3
126 163 35163270 10
107 164 50565549 9
2 165 91941056 5
102 166 63187338 10
121 167 94697964 10
71 168 92573748 9
85 169 20857023 3
98 170 25459342 1
146 171 92401060 1
155 172 56276913 10
172 173 99945607 9
135 174 3471919 4
134 175 11334210 7
170 176 87101575 8
113 177 74634321 1
44 178 88161184 5
160 179 60468042 8
9 180 6013281 4
107 181 65750408 2
73 182 48515628 4
52 183 54441346 1
121 184 8284203 3
64 185 19330550 7
62 186 93385117 4
161 187 54099893 4
38 188 29023270 9
43 189 39127939 8
139 190 80745194 1
176 191 52231307 8
3 192 67871469 8
100 193 54232659 1
52 194 54533803 8
146 195 69940059 2
176 196 42466200 6
34 197 94438575 1
191 198 53813235 1
189 199 31317006 7
199 200 28364800 9
129 201 58303349 8
135 202 62651314 7
33 203 31527277 5
13 204 27632509 5
11 205 36742603 4
24 206 9265241 8
24 207 10059677 6
183 208 56734715 9
8 209 36264343 1
45 210 75526652 7
52 211 84886870 1
127 212 42113425 10
11 213 99495433 8
160 214 20325323 9
131 215 51382303 2
167 216 52787757 8
68 217 16642562 4
16 218 93091015 1
4 219 53398813 10
19 220 98424269 2
125 221 13197384 1
42 222 6857220 6
221 223 57021553 8
161 224 48974714 7
136 225 47251565 3
91 226 21497508 10
104 227 36699078 4
132 228 28654230 6
170 229 18123693 3
46 230 56152692 10
134 231 22204097 3
114 232 23532936 9
112 233 25978153 6
4 234 3599837 8
25 235 18726159 1
165 236 93146581 9
233 237 57917419 9
98 238 91974235 7
113 239 35115125 5
92 240 79413155 9
229 241 27066044 6
125 242 18372391 5
7 243 56116719 10
185 244 68502621 6
48 245 95122105 5
220 246 73826031 2
105 247 683583 5
228 248 6016633 4
81 249 99295750 3
73 250 42010301 6
49 251 56644139 3
10 252 47278070 7
88 253 2050690 5
48 254 2728198 8
152 255 99299627 4
171 256 18436518 7
214 257 33670295 4
42 258 12037243 7
88 259 68070354 10
194 260 32670057 10
16 261 97900143 3
160 262 21119636 4
70 263 30856171 9
199 264 55343192 4
257 265 27161276 3
188 266 4115515 6
260 267 13611190 7
172 268 34175972 3
130 269 97533230 1
79 270 79503509 2
88 271 45549481 9
259 272 82490671 4
117 273 25668183 4
103 274 78788706 8
136 275 25757609 5
19 276 74732585 4
225 277 59232119 9
79 278 28583936 8
71 279 65422305 8
152 280 70357344 6
137 281 50249399 5
140 282 9494371 3
35 283 47939846 3
24 284 27183749 2
158 285 14837762 9
145 286 7093165 10
250 287 53085174 6
51 288 57332434 1
43 289 87241223 7
89 290 13627207 1
213 291 17341911 1
209 292 37814168 9
31 293 34231033 10
168 294 57825219 7
123 295 7018254 5
250 296 262240 8
195 297 83805256 8
63 298 90822407 4
10 299 78284744 4
144 300 61756576 5
111 301 77252739 10
212 302 95280363 4
164 303 43034255 3
154 304 57569916 1
193 305 74255338 5
230 306 18758943 10
243 307 98615319 10
73 308 95741374 1
95 309 58178368 5
303 310 12906044 3
265 311 20808567 7
202 312 37442421 6
291 313 46062233 9
236 314 47700256 8
284 315 61401557 8
163 316 49599388 8
42 317 60819368 10
125 318 72549789 9
288 319 91044035 4
45 320 45074814 8
228 321 69000392 5
36 322 20572675 6
152 323 16114365 9
128 324 92289879 1
176 325 51543588 6
298 326 55343756 10
29 327 47445761 8
30 328 69310342 2
97 329 80217191 2
207 330 93841027 4
328 331 18603350 10
118 332 73424687 3
196 333 86461415 3
293 334 1483977 8
242 335 96858753 5
167 336 19167211 8
102 337 26136900 5
14 338 77154736 8
272 339 48396449 9
120 340 36692865 3
319 341 36131561 4
96 342 98660923 9
157 343 13436089 7
269 344 74204559 2
109 345 97417289 2
136 346 36140048 4
121 347 79907341 2
72 348 50733186 7
47 349 48537715 7
50 350 92408001 4
5 351 38015555 7
302 352 33398315 6
272 353 15493588 2
12 354 97350365 2
206 355 29883567 2
140 356 59421911 5
232 357 86414456 5
19 358 16076435 6
87 359 30319409 5
177 360 52111985 5
105 361 9329405 2
88 362 29545303 1
342 363 48782387 3
260 364 77436045 8
103 365 33203490 9
157 366 95721066 6
206 367 36632650 10
221 368 29640032 9
41 369 15270909 1
44 370 40982690 8
159 371 84427174 5
324 372 69933383 6
117 373 40943501 7
51 374 73549608 8
200 375 70977024 10
343 376 37434346 5
281 377 55273033 5
296 378 13180950 4
4 379 29110378 6
262 380 82022235 4
172 381 15246149 7
353 382 98361102 1
297 115 345 338 43 33 179 330 318 154 63 357 78 86 127 88 186 171 95 13 189 211 311 265 329 99 253 189 156 314 198 238 185 138 119 90 77 18 32 273 329 133 69 30 284 268 110 326 233 315 4 264 281 29 338 332 101 162 105 66 219 8 216 157 373 172 322 84 249 146 326 276 379 361 204 57 294 50 277 351 270 217 353 59 172 179 267 215 362 21 150 215 17 83 246 62 153 256 293 286 322 82 365 337 375 108 237 318 310 340 171 132 280 1 329 349 213 125 241 117 265 218 1 131 87 19 142 160 192 273 210 350 338 314 224 194 46 350 60 275 84 216 73 299 41 374 308 333 295 146 226 175 154 324 277 249 68 96 6 356 263 73 287 291 249 155 360 342 163 289 232 141 302 191 61 118 23 105 218 204 205 329 20 138 117 107 264 295 158 208 182 298 128 27 241 108 150 211 24 195 275 284 339 176 380 139 169 273 293 170 125 37 40
131 4
300 468
1 2 27709090 4
2 3 57392677 2
1 4 68589725 3
3 5 49255155 8
5 6 24774136 9
1 7 27009003 3
1 8 49725343 5
2 9 9148228 5
3 10 90047963 3
1 11 71535401 2
3 12 97779925 1
10 13 28556848 10
10 14 29537926 1
11 15 59386892 1
15 16 48151587 9
10 17 82353225 3
14 18 74978559 3
13 19 85019738 10
17 20 67804820 8
7 21 94596100 5
16 22 62223003 8
6 23 14854718 6
8 24 55960971 10
12 25 59468514 7
13 26 96015985 10
21 27 79081179 2
8 28 40726885 5
4 29 24638998 10
26 30 19326474 6
17 31 60708057 10
30 32 11482201 5
16 33 12432362 1
16 34 67849897 5
3 35 49739329 1
25 36 47673972 5
20 37 55368510 2
9 38 42215790 1
2 39 30957159 10
39 40 54446056 2
38 41 59468062 7
16 42 63954595 9
17 43 87466131 9
4 44 72980657 7
44 45 75108219 1
34 46 28388950 10
15 47 45126210 1
14 48 33565072 4
16 49 98689983 8
18 50 56970402 1
11 51 74252951 9
5 52 64616305 2
27 53 79030327 8
10 54 9570712 4
18 55 46827500 8
34 56 981330 7
5 57 31179079 2
36 58 11664880 1
19 59 9621841 3
12 60 33377468 6
11 61 6909807 5
41 62 91050676 2
7 63 19289697 5
52 64 87146697 10
35 65 40971391 9
48 66 90928949 1
23 67 99000150 4
66 68 8331222 3
65 69 24428705 1
33 70 46862319 10
22 71 28025979 6
46 72 96146964 5
64 73 36442959 7
29 74 14993432 10
58 75 6717143 5
44 76 7311381 7
9 77 31505539 6
60 78 84314063 7
44 79 81124452 6
78 80 60057445 8
77 81 77745903 9
57 82 58306120 2
80 83 48830138 2
54 84 31376643 2
30 85 813875 1
36 86 13012647 1
62 87 77051092 6
40 88 53805477 6
88 89 4031811 6
13 90 43528573 2
41 91 88874197 8
54 92 42463655 4
30 93 95915376 1
40 94 38300370 7
40 95 12485131 6
26 96 72500047 8
74 97 81855236 1
80 98 7951360 3
20 99 60446597 7
64 100 38974252 9
16 101 46955372 5
38 102 15452651 3
40 103 51389882 9
12 104 23948904 8
103 105 67393847 9
84 106 37197265 3
28 107 54993488 4
89 108 93826148 5
20 109 58182556 5
13 110 7637122 8
36 111 87730409 10
75 112 96361523 1
98 113 97681549 3
2 114 87318814 7
73 115 2871902 2
100 116 49427316 3
86 117 42887079 6
104 118 11960098 5
105 119 42839180 1
44 120 17431848 8
22 121 6303905 9
35 122 60086537 10
62 123 10172978 9
119 124 769861 2
29 125 30260356 5
9 126 44064682 8
15 127 83383979 10
112 128 83334193 7
23 129 45659186 7
25 130 35174321 10
100 131 81184025 10
62 132 57308302 3
125 133 62265301 10
51 134 76885040 1
94 135 49427354 10
81 136 95781565 7
15 137 99893533 3
81 138 45132031 7
45 139 5205437 5
79 140 32308354 2
13 141 20869882 4
73 142 7019940 4
77 143 32930057 9
110 144 50993221 9
130 145 4028935 10
13 146 51428486 3
30 147 43858701 6
64 148 66700890 2
4 149 4540142 2
40 150 47687989 1
89 151 66752331 3
50 152 45218926 2
50 153 29749133 8
109 154 31909438 6
44 155 13188062 1
39 156 89158283 1
82 157 34117319 5
1 158 76082175 10
104 159 44172902 1
104 160 6234488 5
100 161 88932885 2
27 162 21415920 1
37 163 56081255 6
50 164 26217608 2
57 165 7377862 7
27 166 39350065 8
150 167 57128421 10
56 168 81987816 3
92 169 92535705 6
162 170 14727742 2
136 171 66461053 1
144 172 72644026 8
110 173 80862608 8
170 174 24356875 2
119 175 4953226 9
112 176 76630575 4
131 177 49909321 2
53 178 17907423 4
153 179 91294978 10
119 180 77517833 2
116 181 89866013 4
112 182 85330454 4
138 183 83424244 3
133 184 19734449 3
51 185 40827395 6
136 186 70487976 10
142 187 9284725 9
139 188 32221433 3
140 189 96886605 10
140 190 73724266 1
37 191 26398558 9
7 192 69166187 1
159 193 81716301 10
73 194 12889259 9
136 195 94105122 3
13 196 99159472 1
121 197 55099452 7
181 198 61168147 10
98 199 12617692 9
124 200 10537919 2
33 201 86913426 8
54 202 80907864 1
147 203 33542028 6
115 204 75433828 7
70 205 52866667 1
135 206 73871701 10
165 207 66372120 7
31 208 97970001 1
90 209 14163722 2
44 210 28871428 3
77 211 22041883 10
170 212 30518674 10
16 213 41934218 7
14 214 25492089 8
91 215 88283891 7
62 216 41728844 6
148 217 77771001 9
146 218 88672022 9
126 219 37127679 8
74 220 44100125 2
4 221 9997099 3
64 222 14310347 9
100 223 77622660 1
198 224 96986631 7
73 225 80261772 3
175 226 3334071 10
41 227 24000501 10
68 228 86692845 8
71 229 22559717 9
87 230 33813301 1
216 231 48280279 9
26 232 58022784 6
64 233 1414495 10
72 234 56870277 1
207 235 46095228 7
183 236 67384123 7
84 237 26242796 3
191 238 38402381 4
60 239 27564350 9
203 240 96522458 4
10 241 53524443 8
101 242 27190331 10
19 243 59775472 7
56 244 92584353 7
75 245 46832587 8
12 246 15899146 2
103 247 1176216 6
84 248 98888854 3
13 249 77290340 5
242 250 19737252 1
73 251 71050864 2
43 252 20430115 8
10 253 28838755 2
23 254 96785477 6
86 255 84155225 7
182 256 34114062 4
108 257 39626219 1
180 258 62415978 9
110 259 34505763 6
46 260 48804709 7
235 261 10846417 6
260 262 78043526 7
117 263 90114428 8
194 264 59420509 5
176 265 1139134 7
168 266 77423089 9
222 267 78567326 6
94 268 36892594 2
250 269 79548824 6
64 270 78506237 10
267 271 61307171 2
11 272 83305210 1
233 273 2566340 10
148 274 88158010 5
91 275 30673468 10
14 276 12638866 2
207 277 25792966 7
250 278 95178368 7
217 279 4078139 7
188 280 35652391 2
52 281 45674996 10
139 282 94199906 3
208 283 29782923 10
20 284 39299414 9
101 285 61028760 2
103 286 66513165 10
173 287 84414245 1
86 288 35175909 7
268 289 65663696 2
55 290 65332708 5
159 291 29403201 5
14 292 31483493 8
32 293 86883351 9
160 294 96749659 8
87 295 66665204 7
212 296 79269002 9
116 297 22403093 4
195 298 49440287 7
61 299 29248940 10
116 300 21344663 10
267 87 101 93 84 61 14 139 127 187 180 293 80 57 21 51 284 49 177 44 136 292 246 141 9 144 48 124 72 128 116 68 62 18 236 120 50 43 210 263 136 179 208 23 139 175 262 113 129 130 241 7 56 111 112 206 124 3 78 252 26 240 223 12 67 4 58 260 213 3 273 277 299 198 197 258 189 40 71 130 116 264 299 171 289 153 25 218 26 108 272 94 13 293 136 94 159 94 68 38 285 250 174 95 190 166 114 210 179 50 221 270 166 218 200 5 254 79 62 54 264 9 180 51 247 78 67 75 28 79 254 272 75 235 172 47 277 232 231 9 227 185 136 62 121 153 87 195 258 139 99 152 142 99 187 124 237 51 254 126 264 111 278 288 210 86 241 222 49 126 84 113 123 108 276 243 298 265 250 87 300 111 283 73 288 54 176 250 27 125 5 167 191 28 110 130 270 105 264 270 84 19 173 184 203 34 37 293 96 297 123 164 2 252 169 2 86 97 59 268 111 118 41 135 154 219 283 274 3 26 60 19 217 42 133 142 99 61 246 294 258 20 213 142 143 55 232 247 74 277 18 2 220 203 217 170 254 25 267 239 259 57 184 1 117 284 71 6 16 78 107 298 28 152 291 271 2 104 165 64 138 78 199 8 152 272 17 225 284 45 98 104 145 196 52 177 43 64 123 234 292 89 90 243 255 134 261 273 83 287 235 246 158 171 137 264 158 182 205 190 13 273 119 41 90 55 18 239 243 292 285 241 91 189 69 83 250 39 169 224 134 168 130 80 143 157 141 146 98 245 224 57 299 84 255 233 220 211 154 74 31 220 229 178 70 217 228 104 93 105 68 251 8 99 187 20 192 84 177 178 153 53 211 12 94 93 12 77 138 278 111 109 233 83 45 7 120 253 20 128 163 186 120 145 260 209 256 78 130 210 9 108 5 47 108 255 158 24 226 44 156 291 24 222 14 189 286 168 18 244 18 269 4 74 1 111 150 173 212 236 246 200 163 154 45 186 226 135 179 240 136 224 67 111 254 169 30 187 144 224 168 123 249 295 150 279 23 189
54 84
320 292
1 2 80290403 6
2 3 30941294 5
1 4 58073856 5
3 5 1953265 3
2 6 13040740 5
3 7 36821628 7
2 8 95960448 2
1 9 39919034 2
6 10 64390694 1
8 11 42480772 2
4 12 90320820 4
12 13 47001603 6
9 14 30384315 3
13 15 79511001 7
12 16 66518942 4
8 17 9114579 8
17 18 57719488 5
3 19 40284159 10
2 20 2615200 10
17 21 97019485 5
10 22 41982983 1
15 23 15102149 2
19 24 20320261 4
15 25 48345477 1
19 26 58892399 3
26 27 63958649 6
2 28 11149491 8
2 29 29518457 8
17 30 1707836 4
24 31 499879 9
11 32 60637229 5
22 33 21740317 9
18 34 23817228 7
13 35 23797613 7
34 36 43552971 8
4 37 60017585 4
25 38 28797856 5
21 39 4783808 2
6 40 3704885 5
33 41 33245106 9
3 42 83159991 10
20 43 54108998 5
26 44 82356147 8
41 45 84271133 3
44 46 7860600 2
19 47 74309701 5
25 48 46634961 10
3 49 43851177 5
46 50 73050352 1
46 51 49719919 7
18 52 32428730 1
16 53 59989909 6
6 54 44000251 1
22 55 10541753 4
7 56 47150068 10
25 57 81891713 5
40 58 61003214 1
17 59 798890 8
5 60 1682282 1
20 61 94022146 6
30 62 69748014 8
34 63 30549102 7
25 64 19483472 10
58 65 24975333 10
36 66 71060766 2
20 67 53032796 4
9 68 25045697 6
44 69 56487167 3
40 70 21754469 5
49 71 55837199 10
52 72 46735509 8
6 73 68082244 3
40 74 95825665 6
9 75 68928430 5
33 76 13458539 8
35 77 56389667 6
60 78 1159949 10
12 79 62502600 3
41 80 26630701 8
10 81 70329215 2
69 82 2577914 5
7 83 32239166 8
66 84 36203211 9
7 85 90956130 6
52 86 21231972 1
65 87 24274853 6
2 88 81310325 4
10 89 12132982 4
2 90 64268320 4
63 91 39616125 10
61 92 66910830 9
58 93 97403447 1
75 94 34617277 7
91 95 2257922 1
26 96 12443633 1
45 97 9608201 10
24 98 5710615 1
1 99 35256708 8
31 100 6654876 9
80 101 59468783 9
5 102 84125294 2
54 103 73845664 1
93 104 37587700 10
53 105 63095847 10
2 106 63509250 6
4 107 4130822 7
102 108 73185427 5
87 109 5202656 5
18 110 19704162 1
80 111 72435229 5
4 112 99586280 7
14 113 58581813 9
14 114 17076270 8
9 115 40381262 9
25 116 79736222 1
106 117 90073058 6
90 118 55526176 3
82 119 80804489 10
68 120 72368412 10
5 121 17301241 3
62 122 9177376 3
8 123 94177181 8
13 124 5871417 8
69 125 19073031 3
9 126 41576467 5
8 127 71903586 2
2 128 48592648 7
98 129 70807809 10
102 130 85808837 3
3 131 15964024 8
77 132 18403118 3
105 133 15837525 10
34 134 80212393 2
58 135 86082113 2
122 136 54152701 3
3 137 48736058 1
110 138 51175111 9
2 139 52515718 6
20 140 83530978 10
37 141 8544002 9
75 142 21617840 4
44 143 40668170 10
102 144 45915976 9
78 145 4423599 2
131 146 20399165 2
110 147 47919478 10
5 148 5617680 3
132 149 47348529 5
73 150 16065242 7
62 151 22216735 6
50 152 85698314 7
67 153 90986385 1
59 154 39622022 8
139 155 7527639 4
147 156 43638791 3
83 157 9166174 6
47 158 63141838 1
71 159 10923719 8
2 160 57907102 3
113 161 17241009 8
50 162 50537082 8
146 163 74071508 7
102 164 67365457 6
60 165 79860143 4
128 166 57707000 7
89 167 54286487 7
151 168 33745070 1
130 169 2691794 6
1 170 46292400 2
34 171 75650701 4
10 172 38037260 7
43 173 55833943 4
163 174 38406799 2
92 175 86368721 2
92 176 1849762 8
146 177 69261088 10
172 178 5751334 9
115 179 28114980 10
24 180 57347214 2
4 181 89647747 8
62 182 1926966 1
98 183 66521357 5
76 184 61184524 10
25 185 82282432 6
91 186 66912440 9
40 187 56718278 6
11 188 18858802 1
134 189 89859784 8
134 190 75871210 10
177 191 10710737 3
19 192 76757443 8
64 193 89164992 2
122 194 50111393 5
47 195 57460504 4
38 196 32618698 6
17 197 78661610 4
147 198 94377038 3
154 199 51133033 5
133 200 67410995 10
39 201 53429055 10
188 202 61838517 10
168 203 39714989 4
58 204 45301038 10
33 205 4022471 10
58 206 4958318 1
201 207 11756909 9
2 208 63804415 5
151 209 91694762 7
109 210 57686746 9
95 211 81606342 5
74 212 45163583 6
188 213 31611542 2
84 214 77612144 9
123 215 97829276 5
141 216 23855197 4
164 217 6867213 7
80 218 21053339 2
150 219 59237249 10
9 220 82637157 10
186 221 28311499 6
45 222 77588756 10
163 223 41250272 1
189 224 55915632 2
162 225 88732865 8
3 226 6118 7
184 227 84305441 2
214 228 63708378 5
160 229 85482299 10
149 230 80862712 1
30 231 76123374 2
58 232 40146080 3
99 233 76303085 6
93 234 17473912 4
24 235 33762667 1
33 236 46761328 10
233 237 54399533 4
225 238 56076279 6
189 239 7071656 4
5 240 67796012 6
146 241 78297578 3
44 242 63046957 5
231 243 17547912 1
200 244 59602637 5
15 245 36842289 3
207 246 19882043 5
25 247 49093597 7
124 248 8857849 10
102 249 47979296 6
122 250 90437994 6
60 251 86031463 6
6 252 82123768 9
198 253 822647 8
228 254 11226288 5
112 255 65288594 3
92 256 51087061 6
234 257 93719752 5
165 258 55521174 1
43 259 45144192 7
133 260 88013505 9
58 261 56457030 1
166 262 82214441 3
27 263 8782691 9
163 264 14671406 10
133 265 65605283 5
49 266 43115601 5
240 267 92525322 3
149 268 21462137 10
157 269 14498320 1
9 270 79338549 8
191 271 7436490 2
76 272 40360883 9
146 273 24442972 8
10 274 1845550 8
80 275 37717675 5
256 276 95687193 3
23 277 41475130 2
257 278 16183529 9
58 279 58817783 10
153 280 85213222 8
177 281 97658138 6
118 282 67222213 1
116 283 61931388 2
26 284 89092784 9
74 285 92703126 4
52 286 78253305 4
85 287 83031699 6
170 288 26929272 8
193 289 94606209 5
260 290 72157133 1
114 291 97522061 2
189 292 4802059 6
126 293 10529526 7
4 294 62993380 5
242 295 6327012 8
295 296 12138494 8
188 297 49578875 3
24 298 73989494 8
206 299 19048516 8
37 300 8146155 6
135 301 36437521 6
25 302 24187133 1
282 303 29227834 8
36 304 52487720 4
259 305 25685381 10
283 306 5447755 1
305 307 71169889 10
285 308 27074944 9
285 309 84688262 7
309 310 37724762 5
137 311 1866696 3
135 312 18797103 6
283 313 74273009 9
100 314 80056411 4
147 315 39326008 10
2 316 98353370 6
123 317 28237240 6
121 318 20858436 3
268 319 13843887 2
88 320 70096968 3
27 118 318 118 314 144 101 139 63 69 156 175 260 50 112 181 283 226 208 49 93 87 318 119 287 88 95 206 88 79 56 279 121 274 160 166 171 211 40 294 108 33 116 244 6 114 17 239 148 116 320 44 106 282 103 92 183 238 95 310 232 83 163 77 24 30 2 178 67 27 318 135 42 121 192 79 96 125 103 167 312 311 5 270 98 137 80 101 256 83 48 249 259 107 25 294 308 78 223 24 113 318 13 98 252 247 10 13 317 80 41 162 101 52 185 181 289 52 300 261 1 88 161 260 92 204 178 12 309 31 206 213 175 215 201 120 98 292 208 50 16 257 267 119 269 116 152 225 297 196 220 122 146 239 154 227 84 320 124 131 147 182 147 124 282 205 183 320 278 26 148 230 74 202 47 122 256 288 165 156 319 98 228 299 202 119 147 129 128 200 80 221 281 78 138 140 141 167 100 23 11 243 205 258 260 107 200 158 52 20 71 135 87 240 41 199 124 211 130 180 10 33 251 130 157 142 214 272 235 202 296 157 96 44 318 55 111 179 256 182 214 20 181 38 227 110 77 113 78 296 15 134 109 281 109 135 288 103 93 303 127 318 217 210 63 251 222 230 192 74 103 201 92 300 287 81 3 138 273 294 181 295 233 78 192 10 309 83 81 296 73 227
90 118
265 105
1 2 23633223 7
1 3 58497552 1
1 4 524594 10
1 5 45641973 4
5 6 75308704 2
2 7 17317519 9
3 8 45902629 4
4 9 6695484 5
4 10 68756750 4
9 11 30104471 7
10 12 61919773 7
11 13 61756194 10
13 14 55087781 10
3 15 18667236 3
9 16 5568290 6
9 17 10934859 10
6 18 42635061 2
6 19 41818521 3
10 20 36022854 7
8 21 4623131 1
10 22 16727924 10
12 23 56187532 9
16 24 92561246 7
23 25 60854510 5
3 26 25261941 5
16 27 36889928 6
11 28 8588187 3
18 29 11058327 8
29 30 58777348 3
6 31 48862531 10
9 32 28380100 7
4 33 34378362 6
11 34 47325551 8
9 35 3760508 7
17 36 35669510 5
30 37 79380287 7
19 38 24681229 5
5 39 42321316 10
32 40 70298865 4
5 41 56383660 10
23 42 88024809 4
41 43 44095730 4
43 44 3157043 7
30 45 40028474 6
44 46 44592218 4
13 47 30017813 2
14 48 68152618 3
11 49 6586158 1
2 50 52936023 1
4 51 48557521 7
5 52 71866981 8
12 53 86677729 4
32 54 76954991 10
43 55 39551414 10
27 56 55024477 7
39 57 57336196 3
36 58 35778513 10
45 59 11178942 7
58 60 79059124 1
3 61 41736311 10
52 62 67631595 5
43 63 51224493 6
16 64 6091978 7
56 65 2033331 2
8 66 75685027 6
38 67 2052083 10
34 68 66307420 2
35 69 26744830 5
50 70 27247108 2
21 71 24151753 3
52 72 64294518 1
43 73 6939214 2
1 74 56243866 7
9 75 54741244 10
32 76 45601002 2
65 77 98978113 5
6 78 17177948 1
40 79 62144487 9
45 80 81384324 5
62 81 10646159 2
69 82 1657591 4
19 83 18597509 5
6 84 29577026 6
38 85 37204239 10
81 86 60049681 2
20 87 60868042 6
75 88 49290120 6
8 89 33458873 1
88 90 36223041 10
44 91 55667292 6
69 92 89505175 5
40 93 11897406 5
72 94 44634778 3
44 95 32685498 7
56 96 79208718 1
27 97 56772766 5
12 98 39795435 1
96 99 13557312 5
24 100 27012339 3
35 101 68347905 10
84 102 65934231 9
86 103 5665330 2
62 104 96387568 10
40 105 52133624 1
92 106 55374628 6
55 107 35781065 1
18 108 34966693 4
39 109 26248331 5
28 110 36076922 5
87 111 12515179 4
73 112 78785178 10
1 113 12483479 1
79 114 22279758 4
5 115 28237407 10
71 116 636202 8
23 117 95041248 3
89 118 38046177 10
107 119 66789242 3
76 120 99949896 2
31 121 65593663 2
107 122 38044088 1
106 123 10735989 5
55 124 3395727 5
74 125 40775513 3
90 126 39111227 4
118 127 39821818 10
121 128 56260707 5
75 129 82388792 4
13 130 14928545 5
8 131 40212117 8
53 132 75477559 9
25 133 84093229 4
87 134 98488871 9
93 135 9319748 9
56 136 19863898 9
7 137 47326832 3
27 138 48333741 8
79 139 76580471 4
12 140 89646521 4
6 141 59216414 2
102 142 35187722 10
28 143 86243201 9
31 144 82973633 6
141 145 25344620 4
42 146 73257010 5
51 147 94595502 4
32 148 70091193 8
136 149 47720371 2
145 150 90634590 4
47 151 10059425 7
140 152 6078659 6
39 153 49541615 8
118 154 91542264 5
114 155 65778118 1
6 156 88249956 4
89 157 27148820 7
146 158 18705258 10
73 159 39354802 10
95 160 76075500 8
132 161 34852020 8
152 162 38601810 6
48 163 6591231 2
141 164 41668880 7
146 165 77388354 8
31 166 60196703 9
117 167 50846997 3
162 168 79135457 9
87 169 38753043 10
14 170 57596870 8
82 171 66898826 4
24 172 46978078 8
127 173 93424345 5
39 174 72449382 3
4 175 5404332 9
149 176 64388338 10
126 177 81141829 10
101 178 63595763 6
36 179 72437163 10
114 180 47834555 10
74 181 55598118 4
117 182 94015933 10
89 183 71659972 6
183 184 43921524 10
131 185 54078991 1
60 186 30543324 2
136 187 45156183 5
118 188 54154198 9
23 189 34178237 6
178 190 26275578 4
90 191 22743290 4
148 192 19221033 7
151 193 76230803 6
25 194 24132682 10
174 195 22158364 9
80 196 19286355 2
151 197 25369228 9
159 198 65470784 8
96 199 55807876 5
183 200 50187147 10
14 201 45058669 10
10 202 95132087 8
126 203 94000850 7
159 204 35597892 2
43 205 77380156 3
53 206 88497452 2
92 207 64858390 10
60 208 4062570 8
56 209 56228097 8
117 210 41271487 4
177 211 6095452 5
139 212 10897670 3
145 213 1418037 7
54 214 90306694 1
77 215 73449196 4
171 216 55506867 8
162 217 42568256 3
73 218 35124167 2
194 219 75742968 2
135 220 66394414 5
23 221 72621135 5
218 222 94104996 4
116 223 8549427 6
124 224 42262352 6
191 225 61045298 7
91 226 44091883 6
30 227 7883830 1
137 228 93518029 5
197 229 68553026 4
40 230 99585171 7
59 231 7022685 6
168 232 90509270 3
136 233 18895515 3
209 234 32059151 5
145 235 72166129 3
155 236 69489027 9
221 237 93024615 6
163 238 82407735 3
231 239 68360308 2
83 240 79371831 7
78 241 56400392 4
202 242 99661530 10
53 243 9796902 3
1 244 55856039 5
79 245 31290745 9
48 246 96775033 1
171 247 11397341 4
220 248 57500195 6
67 249 81776420 9
122 250 67359798 10
144 251 91250502 6
228 252 4633329 4
246 253 28176677 4
7 254 67305052 3
19 255 80181763 4
89 256 20406424 4
173 257 82922419 7
88 258 89711582 6
72 259 39841323 7
218 260 41856863 6
39 261 14113130 1
104 262 3042969 3
160 263 81002622 9
33 264 91072719 8
198 265 5940911 5
4 192 183 7 144 95 31 119 254 83 56 235 97 22 156 218 141 52 149 171 108 210 157 85 225 152 123 171 73 82 221 100 260 61 209 198 184 119 61 25 141 216 236 27 55 157 68 168 124 122 76 65 169 121 125 62 239 108 91 199 265 8 3 84 253 161 250 242 230 108 154 20 169 71 203 150 138 66 52 97 244 99 263 128 143 147 192 56 148 59 154 224 249 71 139 151 262 133 216 54 98 248 240 159 262
148 192
411 256
1 2 33455481 1
1 3 35982164 10
2 4 60465826 10
4 5 58927126 1
3 6 1167787 7
6 7 88408431 7
1 8 7232552 5
7 9 90172918 2
3 10 26975634 9
3 11 31146091 5
6 12 54884405 3
4 13 56853400 3
4 14 79291916 8
5 15 94862570 2
2 16 7704529 1
2 17 45435572 8
17 18 68304520 4
13 19 63023216 8
13 20 10115537 9
3 21 51278855 1
16 22 15340986 6
13 23 31134396 3
13 24 94907048 4
14 25 38776550 3
12 26 6642399 2
14 27 58485003 5
24 28 81184348 7
2 29 27850660 10
20 30 67597571 3
17 31 190777 7
21 32 78896980 10
12 33 29984248 3
7 34 54404424 5
9 35 67210943 9
20 36 7372916 3
25 37 12265766 10
13 38 81617607 2
24 39 82562813 10
23 40 54630373 3
17 41 48269130 4
17 42 73497521 5
9 43 75002163 3
28 44 96340699 2
38 45 24188113 10
4 46 77019493 8
1 47 13018287 3
24 48 85812043 10
8 49 53228362 5
20 50 53154008 4
38 51 9920980 1
17 52 1504387 3
41 53 64936039 8
43 54 10440917 7
1 55 78947299 1
16 56 14860323 1
29 57 55049678 5
31 58 48800705 8
21 59 19186621 4
19 60 41766768 9
49 61 71449702 8
51 62 67960361 5
53 63 59149349 5
20 64 80592143 10
46 65 71446255 3
27 66 66883067 10
41 67 73474356 7
13 68 83270156 3
65 69 98538257 6
9 70 8018115 3
32 71 86150695 5
15 72 32867690 8
66 73 77887809 8
4 74 52178723 9
21 75 89146790 6
56 76 57902180 10
14 77 73062840 7
64 78 14734690 6
20 79 6106163 3
52 80 77858841 10
17 81 11350473 10
11 82 34856722 4
73 83 51206561 7
1 84 32164490 6
83 85 53376961 10
51 86 79613589 6
75 87 77891389 7
39 88 24916643 6
52 89 11125936 8
34 90 5031272 9
78 91 65389244 2
40 92 5032538 9
88 93 60030028 5
93 94 92688640 1
57 95 68106141 5
58 96 29674104 6
7 97 41166417 6
8 98 73296835 10
83 99 32417467 5
64 100 64370255 2
49 101 62978531 9
28 102 2213105 8
67 103 9472296 7
76 104 43766258 5
59 105 22765333 9
64 106 36409371 10
68 107 52406425 10
16 108 60504227 9
98 109 75677611 8
61 110 8245515 6
62 111 21496923 6
39 112 90476460 2
15 113 4783406 6
80 114 89451418 4
61 115 55695758 5
31 116 30489912 8
73 117 64010771 5
114 118 45833484 2
72 119 99232900 1
8 120 84618907 7
104 121 59868921 2
24 122 2611078 7
83 123 33537676 5
105 124 25319350 1
96 125 28842035 1
41 126 90909544 6
101 127 25123179 3
111 128 29185354 4
114 129 21517018 5
24 130 14214108 1
62 131 72640162 3
73 132 33143623 1
4 133 25880496 2
37 134 1549409 5
31 135 535934 8
123 136 95261459 7
5 137 85977951 7
62 138 54762270 1
115 139 56686295 2
10 140 2565557 7
7 141 12175408 2
75 142 13717070 6
72 143 37980266 5
126 144 68734282 7
55 145 43352402 10
101 146 92526365 4
75 147 5854499 6
91 148 99666323 7
103 149 20723049 8
136 150 23916342 8
52 151 29499651 4
52 152 80790249 2
71 153 24420474 8
101 154 36848682 6
53 155 7383189 9
104 156 85868619 7
18 157 57939303 7
93 158 33426760 2
48 159 95120701 5
74 160 46529378 1
101 161 83171015 10
90 162 75162405 5
123 163 37255738 3
87 164 78552230 4
68 165 74916446 2
72 166 53258105 1
101 167 89535222 10
139 168 39214424 7
6 169 46289452 3
91 170 50663215 10
142 171 86998714 7
88 172 5380252 4
117 173 24032297 4
86 174 58089460 8
88 175 2029115 10
144 176 36900911 10
81 177 23919036 5
157 178 25217989 9
141 179 2083216 3
2 180 7554207 5
25 181 42737982 9
100 182 40387121 10
52 183 26832729 7
18 184 81781080 5
86 185 79790822 1
52 186 9093766 10
129 187 29935878 7
158 188 98722180 7
93 189 15729630 2
128 190 17285880 9
78 191 26478704 2
74 192 20580191 1
41 193 35031933 6
147 194 43871894 3
91 195 36582676 10
163 196 14862574 9
90 197 3258577 3
10 198 38922696 6
175 199 45296228 10
20 200 38508137 2
5 201 34630892 3
109 202 55708229 10
78 203 2057230 2
192 204 9795642 1
38 205 34539628 5
147 206 92312612 2
77 207 36215679 10
175 208 97733419 1
208 209 24370606 2
108 210 43905290 9
6 211 88149023 10
157 212 37495679 4
27 213 56715247 8
72 214 79111272 10
182 215 45612838 4
15 216 35332243 6
171 217 99125362 7
94 218 37689318 3
23 219 81077585 10
166 220 89780222 8
19 221 47003092 8
46 222 31161501 4
164 223 50759485 1
79 224 6918139 4
14 225 23967993 5
74 226 28308963 6
13 227 36066565 2
56 228 36828623 9
47 229 13054363 2
30 230 60491646 9
115 231 68274035 7
219 232 54006345 2
179 233 76807655 3
93 234 23412316 10
68 235 25346941 3
60 236 29465914 2
180 237 63156773 9
8 238 60721744 7
90 239 89948485 2
132 240 6245634 4
180 241 93767579 9
215 242 73812115 8
12 243 49641267 9
93 244 43773575 7
29 245 46811530 4
115 246 60386410 5
53 247 12940829 6
105 248 93390666 6
106 249 99060396 3
228 250 27490815 10
182 251 65092744 10
242 252 24732656 4
224 253 40005960 4
30 254 90734661 8
84 255 51706077 4
40 256 90490155 10
168 257 62722312 8
127 258 5251596 3
99 259 47355738 3
116 260 26356958 3
57 261 42399614 8
48 262 64231559 1
187 263 99903362 6
222 264 99330761 8
18 265 9202558 3
242 266 4811593 2
67 267 45916640 9
52 268 75856254 1
188 269 52652830 10
53 270 5338455 2
202 271 99701361 9
258 272 30491263 10
55 273 57047552 1
271 274 80847821 6
88 275 80560660 6
134 276 36926868 6
243 277 91601195 1
198 278 78199808 3
189 279 29423608 10
30 280 40710324 4
202 281 57413689 6
241 282 95425027 5
251 283 63677224 9
49 284 40017487 7
114 285 10041861 9
135 286 12762597 4
278 287 65720469 3
95 288 31010660 6
217 289 94953332 4
189 290 2074577 7
206 291 76612730 3
187 292 3289543 5
186 293 40094630 5
179 294 3440758 3
165 295 78498577 4
33 296 42200979 8
234 297 16666344 1
128 298 18725210 5
189 299 1867337 9
106 300 37374649 5
148 301 9692261 5
37 302 99647103 2
242 303 54929459 2
193 304 65871194 1
220 305 39764056 8
163 306 75123673 7
157 307 87488386 8
197 308 41376917 3
72 309 60483223 5
212 310 2964103 2
285 311 14238672 9
294 312 30542899 6
127 313 34227431 8
253 314 14300268 2
294 315 65736091 10
185 316 51162555 4
181 317 33430426 9
310 318 88462002 5
68 319 9240630 8
110 320 5972987 1
118 321 71933841 6
149 322 36725296 10
100 323 73729929 4
165 324 77203961 9
208 325 70761561 3
265 326 27080339 4
93 327 42814070 3
15 328 50487835 4
87 329 51718073 1
303 330 59616591 4
61 331 28891776 5
208 332 60714469 4
35 333 30157657 6
69 334 28111166 8
130 335 16805327 7
26 336 40440421 6
30 337 3516376 7
167 338 32362495 4
220 339 33917924 7
42 340 89497997 1
221 341 41686541 8
149 342 89688489 3
21 343 43645135 5
45 344 77205927 7
199 345 18072305 2
322 346 61414710 2
307 347 7338174 5
233 348 68859554 4
41 349 33017877 8
92 350 34207722 10
197 351 73072789 2
338 352 73078430 7
127 353 34952092 6
232 354 78006620 7
243 355 75182760 2
10 356 16227803 5
263 357 51696062 6
11 358 39268895 5
186 359 57866683 9
189 360 65256217 3
162 361 54814448 3
11 362 97629604 1
53 363 59640931 2
132 364 97938459 6
313 365 20164459 7
28 366 3199630 10
333 367 58839032 5
285 368 31479747 2
216 369 10129124 6
38 370 42752844 9
366 371 75437274 10
39 372 53650942 8
323 373 27612128 8
371 374 95181151 9
351 375 21342185 2
228 376 27885531 9
88 377 44115103 6
126 378 22621998 2
123 379 9456625 2
269 380 58172848 6
159 381 46510779 5
287 382 6798001 7
148 383 51863272 10
127 384 8416775 6
77 385 59850391 10
198 386 54751700 7
101 387 62819681 8
326 388 11893038 4
200 389 94069331 3
128 390 60379874 9
26 391 55172523 8
272 392 93380519 2
215 393 62490870 9
334 394 7323240 2
371 395 15214289 7
102 396 42175727 8
326 397 40192335 10
128 398 65201537 4
189 399 23657020 9
167 400 99075038 2
50 401 9955770 8
66 402 12911236 7
394 403 72112861 8
133 404 35560395 8
71 405 56902309 1
243 406 81885041 3
109 407 46553623 10
330 408 99037713 1
244 409 18126305 8
24 410 34960720 7
330 411 49730338 4
250 80 101 86 308 124 176 213 354 105 368 150 7 396 75 130 173 288 186 262 98 41 367 103 91 391 34 362 366 2 198 230 235 306 180 287 259 104 356 363 5 288 43 44 392 249 131 356 295 380 316 165 64 290 193 159 146 278 242 378 398 407 195 201 25 351 265 84 187 236 190 184 129 63 238 221 172 266 222 32 401 133 217 97 95 286 377 323 232 44 212 186 137 166 170 116 358 359 284 65 316 404 363 319 84 312 147 20 249 255 34 19 33 89 216 265 311 330 307 171 356 5 410 97 274 33 309 326 360 282 139 214 100 61 395 164 350 99 408 136 3 158 91 218 277 365 378 177 399 182 346 289 105 390 198 327 270 405 284 116 289 383 6 24 183 94 284 203 310 313 232 348 305 180 158 377 348 15 66 195 157 164 3 227 244 8 207 358 47 384 170 323 178 250 30 396 56 390 52 206 47 404 160 28 45 86 40 297 6 335 209 6 134 136 261 381 211 26 283 253 194 39 192 121 383 385 407 132 316 351 20 70 309 35 11 281 139 333 375 179 56 2 161 336 288 380 142 120 124 217 321 331 224 240 304 123
303 330
386 419
1 2 45912633 5
1 3 53657463 8
2 4 10256405 9
4 5 61304302 2
2 6 3613469 6
5 7 19326363 6
3 8 5951005 1
3 9 35990872 8
6 10 83945280 1
4 11 28375432 6
6 12 4364283 2
12 13 73547111 4
11 14 37387125 7
8 15 47774209 1
9 16 50976275 7
13 17 25515615 6
13 18 91831976 3
6 19 20165861 5
4 20 16188622 9
12 21 44226103 4
13 22 32816722 3
3 23 60278234 10
17 24 20013717 2
4 25 17421172 5
19 26 90711128 6
1 27 38767141 7
20 28 62470132 7
22 29 4662455 9
20 30 81123055 6
9 31 50915372 10
24 32 54097805 3
26 33 74664356 8
31 34 9671364 4
7 35 91246967 4
5 36 24140303 9
5 37 45119060 10
34 38 46603407 2
22 39 11021639 4
25 40 92730839 8
15 41 90426135 5
14 42 89366708 2
3 43 47860934 6
10 44 29701925 8
22 45 68117722 4
10 46 42685837 3
17 47 83760673 3
22 48 61901508 3
8 49 73208850 3
42 50 44493384 8
17 51 72991442 6
19 52 83424556 3
13 53 93550030 3
51 54 55206958 9
22 55 22834020 4
3 56 68531119 8
5 57 55528175 5
31 58 19447096 6
14 59 90368622 8
2 60 88576158 1
1 61 63838457 6
19 62 19692623 7
24 63 69823234 10
1 64 68443439 9
2 65 5112304 9
23 66 48421202 4
20 67 32914375 7
7 68 37507234 10
25 69 78223201 1
14 70 25587186 7
29 71 2928942 7
70 72 88159025 9
14 73 77123187 3
5 74 35096373 9
41 75 80092112 1
13 76 96680536 5
17 77 81641932 8
43 78 92982677 7
67 79 23151668 1
23 80 21581581 10
60 81 11678666 2
18 82 28435100 9
43 83 8416731 7
62 84 84191255 6
43 85 28060492 8
19 86 10692972 5
53 87 4062752 5
56 88 54946857 10
50 89 91620126 8
18 90 8819392 4
11 91 9754545 9
16 92 10157711 7
4 93 55143769 9
64 94 17078999 9
12 95 29034084 2
65 96 48354512 10
67 97 76884180 3
78 98 24144234 4
32 99 95129258 5
15 100 14891299 8
97 101 98193317 2
23 102 79057876 3
88 103 63800253 1
69 104 84593966 5
13 105 20544875 2
72 106 28657101 8
62 107 21810989 4
28 108 4671340 8
61 109 71609585 1
43 110 15535582 1
15 111 68832042 8
14 112 86777395 8
70 113 17421657 1
111 114 44997883 1
30 115 69555325 7
98 116 99680425 7
36 117 89456313 2
55 118 70280693 6
12 119 34151397 3
73 120 84204525 8
36 121 22382665 9
109 122 94285585 8
97 123 67160507 4
46 124 58289967 9
49 125 90005766 6
41 126 73387919 3
97 127 84403501 6
44 128 137682 2
51 129 78208899 3
2 130 19614323 9
122 131 30744783 1
10 132 52467279 9
112 133 14744667 7
9 134 57830656 2
75 135 29884795 4
81 136 97742175 5
83 137 75516241 7
88 138 84603970 2
95 139 59411181 10
42 140 43970654 5
26 141 98741450 7
73 142 85207732 9
6 143 87217331 6
37 144 64451248 9
139 145 6223835 4
21 146 9542174 8
92 147 61047424 10
19 148 46289271 4
20 149 76204404 9
135 150 21040000 4
60 151 5343014 1
103 152 2426169 8
45 153 60010945 6
92 154 12781048 7
139 155 18823575 8
83 156 5548134 2
106 157 43753542 9
148 158 7749829 10
5 159 5525336 6
15 160 1228285 10
44 161 68407206 9
46 162 46781495 2
149 163 91650260 4
36 164 29979361 5
26 165 62584271 10
17 166 27946779 9
7 167 62240973 4
102 168 72068071 10
141 169 87413176 9
99 170 90267302 10
115 171 18937371 4
152 172 5095564 1
52 173 38970209 5
60 174 64166720 5
114 175 4794299 4
32 176 28212240 10
172 177 34030561 1
131 178 13619479 2
153 179 39640476 8
158 180 65302154 6
166 181 96361623 6
70 182 1720629 3
57 183 57342308 9
179 184 26881717 8
115 185 47713677 4
51 186 61482124 4
70 187 83483383 8
140 188 96754366 3
70 189 81259945 9
88 190 75918787 8
84 191 53663593 6
66 192 79704802 4
35 193 46172952 9
44 194 21410367 10
168 195 54427696 2
98 196 20938424 2
196 197 56412586 7
78 198 18423272 9
57 199 98756233 10
163 200 48196608 5
40 201 64305525 3
84 202 88716808 7
188 203 46985057 2
40 204 56477100 5
6 205 31159263 7
28 206 97794004 4
54 207 15645386 4
115 208 42545802 5
192 209 95497028 9
194 210 27182786 9
154 211 32586268 1
163 212 81746533 3
134 213 87925528 4
146 214 372021 4
89 215 79654845 8
64 216 28839487 8
67 217 85199043 10
29 218 18793214 7
180 219 3206075 6
101 220 99141038 2
52 221 9883836 1
48 222 2195912 4
66 223 77783277 7
101 224 85515487 6
63 225 92575028 7
62 226 92803274 4
37 227 86929889 1
128 228 85242137 2
197 229 6660579 3
82 230 71388074 10
81 231 84337630 9
155 232 3140683 10
143 233 24135925 8
3 234 31273416 7
157 235 48407562 3
111 236 88898917 4
105 237 69277809 3
13 238 37571886 2
54 239 5644060 6
18 240 92179631 6
86 241 53605851 9
241 242 55086229 9
181 243 29276427 5
182 244 88601593 10
147 245 95147083 2
111 246 22884257 7
187 247 7322048 3
32 248 98625798 2
102 249 79898392 3
194 250 67213546 1
222 251 67146582 5
123 252 39131140 8
230 253 92045712 6
117 254 32454945 5
21 255 84583159 9
186 256 74013562 3
11 257 96661379 1
62 258 64387404 5
139 259 73384211 7
38 260 81445423 5
20 261 95359687 4
260 262 31353590 7
260 263 86120277 7
4 264 50043209 6
160 265 8187713 4
222 266 94981199 6
3 267 81495482 3
61 268 61972058 10
82 269 89112397 1
256 270 31870194 1
142 271 52073674 8
254 272 54734772 5
227 273 97939849 1
59 274 35225112 2
89 275 72506768 7
93 276 43451476 1
249 277 76780111 10
42 278 74586937 8
169 279 84344163 7
100 280 79276742 10
222 281 76251109 5
42 282 60244814 7
178 283 76915253 9
8 284 13592541 10
53 285 54212431 3
152 286 93497442 3
279 287 5539080 10
220 288 76114319 2
200 289 58531963 5
284 290 30973804 2
136 291 9981927 6
259 292 63594127 8
130 293 96244136 2
48 294 13749779 4
240 295 67032395 4
116 296 90566701 2
190 297 61398328 8
22 298 40948490 4
290 299 91254180 9
83 300 13262258 8
42 301 38561097 3
1 302 46321949 2
226 303 75798813 9
207 304 36594393 4
89 305 83377834 10
81 306 25672212 10
247 307 62275995 3
227 308 15535040 2
276 309 27387312 1
80 310 5298520 3
48 311 37410492 7
218 312 77487678 2
261 313 62367596 10
118 314 7388289 1
46 315 433875 9
161 316 49558074 8
187 317 98956733 1
60 318 36182070 9
128 319 83537114 8
219 320 50536912 9
208 321 79953013 6
95 322 87417449 1
164 323 21207966 9
52 324 35921835 10
49 325 4039889 9
230 326 51279693 10
307 327 49327228 1
64 328 93274753 7
209 329 32597479 3
73 330 17072044 5
80 331 26295411 6
252 332 98690173 9
229 333 45063231 9
169 334 69678056 3
122 335 39430172 4
198 336 99267572 4
149 337 26939120 9
31 338 54198817 1
148 339 86356998 9
174 340 9140015 1
109 341 84936905 4
179 342 55040763 10
156 343 88826292 7
283 344 22253212 4
178 345 98843737 10
204 346 642878 4
5 347 34846045 3
107 348 35466874 5
113 349 11598803 2
221 350 37349955 8
140 351 34084749 8
344 352 23811942 7
135 353 86272407 10
137 354 20659575 6
148 355 6354129 4
172 356 56302337 6
220 357 71325702 1
233 358 57431108 10
71 359 68772018 10
55 360 68635012 8
272 361 31767010 7
110 362 79252288 1
292 363 40449234 3
358 364 53863599 3
74 365 37535949 6
27 366 39748107 2
224 367 59116147 9
327 368 4660053 5
101 369 49976724 5
269 370 96663439 5
279 371 76396379 6
304 372 39797066 9
203 373 35014536 5
72 374 30150437 9
50 375 3740158 9
98 376 44417758 5
74 377 41240860 10
31 378 40093903 3
47 379 83118779 4
101 380 33027547 6
289 381 42242176 2
374 382 10656227 5
373 383 75688089 9
205 384 87424839 2
327 385 52530687 8
212 386 57372675 8
327 166 214 98 348 36 13 279 16 293 374 68 171 150 249 178 222 171 98 233 92 28 67 27 22 341 71 202 252 285 35 177 334 107 321 259 270 31 368 76 302 24 328 359 342 232 59 262 120 282 113 59 217 155 334 204 91 17 37 129 197 194 4 295 358 78 36 371 83 222 361 343 283 236 203 240 365 34 321 192 79 216 286 301 252 244 308 31 58 302 39 381 95 68 153 74 86 184 125 34 8 352 90 65 20 296 340 295 312 3 325 291 307 357 133 341 48 74 26 114 359 164 163 218 227 377 335 289 327 140 325 252 327 82 335 337 309 319 37 329 155 122 206 382 279 28 264 300 140 52 149 327 135 23 200 251 100 109 51 291 62 375 61 373 259 16 158 38 206 124 224 376 311 364 350 126 379 261 10 310 193 88 269 258 333 366 115 85 14 323 254 219 62 315 86 314 20 295 184 203 98 3 330 21 246 9 366 73 10 383 234 220 109 165 359 310 183 202 282 121 63 114 329 86 171 202 240 332 144 128 283 167 377 125 47 96 367 318 44 94 271 202 360 54 154 135 341 25 269 77 289 147 265 351 315 27 86 359 118 134 104 309 177 128 158 84 38 303 354 278 285 140 112 279 285 232 108 57 384 20 186 296 207 99 355 48 180 51 6 336 176 4 237 119 332 115 41 263 341 148 159 228 288 318 263 24 3 244 214 354 48 87 353 75 65 28 17 230 92 216 350 118 165 278 296 162 72 131 116 384 254 380 258 358 72 84 219 263 204 63 360 302 336 84 209 332 5 102 8 106 104 287 377 216 225 281 236 90 190 113 353 108 191 351 82 306 95 64 292 117 315 93 342 371 293 212 186 63 99 341 278 260 32 63 356 383 359 82 267 378 19 109 124 338 206 36 383 161 262 268 120 212 125 332 348 264 204 187 332 173 313 189 114 157 383 356 107 116 132
111 236
238 259
1 2 95240154 6
1 3 52742747 2
3 4 4856660 9
2 5 80008644 6
1 6 39607718 1
6 7 36291680 9
1 8 48182249 10
1 9 12998633 4
1 10 40838162 4
6 11 69387811 5
1 12 98622424 3
2 13 4821340 2
7 14 69304330 6
11 15 91390863 10
15 16 4337252 10
6 17 28128597 3
14 18 17888054 1
6 19 59594511 10
5 20 40946743 10
15 21 28217249 7
7 22 29033011 9
20 23 47413644 3
3 24 89351858 1
18 25 84989529 6
6 26 65456224 1
7 27 20455634 2
8 28 14634145 5
2 29 40080608 3
29 30 54622987 10
12 31 28949190 7
2 32 40642637 4
6 33 83676582 9
12 34 84342790 5
5 35 66134476 6
22 36 39466395 8
16 37 74506238 8
21 38 78792406 9
11 39 56868449 8
1 40 36157639 10
33 41 69420171 4
10 42 5664870 2
16 43 73051894 3
11 44 33333200 2
30 45 8281135 3
28 46 27002840 6
28 47 12250254 3
40 48 61270789 9
48 49 50605110 7
4 50 71217023 4
18 51 22006960 8
30 52 62547925 9
17 53 97177605 9
23 54 70165895 8
47 55 81305288 9
32 56 89611411 9
49 57 69717445 1
12 58 95702800 2
45 59 67473334 1
24 60 21331316 6
14 61 53306703 10
13 62 52501357 9
11 63 12015578 9
43 64 78938129 10
40 65 53936053 2
13 66 86468531 6
65 67 11664541 1
43 68 37031481 2
21 69 8864692 1
39 70 77254959 6
54 71 85037912 5
25 72 4031290 1
67 73 38703493 8
34 74 87230756 1
70 75 19507456 6
36 76 22910268 3
50 77 71937581 8
5 78 66262316 3
71 79 84202542 3
14 80 41327514 4
58 81 39792472 2
24 82 73141726 6
66 83 53259142 1
48 84 10939213 8
82 85 24720318 9
1 86 68923021 2
36 87 28280677 4
6 88 70877129 2
41 89 97828779 4
76 90 25104609 9
58 91 40694129 5
11 92 23242476 6
89 93 43659437 2
15 94 47822840 6
14 95 40238234 10
71 96 231809 5
36 97 11885115 9
29 98 72195184 9
39 99 85438054 7
22 100 69861402 9
26 101 36843000 9
31 102 37586251 5
72 103 76663442 6
67 104 39129293 7
45 105 92316451 5
66 106 57475483 10
102 107 97678396 7
8 108 27187899 9
67 109 65312834 6
65 110 36332657 7
85 111 80739025 3
55 112 55030885 8
101 113 53728343 9
47 114 23450198 8
66 115 83405577 4
103 116 61549240 10
60 117 18972909 2
12 118 44031506 9
87 119 17993623 1
57 120 59334306 5
111 121 33691853 5
91 122 86582940 10
1 123 215309 4
21 124 44773309 1
16 125 55951749 3
37 126 86981330 7
107 127 11830471 9
75 128 55023717 5
91 129 79323158 3
108 130 13117752 7
114 131 75491018 5
87 132 19435159 2
30 133 38466228 1
66 134 30711591 1
131 135 93638874 2
21 136 96292601 3
114 137 92353054 8
94 138 52206647 5
16 139 99007231 8
10 140 57100138 1
72 141 15835053 3
86 142 6045077 4
142 143 81552627 7
74 144 96408319 2
26 145 61242632 10
123 146 97637085 9
80 147 21143956 9
141 148 14759363 10
93 149 88708132 4
102 150 51970037 5
70 151 68011618 3
10 152 96342987 9
91 153 69060872 5
30 154 14821334 9
64 155 47098114 4
141 156 51581446 1
153 157 36809911 5
9 158 93085865 6
75 159 41464615 5
94 160 26297694 5
31 161 48347430 5
106 162 32538096 5
104 163 40606780 8
141 164 9117702 9
99 165 71007124 6
44 166 86147850 3
81 167 44687208 7
11 168 46255228 2
163 169 52195888 1
142 170 47938520 4
167 171 52874480 7
43 172 48110177 6
80 173 19871894 8
92 174 44971825 2
87 175 63461299 3
123 176 83434457 3
19 177 10000647 10
94 178 19749531 9
170 179 22739092 3
66 180 96851649 1
88 181 55426780 2
147 182 12865240 5
27 183 77466059 6
121 184 44985465 10
103 185 1505804 4
65 186 80585510 7
91 187 3915481 5
34 188 9626062 5
20 189 81334560 10
24 190 99482683 3
134 191 87737453 6
140 192 64397482 2
93 193 39993265 9
101 194 47377864 10
38 195 28676542 10
46 196 39295856 10
82 197 68503494 1
109 198 82057260 9
141 199 4070187 4
167 200 30274133 9
139 201 63941827 9
131 202 32310601 5
9 203 83269252 8
119 204 22268549 3
82 205 98317000 3
80 206 81821866 8
75 207 74230398 10
121 208 91783202 7
48 209 31185893 4
118 210 29630822 10
184 211 79614454 3
58 212 89306672 5
31 213 39842903 10
160 214 32673263 7
74 215 23362748 5
65 216 97866241 10
98 217 18408348 8
95 218 35166038 4
111 219 36260010 7
211 220 10622161 6
120 221 16776304 9
88 222 97927068 7
52 223 89889930 10
135 224 1880508 2
27 225 76557641 7
38 226 93873362 2
25 227 97257589 2
90 228 71164154 6
143 229 62714440 3
108 230 78300959 5
165 231 33724254 10
76 232 44501107 9
27 233 34854644 10
202 234 66605268 9
62 235 82737414 4
89 236 33197672 4
212 237 17193399 10
198 238 42830946 5
12 157 57 87 176 215 74 11 52 173 79 151 79 99 19 196 215 202 12 202 236 199 181 43 188 163 52 109 43 79 138 3 215 233 23 130 182 135 131 160 33 87 60 234 44 34 86 27 139 135 73 213 112 69 101 22 58 212 195 90 231 230 73 42 228 204 194 148 192 204 178 40 70 236 138 174 114 30 154 183 91 190 147 132 81 65 21 102 137 28 134 132 5 154 47 116 95 2 92 110 223 16 110 201 117 217 62 7 144 55 62 180 113 159 195 183 142 36 176 39 186 87 58 39 232 160 212 123 60 120 119 92 123 180 195 19 13 137 76 231 48 131 42 34 91 40 103 158 87 36 177 26 163 68 136 47 191 2 234 229 20 53 108 173 179 148 121 46 140 81 103 36 51 22 146 8 143 201 151 123 81 154 212 130 141 208 140 185 235 119 206 111 104 49 208 63 162 211 125 235 97 62 175 27 38 205 136 103 5 44 90 219 30 163 139 109 225 5 135 16 104 146 31 123 216 145 7 181 112 74 111 98 8 174 214 212 64 215 218 19 66 98 14 99 164 194 39 177 54 88 223 29 207 110 44 185 155 229 147
5 78
193 59
1 2 56362728 1
1 3 6118538 9
3 4 65144039 5
4 5 86454159 1
1 6 63191445 7
4 7 80194812 1
3 8 91477304 4
3 9 96615078 10
2 10 24651614 3
5 11 66450972 1
7 12 23471929 4
10 13 99665216 2
9 14 77363912 9
3 15 43432331 2
10 16 4895022 3
14 17 55422335 9
4 18 41455347 8
7 19 65008530 9
1 20 11694120 7
6 21 16338509 7
18 22 8246064 1
7 23 11458934 10
14 24 3719102 4
19 25 24792912 10
3 26 55125863 6
23 27 89635070 7
23 28 66972575 2
27 29 65646923 9
5 30 48249381 2
8 31 70151978 4
30 32 91607481 10
18 33 18529618 10
28 34 8369256 4
24 35 57163685 6
2 36 85495644 2
32 37 72283494 6
33 38 55674353 4
27 39 48056992 10
19 40 95580207 9
35 41 34043771 2
26 42 61274681 3
14 43 70912246 8
15 44 25236740 2
19 45 32156501 7
26 46 89439977 8
46 47 15970049 7
19 48 33382096 2
24 49 292593 1
8 50 85328124 1
30 51 165588 5
16 52 8445506 6
40 53 66478026 9
39 54 5520198 7
3 55 43109831 10
15 56 89395176 6
52 57 12383279 7
19 58 74521591 4
4 59 83028488 3
49 60 16677754 10
48 61 49654741 9
19 62 90307672 2
38 63 96600693 5
39 64 38057185 1
19 65 64552405 1
11 66 13623185 4
14 67 45883942 7
49 68 17669487 10
15 69 70832505 4
33 70 73796625 6
44 71 32977257 10
12 72 45798958 10
6 73 27809061 3
73 74 8197764 8
17 75 42388214 10
60 76 20228393 6
41 77 89976046 2
62 78 3761323 5
69 79 74248180 7
47 80 76301441 4
33 81 86666658 2
75 82 21285870 2
80 83 78232530 9
16 84 54154263 4
53 85 72654390 9
9 86 75070981 4
68 87 9661499 2
24 88 52147000 2
39 89 70899671 2
42 90 93552926 3
17 91 83437678 5
60 92 91263200 7
62 93 16935736 9
21 94 93345198 8
93 95 51164242 7
21 96 77939146 10
91 97 12144681 10
67 98 71111988 2
32 99 32202635 3
44 100 83747484 4
63 101 24641218 9
42 102 34312731 8
24 103 82925908 3
89 104 14624554 8
8 105 85853713 2
2 106 9848449 3
100 107 38771319 3
50 108 74645517 1
8 109 43115865 3
22 110 53303223 6
68 111 51219918 6
50 112 95698342 4
56 113 65141732 4
35 114 51734396 9
3 115 99212495 7
12 116 69382071 5
71 117 54835182 10
32 118 32831936 7
88 119 97992430 2
86 120 5231968 3
113 121 8715418 2
4 122 50520673 1
46 123 27702821 1
110 124 2305972 1
118 125 37546066 10
89 126 42868271 10
1 127 95453956 7
28 128 62734564 5
43 129 29557672 6
36 130 44046356 10
47 131 72040524 9
36 132 14560054 8
38 133 20939483 8
83 134 68200591 1
109 135 69346326 5
49 136 99923119 9
124 137 9347372 5
17 138 75089635 6
56 139 69739277 5
80 140 81832222 7
90 141 83852027 10
121 142 20354303 7
46 143 98894713 8
117 144 57831004 8
3 145 30486841 5
24 146 72701531 2
68 147 29458442 9
142 148 2921451 7
76 149 13380455 7
121 150 45039558 6
130 151 74460801 3
149 152 16497724 6
121 153 613977 5
14 154 46149294 5
76 155 9561796 4
145 156 51475007 3
44 157 27229989 5
65 158 14111124 1
123 159 30098847 5
6 160 47023023 7
153 161 37098097 9
90 162 19126317 7
3 163 79173052 7
135 164 42064839 7
26 165 77038759 7
67 166 14629497 3
142 167 26632726 4
164 168 37202204 1
69 169 83590560 1
86 170 68927067 3
65 171 46573165 10
152 172 44393106 4
144 173 29647241 2
142 174 27235131 8
31 175 7095141 9
129 176 26027663 7
11 177 56912048 4
143 178 97275301 7
7 179 84478779 9
109 180 6472994 10
150 181 70440404 8
130 182 44164451 7
144 183 71940609 6
16 184 19541767 8
125 185 41366722 7
69 186 71785001 4
153 187 8430191 2
64 188 97529243 9
9 189 81892762 10
115 190 35066639 5
77 191 80215928 10
165 192 21998439 7
54 193 33750652 5
82 99 1 136 33 114 79 147 37 50 176 86 75 17 177 138 106 118 166 161 113 192 46 13 171 178 154 127 122 79 42 35 114 183 193 17 154 165 172 63 42 23 55 173 146 97 127 181 157 144 125 66 130 55 44 92 101 52 50
9 86
243 13
1 2 79059303 1
2 3 35052753 3
2 4 32776821 5
4 5 15020554 7
2 6 97923718 8
6 7 65154023 7
3 8 77902229 10
6 9 62906934 7
8 10 46175901 9
10 11 30484449 5
9 12 21592035 8
7 13 97908344 7
8 14 24652088 8
12 15 54708857 10
9 16 86741584 10
15 17 4027863 8
10 18 68636107 1
17 19 56625527 2
13 20 87324276 2
15 21 8663305 7
2 22 211997 1
21 23 41201127 2
8 24 41676370 6
7 25 88046407 2
3 26 40813794 6
23 27 23176245 7
7 28 7006077 9
6 29 86085072 9
29 30 91638147 3
1 31 16895900 6
21 32 42677481 1
27 33 71304567 1
16 34 6960347 7
13 35 61713202 2
2 36 41436578 8
11 37 58550390 2
22 38 27701964 7
35 39 63286354 6
25 40 84223664 5
6 41 50611813 3
6 42 4418555 3
7 43 55970546 1
22 44 72709711 8
29 45 28636674 4
34 46 51529663 5
5 47 74821114 2
11 48 50317756 4
10 49 81310168 1
22 50 55473863 4
44 51 49587683 3
25 52 77160510 6
22 53 4487785 9
18 54 56599303 8
32 55 73174148 1
44 56 6446635 7
27 57 83158484 6
28 58 84249928 5
23 59 75984624 7
16 60 37994733 8
30 61 28669177 1
37 62 87363534 9
17 63 39253650 2
62 64 8393921 7
41 65 15316836 2
65 66 45951564 2
28 67 57787414 7
3 68 13332145 6
17 69 72255048 3
67 70 93145850 1
52 71 85449518 5
61 72 2329113 8
31 73 90740901 8
30 74 41248451 10
4 75 11900245 2
10 76 20733375 2
43 77 26463654 3
37 78 10175507 8
57 79 12261452 4
37 80 83080329 2
17 81 78459315 10
12 82 86471506 1
69 83 45187764 2
77 84 27304211 3
40 85 28261126 10
27 86 11905268 7
41 87 84509435 8
9 88 21666813 9
23 89 15233546 6
54 90 77083169 7
58 91 37335304 10
27 92 32886784 2
47 93 44902660 9
31 94 58660978 3
15 95 57330293 8
23 96 992788 1
49 97 60208555 1
4 98 14091300 5
8 99 13215179 8
64 100 10314875 9
30 101 16856753 8
30 102 11162987 8
96 103 2894908 9
63 104 50146899 9
50 105 88472275 6
36 106 70926879 9
57 107 93537640 2
57 108 49227038 6
102 109 44983112 7
15 110 90560143 8
69 111 93547698 1
9 112 19174957 3
97 113 14359559 2
15 114 22524813 4
38 115 7285023 2
70 116 50506475 8
66 117 60977845 2
77 118 68174699 1
78 119 51363738 2
62 120 47483289 8
106 121 12337802 3
35 122 69939719 10
97 123 35093733 1
24 124 82175026 2
94 125 12715715 5
120 126 33838573 8
47 127 14765785 3
4 128 95349700 10
116 129 67732482 5
78 130 16129739 9
18 131 75556025 9
27 132 9549458 1
98 133 86398879 2
6 134 59149941 9
122 135 52585709 10
4 136 12105222 8
28 137 90626595 10
101 138 5465009 6
24 139 84469522 1
10 140 55348719 9
110 141 81242466 4
20 142 97416341 6
98 143 13775188 4
108 144 5643501 10
61 145 95695408 6
76 146 29095546 9
40 147 15069475 2
128 148 55077936 10
101 149 26217758 8
71 150 70962141 8
113 151 39155548 6
15 152 75115556 8
34 153 41683941 5
109 154 4601694 8
17 155 50202090 3
119 156 45522383 9
130 157 87338692 1
10 158 18044131 3
116 159 3026337 4
48 160 55952275 6
6 161 81628241 1
87 162 23367843 7
157 163 78650198 5
118 164 69477828 1
52 165 42550597 7
78 166 70024402 5
74 167 36121727 4
159 168 6801393 2
160 169 59879635 4
36 170 76200995 5
110 171 69106661 2
130 172 46360491 2
14 173 39260638 1
34 174 84826054 4
61 175 60295946 4
10 176 14282427 8
56 177 37842900 10
151 178 95576271 10
105 179 67902322 9
116 180 92352126 5
40 181 31911197 5
113 182 37385293 4
122 183 19449777 9
70 184 66049761 2
118 185 72468163 2
121 186 98418526 3
28 187 82896108 5
104 188 11012405 2
50 189 69336852 5
150 190 787146 8
126 191 85028011 3
64 192 88225443 1
92 193 5312854 9
14 194 86832142 7
118 195 17348894 7
73 196 96454906 1
174 197 49047455 7
55 198 407268 6
84 199 25470294 4
115 200 43351560 4
154 201 45573110 1
53 202 44083133 10
94 203 21704950 4
92 204 75903732 9
144 205 79986954 4
36 206 85194887 8
108 207 78759540 8
140 208 30078902 3
160 209 7665457 8
32 210 43220103 7
193 211 51887020 2
108 212 94280516 7
187 213 74800157 3
13 214 79172429 4
213 215 6894354 8
19 216 6809398 2
56 217 96218278 5
30 218 31187169 3
135 219 43846780 3
96 220 84350054 6
35 221 51147224 1
27 222 11423143 2
118 223 25040172 6
104 224 39261634 2
140 225 20170685 4
143 226 91573556 9
208 227 61326485 7
23 228 12927658 2
200 229 2554386 2
22 230 82099878 4
188 231 62286658 5
204 232 45104 2
171 233 78914198 8
94 234 33848873 1
127 235 53462136 4
31 236 62465591 2
9 237 52281646 4
117 238 41136646 9
131 239 17783460 1
109 240 8773508 7
108 241 89151492 5
10 242 96191681 8
86 243 74319287 4
162 143 187 141 152 121 86 15 143 34 65 120 11
10 140
109 376
1 2 35891062 6
1 3 63918210 3
3 4 18988979 2
1 5 56833857 9
3 6 8793160 5
4 7 91702 8
4 8 43911183 1
1 9 33133620 10
2 10 7584616 10
1 11 26548342 6
3 12 54299817 7
10 13 35678200 6
10 14 15909222 2
8 15 60890535 9
1 16 79325821 10
13 17 9625894 5
10 18 94093511 4
13 19 54404452 2
17 20 47252170 1
2 21 73559595 6
4 22 34492138 5
21 23 73002664 8
18 24 73261746 7
22 25 14608010 6
14 26 82376220 7
15 27 28516627 3
3 28 50845686 2
6 29 57570934 2
28 30 33242792 7
7 31 56130802 1
31 32 59615749 8
18 33 88346451 7
4 34 19529464 8
5 35 5288805 8
24 36 45944993 5
29 37 66494117 10
32 38 62442507 9
6 39 93812249 8
8 40 39014005 8
30 41 22234589 5
35 42 22712776 10
33 43 24550952 5
10 44 62961183 8
3 45 6672 5
7 46 74212604 1
10 47 5736311 8
3 48 97710328 3
45 49 9026754 4
21 50 97554149 10
38 51 11889879 5
10 52 64702419 7
26 53 62509350 10
27 54 53166332 4
27 55 12217805 5
11 56 46298096 7
49 57 68948247 3
5 58 51837021 2
9 59 11722419 3
22 60 5420347 7
34 61 74474350 6
43 62 49261602 8
29 63 29023676 3
14 64 65511855 1
64 65 67471497 1
32 66 5427676 2
34 67 55878657 3
26 68 54221138 2
49 69 49328314 7
10 70 56787873 8
47 71 68953481 4
52 72 95800863 8
15 73 94749720 1
40 74 90123879 4
31 75 84269984 8
18 76 59437187 2
37 77 47355680 3
17 78 26017140 8
17 79 11054042 8
44 80 29430270 5
52 81 84201803 10
71 82 99227880 3
32 83 8202289 9
69 84 17881208 7
37 85 69497257 9
63 86 78448610 4
15 87 22330725 9
66 88 65242734 5
55 89 93264173 7
28 90 28985328 1
80 91 55370903 5
81 92 67525622 10
15 93 31764964 1
86 94 28564330 1
39 95 28266081 8
51 96 45124255 4
94 97 93126973 1
67 98 5735749 5
1 99 7879955 7
42 100 95991250 9
35 101 7754672 3
64 102 99743887 9
76 103 14604910 2
57 104 13594873 4
60 105 93842648 2
88 106 5967293 10
67 107 21355275 1
12 108 82843321 5
36 109 83679040 6
36 63 4 87 69 36 13 44 60 99 27 9 83 69 76 5 72 58 39 30 85 7 74 32 42 103 50 55 90 51 38 108 38 58 94 38 53 70 13 108 5 66 81 7 77 87 37 47 46 88 14 27 41 43 10 51 78 63 99 106 57 50 57 25 31 78 76 101 16 48 34 24 93 94 29 47 35 75 58 21 78 76 72 88 12 3 75 44 16 22 7 107 36 14 43 88 50 101 108 49 47 96 101 67 55 107 76 36 92 70 107 34 62 58 40 46 42 64 69 94 42 55 17 75 74 6 108 5 49 68 65 53 18 95 88 91 24 81 12 27 50 71 53 16 20 26 17 78 74 46 33 109 26 108 80 43 10 80 48 70 22 108 18 8 24 88 87 21 86 47 30 56 42 69 24 71 87 79 39 6 19 85 84 24 52 58 5 89 25 90 11 28 17 90 53 2 37 28 14 67 90 108 9 20 67 6 59 61 34 3 105 95 17 74 24 35 47 78 65 35 24 103 66 81 42 77 67 103 21 16 88 39 5 84 105 108 72 59 86 60 91 101 70 103 44 99 87 107 43 17 6 27 48 95 22 8 35 70 47 83 25 65 103 25 72 7 102 43 95 93 70 25 30 57 45 53 81 61 25 19 64 22 24 55 36 45 26 29 59 42 75 9 68 55 6 14 95 32 102 34 36 20 93 38 7 10 18 69 22 50 10 38 58 84 62 99 58 62 40 105 60 10 73 54 53 45 74 14 4 21 9 44 8 4 65 82 65 37 73 88 8 36 70 57 46 79 62 82 74 82 37 39 43 101 90 93 79 72 65 88 11 32 98 92 69 65 42 73 80 16 10 4 67 82 65 76
39 95
41 24
1 2 70864835 7
2 3 52752083 2
2 4 99020415 2
3 5 74664414 4
2 6 46633588 7
2 7 26084599 10
1 8 98094075 6
5 9 12094616 10
6 10 11738438 3
3 11 14799098 7
4 12 394247 3
10 13 96093600 6
11 14 76644020 7
12 15 14728800 3
10 16 43531733 9
11 17 9614288 9
9 18 25719657 8
8 19 37614311 2
7 20 8324890 8
2 21 96772478 7
5 22 61555223 2
10 23 34923417 1
19 24 31752558 9
14 25 56549573 8
4 26 92852395 2
3 27 44975049 7
19 28 32504217 9
3 29 25386394 7
29 30 85286324 9
1 31 67116311 4
10 32 76057279 2
25 33 94038598 1
2 34 2658552 4
3 35 65514881 10
26 36 22438233 10
34 37 30342829 3
12 38 49495578 7
34 39 83019504 6
35 40 941665 10
20 41 78459693 1
18 17 15 1 28 18 17 4 10 33 23 10 3 27 40 8 2 40 21 27 31 2 41 30
24 19
105 473
1 2 16146908 9
1 3 64508802 1
3 4 99270619 4
4 5 37385518 5
4 6 76823202 5
2 7 59982229 5
5 8 16576234 9
7 9 35871799 1
7 10 79029107 4
6 11 34285224 3
10 12 72524539 5
5 13 7128772 7
10 14 78778234 3
8 15 45205102 2
2 16 31425790 10
1 17 34205444 2
12 18 77667440 3
8 19 72301573 10
3 20 45905483 8
7 21 56365901 8
7 22 49864942 9
4 23 22108266 3
5 24 85925705 5
13 25 92776257 5
14 26 60724285 2
13 27 37670141 4
18 28 46300776 5
11 29 18161984 9
29 30 76700425 10
9 31 63807282 4
7 32 14150781 2
32 33 60203371 9
4 34 75670969 8
20 35 51821942 10
24 36 1710261 6
17 37 37333197 4
28 38 5006065 10
19 39 43145614 8
28 40 72322746 7
21 41 55967030 9
7 42 17607481 7
16 43 41747010 10
17 44 92116071 4
11 45 6826754 9
15 46 31307234 4
23 47 49773205 6
46 48 2261789 5
11 49 36339757 7
17 50 53659422 6
38 51 67277025 4
37 52 54458335 2
16 53 80590647 1
53 54 77938769 7
6 55 5798500 4
23 56 67385213 7
14 57 20895505 6
34 58 44887254 4
45 59 81108067 3
32 60 92197814 7
7 61 2437544 10
59 62 63439600 5
43 63 12851856 6
23 64 56530113 2
44 65 40370990 4
31 66 65320285 4
58 67 19811957 3
40 68 6476201 6
60 69 40855577 3
33 70 85389669 3
69 71 93004904 2
36 72 26286006 6
12 73 35868814 1
28 74 3990331 3
64 75 9490884 8
73 76 14997469 8
55 77 28744224 2
34 78 76276984 4
24 79 86148835 7
74 80 68829785 7
18 81 92839897 4
25 82 9110893 8
77 83 61510489 2
13 84 87027522 6
42 85 41158671 5
66 86 64187971 1
83 87 1766757 7
87 88 14787363 5
46 89 37098208 2
34 90 75417580 8
88 91 67833967 1
86 92 84512926 1
4 93 61181798 4
39 94 74726458 4
80 95 28413007 7
7 96 32380539 7
35 97 39324273 10
24 98 46427467 7
97 99 58798830 3
93 100 76093690 6
27 101 72656463 6
38 102 6842312 10
16 103 62828798 7
88 104 47211117 2
82 105 25522459 5
70 68 96 65 30 85 30 25 4 100 23 80 7 57 8 59 37 4 76 1 11 31 25 40 103 91 36 99 95 16 17 102 5 66 101 26 97 11 69 74 37 64 75 60 17 14 47 75 62 80 90 49 43 56 25 67 14 80 101 93 68 63 14 68 87 17 78 14 65 89 101 95 58 81 79 12 84 74 18 9 11 59 75 11 90 87 20 31 29 27 6 29 59 1 6 2 99 88 8 83 39 23 39 42 3 37 30 34 100 66 98 70 38 45 41 58 36 99 40 72 17 104 103 60 32 96 27 103 100 104 67 22 59 44 45 56 78 2 77 43 84 37 22 5 58 27 61 21 3 16 7 43 7 42 10 28 98 36 82 8 73 6 19 36 75 85 57 9 2 82 72 52 64 21 50 5 40 46 19 49 32 18 35 71 10 56 95 71 92 31 98 92 86 89 84 83 4 93 39 12 76 54 41 35 31 30 50 35 7 54 61 50 67 33 71 67 43 58 32 98 25 49 74 20 87 9 44 69 61 66 9 37 7 44 33 54 72 96 31 57 36 69 85 53 74 93 63 31 29 18 68 100 44 35 70 63 104 36 64 91 8 28 95 103 102 99 57 105 19 33 6 8 6 5 71 87 56 83 18 94 63 39 53 6 58 67 93 68 21 17 51 83 21 95 3 77 99 8 15 44 20 101 102 32 73 59 90 19 70 54 20 10 1 34 71 98 44 16 54 61 19 89 80 82 100 98 1 87 7 38 68 22 99 13 54 13 104 88 99 77 104 37 82 15 89 90 4 90 6 51 70 88 17 90 39 83 32 55 12 30 92 91 31 73 68 27 25 12 7 65 11 34 94 22 81 93 47 51 84 2 26 57 105 18 12 84 10 47 28 16 8 18 32 29 71 34 42 83 36 38 23 76 21 94 85 42 44 43 82 81 49 101 2 59 51 96 23 20 59 85 75 102 46 11 100 1 52 8 22 100 43 14 63 66 91 62 95 48 89 37 90 94 73 96 4 48 97 81 75 54 104 95 56 68 73 59 71 69 31 100 24 71 57 41 89 55 87 91 48 89 13 84 25
17 1
93 271
1 2 39710037 10
1 3 84714778 4
3 4 52691150 4
3 5 15830110 8
1 6 14747219 7
2 7 72680155 10
2 8 51187914 7
6 9 67159741 8
6 10 63985028 1
9 11 69114787 4
7 12 97628774 4
3 13 3853430 10
3 14 40974088 3
2 15 61189859 4
4 16 33207280 7
14 17 64182667 5
16 18 26334002 7
15 19 25591406 7
3 20 62163979 10
15 21 31413612 9
20 22 6890659 4
16 23 33900922 1
23 24 63624345 7
5 25 37421483 2
9 26 59962618 2
15 27 4484235 1
22 28 9661857 2
27 29 10340061 10
5 30 69667405 6
27 31 48707337 1
24 32 86050162 4
28 33 78109496 7
24 34 1926310 4
12 35 56930518 1
3 36 1929708 2
1 37 41522132 3
8 38 21991509 8
5 39 33431480 8
38 40 80189082 4
29 41 57127945 3
17 42 71448174 6
33 43 72154411 4
41 44 61179027 2
6 45 2204762 4
43 46 63658686 4
21 47 90818698 9
12 48 20650507 6
17 49 4487538 7
32 50 56096822 8
17 51 17593822 3
37 52 45272343 3
26 53 37224432 9
12 54 5032150 2
10 55 46242168 5
20 56 99050591 3
39 57 34913600 4
50 58 99086996 2
43 59 70330126 3
24 60 70845771 7
21 61 96962043 3
58 62 23786365 1
35 63 35591490 9
8 64 23282093 3
62 65 79209639 1
52 66 55823410 10
14 67 35137897 2
9 68 31115490 2
36 69 68388662 8
62 70 95583334 3
61 71 1246785 4
56 72 24713032 5
14 73 55883021 8
1 74 64299619 7
57 75 3986037 3
13 76 67381109 4
16 77 76030363 7
51 78 7690173 5
1 79 31491379 8
50 80 41893412 10
56 81 93644321 8
9 82 69121852 7
35 83 31428038 6
70 84 64493258 2
69 85 14541871 10
15 86 55992980 5
41 87 18484010 4
41 88 54273904 9
26 89 3664960 7
13 90 47904389 7
34 91 46860354 8
79 92 28670573 5
15 93 36416118 8
4 87 75 40 8 75 32 55 85 35 57 90 88 39 71 88 22 8 60 82 52 17 26 71 80 18 32 10 36 31 15 8 69 71 84 88 85 73 63 10 65 29 25 27 58 12 24 11 46 23 6 16 19 16 12 14 56 49 3 52 44 71 69 3 45 33 32 7 17 54 18 34 8 34 10 64 42 26 62 31 93 30 11 25 7 84 83 65 26 58 80 16 74 79 37 77 91 40 16 52 68 53 74 18 4 67 7 18 38 35 13 77 55 24 61 20 49 64 58 69 7 71 80 23 30 80 56 67 83 29 90 40 72 42 89 74 32 53 35 8 37 58 51 42 74 61 44 30 19 25 4 69 74 90 67 58 17 92 29 15 37 60 65 31 92 39 52 71 29 69 57 29 76 91 55 85 19 13 59 64 70 31 47 62 45 52 5 52 58 73 86 73 69 15 62 66 77 6 59 24 47 38 50 63 64 52 80 35 43 73 51 78 93 50 2 70 79 51 91 29 24 51 20 65 33 26 73 10 30 84 80 42 59 16 80 8 71 10 54 83 70 62 61 81 53 59 82 28 3 10 17 62 3 87 64 89 88 34 43 61 23 4 45 35 52 59 1 31 24 28 44
33 43
428 111
1 2 48384613 1
1 3 49077833 8
2 4 65118721 1
3 5 63725631 6
4 6 55247827 9
2 7 86449106 8
4 8 19785757 9
2 9 50073930 5
6 10 73231513 8
3 11 72550172 10
1 12 25413190 7
9 13 95221035 1
4 14 21763990 7
6 15 29789990 6
14 16 79051431 9
14 17 33844946 6
4 18 82531901 6
10 19 74673575 5
13 20 23277022 10
18 21 37442592 9
21 22 68272017 5
22 23 1463190 10
23 24 78826126 5
22 25 68524851 10
14 26 80968889 8
4 27 93741625 6
18 28 21069284 9
16 29 83541125 2
27 30 62339421 4
21 31 35934454 1
17 32 34149755 2
4 33 55829041 8
29 34 29355871 1
34 35 30848774 1
15 36 99895409 7
15 37 10391615 7
8 38 10382287 2
9 39 77485588 5
30 40 91277003 10
9 41 3829311 4
5 42 35967880 8
28 43 76771323 10
2 44 6195333 8
8 45 58878086 9
38 46 46843139 7
25 47 63828608 5
19 48 97431282 2
36 49 48936913 9
46 50 3119342 5
35 51 67502519 9
19 52 98286889 3
24 53 12329940 8
13 54 3581190 6
33 55 3382446 10
14 56 56730842 9
40 57 19454928 4
47 58 64158334 3
4 59 74013359 5
13 60 32538819 8
3 61 75436584 8
57 62 41071969 4
41 63 16984406 5
15 64 64541135 1
60 65 98382758 8
40 66 96609523 4
42 67 31145025 6
24 68 19100641 7
2 69 54541823 1
64 70 88232374 6
68 71 26427063 3
27 72 12889904 2
31 73 44277864 8
58 74 89558258 4
49 75 75261620 7
12 76 73061165 7
65 77 73194359 7
57 78 41876325 8
64 79 18527518 1
44 80 92092799 8
74 81 46095905 2
8 82 67668619 3
80 83 84302007 9
32 84 17697751 9
46 85 44241542 6
83 86 16786758 8
31 87 90712266 7
29 88 82856838 1
88 89 10725964 7
68 90 33420888 1
41 91 13953646 5
44 92 44828947 3
36 93 89421961 5
54 94 14754603 3
88 95 16325328 3
5 96 21181237 3
91 97 3599040 2
46 98 97435568 6
91 99 97687475 8
54 100 82015611 4
70 101 66433165 7
21 102 31695349 8
47 103 63211329 3
79 104 9369185 3
44 105 34056009 4
17 106 83437075 7
90 107 62185252 2
22 108 6828089 3
86 109 24254709 5
93 110 11867145 1
102 111 222363 1
38 112 87126423 5
7 113 19275619 4
38 114 61589177 9
69 115 85194800 3
14 116 65360235 9
67 117 72361376 1
50 118 2795360 6
86 119 92388920 6
93 120 18403949 1
69 121 82128814 2
44 122 93122973 2
31 123 46958604 10
115 124 44783788 6
39 125 74553572 3
67 126 67007675 9
11 127 20043325 8
119 128 39134882 4
63 129 14260850 7
84 130 88454117 3
121 131 74920208 7
18 132 15190103 2
108 133 46697455 7
60 134 53120293 10
62 135 65074724 3
82 136 40582217 5
43 137 99411792 1
130 138 8448155 6
65 139 8861544 1
48 140 79573243 9
88 141 30151012 10
38 142 20964403 3
21 143 82759351 1
115 144 50631138 6
126 145 31952307 9
83 146 82561606 5
76 147 88720117 9
34 148 25885137 7
81 149 20130143 4
110 150 49797034 3
86 151 29087849 9
5 152 71104025 7
3 153 60381084 9
91 154 64419941 2
63 155 30773764 10
124 156 81419882 2
120 157 43719625 6
131 158 85025063 1
7 159 16279139 9
45 160 95361253 2
48 161 66225201 10
102 162 8722094 1
112 163 97184226 9
155 164 28010544 2
78 165 87876208 3
77 166 29016735 7
161 167 98658862 6
121 168 94108333 4
24 169 42336691 10
149 170 96082519 2
71 171 59297464 6
147 172 21302395 2
5 173 81126916 3
9 174 63639588 1
131 175 22239160 1
72 176 4500522 2
44 177 29655025 3
169 178 45800944 4
159 179 43436646 4
124 180 59455061 8
120 181 66732686 8
9 182 17749686 10
130 183 43336402 1
173 184 40882456 1
6 185 95814559 7
23 186 83116826 6
67 187 64096026 7
176 188 84168026 1
26 189 62127387 6
99 190 37334181 6
66 191 85999786 4
35 192 80577944 8
32 193 73369804 2
130 194 1070785 4
170 195 54287434 9
40 196 2691274 7
176 197 37318120 3
171 198 38292935 4
157 199 94239970 6
66 200 25851036 3
143 201 33774015 7
87 202 15923655 6
79 203 21654652 4
69 204 35145370 1
143 205 13236740 3
35 206 43962680 10
113 207 58769617 6
44 208 29825826 7
170 209 36938539 2
27 210 21104405 4
34 211 79038185 4
77 212 32170365 1
195 213 52406836 1
125 214 15915902 6
81 215 8259007 2
62 216 45827010 10
9 217 89034631 6
120 218 14299054 10
59 219 17383857 10
143 220 41021241 1
7 221 56912587 6
193 222 13445404 8
64 223 87461634 3
144 224 31171710 3
168 225 97303156 4
49 226 56525276 8
126 227 95140079 2
48 228 70564701 5
140 229 74636267 2
77 230 23622545 8
214 231 97633636 3
135 232 1330434 4
191 233 1038427 9
45 234 99215259 1
70 235 68366095 4
51 236 7857316 9
26 237 66711936 9
48 238 26918642 9
233 239 64049200 2
6 240 98891691 3
203 241 52264613 4
240 242 46891113 7
20 243 27041843 7
207 244 14199419 7
195 245 74423189 5
186 246 24973928 8
17 247 74210566 7
88 248 34883297 6
12 249 98833986 6
95 250 64426841 9
54 251 26120222 4
146 252 79690740 5
177 253 97785861 2
17 254 86817898 9
96 255 27261307 4
45 256 60204767 7
142 257 19138277 9
221 258 83715485 10
160 259 52399799 10
90 260 2216701 7
26 261 70259174 4
171 262 78380974 10
217 263 48035294 6
67 264 76598002 9
161 265 30197626 7
231 266 97300367 5
23 267 12021541 1
176 268 85409032 4
223 269 48529546 6
110 270 12464254 2
105 271 25450382 3
43 272 33400482 10
227 273 59389680 10
15 274 8137365 10
3 275 60011017 5
119 276 49907037 7
112 277 43370638 9
192 278 91180411 9
167 279 94212066 2
66 280 20320344 5
269 281 91448111 1
107 282 79063022 5
78 283 57883779 1
279 284 79391616 3
1 285 95319952 3
105 286 2007310 4
58 287 75813585 7
118 288 56408592 6
161 289 85790255 3
177 290 32841945 6
53 291 52426294 2
203 292 33380781 9
104 293 32838055 6
41 294 52839157 1
192 295 73447732 8
160 296 35112305 2
109 297 10564835 3
185 298 23455831 7
135 299 65510442 4
17 300 12459098 10
154 301 53343714 4
134 302 62709484 7
29 303 33266653 1
303 304 88787291 6
99 305 68867830 4
213 306 54572998 9
235 307 62140590 2
214 308 84727009 10
56 309 95279233 4
223 310 14251502 9
33 311 43331251 4
24 312 33366141 2
170 313 27752953 6
89 314 75650112 9
48 315 80310329 2
158 316 64453196 1
306 317 39036569 9
43 318 24105774 2
133 319 9862392 3
110 320 30920459 9
185 321 44529139 3
189 322 76473579 7
213 323 16938423 4
209 324 53420625 6
275 325 16073947 8
1 326 15744270 5
139 327 71869862 5
40 328 14864077 10
296 329 45468328 9
306 330 73357620 8
117 331 79332878 3
305 332 66743269 5
33 333 63719605 2
72 334 40206097 9
80 335 21689329 1
66 336 2855134 3
70 337 6264993 7
158 338 98399073 6
129 339 3681021 2
333 340 3563364 4
264 341 97820697 8
315 342 16128209 8
304 343 32986732 5
267 344 30180065 9
80 345 49762345 1
268 346 55095341 4
233 347 65836527 8
115 348 77219659 2
249 349 68054628 7
86 350 98447763 3
277 351 86437590 8
205 352 81791917 4
112 353 31336252 1
197 354 15429809 2
329 355 84273901 10
2 356 40947897 3
11 357 33599014 9
5 358 98918029 5
217 359 92582432 8
311 360 31856871 3
166 361 68116851 2
292 362 29940234 1
194 363 24787876 5
312 364 84196235 6
10 365 56045946 4
76 366 98374463 2
41 367 80003104 10
13 368 71098059 1
243 369 15030350 10
101 370 10342544 1
247 371 57546426 4
300 372 57618663 2
331 373 57208484 10
267 374 25117780 7
369 375 86850206 5
298 376 16463239 5
371 377 86842387 2
193 378 53085909 4
270 379 50736639 9
218 380 51552349 2
347 381 41409426 3
160 382 40754627 7
21 383 69514913 9
350 384 11243934 2
225 385 27625054 3
119 386 85585611 10
57 387 33379127 5
40 388 31411231 6
268 389 22155886 6
253 390 17616711 2
324 391 53898947 3
348 392 58471012 3
142 393 60020854 6
314 394 96408162 2
328 395 68830380 4
364 396 38930072 9
128 397 11895376 4
60 398 45036423 8
113 399 87780306 2
59 400 79964678 4
231 401 97761942 9
296 402 1162435 5
10 403 27060989 1
365 404 87398966 3
208 405 19056796 9
392 406 73141008 10
277 407 23726327 9
187 408 94468332 1
321 409 93380176 4
64 410 91483657 10
378 411 45558820 10
62 412 98134220 2
407 413 3269506 10
305 414 47184258 5
215 415 80367163 8
358 416 73578173 3
286 417 98577403 8
413 418 97329960 7
32 419 59397389 7
123 420 56603311 9
89 421 99538921 4
240 422 39124041 2
83 423 13825956 6
97 424 67080134 8
269 425 88885004 6
41 426 89912652 2
249 427 19510952 2
350 428 87748757 3
52 110 343 257 144 210 34 231 161 287 97 387 73 230 282 292 275 301 284 306 90 202 140 42 165 326 316 36 297 237 159 139 17 203 72 398 7 355 347 267 190 381 342 371 327 356 210 200 147 282 283 340 193 173 256 8 160 341 88 129 418 95 235 136 20 269 372 375 285 277 329 136 140 111 127 89 312 285 233 392 145 219 363 296 69 354 44 169 133 412 87 202 52 114 68 54 331 117 173 301 152 96 145 32 323 13 244 234 159 16 399
32 17
382 186
1 2 91794851 5
2 3 81591166 7
3 4 80631265 7
1 5 19936638 9
3 6 47684867 2
2 7 42666976 3
4 8 19912038 4
6 9 56310688 6
9 10 33231136 6
8 11 7549134 7
10 12 5924893 3
9 13 85264730 10
3 14 77425696 7
14 15 77310242 9
8 16 6689920 10
14 17 9741029 8
3 18 71709962 5
7 19 83150987 9
14 20 69041773 3
5 21 59326747 10
9 22 51791655 3
2 23 51340883 10
3 24 6395549 6
2 25 14042522 9
14 26 64519131 6
20 27 29146496 4
7 28 6905710 1
6 29 11401531 2
23 30 22030716 4
7 31 68834297 1
5 32 16134106 7
21 33 2250826 2
21 34 11615861 8
25 35 79321112 7
18 36 42969199 10
34 37 54321231 3
20 38 87379146 4
16 39 8074719 10
14 40 54614783 1
35 41 5292663 4
32 42 72738277 4
18 43 45816689 10
24 44 93629406 5
39 45 91839571 9
44 46 59898437 4
10 47 74616295 9
13 48 26198562 4
2 49 71779527 8
14 50 90681095 8
9 51 41553941 1
14 52 77781739 5
35 53 6982802 9
50 54 58541689 10
34 55 20206716 3
43 56 94967839 3
38 57 75403370 2
39 58 68685178 6
58 59 13062281 5
19 60 77325125 7
32 61 69507662 5
35 62 70883432 9
40 63 46556629 4
5 64 68192803 2
64 65 57405321 10
62 66 41354983 2
32 67 66280463 9
40 68 21103435 7
22 69 12006174 8
51 70 52471614 5
68 71 53932374 1
5 72 65931722 8
55 73 23271534 10
7 74 45984532 5
66 75 32017548 9
59 76 52575994 10
65 77 90246606 3
71 78 75388183 6
40 79 7228754 3
26 80 59361423 1
46 81 83149301 2
73 82 19156836 8
66 83 10164036 3
79 84 76584506 2
1 85 49764060 7
41 86 29854685 5
64 87 19491324 6
83 88 83195388 1
3 89 8091688 3
78 90 62369610 1
89 91 88526066 8
18 92 55241304 3
58 93 25758568 5
55 94 92648201 10
12 95 95506660 6
17 96 31454764 1
25 97 32281893 9
58 98 92794631 5
26 99 53245599 1
21 100 346852 6
49 101 2646009 10
74 102 90749088 2
21 103 84855532 10
103 104 4802370 3
75 105 35358617 3
62 106 63748106 5
103 107 84025075 3
39 108 24965432 9
64 109 29600899 6
106 110 81384201 8
46 111 66737691 2
64 112 21835160 5
91 113 14961600 4
42 114 57840786 2
102 115 20553026 10
37 116 23823039 5
93 117 72580154 1
90 118 52561151 9
31 119 64155732 6
60 120 16093578 3
19 121 79450622 10
100 122 45473779 2
69 123 36831154 5
86 124 70524161 3
104 125 95526391 4
87 126 49203431 7
53 127 43318894 2
26 128 70137282 7
5 129 19304295 8
88 130 32292947 5
60 131 53235276 9
49 132 41740750 3
132 133 73549083 4
121 134 74400964 4
28 135 37484395 5
92 136 73776204 8
98 137 31539908 6
49 138 37070302 5
125 139 36237885 7
87 140 87438358 9
46 141 43021310 8
14 142 7107678 6
52 143 25953539 10
59 144 39086760 1
6 145 30964408 9
115 146 92604026 10
104 147 72570786 6
86 148 51456383 1
119 149 63774289 8
2 150 93074487 1
139 151 66255640 4
60 152 43521250 2
80 153 18943840 4
69 154 71979397 10
102 155 92235459 3
127 156 63579311 10
55 157 47970511 7
21 158 9494799 1
26 159 66352245 2
63 160 4422522 6
52 161 80596435 10
148 162 10019698 7
122 163 76413453 7
119 164 74015229 8
21 165 90274761 9
148 166 32784262 6
156 167 39962405 5
14 168 21695702 2
41 169 67108321 3
14 170 8969507 4
143 171 80201997 9
162 172 13158231 1
49 173 56557812 2
159 174 51221342 8
138 175 64560069 4
60 176 14165966 6
38 177 16124635 9
28 178 53296499 1
10 179 53947601 3
165 180 13100644 6
114 181 35352743 8
123 182 59249017 6
39 183 52574819 10
86 184 19345171 4
8 185 82081873 7
55 186 85782025 10
156 187 62248618 2
66 188 84853312 3
186 189 65246496 3
107 190 90858743 1
116 191 46907115 4
117 192 89234953 10
22 193 6549692 9
5 194 61806783 5
84 195 82502684 10
110 196 20216697 6
87 197 18995838 6
110 198 81874362 6
142 199 45743096 1
174 200 28837740 2
95 201 30209587 9
120 202 5035023 5
127 203 31087068 8
128 204 91055022 5
199 205 45217026 8
166 206 15381914 3
167 207 199252 7
22 208 93576283 9
9 209 6117680 10
150 210 34122695 8
73 211 29272386 3
119 212 90223185 9
92 213 99483257 10
176 214 99199724 8
180 215 17771229 3
47 216 61362280 4
132 217 66234998 4
71 218 81526632 7
77 219 20402431 2
2 220 78936993 2
114 221 74441226 2
14 222 71707532 1
145 223 82323813 2
162 224 30853125 3
46 225 52809437 5
119 226 60704473 10
56 227 64451151 10
23 228 5842637 6
35 229 90538680 1
104 230 74914631 4
209 231 92413390 8
174 232 72108669 2
135 233 72223126 7
16 234 67960801 6
179 235 79166092 6
112 236 25920742 10
135 237 81818888 2
95 238 98239980 8
157 239 62458 3
228 240 10368520 7
198 241 30420403 6
135 242 60567385 10
2 243 69312671 9
116 244 31431215 8
215 245 80971947 5
39 246 30475927 4
133 247 14996500 3
25 248 77041184 8
66 249 58450582 7
232 250 50065894 1
52 251 47816024 8
140 252 50267244 4
213 253 93400293 2
96 254 36125145 8
53 255 38205497 9
125 256 15509342 4
246 257 25585871 5
142 258 75994763 4
117 259 12720870 1
174 260 62415816 10
170 261 89323936 3
64 262 43852413 4
204 263 62424404 10
188 264 40010901 9
91 265 76718138 6
12 266 39273811 9
51 267 25720176 3
97 268 26960658 5
210 269 23813731 9
103 270 22241917 6
92 271 159665 10
182 272 61168108 6
43 273 67200789 9
157 274 32476272 8
68 275 81945162 9
222 276 82725995 7
123 277 86106285 1
224 278 40875349 7
8 279 18718285 5
68 280 13523398 3
114 281 26823392 10
160 282 83897518 8
104 283 39531787 9
22 284 65668637 10
70 285 3023144 5
247 286 68121289 4
242 287 34067548 2
170 288 42250757 8
45 289 81206845 3
50 290 2634818 8
218 291 62774434 1
33 292 41276417 8
246 293 74341344 7
203 294 22078188 7
6 295 32927105 6
142 296 66660411 9
90 297 84442666 1
1 298 8893408 9
280 299 55467069 1
151 300 98327117 4
198 301 1238552 2
127 302 2630595 1
45 303 14550877 6
41 304 47886817 9
250 305 31853637 2
196 306 82400567 3
293 307 54134512 8
302 308 39472157 4
63 309 41060900 7
156 310 36253658 6
280 311 75511827 8
101 312 42622001 8
279 313 15855482 6
181 314 45423230 4
18 315 1856913 6
169 316 90129665 9
202 317 65786569 10
131 318 21376512 2
212 319 24139644 10
272 320 60580782 3
226 321 74866143 3
309 322 10535278 6
168 323 42646273 7
194 324 89441189 6
196 325 23446429 10
27 326 88543969 9
322 327 36265051 7
311 328 19805130 2
179 329 3975024 9
224 330 9542937 10
135 331 62377856 3
249 332 11159115 6
310 333 181572 1
44 334 48350578 9
169 335 76339471 4
285 336 63475144 2
117 337 76310523 1
337 338 24148684 7
270 339 76627663 1
40 340 98479726 8
13 341 38899983 5
93 342 49020500 6
308 343 26288374 7
220 344 78563940 6
80 345 14305356 8
56 346 60707947 1
16 347 22128140 7
229 348 76987861 5
329 349 93301067 6
270 350 66013039 6
231 351 37622482 3
250 352 13471533 5
113 353 14629175 6
227 354 30094823 2
240 355 60781153 2
227 356 50666801 3
212 357 64128342 8
24 358 87515400 7
340 359 57368920 4
283 360 86662805 3
167 361 64235445 3
357 362 61448798 9
232 363 81923431 4
60 364 34507233 1
244 365 29991775 4
19 366 50072293 10
275 367 30519606 4
353 368 26113451 2
367 369 64337264 5
179 370 8102056 9
368 371 8688661 6
312 372 69485836 2
288 373 70772985 4
180 374 58263300 8
12 375 34431626 8
12 376 2712296 6
187 377 64871994 6
148 378 84797233 8
36 379 70900913 1
198 380 14430542 9
81 381 83534715 3
101 382 16440447 1
302 305 73 150 314 275 174 221 264 102 313 15 75 345 274 183 2 130 210 9 381 200 335 159 313 113 79 96 327 263 331 10 4 65 29 355 2 217 316 150 148 91 6 375 260 274 152 257 235 329 346 33 342 28 11 323 253 176 56 264 319 269 182 283 126 55 194 176 356 373 65 200 182 234 31 143 191 217 334 176 239 115 98 52 68 56 149 183 206 310 211 232 249 51 3 46 78 68 373 363 293 348 140 220 196 320 157 242 162 24 328 362 235 80 340 287 215 311 316 229 275 289 48 324 199 170 328 241 304 251 131 339 365 285 338 256 201 214 261 114 179 264 168 77 301 241 217 161 172 51 270 166 22 77 360 200 98 289 380 68 122 193 239 257 290 258 150 381 263 364 75 151 83 20 87 197 118 42 108 29 146 50 224 323 221 274
230 104
13 230
1 2 6387037 3
2 3 13998834 9
2 4 8775341 10
4 5 99637624 1
3 6 8313316 7
5 7 28064910 4
5 8 93374628 5
3 9 50529325 10
4 10 16179740 2
8 11 51876046 5
1 12 56444885 1
7 13 1744826 8
8 4 9 10 7 2 5 9 5 2 4 13 8 5 2 5 8 10 4 2 5 7 2 9 5 1 9 12 9 8 13 8 5 8 9 12 1 5 4 8 2 8 12 1 3 13 7 6 9 11 10 6 1 10 3 13 2 13 7 4 2 5 6 10 11 8 11 13 12 9 4 1 10 2 12 10 9 5 1 11 2 5 12 6 9 4 7 6 4 7 11 13 6 5 1 8 10 5 7 9 7 6 1 3 6 5 11 4 10 12 4 12 2 4 1 7 13 10 9 8 12 7 4 9 6 7 9 12 10 3 4 11 5 6 1 3 13 11 12 5 10 11 9 11 2 1 10 9 4 8 11 3 10 5 9 11 8 2 9 3 1 4 2 13 9 8 3 12 10 7 1 7 12 4 6 10 3 5 2 6 8 3 9 13 9 3 11 8 1 8 4 1 9 3 9 4 6 8 7 5 9 5 10 4 5 12 2 8 13 4 1 12 4 13 12 6 13 9 13 4 9 1 10 7 8 12 13 3 5 9
2 4
154 295
1 2 19801937 1
2 3 94458699 10
3 4 110170 5
4 5 53443122 9
1 6 88461920 10
5 7 24383824 5
1 8 4900910 7
5 9 22957018 7
5 10 35525273 9
7 11 45131379 10
3 12 80410774 5
2 13 61208293 1
8 14 61234415 8
5 15 79452803 2
1 16 62617304 3
5 17 7709761 4
3 18 42213934 7
8 19 32410 10
1 20 13416758 8
18 21 50082746 6
13 22 86734459 7
1 23 87988630 6
20 24 99417618 9
17 25 99448334 5
5 26 50224591 8
14 27 46026893 2
25 28 95879055 7
3 29 19689141 10
12 30 1287334 7
28 31 94537950 8
22 32 12944594 5
10 33 54168890 1
22 34 48770567 6
4 35 63334825 3
22 36 18579974 10
30 37 37889225 2
32 38 49085994 1
21 39 83439421 5
24 40 66842095 1
23 41 2939974 6
6 42 18207151 3
29 43 63350764 9
12 44 20450141 6
11 45 33979774 5
36 46 66308759 2
2 47 86871280 5
19 48 77301667 10
3 49 92743222 7
35 50 85326574 6
26 51 80780508 10
49 52 35099088 5
5 53 85692590 4
27 54 82763594 10
37 55 60341794 2
13 56 2655850 8
21 57 1125074 6
26 58 64436690 4
35 59 3780634 3
27 60 36441154 6
52 61 17664746 5
23 62 97153493 7
27 63 69574217 2
35 64 69948243 4
52 65 55028859 7
37 66 28374809 3
65 67 13101133 8
14 68 9293073 2
8 69 70351192 7
49 70 66751848 4
29 71 89904565 9
68 72 22025622 8
34 73 19770327 3
51 74 46759331 8
6 75 42921835 8
55 76 22608105 8
12 77 14178268 6
22 78 51616861 1
74 79 57608759 6
25 80 65994789 6
53 81 63261343 10
49 82 11907711 6
30 83 28730625 10
39 84 11723777 6
5 85 13008195 3
57 86 73936789 1
33 87 72232116 9
71 88 79965332 10
70 89 66668547 9
50 90 23990254 7
65 91 96957024 10
62 92 74602883 6
45 93 6740368 4
17 94 27939787 1
88 95 93882023 10
53 96 23226738 6
10 97 83912734 6
78 98 83849341 1
15 99 27102700 8
42 100 59603181 7
40 101 21964295 9
11 102 54462292 6
82 103 69971274 9
102 104 74491677 6
27 105 34595149 7
97 106 88968025 8
12 107 94285026 10
6 108 68026853 5
70 109 63328839 4
71 110 9996463 2
22 111 47516602 2
54 112 72705457 2
29 113 70618989 6
29 114 94865367 1
91 115 78160831 10
58 116 802527 5
43 117 28053425 4
11 118 48245320 6
109 119 71987986 9
88 120 8482210 3
93 121 12754037 3
44 122 33923227 5
23 123 70348756 3
104 124 1855315 8
44 125 58418140 4
28 126 72539475 2
76 127 83822048 2
106 128 49198177 10
79 129 42556662 4
48 130 7875561 10
85 131 53252220 9
94 132 75568677 2
66 133 26906632 10
120 134 80851501 1
122 135 57048472 5
102 136 92506463 8
91 137 55146984 1
23 138 41645382 4
40 139 87691124 6
99 140 68866512 1
115 141 73501024 2
80 142 42195811 10
74 143 25292180 10
116 144 67561013 2
132 145 38178215 8
106 146 39431788 1
108 147 88966581 5
92 148 39602444 5
142 149 66452273 10
38 150 63881884 10
5 151 7189488 4
52 152 723300 10
49 153 63246033 3
45 154 62881734 1
43 2 82 18 5 39 49 26 109 88 114 142 17 95 107 110 60 31 9 105 31 120 71 84 146 17 143 56 46 95 33 19 69 142 57 33 88 12 107 139 73 118 89 33 43 94 124 57 115 28 22 25 94 53 2 92 107 27 39 67 59 123 13 113 114 94 108 83 119 74 87 96 101 40 75 149 128 83 31 60 64 116 33 135 107 24 46 104 35 92 47 107 111 25 111 103 84 119 104 152 10 41 88 41 68 143 41 88 56 81 134 6 142 117 141 14 40 71 36 2 116 99 72 149 105 30 136 146 57 27 86 138 82 29 28 48 17 70 139 1 121 94 109 119 142 150 28 151 31 38 18 144 143 107 66 128 5 154 49 133 127 58 116 10 75 145 135 108 38 15 128 92 66 120 77 133 90 32 116 5 80 82 149 140 83 70 5 98 120 93 45 56 89 105 23 116 87 27 103 41 114 37 27 35 17 4 93 102 94 115 129 8 104 130 143 142 63 134 61 40 92 30 96 54 11 101 8 84 46 76 82 76 68 12 147 102 109 33 73 135 146 115 95 82 113 64 26 48 85 41 78 83 106 92 147 84 44 126 63 15 149 84 131 21 150 74 128 140 95 61 33 25 87 80 7 114 14 13 117 17 3 20 154 30 127 147 74 122 16 103 81 60 19 110 85
9 5
299 294
1 2 93597596 5
2 3 26848543 5
2 4 77039690 1
1 5 74285445 5
2 6 27115242 10
5 7 98735942 1
4 8 55843713 1
6 9 84985555 5
5 10 79693973 3
4 11 76485707 10
6 12 79999166 4
6 13 4404845 8
4 14 74819123 1
1 15 71677715 2
6 16 31984029 7
10 17 256909 10
1 18 34278185 6
4 19 54066104 10
2 20 26565994 8
5 21 50671312 6
16 22 73134775 2
21 23 13913834 8
10 24 13357971 5
9 25 91240309 8
20 26 41749300 5
10 27 77477626 2
20 28 64809271 6
6 29 62292164 3
11 30 32370190 1
25 31 45434705 6
2 32 53277745 2
28 33 52199489 6
1 34 59020045 10
32 35 50757167 4
16 36 15173582 8
1 37 79600193 7
8 38 83377945 3
2 39 1411168 1
6 40 5480461 9
31 41 81380758 10
20 42 29448221 10
25 43 80475953 8
1 44 26178771 4
29 45 63494658 2
14 46 33088117 6
39 47 48895725 10
34 48 21248410 8
40 49 5334790 1
11 50 75379916 9
32 51 9837109 5
26 52 5216158 3
31 53 76642655 2
10 54 80182903 6
50 55 33117008 6
4 56 15201961 7
41 57 32417712 4
4 58 31705452 2
42 59 21989484 7
22 60 51321576 6
14 61 59555602 1
31 62 84564796 7
3 63 25085062 6
54 64 7926919 3
64 65 56047421 4
4 66 65587810 1
65 67 94068011 4
45 68 78215146 4
31 69 84822624 9
9 70 51727039 1
15 71 49433815 7
28 72 40769962 10
9 73 20617421 8
16 74 4122280 2
41 75 79660557 10
40 76 67118555 3
48 77 22219181 6
27 78 92683900 9
74 79 50889490 5
72 80 95053833 8
53 81 97183436 9
52 82 20273563 8
29 83 40127584 6
31 84 26611174 1
30 85 61614936 6
48 86 33458413 6
4 87 36541613 7
51 88 59054486 5
7 89 69478282 7
26 90 4897288 1
79 91 53016634 8
25 92 18047032 9
85 93 8590737 1
73 94 60920289 5
70 95 12917648 2
68 96 57273759 6
50 97 66242801 2
65 98 24398883 6
95 99 90797665 10
67 100 73572572 5
60 101 1091864 5
23 102 59604400 7
63 103 26072095 6
2 104 4909710 5
11 105 72848318 2
40 106 72820485 10
87 107 6596569 1
3 108 47546235 10
52 109 22963823 2
93 110 2895936 3
71 111 333664 7
16 112 12328527 1
45 113 9707753 6
82 114 15347723 3
22 115 29298265 3
80 116 43600641 3
82 117 13313653 3
40 118 26748172 8
17 119 8527540 7
11 120 26790744 9
53 121 71220645 8
103 122 10184319 4
23 123 50479736 10
63 124 61110263 5
16 125 95469138 1
35 126 78278275 1
73 127 74010535 1
84 128 17510554 9
99 129 46008572 5
104 130 36728255 9
69 131 33316600 6
67 132 56904343 10
103 133 63807407 2
116 134 7910673 7
50 135 50574568 10
92 136 2934122 6
106 137 58846698 10
18 138 81278717 5
85 139 2057832 2
114 140 31696480 6
101 141 34063583 9
119 142 40659667 2
86 143 75917191 5
2 144 45841194 1
85 145 21264073 8
73 146 76838717 2
29 147 63018249 8
92 148 72076456 9
12 149 47550422 4
109 150 54234047 9
81 151 30636241 4
125 152 69296554 10
111 153 94343004 8
151 154 33777220 1
63 155 62300444 4
65 156 98975803 10
31 157 66167643 8
4 158 33745940 4
15 159 77274905 2
64 160 72800187 1
63 161 71414815 9
76 162 6220516 8
141 163 59953705 3
30 164 85740022 8
56 165 39668002 6
85 166 40143644 3
150 167 54030278 10
119 168 49528167 9
129 169 89013474 8
109 170 85544002 9
146 171 79120277 4
81 172 95991736 4
48 173 57527902 5
37 174 30637689 9
125 175 30890661 9
121 176 19822242 7
164 177 27258926 9
136 178 53687320 9
98 179 68206945 4
44 180 70536211 8
18 181 5245422 10
35 182 3448608 10
170 183 2554256 5
60 184 28423316 7
137 185 84870499 8
20 186 28878206 10
86 187 85910784 2
114 188 7807664 3
62 189 82848841 2
28 190 22997328 6
50 191 46002856 4
54 192 93114893 6
183 193 19975027 6
55 194 1781347 1
37 195 57875856 4
32 196 5871232 4
14 197 67204041 6
184 198 50728875 9
99 199 97734595 10
73 200 65827456 6
181 201 71990403 10
125 202 8500202 6
38 203 36472207 6
138 204 61562848 3
194 205 79814849 7
191 206 66591220 10
202 207 12514844 7
9 208 60937835 5
57 209 33763127 7
11 210 2956828 6
152 211 70470915 3
86 212 25872545 6
43 213 89945566 8
208 214 89720259 9
84 215 51302161 4
35 216 31128967 8
154 217 80092922 6
140 218 16684818 6
9 219 19605346 2
125 220 10471524 6
192 221 82287989 4
79 222 24874205 10
193 223 27055828 2
62 224 86348331 9
84 225 55448980 5
221 226 36027650 4
173 227 25172730 2
166 228 66456677 3
186 229 61364041 4
163 230 15323388 5
7 231 8790985 5
169 232 72040513 8
163 233 19819937 3
149 234 21537295 8
229 235 11870118 1
195 236 51761684 2
39 237 64792476 9
20 238 73250122 5
117 239 22689105 10
45 240 10558979 3
216 241 83533204 4
27 242 21582739 5
181 243 75951978 3
92 244 72590405 5
96 245 85931222 6
115 246 55545636 1
208 247 80476507 10
193 248 6734499 7
38 249 13577267 8
42 250 27162528 8
248 251 17210764 3
151 252 96899367 10
201 253 82499420 4
73 254 65644682 3
208 255 22017059 10
63 256 11745597 6
7 257 87746019 9
143 258 49842256 5
162 259 31203162 9
214 260 63852912 4
195 261 9535164 5
64 262 93170302 8
124 263 37926717 3
183 264 35963737 2
246 265 86825201 6
202 266 81444325 4
212 267 17301908 1
239 268 12303534 4
38 269 19396834 8
118 270 55975319 7
27 271 4647933 3
146 272 27216 2
24 273 79872937 5
155 274 77887153 6
188 275 49221666 7
190 276 5860187 7
100 277 9107639 8
19 278 30533212 3
172 279 63697613 9
269 280 61293740 6
226 281 25713164 8
163 282 38429883 4
171 283 8089739 1
28 284 70504607 2
172 285 32410048 8
204 286 53207372 2
64 287 75280893 3
269 288 74537078 4
62 289 3768364 1
238 290 96772307 10
184 291 10927405 6
262 292 24589682 4
61 293 44294424 1
219 294 73424183 4
12 295 16925344 1
31 296 14765102 6
114 297 97978595 5
244 298 54915998 10
204 299 30386700 7
299 281 243 5 23 126 147 198 252 231 33 268 39 102 17 173 26 277 275 99 134 220 245 56 165 110 176 224 92 252 149 118 282 119 24 297 219 168 279 146 148 147 208 153 130 110 185 235 101 113 162 222 223 134 243 133 23 66 59 156 29 73 63 249 26 210 65 126 186 278 275 182 73 41 287 251 41 145 136 217 226 225 258 204 147 23 229 262 194 226 298 78 95 77 238 62 217 175 287 49 35 47 277 177 259 276 81 100 36 147 104 192 149 221 139 277 203 191 272 294 161 169 141 132 134 102 261 236 298 279 189 211 33 46 95 62 250 52 251 4 184 20 264 152 41 78 249 37 231 296 153 163 54 150 271 299 8 177 160 31 172 168 232 256 1 276 131 165 207 209 241 17 247 124 203 96 50 97 239 110 138 65 152 282 73 281 159 68 29 275 7 114 207 191 158 181 42 242 160 120 267 77 128 269 221 258 176 5 78 215 299 96 29 75 264 13 175 270 268 44 167 17 243 33 73 132 198 256 279 51 17 271 83 28 38 189 64 109 69 25 118 142 6 141 19 114 269 212 139 34 119 268 174 196 67 94 32 122 23 196 286 253 157 33 255 105 71 188 265 17 102 60 277 53 3 257 17 236 282 68 255 155 197 264 296 242 108 254 253 96 255 269 190 177
193 183
454 438
1 2 60072389 4
2 3 62181198 4
2 4 20488612 8
1 5 33918150 1
2 6 41507372 7
6 7 78575269 4
4 8 6238499 7
5 9 77041727 10
9 10 31376995 8
10 11 77144171 8
2 12 22117416 2
4 13 79888537 1
7 14 84349739 4
9 15 17306756 10
14 16 65002386 3
12 17 62949911 2
16 18 98232214 7
2 19 34136695 4
8 20 31502730 9
8 21 7116161 7
11 22 51359446 9
4 23 5393027 8
7 24 79987454 7
13 25 53746248 10
22 26 67850364 1
1 27 49052037 6
18 28 16505092 6
21 29 268645 10
4 30 11645378 3
13 31 44245445 5
22 32 78570161 6
20 33 54748118 6
11 34 75197400 2
16 35 44922984 5
33 36 94079529 1
16 37 53929698 4
17 38 79672837 3
31 39 89978702 8
18 40 60169479 7
25 41 1142108 3
35 42 78821982 8
12 43 26019344 2
23 44 86601823 1
18 45 35859082 4
27 46 91063891 3
20 47 23547919 3
16 48 13615776 7
36 49 43835325 10
7 50 90446762 8
24 51 64658925 6
29 52 82799869 4
30 53 36650052 2
44 54 96623935 9
44 55 63911209 9
27 56 6569012 4
41 57 81561122 8
1 58 53891634 8
4 59 60248019 10
15 60 6698278 2
57 61 52264641 2
21 62 27531163 7
54 63 33470436 7
22 64 27586446 7
25 65 83497564 3
10 66 29273105 3
51 67 26051471 7
58 68 48597752 3
4 69 14959920 6
52 70 22276109 3
41 71 21063669 3
8 72 26698823 7
33 73 3205194 1
31 74 15936286 4
4 75 87594787 10
5 76 10335009 2
51 77 35278021 5
30 78 65127038 8
48 79 71139031 4
64 80 59536841 8
47 81 56823964 9
26 82 51563511 6
50 83 86028500 2
7 84 35004935 3
82 85 60996713 6
18 86 9681641 6
74 87 27987646 7
19 88 41017813 3
26 89 14897996 2
63 90 72433304 4
68 91 63840606 2
64 92 97016112 5
75 93 25838612 9
59 94 609706 5
26 95 97706588 1
24 96 51413161 2
51 97 16968710 8
45 98 1403262 3
30 99 74817749 6
68 100 36610706 9
63 101 1494546 10
76 102 68017239 8
57 103 93558355 10
21 104 1812967 6
33 105 40833628 5
2 106 35933569 6
50 107 75623038 8
1 108 3238290 9
13 109 79236007 7
96 110 39819432 7
108 111 82743045 6
12 112 8979738 8
3 113 78959269 10
30 114 77292043 4
105 115 48321993 4
44 116 69270711 9
34 117 19672536 9
48 118 99443076 8
114 119 69041584 1
61 120 84689461 7
33 121 30471438 2
42 122 20743456 10
29 123 77482974 4
55 124 64280966 7
61 125 98072189 10
42 126 30546532 1
105 127 84815526 5
81 128 12087760 9
35 129 95326083 3
65 130 72108034 1
81 131 10966535 7
27 132 18559369 4
82 133 21368274 5
81 134 87238076 1
68 135 18694517 4
114 136 50617152 6
67 137 51985038 10
51 138 35378463 9
61 139 4515618 10
83 140 98010375 2
59 141 29996916 6
136 142 80869690 4
79 143 48734508 5
1 144 35247014 2
114 145 86866862 3
112 146 50017114 4
41 147 34162863 10
33 148 71188292 2
106 149 32651995 3
104 150 89369054 8
47 151 39837425 6
112 152 92514653 2
124 153 26098448 2
82 154 37896050 9
108 155 70353487 6
112 156 70544231 6
24 157 32603764 6
19 158 11032690 2
63 159 66208766 4
99 160 22274352 5
23 161 99146881 2
156 162 66089696 2
126 163 62784846 2
107 164 20194355 2
132 165 67454294 1
94 166 22156789 8
81 167 70175938 3
24 168 65170907 4
119 169 52855889 5
136 170 26530401 4
32 171 52521615 2
105 172 18911490 6
132 173 44262578 3
15 174 11591460 3
1 175 19758640 9
165 176 89240208 9
44 177 64218717 4
151 178 99391314 7
146 179 89045657 4
122 180 62932598 1
71 181 34493760 8
11 182 24396656 3
128 183 40762788 5
52 184 39677203 9
19 185 97397218 2
117 186 66503464 5
74 187 19022728 8
127 188 15465598 9
65 189 6924829 1
29 190 46919747 2
55 191 30161872 7
170 192 89821002 3
106 193 16868009 5
32 194 22036759 10
73 195 91638509 4
176 196 98492034 3
51 197 5848622 8
15 198 71076172 8
56 199 45233455 4
118 200 8981695 5
33 201 68487847 2
133 202 56903978 4
63 203 1882665 7
184 204 78002047 7
176 205 58185692 7
18 206 87764051 1
178 207 29072331 8
44 208 74388901 1
127 209 61052987 9
31 210 34459040 5
167 211 99965813 6
43 212 12938358 5
173 213 20748603 5
166 214 11174622 2
213 215 71934744 5
43 216 99035381 4
175 217 36982276 9
186 218 6659539 9
45 219 27769981 2
183 220 31123609 9
58 221 53354445 9
27 222 23625646 10
203 223 22856059 4
207 224 88451824 9
223 225 72065680 4
172 226 88778040 8
95 227 73295617 6
193 228 30215284 1
130 229 55413029 8
108 230 54695969 6
95 231 83948495 3
140 232 44294359 10
110 233 5829209 4
119 234 41574228 4
218 235 19950673 6
41 236 77397582 1
27 237 63351768 5
4 238 96107203 9
107 239 45249920 7
62 240 95657894 4
198 241 15513214 1
28 242 2608937 10
141 243 13361701 5
148 244 46644706 4
190 245 82647746 8
181 246 17478156 10
100 247 39744102 8
213 248 70784412 1
91 249 16641398 9
5 250 90139456 2
170 251 58893361 5
62 252 92277839 3
86 253 96654690 10
195 254 56636381 9
167 255 50018988 10
253 256 3309303 9
58 257 59406989 7
131 258 76798846 8
215 259 43815335 2
39 260 16903903 10
23 261 48687008 1
77 262 97436497 1
223 263 83703841 2
178 264 52691457 6
173 265 52703560 5
34 266 97834459 8
200 267 24769232 2
182 268 54019561 2
134 269 15305828 2
217 270 24488648 3
195 271 79042635 3
95 272 51234497 2
22 273 41130931 1
110 274 99394970 5
258 275 46284139 5
66 276 41854689 7
66 277 4000373 7
213 278 77467877 4
147 279 17956560 9
127 280 88063368 5
42 281 68517369 1
166 282 79012269 1
57 283 19480373 2
254 284 4973046 1
197 285 73679645 6
220 286 31482862 9
183 287 99630094 2
185 288 95245436 4
86 289 80835134 7
216 290 15057327 8
196 291 8292914 6
25 292 91545145 5
150 293 91163273 8
292 294 55403531 1
190 295 36329300 4
43 296 96100931 4
131 297 19404903 10
189 298 28960100 3
297 299 54709695 10
256 300 15686768 4
76 301 35018450 8
78 302 46583389 10
226 303 51624001 3
199 304 96747276 3
147 305 89469284 8
294 306 31613612 8
90 307 49377242 5
149 308 3396812 9
217 309 37969069 7
216 310 48190564 6
306 311 61692081 2
175 312 64181292 6
77 313 32437541 8
121 314 91476833 4
34 315 54295167 1
161 316 74955559 9
263 317 46188479 2
66 318 91410092 8
287 319 91491665 5
27 320 38505041 9
302 321 42850023 8
216 322 23483843 3
213 323 29970778 4
123 324 61362994 4
306 325 87554497 8
185 326 57793842 1
15 327 89166559 2
214 328 12482734 5
173 329 4550170 6
177 330 47246420 1
13 331 95091218 10
312 332 9597942 5
182 333 94606174 4
215 334 35651965 2
142 335 91293249 8
122 336 57331842 6
250 337 37099282 5
2 338 35503966 3
251 339 50162540 9
320 340 50187436 9
130 341 78707379 7
5 342 28077689 8
329 343 84146364 9
167 344 21115416 9
311 345 3462978 10
139 346 58416840 1
72 347 3874960 9
172 348 685307 1
272 349 65045672 5
126 350 16817610 7
12 351 59684868 9
31 352 91975755 5
285 353 4923749 9
252 354 66333232 2
31 355 35557101 10
80 356 60951461 6
262 357 12867021 10
200 358 77277377 3
83 359 95171133 1
136 360 44791163 2
11 361 39434491 3
2 362 51441689 2
200 363 84643988 4
310 364 71305095 6
72 365 56588814 2
238 366 84698272 6
165 367 30947317 5
28 368 72995121 2
308 369 56198893 4
102 370 82509757 3
164 371 15473785 4
236 372 61259297 4
26 373 94205723 7
133 374 45660950 1
288 375 62676569 6
37 376 18630131 9
132 377 28132946 3
228 378 13335974 3
317 379 65518132 6
359 380 28904752 10
34 381 31103259 6
155 382 40158301 9
70 383 41339407 7
252 384 98477464 8
331 385 65163543 7
280 386 16961722 3
70 387 6255728 10
320 388 26465832 10
73 389 20148407 10
129 390 25716548 9
269 391 43938363 1
11 392 71602840 2
386 393 42713706 10
269 394 95069749 10
213 395 27925895 10
264 396 62587516 3
236 397 94431186 6
328 398 95428803 7
280 399 43946748 10
64 400 11772671 1
104 401 41398374 2
255 402 78637385 3
288 403 92048759 4
9 404 6668044 2
177 405 35254679 7
394 406 65103447 7
257 407 92771009 9
231 408 27572631 2
368 409 22246531 5
318 410 63069171 7
36 411 86174520 2
172 412 66516234 6
327 413 67227200 6
205 414 96588716 2
236 415 42779336 10
196 416 37709535 5
23 417 33930362 5
132 418 27281351 3
156 419 86046937 10
149 420 63618990 6
406 421 81856963 7
93 422 78839015 3
177 423 58514579 1
99 424 29603005 10
32 425 27140939 4
26 426 15324225 4
370 427 43767285 5
205 428 26876926 10
230 429 61165892 10
224 430 71206687 5
33 431 58152633 10
220 432 84188050 6
302 433 6395557 2
279 434 57761842 5
156 435 91968613 1
411 436 71363858 9
165 437 12192760 3
88 438 24225595 9
186 439 90238994 3
239 440 2504250 1
84 441 46511802 8
389 442 91967227 8
45 443 86350288 2
357 444 26859467 3
88 445 81038330 9
193 446 14598269 7
368 447 98658564 1
298 448 6716312 1
227 449 11189195 3
242 450 75284391 1
166 451 89336996 8
374 452 85100208 2
259 453 25623404 2
313 454 87844766 9
41 301 279 320 241 177 318 350 24 131 384 86 148 432 393 341 190 417 340 7 16 327 135 210 7 85 188 314 383 274 13 418 334 209 374 259 228 354 110 280 35 21 318 131 398 418 28 127 61 180 147 14 84 427 246 124 398 199 139 441 139 240 248 289 185 4 242 200 369 109 392 422 138 99 74 259 64 295 382 160 40 109 226 320 255 196 62 93 168 181 365 1 62 217 162 160 447 244 285 438 31 203 80 67 14 110 147 6 82 111 399 150 141 293 340 235 401 161 178 226 261 300 223 327 107 289 431 404 119 174 316 438 229 262 445 450 438 10 190 146 285 312 112 416 210 195 60 370 207 136 330 220 31 429 75 133 366 307 344 88 288 318 432 45 93 346 341 68 254 196 416 227 401 25 348 220 414 452 182 453 224 156 37 430 181 259 35 249 76 274 82 123 362 419 374 412 408 144 153 157 261 62 144 168 379 404 428 63 59 266 132 451 156 142 247 84 367 255 198 235 333 184 393 277 449 27 452 3 147 309 336 348 365 443 241 20 418 246 280 165 79 240 350 260 227 382 62 191 224 145 204 282 281 430 369 37 60 308 119 39 426 340 178 181 188 84 166 73 224 37 365 427 384 130 91 252 410 60 452 332 182 183 2 316 402 274 143 193 39 362 316 397 295 48 213 174 108 115 18 200 191 117 220 208 411 318 122 278 407 266 244 339 302 85 323 291 161 195 47 131 450 196 21 67 208 202 189 186 410 174 26 48 351 154 257 238 321 162 238 304 293 419 26 291 12 41 38 344 153 28 282 88 199 136 148 411 226 316 343 437 295 207 307 28 191 158 288 336 119 34 224 47 145 436 93 436 208 241 203 173 132 320 178 177 26 36 18 71 126 258 440 2 125 17 218 288 402 384 232 34 376 14 129 421 402 295 346 211 348 101 236 353 47 98 151 228 111 352 398 383 356 185 315 164 336 357 445 396 119 367 29 189 266 219 453 249 69 148
367 165
244 162
1 2 66827507 9
1 3 91207372 7
2 4 93043862 4
4 5 10817242 9
4 6 27654125 5
3 7 55544458 8
7 8 7226183 10
5 9 13081712 7
3 10 65154031 1
4 11 99863287 10
1 12 3748814 8
6 13 82600638 5
1 14 68719593 3
12 15 91887730 1
2 16 15147121 5
1 17 7307569 10
16 18 95285177 4
16 19 54536439 5
6 20 78307140 4
20 21 30337838 2
2 22 37447691 7
2 23 45606627 8
10 24 1342612 2
4 25 54320989 9
5 26 27196113 2
4 27 99193078 9
22 28 30072539 10
12 29 66798823 9
26 30 20711155 6
20 31 51458448 9
25 32 49621217 5
3 33 98453746 1
22 34 37811883 3
13 35 73576214 4
18 36 17428746 9
8 37 49415541 5
21 38 8613221 4
34 39 75705459 1
15 40 68480430 8
4 41 95917027 8
14 42 79301159 7
12 43 21285420 5
20 44 52595488 2
16 45 64797927 3
25 46 12600318 3
23 47 80880832 1
4 48 33975335 4
23 49 27611238 9
13 50 19798586 2
3 51 18739233 5
6 52 96570 4
50 53 37573672 7
27 54 66067078 10
20 55 50128494 7
41 56 66062335 1
38 57 66917627 7
9 58 52941633 4
50 59 5817158 4
13 60 69104362 10
41 61 90501157 6
34 62 49856102 8
49 63 5987079 10
15 64 4224221 8
4 65 44153802 8
3 66 31603753 6
47 67 87651174 8
49 68 19148278 9
60 69 47852853 2
52 70 16918763 9
63 71 56950916 6
45 72 85259301 5
8 73 93663585 3
6 74 17486192 10
29 75 66739915 6
18 76 27577914 6
74 77 31125578 4
17 78 97015690 8
38 79 90410591 6
18 80 50314154 6
66 81 29155115 1
57 82 48631407 5
8 83 59037422 2
47 84 79428066 7
35 85 27287510 8
42 86 43363501 2
14 87 38634153 7
67 88 38516498 8
30 89 73553180 1
11 90 78262849 3
34 91 19586464 5
56 92 51201404 6
57 93 37895755 9
41 94 85214611 7
77 95 92279325 6
22 96 59083654 6
80 97 19086057 1
88 98 46507813 3
28 99 39139829 4
98 100 18158276 2
23 101 15679183 8
52 102 45763554 7
23 103 23774537 4
8 104 55485490 1
80 105 76585680 10
47 106 71336982 9
80 107 75526174 7
2 108 45356998 5
91 109 44327956 10
49 110 43906057 4
59 111 25609372 8
64 112 62748996 2
29 113 51180661 9
29 114 91407829 10
60 115 91721128 2
51 116 62204517 4
7 117 97333105 1
82 118 64103695 4
49 119 2254135 10
50 120 64041485 3
104 121 26596384 8
81 122 69195222 4
65 123 99017776 3
114 124 78464922 3
91 125 82867816 10
17 126 84661884 9
77 127 14913016 7
33 128 46190976 7
75 129 81074255 2
106 130 47268085 9
110 131 63117740 5
109 132 30152131 2
59 133 21824746 5
7 134 67732069 7
62 135 97860877 2
26 136 8268029 4
106 137 76371787 9
103 138 7179020 10
101 139 73055840 5
110 140 81336478 1
35 141 86012626 4
82 142 37293209 1
142 143 92218159 2
95 144 57621554 9
82 145 65809055 8
109 146 15072892 6
70 147 93221506 4
14 148 20704470 9
96 149 41204902 10
25 150 9298091 7
97 151 72412597 8
42 152 29935436 7
54 153 35655132 3
134 154 72818934 5
2 155 87033127 3
111 156 93277404 2
74 157 99567407 6
4 158 66716988 2
21 159 38367567 3
31 160 89073895 6
89 161 85277167 4
82 162 6174343 7
72 163 24118377 10
64 164 52658543 8
130 165 50600941 1
155 166 12359393 7
36 167 94111867 7
15 168 57436836 2
74 169 48978303 7
60 170 20361414 2
106 171 38288062 10
146 172 96021929 7
160 173 33338192 4
77 174 18041182 5
166 175 23154169 10
48 176 31746474 9
164 177 63007857 1
62 178 57100493 10
85 179 77610587 1
152 180 73709256 2
142 181 53358773 7
89 182 52323766 4
71 183 47151842 4
41 184 49937341 6
177 185 90986924 1
114 186 61447112 8
75 187 89418687 10
118 188 60298983 5
99 189 33187416 5
168 190 83941723 1
167 191 58172912 3
186 192 26616972 6
70 193 57862429 8
28 194 68523321 10
48 195 78785921 7
154 196 56955330 8
162 197 65588062 5
83 198 32449964 9
117 199 47529524 4
160 200 48983562 4
29 201 8678875 2
15 202 55111618 3
182 203 71978730 1
31 204 35008374 8
25 205 67917640 6
123 206 16822112 8
110 207 24010454 6
84 208 31482019 3
183 209 54111187 2
129 210 77812850 10
103 211 644710 4
186 212 49165581 4
33 213 22444785 1
120 214 50773322 4
201 215 26352993 8
90 216 51251611 8
180 217 83906282 7
119 218 45067696 7
28 219 75035267 7
203 220 12245675 3
88 221 72894185 3
90 222 2592641 4
70 223 83546261 9
19 224 30597803 10
25 225 38343307 2
44 226 96714930 9
89 227 23780897 8
219 228 55540980 5
45 229 93248622 1
113 230 3377590 10
144 231 18618744 1
94 232 37747008 10
17 233 40350539 9
86 234 70509219 3
192 235 99121264 2
66 236 27900196 6
60 237 73734775 8
229 238 34686810 9
66 239 18266804 3
154 240 76486751 5
148 241 26503973 4
195 242 1398917 7
179 243 33290241 5
62 244 79049700 4
120 121 112 133 44 106 189 132 58 200 166 97 222 9 104 117 108 184 87 133 51 156 171 219 195 53 143 151 84 108 36 198 46 214 222 221 218 164 23 146 125 75 61 65 33 188 195 38 231 178 236 86 143 23 149 174 142 137 3 9 232 67 186 221 10 238 197 14 79 133 90 143 147 25 170 4 206 46 128 130 87 203 155 144 35 149 135 229 11 176 8 223 64 114 218 231 226 159 108 243 216 214 152 132 108 145 52 4 179 228 227 81 198 25 27 150 27 172 68 43 49 230 73 181 152 60 34 73 65 47 181 40 59 167 205 156 113 162 81 142 15 40 180 210 26 155 119 183 144 113 48 180 226 82 29 237 137 38 12 157 122 230
18 80
130 354
1 2 34605205 10
1 3 36831196 4
1 4 16811191 5
1 5 98149803 5
5 6 39729215 3
1 7 2940001 2
3 8 52319341 6
2 9 54471108 5
9 10 24288202 2
3 11 96803933 10
10 12 53082903 8
5 13 25994813 5
4 14 32806859 4
9 15 4676057 9
12 16 36107446 2
14 17 18281747 5
14 18 90957312 9
8 19 13853790 1
19 20 3036154 10
1 21 80806478 6
11 22 92625826 3
22 23 27823985 9
17 24 53524839 5
19 25 9347812 7
1 26 82175459 7
4 27 74131995 5
1 28 33074632 1
27 29 43751491 1
6 30 17251481 9
6 31 91098090 10
17 32 84127573 8
17 33 89485308 10
32 34 95533592 3
2 35 89838042 7
17 36 77683253 3
14 37 33688628 6
34 38 89358157 1
29 39 21841878 1
37 40 44368792 3
31 41 59685648 5
15 42 54575483 8
21 43 96182724 2
33 44 37739014 9
12 45 90524260 5
28 46 12629429 1
4 47 68922534 1
28 48 20002787 3
45 49 98967032 9
14 50 15493480 6
47 51 98813166 5
26 52 34268407 8
39 53 66278599 6
31 54 88864294 3
41 55 83347514 4
51 56 86632211 9
41 57 89775642 9
19 58 75299180 4
4 59 51413430 4
25 60 40991851 3
48 61 26501995 9
32 62 27916027 7
43 63 8890384 1
18 64 30985439 6
44 65 98424939 9
55 66 62509072 6
48 67 22426456 8
57 68 91883842 10
15 69 10178075 1
34 70 53368985 10
17 71 95909021 8
8 72 37494252 3
11 73 57854433 6
11 74 83289051 7
7 75 99146811 8
8 76 47984335 1
23 77 96955080 8
42 78 88288393 8
42 79 97335102 4
41 80 29562013 3
67 81 14912913 10
55 82 66001350 2
7 83 80499488 7
1 84 19310296 6
45 85 72871580 1
20 86 73651231 3
9 87 93732913 7
26 88 82509768 3
31 89 95471774 10
67 90 8315865 10
65 91 36692796 1
88 92 50717245 2
80 93 49411281 1
15 94 94316722 5
45 95 68051510 5
29 96 4916062 2
33 97 46769356 9
73 98 25086617 6
41 99 91517720 1
25 100 30041102 3
1 101 31759930 7
33 102 15843147 6
33 103 35248503 8
59 104 32554451 7
18 105 58924972 1
21 106 12895763 5
101 107 39468016 10
41 108 85692944 9
96 109 3555100 4
102 110 74990672 4
107 111 36112140 6
105 112 1865296 2
19 113 79622565 4
26 114 66450463 1
60 115 21517389 8
38 116 73598125 9
40 117 41591397 4
43 118 69642983 2
26 119 92778728 1
31 120 79823270 7
84 121 19041322 1
106 122 59858171 7
45 123 85426277 4
27 124 84152966 10
118 125 88293919 1
37 126 95624733 6
108 127 62816196 7
63 128 88876483 7
15 129 73685225 1
49 130 72426453 1
18 112 101 1 3 113 89 11 54 71 101 52 58 86 66 82 68 119 54 118 83 23 7 19 1 121 114 15 87 96 115 127 22 24 64 71 89 60 116 100 119 32 128 83 23 52 115 113 122 26 111 42 73 9 46 18 80 101 8 17 117 51 6 56 1 118 22 114 53 16 6 126 25 111 72 126 48 40 83 121 89 56 119 117 46 93 16 79 45 64 73 102 14 129 33 99 98 21 54 50 129 119 24 33 1 112 19 73 46 89 104 105 70 56 86 71 43 44 58 39 124 5 50 67 35 75 51 119 102 34 112 34 50 121 50 107 83 13 50 5 52 84 123 110 124 94 120 75 26 24 88 82 70 43 55 39 76 37 82 100 51 34 118 19 49 85 61 107 59 115 114 101 66 83 38 42 28 97 82 98 105 27 64 46 105 90 33 53 24 33 84 110 30 103 7 128 56 127 24 50 111 126 111 36 115 83 105 119 117 111 76 20 1 98 46 3 117 55 127 74 129 81 80 40 52 119 69 45 113 103 126 7 101 112 29 6 2 106 111 57 74 83 57 100 24 12 87 82 24 17 59 26 101 126 42 55 103 107 90 37 47 104 78 49 123 58 43 50 36 118 101 87 41 117 52 124 10 14 4 112 128 39 83 72 122 111 4 94 49 123 43 102 76 29 126 31 42 62 125 120 11 104 67 97 106 36 90 130 87 72 128 77 45 105 110 83 72 46 64 122 38 128 126 103 74 54 125 26 8 129 47 83 29 118 79 63 83 126 12 86 93 128 69 78 26 9 40 79 6 10 97 16 18 87
23 22
478 487
1 2 82750242 7
2 3 65767471 1
1 4 8002836 2
2 5 92356791 8
4 6 28609400 5
1 7 65753581 2
5 8 24731399 2
2 9 99795723 9
9 10 30644993 7
5 11 96473268 8
7 12 83329141 7
2 13 32045205 9
9 14 13154413 3
14 15 37101344 4
10 16 36138169 8
8 17 13328584 5
13 18 11013417 2
11 19 15531507 7
19 20 2263073 8
15 21 78477031 3
15 22 46113037 8
15 23 12776918 1
10 24 19127993 8
23 25 2239849 10
7 26 98146884 8
17 27 28518742 8
5 28 10498139 2
22 29 66466060 4
1 30 71243421 3
25 31 59876796 5
14 32 74701985 2
11 33 9731545 8
11 34 13077628 6
8 35 14260979 10
7 36 31381482 9
23 37 28223891 3
30 38 39794635 3
17 39 24696636 5
18 40 75614709 6
6 41 82530208 4
10 42 87431084 9
3 43 34155887 1
37 44 15671672 8
24 45 92351134 6
20 46 79039201 4
12 47 63456408 8
12 48 78314414 10
22 49 37139265 1
22 50 87613408 2
8 51 2650443 3
13 52 82515930 3
24 53 49566762 10
28 54 6850377 4
40 55 13309908 1
2 56 71969609 7
2 57 72275337 10
25 58 73810350 4
44 59 87905843 8
53 60 21987608 7
25 61 8838081 7
55 62 15286115 5
39 63 37154180 9
44 64 75479212 3
30 65 52328100 3
22 66 81109305 4
25 67 3858381 3
22 68 64037771 1
56 69 32205009 10
53 70 64682575 6
57 71 85794759 10
20 72 19495306 5
14 73 77231094 8
26 74 59257956 10
65 75 49443232 9
2 76 89783881 5
20 77 57194707 7
51 78 6714969 4
72 79 12699971 9
62 80 79759850 10
47 81 24699406 4
38 82 11618341 3
22 83 72540444 3
14 84 83079499 6
59 85 71602628 6
5 86 21630410 6
60 87 60933478 8
40 88 97255190 5
20 89 14596527 5
60 90 26439204 8
74 91 96552609 5
88 92 79271403 7
39 93 13298170 8
61 94 44842055 6
7 95 26525617 2
38 96 91551385 3
3 97 47352797 8
35 98 49063879 2
69 99 38271091 7
51 100 79704799 7
91 101 75485806 9
23 102 56408477 1
39 103 26885225 7
10 104 81244690 8
103 105 89313598 4
47 106 61774553 1
89 107 4439924 5
45 108 56362168 1
97 109 56540874 5
48 110 59102040 8
93 111 28023196 8
102 112 28845121 3
26 113 46058273 2
45 114 71013980 5
11 115 55229902 8
40 116 70540019 9
54 117 54351450 3
42 118 76213784 5
6 119 45445742 5
12 120 38016477 1
97 121 38231974 8
101 122 37762435 6
118 123 90574560 7
43 124 14261173 1
81 125 96987796 9
102 126 20834597 10
56 127 1834344 1
72 128 6550756 1
54 129 71790640 4
79 130 28686027 3
23 131 620666 4
129 132 52554308 10
73 133 74207214 5
89 134 93700985 5
72 135 87789844 10
40 136 6007018 10
55 137 30254533 6
9 138 20956994 7
18 139 88435909 2
43 140 88170622 4
23 141 41065042 2
9 142 48353506 1
78 143 62097236 3
39 144 10163573 4
75 145 47151937 5
4 146 98658658 7
45 147 12233591 9
80 148 43086745 5
124 149 6092930 7
116 150 30936253 8
19 151 73033865 9
20 152 61731875 6
72 153 55825469 6
114 154 82119631 7
141 155 67045139 9
111 156 75357857 5
31 157 44328110 5
156 158 81008547 8
94 159 63037777 9
87 160 42550654 8
75 161 80501251 3
24 162 93110230 8
93 163 93967083 1
27 164 21357772 1
120 165 62011115 5
114 166 31434751 10
30 167 93675248 4
107 168 4943894 1
98 169 5264710 9
82 170 44091577 4
51 171 59420924 7
54 172 22444305 4
44 173 57502426 9
66 174 27009279 8
102 175 29902360 5
112 176 79931572 4
5 177 63224624 5
82 178 21715727 5
118 179 78898832 3
93 180 61765384 3
143 181 21928000 2
49 182 23372403 1
107 183 4388499 8
78 184 78820886 3
7 185 45049074 6
173 186 79352716 2
5 187 79456057 6
170 188 65499989 10
157 189 33123125 1
90 190 49626333 4
148 191 28793777 8
5 192 43128357 5
78 193 39981534 8
35 194 42050574 6
181 195 24767857 6
180 196 69544755 7
108 197 56033585 8
67 198 30304592 3
35 199 59568545 2
75 200 35959059 6
70 201 43729088 10
124 202 66538433 7
42 203 67002662 7
176 204 44632851 7
28 205 49188716 6
190 206 92131561 9
45 207 48744588 6
37 208 31074526 8
138 209 88657747 7
61 210 70057849 10
176 211 205891 1
160 212 4593091 9
175 213 27377797 9
60 214 23766043 1
140 215 50382784 3
22 216 99353352 8
15 217 70763958 4
70 218 18995071 7
9 219 53254284 3
186 220 51177052 3
131 221 55484163 8
74 222 74743190 7
222 223 6048042 8
218 224 86670329 6
54 225 80552687 1
121 226 81082043 7
73 227 9222889 2
48 228 5944735 7
120 229 90342090 4
72 230 14643149 4
111 231 29044528 10
74 232 35688580 5
109 233 7674134 2
60 234 11516712 3
84 235 77937186 5
130 236 62553736 2
227 237 26480898 7
136 238 11673513 1
185 239 56508206 7
44 240 13669194 4
69 241 66004439 1
13 242 77356574 8
181 243 87103265 5
107 244 46693038 5
39 245 30842627 3
5 246 84172439 6
176 247 88312131 6
172 248 18922692 2
61 249 91909457 3
66 250 18030086 5
31 251 73448167 6
96 252 48793300 10
184 253 39241402 10
150 254 98670570 2
222 255 96757232 7
181 256 29753933 1
183 257 69873761 2
4 258 92249067 6
206 259 85536576 5
20 260 45794592 3
145 261 45965989 9
205 262 84701642 4
106 263 99094119 7
63 264 46692882 5
65 265 12414370 1
262 266 90256611 2
44 267 11476696 5
220 268 82059786 9
123 269 60322529 8
161 270 78953623 8
141 271 96214389 4
169 272 24287485 8
23 273 45433815 8
173 274 84127559 1
156 275 79853635 1
33 276 16952784 5
185 277 52052185 3
3 278 36282996 8
158 279 65276260 1
133 280 33454457 6
35 281 2343765 5
166 282 14809772 6
85 283 17514374 7
170 284 44016326 10
12 285 11224990 1
129 286 28538515 1
210 287 15567414 4
128 288 35636364 5
74 289 17435962 7
82 290 49037582 10
157 291 12207985 1
15 292 20408747 4
70 293 62692311 8
221 294 69952316 3
182 295 73446354 5
182 296 48210723 7
179 297 1799611 9
278 298 44384539 1
135 299 10610611 2
25 300 10633908 7
208 301 2989180 3
252 302 90462971 3
296 303 32704241 4
44 304 18998532 4
180 305 8115509 3
261 306 41373061 9
121 307 56387770 7
287 308 69018691 2
277 309 42541048 3
15 310 60728912 6
72 311 65465699 1
125 312 7392404 2
302 313 50064406 4
139 314 39467476 10
231 315 51472733 6
177 316 64839768 3
176 317 67279851 10
7 318 53927916 8
6 319 6029685 10
17 320 98451872 4
210 321 32284863 4
263 322 89715343 6
177 323 18831542 10
129 324 29189201 7
89 325 59803745 9
240 326 46637346 6
279 327 29114056 6
73 328 35032329 7
291 329 97595040 7
102 330 71238231 6
67 331 68262106 5
174 332 65233838 2
305 333 31724949 1
58 334 3257776 6
257 335 90344023 6
254 336 13289597 4
263 337 52852836 10
332 338 14868692 2
186 339 37553311 2
141 340 59610191 6
137 341 53204799 5
333 342 65407264 8
155 343 37030096 1
247 344 19114512 7
279 345 26106976 3
208 346 74094855 4
84 347 14716418 2
281 348 73887030 6
196 349 2950564 6
171 350 78557275 5
36 351 22252822 1
29 352 79419446 3
207 353 52744738 10
245 354 42764759 8
47 355 72126861 3
354 356 40201375 4
10 357 54697870 7
272 358 55548300 4
239 359 83402458 10
356 360 54705884 2
326 361 81477241 5
179 362 81654641 6
283 363 17193090 10
255 364 5800398 8
63 365 25878824 8
170 366 46067817 2
201 367 62180325 8
278 368 20171735 8
297 369 40823360 9
281 370 36446440 4
350 371 84074914 5
127 372 54993569 3
223 373 91285433 4
42 374 62137815 5
65 375 28683007 10
212 376 96692110 8
72 377 49930828 10
255 378 18735445 9
344 379 68093521 5
373 380 49038172 6
338 381 75022544 5
329 382 7172360 1
267 383 6941625 5
128 384 48327386 5
189 385 53012423 6
239 386 70344671 5
174 387 17148038 3
156 388 97304224 7
299 389 56027943 8
47 390 54583666 9
311 391 76250092 8
309 392 67904335 1
215 393 44590557 4
50 394 13398572 9
176 395 5728094 10
224 396 91651133 8
376 397 18258471 9
203 398 22489116 3
40 399 8539040 5
100 400 88281115 9
207 401 55853985 6
361 402 15256311 4
246 403 76112061 3
210 404 26408406 2
183 405 47091035 3
27 406 23772226 5
77 407 53248903 10
144 408 10728545 8
210 409 81099422 5
239 410 31331457 8
109 411 7758765 10
219 412 56081964 6
372 413 79719672 6
223 414 76408410 5
132 415 75676909 3
2 416 59636460 4
158 417 3771564 10
40 418 39250074 6
293 419 10379979 10
266 420 71035060 2
62 421 58965806 8
110 422 96211756 8
90 423 61986918 6
59 424 99738341 9
270 425 5135098 10
327 426 91997031 3
269 427 59698510 3
104 428 86741953 9
64 429 20979181 3
188 430 34742110 1
341 431 43775532 2
121 432 67197915 7
204 433 80066640 4
138 434 23819005 3
428 435 91789232 8
228 436 54995093 4
33 437 3336127 3
400 438 20295186 5
248 439 62068335 1
191 440 99869691 5
330 441 336989 2
132 442 49287690 5
172 443 52665840 5
314 444 24636909 4
353 445 28011178 3
319 446 32097987 6
65 447 78245984 1
286 448 77244222 7
9 449 63651046 6
447 450 49767058 7
416 451 67785935 2
19 452 72668519 5
233 453 92837165 4
130 454 35128387 10
196 455 49533332 5
366 456 3225938 6
445 457 46244825 8
156 458 85281425 3
192 459 42179554 7
20 460 76129308 6
308 461 9749339 5
118 462 94111501 1
86 463 38523616 10
457 464 63410248 2
229 465 50005479 3
318 466 68681519 1
252 467 53738481 4
272 468 1503510 2
323 469 52964962 9
234 470 28470566 7
462 471 24266065 10
422 472 93806411 2
166 473 51903903 8
388 474 95749805 2
399 475 5289122 10
115 476 25948029 6
276 477 64363708 7
1 478 62855702 9
102 86 29 358 133 239 94 6 454 16 317 37 145 346 14 435 274 417 307 290 441 85 124 377 221 290 439 68 134 471 400 229 176 475 349 325 94 173 311 422 47 124 210 155 66 333 184 75 169 151 255 25 318 242 474 441 162 52 10 185 175 392 30 361 61 473 205 296 188 419 209 332 419 426 106 254 172 183 342 100 92 431 321 205 99 4 172 100 99 97 425 169 299 188 227 248 287 277 50 86 208 264 166 345 291 180 45 252 181 323 324 149 231 43 394 171 235 379 119 334 159 82 111 157 413 76 224 286 207 170 318 11 360 25 369 275 278 246 21 318 461 80 246 205 250 326 279 336 289 43 443 408 184 409 386 350 450 134 214 202 201 211 192 320 72 259 83 86 128 360 243 112 454 221 37 303 461 221 101 167 134 274 84 306 458 168 474 194 451 405 59 294 188 189 361 82 263 170 279 288 474 132 223 314 411 427 146 141 192 29 173 21 107 158 125 415 231 162 396 234 268 254 261 276 315 405 477 64 375 76 140 34 293 271 197 54 99 199 117 345 68 80 73 388 108 460 297 264 167 277 116 256 63 384 8 267 352 231 268 416 190 258 359 152 310 66 311 230 202 443 266 200 279 250 159 304 76 107 357 476 130 274 376 226 118 274 9 208 454 401 125 115 211 448 439 312 229 313 78 80 51 106 86 175 441 447 342 332 432 271 58 478 454 1 268 241 344 231 270 383 437 263 146 93 55 476 449 193 369 142 354 171 415 237 380 317 403 369 295 178 370 306 230 139 423 416 130 183 348 289 442 146 449 78 13 14 59 238 301 275 153 219 212 171 12 412 323 453 406 317 336 220 469 136 52 112 304 81 38 417 390 106 175 474 241 142 12 377 219 157 474 75 269 133 175 259 170 417 13 374 113 371 17 238 300 375 317 47 208 331 408 130 135 134 247 414 368 429 19 264 180 182 380 8 168 132 401 5 184 85 60 22 186 170 199 281 3 19 125 351 365 273 51 351 190 71 73 35 59 439 408 65 32 324 72 183 337 32 374 385 374 231 139 368 387 446 206 37 403 120 117 382 191 412 268 368 1 90 34 220 455 145 143 278 382 446 109
333 342
399 49
1 2 89968020 7
1 3 42804182 2
1 4 87577204 9
1 5 39322936 3
5 6 11842608 4
2 7 1349163 4
4 8 80870814 2
7 9 5503865 4
1 10 26472590 10
9 11 37943979 1
8 12 15488753 6
4 13 7881857 2
1 14 22215119 10
14 15 74986244 4
15 16 17993225 10
13 17 32301722 7
14 18 7538163 2
2 19 24507734 7
13 20 85448423 4
14 21 90254743 1
5 22 54142875 2
18 23 22604448 1
3 24 73654324 1
10 25 50436133 9
22 26 35154162 1
11 27 69708269 7
22 28 38007924 2
7 29 56538709 4
11 30 99603817 4
13 31 93938236 9
14 32 54309143 1
19 33 97272023 10
23 34 38753634 1
1 35 78393236 3
25 36 65348905 1
29 37 32040010 8
24 38 21746160 10
20 39 44765332 5
12 40 47239137 9
8 41 73318399 4
16 42 30072198 8
22 43 91199437 9
40 44 8586172 5
18 45 61089671 3
10 46 63835527 4
28 47 59780933 10
10 48 47693951 8
47 49 13290433 7
45 50 20164553 9
17 51 13805984 1
14 52 82526306 2
46 53 70232223 1
27 54 1980552 8
1 55 65165075 4
52 56 71303519 6
32 57 31644081 3
6 58 23824238 10
10 59 15040819 1
58 60 71862493 9
44 61 21161162 7
25 62 78376351 9
22 63 83071857 5
54 64 46101295 8
56 65 94737636 5
36 66 28571323 6
45 67 27527071 1
11 68 71234253 1
67 69 23590815 6
49 70 68335480 8
22 71 54983275 1
53 72 75961069 1
8 73 1140013 8
24 74 56933701 1
20 75 38290101 3
27 76 20239096 6
17 77 91760791 8
35 78 14747597 1
71 79 51240475 6
37 80 8381890 6
26 81 97942946 8
2 82 57103008 9
33 83 14729605 4
9 84 97676808 7
79 85 51649720 6
65 86 82575848 3
61 87 26093590 2
87 88 37880930 9
38 89 76246051 9
38 90 67626430 4
64 91 52938382 6
14 92 71601695 4
46 93 23154811 8
41 94 17817442 6
69 95 50177783 8
27 96 34632050 1
90 97 66330320 10
97 98 71413065 3
42 99 94087131 5
5 100 10998753 8
77 101 4782603 9
9 102 40488608 5
17 103 76410115 10
59 104 66029546 6
55 105 35847803 9
60 106 13232113 8
8 107 53193889 10
73 108 97585489 8
72 109 33467709 6
37 110 7960620 8
24 111 34615101 7
57 112 2551211 4
69 113 76497019 3
50 114 43425321 8
95 115 34825825 1
39 116 72330449 4
49 117 99639842 7
46 118 90009370 8
97 119 26964432 4
20 120 37944659 1
86 121 87367969 7
55 122 75600934 7
36 123 33314237 4
70 124 76024192 6
1 125 49293281 1
47 126 1244650 5
35 127 97889673 9
14 128 23454504 1
90 129 34946876 5
76 130 7175499 4
20 131 19785011 9
74 132 54380832 3
131 133 44028679 7
57 134 78675185 4
58 135 98151132 7
24 136 61914644 4
41 137 20136007 4
91 138 49085310 4
120 139 43855553 9
45 140 32866903 4
28 141 60883475 8
46 142 64460788 6
133 143 63009477 10
33 144 71209496 8
139 145 59022096 2
137 146 21453399 4
50 147 65781821 10
143 148 91630156 1
27 149 59539036 2
18 150 20495473 1
126 151 88814346 10
90 152 45034401 3
152 153 73469937 10
100 154 69335986 8
1 155 22423528 3
8 156 79710604 1
64 157 42898728 1
115 158 48362191 10
5 159 90323544 4
24 160 9889723 4
10 161 79106978 8
115 162 36256834 1
65 163 53989683 7
95 164 7296092 7
145 165 8774243 9
123 166 16728337 10
43 167 72336271 3
34 168 44493089 7
3 169 61138623 8
42 170 59200102 10
110 171 3913880 2
30 172 19127016 9
18 173 61203147 1
82 174 78333393 2
81 175 54448345 1
68 176 22562650 5
37 177 68188361 2
155 178 41450159 3
107 179 39672901 3
133 180 96026535 3
18 181 50740363 4
155 182 54951084 7
112 183 7243104 6
15 184 72142601 6
15 185 1596448 8
93 186 48584697 4
102 187 3763514 6
135 188 63971696 7
128 189 51875757 1
179 190 61580400 5
179 191 63884716 4
191 192 57696676 3
125 193 7421471 2
58 194 53443537 6
132 195 30575248 3
185 196 89238637 5
15 197 70419731 3
114 198 11037855 7
26 199 61432839 3
20 200 93844931 10
157 201 15886473 2
33 202 99735087 4
158 203 21233219 1
104 204 44986559 4
31 205 43700126 10
86 206 81477195 2
39 207 88541249 3
153 208 63003549 7
122 209 56980114 10
86 210 97596903 2
194 211 49639302 9
202 212 48075648 7
85 213 17592836 5
2 214 98630771 6
51 215 70973813 10
150 216 86448964 4
5 217 77868659 9
12 218 5246428 7
101 219 93549539 3
186 220 6230249 6
125 221 5218393 2
114 222 68269369 3
187 223 63786711 3
133 224 72901920 4
18 225 76805823 1
55 226 19378286 7
69 227 8779951 4
21 228 54156431 5
131 229 1137248 8
103 230 89322476 1
202 231 97019291 9
2 232 94719682 4
71 233 36235785 10
225 234 38818615 3
188 235 27342449 2
193 236 66239453 8
205 237 65794891 7
23 238 38977755 2
148 239 52317682 2
225 240 1137175 9
192 241 72773367 3
217 242 7730669 7
221 243 11793723 10
230 244 1654057 10
162 245 89546854 10
22 246 95680800 9
116 247 26844297 10
109 248 70598209 10
138 249 52660735 10
100 250 75786407 2
145 251 10064671 3
9 252 57171873 7
119 253 88208687 4
216 254 48107007 5
211 255 19910210 2
126 256 57412926 3
215 257 85630720 5
135 258 58755282 9
66 259 32470047 7
70 260 56220828 7
257 261 73543705 6
250 262 16158773 8
92 263 58643623 7
111 264 12128532 9
97 265 71918087 7
247 266 3829531 4
164 267 27932338 1
242 268 23748783 6
30 269 62236810 2
72 270 12636284 3
39 271 10012286 6
11 272 69302830 3
137 273 37494038 4
91 274 91895919 6
253 275 40931603 6
118 276 52934738 2
149 277 90048175 2
91 278 10416537 3
115 279 11398663 7
149 280 15853286 1
197 281 21044217 10
152 282 27041390 3
181 283 66746092 10
145 284 57184053 5
280 285 70764713 7
250 286 97182462 9
141 287 64721274 8
247 288 35750590 4
258 289 84076247 3
128 290 50921270 7
89 291 34618392 9
182 292 3110600 5
134 293 5977968 6
218 294 25844549 5
115 295 71006952 6
182 296 14266728 2
40 297 96257704 1
171 298 12385882 6
201 299 1224168 10
240 300 17417312 10
280 301 11027905 3
54 302 57753619 4
107 303 40449701 5
228 304 88963895 6
138 305 67569766 7
105 306 91806433 4
33 307 19635380 5
298 308 64101534 6
106 309 42455616 7
4 310 13117699 5
202 311 42352750 6
189 312 77764681 6
108 313 71326487 5
89 314 20627379 9
243 315 63733564 7
270 316 2034888 2
281 317 82740146 8
74 318 68172936 7
292 319 65615714 4
85 320 61440055 9
290 321 29343906 5
187 322 16621873 8
263 323 33496356 9
213 324 66125538 1
150 325 58949507 10
147 326 54309422 4
98 327 39762185 10
233 328 27753140 4
138 329 95089613 6
289 330 65066289 7
263 331 87248468 9
72 332 94341922 9
73 333 68088479 8
258 334 86871551 3
11 335 13373924 7
314 336 10812863 10
33 337 6421303 10
292 338 84086206 6
268 339 43239166 5
323 340 35649085 10
225 341 56621178 6
277 342 1563134 2
284 343 41531831 1
319 344 27099713 8
310 345 98092761 4
129 346 39503915 8
84 347 20468649 6
73 348 92333107 6
173 349 64617956 5
215 350 52122990 6
64 351 97437441 7
345 352 7475837 9
77 353 19346092 8
333 354 65362278 5
309 355 50211613 7
304 356 9593083 5
333 357 96725643 9
247 358 16846499 6
94 359 56114211 9
171 360 86283961 4
37 361 31636860 7
311 362 10024246 3
70 363 10412863 3
76 364 95599962 8
67 365 89524568 7
201 366 63722358 3
22 367 43698543 1
198 368 42893315 7
45 369 95700298 2
112 370 48512015 8
166 371 74790352 9
271 372 61498553 10
22 373 42809961 1
334 374 39582561 5
120 375 50835288 2
348 376 67605408 2
372 377 5787308 5
163 378 20025147 7
23 379 61636201 5
378 380 57875044 5
251 381 88362445 10
170 382 52036889 1
147 383 49008716 5
183 384 87360317 9
294 385 56446289 1
308 386 29689040 5
360 387 9667217 5
262 388 75707820 1
151 389 88433942 2
312 390 12334684 8
141 391 39004852 7
345 392 92172214 6
155 393 31531394 5
181 394 1927453 1
182 395 85463331 3
278 396 54762721 5
362 397 51470461 1
289 398 6729733 3
29 399 49424719 7
347 362 312 56 143 104 305 335 65 269 331 73 371 387 239 190 260 235 144 177 281 326 383 204 387 259 56 284 38 255 229 215 331 88 110 192 221 367 245 241 286 117 305 42 3 71 144 349 335
9 84
352 337
1 2 45217183 9
1 3 68578745 8
1 4 67225753 7
1 5 96648016 6
3 6 99227099 5
2 7 92029676 5
6 8 10101667 3
4 9 75799533 6
2 10 83717573 2
5 11 20568996 5
7 12 27036058 6
3 13 1581370 10
8 14 59821829 3
11 15 36445820 3
8 16 78672576 5
9 17 61243473 5
5 18 67623105 2
15 19 70755292 7
15 20 10571121 10
3 21 5304118 9
20 22 115092 5
13 23 31835418 9
10 24 65252109 2
18 25 84898191 3
12 26 85412142 7
17 27 54900111 4
8 28 94375380 8
11 29 92403730 9
14 30 61864935 10
3 31 74046511 10
21 32 68200575 10
4 33 56590249 10
29 34 1899617 9
1 35 97264594 6
27 36 67138251 6
5 37 90929089 8
30 38 8564908 5
6 39 55787586 1
16 40 37845734 5
3 41 15742059 8
34 42 38370390 8
25 43 30643699 10
33 44 25507059 7
42 45 46863867 2
34 46 78412483 3
26 47 17603050 10
22 48 10870727 4
37 49 68114671 5
28 50 66918244 2
19 51 47240088 3
21 52 35763855 9
31 53 97525838 5
30 54 4616532 9
30 55 12552882 2
8 56 83251968 7
26 57 53932039 3
37 58 18609251 3
42 59 6830231 7
45 60 70657721 2
56 61 77497071 8
52 62 60992134 2
55 63 81348551 10
1 64 90881851 9
10 65 64838025 7
42 66 74137605 1
26 67 74957340 8
36 68 23454510 2
18 69 56126239 9
61 70 20696336 5
37 71 95774415 6
35 72 66313297 5
14 73 36099972 7
56 74 89606627 4
1 75 16196282 7
34 76 60668751 8
30 77 86822279 5
24 78 52371995 4
55 79 51598092 5
61 80 85602352 4
13 81 8315817 10
75 82 10447767 10
73 83 78434857 5
78 84 51639290 5
2 85 16076684 3
49 86 6705399 1
18 87 90488991 7
55 88 41818730 4
49 89 24728183 8
13 90 65436394 9
23 91 42013284 2
67 92 30379279 1
41 93 87513382 3
19 94 55456012 4
15 95 14237344 9
89 96 95936437 3
55 97 67134927 7
67 98 92088495 2
11 99 13809654 6
44 100 26310795 2
54 101 59399046 7
53 102 75740694 3
98 103 46380975 4
3 104 80584489 6
72 105 19813075 8
83 106 4220155 6
59 107 73452337 10
12 108 350630 6
79 109 21314238 5
73 110 24673137 1
85 111 66440086 5
64 112 27078434 3
58 113 2025744 3
8 114 53519901 8
47 115 94377160 8
6 116 49402742 2
20 117 86033287 9
8 118 48963047 6
86 119 95558934 9
113 120 63396269 7
66 121 80022005 8
53 122 30567797 3
91 123 72815110 3
53 124 40698002 3
49 125 89934495 8
51 126 5699939 8
118 127 89019758 4
24 128 76560491 10
121 129 27627426 7
75 130 4821545 5
66 131 52497608 5
38 132 77251625 4
10 133 66536770 8
45 134 65049343 10
10 135 31366853 1
92 136 50862712 2
101 137 25184691 3
3 138 34102394 3
5 139 58634696 3
114 140 40220584 1
81 141 83041513 1
59 142 58115945 8
26 143 3093978 9
31 144 94251552 1
72 145 96452461 5
61 146 50210393 5
134 147 55469873 4
99 148 14976548 10
136 149 54900991 5
11 150 65348540 5
101 151 43876217 9
80 152 15420789 6
66 153 86817369 1
16 154 24951929 10
83 155 79383459 10
128 156 81537996 8
109 157 22401533 1
80 158 61018869 2
74 159 95030604 4
139 160 95597425 4
123 161 3021402 10
82 162 36738640 2
48 163 68696444 7
138 164 80800023 4
14 165 10141591 10
146 166 81899312 1
136 167 50588075 6
116 168 13601653 4
25 169 89164191 3
168 170 66602662 5
128 171 35170277 9
75 172 2557316 4
167 173 95742219 5
125 174 53266905 7
66 175 82324177 6
9 176 9489463 2
38 177 9831375 5
111 178 95643488 8
125 179 68635423 4
64 180 39688923 2
139 181 62990332 7
159 182 43361988 9
39 183 29093891 9
26 184 64693377 9
55 185 90803468 9
31 186 50695217 4
13 187 36934035 10
19 188 3796771 7
179 189 34141405 8
105 190 90097496 4
150 191 66327388 1
49 192 87721958 6
73 193 91541119 1
130 194 72364532 5
128 195 53891605 9
173 196 6710642 1
59 197 14790605 9
41 198 19309142 1
163 199 36675858 5
190 200 98516730 2
34 201 31424721 3
178 202 54953558 9
95 203 44477727 4
182 204 88247608 1
125 205 97028564 7
196 206 20479303 5
138 207 52116421 3
193 208 82260038 7
200 209 79333437 4
153 210 88333462 4
102 211 13345775 5
16 212 85316146 10
152 213 68854067 9
82 214 46144184 7
95 215 75401879 4
160 216 64846739 10
191 217 22172788 10
171 218 48686444 9
192 219 50682035 2
98 220 98632658 4
167 221 11727691 10
206 222 68150680 1
205 223 99385579 2
204 224 61477914 9
22 225 91987199 10
149 226 38726559 2
106 227 29135720 6
124 228 43019225 2
59 229 94775754 6
134 230 73973625 10
201 231 92279582 5
221 232 99006492 4
209 233 55674540 3
132 234 80406003 2
47 235 56830202 2
223 236 97417223 3
226 237 58019411 10
153 238 53877348 3
30 239 80885568 3
229 240 63230896 7
102 241 52472945 5
59 242 84430857 5
8 243 29340563 10
180 244 47224462 10
17 245 21216666 9
228 246 26000838 5
216 247 8437435 6
70 248 44054508 5
111 249 17282963 2
83 250 64406477 6
208 251 41171557 6
222 252 27269288 6
54 253 85823372 7
151 254 36920739 6
184 255 83776762 10
218 256 24027633 10
248 257 39635222 1
116 258 53956233 6
131 259 58625180 1
234 260 2339372 9
184 261 45839293 9
133 262 57619714 3
1 263 64987468 4
20 264 96694610 1
209 265 31994896 3
100 266 33905608 6
234 267 97265876 9
223 268 74572959 5
28 269 94366381 1
209 270 30483117 5
66 271 56965415 4
133 272 54985709 9
126 273 76155010 1
167 274 2792892 6
177 275 74485853 2
167 276 409867 7
45 277 17802704 10
158 278 44969567 10
34 279 86699331 9
100 280 19789266 4
75 281 84998221 10
261 282 32584871 6
110 283 11729540 4
82 284 97190046 7
163 285 12180040 4
281 286 95508658 9
166 287 8480432 7
122 288 40587496 10
209 289 73902623 4
54 290 89578816 4
277 291 68135823 4
77 292 88429001 2
143 293 41837009 5
164 294 17617204 8
292 295 72662910 2
219 296 51007360 4
167 297 70659432 1
260 298 56260807 3
120 299 20742585 5
297 300 44206850 5
186 301 4718219 4
130 302 22269512 1
9 303 50143361 8
253 304 49223772 9
177 305 17049068 10
18 306 80499199 7
90 307 99975787 5
197 308 34608651 7
164 309 7970404 6
279 310 80704462 7
118 311 11077397 7
97 312 83288015 1
199 313 33832986 2
90 314 74072201 7
180 315 75793792 5
113 316 88992433 8
138 317 65467011 2
57 318 25263145 4
83 319 27958423 2
306 320 75913116 5
218 321 87192244 2
289 322 27523675 1
235 323 5771613 1
250 324 2909029 6
132 325 12936322 8
107 326 48939492 2
5 327 86979691 5
272 328 63621036 7
64 329 5856349 5
122 330 91186412 4
162 331 15256673 7
282 332 97250339 4
146 333 2707962 2
160 334 44264441 8
123 335 72684493 7
293 336 33760849 9
213 337 43974560 6
168 338 41096255 3
80 339 11598815 3
290 340 54684508 4
177 341 53933613 1
51 342 60349947 7
162 343 18739864 7
342 344 66133698 3
270 345 59394511 6
146 346 56660332 8
260 347 33305251 8
197 348 22935911 2
251 349 79125443 9
296 350 24282993 2
165 351 56567957 5
127 352 26541044 1
193 262 88 44 218 301 60 58 9 235 29 63 267 172 104 325 151 34 299 2 312 227 220 9 252 179 304 98 282 14 298 41 238 259 86 330 201 250 215 46 59 102 75 104 216 46 119 352 79 136 255 156 17 90 212 298 206 185 86 192 145 322 287 124 259 228 143 300 129 242 216 169 32 222 197 83 35 280 26 42 220 172 50 284 208 230 4 139 327 297 160 129 8 321 228 251 174 242 17 82 36 336 259 309 263 117 69 90 111 306 313 269 57 261 22 151 123 330 53 52 344 293 317 351 198 36 345 299 184 161 326 26 221 300 130 121 284 312 6 283 241 175 191 33 199 134 141 81 129 215 278 324 9 267 158 232 49 176 208 344 80 289 149 39 212 319 163 27 270 264 250 339 258 81 44 127 291 98 8 335 310 109 114 151 350 63 99 163 259 145 27 280 240 341 2 52 148 212 127 186 84 346 285 142 319 66 307 215 80 330 126 208 75 13 48 23 96 252 219 285 95 323 312 189 332 149 349 144 153 95 183 343 275 62 75 171 76 249 105 245 33 204 94 76 292 121 102 23 69 223 312 272 209 350 210 117 124 100 86 159 133 23 14 153 209 14 264 45 57 284 259 207 121 257 185 333 329 199 240 199 21 338 212 267 329 220 189 310 96 202 343 176 303 243 298 141 71 62 142 332 92 265 166 162 158 166 273 200 53 325 97 103 294 264 272 72 285 197 174 172 110 218 252 14 50 27 256 237 283 142 152 341 335 27 53 130 308
171 218
297 368
1 2 15667678 8
1 3 50141751 8
2 4 13110825 4
3 5 75268549 4
5 6 63016945 6
1 7 66746264 10
6 8 28507925 10
3 9 73071741 8
9 10 96288558 5
6 11 53944522 4
10 12 59650501 2
9 13 90818506 1
6 14 92829737 8
12 15 46807059 7
7 16 37433815 5
2 17 15807696 8
9 18 39897848 2
2 19 71664434 4
11 20 59754283 9
18 21 51886206 9
5 22 90569381 4
15 23 66393920 4
18 24 40551150 1
16 25 97876724 6
19 26 89945631 2
22 27 87161450 7
25 28 72264585 7
27 29 5014369 3
12 30 92809010 1
18 31 33356747 9
21 32 6747052 8
21 33 21047114 8
27 34 35564723 2
3 35 53979097 8
11 36 18969970 3
8 37 58962699 8
20 38 95643382 10
3 39 83793990 6
7 40 59503426 10
39 41 85532236 7
28 42 98215865 6
33 43 37453582 9
27 44 88953504 10
5 45 64833700 1
20 46 46529070 9
32 47 98396647 1
11 48 94903975 9
24 49 91291773 10
39 50 87671893 7
4 51 67550340 5
1 52 89578364 1
43 53 96434971 3
39 54 13688738 6
29 55 51276218 9
19 56 60701475 2
40 57 97435847 5
17 58 27672933 10
14 59 61952507 6
24 60 24461784 6
48 61 67868836 10
41 62 48769630 9
18 63 53049972 2
1 64 99279102 5
6 65 95029114 10
57 66 14402692 5
50 67 31319546 6
61 68 28315383 4
61 69 51022379 7
30 70 26237313 3
46 71 50270506 8
19 72 14152346 10
37 73 86370709 10
58 74 85901380 9
38 75 55049097 8
7 76 41391280 6
39 77 3863096 4
37 78 98516233 3
73 79 70651070 8
15 80 45080970 8
25 81 68554517 2
34 82 32942033 5
41 83 93655392 2
22 84 73825211 9
30 85 28626742 9
12 86 56742203 9
68 87 20253547 9
36 88 13829276 4
57 89 65222122 8
57 90 84381590 6
61 91 54180183 3
34 92 87574880 10
7 93 21814122 8
29 94 66431465 10
36 95 60398915 7
36 96 54571103 1
32 97 4046668 5
27 98 56701721 1
39 99 50505703 3
34 100 21629876 2
17 101 97753792 9
39 102 8941030 2
101 103 71941947 1
26 104 45689490 1
100 105 73697033 6
74 106 84849491 9
43 107 41628183 8
71 108 64087149 2
94 109 70138516 3
70 110 83753608 4
103 111 39428247 6
45 112 35212678 1
100 113 89752108 9
51 114 10722415 2
63 115 20734491 5
74 116 74731961 1
85 117 11929188 9
82 118 67555399 5
36 119 79506412 4
16 120 74987497 7
103 121 84537268 4
99 122 7525666 2
45 123 92307349 1
64 124 29345751 5
80 125 19046663 10
121 126 18192911 3
69 127 75978803 9
101 128 89291205 8
118 129 61070383 7
20 130 83294517 9
53 131 33999125 2
119 132 37149912 4
101 133 90660884 8
116 134 87231785 6
80 135 14410200 5
7 136 4343848 2
4 137 3990554 8
76 138 5381991 10
99 139 74662790 10
29 140 82753512 4
137 141 98021485 10
26 142 86199874 8
15 143 18631959 3
131 144 74598719 7
52 145 41568299 7
50 146 64143575 3
21 147 22777521 6
24 148 46200770 9
111 149 87016597 8
97 150 40495050 8
126 151 83712508 10
107 152 36264361 5
124 153 26158368 7
79 154 41987815 2
131 155 36909454 2
144 156 78944743 6
126 157 49898168 9
51 158 13441859 7
114 159 82708671 4
66 160 35852620 4
48 161 71332164 10
36 162 72891578 9
86 163 44985404 2
154 164 25764550 1
100 165 88408231 10
120 166 23564306 2
23 167 45321956 5
69 168 21608003 3
85 169 74304082 2
159 170 26487658 8
138 171 91576789 10
28 172 66970484 2
2 173 47341795 1
164 174 13086296 5
170 175 73181679 8
172 176 15765553 8
10 177 47745624 3
139 178 32198781 1
50 179 43074473 7
66 180 73787737 6
149 181 91083203 3
175 182 26166927 3
123 183 58776983 6
170 184 58179349 5
74 185 90437796 3
164 186 89704756 5
32 187 20855051 1
2 188 79337053 2
117 189 76695629 10
166 190 18916409 8
61 191 50923324 5
131 192 51257066 4
73 193 48598943 9
64 194 60877872 4
131 195 98189221 5
95 196 2397870 1
175 197 63957840 6
171 198 3698737 8
89 199 36349164 3
151 200 34325238 1
172 201 22402693 2
5 202 95283088 9
138 203 46320081 3
147 204 63080073 2
192 205 19393929 7
54 206 14157513 3
49 207 24319330 6
196 208 89325101 4
164 209 69798129 10
42 210 6734826 8
165 211 8685213 1
211 212 69828351 8
48 213 16556839 4
43 214 31326202 2
12 215 43796433 3
167 216 87262669 2
185 217 63252230 2
188 218 99245444 9
149 219 51781534 2
20 220 86835858 8
177 221 51173502 3
50 222 33455730 8
95 223 98893239 9
98 224 22305475 3
16 225 18535010 7
168 226 72793618 8
69 227 14377321 3
191 228 72619565 7
122 229 96525073 8
72 230 95704174 8
33 231 38189391 1
3 232 48880861 4
167 233 20419362 7
53 234 95483520 6
117 235 22065759 4
174 236 31056228 10
216 237 14554042 1
47 238 85738376 5
192 239 48809343 7
148 240 42542583 9
81 241 61053965 2
55 242 58336427 6
107 243 58681758 6
61 244 83808411 9
152 245 52125065 4
55 246 33055384 6
132 247 42502614 2
121 248 27841181 1
78 249 68962458 6
141 250 23568224 10
132 251 18654739 4
56 252 52513657 3
182 253 54582357 5
165 254 97802071 8
35 255 18894672 10
55 256 6626199 2
166 257 10388638 8
36 258 96427089 1
218 259 97414637 6
97 260 34897503 4
4 261 38645998 1
14 262 17896289 1
198 263 55650445 5
151 264 21830719 7
75 265 46246175 10
77 266 79604695 1
3 267 96003941 7
136 268 79657341 4
264 269 49843413 1
137 270 83474821 8
166 271 79766581 3
195 272 59509485 1
146 273 34365334 1
98 274 32284983 8
52 275 41699010 5
66 276 33834974 9
126 277 9754590 8
44 278 58680141 7
136 279 75128946 2
143 280 30906380 5
32 281 39587664 8
143 282 47048054 2
23 283 19467139 2
263 284 46568502 7
226 285 48195804 10
37 286 82509974 1
42 287 49108238 8
94 288 42380492 7
170 289 44373630 9
26 290 86349376 6
157 291 24167986 4
228 292 40516111 1
81 293 39306775 6
65 294 26612788 7
242 295 98981218 6
165 296 57071644 5
197 297 38885992 10
72 255 163 121 281 259 110 51 106 282 248 227 8 145 127 29 139 156 57 269 166 130 62 111 174 290 151 111 62 103 177 174 123 106 54 176 131 219 268 209 57 168 207 75 229 227 285 234 176 121 281 259 79 23 237 9 221 188 237 224 35 293 20 12 226 140 139 72 272 55 147 83 205 71 247 174 221 165 229 249 17 126 37 123 159 60 163 275 178 177 56 284 98 68 67 65 209 173 54 75 167 233 38 109 277 162 99 27 218 273 59 165 199 273 283 186 152 151 202 125 41 90 160 44 17 157 180 124 101 168 117 75 50 46 182 39 134 31 160 227 145 68 62 103 143 275 158 275 106 10 91 205 188 297 232 143 3 232 170 279 221 274 129 42 164 54 262 117 247 16 246 291 35 234 235 202 56 34 207 282 28 39 245 210 94 121 160 252 175 196 33 154 67 155 262 258 259 239 287 179 286 155 10 63 272 173 108 120 88 261 238 201 1 187 195 124 173 137 104 291 46 82 48 172 32 224 291 188 148 231 196 134 75 292 195 65 22 5 20 206 114 290 13 147 177 237 121 11 41 128 37 75 74 33 137 19 249 76 219 166 258 190 70 184 182 53 43 79 263 114 156 193 67 17 85 158 61 176 269 267 109 285 251 113 238 61 163 160 270 256 294 192 76 57 63 245 185 232 29 293 147 101 263 229 122 70 45 248 84 209 277 250 281 29 71 251 74 22 206 264 14 210 40 223 93 21 180 36 293 244 40 22 233 62 282 58 140 90 20 88 163 255 98 291 189 87 206 25 101 261 159 126 50 103 39 277 18 186 77 196 204 167 159 71 210 212 283 172
35 3
81 80
1 2 38467233 8
2 3 1033721 10
1 4 19607460 4
4 5 86794088 5
5 6 62663320 9
3 7 65004899 8
4 8 80560939 7
4 9 50888655 6
9 10 76625109 9
9 11 3522818 8
5 12 67582032 2
11 13 24712061 4
8 14 46498054 3
9 15 16258924 2
11 16 29705863 7
14 17 66676241 8
8 18 18401946 9
15 19 75010132 4
10 20 84363496 4
7 21 80771299 6
9 22 68120328 4
6 23 80074952 8
9 24 28299215 4
10 25 59060260 3
19 26 53478502 3
25 27 64326875 3
2 28 20704322 3
17 29 61058366 5
15 30 55656895 2
6 31 667221 10
15 32 39026929 10
2 33 30255848 7
32 34 52936448 8
6 35 19236345 2
18 36 75827343 2
11 37 64930134 1
3 38 74520450 6
22 39 54801504 4
31 40 78013922 1
22 41 56803067 9
37 42 88218900 8
18 43 85792477 10
20 44 62871161 5
14 45 70551109 8
39 46 33204774 9
33 47 47122790 2
16 48 39619722 3
24 49 45979029 10
5 50 6763012 9
31 51 46227623 6
18 52 62975874 2
12 53 49782237 6
31 54 73104336 10
33 55 54707737 4
51 56 11576500 6
8 57 83863807 8
24 58 32889789 9
27 59 7118789 10
59 60 30906002 8
31 61 37260993 10
40 62 90589430 3
38 63 25088754 6
43 64 82370829 4
8 65 94290747 4
25 66 14789427 3
8 67 83632404 4
29 68 12100668 9
44 69 75796949 8
6 70 83233427 10
17 71 41041964 9
49 72 66362786 1
37 73 4826917 6
63 74 69010355 2
46 75 99935579 2
35 76 21875097 5
59 77 65845604 7
5 78 42240883 7
1 79 55981117 3
26 80 32452152 9
31 81 46119021 1
73 35 56 65 37 73 37 20 25 79 20 15 5 40 7 23 46 53 52 10 37 59 15 63 15 22 8 16 53 14 74 54 77 46 16 24 30 68 41 53 34 43 75 47 64 14 61 67 18 75 61 27 2 38 9 77 25 22 26 52 35 26 56 7 78 29 64 68 75 2 25 29 63 8 22 57 20 19 80 70
6 35
23 154
1 2 6973148 1
1 3 98242114 8
1 4 17652016 1
3 5 38680023 1
2 6 90183243 6
4 7 76382049 3
2 8 21648733 7
3 9 81651021 3
9 10 37159437 10
4 11 17847590 1
3 12 87834238 7
7 13 53444876 3
11 14 34202350 8
6 15 87865351 7
13 16 48559554 8
13 17 22607524 7
16 18 51067476 9
7 19 31602902 10
11 20 954841 10
2 21 64618583 3
7 22 60109955 5
13 23 24992625 5
20 2 21 3 8 14 3 13 5 18 8 19 16 6 11 13 14 10 6 14 6 10 16 11 15 20 21 1 5 11 4 21 17 7 5 3 16 4 17 13 19 2 21 7 17 2 18 4 11 1 17 12 5 14 4 14 15 9 1 3 23 16 7 18 6 22 7 8 7 1 4 12 1 5 14 3 9 19 21 11 12 3 13 23 7 3 20 18 4 10 16 1 23 3 11 1 11 4 13 4 12 5 17 12 5 4 1 4 21 4 5 11 9 19 18 2 10 13 3 9 14 6 7 6 9 15 19 15 12 13 10 1 16 13 17 5 3 18 9 3 16 15 5 11 22 12 19 21 20 10 22 17 6 15
3 9
247 286
1 2 69340700 1
1 3 15836481 5
2 4 81625439 3
2 5 94710314 9
3 6 41879030 3
5 7 12428992 10
6 8 55995072 4
6 9 61641046 7
5 10 11261709 6
10 11 78906133 3
11 12 21525030 9
11 13 98293311 7
1 14 13018148 3
10 15 19048383 9
11 16 73556990 9
1 17 77173341 8
14 18 15232609 6
8 19 3505198 9
17 20 48422055 2
20 21 61241304 6
7 22 38507159 1
8 23 73014956 3
5 24 1351173 9
23 25 91427787 1
4 26 91315362 7
12 27 69439925 6
4 28 57651427 8
15 29 70092813 10
3 30 95666476 4
14 31 65541578 3
8 32 2268561 3
22 33 98538983 6
2 34 8864336 7
8 35 16195588 7
13 36 61581540 8
6 37 95287751 6
16 38 97547453 1
24 39 10955978 9
13 40 31360476 10
25 41 37929227 4
35 42 94604092 10
35 43 15736440 6
16 44 96525297 2
32 45 98487277 8
15 46 89821449 4
24 47 95658292 7
21 48 51305956 7
4 49 39902598 9
24 50 74459134 6
29 51 19220404 8
10 52 43491649 9
7 53 4582194 4
19 54 63714564 10
15 55 5700274 3
19 56 98068839 9
24 57 47489001 3
42 58 60507234 3
53 59 84554972 7
20 60 49750980 4
59 61 74697264 9
51 62 74471536 1
13 63 65414678 9
35 64 28500002 4
46 65 66986048 5
43 66 383098 9
54 67 59115372 1
56 68 62155931 4
39 69 62296341 2
58 70 3354740 2
40 71 95305016 2
71 72 5423866 8
72 73 32908844 4
31 74 89394997 1
45 75 12634922 6
34 76 92643600 7
14 77 92712290 5
19 78 65643293 8
13 79 10146020 1
73 80 878053 2
40 81 87302807 10
20 82 54195275 1
46 83 75402127 4
54 84 72962791 5
9 85 17685444 3
63 86 92441032 4
73 87 71629465 6
29 88 63207160 9
13 89 7106732 9
16 90 95614719 1
21 91 83375805 1
7 92 3964382 2
59 93 95636714 5
5 94 57382422 9
9 95 16191856 7
55 96 20634875 1
36 97 14609412 9
45 98 75165844 1
33 99 98873978 4
73 100 3508404 4
38 101 75580268 4
73 102 57918461 6
13 103 90254218 1
41 104 94547670 8
89 105 32714356 1
100 106 22774978 1
33 107 95402839 9
41 108 5635746 5
67 109 91078810 4
39 110 4879846 9
94 111 47315333 5
44 112 25080777 1
8 113 48235969 7
44 114 11663897 8
59 115 42961099 5
74 116 84210986 3
88 117 21169017 2
57 118 67646904 6
57 119 49551451 7
97 120 99102639 2
80 121 17498589 4
51 122 554920 9
25 123 50849670 2
109 124 10945716 4
58 125 44653885 10
9 126 52244880 10
75 127 54352743 8
55 128 97138115 2
46 129 78677897 4
16 130 63433697 9
4 131 35199428 3
47 132 18077207 8
95 133 24390032 3
115 134 87999130 5
61 135 58996909 7
80 136 14695639 6
7 137 72262216 10
120 138 33399258 1
131 139 96855797 6
6 140 18885250 5
100 141 88038086 4
30 142 8463818 4
6 143 23066240 7
79 144 62034962 7
103 145 1054324 6
15 146 96381506 5
52 147 42998348 4
126 148 21944779 6
146 149 82530610 4
34 150 68326222 9
123 151 53513502 8
112 152 71728523 8
42 153 21584855 3
27 154 85286191 3
126 155 16306494 6
73 156 46431566 8
11 157 50148474 9
134 158 64707556 3
157 159 87130734 1
48 160 87778891 4
74 161 71508552 3
26 162 25128100 4
102 163 74799130 1
34 164 57118370 7
122 165 84344247 2
7 166 89483476 5
13 167 18771331 9
18 168 36736284 5
17 169 31984779 4
36 170 59401625 10
46 171 78631202 6
147 172 98453224 6
143 173 46235983 3
64 174 94102957 1
4 175 47620777 8
143 176 17001277 9
19 177 54946334 5
83 178 70104702 6
110 179 25027753 10
40 180 53898538 6
122 181 9381487 6
127 182 89914276 9
136 183 18260321 2
27 184 91636538 3
110 185 32655468 4
60 186 61141055 4
60 187 50035253 6
46 188 39219126 2
105 189 64322144 7
62 190 49305209 6
178 191 57786041 10
130 192 52114876 9
152 193 54052820 9
130 194 70698798 3
100 195 89494390 3
127 196 19667740 5
86 197 5812617 10
35 198 58414677 10
104 199 16443048 9
179 200 50583416 1
91 201 24633708 8
142 202 64952509 10
113 203 53384567 3
59 204 66455264 5
111 205 55375932 4
60 206 85082551 9
12 207 21058324 2
171 208 73221799 8
24 209 24287085 1
36 210 5696485 6
177 211 81052695 5
136 212 89684459 5
118 213 90204617 9
171 214 29816278 5
184 215 79181297 3
115 216 72840601 10
63 217 98895466 10
159 218 47159151 7
198 219 4885582 8
87 220 30607368 10
14 221 53474637 8
188 222 2130533 1
208 223 95838945 10
5 224 67798047 9
82 225 74939950 8
132 226 24994017 4
76 227 19996752 3
182 228 38734775 9
27 229 41509698 4
110 230 19108257 8
46 231 66181937 2
81 232 36031432 8
29 233 9830783 5
57 234 80986966 6
94 235 48392065 2
55 236 38090695 3
214 237 37552336 9
109 238 79902193 5
74 239 22260048 4
13 240 23920479 4
118 241 8558092 2
202 242 53368609 1
173 243 93708895 7
182 244 65552023 7
187 245 5285107 8
6 246 60939279 1
2 247 33484433 1
10 166 218 118 90 70 239 88 65 210 225 141 201 79 89 137 60 77 64 37 213 1 200 119 126 233 187 84 101 184 205 70 56 8 44 112 161 163 194 67 246 158 132 3 142 22 18 108 105 37 177 237 154 70 177 114 88 161 218 72 5 18 153 42 217 2 24 215 59 201 165 157 79 63 104 52 207 227 137 25 244 118 226 201 152 241 32 29 230 54 82 78 223 191 69 134 18 240 154 30 156 135 131 49 136 168 138 1 230 214 154 73 130 52 37 56 70 199 154 194 96 79 53 199 67 244 214 170 87 72 211 53 183 229 53 178 159 240 37 84 35 77 183 23 25 185 90 8 202 201 53 22 19 82 168 187 72 212 117 229 184 160 172 215 202 203 122 151 63 91 139 126 214 40 16 64 50 43 192 120 12 82 185 114 92 96 232 134 136 144 222 123 75 134 80 77 83 140 101 165 220 9 234 133 246 161 241 93 227 91 56 129 111 75 234 153 115 80 226 102 85 246 23 155 4 155 65 139 1 182 72 179 221 62 184 150 103 102 16 151 50 38 239 51 53 159 184 11 197 210 140 224 158 23 231 139 54 1 162 49 80 58 197 25 161 53 202 86 234 132 191 137 4 24 163 14 130 93 25 173 126 166 77 30 90 140
1 14
397 74
1 2 58130366 5
1 3 92919367 1
2 4 149923 1
1 5 19789260 9
5 6 39836374 5
5 7 99909677 8
2 8 44360390 10
6 9 23592634 4
6 10 87365773 2
6 11 80769306 8
5 12 15240242 1
10 13 97166984 6
7 14 83650596 3
8 15 58681233 7
14 16 53683191 3
5 17 14883018 8
7 18 11947419 8
1 19 56215573 5
3 20 1323632 4
1 21 82280534 10
1 22 30054514 5
15 23 68564408 10
21 24 27607309 7
11 25 51137803 1
13 26 31960557 2
17 27 22207970 5
20 28 59764614 2
28 29 16491245 4
22 30 16773929 10
1 31 68714424 6
27 32 76021330 10
24 33 82016770 1
18 34 68560450 6
4 35 34575106 10
35 36 24295168 8
17 37 73377178 7
35 38 72714887 8
26 39 73758369 7
22 40 72297437 3
21 41 38966162 6
14 42 56884298 1
33 43 98250215 5
32 44 65594969 4
44 45 72024635 3
44 46 48816535 7
23 47 40035341 6
43 48 4165123 9
10 49 46627008 7
35 50 90987270 10
21 51 6982974 9
2 52 96104358 2
33 53 50849519 3
27 54 52126802 3
25 55 34016212 8
51 56 54777844 3
30 57 74280790 5
30 58 81771073 9
49 59 40347145 9
53 60 36957534 3
24 61 46783095 4
1 62 93770280 5
10 63 76430479 3
53 64 73162995 7
4 65 6972019 7
59 66 88560346 1
44 67 65187982 1
45 68 50102436 5
7 69 69685015 2
46 70 36328079 5
43 71 6079992 9
58 72 40274841 4
39 73 8263710 5
73 74 92873927 6
15 75 74752965 5
48 76 62581448 8
72 77 40809233 4
15 78 28176369 8
63 79 46758595 2
11 80 67983287 9
6 81 3548435 1
30 82 98781240 5
58 83 29488360 9
57 84 74086330 9
74 85 48882906 2
41 86 87730135 8
67 87 4452856 9
78 88 54057869 8
17 89 70291026 8
1 90 48813559 1
75 91 42734396 2
65 92 42221464 9
53 93 36501465 4
73 94 44548032 2
60 95 70622208 2
41 96 19048300 7
73 97 79014801 5
86 98 99328072 1
65 99 46075063 5
33 100 467560 5
49 101 96543030 7
23 102 18520847 6
84 103 54958873 3
76 104 68345045 2
30 105 96115375 8
67 106 42186503 3
15 107 22769437 7
82 108 2678228 6
54 109 74634978 6
93 110 69479501 5
35 111 79800311 1
106 112 31902843 2
22 113 85600823 4
29 114 29591754 5
85 115 22391787 5
47 116 58733364 5
43 117 38049478 2
39 118 11296917 6
106 119 74143621 9
28 120 69243359 3
105 121 37587267 6
90 122 83312611 4
102 123 16920377 10
22 124 27877328 7
104 125 45063832 10
12 126 52880633 2
112 127 89043372 9
107 128 43613516 4
56 129 83608560 3
103 130 77459905 9
113 131 43983345 5
95 132 11164067 4
84 133 31933611 3
111 134 20890762 3
20 135 53185378 1
121 136 32461183 8
8 137 97045097 9
93 138 56970435 1
14 139 77770186 3
21 140 13973427 3
22 141 95902030 2
88 142 38824545 2
120 143 55287932 8
142 144 14795341 1
23 145 20737932 4
119 146 74462341 8
133 147 74044578 10
25 148 90764593 9
35 149 17249166 7
20 150 45788284 1
80 151 1874095 9
141 152 68634851 3
46 153 95732858 2
87 154 15193705 5
138 155 43341683 6
77 156 4966605 4
20 157 61488899 9
13 158 65180543 10
28 159 15355251 2
26 160 7351041 8
48 161 88511750 4
1 162 44460404 9
60 163 11102495 7
12 164 80163725 10
118 165 22788305 8
157 166 70204862 5
10 167 99233118 2
6 168 62115657 4
84 169 5777404 2
54 170 67359983 7
53 171 78385396 10
53 172 30760552 9
158 173 63916752 8
164 174 15291658 3
133 175 41080056 6
48 176 70695362 2
109 177 79361557 2
154 178 35930989 5
21 179 48431090 9
47 180 99222337 9
156 181 86675796 5
26 182 75219453 9
96 183 22997176 4
104 184 48714992 8
127 185 88356521 1
164 186 59414807 6
51 187 79595198 7
173 188 46745352 8
73 189 72348565 4
160 190 60634904 4
42 191 54883253 4
134 192 57837324 9
68 193 79610895 6
122 194 2309960 2
149 195 63832282 4
186 196 39974504 10
153 197 16750194 9
10 198 48297718 8
179 199 16890440 5
144 200 13115364 3
16 201 30727710 8
136 202 18219804 1
144 203 20445551 5
110 204 51661389 9
162 205 65599912 3
178 206 24908569 8
199 207 46165034 3
87 208 49763287 5
187 209 64761904 9
104 210 36397787 9
69 211 11316747 4
13 212 28868568 1
183 213 88166928 4
199 214 89052001 8
10 215 45673770 8
177 216 38212544 1
102 217 67602512 3
130 218 56255799 2
80 219 42944954 3
59 220 35082217 1
31 221 72839759 10
215 222 3862355 10
154 223 57424434 2
28 224 91153011 10
182 225 44149154 1
18 226 95875061 7
212 227 62499094 6
134 228 23744923 8
92 229 44026761 2
158 230 74415904 8
100 231 2651149 5
208 232 1171349 1
89 233 37186048 2
119 234 59408071 3
109 235 53941692 2
73 236 76698396 3
105 237 22956043 1
54 238 69858572 8
73 239 4689897 7
101 240 87463383 7
196 241 52149778 9
79 242 34126061 3
142 243 58365756 9
82 244 27615329 1
166 245 39027552 2
109 246 67665846 8
5 247 29440421 4
134 248 92493926 5
37 249 72813039 7
168 250 96825587 4
47 251 10848465 3
57 252 52311324 4
52 253 94608679 3
230 254 21808783 5
196 255 34351541 2
122 256 62085935 9
107 257 7811011 5
231 258 38495983 5
146 259 60303262 10
38 260 83148157 2
93 261 50118730 2
115 262 64955970 9
14 263 37898996 10
113 264 37176672 6
138 265 99722418 9
30 266 57665469 4
196 267 42260202 10
61 268 24669653 10
1 269 67308961 5
135 270 25473731 9
176 271 17595275 10
227 272 90841400 2
128 273 27173189 1
69 274 88034068 5
235 275 2374936 1
122 276 25487353 6
26 277 91113387 3
21 278 53150687 1
181 279 50932034 5
6 280 19527566 3
58 281 11463814 6
105 282 90839324 3
209 283 18400628 9
171 284 14637114 5
119 285 19229917 1
110 286 7325370 1
92 287 25284026 9
11 288 10298578 2
243 289 34190768 10
31 290 99996337 5
112 291 28671058 2
174 292 38758644 9
268 293 14374343 10
165 294 25373070 5
126 295 6506403 4
233 296 10814820 4
234 297 87585278 5
204 298 27518418 4
76 299 89716156 8
161 300 10331269 5
66 301 48261777 8
96 302 75439296 10
67 303 71190127 7
219 304 66648171 3
173 305 21941400 7
35 306 85594574 1
106 307 83821053 1
11 308 84856862 4
193 309 84331202 3
102 310 76637213 9
308 311 29700589 4
227 312 86261973 6
10 313 66243196 8
33 314 15951978 7
197 315 13216762 10
47 316 139299 6
73 317 32425164 3
208 318 4910809 1
3 319 24707293 3
313 320 59877037 7
182 321 11515709 9
180 322 62785518 4
118 323 84546166 4
35 324 66421869 5
252 325 32887073 1
297 326 66230111 7
30 327 35000720 2
228 328 64365252 3
192 329 6434246 8
199 330 43179244 4
286 331 47365203 6
34 332 13449484 7
223 333 3071840 5
275 334 684690 10
106 335 84439356 7
111 336 86417504 9
160 337 5884617 9
181 338 96635541 5
312 339 77024064 8
129 340 7292291 6
82 341 31764529 7
17 342 26593691 9
190 343 13108092 8
221 344 41902961 10
149 345 12946650 10
302 346 26209212 8
238 347 11160578 9
216 348 46042670 6
99 349 84543628 9
204 350 56100166 5
160 351 31577269 6
33 352 63288482 6
21 353 5964139 10
171 354 31623328 4
317 355 66371904 7
77 356 19865022 3
189 357 38729127 5
147 358 36606460 1
15 359 84606723 7
109 360 19442747 2
185 361 70392224 8
78 362 41907521 8
7 363 10998611 1
212 364 19265776 6
31 365 59647886 3
31 366 42129138 8
125 367 4036928 4
152 368 26572516 3
266 369 70383411 1
262 370 58450703 10
182 371 16741003 7
34 372 48789956 4
157 373 24324943 2
287 374 54386366 10
332 375 28744514 2
302 376 45605091 7
277 377 59674121 1
212 378 86522439 1
59 379 51186273 6
371 380 96772474 5
334 381 77134070 8
230 382 57785487 5
276 383 42547366 5
6 384 78826794 10
194 385 44630587 7
235 386 42187293 3
103 387 63797907 9
226 388 97689819 3
301 389 55289311 3
296 390 42209812 9
306 391 23533281 6
49 392 95523086 7
305 393 56962745 8
353 394 8287356 4
189 395 40930563 9
305 396 99109215 3
16 397 14115230 8
387 300 2 130 213 222 169 72 38 277 373 321 247 166 109 86 56 378 330 124 270 363 272 215 375 76 8 382 28 185 254 130 174 71 395 310 394 330 93 306 148 397 254 101 355 75 131 243 140 224 100 165 153 164 68 36 232 28 204 2 115 108 36 135 14 3 59 244 71 323 155 376 348 294
67 44
170 50
1 2 32262083 2
1 3 90961920 1
1 4 86390127 8
1 5 24492367 7
1 6 14890624 3
1 7 2044563 8
7 8 43406619 8
6 9 70294591 4
4 10 73883768 1
9 11 44993089 5
7 12 8804575 1
5 13 50614402 6
7 14 74209906 5
12 15 92289710 6
2 16 41081098 8
8 17 84748229 1
7 18 62921429 3
16 19 54554632 7
7 20 24495906 3
16 21 81993221 5
12 22 47162599 7
6 23 76544033 2
19 24 87935079 6
24 25 55245135 10
18 26 35850051 9
19 27 87847092 7
24 28 68935193 6
12 29 38830948 5
6 30 6397414 5
23 31 97092055 5
10 32 15977201 4
11 33 3945039 5
1 34 55315782 2
29 35 7868671 2
1 36 36831027 9
2 37 79202252 7
22 38 66380858 9
17 39 190392 2
36 40 55922026 2
38 41 14942810 3
39 42 49376352 5
21 43 49052081 7
20 44 3691413 8
28 45 67313806 6
39 46 24572564 9
13 47 81157 8
33 48 11058957 8
13 49 347648 2
23 50 22448646 3
35 51 98547717 4
30 52 56576566 6
22 53 3906424 6
19 54 28613760 3
48 55 25673314 5
39 56 2640943 10
22 57 84989400 7
8 58 98200123 7
46 59 69034822 1
49 60 10800628 2
45 61 1056706 1
42 62 85818675 5
48 63 79005857 2
22 64 75261413 1
29 65 39194197 7
63 66 51209481 7
30 67 22403725 8
59 68 85696626 4
13 69 93818123 2
34 70 4544349 3
64 71 34650240 2
71 72 77145213 10
50 73 41246971 6
54 74 19589311 1
20 75 61791702 7
33 76 67028142 5
30 77 63838134 10
59 78 92091001 8
17 79 14911619 2
72 80 11062612 7
60 81 59749848 4
11 82 98083472 10
37 83 86725619 6
53 84 12152531 8
15 85 70757636 7
11 86 77691039 9
11 87 49181330 6
6 88 76188876 3
15 89 64823441 6
57 90 30202811 3
63 91 98296343 7
69 92 80967908 8
57 93 30510163 2
91 94 88539876 9
61 95 85552078 2
88 96 2744337 4
75 97 7592056 6
39 98 10746562 9
69 99 69501975 4
76 100 68780139 6
43 101 14180046 3
41 102 78023592 5
60 103 48010243 5
12 104 26849505 5
18 105 99869876 5
15 106 83523255 10
17 107 38214901 7
100 108 94597778 7
93 109 97059767 7
63 110 29380837 9
92 111 22228065 10
95 112 39744361 10
9 113 42780518 10
90 114 34323851 6
113 115 5327710 6
98 116 40661931 6
55 117 79599730 10
5 118 10025935 10
40 119 50428520 6
92 120 18280797 3
67 121 32535864 1
60 122 46379356 6
87 123 43340297 7
43 124 93587365 2
32 125 56659950 5
111 126 68268440 10
4 127 15649839 7
54 128 46341004 2
12 129 25085195 4
27 130 41481375 2
116 131 60138400 6
122 132 22128045 9
52 133 69666301 6
120 134 38436025 6
101 135 13460018 2
68 136 99072192 10
5 137 32752755 2
107 138 51748446 4
102 139 82671616 2
114 140 38700089 7
24 141 53639259 7
77 142 53070607 10
42 143 76239191 2
57 144 67367095 4
137 145 96275012 9
123 146 82810649 10
39 147 91883819 3
123 148 37299916 8
105 149 93583140 3
58 150 94458527 2
18 151 92576 9
55 152 81080133 2
52 153 8622746 3
121 154 64697657 10
152 155 74049120 8
23 156 79997242 7
121 157 50150843 6
44 158 60608206 5
38 159 64531948 6
16 160 95639209 2
74 161 97143310 10
24 162 424265 5
51 163 40084640 8
26 164 28378340 8
86 165 39640680 6
109 166 58882996 2
151 167 52464413 2
6 168 84851192 7
77 169 78208146 9
154 170 91242595 1
116 6 11 133 121 89 69 16 99 57 4 96 142 169 40 154 129 127 1 150 125 110 37 50 148 81 153 81 25 131 143 167 113 119 100 36 93 59 139 53 45 156 97 130 145 57 11 35 138 76
24 28
266 314
1 2 19912186 2
2 3 141924 3
1 4 37516327 7
1 5 86952232 10
5 6 17505186 8
2 7 28561986 9
6 8 89222363 7
2 9 3909696 4
3 10 65147047 2
10 11 96325244 1
4 12 20472367 5
5 13 18960845 7
11 14 1399581 4
3 15 72006239 9
13 16 99238861 6
16 17 93956731 5
4 18 42905222 5
6 19 92183867 3
5 20 17687451 7
13 21 97284991 5
13 22 2303804 3
15 23 76504574 7
15 24 43464224 7
22 25 52097821 6
16 26 48039994 7
6 27 89278483 1
6 28 21630399 2
25 29 94970044 6
13 30 34439269 7
18 31 16289079 5
10 32 82448529 6
24 33 32412999 5
19 34 62813597 9
5 35 28950324 9
32 36 86503339 4
3 37 67558850 1
37 38 57995683 5
2 39 22131607 6
13 40 5897456 1
32 41 39856352 5
27 42 50394219 10
27 43 86952161 8
27 44 72920213 1
24 45 16868972 9
39 46 54627796 3
27 47 20895017 6
6 48 22819950 7
8 49 71477292 6
4 50 42353626 1
19 51 76280777 3
39 52 79172550 7
6 53 54091581 2
47 54 12731189 2
20 55 90084561 10
46 56 12885424 2
6 57 3641136 4
19 58 61185654 2
9 59 8087810 9
16 60 89153220 5
51 61 31913420 2
7 62 93257539 5
51 63 43219748 5
6 64 70231142 2
62 65 88620100 7
15 66 62455071 3
19 67 84778693 1
40 68 61364291 2
1 69 2012931 10
47 70 26613216 3
37 71 27572915 10
5 72 7671561 4
54 73 2974282 7
69 74 73644027 6
74 75 90238732 10
7 76 49863955 9
68 77 4823075 2
37 78 69747793 8
7 79 48484658 3
21 80 24651900 1
50 81 82964728 9
53 82 38425198 8
52 83 57001832 5
3 84 30714780 5
4 85 93993358 8
20 86 16915660 9
69 87 94639828 3
73 88 55286001 9
58 89 57052247 1
11 90 92755981 2
22 91 18445965 1
91 92 86334228 8
55 93 752799 9
48 94 29004928 3
69 95 58223314 4
28 96 56245839 8
80 97 48066834 1
97 98 65050932 5
42 99 31454274 8
98 100 12494218 1
52 101 82470300 2
23 102 4382901 8
75 103 54594282 6
95 104 80477603 3
81 105 25473702 8
39 106 81064016 5
37 107 29933621 9
44 108 96237932 10
41 109 92296408 3
11 110 64380803 2
95 111 71334384 6
54 112 89696922 9
71 113 16287429 7
3 114 483429 3
45 115 50073035 2
29 116 42353110 3
44 117 7643264 5
105 118 69950466 9
22 119 73763793 9
113 120 54075380 10
58 121 1291110 10
5 122 83780263 9
66 123 43617823 1
35 124 82281238 4
57 125 29341649 8
12 126 53175784 10
32 127 68264832 9
116 128 77314944 9
10 129 29444143 10
95 130 95169608 4
76 131 38704733 7
42 132 4081532 8
16 133 23595930 7
68 134 23804536 6
35 135 20869256 7
62 136 16647010 2
46 137 37538579 1
55 138 37234444 8
6 139 9066880 3
63 140 54761391 10
125 141 67338814 9
67 142 95864 3
56 143 39494939 2
142 144 69623151 5
16 145 89462570 7
113 146 69765577 10
32 147 32463186 1
39 148 82660328 6
128 149 64772564 2
32 150 25837057 6
52 151 56902790 7
80 152 52856602 4
109 153 33653041 10
121 154 26859995 8
138 155 13539926 7
5 156 18860906 8
31 157 7192646 10
156 158 23600330 1
116 159 52196175 8
38 160 81560144 5
106 161 76195207 8
60 162 62042821 6
9 163 59257170 1
122 164 913131 4
115 165 12809747 5
139 166 5602253 9
4 167 63665376 5
71 168 24905367 3
54 169 70291763 2
163 170 52795839 9
18 171 80388770 6
149 172 73769557 4
11 173 72284419 2
152 174 31148205 4
108 175 87652658 3
111 176 58929185 4
111 177 49123900 3
117 178 32679242 7
32 179 88573813 1
23 180 5432735 6
158 181 82031654 2
69 182 12829842 8
90 183 4903450 10
6 184 91532940 4
139 185 77665080 2
24 186 77022382 4
34 187 26236482 8
75 188 60695797 1
136 189 54302888 5
91 190 34745587 1
182 191 26391106 7
175 192 5610039 5
1 193 48004539 6
80 194 37153115 7
44 195 38231730 1
115 196 55052058 2
79 197 11729643 2
152 198 27704903 9
76 199 27704620 7
14 200 40935781 5
167 201 49911247 1
27 202 59110174 1
92 203 60672751 5
1 204 20657012 2
46 205 17256603 2
175 206 99214288 7
81 207 90952570 2
114 208 77554955 8
191 209 58893120 10
138 210 86146530 10
100 211 13420594 3
9 212 56144755 3
18 213 5156455 8
111 214 64663875 9
166 215 96533949 2
136 216 5343586 3
24 217 65071109 5
66 218 61733615 1
205 219 7265593 9
95 220 43696971 7
219 221 77769275 6
110 222 36977114 6
138 223 53176251 3
14 224 75369811 3
137 225 39816163 7
193 226 6135687 5
147 227 7748852 3
97 228 52676693 7
73 229 18872958 2
215 230 13567097 9
57 231 47403171 7
210 232 12215160 4
111 233 71387061 2
30 234 15768460 3
164 235 84820708 9
207 236 23494306 1
140 237 2014527 5
186 238 25951140 4
137 239 87493516 3
121 240 90935101 10
165 241 83342195 1
167 242 75364824 8
98 243 18702416 5
36 244 13185465 3
91 245 52766200 10
83 246 82749543 2
228 247 93512458 1
247 248 52175022 4
41 249 77032406 10
156 250 84387469 4
68 251 77759515 9
3 252 33227611 3
121 253 39904667 1
227 254 92945985 10
214 255 90649246 6
207 256 11043568 5
104 257 49498914 8
73 258 85731271 2
214 259 24205917 8
31 260 34656434 2
255 261 79961529 10
99 262 98552889 2
4 263 49580369 9
205 264 52142240 6
7 265 748303 9
98 266 10926280 8
218 162 22 191 247 216 58 139 109 190 99 109 22 142 124 144 114 4 84 16 114 6 114 122 182 258 95 199 62 235 255 167 189 13 14 130 117 237 187 27 25 194 76 128 237 235 262 170 175 203 105 83 54 213 187 158 89 20 6 147 246 191 127 226 89 2 48 179 54 263 156 78 262 33 209 124 97 130 162 9 39 227 177 137 216 162 103 201 134 13 107 197 177 127 161 24 196 261 181 215 77 209 29 186 193 150 133 99 159 36 103 179 145 42 157 38 98 147 161 247 208 176 29 14 133 34 198 141 245 34 41 13 66 151 236 171 55 185 114 250 112 226 187 44 263 198 94 67 162 12 151 64 56 40 130 159 97 192 134 247 32 140 217 68 262 154 256 34 21 192 140 182 235 6 39 61 65 167 225 222 5 46 202 156 16 36 208 95 247 265 149 171 143 105 264 17 3 265 162 107 12 120 159 15 98 136 7 70 76 47 105 213 61 102 125 264 10 210 237 143 214 117 13 257 173 144 258 261 96 114 107 147 127 232 157 87 178 36 226 195 120 245 192 94 2 35 264 144 59 48 36 158 71 52 260 18 8 131 259 6 37 256 134 209 119 25 21 81 92 20 12 26 172 257 241 30 85 191 155 207 153 48 172 72 61 24 40 194 12 95 122 132 120 85 187 101 12 45 108 165 225 158 260 88 83 21 15 186 137 62 183 114 78 20
238 186
83 32
1 2 73460296 10
2 3 24394292 5
1 4 84990805 1
3 5 32745572 8
1 6 38924676 7
2 7 14016030 7
3 8 41598834 3
7 9 78120334 8
7 10 18887078 9
9 11 87127684 1
2 12 64840952 9
8 13 29802 5
10 14 22705081 7
7 15 44698984 3
6 16 62138470 10
15 17 65258513 2
3 18 39333010 10
1 19 5511044 9
8 20 28341455 6
5 21 34874211 2
16 22 42076790 10
19 23 58994184 8
12 24 4459049 6
13 25 49063801 9
16 26 32159087 9
18 27 39052924 3
14 28 70946303 8
24 29 85409638 2
28 30 59151989 7
25 31 4180537 9
26 32 14599500 1
4 33 256634 7
7 34 94552295 6
32 35 86382035 5
23 36 52872 10
21 37 73396997 5
19 38 87844050 3
37 39 2137937 6
10 40 64115220 10
4 41 6047686 1
30 42 38474105 7
27 43 20844999 1
36 44 4816991 9
10 45 60349613 9
20 46 41866573 5
27 47 6747152 6
25 48 6080739 10
23 49 49824017 4
10 50 9558763 5
3 51 840933 2
49 52 95199756 3
49 53 56167556 8
2 54 36239024 1
4 55 95069991 8
22 56 65498173 8
22 57 41881291 4
48 58 21318021 2
26 59 19384221 6
28 60 45601753 2
20 61 92780469 6
30 62 74912324 7
45 63 94392248 7
7 64 12132147 10
54 65 30681780 7
52 66 25463864 10
17 67 23160252 9
52 68 93602890 6
43 69 53334467 3
63 70 47224515 3
68 71 35818230 4
42 72 69100077 3
17 73 79066222 2
54 74 22876976 4
27 75 44700275 8
52 76 9398533 8
68 77 39938348 8
72 78 50665074 4
50 79 36838081 6
11 80 5371903 3
42 81 16750721 10
16 82 95805400 2
76 83 47814773 2
31 5 63 43 23 72 46 14 13 30 46 70 63 1 7 10 42 56 75 27 80 74 35 40 12 1 53 55 54 69 20 40
77 68
222 182
1 2 65180051 10
2 3 89967474 7
2 4 21706319 4
4 5 25716869 8
5 6 59178783 9
3 7 55014727 10
2 8 66557715 8
6 9 82880902 9
9 10 50657820 4
9 11 93881677 8
6 12 64769255 3
12 13 56196304 6
1 14 82957964 3
2 15 11970967 5
9 16 67663670 4
1 17 45976237 2
12 18 93228880 7
6 19 51775882 1
19 20 76161913 2
16 21 79936552 9
5 22 36513050 8
18 23 27868701 8
7 24 99102908 6
22 25 12509743 9
16 26 7015868 1
22 27 24644751 1
27 28 36542000 4
6 29 37260148 1
4 30 12716339 7
6 31 58797064 9
7 32 90645530 2
6 33 68691577 6
3 34 43130355 4
8 35 74242510 8
3 36 60855965 5
19 37 46553952 4
26 38 89953367 8
36 39 4107875 6
14 40 46289574 8
31 41 44631572 1
26 42 85533234 5
23 43 45167224 2
11 44 23507979 10
31 45 25767103 4
14 46 67432882 9
28 47 32935175 4
11 48 15650098 5
20 49 63560097 1
44 50 50871492 6
28 51 54463418 2
2 52 53226404 2
37 53 40399849 4
24 54 39196969 1
39 55 10527686 3
51 56 5363469 9
2 57 20322159 10
34 58 44743771 9
49 59 89380822 8
1 60 66967228 1
48 61 34640929 7
21 62 55439172 3
61 63 59877011 1
49 64 37663257 2
5 65 97959666 7
33 66 25848687 1
61 67 56878905 8
6 68 15544504 4
20 69 97409998 4
45 70 77671607 4
3 71 82315158 6
17 72 20053251 1
45 73 86146003 7
10 74 19227861 2
54 75 61694041 2
41 76 8830628 1
73 77 95815182 2
30 78 2395879 8
45 79 90085947 9
24 80 89892736 10
3 81 45975384 4
58 82 97846734 5
14 83 62691081 6
47 84 2876618 6
33 85 36220646 9
20 86 7240019 3
31 87 77581790 6
77 88 91572612 8
61 89 64799490 7
9 90 23900540 1
33 91 81984460 1
59 92 60770008 8
23 93 76720780 3
54 94 91103422 8
9 95 30361361 9
36 96 49321836 9
7 97 37690195 9
46 98 70216154 3
28 99 40371782 3
46 100 43270432 2
26 101 61426394 2
99 102 29901224 9
32 103 99015352 5
22 104 54169399 2
1 105 64997027 10
11 106 5097526 6
3 107 33342865 1
64 108 17496742 9
24 109 79873856 2
72 110 87471186 1
82 111 89841882 3
87 112 59343855 8
99 113 74949480 4
71 114 57359974 6
112 115 94561888 9
113 116 98701361 5
6 117 58649604 4
66 118 7284396 4
4 119 43764482 2
71 120 53014123 2
82 121 77482276 3
44 122 22245715 3
71 123 68275086 8
17 124 63963610 2
7 125 6553490 8
101 126 14957986 4
36 127 97611702 4
61 128 6906793 1
70 129 6659363 6
109 130 15357736 4
72 131 18298168 5
65 132 18337040 8
68 133 51675653 6
119 134 1338924 9
13 135 32591316 10
46 136 74155380 1
46 137 68137973 9
113 138 63025166 8
133 139 31539997 2
120 140 61570028 6
107 141 47833276 4
129 142 58242811 6
39 143 49427609 2
93 144 69811339 7
134 145 65415125 5
44 146 36081837 1
138 147 66211061 6
54 148 92124885 3
95 149 55891817 9
16 150 84131732 1
21 151 83696844 2
37 152 91236471 10
74 153 84223748 7
62 154 94885482 5
26 155 37017139 9
23 156 47437443 1
72 157 66710984 7
115 158 34189202 7
6 159 65095806 9
70 160 50817716 2
101 161 14022344 6
41 162 21686079 6
118 163 8519971 4
112 164 75242007 7
55 165 77979212 8
33 166 95696015 3
9 167 31975700 6
32 168 81401840 8
156 169 32079406 3
73 170 58985021 8
145 171 60347460 3
145 172 7545050 3
50 173 30781702 1
25 174 94053755 8
47 175 17465255 1
150 176 76282634 7
157 177 57792087 1
159 178 40102234 1
43 179 89059381 6
169 180 92697268 8
129 181 8500728 1
58 182 29682471 8
20 183 83066275 1
79 184 93513266 3
15 185 66143573 9
42 186 87104399 8
44 187 30527301 4
165 188 73839920 2
97 189 64131559 8
169 190 15180475 10
99 191 3163279 10
172 192 87594369 10
137 193 247700 7
137 194 35794634 9
166 195 57416772 3
94 196 69652332 9
155 197 84011978 3
118 198 70271841 4
175 199 94388180 7
143 200 88087888 2
5 201 65924724 4
171 202 6494680 1
99 203 78199099 3
90 204 47527345 2
185 205 91552635 3
139 206 77881866 3
107 207 56749028 7
97 208 43444583 3
29 209 4010747 8
153 210 41389074 4
30 211 33779801 5
197 212 26794560 3
77 213 53357348 2
3 214 50592249 1
31 215 53462321 9
157 216 44493262 2
102 217 40927136 1
64 218 890597 6
12 219 50516901 5
27 220 12946289 1
194 221 15164724 4
209 222 76915383 4
129 119 6 159 11 46 190 77 210 195 189 209 14 190 62 29 139 81 40 60 7 61 100 32 221 108 10 176 64 97 41 156 105 185 205 203 99 139 39 218 9 219 196 19 207 31 152 103 180 177 66 125 215 175 211 118 155 23 149 124 37 203 68 74 187 77 26 151 148 101 41 215 43 67 8 166 204 71 123 44 111 209 42 92 155 215 68 13 96 166 139 80 139 28 29 139 116 7 121 169 28 189 37 102 189 106 75 181 170 146 78 45 60 72 181 81 145 105 62 94 146 160 36 54 73 105 192 39 8 117 150 57 127 1 136 23 207 13 105 221 55 208 194 165 148 220 208 185 181 3 175 94 150 178 162 220 86 160 209 6 217 77 107 73 35 181 192 131 46 187 128 101 51 64 11 183 121 216 206 94 86 43
102 99
443 217
1 2 33872389 5
2 3 68756847 9
1 4 20833030 10
3 5 41972549 10
3 6 70690344 10
4 7 21246975 1
3 8 85879359 9
1 9 55157607 2
8 10 66738500 6
2 11 85001042 2
4 12 17273549 7
1 13 98788037 2
11 14 21749351 2
1 15 59896599 4
3 16 4343072 7
13 17 7424244 8
2 18 42145638 8
2 19 38229069 3
19 20 94528147 4
18 21 31034352 4
6 22 54917173 1
22 23 76192243 7
11 24 42345359 7
15 25 12950457 9
18 26 64544859 7
20 27 60418173 7
24 28 96917713 4
4 29 72121954 2
14 30 58097017 1
23 31 20302486 6
10 32 79002624 9
27 33 13268060 1
8 34 17985921 1
7 35 91926335 7
10 36 68570956 1
7 37 73658324 6
29 38 92656766 4
4 39 86434103 5
27 40 82539677 10
33 41 34899618 2
27 42 8780888 3
33 43 6765537 4
14 44 56876255 5
26 45 40111968 4
43 46 30725454 3
26 47 81008811 6
32 48 46132399 7
31 49 13351707 3
5 50 41229548 2
13 51 6888542 6
40 52 21640625 8
2 53 42117312 7
51 54 6344570 9
1 55 88910349 2
24 56 95277367 5
35 57 19372680 9
10 58 7382448 1
17 59 12816676 3
17 60 54004003 4
34 61 5667535 7
57 62 8995175 9
20 63 61188322 7
7 64 87267050 5
58 65 28809771 2
42 66 66253352 7
66 67 51935536 8
33 68 62677063 10
33 69 48155143 3
49 70 49273341 6
48 71 23009947 6
34 72 85402669 3
19 73 31545313 5
65 74 79054459 9
30 75 64200591 7
19 76 86580520 8
1 77 38218556 7
18 78 68515809 10
51 79 46342919 10
12 80 85301347 3
39 81 31761940 4
75 82 62040311 2
80 83 26405855 8
22 84 55549668 5
71 85 91195838 3
13 86 54313526 1
72 87 82946702 1
62 88 37062884 7
53 89 12038657 3
51 90 52172851 6
20 91 88357067 6
56 92 12358556 2
1 93 97224844 3
12 94 6160454 6
21 95 64398862 5
95 96 95906289 3
55 97 36092723 4
24 98 22395738 7
43 99 87137494 5
62 100 52556460 10
19 101 70572856 4
15 102 34121476 7
76 103 39211763 2
99 104 85134530 6
102 105 95346529 1
58 106 39025357 9
41 107 90135136 6
61 108 94736428 5
102 109 13313375 8
60 110 30263850 9
19 111 26533774 8
19 112 66884200 9
90 113 42838774 8
13 114 50412885 3
70 115 95894923 7
65 116 70598068 4
46 117 20888628 4
51 118 42371550 4
20 119 40971195 1
17 120 28041110 3
72 121 1914727 4
22 122 71825659 3
45 123 36881669 5
116 124 56523532 9
86 125 6377525 9
99 126 66758185 10
18 127 14662034 8
113 128 13100684 6
126 129 74560089 8
10 130 18845923 9
79 131 72135316 4
129 132 87361044 5
68 133 44464597 6
127 134 27863777 9
61 135 57843752 9
39 136 203346 7
4 137 45483308 7
41 138 22060281 5
121 139 63529892 6
86 140 36783336 2
88 141 33615170 3
91 142 26523056 3
15 143 2777181 3
124 144 17408749 7
91 145 93588246 10
118 146 54301356 4
48 147 91051967 2
92 148 46054350 2
123 149 93434080 10
73 150 92281610 4
136 151 74588348 4
18 152 9550166 8
130 153 48009164 4
5 154 89050834 3
137 155 37071978 9
95 156 59579417 1
48 157 91667097 6
58 158 52131768 1
111 159 93756237 6
37 160 70195258 3
155 161 23538607 1
122 162 71255099 1
147 163 29701789 3
32 164 99688564 10
105 165 25090360 10
126 166 51465858 9
9 167 46201621 5
103 168 25779523 7
10 169 77943487 10
129 170 98757480 10
70 171 44719388 9
11 172 81495285 10
161 173 57549398 5
93 174 54808102 4
153 175 45423375 5
52 176 25449202 3
132 177 4119178 6
1 178 68448099 7
176 179 34213985 9
146 180 95067017 3
83 181 82160638 1
142 182 82114816 5
115 183 22807021 4
76 184 74345912 2
19 185 51232256 9
106 186 70097053 1
59 187 62398984 9
151 188 42297363 2
147 189 53225937 5
30 190 84258010 2
187 191 53467760 8
89 192 51131428 6
18 193 50516959 8
68 194 39547466 7
189 195 16684165 3
103 196 24450616 3
38 197 94711304 4
130 198 82747184 7
101 199 32793405 6
43 200 16529085 9
67 201 74858505 4
48 202 41107750 10
16 203 2616941 4
37 204 25559605 9
112 205 89738438 6
179 206 77667592 2
120 207 62710908 7
69 208 59325078 6
162 209 55511913 10
30 210 68589047 10
105 211 56326683 10
62 212 31222450 5
185 213 33850300 4
31 214 10648201 8
32 215 24033385 1
73 216 51409145 1
206 217 3788918 5
107 218 75906105 6
34 219 99586084 9
2 220 96146709 3
135 221 31253730 2
95 222 79466813 2
152 223 73484449 7
214 224 84089263 10
16 225 81718021 2
53 226 94738434 8
198 227 81627300 9
88 228 66941659 8
87 229 78549855 7
76 230 78303920 3
11 231 43802693 2
148 232 68042192 7
43 233 79750997 6
13 234 58711898 2
53 235 67212989 3
201 236 9620141 4
235 237 81602948 10
142 238 12333521 3
104 239 2388808 9
117 240 13353850 5
129 241 52936163 3
101 242 69455550 3
127 243 46534147 3
79 244 77740421 10
160 245 58705964 4
205 246 56599002 5
21 247 84347445 1
6 248 96886263 1
76 249 37091054 8
24 250 26562120 1
19 251 8826948 8
14 252 82985675 9
141 253 28334464 8
47 254 51671561 3
13 255 40217833 1
191 256 22028339 4
14 257 98581588 8
252 258 75508801 2
129 259 40235809 4
69 260 65521937 7
114 261 90945694 9
177 262 6735266 6
149 263 91562138 3
200 264 25741874 7
227 265 80011552 6
77 266 77298701 9
13 267 7317550 8
21 268 6590992 3
99 269 18797577 8
236 270 62796504 7
152 271 44310853 2
171 272 25233197 1
115 273 5664090 10
75 274 59625352 7
106 275 73788359 8
231 276 25866160 4
102 277 42019326 1
61 278 90216169 8
129 279 88379900 6
110 280 53853211 10
91 281 97781348 8
227 282 38023028 2
25 283 19193124 8
55 284 34505842 7
205 285 93889192 1
215 286 45595535 3
166 287 99432559 4
64 288 60698919 8
36 289 56624835 3
68 290 45001572 7
33 291 5972517 1
176 292 33542064 4
268 293 36634769 1
248 294 24231904 9
208 295 38038287 10
37 296 50804669 9
270 297 56508456 3
201 298 18811860 3
59 299 94820321 2
51 300 30379123 4
286 301 99585154 9
292 302 27571739 9
75 303 70392154 9
264 304 80655897 1
235 305 84191072 1
166 306 38197633 10
15 307 6536004 4
139 308 45376829 9
77 309 26132789 7
226 310 55358416 3
213 311 6789347 6
51 312 62471757 6
255 313 39298887 1
244 314 36226681 1
19 315 1813132 9
205 316 85062775 8
251 317 26761842 6
297 318 66194647 1
200 319 68566129 9
95 320 32778879 5
153 321 10753893 6
291 322 31038527 10
7 323 71380807 5
51 324 83423662 6
84 325 80211852 6
121 326 45947425 5
139 327 33384929 7
99 328 46685145 4
103 329 72198779 10
260 330 20254726 8
222 331 73386115 10
78 332 31993815 7
205 333 64447345 1
293 334 99244118 2
129 335 40532661 7
19 336 79939458 1
146 337 11647024 1
92 338 71020172 1
237 339 17826035 6
194 340 55540778 4
57 341 87241250 8
341 342 95372605 4
117 343 29924526 3
138 344 4634802 7
286 345 93291812 10
206 346 12833875 6
282 347 62783655 2
18 348 81159518 10
186 349 85606951 9
306 350 328108 3
199 351 68102003 10
217 352 52132081 1
27 353 86709950 4
310 354 98310919 2
282 355 88930770 4
201 356 16945529 3
291 357 714948 1
254 358 38913690 9
34 359 2093469 2
91 360 18045749 7
313 361 66877142 4
348 362 7535297 1
53 363 93788338 3
301 364 35366575 8
212 365 71592397 7
89 366 83230850 9
108 367 42808902 1
286 368 9883379 10
232 369 18755571 9
208 370 72248723 1
71 371 6881743 10
81 372 66228698 4
191 373 11663742 4
314 374 57224597 2
15 375 31178520 2
125 376 38493818 4
187 377 82659338 2
293 378 51448799 3
137 379 65327569 3
213 380 24363241 1
8 381 20248360 6
62 382 16634540 5
259 383 36940711 7
219 384 83845819 4
382 385 52367160 9
193 386 10801979 6
18 387 58002260 8
258 388 65746846 6
185 389 91217779 8
30 390 22588802 1
233 391 70633541 1
48 392 80189002 10
218 393 21444614 2
80 394 94781997 8
122 395 76291707 9
388 396 41693019 3
45 397 47845804 7
232 398 35680044 5
270 399 82555476 2
45 400 7376132 2
233 401 7336725 10
242 402 61467592 3
178 403 86514287 1
269 404 59250280 8
140 405 87313220 7
315 406 32275768 10
254 407 5310110 9
385 408 93330273 7
230 409 87137291 3
311 410 46558523 1
270 411 81665930 5
337 412 89924287 9
48 413 67174103 1
69 414 79875987 8
116 415 35393594 6
230 416 29079639 2
24 417 619992 2
275 418 66863125 8
399 419 8981281 4
379 420 98036354 1
329 421 38196648 7
76 422 87122703 4
66 423 31513129 4
80 424 53465506 6
232 425 36656220 6
313 426 93072212 4
331 427 97546797 5
72 428 71960441 8
19 429 59899350 8
218 430 92140236 5
351 431 14809703 7
108 432 17047382 3
158 433 68895572 1
231 434 83895492 2
72 435 46522260 8
195 436 77587040 1
23 437 74166330 10
334 438 81008666 2
244 439 91176716 10
367 440 52659065 3
422 441 31867640 5
11 442 3186485 10
51 443 42026558 8
124 198 211 239 52 72 230 411 131 331 195 117 420 382 147 386 25 41 203 426 391 386 54 95 413 81 186 62 162 64 367 331 175 261 394 8 284 126 326 18 221 347 182 321 288 410 308 427 400 248 360 55 218 180 346 336 80 379 81 338 84 417 326 205 55 84 191 281 240 197 21 346 301 60 97 125 57 144 33 182 205 126 225 436 208 282 439 189 104 116 340 47 164 420 11 145 63 202 132 403 327 141 391 418 131 193 239 115 146 34 82 306 43 222 261 369 79 262 290 194 142 14 154 135 382 14 272 295 174 143 219 129 184 353 59 378 177 98 389 23 218 366 149 161 204 286 138 25 388 81 266 240 188 398 239 371 248 252 377 285 258 290 411 59 44 187 186 16 63 167 328 341 441 228 414 289 215 178 96 359 77 327 414 214 52 234 179 28 51 87 82 356 429 381 390 400 187 293 215 31 365 379 253 309 387 305 114 243 401 356 394 370 17 362 430 176 333
398 232
270 154
1 2 12666069 4
1 3 36450079 8
3 4 66805334 10
1 5 78322432 4
5 6 84125625 4
4 7 4975078 5
3 8 27097693 7
7 9 24552804 4
4 10 11582099 2
2 11 10053736 10
9 12 41789760 5
4 13 98485148 5
5 14 43292978 5
5 15 46592413 3
3 16 40622453 8
3 17 72277559 7
4 18 26066594 6
9 19 61781175 8
7 20 21510829 9
3 21 21646336 6
4 22 953027 7
11 23 71770663 7
15 24 93714662 5
6 25 42408585 8
2 26 2650275 9
13 27 58952317 8
13 28 58264843 10
14 29 44378102 3
12 30 44761249 3
3 31 16614940 10
24 32 84882657 6
22 33 94572598 4
11 34 30720391 10
9 35 67774310 9
8 36 66511509 9
25 37 81694504 7
29 38 97073606 3
13 39 20153357 9
7 40 79648738 7
9 41 15909447 6
4 42 13137521 4
11 43 87210796 8
40 44 64251697 1
43 45 38023484 9
21 46 21446828 9
45 47 31625117 9
34 48 77519278 10
37 49 64111899 1
18 50 20795949 2
17 51 61046422 5
47 52 31821448 8
26 53 80465387 8
24 54 24972426 8
33 55 82804792 6
42 56 92208942 10
19 57 81004385 9
37 58 89716249 1
25 59 9507152 4
46 60 14344694 6
57 61 27910565 3
52 62 52232307 4
28 63 6114624 6
22 64 67772135 4
31 65 13352056 7
16 66 6949107 6
6 67 55483995 8
22 68 38057445 7
33 69 97908147 2
52 70 67548442 9
19 71 27703301 9
60 72 72242440 10
5 73 92501856 9
56 74 88507071 4
58 75 63306290 6
55 76 40999905 7
32 77 62254637 2
26 78 12041131 4
76 79 71959385 10
63 80 76710708 4
16 81 96137176 5
62 82 95427230 7
79 83 66805700 8
12 84 41258985 5
51 85 96876996 9
3 86 14889458 2
69 87 84282892 1
30 88 75905818 3
46 89 27506320 3
38 90 37800082 3
39 91 86495683 4
10 92 817758 3
28 93 24986095 10
60 94 46801057 8
33 95 92862133 6
40 96 39611827 7
95 97 29771075 7
60 98 43606409 1
50 99 83337810 1
37 100 73910821 3
61 101 31321180 1
21 102 50990383 2
44 103 37410873 2
54 104 20300584 5
33 105 22527383 7
89 106 76956322 5
94 107 99627807 8
85 108 99278759 10
86 109 94877621 10
29 110 36707769 1
99 111 98111154 6
71 112 8069903 1
83 113 43914504 7
53 114 94155912 4
67 115 11594350 7
66 116 92459617 1
87 117 30451976 8
18 118 83496033 2
86 119 76542129 6
115 120 88231789 1
43 121 55147652 4
40 122 93594398 1
111 123 60300749 4
101 124 32427661 5
32 125 4371921 4
36 126 70140893 8
97 127 25143286 4
92 128 33975730 5
119 129 18665426 4
10 130 67159970 6
16 131 2356086 3
10 132 40745103 4
99 133 63161908 10
1 134 62668478 10
33 135 25881738 4
28 136 16501684 4
104 137 36047915 3
77 138 31353953 7
91 139 58179865 1
64 140 42168872 8
46 141 45643232 7
40 142 5146056 3
4 143 69016841 3
22 144 38312434 6
136 145 33033271 2
60 146 45059487 8
119 147 15780125 7
113 148 2404788 5
13 149 342360 8
130 150 10008214 1
40 151 87546426 3
100 152 43392799 6
54 153 53636182 1
110 154 30962368 5
97 155 88769510 10
26 156 71757673 4
139 157 90349869 1
13 158 8911181 5
157 159 453285 6
108 160 26042336 9
41 161 5139944 9
1 162 50104463 2
89 163 36532751 9
132 164 98375373 2
77 165 57814714 9
93 166 53676961 2
4 167 56869791 7
110 168 95809004 10
158 169 76963936 4
16 170 59448267 8
37 171 30101156 5
145 172 93596121 8
149 173 77756618 7
25 174 37469738 3
65 175 42554024 3
16 176 94551949 9
61 177 28809331 5
84 178 85266718 5
160 179 3618689 2
105 180 80969697 7
131 181 4909890 2
90 182 3943290 4
28 183 18703277 6
166 184 27855456 9
62 185 77025089 10
49 186 86587942 6
137 187 26016035 1
58 188 16584855 3
146 189 25837679 1
108 190 68297335 3
72 191 34085986 8
90 192 96648936 3
134 193 46276237 10
38 194 10534914 2
151 195 91980191 5
123 196 70994439 3
191 197 92308746 3
152 198 60160587 1
84 199 17973915 3
107 200 85905303 7
82 201 29307225 10
198 202 50957017 6
90 203 55786669 9
169 204 26818054 6
104 205 84335769 3
104 206 11379383 9
159 207 2208706 3
195 208 82271224 4
103 209 83836340 2
66 210 60372151 5
16 211 43113428 5
159 212 28987526 7
165 213 4568915 2
119 214 15413996 6
51 215 55362455 2
47 216 59744353 5
189 217 3748134 7
72 218 28512954 9
143 219 24403912 4
204 220 48320373 7
60 221 24211749 4
147 222 77667750 9
218 223 89425887 9
161 224 95625751 4
224 225 49796641 8
21 226 64743412 2
175 227 79743436 8
4 228 57618732 10
43 229 92833203 3
119 230 29916379 2
225 231 69789500 10
138 232 3596365 3
92 233 76310555 2
152 234 37513244 3
126 235 64982205 10
118 236 37511306 2
181 237 11695784 7
236 238 16621893 8
37 239 93816049 5
186 240 44338298 2
28 241 515116 9
222 242 84277706 10
222 243 76689664 10
12 244 40839042 10
194 245 97467586 7
236 246 21281839 5
81 247 22835043 1
3 248 36094154 8
83 249 15069278 8
204 250 61438697 7
128 251 40532743 9
222 252 48271962 10
214 253 68902642 1
110 254 85120754 7
120 255 51984615 2
34 256 17585256 10
248 257 37172196 7
173 258 7516506 1
104 259 3536227 5
185 260 92481630 10
140 261 94600556 10
192 262 18361214 2
117 263 99321367 7
36 264 458958 7
249 265 65074454 5
209 266 34524088 5
91 267 34784437 8
18 268 59602916 2
204 269 64788303 5
82 270 59873499 2
177 124 44 154 96 167 111 45 187 190 126 169 165 131 182 128 168 35 249 86 55 115 33 64 98 20 221 234 48 51 68 160 75 78 128 160 109 15 48 205 2 94 126 65 159 138 163 1 158 143 53 231 261 50 134 190 22 166 65 97 264 121 187 198 243 178 246 89 226 267 237 84 42 200 197 158 98 142 10 225 223 249 69 105 136 260 190 57 189 226 183 62 9 75 257 146 140 97 132 203 116 210 46 166 46 134 22 72 143 119 266 90 32 237 222 200 187 216 148 43 171 96 117 160 261 44 259 74 232 237 144 164 41 180 48 59 72 237 27 113 108 234 99 245 93 169 122 173 247 208 234 65 238 44
1 2
86 440
1 2 67858978 10
1 3 97980954 10
1 4 80498898 6
2 5 44003124 9
5 6 54529440 9
6 7 97122534 2
3 8 61288879 7
6 9 38400137 6
1 10 99934059 7
1 11 81975089 1
5 12 8236513 10
7 13 90128509 6
1 14 7172077 2
5 15 48226193 9
4 16 36068292 2
3 17 74028624 8
8 18 62807702 2
14 19 50984460 9
5 20 83159200 3
5 21 1627222 3
7 22 64277924 8
7 23 23598504 9
21 24 32939320 1
16 25 17119758 1
2 26 16567740 4
7 27 94700963 9
9 28 70193214 6
25 29 22476130 7
12 30 83907569 10
26 31 3879761 3
31 32 98567158 9
2 33 75816528 1
15 34 29846020 3
30 35 28287253 9
33 36 3966254 9
10 37 56055364 7
10 38 87794738 4
35 39 74116205 2
30 40 3864904 4
9 41 57155525 1
16 42 53494328 9
18 43 80284565 2
4 44 32490818 9
44 45 54660684 7
45 46 59769147 2
22 47 8551336 6
40 48 52983473 1
39 49 41284705 3
44 50 94819748 3
24 51 40200297 8
50 52 64124330 7
4 53 55055319 10
5 54 25165569 6
25 55 47506873 4
17 56 12359631 7
54 57 53656418 8
3 58 40249163 9
13 59 80748153 9
49 60 94590747 1
29 61 11579390 1
32 62 40617926 10
33 63 35603260 10
22 64 5689034 5
14 65 77837785 9
53 66 91100409 10
47 67 50681480 3
23 68 77220168 7
11 69 11582270 2
27 70 44671544 7
3 71 20265420 4
13 72 19890709 3
66 73 8033753 1
22 74 11765610 2
18 75 68929213 8
30 76 34337486 6
76 77 64191835 7
15 78 62838790 3
27 79 70402822 3
11 80 10937838 9
64 81 62242047 10
72 82 96021519 5
6 83 20679696 7
69 84 76513896 6
75 85 24085657 8
34 86 74726284 9
6 18 38 69 62 8 56 34 39 21 20 18 66 86 69 58 86 18 56 59 34 33 63 31 68 50 37 71 64 80 74 85 22 50 36 41 74 24 5 10 63 9 3 84 56 84 8 30 53 16 8 14 45 41 15 83 84 19 30 14 51 74 59 55 10 4 33 35 8 41 4 23 61 55 72 45 79 59 36 53 64 59 55 77 34 71 36 5 74 36 35 4 34 60 70 61 53 19 22 82 54 41 69 51 63 18 73 64 23 21 74 46 21 52 70 49 84 62 65 29 19 26 29 64 50 1 12 39 51 50 47 40 8 86 57 46 70 45 15 66 68 75 84 9 38 15 80 30 39 12 16 80 79 47 2 85 65 71 85 11 43 58 2 74 18 75 25 68 48 14 38 78 5 80 12 1 86 64 46 20 45 30 22 40 45 7 74 43 24 83 65 5 15 31 60 52 61 10 17 32 15 75 28 40 71 61 25 17 80 68 33 1 23 69 72 46 30 23 59 44 59 57 62 53 3 78 12 85 44 16 10 20 65 55 68 37 3 37 72 85 34 31 52 5 63 67 23 3 74 20 51 86 15 22 62 42 13 24 77 54 86 56 26 82 32 10 11 86 66 44 7 15 24 16 38 52 12 57 45 80 34 62 21 33 45 39 57 33 73 65 13 21 19 71 41 8 22 70 37 18 61 22 32 3 7 17 7 19 53 83 71 33 48 84 82 3 84 82 74 69 51 32 11 85 1 25 53 20 22 72 11 33 37 19 26 21 26 78 16 30 40 86 23 10 78 9 66 36 54 75 55 15 1 57 46 32 21 62 52 44 2 33 51 9 50 33 47 27 31 16 40 44 86 58 3 60 53 75 76 64 9 48 18 11 58 75 27 84 37 23 9 65 48 65 45 63 64 41 64 69 16 74 23 73 14 9 41 66 59 49 28 16 43 65 11 29 40 61 59 34 27 79 15 7 76 9 35 84 15 27 4 62 54 86 24 84 54 9 68 47
21 24
222 87
1 2 74000438 9
2 3 21933611 5
1 4 71248119 3
2 5 45696051 1
2 6 12067050 7
4 7 97794460 10
1 8 95526518 10
4 9 33347167 4
7 10 54724615 2
8 11 55578124 5
11 12 75154734 9
5 13 28111948 9
11 14 46490054 2
5 15 62181527 9
3 16 63396670 4
1 17 74984352 1
10 18 34817798 3
13 19 39034040 1
15 20 48754095 7
6 21 23172698 2
17 22 40061314 9
4 23 17238297 1
18 24 61331811 3
11 25 91429074 1
18 26 40747487 10
22 27 13696461 3
17 28 31479850 1
2 29 8011168 2
12 30 1379528 2
2 31 63892247 4
7 32 9680077 10
1 33 1624793 8
17 34 59673363 1
9 35 58496314 10
25 36 27721621 9
1 37 30556142 6
17 38 19951574 1
33 39 32166537 2
6 40 40719454 8
22 41 14494014 3
17 42 33237147 8
7 43 61332588 9
15 44 16192071 9
42 45 20267075 8
25 46 17704529 8
11 47 4774921 1
33 48 43259980 6
21 49 49846551 9
9 50 87556863 9
1 51 87070261 7
8 52 94548133 1
22 53 34259447 7
39 54 10110167 3
13 55 36125576 1
18 56 6766418 10
49 57 19185635 2
1 58 82617875 3
13 59 26995606 2
15 60 68038374 8
45 61 3024100 2
29 62 26045100 6
2 63 770627 9
44 64 55566779 8
14 65 18846838 10
5 66 5115143 4
11 67 66286731 1
33 68 55894170 9
27 69 1590948 7
3 70 80417991 3
50 71 80260902 9
67 72 86098384 1
23 73 79444460 3
26 74 35876525 10
14 75 67976749 10
66 76 38195481 2
56 77 79599093 2
65 78 37962670 10
12 79 73817485 9
24 80 5142098 8
6 81 99068809 5
62 82 24233467 7
44 83 73740406 3
68 84 7983989 2
74 85 10817233 9
70 86 26594278 7
4 87 83165751 6
31 88 41839124 4
5 89 13577493 10
69 90 42730537 10
57 91 18312320 9
4 92 81521987 9
75 93 71845531 5
37 94 43186587 6
80 95 70800450 1
70 96 48778838 1
52 97 37139760 5
73 98 97980233 5
33 99 67792669 9
79 100 85218281 8
86 101 61278315 3
49 102 99250832 3
50 103 35838638 2
55 104 20484080 9
80 105 94538081 7
95 106 39650539 5
26 107 50878767 2
86 108 34271760 3
61 109 5325721 9
21 110 602247 5
35 111 5280716 6
37 112 37540025 9
24 113 26056073 9
49 114 23957442 2
64 115 12922320 6
34 116 26458399 3
80 117 91600982 3
42 118 53852989 8
107 119 43858671 7
104 120 17742384 10
15 121 34756170 7
117 122 44674693 1
71 123 41454369 8
115 124 14514592 8
34 125 47828221 7
46 126 94136974 10
46 127 63960076 9
114 128 75173984 2
52 129 21627167 6
79 130 96119331 7
31 131 79259258 7
126 132 93212218 4
87 133 67932663 4
47 134 11857095 5
55 135 50261630 10
103 136 54218629 10
32 137 74493315 2
12 138 38294589 1
110 139 30936511 8
60 140 96826449 7
28 141 3775244 10
11 142 12946806 3
4 143 4805603 9
128 144 46734539 7
29 145 69165642 6
139 146 53854022 7
121 147 41768733 1
123 148 99649619 10
24 149 19458114 5
29 150 25782165 1
147 151 56117998 2
134 152 35399285 2
17 153 60131437 7
121 154 64251574 8
119 155 51835672 3
124 156 17071665 10
37 157 74917887 8
103 158 93823973 10
118 159 92036350 3
70 160 87610148 5
60 161 7059043 2
64 162 62551211 5
101 163 67282740 3
110 164 40353747 3
114 165 47141495 7
102 166 31454594 10
83 167 6818277 4
22 168 53130964 1
113 169 47824002 2
131 170 93672797 7
6 171 61839399 8
107 172 11089020 9
162 173 14501945 7
49 174 84348968 6
108 175 16872593 9
63 176 11667151 8
128 177 82553583 4
3 178 14984082 2
167 179 46468629 10
108 180 69658280 10
56 181 54688930 2
54 182 19324272 5
85 183 84448090 2
50 184 41087786 8
105 185 63041091 6
47 186 95474258 4
174 187 44286538 1
76 188 57545279 1
80 189 41525694 1
127 190 44550021 10
65 191 77672216 6
147 192 84009386 8
41 193 58604138 7
51 194 30128494 5
194 195 56855306 1
148 196 94176157 3
132 197 17135303 5
132 198 33361472 10
78 199 90282402 8
198 200 16534531 9
71 201 63400230 6
106 202 33911827 5
91 203 26018776 1
129 204 91025690 2
198 205 79617663 9
147 206 74604335 6
167 207 16741310 3
177 208 82367815 7
157 209 77261302 7
55 210 39294431 9
190 211 86449588 6
42 212 2865164 3
6 213 48029614 1
102 214 42961578 3
33 215 47534698 6
53 216 78816748 3
77 217 10537977 3
64 218 42777206 6
187 219 77562951 8
3 220 69335891 10
57 221 61026166 4
218 222 56666464 5
132 213 172 204 9 115 96 18 143 45 103 145 172 146 162 138 92 85 131 190 63 116 3 51 37 13 208 160 71 40 45 77 138 117 116 201 156 129 98 13 139 2 186 203 180 31 104 193 146 15 220 182 117 51 134 204 63 106 118 213 94 184 40 102 166 117 55 198 200 42 176 78 56 99 62 25 67 134 18 98 126 43 118 211 28 172 148
9 4
55 210
1 2 63224299 10
1 3 88945017 9
3 4 38590251 5
3 5 23562671 5
2 6 38791364 1
3 7 31640395 5
2 8 54089371 3
2 9 96095012 1
4 10 83243962 4
5 11 42518863 4
5 12 54946439 7
1 13 85200285 5
3 14 83252374 10
10 15 55879883 1
9 16 45517168 3
11 17 79519023 1
10 18 66476595 10
12 19 52628903 8
4 20 40486729 5
18 21 67477199 5
17 22 46003059 5
1 23 93358218 7
7 24 4674360 5
5 25 63731280 5
18 26 99361156 10
5 27 68894355 7
12 28 51816102 3
3 29 4947839 2
11 30 39271448 10
9 31 72944738 4
10 32 52219728 6
9 33 96368338 8
20 34 63409582 7
13 35 18677582 7
31 36 3153217 6
7 37 44856912 7
12 38 47405582 8
14 39 95302517 10
19 40 57555238 6
18 41 97627182 2
41 42 95742240 1
15 43 53909934 4
36 44 41082699 5
1 45 65235730 8
15 46 83648183 5
44 47 50551219 7
27 48 76750741 8
38 49 54291106 6
4 50 67159361 5
6 51 53652690 6
27 52 69244800 2
28 53 67761604 2
17 54 30683968 5
2 55 48045110 6
39 25 35 28 19 39 35 37 1 45 52 36 16 53 22 20 4 7 9 14 12 14 33 37 20 34 33 14 22 3 53 49 6 9 40 52 22 29 44 36 43 51 40 16 24 13 40 35 44 5 28 27 5 43 49 54 30 49 55 54 20 8 41 50 41 45 39 44 4 47 46 19 45 7 37 25 37 36 19 48 54 44 41 20 18 1 21 36 50 22 18 14 29 25 48 39 28 12 36 44 31 30 10 25 53 43 25 24 2 17 38 41 42 35 42 36 5 49 8 50 26 31 20 54 24 6 43 14 4 23 27 42 37 2 43 54 33 42 20 37 35 8 17 38 54 42 11 8 19 22 45 44 38 32 29 49 15 18 36 38 55 42 35 2 30 15 7 6 54 53 41 52 24 35 10 3 24 22 35 11 19 9 25 54 17 42 51 36 48 54 51 21 13 15 50 33 8 49 31 36 3 40 25 40 15 34 11 35 53 28
28 53
473 34
1 2 98867612 5
1 3 78641572 10
3 4 3123933 8
2 5 73603567 4
1 6 92121785 8
4 7 77448631 7
1 8 10411666 9
2 9 69576220 6
8 10 17166443 6
6 11 29830219 3
8 12 27405123 1
6 13 76557671 3
8 14 98062416 9
13 15 45387225 2
10 16 72574586 9
10 17 56390930 4
8 18 80293708 9
3 19 57935795 1
14 20 53264790 3
5 21 56479336 3
5 22 77026220 3
3 23 95160926 5
6 24 30706583 9
23 25 18727661 10
4 26 58383676 8
16 27 17637445 5
15 28 92562379 4
8 29 18610430 9
21 30 8375540 3
11 31 95336847 6
16 32 60360934 7
10 33 78601174 4
5 34 8668748 2
29 35 55169872 7
17 36 29213151 6
24 37 92217005 8
23 38 51405078 1
34 39 40216225 6
33 40 82662009 2
16 41 76596241 1
18 42 84953582 5
28 43 76666083 4
43 44 47381312 3
30 45 20370273 9
25 46 55555732 10
34 47 99716453 1
12 48 5393904 1
18 49 67553447 10
15 50 8036042 6
14 51 10962205 9
15 52 54300332 8
49 53 37496785 9
20 54 15125843 3
43 55 21488274 2
43 56 59386738 8
17 57 27327094 5
54 58 59747846 4
22 59 56813902 10
28 60 83582321 2
30 61 84028020 2
31 62 40257771 5
13 63 41974780 9
6 64 15757968 1
15 65 58027435 2
21 66 21520378 8
15 67 76906670 8
36 68 92151324 6
21 69 35520134 9
43 70 53220912 5
56 71 97225626 2
49 72 51176865 8
8 73 17259400 9
15 74 68528078 3
24 75 30386230 2
14 76 76558493 7
52 77 14849058 7
41 78 91574588 9
64 79 1541096 9
43 80 94682534 6
6 81 68122289 10
43 82 44676840 6
61 83 92707584 2
61 84 29716577 4
53 85 57701167 10
12 86 64499814 7
15 87 80783820 7
61 88 11228185 10
32 89 93179348 6
44 90 62347116 7
37 91 73661658 3
2 92 94030732 6
31 93 34583095 2
33 94 14625420 9
46 95 76473565 8
56 96 34479987 7
69 97 94508143 1
84 98 48763197 8
86 99 33496302 9
38 100 76833199 9
45 101 93123699 4
76 102 76157831 1
61 103 87692677 7
24 104 94303383 4
15 105 78902354 10
26 106 21130821 2
66 107 89283729 7
27 108 28229856 8
56 109 23535403 3
83 110 94658675 5
15 111 3391520 2
20 112 37448502 1
53 113 42240888 9
32 114 40707268 10
44 115 78832784 5
96 116 92615233 6
101 117 55064449 2
3 118 6118802 10
24 119 41884038 8
83 120 79549517 1
92 121 92522006 2
29 122 69958260 6
110 123 27720646 5
115 124 69956631 2
67 125 60234727 7
91 126 86862540 7
2 127 30376921 3
17 128 88263644 6
17 129 24183985 7
92 130 31486185 7
82 131 86030091 9
85 132 25929340 3
95 133 65976749 1
112 134 81822897 9
133 135 31123512 1
122 136 75919243 3
16 137 27245319 6
56 138 38882547 10
23 139 28480074 4
119 140 94488731 5
70 141 73962610 5
33 142 56892733 2
83 143 57065313 10
67 144 38962749 6
112 145 3812107 8
31 146 57620598 2
104 147 99793515 9
54 148 96207213 1
53 149 3425473 9
132 150 13430278 5
40 151 61408903 7
125 152 75924910 10
109 153 54086867 10
140 154 2643509 5
131 155 12991056 5
151 156 89018792 4
7 157 34409270 7
76 158 62061195 1
100 159 74475067 5
119 160 25838541 6
91 161 55592027 1
50 162 45338694 6
61 163 4437170 9
130 164 50976949 4
38 165 20108843 10
142 166 67503628 4
74 167 81919448 3
2 168 57008130 4
110 169 57536923 9
33 170 41249360 8
15 171 79106950 7
150 172 361492 1
59 173 23260165 8
149 174 1796538 9
160 175 5344189 7
77 176 46373219 1
103 177 96839944 4
19 178 71001780 1
151 179 30418719 7
69 180 69229017 5
105 181 88845930 8
67 182 85146994 3
26 183 36137529 9
68 184 3535832 4
44 185 39010002 9
87 186 6882134 1
41 187 27654560 6
104 188 5430556 8
136 189 87200448 5
64 190 94694998 10
121 191 80588033 9
191 192 3334694 6
77 193 41513202 9
25 194 99761097 8
112 195 42662691 8
13 196 84707348 6
45 197 87654406 7
191 198 52626665 9
146 199 87190876 9
2 200 97814868 8
158 201 79773273 5
185 202 91045211 9
101 203 74325565 4
189 204 52828316 1
182 205 93076621 7
40 206 71780510 4
113 207 75505567 7
126 208 49153345 9
121 209 25947719 9
95 210 35905289 7
128 211 34189991 9
95 212 8630926 10
98 213 37233890 6
118 214 12605472 1
22 215 49430741 10
194 216 86002358 4
132 217 45413212 8
62 218 52443089 7
33 219 72157745 8
30 220 29295648 4
106 221 95984157 4
21 222 86762535 2
183 223 86377578 8
10 224 59488852 5
167 225 66430498 10
69 226 66185352 6
164 227 29193440 9
193 228 71862815 5
123 229 98652817 5
33 230 42221594 2
25 231 72635177 1
147 232 82154958 6
23 233 21056533 7
200 234 17020800 10
163 235 64448087 4
66 236 49334687 8
85 237 46696765 4
137 238 379914 8
179 239 14988611 4
178 240 65273733 4
208 241 75291341 2
63 242 20936661 6
6 243 73267876 6
93 244 64171867 6
151 245 23910845 10
37 246 55983622 6
124 247 11111388 5
241 248 78971096 5
156 249 76678084 3
72 250 50004641 8
151 251 41910511 8
151 252 12414186 9
129 253 72358786 6
27 254 45963578 2
108 255 66706522 6
231 256 70278917 8
57 257 59702943 1
186 258 16981672 8
211 259 12125298 4
62 260 1608702 8
234 261 69826925 10
60 262 15149301 2
144 263 52521788 8
124 264 37046776 7
238 265 72028893 6
190 266 94191761 10
254 267 28607897 10
66 268 17123556 6
73 269 25845892 5
171 270 87982730 7
195 271 95621400 1
4 272 31081094 1
233 273 58133918 3
196 274 55021093 3
183 275 75416601 3
140 276 76089437 2
216 277 53067373 1
67 278 52023886 3
56 279 87244378 7
212 280 28088491 8
31 281 63815405 9
47 282 89532700 5
79 283 78754392 3
175 284 69151437 4
261 285 75224645 9
182 286 50235568 3
267 287 46846973 9
282 288 53191367 10
102 289 11828097 4
238 290 59843935 8
114 291 97253963 1
81 292 52184105 4
84 293 80599753 9
113 294 86803795 3
173 295 26393537 2
19 296 91510298 4
22 297 14852221 7
194 298 85536015 5
246 299 55308130 6
73 300 39789508 4
95 301 24742683 9
233 302 67270242 10
40 303 16165760 6
113 304 21330929 5
128 305 85144684 4
244 306 54461035 3
280 307 20746725 6
271 308 64317613 5
198 309 18920602 10
290 310 99434282 1
210 311 23917083 5
267 312 51817053 7
115 313 64685390 1
256 314 45321651 9
274 315 40205391 1
251 316 97312847 7
41 317 21927217 8
24 318 44480419 4
204 319 39035054 3
38 320 99010883 7
24 321 98147891 8
49 322 49361733 3
316 323 77796857 9
185 324 301318 7
39 325 820175 1
3 326 87883207 7
58 327 48304250 9
132 328 52598905 5
191 329 12243131 6
260 330 26112392 10
42 331 63865789 10
44 332 92990323 4
55 333 24379471 6
296 334 69306498 2
81 335 14094233 4
276 336 79515574 9
228 337 19266067 4
188 338 27808817 7
286 339 27218589 9
277 340 16833441 9
31 341 28756200 2
61 342 56352636 7
19 343 97303401 5
42 344 14504466 2
213 345 74667953 4
230 346 36635896 3
23 347 99367103 1
11 348 26984912 9
212 349 50099331 7
27 350 18236565 2
271 351 87199215 2
173 352 90165531 5
124 353 89731919 6
268 354 27760252 10
122 355 89536445 5
111 356 94993621 3
110 357 73931563 2
194 358 23468263 1
306 359 61137043 4
189 360 48745705 8
167 361 34006286 7
106 362 40373579 2
165 363 37464507 6
76 364 85665883 1
314 365 94545528 1
107 366 84918719 1
148 367 6740298 7
235 368 53407498 7
140 369 32887562 5
42 370 86869692 8
255 371 78819247 10
213 372 13418994 1
259 373 72408776 6
316 374 59653224 8
355 375 94012580 8
12 376 39401233 8
105 377 61323164 10
55 378 39798609 3
106 379 49360227 8
149 380 51720263 7
23 381 96541602 1
309 382 81285661 4
244 383 69263711 7
77 384 75028142 4
218 385 81762689 8
275 386 53300800 3
305 387 98534303 6
256 388 23033921 3
132 389 3398461 5
322 390 33854 8
250 391 90185624 4
197 392 12108861 8
8 393 2263285 6
285 394 74949692 9
385 395 24560702 4
241 396 41160330 8
45 397 26927122 9
339 398 84521252 2
273 399 14719999 7
127 400 3978859 8
318 401 53126486 9
9 402 8691870 5
27 403 249337 5
264 404 28405135 6
276 405 17670615 2
310 406 15907008 6
237 407 75486586 1
122 408 66499222 2
117 409 78773379 10
50 410 27661130 8
253 411 10105734 3
307 412 26030924 8
220 413 80923550 1
68 414 48119918 8
275 415 39119025 8
32 416 28896456 7
272 417 39233087 3
284 418 62153277 1
418 419 1584029 4
181 420 60734935 1
125 421 14680669 2
386 422 83559692 1
211 423 81973900 8
268 424 19063627 1
226 425 31998639 1
24 426 60894495 7
292 427 60765927 1
324 428 91519909 2
334 429 48411435 2
357 430 6478825 6
228 431 9039688 6
328 432 99576750 8
203 433 97720167 2
247 434 63701376 6
279 435 58697593 9
210 436 91643038 7
404 437 95799767 7
294 438 24753229 9
180 439 89926050 5
244 440 33652140 3
45 441 50715168 4
43 442 72676213 3
313 443 44261478 3
307 444 23443220 5
287 445 4831998 10
345 446 52357939 1
101 447 80375145 8
105 448 63082043 6
223 449 3615195 2
442 450 1325503 8
337 451 84010575 10
404 452 10170674 1
315 453 67656739 6
348 454 39964031 1
247 455 66423829 10
433 456 59313131 9
385 457 79220160 7
253 458 50626503 8
380 459 73723385 1
323 460 23300065 10
215 461 42022113 2
65 462 70069297 6
272 463 26318035 2
320 464 60073205 3
421 465 22571811 6
348 466 44042490 2
352 467 97288703 7
342 468 51257028 1
385 469 69159421 6
469 470 15086291 3
390 471 75606351 5
405 472 85052686 9
129 473 91743592 4
239 324 429 169 91 28 79 258 115 161 194 186 250 215 429 148 367 112 428 81 328 158 188 26 432 254 358 144 314 412 21 368 322 257
129 473
369 164
1 2 35938961 5
1 3 26768176 2
1 4 83944674 1
1 5 27980591 2
2 6 76577864 6
4 7 82801569 3
4 8 95274300 5
2 9 58060925 8
6 10 30231118 10
8 11 30189775 10
5 12 67778894 8
12 13 27332101 9
9 14 27163850 1
3 15 92703458 8
7 16 23369234 2
16 17 1003475 6
1 18 64926040 9
18 19 89531615 2
8 20 2438 9
18 21 13739639 5
20 22 6227118 3
3 23 62734294 9
17 24 83127966 2
18 25 63442754 7
2 26 67491399 8
18 27 32795730 7
24 28 98339729 7
18 29 28391548 1
28 30 86922996 7
9 31 95708608 1
13 32 15651156 3
2 33 17760947 2
3 34 51034624 2
21 35 64482272 4
31 36 25084998 10
14 37 16988171 9
5 38 20732023 6
12 39 1022723 8
29 40 2581852 4
7 41 54553782 2
21 42 98817671 7
18 43 64577782 4
8 44 43292697 5
26 45 22460683 3
45 46 27409021 8
5 47 73619388 7
28 48 27782574 7
46 49 66889862 3
1 50 79266617 8
21 51 1646591 1
4 52 2418470 4
14 53 52545938 10
48 54 25851559 5
46 55 90336635 3
55 56 23215233 5
33 57 79120319 3
40 58 54222186 4
10 59 18394078 2
49 60 95071754 7
6 61 9368288 1
46 62 33598281 8
35 63 61001638 4
2 64 65305790 3
35 65 52568665 2
55 66 37263505 9
65 67 13477363 3
26 68 49337026 2
68 69 50041493 1
60 70 13993209 2
67 71 9120573 1
62 72 41965278 5
18 73 96348190 9
31 74 46537766 10
23 75 93539497 1
5 76 24010329 4
63 77 52694825 4
24 78 24579727 8
42 79 19708126 7
32 80 94855608 2
49 81 70670302 8
7 82 4419988 1
59 83 78510984 2
36 84 41968660 5
18 85 39584190 8
85 86 37854818 1
10 87 91085535 10
46 88 96182378 5
28 89 38019820 3
8 90 77050741 6
44 91 97430037 10
90 92 48738319 10
70 93 11450736 5
42 94 87889931 4
91 95 21976183 2
3 96 49813347 5
12 97 59125968 7
71 98 76210300 4
6 99 58409658 2
30 100 97497680 5
82 101 45016363 4
94 102 80527935 10
11 103 20856697 9
55 104 45286678 7
55 105 21534095 10
90 106 39866361 7
79 107 58839369 1
64 108 48569541 2
65 109 95809867 7
71 110 76053467 4
14 111 73461600 4
49 112 44652869 2
112 113 6320993 2
81 114 23261328 4
12 115 80558794 3
93 116 31545351 7
29 117 43006071 6
11 118 44331952 8
42 119 59546473 4
23 120 49986024 1
106 121 75355950 3
37 122 9205866 9
39 123 18066299 10
104 124 52849020 7
29 125 52464901 5
17 126 58991790 3
46 127 44092057 10
86 128 13619580 3
40 129 25207597 9
63 130 22306680 5
82 131 34071754 4
31 132 45242884 3
87 133 24925086 10
97 134 57960592 8
24 135 64541730 1
76 136 39327768 10
29 137 7607027 7
63 138 68186707 3
30 139 45578224 8
6 140 31828784 3
74 141 40458538 4
38 142 51005632 1
20 143 15079292 8
63 144 11051711 5
108 145 85986317 7
17 146 43463826 7
38 147 76366411 4
58 148 50191080 7
38 149 71137580 8
128 150 93135229 2
58 151 96685336 3
12 152 1274348 10
134 153 77471513 7
74 154 95463560 3
77 155 1973056 5
70 156 509325 7
43 157 92071735 2
35 158 62029741 1
40 159 27498250 9
71 160 18626171 6
118 161 42935896 7
39 162 82206752 5
73 163 33980496 5
5 164 45069269 9
73 165 75940682 4
85 166 22413739 5
104 167 10354843 6
21 168 29407155 8
121 169 37000062 1
6 170 25082356 8
81 171 31372792 5
39 172 10350992 1
132 173 39801158 6
10 174 3882864 1
54 175 78358670 1
90 176 48096875 8
162 177 54645553 6
142 178 69345575 6
2 179 12779512 8
120 180 86414883 10
35 181 23988945 9
47 182 85085976 9
53 183 77454693 6
144 184 45311511 10
141 185 99127677 1
11 186 45823706 10
11 187 38388347 4
46 188 36168273 5
128 189 27224676 2
188 190 57626377 2
75 191 87054970 5
191 192 24944637 8
171 193 20823752 1
53 194 34852733 10
120 195 79479553 6
133 196 79536371 9
190 197 10593717 7
140 198 8259058 4
41 199 22049079 4
130 200 80146741 6
73 201 38296422 2
143 202 96636827 7
50 203 55229820 10
44 204 4844187 1
100 205 48750486 10
104 206 56449344 1
155 207 9754677 1
20 208 66006895 10
132 209 85614889 8
21 210 44307134 9
172 211 3541218 10
142 212 85898138 9
124 213 15610067 8
174 214 91074155 6
101 215 56997187 10
59 216 12357914 8
95 217 41650237 8
189 218 73738162 10
194 219 47725525 6
144 220 7104093 3
131 221 72995561 4
61 222 3777195 6
2 223 59703584 9
221 224 77108944 9
34 225 12958709 6
33 226 73116890 2
70 227 94970492 2
198 228 80280024 5
20 229 53353957 8
124 230 51386220 9
219 231 2473453 8
84 232 92235713 7
148 233 17859606 10
162 234 91571539 6
149 235 44375587 2
71 236 42107121 10
160 237 2312834 8
188 238 38567173 3
185 239 36199884 5
91 240 26802654 8
207 241 83836296 7
32 242 13319894 3
4 243 714556 2
4 244 22690656 1
8 245 63657108 2
39 246 80979873 3
218 247 11932007 1
96 248 40862731 4
40 249 67810859 10
42 250 95842809 6
231 251 89205245 4
41 252 44444686 7
104 253 99225042 7
21 254 66245305 1
219 255 68365374 5
102 256 22186969 10
207 257 51986837 9
128 258 42102993 6
176 259 36631077 5
52 260 49875866 1
214 261 99348731 3
234 262 82637935 5
141 263 70833869 3
58 264 54878489 4
200 265 1993103 5
57 266 16529153 2
102 267 53051187 7
65 268 62930013 3
206 269 72435348 3
98 270 4062326 7
121 271 16380543 2
223 272 67443406 5
4 273 7595553 3
142 274 15146871 8
249 275 41052391 10
139 276 17454555 4
228 277 41518051 10
255 278 92339872 10
70 279 11708682 8
197 280 76433249 8
35 281 53705679 4
67 282 9386689 4
75 283 84992998 6
283 284 72187554 3
242 285 45066605 9
62 286 89676739 7
62 287 81448964 5
18 288 47886941 3
51 289 5788853 8
189 290 48024651 4
121 291 71589226 1
209 292 83293325 10
3 293 52284196 4
60 294 42449951 10
135 295 47049993 2
82 296 17207248 4
268 297 85017307 3
154 298 57516329 6
22 299 58579486 10
66 300 58502026 2
22 301 82513783 7
103 302 44400454 6
228 303 74173513 3
202 304 22958861 7
180 305 29758544 8
20 306 27848864 6
236 307 52257621 10
145 308 65064555 9
281 309 31003465 9
231 310 84496961 9
210 311 52041511 7
260 312 34405503 9
73 313 81466238 1
90 314 14114415 10
16 315 5148142 7
315 316 89747907 2
244 317 67070152 10
118 318 2734674 8
142 319 35263130 6
230 320 3239872 1
166 321 59428544 6
280 322 59440279 3
140 323 28091518 5
34 324 17991765 9
197 325 19016395 5
240 326 51147080 8
186 327 2183569 7
84 328 32321977 10
312 329 50656337 2
156 330 1225506 6
205 331 8157538 8
112 332 79064954 8
142 333 64457405 6
278 334 25123014 5
285 335 91931310 9
161 336 75734508 5
37 337 29081652 3
131 338 97552902 5
3 339 17881795 10
47 340 86141458 3
339 341 83001192 1
166 342 7993635 2
239 343 68086136 9
249 344 79038978 5
161 345 6084497 5
133 346 14935039 3
161 347 68165582 8
34 348 24794245 8
289 349 6416910 9
136 350 24135518 7
32 351 69134577 10
337 352 71901523 9
206 353 18569518 4
142 354 98626369 8
175 355 7869415 4
57 356 65643698 7
51 357 99471102 9
230 358 88627142 4
94 359 45441366 3
282 360 67818702 8
323 361 39294365 7
88 362 137502 7
93 363 99207862 7
55 364 62656732 2
93 365 20606516 9
338 366 82409643 4
158 367 3552671 9
276 368 85707185 4
310 369 50453938 1
164 183 263 293 5 115 344 158 174 152 347 332 329 2 119 63 57 149 311 58 275 252 24 344 245 32 296 118 31 301 21 192 90 105 281 177 215 316 326 200 329 50 83 69 121 97 72 108 70 272 236 63 235 360 107 136 147 81 337 20 303 181 241 351 165 108 249 85 271 112 306 234 184 265 56 247 366 353 340 128 325 63 365 215 228 124 312 67 245 209 15 56 265 26 43 367 7 212 1 309 121 149 224 266 139 157 28 291 341 222 158 16 93 307 238 264 200 284 355 55 19 181 51 2 349 35 157 247 249 324 182 303 119 341 236 81 70 104 16 141 217 11 332 10 366 276 294 195 29 220 347 278 313 154 303 218 142 267 201 163 52 296 297 143
172 39
268 158
1 2 998019 9
1 3 63258419 9
1 4 85789199 10
2 5 8635714 3
5 6 63388101 7
4 7 54472177 4
3 8 38069586 10
1 9 76129820 8
1 10 7635061 2
8 11 9348178 9
1 12 66712228 3
6 13 35524073 5
13 14 40981662 4
10 15 82278228 1
9 16 95918771 10
1 17 67703656 10
13 18 15726267 8
15 19 81963089 2
4 20 81483552 10
7 21 599760 9
3 22 11348643 5
5 23 30565612 9
18 24 57199923 3
10 25 71240956 10
13 26 12702299 10
12 27 79343547 1
2 28 6682564 1
7 29 84359365 9
14 30 29144245 8
15 31 51571914 6
23 32 57983613 3
4 33 10997022 8
6 34 6553426 10
28 35 7614206 3
8 36 16563179 6
15 37 92910647 9
1 38 72504796 3
28 39 63058296 7
9 40 84601053 9
2 41 91320849 9
36 42 32056357 4
34 43 71177124 2
33 44 25636897 5
7 45 82097718 1
4 46 77155992 2
12 47 60831202 2
13 48 4485383 6
20 49 68630495 6
15 50 56529614 5
6 51 15248448 7
7 52 9655334 9
38 53 96624965 8
6 54 82407818 2
23 55 63676918 7
21 56 49297802 7
38 57 13842091 4
17 58 10380411 5
11 59 65829857 2
56 60 78391776 2
22 61 45894159 7
29 62 75433614 1
3 63 6873094 4
43 64 74139700 4
9 65 4206630 4
38 66 72140361 5
13 67 19008377 8
44 68 12872146 4
18 69 53989872 9
42 70 23187636 5
3 71 64804088 5
18 72 86590497 1
5 73 21182210 2
51 74 849901 6
38 75 7948265 4
17 76 81009924 10
39 77 30816603 1
15 78 60208616 1
12 79 97246510 9
45 80 17215800 2
75 81 13568557 5
4 82 84959250 5
69 83 73411799 5
67 84 75222430 7
17 85 93065313 4
45 86 48076224 3
13 87 95284978 7
30 88 85192987 9
79 89 64914587 7
17 90 69972014 5
78 91 88676228 9
82 92 62329985 7
13 93 35990386 1
88 94 53695180 9
81 95 14453068 6
52 96 41249157 3
11 97 49125258 7
44 98 92746469 9
10 99 18494855 8
34 100 21587837 4
41 101 98129465 3
5 102 37656205 6
100 103 70162579 3
7 104 27061156 9
6 105 72821231 6
48 106 35397756 4
32 107 53520606 10
70 108 88413060 1
35 109 28647444 10
41 110 90898164 4
15 111 52695925 4
6 112 27384182 9
78 113 8496030 1
92 114 57191062 4
44 115 11023808 10
89 116 32576657 9
79 117 85800143 10
88 118 63663741 10
22 119 85191021 8
24 120 95108680 10
38 121 86693956 7
76 122 20001862 1
81 123 81211131 10
70 124 2750652 6
75 125 6429922 2
31 126 32443991 4
119 127 13492878 5
33 128 364530 5
96 129 29473488 3
95 130 59854763 5
34 131 76704215 4
6 132 40944415 9
8 133 42264361 1
46 134 70401029 10
3 135 95825398 2
30 136 73966498 7
111 137 67078975 2
45 138 69860067 9
42 139 80631041 2
22 140 31576242 3
75 141 49524040 7
119 142 74842110 6
77 143 20581690 5
69 144 2580750 8
30 145 8832463 5
95 146 65448774 4
16 147 23116463 6
78 148 59506697 6
123 149 52531164 10
15 150 40441856 8
44 151 29766735 4
73 152 74967879 10
142 153 79484786 5
85 154 79929301 7
139 155 18247230 7
82 156 7081137 8
17 157 52579540 6
33 158 53784093 8
130 159 68610457 9
121 160 31544350 3
160 161 3685687 9
57 162 80525162 2
7 163 77785306 4
73 164 38085733 9
55 165 88851741 10
78 166 44499471 3
65 167 80197115 3
50 168 7205258 2
138 169 52532109 10
86 170 47238129 4
144 171 58489658 10
130 172 32903663 10
80 173 3386489 9
169 174 33662119 5
33 175 47345611 6
75 176 2590273 4
174 177 92848434 1
41 178 31656850 1
178 179 62196446 8
162 180 72617498 6
41 181 35668213 8
137 182 34648940 2
87 183 42386923 4
6 184 35321975 7
137 185 74934567 8
152 186 89211802 1
92 187 65575895 4
41 188 84625006 9
113 189 66063882 8
60 190 30030156 5
92 191 82431239 3
17 192 16419159 5
182 193 77151940 10
26 194 35572393 1
1 195 38363677 5
50 196 25036926 5
114 197 67598030 7
89 198 76599297 5
56 199 45444649 7
71 200 45754600 8
151 201 47652485 10
125 202 98220016 2
145 203 10551511 2
189 204 82107889 9
11 205 86177049 9
28 206 36117322 4
15 207 29574321 10
160 208 91649037 5
68 209 37621919 8
190 210 8546465 5
189 211 32310052 10
2 212 97453563 10
66 213 67857966 3
137 214 49540216 3
202 215 82464152 6
132 216 70498611 4
97 217 90794211 9
90 218 70961893 4
133 219 16501091 3
89 220 49841343 7
32 221 60791478 8
149 222 25145263 6
3 223 63097763 1
179 224 44792809 3
25 225 50934646 9
82 226 95039417 10
18 227 18324786 5
116 228 6035659 2
11 229 44430598 7
108 230 93398563 9
104 231 7466595 6
127 232 24753117 10
188 233 83793086 6
142 234 54631403 3
222 235 48559003 2
66 236 47011071 4
212 237 40383466 5
222 238 31556803 4
36 239 41839830 2
71 240 77964128 1
196 241 52434411 5
153 242 94765415 7
188 243 53455442 6
40 244 82376049 8
92 245 45253630 7
203 246 83847021 1
125 247 96330234 5
230 248 26645287 2
86 249 32944390 5
216 250 70172606 4
107 251 91588402 4
89 252 30873953 2
167 253 75266361 9
43 254 45894740 8
127 255 72547704 2
170 256 72076315 7
99 257 60807307 9
205 258 36254755 3
175 259 76721833 2
84 260 6527239 9
50 261 18994203 7
232 262 64907641 8
184 263 62485564 3
81 264 9154285 2
51 265 19559224 8
4 266 53484163 1
112 267 39260988 7
190 268 67442378 4
230 43 50 138 8 146 78 142 86 169 237 112 116 146 160 11 73 231 190 144 68 4 16 253 24 218 183 196 185 111 251 187 151 203 183 139 172 84 13 198 1 176 218 112 91 195 192 1 74 268 176 80 219 123 163 218 45 214 251 254 96 247 241 208 225 60 134 150 256 106 77 187 160 237 167 67 114 219 116 148 4 176 45 74 238 139 83 128 38 196 250 108 137 211 234 238 22 242 108 139 212 268 162 58 117 31 93 111 260 56 192 163 178 139 252 81 241 131 192 107 235 17 63 207 35 105 61 41 147 148 250 90 95 57 211 238 248 200 77 231 81 129 141 33 171 15 170 3 82 265 122 231 171 32 240 36 248 77
137 182
330 212
1 2 38211602 5
2 3 92381235 9
3 4 86319408 4
1 5 69315229 5
4 6 67733046 3
4 7 49880522 6
7 8 72849130 4
3 9 46516431 10
8 10 25786572 3
1 11 78596622 1
5 12 18775474 1
6 13 1190139 5
1 14 43225524 6
8 15 18853985 3
6 16 21607351 2
10 17 10505677 6
8 18 90782123 2
5 19 12295922 1
8 20 57091232 6
3 21 42628196 1
8 22 8664500 9
20 23 49208743 5
23 24 22343426 10
5 25 70714922 2
17 26 6508857 5
26 27 468007 4
5 28 30416439 5
28 29 48618552 2
18 30 58562647 1
17 31 88864644 2
24 32 6333721 7
21 33 11922586 2
22 34 24885702 10
18 35 6230639 7
33 36 65819333 1
36 37 16261465 1
29 38 54869316 5
26 39 55181441 10
11 40 80947913 4
25 41 60705649 2
21 42 39542608 8
34 43 66959565 9
15 44 47854044 6
39 45 41627670 8
2 46 72603742 3
44 47 56332366 9
20 48 57599175 2
40 49 3850976 9
9 50 58935639 8
37 51 6355686 10
43 52 96765389 1
6 53 33374872 2
37 54 16351724 10
4 55 84750950 5
22 56 91555601 4
41 57 59936618 2
21 58 68099616 8
45 59 18871837 6
59 60 80975062 4
7 61 2511197 10
20 62 51732604 1
19 63 68459758 6
14 64 81586652 2
50 65 97106516 3
18 66 52461274 7
51 67 98488761 9
37 68 65550092 3
11 69 85891352 2
33 70 84114952 8
34 71 71850940 7
59 72 32665451 6
66 73 24984251 10
2 74 63443365 8
44 75 97082620 2
26 76 80333292 3
61 77 85585502 8
19 78 23870582 6
32 79 35462613 7
66 80 66278791 7
31 81 92780184 8
31 82 89134201 10
43 83 6825840 2
54 84 24293477 7
50 85 63853764 4
26 86 60070383 2
84 87 53105771 1
48 88 43674987 2
43 89 20233395 6
59 90 77839828 2
60 91 90816456 2
19 92 80933587 1
69 93 4630400 2
83 94 65399881 1
7 95 93131713 10
1 96 73307779 4
41 97 20056753 1
2 98 20545447 6
16 99 84333853 10
52 100 1886940 3
70 101 61334136 7
95 102 37911617 7
8 103 67909022 1
82 104 22681694 9
59 105 30556581 10
1 106 34241771 2
75 107 84786030 7
50 108 85914702 2
35 109 55570979 2
18 110 71768270 5
99 111 48847902 5
103 112 90250127 2
104 113 35324868 3
38 114 84812909 2
90 115 28813671 5
56 116 62956651 5
114 117 67748881 4
37 118 92009071 5
99 119 60110325 9
65 120 63475215 5
108 121 15256801 5
107 122 67518386 6
109 123 48641486 4
20 124 29552491 5
99 125 34943170 2
24 126 68329998 8
88 127 85670191 4
79 128 18424340 2
86 129 63717674 3
55 130 49684292 2
123 131 72951622 8
31 132 22853709 9
87 133 6330535 4
104 134 54867706 2
75 135 44031341 5
129 136 54168616 8
45 137 63806875 9
44 138 79351280 4
111 139 32719606 10
52 140 51904255 8
134 141 57627259 6
15 142 20267341 7
122 143 93067154 4
46 144 28564118 2
13 145 58778424 6
98 146 10730971 4
120 147 4555664 10
75 148 17421205 9
62 149 25534329 3
117 150 29899028 8
94 151 66730030 9
120 152 99836555 3
141 153 20101458 10
33 154 98579400 3
10 155 51453719 3
47 156 61733788 3
9 157 39108521 2
70 158 14710817 2
53 159 88624054 4
26 160 773405 4
18 161 9757341 2
103 162 37547718 5
45 163 22304033 8
127 164 74651002 4
15 165 71522914 1
84 166 69449225 1
137 167 45449345 3
157 168 99079445 8
46 169 27457714 3
130 170 88973316 7
21 171 25920509 1
94 172 58298208 9
77 173 81326905 8
24 174 11613977 9
63 175 95429151 4
80 176 20066232 5
103 177 23824080 3
18 178 46757387 8
110 179 11399740 6
125 180 19607069 2
155 181 28134072 6
84 182 40415860 5
167 183 8189610 5
159 184 93723903 7
93 185 1400519 5
57 186 8194686 3
96 187 99643462 4
99 188 54907949 6
23 189 18840534 2
138 190 67632582 10
77 191 84119184 8
151 192 66202769 6
47 193 28902446 4
23 194 82791849 10
19 195 86383101 3
189 196 91700969 1
17 197 42285650 8
27 198 15691167 2
70 199 61852643 8
37 200 74036378 2
115 201 66104369 9
172 202 79507658 4
42 203 42457677 9
28 204 97152602 6
34 205 47506635 5
115 206 25227774 3
197 207 31641634 9
38 208 90500514 8
136 209 10822247 7
121 210 25844153 8
22 211 17864329 3
87 212 45806606 1
35 213 36267366 3
41 214 30723069 10
71 215 13456745 8
159 216 10331570 10
36 217 27371887 4
68 218 79991195 6
106 219 5947050 7
73 220 92245393 7
33 221 89814809 4
24 222 344314 8
90 223 50923681 6
161 224 27803578 4
205 225 78717192 7
139 226 84836684 4
207 227 48335380 2
208 228 74924493 6
62 229 17959641 5
206 230 28216816 9
71 231 50076669 1
129 232 6926420 3
73 233 38967361 6
178 234 66915735 3
136 235 85501043 9
116 236 18794205 2
135 237 51645332 1
170 238 47687781 3
229 239 72911892 5
152 240 70671488 5
118 241 62412560 8
136 242 80813835 10
164 243 47013786 7
88 244 16259562 4
206 245 13668101 6
110 246 72297354 8
134 247 615940 7
197 248 23596022 5
244 249 7372616 3
249 250 78817814 6
156 251 61951211 6
232 252 8176925 7
138 253 82076721 4
56 254 20068067 3
104 255 12100680 5
105 256 43302589 2
193 257 69250415 5
4 258 71627625 9
48 259 52296934 10
184 260 51695159 3
244 261 75826227 4
198 262 23374795 6
57 263 51160971 2
18 264 35607796 6
148 265 92435814 10
82 266 98083438 5
108 267 63081338 9
175 268 9251435 7
239 269 61292099 7
193 270 28801068 7
127 271 51755369 3
177 272 36731400 6
128 273 1679404 7
54 274 77682621 3
151 275 534098 1
55 276 4242751 7
36 277 53614274 1
42 278 98395898 7
107 279 68081916 8
247 280 8945288 7
57 281 88873168 6
1 282 47790939 5
208 283 96856247 9
174 284 74997169 9
107 285 41645352 6
257 286 93496856 5
119 287 3378897 4
13 288 14842485 1
95 289 2868640 9
287 290 42807011 5
232 291 6963286 9
80 292 90193907 7
283 293 7545002 10
283 294 66749006 6
225 295 59316560 10
166 296 3661098 2
159 297 63093752 4
54 298 49403041 7
169 299 53089376 10
35 300 27957456 4
9 301 15459883 2
8 302 42452166 10
25 303 10313657 4
177 304 10655941 6
301 305 84334051 10
166 306 65922045 2
44 307 90565632 9
74 308 18109321 9
270 309 14552596 4
133 310 20896246 7
170 311 23670312 7
200 312 30746296 7
54 313 36514689 5
95 314 18279786 4
98 315 61295898 6
182 316 15839284 6
56 317 11608570 7
207 318 34684511 2
226 319 26064290 6
77 320 64694584 3
317 321 54432524 4
10 322 77350933 3
189 323 97126433 5
14 324 37055138 5
124 325 28967678 2
194 326 67747630 6
88 327 62660709 8
267 328 88341619 9
21 329 84254860 3
263 330 53045193 9
111 302 236 145 299 24 3 300 305 300 319 37 169 317 66 16 29 91 80 54 174 45 173 166 162 51 27 111 212 42 205 210 51 24 34 233 165 175 299 186 330 11 45 102 195 21 282 108 233 74 168 145 301 279 88 206 305 169 170 148 245 194 122 56 244 6 168 10 289 320 305 44 115 199 110 147 187 296 82 326 50 99 85 217 83 290 146 304 201 181 215 75 190 36 200 186 53 12 127 8 79 302 263 212 62 45 30 5 311 242 91 247 175 286 89 51 198 271 28 124 259 262 236 87 264 221 318 31 239 249 302 66 6 26 223 233 135 184 194 267 214 28 106 241 244 135 90 78 145 245 286 41 224 63 288 60 212 164 294 43 44 269 176 117 188 261 203 142 170 167 289 297 303 281 153 204 101 3 199 76 134 262 162 263 250 200 205 324 243 62 11 106 39 228 31 168 106 198 238 107 42 274 252 73 120 70 272 319 139 104 5 25
95 7
267 112
1 2 6187845 1
2 3 95289870 4
1 4 97853896 10
4 5 81597056 5
2 6 69952660 10
3 7 72556734 10
3 8 27282030 4
1 9 84587302 7
2 10 99273450 1
8 11 41576623 10
2 12 94670954 3
4 13 20015201 3
2 14 31221774 7
14 15 14333252 8
1 16 4384849 4
10 17 52057109 10
15 18 68354629 1
4 19 28802417 5
14 20 38166520 10
18 21 30724916 4
14 22 84757467 4
17 23 47470019 8
17 24 95883471 3
15 25 25279637 10
2 26 43589223 5
16 27 91516712 8
9 28 86405419 9
16 29 5669650 9
12 30 61939822 3
27 31 33862736 10
6 32 22250690 3
4 33 67276583 2
32 34 49304176 9
9 35 14514905 4
6 36 63829584 5
10 37 80624670 9
1 38 36371150 2
21 39 22220923 8
1 40 86382700 6
19 41 3569287 3
17 42 2820104 4
20 43 84861349 8
5 44 91420545 6
22 45 3639949 10
2 46 22956453 9
9 47 36681946 10
37 48 45762532 10
32 49 92741865 3
35 50 96405792 7
32 51 99580557 4
35 52 97064239 3
45 53 96226065 3
39 54 59908253 5
26 55 62973059 5
28 56 53323969 2
36 57 13977695 2
36 58 71153480 2
27 59 17423343 1
12 60 27143042 5
34 61 9869644 5
14 62 51713507 7
38 63 97162510 9
49 64 54767108 10
28 65 48883812 3
16 66 70159179 8
23 67 44645571 4
43 68 2852779 3
30 69 74078294 4
8 70 95217437 2
52 71 27272968 1
71 72 45347686 6
70 73 49037569 10
28 74 90535902 3
41 75 11986449 9
14 76 71961567 8
29 77 74264090 9
25 78 43549560 1
49 79 54831191 10
48 80 85595431 1
51 81 93555324 5
64 82 43338411 9
22 83 99107424 6
38 84 51548928 4
74 85 16402418 1
56 86 97599464 8
71 87 71592725 2
26 88 90611812 3
65 89 80028478 8
14 90 27206489 9
53 91 98351672 1
19 92 18317440 3
3 93 56564415 6
60 94 11203699 7
23 95 43571288 1
85 96 26821081 9
25 97 81446559 6
13 98 356602 10
13 99 54857189 2
91 100 78128676 10
45 101 79883169 10
60 102 80736462 10
85 103 22675187 10
9 104 9550045 5
77 105 9691736 3
76 106 61716363 8
77 107 8981315 8
68 108 48223134 6
55 109 91659786 8
47 110 46852143 9
35 111 68234295 7
56 112 32911846 7
94 113 89038954 4
37 114 92226408 8
96 115 22977671 3
96 116 62571485 7
5 117 66065412 9
102 118 9932587 10
45 119 65379179 9
16 120 8680152 2
44 121 60932862 3
18 122 90690388 9
84 123 19762504 7
20 124 95480129 5
61 125 86643996 7
67 126 40802047 5
51 127 33975721 7
87 128 17199081 5
34 129 5379019 3
99 130 64868294 10
81 131 89632260 3
104 132 16902962 1
120 133 5578022 6
89 134 52669292 8
27 135 5923942 8
48 136 98313643 4
11 137 6090559 10
38 138 64193370 3
72 139 56437530 7
74 140 16926090 1
131 141 54735827 5
136 142 65584845 8
52 143 97722373 3
6 144 10378164 9
116 145 43838773 2
76 146 45010250 4
76 147 37202000 6
131 148 93309745 7
61 149 77215168 7
50 150 72739770 6
96 151 93760998 2
99 152 85696612 6
58 153 97749896 4
75 154 20943626 6
122 155 64665755 7
44 156 10463196 9
118 157 53462982 10
122 158 92020853 8
28 159 46516821 6
31 160 339322 2
46 161 32783148 10
56 162 36351252 7
41 163 52497346 10
96 164 21373725 9
26 165 75626076 5
29 166 58477062 2
145 167 64102736 9
31 168 82187204 3
133 169 85480406 1
121 170 21976469 8
51 171 92499715 9
11 172 88539249 6
125 173 12479868 7
35 174 72282270 5
17 175 25267473 3
131 176 28721504 4
11 177 57729789 9
91 178 89632825 2
159 179 83721538 8
173 180 45245379 5
39 181 74556920 5
178 182 45311117 9
122 183 32032692 2
142 184 2014825 7
7 185 27504616 3
54 186 95977678 5
43 187 63574026 5
3 188 97296081 6
30 189 90732188 8
170 190 14138826 8
145 191 86081301 8
110 192 35235430 3
171 193 67676333 1
90 194 51345729 1
180 195 20274823 3
124 196 72538112 10
183 197 84302130 10
185 198 7480139 4
170 199 68231524 3
51 200 96534599 7
113 201 14923100 8
113 202 49936110 7
33 203 27314656 7
85 204 4214941 7
124 205 11843808 10
155 206 87367305 3
117 207 19555516 8
66 208 57605658 6
68 209 18877201 2
65 210 55383 5
153 211 94407132 4
21 212 13040665 5
45 213 41731483 10
65 214 91065281 5
154 215 68838421 7
101 216 25491323 8
113 217 84145873 4
22 218 78896950 6
212 219 56842862 7
94 220 96017718 9
48 221 51060800 1
66 222 2575719 8
136 223 90838319 6
76 224 69323573 7
163 225 33672411 6
134 226 38463569 5
220 227 15275507 7
199 228 76190043 7
139 229 26109675 7
58 230 42507429 7
222 231 72614507 3
154 232 58266841 4
191 233 79565470 5
82 234 84321759 6
221 235 52837190 2
206 236 66748188 9
104 237 70650209 8
124 238 61517789 5
22 239 91587261 8
29 240 13310803 8
122 241 93650412 7
76 242 83067216 8
138 243 26390212 4
188 244 62480900 9
36 245 84181809 5
134 246 76094168 2
225 247 95196191 2
27 248 79942719 1
12 249 40768508 5
209 250 60304108 9
126 251 6708668 5
73 252 53494898 7
74 253 67390623 4
171 254 97396426 9
199 255 54586790 4
104 256 31195391 10
99 257 16962117 10
106 258 360601 5
196 259 7617704 1
114 260 47829222 3
210 261 83944516 6
176 262 78210352 10
114 263 40719231 7
187 264 84926546 4
244 265 42208384 5
222 266 48590032 6
108 267 78016968 6
145 45 30 65 146 132 230 73 201 176 201 169 15 44 264 42 28 226 149 170 147 39 129 69 33 171 103 44 139 47 197 55 223 5 240 45 6 195 200 212 261 154 175 105 59 2 199 211 252 124 92 56 29 54 3 117 216 113 12 40 21 226 90 181 85 52 17 144 214 264 98 184 94 1 260 224 223 30 131 218 142 20 166 264 142 252 74 67 203 114 109 189 241 176 100 209 223 52 265 217 132 253 23 33 152 28 44 145 147 31 62 110
194 90
155 81
1 2 27545182 8
2 3 3359001 1
3 4 22201992 8
4 5 26009 7
1 6 42512280 9
4 7 60934041 8
7 8 33379796 8
8 9 80142889 7
5 10 95549775 4
1 11 39364012 7
11 12 57911514 5
1 13 73578067 8
2 14 49776096 3
12 15 38847381 10
14 16 70035472 9
7 17 64216299 2
16 18 77099787 8
1 19 4798859 5
17 20 51180529 5
12 21 98227807 10
1 22 31037850 3
8 23 51341995 1
8 24 60484169 3
17 25 19112896 1
14 26 55506754 2
2 27 32844476 1
26 28 4251983 2
14 29 56985435 6
22 30 83988473 6
17 31 63069059 8
9 32 80831742 2
26 33 11377596 9
6 34 3577533 5
27 35 2999270 3
10 36 67136076 1
32 37 37042465 8
9 38 79375823 3
13 39 65530554 5
34 40 83584095 5
16 41 79464229 6
21 42 54051598 1
4 43 29697432 1
35 44 45659604 8
6 45 86986402 5
12 46 8562267 5
12 47 7808217 4
42 48 51809366 6
19 49 90473472 1
30 50 91838971 9
2 51 35028691 7
12 52 48120613 10
16 53 14922898 3
3 54 74160112 8
30 55 2721815 2
40 56 17780027 9
51 57 49976811 10
34 58 76965286 3
1 59 30852785 2
43 60 56065559 9
32 61 91870724 3
33 62 61609987 4
34 63 71463378 8
47 64 89773796 9
12 65 81781023 5
44 66 17779659 6
5 67 84976009 4
41 68 85388422 9
23 69 33841456 7
14 70 44236104 2
11 71 60050195 10
60 72 70656144 6
66 73 71490793 2
21 74 64219109 2
30 75 17160241 7
54 76 92204427 10
54 77 13996889 4
25 78 16325827 3
48 79 18844965 5
33 80 1026244 5
28 81 55250825 1
5 82 99387609 7
22 83 18359385 1
68 84 95877186 9
80 85 22252440 5
46 86 69318974 5
71 87 12737628 5
63 88 79582166 10
24 89 48734436 10
5 90 45851983 1
37 91 46776770 4
24 92 93118985 1
9 93 4476692 8
42 94 94961448 3
75 95 48576047 4
75 96 42499553 6
79 97 5381089 4
3 98 54437390 5
86 99 33765017 8
54 100 46003403 6
43 101 53695524 4
14 102 63091309 10
91 103 9793578 5
92 104 34655297 2
35 105 80228054 5
42 106 40498500 4
44 107 46165591 1
106 108 6009598 4
33 109 4467477 5
34 110 85261991 4
7 111 5275304 10
45 112 74485328 4
60 113 15168490 3
38 114 69716261 2
8 115 97536600 9
98 116 75606643 2
78 117 86933760 8
19 118 51568135 6
82 119 86162649 1
49 120 24135399 8
86 121 81363866 1
109 122 1664236 3
1 123 62282268 1
13 124 42062779 5
93 125 54735342 9
64 126 27112702 7
82 127 8996195 5
88 128 72645492 4
87 129 340884 1
86 130 3104764 3
17 131 79468715 3
69 132 82182144 9
91 133 28140768 7
19 134 54613851 9
105 135 88104245 9
63 136 87906958 9
80 137 28752641 1
9 138 41968973 9
20 139 71834797 9
131 140 3272299 1
130 141 63292474 3
43 142 55600983 4
73 143 87361781 4
109 144 25967082 6
99 145 76939540 6
125 146 38259280 5
43 147 97377324 2
32 148 17254590 9
16 149 98735065 5
20 150 41471307 3
35 151 47098624 7
89 152 36964004 9
123 153 708384 5
64 154 60389397 1
22 155 8513468 5
110 69 117 82 67 132 13 64 108 17 152 125 65 6 143 89 155 118 123 125 117 87 82 6 92 72 68 117 121 23 48 4 138 149 142 43 83 86 36 139 116 148 37 50 73 142 1 96 48 87 6 64 5 54 28 64 4 84 113 96 35 74 135 117 32 53 143 62 6 49 43 89 99 91 71 42 20 113 47 117 98
86 130
485 20
1 2 54169651 3
1 3 3342537 6
3 4 54788711 9
2 5 73002650 9
1 6 60846353 4
3 7 34108323 5
5 8 42690352 1
3 9 33934736 6
4 10 35260070 4
9 11 30307552 5
6 12 74692563 3
6 13 54304306 3
8 14 90668955 8
5 15 17240463 7
10 16 94561740 6
14 17 16482841 7
2 18 88112836 8
4 19 36735903 1
13 20 44431989 6
7 21 89063415 2
9 22 43832001 3
3 23 32696629 9
19 24 54461703 3
13 25 36100457 4
13 26 62220905 8
15 27 68465050 6
3 28 23054557 2
12 29 27128892 3
9 30 7611612 10
23 31 59436260 3
13 32 43813328 1
8 33 34853065 6
22 34 71593160 6
29 35 45603685 10
10 36 95060567 8
19 37 41880580 10
12 38 34428148 9
31 39 6962205 9
3 40 31296912 4
28 41 64178590 6
12 42 86025493 4
11 43 29893923 1
2 44 93621568 7
22 45 73473838 10
24 46 73711516 3
31 47 32191356 4
40 48 23329955 7
44 49 37009246 9
47 50 39104805 3
22 51 24409476 7
10 52 56946088 10
30 53 9701589 1
48 54 18747605 8
38 55 44801453 5
34 56 26273204 8
48 57 42340375 9
48 58 70811875 8
14 59 55458155 7
11 60 73004960 10
58 61 59788518 7
19 62 66733622 8
62 63 24824661 7
16 64 94670930 10
13 65 28275983 5
38 66 7397269 2
3 67 64590689 1
49 68 13451385 6
51 69 4067806 8
44 70 43338995 5
57 71 66669865 7
11 72 36781224 2
52 73 2348127 4
27 74 5058138 7
69 75 3199070 3
71 76 67969785 6
38 77 77550157 5
35 78 16339617 7
68 79 99071629 1
29 80 82087926 5
44 81 35033368 4
71 82 29236002 10
37 83 13708959 10
48 84 1217319 7
15 85 77367488 8
49 86 57684129 8
55 87 92795162 7
23 88 45599207 7
17 89 87831280 7
66 90 77486800 9
80 91 33254483 3
69 92 94458088 8
79 93 69734501 8
85 94 25777869 1
80 95 93726814 8
71 96 87137070 7
9 97 75354297 5
42 98 47642773 7
64 99 69886678 6
25 100 4705832 7
75 101 26947901 2
9 102 51338579 7
12 103 72268769 5
86 104 49811437 9
63 105 23567087 8
49 106 50875711 3
17 107 95522445 9
65 108 74283691 5
78 109 47305187 10
51 110 66389385 9
55 111 63560752 9
22 112 6108004 9
7 113 17731528 2
65 114 66366366 2
36 115 2142798 1
9 116 57919626 2
113 117 36444439 2
3 118 19129981 5
89 119 63643576 7
77 120 16866168 5
117 121 25922441 8
93 122 9732396 6
14 123 13686707 3
23 124 55515331 3
17 125 72904263 1
15 126 75411119 1
17 127 46690135 1
60 128 77661098 1
20 129 43804025 4
118 130 51396198 8
79 131 72176259 2
57 132 7215203 10
12 133 48622580 8
90 134 54602008 9
29 135 7018820 10
3 136 42035244 6
89 137 92588090 8
78 138 95136879 3
106 139 6087036 4
136 140 23358758 7
112 141 63773135 3
116 142 54021715 1
106 143 62985443 10
12 144 5522331 3
43 145 27086983 4
35 146 36253924 5
41 147 86814215 5
91 148 48632200 5
3 149 69670319 4
99 150 78871535 1
48 151 55560896 6
44 152 14549630 5
91 153 13265047 8
59 154 56041230 2
42 155 5195166 3
81 156 20632397 5
7 157 16874647 7
72 158 82976074 5
24 159 38615097 4
70 160 19673572 1
12 161 28297706 1
42 162 71750092 3
154 163 68469064 10
88 164 74941996 5
93 165 83423162 8
92 166 47435985 2
68 167 99593221 7
114 168 46005659 4
97 169 99315585 9
120 170 79322186 4
112 171 97901629 9
75 172 66389225 2
153 173 40236161 5
123 174 53798025 3
129 175 43296640 4
99 176 30827711 6
48 177 27305027 2
72 178 44204306 10
35 179 41658015 9
167 180 95703783 7
141 181 20910289 1
123 182 83021831 6
181 183 35861277 8
136 184 86254169 7
112 185 68882480 1
109 186 70999925 9
87 187 77071727 7
59 188 59833709 9
95 189 28357196 7
115 190 78789047 5
151 191 50495438 7
10 192 78229099 7
115 193 33111936 2
7 194 85926837 8
114 195 21059710 6
116 196 60337552 5
1 197 89875408 2
152 198 34660109 2
33 199 24437836 7
161 200 66506294 8
136 201 4918005 5
101 202 95626255 7
110 203 55485185 8
102 204 41848885 6
138 205 84649531 3
66 206 8044995 1
77 207 23655476 6
58 208 87361309 9
20 209 21839606 6
156 210 84728724 9
201 211 70272817 5
142 212 84935447 1
197 213 98350410 7
208 214 72127229 1
38 215 41076274 5
19 216 19730471 8
166 217 22882505 7
133 218 18110919 10
85 219 16140159 10
78 220 56688430 3
1 221 30672225 5
1 222 17628167 9
205 223 45933225 1
105 224 26697142 1
99 225 64456985 9
20 226 9121619 8
90 227 18742434 8
144 228 94430495 9
227 229 91852979 9
213 230 26709136 8
29 231 44171117 9
41 232 12825161 4
96 233 78856703 1
91 234 69538972 7
213 235 97377564 5
154 236 70485090 10
187 237 77400848 7
85 238 48163130 2
224 239 89383971 5
172 240 28245409 5
207 241 24802410 5
79 242 58872249 8
94 243 96191999 2
71 244 77999923 9
70 245 63971923 3
1 246 53186516 10
176 247 84574705 6
74 248 1799416 4
228 249 50340382 8
222 250 66718549 8
172 251 95558510 5
199 252 24788856 2
76 253 43436624 8
120 254 86891635 2
147 255 18239943 10
188 256 30552050 5
105 257 55003913 8
21 258 55560037 5
116 259 13758157 4
160 260 56824971 2
134 261 72547111 4
47 262 50964296 7
28 263 33761606 6
9 264 53485876 1
183 265 76751568 1
65 266 83539680 6
149 267 33495383 6
121 268 2699816 7
249 269 46956066 4
47 270 18173538 4
190 271 89871263 9
13 272 36170787 3
215 273 56390107 4
86 274 45964375 9
236 275 35223781 5
165 276 95174294 2
180 277 17487195 8
273 278 50100090 1
108 279 58275088 7
88 280 14290797 2
146 281 71196699 6
4 282 94698851 10
192 283 46621492 4
23 284 50176372 1
62 285 3808392 8
206 286 67264022 3
151 287 1945223 1
7 288 35373776 2
38 289 48590452 6
65 290 1090065 6
199 291 40477322 4
192 292 86451190 2
120 293 21598018 10
270 294 23303358 6
109 295 73710984 9
47 296 30082971 8
16 297 75371969 10
85 298 72321854 3
234 299 42222352 6
100 300 15220991 7
282 301 22912604 1
75 302 22018092 6
261 303 31036679 2
155 304 74777072 2
143 305 57375373 8
21 306 44067684 1
179 307 93522042 2
238 308 21985759 6
84 309 97502430 4
153 310 82521924 9
201 311 98712587 9
11 312 39161035 10
235 313 19968565 9
144 314 71357730 10
193 315 63907086 2
179 316 91354428 7
284 317 9791746 3
81 318 49381163 9
295 319 44589997 7
58 320 76269523 6
21 321 17963453 10
9 322 4228044 2
295 323 19092479 2
113 324 24391908 9
174 325 86930958 1
48 326 32153948 8
173 327 47193998 9
59 328 72433888 10
302 329 62778587 9
142 330 47271543 7
240 331 24312112 8
169 332 33447857 5
131 333 9200779 4
299 334 25449763 5
8 335 72998068 8
47 336 78408225 7
36 337 57720384 4
97 338 6643227 9
147 339 39629696 5
197 340 22388234 4
102 341 93554979 1
111 342 19078725 4
223 343 21988617 2
307 344 34956155 10
68 345 96928341 1
7 346 57476084 7
336 347 99117598 10
159 348 36370330 2
227 349 8762176 1
174 350 47240022 3
79 351 38695780 5
85 352 79842195 10
176 353 47620726 9
271 354 18351599 4
48 355 1786184 5
102 356 78284082 10
218 357 61348869 7
130 358 7198487 7
332 359 76955210 6
307 360 90709777 6
358 361 5870237 10
166 362 97908701 1
122 363 89158180 8
197 364 16218327 6
358 365 98629677 7
355 366 71001462 1
245 367 14968114 8
31 368 78249962 8
317 369 63763830 3
322 370 93982878 6
187 371 74108957 7
255 372 90081623 3
38 373 61232136 10
150 374 25264148 9
95 375 35943781 5
265 376 98883949 7
221 377 63177225 4
377 378 51381564 1
17 379 33219218 3
115 380 67201474 8
66 381 79302068 7
124 382 18951510 5
19 383 18327956 10
350 384 7280894 7
27 385 80852366 5
327 386 11905148 5
95 387 46495751 5
192 388 54998406 7
280 389 17355771 9
34 390 33726854 10
370 391 4739627 1
335 392 87635670 6
61 393 77633776 6
97 394 61089178 2
238 395 59733659 1
195 396 52764542 6
276 397 74477995 10
70 398 45964359 9
387 399 16656 9
158 400 92249440 10
22 401 22052361 3
56 402 31701504 2
118 403 3810863 7
6 404 91577853 10
152 405 32686423 9
269 406 76995156 6
46 407 41626756 1
386 408 85692361 3
159 409 34704301 10
255 410 57238858 4
70 411 46978912 7
292 412 32802817 7
9 413 47465816 10
3 414 33675723 3
49 415 57117057 3
82 416 1049688 5
396 417 54405178 10
252 418 90336392 8
334 419 23441893 8
271 420 43940207 8
303 421 44365938 3
19 422 84781642 1
32 423 65221168 5
118 424 738178 9
11 425 9826903 6
45 426 12674578 10
174 427 73338365 6
228 428 55997322 4
221 429 53307899 4
10 430 54915924 5
290 431 82463411 7
388 432 17615483 1
141 433 15319061 4
168 434 24850364 2
139 435 20958932 6
404 436 75207831 8
427 437 9572765 8
61 438 79845817 7
389 439 18976734 2
228 440 25843810 5
436 441 74957996 9
437 442 61743255 4
400 443 90366861 8
166 444 40100570 1
251 445 17101343 10
242 446 59483043 8
352 447 86908075 9
400 448 17573295 1
324 449 57714508 6
237 450 19786662 8
287 451 88483925 8
283 452 14934440 5
373 453 78650528 10
268 454 29341517 7
235 455 87811546 10
138 456 44184671 2
152 457 19177618 2
282 458 41479105 3
287 459 87369250 9
84 460 30166532 9
449 461 18656507 2
403 462 48643525 10
43 463 62992628 6
64 464 76590599 6
310 465 36919494 4
90 466 4906623 10
307 467 25838741 1
304 468 99091190 8
332 469 81042755 8
216 470 75981130 4
99 471 88083327 10
9 472 36333436 3
319 473 73657242 10
96 474 73946008 1
449 475 79800121 8
318 476 90527622 5
119 477 51743281 2
27 478 42653741 3
278 479 61992215 1
287 480 58143769 3
157 481 91986931 6
365 482 57231530 1
263 483 43453917 5
149 484 50951694 1
265 485 26306231 2
471 224 113 356 291 176 72 397 43 417 324 444 157 267 34 119 15 50 68 168
69 92
496 135
1 2 41231973 5
2 3 83124570 6
1 4 14400787 1
1 5 40840179 5
1 6 74402133 5
1 7 29163344 8
1 8 85352576 4
1 9 52901498 4
3 10 47376514 5
9 11 23596791 1
3 12 20013516 7
7 13 74684947 2
11 14 71569604 7
14 15 13857889 5
11 16 26093276 3
4 17 51074668 10
17 18 32601684 8
13 19 12887421 4
8 20 1561013 9
18 21 35689098 7
5 22 13190357 10
14 23 6318462 2
3 24 5758993 3
5 25 7475436 5
5 26 4328247 5
6 27 85546703 5
2 28 81339733 10
11 29 64775646 4
24 30 94958476 4
8 31 55179904 2
13 32 77378786 2
11 33 44893625 8
10 34 59523852 1
9 35 90809780 2
5 36 4329684 7
36 37 11745029 4
6 38 66377556 3
37 39 38416792 10
12 40 95958447 1
20 41 54862119 2
17 42 11677843 5
35 43 95864930 1
2 44 66923788 1
1 45 4108574 1
14 46 23637984 1
11 47 38222942 6
17 48 21768440 5
26 49 18278469 4
45 50 77011510 2
31 51 99386869 4
16 52 59356702 6
50 53 88616134 2
7 54 14645401 10
21 55 70015128 9
49 56 35451776 5
49 57 86456175 7
21 58 81278774 1
25 59 70671834 1
39 60 34897387 9
59 61 68169843 9
50 62 37076507 7
13 63 49826762 4
43 64 14873311 2
23 65 55355793 3
52 66 53604205 9
47 67 91996305 4
32 68 97407763 4
51 69 20827456 3
26 70 20268893 7
49 71 66287445 8
26 72 17268721 5
14 73 24315284 1
15 74 2159955 10
40 75 21672600 3
64 76 86594681 6
68 77 20571652 5
35 78 31019052 3
57 79 77154978 4
69 80 32643401 10
66 81 27776753 9
24 82 52953073 3
31 83 97514700 6
81 84 42359324 8
21 85 42663766 8
82 86 50923226 10
72 87 70417130 2
72 88 98599331 7
13 89 42476204 3
15 90 36566265 5
54 91 39981368 6
54 92 45045813 5
55 93 53193188 7
9 94 67078365 10
35 95 63057955 6
89 96 65433069 1
85 97 36183837 9
95 98 43506634 8
41 99 33464441 4
34 100 50332799 10
100 101 26747632 5
22 102 20377741 4
23 103 97820659 7
31 104 85995334 5
74 105 34944286 10
57 106 57948008 2
52 107 75298820 8
1 108 46163004 2
47 109 93487010 3
36 110 61252847 8
28 111 86464670 1
5 112 29306297 9
66 113 67091659 2
25 114 44463295 7
40 115 98453327 2
35 116 95192960 5
68 117 1752504 3
26 118 26382853 3
78 119 46237359 2
29 120 69174397 3
110 121 78486522 3
111 122 73627693 2
16 123 89690608 2
14 124 67205496 7
97 125 71980911 7
47 126 22969850 5
37 127 50083290 2
59 128 10824820 2
83 129 35712337 8
24 130 23213259 7
31 131 80767630 7
93 132 24988207 2
22 133 21522787 4
11 134 809702 7
122 135 16385499 2
129 136 34699742 8
61 137 77711740 2
113 138 53432369 3
119 139 89643929 5
112 140 45957225 10
67 141 81902069 3
83 142 23461660 1
32 143 25593999 10
95 144 64959370 4
24 145 46333356 10
85 146 79809695 6
6 147 83493581 5
132 148 3945166 10
97 149 30649127 3
93 150 35571048 1
129 151 40487359 2
38 152 21963610 3
75 153 15783266 10
76 154 42551182 5
125 155 15464601 7
61 156 65667817 7
29 157 46758201 5
44 158 72671804 4
43 159 2042898 10
74 160 94857443 8
102 161 78402804 9
12 162 94291880 2
38 163 99668433 7
89 164 91615602 7
10 165 476581 8
88 166 31798085 3
48 167 21736584 1
61 168 83149895 10
57 169 60020770 9
148 170 45077025 2
132 171 91329535 10
46 172 44597851 7
123 173 22511025 7
13 174 7011490 5
5 175 70033745 2
56 176 43235618 4
32 177 9314643 9
60 178 856725 6
12 179 9674885 2
133 180 34879551 2
111 181 38966600 3
79 182 20600088 6
95 183 47385509 7
160 184 61819510 6
82 185 55241673 6
34 186 83841912 7
48 187 68612139 4
51 188 67082772 2
136 189 16561725 10
60 190 56709498 10
137 191 6485336 9
164 192 55410309 10
143 193 60530014 2
177 194 57017900 10
173 195 73730502 2
14 196 78882482 6
113 197 84491629 5
85 198 11385320 4
1 199 69941482 10
10 200 11827829 7
45 201 18777256 9
46 202 82333579 9
53 203 670843 9
165 204 77913168 2
163 205 76273737 6
131 206 94153732 5
157 207 83305420 9
106 208 32856946 7
196 209 73283146 5
14 210 80722224 5
8 211 69272328 3
198 212 49274361 7
65 213 6107540 8
131 214 33735272 5
61 215 77209897 1
48 216 76849703 9
125 217 78837020 2
82 218 88141801 5
12 219 32895203 7
61 220 94635576 10
18 221 71086552 10
194 222 70791065 6
60 223 56020586 1
49 224 80068898 3
54 225 24718371 5
18 226 20997635 9
169 227 9764389 2
40 228 64580798 2
215 229 25709479 8
100 230 34870425 7
31 231 61394308 10
172 232 75035790 10
108 233 52807390 4
160 234 13352621 6
119 235 30948977 8
107 236 99487730 6
32 237 81913297 10
17 238 14638609 10
125 239 72943017 3
228 240 72035499 5
53 241 91566795 4
160 242 51548338 1
66 243 45693938 3
38 244 95183080 2
216 245 6395995 1
33 246 94187670 4
112 247 24083100 6
37 248 68523680 3
166 249 59138462 9
141 250 53581688 10
205 251 79815693 4
185 252 48018221 8
187 253 9415783 4
194 254 9793260 5
62 255 9893911 10
137 256 47825360 5
73 257 6248872 1
146 258 26895578 6
92 259 1045801 7
32 260 76217469 4
88 261 32094593 1
220 262 34052219 7
187 263 15533948 6
249 264 7598567 9
216 265 53143964 4
228 266 41625637 9
164 267 8063460 10
223 268 6328401 7
128 269 2302918 5
46 270 66021419 9
123 271 16881773 2
165 272 16696915 7
83 273 21538967 9
14 274 52279126 2
241 275 39669618 6
243 276 16494576 1
138 277 50312271 10
135 278 26284974 8
210 279 32778931 3
134 280 93648463 2
183 281 33893332 3
81 282 3468496 9
127 283 25831115 7
227 284 45751531 1
21 285 44036630 2
243 286 83787117 4
221 287 16154005 1
89 288 16355784 7
125 289 16891835 9
11 290 37248222 6
239 291 67293205 1
201 292 13606844 10
164 293 81374068 9
268 294 72493367 10
79 295 85680733 2
130 296 96194321 2
116 297 29596376 6
240 298 8879317 10
224 299 90957161 2
71 300 97064733 6
286 301 52038189 1
284 302 34970273 7
269 303 30743303 9
192 304 4742084 9
71 305 65443512 1
277 306 85416478 8
58 307 87848447 1
261 308 34135051 6
132 309 27733147 9
71 310 96681917 6
299 311 27882826 6
13 312 34388209 9
77 313 27423069 6
121 314 32163017 1
307 315 66517735 3
267 316 68822437 4
74 317 50936130 4
226 318 11423967 6
210 319 10508881 10
223 320 67200417 2
235 321 73039164 5
233 322 45821950 6
89 323 67290556 4
69 324 76789557 8
290 325 84549776 5
238 326 73353780 3
211 327 95987043 7
11 328 99544509 6
131 329 87916583 1
168 330 87172239 3
164 331 23695092 5
110 332 17726561 5
194 333 86118692 6
177 334 47044538 5
285 335 55195772 6
114 336 7427313 2
322 337 32710496 5
61 338 58115764 1
328 339 76399696 4
205 340 41717253 10
102 341 4636018 2
18 342 44292585 4
18 343 49083514 8
154 344 28248682 6
320 345 16586158 7
336 346 87949052 5
98 347 63357694 5
243 348 69554985 1
311 349 75465137 1
127 350 78529029 7
81 351 21714145 9
281 352 43271911 8
71 353 7045614 10
222 354 45878350 4
233 355 89603434 2
325 356 89684167 5
227 357 83449786 10
202 358 37153263 2
3 359 96007803 7
294 360 60457745 1
101 361 69846456 4
159 362 57076861 1
253 363 10244132 2
163 364 92141239 9
169 365 25828567 9
116 366 36396863 4
108 367 96355116 1
55 368 97544862 7
28 369 93109656 2
252 370 24593309 5
7 371 21062653 5
82 372 50851888 1
363 373 70282813 5
298 374 57030540 4
190 375 71503403 7
269 376 72597153 1
340 377 4817853 8
118 378 29127881 6
327 379 3333975 8
33 380 63288040 4
89 381 93434781 5
206 382 19844963 7
116 383 80765796 1
142 384 92277562 5
120 385 5029169 10
64 386 42792477 7
209 387 43090705 10
276 388 57763135 1
33 389 17899292 3
316 390 5275029 1
180 391 74838144 10
324 392 75443458 4
215 393 25591660 10
330 394 17649302 7
94 395 65138073 2
323 396 22574953 10
63 397 16493657 9
134 398 46784933 6
163 399 30371786 7
280 400 73310418 9
275 401 53721955 8
203 402 1865212 10
263 403 65835345 5
168 404 24325276 8
16 405 2539833 7
97 406 52666735 1
305 407 66041359 5
26 408 18194630 5
246 409 19242526 9
394 410 72249495 6
348 411 66050176 6
102 412 80379004 1
388 413 89016031 8
78 414 32202022 2
10 415 42554682 3
401 416 2173559 10
202 417 31911495 6
198 418 90165496 6
92 419 3456870 8
185 420 31215063 8
71 421 64662411 9
334 422 2612139 4
16 423 91040802 3
50 424 13660059 3
94 425 86947339 4
287 426 18822795 2
259 427 49307072 9
247 428 52805005 3
315 429 12894598 1
70 430 76681135 6
428 431 66564158 2
66 432 74213017 5
340 433 65681020 4
105 434 5076684 3
324 435 62148787 6
98 436 67344085 7
82 437 71138770 7
287 438 14262462 6
309 439 46522008 4
226 440 74266145 10
371 441 87050056 3
406 442 6823739 4
171 443 5522503 1
324 444 51208621 9
122 445 26749750 7
203 446 72984133 9
391 447 18582219 2
129 448 4516875 1
283 449 68715145 2
341 450 58612384 2
218 451 94950442 5
268 452 53865115 5
276 453 38934764 7
323 454 40778802 10
101 455 37545933 10
11 456 53572671 8
61 457 35187739 3
267 458 24570653 7
131 459 18446357 1
226 460 69322133 2
172 461 93703626 5
321 462 93864922 8
160 463 53245121 9
367 464 1327647 8
185 465 24642094 8
452 466 47854793 4
429 467 97462411 8
47 468 86046665 7
370 469 21046157 9
266 470 18039433 1
279 471 43826738 6
330 472 52594524 1
18 473 98192908 8
115 474 80185223 7
271 475 2562798 7
416 476 85378472 9
167 477 414727 6
292 478 96854991 9
334 479 89421380 2
2 480 7900441 1
274 481 79987499 4
21 482 839285 1
87 483 75921356 1
394 484 85007002 9
82 485 12070402 4
320 486 15208634 8
106 487 68069008 7
442 488 10549911 7
251 489 27556743 3
159 490 18958798 9
382 491 69626546 10
240 492 1211844 9
380 493 21157364 6
464 494 45188725 5
385 495 72118615 2
133 496 41218434 5
255 276 204 190 17 197 449 479 471 160 480 235 302 435 359 112 344 229 477 243 354 215 355 330 211 341 362 7 73 416 108 194 141 49 61 184 145 16 305 224 16 368 452 224 283 324 412 81 402 233 447 10 178 458 139 187 123 270 116 333 338 381 236 21 390 12 366 413 454 310 422 274 180 18 150 173 380 142 137 142 139 190 9 247 52 55 20 477 273 282 209 469 348 182 315 350 56 356 128 483 266 405 262 258 480 417 436 194 215 271 264 218 417 39 31 456 400 244 59 474 380 393 257 322 15 386 361 314 191 83 21 175 483 149 122
79 295
62 329
1 2 92769010 5
2 3 90962740 2
3 4 90558256 6
4 5 68395497 2
3 6 16967798 6
1 7 16644371 3
3 8 50933367 6
1 9 30451148 6
4 10 27546186 3
5 11 74305992 3
5 12 12394433 9
6 13 57005190 8
2 14 84180748 10
5 15 96571906 4
10 16 28545199 7
10 17 76964759 7
1 18 38135547 10
18 19 73485537 3
15 20 35632176 4
12 21 70985663 10
9 22 69608176 5
4 23 49505369 8
23 24 59949600 1
17 25 46118519 4
1 26 95221086 9
17 27 24346545 2
10 28 5331538 3
9 29 4642810 5
26 30 47870340 9
12 31 57142327 4
20 32 83613830 7
15 33 1920435 4
29 34 72130714 6
29 35 19304873 2
28 36 59917316 10
13 37 17175297 3
34 38 83954371 9
23 39 57002906 7
2 40 72108239 9
9 41 25768157 8
12 42 24633500 2
41 43 29655257 1
17 44 83520115 5
19 45 80706094 6
24 46 45109563 2
28 47 16628697 6
3 48 41577156 10
19 49 36999937 9
49 50 83880144 2
50 51 81110494 6
4 52 82801539 2
10 53 93612410 1
28 54 63887308 6
16 55 57190061 3
11 56 90936827 4
45 57 42662823 8
11 58 13885715 1
52 59 66464034 7
51 60 90407178 4
23 61 76109258 4
32 62 27955606 10
14 26 53 18 46 39 37 35 23 1 30 22 61 38 22 18 9 33 57 52 15 17 29 34 57 53 43 45 13 56 6 40 58 32 16 48 56 40 9 15 17 21 33 53 41 60 24 53 56 33 53 4 48 47 62 6 40 24 33 48 13 27 33 11 58 51 14 6 25 40 36 58 57 49 39 36 26 13 46 47 58 50 45 27 29 10 58 1 41 43 7 38 23 3 30 14 25 52 32 49 5 10 30 33 37 32 46 2 8 37 22 2 20 14 43 40 45 60 24 54 22 36 38 20 4 14 43 25 39 47 30 46 30 55 50 11 47 30 60 6 52 44 36 23 57 3 40 4 34 26 55 19 33 29 3 58 42 3 20 41 28 12 16 38 5 60 21 24 12 53 49 20 43 9 1 59 56 7 54 47 34 11 46 58 9 61 14 28 17 31 56 57 7 6 62 50 36 5 42 60 50 52 21 46 31 35 3 7 58 23 19 33 3 56 10 58 39 26 40 38 10 39 10 15 41 5 51 27 40 56 32 34 15 20 61 3 40 14 48 9 54 9 16 29 48 21 16 29 3 12 16 22 16 20 5 7 42 24 19 37 55 45 14 18 10 48 44 37 29 28 5 1 54 55 13 53 31 45 6 13 16 43 60 14 54 12 31 57 54 30 4 15 47 58 7 26 38 43 37 25 30 34 43 24 23 45 54 44 47 60 30 39 25 33 47 32 12 59 10 18 41 15 53 58 38 31 8 53 9
5 12
91 192
1 2 80733719 8
2 3 50938365 10
1 4 51020837 6
3 5 31878861 5
4 6 32026208 9
5 7 84695568 4
4 8 9346798 7
1 9 24753728 3
5 10 63067382 7
8 11 15324519 6
9 12 64692212 1
6 13 24912149 2
10 14 77007707 8
10 15 56534614 3
1 16 30592905 9
15 17 85282827 6
13 18 84980243 7
7 19 21788239 10
16 20 83015542 10
20 21 3290646 5
15 22 13133594 6
13 23 36158601 10
12 24 22996050 2
20 25 33467708 3
5 26 60866167 9
26 27 92137708 6
5 28 63395253 2
11 29 18780686 6
17 30 31197663 10
20 31 59964109 3
12 32 59744068 10
26 33 94984243 7
24 34 38869532 3
28 35 27277708 6
10 36 32452907 6
13 37 193652 2
32 38 20287851 4
38 39 24086559 4
12 40 65135980 5
36 41 9863821 2
15 42 13767223 8
35 43 40923181 8
36 44 35876056 9
36 45 80297751 9
44 46 14154259 5
41 47 40161891 10
43 48 52578802 5
36 49 38225933 3
31 50 61667548 1
25 51 85978835 5
47 52 69155590 4
14 53 93578016 4
51 54 27078549 1
38 55 10880875 5
4 56 82782788 8
37 57 16538955 9
54 58 15097853 3
44 59 45236163 2
32 60 99456386 9
21 61 96276173 2
44 62 91120425 10
56 63 8586810 10
7 64 7416659 1
14 65 80620815 10
61 66 9799228 8
44 67 93611137 9
22 68 73292721 7
36 69 76475256 6
69 70 59577403 8
48 71 17299983 10
63 72 43416419 10
26 73 45930979 4
25 74 86122177 6
57 75 4751290 7
35 76 27477863 6
39 77 81332750 3
38 78 9430758 5
60 79 32364702 4
62 80 50152509 5
35 81 42813230 7
17 82 25629214 7
65 83 30916232 5
76 84 27638734 9
50 85 82294005 3
17 86 34282925 5
53 87 53768689 1
37 88 24279238 1
59 89 74722593 9
48 90 58653323 9
10 91 15966147 2
21 88 53 71 14 69 78 75 25 76 36 34 27 37 11 72 22 12 90 51 87 54 67 43 21 36 33 91 39 53 56 17 39 1 13 1 10 1 12 53 18 12 83 85 54 40 18 83 44 90 79 43 71 16 29 31 16 69 80 70 52 2 6 11 4 38 15 39 19 83 66 85 43 7 20 65 60 46 54 83 59 21 34 82 69 83 27 80 84 81 43 73 13 64 28 62 20 40 56 19 2 48 34 69 59 37 26 15 38 23 57 10 63 35 65 58 36 80 77 35 89 62 79 4 15 61 33 32 17 36 33 10 28 8 12 35 26 83 48 18 90 59 84 2 48 16 72 14 68 43 81 29 69 77 15 45 3 53 37 77 45 42 67 24 62 87 70 63 47 48 56 31 82 33 49 91 58 35 69 79 38 74 76 65 3 38 56 11 24 28 76 87
50 85
161 106
1 2 37102235 7
2 3 78368929 6
3 4 70789418 4
2 5 48738448 2
5 6 64470095 2
1 7 49558026 4
3 8 19049575 8
3 9 80447259 4
7 10 35747218 4
2 11 88104869 7
8 12 50412534 8
2 13 15747123 1
4 14 56246787 3
3 15 19812688 9
1 16 41043153 8
6 17 11111588 4
11 18 10332578 8
6 19 23494198 10
5 20 36548306 8
2 21 75752238 3
21 22 42655444 5
6 23 36682607 5
3 24 26367627 1
13 25 57533927 6
22 26 53789434 2
2 27 23583046 8
10 28 32837318 10
24 29 94023415 5
25 30 86748331 7
27 31 88870810 2
22 32 6311575 8
7 33 25278211 4
24 34 21131568 9
13 35 50324497 10
10 36 27207140 4
17 37 30465324 7
1 38 55140300 5
22 39 7812229 10
38 40 9067810 4
18 41 1797114 2
21 42 82490720 4
1 43 88695965 1
23 44 41792903 4
8 45 5090258 7
13 46 24501817 5
31 47 44056847 6
46 48 13815104 1
25 49 82961096 4
3 50 64901248 8
1 51 15558658 4
40 52 33513556 1
44 53 70937810 9
20 54 39855343 3
28 55 75986215 5
50 56 27449816 1
36 57 85116153 7
15 58 94314118 4
3 59 96903957 9
14 60 57525215 7
10 61 61016089 2
36 62 99894435 10
9 63 36033493 7
55 64 71889585 4
26 65 34771392 10
46 66 15999258 3
40 67 27447950 5
32 68 37428166 3
7 69 9237448 4
35 70 15874394 5
30 71 52210358 5
43 72 40648507 6
38 73 85271714 5
46 74 91359976 6
6 75 9627094 6
61 76 97280600 6
14 77 43967621 1
27 78 31822271 8
35 79 79544845 2
71 80 41356879 4
69 81 62491850 8
17 82 42040629 2
36 83 46021840 9
39 84 14505330 4
34 85 36791267 8
61 86 22752589 2
33 87 28206245 4
7 88 31567091 6
52 89 23769894 1
78 90 68646029 10
36 91 61466196 9
29 92 54638611 10
8 93 48221240 8
4 94 31603955 3
46 95 4379281 9
36 96 12558295 8
22 97 2752054 7
27 98 24578559 9
22 99 12546795 9
6 100 63961290 3
37 101 91615120 2
88 102 7931719 3
12 103 31737761 8
98 104 44984819 2
78 105 71834753 1
36 106 53564976 3
53 107 83787606 2
2 108 2004149 9
88 109 73017481 10
106 110 58066825 10
68 111 20544358 2
4 112 55394187 4
54 113 95241032 8
101 114 64191907 2
33 115 79758728 2
78 116 36245088 1
85 117 25748469 8
72 118 36901463 10
106 119 91319276 2
53 120 7949724 2
37 121 47205473 6
29 122 52144722 5
77 123 7499905 7
101 124 40833218 2
48 125 76798387 5
74 126 52665729 4
32 127 19792685 3
87 128 90412288 7
30 129 73536931 5
10 130 48601673 6
58 131 83237472 9
97 132 19854105 6
8 133 76481307 8
107 134 11479441 1
87 135 47374542 4
102 136 18957962 2
33 137 32358770 3
45 138 56460440 2
124 139 71010794 6
17 140 61556784 6
85 141 85784814 9
121 142 69308911 5
47 143 90941115 2
38 144 69374792 9
124 145 91219165 2
13 146 28617926 2
1 147 21550557 4
121 148 20861967 4
131 149 33622017 1
78 150 57269140 5
26 151 24352074 9
124 152 51948952 7
146 153 46878646 8
153 154 74581539 4
119 155 40002956 4
155 156 60233934 10
17 157 38461046 4
93 158 76586185 10
67 159 12387831 8
137 160 87584490 1
44 161 91166976 2
26 141 86 18 110 80 6 88 100 155 85 28 94 36 7 9 100 131 133 147 120 136 152 103 67 10 100 24 42 99 92 15 112 95 109 77 78 136 88 110 6 68 61 96 153 128 61 131 47 72 104 114 89 107 54 37 104 11 134 148 157 78 158 35 121 161 138 156 14 68 69 35 67 109 143 53 87 71 144 106 109 93 150 59 94 142 123 92 143 13 147 16 18 56 47 76 99 121 7 122 11 118 79 103 66 84
146 153
364 281
1 2 21825850 3
1 3 89755136 4
3 4 77966461 7
3 5 33311676 8
5 6 4579255 6
5 7 25301873 2
4 8 18375623 4
3 9 96964371 9
5 10 79754327 8
4 11 98957457 1
8 12 54746904 9
8 13 94545999 5
9 14 15636704 3
14 15 25229116 1
8 16 44266753 1
16 17 70853476 8
11 18 82015571 1
14 19 66938508 9
7 20 23225312 6
20 21 86093294 1
8 22 8024402 7
7 23 24472335 8
21 24 88892855 3
11 25 37038503 7
18 26 12863256 3
26 27 31579620 6
7 28 48702874 8
16 29 98868525 9
7 30 41856283 4
16 31 45686467 9
9 32 11928343 6
15 33 9976356 2
13 34 56653676 2
4 35 6418193 4
16 36 95939757 1
29 37 27760695 3
18 38 34119400 2
8 39 42405073 3
8 40 30290473 1
26 41 95133601 6
23 42 78888303 6
41 43 22497792 8
14 44 8480204 9
37 45 76440900 6
22 46 72224253 1
24 47 86853414 2
39 48 27731197 3
25 49 82415985 6
30 50 65761080 5
12 51 79883915 9
41 52 17357201 4
19 53 39504833 4
49 54 36804617 6
3 55 92827442 5
43 56 6818531 6
27 57 73820955 5
28 58 6349983 1
38 59 76221022 1
14 60 26521338 6
57 61 13105870 7
29 62 20252448 4
58 63 35029794 2
53 64 13266360 8
28 65 73035619 9
11 66 16623673 10
58 67 3447425 1
36 68 7756250 2
38 69 27345906 9
6 70 99889430 4
9 71 67902234 2
13 72 77772500 3
22 73 86391368 9
28 74 71069382 3
34 75 30720312 7
21 76 48688495 5
39 77 25980794 3
33 78 2937404 6
9 79 31113874 4
62 80 28771389 8
65 81 23455924 8
71 82 67174606 9
20 83 87152119 3
53 84 15504117 2
50 85 32749406 1
68 86 24798607 8
81 87 17160459 8
55 88 8076896 10
49 89 44765505 8
38 90 16219468 8
66 91 17617878 8
3 92 39052732 1
66 93 87702436 1
17 94 52742035 2
44 95 64147064 6
18 96 62088220 1
68 97 19087135 2
1 98 25146917 8
2 99 4483208 3
79 100 29420769 3
89 101 14349525 3
78 102 81236200 1
31 103 44623145 7
100 104 35289979 8
93 105 15624137 10
26 106 21713468 5
49 107 17654227 7
100 108 28391155 2
90 109 77387205 6
5 110 25713418 5
58 111 95243648 6
35 112 12048160 8
68 113 84597831 10
89 114 95109991 9
99 115 81636360 6
27 116 93696315 2
75 117 6642463 3
16 118 20806820 7
115 119 33518711 9
21 120 95440861 10
6 121 21755672 9
82 122 8196451 3
49 123 54225687 6
15 124 31246691 3
114 125 72666537 6
82 126 8791225 7
122 127 10903755 7
34 128 83720825 3
30 129 58113589 3
53 130 60864859 4
94 131 39304130 5
38 132 88895388 7
32 133 14875164 9
105 134 51885645 5
67 135 25231084 10
14 136 29997501 7
68 137 81491146 2
67 138 76805520 10
22 139 45121813 8
28 140 36828846 1
7 141 74094881 6
125 142 80228116 4
39 143 65356215 9
89 144 31654268 2
11 145 2458945 5
118 146 19515322 7
76 147 64262402 3
61 148 80914593 2
38 149 45610470 3
88 150 50953371 10
45 151 84345263 2
97 152 99541920 1
136 153 34511903 6
36 154 67253043 7
93 155 8515697 6
114 156 95800663 6
123 157 8452882 9
20 158 29546562 10
84 159 22653551 3
34 160 22895653 10
148 161 52250391 10
95 162 89196051 7
32 163 22494205 7
25 164 20077773 2
111 165 18082456 10
74 166 59482263 9
72 167 1376822 6
137 168 69169873 4
147 169 78785679 3
67 170 6394194 5
8 171 61847918 6
115 172 79913059 2
122 173 77511988 10
122 174 37351054 10
127 175 72384495 9
133 176 54716369 3
119 177 96653846 7
52 178 6661452 9
156 179 60577191 10
153 180 36470797 3
73 181 28939611 6
119 182 58199570 5
141 183 60120020 4
120 184 99772857 6
82 185 14233298 4
114 186 76953944 8
47 187 85621327 6
62 188 8264230 3
164 189 68413864 8
137 190 73384304 8
33 191 68720205 3
119 192 47243919 7
26 193 77590290 6
57 194 42358871 3
121 195 82577789 3
17 196 85287907 4
45 197 81372237 9
74 198 38579597 3
149 199 10990961 2
35 200 36434348 1
163 201 50317850 4
82 202 72988878 10
155 203 93957208 3
41 204 88334381 1
122 205 74913697 7
107 206 7865077 8
128 207 58807314 1
178 208 40992454 8
60 209 25913768 2
107 210 17602737 3
176 211 32020315 6
33 212 73900321 7
74 213 33552534 7
74 214 93210568 7
58 215 45026216 2
90 216 96133228 3
202 217 88217069 8
211 218 94739800 8
27 219 19421080 5
54 220 15614985 5
16 221 95947907 4
173 222 9460532 5
58 223 12946339 7
91 224 1308629 7
44 225 97785332 2
166 226 81724237 2
22 227 54643381 10
107 228 33850131 9
118 229 94365141 6
78 230 71819108 8
57 231 38419534 6
152 232 84623881 7
147 233 32270443 2
56 234 61958243 7
143 235 52280437 1
94 236 54969943 7
85 237 19970001 5
88 238 43368053 3
105 239 7306958 5
2 240 82441899 10
25 241 68770311 10
241 242 29854751 6
135 243 70643288 1
210 244 10171136 10
92 245 87013990 1
64 246 5717677 7
185 247 42443221 1
106 248 29776441 8
95 249 77266231 4
191 250 98595408 10
188 251 72486187 9
144 252 15473057 7
250 253 62194367 7
15 254 71704068 9
221 255 99622855 9
65 256 98941808 1
89 257 43859504 6
65 258 59968482 3
136 259 39585352 9
35 260 80601358 5
150 261 61254929 7
221 262 22913198 1
58 263 22013232 1
95 264 12410378 3
257 265 73756185 10
190 266 82542942 7
111 267 20636490 4
177 268 44115289 8
168 269 21830176 6
164 270 13896853 8
87 271 34493387 9
180 272 37351073 9
20 273 65431113 8
237 274 61371231 1
39 275 92666794 6
223 276 50997645 4
221 277 35358389 9
147 278 80646185 3
154 279 95483312 2
138 280 78084971 4
27 281 9697088 8
156 282 5249941 10
92 283 42755483 7
247 284 99944892 6
109 285 1875192 2
247 286 94759266 5
42 287 90077194 7
261 288 98205943 8
219 289 52301964 5
260 290 79439444 9
150 291 10629526 7
179 292 13376404 3
219 293 44847500 3
277 294 41357957 8
258 295 67280963 10
233 296 58560372 5
178 297 4594161 6
273 298 56520133 7
224 299 63408649 10
85 300 3902730 4
189 301 41853015 7
77 302 18150954 10
72 303 67097182 6
242 304 76344639 1
181 305 28966198 5
100 306 97907821 10
210 307 45904984 8
274 308 5754587 2
35 309 86581305 3
292 310 33553323 6
203 311 36661657 9
115 312 72476676 3
29 313 96393868 3
39 314 69839297 4
89 315 77288889 4
278 316 8425743 10
120 317 91980509 1
224 318 12960549 4
191 319 49695995 9
165 320 90665250 9
316 321 87144459 2
183 322 98742857 7
94 323 19616996 9
261 324 32319475 5
209 325 93712105 10
264 326 47262438 10
29 327 69614040 7
231 328 34472887 3
200 329 14229090 7
181 330 56284773 1
226 331 72683715 9
185 332 20852751 1
203 333 97500300 9
280 334 53369953 4
293 335 51344995 2
209 336 92618608 8
4 337 74019498 1
221 338 91701632 4
29 339 90002084 3
115 340 54977597 8
87 341 41881470 8
146 342 5821853 9
47 343 14345161 1
87 344 84473693 10
60 345 60824041 5
162 346 32691911 8
340 347 23811281 7
288 348 21037777 5
294 349 88046313 1
212 350 3193006 3
138 351 77464800 1
93 352 84016228 7
349 353 3266738 2
33 354 72374473 8
206 355 59732487 2
214 356 60783526 5
228 357 79185873 7
108 358 56308093 6
200 359 54219638 8
227 360 34567438 1
61 361 7651536 2
32 362 48021613 5
275 363 26449598 1
102 364 9152538 1
321 110 299 124 85 332 249 181 152 161 169 108 133 7 316 298 1 106 173 54 337 65 294 220 267 176 50 342 337 350 328 103 324 342 22 20 192 70 162 210 8 190 200 59 182 307 215 28 197 233 311 258 95 236 45 20 74 93 23 295 272 2 265 29 361 33 335 227 246 213 103 268 180 34 11 220 264 328 21 83 350 86 309 266 94 144 154 147 49 96 247 89 339 169 155 310 114 156 52 257 260 14 289 166 41 1 197 217 333 76 318 222 136 304 74 49 194 239 230 98 57 168 114 53 155 11 179 39 26 167 47 249 84 290 279 298 305 213 244 138 47 302 276 195 234 349 273 183 61 79 210 58 273 120 88 181 243 320 93 74 185 58 350 326 211 146 95 158 80 19 198 272 140 291 116 361 18 350 100 183 179 108 204 138 360 92 356 331 154 287 146 209 15 177 331 33 208 209 229 220 306 288 215 255 62 285 278 65 312 208 3 283 153 309 234 339 225 67 267 127 46 309 65 275 55 6 198 302 228 197 192 350 236 345 257 152 359 102 156 18 331 216 8 139 273 201 295 27 344 361 314 300 248 212 56 93 149 300 224 151 85 127 146 290 264 25 341 343 302 92 255 137 157 294 250 212 262 80 152 27 187
141 183
469 251
1 2 21926271 3
1 3 31564855 5
2 4 42107107 9
4 5 87651913 1
5 6 15741677 6
6 7 42744975 6
3 8 62448436 6
6 9 55691363 3
9 10 57873836 10
6 11 71839356 1
4 12 99088867 1
12 13 32745029 10
4 14 48861586 1
7 15 35258459 5
1 16 93998871 6
16 17 12676837 3
9 18 62724284 10
10 19 47493695 7
9 20 42053846 4
15 21 86846496 5
18 22 20059928 1
15 23 750080 7
5 24 62954620 7
1 25 63655084 1
10 26 10584276 5
23 27 27332820 1
1 28 26156064 6
11 29 52606278 3
17 30 57827881 7
29 31 81274206 8
20 32 53336174 5
32 33 48819609 1
29 34 61416323 10
24 35 73355427 6
26 36 54367147 9
24 37 40843159 5
27 38 9449106 9
23 39 39562935 5
7 40 86824647 7
16 41 59875179 5
29 42 91437343 3
15 43 38706810 10
32 44 88543986 1
41 45 35607034 7
10 46 83107458 9
25 47 75950440 1
21 48 62436034 10
26 49 23607403 5
24 50 86560756 7
20 51 59446648 6
35 52 38542419 7
43 53 39126295 8
26 54 80227581 8
14 55 74401324 2
40 56 27767345 4
18 57 76125769 4
19 58 99298403 10
34 59 74733636 6
18 60 66749277 1
21 61 35401976 10
47 62 67488966 2
53 63 66645885 6
17 64 70775538 8
22 65 74717378 9
62 66 93782980 9
62 67 79810248 7
40 68 17527775 8
35 69 4369177 7
57 70 88845033 5
15 71 18359810 9
29 72 65068734 7
38 73 77618498 3
23 74 46472090 3
17 75 71015915 3
5 76 32836541 6
1 77 56593367 8
49 78 61419858 3
69 79 6743014 2
27 80 35301109 7
14 81 87106346 5
20 82 98059881 9
69 83 32784057 6
20 84 21520577 10
46 85 14307991 5
85 86 75436152 3
86 87 93463050 2
3 88 52435983 3
52 89 80608875 1
71 90 16620564 10
43 91 90121584 2
27 92 62364808 10
76 93 819463 3
62 94 32724223 1
39 95 51986720 3
89 96 25523266 3
94 97 47688380 10
32 98 82425225 4
35 99 25482290 9
59 100 96546822 8
72 101 38647481 8
43 102 82402699 2
49 103 94151760 5
102 104 22924699 9
16 105 52769142 5
21 106 69875500 8
99 107 40967366 5
56 108 25473199 6
37 109 41725787 5
5 110 91035201 7
1 111 48659681 9
1 112 4497036 6
62 113 22023088 8
91 114 49111518 8
14 115 67067383 6
17 116 31845341 10
76 117 63097592 5
14 118 51745701 1
78 119 11066602 3
61 120 53225756 1
109 121 12225079 5
88 122 75892565 3
63 123 1541396 9
47 124 82401443 3
116 125 25723712 10
48 126 37480860 5
5 127 45279719 8
92 128 36341524 1
6 129 54157024 8
54 130 20585797 8
17 131 8419813 3
4 132 94526416 4
83 133 64629347 9
4 134 39099101 5
102 135 4523254 9
44 136 52996986 1
41 137 63921182 7
125 138 41492232 3
110 139 16640234 8
119 140 54634254 10
105 141 62458821 4
127 142 73520668 2
33 143 79487500 4
126 144 76687864 7
115 145 72088675 3
117 146 42006327 7
134 147 60590257 5
42 148 37396832 7
60 149 40773943 9
89 150 67776889 3
8 151 18036747 5
81 152 9241184 10
17 153 95604393 5
21 154 85308256 1
83 155 23764503 8
106 156 89324624 9
137 157 34268375 1
56 158 69202314 5
8 159 63298483 1
11 160 95400560 5
16 161 75403113 6
70 162 66309602 7
88 163 11845854 6
90 164 33922272 5
54 165 7757979 7
163 166 84232910 1
17 167 97413088 1
109 168 519580 7
109 169 57249165 10
87 170 41182849 9
116 171 31355665 1
142 172 31667584 3
171 173 38116047 8
169 174 61412702 8
107 175 43395979 2
111 176 34829990 2
144 177 39988882 2
150 178 50484312 1
152 179 50456235 5
11 180 20270691 6
45 181 22546153 1
161 182 73522069 8
155 183 18696820 2
22 184 23867346 7
124 185 73823238 1
93 186 6478614 6
82 187 50921490 10
138 188 9605140 7
93 189 97210733 2
4 190 23789469 10
121 191 8019614 7
129 192 66118546 7
87 193 47718456 7
36 194 96343483 5
40 195 63654040 1
36 196 21497323 5
53 197 18924458 9
173 198 65972575 1
35 199 53514093 8
184 200 53612709 6
107 201 21484281 6
148 202 48656530 8
152 203 32545619 10
121 204 513203 10
3 205 63894378 4
106 206 68323575 6
115 207 36322772 4
86 208 72954054 4
27 209 32813560 3
65 210 13021227 9
162 211 18053915 6
184 212 99360112 3
171 213 28363278 3
128 214 32983879 4
124 215 73441970 4
7 216 89245949 5
21 217 47471101 10
143 218 54242280 6
167 219 49049553 9
12 220 50811198 6
132 221 80214415 10
122 222 70354649 8
220 223 17069337 7
2 224 14627431 5
7 225 69784052 9
204 226 81639747 9
147 227 75575819 8
173 228 20729512 5
96 229 81490867 9
51 230 91970475 2
112 231 9221900 5
179 232 67605916 10
52 233 48606660 6
223 234 79737247 6
41 235 77313071 3
38 236 12301814 1
36 237 19197188 10
122 238 41319020 1
173 239 8108744 10
165 240 5285447 8
90 241 55968968 9
134 242 61334077 7
121 243 63153070 7
104 244 71565993 8
22 245 17896515 1
4 246 38913055 2
133 247 95120606 10
151 248 56233302 3
217 249 5158831 5
50 250 66758154 5
134 251 37469072 7
24 252 2114303 1
76 253 45593027 3
215 254 17046807 6
41 255 12156164 7
143 256 21288920 5
157 257 91141646 10
199 258 21599670 9
186 259 30698551 4
185 260 85862345 8
254 261 52787924 2
149 262 77059768 6
29 263 69204319 8
126 264 7388050 10
57 265 1553406 10
30 266 60026753 7
210 267 20346673 4
114 268 34033150 7
235 269 72406418 2
187 270 43846563 4
255 271 68926305 2
53 272 76711148 2
103 273 46529510 7
2 274 43649153 1
221 275 6517016 2
164 276 94258447 6
170 277 21986120 7
226 278 13964031 5
162 279 50621260 10
182 280 73237994 7
191 281 12584974 2
57 282 48794501 1
265 283 15510782 5
27 284 67556680 9
65 285 13395933 5
186 286 22011324 5
21 287 70035852 3
198 288 72408650 3
100 289 21299761 10
116 290 76166785 8
36 291 98668309 6
260 292 65276006 1
283 293 74299101 3
27 294 51461094 9
15 295 40679385 5
68 296 26682232 10
98 297 66920221 3
225 298 7281364 4
133 299 838174 7
180 300 65485987 10
180 301 86320075 5
147 302 68694061 10
30 303 91994363 6
276 304 80085751 7
299 305 93526446 5
150 306 75997024 5
188 307 67999213 2
34 308 50473863 3
197 309 51121625 7
309 310 21588116 8
137 311 67976371 6
104 312 84752572 1
40 313 46395876 9
291 314 40953591 8
19 315 72192925 4
255 316 47620746 7
225 317 39310280 5
120 318 5479879 9
200 319 69512036 2
209 320 86216786 2
268 321 47131918 6
246 322 54160628 9
302 323 79986535 10
57 324 5862543 4
31 325 4780546 5
271 326 57360432 3
184 327 26593627 9
63 328 44782900 2
158 329 68706246 4
324 330 42796911 3
311 331 6573787 2
216 332 94486749 10
304 333 64566424 5
212 334 86914711 5
34 335 4554462 10
79 336 69048790 4
166 337 17067883 5
200 338 71755498 4
218 339 91922617 2
64 340 14434826 2
267 341 27516674 10
266 342 36686915 3
80 343 25246934 7
53 344 6397768 5
37 345 48205936 5
50 346 54656427 4
232 347 14669884 8
45 348 92639319 6
240 349 43969283 8
124 350 52270939 1
11 351 73224237 4
41 352 31377451 10
142 353 26770794 3
164 354 45613161 5
315 355 98466555 9
86 356 62522075 4
193 357 79383902 3
290 358 18357061 8
206 359 56639440 4
95 360 1159628 10
250 361 76704892 1
75 362 16262980 9
143 363 40723574 9
125 364 83768623 8
220 365 43032851 4
296 366 66449461 1
239 367 43598167 2
338 368 70665874 6
23 369 40301636 10
199 370 83824390 2
173 371 46771473 6
56 372 94056255 3
362 373 1247609 7
249 374 2787874 2
179 375 40158375 1
224 376 84211375 5
348 377 78869289 2
114 378 74864293 10
82 379 21293375 9
192 380 51632592 6
303 381 37059747 10
38 382 8842461 10
143 383 42776393 9
69 384 63887656 4
169 385 25387037 5
83 386 36894789 9
51 387 46621137 10
328 388 59932103 7
280 389 90591136 1
146 390 78827687 4
264 391 1244635 8
217 392 792602 10
2 393 86842754 4
144 394 51004957 1
197 395 82121353 5
164 396 91201722 1
167 397 21436710 8
69 398 62568313 1
30 399 61589375 9
202 400 52695769 8
281 401 7997606 7
337 402 55114296 7
78 403 93207507 9
292 404 86752085 4
150 405 59617977 1
42 406 37209061 7
209 407 61623885 10
201 408 58281623 10
4 409 33734140 2
242 410 20644649 1
404 411 91503341 7
251 412 63810459 1
384 413 73836498 2
341 414 18571332 2
40 415 15292687 1
92 416 20543409 10
157 417 8479635 7
52 418 61716553 7
334 419 23615879 10
306 420 34627349 2
98 421 4227003 10
76 422 8897830 4
133 423 21177565 8
139 424 4809915 7
18 425 15513660 2
336 426 18594875 2
165 427 26555692 6
100 428 58028403 2
384 429 69420161 2
346 430 39024686 3
341 431 39964793 3
358 432 30631212 2
148 433 47491210 9
309 434 98738150 3
35 435 94185170 9
268 436 23429166 3
351 437 60457064 9
13 438 70054853 5
223 439 3574873 4
331 440 97604406 8
279 441 53879369 4
148 442 18872318 3
344 443 91696525 10
407 444 74819596 9
195 445 46340813 6
219 446 56307655 8
159 447 87767638 6
256 448 30019006 6
10 449 27015480 10
132 450 33277502 5
215 451 19057076 6
104 452 66412768 5
202 453 34437861 9
452 454 62296772 3
68 455 29626120 1
447 456 51991307 1
364 457 82223804 6
76 458 1389603 5
316 459 93718837 8
281 460 25731638 4
377 461 64872081 8
217 462 70913560 2
41 463 73603392 6
393 464 92387466 8
182 465 77571173 10
417 466 43321465 1
420 467 19895627 3
249 468 90555239 9
270 469 13473317 7
230 289 200 75 35 397 400 437 351 165 66 15 34 50 322 89 154 242 195 419 283 32 27 221 159 272 311 358 401 8 402 460 117 422 359 60 400 448 404 261 453 409 367 426 308 450 358 239 221 451 392 440 26 114 355 295 439 115 440 448 452 264 92 427 416 5 281 324 190 81 390 319 174 134 276 389 248 326 90 131 405 25 244 87 81 427 247 28 34 378 127 31 83 278 11 71 331 127 52 414 28 222 111 192 206 414 459 92 390 464 8 246 297 45 209 83 377 194 361 454 68 462 213 55 2 242 452 113 387 19 79 303 114 163 239 351 440 133 6 254 434 323 455 12 164 215 85 342 145 445 53 146 314 193 85 76 142 297 366 13 139 456 162 313 209 454 185 171 412 421 284 324 341 391 193 123 244 163 371 143 78 176 469 369 40 185 384 218 430 150 329 305 153 210 55 370 175 3 69 330 272 194 450 180 355 402 285 218 469 222 386 140 392 27 1 402 79 275 292 320 383 251 68 146 161 178 462 467 33 25 44 254 76 102 138 291 257 64 145 420 128 45 111 28 59 199 174 238 29 455 16
10 9
285 110
1 2 37530062 5
2 3 22442268 2
3 4 31699202 1
2 5 57425988 6
2 6 79105342 9
2 7 67072571 5
4 8 88101208 7
1 9 60850140 8
5 10 57052071 7
1 11 96360743 6
6 12 49672890 8
11 13 56248996 3
3 14 64416962 5
4 15 92241304 10
14 16 472560 9
9 17 82958148 6
4 18 69242593 4
8 19 3197582 3
3 20 50333355 3
14 21 34446249 2
2 22 21502560 2
4 23 7700841 7
14 24 93564360 1
11 25 82087556 5
4 26 31143476 2
4 27 25768357 9
5 28 1736673 3
26 29 7781946 7
18 30 38109118 1
20 31 43762879 6
26 32 13987975 5
21 33 87376085 9
12 34 11797873 8
1 35 52748836 8
2 36 86698467 1
30 37 83873565 8
7 38 69379432 6
6 39 89107603 3
20 40 46465923 8
17 41 60068652 6
30 42 30607751 6
35 43 9742990 10
3 44 63996640 3
29 45 13105301 7
28 46 48533384 5
35 47 76623545 1
42 48 20336615 8
26 49 65742930 5
18 50 13131291 3
44 51 74878411 2
13 52 19328438 9
25 53 32338678 7
19 54 86305376 3
9 55 35464076 1
35 56 24364872 1
42 57 49855513 6
28 58 50454131 4
36 59 69274884 3
16 60 83996082 4
27 61 1596363 6
16 62 72447433 8
1 63 56480376 2
23 64 40649805 8
37 65 68051773 2
6 66 3587836 9
6 67 72622372 9
18 68 21509105 10
29 69 18469755 5
54 70 46920219 9
50 71 48421356 10
67 72 3938157 4
20 73 1636120 1
27 74 49668280 9
30 75 19967138 7
4 76 93465464 1
22 77 64436739 3
16 78 64169471 6
70 79 30510989 2
32 80 81680121 3
4 81 95337983 2
62 82 26477861 7
57 83 82114 1
55 84 59509554 2
22 85 44323736 6
76 86 55755559 4
76 87 17465892 4
44 88 86055658 10
48 89 9335981 8
35 90 45558611 6
7 91 94024704 6
51 92 27885837 2
51 93 93176485 4
90 94 90662784 4
52 95 467997 5
10 96 36117096 4
8 97 89642403 5
72 98 51000123 5
34 99 79520507 3
89 100 18731138 7
87 101 61060358 3
99 102 66881895 3
97 103 99976144 8
20 104 6156658 10
20 105 53804592 4
24 106 91152034 9
62 107 27675908 1
91 108 51403566 8
72 109 97814482 1
82 110 4716873 1
48 111 74307185 4
51 112 84266373 10
78 113 65529520 3
94 114 48546229 3
3 115 72585013 10
69 116 33193486 2
15 117 98915272 8
94 118 87985928 5
60 119 2263525 2
55 120 25830157 10
18 121 14927019 6
111 122 22934776 6
64 123 91706827 3
73 124 12201671 3
6 125 84941688 2
90 126 7187622 2
19 127 34561759 10
82 128 91611668 7
113 129 82899733 1
69 130 61459754 8
121 131 54168836 3
44 132 12897836 2
85 133 89915838 6
90 134 45660186 1
113 135 7032297 5
100 136 64094162 6
90 137 44176153 5
41 138 43136283 8
123 139 81271201 7
41 140 47694341 6
71 141 76124668 7
58 142 93415787 10
71 143 87212321 5
92 144 63322354 9
144 145 48507682 6
109 146 45912176 6
61 147 12138818 4
80 148 31420974 2
96 149 22670693 6
75 150 47807505 7
58 151 63836131 9
3 152 25538613 9
62 153 90536386 3
23 154 8430894 4
24 155 95701946 2
118 156 97869847 6
15 157 40912967 7
34 158 27341774 2
55 159 38763821 4
112 160 15141753 3
58 161 24546677 1
21 162 68020897 1
97 163 91749078 6
147 164 27262743 5
154 165 27203905 1
68 166 64455972 2
94 167 5701708 8
71 168 74935687 4
17 169 55183259 5
32 170 38881956 7
10 171 63301510 2
79 172 16930020 7
100 173 71476978 2
11 174 48971026 9
34 175 89752098 1
109 176 50065325 4
98 177 12117935 3
53 178 91372663 7
160 179 79976929 3
29 180 34154649 4
36 181 24904655 3
16 182 3449409 5
118 183 10695494 2
72 184 80907355 1
156 185 24555602 7
83 186 67719517 5
93 187 43030250 5
135 188 13410745 6
70 189 67750934 3
10 190 38434796 7
47 191 39013685 9
130 192 40608218 1
164 193 43532285 10
10 194 80887418 4
176 195 44843213 2
62 196 4551545 6
114 197 26457173 10
121 198 1786419 3
144 199 59170345 10
198 200 88168433 2
34 201 52935970 2
111 202 73254493 8
100 203 57946276 8
164 204 53834462 3
153 205 61486085 8
28 206 2496942 4
78 207 89496953 6
80 208 98233225 3
139 209 99808200 1
82 210 39247099 9
207 211 95318024 3
30 212 21596019 5
199 213 32272752 7
161 214 8985057 6
130 215 63984449 6
37 216 39277708 10
56 217 89480587 4
73 218 6695337 5
7 219 50093243 2
116 220 87537745 1
94 221 19019652 6
67 222 80364612 2
151 223 39730456 7
20 224 7738422 6
138 225 25169005 5
76 226 28870121 7
14 227 56742617 9
20 228 22366404 9
104 229 14597350 10
53 230 81560403 8
215 231 7984337 6
215 232 19531636 10
31 233 73365492 6
158 234 62578881 7
165 235 73767341 6
100 236 25033762 7
230 237 68323459 1
226 238 59415073 3
24 239 19605523 6
48 240 86399746 4
26 241 71756929 4
48 242 37435674 3
67 243 36413619 4
28 244 39707146 2
40 245 76736128 10
28 246 53284114 3
97 247 64426054 6
117 248 35776358 3
207 249 68296917 3
132 250 83610465 6
171 251 87591417 8
178 252 8533376 4
94 253 59226114 3
43 254 48075973 10
144 255 43958681 3
155 256 41393691 4
77 257 73955771 5
122 258 51782359 1
208 259 42199269 2
39 260 1349196 10
38 261 64568838 2
36 262 90286671 6
22 263 39056003 10
188 264 76068554 1
219 265 41810889 9
256 266 69009274 2
195 267 69048867 2
212 268 65966347 6
4 269 50795944 3
256 270 67304848 4
249 271 33430415 9
88 272 31329667 7
253 273 67316796 8
13 274 33932580 8
57 275 59400261 1
230 276 26914850 1
170 277 75990009 4
56 278 32316054 5
168 279 55743878 1
127 280 30807563 1
10 281 75894209 3
22 282 64870604 7
141 283 86786311 8
191 284 22103150 5
261 285 357418 8
220 16 166 233 13 212 43 196 279 55 115 12 219 150 267 64 199 18 116 147 43 15 150 200 254 130 66 145 23 260 154 229 172 101 187 240 127 185 3 165 68 106 160 118 62 113 148 97 39 16 207 208 24 204 66 78 232 137 144 63 274 197 120 280 153 169 174 126 211 34 269 132 161 33 9 164 194 228 203 163 99 20 285 175 15 101 97 179 130 244 269 276 222 252 31 241 50 261 13 37 208 234 105 274 134 26 9 52 40 73
213 199
176 354
1 2 148942 6
1 3 58582530 9
3 4 83800869 10
4 5 8250173 5
5 6 67434271 7
1 7 78940565 7
3 8 71668898 5
4 9 39369076 5
9 10 59017627 6
9 11 5849650 9
9 12 1365271 6
5 13 22859464 9
13 14 69168791 4
2 15 63384930 6
6 16 20650643 5
13 17 32978869 10
12 18 92958822 10
5 19 46473543 6
8 20 3384245 8
7 21 51130115 1
16 22 113287 1
9 23 36276725 5
17 24 2822932 4
14 25 72042674 6
23 26 66759815 10
1 27 63492119 9
11 28 35195585 2
4 29 53753712 4
20 30 39306564 7
17 31 68719410 7
15 32 41447083 10
8 33 99034177 1
30 34 89520313 5
25 35 80822849 8
20 36 52708455 3
1 37 23139549 6
16 38 68340686 5
2 39 79719657 5
19 40 28297340 3
21 41 36318459 10
30 42 13915850 1
21 43 4107790 5
11 44 3451898 8
4 45 55116095 10
29 46 85751159 7
36 47 16924915 9
47 48 88730823 1
23 49 42220578 5
20 50 74100741 9
44 51 31497531 9
27 52 66248741 2
21 53 62660022 6
38 54 20157508 3
13 55 38050661 10
53 56 90977160 1
35 57 52210418 7
31 58 37967821 7
51 59 63733481 5
30 60 28991013 6
38 61 79247860 7
32 62 75824677 1
42 63 42579109 5
1 64 9489421 9
24 65 86827008 1
7 66 12946716 6
25 67 99179260 3
25 68 35059930 8
59 69 18842062 1
36 70 32120532 6
6 71 59933431 7
16 72 57648497 5
15 73 69462974 6
30 74 51920376 3
49 75 89373021 2
71 76 56855411 5
42 77 186323 9
56 78 6117964 5
43 79 72342976 3
67 80 36151372 10
16 81 59241249 8
54 82 23371092 9
5 83 38000583 4
68 84 46804919 1
16 85 14340552 10
51 86 80896130 6
83 87 59405454 10
46 88 16610836 6
87 89 22284623 8
28 90 24526812 5
77 91 13914795 10
15 92 41481316 1
83 93 52960002 7
64 94 39546356 8
93 95 81368517 10
69 96 67863595 2
49 97 92667525 10
70 98 12706549 6
73 99 28085681 10
21 100 62890250 7
67 101 59203813 1
69 102 98148763 9
78 103 78638110 2
23 104 702785 3
28 105 27988426 5
30 106 72838592 3
64 107 97548463 6
101 108 59949663 4
41 109 75826155 1
67 110 73531488 10
37 111 90757118 9
110 112 2563654 8
8 113 30000374 5
40 114 31579461 2
40 115 91833932 4
14 116 53561079 6
6 117 93724535 9
69 118 87293272 1
1 119 95959867 1
93 120 62903741 2
38 121 23757905 4
108 122 37289298 1
113 123 55398295 3
70 124 54923623 10
112 125 68741910 3
3 126 68763596 2
59 127 36568790 2
15 128 61036932 10
107 129 94411623 8
84 130 49014927 5
35 131 1369302 8
71 132 36134395 1
48 133 8102955 4
83 134 57908153 7
33 135 31477708 10
97 136 13936778 9
116 137 88098603 8
85 138 29776139 4
92 139 64371026 2
33 140 79856499 6
67 141 75827876 8
64 142 27986528 2
31 143 34412320 1
68 144 11155312 1
97 145 79767859 4
72 146 27338721 2
84 147 73117021 2
116 148 81596526 9
142 149 2198757 10
74 150 51255984 1
35 151 3379486 2
64 152 80586336 9
130 153 83826500 10
138 154 27927504 8
92 155 17070489 6
133 156 51414802 6
125 157 48976397 10
88 158 89994236 6
71 159 71658316 4
20 160 43886385 5
79 161 11853159 5
101 162 96216014 9
160 163 75664244 7
49 164 10035086 7
157 165 85965357 2
133 166 9857147 10
6 167 28572350 5
101 168 71642734 9
22 169 47355781 6
136 170 62776111 1
40 171 40528852 6
3 172 10552555 1
106 173 80725321 8
43 174 83431952 5
167 175 21155556 2
76 176 93841742 6
121 69 76 136 16 175 117 133 27 95 110 170 46 37 110 109 143 147 80 155 44 79 1 91 158 148 128 142 133 137 11 161 119 174 148 72 15 128 106 70 42 140 135 147 43 65 64 170 113 131 57 106 124 109 175 17 24 101 14 95 18 20 44 23 5 33 54 10 89 88 41 102 113 68 64 153 70 76 105 79 174 3 67 66 145 169 52 20 162 115 128 33 61 41 118 98 57 139 115 48 137 107 70 151 11 7 21 159 109 54 132 147 142 172 64 74 75 93 44 72 129 73 57 156 35 30 74 121 86 100 64 32 64 121 54 24 9 139 78 14 92 40 94 47 46 175 26 81 8 171 14 100 106 84 150 92 96 172 45 14 56 47 95 70 4 31 46 20 16 15 150 160 150 104 134 10 68 106 146 109 106 128 35 75 66 119 137 28 124 100 131 46 115 74 28 154 74 12 102 9 99 126 109 78 54 152 63 159 153 69 57 126 132 59 36 63 85 94 130 152 136 21 35 17 146 27 43 64 139 17 110 88 97 160 38 7 83 13 40 111 137 89 55 162 25 44 76 166 3 147 45 171 66 65 72 169 30 169 64 74 135 138 115 124 44 142 147 152 120 175 148 24 36 14 70 125 143 102 4 69 105 7 126 45 134 45 148 87 45 20 1 116 97 136 13 143 101 57 85 68 85 155 142 116 124 32 41 134 1 11 93 10 77 53 113 125 1 153 118 71 20 121 168 109 75 58 9 141 120 86 125 34 54 175 9 77 139 97 72 47 24 99 135 17 26 102 132 34 100 58 100 136 95 57
127 59
423 79
1 2 99483925 5
2 3 29212420 5
3 4 45895148 1
3 5 16570093 5
2 6 32054948 4
1 7 59400540 1
5 8 51344025 10
3 9 50114305 7
9 10 3886570 3
10 11 26150110 2
3 12 55176361 2
4 13 68365214 3
11 14 98270567 7
10 15 46839625 1
1 16 89817891 10
10 17 20684513 4
4 18 1374595 7
6 19 54653137 1
17 20 61815900 3
7 21 50355048 3
18 22 87323716 8
10 23 68221114 8
7 24 40546233 10
3 25 71442439 10
5 26 53930471 6
19 27 81004652 3
9 28 91907349 6
1 29 66761476 10
29 30 61808487 10
5 31 3367668 8
28 32 90990885 4
22 33 72880228 10
24 34 34290840 5
5 35 12815355 7
5 36 39674091 6
25 37 29186742 7
28 38 24918928 7
11 39 52767651 6
19 40 11766957 10
17 41 84489551 6
25 42 11147731 7
23 43 81255832 8
21 44 29260020 6
26 45 3386148 5
5 46 46971714 7
30 47 20695121 2
47 48 55099858 8
18 49 46820413 7
26 50 22942918 4
40 51 73609132 8
24 52 4697430 6
37 53 28174747 5
22 54 55355030 5
6 55 66337809 10
30 56 62372157 4
9 57 44345660 6
19 58 52059398 5
31 59 36125143 6
3 60 13444155 6
57 61 7799037 4
42 62 55887302 5
39 63 84804690 3
46 64 35159067 6
29 65 37679386 5
2 66 92879650 10
27 67 29624359 5
53 68 61206326 9
10 69 44896909 3
27 70 6174048 3
23 71 15146383 7
12 72 39412161 5
64 73 71732756 1
68 74 64014098 2
21 75 20160826 10
28 76 85240446 2
21 77 16094730 6
54 78 49331337 5
36 79 59396549 10
56 80 29017827 5
22 81 60044021 8
43 82 88571370 6
73 83 91561826 3
83 84 18837781 1
39 85 93421307 2
27 86 90996455 3
56 87 23481873 6
22 88 63858579 4
75 89 86891588 1
4 90 92304381 6
56 91 37520482 4
12 92 82007502 6
87 93 93526727 9
42 94 30664336 3
12 95 6068020 2
51 96 4887319 7
57 97 11854596 3
37 98 62159405 3
86 99 5747469 5
25 100 74740042 1
99 101 32195359 5
47 102 57323219 8
31 103 76278973 6
80 104 66102481 8
80 105 74872276 4
30 106 41225094 4
59 107 32876894 4
8 108 42151643 6
97 109 126262 8
19 110 53242091 6
56 111 95397801 4
53 112 814138 5
74 113 4275883 6
51 114 57033340 1
29 115 56065589 4
52 116 13990536 8
114 117 11388693 9
75 118 65193559 1
15 119 93552128 3
118 120 66872081 6
41 121 76672655 10
108 122 25756355 4
101 123 90491482 2
80 124 34510170 7
30 125 27016891 1
21 126 75975839 4
5 127 93003560 9
108 128 90343304 9
11 129 22216881 5
67 130 64450238 2
130 131 81383607 1
43 132 9463540 6
93 133 3004840 3
64 134 78914130 1
73 135 39379332 3
37 136 46353000 1
42 137 14268724 9
116 138 66075445 1
65 139 45886382 10
118 140 80934905 2
140 141 97156929 6
25 142 81034566 6
69 143 66932659 5
49 144 89343670 4
7 145 44967855 10
114 146 16693674 4
58 147 76850097 10
89 148 34118270 5
130 149 23481400 7
139 150 90459996 10
17 151 81476113 2
74 152 53783452 10
5 153 1248523 7
151 154 51546990 10
130 155 4403910 7
89 156 65155339 1
64 157 86030069 8
67 158 23589938 3
81 159 60352698 9
138 160 86491497 6
159 161 72810659 10
73 162 23573013 1
134 163 25922363 4
47 164 9240729 5
105 165 11059320 6
5 166 73752094 9
95 167 22717625 7
18 168 74096505 1
5 169 63954627 3
98 170 75637098 2
126 171 83402633 8
39 172 56867501 3
51 173 69242838 9
40 174 86491968 7
42 175 71582574 9
174 176 75742036 6
117 177 62224021 5
16 178 43882747 2
83 179 59399011 8
16 180 5865516 2
154 181 71747163 10
29 182 43162155 8
4 183 8876272 8
63 184 50861578 4
163 185 43443546 1
163 186 55859143 1
156 187 61396905 8
55 188 75973187 1
54 189 71721362 4
37 190 45580374 9
68 191 89180492 2
22 192 7266469 8
148 193 44459251 4
193 194 89166393 6
31 195 9990481 2
170 196 15095111 7
50 197 84556656 10
96 198 5932023 4
51 199 50145949 3
93 200 86723925 8
108 201 54358557 9
113 202 36797490 3
146 203 23470898 5
48 204 30872940 5
66 205 29539011 8
170 206 36032767 6
38 207 53861548 1
49 208 29939894 3
65 209 81150805 3
18 210 85571752 4
138 211 70034011 8
162 212 3891173 4
16 213 48100777 3
85 214 57042933 7
99 215 41691640 3
98 216 48623461 2
199 217 16376262 3
28 218 11504408 7
64 219 71506444 9
140 220 44152608 9
59 221 24840212 5
216 222 52188376 1
101 223 7279278 5
6 224 98598446 2
192 225 6712758 7
15 226 46670081 5
220 227 98438477 5
139 228 39982975 4
138 229 58317819 4
23 230 9990033 6
23 231 81856281 1
86 232 2927952 10
1 233 56753931 3
20 234 48844615 1
52 235 93499147 4
37 236 43037231 1
195 237 27427814 5
155 238 37494491 3
174 239 58869784 2
205 240 65103366 7
203 241 73728152 4
235 242 57061102 2
154 243 51796327 9
76 244 17721097 2
103 245 51993771 10
90 246 96894779 9
89 247 55398101 3
73 248 73542286 6
181 249 58934699 10
119 250 18541683 1
43 251 56977022 7
135 252 26866613 3
199 253 70548478 8
21 254 6877803 10
131 255 53858954 9
8 256 27115585 2
73 257 79278627 3
67 258 28196924 6
36 259 86692459 9
212 260 85973575 9
24 261 70573453 8
175 262 73054143 4
139 263 49863684 6
257 264 24832438 2
27 265 90924218 5
134 266 17572215 5
85 267 77959685 8
163 268 51908452 8
171 269 24210673 1
235 270 56191323 9
262 271 24080212 1
137 272 55181871 5
129 273 16679749 4
4 274 53901823 4
237 275 57157474 2
267 276 62079540 2
67 277 24517574 8
277 278 54570094 10
168 279 94966579 4
69 280 58095183 5
19 281 26056049 1
161 282 76096620 5
237 283 96316954 1
121 284 63078017 9
223 285 1523143 7
195 286 91170604 10
285 287 27078103 9
179 288 9044320 2
47 289 58988381 1
183 290 45618064 5
179 291 57492075 3
13 292 39873282 8
39 293 13634752 7
228 294 88015667 9
123 295 95778532 7
148 296 99406025 7
240 297 38586044 5
180 298 13198226 4
144 299 27009178 10
106 300 65100383 5
52 301 16922398 7
298 302 53983124 6
25 303 40667827 2
197 304 6274220 8
98 305 81040910 3
295 306 34308321 3
85 307 51520850 4
171 308 3738600 1
133 309 57543544 7
28 310 8252146 9
205 311 52795050 2
40 312 29666822 1
60 313 5374657 5
26 314 35419209 9
52 315 22638573 1
208 316 21015370 6
29 317 1542578 6
33 318 17521530 1
184 319 75414399 5
303 320 47245610 4
28 321 9810922 10
163 322 85048641 2
12 323 40022508 3
254 324 15081804 3
134 325 61086188 9
133 326 53656494 10
91 327 11708090 4
282 328 23720436 10
84 329 66193758 5
21 330 3038963 1
135 331 58019499 4
221 332 49841514 5
288 333 21384993 5
197 334 84399446 2
104 335 37636358 7
117 336 26518187 3
9 337 74817524 5
73 338 56773916 3
113 339 26290464 8
26 340 14195438 4
32 341 36676730 3
158 342 45436780 3
42 343 75094110 7
76 344 87132359 4
138 345 55781597 7
299 346 26912784 5
129 347 43297129 3
341 348 56725193 4
337 349 88161608 4
197 350 38600599 3
48 351 66878110 5
2 352 24655795 10
301 353 45112486 5
267 354 85645457 3
160 355 72760790 7
317 356 86257253 5
175 357 69595611 4
145 358 60816904 3
35 359 7884047 8
319 360 73279916 2
299 361 5610712 10
141 362 79367934 7
17 363 47652470 4
236 364 10418666 2
86 365 16571074 10
275 366 37874658 4
301 367 70100126 7
142 368 45566427 1
155 369 13525487 7
314 370 89034448 5
193 371 89531492 7
288 372 40048718 7
222 373 54507214 5
372 374 57290948 10
333 375 92555381 10
19 376 41868154 9
326 377 48806866 5
317 378 95132202 3
374 379 59522545 5
128 380 81369953 2
224 381 99033713 7
198 382 26442648 3
31 383 7912760 1
310 384 52158040 6
72 385 80170622 5
359 386 35127914 4
317 387 20242251 3
92 388 86229753 2
140 389 32994564 8
242 390 51596675 4
29 391 88539473 4
103 392 23848751 10
12 393 97827081 4
41 394 89150070 7
393 395 87651289 3
306 396 70312646 4
53 397 52840821 4
321 398 90969043 9
111 399 65042193 8
174 400 63253513 6
125 401 81086485 9
38 402 81868876 10
119 403 49965029 8
84 404 55362356 7
263 405 50998837 8
86 406 12294221 5
206 407 40220061 1
81 408 68536157 7
392 409 3957592 4
110 410 86270588 8
161 411 70784723 9
291 412 16672479 6
163 413 99552358 8
271 414 35455054 5
106 415 80980737 2
199 416 79117685 8
6 417 60474114 9
1 418 58717360 7
308 419 81678460 3
33 420 29437531 6
171 421 48325694 3
323 422 47160396 2
135 423 76811527 9
23 345 391 97 318 221 422 16 18 266 397 82 20 67 272 362 226 327 87 271 267 270 223 289 156 423 17 255 302 330 335 202 270 272 77 392 399 401 105 88 28 330 236 379 292 218 158 45 290 257 327 173 253 267 75 190 54 29 144 420 87 95 119 298 19 407 338 174 149 201 256 293 233 21 19 213 282 16 6
4 90
365 288
1 2 8258210 7
2 3 82699023 6
1 4 17908120 4
3 5 13318973 3
1 6 7904705 6
3 7 75856013 2
5 8 61683990 4
1 9 83204645 4
2 10 31358227 7
9 11 80652293 2
1 12 52502592 1
1 13 33051288 9
13 14 38437612 8
6 15 28008141 1
6 16 54661206 10
13 17 79692777 2
6 18 53755398 3
11 19 43728504 2
14 20 51840851 5
15 21 96162548 4
11 22 80708381 4
6 23 18242935 5
14 24 20033289 1
9 25 35716787 10
2 26 8349996 3
13 27 78778835 2
10 28 82759805 8
22 29 39866833 3
13 30 47322465 10
23 31 20163923 9
18 32 75922985 5
16 33 42070464 7
27 34 22457738 10
11 35 40224494 5
31 36 64485 2
16 37 47430748 8
30 38 89285073 3
34 39 70631356 3
27 40 2758037 1
25 41 81946632 5
16 42 50098363 2
31 43 59527045 8
17 44 23706376 8
16 45 39766222 8
18 46 13935005 4
24 47 98723729 8
42 48 68403689 8
6 49 29438101 3
30 50 56255241 2
24 51 51946247 3
4 52 43230953 10
18 53 6227066 7
12 54 20660840 2
34 55 3716673 9
25 56 20611767 4
55 57 61478679 5
47 58 2185278 8
9 59 11708215 3
50 60 74659328 6
17 61 72275620 6
36 62 38022276 9
22 63 21984593 6
42 64 53987334 4
58 65 19976526 8
29 66 33069189 9
44 67 45648480 1
44 68 92293941 2
41 69 31725323 4
31 70 52890487 2
39 71 62115106 5
20 72 98161519 10
49 73 17709589 8
16 74 6263593 1
42 75 89535839 4
2 76 45078815 7
7 77 87651326 6
7 78 45155554 7
9 79 39791417 7
45 80 10795676 2
35 81 50239710 3
65 82 15772684 4
49 83 69348889 9
73 84 35993708 9
39 85 26811254 9
23 86 84475908 7
26 87 76459014 3
59 88 62127525 1
2 89 10588327 6
71 90 56160438 5
32 91 5652890 4
3 92 6566003 9
92 93 19418995 10
41 94 27062867 3
42 95 46931533 8
13 96 17724884 1
34 97 28075853 9
80 98 92089536 4
36 99 97351507 1
83 100 76677453 3
66 101 9611981 10
31 102 68656228 7
16 103 12627883 2
30 104 57471327 1
96 105 21657221 3
49 106 26137500 6
61 107 96828990 7
1 108 37769089 5
52 109 75102822 3
43 110 8662466 2
33 111 2140788 4
65 112 37444611 3
54 113 75189314 7
12 114 1513900 6
3 115 16824482 4
71 116 78827459 10
75 117 22301142 4
50 118 69313563 1
111 119 83501048 7
19 120 25471727 10
10 121 61265596 2
13 122 21306920 9
86 123 46257013 9
45 124 27585697 9
72 125 25222984 2
21 126 79798263 6
5 127 48629708 7
70 128 49034064 4
55 129 86794937 1
62 130 21761570 6
107 131 87123370 9
43 132 50103875 1
68 133 97593603 3
56 134 59253694 2
41 135 42078116 9
75 136 74913516 4
20 137 30166535 8
17 138 89943094 5
117 139 36868495 7
35 140 12957646 10
57 141 81152327 5
75 142 81205957 10
14 143 53755687 2
59 144 74739670 10
19 145 10136475 4
129 146 90853991 4
12 147 33561752 4
136 148 6272776 9
79 149 41175514 1
123 150 91338678 5
1 151 41119657 4
50 152 89801312 5
39 153 73102085 1
144 154 2061919 7
81 155 30779495 10
23 156 36789233 3
132 157 18513143 7
151 158 2223551 1
117 159 13631528 9
1 160 39773850 4
117 161 10028762 2
48 162 18233086 2
73 163 24394364 3
65 164 57088352 6
4 165 74012895 7
48 166 62154732 3
3 167 93388863 2
72 168 325126 8
90 169 18084529 6
90 170 40832941 2
132 171 83721163 8
71 172 30897153 10
124 173 87349535 5
60 174 61607560 9
96 175 7285102 4
119 176 35389731 9
166 177 51060350 1
111 178 93105963 3
155 179 69180786 5
168 180 86825624 8
175 181 1340519 10
111 182 30884982 5
1 183 70151925 9
72 184 21752228 7
158 185 71059160 9
164 186 87215195 2
178 187 24516545 7
139 188 10492053 9
12 189 67454053 9
78 190 9345086 2
65 191 45728274 6
51 192 65785212 9
165 193 72382463 9
146 194 74264142 6
90 195 43962577 10
129 196 20421738 2
183 197 40888103 3
56 198 91008010 5
66 199 82276930 7
42 200 58394880 10
121 201 36589187 2
180 202 70674116 3
103 203 39471691 2
4 204 17504092 7
162 205 98035104 4
8 206 31209519 10
16 207 31634306 4
72 208 94028822 7
12 209 29256576 6
24 210 35337426 8
78 211 28445740 3
84 212 57642397 9
121 213 72366933 10
160 214 91141194 7
96 215 69420976 10
65 216 4894723 5
13 217 15940695 7
22 218 86629225 8
126 219 3419536 3
14 220 17261822 3
159 221 76956528 4
98 222 2863096 1
66 223 1761605 7
184 224 27704369 4
163 225 71042433 8
21 226 92398833 8
179 227 70009985 4
170 228 14442257 6
122 229 72478024 7
176 230 34461610 6
22 231 67809678 10
53 232 87823946 2
182 233 61205857 1
60 234 81299841 9
118 235 78064600 10
104 236 22619869 6
117 237 88642230 9
141 238 1865652 3
183 239 17054831 9
146 240 7081649 9
160 241 77799135 9
235 242 18791692 5
179 243 40588267 1
17 244 64858276 3
210 245 17923827 6
106 246 66062029 4
3 247 72793558 7
204 248 24213916 8
190 249 18964852 3
151 250 35549495 8
44 251 24868223 1
26 252 81205678 9
104 253 33720176 9
9 254 90608525 5
209 255 1672167 4
62 256 75240314 6
194 257 63141753 7
107 258 37954089 9
163 259 79887720 10
151 260 73224210 2
258 261 21286321 9
105 262 94858843 9
199 263 22568735 4
151 264 12395816 6
94 265 25341060 7
62 266 48035721 3
9 267 88670954 1
79 268 21468886 4
233 269 7234360 4
2 270 63260072 8
122 271 74172548 3
231 272 21594096 4
20 273 92670902 1
75 274 58733948 9
70 275 69013842 1
238 276 75314763 3
7 277 69888039 7
6 278 37815713 6
219 279 87531029 7
159 280 25551289 2
192 281 3835380 9
100 282 66790241 8
20 283 55438058 8
82 284 77091886 5
73 285 17066965 2
46 286 51865467 6
78 287 37735847 10
31 288 62140887 7
180 289 54533264 4
248 290 92556522 5
185 291 72079347 2
113 292 32734719 7
19 293 93030254 10
211 294 920740 9
164 295 29605904 1
64 296 26721968 8
115 297 29040845 5
23 298 56743046 9
176 299 26938417 2
53 300 85936087 3
69 301 10539437 10
186 302 64185197 5
82 303 67133893 4
151 304 79176315 10
222 305 34166674 9
264 306 85824474 2
255 307 80952666 6
169 308 69840718 8
9 309 49097730 9
79 310 50233933 1
128 311 13915659 1
136 312 14192559 7
20 313 75127300 5
83 314 78171016 4
82 315 3101734 2
10 316 90112977 4
197 317 37473912 5
172 318 41919960 4
192 319 78741314 10
22 320 34473524 5
237 321 69764545 8
72 322 85982979 4
220 323 84620476 6
93 324 90316903 10
64 325 92484634 10
150 326 26222412 9
36 327 83723799 8
170 328 74561283 9
321 329 38598245 3
150 330 88363815 2
219 331 71061761 1
268 332 93447241 10
124 333 97952675 8
198 334 23961047 9
24 335 77528494 4
36 336 76322134 5
291 337 39074869 8
269 338 59126030 4
333 339 27742939 10
238 340 2229433 3
58 341 49702508 7
56 342 71271124 2
329 343 62299360 1
91 344 24849588 1
236 345 73696530 10
121 346 46939247 10
50 347 14417427 5
286 348 88500899 5
42 349 99325586 3
329 350 8397364 4
176 351 9572935 10
194 352 88590414 2
3 353 38078051 7
247 354 86035213 4
317 355 76309182 6
209 356 6669907 7
84 357 14786519 6
21 358 9674168 4
352 359 77086139 10
319 360 79544112 8
160 361 78054242 2
27 362 35366109 9
77 363 12635436 7
339 364 86906814 5
12 365 14535494 7
204 349 157 330 360 85 325 42 56 324 9 239 83 61 166 267 246 163 174 260 154 347 141 18 234 157 127 257 85 271 241 268 19 87 206 91 53 322 287 177 272 280 221 352 271 297 125 192 138 155 233 76 186 189 56 268 210 86 290 42 251 6 329 225 178 78 358 164 28 321 111 222 87 151 252 213 315 287 273 326 237 162 84 92 200 327 105 83 336 177 246 207 133 269 172 123 339 20 61 217 88 9 251 336 302 134 35 84 343 105 142 111 201 157 78 171 165 212 168 8 350 172 92 20 63 100 315 243 197 172 144 218 344 86 330 56 84 315 257 252 125 126 89 296 26 75 147 236 90 24 223 251 119 343 226 114 189 238 315 322 273 72 295 104 115 339 110 85 149 113 46 110 352 135 4 77 157 362 174 241 324 259 241 360 87 199 26 331 281 136 140 359 130 100 313 190 242 44 353 117 336 51 321 272 329 177 257 237 36 156 40 345 347 62 305 344 223 142 187 302 322 205 287 350 208 262 296 178 248 22 338 238 204 228 324 107 318 345 297 87 251 328 28 328 179 117 84 267 178 97 323 260 197 353 9 227 6 305 204 229 3 18 314 22 338 274 168 80 250 241 209 119 348 252 346 59 122 40 260 147 20 43 28 356 42 29 175 280
65 164
158 36
1 2 99063441 1
2 3 12548326 1
1 4 59213528 10
3 5 8805911 5
1 6 45719623 7
1 7 90294946 7
7 8 5316130 1
5 9 5546726 7
3 10 80890239 3
6 11 38164456 8
9 12 68747995 3
10 13 61363980 1
4 14 25393271 8
7 15 75022097 10
14 16 39362659 5
3 17 91700144 10
8 18 15427035 10
1 19 47626009 5
16 20 74491016 4
16 21 19594593 2
13 22 41042972 4
7 23 79042580 10
22 24 89341505 7
4 25 9636697 9
10 26 31936177 4
5 27 18232277 10
7 28 23438376 4
15 29 62241954 4
19 30 21382665 10
19 31 40334579 10
28 32 42010070 5
7 33 68938350 8
14 34 51686263 10
20 35 17827481 9
7 36 46220809 2
5 37 85484025 6
24 38 61662142 4
36 39 44977533 9
11 40 72672351 4
7 41 82076093 5
23 42 95414768 9
3 43 82399612 9
34 44 69143132 3
27 45 43953987 1
3 46 29468720 4
15 47 29636247 7
30 48 5373065 9
31 49 12610263 4
11 50 16650881 2
38 51 89069583 7
48 52 25666911 1
35 53 69309874 8
6 54 38670311 3
23 55 60242392 7
4 56 21154071 4
11 57 12764955 1
29 58 5243445 9
21 59 98531353 5
13 60 50837617 3
3 61 18863933 3
53 62 91589979 2
48 63 65571374 10
5 64 72052259 4
58 65 56998411 1
32 66 40274696 9
43 67 43932830 5
60 68 47236102 4
58 69 73747776 3
7 70 9000633 7
62 71 14406827 4
45 72 13796715 4
59 73 78927973 10
69 74 1749077 1
24 75 99635949 4
74 76 31116710 8
2 77 60053631 6
48 78 99732261 6
54 79 72506298 1
76 80 69150187 2
26 81 81298950 6
71 82 50301691 8
23 83 77133673 4
81 84 62557404 4
19 85 55053726 2
77 86 95970970 4
74 87 39568125 10
15 88 76578723 6
33 89 1649165 8
12 90 21557858 6
3 91 95093609 6
68 92 29320336 9
12 93 81077076 4
32 94 9148543 3
33 95 81772285 8
12 96 71798755 5
17 97 57771193 5
5 98 50931622 2
50 99 91883516 9
20 100 25165966 10
44 101 95310426 1
9 102 36876282 10
5 103 36285210 2
100 104 84755599 4
40 105 61318883 2
31 106 66979730 10
57 107 12928761 3
38 108 31743101 5
97 109 97469164 4
15 110 27093817 6
19 111 25069823 8
30 112 89748315 3
31 113 52509127 9
99 114 89583268 9
51 115 44574800 5
33 116 99814546 4
20 117 46867205 9
68 118 42585745 1
61 119 70775488 1
14 120 4812033 8
29 121 51894634 4
55 122 46526043 5
86 123 95902311 8
70 124 12238933 3
25 125 54803162 10
12 126 71050318 10
11 127 5434318 1
41 128 73975024 3
55 129 21661454 10
27 130 33395570 3
65 131 41468703 2
121 132 52685030 3
79 133 74281201 9
103 134 8050578 2
97 135 88084723 7
65 136 42199123 2
38 137 53847949 2
137 138 87893577 2
114 139 57744343 4
126 140 52627946 8
96 141 2046713 8
63 142 38730999 5
126 143 21519426 1
69 144 57111635 6
17 145 90259210 9
116 146 99222197 9
114 147 58327919 6
82 148 6999253 3
133 149 83837500 8
44 150 72230129 7
111 151 11276323 9
32 152 85997989 8
89 153 92045427 4
31 154 17898477 10
60 155 72027083 4
89 156 13895940 7
71 157 98462332 4
25 158 33442671 1
116 68 78 135 76 97 5 119 134 17 117 16 97 33 60 69 93 154 151 35 94 54 51 5 98 86 101 132 53 141 100 48 66 98 61 147
130 27
385 280
1 2 42485087 1
2 3 83493541 1
3 4 48285860 9
2 5 52286236 7
5 6 64809104 4
2 7 54357351 2
5 8 45647841 1
8 9 97036265 10
1 10 14444798 3
5 11 66559929 2
7 12 92127724 1
12 13 80635177 3
7 14 93856069 6
1 15 12017383 2
2 16 2679732 2
5 17 55601373 5
10 18 12023834 5
13 19 79641038 3
6 20 52793295 8
8 21 42117094 2
19 22 23430071 4
11 23 43803982 3
23 24 78838966 8
23 25 99694546 6
4 26 29204894 9
26 27 7357909 4
14 28 67974539 4
22 29 39513523 7
21 30 81279358 2
23 31 55456006 7
10 32 21247370 4
12 33 15318708 8
13 34 57617757 5
10 35 97346082 5
7 36 15699467 4
3 37 13468130 1
6 38 7628072 9
6 39 5102859 5
16 40 57635861 10
28 41 60150459 10
17 42 89191863 1
8 43 20350976 6
19 44 6525100 3
24 45 43655312 6
10 46 92525755 2
10 47 14708748 5
4 48 12668257 4
29 49 99862240 8
7 50 35048323 10
41 51 1143205 9
19 52 9574667 4
27 53 43406439 6
2 54 79198192 8
22 55 93835616 5
6 56 25929289 8
40 57 99875733 2
55 58 41549006 1
57 59 40540479 4
14 60 58394344 4
4 61 31053876 1
17 62 52894560 4
22 63 43427759 5
38 64 23458876 1
1 65 91868184 9
47 66 56263301 2
55 67 23028494 10
31 68 86760257 4
63 69 12914037 1
2 70 96290579 8
15 71 50750581 3
2 72 50181473 6
34 73 69565624 8
40 74 55590423 8
48 75 69142507 4
53 76 69734830 2
25 77 37192805 8
3 78 88960698 1
12 79 95611054 10
55 80 5773168 5
37 81 96009702 6
62 82 17684055 8
4 83 16549231 4
48 84 27530745 4
52 85 74322243 5
67 86 8220463 2
83 87 21655115 6
77 88 37578484 10
15 89 65945097 5
86 90 70357546 5
1 91 24117319 1
66 92 92696607 7
5 93 70102926 1
69 94 46632480 5
6 95 91262590 5
76 96 36372443 6
54 97 88216087 4
23 98 27272764 9
81 99 56396303 3
23 100 78589587 8
13 101 15089267 1
16 102 96181833 3
16 103 35664993 6
56 104 47920349 6
27 105 91266164 9
29 106 11983947 9
22 107 65021140 7
100 108 16847981 9
78 109 94993388 7
51 110 9434273 7
30 111 66581974 6
62 112 63346509 10
27 113 20859384 9
111 114 9094391 3
52 115 64485556 9
108 116 40634779 6
66 117 78902475 8
51 118 34068587 5
97 119 33687547 4
53 120 29038926 4
10 121 12730654 7
70 122 31789931 7
22 123 26274887 6
119 124 77182058 9
86 125 87972171 10
61 126 79201810 2
82 127 28755761 9
49 128 20158828 7
55 129 13843251 5
6 130 17801356 3
6 131 76398763 1
114 132 98589198 2
108 133 90313634 8
105 134 25828598 6
71 135 57068157 4
35 136 16872073 9
31 137 73996893 9
94 138 89845833 4
8 139 26016698 7
122 140 44068062 1
136 141 3876420 10
48 142 35245062 7
31 143 86462280 5
115 144 40323647 6
58 145 23025829 10
48 146 92814410 2
134 147 88796571 8
109 148 89776694 1
11 149 55952829 5
16 150 87356243 10
105 151 88913858 4
55 152 45962973 3
81 153 41802126 8
141 154 56487781 6
96 155 15028781 6
17 156 71109751 2
108 157 88379850 3
79 158 11346008 1
124 159 10180076 6
94 160 53970818 9
103 161 99149638 6
83 162 46063649 3
40 163 33615859 3
156 164 71527375 4
92 165 50704375 4
116 166 83860380 5
85 167 84234487 1
63 168 84846805 1
65 169 76336904 5
118 170 23012483 9
32 171 55695533 9
163 172 12898564 8
87 173 47452942 5
132 174 41532762 3
153 175 62848592 6
84 176 68532154 1
8 177 91025845 4
117 178 91476615 7
28 179 27362022 1
115 180 75705004 5
72 181 98971259 7
179 182 59830587 2
72 183 30924297 4
97 184 98600976 7
92 185 59194819 3
82 186 87728343 6
80 187 89339458 6
82 188 69319265 5
32 189 18652935 6
19 190 40480288 5
92 191 28601822 1
26 192 71413476 1
67 193 2977487 4
133 194 17896612 1
17 195 5193870 8
156 196 33100967 7
68 197 585193 7
158 198 29882727 1
183 199 35663705 6
171 200 57483169 7
68 201 44292576 9
135 202 94786236 8
104 203 29344506 10
186 204 14641673 6
66 205 43735776 2
140 206 35454783 2
65 207 30976469 3
114 208 99949238 10
104 209 46027961 7
82 210 91819941 7
156 211 416641 3
144 212 14991799 2
2 213 53615910 9
19 214 3632374 9
70 215 44930039 4
32 216 2091607 10
163 217 76356591 6
80 218 83646331 4
18 219 81869460 1
17 220 49513736 2
108 221 85395348 6
169 222 17954557 2
89 223 22216560 2
197 224 28946671 2
55 225 84916715 3
154 226 69516589 3
13 227 89966551 1
57 228 63892844 4
94 229 24368674 4
161 230 459460 6
53 231 15278263 9
182 232 3079398 4
138 233 24342802 4
164 234 6190978 4
201 235 9458765 9
215 236 11253777 3
26 237 79267508 3
62 238 66439453 10
144 239 45459529 1
44 240 40727316 1
38 241 80175852 5
108 242 80309977 6
151 243 69286589 3
86 244 37165107 3
195 245 23632692 2
199 246 29193783 1
78 247 22021639 5
95 248 63163948 2
51 249 61128392 1
77 250 12177044 9
74 251 61371688 9
100 252 95235741 5
14 253 7966624 2
117 254 82631806 1
75 255 4669379 4
195 256 12505542 10
203 257 88285636 3
152 258 46212678 6
116 259 73204896 5
111 260 63205334 1
1 261 490870 7
76 262 98995048 8
223 263 32278942 5
209 264 28204655 9
236 265 89962279 4
59 266 27703732 7
216 267 35165457 4
78 268 13264986 10
244 269 47997246 3
236 270 97712419 9
245 271 8463429 7
68 272 1057115 4
163 273 61117271 6
88 274 23376915 8
259 275 55484978 2
258 276 57214192 2
129 277 36475612 8
176 278 34633333 8
10 279 68117276 5
237 280 97477833 5
88 281 32474166 2
184 282 98778032 7
252 283 95712565 5
73 284 6780596 2
37 285 42435161 9
116 286 49430206 9
53 287 68393792 8
35 288 80060568 2
60 289 8366164 4
264 290 84949400 7
138 291 71894666 2
140 292 34508209 8
267 293 69985794 1
171 294 50096039 10
167 295 88000639 5
259 296 17906827 2
218 297 44470170 9
209 298 59812827 7
130 299 63120018 9
170 300 12805321 3
49 301 76317559 9
106 302 65324766 4
159 303 92707707 7
132 304 85225245 10
30 305 30055713 7
144 306 56803147 3
81 307 14174304 3
295 308 89047944 2
218 309 90748172 6
5 310 95905650 10
77 311 19168927 1
61 312 45187341 2
74 313 47921279 4
284 314 62611593 7
304 315 85555452 7
116 316 91883533 4
8 317 62837806 8
268 318 27584314 6
119 319 20203813 1
98 320 86144769 1
302 321 68414183 2
116 322 62650591 1
288 323 33863572 6
72 324 40320335 6
85 325 63513299 1
309 326 36480340 7
231 327 7754686 8
168 328 11496800 7
45 329 36792369 3
327 330 49497381 5
152 331 78888808 8
291 332 6412370 8
22 333 66589973 5
250 334 84271151 3
310 335 80753699 7
192 336 31532296 10
328 337 1157611 2
61 338 86035114 3
200 339 55976846 8
88 340 63546854 6
244 341 47852734 9
169 342 64769294 5
201 343 79960837 10
86 344 84455861 9
215 345 27023228 3
329 346 70758770 4
249 347 64451293 7
345 348 54049498 8
51 349 78241204 3
63 350 56511620 2
31 351 84611762 9
268 352 68330804 6
197 353 50859438 7
153 354 52569486 10
238 355 77930497 9
194 356 77763331 9
330 357 29570098 9
330 358 85053711 6
100 359 80542218 9
339 360 11231692 10
316 361 42249762 8
4 362 84528985 3
349 363 91822272 7
196 364 85231155 9
239 365 17443690 5
262 366 51000774 1
170 367 66254907 4
227 368 62385867 4
271 369 9125400 8
103 370 94611237 4
95 371 65718075 9
171 372 77993583 9
331 373 819077 7
369 374 33298328 6
27 375 77871802 6
231 376 69154788 6
50 377 15535884 2
194 378 5858267 4
201 379 12381122 3
86 380 25817634 7
333 381 33273928 9
326 382 97530967 7
238 383 12595052 9
197 384 32857350 10
343 385 75929067 9
112 56 249 160 203 112 301 274 57 194 235 233 256 91 335 157 40 219 267 19 267 255 335 245 313 238 134 163 207 200 218 364 171 139 323 91 128 175 209 301 2 329 42 179 2 378 237 166 119 231 294 285 364 106 298 225 88 80 189 253 372 231 323 312 132 195 381 246 140 240 367 336 280 364 63 99 169 283 228 344 246 182 54 189 128 14 211 291 141 294 62 41 164 47 303 132 196 303 153 23 171 261 10 325 88 279 328 377 42 374 118 93 53 205 15 275 316 322 215 37 109 313 349 202 77 149 89 135 224 145 317 233 210 84 354 198 24 279 17 169 57 147 329 310 95 209 332 110 222 51 30 117 48 158 104 369 61 202 88 8 373 56 9 22 267 299 193 314 291 365 216 191 45 130 307 108 197 106 96 126 93 225 239 248 305 65 332 225 342 334 356 45 107 326 228 197 5 153 193 288 36 200 75 45 218 86 339 152 209 23 137 322 336 73 184 356 365 23 129 305 67 265 77 100 227 329 316 101 286 380 118 40 124 198 189 62 250 110 123 16 171 32 26 369 163 50 33 267 7 136 76 16 339 2 36 376 319 106 238 31 252 371 228 163 257 312 221 285 80 336 384 195 219 37 297 92 353 344 114 317
22 123
236 339
1 2 69609573 3
2 3 47979303 1
3 4 2742032 2
1 5 94344616 5
3 6 72449243 4
1 7 71631733 5
6 8 82216307 4
2 9 1207763 2
3 10 53612871 8
8 11 96524516 4
9 12 85250738 6
4 13 62200321 8
9 14 94438921 6
10 15 1490780 10
5 16 30302726 5
15 17 68257228 10
13 18 17278536 1
9 19 63781731 7
12 20 47467543 1
1 21 21757858 7
14 22 2554512 7
9 23 59013891 2
12 24 46416432 5
10 25 74927539 6
6 26 93645086 7
25 27 74516494 7
14 28 87774612 7
22 29 51547133 10
1 30 11697499 6
25 31 43039239 10
19 32 16578198 4
28 33 8119846 10
6 34 49119583 8
13 35 10028216 7
10 36 71463117 8
10 37 49833451 4
19 38 22689784 10
13 39 89748909 5
18 40 4630722 6
31 41 93899295 4
41 42 73704239 10
15 43 66740815 2
32 44 42493560 5
21 45 51197518 3
16 46 49512796 5
20 47 88666621 1
47 48 95791576 8
10 49 13723216 7
12 50 81555581 4
45 51 77561073 6
49 52 7314950 1
44 53 81302312 6
39 54 88905617 4
18 55 14684555 8
10 56 285433 10
46 57 333059 5
42 58 22059560 7
56 59 9512659 1
37 60 87442016 1
24 61 73380654 2
4 62 53986422 2
12 63 42177017 10
14 64 2163591 1
43 65 92349924 4
65 66 45127782 3
28 67 80862914 3
41 68 88344294 7
65 69 21770719 1
3 70 38659928 5
31 71 50418393 6
6 72 35266291 2
70 73 4532067 6
48 74 10381910 1
64 75 75390099 4
3 76 77400964 10
32 77 75367945 9
60 78 21495014 7
16 79 33390818 9
65 80 19284663 6
36 81 60038876 6
15 82 1042527 3
33 83 5041314 4
71 84 12542735 8
7 85 53803984 4
14 86 60860158 2
75 87 50887968 9
51 88 74980591 3
12 89 92032814 5
3 90 24242271 10
44 91 49734368 5
60 92 61776622 10
70 93 38230805 4
78 94 35183195 4
63 95 14600056 8
84 96 11799876 5
78 97 27267336 10
44 98 87956639 8
57 99 97085583 3
36 100 80403549 7
58 101 31321920 3
49 102 50727019 10
79 103 33790407 9
57 104 31930316 7
80 105 1181073 8
37 106 12772598 10
79 107 38255972 4
31 108 34728100 3
29 109 34785337 8
31 110 36395119 2
25 111 29301827 8
29 112 69320293 5
83 113 6397906 9
9 114 77087698 5
56 115 28442524 2
79 116 4522042 5
78 117 10271500 4
39 118 61526577 6
89 119 95938736 1
79 120 26449877 2
85 121 76896275 6
13 122 85247063 9
32 123 73497512 2
59 124 22686428 3
42 125 43091247 3
119 126 6267413 9
59 127 44591628 9
117 128 99225396 7
47 129 15389033 2
120 130 96569136 1
114 131 32680318 9
8 132 8056250 1
56 133 53975288 7
112 134 38135963 8
93 135 51265548 4
71 136 35810057 8
17 137 65317746 3
45 138 7760255 8
114 139 27717914 7
26 140 26203204 5
119 141 39994633 3
67 142 87390077 5
87 143 89937383 10
89 144 56759165 10
114 145 54428670 8
120 146 78626526 4
124 147 78653675 10
100 148 47034774 8
75 149 9513864 7
128 150 3257896 1
112 151 4275413 2
124 152 96559732 9
71 153 7958468 3
151 154 16185171 1
12 155 64627290 7
119 156 38991586 10
116 157 81675507 9
104 158 30570538 8
104 159 26282683 6
56 160 28629704 2
95 161 4264903 3
82 162 56110929 3
69 163 85350082 5
57 164 58635090 3
38 165 32352205 5
83 166 74913097 3
104 167 46345047 10
166 168 67912439 4
158 169 66206915 5
162 170 15643539 8
110 171 19519742 8
168 172 87288495 5
20 173 81111282 5
70 174 53101135 6
25 175 72143634 5
140 176 22002860 3
140 177 48764383 9
48 178 30355760 7
11 179 43251523 1
176 180 69390445 9
13 181 43612648 2
6 182 28274321 3
14 183 34603986 3
52 184 79300821 4
56 185 43820396 8
178 186 93914309 6
155 187 41349540 1
138 188 5767682 6
60 189 38482088 8
178 190 63582665 3
143 191 75385504 3
159 192 67065937 8
95 193 78532220 7
173 194 88183385 4
122 195 65813686 6
26 196 86879580 9
55 197 53438377 2
16 198 58555286 5
15 199 21707321 3
41 200 45820715 4
64 201 77915616 4
185 202 60258617 1
150 203 19980805 1
21 204 15121284 1
104 205 63449280 4
176 206 7730022 6
85 207 35655939 9
4 208 88550982 3
48 209 70533994 9
116 210 34776671 6
112 211 77136885 5
38 212 59901414 3
87 213 59822851 2
79 214 11956618 7
16 215 11555029 9
135 216 64018615 4
203 217 3981777 5
130 218 67796163 8
1 219 14928880 10
36 220 32758683 3
141 221 7107461 4
141 222 25435557 10
119 223 65528110 9
132 224 25378953 6
46 225 25827400 6
2 226 56822151 4
45 227 49443846 8
86 228 58123194 9
180 229 90466454 7
8 230 50168739 4
188 231 36918673 3
136 232 89031694 8
69 233 86248283 4
164 234 53989699 7
15 235 72193688 6
12 236 94450522 4
224 22 212 154 123 15 4 104 219 87 214 84 172 40 181 14 49 85 96 42 57 150 129 45 58 92 204 123 179 162 227 236 192 157 151 116 12 52 159 215 217 122 5 69 72 70 152 26 222 160 206 30 180 2 115 86 63 191 211 47 202 225 77 45 143 112 125 57 26 154 37 81 210 137 115 107 35 214 192 236 49 7 24 131 229 230 56 83 108 80 179 185 78 193 149 38 59 16 55 216 28 57 120 186 181 28 152 20 10 198 172 125 176 182 234 23 135 85 92 50 60 229 72 100 22 148 140 236 170 57 18 125 206 114 38 220 204 7 70 43 69 102 125 20 52 82 165 154 225 228 67 57 77 174 33 222 30 150 35 116 9 194 185 233 198 80 186 28 70 83 203 38 24 193 160 77 15 152 5 148 182 143 228 224 20 10 227 87 199 102 210 178 138 154 55 42 146 173 144 44 62 91 128 7 33 28 8 34 101 98 101 10 17 230 179 82 208 151 192 80 18 182 157 130 73 34 24 68 52 226 211 195 207 33 226 4 118 185 85 68 118 34 78 89 65 207 221 66 70 142 12 211 74 17 99 199 67 168 153 100 22 136 145 100 158 153 233 32 128 40 80 28 151 165 146 95 118 65 53 180 45 70 171 35 225 47 31 5 11 138 148 182 84 231 101 161 229 72 52 222 83 166 98 90 88 17 44 87 7 81 15 109 69 134 179 30 189 114 19 89 234 128 192 51 228 30 97 236 81 212 47 202 109 225 63 209 168 217 133
8 230
101 81
1 2 7740586 9
2 3 76487309 6
1 4 52845422 10
1 5 16507398 6
3 6 69458250 10
5 7 53340684 10
5 8 87869525 6
3 9 750626 10
9 10 42000329 2
8 11 19004093 7
10 12 93730893 3
2 13 88615483 9
4 14 85057895 10
10 15 35347207 3
6 16 93360106 9
6 17 93016872 3
9 18 42463551 1
6 19 59457859 5
11 20 19745323 10
9 21 82559086 3
10 22 30167586 7
10 23 87648065 8
14 24 64183811 5
3 25 25712693 2
9 26 28605070 6
25 27 99401593 2
10 28 89546126 10
24 29 36250363 3
25 30 10454330 10
13 31 52277555 6
15 32 68131250 10
27 33 64628345 5
30 34 69693094 10
14 35 84471714 5
18 36 54868275 10
34 37 43178859 3
21 38 36667427 4
17 39 15824412 1
22 40 4117941 5
23 41 71465580 7
23 42 46754763 9
3 43 4380211 3
30 44 88199357 6
42 45 74640699 1
26 46 46627142 3
36 47 16055976 3
43 48 44631466 5
41 49 80827653 9
32 50 31602047 8
17 51 51373519 7
43 52 47319045 5
30 53 55529286 7
39 54 44108269 8
29 55 5845812 4
30 56 79879258 7
29 57 76388298 8
41 58 93432762 7
28 59 85293339 9
52 60 70650967 5
28 61 48706800 5
4 62 80268337 2
13 63 46705619 4
1 64 20531464 7
30 65 37734819 9
11 66 63724030 3
50 67 63509378 3
33 68 49605046 6
34 69 9525092 1
48 70 20688539 10
3 71 98242369 6
30 72 44272827 2
38 73 67672062 7
10 74 69335610 8
20 75 53654817 1
31 76 54388225 2
47 77 35211074 4
5 78 93757052 7
43 79 37051612 7
19 80 39895213 2
71 81 88755557 5
23 82 91749311 4
13 83 8045100 3
35 84 97225164 9
47 85 24541675 8
76 86 77286925 3
47 87 22488991 7
21 88 66662396 7
5 89 75321108 7
32 90 29158242 5
28 91 10947030 7
18 92 26567524 1
33 93 33186914 10
86 94 44132585 2
41 95 95858050 4
1 96 86603467 10
14 97 39989638 1
18 98 13429772 4
48 99 67406399 7
30 100 93164702 1
38 101 72624827 7
80 93 79 98 55 30 84 30 13 75 6 28 13 91 65 55 16 20 92 51 34 45 48 30 29 27 92 83 100 10 89 73 23 13 34 28 18 30 27 36 13 48 43 7 77 17 69 75 22 98 42 59 53 93 50 78 40 11 99 74 101 65 2 69 67 34 31 93 59 92 36 16 35 13 45 78 4 88 3 8 82
22 40
458 49
1 2 84804684 8
2 3 85274766 2
3 4 70750123 3
4 5 44738447 2
4 6 94511177 8
6 7 49885882 6
1 8 3068400 1
1 9 25969193 10
7 10 75507706 8
8 11 44471856 5
7 12 70057669 2
10 13 94740189 9
4 14 92766474 1
13 15 17226493 8
10 16 37444637 8
13 17 38395606 5
8 18 32194618 4
10 19 85015485 4
17 20 11785932 4
1 21 54766068 1
8 22 472356 9
13 23 5040530 5
9 24 57706586 4
15 25 97222483 5
9 26 1035326 7
7 27 46317292 1
17 28 22665950 1
23 29 16626563 9
11 30 52230369 1
29 31 44014978 6
5 32 69441647 10
7 33 25490035 8
22 34 49715437 10
20 35 93086584 2
22 36 46760298 10
19 37 33445335 1
35 38 19881164 9
10 39 55907162 8
11 40 95480076 9
34 41 38103382 6
17 42 60810723 9
2 43 10654387 7
4 44 14041497 6
34 45 29420597 3
23 46 37309610 9
43 47 43081884 9
21 48 81541550 1
1 49 24436975 3
15 50 81741876 6
2 51 65265674 9
49 52 79956636 4
52 53 67958871 3
9 54 77938154 3
48 55 35173577 3
29 56 99930034 10
36 57 82719608 4
36 58 62000361 6
50 59 6017856 5
19 60 59314094 6
19 61 23376776 3
28 62 43360327 2
15 63 26211726 10
55 64 31536494 10
25 65 55118290 9
40 66 62592948 9
42 67 61956150 10
41 68 59772286 2
49 69 98152682 8
38 70 83573825 2
49 71 18329550 9
35 72 41022147 6
65 73 15494155 4
57 74 18489848 3
21 75 12054213 8
75 76 70205545 6
17 77 30147968 4
48 78 26944248 6
70 79 38618023 10
38 80 6925664 10
15 81 63693690 10
32 82 23653049 1
48 83 40263282 7
67 84 98894930 7
54 85 50280131 7
40 86 53074759 3
67 87 50597157 5
58 88 38964795 6
11 89 59879462 7
18 90 60761553 4
72 91 70882669 1
48 92 9428722 5
4 93 93800865 5
2 94 11543072 3
54 95 28480327 7
86 96 51160111 5
19 97 47568213 7
13 98 94740354 5
58 99 67731373 7
95 100 6475986 3
47 101 32868214 8
81 102 35689806 1
85 103 5588219 9
31 104 87404653 9
68 105 7756256 10
24 106 28770101 6
7 107 63936249 8
99 108 69756172 4
13 109 33537664 5
65 110 3188084 1
76 111 87659093 10
93 112 74928920 10
53 113 81370823 4
113 114 97806878 6
20 115 87106264 4
54 116 9281304 4
23 117 41579722 5
112 118 94886877 3
24 119 42685683 3
79 120 10097001 4
104 121 57240650 5
49 122 98660937 1
70 123 57947041 10
76 124 61791930 3
72 125 672134 9
2 126 2833292 1
14 127 28381460 1
56 128 20349133 9
22 129 18505173 9
82 130 58644975 8
124 131 73422000 1
131 132 51898469 8
57 133 94638902 6
41 134 77166520 4
92 135 47601526 9
44 136 76157962 5
12 137 77902431 1
80 138 35740255 5
19 139 5605969 5
33 140 15833716 1
11 141 31748644 2
129 142 11065924 1
75 143 4228208 1
13 144 58348733 1
107 145 42516437 5
123 146 71231009 2
102 147 87958312 1
90 148 91377400 6
32 149 26724100 4
94 150 72224897 7
83 151 18568277 4
104 152 59073179 4
2 153 7364401 5
30 154 18313341 7
28 155 53732028 6
51 156 69331607 9
107 157 15234237 1
26 158 78885376 4
3 159 71468196 7
65 160 24095997 8
147 161 20854628 9
126 162 2355095 10
38 163 92593448 6
52 164 94931618 7
134 165 36504485 9
109 166 77308773 6
20 167 62453817 10
32 168 27269052 6
123 169 25041647 5
59 170 42284190 9
17 171 7324747 9
145 172 33937156 1
119 173 48942813 8
1 174 99731475 7
140 175 30865722 1
22 176 50785841 5
130 177 96521470 9
84 178 81544588 1
162 179 75091205 8
109 180 39919919 10
68 181 45977336 9
44 182 42150828 9
99 183 71370269 9
123 184 6488815 6
152 185 55154816 8
61 186 9032224 8
174 187 60424669 3
24 188 53676122 4
123 189 23854321 9
55 190 34961055 7
99 191 49204106 3
108 192 7429516 4
175 193 37771671 8
161 194 88185961 3
17 195 66201487 10
46 196 24913705 9
4 197 53075351 2
115 198 47307326 2
190 199 11611634 9
166 200 1881329 4
11 201 68648972 1
180 202 30004215 4
125 203 81087803 9
176 204 63920938 9
35 205 61029364 1
127 206 24401792 10
50 207 48213809 3
49 208 35662648 7
6 209 64060469 5
17 210 87541732 8
129 211 81089953 2
100 212 4954306 10
99 213 73695950 9
31 214 68300771 1
135 215 63871731 9
73 216 37708563 5
151 217 64566313 9
102 218 12663903 3
199 219 72426705 9
38 220 13135282 1
125 221 13910260 5
58 222 56397379 1
153 223 18960868 7
96 224 34744232 4
188 225 64876202 6
41 226 34320283 7
75 227 64748935 9
196 228 55034224 1
118 229 20836877 1
220 230 77734707 6
62 231 66938595 5
27 232 52207493 1
39 233 92761306 1
167 234 66718999 3
43 235 17673855 8
86 236 27183037 6
5 237 56287013 1
83 238 37958420 2
115 239 3983364 10
197 240 77032399 8
81 241 28793887 5
170 242 63332325 7
134 243 63697251 4
73 244 69456966 7
182 245 7284186 4
214 246 92319940 7
164 247 39441213 3
146 248 71494780 3
197 249 11348858 10
183 250 73065969 10
110 251 33785983 7
228 252 81533189 5
189 253 4411882 3
100 254 1677590 7
84 255 27908482 9
240 256 18554690 9
207 257 67969191 7
152 258 34875009 2
182 259 54933389 4
17 260 20765896 10
80 261 81325146 6
190 262 3271044 6
155 263 91902106 1
195 264 24494559 4
235 265 99770976 8
119 266 20349881 9
245 267 11683838 2
65 268 19681842 7
95 269 37695554 4
108 270 39291175 6
122 271 40738003 9
9 272 17623449 4
272 273 23838592 8
6 274 31956436 3
195 275 36539161 4
124 276 80922387 5
50 277 34444487 8
70 278 1512970 10
84 279 63377724 3
236 280 924001 6
134 281 88145896 3
67 282 81865794 10
140 283 96365080 5
91 284 75915435 9
60 285 46562604 9
133 286 62160802 3
164 287 23150974 10
163 288 13092765 4
280 289 56075123 5
27 290 34744138 8
10 291 80741804 2
35 292 76864925 9
112 293 54994719 10
229 294 52129434 4
17 295 81216835 1
122 296 19744873 1
245 297 57546680 10
166 298 2160645 5
167 299 50719805 7
77 300 26137787 10
167 301 61359688 10
1 302 93967703 6
70 303 66687736 10
188 304 4007868 1
14 305 7587223 4
147 306 92976376 1
303 307 14759150 3
110 308 24335698 6
211 309 13514857 4
83 310 81756567 7
213 311 51888907 7
146 312 22034177 3
141 313 33496361 2
176 314 58228241 5
215 315 55173446 9
315 316 99138679 1
231 317 93841378 6
170 318 25788862 6
219 319 20692755 4
230 320 14882397 3
278 321 54298446 3
31 322 45898505 2
305 323 47226084 4
280 324 45865460 5
296 325 12454397 5
99 326 62038891 2
16 327 26841447 1
277 328 62801849 1
87 329 4679601 1
115 330 71235569 9
188 331 30272619 5
315 332 40888974 6
190 333 1587849 9
71 334 30381486 10
95 335 67930697 5
224 336 48424862 9
279 337 65867265 10
254 338 27117542 5
219 339 90296823 1
160 340 18538233 3
257 341 72462103 9
8 342 62291551 10
67 343 86607037 10
259 344 2421770 10
26 345 96383625 9
47 346 73177165 6
342 347 31545774 6
186 348 96273322 10
96 349 89958346 8
100 350 1267454 1
160 351 96467112 2
182 352 63019892 9
277 353 31610481 2
166 354 96377169 1
237 355 19381330 3
242 356 23218132 2
241 357 22033214 6
333 358 56905391 5
303 359 84453632 7
271 360 72213008 4
17 361 48924452 7
333 362 96926654 7
120 363 98956116 1
275 364 62968459 2
271 365 70426084 1
120 366 20147550 6
348 367 22638243 9
336 368 35533849 5
20 369 34309699 4
176 370 80797289 9
341 371 75753417 7
348 372 74584974 8
141 373 68583828 6
23 374 89287213 4
253 375 95826606 4
335 376 81779860 1
174 377 90567946 5
155 378 22069551 2
349 379 41527157 4
26 380 54326050 10
58 381 48406237 6
365 382 19745290 10
220 383 43256065 6
117 384 74486260 2
355 385 35251683 2
89 386 15987924 8
233 387 62565740 1
228 388 16449617 8
313 389 86186807 3
198 390 83872026 1
230 391 50930670 2
265 392 40412911 1
309 393 96809518 2
17 394 82376287 2
361 395 8422690 7
38 396 89003326 3
54 397 48457968 5
99 398 43121641 9
95 399 23886004 10
360 400 97360827 9
113 401 83368947 7
372 402 20177825 8
156 403 10664565 8
353 404 58909393 2
23 405 19879936 1
115 406 44106224 4
285 407 62211849 2
129 408 15706951 8
149 409 86282753 3
323 410 79019085 7
136 411 58061097 8
302 412 67301870 8
127 413 593181 9
160 414 87114415 4
262 415 14489785 9
30 416 42179168 10
151 417 41275233 5
2 418 18555757 5
171 419 79220056 7
152 420 2858906 9
206 421 671734 3
58 422 11499061 10
348 423 38996483 4
386 424 63131892 8
78 425 53383579 1
396 426 22440530 3
247 427 68015881 2
126 428 13183208 10
18 429 91879335 1
216 430 94583403 7
300 431 50624915 8
277 432 54271251 3
370 433 61404138 10
224 434 15952287 10
299 435 39202902 9
183 436 19418455 3
171 437 35988787 10
190 438 31642410 7
185 439 84834914 7
337 440 19295166 3
385 441 98125369 6
80 442 23087253 4
404 443 75877199 5
89 444 53570020 10
285 445 50382501 8
263 446 51495832 2
257 447 63084620 2
119 448 9465479 7
393 449 32127758 5
429 450 57626971 9
116 451 91593269 6
93 452 66614031 5
431 453 92303677 1
451 454 85563571 10
413 455 3512824 7
368 456 20584034 7
378 457 68559623 1
217 458 13567549 3
23 396 292 209 287 103 314 87 182 97 30 343 302 51 262 364 415 182 116 99 88 57 66 202 315 291 17 134 33 435 296 137 221 107 296 68 215 317 45 254 217 27 431 266 334 85 89 331 428
14 305
266 53
1 2 78629429 9
2 3 80032521 3
3 4 11950525 10
1 5 3446582 9
5 6 47469054 3
5 7 21580992 4
7 8 30988292 9
2 9 50007436 1
3 10 72264281 4
1 11 82067110 2
5 12 7008438 4
5 13 72377071 6
5 14 6600544 9
14 15 30125295 6
7 16 77923823 10
8 17 85339183 7
11 18 63651639 8
16 19 63936479 7
1 20 32328666 8
16 21 2588480 10
1 22 32608733 10
3 23 78464424 7
7 24 26887214 6
11 25 51593993 9
3 26 5063485 9
19 27 45400996 5
18 28 44097748 3
20 29 13733075 7
20 30 99273081 5
23 31 85278383 9
1 32 59248354 10
32 33 64684260 7
28 34 34024763 3
3 35 14761501 10
11 36 63627187 3
18 37 2086106 5
37 38 52688457 6
25 39 89782450 4
6 40 86531025 1
33 41 25767616 8
38 42 15812300 4
16 43 92582162 9
38 44 46919289 5
15 45 69693136 7
12 46 55834570 7
14 47 70246758 4
32 48 84308877 7
29 49 95185417 7
25 50 51277642 9
13 51 90302659 8
29 52 66309439 2
7 53 28598476 9
47 54 95556583 1
17 55 96921410 2
5 56 4558811 8
44 57 90846677 7
50 58 88779876 8
46 59 42894917 5
16 60 57299211 4
5 61 99075437 8
20 62 64457258 9
44 63 17819943 3
32 64 60160207 9
17 65 63355999 1
50 66 8806422 1
59 67 42352315 8
43 68 41601820 2
29 69 80254769 8
15 70 57729276 3
11 71 63754962 5
38 72 75061278 1
60 73 7451310 6
20 74 40002223 5
39 75 44333382 5
49 76 37595756 4
29 77 80844526 2
58 78 34620431 5
58 79 87498977 5
61 80 84103550 8
42 81 49262632 6
80 82 70182950 1
57 83 29099283 7
32 84 59844212 6
33 85 58452701 4
64 86 76013669 1
73 87 33491583 5
46 88 16775664 7
6 89 73810791 1
39 90 73040504 5
52 91 56525306 10
65 92 59745007 7
73 93 28655508 5
81 94 90645919 5
26 95 67455454 8
7 96 26159985 7
16 97 50636099 3
28 98 26690520 5
65 99 12310991 10
30 100 43285147 9
63 101 20767330 8
1 102 77767095 7
87 103 44497443 4
51 104 68897180 6
61 105 82804014 9
55 106 21983223 1
75 107 82308917 8
66 108 26154517 4
64 109 69116298 6
42 110 77061345 5
50 111 55743770 9
82 112 23591006 4
68 113 43508556 6
2 114 63617485 4
46 115 14307425 4
14 116 51877075 5
110 117 96833878 5
4 118 86351004 1
82 119 73900425 4
45 120 5006259 2
94 121 89942682 1
15 122 51000794 1
103 123 22189138 8
41 124 66013689 3
10 125 9114008 5
32 126 58775771 2
96 127 62743021 9
119 128 21242953 8
3 129 38291761 7
85 130 72447672 7
4 131 75732561 5
90 132 42346541 10
67 133 68988981 10
101 134 72989969 6
76 135 79810189 6
55 136 42602939 8
107 137 78146610 5
108 138 12645049 1
118 139 56562914 8
128 140 87646926 8
106 141 49811478 3
4 142 74219249 10
137 143 50535058 3
75 144 95241114 4
111 145 14284293 9
6 146 26335987 5
21 147 50562701 7
39 148 37639565 5
42 149 40528258 3
93 150 39940203 4
48 151 68662491 8
70 152 30222611 6
147 153 32213952 10
12 154 2038994 7
85 155 98880024 1
48 156 56901259 4
12 157 1433064 1
110 158 24465363 8
68 159 20562707 3
105 160 13882166 8
125 161 32859939 6
22 162 78035193 5
5 163 54360113 5
98 164 46440414 4
29 165 88493261 2
74 166 48512287 10
164 167 48894510 3
146 168 71903192 3
86 169 67409688 3
105 170 77450400 7
86 171 67708600 4
152 172 60211025 2
96 173 21665597 5
117 174 84017297 9
171 175 10947631 1
65 176 53168156 4
89 177 10525507 6
167 178 47298492 5
80 179 21305828 7
123 180 88525683 4
124 181 73856211 6
16 182 55918517 7
87 183 91806283 3
132 184 53490666 1
130 185 98410731 7
181 186 89126410 6
133 187 25152721 10
22 188 23664663 3
143 189 72944639 6
110 190 82901790 1
10 191 86549673 6
73 192 38890540 4
191 193 97906943 6
51 194 70488739 5
159 195 2134283 6
163 196 96319334 2
59 197 2658131 7
61 198 29306441 4
58 199 61589015 2
60 200 91135295 6
2 201 3356708 2
189 202 47724148 4
130 203 72247568 5
186 204 16897100 9
99 205 88228449 5
64 206 9929539 2
109 207 34585727 6
185 208 17184676 6
123 209 56538244 2
43 210 87429508 5
123 211 21807795 3
119 212 25235293 10
54 213 80050237 3
3 214 97601590 3
210 215 4192982 1
85 216 48011801 9
189 217 78874860 6
103 218 56785685 2
96 219 58229359 6
142 220 96169740 3
134 221 56814734 9
110 222 22003262 5
88 223 37481329 5
24 224 86488135 9
143 225 57987897 9
199 226 51109502 3
47 227 45178359 8
3 228 76406405 8
44 229 91522108 4
192 230 46368958 5
98 231 85343238 6
96 232 81601238 8
153 233 97362156 10
72 234 80265935 3
69 235 10794930 2
215 236 38111181 7
21 237 24692418 1
228 238 6629653 4
137 239 92830367 8
158 240 39325610 6
167 241 23586131 6
115 242 48550837 4
121 243 1312205 5
149 244 98643653 6
78 245 32140471 9
94 246 16527076 8
105 247 42400152 6
62 248 29614071 3
116 249 90164329 2
219 250 98331266 2
83 251 96212289 9
226 252 67176973 7
191 253 97150456 6
94 254 59083173 9
146 255 47930079 4
93 256 45769815 2
146 257 54604203 8
70 258 54386448 3
257 259 32530983 9
148 260 84086501 7
99 261 69722587 5
95 262 18197985 5
111 263 47183683 1
170 264 28781563 4
153 265 85554351 6
133 266 11976199 2
97 86 168 156 227 133 40 192 100 207 126 43 186 98 225 26 7 170 205 224 57 66 28 244 178 93 7 146 217 86 155 217 123 77 24 242 149 202 162 216 243 249 37 6 196 251 117 31 239 257 20 208 231
46 12
421 282
1 2 89566488 3
1 3 93470038 10
1 4 77963453 10
2 5 6949515 4
3 6 13672832 10
3 7 33417397 2
5 8 20187290 4
3 9 64459970 3
1 10 66963665 8
6 11 3794069 1
9 12 82535025 6
6 13 73437355 5
3 14 33668299 7
11 15 46898656 6
11 16 77470916 8
14 17 64196879 6
8 18 48299545 7
8 19 16010478 4
17 20 36175187 4
10 21 91429960 2
21 22 97512228 8
16 23 70072027 5
21 24 64125561 9
6 25 97035174 2
8 26 96335968 3
26 27 75152660 2
25 28 45667680 9
25 29 8964813 9
27 30 2700960 5
1 31 46016850 6
18 32 22846729 6
6 33 77597169 6
25 34 60607921 8
19 35 39949948 10
8 36 44911347 3
5 37 75180462 2
17 38 21023392 4
32 39 11940775 10
24 40 93165744 1
39 41 36792668 1
13 42 96616911 10
1 43 80052122 2
32 44 58533843 8
38 45 83978895 7
6 46 41559761 10
7 47 68048083 4
1 48 80905715 1
13 49 4160251 9
32 50 85398098 8
26 51 8650736 1
30 52 27961736 7
46 53 11809657 7
12 54 75719445 2
44 55 61591834 6
4 56 68890018 1
35 57 26418212 9
18 58 41293299 4
27 59 51448610 7
25 60 74206964 3
28 61 50703090 4
56 62 85215193 3
60 63 97606562 6
8 64 21647882 1
40 65 11368230 6
35 66 20559529 2
3 67 83874550 5
22 68 58096177 6
45 69 96882653 3
35 70 32042290 6
34 71 95393083 5
40 72 28702173 5
45 73 10692060 10
50 74 51111628 6
60 75 1755999 8
20 76 93972310 4
21 77 6188457 6
4 78 60056615 8
42 79 880290 4
43 80 84522548 10
45 81 26865093 5
13 82 87215831 6
50 83 98399739 3
66 84 19478200 5
2 85 92153208 10
82 86 65069950 6
1 87 93853156 8
66 88 72675743 3
15 89 55791847 5
44 90 3573882 5
84 91 43961188 7
56 92 67142085 6
86 93 91196873 2
19 94 73835338 9
85 95 31760303 9
1 96 31687498 3
66 97 99289812 3
58 98 50595529 8
91 99 99541771 4
82 100 89532035 5
79 101 7791267 7
62 102 3641007 4
37 103 47896132 10
24 104 6771183 6
80 105 57486939 6
70 106 69743927 8
106 107 79468626 1
72 108 97852714 6
76 109 88650421 1
89 110 97463705 9
97 111 36987245 3
54 112 63846224 8
109 113 50696686 3
27 114 74174332 1
79 115 42711291 5
6 116 19346924 3
31 117 96174948 8
8 118 14337577 8
98 119 60522012 10
12 120 16832139 10
13 121 22168318 6
11 122 32121066 8
68 123 52397793 9
94 124 96894517 4
19 125 26922472 1
14 126 50355555 1
107 127 78737591 4
2 128 11638541 9
57 129 8988637 9
91 130 52564310 5
70 131 95816086 4
51 132 71561154 7
9 133 19189860 3
50 134 78202987 6
92 135 41627970 2
96 136 99549797 3
28 137 26719255 5
120 138 53677112 8
112 139 86182508 1
67 140 36832267 1
80 141 88225112 5
126 142 58002240 2
1 143 65447978 7
42 144 36912598 9
118 145 73749318 8
110 146 24145730 1
59 147 9584618 10
88 148 37812458 3
86 149 67023437 8
138 150 44915954 7
46 151 98584856 1
48 152 927620 7
37 153 94419891 2
131 154 68212144 7
78 155 6963337 8
79 156 90521558 3
77 157 11904591 10
13 158 49177912 8
113 159 28805009 6
103 160 15381484 2
26 161 59989145 6
96 162 53629634 1
84 163 65220870 4
146 164 56700361 10
22 165 68158493 6
147 166 8645057 9
126 167 45520507 6
147 168 42225185 5
28 169 65362562 5
161 170 92010396 5
3 171 24407720 4
95 172 5822168 4
5 173 47542838 8
131 174 9424507 1
107 175 67247505 8
10 176 17216800 6
133 177 25649140 2
26 178 30989581 4
168 179 44368718 3
26 180 83796716 2
64 181 6926377 3
65 182 53628317 7
61 183 58548725 7
126 184 99965773 9
59 185 86900297 9
62 186 9418874 2
44 187 51661709 5
175 188 47388673 1
25 189 6856227 1
17 190 8918809 8
84 191 26509248 9
69 192 83097112 7
32 193 82893492 1
159 194 81688876 6
46 195 35010757 4
126 196 11157667 4
179 197 75894087 5
107 198 86749248 10
35 199 40677314 1
187 200 5470812 3
99 201 7591377 9
99 202 46103009 9
10 203 32214641 7
98 204 19570596 4
81 205 71492417 2
132 206 38924752 6
127 207 73101693 5
133 208 53524103 5
28 209 96718580 1
101 210 52002774 7
96 211 49382655 7
171 212 66931980 6
90 213 98090900 6
210 214 82223910 3
18 215 28044174 2
16 216 88133120 8
66 217 92644881 3
49 218 54126159 5
187 219 18067888 6
167 220 14389269 9
133 221 2929607 4
69 222 1824375 3
105 223 3016397 1
18 224 71821318 5
67 225 8433952 2
189 226 81289056 3
188 227 55895654 1
42 228 20576464 8
49 229 1546453 5
164 230 82711996 10
158 231 85195535 3
166 232 19871141 3
89 233 22316768 6
118 234 54336069 5
50 235 98630966 5
47 236 88595259 9
188 237 28955546 1
77 238 41607213 5
36 239 4577195 2
201 240 90524253 9
207 241 41910921 9
58 242 45745154 5
94 243 43075551 10
31 244 18877053 8
109 245 28424968 4
130 246 81686411 6
182 247 65720784 6
154 248 39837561 3
187 249 74518210 3
71 250 26389960 1
37 251 49528382 3
120 252 28842629 3
127 253 92239528 8
127 254 77515324 10
98 255 78390795 5
244 256 28722711 8
45 257 47648476 10
68 258 45967879 3
192 259 68252601 3
249 260 19101680 5
174 261 57408914 8
239 262 23100239 6
230 263 40211373 6
126 264 77750309 5
174 265 50987844 10
59 266 49850150 8
76 267 79958226 3
70 268 56392919 6
99 269 95933125 2
123 270 58628046 2
260 271 83964876 8
115 272 7889854 5
182 273 4647834 4
29 274 3935190 6
154 275 65701127 8
275 276 91000723 4
30 277 40977969 6
200 278 6285320 8
141 279 17579889 9
37 280 59484001 8
205 281 94372528 1
96 282 47964111 3
200 283 97297464 3
15 284 68504835 4
73 285 19813098 6
234 286 83597468 6
23 287 80799892 10
203 288 89312712 2
213 289 51090281 2
281 290 99127730 2
58 291 81850063 3
14 292 26059525 1
10 293 38040931 2
53 294 78764090 2
152 295 22624900 10
73 296 49845060 10
289 297 731161 7
233 298 3141959 7
159 299 58661712 2
237 300 78721290 2
157 301 61038307 2
265 302 56902536 5
188 303 42312553 7
97 304 86143952 6
35 305 75796831 4
86 306 97235110 5
60 307 46310617 4
261 308 65508382 1
77 309 60992996 9
248 310 10386476 2
257 311 11115811 2
171 312 94015475 3
144 313 46007645 3
225 314 39946953 2
261 315 91557890 10
266 316 19112480 9
1 317 70267550 2
159 318 84032647 7
240 319 78283429 9
153 320 79136717 4
11 321 81716392 1
189 322 88353368 8
102 323 46399547 5
224 324 69311307 3
258 325 90917318 8
278 326 29621270 5
200 327 7182986 8
274 328 82785752 6
92 329 83225114 8
160 330 8030180 4
117 331 34605223 2
89 332 52585955 2
130 333 70593250 10
301 334 77045938 8
258 335 23186948 8
145 336 7295807 6
141 337 75551795 5
49 338 1717314 9
72 339 56756311 8
35 340 7870384 8
312 341 9776322 2
287 342 20042117 6
71 343 86337105 5
248 344 99558413 8
139 345 24931062 5
284 346 52152715 1
160 347 24010692 1
223 348 54929037 7
135 349 5785389 4
26 350 46863894 3
17 351 68024668 9
229 352 4775185 10
113 353 35713357 1
96 354 85331641 2
168 355 83219305 6
103 356 10072230 10
35 357 96436362 10
47 358 94552640 8
89 359 74105433 10
121 360 29237588 8
350 361 84740976 7
45 362 23356542 4
156 363 79618010 4
28 364 53542727 6
18 365 67961896 2
140 366 18491217 3
37 367 41986722 4
129 368 10868779 3
79 369 72609116 9
233 370 92113454 6
305 371 77813618 7
64 372 7554962 7
193 373 7580834 7
290 374 56378363 8
2 375 93167076 9
259 376 48153174 3
210 377 40535875 1
140 378 97624051 2
326 379 77723533 8
64 380 19022478 6
275 381 90548328 3
376 382 56785130 9
59 383 47854797 8
182 384 95035680 2
298 385 71201283 6
296 386 87595197 7
356 387 16197757 6
269 388 13593336 6
18 389 7933545 5
164 390 11955851 7
30 391 53803733 6
199 392 54469395 10
36 393 89726015 8
227 394 29440517 9
201 395 87216569 2
327 396 15392157 4
217 397 1427217 10
155 398 60818041 5
47 399 79117551 10
398 400 57852503 2
368 401 96237419 2
254 402 36922185 10
37 403 67187305 9
121 404 8983669 1
283 405 89063220 5
382 406 50124790 1
129 407 19199367 4
360 408 12417083 8
339 409 11590773 5
299 410 16789990 3
135 411 2485835 3
338 412 42964733 2
406 413 87551673 10
79 414 66856179 10
208 415 71543509 1
262 416 84896618 9
69 417 58364558 2
183 418 24640796 4
238 419 28941919 4
368 420 37303704 6
303 421 67678285 7
81 220 54 72 204 21 116 81 169 44 296 28 294 261 404 345 273 276 259 172 14 209 373 235 269 391 237 105 374 215 408 242 296 28 203 337 235 328 113 371 61 386 188 354 103 137 419 372 101 259 300 123 111 363 184 68 51 222 103 91 184 189 105 120 57 221 210 203 85 169 188 335 137 167 208 232 184 213 364 397 420 113 34 176 116 316 249 193 226 60 52 314 199 109 363 57 78 415 338 53 361 386 267 26 344 338 396 261 313 30 210 185 351 272 251 381 124 229 17 88 40 415 307 395 409 192 277 123 131 247 97 295 63 57 200 97 193 306 142 307 308 14 286 236 273 51 37 132 395 276 363 409 190 404 23 87 260 373 390 27 328 250 1 409 223 63 248 318 202 88 308 78 188 197 355 75 217 405 391 331 122 327 231 285 85 380 146 286 211 378 87 48 30 49 264 331 402 197 283 294 358 34 247 26 104 302 403 214 228 227 266 70 110 136 331 193 233 108 322 142 246 171 409 270 289 368 38 102 305 111 29 309 139 84 280 148 228 308 165 392 25 332 288 228 216 279 159 104 291 194 297 349 142 333 390 288 191 380 39 282 158 402 155 15 128 145 285 192 252 418 16 121 109 86 420 199 191 237 270 367 274 188
366 140
372 478
1 2 5612115 3
1 3 49013378 3
1 4 13918892 2
2 5 58263052 7
2 6 91879230 2
2 7 91312892 7
7 8 72140048 6
7 9 4858398 9
1 10 27923369 6
5 11 32719812 8
7 12 45748017 6
11 13 7035009 7
4 14 95232283 7
1 15 51178146 2
4 16 54083160 7
8 17 13513262 10
5 18 46437808 10
6 19 81332673 6
15 20 48885158 2
3 21 61020800 8
6 22 16552726 8
6 23 90658159 8
16 24 41971144 8
11 25 6237763 6
6 26 89008291 4
8 27 8185779 1
18 28 11360317 2
27 29 10375700 2
11 30 75830627 10
7 31 88082394 9
19 32 7700170 1
24 33 32619278 2
24 34 18553345 6
21 35 94095559 3
20 36 59115232 2
20 37 81005070 8
22 38 14547678 10
9 39 24465371 5
32 40 20924334 3
29 41 19529563 10
1 42 46233054 9
20 43 9317824 6
24 44 74835775 9
26 45 58671494 3
4 46 95594866 10
31 47 32937592 2
8 48 23933677 8
5 49 65806672 2
15 50 10542922 8
17 51 3282227 7
6 52 80985381 8
30 53 97101133 9
35 54 75138745 9
52 55 52918252 7
25 56 47025343 5
52 57 37031821 4
19 58 72311957 3
43 59 66557794 2
31 60 84691230 5
14 61 60388605 5
40 62 86518357 5
49 63 29758700 3
20 64 86615853 1
49 65 46182154 9
41 66 39937867 3
51 67 74405605 5
8 68 64662962 7
9 69 65988496 4
19 70 44346882 8
32 71 92476908 3
59 72 88307159 9
39 73 29352144 1
42 74 28813287 9
26 75 43126474 7
23 76 40218873 6
35 77 17545330 6
11 78 19502697 7
67 79 60342964 8
61 80 61351225 5
65 81 61720402 9
40 82 42969957 10
57 83 56711838 2
17 84 40290807 1
81 85 21446377 8
55 86 68304068 7
74 87 95309577 4
14 88 57555863 4
42 89 74351133 9
6 90 55989421 3
5 91 64150950 10
45 92 82322025 10
35 93 67993497 7
17 94 10031885 5
77 95 36632992 10
88 96 56347463 5
77 97 8039357 7
22 98 23610377 8
74 99 92003474 7
44 100 82916848 8
5 101 71461248 8
15 102 69968160 4
102 103 15659547 10
75 104 76628400 10
48 105 9934922 10
103 106 12655598 4
93 107 50057028 8
90 108 69192287 3
15 109 72439679 1
83 110 50038332 4
41 111 24542717 2
70 112 72942942 2
103 113 65326413 1
4 114 38187665 2
16 115 26977102 8
4 116 42945852 6
54 117 72848873 8
22 118 81110044 10
52 119 12864397 3
80 120 70049129 4
2 121 84369351 3
98 122 74056971 9
75 123 40576834 5
113 124 25465063 7
121 125 74538411 5
56 126 80849204 1
29 127 85581268 2
65 128 77010937 5
4 129 40402561 10
120 130 31918039 2
18 131 20057398 7
90 132 45401182 10
4 133 59056807 7
58 134 43354839 7
50 135 84886590 1
78 136 80773828 6
23 137 93876499 5
131 138 56470572 8
38 139 72723730 8
41 140 60331116 7
94 141 56954995 1
22 142 51660795 2
132 143 97376186 9
136 144 71864724 8
27 145 41752851 7
39 146 44156243 10
40 147 34021233 5
29 148 52279485 1
102 149 21826661 6
55 150 85697528 3
46 151 6792008 5
147 152 45864764 6
35 153 63305828 8
134 154 81268636 4
72 155 18871715 2
148 156 90861975 4
68 157 1587694 3
118 158 78895114 6
65 159 81637896 7
138 160 12800528 10
134 161 76673600 10
12 162 30593839 1
94 163 69314388 5
73 164 65957265 5
90 165 76919656 4
4 166 34989011 10
102 167 24929787 8
77 168 43700015 10
98 169 59641566 1
152 170 68219882 6
23 171 60045070 2
108 172 69117414 6
146 173 12167534 9
164 174 91688784 6
117 175 68931732 4
34 176 93881769 10
21 177 4983125 4
173 178 99260730 10
155 179 33982199 6
142 180 7078319 2
42 181 41248127 8
159 182 11052619 5
159 183 94062253 2
79 184 8032364 3
176 185 51663176 8
177 186 92170667 8
95 187 85471100 4
37 188 85080346 10
122 189 343900 8
58 190 53788535 3
107 191 60901198 1
107 192 30158970 9
86 193 14285518 9
148 194 34044240 2
10 195 97529089 9
14 196 7266408 9
113 197 11312511 3
73 198 56213134 6
93 199 71276493 1
21 200 49034938 5
67 201 77516075 6
131 202 69516261 2
61 203 27324254 8
75 204 6257842 10
153 205 68938037 3
127 206 26468380 7
87 207 30645033 5
130 208 94192292 3
9 209 57626799 7
57 210 83844311 6
14 211 24890016 10
112 212 59990400 10
189 213 28152381 2
213 214 48653766 5
54 215 79188264 6
96 216 27249548 2
7 217 80186147 6
116 218 77348930 10
192 219 81811021 2
151 220 52591687 6
74 221 55853714 4
37 222 78223149 5
208 223 23876015 3
35 224 21544969 5
95 225 10896985 4
107 226 7228150 7
177 227 87741233 4
110 228 38685480 1
153 229 35386523 9
134 230 19125586 2
80 231 93177677 3
18 232 56829852 1
184 233 18575053 2
208 234 33481671 6
49 235 62854984 1
119 236 17002704 8
138 237 34459847 4
203 238 29414741 4
120 239 34880499 6
159 240 74786856 2
32 241 29898632 2
45 242 7110370 10
151 243 54808643 9
125 244 96762463 9
120 245 47001294 4
96 246 3178733 6
11 247 72856574 1
160 248 42071461 4
235 249 32910225 5
143 250 60679363 3
23 251 1276184 3
152 252 11576323 10
199 253 29614714 8
62 254 81894633 6
67 255 35674908 1
216 256 22053401 10
166 257 62285369 2
241 258 23052928 10
149 259 23953329 8
176 260 39209399 10
173 261 83071892 10
225 262 80516301 4
216 263 62522167 6
162 264 90579910 8
182 265 80912205 3
16 266 94451027 2
134 267 93296946 1
151 268 98450169 10
32 269 69936551 8
90 270 13651719 1
89 271 43888761 8
22 272 13042104 2
152 273 78244977 7
222 274 95036933 6
148 275 53950189 3
38 276 65638670 3
89 277 76747252 8
189 278 57290246 10
27 279 45648723 3
83 280 64638597 5
237 281 61617024 5
1 282 89063014 5
77 283 92938133 1
167 284 78281828 4
109 285 4872603 6
20 286 48983538 9
203 287 95614301 4
159 288 92842931 8
137 289 37517975 10
4 290 89586252 10
248 291 7184876 2
171 292 87480446 7
210 293 71216820 8
170 294 71580681 3
246 295 53686778 5
166 296 84574959 5
248 297 17896638 3
290 298 61126253 5
192 299 62192234 9
103 300 92361989 2
82 301 58418350 8
90 302 41239343 10
36 303 74204490 4
201 304 21282421 1
239 305 10526228 2
222 306 54581460 3
267 307 41394202 7
262 308 72672923 3
211 309 66793955 6
133 310 67890542 4
77 311 8179991 5
148 312 383960 8
232 313 54428224 1
51 314 27220583 7
136 315 68863540 5
242 316 94146555 7
32 317 90187828 2
208 318 19617335 8
263 319 411702 3
284 320 49938013 10
297 321 89587297 6
122 322 57133224 10
129 323 57327057 9
2 324 4915828 6
120 325 63356809 10
280 326 47052562 5
270 327 23378441 3
109 328 41013468 2
218 329 73927853 4
150 330 13120647 3
58 331 58595079 7
71 332 68288685 2
123 333 10194347 5
84 334 33282657 4
320 335 19071297 1
76 336 92086652 7
84 337 13915044 10
151 338 55527503 7
24 339 79135093 7
50 340 30320160 3
8 341 51615130 6
32 342 24804165 8
60 343 39097538 6
217 344 25220230 4
220 345 29311470 1
254 346 36205248 9
316 347 84117846 8
125 348 91268818 3
290 349 44217699 6
68 350 50863627 3
97 351 64566955 7
50 352 98131438 10
49 353 86511809 1
217 354 78139152 9
275 355 59639581 8
180 356 46893654 6
76 357 31265582 3
241 358 14341916 10
226 359 29283754 1
293 360 52845386 3
173 361 45238321 6
310 362 40726896 7
9 363 4790023 8
122 364 30208642 2
258 365 10262760 3
347 366 28866429 5
221 367 96655352 10
272 368 69372902 2
345 369 37931851 9
171 370 55919954 8
48 371 49595575 1
296 372 32241746 9
246 120 172 282 280 13 160 317 112 259 46 369 190 67 77 24 143 111 135 95 97 193 259 209 240 7 184 137 181 365 85 281 355 251 9 364 174 126 100 266 11 360 107 130 214 209 252 113 361 109 45 247 187 247 288 70 13 141 366 99 129 205 273 207 71 37 98 215 106 109 163 285 150 356 160 216 295 202 230 48 89 109 79 351 22 368 254 160 181 365 317 239 31 344 250 184 112 203 274 261 172 210 136 204 338 321 295 261 282 249 258 135 210 197 161 361 313 36 84 316 166 110 30 278 41 207 141 186 216 29 14 344 363 162 370 184 22 187 147 122 220 291 167 271 253 45 67 181 241 318 252 363 104 305 91 259 311 268 339 255 352 251 59 14 198 74 17 166 75 295 250 293 59 17 251 311 264 113 8 66 223 280 76 49 109 256 316 71 57 139 93 20 312 211 189 319 192 339 133 353 178 22 286 355 12 15 208 40 328 372 124 132 296 312 287 96 366 65 16 37 365 149 39 273 153 317 88 303 284 288 84 202 76 232 317 14 205 220 355 228 351 58 253 150 205 104 80 158 332 188 182 90 120 50 312 23 364 256 44 187 349 58 194 182 364 89 86 290 213 175 356 369 256 201 60 358 68 121 80 89 198 273 260 39 174 302 178 107 164 192 339 77 177 326 209 96 48 83 368 51 268 125 330 188 262 140 251 255 368 319 308 264 346 255 34 182 294 160 204 253 166 235 114 124 30 184 338 368 138 96 77 152 304 186 197 122 82 189 99 129 21 165 85 73 244 291 85 142 335 277 8 271 76 333 39 294 310 167 223 164 99 129 33 243 199 307 273 294 327 330 217 180 264 195 237 52 136 236 16 211 94 191 133 314 271 52 74 114 54 247 305 316 102 77 251 222 98 364 125 33 157 288 43 71 198 41 24 25 87 366 20 262 174 16 296 298 160 269 132 275 253 251 114 131 133 20 156 70 88 41 238 226 108 67 71 194 91 293 328 245 99 53 40 106 107 228 60 55 280 70 362 212 52 150 299 91 360 227 251 20 156 197 91 39 305 251 152 116 368 362 241 24 19 6 228 207 298 16
62 40
214 336
1 2 32842972 5
1 3 89106252 2
2 4 58788090 2
3 5 94295866 7
4 6 69618407 2
5 7 12354584 4
7 8 66898701 8
3 9 45259043 3
9 10 43852376 10
10 11 74538792 4
8 12 59281506 4
4 13 40090738 2
6 14 92346652 2
12 15 17587995 3
2 16 28057964 7
2 17 17458015 2
14 18 33337236 3
4 19 11924083 10
4 20 89156439 6
11 21 98052843 3
15 22 79981506 5
17 23 1273100 9
10 24 18631111 5
18 25 73448100 7
9 26 26038805 9
25 27 26992686 4
19 28 43517083 1
17 29 15995379 1
11 30 32692392 3
22 31 80106829 2
19 32 89811775 5
13 33 26478216 6
31 34 79016692 1
24 35 22512722 10
24 36 69334522 9
20 37 28464390 3
12 38 52542230 4
10 39 68816049 2
12 40 36661444 5
36 41 41001400 7
38 42 87241359 2
16 43 56713532 5
12 44 87154556 5
9 45 81747139 3
36 46 51327676 3
34 47 45435462 1
16 48 41983202 4
11 49 12201396 4
4 50 36307231 7
35 51 23761461 6
8 52 91179323 5
32 53 54758537 8
15 54 32158950 4
34 55 35749192 2
27 56 7823123 3
33 57 88818857 7
28 58 80735139 5
41 59 44877697 1
41 60 17493595 8
11 61 6907675 3
5 62 80004425 5
39 63 73519129 2
52 64 55672653 1
54 65 93395049 5
42 66 44080114 9
24 67 51882950 10
61 68 4179777 7
22 69 16282959 8
2 70 5392921 4
5 71 61769162 8
35 72 73902563 1
50 73 63958342 7
57 74 99608139 7
71 75 90130461 1
73 76 90207728 8
69 77 12984766 5
36 78 62375397 5
70 79 67575794 6
18 80 46496118 9
39 81 2782930 1
9 82 73378822 8
40 83 60038632 6
49 84 18258111 6
25 85 70100200 5
40 86 50070565 2
9 87 32603222 5
61 88 21186095 10
14 89 15410190 8
42 90 68942820 7
6 91 36505427 3
37 92 25588012 7
42 93 56039321 5
88 94 94385468 10
8 95 55523312 5
43 96 19213095 6
8 97 89411886 7
2 98 39056943 7
19 99 84496098 4
51 100 56487001 10
72 101 23874948 3
91 102 30087678 5
96 103 81508624 7
33 104 20695824 10
58 105 65697354 5
100 106 48388866 2
70 107 11324358 7
17 108 53725092 9
36 109 96450485 1
29 110 6276881 9
106 111 25969500 1
63 112 83964934 9
53 113 21145342 1
50 114 11915387 7
37 115 37913531 6
93 116 2924553 10
93 117 49029987 5
1 118 12065521 5
70 119 7288420 4
60 120 18785908 6
99 121 12596347 2
83 122 47816994 9
111 123 37486108 2
2 124 38599514 5
1 125 50230220 2
27 126 36703829 5
87 127 25674446 1
104 128 24348665 8
123 129 50863013 8
76 130 82690879 3
41 131 67059001 6
88 132 55773386 5
60 133 22601434 6
123 134 34319975 2
107 135 93485819 7
107 136 78385950 3
26 137 29995865 6
71 138 93459612 9
10 139 31300524 10
110 140 53097740 3
63 141 82414596 2
115 142 15662410 3
115 143 85406348 8
86 144 22007791 6
139 145 35817728 1
54 146 19247132 9
6 147 16422530 8
140 148 53900972 6
72 149 57306740 3
4 150 94240646 10
77 151 65449692 1
120 152 57659279 6
52 153 2204625 8
32 154 9468876 3
46 155 91118365 4
112 156 99014071 10
62 157 234458 4
31 158 49064638 5
157 159 60585699 2
19 160 18570716 10
58 161 34176770 3
60 162 39264836 7
49 163 90683476 3
128 164 50166962 7
25 165 81435562 6
24 166 32037942 2
63 167 80753704 3
89 168 89332394 7
27 169 55209571 4
102 170 70783743 8
38 171 37523354 5
9 172 3335430 4
1 173 926767 9
82 174 51983028 5
69 175 39060174 5
131 176 55713625 2
63 177 19126523 7
39 178 56462028 1
11 179 90297441 10
45 180 20469467 2
87 181 38587962 7
154 182 37537115 2
89 183 82327557 10
147 184 40132925 6
125 185 13457481 8
46 186 75747109 2
36 187 83286770 2
147 188 21360668 2
167 189 37256175 4
157 190 58346193 1
78 191 57053847 6
88 192 85896692 4
68 193 31422982 6
189 194 8553457 1
58 195 35384729 5
18 196 89158228 2
13 197 93533976 2
146 198 57765417 6
7 199 20759731 7
29 200 94705250 10
71 201 42007627 4
27 202 32685670 3
109 203 94585062 7
81 204 77705440 10
171 205 30571048 1
15 206 91620433 5
34 207 60062102 3
81 208 65968277 1
130 209 59416606 2
58 210 99392260 1
203 211 21180905 8
73 212 61321808 5
15 213 41671477 10
176 214 51887249 10
197 65 154 15 26 7 9 44 54 76 38 97 27 24 57 209 12 103 62 17 214 26 130 44 87 88 101 38 83 159 204 41 20 155 116 204 132 78 137 193 91 119 135 7 193 205 79 11 94 17 95 23 80 145 52 59 186 5 189 58 162 120 110 163 172 6 114 189 29 50 89 135 127 23 14 63 67 26 20 208 86 79 172 86 148 117 73 118 199 202 32 140 206 179 153 127 134 206 104 135 38 101 121 135 87 85 25 88 36 31 164 200 99 100 155 29 85 29 145 39 91 54 176 59 45 22 182 162 127 132 211 27 139 131 92 62 173 180 82 158 73 190 194 84 160 141 52 125 142 61 168 198 123 77 131 173 23 75 204 153 91 197 38 160 106 2 25 164 46 163 139 59 32 149 205 154 2 115 138 81 120 147 4 15 212 38 60 174 182 32 212 22 150 79 18 71 45 183 113 196 19 184 192 68 126 95 194 97 149 98 178 109 45 147 75 174 146 156 67 159 106 151 164 176 40 32 85 152 73 66 211 35 196 211 44 5 146 12 72 30 185 116 169 60 108 101 193 165 57 29 144 60 153 197 75 69 65 2 109 196 171 101 140 60 29 174 40 188 132 64 1 159 32 172 111 163 134 90 167 209 190 114 131 132 60 17 42 183 134 6 97 31 166 109 195 123 97 146 160 66 104 70 42 113 25 186 7 130 36 187 72 124 109 141 43 146 183 112 121 94 189 180 70 198 13 89 191 37 96 63 190 19 105 47 138 17
27 56
315 12
1 2 10730141 9
1 3 83948080 3
2 4 95099138 3
1 5 17453373 3
2 6 21930961 4
2 7 8303176 8
4 8 17914777 1
3 9 12109375 9
9 10 51985111 1
5 11 94125600 3
1 12 35668596 4
5 13 72859205 5
7 14 21444621 7
6 15 61626337 7
7 16 34937782 9
1 17 6108848 2
10 18 60852633 1
3 19 35024543 5
15 20 44539221 6
12 21 19907597 10
6 22 7197166 6
20 23 51784018 7
7 24 534077 9
24 25 60310364 6
12 26 77499737 9
18 27 49666314 5
27 28 79836495 4
22 29 38270868 6
21 30 48638988 6
1 31 17472221 5
10 32 16319301 8
28 33 22053078 10
25 34 13793842 6
7 35 26695932 4
3 36 16063900 4
18 37 85307257 6
4 38 81820278 6
3 39 93888014 2
27 40 18210559 1
10 41 68635279 6
35 42 99866341 9
6 43 27274176 5
37 44 95980685 4
29 45 75298596 7
10 46 99989313 8
26 47 72639783 8
5 48 1005625 2
9 49 92317534 2
25 50 12770344 1
2 51 96076119 5
14 52 59607948 3
51 53 52000034 2
27 54 26466052 1
33 55 43252608 3
14 56 40429146 6
20 57 11725558 9
31 58 78805522 2
54 59 53370800 5
49 60 96810391 6
54 61 33660645 8
5 62 31504137 6
16 63 97553209 9
28 64 14623930 7
54 65 93827982 4
49 66 42367212 10
5 67 51571783 7
28 68 45764496 1
4 69 98688074 6
54 70 87962668 3
34 71 41980143 3
30 72 32490572 1
23 73 70915002 9
71 74 93039771 9
65 75 70368344 5
51 76 93301588 8
33 77 41182908 10
57 78 78625301 1
3 79 86232976 10
62 80 44819542 6
22 81 91140229 10
80 82 7425111 7
5 83 8874984 8
3 84 49757195 7
70 85 17660469 4
45 86 1139075 1
61 87 6038982 8
36 88 69938911 8
21 89 49680900 9
62 90 50802408 4
38 91 56610736 4
35 92 26347659 3
79 93 64267397 3
67 94 85752021 5
40 95 13874944 4
7 96 30871802 9
88 97 3305317 8
87 98 86718874 9
32 99 23137044 9
64 100 89640703 8
44 101 90289844 2
34 102 1110942 5
54 103 14360653 8
31 104 26586506 4
53 105 79715898 7
104 106 50853234 4
100 107 45008744 4
62 108 3430824 2
72 109 78103720 10
96 110 7229030 7
58 111 16266968 5
93 112 59814256 5
30 113 87331875 4
42 114 75259323 7
43 115 81546575 4
43 116 73614181 10
65 117 91406492 8
52 118 90549140 3
96 119 68695607 9
88 120 40110455 8
63 121 56999906 9
13 122 65593122 5
11 123 35282787 10
13 124 75056751 7
98 125 5419290 7
7 126 57468027 4
18 127 37893744 9
86 128 67770943 1
114 129 51959730 2
76 130 29188343 8
43 131 21174129 2
15 132 97331325 9
95 133 77016046 9
74 134 53576129 2
71 135 95865531 7
18 136 71396507 6
66 137 30510202 1
14 138 13941108 6
67 139 30057119 6
11 140 37640216 4
5 141 56537272 4
111 142 27909487 6
112 143 39391197 10
46 144 9657718 7
55 145 25439670 6
101 146 22967289 2
106 147 79924134 9
7 148 94821586 4
2 149 99389268 7
145 150 93802896 9
7 151 34873063 7
100 152 57125190 2
64 153 63974939 10
65 154 28850891 7
43 155 38092514 3
121 156 37342243 4
151 157 59175943 1
19 158 45186267 8
54 159 45932130 7
47 160 80911204 2
142 161 81358292 9
118 162 67095303 6
87 163 31319908 4
107 164 29134712 9
105 165 353149 5
86 166 13896972 3
64 167 91694428 5
34 168 79428553 7
148 169 16513465 4
159 170 3702794 6
113 171 35222053 3
76 172 91052792 8
52 173 72686618 1
89 174 51527419 7
39 175 29379293 3
72 176 98172281 7
101 177 85145676 10
46 178 96509457 2
166 179 2657342 1
144 180 3864611 2
41 181 70726597 9
114 182 53871058 9
25 183 38487236 3
151 184 90799701 4
4 185 42674916 5
5 186 7578924 5
179 187 65882309 3
7 188 50810141 5
8 189 39823994 1
77 190 94751781 7
91 191 84105854 3
31 192 19557730 9
81 193 30953961 9
41 194 23391227 5
147 195 96711547 9
8 196 77114397 7
169 197 96573635 5
113 198 73618615 7
50 199 63039975 3
99 200 24671325 5
92 201 44261878 4
99 202 29341179 5
50 203 37477266 9
11 204 70540477 1
64 205 11508016 5
49 206 72427312 9
62 207 20659744 9
94 208 46064352 2
69 209 5566909 7
131 210 83801686 6
161 211 84925339 7
171 212 56399863 7
56 213 96300031 8
184 214 81419329 4
102 215 88637373 4
167 216 72278887 7
110 217 5878086 2
107 218 31945916 5
189 219 96702357 7
215 220 64401451 3
11 221 64440003 9
82 222 8144315 9
156 223 80600743 3
206 224 97603370 5
172 225 44719711 9
155 226 91671025 7
224 227 48006901 4
189 228 16456813 3
24 229 67545497 3
188 230 58813208 5
115 231 52541322 1
227 232 93385759 4
75 233 99337534 7
24 234 56054804 4
7 235 51375174 1
88 236 38355848 2
39 237 76178829 8
67 238 19753463 8
120 239 22141856 10
214 240 26270647 9
230 241 1211438 2
18 242 76668125 5
115 243 12923599 10
50 244 77360790 7
205 245 34347971 7
52 246 60362885 2
206 247 97628444 2
129 248 19372328 1
29 249 66987708 6
242 250 32059180 2
162 251 1702175 4
185 252 32273628 2
57 253 87011808 7
123 254 23464476 1
12 255 31030742 10
132 256 7526148 9
224 257 70855715 10
11 258 3309105 6
217 259 91816459 9
138 260 57657299 6
90 261 50149832 8
177 262 12090306 3
170 263 6863835 2
58 264 98090445 3
199 265 39585859 2
263 266 80514710 5
23 267 63948664 1
115 268 91123904 9
144 269 64821918 9
264 270 81952664 5
209 271 48097607 9
63 272 86664597 3
191 273 75486720 5
18 274 6440615 4
43 275 42351884 4
145 276 74260999 6
176 277 26023067 1
123 278 11280790 10
115 279 87295558 9
12 280 29695383 5
46 281 66884267 6
90 282 88852944 10
139 283 21284024 1
258 284 79876944 6
182 285 69156072 9
267 286 41483609 3
65 287 78389044 7
221 288 11007700 10
158 289 74584683 5
5 290 69529341 5
143 291 43147347 2
189 292 99128056 9
178 293 70973607 6
118 294 25306257 1
14 295 5439053 9
164 296 73895190 3
124 297 45289415 2
163 298 57346331 6
152 299 80695398 2
212 300 27053789 2
33 301 90691061 10
79 302 65754712 10
16 303 27159754 1
289 304 28037079 3
300 305 14269699 2
303 306 83902115 9
153 307 28145596 5
101 308 6633491 8
146 309 80543444 3
260 310 57124540 2
134 311 70139846 8
125 312 835781 8
202 313 68856390 1
300 314 29617882 4
154 315 30519860 9
263 81 224 127 56 171 39 98 111 239 92 151
79 93
437 204
1 2 20894829 6
1 3 50479460 8
3 4 27260740 9
1 5 55692219 8
1 6 97906028 5
2 7 13077085 5
3 8 81757380 10
5 9 98135904 7
8 10 21651683 8
2 11 86525993 3
7 12 71261523 8
9 13 90941198 9
12 14 3714283 5
6 15 81313577 8
11 16 45812229 9
11 17 53184479 2
9 18 33127717 8
18 19 10810068 6
18 20 91701930 7
1 21 46580476 8
3 22 2317966 7
14 23 53174467 9
4 24 64436657 2
3 25 80230212 1
5 26 3241012 4
21 27 12065884 9
8 28 47456890 7
19 29 95076214 9
2 30 26818613 3
25 31 82757119 8
27 32 71955919 8
25 33 2734942 9
7 34 41346729 10
9 35 25766445 3
24 36 3759374 2
34 37 88025405 4
35 38 4810779 10
16 39 90142430 6
8 40 74026393 4
19 41 64515585 6
35 42 23038091 7
11 43 39698872 3
42 44 93596279 3
14 45 52685051 2
8 46 44040650 10
35 47 73713587 1
18 48 72531513 9
13 49 81282772 5
38 50 34782796 7
12 51 54361202 4
39 52 54620108 2
21 53 65348285 6
52 54 72070262 6
9 55 15294676 9
4 56 37759385 5
28 57 79165490 4
40 58 50086150 4
13 59 50331344 4
52 60 52821045 5
32 61 57824655 8
13 62 24367459 10
44 63 81420457 8
11 64 75655439 2
38 65 84958924 9
56 66 25315075 8
19 67 57746173 3
60 68 26021535 8
17 69 40550344 2
40 70 47285998 8
31 71 53402722 10
8 72 39215845 10
51 73 5556099 5
30 74 26491415 9
63 75 23076530 5
56 76 73743555 4
29 77 1405728 8
57 78 64571026 3
57 79 56644378 7
68 80 10817828 8
45 81 59931811 2
79 82 92117354 9
75 83 4270350 10
66 84 45889839 2
55 85 1155955 3
20 86 3966883 1
71 87 7733716 2
13 88 78329786 10
70 89 59541313 2
17 90 60587021 1
47 91 11429902 2
1 92 34991718 6
41 93 65363083 1
61 94 75029792 4
81 95 30643522 9
10 96 79014974 1
74 97 14228827 2
10 98 9183397 1
25 99 49648043 9
82 100 20127678 9
19 101 22663332 4
56 102 4298950 3
44 103 99265888 6
21 104 97163026 10
26 105 18607521 4
105 106 66075202 8
60 107 16126799 10
41 108 7726448 5
35 109 12775792 6
65 110 77634192 5
9 111 59703962 5
98 112 62626652 10
75 113 35533467 7
74 114 41364064 3
106 115 99189253 7
8 116 12698337 1
74 117 38118023 5
113 118 12478089 9
108 119 83935743 10
17 120 26606202 8
32 121 10625065 3
42 122 50217055 8
30 123 72321224 10
85 124 89545679 6
60 125 62800501 6
51 126 92248215 10
8 127 9619803 9
93 128 57679647 6
65 129 53030532 5
20 130 45353389 8
41 131 20298734 10
6 132 87365067 5
33 133 58685178 9
48 134 8308148 5
12 135 65927451 10
97 136 93928061 9
66 137 76467911 7
41 138 54164102 4
121 139 48675302 7
94 140 58373575 6
76 141 58147099 7
1 142 12910973 4
97 143 66933831 4
78 144 38411730 8
81 145 87623112 1
137 146 90933311 9
6 147 46922691 4
137 148 41358918 6
130 149 70866040 8
142 150 753560 3
103 151 11556931 7
9 152 32334256 1
23 153 54994472 4
103 154 81357021 9
10 155 29115644 8
6 156 29114270 1
51 157 57248614 8
137 158 24949625 3
58 159 90910432 1
43 160 83968790 1
89 161 66284052 3
117 162 86840420 6
41 163 42577608 7
12 164 18588059 10
140 165 50151186 1
48 166 99154670 10
28 167 98592984 4
5 168 85234114 8
49 169 89832099 8
26 170 99890135 8
133 171 14306563 1
71 172 86339859 6
147 173 47478996 8
158 174 40454432 4
115 175 23138266 8
166 176 15825787 2
135 177 43952999 8
32 178 13326374 6
101 179 68036667 2
88 180 89828081 9
24 181 50638654 4
55 182 4511111 7
97 183 54614786 8
161 184 51990803 7
146 185 69292849 1
145 186 22460170 7
65 187 23274915 5
62 188 80143081 4
80 189 92853149 6
177 190 40289426 2
80 191 52097347 8
163 192 72330443 1
89 193 56274815 2
83 194 63412954 10
21 195 99600872 8
12 196 37716290 5
139 197 13854355 5
50 198 70698877 3
11 199 56575551 3
65 200 26775433 8
199 201 66862111 10
46 202 12894629 5
194 203 84033124 9
81 204 55029420 10
199 205 35299056 5
175 206 5553513 9
145 207 701222 9
164 208 88053146 10
17 209 66030696 1
66 210 26448390 3
109 211 71650882 7
205 212 23528468 4
180 213 82012440 10
181 214 58777409 10
143 215 99972958 4
157 216 90731608 10
33 217 67776559 9
14 218 2549327 2
4 219 72857116 2
18 220 68289004 1
6 221 50474377 10
213 222 36174565 10
83 223 25267112 5
60 224 50586050 3
31 225 51554702 8
1 226 55818314 9
197 227 55724689 2
183 228 7764992 1
76 229 32661501 10
61 230 16609970 3
134 231 51638901 8
114 232 88640720 9
58 233 64406390 1
114 234 86458160 2
25 235 52942473 3
58 236 80572789 10
46 237 34163510 5
90 238 83760936 10
227 239 82896211 6
214 240 51447402 7
32 241 54251181 9
224 242 12241512 2
190 243 80224534 10
202 244 91172226 1
2 245 55909535 9
216 246 85071263 9
75 247 66856695 10
124 248 48078341 7
233 249 9604607 7
205 250 45037432 1
1 251 65164155 7
127 252 69274391 9
136 253 51642152 3
195 254 31325456 4
144 255 61406527 5
143 256 15751591 5
15 257 49860479 8
88 258 21517555 6
247 259 97524322 5
196 260 88934044 9
126 261 60812735 2
146 262 38945101 5
36 263 84154595 7
244 264 7329436 9
179 265 35916624 4
257 266 26194165 7
49 267 95891504 4
3 268 50879427 3
239 269 16011592 6
126 270 6928701 6
129 271 45671541 2
43 272 9157154 2
6 273 13455855 6
66 274 30692188 2
166 275 94555021 5
206 276 35503019 7
244 277 95862725 9
33 278 52153679 6
210 279 89532345 1
80 280 30452125 8
81 281 31596658 7
251 282 91791336 3
52 283 4644963 6
234 284 7871653 8
32 285 1676080 7
148 286 39632838 7
73 287 43884421 9
70 288 77486587 7
141 289 19394210 3
137 290 80717689 2
188 291 76275506 8
68 292 52752024 6
39 293 60025380 2
163 294 23549314 8
149 295 47156153 8
133 296 94696194 10
34 297 1781078 5
280 298 54833580 2
46 299 44264436 6
137 300 35966563 9
34 301 92658546 7
241 302 12740399 2
149 303 25492805 1
237 304 61701554 5
183 305 63330381 5
133 306 95800593 3
286 307 35692444 1
177 308 46935287 1
235 309 89889015 7
262 310 57982657 2
45 311 46772157 6
220 312 84834325 1
32 313 38390717 2
262 314 59034783 7
247 315 33055928 1
234 316 8266565 4
248 317 17457356 1
204 318 62773903 2
309 319 66589357 10
307 320 11926617 5
298 321 56304225 4
38 322 66469525 6
188 323 23190735 6
270 324 26413215 4
105 325 19881796 5
25 326 81229663 1
26 327 76528739 7
183 328 17263011 4
49 329 61423630 7
223 330 1730065 6
257 331 62920349 8
208 332 61169455 6
284 333 78982725 10
10 334 58692538 5
122 335 26111778 4
191 336 48401554 9
305 337 94714400 9
288 338 13792920 6
247 339 49312682 1
45 340 21507541 10
219 341 45725919 7
34 342 30400525 4
206 343 80414568 5
321 344 6378708 6
206 345 82120915 10
301 346 27758206 10
250 347 97050428 3
93 348 4730474 6
173 349 43467225 2
280 350 38767034 2
309 351 52041458 10
249 352 694634 7
157 353 58949797 6
296 354 74026643 1
149 355 72211680 10
233 356 51056292 4
223 357 94432135 2
305 358 72655859 1
323 359 70950209 3
91 360 30263638 5
102 361 57564169 3
343 362 20445490 7
65 363 70474756 1
171 364 58512983 5
229 365 72845575 2
149 366 84920093 3
102 367 88840132 8
363 368 26592728 4
348 369 89890529 8
186 370 79633441 9
359 371 60864438 1
23 372 59686860 10
227 373 16561120 8
219 374 25650012 10
237 375 23576282 4
136 376 62606338 10
8 377 71620456 5
253 378 42155928 4
235 379 48901528 3
75 380 73226631 5
79 381 36698308 7
153 382 51094778 1
216 383 8107465 7
61 384 89650692 4
74 385 60468062 2
239 386 76674338 5
349 387 46572232 3
83 388 39906120 2
93 389 69073924 9
239 390 77199622 6
385 391 31471340 3
169 392 17740502 5
25 393 25656314 2
87 394 69425276 9
296 395 14827930 5
78 396 87664576 9
75 397 30585771 1
287 398 69159491 4
317 399 14232699 10
164 400 75987958 7
287 401 33007357 8
191 402 58488053 7
347 403 58246659 2
167 404 4259752 8
67 405 78555923 6
295 406 82011722 3
323 407 83369796 7
199 408 64573405 3
343 409 56094772 2
382 410 1377854 5
88 411 38494673 3
406 412 3595377 5
139 413 95492397 7
49 414 91333379 10
162 415 55650775 3
35 416 38252947 2
234 417 37879746 1
403 418 67299741 7
7 419 4345075 5
169 420 64493985 7
171 421 43237853 3
323 422 22242980 3
81 423 9671529 2
141 424 78660184 2
71 425 57636777 5
364 426 94122024 6
352 427 70934220 9
293 428 95444949 9
230 429 95302507 1
189 430 60389607 8
5 431 79389631 1
197 432 18027305 5
139 433 64897603 9
271 434 66782519 1
410 435 83109562 10
403 436 28120903 6
167 437 80197263 7
103 216 158 266 90 149 284 207 263 302 262 337 39 315 15 32 28 342 66 418 260 326 351 245 313 189 410 138 266 146 380 195 211 248 220 70 157 213 396 3 164 365 185 335 3 255 319 158 254 55 127 51 39 202 276 27 212 48 402 431 266 396 400 282 254 378 376 205 72 295 174 365 332 234 413 161 149 265 226 294 218 31 33 142 432 230 412 395 41 234 336 78 239 279 321 160 242 429 363 75 174 233 392 37 179 207 179 124 329 429 426 313 247 390 385 303 201 165 357 92 318 252 240 274 164 272 337 349 256 357 311 161 176 197 131 280 366 37 137 139 366 65 362 216 105 142 91 158 13 366 302 80 158 204 351 108 133 42 197 106 373 72 168 75 390 83 330 185 113 231 411 144 289 247 116 151 18 219 132 51 210 92 205 211 269 239 281 299 375 341 35 79 321 271 419 148 269 396 299 140 370 357 436 366
417 234
295 378
1 2 86000416 7
1 3 34314881 5
1 4 63779912 4
2 5 9452960 9
4 6 43965898 10
3 7 16280613 7
4 8 39819036 8
2 9 35994628 9
4 10 60081619 10
5 11 27490138 4
1 12 3873521 6
1 13 93780642 1
7 14 20279458 5
2 15 97547396 2
13 16 63753902 5
11 17 80132491 10
16 18 70919452 10
16 19 80165444 2
5 20 78012556 3
19 21 35818120 2
4 22 1301630 6
5 23 35845721 7
12 24 11375339 6
22 25 19348607 1
8 26 36928048 4
21 27 36211043 1
25 28 80354141 10
2 29 83651028 5
19 30 49775570 10
2 31 59898824 10
18 32 46973862 4
9 33 45025506 1
30 34 98487716 5
8 35 32608520 4
18 36 49610749 2
36 37 49411641 3
1 38 22634143 3
2 39 69250236 6
9 40 76651441 9
17 41 65401763 6
41 42 27704255 2
9 43 8936491 6
17 44 37021076 9
33 45 88905506 8
20 46 46327737 6
24 47 48520781 4
9 48 29886246 8
37 49 77970724 2
33 50 88160449 4
48 51 4129639 1
33 52 93317237 2
13 53 48120124 2
44 54 1475128 1
22 55 93819266 9
53 56 8072099 3
33 57 15633684 4
29 58 42108458 2
58 59 44941685 5
53 60 83104186 2
19 61 27952897 10
42 62 52770900 1
53 63 32071992 1
28 64 2127379 7
38 65 69476660 10
45 66 99517036 6
20 67 57021603 5
14 68 65563027 1
41 69 60031063 6
66 70 41121800 8
66 71 71700674 9
40 72 60358480 7
42 73 92247272 8
13 74 35253769 10
63 75 19123279 4
65 76 59652960 3
22 77 1888266 4
35 78 20062531 3
54 79 2808424 10
77 80 95117282 1
71 81 35524918 9
61 82 41957534 1
29 83 68155463 8
66 84 77795019 9
76 85 72841713 7
51 86 51915712 4
73 87 28191531 4
78 88 27595188 3
30 89 24135203 3
40 90 23338328 10
79 91 13014069 4
87 92 14872951 8
16 93 52333762 8
36 94 625906 9
11 95 89535914 2
41 96 54271967 3
89 97 5436344 3
36 98 70931129 1
70 99 35425443 8
81 100 45579263 8
96 101 2026323 6
8 102 58599021 3
40 103 8915174 5
17 104 2147591 5
31 105 83632554 1
25 106 53709113 10
66 107 78085015 5
84 108 19465243 9
7 109 52922277 2
42 110 12073741 2
102 111 63841849 7
41 112 82750089 6
4 113 40012654 9
31 114 44689344 4
15 115 83376921 9
39 116 780412 6
81 117 10015113 2
12 118 4557443 1
18 119 94060548 1
82 120 52819067 10
94 121 99366283 10
18 122 25851989 3
55 123 45357888 1
122 124 93906532 6
44 125 14852429 8
40 126 63295421 3
57 127 37670346 3
20 128 99448076 4
22 129 90853093 6
104 130 99819766 4
36 131 88813864 10
99 132 44005973 7
56 133 20948024 10
82 134 85331487 9
38 135 32866501 5
8 136 37227874 2
55 137 38580852 3
54 138 58733823 6
109 139 20046708 1
120 140 54668445 10
71 141 86776022 9
26 142 16994473 1
119 143 88885710 1
60 144 47107614 8
97 145 23240311 3
121 146 40987352 8
124 147 19298833 1
132 148 9817641 2
80 149 12809395 8
105 150 46619779 5
39 151 40394510 1
108 152 15798786 2
71 153 66272401 5
105 154 2532447 9
8 155 15856298 4
51 156 34580402 8
125 157 48157175 4
1 158 10117833 10
47 159 60617697 1
108 160 55461832 2
25 161 42454474 5
150 162 3009506 4
114 163 88540746 5
147 164 63758231 8
131 165 90138038 2
135 166 81259443 6
51 167 55967610 2
85 168 88351208 4
38 169 87190489 7
67 170 9650196 5
117 171 37754303 1
113 172 76229785 2
67 173 19286341 3
11 174 30597751 9
76 175 97913122 2
85 176 73736935 6
126 177 61977033 1
73 178 88579347 5
13 179 20751893 5
76 180 64093358 5
132 181 68665310 3
106 182 33174892 6
107 183 14461947 10
102 184 82175227 6
6 185 69892696 2
53 186 23934432 6
130 187 27030540 9
119 188 45689090 5
175 189 52810790 10
13 190 79593231 1
84 191 63735609 1
62 192 98192537 3
76 193 68673601 8
12 194 28420196 8
175 195 97785297 3
63 196 51984289 2
159 197 33611268 10
53 198 47115382 3
72 199 31125475 4
128 200 3603481 6
50 201 58526251 1
38 202 18424852 3
10 203 10963858 2
162 204 50946507 5
139 205 27206060 6
137 206 39642499 10
66 207 72822330 9
34 208 7553280 5
114 209 33528487 3
4 210 45569703 4
100 211 49797824 6
55 212 88547046 7
2 213 17185023 7
3 214 52836981 4
130 215 80824216 4
84 216 21837647 6
123 217 7208423 8
56 218 64471126 1
157 219 36278815 10
211 220 78242571 8
86 221 92377503 2
33 222 48456245 5
60 223 92248369 5
82 224 49130804 10
191 225 65615417 2
169 226 14822685 2
57 227 44374778 8
12 228 66676680 10
72 229 58942867 5
104 230 22557039 3
84 231 62833205 2
122 232 60659706 2
203 233 88479780 2
3 234 69065050 1
53 235 48836938 6
3 236 1634128 6
63 237 14036761 1
109 238 73111546 5
82 239 69593878 1
43 240 55585611 9
191 241 551923 7
95 242 27988706 1
30 243 13897567 6
154 244 85363026 8
201 245 49609763 10
109 246 33967399 10
12 247 98161198 5
143 248 67434140 10
185 249 28309258 9
46 250 78436691 3
16 251 71866869 7
133 252 96227219 2
147 253 70328099 7
197 254 74696712 4
181 255 48666316 3
244 256 39469595 6
35 257 2177345 7
200 258 51814482 4
141 259 71958664 8
100 260 45192911 2
91 261 88662621 10
39 262 76140633 8
89 263 69250711 10
57 264 53933101 1
207 265 56067773 7
232 266 94614031 10
155 267 49147207 10
116 268 93729624 2
190 269 67924221 2
14 270 91680875 2
107 271 81804490 1
222 272 34142309 6
130 273 76914931 8
96 274 36753949 8
97 275 1717588 8
46 276 88374731 5
275 277 42447281 9
209 278 70408824 8
249 279 53909965 10
43 280 62073556 3
103 281 97586388 7
61 282 58470926 9
271 283 56384714 6
229 284 19008268 2
257 285 21476349 2
238 286 30295732 2
150 287 91866256 6
200 288 96717523 1
267 289 42003951 2
222 290 89100700 10
205 291 73955486 3
72 292 35817591 7
77 293 6998142 7
233 294 87067424 7
211 295 97373629 4
261 284 14 137 85 295 44 74 88 291 197 152 280 103 204 260 143 264 77 282 206 247 241 155 87 45 241 37 206 170 177 245 52 290 41 151 145 193 134 290 177 2 234 248 126 122 285 121 59 139 45 121 197 71 257 157 214 251 106 148 164 66 95 180 97 9 66 9 155 170 12 285 103 56 294 38 220 63 234 250 52 90 30 51 237 191 226 252 121 39 265 87 29 129 260 169 263 210 233 63 39 94 292 286 66 134 116 223 174 289 191 279 239 267 167 56 150 89 183 100 12 105 61 29 191 275 87 227 162 59 264 110 45 69 129 250 216 3 259 89 107 182 185 120 261 202 283 201 87 194 220 41 274 204 149 148 140 191 64 283 291 17 292 104 275 98 40 258 181 161 97 158 139 51 135 224 281 233 50 18 116 66 101 94 19 118 91 120 160 122 274 151 166 119 97 82 275 51 208 267 159 121 42 266 16 187 275 237 268 25 111 146 209 189 268 197 201 158 132 12 265 14 121 33 48 212 294 233 97 117 2 179 249 211 31 154 2 124 129 51 161 175 149 28 124 131 84 287 225 115 76 151 189 93 111 103 159 37 225 259 144 61 194 242 61 72 281 116 241 38 211 266 291 175 207 242 34 272 237 102 137 205 155 176 56 48 218 61 155 190 42 171 200 50 253 190 38 102 256 154 292 61 193 18 96 75 293 27 145 64 254 196 244 251 278 230 262 234 143 41 118 76 130 121 31 125 189 72 80 141 263 184 66 213 180 195 59 61 125 230 35 16 240 29 251 181 8 126 129 217 4 50 264 79 287 239 295 260 1 145 24 220 43 281 295 34 140 9 214 274 295 8 209 44 55 53 96 139
160 108
277 495
1 2 36490662 9
1 3 95757963 6
2 4 70070868 2
2 5 98458429 7
1 6 4068115 6
6 7 39877474 5
3 8 44077723 9
6 9 96652076 8
4 10 70850800 5
1 11 23486557 8
9 12 44718735 7
2 13 43172322 10
10 14 78075426 2
13 15 9649004 6
10 16 79039363 3
3 17 87549414 10
5 18 24627577 1
10 19 81487789 8
13 20 91440951 10
8 21 31207305 4
5 22 43873503 5
11 23 87647714 1
20 24 71058846 6
24 25 97180994 4
5 26 27867264 2
7 27 74621588 4
24 28 68236160 9
19 29 95026257 7
24 30 33771324 8
8 31 31953343 4
30 32 9104167 3
25 33 82123981 4
12 34 88689753 9
7 35 49523518 3
6 36 58630628 4
13 37 8396672 8
34 38 70923108 6
18 39 20724523 4
8 40 56385397 10
40 41 17093489 7
21 42 94704333 10
35 43 75739552 5
4 44 81561051 6
16 45 87979566 3
19 46 34220511 8
2 47 96980252 2
45 48 22853977 4
32 49 69723525 5
41 50 49355090 8
19 51 9762960 10
15 52 82228148 1
31 53 76648154 1
42 54 52338049 8
4 55 39725302 9
17 56 97247004 6
25 57 78935813 9
15 58 63725707 7
58 59 47970010 9
36 60 78254934 4
28 61 10757290 5
20 62 87636256 7
7 63 93826125 8
45 64 95545466 9
41 65 34452653 10
24 66 42755657 5
16 67 70895183 2
37 68 95684788 2
45 69 73644790 10
49 70 83411132 7
65 71 45579118 3
13 72 35958487 1
56 73 86700758 8
15 74 52637274 9
16 75 82707901 4
41 76 17037933 1
24 77 54571773 3
58 78 16049993 9
40 79 67786476 4
18 80 43064923 3
19 81 16426872 5
26 82 33020867 5
75 83 1506061 3
21 84 93584108 7
83 85 46376832 2
49 86 8315461 6
10 87 16799481 8
23 88 81030381 10
28 89 27444588 2
60 90 68826241 2
39 91 60976181 8
85 92 5726367 1
53 93 9627679 5
17 94 5453381 9
79 95 43034087 4
17 96 16179396 6
6 97 94935793 7
63 98 4441020 9
3 99 53325583 10
14 100 85023187 1
55 101 95535114 8
1 102 89808864 9
14 103 18317373 9
13 104 9695961 5
36 105 34285148 8
21 106 84753096 1
79 107 50548201 2
95 108 63816588 3
68 109 95605002 2
1 110 43596667 4
100 111 49788476 1
77 112 55610537 6
5 113 58985701 5
102 114 79623063 2
53 115 38700380 9
100 116 47269215 8
105 117 58722304 3
74 118 67516376 8
22 119 2628363 8
75 120 53869987 7
120 121 49460839 9
93 122 81659182 8
57 123 20856298 3
52 124 33421157 2
48 125 97462613 6
31 126 66351982 1
55 127 91301044 3
65 128 16240996 2
26 129 87401934 7
8 130 53955770 5
15 131 31615567 9
68 132 21801016 10
62 133 6844420 3
82 134 4876473 2
40 135 22243036 7
16 136 66474013 10
13 137 98124019 1
98 138 3517493 7
24 139 2513089 2
62 140 31107585 2
131 141 84769769 1
29 142 62527778 10
82 143 4256016 5
25 144 70863469 6
127 145 99190426 5
11 146 47919853 5
85 147 97026439 1
6 148 32687468 2
65 149 93368550 7
124 150 75663501 2
62 151 87389609 4
150 152 38800831 10
108 153 31913482 9
151 154 55319664 9
80 155 72457540 7
80 156 17792174 4
123 157 89662526 2
4 158 65593152 1
11 159 14567834 7
104 160 39008751 3
33 161 87947146 4
157 162 92557714 8
149 163 59921888 8
81 164 36169911 3
53 165 24805376 3
129 166 36924504 1
109 167 47383910 8
161 168 23227524 7
100 169 87234250 6
159 170 88724548 10
140 171 18904339 3
68 172 32579997 7
148 173 68939878 5
31 174 74608966 10
98 175 76098260 4
80 176 20019393 2
50 177 16449117 6
162 178 61939440 10
131 179 46774632 5
107 180 76596109 8
59 181 33395779 3
115 182 88147316 5
81 183 33706360 3
95 184 9055357 6
119 185 72941219 7
102 186 38894020 8
152 187 98784964 6
121 188 59664384 10
56 189 66003247 8
86 190 9130651 8
109 191 2910686 6
79 192 34088750 5
50 193 78101727 7
49 194 79652874 3
175 195 16992812 10
125 196 21203341 3
49 197 52443394 9
27 198 75699143 1
80 199 64436136 9
126 200 27611744 4
156 201 39798272 2
8 202 1171664 6
9 203 38478816 2
123 204 88259439 1
61 205 39228244 1
50 206 72890746 7
195 207 86843606 5
90 208 46143671 10
187 209 34960 8
191 210 28546025 10
69 211 19777769 2
96 212 36734445 6
166 213 14022715 5
139 214 15718480 3
64 215 66194022 7
169 216 55176758 3
50 217 48781541 4
111 218 36259974 6
175 219 69918801 3
15 220 24284011 4
147 221 29341881 8
48 222 20696390 1
181 223 29912475 2
210 224 26099900 9
127 225 64149094 1
133 226 91669960 3
182 227 44761331 1
1 228 38444484 8
113 229 5624258 4
228 230 23219242 9
177 231 48874452 6
229 232 60285426 1
172 233 73492267 8
133 234 33991707 3
42 235 51850577 10
5 236 83172813 10
203 237 68923595 4
153 238 18904054 10
174 239 42697109 9
36 240 27432368 7
185 241 83533209 8
213 242 6168628 6
175 243 96364625 9
59 244 81719517 2
159 245 63797128 6
143 246 36685610 2
219 247 49874375 10
229 248 59655088 4
172 249 61001462 4
120 250 13168513 10
242 251 27474404 7
177 252 95299467 10
144 253 24684341 4
107 254 68887850 5
101 255 12700878 6
109 256 44268608 9
98 257 45996584 1
127 258 98736115 3
228 259 1816299 10
6 260 74215901 6
182 261 15205785 5
43 262 5099027 9
17 263 10758824 2
164 264 25731754 1
68 265 96022020 1
153 266 43117811 5
243 267 34842994 8
117 268 36454371 1
91 269 90215499 1
244 270 53485628 10
122 271 9047390 2
181 272 43700291 9
207 273 51969640 9
262 274 12098811 6
60 275 60585192 4
106 276 28282472 8
183 277 50787644 7
14 54 206 154 271 19 49 109 6 245 256 240 137 170 227 108 154 11 22 221 41 78 261 122 235 244 30 209 12 160 269 53 263 115 177 106 259 236 216 117 77 9 171 85 259 231 29 25 240 210 128 221 66 139 118 172 271 262 74 95 258 106 192 86 167 31 182 121 28 156 203 95 266 259 166 129 214 169 276 217 11 105 204 89 2 75 101 85 43 92 123 109 195 117 172 157 115 82 195 118 188 242 266 16 247 216 250 116 220 216 117 76 39 95 139 257 168 219 235 21 208 133 130 61 98 178 118 51 137 205 53 37 262 42 39 82 94 166 232 13 37 240 249 11 173 86 57 19 184 112 168 160 247 246 192 168 58 51 55 135 186 262 120 60 134 46 58 29 270 127 173 77 122 154 228 86 97 253 271 19 239 255 92 69 30 173 262 257 148 245 86 194 248 196 8 37 116 119 23 252 238 176 239 158 243 41 49 141 149 146 256 7 51 132 18 120 110 204 241 273 185 97 271 89 10 256 265 153 182 230 138 206 246 26 62 71 82 8 104 102 252 43 173 38 203 150 201 94 266 18 227 161 132 237 117 154 170 44 185 191 112 128 3 55 154 58 62 56 50 11 165 31 88 108 6 136 193 32 181 62 196 164 12 58 127 42 160 131 255 82 276 63 202 89 194 270 267 249 11 167 226 161 19 264 32 59 184 227 161 169 34 41 61 225 93 144 75 219 60 136 44 181 50 258 57 133 197 171 227 146 154 105 93 190 245 66 235 91 44 129 218 114 221 273 51 166 206 62 138 43 68 224 163 110 18 38 5 105 230 97 11 168 25 167 255 225 6 181 275 130 259 228 3 142 81 8 230 17 94 273 22 125 54 219 83 93 218 64 27 154 141 18 21 22 226 213 146 256 190 1 78 246 61 212 108 225 256 38 10 20 219 138 47 249 109 245 41 120 164 26 180 15 26 36 72 242 181 79 72 196 121 253 31 8 274 241 105 2 123 176 61 41 209 85 79 45 69 205 60 148 272 229 33 224 42 27 110 202 208 269 157 5 25 188 11 251 247 101 74 20 242 25 196 146 110 53 224 29 204 188 119 222 56 88 168 146 231 68 3 53 177 59 55 251 138
11 146
452 406
1 2 50994142 1
1 3 77947897 4
2 4 65476725 9
3 5 96006136 1
1 6 52674900 10
3 7 39765245 5
5 8 77351243 2
8 9 15383503 6
2 10 98543703 3
6 11 91643911 10
6 12 49626742 3
9 13 62856872 6
11 14 10407363 4
10 15 16671608 4
15 16 68091237 6
12 17 61860310 3
5 18 49318790 6
16 19 63381446 4
4 20 40612389 9
14 21 74141823 10
10 22 57023311 6
11 23 46338545 4
18 24 1833886 3
19 25 43656695 9
9 26 24824547 8
11 27 41176020 8
24 28 53635810 4
7 29 4195469 3
25 30 13018377 1
24 31 64461228 4
2 32 41011250 1
9 33 96707849 10
31 34 62156271 2
27 35 67997334 4
23 36 56872843 9
24 37 84253654 10
24 38 61682525 4
10 39 49079604 2
10 40 88741530 3
35 41 80522972 7
27 42 70638658 9
40 43 95986280 3
4 44 73724246 1
34 45 12611841 7
36 46 27276254 3
6 47 79896857 3
17 48 50939622 10
10 49 23385956 5
16 50 11308026 10
45 51 83016714 8
30 52 14496919 5
50 53 23032273 1
53 54 83968955 9
25 55 3208855 3
13 56 69956798 3
34 57 71160112 10
30 58 74974538 6
32 59 63770155 5
13 60 63777839 4
42 61 68496445 9
33 62 4770131 1
62 63 83618854 7
54 64 8616546 1
61 65 2402581 3
14 66 29682354 3
38 67 52202162 9
57 68 91806570 10
5 69 68368738 10
5 70 62512832 6
64 71 74144816 6
63 72 27712306 9
53 73 7504209 4
70 74 9129984 7
61 75 13359134 1
57 76 53376370 6
29 77 25304151 2
10 78 55868477 6
40 79 59853316 10
54 80 40598813 8
46 81 53467876 6
74 82 33772861 1
59 83 98563167 2
35 84 69442463 9
8 85 10365249 2
12 86 10916826 2
56 87 1789742 7
76 88 33105762 4
66 89 28918005 6
77 90 41454671 9
75 91 97708085 8
63 92 36858447 2
86 93 88304457 4
16 94 64653678 2
94 95 99802255 3
86 96 65288463 3
59 97 19530099 3
75 98 80696024 9
82 99 66575565 4
45 100 51231024 9
39 101 63248236 9
69 102 41285219 9
68 103 63294652 10
62 104 76625032 6
64 105 79707357 7
95 106 38795933 2
53 107 18525016 1
3 108 34254720 10
5 109 37155782 8
85 110 49165345 1
23 111 62264943 7
22 112 31423953 5
19 113 83143846 10
49 114 14773520 3
94 115 17855731 8
91 116 70319176 6
76 117 17806561 3
56 118 51045720 5
60 119 55253811 8
7 120 35273689 5
72 121 37011048 1
75 122 35789402 8
15 123 51887741 8
114 124 52738493 4
18 125 49466526 10
44 126 15306145 2
69 127 82028997 9
47 128 29901409 4
40 129 74926147 7
102 130 47178854 1
111 131 30309590 8
14 132 65376633 8
96 133 21833023 8
45 134 6756370 7
20 135 22143206 1
60 136 78496950 3
75 137 88692212 9
27 138 46972131 5
87 139 66458916 1
101 140 84707762 2
47 141 20761281 6
140 142 79426642 8
116 143 17109005 5
97 144 32592991 3
18 145 70182885 5
7 146 56510697 8
45 147 81903989 6
124 148 41194685 5
35 149 73774235 2
71 150 51301434 5
26 151 2673956 6
121 152 71644748 4
108 153 72567993 2
64 154 60342002 4
151 155 13106517 5
54 156 48205167 1
35 157 77428580 5
109 158 18999388 3
37 159 19348423 1
108 160 15185106 5
131 161 89509770 4
134 162 12103311 10
69 163 93362212 8
29 164 48149330 9
130 165 82196907 7
56 166 89720832 6
90 167 91868673 6
8 168 18667817 6
127 169 59219460 9
40 170 2678403 4
163 171 84198539 9
132 172 36805294 8
80 173 93221408 9
22 174 9264221 5
30 175 74184600 10
155 176 63597446 6
132 177 4728217 9
114 178 57423753 9
57 179 92925531 6
31 180 56417744 8
54 181 97635558 7
2 182 22284657 6
140 183 51552647 9
121 184 32870985 7
60 185 96648725 8
87 186 55823339 1
73 187 38852802 10
135 188 25602421 8
8 189 7300024 5
33 190 25093692 6
69 191 87046343 3
84 192 1620167 4
17 193 41589480 8
53 194 93101607 1
115 195 78174334 6
35 196 57273939 2
164 197 87310253 7
19 198 41584792 7
160 199 63495820 1
74 200 94937149 4
89 201 96180775 9
106 202 62778433 1
49 203 49325319 6
172 204 27323809 2
34 205 89823690 4
32 206 46518241 7
174 207 67907233 10
192 208 13500869 10
68 209 65454009 2
78 210 66620801 4
164 211 50101732 3
67 212 41700434 7
19 213 41777491 6
48 214 91563881 5
54 215 84425052 10
203 216 85892180 10
50 217 69043663 3
27 218 96793792 8
58 219 85138782 2
218 220 54714244 6
121 221 55709928 5
156 222 89474261 9
126 223 83650525 8
106 224 8700349 6
123 225 34749585 4
81 226 99191890 2
90 227 78629243 9
219 228 14315915 9
59 229 19524708 3
50 230 90751511 4
80 231 94817112 8
94 232 81502332 9
125 233 9380751 4
64 234 68199534 9
79 235 26811566 8
197 236 35562605 6
151 237 92407855 3
225 238 35787478 9
20 239 52193345 2
236 240 17906875 8
86 241 46404053 2
189 242 4328746 4
51 243 55284005 4
107 244 12839706 10
214 245 59737417 4
215 246 17809341 10
134 247 60025205 1
229 248 37509276 3
76 249 48601641 8
21 250 93210074 9
53 251 60758124 2
18 252 15155647 8
68 253 35524670 2
178 254 40198708 3
94 255 93501601 9
77 256 84846341 2
134 257 24355252 4
196 258 40181139 1
174 259 99278055 10
139 260 52805440 2
244 261 40698090 2
258 262 65541964 9
173 263 86725308 7
224 264 41382020 8
173 265 29339819 3
82 266 54612965 8
47 267 87158636 2
219 268 53397844 8
235 269 67762946 6
163 270 84331732 3
176 271 43405206 1
233 272 59069746 4
208 273 43226176 3
208 274 89286587 5
264 275 63452292 6
181 276 27218507 10
269 277 38147649 4
77 278 3209363 9
87 279 17454135 1
135 280 62594620 8
36 281 80695850 6
78 282 85146241 8
185 283 77088551 3
187 284 67457377 8
263 285 23532493 10
15 286 73424480 5
267 287 86054490 2
46 288 47031932 7
24 289 28593028 2
167 290 87821588 4
165 291 93949634 2
66 292 40929518 3
130 293 81805207 4
89 294 67086673 2
153 295 56922053 8
255 296 24878042 5
170 297 31980370 9
256 298 69302148 9
7 299 60266606 6
91 300 716676 10
71 301 38493266 1
87 302 76820555 2
248 303 13669043 7
116 304 37369887 9
90 305 56242407 5
89 306 71389405 10
216 307 32135123 2
296 308 16694199 3
236 309 65516568 7
295 310 28914916 9
46 311 59122511 7
245 312 33492333 4
282 313 40109985 3
62 314 75905533 8
166 315 92767176 2
68 316 88955244 4
275 317 53613923 10
129 318 72876690 7
136 319 18028560 4
48 320 3269215 1
60 321 9230160 8
32 322 25595355 2
200 323 69742142 10
125 324 37818557 4
256 325 99274904 2
180 326 39595830 10
25 327 95552726 7
108 328 14429268 1
153 329 29564102 7
204 330 63506322 5
192 331 59453325 5
231 332 82275853 4
74 333 77152639 4
244 334 58671324 8
288 335 2604353 3
226 336 96481756 4
17 337 62835779 4
207 338 44874911 2
28 339 16329928 5
5 340 10623882 1
208 341 39958066 3
174 342 39656482 2
121 343 7645649 3
308 344 32399132 5
20 345 49156846 7
148 346 13389331 3
310 347 87718969 6
59 348 47754353 7
164 349 19293009 2
50 350 26718429 9
223 351 1758135 4
137 352 50044434 7
8 353 28163763 1
193 354 73614178 6
46 355 96319201 3
295 356 94978906 5
35 357 54494480 9
80 358 4867825 1
35 359 14860307 3
137 360 11624758 5
236 361 350333 3
220 362 15096699 1
249 363 81402458 5
125 364 59404497 3
186 365 25455166 9
142 366 23682780 5
284 367 14641000 1
52 368 86510499 5
179 369 56084165 5
329 370 91899849 3
73 371 8880982 6
250 372 4888754 1
33 373 16568416 5
121 374 64863588 5
327 375 68470394 1
42 376 96145847 7
348 377 40838005 7
136 378 58604974 10
227 379 20708599 1
261 380 8046075 7
42 381 23887508 6
374 382 12678181 4
318 383 87434769 4
41 384 93866724 10
189 385 58403709 9
206 386 78999560 2
164 387 84733598 5
312 388 53402777 10
261 389 46022089 8
84 390 47482481 3
370 391 43789944 2
301 392 11005649 3
386 393 16978967 7
288 394 32306756 4
182 395 17156775 8
292 396 13777665 8
335 397 67323405 1
322 398 8615861 2
303 399 22059847 10
257 400 48854561 10
94 401 89449937 8
346 402 81298577 4
399 403 2626624 10
151 404 17740208 4
202 405 84201338 9
99 406 72038332 2
160 407 43771995 2
247 408 26995813 1
97 409 7757229 2
20 410 93931834 7
218 411 85241373 4
239 412 14591345 3
24 413 57984399 2
54 414 97687547 1
1 415 59359876 4
374 416 33810959 2
100 417 69042913 5
379 418 44195573 1
79 419 62044657 2
148 420 48899921 4
326 421 68853368 2
203 422 28529183 2
370 423 46033550 6
194 424 45582654 5
225 425 80477237 6
234 426 91042466 7
156 427 97094613 6
86 428 18828010 4
204 429 81859118 2
216 430 53446406 8
239 431 16002741 6
84 432 41947207 1
330 433 23259857 5
417 434 67422982 4
428 435 58266758 4
272 436 7552296 9
136 437 20348358 1
147 438 94447086 1
46 439 36058929 7
183 440 48525441 8
420 441 18736076 2
180 442 39085744 3
135 443 27837958 7
338 444 47830846 7
345 445 70331228 6
95 446 78757280 1
269 447 59786574 8
409 448 7966253 9
114 449 32881317 8
136 450 76896033 7
166 451 27645699 1
238 452 39618085 7
173 37 140 438 335 406 288 287 207 339 25 78 27 317 175 227 398 205 397 3 452 70 331 320 418 199 84 90 53 433 55 92 231 330 191 176 190 354 241 364 109 253 278 52 106 432 88 310 253 122 193 36 47 267 129 401 332 397 280 115 145 438 61 399 18 45 277 334 114 184 147 422 402 70 290 380 47 349 428 358 400 265 213 298 192 316 365 417 405 212 325 72 122 95 245 134 314 7 234 296 41 24 301 425 422 451 158 49 155 265 219 164 425 92 398 283 56 296 394 262 185 224 23 92 275 406 185 387 350 272 412 103 177 306 233 282 284 49 59 414 406 111 85 442 227 388 336 213 447 380 271 24 194 20 285 211 335 258 231 323 155 126 110 321 362 130 89 253 292 167 65 7 61 300 91 361 310 288 19 132 57 190 159 329 35 40 425 407 317 118 278 33 438 270 403 406 213 64 8 325 24 156 175 4 207 123 319 267 342 375 361 188 122 102 93 96 83 212 158 354 236 174 441 276 368 117 374 345 431 385 224 267 431 22 233 35 390 425 339 26 400 437 112 452 12 225 341 245 334 391 257 440 93 435 395 264 418 4 369 65 100 203 327 377 67 443 399 64 209 188 413 58 127 220 322 41 396 240 332 29 450 73 7 107 189 393 97 137 219 413 32 405 239 247 157 88 392 259 166 263 387 225 227 249 176 420 422 449 319 249 245 445 435 71 367 266 18 287 415 117 77 398 350 421 397 261 203 166 450 110 139 312 84 421 278 283 142 352 127 89 258 168 59 42 357 187 166 172 71 313 366 351 14 246 104 127 406 159 120 78 385 92 295 117 280 381 104 430 63 353 408 99 21 424 72 90 381 95 247 432 335 197 17 365 79 6 411 4 240 290 299 320 58 210 355 42 197 449 299 87 440 48 236 205 206 391
236 197
169 217
1 2 3239813 7
1 3 49063825 2
3 4 31530994 8
1 5 74515124 8
3 6 78875773 10
4 7 13127792 1
5 8 92236638 1
1 9 219214 8
2 10 43814869 8
10 11 75557915 6
5 12 38241636 2
2 13 72353872 4
13 14 7059522 2
8 15 26054036 9
2 16 79361780 3
4 17 90257995 10
2 18 63003095 9
3 19 60757078 5
13 20 96753521 6
14 21 76618421 9
11 22 39575846 10
11 23 46314131 2
1 24 69020028 10
1 25 23669510 5
10 26 35346249 4
8 27 90286604 2
27 28 53800347 6
11 29 88033057 5
28 30 92798382 7
19 31 650971 8
1 32 2036539 1
25 33 27820983 6
7 34 69455204 2
30 35 93606403 3
8 36 59462567 7
33 37 69852830 9
16 38 5563384 5
6 39 47633320 9
39 40 55431316 10
32 41 18820781 2
1 42 20999081 2
25 43 49818911 7
35 44 6622023 10
44 45 75599390 7
2 46 4246966 3
1 47 90365826 4
28 48 58126912 1
38 49 28562249 4
17 50 38447376 9
40 51 64733730 3
21 52 17107204 8
29 53 80169932 5
27 54 19711133 2
19 55 52974670 5
53 56 93116308 1
26 57 88715736 8
45 58 45105751 4
53 59 46359793 3
39 60 72135644 4
37 61 90732282 7
58 62 67155560 5
42 63 47009839 1
57 64 95887336 9
47 65 64123094 10
32 66 1892419 6
32 67 56022648 2
16 68 82164367 2
55 69 21366491 7
13 70 6440738 6
62 71 28022682 10
26 72 70290842 1
46 73 76449905 9
57 74 72595821 1
48 75 55656779 1
33 76 98057088 4
53 77 28840588 5
29 78 94259126 6
62 79 13983302 10
36 80 51139370 3
77 81 14698083 6
69 82 57971198 7
17 83 13532967 3
11 84 57634424 4
56 85 35790077 8
36 86 90666517 3
72 87 45817516 10
3 88 6677391 2
5 89 59846381 10
7 90 25432947 7
86 91 78347054 8
51 92 91316431 10
36 93 13896841 10
18 94 47063357 8
94 95 76573305 7
77 96 45686303 1
59 97 10476914 7
23 98 88022196 10
78 99 13102532 1
60 100 58483109 4
10 101 14940185 5
92 102 41399255 3
56 103 8262703 3
33 104 57082276 1
76 105 7168329 9
19 106 3692303 1
60 107 42585690 1
44 108 29681057 9
67 109 51547759 3
57 110 988015 1
40 111 7275369 1
79 112 28496784 3
57 113 15514607 9
22 114 48970135 9
108 115 4065251 7
94 116 25662610 3
21 117 84679954 3
65 118 15383460 1
44 119 13234349 9
50 120 20664335 6
82 121 69852554 5
10 122 63339060 5
95 123 96415525 6
85 124 96485593 8
83 125 98433065 10
109 126 84792053 7
76 127 28376064 1
61 128 84779780 4
95 129 12091407 6
97 130 33699260 5
109 131 96962261 1
62 132 24007265 8
20 133 64700296 3
78 134 62431545 8
126 135 3680753 4
33 136 34403153 1
81 137 51062412 9
31 138 99850589 7
64 139 76760511 5
120 140 87468210 1
19 141 32347162 5
7 142 53896059 3
98 143 99342503 5
2 144 63106223 7
101 145 34606394 3
132 146 81714435 5
142 147 25994126 7
43 148 36990587 5
13 149 67142874 3
69 150 37229057 5
56 151 33556559 2
141 152 50568705 8
35 153 58168164 10
84 154 23921413 2
134 155 8187156 5
107 156 75607220 1
148 157 20541247 6
106 158 73980151 2
85 159 6315728 8
15 160 28335610 2
40 161 94787814 7
82 162 24658300 5
54 163 92991266 4
101 164 78250798 8
43 165 2568595 7
81 166 95304250 9
29 167 51817408 7
2 168 44328876 7
168 169 21061629 1
72 147 164 103 82 30 2 113 45 110 9 77 82 132 54 124 166 110 144 110 22 56 62 125 8 125 76 80 149 157 9 163 58 33 114 47 23 122 85 147 69 128 159 153 81 153 124 149 125 23 58 76 50 168 3 145 153 60 74 76 72 129 162 24 129 25 107 148 86 16 153 104 9 127 71 92 106 12 104 155 20 93 19 71 169 23 150 89 32 67 42 165 81 146 124 142 162 132 130 158 9 143 142 54 13 22 161 150 71 14 34 85 160 116 99 166 97 23 9 94 138 135 88 164 148 17 99 141 147 156 150 136 45 68 35 19 140 96 84 154 44 38 129 17 66 96 114 94 14 93 120 21 6 58 11 110 26 34 22 129 79 95 61 72 33 55 155 144 81 19 58 135 115 39 60 53 56 169 168 137 145 53 19 121 81 44 153 136 31 151 96 73 74 137 115 90 153 123 129 160 49 84 46 165 166 25 97 13 93 108 57 166 60 61 151 76 134
94 95
140 193
1 2 85221540 3
2 3 68946627 8
1 4 11002626 9
4 5 40689481 10
2 6 58344865 5
6 7 50532446 10
3 8 21463854 8
8 9 64393645 8
2 10 43584952 10
9 11 11212486 9
11 12 17020025 6
4 13 44748566 2
5 14 20899725 4
4 15 66163969 8
10 16 59500002 1
6 17 30122058 3
12 18 9188432 8
15 19 17947568 8
17 20 54173947 9
11 21 12548438 1
10 22 95408724 4
20 23 20092256 4
15 24 97935309 9
3 25 72805985 6
10 26 92303211 5
25 27 85066565 8
11 28 50485300 6
25 29 42494221 7
19 30 78644167 4
3 31 17786229 7
19 32 29272331 8
18 33 62312654 2
29 34 8997315 1
23 35 17422059 6
27 36 29452614 9
9 37 36485327 6
15 38 70860019 5
30 39 63475454 10
20 40 4605508 10
30 41 52872208 10
20 42 61635915 9
20 43 90704579 2
8 44 17299603 2
22 45 62278020 8
21 46 58186658 4
6 47 58977327 6
12 48 51393371 1
20 49 56160978 2
25 50 57069190 3
45 51 63524392 3
41 52 82870666 6
9 53 65769731 3
37 54 97495934 6
49 55 47915849 6
7 56 1019045 3
53 57 532224 7
16 58 24555555 4
12 59 98658592 7
10 60 93307271 3
4 61 96556159 7
59 62 29234487 2
21 63 13710279 6
43 64 5226254 9
64 65 94700386 7
46 66 2936371 10
38 67 89703904 6
38 68 15158160 7
62 69 31947439 2
45 70 21008622 1
70 71 10306493 10
58 72 57734846 4
16 73 9858043 7
18 74 67389781 3
37 75 50954924 1
24 76 15074851 9
7 77 73952268 1
13 78 11402321 6
22 79 26990692 10
12 80 86479406 4
63 81 62265202 4
65 82 18354945 1
29 83 70186234 9
14 84 52216418 4
54 85 33354610 10
40 86 33410733 8
42 87 71619769 3
53 88 8623696 4
13 89 51518698 1
72 90 43738366 9
38 91 64827386 7
85 92 43859146 1
40 93 95803255 10
64 94 86883370 8
35 95 90085666 10
46 96 45041021 7
36 97 86110698 4
31 98 46425292 8
36 99 66789089 4
37 100 50487256 6
33 101 72098610 4
101 102 21011089 10
60 103 62105880 8
81 104 13521969 1
22 105 36961994 4
75 106 50560956 9
18 107 9190732 4
2 108 16633254 4
106 109 65602624 3
107 110 87103585 1
23 111 11245402 1
99 112 96850099 6
93 113 70824671 4
101 114 58411841 2
75 115 39611099 5
93 116 77294968 3
81 117 12530833 10
71 118 75765989 6
62 119 70085120 4
78 120 26024877 9
2 121 15840877 9
71 122 44757882 9
53 123 43080718 6
39 124 36253732 3
107 125 70583229 4
92 126 31516297 7
12 127 88688220 8
22 128 44619736 8
80 129 6197208 4
57 130 71193739 4
50 131 76873074 6
84 132 88139516 7
73 133 6744908 3
3 134 5404398 1
30 135 95547444 2
64 136 28036676 7
131 137 97301157 3
48 138 49930393 10
100 139 67384167 5
115 140 53404212 6
92 95 82 51 43 40 45 108 77 43 68 49 62 122 78 93 32 117 5 123 106 32 108 10 54 92 80 28 97 52 114 48 8 120 104 29 119 11 103 13 15 46 25 39 87 68 99 80 110 33 117 103 140 127 17 131 84 42 84 28 68 77 31 7 75 135 6 64 129 43 85 119 83 47 5 116 81 55 24 17 127 40 29 101 84 103 46 121 92 93 62 84 73 28 116 33 93 62 25 71 85 122 82 8 17 95 86 58 66 28 60 128 81 106 32 2 58 42 129 106 65 30 89 18 131 107 135 132 49 37 66 77 83 60 81 35 137 99 91 135 74 92 128 87 82 69 50 68 101 121 8 122 127 92 55 77 75 6 105 136 76 129 19 84 138 105 115 45 28 68 11 73 21 14 86 90 80 87 35 54 66 114 77 5 88 27 133 90 23 28 2 70 135
95 35
174 296
1 2 80268503 8
1 3 69800155 7
2 4 97133275 8
1 5 39947784 3
3 6 53734223 8
6 7 55127007 7
1 8 7797084 9
3 9 27612764 3
8 10 87505522 7
7 11 19641057 8
7 12 78689822 4
6 13 72149789 1
3 14 27816179 5
14 15 44818290 3
8 16 82811973 3
16 17 5413282 5
11 18 25543823 5
12 19 97966116 4
9 20 81957497 1
14 21 82417914 2
16 22 43726667 9
14 23 91322394 8
5 24 85915293 1
10 25 83031422 2
10 26 19855870 8
25 27 67637253 3
17 28 81572290 10
27 29 19350415 5
17 30 43866207 6
29 31 56723509 7
10 32 32075922 3
8 33 49735944 7
10 34 38794230 9
10 35 86723305 9
8 36 34976795 4
4 37 30004893 7
8 38 30601705 9
2 39 36928197 5
20 40 38859436 6
17 41 55036659 1
38 42 76702313 4
27 43 44040434 2
16 44 57074526 2
27 45 76116665 4
39 46 31212800 4
20 47 80140089 5
26 48 95640808 2
14 49 5188193 6
34 50 73276249 5
30 51 88726146 4
44 52 20381016 4
47 53 4930927 4
21 54 51403162 7
4 55 74352118 7
5 56 59020523 9
36 57 68836523 10
56 58 22458294 7
13 59 21017142 2
47 60 31621095 4
60 61 26038332 8
45 62 75208704 5
4 63 92837665 2
51 64 2634855 2
53 65 28740630 4
33 66 71535861 3
40 67 91339259 10
56 68 50633042 1
55 69 84166182 8
17 70 62390803 1
40 71 12968081 1
64 72 49996662 6
8 73 16591232 9
68 74 98952562 8
48 75 7535351 5
54 76 29489086 10
44 77 29099010 3
46 78 33826380 4
60 79 41403443 9
43 80 23863891 1
37 81 25778710 1
2 82 99644705 1
61 83 61410541 9
21 84 80145783 1
6 85 3264152 3
71 86 15156936 2
67 87 38927878 9
37 88 10540390 7
56 89 59756568 2
74 90 90611057 6
39 91 45848515 6
10 92 24927449 7
61 93 74982453 2
71 94 3963130 4
74 95 59905516 5
4 96 69758025 2
87 97 58130502 9
29 98 62294872 7
65 99 84343044 3
96 100 35119050 8
95 101 79727734 10
22 102 48092893 4
7 103 65833171 5
24 104 59549356 9
70 105 39945305 8
52 106 23918170 4
12 107 32625882 9
101 108 49339413 3
92 109 80174197 8
86 110 88079751 1
108 111 24991435 1
36 112 19682599 10
59 113 55357248 10
11 114 58738067 1
91 115 4963397 7
21 116 54961865 2
93 117 98316168 1
28 118 83561235 2
69 119 13463685 1
22 120 61969499 2
65 121 39323072 5
49 122 30156292 3
46 123 51719732 4
10 124 83799372 8
9 125 33504536 1
63 126 23014552 6
101 127 54818029 10
25 128 49543561 10
98 129 40155098 7
2 130 25418098 1
68 131 69377914 5
34 132 75045290 4
29 133 83771176 3
127 134 57546189 4
9 135 56305879 10
14 136 4746053 8
3 137 89572605 9
48 138 22741410 8
64 139 20422933 6
62 140 59045894 3
86 141 22562637 10
43 142 45796390 3
108 143 11407329 6
109 144 95816572 2
102 145 12059868 2
5 146 41308735 2
5 147 15268647 4
60 148 16699790 6
83 149 6162 5
102 150 5941434 5
139 151 18159190 2
82 152 19480909 5
16 153 42253191 10
116 154 59142179 3
136 155 29312450 1
59 156 71364947 2
19 157 41688681 9
56 158 4811056 7
69 159 1707327 9
30 160 63618610 8
159 161 4561450 10
86 162 87137901 9
24 163 99420968 9
5 164 47782575 6
16 165 47837218 2
164 166 52011137 4
82 167 3203012 7
164 168 63715695 8
48 169 33172728 5
50 170 44084508 10
114 171 39881447 7
74 172 53723549 5
80 173 50561118 5
162 174 9959621 1
117 78 9 149 121 166 121 10 35 172 169 96 59 103 27 11 167 173 121 72 83 120 39 128 169 112 28 50 160 44 160 73 155 76 26 41 101 109 26 171 137 128 159 94 76 66 87 98 43 49 66 23 122 63 55 136 50 61 8 140 132 22 38 95 43 11 63 113 101 7 165 94 131 102 12 91 10 59 94 146 94 173 164 17 148 58 46 149 84 69 75 129 162 130 37 78 58 109 128 155 60 13 79 22 39 35 22 163 72 50 21 61 161 107 35 161 165 23 65 87 69 39 155 43 115 50 35 138 53 56 138 137 98 174 107 140 104 31 147 44 28 153 8 106 127 28 149 89 88 65 49 77 27 123 98 169 30 161 152 168 16 138 172 23 22 148 62 16 83 119 104 174 25 77 144 100 155 37 154 80 50 133 89 147 128 29 89 141 27 33 52 152 16 65 143 134 84 140 147 13 29 25 33 4 154 127 137 44 40 67 110 164 59 131 103 102 131 163 13 148 101 116 130 41 94 148 67 35 111 81 122 125 152 79 26 51 135 62 81 13 159 82 10 12 29 143 131 144 37 155 35 32 100 110 72 88 18 89 83 146 127 30 111 63 122 171 99 80 15 139 79 18 12 6 90 168 98 83 42 40 119 137 8 120 131 10 101 117 162 56 35 166 100 138 145 63
17 30
199 281
1 2 26591896 2
1 3 60399115 2
2 4 47568604 3
1 5 46046382 10
3 6 95676869 2
3 7 86441935 6
7 8 79715922 6
3 9 20069449 10
4 10 27120041 3
10 11 37095999 10
9 12 72892131 5
4 13 91049679 5
1 14 40218969 3
2 15 49606333 5
1 16 64845877 8
1 17 64194055 2
4 18 94940644 1
7 19 29441409 8
3 20 31848217 7
11 21 91748107 1
10 22 75760990 1
21 23 7168370 5
9 24 59231505 7
11 25 16326247 9
21 26 25321668 2
6 27 16097082 4
19 28 1305074 6
1 29 63619957 4
29 30 18410864 5
7 31 86560543 5
26 32 27260752 1
30 33 49569523 7
3 34 40625659 10
31 35 10011940 5
17 36 51449682 1
3 37 79368495 5
15 38 64338332 2
24 39 5897389 1
33 40 71717119 9
3 41 59431489 9
41 42 35481934 9
42 43 24887875 10
18 44 53266964 4
31 45 91612426 7
41 46 97014992 8
5 47 61807531 2
16 48 41830864 4
33 49 20902908 10
25 50 85416164 5
33 51 5046385 7
32 52 80952834 4
11 53 54357424 8
7 54 67745934 1
21 55 91710587 7
20 56 86192809 9
40 57 91461922 4
55 58 16796622 2
12 59 67804192 7
55 60 47865364 10
31 61 93655509 5
30 62 9223795 7
60 63 74101398 3
14 64 60621692 4
5 65 21347518 5
1 66 94364352 6
20 67 69292149 5
46 68 35209962 8
1 69 37933758 7
1 70 41999443 5
54 71 45188130 8
56 72 63053253 8
50 73 78746702 9
36 74 60362632 9
22 75 7261562 3
49 76 50530445 10
62 77 83488055 2
65 78 67927370 9
35 79 30950482 7
79 80 90756667 3
20 81 10556533 10
36 82 1046214 7
77 83 43260077 5
63 84 75248638 5
64 85 56580477 2
72 86 61097210 4
49 87 35927298 10
38 88 22742628 3
70 89 54387675 5
47 90 80428185 10
88 91 8722306 1
47 92 26987168 8
65 93 17355722 10
69 94 74365705 10
40 95 7334043 10
87 96 35818417 1
36 97 27300488 5
30 98 23479995 5
87 99 9270502 3
74 100 82507228 5
3 101 7285393 6
93 102 71332843 10
15 103 73625044 7
82 104 97127539 9
30 105 94609312 2
70 106 52695321 6
106 107 22327224 4
78 108 35385480 8
78 109 10093341 7
37 110 50640166 2
36 111 12901733 5
110 112 61654314 5
61 113 13227715 4
52 114 65730761 2
37 115 96742853 3
85 116 96685924 10
83 117 78407099 7
67 118 19002080 6
103 119 7177939 2
109 120 81088171 2
42 121 92037855 2
61 122 49916324 5
76 123 71433848 7
74 124 84968489 1
84 125 1283012 5
34 126 22791078 3
79 127 39998628 5
81 128 77270839 4
64 129 27720458 4
127 130 65419991 1
26 131 82563429 1
111 132 94946340 7
38 133 67251639 8
64 134 22375992 7
115 135 98340860 8
57 136 44392520 10
39 137 75396712 4
23 138 27371581 7
21 139 18835850 1
3 140 90557938 6
119 141 23339593 2
55 142 30461980 2
53 143 24144688 4
15 144 4487012 8
128 145 16984995 5
96 146 7751649 1
25 147 41991180 10
71 148 85426970 9
116 149 96170419 3
124 150 21183220 7
32 151 79361989 4
37 152 55485830 5
152 153 9686484 5
117 154 62019075 4
93 155 71620547 5
5 156 1284188 5
31 157 29035626 2
32 158 30122724 9
61 159 34179785 2
84 160 63034217 1
11 161 73773969 8
109 162 5062978 8
1 163 84100539 1
47 164 40153543 8
28 165 75482866 5
82 166 34409343 8
146 167 50820991 3
137 168 94327383 6
139 169 33820088 9
58 170 19082968 4
142 171 58268546 3
97 172 9935918 1
15 173 96803614 10
172 174 4677788 7
72 175 73338488 4
139 176 29788597 7
66 177 40961939 8
27 178 63550879 5
167 179 90113748 1
133 180 49460838 1
21 181 86471759 3
43 182 10685890 1
45 183 37922254 10
71 184 6217864 8
105 185 55406637 3
24 186 48628919 10
37 187 91014426 4
55 188 27184738 7
185 189 37265019 8
130 190 38070005 3
85 191 76560933 1
137 192 37034551 5
109 193 7163850 9
186 194 9196390 5
36 195 84014184 1
179 196 99788484 1
184 197 50094098 8
162 198 90195197 5
185 199 92891566 7
144 30 115 45 25 37 2 172 162 109 12 31 176 158 21 73 48 183 108 58 123 141 118 187 77 91 138 191 190 142 60 187 172 11 98 95 131 160 165 192 47 90 186 179 60 40 118 127 161 179 134 107 9 27 95 181 29 167 48 118 125 105 12 181 87 75 97 133 55 36 73 151 58 55 87 176 199 96 65 14 175 144 94 185 121 3 29 74 140 180 154 31 93 94 14 80 119 149 68 24 18 1 67 22 140 167 118 161 137 154 130 54 73 127 160 185 15 158 43 97 41 156 138 181 143 102 64 42 136 86 174 15 2 81 79 176 15 9 46 191 142 31 98 116 141 130 128 25 101 30 186 1 37 71 113 85 109 193 12 142 51 63 120 155 36 125 2 190 87 81 180 104 188 90 117 171 72 177 115 68 30 128 127 68 58 150 103 90 122 11 155 180 30 118 194 98 140 3 142 176 137 142 130 171 7 45 23 12 83 9 73 51 114 74 36 194 177 81 170 97 19 106 65 15 20 29 12 56 11 90 51 64 88 8 104 137 165 186 77 11 26 161 47 2 165 76 52 106 62 47 196 60 14 99 109 88 121 85 156 180 67 5 184 185 167 178 165 192 81 93 7 141 115 177 20 94 184 93 61 31 197
42 41
442 400
1 2 56742523 8
2 3 49277518 7
2 4 33615213 4
3 5 95472899 3
2 6 93930197 7
6 7 99468601 9
7 8 18256925 3
6 9 66316940 10
7 10 52429482 3
10 11 35575190 10
7 12 44954179 3
1 13 18309329 9
8 14 52652060 6
9 15 32214670 3
2 16 39385244 4
1 17 40327148 10
8 18 34100744 3
11 19 98134209 8
19 20 18533940 8
3 21 27192038 4
14 22 99125809 2
12 23 11368243 2
7 24 61021791 6
15 25 64140917 6
8 26 75510555 6
12 27 16630013 6
25 28 91918412 7
18 29 80184730 8
26 30 59729308 3
15 31 68796438 1
15 32 23350958 3
32 33 1648320 3
10 34 7963479 1
26 35 1105167 2
19 36 93411897 5
4 37 3666955 8
10 38 95262830 6
13 39 7828337 2
31 40 74735161 1
31 41 26530273 9
11 42 40257265 6
12 43 10397137 9
42 44 22945003 5
14 45 64678452 5
20 46 8500553 7
25 47 38790968 3
13 48 79464280 5
16 49 77238865 7
36 50 25001474 8
33 51 97227003 6
7 52 81872820 9
9 53 48160418 4
25 54 95837999 2
11 55 84216796 1
27 56 61877107 8
22 57 98520471 7
56 58 66277665 8
28 59 54473869 5
14 60 97662487 9
37 61 77971581 9
32 62 6664394 1
61 63 36473791 2
6 64 20734566 7
2 65 21984169 2
51 66 46765933 4
54 67 291805 6
64 68 24612683 7
54 69 36013417 1
63 70 57155050 4
15 71 76555239 8
42 72 83950535 10
1 73 33657530 9
66 74 39374 1
3 75 53698973 6
28 76 30442092 8
20 77 36725778 2
49 78 49104895 4
53 79 88880577 2
73 80 35299466 2
33 81 92621837 6
40 82 67396686 1
17 83 40945748 2
50 84 94875656 3
6 85 67708802 4
52 86 85463866 9
5 87 9562897 9
46 88 63520848 5
28 89 37088128 4
12 90 83209076 5
55 91 28647899 4
75 92 13432467 5
81 93 37693697 1
24 94 96397057 3
85 95 12690309 9
91 96 72639445 9
47 97 72185501 8
94 98 75430803 3
43 99 74286771 8
86 100 34716203 7
77 101 41355111 7
100 102 50904958 10
58 103 88625612 4
59 104 66374693 5
21 105 52706746 4
30 106 93232354 2
28 107 88242949 4
102 108 87902332 8
13 109 28051816 4
106 110 99266168 8
44 111 10204590 6
48 112 61268731 10
74 113 9532844 5
30 114 19396963 10
29 115 74293122 1
27 116 83774889 9
24 117 48373731 5
90 118 51080453 8
29 119 94179149 2
78 120 67260000 5
76 121 36303454 9
14 122 51231755 10
88 123 32881166 8
49 124 45236886 10
44 125 247491 3
30 126 60735019 10
23 127 63072168 5
93 128 13927309 6
127 129 3896707 8
25 130 362397 4
65 131 13831813 7
41 132 80996571 3
98 133 75259740 10
12 134 321367 8
52 135 83720973 9
24 136 99480478 8
21 137 73456945 9
108 138 84531507 6
81 139 89294322 5
13 140 87683838 4
40 141 19353309 10
66 142 78893669 1
92 143 94243713 10
108 144 8734286 2
3 145 92708953 3
133 146 51588773 10
97 147 6483636 8
28 148 18410995 2
36 149 96223985 1
26 150 94808791 5
108 151 92547669 10
7 152 60489788 2
90 153 33309169 7
59 154 83605846 7
122 155 61897873 8
117 156 66761368 4
1 157 7715782 4
46 158 73231735 6
53 159 82593868 2
98 160 85837633 1
37 161 85031458 8
33 162 22469818 10
115 163 25428856 8
104 164 20477930 9
149 165 47962033 8
138 166 452434 3
109 167 2360154 4
78 168 68386743 9
51 169 34429954 2
35 170 59048473 1
53 171 26404625 3
123 172 66000875 5
32 173 67881864 7
25 174 41426124 1
65 175 40594296 1
23 176 11815522 1
142 177 92686086 4
24 178 15381663 5
124 179 15945527 6
77 180 41512928 1
8 181 12381996 6
131 182 44414118 9
111 183 99735220 7
172 184 99070911 7
153 185 60923778 9
179 186 69897189 6
16 187 85786860 8
95 188 8212608 4
57 189 82030657 3
10 190 62217867 9
19 191 92025385 10
25 192 59652094 1
94 193 30075360 1
106 194 36111190 10
59 195 76247271 4
52 196 32512665 9
196 197 66435867 5
102 198 6430985 4
49 199 88397559 3
120 200 94726821 2
37 201 98793233 8
29 202 73509957 5
32 203 48269885 4
63 204 34514492 1
191 205 43404787 1
189 206 26174389 2
196 207 40794873 7
29 208 78945079 9
11 209 91390620 2
176 210 63255680 8
55 211 32267408 9
121 212 10999716 6
175 213 83232326 3
147 214 27024828 8
66 215 61438956 1
1 216 10278397 10
16 217 29617310 9
22 218 73707043 7
20 219 39071375 4
79 220 21230989 1
212 221 3475137 5
15 222 64214052 9
157 223 31879674 3
42 224 93336176 9
33 225 64445423 2
21 226 47779965 9
216 227 57796479 3
128 228 79370897 10
173 229 18930158 5
3 230 46098389 6
112 231 22805250 1
207 232 72897120 8
86 233 84316557 8
132 234 45939840 9
75 235 89660973 10
36 236 64812110 1
51 237 47717756 1
232 238 79859763 3
57 239 21247265 3
136 240 62917009 4
103 241 46910725 1
167 242 39756370 7
10 243 25087561 8
222 244 90262179 3
77 245 87348484 1
218 246 23932139 5
191 247 53596105 5
38 248 52608080 7
162 249 71966834 8
114 250 27008713 7
157 251 45078750 6
31 252 37900486 7
177 253 35164626 1
148 254 62408853 6
156 255 41577993 4
96 256 51563501 4
67 257 76455669 6
211 258 71969511 4
229 259 16107230 8
24 260 26773568 1
12 261 18347990 2
258 262 31807234 9
173 263 43076474 1
144 264 84917148 2
30 265 7968838 2
93 266 67456934 3
60 267 88217044 5
237 268 34629706 2
245 269 59303373 7
52 270 61447182 2
242 271 12689677 10
86 272 63368116 4
145 273 63810306 3
176 274 70369199 6
260 275 1818202 6
269 276 51203370 3
126 277 69926279 8
175 278 65344448 9
73 279 27120787 2
217 280 56210329 5
256 281 23393999 1
14 282 5603486 5
191 283 84892580 2
1 284 58391285 7
272 285 92340758 8
37 286 55185012 8
265 287 60378980 8
46 288 27570548 1
274 289 26224357 8
201 290 39148452 6
174 291 93235672 4
129 292 33838934 6
179 293 2811014 1
185 294 24267292 4
152 295 2425790 8
49 296 14327708 1
156 297 91710503 6
232 298 40993711 6
32 299 64930175 2
141 300 26842350 4
188 301 57374533 9
251 302 81040462 9
280 303 58116452 9
298 304 17192790 6
237 305 72803628 4
198 306 18490210 4
277 307 12174629 9
212 308 99743052 8
204 309 26615266 2
121 310 91094358 3
165 311 73597548 8
309 312 94411157 8
128 313 36662714 1
122 314 28189974 3
155 315 90942739 1
314 316 97417553 9
102 317 48750240 1
225 318 3867603 3
276 319 81885743 7
319 320 23535129 5
301 321 57043314 10
10 322 6927871 10
82 323 93392847 8
1 324 18635757 3
55 325 62625293 10
7 326 63600660 1
184 327 71791762 4
215 328 61668974 7
187 329 23543098 3
254 330 99305731 9
314 331 37716506 3
316 332 37910170 8
188 333 50877473 6
154 334 29810880 1
171 335 68333461 5
234 336 66766531 10
307 337 58908362 4
238 338 15338751 7
191 339 73960937 9
66 340 53096795 6
167 341 42531499 4
300 342 76364815 4
152 343 83769736 1
203 344 21597618 7
336 345 19841735 4
304 346 3118096 7
86 347 14213997 4
255 348 47379304 1
239 349 37059595 7
6 350 94752164 5
48 351 80344147 9
226 352 28579223 7
277 353 66644718 7
336 354 12306141 4
245 355 4327889 3
135 356 76498433 1
39 357 1133245 9
87 358 13071281 3
75 359 46839956 8
107 360 12988866 6
282 361 62117529 3
236 362 51062513 10
73 363 83921743 3
29 364 70540492 6
96 365 67814450 2
18 366 67417130 5
148 367 75935128 3
87 368 90719307 10
57 369 37160675 8
250 370 26430195 5
223 371 90263495 3
111 372 98016794 5
183 373 76846019 1
52 374 28497267 8
336 375 57971979 9
91 376 79280410 7
214 377 19591350 4
160 378 42515015 9
217 379 78917560 2
71 380 44996304 5
344 381 38043355 4
190 382 75506101 1
89 383 54838729 8
160 384 93971952 9
104 385 40841105 5
110 386 62072442 1
370 387 77635314 9
322 388 37055056 6
129 389 73999141 3
26 390 85032977 5
97 391 43032584 10
216 392 28213675 10
268 393 3004193 3
126 394 78570066 2
312 395 95570697 3
345 396 14375574 1
147 397 73297154 7
20 398 99932886 5
204 399 80339528 3
15 400 31310168 5
329 401 53830888 10
147 402 71589199 1
133 403 81137303 3
47 404 32322471 5
127 405 75096039 8
144 406 71015281 2
327 407 91399139 4
171 408 26895374 3
129 409 40177095 3
320 410 791747 2
176 411 67136612 2
56 412 53864733 3
41 413 5319258 5
90 414 40891592 9
127 415 75616675 3
9 416 52674328 8
402 417 55263018 1
278 418 64905472 8
393 419 3209757 9
228 420 71600836 5
164 421 44599471 7
216 422 19525544 4
337 423 47800132 3
292 424 2149053 8
72 425 32272796 2
153 426 15898698 1
302 427 62277815 4
362 428 95250633 8
241 429 54063093 4
146 430 62030667 6
205 431 91587097 1
214 432 44783391 10
172 433 57857308 7
181 434 62301679 2
283 435 96887766 8
426 436 31428908 10
25 437 39933038 1
103 438 93508309 3
35 439 81137340 7
116 440 75458881 10
425 441 65701741 2
407 442 95799481 7
289 105 242 213 143 35 202 19 434 86 407 35 351 59 52 256 108 16 205 129 218 410 118 70 274 344 336 295 52 87 332 331 265 329 213 81 119 286 122 422 124 321 390 224 28 154 230 309 120 75 150 16 264 121 150 369 269 273 200 189 241 44 378 155 61 265 397 73 201 434 156 182 151 128 234 398 328 10 9 122 85 421 367 262 375 8 400 3 141 219 134 361 176 28 296 312 350 122 57 2 305 8 213 204 272 383 279 172 91 351 129 68 308 37 82 258 127 108 272 225 282 109 365 175 334 284 38 274 186 95 157 30 255 324 123 93 274 206 423 46 134 334 163 387 377 25 143 257 120 134 441 334 427 315 414 385 10 202 217 375 299 137 169 318 96 439 130 247 295 302 171 154 254 82 134 22 352 323 136 388 254 66 429 122 132 167 86 189 190 214 212 437 242 22 167 113 183 234 283 403 240 367 176 175 256 332 368 27 168 178 242 124 95 27 54 304 203 225 215 238 119 324 337 394 111 155 363 274 58 347 119 124 166 171 62 224 397 254 385 302 394 189 13 285 100 258 53 423 213 341 267 154 406 204 89 2 149 35 187 58 76 406 46 20 385 232 31 260 14 230 141 177 315 429 421 206 203 429 120 380 258 320 274 154 149 343 284 236 394 368 426 295 405 350 343 349 29 423 110 298 163 285 4 157 1 360 267 441 94 257 361 340 56 299 413 417 203 359 217 271 119 328 107 244 354 52 200 391 89 367 132 306 177 293 183 300 424 114 234 96 105 114 226 40 90 103 418 435 237 279 122 67 380 393 88 118 230 340 44 255 189 340 34 109 47 410 374 93 433 302 319 79 48 317 179 49 18 304 9 433 438 382 170 78 360 350 268 383 207 143 1 29 357 105 305 431 62 364 334 182
367 148
198 180
1 2 39571647 7
2 3 34950251 4
1 4 69874812 10
1 5 38774800 2
1 6 46761082 8
4 7 3144037 6
5 8 50462427 7
4 9 1733839 2
2 10 84698515 4
10 11 3929886 2
5 12 75103193 5
8 13 68081528 9
3 14 44766669 7
6 15 15670552 8
15 16 66452265 4
5 17 54832245 9
10 18 85986642 4
8 19 91554876 6
10 20 37547776 6
17 21 88109276 9
9 22 70889788 3
19 23 37657002 6
22 24 65159401 10
8 25 21157155 9
7 26 47614684 10
8 27 29051210 6
11 28 12320623 1
1 29 18987641 8
24 30 78657531 10
15 31 3318884 7
3 32 6536178 3
8 33 50479543 10
15 34 20000052 4
20 35 44895531 2
1 36 20654743 9
27 37 2709284 1
23 38 21391862 10
19 39 12681280 9
6 40 49202927 9
18 41 64064524 10
19 42 13515265 7
31 43 24763730 7
22 44 4469634 3
32 45 76123141 9
8 46 89254794 3
33 47 12700794 6
7 48 58749922 6
7 49 9726656 3
13 50 75616309 1
48 51 11899386 10
29 52 92011290 2
22 53 69854646 1
2 54 81413996 1
51 55 8610662 10
4 56 80275966 2
53 57 44851844 7
39 58 62521670 4
22 59 66249250 1
23 60 27066202 10
58 61 67491107 6
52 62 72390650 8
25 63 96029650 4
60 64 21452159 10
31 65 72520399 9
4 66 96007128 5
45 67 79539702 6
32 68 85065919 9
39 69 95454826 8
45 70 62371383 4
56 71 30698205 8
43 72 88191504 4
28 73 77355899 1
7 74 18149413 9
21 75 7881712 4
52 76 38477116 8
76 77 79473215 5
37 78 84973261 5
52 79 14456436 10
61 80 15233866 7
56 81 3120082 5
35 82 75662565 6
11 83 33525689 10
4 84 78257035 1
22 85 58230212 8
84 86 92086322 1
34 87 88822170 8
80 88 56444233 10
37 89 73490544 8
33 90 30865447 2
81 91 16812037 2
60 92 97555726 3
86 93 95204264 8
51 94 13441660 9
65 95 72584403 1
50 96 50488930 4
8 97 39753978 2
41 98 55502534 7
72 99 16375138 3
21 100 55955013 2
24 101 30728050 8
81 102 40080872 9
28 103 43943377 2
65 104 12819836 3
98 105 35710879 1
89 106 34152760 1
28 107 94253994 1
97 108 58073556 9
68 109 89668310 10
93 110 33982984 10
11 111 33437684 8
111 112 81071499 6
104 113 68240990 9
18 114 76827999 4
35 115 45856736 5
97 116 94307066 8
35 117 73828870 3
7 118 20702950 6
97 119 87191907 3
113 120 81667433 5
99 121 61848066 1
72 122 41390283 3
90 123 22510276 9
23 124 86559426 2
90 125 65587018 8
109 126 12019951 9
85 127 22921103 10
69 128 39137839 2
106 129 1589944 8
107 130 62031609 5
8 131 33071160 4
125 132 38770300 8
9 133 38241928 4
86 134 83167374 2
81 135 83278930 4
117 136 10238307 5
30 137 33877416 3
125 138 28843789 2
135 139 73825190 4
94 140 16590999 10
116 141 93273858 3
16 142 85137181 8
5 143 88902746 7
115 144 26507653 8
117 145 45128863 3
119 146 82861682 4
47 147 33941454 9
100 148 42978232 7
77 149 99554270 9
82 150 25604368 3
131 151 35402333 8
85 152 6416829 9
2 153 76107978 8
26 154 94128938 6
33 155 26838206 8
78 156 73048604 7
134 157 94911516 1
18 158 66248620 1
108 159 65174597 7
104 160 70241634 10
3 161 87510762 6
94 162 25861560 3
46 163 30334497 3
135 164 16720213 7
108 165 86007026 10
115 166 1957052 7
19 167 73804439 3
102 168 64973773 8
26 169 94963567 3
120 170 25114407 8
4 171 53191791 9
145 172 19155834 8
2 173 57677701 5
137 174 26489825 9
48 175 83058566 1
67 176 13188628 7
82 177 88807877 3
146 178 96671415 6
100 179 87364413 5
20 180 84526161 2
15 181 10306328 1
150 182 30589644 6
138 183 4707082 4
155 184 57551425 4
10 185 28831556 8
168 186 28438530 1
54 187 41599644 3
187 188 38230736 8
109 189 96042618 3
129 190 53505998 9
53 191 97285875 7
17 192 27360242 6
107 193 80617617 7
3 194 32925064 1
127 195 26694408 10
133 196 96476171 4
123 197 7676963 7
42 198 72339395 9
119 152 35 77 102 191 144 149 50 150 189 122 70 193 85 88 67 3 34 165 139 77 174 45 54 159 48 186 83 17 80 155 56 140 109 147 39 66 9 5 66 136 106 147 69 14 136 155 41 184 183 59 155 91 66 159 123 32 8 95 54 102 58 101 174 2 6 86 31 79 160 92 118 44 85 122 32 1 167 121 183 124 132 24 147 53 56 88 38 109 182 171 20 197 175 1 138 160 127 92 140 26 140 11 32 145 191 105 8 119 128 78 43 159 95 118 11 132 171 109 19 75 113 111 79 25 67 11 77 145 55 2 46 175 38 83 24 148 60 112 7 142 89 133 93 2 21 109 57 175 28 69 194 145 44 112 134 46 149 182 28 23 4 116 193 153 192 165 89 9 1 150 65 63 165 117 157 9 69 71
53 57
287 416
1 2 86881950 7
2 3 65482124 6
3 4 41558894 4
3 5 9836645 5
1 6 11145247 3
6 7 29012508 5
4 8 59698136 4
1 9 80914151 4
9 10 48310474 2
1 11 82125597 1
2 12 89039650 6
1 13 57585281 1
1 14 1813005 1
13 15 20676123 10
4 16 13536351 4
2 17 26016352 1
9 18 49275612 4
14 19 68670703 2
14 20 24294640 8
17 21 58002670 9
9 22 99462164 8
18 23 53981675 2
10 24 4332322 6
8 25 86029944 5
9 26 709663 5
10 27 21302435 6
18 28 11066003 3
14 29 11166854 5
29 30 32053819 1
8 31 64139356 2
10 32 46762909 5
31 33 96338541 10
17 34 35124769 8
18 35 33115640 9
15 36 33466011 4
6 37 10465190 10
11 38 6287996 8
3 39 8450283 10
14 40 43551439 1
28 41 69031576 5
37 42 65163968 1
29 43 71744844 6
34 44 46584947 6
3 45 12776695 6
30 46 62924304 3
29 47 30656912 7
26 48 36594621 1
40 49 80164738 5
36 50 25448028 10
38 51 35340189 2
34 52 12311054 3
41 53 59909969 5
13 54 98093333 10
19 55 67622156 10
47 56 37332930 3
56 57 8889077 9
10 58 33320787 9
55 59 68667280 5
44 60 33883659 4
28 61 85807927 6
17 62 14532801 5
54 63 31977679 8
54 64 452890 5
35 65 7726362 3
52 66 43543016 7
66 67 2793481 1
43 68 54979624 2
14 69 88476571 2
21 70 81738852 4
19 71 92711443 2
40 72 49412504 9
6 73 70864163 7
8 74 75347203 6
50 75 67455483 5
41 76 86017364 3
1 77 32224947 5
26 78 59884020 1
59 79 34402665 3
37 80 19650700 5
67 81 45922335 4
26 82 73600612 3
54 83 95649097 9
4 84 3382053 9
52 85 19188900 8
40 86 89999317 7
85 87 89811096 6
16 88 79740749 9
69 89 94862011 8
29 90 12677269 9
68 91 67956235 1
36 92 30313994 1
12 93 41556968 4
93 94 68874774 4
80 95 58398289 2
43 96 73872626 4
35 97 25745537 4
45 98 21152403 9
98 99 77091004 5
16 100 67154939 8
89 101 72956707 5
86 102 49390220 1
24 103 8443194 3
100 104 55024101 3
5 105 43063751 6
102 106 70980377 7
8 107 46251477 10
83 108 61842327 5
34 109 25907758 2
72 110 33631637 10
84 111 74642853 5
93 112 13048818 9
95 113 95487932 7
102 114 52038017 1
41 115 27076019 1
60 116 7134723 2
108 117 39818253 2
107 118 77110703 1
36 119 25549287 9
42 120 53456860 8
112 121 52184292 1
78 122 28917310 10
28 123 25917463 10
85 124 80082294 8
78 125 32534645 9
39 126 1104 10
55 127 91915149 5
36 128 85693674 3
34 129 72338927 5
93 130 79645424 7
64 131 78266041 2
103 132 73386109 7
75 133 89234669 3
43 134 52012247 8
46 135 49361022 8
13 136 5599143 3
19 137 61123674 9
38 138 57215149 9
119 139 54225569 9
72 140 82076434 2
110 141 39026560 10
88 142 30793024 9
70 143 62293142 5
117 144 635833 6
131 145 99839878 7
106 146 766642 9
71 147 25438111 10
12 148 16132118 3
76 149 64014269 8
4 150 14787286 5
81 151 21206198 6
83 152 24576128 2
41 153 60614398 3
13 154 35405157 8
123 155 42232615 4
149 156 73507406 9
130 157 25014627 5
51 158 51438318 2
147 159 91883471 10
89 160 88534531 6
15 161 72452629 2
88 162 26500827 8
115 163 72636107 2
120 164 98049356 1
134 165 92535964 6
154 166 18768365 3
49 167 1842445 9
84 168 32393818 4
111 169 54891255 4
17 170 76252710 4
137 171 19180672 4
62 172 25688214 1
101 173 42470839 2
92 174 45416277 6
32 175 63661145 1
39 176 64145079 5
112 177 3783597 3
164 178 55801450 7
137 179 39666840 2
90 180 42321601 3
173 181 98795609 9
152 182 7797462 9
93 183 2680265 6
138 184 45653664 1
157 185 81861002 4
55 186 65929134 2
161 187 20147799 8
134 188 78676375 2
69 189 12942288 3
68 190 88051826 9
53 191 86342958 1
137 192 67443648 8
125 193 89653278 9
4 194 8571554 7
153 195 47226954 8
167 196 86738685 2
122 197 53878100 5
30 198 24160679 4
12 199 24482730 9
4 200 12305790 6
159 201 89164231 10
110 202 75746401 7
9 203 46137133 2
60 204 2725705 8
31 205 2681039 4
3 206 90398959 8
101 207 60517605 6
157 208 81178761 3
37 209 65343772 2
33 210 45562629 9
34 211 11060422 6
132 212 89399939 10
163 213 19579760 2
86 214 99592561 8
11 215 14100078 4
156 216 43844278 9
10 217 4281834 6
113 218 17922734 7
202 219 3461321 10
29 220 5577284 2
138 221 5845978 4
81 222 43045705 4
147 223 60523183 1
58 224 30923481 1
125 225 62092766 10
49 226 52973318 10
164 227 7787188 9
173 228 90800883 10
127 229 45476947 8
195 230 59235555 9
116 231 96729247 8
106 232 73736533 4
153 233 86438137 5
42 234 65658699 6
119 235 29508725 8
126 236 49756650 8
164 237 43386331 8
47 238 82212915 3
139 239 5009010 9
24 240 90082012 2
235 241 13408568 3
46 242 30945463 10
119 243 91724246 6
67 244 67932006 1
41 245 7618887 9
212 246 34762711 1
55 247 14038955 10
97 248 99344686 4
106 249 66705156 2
22 250 32943730 9
104 251 17356595 10
90 252 39342654 7
115 253 98095591 9
165 254 14024460 9
193 255 17499509 10
30 256 35394048 6
215 257 93235413 1
225 258 83126723 4
159 259 42895371 8
13 260 90275438 6
168 261 5184527 4
58 262 44630182 5
47 263 66257039 3
62 264 215637 4
125 265 92976928 5
84 266 17479021 2
33 267 93403226 4
64 268 43443709 4
180 269 25962041 7
242 270 44749101 9
190 271 34775613 5
224 272 35333558 9
201 273 57823599 3
45 274 41005475 1
50 275 56250878 4
165 276 27928068 9
221 277 58669831 3
106 278 56501653 7
156 279 61810267 10
125 280 36269316 7
89 281 12054320 8
162 282 350205 5
223 283 15906858 3
214 284 14693370 1
27 285 20667598 5
164 286 25678896 4
79 287 97696846 2
143 78 89 154 132 230 135 114 182 271 119 232 36 281 193 229 17 191 229 82 136 44 229 240 263 169 37 133 219 162 92 235 20 142 125 219 96 15 188 86 175 193 47 226 9 244 100 235 75 137 248 195 220 7 2 85 94 34 81 118 48 128 58 158 191 89 226 46 6 282 4 42 137 225 74 25 213 273 268 214 263 113 137 64 7 182 134 181 190 161 173 83 120 18 223 130 10 138 182 34 257 203 58 167 30 245 262 28 69 220 95 173 242 29 33 235 228 157 97 258 121 285 270 80 39 4 45 118 6 39 90 266 133 271 253 24 222 7 70 168 162 74 220 124 97 26 262 276 257 189 287 257 106 166 286 139 165 53 40 124 128 38 84 265 239 173 243 233 114 271 137 127 286 66 6 199 113 22 2 57 5 101 41 26 227 183 152 179 34 216 185 182 168 12 13 82 152 41 36 273 7 256 217 127 273 152 142 81 260 67 50 275 184 193 110 171 188 26 210 104 207 64 197 53 103 45 55 270 18 107 251 224 48 33 21 155 135 199 184 255 238 286 250 35 193 217 103 285 253 283 161 4 262 23 139 78 172 68 205 27 81 18 210 213 240 46 152 12 9 107 163 54 26 222 214 277 267 180 24 114 109 208 267 164 253 57 29 31 172 3 41 145 144 276 23 169 267 114 132 22 221 87 131 287 212 95 173 13 255 97 55 206 185 268 150 28 272 186 258 170 166 219 19 155 254 37 94 241 11 283 187 110 184 182 14 92 34 250 107 180 273 97 282 31 33 31 174 108 139 102 22 65 101 141 264 96 53 87 255 138 150 21 13 248 120 99 229 167 256 278 116 157 273 274 57 269 104 190 108 178 278 187 43 132 168 257 226 101 167 209 124 207 140 233 186 124 162 240 182 150 78 251 253 268 170 249 132 200 118 74 131 122 233 93 179 102
224 58
11 275
1 2 5188071 10
1 3 54808657 5
3 4 82791357 4
4 5 67289522 1
4 6 50478465 2
3 7 32278599 8
4 8 77366798 10
8 9 56845940 9
2 10 70095497 3
10 11 67089806 5
7 2 1 11 6 3 11 8 3 1 7 5 6 10 2 9 2 1 7 2 4 10 6 11 10 5 4 7 10 3 9 7 10 8 6 9 5 2 6 10 1 7 9 2 1 10 4 2 9 8 4 11 9 11 2 4 10 4 3 9 8 1 11 5 9 4 9 5 11 2 6 3 1 8 5 4 8 9 5 9 8 1 8 6 11 6 8 10 5 4 2 4 2 8 10 11 3 11 7 11 6 9 6 11 6 4 7 1 6 9 1 7 11 2 7 10 7 8 6 9 1 11 9 11 3 2 10 3 4 3 6 8 3 7 2 4 3 5 1 8 4 1 4 5 3 1 11 4 10 2 4 10 4 8 6 1 6 10 6 3 9 5 2 10 9 1 11 9 8 11 9 3 11 2 5 10 9 5 7 9 8 2 6 4 8 9 6 3 11 9 4 8 1 9 11 4 3 1 9 8 6 3 7 9 8 7 5 10 9 1 9 11 2 6 3 10 4 8 4 3 10 1 10 5 2 10 9 10 9 4 8 9 3 11 6 2 7 2 4 5 3 7 3 10 9 7 10 8 3 7 8 6 10 1 2 9 6 10 5 10 2 1 6 2 1 6 11 1 8 10 4 11 4 10 4
5 4
461 279
1 2 36717453 7
1 3 96709086 4
3 4 16247804 10
4 5 61315030 8
5 6 48769658 4
2 7 18740164 6
6 8 77958502 4
2 9 34140349 5
5 10 56205308 9
10 11 38599809 3
4 12 21329685 10
7 13 27491637 10
11 14 70894268 2
7 15 21164281 8
3 16 54580487 1
3 17 43386336 9
5 18 94874011 7
7 19 48393431 1
15 20 33236335 3
10 21 8080991 9
11 22 28733429 6
9 23 90940554 2
18 24 89251009 2
2 25 71076470 10
22 26 80689988 1
1 27 72931762 4
14 28 3743821 8
28 29 66692727 3
22 30 40517676 5
3 31 44760914 5
4 32 46711020 4
23 33 51284392 10
29 34 40896257 3
28 35 59953191 4
26 36 26399628 1
32 37 40365547 7
35 38 6046698 9
18 39 51920369 5
25 40 97356315 3
10 41 83660713 3
14 42 58449446 10
27 43 64393744 7
12 44 32088559 5
31 45 49487002 5
44 46 15847987 9
39 47 42602626 6
10 48 41703520 2
10 49 67286733 5
10 50 13109643 6
43 51 48926065 5
4 52 19192056 7
29 53 90460239 2
15 54 94575581 1
28 55 17808934 9
55 56 27535319 1
5 57 76000662 5
40 58 33128531 9
37 59 62835571 8
37 60 4800816 4
40 61 25421148 4
14 62 60375306 6
20 63 44355695 6
51 64 16074866 5
42 65 62898385 9
37 66 66668497 2
18 67 56739441 3
64 68 1610589 8
26 69 89288019 2
59 70 83614465 1
32 71 65436981 2
48 72 15535241 1
24 73 38243194 4
34 74 2385162 3
21 75 77959936 4
3 76 55046104 6
47 77 96376589 8
36 78 15255307 2
35 79 27492340 4
45 80 39081338 6
27 81 51294964 10
9 82 87175186 10
5 83 20854039 4
36 84 98371411 3
24 85 11396250 9
33 86 62490392 9
86 87 71911879 9
57 88 12297633 4
54 89 75045559 4
45 90 58061405 5
5 91 63814749 9
11 92 39942293 4
30 93 36067115 7
43 94 4993263 9
15 95 1405846 8
22 96 88200059 1
86 97 51585119 4
43 98 73250457 6
51 99 35813863 8
75 100 5778016 10
56 101 94342057 6
83 102 51012019 1
55 103 83573621 4
98 104 43603803 2
102 105 12834621 8
37 106 54952633 2
104 107 32180570 8
14 108 21232844 5
79 109 22354340 6
69 110 89259908 4
87 111 15257040 2
72 112 85737868 9
40 113 67214773 8
51 114 74448486 4
114 115 57688160 5
81 116 62585080 8
61 117 34900980 7
86 118 10660495 2
56 119 12043490 9
105 120 22000337 7
5 121 86931414 10
61 122 13321372 4
122 123 94124188 5
73 124 90994539 5
62 125 2044037 4
30 126 95709898 8
121 127 64879979 7
40 128 11216440 6
109 129 22480513 8
123 130 34499001 2
66 131 85069088 6
110 132 13994065 6
48 133 30463379 4
114 134 3483221 5
110 135 75975011 5
127 136 35717428 7
56 137 77324704 3
32 138 28638323 6
101 139 75185783 4
131 140 4204399 10
68 141 66014886 3
74 142 13015989 4
31 143 70920769 5
117 144 84035092 4
111 145 37089024 5
64 146 64808139 3
7 147 3945825 5
24 148 48637505 1
25 149 35853808 8
94 150 52137380 2
35 151 51901544 10
108 152 60344382 10
37 153 85925181 6
146 154 49145337 8
130 155 960220 6
132 156 71919600 8
11 157 81331315 3
123 158 9472085 6
43 159 35618591 7
132 160 25887093 10
110 161 19804479 10
124 162 28908046 3
90 163 22400029 4
132 164 72262538 2
6 165 2370469 4
159 166 51112649 2
157 167 7378458 8
72 168 15736233 5
162 169 38552164 8
153 170 13007039 5
138 171 2330559 9
21 172 88885162 10
68 173 15127001 4
154 174 18343560 1
32 175 19303565 6
22 176 9576733 9
25 177 38161346 4
171 178 15732166 6
7 179 33118762 4
104 180 49847688 9
169 181 69825424 7
40 182 98298939 7
180 183 62057446 4
177 184 45016281 10
126 185 34768096 1
59 186 40756841 1
170 187 97884029 7
27 188 53585630 6
13 189 10829677 9
112 190 36198333 5
98 191 23040899 2
103 192 67039312 6
156 193 12178281 10
1 194 44637205 4
66 195 89854069 9
133 196 39367881 7
178 197 89331356 8
51 198 13591118 1
63 199 35756612 7
180 200 2680526 7
125 201 91730930 3
31 202 42830084 4
15 203 15841951 4
162 204 59506255 9
117 205 50514058 3
179 206 59071979 9
58 207 63493243 4
15 208 91249036 7
97 209 3542511 2
105 210 18493883 1
168 211 1142104 7
145 212 56491056 6
124 213 74736130 5
124 214 85255429 8
91 215 73199077 5
164 216 76718632 6
178 217 43389624 5
33 218 79012141 5
89 219 91819423 2
160 220 47484096 3
129 221 8633349 2
17 222 55308246 1
190 223 36789136 4
72 224 40376316 6
93 225 25052718 7
73 226 47264905 5
89 227 18247944 8
112 228 49689635 7
31 229 73106076 3
179 230 38190644 6
138 231 20814295 4
132 232 39285365 7
78 233 67028017 4
63 234 66685302 2
138 235 32470360 5
47 236 31822763 7
176 237 8777210 8
88 238 5310259 2
150 239 29714332 2
136 240 50247817 10
156 241 3808722 7
106 242 1149046 4
152 243 65454165 2
33 244 87975517 6
191 245 83638478 8
180 246 23376552 4
85 247 97183405 3
19 248 16821263 5
236 249 36353656 10
84 250 41555550 4
247 251 87162463 5
76 252 63131183 8
203 253 71182210 1
88 254 74036070 10
248 255 57395676 6
173 256 83811727 7
252 257 37478499 7
139 258 95140844 6
4 259 79456414 1
235 260 76210410 5
140 261 15279803 4
249 262 58471756 1
256 263 12085730 8
247 264 81102341 2
240 265 31548856 9
161 266 76146736 3
176 267 39471276 3
97 268 10048906 4
254 269 74863047 10
43 270 63588081 9
39 271 50702321 9
70 272 6485492 6
69 273 82996521 6
256 274 18339845 10
90 275 67077847 1
209 276 38569634 1
275 277 88335693 6
147 278 35798612 4
121 279 93510744 3
218 280 66438693 10
227 281 50271199 5
28 282 55334310 1
181 283 81132304 1
57 284 43436660 7
129 285 92135086 9
174 286 88201105 9
76 287 44010912 3
71 288 58360639 6
94 289 50993753 7
138 290 72112360 8
61 291 3715624 5
255 292 48990357 9
209 293 83047033 8
275 294 84927092 10
173 295 95049867 1
219 296 68352102 8
279 297 86987683 2
233 298 4189701 8
12 299 33005932 3
65 300 83860665 4
222 301 84405503 9
167 302 69971549 5
128 303 98860427 1
84 304 24542226 9
47 305 73995254 4
155 306 91306342 10
49 307 2958828 8
57 308 90276913 3
121 309 17297448 7
219 310 1828635 10
264 311 96350281 10
215 312 5308440 4
223 313 60278595 9
198 314 60936379 9
169 315 43641920 2
285 316 96711147 5
108 317 97350910 1
81 318 62560290 4
222 319 32957518 2
140 320 37708485 5
220 321 86544522 9
178 322 40585643 4
278 323 26246582 1
318 324 83626295 1
311 325 53324800 2
33 326 16151869 3
204 327 97037570 3
320 328 3149574 8
305 329 77388825 4
101 330 90130288 1
190 331 9710837 9
192 332 9167226 5
325 333 54900999 3
114 334 51349553 6
283 335 90553959 1
273 336 67796792 2
100 337 53028869 10
309 338 36480901 7
83 339 13189295 1
158 340 96559902 10
126 341 62166600 9
106 342 19846621 2
40 343 58543815 1
81 344 71703497 6
56 345 1021873 8
221 346 33299305 3
111 347 8949758 4
133 348 76816733 10
41 349 78770921 8
27 350 81517949 3
275 351 3794913 6
310 352 21623323 9
219 353 83512219 10
198 354 99517091 7
244 355 31110112 2
159 356 3056524 7
44 357 88400911 4
258 358 25501894 2
241 359 11083924 4
223 360 21066175 9
301 361 24810620 10
332 362 46558342 1
323 363 50893852 6
19 364 68338449 7
15 365 94626133 8
75 366 39863253 9
325 367 76442584 9
18 368 18823700 6
252 369 66537456 1
141 370 44496506 6
302 371 71340105 2
262 372 4702199 2
98 373 17199135 2
82 374 52661170 9
281 375 70020313 9
230 376 902842 10
250 377 50427275 3
319 378 23117134 4
337 379 17842540 10
312 380 19582291 6
136 381 60869058 2
291 382 40285213 6
204 383 14635669 5
164 384 67031382 7
136 385 50835186 1
75 386 16380756 9
34 387 49808096 3
366 388 62367149 10
10 389 52725907 8
41 390 67343697 10
296 391 61334812 7
347 392 58373805 9
305 393 5678042 4
14 394 4005153 8
17 395 91316279 10
54 396 61236963 3
350 397 19340145 1
224 398 39421597 4
319 399 26334121 3
87 400 79387164 5
384 401 41071382 3
361 402 7278449 5
122 403 56437602 8
389 404 98745916 6
136 405 69298885 3
170 406 58043227 10
169 407 58441857 3
156 408 59336108 9
112 409 42578466 6
66 410 24404243 6
236 411 80080019 2
197 412 99736689 3
349 413 80018608 10
56 414 20838149 4
33 415 44510830 5
372 416 97452257 3
93 417 92185566 3
361 418 1174301 9
244 419 41900537 2
175 420 4707861 6
173 421 9016051 5
25 422 82796206 8
3 423 34078801 1
157 424 59148112 9
410 425 72205365 8
382 426 25100879 6
25 427 66280864 3
361 428 76219212 6
154 429 53273617 10
284 430 83416205 3
356 431 19176841 1
40 432 81675452 6
387 433 76446787 4
148 434 23561511 9
29 435 72005407 4
13 436 14724443 9
286 437 81478146 5
351 438 36476161 5
128 439 96257521 5
150 440 54347970 9
89 441 3265084 3
394 442 98157879 6
324 443 93791550 9
84 444 29303799 8
189 445 70008939 6
151 446 96844992 8
334 447 99591587 2
397 448 59139370 2
285 449 90263808 3
156 450 28186264 7
285 451 44422066 5
211 452 62598525 9
403 453 31523448 6
149 454 25089998 4
380 455 62697304 9
48 456 96139034 8
373 457 14945716 6
80 458 52285259 4
161 459 14139514 3
341 460 58762784 10
137 461 96183238 7
51 264 364 354 107 241 296 56 353 50 79 39 73 281 159 234 240 431 159 427 288 3 124 54 371 310 455 370 257 131 436 53 449 343 219 2 161 342 55 65 150 121 101 242 430 432 256 174 264 178 181 326 453 335 293 50 319 136 440 297 399 189 119 170 429 430 118 445 42 179 448 203 412 104 430 426 193 343 294 351 385 216 186 117 127 238 67 5 213 94 322 10 170 102 146 125 87 42 203 300 25 150 407 134 187 49 97 292 405 257 271 100 458 180 75 240 313 385 396 267 139 66 214 335 71 240 95 327 85 397 383 70 444 290 261 439 431 401 269 9 137 27 114 424 262 230 131 39 455 268 407 324 119 115 134 405 221 435 268 238 28 160 18 442 437 115 411 84 366 332 456 271 164 345 23 271 263 161 235 363 416 29 331 309 61 293 335 269 242 102 403 80 453 36 284 119 297 460 186 34 2 307 2 161 39 43 265 410 36 214 438 31 333 25 11 272 43 296 52 59 204 143 117 313 382 355 125 200 284 150 444 202 42 444 303 262 219 259 390 454 232 315 436 45 382 37 287 114 390 144 439 92 11 253 418 72 275 91 431 78 150 416 389 207 131 180 405 434 284 337 372 182 291 62 452 208 312 22 280
45 80
23 388
1 2 70215021 4
1 3 48458746 10
3 4 76403035 9
2 5 31250908 2
1 6 99514012 3
5 7 76730869 8
4 8 82831069 10
4 9 39332829 1
5 10 20010531 10
3 11 49290154 8
6 12 44485565 10
2 13 61988661 8
13 14 90484403 6
4 15 54481282 1
9 16 69304863 2
16 17 75994430 7
6 18 5697004 1
5 19 62376350 5
6 20 99248521 5
14 21 96670629 4
14 22 8585131 4
12 23 40406368 2
10 4 8 3 1 6 21 15 11 3 10 9 22 18 13 20 9 3 17 22 13 20 11 9 2 10 3 4 2 10 2 1 19 16 8 21 7 21 8 19 1 13 6 10 9 13 2 9 11 17 21 1 16 9 1 15 20 2 6 15 18 21 6 3 16 23 17 7 14 3 15 5 13 14 16 1 17 13 10 17 14 6 1 12 7 6 4 15 11 8 23 8 10 8 19 17 4 14 11 7 2 13 6 20 9 2 1 21 22 1 6 17 3 15 4 10 3 15 5 21 13 12 22 7 6 12 14 18 4 11 2 12 7 5 23 2 12 15 11 22 13 9 23 2 9 12 18 12 4 9 5 4 5 20 1 18 4 22 3 1 6 3 13 11 12 16 21 11 19 8 22 16 20 2 19 21 8 16 21 5 14 7 10 18 8 5 19 14 8 1 7 12 11 16 3 22 5 3 12 3 2 15 21 1 18 20 16 15 20 13 21 4 15 2 6 21 12 13 11 1 23 5 4 17 19 7 18 6 21 17 2 11 12 16 14 21 2 12 17 22 12 17 5 18 20 19 7 9 6 22 19 16 2 7 10 18 15 14 8 21 17 21 6 9 17 6 4 22 20 22 15 12 15 12 15 20 9 2 21 7 10 4 14 4 23 8 21 1 10 15 5 20 17 3 14 11 2 11 9 16 10 23 3 20 12 17 7 22 17 23 7 6 17 7 3 16 15 16 17 15 22 10 11 14 19 11 16 2 11 20 5 3 12 2 16 2 14 10 9 12 6 19 9 15 14 15 12 6 3 8 15 17 2 9 2 3 20 10 12 18 2 14 15 3 4 1 13 9 1 14 2 9 2 6 5 2 14 2 8 3 16 21 2 15 8 12 22 18
6 20
285 350
1 2 76250373 7
1 3 95095533 4
2 4 45930006 9
2 5 67945521 5
4 6 54545326 1
6 7 78011440 7
3 8 14970385 7
2 9 18701903 8
1 10 19776876 10
1 11 10598640 6
9 12 3358623 4
12 13 13324122 1
12 14 43181980 5
6 15 20141472 7
2 16 53034715 6
13 17 19005794 4
14 18 83981765 2
2 19 9089760 1
8 20 6749069 9
18 21 80240532 10
2 22 45413009 5
10 23 39952080 5
22 24 19589555 3
15 25 83872609 2
12 26 29275498 2
12 27 91841817 10
15 28 28492842 1
17 29 12605125 6
15 30 81969979 3
28 31 85396068 10
20 32 44849645 7
19 33 41747276 3
18 34 67207851 1
11 35 36698642 6
20 36 10397344 3
6 37 39498910 9
15 38 88091927 1
20 39 15396904 8
33 40 93449156 9
34 41 76393385 5
37 42 15097129 2
25 43 30935844 7
9 44 2372518 8
6 45 16228507 7
5 46 61803628 6
15 47 42565490 1
18 48 46489417 2
32 49 38457483 1
10 50 79949727 2
3 51 56791915 4
20 52 33868534 6
20 53 12570011 8
29 54 29032550 8
34 55 9692757 10
14 56 75666467 4
49 57 61995883 9
48 58 165300 5
23 59 80026101 3
25 60 68118332 1
34 61 41987353 1
51 62 24775082 3
8 63 89696568 7
27 64 55964458 4
34 65 99010065 4
23 66 61094510 4
34 67 7979744 6
23 68 24931290 4
42 69 16512602 2
5 70 61272128 5
70 71 77965440 7
3 72 49190029 9
42 73 63027084 3
7 74 39870278 5
68 75 71098853 4
45 76 50295979 7
24 77 21486512 10
16 78 15312643 9
69 79 57453214 4
30 80 46308359 2
6 81 12962949 8
14 82 84602896 8
35 83 22289181 4
30 84 94882898 7
49 85 55544582 6
52 86 41187074 5
25 87 62900139 9
28 88 50296985 2
76 89 35765004 6
80 90 56333000 8
76 91 15806314 8
8 92 13521322 9
71 93 30621448 2
82 94 65435902 2
37 95 86895937 3
58 96 84936665 9
63 97 47521009 4
42 98 27426797 4
38 99 87773153 3
61 100 11354423 8
18 101 40334660 1
2 102 80784866 7
35 103 21162035 4
85 104 74050296 9
45 105 91250615 9
89 106 23155718 1
70 107 59319973 3
65 108 70897850 9
21 109 97668686 9
43 110 86474391 4
36 111 35637264 6
57 112 30830777 9
18 113 87771905 5
94 114 79114105 4
30 115 95922156 8
21 116 19956190 3
82 117 80539210 6
104 118 29092301 6
88 119 61042982 7
113 120 22094414 10
23 121 9483345 10
44 122 82035714 2
111 123 99823762 6
15 124 38775682 1
88 125 75912772 3
76 126 79819474 2
6 127 97694027 6
40 128 35304630 9
40 129 82927060 2
81 130 65835729 5
111 131 51763184 7
71 132 20453257 8
57 133 74962933 3
14 134 53830497 8
70 135 15416405 9
65 136 89742954 6
128 137 25621207 1
33 138 38609527 8
67 139 37717225 2
89 140 34638797 10
60 141 40171722 2
92 142 71358569 3
115 143 57787611 5
52 144 65744521 1
5 145 44837950 9
107 146 17835884 9
64 147 91529199 9
89 148 42477687 10
122 149 91580561 7
13 150 8942292 7
98 151 46723317 5
130 152 99860368 3
100 153 72383124 9
151 154 7815439 3
23 155 6989418 1
22 156 88353549 1
77 157 60407928 1
114 158 82649705 4
12 159 76786006 10
98 160 91807944 3
88 161 97694634 1
133 162 19039523 2
92 163 45754878 10
114 164 53675499 1
42 165 12438398 1
78 166 2177299 10
91 167 83848406 1
133 168 16659699 1
46 169 8602961 7
85 170 99480438 8
165 171 41254182 4
64 172 32901465 4
26 173 11498395 10
139 174 16478758 9
124 175 13208412 4
110 176 31931123 4
153 177 55298411 1
148 178 34818722 1
85 179 12796548 3
20 180 18683465 1
179 181 52422254 8
87 182 59728259 1
32 183 74130362 6
75 184 99941436 2
105 185 4570575 4
164 186 40021071 8
108 187 53927139 1
177 188 21745175 8
112 189 88659663 2
154 190 15273055 6
92 191 6702170 9
35 192 85385038 9
187 193 72588196 2
82 194 45763128 1
101 195 87912546 5
152 196 83073556 7
181 197 97042857 10
100 198 14657305 8
19 199 69520552 8
154 200 66373860 7
69 201 96774073 8
86 202 79211614 6
30 203 22140563 9
38 204 6604364 3
89 205 5985881 2
45 206 85959830 3
140 207 83509085 5
88 208 14730969 8
94 209 57864826 7
49 210 60674018 2
93 211 37443075 1
109 212 39616187 4
65 213 55244012 6
21 214 60162958 9
101 215 44762947 3
145 216 13048040 5
200 217 45588250 9
32 218 62537438 7
169 219 83707294 7
54 220 22846674 9
144 221 65390027 3
173 222 19620177 6
129 223 90800206 8
163 224 43354839 10
56 225 43591182 4
114 226 30388475 3
175 227 15622725 9
213 228 95711329 6
23 229 55071552 7
160 230 40867402 10
58 231 695100 4
117 232 57122134 5
103 233 45796960 3
219 234 35203365 9
15 235 2058499 2
117 236 11835875 10
212 237 7242185 6
184 238 39105742 1
230 239 28740808 4
3 240 41848055 6
30 241 67426113 4
52 242 6955871 4
192 243 86555443 2
174 244 60549995 9
131 245 41329080 5
54 246 67172651 3
235 247 5793829 9
117 248 1897722 6
144 249 53452402 5
181 250 14569153 6
170 251 46605284 1
242 252 3803860 3
21 253 59632926 10
126 254 41425985 8
253 255 81160144 6
115 256 93610361 9
231 257 64862506 1
102 258 66435252 1
222 259 98134520 1
9 260 43202830 3
41 261 63132997 7
24 262 74468277 4
183 263 87681291 5
88 264 16323287 1
77 265 46956446 5
124 266 20066780 4
147 267 28882612 5
148 268 17043433 9
18 269 38944266 6
88 270 4334096 6
199 271 95562059 4
47 272 72519404 1
12 273 2873704 1
59 274 49147599 10
141 275 11283328 2
6 276 54026506 9
91 277 59953279 3
125 278 78483117 4
128 279 98786234 2
248 280 61226188 4
188 281 90181284 10
110 282 81745433 7
233 283 15072962 6
16 284 15430925 1
221 285 39487783 7
271 126 55 92 142 266 117 214 196 168 220 239 33 34 132 87 73 60 118 256 172 255 202 12 167 86 30 24 42 1 202 71 230 139 161 65 53 59 33 139 269 256 153 46 148 282 155 137 224 16 192 205 161 101 63 33 117 45 221 240 37 57 74 120 54 180 272 251 117 233 72 63 250 108 23 58 198 185 58 2 145 80 176 34 126 270 90 157 218 213 85 96 265 196 215 223 114 206 71 98 245 44 232 126 170 1 50 39 16 37 58 177 193 180 19 215 57 3 116 27 240 36 131 43 107 100 98 54 96 203 135 206 151 113 63 76 238 6 236 176 149 126 235 35 6 194 186 30 177 6 25 222 26 84 178 264 190 252 204 106 158 67 93 77 221 130 81 72 281 263 11 147 249 93 203 6 50 47 116 62 267 8 145 96 264 113 65 231 232 190 21 138 43 155 174 54 136 44 211 126 133 219 256 205 166 27 24 269 146 218 249 261 114 43 221 171 207 127 56 232 161 151 267 159 103 227 43 256 189 176 174 56 18 111 271 193 104 105 181 141 125 280 49 154 78 26 199 154 117 284 8 71 248 35 236 88 123 149 133 51 226 161 196 143 66 6 141 80 205 85 7 124 204 267 196 276 203 217 175 86 271 156 222 123 129 169 72 225 240 99 241 165 246 33 257 132 187 181 226 46 195 189 7 23 182 87 227 273 238 188 94 191 220 106 82 92 25 258 149 167 212 252 122 44 174 41 100 280 218 181 156 273 205 171 194 251 174 113 103 91 246 262 234 132 20 251 108 103 250 203
110 43
455 195
1 2 39252734 4
2 3 18651787 3
2 4 8242537 2
2 5 87749955 4
4 6 71797321 4
6 7 50005116 3
1 8 80272003 4
6 9 25035994 3
2 10 98657924 10
9 11 74153511 10
3 12 33855234 5
7 13 13513475 1
3 14 53147807 9
10 15 73024761 4
4 16 59978535 8
3 17 33092838 7
8 18 65372700 6
6 19 58702640 4
5 20 83432153 8
1 21 13234590 3
9 22 42487802 7
20 23 13446889 7
12 24 81081984 3
2 25 13529014 5
17 26 84100755 10
2 27 15789256 4
25 28 73238427 10
8 29 15611667 3
2 30 18022136 3
29 31 10801196 8
11 32 31578475 6
29 33 24108167 6
24 34 17349233 3
11 35 70681760 7
33 36 30438864 4
32 37 53318633 5
6 38 88717152 5
10 39 49964698 1
27 40 90786810 5
27 41 97065919 5
40 42 70460 8
16 43 35763891 6
5 44 11322811 8
16 45 97055123 1
1 46 24094949 6
10 47 73688290 2
14 48 23063672 1
30 49 89319646 9
36 50 22491211 5
25 51 8377708 9
38 52 23551646 4
36 53 34635280 3
4 54 21166007 5
30 55 3755498 10
50 56 45767339 1
29 57 7687958 10
14 58 96988626 1
25 59 124546 2
35 60 83621467 5
29 61 14791613 7
19 62 44222626 4
18 63 54708621 5
11 64 18133645 10
14 65 75431042 4
14 66 34322342 7
62 67 64747559 10
37 68 80624829 10
35 69 52655458 10
60 70 4388204 8
25 71 83878317 5
68 72 821589 5
68 73 73714463 2
29 74 52721018 8
34 75 18241153 8
59 76 39652597 3
1 77 53350072 4
30 78 1107553 6
66 79 32953042 10
58 80 75503116 2
40 81 11506624 9
69 82 74403972 7
13 83 71002948 7
17 84 28217164 6
3 85 13939369 9
49 86 57974820 9
65 87 76445716 5
74 88 76294667 10
41 89 92069424 5
33 90 45427064 1
68 91 54126282 6
1 92 66802894 1
68 93 25668058 8
26 94 18078689 6
55 95 8863959 5
78 96 44693330 7
23 97 85133490 2
78 98 98014213 8
58 99 90793711 6
74 100 77161130 8
59 101 15818262 10
77 102 72840086 7
73 103 60052980 5
85 104 2596642 8
7 105 87114357 6
63 106 54455735 6
9 107 39499558 7
36 108 63142037 9
60 109 45517332 6
84 110 32826372 6
10 111 64416145 4
25 112 37621096 2
72 113 40146611 3
83 114 82236729 9
86 115 1217135 1
50 116 23945636 5
36 117 46666419 3
108 118 94059542 8
31 119 72003755 9
52 120 86532249 3
68 121 87761 3
105 122 98510649 9
107 123 11149375 10
57 124 34030863 6
116 125 17719547 4
70 126 46627140 7
26 127 62512943 1
110 128 15996030 6
12 129 41677222 8
78 130 48272433 4
49 131 73686112 6
58 132 83833864 1
74 133 91231204 5
27 134 55761290 1
38 135 32785147 7
51 136 68591245 4
133 137 6162687 2
51 138 20335427 1
90 139 78123967 8
67 140 42839069 8
84 141 46464277 4
85 142 5145289 9
14 143 16791051 3
29 144 99621519 4
57 145 14007427 1
144 146 86175307 8
117 147 50147912 9
95 148 60377981 5
77 149 48546732 6
96 150 62175589 5
51 151 92405381 5
49 152 86315269 3
15 153 58295113 7
130 154 9797511 9
61 155 96945263 7
37 156 59004095 5
104 157 85505656 9
79 158 53077082 3
69 159 24646450 6
64 160 88254039 8
68 161 30324872 4
20 162 9728592 5
137 163 41779945 5
96 164 86616617 6
67 165 62717374 5
125 166 67124259 7
65 167 89582848 9
51 168 71432399 4
111 169 72078096 1
124 170 12613346 5
1 171 86666843 8
23 172 92471356 1
68 173 90732869 1
68 174 29844738 6
53 175 91868894 5
82 176 89075776 9
31 177 51875341 10
105 178 40112808 2
106 179 1137718 10
143 180 28134799 1
14 181 93025221 7
37 182 19237545 10
26 183 22327369 1
146 184 6897542 9
63 185 15039159 10
126 186 55463696 8
22 187 91843298 1
35 188 48723676 8
83 189 96894943 6
56 190 92434677 9
141 191 20172708 6
7 192 37987991 4
31 193 99515027 10
169 194 38751272 6
144 195 6528533 10
141 196 74604273 10
49 197 93136817 4
107 198 64963610 8
168 199 36730772 1
29 200 51987412 1
45 201 53615048 2
133 202 61168440 1
92 203 24357309 1
23 204 25659966 8
80 205 30628491 6
22 206 39420312 5
205 207 74860558 1
203 208 19906401 6
159 209 58371981 5
197 210 99564654 9
144 211 32334291 2
47 212 53420339 7
38 213 65545540 3
129 214 66959619 3
186 215 80943713 9
147 216 29296963 4
144 217 77755209 3
25 218 27383760 5
197 219 68734206 5
18 220 49906252 1
143 221 21075320 1
55 222 43750639 6
67 223 14727301 2
80 224 90644706 5
223 225 62528591 3
156 226 38682708 2
161 227 62242444 7
74 228 51648621 4
102 229 49197957 5
111 230 47711940 9
223 231 31281747 2
188 232 27367308 5
168 233 76747842 8
131 234 89942410 5
6 235 74367316 10
54 236 7839487 6
40 237 86457120 3
60 238 9877827 3
27 239 31349718 5
16 240 13621439 4
104 241 29738154 5
198 242 97380424 4
89 243 43301575 10
225 244 94849354 4
105 245 75603247 8
41 246 55829848 10
78 247 35061280 4
205 248 7147376 3
127 249 14702591 8
163 250 20663955 1
82 251 16261438 7
213 252 52612932 9
125 253 64207847 2
236 254 11534766 10
4 255 64102743 10
202 256 68158381 10
77 257 31312547 8
194 258 59926411 1
214 259 10962449 7
243 260 63364962 9
5 261 7550351 10
212 262 99256378 10
72 263 46285166 10
244 264 87046328 1
216 265 55704927 8
85 266 2874019 3
214 267 29109573 6
188 268 95683466 9
136 269 37488291 8
163 270 934913 1
2 271 30525497 2
52 272 76014170 2
94 273 69324763 5
78 274 25129212 10
245 275 34818921 10
34 276 70754579 8
150 277 7399282 1
214 278 96177808 9
37 279 91733756 7
49 280 52975067 1
48 281 12814981 2
169 282 74701086 5
280 283 56325539 4
130 284 48397776 5
155 285 97054766 10
141 286 24653075 3
135 287 28643602 1
206 288 12346484 4
118 289 18581395 9
285 290 1319906 2
74 291 74707006 3
23 292 46799002 3
19 293 25358222 4
181 294 25964924 2
229 295 86917422 9
32 296 87684080 10
69 297 80880989 10
25 298 48996908 7
5 299 53855715 2
296 300 85765595 2
143 301 99827434 7
224 302 36165432 1
46 303 50413680 4
196 304 30543105 2
55 305 1570913 6
171 306 8596864 5
195 307 59113815 8
6 308 41132197 4
244 309 77777118 1
154 310 20042355 6
247 311 82883921 3
99 312 69279211 6
97 313 16652733 10
215 314 37593039 6
74 315 32769801 3
59 316 24549315 3
127 317 309979 3
82 318 92940867 2
248 319 35851507 2
93 320 1022587 9
231 321 62742754 8
96 322 42746046 9
317 323 7082349 7
37 324 34746393 9
170 325 82295811 3
96 326 80955324 7
293 327 72904853 10
279 328 70067461 2
314 329 45596996 5
256 330 37246929 4
147 331 41666453 4
158 332 55928534 6
80 333 9373475 7
77 334 56323763 7
328 335 80949460 6
170 336 51661957 3
252 337 14423366 1
222 338 77899677 5
305 339 29452349 2
163 340 34365289 1
213 341 9991000 9
191 342 63599817 8
289 343 65070793 9
12 344 9870597 6
164 345 17126150 4
155 346 8131694 1
28 347 29069568 2
283 348 92471646 5
280 349 18702815 1
79 350 89522970 7
11 351 13980884 6
273 352 90281476 7
286 353 33338096 1
59 354 79819772 2
144 355 8715165 10
179 356 67816074 9
77 357 95423597 4
155 358 41880843 2
224 359 41900328 4
344 360 10715493 8
6 361 57689376 7
358 362 78768672 6
300 363 64355046 9
93 364 51533039 10
89 365 66018748 1
275 366 38483678 5
266 367 13381968 5
218 368 81238329 6
336 369 58394714 1
350 370 64628346 9
360 371 89136664 4
359 372 48980582 3
260 373 80218728 1
9 374 66708335 8
327 375 80228186 3
292 376 57692821 2
101 377 27078323 4
82 378 91014140 9
346 379 10548759 3
240 380 22555444 8
310 381 93773223 5
165 382 17665710 5
78 383 68243450 2
132 384 78403849 1
128 385 46254464 2
269 386 39772690 4
210 387 4816317 2
170 388 89209519 2
320 389 27764515 3
302 390 98487268 10
274 391 58501221 2
237 392 98281781 10
197 393 48694244 5
205 394 23926597 6
297 395 71934295 1
195 396 14062830 7
391 397 86295635 8
147 398 57167497 1
82 399 82797306 7
111 400 3438701 10
168 401 89755810 3
60 402 92692873 9
166 403 77692410 4
397 404 13325837 5
293 405 97370314 5
62 406 29950646 9
393 407 95563182 1
204 408 52710752 10
184 409 62401564 2
409 410 41948471 7
229 411 60382164 3
199 412 71267585 4
397 413 19314399 5
295 414 45575797 10
72 415 62014231 10
237 416 36419194 2
410 417 82454004 3
54 418 64916685 5
122 419 82886999 9
100 420 65081179 2
304 421 38512435 7
208 422 42557748 2
244 423 14713935 1
236 424 77411926 1
398 425 40098989 8
385 426 55362620 5
128 427 90863090 9
39 428 97162632 3
317 429 1081081 5
101 430 35759996 8
365 431 29924710 3
373 432 7129401 8
269 433 16336817 2
141 434 33095645 10
67 435 21750054 6
157 436 49925756 3
204 437 67847366 2
381 438 48876967 10
380 439 31037464 3
219 440 54118516 4
186 441 75120457 2
99 442 49375233 2
105 443 56159362 9
7 444 76228804 4
126 445 74017805 1
423 446 72317564 1
427 447 17830832 4
186 448 62339161 3
294 449 86456590 9
194 450 72037864 4
285 451 64005433 4
314 452 29489683 7
108 453 82738672 5
378 454 27525517 3
420 455 88932841 1
165 34 162 241 72 382 294 244 296 149 186 65 155 299 205 238 370 233 390 130 364 431 266 220 109 284 18 237 54 329 126 282 123 410 274 337 216 299 302 114 38 59 410 36 111 64 379 44 147 338 414 453 455 173 441 231 101 217 248 64 149 120 324 377 40 138 415 428 243 199 185 413 376 197 52 455 233 158 271 380 429 250 453 88 363 53 135 278 218 364 325 345 204 351 188 327 145 63 90 162 387 369 315 45 283 120 392 24 71 445 207 327 257 202 364 358 151 214 439 399 161 407 172 164 234 346 126 364 107 203 439 154 213 309 389 397 129 284 29 283 124 45 39 108 127 216 302 48 385 310 67 13 401 343 257 372 99 277 323 394 70 130 96 10 113 12 296 139 180 48 208 213 252 104 43 260 444 172 439 202 333 139 186 257 68 126 224 438 324 100 365 298 214 420 315
363 300
144 472
1 2 10110898 5
2 3 96156156 5
3 4 60588489 2
2 5 45303515 6
2 6 53674330 1
6 7 78178054 4
2 8 62247199 6
2 9 25505327 2
5 10 32358049 1
6 11 97708452 1
11 12 44127694 7
4 13 13492660 9
8 14 83457897 3
7 15 75202086 5
1 16 12453186 3
13 17 10526024 4
4 18 27316070 2
16 19 92172758 8
14 20 61864860 7
8 21 86062834 8
7 22 94832330 7
3 23 12431586 2
14 24 53468463 8
15 25 90575428 4
20 26 99618032 5
23 27 29845012 8
26 28 38638618 1
6 29 42942977 2
16 30 71234242 3
8 31 45502460 6
18 32 41964017 4
18 33 98448274 4
12 34 39652150 7
17 35 35365209 1
16 36 62883161 1
31 37 31865297 6
5 38 71109911 7
30 39 62303266 1
5 40 9700030 8
8 41 87367527 5
25 42 70088926 5
38 43 94441425 3
23 44 60782252 6
42 45 8831250 7
26 46 85637139 7
37 47 24867964 5
9 48 18822657 1
15 49 12319483 3
40 50 48129210 4
8 51 42542774 5
38 52 36936707 9
2 53 77334636 9
20 54 99153087 9
9 55 87048783 1
47 56 45952265 5
3 57 61882492 10
31 58 8159379 5
34 59 41269081 1
19 60 96916475 7
48 61 537200 4
22 62 66470540 9
42 63 73471669 3
30 64 54698869 4
44 65 3303262 5
23 66 40245198 9
37 67 62124386 9
10 68 67220760 5
1 69 2978651 4
30 70 20509244 7
53 71 27806191 9
67 72 54800292 1
68 73 77506337 6
50 74 56834481 1
59 75 32175061 7
42 76 56645937 5
29 77 81860031 4
11 78 79444429 5
25 79 60858801 2
58 80 27510733 7
4 81 15419671 8
9 82 75981343 8
50 83 32735563 7
27 84 70516952 7
42 85 18908050 5
9 86 10638201 6
43 87 84585649 5
64 88 95987565 8
24 89 72147706 7
35 90 8951315 2
19 91 10954563 3
52 92 6122425 5
3 93 71834041 3
51 94 88041529 9
29 95 49057694 4
18 96 14267299 9
51 97 70706338 7
31 98 12638793 7
76 99 76194127 5
14 100 25640601 10
34 101 47789390 9
39 102 87689982 2
57 103 28066551 3
59 104 47292249 10
33 105 15571725 7
17 106 10442996 4
56 107 81571955 4
98 108 16293680 6
105 109 35246866 9
37 110 90091242 9
100 111 612103 9
12 112 75161155 6
93 113 60912376 8
90 114 53030018 1
36 115 66981931 9
67 116 14269400 4
91 117 5100469 6
61 118 66961362 10
59 119 3792874 9
56 120 74617240 6
83 121 14741574 10
74 122 95351128 2
70 123 36596614 3
101 124 84422251 9
71 125 62475434 6
29 126 85593706 5
52 127 87047701 6
68 128 66295274 8
121 129 20714324 7
5 130 88789769 10
89 131 60500060 2
43 132 86733618 2
89 133 57341269 5
124 134 80685707 3
38 135 84762503 10
74 136 17131924 8
60 137 41078499 10
26 138 66841894 6
16 139 55913761 7
126 140 52259556 5
129 141 59923536 3
84 142 25099187 3
84 143 79499455 10
67 144 8148916 7
54 45 135 83 74 138 11 129 58 11 54 77 52 122 29 27 34 17 6 21 36 29 30 121 4 72 136 48 77 39 109 85 132 139 3 103 28 101 41 114 21 54 79 139 102 85 71 108 55 64 35 133 103 24 43 73 132 117 58 130 107 140 103 27 62 7 131 29 81 107 52 144 17 143 66 23 93 66 48 128 74 94 20 66 43 89 2 129 14 33 118 37 73 17 132 18 77 27 39 5 7 3 129 106 141 53 54 23 91 62 92 107 62 40 106 96 58 26 83 34 139 5 73 144 111 51 31 128 94 26 18 54 17 9 93 17 64 20 125 40 44 51 37 91 64 75 70 36 12 71 87 25 143 50 55 53 85 55 92 55 99 16 133 101 44 12 125 134 8 66 51 119 44 10 29 121 27 66 6 143 112 100 8 122 112 33 79 34 18 124 125 15 9 85 97 85 135 61 54 6 137 113 56 17 60 27 47 45 40 51 125 112 111 58 132 7 77 87 142 105 131 88 60 48 116 112 74 132 97 137 107 65 3 65 126 117 22 101 10 102 100 4 108 48 27 79 124 51 29 108 13 28 53 126 53 24 18 139 58 41 87 67 17 6 117 61 19 18 53 11 40 70 9 96 58 97 114 79 74 5 129 108 14 69 8 34 98 7 107 112 143 136 60 93 34 121 13 71 130 69 105 65 67 21 62 90 71 98 41 130 44 136 59 23 40 124 6 142 125 116 111 117 94 60 46 30 2 53 57 69 21 99 84 31 8 15 64 77 42 13 134 7 99 124 120 124 68 105 88 36 113 73 114 40 29 20 85 32 115 131 87 100 87 43 88 72 52 10 124 19 96 102 25 99 50 107 112 51 98 127 34 71 69 54 116 80 43 36 134 113 64 18 23 2 31 20 133 99 117 61 1 52 29 45 114 143 105 37 57 58 104 95 83 104 115 4 16 7 55 77 48 1 44 49 58 132 73 9 3 86 33 127 74 135 94 38 9 93 94 107 80 124 101 91 94 98 23 30 118 30 29 44 129 71 93 132 106 124 114 104 58 77 115 83 121 94 123 135 114 77 126 65
17 106
298 433
1 2 45207053 9
1 3 3290393 2
2 4 81741788 2
4 5 40230876 4
3 6 72427256 5
6 7 71608084 3
7 8 72121075 3
5 9 72299532 1
7 10 49902632 1
6 11 23577648 5
2 12 2396426 3
9 13 31531468 1
6 14 26556111 8
14 15 17204993 8
4 16 25320711 4
8 17 19980150 5
4 18 72175468 8
11 19 93853989 4
15 20 43994151 5
3 21 41842307 3
21 22 83779782 4
16 23 88449971 9
16 24 68503939 2
22 25 43951595 7
8 26 37524886 8
14 27 89375579 6
16 28 26786319 5
28 29 65483532 8
5 30 37413947 3
7 31 6971218 7
27 32 41081206 1
4 33 16463488 7
25 34 59854719 10
28 35 2672190 6
24 36 63527689 1
36 37 37804189 5
19 38 25335848 1
21 39 65640804 10
32 40 84786599 9
16 41 67581390 2
7 42 13828529 2
42 43 59184784 5
12 44 12338928 3
27 45 30675805 3
10 46 4729794 9
32 47 57219061 2
32 48 34290519 10
10 49 25447529 9
4 50 8544695 3
4 51 20473275 3
7 52 62065302 3
44 53 97898860 3
44 54 50620636 9
42 55 78700983 8
31 56 56487779 7
18 57 27571972 4
2 58 58382741 8
39 59 74175923 7
26 60 54825685 3
3 61 93726584 4
11 62 50334718 9
45 63 37909843 9
46 64 83976184 2
41 65 23898347 6
28 66 22466071 6
66 67 66612163 2
44 68 66425366 3
8 69 77713249 8
55 70 71524077 7
25 71 47815586 8
47 72 86160247 5
43 73 45334403 1
47 74 23048614 10
15 75 97811590 6
30 76 43309491 9
37 77 53156173 9
58 78 99177294 1
6 79 74709804 4
63 80 24258836 5
46 81 95688828 8
41 82 35534325 3
61 83 40925735 8
83 84 23616989 2
5 85 93382041 7
42 86 85067022 7
23 87 41196281 2
73 88 88090049 3
82 89 92877354 10
57 90 29726400 5
45 91 31065016 5
82 92 28945036 10
44 93 26484598 4
23 94 45133050 6
41 95 57448668 10
56 96 16243661 5
58 97 39312238 4
17 98 82853991 1
98 99 41302090 3
53 100 93818953 5
51 101 21035608 10
1 102 65523553 6
74 103 10869805 8
90 104 25870706 2
52 105 46357912 5
13 106 98337388 7
69 107 6529937 7
24 108 71691774 5
95 109 74672639 7
64 110 39668697 4
107 111 97728694 4
31 112 23877528 6
22 113 81897664 1
46 114 39422990 9
7 115 30424177 8
51 116 3804565 1
95 117 10462271 3
85 118 91991500 3
34 119 71212874 2
93 120 13073002 9
14 121 63618860 2
3 122 86963543 1
103 123 97009191 8
22 124 98883848 5
36 125 13011804 6
121 126 29206189 10
8 127 15384714 3
14 128 41934763 6
40 129 70853181 5
128 130 46387880 10
129 131 88316368 7
98 132 49858138 5
124 133 18212006 1
39 134 53477772 1
20 135 68397497 3
3 136 74861219 4
87 137 84288684 8
68 138 30470952 3
58 139 89816945 5
60 140 31505987 6
130 141 98441041 7
43 142 73151596 9
111 143 39211903 8
103 144 30534968 3
67 145 46260685 7
31 146 7235272 8
1 147 66966627 4
76 148 28445595 1
137 149 88581463 1
100 150 63181045 4
140 151 79054062 1
150 152 12500120 4
108 153 78963662 8
15 154 87851231 4
91 155 68252165 8
6 156 78851115 3
57 157 43495580 5
122 158 13315322 5
93 159 63580076 7
113 160 82612588 1
71 161 7932447 5
15 162 52767880 6
97 163 58533543 6
24 164 2147102 9
138 165 22693470 9
11 166 85729014 8
139 167 71702707 6
120 168 9858238 7
22 169 65536829 2
124 170 79870877 9
47 171 25733210 10
3 172 3502925 3
137 173 34778536 9
71 174 21967462 9
99 175 91795865 9
123 176 79271279 6
18 177 11731007 6
5 178 51975259 10
98 179 51605478 7
131 180 57738410 10
129 181 67206781 4
13 182 16739774 6
133 183 12864930 1
11 184 28869422 9
160 185 68749133 4
16 186 88455384 8
140 187 86585894 5
28 188 61165417 2
9 189 44445922 10
89 190 97755270 4
2 191 28480428 1
41 192 41440003 4
74 193 63305611 5
131 194 55244434 2
62 195 48659075 8
53 196 88014929 3
96 197 42428338 6
136 198 33827128 2
52 199 11367752 9
64 200 61601306 6
122 201 84638030 4
171 202 88697771 6
51 203 58097507 9
81 204 46498171 3
54 205 56954990 9
110 206 83543723 4
104 207 41739654 5
31 208 452422 9
175 209 45201392 10
189 210 27001733 2
198 211 48127942 7
185 212 85512092 1
74 213 47964796 7
163 214 56803268 8
80 215 47160896 1
180 216 99612026 10
122 217 5952507 3
75 218 58009541 8
56 219 31103463 9
134 220 55173827 1
141 221 67825373 5
194 222 11419432 10
221 223 4889652 8
83 224 41084659 1
166 225 37397770 9
164 226 92033768 7
4 227 50294311 9
193 228 75462779 10
159 229 65464316 3
217 230 16961334 3
161 231 9308780 3
16 232 88358645 3
147 233 78287392 8
116 234 58665457 8
129 235 37926587 2
157 236 34404970 5
70 237 52486889 5
139 238 56136724 9
223 239 34143231 9
197 240 80422294 5
148 241 56528571 7
217 242 53527599 2
112 243 79704484 4
106 244 16779486 7
51 245 8208002 6
143 246 1488233 10
142 247 55589999 2
58 248 82691149 4
50 249 2762641 1
25 250 9251791 10
79 251 97868022 5
48 252 60422033 3
93 253 92197163 9
236 254 53236717 9
173 255 25479477 6
112 256 37085851 1
16 257 93258575 5
206 258 15629 7
255 259 78468360 6
50 260 97484437 4
117 261 39791316 3
114 262 99995274 5
88 263 4003633 2
160 264 78600602 3
67 265 87538581 4
15 266 25794138 8
57 267 46067273 3
138 268 14507297 6
200 269 45735683 8
167 270 66860307 5
193 271 38541826 1
67 272 1744089 5
25 273 8813470 2
126 274 13571055 2
154 275 54715952 7
86 276 18297911 8
58 277 3177013 5
2 278 77834671 1
13 279 76082371 9
6 280 57981485 5
196 281 74672249 6
79 282 42320954 2
24 283 38679861 10
72 284 32462470 4
55 285 36018754 8
213 286 361136 10
178 287 54463622 9
38 288 8765235 5
135 289 56635021 3
3 290 36785573 8
146 291 79871590 2
164 292 39839443 9
69 293 19109971 2
30 294 48605160 10
166 295 36574780 5
265 296 28705756 8
205 297 12549945 9
3 298 8491053 5
38 121 272 41 210 191 243 104 101 23 55 253 45 84 122 34 141 150 134 9 63 20 8 270 185 238 183 260 291 49 28 264 267 236 61 125 65 129 290 210 5 228 212 77 69 158 145 88 271 109 19 1 162 181 182 277 205 210 107 133 242 55 247 147 54 217 172 12 85 44 86 28 178 168 298 124 204 258 13 41 163 283 190 147 50 71 247 129 195 77 180 139 298 272 75 288 143 10 174 11 265 175 90 107 275 64 33 174 34 228 202 116 196 109 297 207 216 153 282 76 61 53 158 140 236 110 182 147 126 110 83 228 135 223 191 66 275 161 33 267 123 155 141 134 184 254 218 244 76 102 278 143 147 17 119 235 81 161 182 123 241 236 83 242 152 108 270 184 216 183 229 285 281 233 197 44 262 65 295 254 217 19 114 144 70 289 80 265 36 136 100 2 19 216 249 11 129 180 20 280 235 252 253 20 167 13 156 239 163 154 240 185 225 193 225 43 141 134 69 214 250 16 297 37 154 292 123 216 208 287 118 150 138 154 225 8 30 4 42 52 200 64 12 6 264 86 156 213 250 286 192 180 242 103 105 201 235 100 147 174 19 80 117 155 185 11 108 133 253 131 52 6 170 166 212 265 81 72 233 35 269 49 279 252 56 269 245 290 79 130 205 207 176 144 203 115 18 186 66 267 216 23 111 17 72 64 273 144 154 105 60 184 159 27 171 84 9 2 271 136 282 154 201 119 128 271 5 115 167 33 272 22 37 127 185 53 29 189 116 276 55 250 220 239 210 220 62 3 226 187 44 229 22 151 152 246 251 194 77 245 60 202 32 37 204 36 172 93 207 215 35 231 83 45 137 256 212 282 249 134 97 40 171 282 13 149 157 291 237 45 168 41 96 41 118 221 66 167 120 83 248 217 255 276 280 63 194 244 41 64 211 13 179 176 37 72 201 10 146 224 51 147 224 146 236 282 267 109 14 119 269 162 291
139 238
209 90
1 2 20710996 1
1 3 69388143 6
3 4 94061357 10
3 5 62009765 1
4 6 67246387 2
5 7 56652798 6
3 8 99833495 10
3 9 67897067 2
4 10 48419806 5
2 11 1353123 2
4 12 68377825 3
12 13 69514661 2
2 14 98473026 2
2 15 58128465 3
7 16 32075531 4
1 17 78845946 9
8 18 51587934 7
10 19 22555948 9
13 20 74992487 1
10 21 7211362 6
19 22 61056371 1
4 23 79884246 3
14 24 71192564 4
10 25 18605790 1
3 26 35308764 9
20 27 9797453 6
22 28 21146130 3
1 29 91098620 2
22 30 30185186 7
29 31 2992301 8
16 32 12477293 5
9 33 99520468 8
32 34 48565686 3
30 35 51326855 3
16 36 21791546 7
16 37 9345945 5
3 38 17117068 4
11 39 65907412 1
38 40 27373797 9
1 41 60387318 10
33 42 569665 9
39 43 32711317 2
6 44 60751238 3
18 45 3407364 5
35 46 73228508 5
6 47 98985790 3
40 48 97949294 5
48 49 75535176 2
47 50 54096071 3
13 51 62983286 3
31 52 20983543 10
5 53 14696276 8
39 54 50054630 9
10 55 52391948 6
17 56 36315488 4
12 57 94818631 10
35 58 26582797 7
47 59 65538160 6
39 60 86254210 2
5 61 485308 9
33 62 96957097 4
4 63 57003886 5
52 64 89656570 1
11 65 27105850 8
25 66 78939818 1
12 67 55940624 7
58 68 76945479 2
4 69 25871006 5
43 70 51433007 10
30 71 70873018 9
71 72 44559369 2
18 73 41993156 8
71 74 10808297 2
3 75 98766435 1
27 76 59561478 7
45 77 68883488 6
18 78 80499935 8
68 79 38609033 7
53 80 57340902 6
44 81 62618303 10
25 82 93882409 5
24 83 60844055 1
12 84 80730332 10
61 85 78898989 4
77 86 17455257 3
23 87 35220929 6
66 88 60709805 4
25 89 30538787 2
83 90 70471676 5
35 91 38995960 3
82 92 79121183 5
38 93 6147254 1
69 94 66627635 4
40 95 23329097 1
71 96 24457113 7
43 97 31692794 8
55 98 56956836 2
46 99 39803437 1
96 100 78266200 7
83 101 24744948 8
27 102 89505644 7
5 103 3107006 6
34 104 37472258 4
3 105 3868727 1
10 106 40352470 9
75 107 96901604 1
46 108 46712498 10
79 109 33110301 10
99 110 69129063 10
49 111 75696928 1
74 112 996732 5
35 113 33158408 7
103 114 45529032 5
104 115 64651735 10
47 116 54192030 1
24 117 31593528 6
54 118 27691679 10
8 119 7767251 7
114 120 4728850 3
36 121 73241155 3
93 122 44232506 2
62 123 65798508 3
99 124 81560075 1
96 125 533856 9
108 126 13790850 7
1 127 91717117 9
91 128 83440314 1
118 129 4245610 7
87 130 91116626 2
57 131 13981395 8
29 132 23009025 5
38 133 1841791 8
122 134 13575391 4
3 135 22650537 5
52 136 77174369 3
101 137 87463888 6
31 138 48459855 7
91 139 21269072 4
48 140 58008861 10
53 141 27487820 5
126 142 69448940 6
105 143 85036711 4
136 144 18178874 7
30 145 30134727 3
5 146 26296331 10
77 147 40159719 5
8 148 67128578 2
90 149 3779720 3
44 150 84289176 1
139 151 90959102 10
140 152 86074662 9
98 153 87706041 5
69 154 12679050 9
92 155 46710810 7
104 156 19625912 9
152 157 13160572 10
10 158 42922557 8
34 159 9923704 7
132 160 2470453 7
157 161 4813284 1
31 162 44272934 9
143 163 38410204 1
84 164 60419546 6
158 165 40909714 3
123 166 42587870 4
148 167 28813268 6
55 168 60422646 9
51 169 51358827 6
67 170 86842870 8
27 171 42906816 9
153 172 38813038 10
153 173 61587420 6
119 174 29173617 9
38 175 27500753 6
165 176 28042626 3
130 177 76350389 5
118 178 47921570 1
123 179 24748372 4
140 180 68110050 5
52 181 43005326 5
73 182 37685173 5
15 183 53631727 5
16 184 27719107 2
133 185 92893696 2
101 186 49587325 4
13 187 22983122 4
19 188 79219197 8
55 189 90819125 5
23 190 83299239 10
162 191 63615809 9
150 192 87257623 7
121 193 34693712 1
158 194 21761074 8
170 195 61371175 5
98 196 81344748 10
73 197 79082606 10
168 198 74117568 1
120 199 67499 7
24 200 61075474 9
166 201 49879940 8
79 202 3402008 8
10 203 89673752 6
90 204 27572746 6
45 205 86180356 1
156 206 12234414 7
151 207 64337209 4
120 208 75942139 3
186 209 93111071 9
122 207 3 121 145 70 23 110 17 174 34 69 188 33 45 169 172 2 11 25 207 9 193 112 128 109 17 179 206 142 24 140 93 98 148 25 188 71 46 202 86 61 116 111 118 85 51 26 8 14 1 108 72 156 192 122 101 98 170 127 112 107 208 122 12 115 122 6 105 31 145 106 130 149 102 44 133 123 204 67 95 203 169 197 122 121 21 109 189 146
73 197
213 424
1 2 48811303 5
2 3 84351370 7
3 4 63215051 4
1 5 82049244 6
3 6 30991660 9
6 7 2060175 2
2 8 56144441 4
8 9 56015359 4
9 10 56070673 6
4 11 53154995 10
10 12 85237452 1
3 13 5508526 4
7 14 33167408 6
5 15 56032543 7
6 16 74159213 9
15 17 20130634 4
15 18 38340579 8
17 19 96158382 1
11 20 16091657 6
3 21 74547501 6
1 22 93099335 5
21 23 80770121 5
23 24 88877257 3
10 25 55037202 1
16 26 37453240 7
10 27 86499298 1
7 28 12088741 7
5 29 19978877 1
15 30 18622419 1
15 31 3195083 5
9 32 66682569 7
30 33 61055228 4
19 34 52699904 6
20 35 47681374 9
3 36 19853462 8
20 37 7816340 10
5 38 6020370 3
32 39 81855726 1
12 40 21803058 7
3 41 59779628 4
38 42 1024140 2
25 43 20616497 7
10 44 380810 9
32 45 92489394 8
13 46 90407525 1
24 47 88429196 5
4 48 51088874 7
36 49 53679301 10
26 50 56510770 1
29 51 9584487 2
50 52 84504175 6
22 53 87704846 6
4 54 39534442 1
9 55 79930215 7
24 56 89252007 4
20 57 81807303 5
14 58 69513147 4
27 59 55625744 1
53 60 58651276 2
40 61 59778384 5
50 62 84029705 7
56 63 62634754 7
59 64 47690798 5
38 65 98897411 8
61 66 79957234 3
60 67 48377477 9
34 68 48159636 2
61 69 97769002 5
64 70 9479808 7
50 71 82489521 1
46 72 63528359 8
30 73 12659173 7
66 74 97256992 10
41 75 34760904 5
63 76 95058217 1
64 77 97862402 5
56 78 3236479 7
55 79 502318 6
77 80 1808339 7
14 81 24200019 6
26 82 4682698 9
13 83 55479104 9
25 84 6790677 8
9 85 81175960 4
72 86 55139629 6
59 87 44544660 8
29 88 75928010 5
74 89 95805727 2
39 90 65902153 8
60 91 47944208 8
37 92 12306262 10
66 93 6365788 4
89 94 83087033 9
56 95 89623786 1
67 96 94888030 8
94 97 12239169 8
41 98 71741324 1
29 99 96520508 7
38 100 84317157 9
84 101 50876805 5
24 102 18151322 8
21 103 66891462 6
11 104 78519145 6
46 105 4885229 9
34 106 8355076 6
91 107 19151318 5
68 108 19334386 1
46 109 89999375 4
7 110 17878917 1
13 111 39407681 3
78 112 40508124 7
7 113 93343172 7
76 114 32674809 3
33 115 49279628 1
101 116 65727272 9
64 117 44144914 1
18 118 95633565 5
7 119 12589751 4
13 120 27931808 8
69 121 70156116 3
37 122 67412506 6
20 123 82633922 1
90 124 24946106 1
7 125 88550987 10
86 126 77270766 6
20 127 70852022 8
52 128 48171836 2
84 129 56863431 1
41 130 63946554 5
38 131 80080764 4
39 132 5217805 1
43 133 3013099 10
3 134 58101490 3
13 135 35994951 7
39 136 4498204 6
76 137 73723799 1
57 138 52933649 9
127 139 14931364 10
55 140 74290827 4
76 141 43431258 9
47 142 15899200 8
28 143 80093454 6
27 144 90545443 4
138 145 62840920 2
1 146 2009739 7
130 147 24790724 10
121 148 68851529 2
87 149 56971058 5
102 150 64859903 9
4 151 98732257 6
5 152 3543914 3
13 153 47164671 6
41 154 11205111 7
42 155 10452193 1
78 156 46138713 7
94 157 47404700 2
45 158 73902865 1
32 159 94776612 5
3 160 8139707 2
122 161 41816149 7
123 162 35939430 8
128 163 32525915 9
34 164 41798684 1
142 165 76114664 4
113 166 19211712 5
130 167 11526640 1
48 168 70258648 7
120 169 32733740 10
103 170 1383502 2
55 171 61525031 9
117 172 61912405 10
86 173 34343128 5
27 174 95094846 4
146 175 54368815 10
129 176 88134535 1
136 177 78843616 2
144 178 53484454 6
73 179 24706931 4
166 180 65634709 5
147 181 65751566 5
67 182 76940600 2
28 183 90081472 5
152 184 48742513 7
30 185 41823617 9
113 186 56252543 9
27 187 67961193 3
88 188 60628618 9
68 189 16742909 3
137 190 84759156 6
135 191 44711849 8
109 192 52293590 1
118 193 11831253 7
186 194 48983455 2
175 195 40980413 2
8 196 51317287 8
63 197 87539309 6
110 198 35288338 1
140 199 21537382 4
54 200 17856867 4
125 201 22417503 1
123 202 14953254 7
76 203 67252262 6
19 204 86047061 3
31 205 25010609 10
203 206 69475900 7
117 207 51310444 2
17 208 847288 10
196 209 79534131 5
11 210 8325026 10
121 211 97582714 9
12 212 47242763 1
32 213 76981048 4
49 6 13 43 162 41 152 196 52 95 130 121 101 15 195 209 29 112 133 82 195 77 117 90 155 18 55 80 209 193 163 121 122 148 79 19 165 28 110 37 173 133 78 211 129 164 122 100 104 45 187 42 83 16 151 54 60 165 174 46 139 106 139 144 104 61 101 135 77 43 47 130 35 144 145 96 154 16 141 15 48 84 125 194 127 129 105 195 102 100 131 34 172 27 78 94 106 115 177 75 122 203 151 113 184 182 147 98 20 69 78 184 170 200 172 134 35 92 184 189 124 213 86 43 133 212 128 169 96 86 77 57 113 211 209 95 90 45 188 196 1 158 8 172 3 133 196 143 144 11 105 127 96 129 205 59 47 31 57 97 124 128 117 142 20 107 52 177 201 179 159 152 76 155 197 148 97 133 57 12 34 52 49 129 41 15 197 38 114 170 167 139 60 74 118 30 135 20 188 72 134 68 55 118 72 20 201 133 137 180 206 119 193 20 145 56 4 197 55 13 117 107 130 78 159 62 189 93 61 195 89 102 126 208 197 89 125 207 144 98 94 30 162 15 68 110 141 15 175 106 128 31 70 80 142 43 48 163 168 128 213 149 188 184 23 205 14 140 183 68 55 182 70 116 190 111 200 113 65 123 37 73 118 177 189 1 180 107 178 78 63 201 137 135 130 158 87 74 70 152 27 112 48 194 108 60 163 184 13 171 60 99 95 100 86 48 30 161 97 56 89 171 86 154 30 169 62 24 142 71 133 37 164 140 90 162 79 165 115 35 194 41 122 179 147 143 205 190 106 97 96 41 63 26 165 160 174 121 99 91 89 105 56 35 12 122 124 208 145 106 83 55 97 200 73 188 21 106 163 120 138 188 45 191 177 31 163 123 96 192 27 112 22 68 119 183 26 203 159 141 138 99 90 48 142 141 123 32 163 96 157 130 189 25 9 178 52 116 55 183 70 22 38 31
4 48
80 338
1 2 99913535 5
1 3 64776323 8
2 4 2743688 4
3 5 60564716 3
1 6 37499062 10
2 7 23757773 8
4 8 51046753 9
1 9 20912311 10
3 10 29256160 9
10 11 22304201 10
10 12 62344310 4
1 13 76735589 8
6 14 70108308 10
4 15 14872237 7
9 16 45760675 8
1 17 94657908 8
1 18 97687550 2
16 19 64268376 8
4 20 809830 5
3 21 78363623 8
11 22 80511623 9
9 23 74507530 5
10 24 34680857 10
22 25 26222164 7
22 26 33116459 8
9 27 94524790 5
3 28 12440790 1
21 29 10658313 8
4 30 94907878 3
4 31 7812361 9
22 32 99469222 5
13 33 73332007 10
4 34 73027502 8
8 35 42522292 3
15 36 62016051 4
7 37 30669353 6
28 38 50707488 3
17 39 91547324 3
34 40 81729545 5
6 41 48202818 3
3 42 46878488 6
39 43 24605612 7
25 44 22309600 6
17 45 48080132 2
34 46 1137257 5
20 47 18637279 3
40 48 45611759 7
15 49 66709080 8
9 50 36403634 6
29 51 99001286 9
27 52 86026463 9
25 53 59415088 6
44 54 73434885 3
50 55 11313160 5
25 56 19995131 8
30 57 8613281 10
36 58 57260915 1
47 59 1818905 6
23 60 68366815 10
40 61 53783114 2
37 62 300970 1
48 63 13769694 4
20 64 80592362 9
56 65 75676160 1
14 66 6531663 10
22 67 385871 7
63 68 16470382 1
67 69 29685546 7
64 70 76674772 7
22 71 98272479 1
30 72 86586122 6
59 73 77140099 3
10 74 19139449 7
68 75 46563731 5
43 76 24179653 6
2 77 5431180 8
71 78 3997427 6
17 79 82976403 4
58 80 23357501 5
38 59 18 40 43 62 26 46 73 8 64 6 63 68 9 46 8 54 58 51 69 59 63 61 45 31 14 19 68 48 11 29 42 23 79 43 4 60 68 38 67 48 40 25 79 41 63 79 9 40 54 70 27 16 36 1 34 22 45 67 55 51 56 28 52 62 42 57 3 5 46 75 47 57 9 15 62 44 59 80 9 63 8 58 6 72 52 69 52 40 32 66 47 46 28 27 7 28 18 27 31 63 32 51 4 1 73 63 68 27 2 42 23 69 8 23 25 10 27 20 62 36 24 74 17 36 53 27 77 22 79 28 41 19 22 69 48 31 57 42 79 2 72 43 70 50 31 46 28 10 48 30 56 74 69 15 79 5 52 22 46 30 59 75 65 2 6 15 47 25 37 71 64 80 27 21 38 61 47 36 23 14 57 38 18 34 11 80 32 14 21 25 9 61 48 3 43 55 78 36 14 53 52 40 7 54 20 57 48 1 52 73 65 55 66 65 1 20 27 47 72 68 24 62 73 4 38 16 44 36 7 54 59 48 79 59 8 22 4 67 30 27 44 17 73 22 28 52 22 67 6 68 2 43 36 47 59 43 31 74 59 13 19 75 26 65 33 60 64 29 79 67 27 65 27 4 78 45 56 50 41 37 31 48 11 37 76 1 48 39 28 38 31 6 57 40 1 71 62 79 39 71 43 44 80 18 14 32 74 5 34 11 75 55 43 45 80 31 34 40 79 52 44 23 43 50 71 51 30 27 58 45 55 49 41 12 61 16
5 3
