300
840 2 266 33
384 324 625 176 528 706 343 303 184 361 544 16 417 15 799 198 510 18 28 205 447 54 302 727 641 767 689 688 513 543 432 246 595 504 567 55 288 81 788 449 605 604 406 249 646 474 216 665 732 189 713 610 472 259 274 160 630 627 637 468 134 815 594 435 131 473 171 670 574 638 132 204 50 662 367 455 329 256 73 484 271 694 245 210 501 313 747 116 537 554 796 136 314 283 786 44 257 30 232 228 818 93 576 277 258 471 481 578 829 425 185 622 300 326 345 763 451 816 716 629 292 337 439 51 821 316 202 359 526 289 463 436 325 100 107 606 496 376 22 739 465 827 456 222 339 781 464 730 536 287 106 89 487 253 230 92 620 94 143 826 10 787 639 2 221 346 452 560 301 760 418 515 718 168 590 608 745 250 475 667 790 180 164 308 138 558 677 237 817 754 342 541 499 701 602 265 374 162 633 163 354 674 514 628 643 341 442 704 349 548 404 750 186 397 624 495 712 490 648 615 533 123 535 676 596 231 395 757 538 582 726 38 335 82 284 753 110 603 290 369 509 824 192 167 115 377 586 494 32 66 35 322 612 421 564 278 295 392 296 566 450 7 839 686 365 405
897 2 206 96
676 33 57 538 424 498 760 231 75 756 92 722 624 77 91 101 857 114 747 135 137 875 600 648 210 858 226 86 164 173 396 197 201 326 678 115 616 537 561 170 328 544 275 354 216 225 685 235 249 258 346 274 315 244 319 140 320 330 458 333 337 444 345 420 109 351 871 363 797 359 730 303 545 471 887 390 494 397 377 403 321 342 554 719 43 404 415 604 890 19 407 180 414 427 802 305 664 446 439 586 440 389 443 448 469 151 486 490 238 339 506 507 517 654 518 691 886 528 546 550 551 1 606 400 189 556 121 562 707 127 442 565 567 273 580 419 457 581 609 612 627 738 650 638 865 239 644 394 111 649 655 658 662 682 686 711 387 445 712 714 465 715 718 541 731 568 28 761 773 774 820 283 483 69 777 779 789 623 687 3 429 790 866 520 73 792 208 668 804 843 811 813 823 122 250 547 829 837 844 849 856 675 868 885 334 892
619 2 580 478
2 404 3 4 5 26 6 7 8 48 9 10 12 13 14 15 16 18 20 21 22 426 24 611 25 28 326 29 31 32 34 35 37 38 41 42 43 45 46 47 510 49 50 52 263 54 55 56 477 57 58 59 62 63 65 67 68 256 69 70 71 72 73 74 375 75 290 76 468 299 276 77 78 79 81 315 82 64 83 84 85 88 61 89 528 91 92 93 97 98 99 100 360 101 103 105 106 107 336 108 497 110 111 220 36 112 113 114 115 116 117 118 119 121 122 123 124 125 126 127 129 131 132 180 133 134 135 137 138 139 140 141 142 458 143 144 146 612 147 172 148 149 150 151 152 153 154 155 157 160 161 162 163 164 165 166 379 167 168 169 170 171 173 460 174 175 176 80 177 607 179 182 183 184 104 185 186 187 188 189 190 546 191 192 193 194 195 196 197 198 199 425 200 201 39 202 203 400 204 206 208 225 209 211 213 214 215 467 216 217 218 221 222 224 227 228 229 508 230 231 1 565 232 233 234 235 236 237 178 578 238 239 240 241 243 509 244 245 246 247 248 219 249 250 252 254 255 257 259 260 261 262 265 266 267 268 269 270 271 272 273 274 427 275 96 278 279 301 280 281 282 283 284 286 288 289 291 292 293 294 295 296 495 297 298 300 303 304 305 102 307 308 309 277 572 310 311 312 314 285 316 317 318 319 320 321 322 323 324 325 366 327 328 329 331 332 333 334 90 335 337 338 340 341 19 342 343 536 344 345 347 339 348 349 226 350 351 223 353 354 355 356 357 358 359 361 369 362 363 287 364 159 365 367 368 370 371 376 377 378 380 381 258 382 383 385 440 472 386 387 390 391 392 393 60 395 397 398 136 399 401 402 403 405 406 17 407 408 409 410 388 411 412 413 264 414 416 417 306 419 415 421 422 423 424 429 430 580 482 431 432 433 434 130 435 436 437 438 439 441 533 442 443 444 445 446 447 330 23 448 449 51 451 549 573 453 454 455 457 459 522 461 463 464 465 466 469 470 471 473 476 478 205 479 512 480 481 594 483 484 485 210 486 487 488 489 490 491 475 492 494 496 498 499 500 501 502 503 504 506 507 513 592 515 516 517 518 519 520 523 524 525 526 527 529 530 253 372 531 532 534 145 535 537 538 539 540 541 543 521 373 544 545 547 352 548 550 551 552 553 554 555 556 396 242 557 558 559 505 560 561 562 563 599 564 566 568 569 570 571 574 575 576 577 579 581 582 583 584 585 586 587 588 589 590 591 593 596 597 94 598 600 601 602 603 604 605 606 608 609 610 613 614 615 616 617 618 40 619 418
123 2 16 11
92 31 23 38 75 14 70 34 109 40 37 9 44 48 87 112
6 2 2 5
1 3
252 2 24 19
10 15 18 35 144 67 96 98 235 146 130 126 127 138 153 162 134 183 190 201 205 207 229 105
997 2 552 284
55 470 183 144 1 17 341 26 30 37 40 722 41 23 44 909 908 45 615 50 398 350 51 54 712 56 58 766 59 533 60 946 65 78 529 79 80 803 81 82 405 84 284 929 88 90 92 31 735 96 99 109 114 116 315 119 120 380 122 463 807 938 233 468 431 229 166 124 566 479 808 128 889 131 133 852 153 977 240 887 139 252 141 142 475 132 93 143 148 969 818 28 149 306 151 693 234 152 64 541 155 156 157 607 710 163 165 191 171 174 175 115 178 179 427 764 799 187 580 188 698 196 198 918 199 968 493 204 963 208 210 325 976 705 212 353 213 215 218 226 230 936 305 378 571 15 232 238 574 953 248 250 253 256 200 138 257 150 262 264 16 265 263 892 267 147 775 211 269 176 270 273 276 855 802 303 75 280 357 758 281 287 288 125 249 447 289 786 604 89 301 304 307 113 312 422 864 201 863 952 319 809 454 586 326 572 327 329 343 344 882 346 347 351 359 361 363 364 692 365 366 368 388 390 749 392 397 356 540 404 237 819 409 91 38 412 592 678 274 241 416 417 894 419 362 300 428 207 429 334 189 430 487 435 145 437 438 439 957 445 792 446 590 244 448 450 451 460 469 471 473 74 222 476 731 480 662 482 320 255 466 483 485 486 488 634 491 496 36 490 501 506 901 932 507 805 414 511 512 911 515 518 854 871 527 534 536 542 551 559 665 561 432 358 567 877 579 581 107 596 744 598 602 605 441 606 104 67 870 302 900 610 612 520 537 614 617 458 620 975 73 622 401 623 625 455 632 216 239 639 644 645 780 646 647 995 728 657 659 660 434 701 202 951 374 663 664 666 833 154 185 667 377 576 235 733 677 70 683 656 27 687 689 19 763 382 993 691 694 942 695 706 707 578 708 709 711 86 539 555 713 715 545 716 718 721 725 296 502 734 516 459 684 737 738 742 743 643 424 750 217 782 751 752 688 618 814 594 205 221 759 335 755 757 761 528 762 771 384 773 192 774 52 784 787 797 801 806 29 810 308 817 671 820 601 821 824 897 827 828 831 85 834 324 837 838 876 841 385 510 842 843 543 845 853 553 532 291 858 865 866 867 181 20 478 597 874 878 886 34 890 77 891 893 311 895 503 903 904 523 910 376 640 395 258 690 916 917 3 920 925 926 928 717 933 840 939 941 943 944 949 379 46 950 954 600 958 965 923 340 960 961 271 408 937 962 964 756 971 440 974 849 983 985 992 636 996 997 167 850 588 286
455 2 390 53
210 35 159 286 14 55 204 132 298 191 148 455 337 418 88 3 274 402 410 356 172 8 128 291 241 84 321 246 18 22 393 253 111 227 332 151 178 448 177 277 372 340 87 43 33 213 179 230 392 23 26 292 224 108 6 31 29 296 146 135 40 383 351 279 182 13 180 344 106 27 28 378 45 109 394 102 288 312 236 105 48 56 222 357 431 268 120 381 44 438 400 110 60 398 249 69 197 242 432 436 335 129 441 440 434 450 439 123 314 280 92 112 403 71 93 16 12 163 166 352 74 211 64 382 175 330 51 145 237 103 114 422 397 118 389 336 167 113 261 420 404 208 328 430 362 77 117 255 243 96 72 320 308 380 361 200 373 358 399 144 143 445 153 7 141 377 185 234 319 130 205 70 79 47 62 36 183 216 219 228 266 342 425 2 171 316 238 30 247 196 259 333 282 9 272 349 405 339 386 374 273 385 446 350 307 149 376 225 427 25 162 293 152 136 188 232 347 65 137 417 192 199 257 451 89 269 297 186 346 81 195 379 250 52 327 453 409 278 276 38 248 115 168 127 317 34 233 37 165 201 221 59 353 150 401 140 281 285 395 426 442 19 176 121 90 294 21 360 164 433 299 311 212 325 345 53 147 194 295 49 20 5 354 454 76 270 313 80 187 284 309 302 254 32 46 444 198 290 305 303 318 229 341 447 214 155 83 134 107 334 190 17 258 160 449 15 343 306 331 338 104 348 363 407 396 181 174 300 364 256 57 82 220 365 412 387 244 66 264 61 367 50 124 206 408 414 359 1 416 289 203 304 169 423 215 156 369 384 125 366 315 138 435 24 223 231 326 158 424 429 10 301 131 41 263 97 122 63 157 119 67 58 428 170 94 271 98 173 252 324
962 2 444 73
950 15 495 436 16 440 33 262 624 263 87 791 780 10 60 920 469 35 914 852 796 45 677 947 831 178 687 563 809 363 180 725 371 820 112 258 369 334 543 50 176 62 213 190 789 411 658 61 205 232 246 467 740 122 32 71 915 935 506 384 835 243 244 523 619 172 426 526 759 65 720 76 878 615 723 449 100 127 22 96 113 364 141 158 457 911 613 30 788 508 149 160 154 187 115 710 201 943 218 355 442 295 692 489 89 703 838 659 296 533 512 105 225 195 235 578 64 913 598 843 52 433 228 211 7 382 236 199 278 49 682 509 576 351 279 280 293 77 623 42 98 958 456 250 785 284 36 292 714 666 650 391 504 415 701 554 736 830 245 397 850 864 357 909 290 811 755 352 568 312 317 680 668 564 319 28 860 322 910 810 918 346 707 722 356 315 25 599 359 400 308 337 147 276 376 784 247 406 953 118 425 321 821 745 844 812 445 381 566 277 318 230 655 124 136 660 97 698 486 490 499 545 459 466 956 555 662 834 571 189 954 872 268 803 451 26 827 550 131 302 614 639 681 790 906 264 271 432 653 434 44 704 728 197 167 345 23 404 601 519 365 672 287 664 324 534 645 695 438 223 621 294 605 525 488 556 620 537 957 715 735 616 47 631 770 386 301 55 289 354 157 552 551 630 738 304 665 464 741 742 350 798 768 772 164 513 518 424 121 450 724 933 6 374 570 496 694 67 641 108 946 227 191 828 477 207 430 608 607 787 856 162 756 684 274 927 763 855 795 68 944 892 311 823 452 110 669 758 194 368 575 358 219 38 797 592 633 893 19 266 186 757 336 848 524 389 342 793 814 335 379 729 822 678 272 921 501 377 766 224 731 837 412 193 9 636 399 478 57 769 226 863 330 873 383 922 644 690 102 270 259 416 870 679 13 101 502 536 734 138 338 952 472 847 361 643 667 875 925 877 257 329 839 313 373 900 903 916 79 387 899 919 455 746 414 182 265 959 661 491 341 750 781 611
733 2 334 87
20 488 69 188 255 45 53 124 441 530 417 479 634 376 461 206 688 64 236 253 306 70 166 77 727 87 161 446 99 68 389 67 675 660 27 243 232 665 291 89 319 630 104 18 704 157 129 411 656 245 367 207 5 55 86 133 322 673 602 141 152 590 616 428 74 476 153 698 134 1 154 637 607 150 209 156 108 159 182 191 393 198 100 158 663 57 377 199 510 483 573 107 205 596 218 424 230 239 240 6 394 242 431 46 396 578 238 54 492 248 354 679 635 382 613 560 703 370 524 114 91 281 710 302 307 303 314 155 106 502 37 287 658 529 495 146 257 280 308 283 137 177 672 317 352 587 323 627 324 325 196 326 331 721 293 336 338 655 228 371 296 614 379 369 385 391 468 397 719 213 112 404 289 413 169 176 415 390 608 98 418 101 275 126 420 12 432 440 285 470 434 72 499 130 167 678 447 181 731 567 357 649 686 125 19 142 312 436 225 452 268 489 494 490 346 406 464 445 474 500 92 577 372 532 127 375 544 350 506 636 96 511 498 638 229 143 574 448 515 527 471 270 652 265 535 526 563 466 361 601 260 251 683 545 553 604 543 250 360 402 290 641 120 513 29 554 556 271 433 575 59 580 102 460 422 234 597 165 469 170 615 629 645 724 292 298 631 345 90 195 621 632 639 646 88 487 651 669 657 670 427 677 443 215 525 720 600 618 682 24 252 689 691 701 501 712 557 388 4 197 403 570 723 115 725 337 455 593 231 435 266 274 699 79
762 2 46 58
11 46 64 74 619 78 252 148 736 171 199 203 205 207 219 224 240 261 263 274 275 339 372 387 436 442 463 518 538 733 554 558 587 590 707 594 601 611 638 645 652 662 673 682 737 744
125 2 42 30
4 121 6 31 89 8 10 13 81 28 30 91 74 53 100 106 111 33 37 38 39 55 116 61 82 63 65 75 98 76 77 78 94 96 97 112 7 101 107 113 123 124
922 2 200 38
25 712 518 507 124 47 496 783 190 101 102 73 871 89 702 577 111 222 876 429 157 66 160 211 662 814 35 99 665 95 219 622 27 621 663 717 866 573 229 600 17 824 45 815 241 789 321 494 136 92 85 171 501 257 617 290 434 435 780 594 141 910 482 322 659 58 345 96 466 538 358 418 652 860 546 113 809 258 821 133 154 543 595 443 724 450 625 457 838 423 506 78 741 281 856 490 531 869 71 291 105 728 819 55 38 553 864 349 304 893 327 223 887 903 570 106 242 678 650 458 831 310 275 183 680 836 407 29 176 288 315 756 484 544 671 374 672 855 675 879 619 598 719 474 576 480 319 599 218 300 802 686 687 877 674 40 722 833 765 758 305 851 481 623 641 273 799 813 167 660 892 769 15 264 637 48 751 585 768 61 216 440 33 28 761 207 134 885 575 804 147 800 277 805 827 550 415 385 820 137
739 2 104 105
1 18 43 44 46 48 56 67 75 97 104 111 112 114 120 126 147 149 152 153 156 168 169 171 175 187 193 194 207 208 216 223 224 239 243 244 255 268 271 290 292 341 347 353 363 365 367 371 387 389 396 400 401 403 407 417 420 425 431 439 440 445 460 461 466 469 499 500 502 505 513 526 533 538 552 569 577 578 583 608 609 621 623 625 638 642 648 649 650 657 659 660 662 664 674 676 678 679 689 690 691 693 698 708
228 2 10 8
58 42 100 21 180 221 152 56 110 192
382 2 18 15
248 133 134 202 203 208 341 144 241 250 359 267 261 273 284 233 294 28
905 2 434 399
1 3 4 18 5 12 13 15 17 19 24 28 30 34 35 36 38 45 50 52 580 53 54 73 74 79 80 83 87 89 92 95 97 100 102 103 107 110 111 114 117 118 119 120 124 125 126 129 131 132 135 136 678 139 140 144 145 151 153 155 157 161 162 152 167 171 176 177 179 180 187 188 189 191 195 196 200 201 202 203 207 208 297 210 212 215 216 69 220 221 222 225 226 228 229 232 233 238 241 242 245 246 248 250 464 251 683 254 255 256 261 262 267 270 271 272 274 275 277 281 282 284 286 704 292 293 294 299 308 311 313 315 316 317 320 327 329 330 331 334 336 337 346 347 349 352 453 355 356 358 360 361 721 362 366 904 367 368 372 373 374 378 380 382 385 485 392 393 394 396 399 401 405 407 408 411 412 712 413 422 423 426 427 429 431 434 435 436 437 438 443 444 447 448 450 451 452 454 458 459 463 466 467 469 91 471 472 473 811 476 478 483 488 489 492 494 495 497 498 502 503 505 506 508 897 509 510 512 515 516 520 521 522 526 528 529 532 535 537 541 543 545 547 548 549 550 551 552 553 556 557 558 560 561 566 568 569 571 572 573 577 581 586 588 590 593 594 598 599 602 606 608 611 613 614 534 616 617 618 619 621 624 627 629 631 633 634 635 637 638 639 609 640 643 644 645 2 854 646 647 648 650 651 652 655 656 661 386 664 665 666 668 669 671 767 673 677 679 681 684 686 688 690 610 691 692 693 696 759 881 698 700 601 701 702 703 707 16 708 709 711 714 717 718 724 725 727 729 730 731 733 735 736 737 739 740 750 752 755 757 758 319 544 760 762 763 766 768 772 774 775 776 778 781 784 787 789 791 793 794 797 798 799 800 802 807 809 810 812 813 814 815 818 820 821 822 823 754 824 828 829 831 833 836 842 848 301 851 855 860 861 862 863 870 873 874 198 876 877 878 531 883 885 889 892 894 170 895 898 899 900 108 901 902
94 2 28 13
71 26 6 9 31 27 45 44 38 70 68 88 25 8 73 11 51 39 42 49 63 82 75 87 53 85 90 3
308 2 254 43
146 108 25 306 203 294 247 268 116 43 229 105 19 192 239 94 78 125 276 51 219 183 143 278 160 250 154 269 172 292 62 37 90 283 82 227 200 33 73 115 2 42 75 69 77 44 45 70 308 163 301 53 256 57 6 150 61 139 85 23 55 83 119 187 298 162 41 76 50 67 265 79 1 170 165 92 97 131 235 99 300 221 20 215 110 180 84 277 244 134 189 197 29 30 148 66 291 179 262 59 109 100 137 273 39 234 236 3 211 107 118 152 63 114 212 124 257 26 208 106 132 207 181 218 195 133 141 184 217 267 103 34 11 288 258 274 18 40 17 153 233 16 161 71 223 123 104 252 129 199 198 164 151 259 96 178 36 72 122 27 185 193 117 166 157 202 297 232 80 31 248 286 272 209 238 226 147 158 13 230 220 190 65 214 145 174 270 81 130 201 167 47 93 128 144 293 216 231 213 120 290 112 237 121 58 305 303 296 194 28 35 210 240 14 24 87 182 142 156 48 52 173 126 191 299 225 54 169 295 243 177 89 12 159 249 263 287 10 302 140 245 15 88 5 91 275 260 64 49 21 307 68 86 127
796 2 734 487
2 5 406 354 7 472 8 9 10 11 495 13 15 175 626 18 19 151 21 23 24 25 160 103 544 26 585 431 336 28 30 31 33 575 34 436 384 35 483 37 38 39 40 43 44 45 517 48 49 51 181 52 54 55 56 57 262 58 59 740 62 61 63 64 67 68 145 107 69 70 739 36 73 74 478 605 75 76 77 78 79 80 652 153 176 81 82 86 87 88 505 90 783 92 318 156 93 94 96 97 98 213 99 100 102 645 105 108 109 526 110 111 122 112 113 223 539 114 115 766 116 118 119 488 71 120 163 32 124 127 129 362 130 133 402 134 137 138 141 142 146 147 148 219 150 152 154 698 158 164 230 165 166 167 168 171 365 363 565 172 161 173 174 178 179 182 183 184 185 188 189 190 191 193 194 195 197 387 459 198 199 610 201 204 206 207 215 208 53 210 212 214 418 217 220 714 221 222 224 437 225 226 227 228 231 385 232 233 235 236 237 240 242 243 249 250 251 334 252 253 254 85 255 256 433 257 258 553 445 329 248 260 644 261 3 263 264 725 753 326 343 186 266 267 286 665 268 658 403 422 269 270 159 796 273 274 275 276 278 279 50 281 282 283 682 285 288 289 290 292 676 293 294 331 295 297 298 299 91 301 305 244 357 306 307 425 432 308 313 314 316 317 296 319 291 320 321 322 400 327 328 330 333 335 337 338 277 339 340 341 344 345 346 347 348 349 350 351 353 475 763 355 205 358 770 364 674 366 367 368 372 373 304 374 238 375 378 128 379 382 583 383 315 621 388 390 769 391 393 394 192 395 396 397 398 239 399 369 401 410 591 414 415 417 419 423 424 95 426 427 359 356 428 245 735 705 430 434 435 482 438 608 439 386 442 443 446 447 1 449 450 144 451 452 140 485 454 203 46 455 456 216 699 457 458 460 462 473 467 470 471 648 476 480 486 490 491 492 493 781 494 496 497 499 579 574 500 501 503 504 508 509 106 510 513 518 635 713 421 520 521 522 404 525 551 528 177 529 533 530 531 532 537 538 464 540 541 542 543 545 546 668 547 42 548 549 550 588 552 776 555 209 380 202 101 22 556 557 20 515 559 523 765 561 47 554 562 563 564 511 566 567 568 180 569 342 570 571 573 577 479 578 580 581 584 143 587 303 589 590 416 371 732 593 595 596 592 597 229 598 599 601 600 602 16 603 604 131 606 607 609 612 613 463 247 614 615 616 617 170 618 361 325 683 619 622 623 624 625 628 629 412 461 284 630 632 633 634 125 594 487 756 637 638 639 512 640 641 642 536 643 646 83 65 647 649 650 651 429 653 654 655 656 657 659 392 660 662 389 663 661 123 664 666 157 12 27 667 669 670 671 672 673 675 474 502 466 200 560 677 448 678 679 234 680 681 686 703 381 687 689 690 691 692 693 694 695 696 697 701 89 408 736 702 453 704 706 707 516 6 708 709 710 711 241 420 785 712 481 715 716 440 718 719 720 722 723 527 724 726 727 728 751 729 730 324 731 744 734 737 738 772 741 136 742 688 743 409 745 586 576 4 746 747 748 104 749 750 752 754 755 411 135 218 757 758 352 759 764 760 762 767 768 771 773 774 444 775 777 779 780 782 784 786 787 788 789 139 246 498 790 572 506 311 791 582 323 792 793 376 312 794 795 717
118 2 100 77
2 109 4 3 66 6 8 96 9 89 32 10 11 12 13 15 16 18 19 20 21 22 24 25 26 17 84 29 36 38 40 111 44 1 45 46 115 47 48 49 50 51 52 54 55 58 59 60 61 62 63 57 64 67 70 71 72 75 43 77 78 81 82 83 85 42 86 73 33 7 31 87 88 35 90 92 94 95 97 68 98 99 69 100 103 105 106 30 107 108 110 112 91 113 114 5 116 117 118 37
366 2 78 82
7 10 15 25 29 35 36 37 42 50 54 58 61 63 65 69 71 72 73 74 81 83 88 89 92 93 94 103 108 128 130 138 144 155 165 167 173 177 192 193 197 204 206 207 208 210 212 218 219 228 229 230 231 235 243 247 254 255 257 259 275 279 284 297 299 303 309 315 318 324 326 327 328 330 341 346 360 362
624 2 100 86
12 124 29 33 37 40 41 47 66 73 81 83 129 328 136 99 108 111 113 120 53 132 140 156 326 164 229 166 167 320 168 172 298 500 382 174 613 179 200 201 210 61 216 222 346 252 256 258 260 270 274 278 290 291 283 161 292 311 315 323 46 48 338 345 349 368 372 380 381 400 6 402 412 414 514 416 147 177 220 418 431 440 448 453 462 472 483 485 494 495 497 548 391 574 576 577 160 583 599 615
142 2 28 19
114 5 68 10 19 29 41 74 42 52 59 70 84 49 91 95 12 56 109 110 15 136 112 137 118 127 133 33
389 2 58 53
7 169 14 23 38 47 52 56 63 67 73 270 77 81 82 89 97 102 124 130 144 146 107 152 148 168 376 273 178 181 192 196 202 203 217 218 220 225 279 243 248 250 260 62 269 308 327 333 68 355 365 367 368 370 371 377 380 388
692 2 112 33
76 27 33 193 98 51 264 99 424 137 460 342 140 168 433 182 160 185 292 640 159 330 534 346 608 641 559 586 186 206 191 110 61 403 394 252 95 268 301 118 455 178 496 314 367 183 207 560 35 132 226 529 388 100 165 260 416 117 125 210 392 348 548 150 149 221 404 380 30 464 359 669 439 251 20 444 446 121 574 96 544 470 472 217 513 516 557 212 44 434 333 60 569 526 306 583 148 238 614 372 198 81 692 269 627 623 154 370 687 493 397 166
434 2 194 29
97 223 260 9 207 111 355 115 415 393 391 428 153 41 15 145 236 45 342 402 19 394 147 65 328 69 278 55 265 361 412 59 424 243 121 330 200 135 319 178 211 303 129 425 326 403 109 14 349 78 107 293 29 256 157 104 325 282 241 160 20 159 117 353 382 374 118 164 210 56 228 52 378 323 291 390 389 193 54 191 32 105 434 87 124 226 246 281 90 134 232 181 13 4 194 351 35 388 130 350 264 95 296 240 168 173 57 257 280 220 5 331 299 184 433 148 37 277 162 74 404 231 179 365 93 79 218 364 38 143 16 368 335 301 141 347 343 123 318 119 344 85 102 139 332 251 426 244 272 152 219 190 30 310 72 22 420 144 357 298 373 369 11 131 422 290 154 274 213 285 183 314 188 250 386 225 263 410 306 221 128 411 177 189 309 302 17 172 383 84 86 3 106 276
503 2 310 36
433 295 42 94 61 39 279 175 488 260 53 163 176 19 493 256 247 285 5 471 144 266 8 167 29 73 197 70 109 361 274 56 249 2 298 463 164 334 355 110 456 445 348 500 173 383 375 172 321 146 392 501 112 16 225 37 125 106 263 170 119 476 6 179 292 342 168 271 165 90 452 161 33 290 408 149 13 425 26 244 418 349 450 30 59 306 328 417 192 482 254 410 102 272 183 147 257 369 300 118 200 317 189 387 171 363 82 270 492 293 211 336 498 404 83 28 310 403 71 318 92 389 446 9 194 63 250 467 470 121 210 258 103 152 238 235 134 234 181 284 329 68 326 341 495 236 343 38 357 120 55 346 273 286 399 459 367 489 353 394 25 449 132 186 305 139 74 461 65 259 214 340 202 233 315 282 108 347 20 155 354 268 398 466 222 204 113 76 415 44 373 98 484 454 473 487 280 308 379 323 281 275 212 502 27 434 442 52 262 123 80 360 17 78 474 160 142 208 253 393 126 182 199 366 12 356 301 198 297 79 184 457 84 485 115 219 188 41 150 23 187 432 232 412 245 480 166 409 339 451 86 148 104 407 246 374 203 40 11 35 381 421 352 95 462 437 396 267 385 453 448 319 395 400 486 378 447 62 58 77 117 478 99 496 21 216 177 49 313 178 18 288 231 428 97 50 331 322 190 302 384 107 479 490 335 209 46 242 228 365
97 2 28 23
75 8 19 26 69 29 31 84 32 33 41 49 54 58 59 38 62 71 74 23 76 77 80 81 56 88 90 95
888 2 314 107
809 4 5 615 486 14 882 779 367 722 265 631 19 104 151 228 853 32 35 43 83 762 768 100 786 335 773 842 600 644 872 568 66 47 441 49 69 450 70 826 190 74 90 111 798 413 115 118 122 126 531 299 416 642 452 488 230 136 142 144 39 344 497 257 384 319 727 149 246 158 408 839 392 719 162 181 210 597 1 824 201 504 155 225 71 717 584 209 216 862 6 539 239 55 217 381 553 690 219 811 251 270 17 378 431 649 220 472 543 248 125 264 414 266 46 888 286 253 476 436 289 552 423 596 44 684 291 394 138 267 307 688 161 735 113 774 280 710 742 311 445 315 223 309 500 29 153 806 316 323 479 508 13 679 303 324 493 614 256 490 328 338 343 21 327 348 353 383 700 446 157 385 354 672 419 357 371 130 374 77 517 674 184 554 551 380 386 387 507 417 886 643 606 437 585 425 447 457 466 67 468 470 489 509 131 388 513 772 525 532 533 760 403 634 856 339 651 558 177 542 680 869 455 821 613 38 546 639 726 560 562 277 599 565 59 571 675 608 72 572 169 712 641 864 756 590 746 232 61 428 418 283 592 617 345 269 785 575 619 96 629 638 529 640 444 646 873 537 647 361 325 550 652 685 752 877 313 718 60 831 664 409 30 671 681 800 691 128 703 628 707 511 235 411 709 731 747 755 757 244 781 787 794 263 320 818 770 825 105 830 103 334 879 885
380 2 276 278
1 2 3 4 5 6 7 9 11 12 14 15 16 17 19 21 22 23 25 26 27 29 30 31 32 33 35 36 37 39 41 42 43 44 48 49 50 52 54 55 56 57 58 59 60 63 64 67 68 69 70 73 74 76 77 78 79 80 81 82 83 84 86 87 88 89 90 91 92 93 94 96 99 100 101 102 104 105 106 108 109 110 112 113 115 116 119 121 124 125 126 127 128 129 130 132 133 136 137 138 139 140 141 142 143 144 145 146 148 149 150 151 154 156 158 160 161 162 163 164 165 166 167 168 170 171 173 174 175 177 178 180 181 182 185 186 187 189 190 191 192 194 195 197 199 201 203 204 206 207 208 209 211 212 213 215 216 218 219 220 221 223 226 228 232 233 235 237 238 239 240 241 242 244 245 246 247 248 249 252 254 256 257 258 259 260 261 265 266 267 268 269 270 271 272 273 274 275 277 278 279 282 283 284 285 286 287 289 290 291 292 293 294 295 296 297 298 299 300 301 302 303 304 305 306 307 308 312 314 315 317 318 319 320 321 324 325 326 327 328 331 332 333 334 337 338 339 340 343 344 345 347 349 351 352 353 355 356 358 359 360 361 362 364 365 366 367 368 369 370 372 373 374 376 378 380
508 2 370 89
498 1 167 79 2 422 45 419 66 27 406 13 28 102 437 181 30 338 266 234 384 32 5 172 99 367 481 104 472 341 61 357 108 42 15 215 37 116 56 63 252 78 81 110 291 86 429 121 188 430 186 87 92 52 261 336 287 106 415 351 403 505 33 400 132 450 114 306 89 138 44 407 3 142 440 449 147 156 361 65 282 321 107 344 177 232 438 388 51 17 178 504 428 413 50 260 76 462 483 307 331 122 176 179 502 229 4 279 227 399 208 43 199 115 206 131 201 154 153 202 203 323 47 18 166 29 182 21 471 209 255 216 10 217 376 435 308 467 220 230 349 191 218 491 315 233 11 105 251 48 210 19 237 398 254 262 40 117 129 270 506 38 238 401 8 286 39 23 250 313 343 288 130 290 310 292 34 97 248 441 146 184 22 327 173 294 317 295 301 14 263 387 297 347 493 318 314 319 370 345 94 374 91 346 31 392 352 326 80 355 363 364 385 157 369 330 124 474 383 325 371 431 84 159 381 145 223 358 382 141 144 236 258 36 274 340 101 395 405 439 55 135 241 468 180 304 83 408 322 426 416 197 298 249 477 100 71 85 127 53 418 211 57 423 332 442 356 281 433 158 436 194 278 390 334 446 445 447 170 276 185 329 239 228 452 72 75 410 454 455 409 257 68 458 386 459 316 479 109 463 444 268 311 396 175 464 508 24 466 280 335 59 465 193 204 283 421 486 353 275 348 244 469 200 190 470 64 77 499 88 473 300 475 267 128 478 134 476 339 293 485 264 90 225 272 70 487 366 168 195 324 165 427 378 432 488 457 375 12 492 136 269 495 240 243 222 69 265 149 500
723 2 250 249
7 16 18 20 21 24 25 31 43 44 45 47 51 53 56 57 60 61 62 64 67 69 70 72 73 75 76 77 79 86 89 99 101 104 106 108 110 111 116 117 120 122 124 128 130 131 134 135 139 140 141 142 143 144 148 151 153 155 159 160 162 163 165 166 167 170 173 176 184 187 189 192 197 199 201 206 208 212 213 215 217 218 222 223 226 227 228 230 233 237 238 246 247 256 257 259 260 263 265 266 267 270 274 285 287 288 289 291 294 296 298 303 304 306 317 322 331 334 346 347 356 358 359 360 361 362 363 370 374 382 383 387 390 392 396 398 399 402 404 408 410 411 613 415 417 418 419 421 426 427 429 432 433 437 439 456 457 459 461 462 464 468 470 471 484 460 486 487 490 495 500 504 507 514 516 518 519 524 525 529 531 532 534 536 537 538 547 552 553 554 566 569 574 575 578 584 586 589 590 591 592 596 602 511 604 606 608 612 617 619 625 630 632 635 639 640 644 645 647 564 648 649 650 658 660 661 662 663 669 675 677 679 681 682 683 685 688 693 695 701 702 703 704 705 712 713 715 717 720 721
319 2 184 79
293 2 10 121 176 256 12 18 19 249 21 139 25 231 30 118 239 39 314 37 45 41 47 114 54 57 300 103 136 64 266 68 7 77 171 82 267 86 87 88 36 92 94 35 242 212 9 311 129 283 49 245 105 195 155 107 157 115 116 289 108 296 177 178 202 117 127 197 65 132 140 175 142 229 150 208 213 145 27 217 69 147 148 14 106 164 154 156 270 179 42 294 262 162 141 168 169 201 34 183 85 186 188 189 190 265 192 214 236 172 59 203 204 50 161 228 209 26 101 210 215 220 281 222 316 93 173 16 225 22 234 170 238 259 248 254 11 184 257 258 260 81 253 38 276 120 277 284 151 279 122 91 123 285 241 250 102 268 112 290 194 227 292 295 134 297 299 199 301 282 303 159 226 304 305 8 307 126 308 278 309 196 312 109
867 2 496 204
633 2 584 3 24 544 684 6 775 16 476 80 673 720 810 758 250 208 224 25 28 279 32 705 292 867 45 48 53 54 298 323 55 108 786 57 60 67 157 151 759 503 152 72 591 444 73 74 330 349 725 512 760 79 393 615 82 83 231 708 86 660 768 472 89 92 791 95 98 475 546 740 99 517 408 100 102 107 588 261 110 465 112 532 565 113 434 115 560 130 132 327 135 140 435 732 122 141 51 143 41 457 754 766 174 146 205 148 727 61 111 455 717 46 161 171 158 44 290 477 277 169 485 184 189 230 500 14 387 190 481 20 195 524 162 741 762 856 367 199 155 200 558 202 793 138 212 23 213 216 494 391 651 365 218 321 219 222 223 585 249 226 235 699 239 254 256 462 497 259 326 106 265 447 266 4 267 127 270 304 273 346 274 453 284 291 626 827 712 307 295 147 300 572 234 303 181 317 318 849 332 194 628 663 19 334 336 337 341 395 479 579 344 347 350 30 353 433 247 610 363 552 311 364 637 371 863 373 467 374 287 779 375 777 670 382 396 403 410 655 348 412 556 197 812 413 478 426 688 420 355 421 187 81 372 338 678 423 428 308 540 430 432 441 458 310 454 482 596 178 448 583 461 469 562 335 484 260 411 488 490 491 142 315 509 493 204 362 210 64 815 716 407 499 201 502 506 510 696 748 244 134 129 522 743 528 529 535 537 661 807 251 542 865 553 557 686 255 541 563 566 309 352 711 419 70 570 297 847 620 574 864 575 580 487 581 589 855 507 305 590 594 851 548 602 165 841 631 603 606 609 662 331 280 614 617 622 539 42 573 505 568 185 625 629 787 632 634 640 624 833 288 514 646 837 825 314 653 780 719 125 182 322 508 656 27 582 518 657 745 167 160 666 667 674 554 697 425 746 168 658 153 333 534 698 704 722 830 724 726 238 368 12 35 380 357 733 734 735 39 736 96 737 543 738 504 747 13 592 156 225 751 757 761 767 729 530 772 471 773 774 778 781 215 809 845 75 555 203 784 794 312 854 361 136 789 790 191 383 798 800 804 813 814 715 145 445 860 822 547 823 516 233 831 77 834 836 677 839 390 835 379 538 820 840 159 866 246 844 384 422 618 857 623 10 731
501 2 496 56
4 188 349 21 74 119 159 57 152 416 488 96 499 408 375 234 437 105 313 305 319 326 433 356 102 135 248 362 178 332 45 3 386 11 13 95 40 106 258 367 174 275 145 15 130 287 432 451 465 16 402 417 347 69 472 213 353 140 122 388 256 351 365 342 65 22 475 430 267 190 446 339 124 131 147 345 101 257 172 210 143 88 63 323 390 215 224 330 207 489 369 431 322 440 269 132 238 42 497 348 468 117 227 78 335 8 476 273 396 85 148 318 66 376 237 167 276 90 384 186 490 486 115 195 67 175 484 495 483 290 343 357 412 139 229 427 409 120 493 170 426 146 414 470 434 278 448 73 50 314 361 422 211 281 400 31 112 20 9 198 91 70 458 444 192 204 240 298 64 393 246 203 321 53 346 92 129 289 10 68 97 228 196 160 187 253 44 199 266 18 138 280 285 301 249 272 300 39 19 282 315 158 284 218 452 265 442 261 268 37 219 76 52 296 226 294 498 163 254 77 310 87 56 283 379 334 86 118 133 391 492 291 28 354 32 485 123 36 271 302 183 82 415 410 137 336 202 46 368 295 325 104 250 307 142 474 153 100 126 214 450 1 443 363 81 358 144 75 309 173 60 221 127 164 420 116 223 181 251 239 407 17 352 62 154 395 491 29 109 293 107 297 455 259 387 151 197 27 338 171 260 243 41 110 359 364 341 304 382 279 466 208 317 398 244 24 12 378 478 473 58 328 479 389 419 344 494 404 241 421 38 331 201 99 401 176 399 94 406 286 134 438 149 428 316 424 459 89 435 61 436 480 193 394 247 59 311 255 263 262 177 209 6 98 453 54 150 93 189 252 232 333 103 191 467 166 274 487 413 482 456 205 182 445 371 385 418 25 380 429 471 30 355 441 264 299 212 231 360 156 200 14 180 403 462 245 329 2 425 136 312 80 373 184 411 128 114 292 337 55 233 454 366 303 141 327 33 7 155 169 161 340 242 111 235 230 83 447 481 49 71 216 48 439 460 121 377 383 194 350 72 381 162 320 308 423 461 23 457 225 5 236 43 477 157 306 113 220 324 165 500 463 469 464 374 35 277 372 405 449 185 496 288 392 47 217 79 125 206 51 168 34 501 222 179 26
934 2 540 487
1 3 4 5 7 11 13 14 16 17 18 19 20 21 23 759 767 24 26 27 30 32 571 33 35 36 41 43 44 699 895 201 46 47 50 51 52 53 54 633 56 57 58 61 64 65 68 71 126 72 74 77 81 82 333 83 86 88 92 93 94 97 31 715 98 99 101 102 104 107 108 110 900 111 114 704 116 117 122 125 127 128 129 130 132 133 135 137 139 140 174 143 719 144 145 147 148 150 151 152 153 233 158 161 162 163 164 169 171 773 173 176 178 181 182 184 165 186 188 189 343 190 680 191 192 193 196 197 198 202 203 204 206 207 213 214 216 219 220 221 222 223 224 226 229 231 234 235 237 238 242 243 245 249 255 259 260 262 265 266 268 269 270 271 272 279 280 282 284 285 288 289 291 294 298 299 304 305 307 308 309 310 313 651 315 316 318 319 322 323 324 330 331 339 340 344 347 348 349 351 354 355 356 357 358 359 360 361 789 541 363 362 364 366 367 368 375 376 377 801 382 383 553 384 386 388 391 393 394 55 256 396 397 295 398 912 141 400 401 403 405 406 407 408 409 411 416 418 419 421 425 426 427 429 430 431 432 434 435 437 438 439 440 444 445 446 449 455 456 457 87 458 459 461 463 464 466 469 471 473 475 476 479 480 484 486 487 490 492 155 493 496 497 499 500 501 505 507 508 514 516 519 520 521 522 523 525 528 530 296 532 534 454 535 537 542 543 546 547 548 549 550 557 560 562 565 566 928 568 572 573 248 575 578 581 510 582 584 585 587 588 589 590 592 594 596 597 598 599 600 755 345 601 602 603 605 606 608 609 615 617 619 621 622 442 623 629 634 230 258 635 241 636 637 639 640 642 643 644 645 570 646 648 650 240 652 654 657 659 661 662 665 816 666 667 675 676 677 678 681 682 683 684 685 689 690 691 692 698 701 703 706 709 710 714 718 720 721 722 728 729 731 733 735 740 743 746 381 748 750 752 753 754 756 758 760 761 762 764 765 766 769 770 771 774 776 778 779 782 788 790 793 797 798 799 802 803 804 806 807 808 812 813 815 817 818 819 511 820 821 826 829 831 832 833 834 838 840 845 847 848 10 849 852 853 854 855 856 857 858 859 860 864 865 871 873 874 876 877 878 142 879 883 884 885 875 888 891 892 893 896 898 899 901 902 903 904 905 906 909 913 914 915 916 917 918 919 922 59 923 924 925 927 91 929 930 631 931 932 934
34 2 4 7
8 15 28 20
32 2 8 12
4 12 13 16 17 23 26 28
981 2 406 309
7 10 18 19 21 25 958 28 29 503 30 32 33 930 36 39 41 43 880 234 47 351 49 964 865 23 52 55 548 395 792 56 61 65 68 633 76 90 91 93 96 101 217 802 102 496 796 924 850 104 108 109 117 111 113 119 475 960 123 303 124 584 131 132 136 141 145 151 153 66 154 157 162 163 168 173 908 218 347 174 338 511 460 175 177 181 182 191 192 193 196 197 200 206 210 733 216 219 794 223 260 441 230 231 232 238 240 241 245 252 255 256 139 263 264 265 326 269 277 282 283 284 287 514 293 297 59 300 305 306 311 266 932 313 314 456 915 316 319 325 328 330 339 146 344 349 411 350 188 354 637 356 787 614 358 361 365 367 368 370 373 374 378 285 379 384 386 387 390 391 394 396 399 40 408 414 776 165 416 822 426 99 428 407 429 624 430 435 513 440 448 452 454 455 458 464 465 469 471 473 477 484 185 486 493 494 495 498 83 499 502 504 942 80 291 508 509 410 515 519 521 524 527 531 533 535 125 536 404 538 542 543 545 547 549 550 552 556 558 272 560 563 564 567 569 571 44 573 576 582 589 594 603 34 457 50 604 605 609 611 972 616 623 642 628 629 632 638 764 645 646 647 653 657 659 660 662 665 666 366 668 700 672 675 677 679 680 685 689 691 694 702 242 716 500 62 718 719 720 644 721 725 726 734 737 740 745 746 747 152 749 129 526 750 760 766 768 769 770 774 779 87 780 782 786 791 795 797 799 800 801 803 806 758 807 810 816 818 832 393 9 833 333 834 845 69 846 848 304 423 856 317 827 858 867 869 874 875 89 107 878 450 884 885 887 889 631 767 419 892 894 723 898 907 914 916 917 919 920 929 918 621 931 937 939 670 669 940 943 176 944 888 946 951 676 876 627 955 570 956 959 434 965 971 978 980
64 2 40 21
3 9 54 44 35 11 22 26 27 52 39 28 34 43 30 33 40 2 45 46 57 48 25 49 55 15 56 24 14 16 1 62 31 42 59 63 60 61 64 18
477 2 310 278
155 2 3 4 6 9 11 12 14 15 18 188 19 20 22 181 25 42 152 26 28 29 30 31 32 34 35 36 40 304 41 43 44 45 46 47 48 53 54 62 63 66 398 67 68 72 73 294 74 75 77 79 81 440 84 85 86 70 87 88 89 90 93 95 96 100 102 103 107 108 110 111 137 114 311 115 116 117 118 119 120 125 127 129 130 131 132 134 135 136 310 138 284 139 140 141 144 145 148 150 151 219 156 157 158 159 161 162 163 164 470 249 165 166 168 169 171 173 174 458 133 176 178 179 180 182 184 211 185 147 186 187 190 191 194 196 197 198 199 200 201 203 204 208 209 212 213 216 217 218 251 172 220 221 222 223 225 227 228 230 231 233 394 236 237 239 451 5 240 241 33 242 243 245 246 247 248 250 253 49 254 255 256 257 258 259 121 260 266 268 269 271 273 274 276 278 279 280 281 282 285 286 291 293 297 299 301 302 303 306 309 316 317 205 261 318 321 323 324 326 328 331 189 332 334 409 335 337 338 341 346 347 349 351 355 356 357 359 330 360 322 361 154 362 368 370 376 380 381 384 413 385 386 387 388 390 441 391 396 397 400 401 402 404 405 406 410 411 412 414 415 416 372 417 418 419 421 399 422 423 425 366 426 428 429 430 431 432 433 435 436 437 438 442 443 447 450 202 455 456 461 462 464 465 466 468 469 472 474 477
226 2 96 63
5 8 9 10 13 101 18 142 216 23 25 39 26 27 30 31 47 66 48 132 52 54 125 104 55 56 57 58 67 68 72 73 42 159 74 112 105 76 77 82 83 85 91 199 94 134 96 28 97 98 224 100 204 103 109 110 114 61 64 115 116 117 119 121 128 130 46 174 226 44 33 139 143 213 127 147 152 87 184 24 155 168 51 185 178 189 192 194 195 63 206 210 212 163 223 215
393 2 72 18
228 350 131 344 130 181 82 248 269 84 261 327 134 345 292 26 116 367 136 383 108 187 46 349 6 200 213 160 123 41 203 329 250 322 343 393 120 374 310 204 15 267 71 83 170 162 389 40 13 277 205 49 338 154 7 17 296 219 275 253 260 221 370 223 319 222 19 334 224 304 196 65
529 2 232 132
66 3 6 321 137 106 450 465 12 14 184 166 16 481 104 376 29 68 113 34 410 238 36 109 296 37 419 133 45 48 49 59 54 177 203 57 225 32 61 56 394 62 67 91 73 405 443 74 440 79 85 471 223 260 165 385 88 97 103 141 117 144 24 148 151 152 157 222 160 236 168 173 267 77 175 33 513 178 436 2 145 176 180 181 442 186 187 125 200 129 270 22 221 205 214 334 265 448 219 458 350 212 220 224 528 227 230 9 367 231 124 243 245 132 247 250 261 266 269 196 80 276 277 282 287 294 299 522 314 472 51 316 21 318 295 320 324 128 327 336 341 345 425 470 349 346 244 111 347 352 139 356 386 357 208 359 150 365 374 257 8 487 120 379 253 382 383 387 11 274 122 30 393 398 400 404 407 323 309 71 361 428 421 414 415 101 418 435 422 343 426 1 429 430 439 355 445 464 498 213 467 297 455 239 469 275 278 477 486 116 493 497 105 381 501 514 516 518 520 331 396 468 411 127 521 523 526 401 303 328 290 527
213 2 90 32
65 169 100 7 9 59 19 74 24 27 170 37 34 5 183 42 39 43 61 64 187 145 22 193 181 29 81 70 209 31 80 210 13 60 44 56 204 168 136 201 53 102 67 66 73 151 14 98 113 123 162 93 118 119 160 126 132 198 49 200 157 135 141 147 110 149 78 154 148 90 114 103 57 150 139 158 191 137 99 21 213 161 167 173 188 109 41 122 190 120
232 2 58 22
134 19 22 32 41 223 7 29 52 130 221 20 64 210 153 63 79 65 98 229 126 107 196 115 116 209 72 136 128 48 152 77 216 85 182 186 69 61 232 21 191 73 166 207 117 218 38 44 230 146 92 34 82 57 203 81 173 228
77 2 20 17
2 29 3 27 28 32 33 37 43 46 51 52 57 58 1 63 11 73 76 49
171 2 4 4
39 145 43 49
282 2 270 182
195 25 164 12 139 1 84 2 3 4 5 7 197 9 10 35 13 17 19 251 191 190 20 271 205 201 22 14 23 26 132 28 31 37 18 34 36 41 42 29 146 43 44 46 40 47 45 180 49 50 51 53 170 54 55 109 273 57 58 60 62 194 56 64 39 262 52 115 153 75 65 59 24 66 68 38 30 69 70 71 74 158 78 80 81 257 82 83 85 239 143 48 86 87 89 90 91 226 93 94 95 97 100 61 103 106 108 110 231 111 112 114 117 161 118 119 121 122 123 124 125 126 127 128 129 130 131 133 134 135 120 136 138 230 92 140 141 142 144 67 250 149 150 151 152 154 79 235 155 224 156 157 159 160 162 163 166 27 167 169 171 173 148 174 175 177 178 11 179 172 21 77 32 98 33 181 182 183 184 186 188 189 101 192 193 102 196 255 199 200 204 206 207 88 209 147 187 222 210 8 63 211 212 202 96 213 214 215 185 216 217 15 218 220 105 221 223 225 227 228 232 233 107 263 234 236 237 145 238 240 272 241 242 243 203 244 168 245 246 247 248 249 252 219 72 253 254 258 259 260 261 264 266 268 269 270 274 275 276 104 277 267 208 279 6 265 280 99 281 282
882 2 358 281
836 1 5 10 691 11 12 13 17 20 21 23 479 25 26 28 30 34 38 45 46 49 55 57 509 58 63 64 470 167 74 199 77 79 640 80 850 712 301 847 81 85 278 86 778 87 98 90 91 93 376 95 96 103 106 110 112 516 115 116 117 121 122 125 127 129 134 714 135 717 138 141 142 149 75 718 150 418 155 159 163 35 615 168 172 176 178 179 184 188 200 201 210 212 214 215 216 217 227 228 818 230 746 231 512 233 234 471 239 744 246 252 253 254 256 257 153 31 263 264 268 356 272 273 274 276 277 284 290 291 292 296 297 300 303 306 310 312 315 542 324 328 330 334 341 344 346 348 161 350 517 547 84 352 355 359 360 364 365 687 369 371 383 388 749 389 534 769 391 827 393 790 394 881 395 399 402 750 403 404 408 525 410 864 411 414 420 423 433 59 435 436 15 440 448 457 462 463 574 464 467 109 468 469 412 472 475 183 477 480 486 209 742 491 492 495 606 27 496 499 500 503 510 505 506 508 205 513 514 518 169 522 523 532 535 539 543 548 816 552 553 555 557 558 559 560 567 573 807 528 434 576 577 716 585 67 586 590 591 596 598 601 605 175 599 608 609 611 612 693 624 625 626 834 406 627 630 636 637 672 416 641 645 646 650 651 824 660 665 680 859 682 683 689 726 695 696 697 700 708 725 730 731 732 343 735 736 738 445 739 753 754 757 758 759 763 767 771 777 779 781 211 784 787 788 792 798 799 563 572 809 810 43 814 815 819 822 832 840 842 459 848 853 262 854 550 856 857 860 685 862 863 870 871 872 874 880 237
705 2 702 408
149 1 2 622 3 4 26 580 329 6 7 389 72 354 536 242 8 205 9 495 11 502 12 13 15 17 165 18 19 237 20 21 22 696 23 695 24 29 30 31 32 37 38 40 374 195 46 58 315 48 378 282 313 52 467 202 54 77 405 461 620 56 59 10 60 180 61 63 64 65 570 106 592 67 594 360 535 68 69 33 197 74 169 76 78 79 705 80 81 238 83 84 589 85 87 579 89 216 91 93 94 98 524 488 100 101 49 103 222 105 407 112 113 43 114 34 424 501 116 117 118 119 120 124 699 128 129 130 131 239 132 66 135 136 493 138 141 416 638 214 75 73 364 331 142 144 609 145 146 487 147 148 377 150 152 667 153 439 187 155 300 156 664 684 159 162 388 97 167 168 172 140 173 174 236 585 175 115 177 178 340 643 164 179 181 55 182 183 496 468 184 186 204 188 457 189 190 194 108 198 199 200 201 206 207 312 288 208 209 210 53 211 215 14 324 217 351 219 674 298 220 221 537 224 225 228 230 232 425 233 62 234 235 240 241 107 243 412 578 50 361 244 247 161 344 249 665 250 434 251 253 672 252 255 257 258 259 381 500 700 260 466 522 139 133 261 121 263 265 532 267 504 166 268 270 264 272 274 540 277 604 278 503 283 285 289 290 82 273 291 292 57 316 293 446 126 533 640 619 294 295 296 334 271 297 154 299 301 516 302 303 304 176 35 603 305 557 306 307 16 308 310 311 314 669 408 656 317 318 319 157 601 653 321 5 231 322 323 325 134 678 275 326 327 328 28 226 333 160 335 338 339 223 102 343 137 345 348 349 163 350 352 51 353 355 391 71 356 229 551 245 636 357 358 359 363 365 366 367 368 369 44 484 507 151 370 371 70 681 218 373 212 375 376 379 45 380 382 39 383 95 386 309 372 427 387 692 574 646 395 396 397 462 398 191 399 575 546 400 401 404 409 392 413 415 482 419 280 506 420 561 422 423 262 426 428 430 431 432 531 336 558 435 436 437 613 279 269 438 122 440 41 441 477 519 442 406 443 346 444 445 447 47 448 25 123 449 111 452 192 393 453 454 455 456 458 459 460 463 464 286 465 411 469 42 605 470 471 429 473 475 476 545 595 543 478 596 547 320 479 480 481 483 143 485 486 489 490 647 491 281 492 494 497 96 498 509 510 512 511 347 276 514 515 517 418 27 565 518 520 521 523 525 526 402 410 530 634 527 390 529 534 567 104 538 539 541 544 548 110 549 550 99 125 552 553 554 193 417 555 556 88 560 562 600 254 433 564 566 568 385 569 542 572 573 576 266 577 581 337 330 611 583 584 586 587 588 590 591 362 593 90 597 598 599 602 528 606 607 612 614 615 616 617 618 284 474 621 623 625 341 626 627 628 629 631 384 632 633 635 661 637 641 642 86 644 645 287 648 508 608 421 649 651 652 403 654 450 342 655 513 657 658 659 451 660 571 662 663 666 668 671 676 673 256 185 675 677 679 196 650 680 394 682 246 683 630 685 472 582 499 127 686 687 414 688 689 158 690 248 171 559 691 693 694 109 697 698 624 701 36 227 203 702 670 703 610 505 639 563 213 704
57 2 56 58
2 1 3 44 7 50 8 5 10 11 12 13 27 4 15 6 16 17 19 38 20 37 21 18 22 14 23 26 28 24 29 30 31 32 33 34 9 35 36 39 40 54 41 42 43 45 46 47 48 49 52 51 53 55 56 57
247 2 52 30
8 239 11 186 112 14 29 46 64 53 177 68 105 63 69 42 82 88 219 98 75 216 117 166 126 145 127 175 95 78 148 81 150 154 12 157 241 113 214 206 185 195 37 57 203 207 240 208 224 121 234 245
405 2 246 28
343 331 136 351 210 29 25 390 323 243 349 131 215 54 77 367 133 43 177 84 396 311 42 158 130 167 339 62 173 69 272 384 41 27 287 169 300 7 324 350 301 401 46 248 257 176 32 205 168 255 59 228 101 369 355 181 403 219 218 78 391 143 138 208 13 193 204 125 325 314 94 371 303 114 238 56 68 124 100 87 359 352 105 16 313 185 363 71 321 224 332 175 275 119 309 112 178 370 398 286 73 70 52 302 397 137 164 14 172 354 201 316 223 360 15 110 293 153 347 192 342 373 247 57 199 361 19 322 145 141 150 113 283 90 198 122 123 262 319 212 395 362 292 251 213 372 33 93 288 17 405 64 5 282 152 21 356 45 386 392 117 10 279 129 295 9 34 284 83 317 91 260 140 135 297 258 157 394 237 376 170 103 365 315 341 80 393 290 106 334 230 312 278 28 225 31 387 148 20 196 358 159 190 118 128 273 226 35 127 253 146 294 4 79 285 179 270 195 194 320 335 166 227 217 298 37 197 202 81 353 11 281 266 268 115 203 187 182 24 250 261 364 74 336 50 126
101 2 38 21
50 99 74 9 42 32 20 14 93 23 7 38 85 45 62 94 65 13 78 40 61 27 97 48 82 90 63 92 96 37 41 100 79 39 24 1 55 44
407 2 366 267
27 98 113 1 2 127 23 3 4 91 405 5 6 7 8 10 179 12 13 41 14 118 15 16 17 18 19 21 22 25 28 373 149 331 29 85 30 31 236 33 35 380 39 40 43 357 339 45 46 47 49 310 54 56 55 57 58 62 63 64 101 66 34 67 303 70 71 72 73 391 187 74 76 77 79 59 81 89 90 92 93 94 95 330 96 97 140 75 99 212 102 104 106 107 32 108 37 110 112 115 116 117 119 121 122 123 125 128 129 83 130 132 133 134 136 138 139 141 142 86 143 145 146 371 147 148 289 229 78 151 154 157 155 100 158 160 342 161 162 167 168 163 169 170 171 195 172 174 240 126 177 173 178 243 180 181 183 184 186 189 190 191 192 193 384 242 111 194 197 198 199 164 202 203 205 209 185 392 210 211 213 214 48 215 216 217 218 219 220 206 221 284 222 223 225 226 228 282 230 231 232 233 68 234 235 237 244 246 247 276 9 248 250 135 251 252 224 253 256 388 257 258 259 260 262 159 263 264 265 266 268 269 270 165 320 271 272 273 274 312 275 277 245 82 399 279 87 280 281 285 286 152 288 24 291 292 294 295 296 297 298 88 144 36 301 302 304 305 306 307 308 309 311 313 314 315 316 11 317 38 381 188 318 319 321 255 322 323 137 324 326 327 329 332 333 84 334 335 336 337 338 340 60 341 343 344 26 196 345 293 346 347 239 348 65 350 351 352 353 354 356 358 360 44 361 363 364 365 366 367 368 207 369 370 372 374 375 376 227 355 377 378 379 404 383 386 387 241 53 389 204 390 393 394 395 249 397 150 401 402 406 407 114 52 109 300
257 2 56 57
3 5 7 23 26 27 33 35 41 47 50 52 58 61 65 66 80 92 94 97 99 100 109 112 114 125 126 131 132 135 136 137 147 148 160 162 165 187 191 192 203 209 214 215 217 219 229 236 238 239 242 240 244 246 247 257
169 2 96 64
2 3 4 6 71 111 7 8 9 11 12 13 108 16 34 25 33 69 48 39 40 120 41 49 51 56 58 132 59 128 65 66 67 68 79 80 84 37 20 14 85 76 32 24 86 61 87 89 91 92 98 103 104 105 113 154 116 117 119 127 109 122 129 57 130 164 75 133 134 102 139 62 52 140 73 17 141 115 106 145 146 147 44 148 81 26 149 150 151 152 156 163 168 27 74 165
423 2 388 246
1 4 74 396 5 8 370 9 11 278 12 13 20 14 15 354 17 18 21 22 24 27 29 169 134 31 157 261 359 52 420 111 32 33 34 248 38 297 41 42 43 306 45 3 47 381 269 78 151 49 308 50 51 53 56 123 58 107 60 35 164 61 65 66 67 305 70 265 37 73 75 77 71 79 54 80 81 224 82 7 375 186 83 200 84 325 279 245 85 86 90 147 91 69 92 93 94 96 97 98 100 102 104 108 110 419 345 337 114 220 46 105 310 117 182 152 166 120 122 199 124 126 127 395 128 129 131 132 133 136 137 138 139 140 141 143 218 63 59 158 322 144 148 40 149 179 150 155 160 161 162 25 303 362 165 167 377 193 16 170 366 171 174 176 178 183 270 184 187 190 194 195 196 197 201 206 202 57 203 204 207 208 121 209 101 411 210 267 211 223 212 213 62 215 217 309 219 2 113 95 222 44 225 226 405 227 228 229 216 231 233 234 236 319 239 240 241 253 242 244 6 214 235 249 246 247 250 72 251 252 55 254 255 256 386 257 30 135 259 258 260 264 266 364 268 272 273 274 276 280 281 282 283 112 358 284 287 288 289 277 290 367 291 292 293 76 175 360 159 312 294 295 296 145 298 299 300 301 302 304 307 311 371 333 313 314 87 103 39 315 316 317 401 36 394 318 321 323 320 326 328 330 331 332 335 119 338 339 363 327 341 342 324 343 142 344 185 346 347 10 348 340 349 221 350 352 353 355 243 356 357 191 361 365 382 368 369 351 372 374 376 378 379 380 383 384 336 387 389 28 390 168 391 192 392 398 399 400 402 403 64 404 26 406 118 407 408 410 146 412 19 413 238 385 99 154 414 329 106 415 416 173 417 418 421 422 423 373
575 2 124 49
182 288 5 249 276 2 62 500 460 571 408 421 3 7 10 522 553 550 208 101 458 110 113 399 116 118 121 202 293 384 400 320 46 16 158 540 175 128 133 142 235 143 75 135 358 299 144 232 196 403 486 173 190 212 369 413 574 430 475 402 230 572 211 106 241 245 258 556 270 277 289 309 219 227 336 386 292 296 107 371 303 352 378 88 265 392 485 404 410 267 64 436 483 511 73 468 1 412 447 449 355 286 61 471 203 201 478 324 484 517 416 489 520 30 528 539 187 443 505 548 414 96 558 560
893 2 376 251
279 1 8 11 16 27 39 41 42 361 48 383 545 260 55 834 57 370 62 64 65 67 335 326 69 76 82 788 46 83 87 88 600 90 372 716 576 91 93 100 827 102 718 103 115 763 118 119 121 122 123 127 864 820 636 128 214 130 132 147 144 133 54 155 165 172 857 426 355 173 174 182 209 186 86 187 189 190 194 197 785 202 204 205 208 213 829 504 216 219 621 843 736 221 825 224 227 231 232 240 247 114 455 772 254 255 257 262 264 282 288 225 800 289 292 297 589 301 116 305 473 308 222 314 223 317 502 143 729 727 70 320 321 277 386 261 324 651 649 325 331 332 440 506 30 336 487 337 338 574 341 345 111 346 101 352 358 653 365 378 379 381 382 692 385 392 822 401 408 152 410 610 412 671 413 415 419 425 427 431 523 434 439 804 889 442 198 444 373 447 457 815 188 461 463 464 470 477 528 483 493 496 499 273 501 505 278 508 513 515 516 517 519 522 660 524 527 529 530 537 698 539 211 541 542 550 555 783 441 557 569 560 562 811 578 564 875 572 761 312 575 577 579 580 582 584 586 13 623 80 570 594 598 603 604 608 356 71 705 611 612 460 17 616 617 201 547 619 622 624 625 626 627 737 629 633 775 635 637 642 643 646 248 647 652 658 664 669 677 680 167 684 685 687 694 697 703 706 708 717 746 206 719 342 728 732 734 735 740 744 745 2 747 749 754 755 756 641 757 759 767 769 437 770 674 771 526 166 389 782 784 789 799 302 801 807 817 819 823 826 830 831 832 833 835 836 605 271 837 471 838 842 847 590 66 851 852 854 667 859 429 861 869 870 873 816 874 380 878 879 880 884 774 776 885 892
452 2 358 331
1 3 5 157 6 7 408 8 9 10 11 13 14 15 371 17 18 21 22 23 337 24 25 26 27 29 31 33 34 36 37 70 38 213 39 40 41 42 43 44 45 48 49 50 52 287 53 54 56 58 60 61 63 65 67 68 69 71 72 93 73 76 77 78 79 81 82 84 85 2 86 87 89 207 90 372 91 92 94 95 96 97 98 102 103 106 236 107 47 108 111 189 113 114 115 55 116 117 118 119 121 124 125 128 130 131 133 134 135 16 138 139 141 142 143 144 146 147 148 411 150 152 155 156 158 159 161 162 163 149 164 165 166 168 169 170 171 172 173 174 175 176 177 179 180 182 183 184 187 190 191 193 194 195 196 197 198 199 200 201 202 203 204 205 206 208 209 210 211 212 216 219 220 221 222 223 226 227 228 229 230 231 233 234 235 237 238 239 240 241 294 243 244 246 247 248 249 250 252 253 255 256 257 259 261 262 263 265 274 267 269 270 445 140 20 271 272 277 278 279 280 281 282 283 286 288 289 369 290 291 292 293 295 296 297 298 299 300 301 303 304 305 306 307 309 312 313 314 315 30 317 66 318 319 214 320 321 393 322 310 245 324 101 326 327 330 332 334 105 336 338 339 341 342 343 344 345 347 348 349 350 351 352 353 137 354 355 356 361 362 363 364 365 366 367 368 328 373 374 376 378 379 380 382 383 384 62 386 387 388 389 390 392 394 395 185 397 331 398 399 400 401 402 404 405 406 407 32 410 414 416 417 419 415 420 421 120 424 427 428 429 430 431 433 435 436 437 438 440 442 443 444 446 447 448 449 451 452
165 2 30 36
17 6 11 31 42 45 50 51 53 58 59 70 76 77 79 83 86 92 112 162 115 68 123 126 130 132 137 142 147 164
376 2 282 74
317 219 178 345 286 73 2 230 304 45 221 17 335 32 72 162 111 167 156 29 283 30 232 53 152 21 324 161 36 278 158 40 325 20 43 196 8 349 12 346 268 264 323 103 148 170 369 80 302 50 181 309 321 307 273 193 98 54 27 320 361 358 58 368 136 269 76 37 163 187 192 64 370 199 59 287 347 332 65 258 67 81 168 231 70 226 71 74 130 46 266 338 79 66 198 279 96 146 34 166 134 271 182 154 303 326 87 373 93 35 245 38 169 116 159 171 236 180 194 352 100 234 318 84 97 315 39 41 82 110 202 333 114 371 360 18 118 90 191 133 22 106 94 261 119 120 336 123 147 150 235 126 131 85 270 240 297 175 185 331 144 151 26 262 327 272 135 102 209 141 342 115 142 305 285 157 281 212 164 224 172 99 314 357 223 173 174 186 211 176 205 78 207 24 108 294 282 92 155 9 242 340 215 105 210 254 374 367 213 28 149 249 300 52 1 217 220 139 15 124 228 229 237 252 239 241 244 160 306 225 195 77 247 251 48 260 200 267 49 265 10 137 197 88 113 322 289 292 293 83 127 328 308 299 132 6 23 86 216 310 339 128 341 275 372 68 375 344 350 351 206 121 91 354 362 353 259 296 122 3 364 184
573 2 152 73
1 527 13 81 209 25 290 211 299 30 49 455 12 152 314 302 537 520 55 59 69 4 80 217 565 94 102 352 104 118 481 125 160 130 137 163 377 154 158 167 174 479 191 192 201 97 529 208 289 224 442 232 246 298 422 305 420 254 247 187 276 407 250 148 449 260 353 262 264 388 513 497 274 367 280 286 292 45 294 300 345 328 336 343 428 349 567 357 416 359 382 391 67 528 395 398 340 304 399 546 406 46 418 185 534 424 221 109 108 515 445 432 458 467 564 117 470 169 303 157 19 473 339 190 477 486 330 14 500 403 42 358 542 489 491 492 461 259 311 493 423 509 165 532 549 555 563 227 571 572 168 573
648 2 316 191
6 11 13 17 20 102 23 25 239 29 30 35 326 417 36 40 47 107 51 194 53 166 63 3 485 498 64 65 69 70 71 435 72 75 76 473 78 24 90 156 91 236 289 94 95 96 97 99 108 225 112 143 113 114 88 640 593 188 120 121 222 122 217 125 127 137 141 139 144 508 147 148 641 453 131 153 161 162 186 301 164 165 376 168 54 169 178 179 196 185 383 192 73 198 282 200 230 138 149 203 529 204 208 215 614 221 632 226 229 535 420 232 234 571 237 238 242 243 251 419 256 257 258 260 262 270 44 537 392 207 193 117 337 273 272 174 274 277 278 288 534 291 295 22 483 298 299 182 304 332 191 309 312 316 516 321 322 328 339 343 347 351 224 190 352 330 391 14 355 358 360 362 363 368 197 596 372 373 314 245 532 375 385 386 350 389 395 396 397 145 612 50 400 401 605 405 407 413 77 201 569 152 627 241 414 300 399 425 426 82 268 432 437 438 439 440 451 454 456 459 460 462 463 466 469 275 471 41 482 487 496 500 606 501 502 503 512 195 474 393 514 382 38 518 521 134 526 528 642 421 530 533 206 536 617 231 541 545 56 27 548 550 276 560 561 563 565 55 566 568 354 559 570 573 574 45 575 265 423 576 187 589 578 585 183 587 61 384 598 331 524 603 604 607 365 33 608 610 616 622 79 317 302 444 89 628 629 167 85 633 634 635 637 639 644 364
444 2 56 54
8 19 377 31 34 46 55 57 58 112 74 82 88 107 117 121 135 148 151 218 223 232 237 239 260 261 263 266 272 277 288 280 292 293 286 296 138 300 304 310 314 327 333 203 340 350 363 367 374 376 400 402 414 431 432 433
718 2 154 32
395 274 638 243 513 3 221 695 342 494 183 84 15 397 602 653 467 326 83 330 139 96 314 122 717 713 133 33 451 283 92 379 47 489 676 496 357 493 146 205 534 514 484 525 706 31 128 539 508 453 217 347 137 1 551 35 282 236 191 692 398 651 262 631 292 616 24 214 197 198 529 348 203 383 278 417 194 704 434 215 503 520 369 640 392 229 316 452 7 82 333 605 265 339 249 624 154 615 699 103 408 440 358 223 256 149 336 340 244 415 454 444 94 267 74 596 474 240 206 418 190 39 535 363 220 189 677 121 8 337 659 320 632 504 98 370 561 701 663 181 437 272 162 45 636 665 41 711 597 366 115 113 21 635
61 2 54 40
2 61 6 44 31 7 1 8 9 11 13 38 5 14 15 16 17 18 19 20 10 49 23 24 25 26 27 29 30 56 40 33 35 36 37 39 41 42 32 43 45 3 47 48 50 46 28 51 54 55 58 22 60 52
511 2 42 12
6 54 379 115 284 486 97 411 326 197 436 341 277 131 192 403 101 480 420 136 309 288 380 221 242 331 335 482 116 396 494 228 217 472 143 451 76 389 69 83 370 399
533 2 250 55
315 85 401 2 469 177 180 6 510 23 271 60 102 505 247 210 129 293 61 397 84 355 88 94 515 57 10 43 298 305 344 77 99 459 304 161 377 429 53 63 416 482 35 332 157 343 18 327 81 270 174 208 69 109 478 440 136 428 4 313 282 456 58 334 433 74 294 444 133 211 89 75 487 87 384 153 362 154 528 421 80 51 517 125 462 296 156 65 458 5 419 183 148 186 365 431 118 219 193 471 189 176 392 225 279 430 504 275 475 258 266 287 96 374 170 232 276 425 26 14 286 93 290 105 310 182 229 411 155 356 373 318 338 405 326 119 240 48 134 117 340 418 347 336 112 252 413 257 55 497 291 349 432 474 251 254 273 172 301 126 116 443 532 350 351 121 360 92 66 262 223 423 255 533 383 197 71 490 199 76 387 13 207 396 42 127 493 124 143 530 507 302 30 486 204 403 111 407 489 17 424 446 24 329 452 381 224 342 47 449 494 300 141 185 379 213 457 263 496 480 460 98 49 320 260 312 100 78 67 467 162 196 131 244 37 483 265 151 226 501 435 372 41 348 230 200 146 150 212 173
284 2 278 59
36 17 1 207 18 111 115 269 20 135 284 152 97 23 85 25 142 283 148 48 96 225 179 250 123 276 180 27 114 30 194 143 15 227 24 241 208 8 122 32 107 244 99 125 28 150 121 76 12 109 33 42 22 168 238 253 38 182 245 213 219 39 71 4 161 220 73 167 254 37 53 130 249 178 199 156 16 158 31 190 211 231 40 184 41 88 200 43 105 64 272 170 81 45 147 87 54 261 63 59 165 171 72 218 74 67 196 13 79 5 154 201 193 246 80 242 175 14 51 204 82 214 90 209 100 75 102 104 108 278 162 134 110 157 160 128 84 69 116 47 19 118 233 210 185 21 183 127 46 149 202 146 44 124 120 126 163 151 144 181 10 131 9 169 172 112 186 49 257 173 277 240 119 189 91 235 205 230 206 62 187 139 101 267 215 281 35 95 251 164 217 176 98 239 191 258 56 29 282 232 68 221 224 117 34 57 198 188 137 252 89 70 174 83 103 229 136 141 7 2 197 66 50 234 265 153 145 236 226 55 6 243 270 86 93 247 133 26 78 228 92 195 223 259 94 248 177 11 166 132 260 140 192 52 262 264 58 266 271 222 77 263 273 113 274 268 256 275 159 106 280 203 65 61 129 237 60 216
841 2 140 65
637 584 9 21 26 31 33 563 733 441 43 84 810 120 587 121 142 42 156 610 46 157 192 202 203 208 231 225 328 160 124 34 234 239 316 264 394 608 113 282 181 367 459 217 575 291 296 108 484 821 582 297 463 299 497 307 310 312 814 350 333 340 356 358 359 365 485 337 407 424 788 426 338 612 116 447 274 508 250 179 813 405 518 51 421 125 35 537 547 416 553 214 171 19 97 256 122 629 573 577 583 826 586 618 72 277 25 321 624 49 633 636 402 522 215 655 658 190 662 675 54 690 246 196 703 258 434 705 398 712 725 374 757 786 609 808 477 838 176 550
153 2 138 105
2 6 146 7 8 71 139 10 12 4 42 109 13 17 77 130 137 18 19 99 22 23 25 28 32 101 36 38 105 94 40 131 48 43 41 152 44 45 47 49 50 114 51 52 53 54 56 57 20 93 59 61 63 65 100 67 21 68 70 72 74 75 76 116 79 81 33 82 83 84 85 86 87 88 58 90 91 34 64 95 96 97 15 103 104 106 16 5 107 108 110 27 37 111 112 113 117 119 120 30 121 46 122 24 31 123 29 124 125 126 127 128 132 133 92 35 78 134 135 136 138 9 149 140 62 141 142 143 144 145 147 1 148 118 150 66 151 153
319 2 218 45
106 255 260 4 135 80 319 7 9 207 259 240 30 37 3 253 110 2 33 270 94 36 87 286 38 300 88 39 307 44 6 254 75 109 70 269 210 198 85 18 261 199 133 96 71 25 294 178 276 201 95 145 118 115 90 185 229 28 103 93 78 148 310 97 107 232 20 234 48 295 128 157 225 155 108 220 288 182 192 22 120 79 47 68 154 219 267 113 196 121 168 127 274 32 163 131 177 187 266 161 57 91 193 218 208 205 56 278 287 16 175 213 292 217 126 263 304 279 235 156 318 46 139 237 271 249 209 282 100 313 104 189 179 130 222 82 23 160 246 256 5 248 35 264 268 296 298 41 167 272 14 59 275 62 98 293 136 12 284 77 273 197 285 11 124 236 149 19 315 158 173 244 111 291 13 289 134 299 215 138 308 239 31 21 301 53 42 302 137 303 26 8 203 245 280 101 51 83 241 74 52 250 27 171 76 305 188 316 162 317 170 15 186 283 230 144 252 176
310 2 100 70
212 2 230 77 5 8 294 11 87 26 310 79 27 242 33 36 37 42 45 46 53 54 74 20 75 93 136 80 181 81 86 88 137 95 24 59 160 97 68 101 105 70 106 108 109 116 10 122 124 134 9 82 302 151 48 135 143 246 144 67 146 1 156 298 158 170 174 177 180 191 193 199 31 200 207 255 221 226 100 229 15 240 243 244 249 250 251 260 261 92 264 266 269 274 278 283 295 300 304 305
44 2 14 13
2 5 26 11 19 33 36 37 1 38 20 41 21 31
437 2 96 38
292 59 253 13 19 239 181 27 307 108 351 49 54 66 68 81 407 34 83 89 100 199 332 112 169 143 223 17 201 141 164 416 256 412 165 391 269 115 174 289 175 275 183 189 196 98 393 237 261 274 284 303 123 306 335 413 277 342 211 234 270 329 240 109 334 344 80 422 7 354 36 48 225 105 379 88 79 139 398 76 96 357 296 95 340 263 359 399 358 286 409 31 428 281 291 436
40 2 14 10
12 6 3 16 35 5 13 30 36 1 20 37 39 40
459 2 106 60
15 306 16 23 347 210 78 116 64 25 29 31 56 70 34 330 80 89 90 91 92 99 209 104 184 129 152 154 206 156 170 98 178 341 185 159 214 163 247 256 216 227 234 241 246 242 254 265 180 450 273 300 4 103 307 309 314 142 315 137 317 324 339 138 60 447 186 349 284 351 145 276 355 358 361 86 422 364 161 431 356 373 244 208 411 381 179 20 384 387 286 398 399 153 415 421 266 423 433 437 441 446 82 269 233 396
961 2 372 368
1 2 7 9 13 17 19 24 29 35 36 38 40 42 46 48 50 51 52 55 57 59 60 62 64 66 148 75 76 77 80 82 86 87 89 90 91 92 93 94 99 68 102 104 107 109 110 116 118 120 122 127 131 135 136 141 143 147 149 150 151 152 153 154 158 160 161 162 173 174 177 178 179 181 183 184 186 188 193 196 198 673 202 203 206 207 209 211 213 222 229 230 236 240 241 242 245 246 249 259 264 265 270 272 275 279 281 282 285 300 305 306 308 309 310 312 313 314 318 320 321 322 326 327 329 330 331 333 335 340 341 343 350 351 352 356 358 359 362 363 365 368 369 372 373 375 383 393 395 397 398 401 402 403 407 410 411 413 404 416 419 422 424 425 427 429 378 430 431 433 437 438 439 440 441 443 445 451 454 456 457 459 463 467 470 472 475 476 477 479 481 482 483 485 491 495 499 501 502 503 509 511 516 517 519 524 525 527 528 529 530 534 537 541 543 545 548 719 549 551 555 557 560 561 565 566 570 578 584 589 591 592 595 596 599 600 605 607 611 614 615 616 617 623 627 628 629 634 635 640 644 645 646 653 657 658 659 660 662 663 668 670 672 677 681 684 688 913 690 692 696 697 711 712 715 716 717 718 723 724 726 728 736 739 740 741 743 745 746 748 752 753 758 762 765 769 773 775 776 779 780 783 784 786 788 793 796 798 800 801 802 804 807 809 810 812 814 818 821 823 824 825 826 829 830 839 840 841 845 846 847 848 849 850 851 853 858 862 864 866 868 871 875 879 880 101 882 885 888 889 893 896 897 898 901 903 907 909 910 911 915 917 919 920 923 933 936 939 945 947 949 950
595 2 116 66
1 4 5 137 14 391 392 140 111 266 492 351 15 44 491 45 18 20 30 516 31 254 43 47 55 56 59 89 581 83 91 216 108 123 136 176 141 149 432 321 171 181 58 565 182 72 186 200 117 202 213 229 217 235 282 84 371 185 241 476 246 69 464 196 283 577 302 361 257 278 304 309 334 341 344 352 363 295 251 369 378 288 383 398 406 408 379 418 420 424 459 461 465 590 427 162 471 473 367 474 500 485 550 524 507 510 62 76 520 530 546 540 195 569 576 587
374 2 2 3
84 325
537 2 20 13
256 125 95 128 153 216 485 234 362 300 235 284 421 24 336 375 514 278 25 232
899 2 654 429
2 3 6 10 12 378 13 15 200 535 251 721 52 16 17 664 20 23 28 34 37 40 41 42 164 835 44 71 85 358 46 47 49 53 48 54 753 57 58 59 63 266 289 64 66 67 73 77 78 309 79 9 714 81 441 82 168 84 86 89 652 91 92 95 96 97 98 100 724 101 102 104 106 107 108 110 112 115 121 122 581 123 710 124 125 126 337 128 784 129 130 131 524 135 227 136 137 610 138 142 143 144 666 145 148 149 152 559 154 684 155 722 157 158 160 166 169 162 170 172 174 326 566 175 582 406 176 180 182 183 790 404 184 186 187 189 190 191 193 590 532 195 875 196 198 199 201 531 177 572 202 204 359 210 212 214 179 217 218 480 219 223 692 226 228 395 229 483 232 233 237 287 238 688 239 886 241 797 443 243 245 246 247 253 485 255 256 258 206 547 506 737 411 787 259 736 1 262 263 140 265 268 269 271 235 272 275 276 277 279 281 284 90 188 288 291 295 848 8 22 539 296 297 185 298 299 300 301 781 302 740 303 811 859 304 305 308 310 312 314 315 317 319 320 321 322 323 324 325 344 327 328 331 332 334 336 515 18 338 339 340 30 342 348 351 352 356 361 364 765 383 203 366 367 814 105 368 587 525 369 371 752 782 727 450 372 373 375 382 876 478 384 385 391 398 824 401 860 402 403 408 194 720 410 412 413 222 224 416 141 68 31 676 417 341 857 421 422 423 425 427 432 434 436 440 444 785 420 447 862 430 448 449 452 453 456 458 461 462 463 464 467 471 475 156 734 476 132 80 292 477 482 877 459 486 487 488 489 491 538 492 497 437 498 504 507 758 508 763 863 69 127 712 512 514 517 519 809 114 816 520 335 484 521 523 528 529 534 536 537 374 542 543 544 545 546 548 549 550 554 556 61 409 7 557 560 561 563 564 565 568 111 431 569 570 571 35 575 429 577 578 83 580 588 592 593 595 596 442 759 460 350 598 600 602 163 604 605 852 606 468 607 608 381 213 609 611 613 510 615 616 617 603 618 621 499 622 225 624 594 625 744 628 629 634 159 635 639 642 619 645 646 649 650 653 656 658 660 662 663 665 667 669 671 672 673 675 677 678 65 679 680 681 597 683 874 715 686 687 562 776 690 691 693 694 552 696 897 697 700 701 702 704 707 708 466 709 711 717 167 718 723 72 729 88 730 627 735 741 742 746 747 26 750 891 75 755 330 205 757 762 766 518 767 769 682 283 771 774 414 775 777 793 779 780 800 783 345 655 56 788 789 306 791 794 270 725 795 530 626 778 33 799 732 151 802 99 803 804 805 808 810 633 812 813 815 211 761 822 826 829 831 833 726 230 836 837 842 843 844 260 846 847 849 400 733 353 855 719 699 856 540 858 244 865 866 585 868 147 869 820 871 873 879 881 396 882 647 845 14 197 743 883 884 885 887 888 889 362 638 890 839 892 893 894 36 895 896 899 294 854 215 668 355
667 2 106 103
77 8 21 35 42 44 417 47 49 53 61 82 83 86 102 105 110 112 116 126 136 142 144 622 151 171 175 181 184 206 207 209 215 232 234 236 239 240 358 267 270 279 281 284 287 296 297 298 303 313 315 324 329 342 345 353 354 359 497 360 361 365 372 659 375 380 393 412 431 139 440 442 444 456 462 466 467 470 478 487 491 496 506 521 525 529 534 555 559 560 565 568 570 576 578 579 585 586 613 624 626 630 637 640 657 658
85 2 70 27
3 46 82 14 67 7 50 63 8 24 6 41 54 10 5 9 39 70 59 72 25 15 17 37 47 19 21 26 68 30 32 81 34 43 44 55 78 58 60 61 27 64 66 52 22 75 56 65 49 16 28 79 69 71 74 40 77 76 51 1 62 80 12 73 35 42 11 13 18 83
753 2 404 354
1 2 310 3 5 6 8 9 10 11 89 12 13 15 16 17 18 19 20 21 22 25 27 30 493 38 215 42 45 47 50 51 57 59 380 61 420 64 66 67 69 72 75 190 78 79 80 81 82 153 84 85 86 87 90 91 92 97 98 99 102 460 103 108 110 325 112 115 116 117 202 63 120 124 126 131 140 149 150 151 498 155 156 158 165 166 93 168 169 171 173 752 175 176 177 178 180 182 183 184 186 188 189 191 194 196 204 205 206 207 604 465 692 210 212 213 586 128 218 346 219 220 223 224 225 226 227 228 229 231 233 236 239 241 242 243 244 246 247 248 251 254 255 256 258 260 264 134 270 625 271 274 275 276 278 279 222 282 284 287 290 291 292 293 294 295 297 299 306 300 303 307 308 309 312 317 318 319 322 323 324 328 330 331 619 332 333 336 526 337 340 341 343 344 345 347 348 352 353 376 732 355 698 356 357 641 358 359 541 362 367 370 378 384 385 386 388 391 401 402 404 452 408 409 321 411 412 415 417 421 424 427 167 428 430 431 432 433 435 436 438 441 443 445 448 449 455 458 461 159 463 468 748 470 472 473 616 474 475 480 482 484 488 494 495 500 502 503 505 395 506 508 532 509 510 514 516 610 517 518 521 523 525 527 528 530 350 537 540 542 234 546 261 547 550 551 552 724 557 558 559 71 562 565 138 567 568 571 573 574 575 576 577 580 583 456 587 589 590 593 594 595 597 598 601 602 603 605 606 607 612 614 615 617 620 623 627 631 633 637 127 639 640 642 643 649 651 653 654 656 657 658 660 661 662 663 664 666 667 83 669 670 673 674 676 677 680 682 683 685 686 687 688 689 691 696 699 700 701 163 704 705 708 709 712 718 719 720 725 726 273 49 727 728 729 733 737 706 741 743 744 745 747 753
176 2 90 90
1 2 3 4 5 6 8 11 13 14 19 20 22 23 26 28 32 33 34 35 37 41 45 46 47 49 50 52 53 56 58 59 65 67 68 71 74 43 81 84 86 87 88 89 91 92 93 94 95 96 97 98 102 109 110 111 114 117 121 122 124 125 126 127 128 130 131 134 137 138 139 143 144 146 147 149 150 151 152 153 157 158 160 166 168 170 172 173 175 176
527 2 320 53
16 437 240 9 93 440 28 88 526 412 216 32 311 352 149 279 495 41 145 272 35 49 476 31 151 317 56 446 57 264 87 414 89 422 228 98 379 313 106 141 130 451 378 140 238 443 416 26 103 411 147 407 59 18 44 144 312 336 150 482 483 433 290 286 287 394 512 310 351 471 355 90 373 20 39 165 218 157 72 34 139 232 2 304 456 65 137 320 128 489 307 468 36 294 315 256 501 326 268 160 328 176 454 173 371 220 43 22 203 205 513 263 402 78 417 502 365 269 126 366 410 523 158 213 111 223 484 206 413 215 298 475 337 459 525 185 119 7 230 486 164 288 343 236 95 254 339 235 506 464 350 73 172 273 118 54 45 283 21 293 278 289 260 285 121 460 420 153 174 517 194 453 159 324 233 179 190 1 71 281 79 30 27 472 400 13 219 385 306 466 299 300 359 64 500 504 302 108 309 316 276 116 74 94 115 363 480 70 84 48 132 388 14 37 507 488 24 496 421 327 142 127 125 208 370 434 419 329 224 340 470 58 344 163 474 461 345 383 146 356 357 217 156 436 183 372 180 510 161 195 398 261 314 508 487 291 425 248 409 124 134 86 199 353 136 187 109 171 135 427 104 207 191 334 349 481 431 82 452 239 387 110 428 244 270 493 117 148 330 457 321 432 83 458 478 257 467 92 491 346 479 418 435 333 319 178 227 524 358 520 295 376 282 63 521 247 331 85 47 449
435 2 308 79
265 50 357 368 343 297 417 413 135 223 16 248 225 5 351 350 6 7 141 11 170 211 99 36 407 12 341 251 29 231 154 30 181 159 356 121 127 107 81 39 47 26 52 110 104 55 273 232 28 57 59 192 194 229 285 46 237 40 298 398 67 259 72 304 73 422 197 75 84 85 20 43 218 281 299 385 120 77 241 353 98 410 92 332 125 325 307 200 109 45 113 156 401 22 51 428 115 166 208 293 18 117 432 38 354 178 387 27 144 66 118 167 333 396 288 262 124 82 409 303 108 334 119 374 210 128 257 129 209 21 143 149 9 150 284 415 243 151 263 168 359 102 34 25 275 219 179 222 155 370 35 207 314 142 180 345 189 42 347 366 414 233 193 183 123 355 252 321 190 184 24 140 191 172 213 215 226 95 234 83 235 394 249 384 236 326 242 416 253 15 287 280 201 268 126 278 3 300 311 302 312 320 294 17 68 291 313 14 130 338 187 315 105 76 331 175 37 424 402 429 318 93 322 204 70 371 319 324 373 327 328 199 336 342 88 216 399 306 426 188 395 227 122 96 344 346 348 404 349 352 421 361 406 250 375 377 182 282 323 296 138 382 261 53 220 254 54 161 408 134 23 411 173 388 176 64 139 317 136 289 205 372 74 389 276 245 147 390 279 198 89 419 62 330 420 295 158 239 4 152 260 378 425 364 435 165 146 365
814 2 404 315
3 6 10 14 24 31 34 35 36 42 208 46 47 50 57 61 62 370 63 66 68 72 591 73 28 76 79 83 71 601 84 86 94 97 101 102 574 103 107 108 488 110 113 114 122 125 132 127 478 134 135 140 141 477 653 145 327 150 152 157 158 159 162 163 166 517 169 172 176 5 179 813 182 185 187 16 480 188 791 116 193 194 196 198 201 270 209 329 289 210 213 74 214 217 218 221 224 226 227 229 231 235 236 238 242 248 250 253 180 441 257 211 259 124 261 262 265 382 276 279 280 646 284 681 286 290 291 167 78 298 358 129 151 300 111 563 599 301 303 656 307 308 312 338 314 315 320 321 325 332 353 339 340 345 350 352 354 356 394 360 366 368 371 373 374 375 377 379 383 384 385 386 387 390 292 395 397 398 20 400 401 402 593 403 757 405 411 306 415 418 421 422 427 428 722 432 434 30 435 437 160 438 439 440 442 444 447 448 118 449 451 452 454 164 455 616 22 456 458 459 520 460 463 464 465 466 467 469 472 430 202 473 476 481 485 486 487 491 492 494 496 60 497 148 508 509 510 512 513 521 523 525 526 361 528 530 531 532 537 542 543 359 547 548 554 555 558 559 562 564 565 566 567 568 569 572 577 583 584 155 587 657 595 600 602 603 604 608 609 610 612 614 615 794 617 618 619 622 128 625 627 631 633 634 635 277 636 639 642 673 649 651 654 655 658 659 663 666 146 335 667 671 266 672 675 676 58 682 684 685 686 691 692 693 694 698 700 701 702 705 710 712 713 717 718 719 723 728 730 89 731 732 733 736 337 737 251 738 741 23 742 743 744 747 749 727 750 752 753 184 760 762 380 768 771 232 772 776 550 782 785 515 104 786 222 788 789 216 795 100 623 796 799 800 801 802 805 178 806 98 808 443 810 812
811 2 678 215
804 5 203 440 72 67 278 736 220 227 805 11 160 458 471 103 550 689 627 479 3 726 13 517 538 14 625 234 19 617 644 45 587 757 77 573 23 24 589 28 211 123 33 732 36 273 80 37 41 47 567 578 692 65 725 50 488 51 425 207 56 105 546 57 439 634 162 59 754 61 265 267 62 20 118 622 165 276 161 631 69 179 394 603 719 385 381 648 512 497 528 728 501 70 566 98 244 76 283 78 90 85 99 112 116 571 39 335 422 119 206 310 125 722 131 801 647 721 133 222 136 239 144 150 584 154 346 594 250 157 88 432 263 199 810 164 545 159 183 168 763 170 101 421 712 491 171 135 255 172 703 780 764 173 279 175 320 176 742 446 177 185 30 189 740 194 155 274 646 197 121 201 212 444 365 27 213 218 224 640 642 744 282 230 723 232 790 151 472 251 236 237 247 42 249 653 256 766 515 79 219 773 623 1 288 261 799 63 262 374 264 467 362 304 645 438 115 266 716 551 368 87 81 371 84 373 270 415 345 379 338 137 277 715 280 532 380 156 114 473 284 226 34 660 286 287 128 294 132 299 606 301 575 307 524 781 314 303 699 138 195 316 326 392 313 317 223 306 319 328 329 193 331 611 610 525 336 186 341 343 475 691 347 549 349 737 705 572 350 113 190 167 612 181 417 353 334 127 355 363 110 364 281 586 248 352 652 367 375 240 700 102 615 563 382 633 393 658 396 558 291 71 397 208 399 260 238 257 454 100 35 327 437 31 339 683 360 680 55 297 8 405 409 774 204 235 391 43 401 411 58 309 704 659 690 629 275 502 562 412 68 580 730 414 676 419 543 464 681 83 408 776 420 169 745 423 426 520 398 448 73 139 427 428 429 694 217 210 431 147 187 714 129 433 300 416 641 729 434 348 445 449 149 630 451 184 452 468 198 463 390 117 800 481 200 466 477 48 442 9 480 26 241 4 152 490 493 330 494 509 6 620 32 498 797 706 503 504 495 608 188 511 522 18 395 285 523 97 378 216 770 526 527 406 530 372 531 49 592 761 447 474 54 540 510 541 547 311 565 122 548 435 803 233 649 191 109 553 600 254 554 295 243 731 555 777 66 460 228 556 596 111 696 564 361 568 476 569 535 570 12 574 376 577 583 599 166 585 593 752 717 597 601 290 453 778 192 602 614 560 637 93 759 22 559 616 655 489 323 792 619 626 582 332 632 635 158 533 402 636 796 682 82 639 650 92 654 318 461 657 662 667 506 671 496 668 516 430 469 669 485 163 242 370 424 590 670 672 811 628 673 302 675 678 679 684 698 340 685 753 693 702 321 708 656 182 709 713 519 718 720 724 751 229 727 733 734 465 366 521 605 663 739 746 500 180 271 791 747 748 755 388 487 758 760 767 196 387 738 769 607 86 174 492 771 258 292 505 124 772 711 576 459 775 25 779 783 784 46 624 148 701 765 785 436 17 665 788 793 741 529 534 613 315 130 695 359 794 795 687 308 209 120 536 798 403 539 153 16 802 383 106 710 143 806 457 809 221
208 2 44 25
19 87 110 14 75 184 53 159 167 18 63 44 152 121 29 21 104 68 164 146 149 113 124 111 185 134 197 94 81 23 108 191 28 24 158 100 114 39 15 42 67 30 106 190
502 2 414 141
100 2 7 167 10 401 298 154 103 18 486 20 132 21 65 350 223 126 27 30 274 457 31 34 291 42 232 35 99 261 188 46 47 49 55 58 61 484 62 142 405 64 276 48 331 1 470 423 400 70 73 82 323 198 445 97 76 77 56 501 174 388 450 86 87 88 80 89 94 495 150 279 158 95 91 96 98 272 478 304 163 75 110 449 111 112 490 373 117 311 118 59 452 29 439 128 83 131 384 33 424 296 364 41 141 145 438 222 297 8 327 264 74 144 152 351 155 410 159 170 179 175 178 283 184 402 241 185 260 190 127 345 203 164 208 93 206 363 207 210 45 214 215 227 270 233 228 120 25 173 134 15 236 113 39 197 11 492 161 243 245 172 246 473 464 247 125 248 249 253 254 312 255 267 362 257 441 217 397 160 282 259 17 51 284 342 310 63 201 140 300 195 5 9 193 258 262 123 263 81 414 266 268 307 104 275 280 281 6 483 285 148 124 288 290 301 428 239 442 26 306 252 313 314 318 109 322 325 181 328 333 455 244 458 139 204 137 419 24 23 84 251 308 149 209 481 221 334 336 338 226 347 349 357 32 497 54 66 292 194 369 358 359 360 177 451 220 366 352 346 480 116 361 375 146 368 372 430 196 168 437 355 38 374 135 324 376 365 302 377 459 176 378 67 186 335 242 122 379 387 13 315 380 277 293 79 151 153 385 389 390 393 216 305 90 426 187 295 341 200 138 493 395 309 143 434 383 403 344 415 417 162 420 234 294 421 422 413 381 427 456 72 165 356 250 475 433 436 133 440 447 500 463 271 416 443 130 3 92 337 448 453 191 454 502 224 202 238 394 166 37 12 218 386 460 367 487 465 466 469 269 78 136 19 156 22 370 471 474 332 432 476 479 321 485 107 180 157 488 407 278 482 496 498 211 353 391 418 52 115 499 404 171 494
220 2 104 67
5 7 164 13 21 27 30 14 39 41 44 47 37 51 65 68 71 72 4 83 75 77 167 203 79 58 82 100 204 92 85 84 88 93 97 142 104 159 134 91 147 108 31 127 118 205 103 117 119 124 113 171 26 128 130 220 187 49 208 139 140 146 19 12 152 53 158 193 161 172 28 177 178 67 131 3 182 149 46 206 70 185 20 78 191 57 192 114 59 81 194 122 196 62 16 197 94 198 199 201 211 23 214 216
973 2 416 52
422 465 35 653 766 371 893 407 754 959 210 905 891 677 8 493 53 335 684 785 855 314 902 73 562 328 484 404 639 44 870 481 183 928 140 725 652 853 195 448 964 693 345 917 7 823 509 733 919 831 896 903 69 466 429 156 498 276 432 47 762 297 76 299 780 390 109 118 761 572 255 879 334 164 489 211 124 547 172 944 775 963 881 819 443 101 930 198 921 777 629 768 822 347 724 665 378 738 450 821 13 950 279 106 123 102 25 243 142 846 1 842 536 414 626 806 763 244 268 307 267 77 323 39 190 828 468 27 320 62 878 544 865 231 577 204 148 713 185 539 135 512 317 304 425 285 532 720 802 926 150 256 864 303 800 415 642 369 180 137 555 952 38 232 48 92 874 310 257 325 690 293 932 603 600 845 358 218 270 233 236 374 426 907 914 321 673 127 182 49 237 410 437 134 219 400 689 741 444 722 782 471 346 838 895 708 423 718 61 154 558 744 609 966 516 491 281 747 504 605 805 453 531 859 502 161 945 418 570 452 387 604 405 957 826 131 449 779 252 15 679 506 563 809 946 480 813 749 386 872 541 272 64 593 445 528 461 412 834 482 11 157 29 850 490 28 523 623 86 518 601 31 519 542 306 552 803 349 486 714 96 571 961 266 342 454 533 59 207 23 399 765 942 889 10 612 265 322 464 649 920 396 591 728 621 656 435 772 556 336 674 587 796 699 308 43 703 730 503 24 549 832 469 379 508 758 12 755 792 715 811 871 83 956 740 627 326 146 568 87 298 748 170 250 756 876 206 110 234 816 305 351 837 882 611 427 745 687 159 45 52 692 189 771 133 391 42 262 704 114 866 462 497 205 33 971 719 21 650 592 969 290 931 242 622 442 500 776 521 847 472 752 951 922 184 167 261 923 339 888 933 883 936 927 311 825 71 906 899 97 659 941 373 595 313 333
822 2 294 258
7 14 18 24 26 27 281 28 30 32 818 36 40 42 44 49 50 61 119 62 68 72 76 80 84 85 86 83 88 92 93 94 347 108 109 112 446 113 114 115 117 122 124 125 126 128 217 131 132 133 135 136 10 139 144 149 152 162 228 168 172 510 173 175 176 177 178 182 188 189 191 195 142 111 196 199 200 202 204 205 206 213 218 221 578 224 229 232 234 241 242 243 249 65 250 256 362 258 259 268 271 279 280 287 288 295 297 303 305 307 308 309 313 315 318 319 320 322 323 332 333 335 337 342 349 352 358 363 368 370 372 374 375 377 380 383 384 394 396 397 406 410 411 465 419 422 431 433 434 427 436 440 442 449 450 453 455 457 467 468 471 472 473 475 476 482 483 484 487 488 494 495 466 498 501 505 509 63 517 520 719 524 525 670 526 527 529 532 533 536 541 545 554 454 556 558 560 562 567 733 568 569 579 580 583 584 585 587 594 595 599 601 602 101 795 608 611 613 614 616 618 619 620 625 628 632 637 638 642 644 646 813 651 654 655 657 735 658 659 439 660 664 672 674 675 676 682 683 688 633 690 705 707 708 720 641 721 725 227 730 731 737 740 744 745 747 748 506 752 753 755 756 758 764 765 776 777 780 782 786 788 792 793 801 803 491 180 805 269 198 257 807 816 819
178 2 142 63
95 2 144 3 106 175 9 62 10 12 15 16 166 141 37 6 35 23 172 14 178 26 157 66 27 137 100 139 31 30 32 92 33 146 34 55 162 40 41 42 79 174 101 39 28 96 43 135 48 143 17 20 89 74 171 44 45 46 107 53 57 78 82 127 164 59 102 61 93 64 70 145 65 72 76 77 80 147 68 87 167 69 88 121 161 38 90 94 140 97 29 103 85 104 105 153 108 4 86 129 119 109 112 116 117 152 118 19 120 22 11 81 122 123 36 83 126 132 136 115 142 154 151 63 18 149 150 155 158 159 75 71 160 148 58 169 5 173 156 134 110 177
719 2 304 111
4 26 21 432 49 34 145 48 51 60 593 510 67 252 71 85 150 550 90 63 500 481 82 597 57 101 676 108 630 113 3 121 102 123 337 228 703 109 266 525 129 352 614 452 141 142 144 567 218 256 131 152 95 358 167 174 175 596 590 690 186 207 187 42 197 117 516 234 198 203 119 697 213 221 122 274 406 76 87 345 240 241 570 302 443 184 110 474 12 576 201 300 373 243 543 30 661 528 249 563 472 547 253 504 529 255 147 264 565 272 278 106 496 702 282 407 260 74 292 233 40 424 295 512 374 37 534 308 24 311 493 350 79 390 402 410 540 312 707 577 318 498 324 541 409 279 319 328 331 505 427 336 340 70 363 562 515 290 377 38 506 22 391 392 80 393 92 83 442 179 398 372 668 6 242 55 153 663 486 412 69 208 601 140 603 239 73 418 195 585 399 404 96 157 419 370 89 325 343 209 426 696 429 718 125 346 425 675 526 473 433 708 447 5 449 671 580 637 457 466 557 230 349 355 480 62 662 15 482 489 428 490 599 689 499 503 649 704 247 151 507 250 244 335 509 531 204 610 169 571 545 537 310 552 652 553 583 210 587 608 617 523 623 115 647 682 651 416 356 413 659 561 347 389 369 666 367 667 669 710 334 673 29 650 353 200 277 631 609 281 542 687 394 469 642 688 698 569 706 713 333 162 166 717
262 2 120 92
19 26 27 31 34 41 44 225 232 48 49 51 10 57 60 62 69 71 159 72 175 76 77 78 80 82 83 93 96 97 99 101 30 90 105 106 107 108 38 79 109 113 81 117 35 118 120 121 122 128 157 133 134 137 138 139 140 141 142 154 224 143 145 152 153 158 87 22 164 165 167 169 74 170 171 173 21 176 65 179 182 8 162 186 187 193 196 205 180 210 212 114 213 214 219 217 220 222 223 39 228 229 202 230 236 238 103 242 243 244 245 246 239 136 247 249 211 252 257 258
825 2 792 171
89 404 694 355 3 20 793 30 100 33 402 111 177 556 86 602 35 54 39 314 361 269 635 794 425 701 454 765 591 721 110 817 322 61 6 505 62 406 444 204 287 63 724 141 710 711 377 58 167 667 622 66 73 75 455 145 77 373 419 416 619 32 469 696 304 659 149 81 613 52 171 248 788 555 552 83 551 802 197 691 1 717 126 220 99 370 104 687 283 241 157 676 485 107 707 246 405 240 499 534 98 757 690 764 512 250 114 681 753 576 683 747 117 161 506 119 130 359 132 191 438 217 188 123 146 244 567 298 266 154 236 332 686 125 158 14 178 807 150 598 232 516 403 138 640 168 396 96 574 538 296 271 654 169 730 170 527 426 29 606 172 472 515 173 176 588 390 180 281 243 185 356 194 706 88 26 187 585 211 699 704 712 213 280 657 480 302 338 738 714 215 400 231 76 136 182 234 772 242 118 394 649 595 265 249 267 105 813 570 608 589 221 268 334 700 364 462 453 679 306 55 411 423 754 383 490 46 275 286 572 547 292 69 476 307 824 308 316 326 503 87 652 224 305 285 319 320 746 34 422 621 229 106 741 327 216 333 255 339 519 433 429 739 311 471 352 414 660 354 357 358 222 218 451 372 10 93 363 219 336 374 68 315 113 335 137 47 71 379 134 147 384 48 387 200 368 101 80 737 16 348 392 5 413 329 417 317 509 295 84 353 399 223 457 777 49 775 427 435 768 165 586 258 349 487 437 440 230 684 436 201 612 536 341 599 678 443 474 742 40 466 814 569 439 445 128 65 500 638 272 818 450 245 393 452 458 461 618 498 477 262 463 663 386 467 470 274 781 196 605 120 580 543 263 133 486 395 597 447 367 473 497 53 558 261 491 337 582 163 493 773 247 722 398 202 342 44 494 771 57 501 504 318 593 82 102 227 508 537 513 522 412 324 550 523 103 600 37 156 526 17 533 410 18 703 617 540 734 616 806 541 542 238 351 9 301 208 544 548 732 309 310 697 545 564 325 546 479 553 650 164 264 803 560 109 381 442 561 562 209 251 727 716 273 121 566 38 237 568 502 45 782 441 140 653 594 42 786 321 210 763 789 24 776 774 8 783 465 478 407 575 587 408 590 565 592 489 206 389 610 276 159 647 514 291 623 819 554 25 624 175 207 584 743 581 626 95 50 578 74 328 627 148 751 28 19 531 644 685 115 630 330 183 539 340 823 637 641 708 532 723 449 778 378 397 799 720 205 762 643 282 23 36 108 669 256 421 160 385 666 525 297 67 142 259 648 350 655 484 535 528 661 756 300 670 664 4 143 510 483 557 645 521 520 21 748 431 22 668 192 682 671 155 518 744 434 825 420 260 675 524 530 139 633 822 642 365 631 181 677 186 680 303 688 692 698 475 628 495 798 713 563 195 632 496 715 70 636 693 821 719 549 270 41 726 51 729 189 614 629 689 56 152 299 129 695 625 233 731 468 203 718 755 511 382 391 124 674 780 7 375 811 184 735 725 388 805 761 611 127 235 740 380 97 409 801 78 517 745 733 72 577 709 91 428 254 288 371 749 253 804 331 559 116 214 750 760 752 11 758 376 766 651 634 767 769 770 446 488 779 198 812 179 604 673 784 277 290 787 603 790 313 456 430 791 792 609 166 15 460 369 795 796 401 800 658 64 481 607 228 656 583 239 323 13 808 464 809 573 646 85 27 672 366 225 278 131 424 459 702 705 615 432 492 279 226 415 122 257 151 347 212 60 601 620 199 507 174 596 2 360 810 665 816 571 344 820 144 90 135 162 346
173 2 12 9
74 43 50 105 125 114 118 133 66 137 143 26
844 2 96 87
19 35 40 41 47 50 330 51 55 58 78 79 94 132 170 189 194 758 195 198 205 213 221 222 216 261 266 272 284 297 178 726 301 309 313 320 325 329 334 341 342 345 348 359 366 388 391 416 421 466 473 499 501 510 182 544 548 557 560 562 569 578 579 582 605 615 621 324 622 273 627 86 634 636 641 646 648 833 656 661 666 687 693 694 707 712 713 730 736 744 749 751 778 783 809 844
581 2 46 52
11 24 17 30 409 44 155 80 81 120 2 126 138 143 180 188 194 399 218 22 240 144 245 246 255 258 262 401 310 334 336 352 381 403 429 444 451 446 465 489 493 501 539 281 90 569
348 2 174 36
249 16 14 295 20 157 15 162 247 158 70 117 27 274 120 181 292 145 343 329 67 22 44 207 31 144 337 49 57 97 164 104 171 110 113 74 302 77 18 111 123 180 277 7 85 218 140 271 197 65 71 30 184 142 201 13 10 160 38 278 40 272 166 124 45 212 243 289 98 175 214 50 199 244 4 81 6 241 245 167 299 72 80 152 165 25 319 240 318 91 95 51 345 168 210 255 185 209 128 204 116 122 332 216 304 227 251 103 228 8 229 215 68 259 217 317 139 121 19 262 339 264 170 256 99 281 331 340 147 105 156 56 334 309 203 198 235 163 118 338 242 188 141 290 127 79 263 179 155 60 173 61 296 206 341 225 348 28 279 35 324 176 151 182 327 250 312 149 193 78 53 150 52 284
928 2 68 37
2 892 57 68 84 139 142 145 235 191 627 201 209 842 230 236 250 273 436 331 348 395 433 171 442 86 156 454 257 441 54 494 505 816 857 216 526 432 246 874 227 562 188 690 173 527 561 576 907 564 347 766 11 152 633 635 828 419 730 62 753 280 771 793 804 834 813 867
248 2 158 89
115 7 226 12 221 15 17 18 143 106 29 199 32 216 35 117 139 144 85 36 108 101 41 47 39 48 49 51 2 55 59 64 65 169 83 66 82 43 68 247 214 21 69 71 73 165 74 75 87 34 52 113 11 89 203 231 90 188 4 23 103 205 172 134 112 239 70 236 63 116 163 94 118 120 161 194 121 122 124 238 31 126 91 210 127 130 195 138 148 152 137 60 157 53 57 37 215 162 149 167 170 78 177 176 180 109 146 97 230 67 183 184 107 145 185 123 191 196 217 225 153 197 25 198 200 164 201 202 190 204 158 6 207 208 81 182 61 209 211 20 168 27 222 223 42 129 160 224 234 241 242 186 243 54 192 166 105 244
894 2 302 142
8 10 765 13 21 24 702 497 95 32 34 697 52 72 103 490 439 76 429 474 552 242 90 171 114 11 65 880 670 864 42 613 125 128 86 133 2 181 153 593 159 823 853 43 259 158 165 182 626 623 166 189 196 200 680 203 204 258 419 637 772 142 209 405 218 93 29 229 787 828 236 606 80 117 877 238 239 240 420 257 260 120 263 274 293 472 296 297 492 311 326 180 328 347 348 99 351 356 38 577 224 357 657 365 366 368 705 345 827 519 870 377 382 385 308 525 396 399 786 403 645 422 75 854 757 423 430 214 438 822 339 322 742 442 660 690 424 443 446 458 380 462 463 464 675 760 491 18 384 465 481 486 453 487 488 489 547 879 534 493 502 563 890 509 754 78 174 506 647 512 513 515 536 767 537 850 587 540 250 544 39 207 569 583 599 608 398 609 612 619 620 621 388 346 349 303 74 625 627 202 633 362 340 636 638 105 628 644 745 648 726 23 1 629 649 550 309 610 655 401 585 622 484 663 664 666 668 682 706 687 251 598 319 688 363 689 59 635 283 300 397 693 53 289 694 701 703 359 704 597 468 791 707 724 557 708 709 71 713 428 721 139 732 737 575 17 738 749 761 764 450 777 788 614 789 794 390 802 373 315 812 327 448 834 846 58 85 852 871 735 199 451 874 876 882 278 227 883 889 891 417 893
338 2 218 207
1 2 3 4 5 8 12 15 16 17 18 19 20 21 22 23 24 27 198 29 33 34 40 42 44 45 47 48 51 53 54 55 56 62 63 64 65 66 67 71 91 69 72 73 75 77 78 79 80 82 83 85 86 87 197 88 89 90 92 98 100 101 102 103 106 107 108 111 112 113 114 115 117 118 120 122 97 124 125 126 127 128 131 132 133 136 138 6 139 140 142 143 147 151 152 153 155 156 157 158 159 160 161 163 166 167 169 170 171 172 174 175 176 179 182 184 185 188 189 190 192 193 195 196 200 201 203 204 205 222 207 208 212 213 215 217 218 221 223 224 225 226 228 229 241 230 231 232 233 234 235 236 237 238 239 240 242 243 246 247 248 252 253 255 264 261 262 263 265 244 266 268 269 270 271 272 274 276 277 278 104 280 282 283 284 286 288 289 292 294 295 298 299 300 301 302 303 304 308 311 312 313 315 316 14 317 320 321 323 324 327 328 330 332 333 334 336 337
862 2 448 258
5 9 751 10 11 655 274 533 13 105 14 306 15 16 18 19 22 27 28 30 36 711 45 53 57 794 147 63 65 69 848 70 71 81 727 86 87 511 89 281 502 91 738 98 56 650 106 589 107 110 112 118 697 688 122 571 124 17 125 128 135 139 143 150 471 504 59 153 654 565 164 169 75 514 170 181 183 188 294 191 759 200 202 553 557 745 575 203 208 364 303 636 420 214 220 226 528 231 233 238 239 241 827 451 242 246 375 248 403 252 253 254 141 258 176 261 262 268 271 272 391 273 97 287 618 288 289 291 193 295 296 508 297 434 298 90 338 301 784 346 307 310 260 314 318 319 548 678 457 320 564 322 324 329 332 336 406 714 372 216 339 158 398 341 344 204 677 277 345 286 644 350 479 352 304 38 40 74 355 365 161 366 68 23 54 266 343 218 829 217 370 373 374 380 225 382 383 386 409 388 407 95 441 416 49 393 401 415 361 418 421 422 425 432 433 439 444 448 450 323 452 32 517 459 783 461 463 29 130 376 464 465 467 468 832 698 580 615 480 481 477 488 494 496 499 503 142 206 505 507 113 513 515 34 20 476 685 66 516 159 524 525 526 529 530 394 605 531 611 535 540 543 546 549 552 561 424 566 545 569 579 581 37 583 584 586 587 588 593 522 597 603 777 607 608 612 614 412 623 852 137 625 542 551 626 360 632 555 634 340 637 638 706 639 157 640 302 265 642 646 367 456 648 659 661 662 663 667 674 680 683 684 92 689 690 742 85 691 219 534 692 43 466 705 707 709 710 715 399 719 212 722 772 725 103 758 726 728 730 731 734 582 245 739 501 669 740 743 744 746 749 750 325 577 752 755 757 429 760 762 763 767 21 771 778 768 44 556 665 199 140 686 779 236 145 780 536 790 791 269 795 797 798 802 701 673 808 809 810 811 276 606 789 812 631 275 550 77 815 764 818 186 563 826 828 177 402 830 833 609 835 405 839 387 390 568 847 851 657 198 807 79 156 855 155 858 221 860
67 2 34 21
30 3 12 24 10 9 63 42 16 18 25 28 29 32 34 44 38 46 26 27 20 23 55 57 59 60 31 62 65 14 66 67 15 2
615 2 270 35
332 105 405 392 467 97 140 606 40 161 373 526 420 587 215 75 281 124 316 72 594 287 270 504 251 443 208 136 602 499 71 520 203 243 269 314 123 42 224 152 122 318 615 508 449 266 605 403 399 237 416 194 61 470 540 454 396 138 229 17 360 70 327 192 562 484 561 253 305 149 157 505 498 462 333 309 585 45 34 52 306 55 560 588 193 358 197 50 418 234 311 532 128 610 368 196 398 120 205 597 37 159 544 509 200 195 246 406 73 31 423 160 581 432 33 86 100 456 291 609 184 199 408 435 481 452 53 141 166 23 324 26 603 513 83 191 388 476 129 379 394 81 112 468 489 148 84 477 551 317 96 483 490 14 496 265 217 175 584 156 410 178 132 565 415 219 220 47 522 524 216 182 567 437 534 218 114 374 444 397 463 80 108 351 248 236 614 568 238 139 501 417 412 117 190 256 554 487 464 268 395 593 13 59 537 582 529 533 433 337 548 506 172 7 170 558 245 173 553 576 466 273 516 367 271 25 334 546 85 330 118 566 303 235 135 511 612 176 158 252 179 209 389 342 283 528 313 390 571 448 601 517 244 264 116 88 35 384 510 177 28 349 67 404 577 87 391 115 5 538
443 2 194 160
2 4 14 16 20 23 24 113 27 32 35 47 53 54 60 61 63 99 66 69 74 78 79 273 82 87 89 257 28 92 93 95 98 101 105 162 107 112 115 116 121 122 123 125 126 127 129 131 133 135 138 139 140 120 164 141 142 229 144 146 147 148 249 150 152 50 157 158 91 161 169 172 174 175 428 381 177 179 181 231 375 185 187 166 189 190 191 193 194 195 377 287 197 199 201 202 203 206 211 111 212 136 215 219 29 226 227 240 243 244 246 250 253 258 260 262 266 269 130 272 274 279 283 284 285 286 288 289 301 302 303 306 308 416 309 316 311 313 315 322 326 327 156 331 332 333 324 339 334 337 340 344 348 349 359 151 362 363 365 368 370 372 373 379 384 387 390 90 391 392 393 394 397 398 178 400 402 403 407 415 248 424 134 426 431 228 106 433 434 188 304 437 442 443
392 2 328 73
374 213 3 232 326 259 5 115 345 294 27 342 18 21 30 43 150 44 119 286 237 181 173 46 289 281 352 212 52 197 91 148 349 199 244 54 167 14 57 59 387 90 163 201 305 20 329 299 358 63 246 343 365 66 37 318 319 39 24 114 262 154 92 242 75 60 62 270 67 166 36 104 69 11 277 325 176 73 74 339 364 80 85 94 99 71 8 185 95 42 98 124 78 127 86 322 35 168 65 335 223 306 228 362 255 389 72 366 102 220 272 164 174 334 370 53 77 257 209 50 384 128 292 235 211 296 309 323 146 55 206 149 287 160 26 152 143 58 170 175 48 84 97 315 354 288 145 183 200 184 10 191 192 210 214 357 112 140 188 135 96 218 118 360 250 7 221 47 245 171 275 379 136 139 311 312 179 367 300 279 129 28 231 239 267 241 49 196 182 385 70 116 382 117 247 120 271 187 41 308 15 252 87 226 141 108 32 194 126 1 258 248 123 249 240 251 177 353 263 100 17 320 265 236 133 101 328 217 31 317 82 346 156 266 327 269 22 111 274 278 280 282 225 219 291 230 12 390 380 276 125 383 344 9 355 16 89 307 155 153 340 378 103 56 376 2 295 388 23 303 304 314 316 234 261 324 216 331 332 158 361 4 268 238 180 243 351 13 350 33 165 356 256 321 203 348 161 363 25 371 151 372 381 132 6 264 19 284 330 386 83 64 207 113 293 392 38 147 391 227 297 290 138 137 260 347 377 122
257 2 88 61
2 203 9 18 151 106 19 45 21 22 175 28 150 32 34 37 46 10 53 54 55 72 30 147 77 80 84 91 94 107 100 108 113 114 20 118 119 126 127 210 212 15 62 139 33 38 43 149 161 163 164 238 167 168 69 1 169 173 186 190 192 193 188 237 194 196 74 204 205 217 222 224 226 230 233 96 240 241 228 170 244 88 246 248 66 68 253 256
405 2 400 368
1 2 3 4 5 6 7 8 21 168 9 12 13 14 15 16 17 18 19 145 20 22 276 23 24 25 26 27 28 29 30 32 33 34 112 35 36 37 38 40 41 42 43 45 46 47 359 62 48 49 50 31 326 51 53 54 55 56 57 200 58 59 60 61 63 64 66 67 68 69 70 71 72 73 74 78 79 80 81 82 83 84 85 86 87 89 90 75 91 92 93 94 95 96 97 98 99 362 100 101 102 104 105 106 107 108 109 110 111 113 114 115 116 117 118 65 119 120 160 121 122 123 124 126 217 127 128 129 130 131 132 133 134 135 136 137 138 139 140 141 142 143 144 146 147 148 149 150 152 154 180 155 157 158 161 162 163 164 165 166 167 169 170 311 171 172 194 173 174 175 176 177 178 211 181 182 183 184 185 186 187 188 189 281 190 191 192 193 195 196 197 198 199 201 202 203 204 205 206 207 208 179 389 209 210 212 213 214 216 218 219 220 221 222 223 224 225 226 227 215 228 229 230 231 232 233 234 235 236 237 238 239 240 241 384 242 243 244 246 247 248 249 250 300 251 252 253 254 255 296 151 256 257 258 259 260 262 263 264 266 267 268 269 271 272 273 76 274 275 277 278 280 10 282 285 283 284 11 286 287 288 289 290 291 265 292 293 294 295 77 297 298 301 302 303 304 305 306 325 307 308 309 310 312 313 314 315 316 156 317 318 340 319 320 321 322 52 323 324 327 328 329 330 333 331 245 332 334 335 336 337 338 339 341 342 343 125 398 344 345 346 347 348 358 349 350 351 352 353 354 355 356 357 360 361 363 364 365 366 367 368 369 153 370 371 372 373 374 375 376 377 378 379 380 381 382 383 385 386 387 388 270 390 391 392 393 394 395 396 397 399 400 401 402 403 404 405 44 88 159
471 2 462 101
337 385 341 93 396 358 135 191 201 444 193 3 209 9 221 367 47 168 410 356 388 188 200 156 32 349 239 266 40 36 43 459 376 107 259 45 453 334 57 116 132 8 108 61 422 105 421 54 42 434 314 104 439 375 265 184 182 119 140 333 398 269 159 63 471 277 440 68 324 254 75 407 15 451 233 120 35 23 455 24 77 397 95 217 379 18 80 236 69 114 87 387 311 89 147 85 13 424 463 14 64 447 423 163 313 399 90 96 97 124 48 420 302 10 99 46 369 235 360 327 352 238 321 225 436 129 202 78 290 231 462 194 288 301 213 283 374 329 285 106 118 128 134 143 146 275 145 304 452 365 148 65 115 263 274 431 150 466 158 86 62 72 164 139 102 55 435 370 1 122 271 380 438 460 426 450 216 178 154 222 253 112 412 224 33 373 56 183 185 38 160 111 5 428 192 58 330 390 260 218 52 322 109 411 49 27 70 409 402 133 20 204 323 384 190 448 66 196 39 371 403 338 195 12 175 315 347 332 207 386 215 155 242 2 228 230 456 142 26 437 240 244 243 169 211 226 279 251 117 368 256 187 198 173 176 443 446 232 98 470 101 30 203 136 418 223 309 340 210 354 245 414 71 317 258 41 261 461 83 166 350 264 372 257 262 94 67 267 295 37 84 268 138 392 144 113 278 316 162 286 28 287 393 208 17 165 377 177 289 293 445 294 130 172 339 449 416 153 394 181 417 81 171 320 296 103 189 363 298 248 300 270 306 284 7 312 237 51 186 382 308 310 137 121 179 11 432 125 381 457 364 362 303 21 170 123 325 73 272 79 249 255 280 326 355 297 152 319 307 328 31 433 22 100 401 331 214 197 246 91 469 335 29 342 4 276 343 383 82 206 234 346 250 348 252 157 351 53 282 292 405 361 219 247 180 318 389 465 126 391 395 161 291 404 44 427 406 25 353 110 227 167 273 408 59 413 415 92 336 281 88 419 425 366 429 345 199 468 299 430 19 454 60 205 131 149 212 220 6 241 141 441 442 305 467 74 458 16 464 400 359 357
651 2 224 110
2 611 5 7 86 633 432 18 408 22 240 23 37 42 45 317 51 566 585 439 52 62 617 450 68 166 443 69 71 73 89 92 344 631 294 102 104 111 114 50 115 118 136 140 145 569 148 350 161 162 172 178 179 181 187 201 30 259 500 203 413 141 206 207 485 391 304 557 288 228 582 214 556 229 406 357 238 356 31 160 252 255 258 260 262 328 310 581 13 494 209 263 370 105 481 507 3 266 521 267 236 28 175 273 41 275 293 440 330 636 321 326 191 335 336 127 388 343 526 120 345 410 414 347 498 351 183 368 375 377 78 389 396 167 221 397 362 216 632 399 34 121 603 80 269 405 156 411 418 220 422 245 424 425 431 512 447 372 59 483 499 435 79 444 445 308 449 465 295 460 36 77 421 371 468 270 470 484 546 10 32 493 495 456 176 508 510 316 515 151 520 537 564 211 567 575 578 604 204 282 342 630 605 606 239 608 430 610 615 394 643 503 393 616 522 621 639 640 333 43 645 496 649 374
19 2 12 15
3 4 5 7 9 10 11 14 15 17 18 1
4 2 2 5
2 3
95 2 4 12
4 23 62 68
793 2 654 521
1 3 773 15 4 5 6 7 266 8 9 11 13 14 16 18 19 542 663 20 21 22 24 27 28 29 30 32 34 572 35 36 37 38 39 40 41 42 44 46 47 630 49 50 51 52 445 53 691 54 56 440 57 63 66 67 69 71 72 212 73 74 175 561 75 81 82 83 85 86 87 275 77 88 89 90 91 224 93 94 172 95 97 98 99 100 104 106 107 108 109 110 111 112 113 114 116 117 118 119 120 125 126 127 128 589 130 718 134 154 203 356 135 712 137 138 139 140 426 761 321 141 144 147 148 151 70 152 514 153 158 159 719 160 161 2 162 164 167 168 169 171 173 174 710 325 124 176 179 181 187 189 190 191 193 195 133 197 592 198 199 200 201 202 590 460 204 330 205 206 207 209 211 213 214 216 217 183 615 218 513 219 220 221 222 225 226 227 230 271 165 231 290 238 232 234 236 237 239 246 247 766 248 249 250 251 252 737 48 254 17 255 303 256 258 260 261 482 263 264 448 265 267 720 268 269 272 276 277 278 279 280 281 283 284 282 286 287 288 289 291 80 292 293 294 295 296 297 415 298 300 301 304 307 308 310 311 316 383 444 317 391 318 323 326 497 329 332 334 335 336 338 339 340 341 342 305 343 132 302 345 751 346 347 349 350 352 353 777 354 357 358 186 639 327 359 361 103 717 362 364 365 480 366 368 369 370 337 371 612 372 374 375 377 378 379 673 382 381 520 384 385 386 387 388 389 392 393 394 395 396 397 399 400 401 404 402 405 409 410 411 412 413 414 417 418 764 419 723 420 421 423 424 425 428 390 434 439 441 442 443 446 229 447 518 450 244 614 241 61 785 452 453 454 455 456 457 458 461 462 464 539 129 465 467 468 469 470 471 776 299 245 472 157 682 473 475 606 476 477 478 479 481 438 483 484 486 487 488 490 492 494 495 496 498 499 500 501 433 502 504 505 507 508 509 510 512 515 516 692 517 519 351 521 522 523 524 26 526 527 360 528 793 529 530 532 533 534 535 536 537 540 543 544 546 547 188 548 549 551 552 163 553 554 557 558 503 485 525 559 556 560 562 563 565 567 320 585 568 569 136 570 571 574 576 577 578 579 506 601 721 580 581 582 583 586 591 684 593 594 595 596 597 603 605 607 608 43 609 610 611 790 616 617 618 619 620 621 622 623 624 625 626 627 628 629 762 631 491 632 675 274 771 633 634 635 636 637 638 642 643 644 645 646 647 648 649 654 657 658 659 660 661 662 640 664 584 666 669 672 674 676 679 328 680 79 681 683 685 146 686 735 687 688 689 690 693 694 695 696 573 697 700 564 702 703 704 705 706 707 708 709 713 698 714 715 177 716 722 772 724 725 726 727 729 730 285 732 59 322 733 734 736 738 739 740 742 743 744 745 746 747 149 641 748 749 750 754 756 758 759 242 760 763 376 765 767 768 769 12 774 398 432 779 780 781 782 783 784 786 787 788 791 792
489 2 486 70
70 332 92 25 5 218 255 397 80 466 16 302 387 15 206 137 305 27 388 412 47 22 363 184 116 464 423 433 18 40 186 304 265 375 487 172 56 57 236 96 303 155 455 103 451 308 1 342 355 267 9 479 20 129 327 376 403 390 99 73 411 13 30 145 74 425 75 76 482 44 374 424 79 84 128 208 398 296 360 94 459 224 28 291 396 135 106 124 453 110 347 415 250 113 333 60 319 36 283 469 170 245 95 380 432 377 480 141 121 389 87 477 222 3 123 51 472 234 107 271 461 188 91 349 198 52 251 286 11 138 244 189 366 125 354 242 166 336 406 134 183 212 312 439 320 227 39 148 43 285 418 202 152 249 306 72 160 32 264 156 232 452 247 311 24 90 167 215 67 69 33 181 88 428 462 158 263 280 119 395 97 127 49 114 358 292 61 235 220 146 252 290 98 258 182 19 201 314 173 465 63 233 194 429 446 130 421 151 105 144 350 196 37 240 225 204 323 238 205 237 23 115 400 471 190 261 211 298 408 185 216 142 330 301 223 192 38 437 275 26 289 8 369 31 417 226 447 341 414 55 367 230 85 441 277 163 17 426 83 140 413 322 259 371 246 295 168 120 178 150 2 241 393 89 416 101 174 214 352 254 317 281 362 288 6 68 256 269 118 169 34 270 435 53 180 315 133 309 470 404 272 287 394 197 268 379 476 117 419 45 458 328 474 4 274 64 357 278 449 331 58 324 486 29 273 153 431 356 175 282 368 430 402 381 154 370 346 489 300 86 199 450 231 361 10 293 248 257 161 143 444 65 262 122 318 149 112 382 359 50 353 177 463 109 383 187 108 344 213 468 351 384 171 391 410 337 378 284 438 467 310 329 162 454 210 165 54 343 136 12 14 35 345 481 313 48 364 276 339 41 46 203 7 321 372 195 373 399 427 316 229 193 401 407 409 392 460 326 440 420 434 478 62 159 334 78 335 209 445 66 348 260 221 485 436 442 82 448 111 131 207 456 457 386 100 102 81 219 473 307 132 21 104 126 325 71 405 297 475 266 338 484 279 157 365 340 239 191 179 483 139 253 164 243 200 59 422 42 488 176 294 93 228 147 443 299
928 2 560 58
573 407 10 773 676 705 101 126 30 43 380 412 524 899 330 632 762 913 466 167 61 468 298 681 903 201 254 441 757 284 602 728 608 387 814 315 517 70 171 132 99 347 652 604 216 611 461 784 601 704 141 226 754 699 104 509 579 36 117 401 419 900 511 462 564 861 78 109 273 655 427 691 35 819 225 845 665 133 815 193 369 26 621 587 836 54 827 617 83 578 742 86 706 548 739 709 454 344 755 294 200 57 146 434 156 484 366 569 774 864 135 928 732 23 256 576 643 262 179 340 197 137 11 279 219 727 53 263 28 58 243 721 305 208 98 118 818 884 858 276 719 360 136 75 286 857 568 147 345 552 539 518 566 152 209 111 310 190 281 400 96 781 785 841 791 65 584 823 667 333 807 875 239 504 744 675 116 90 312 625 335 277 396 206 303 373 324 620 316 164 253 609 615 901 599 338 922 714 106 110 346 658 715 17 224 88 798 597 750 696 805 318 121 185 382 687 804 846 626 220 246 765 252 403 250 623 866 572 923 648 313 876 537 803 563 633 192 444 423 362 27 314 581 237 571 115 259 46 48 628 182 364 105 266 270 374 775 139 418 275 586 768 372 108 493 50 510 716 29 627 895 850 71 758 148 378 717 352 370 402 77 505 376 66 207 157 301 37 404 603 8 435 355 241 436 778 420 907 124 151 213 673 730 583 181 873 425 793 622 203 661 440 20 443 605 232 410 456 482 480 680 62 31 74 16 871 143 476 255 499 334 525 507 550 188 722 533 872 447 536 64 325 924 816 647 357 748 351 723 56 574 422 855 236 235 194 641 889 19 145 251 917 63 654 426 264 668 33 523 280 502 51 521 698 307 869 542 371 649 129 359 472 343 45 740 368 764 25 788 327 67 458 720 547 93 674 695 747 630 522 214 308 153 596 130 448 381 534 914 847 59 527 821 464 72 565 610 660 160 575 711 127 812 479 386 186 144 822 249 710 496 498 669 656 384 76 560 570 797 616 835 840 406 796 169 735 591 299 870 593 128 174 94 397 302 904 879 223 921 920 474 47 792 813 215 837 800 874 799 598 540 831 112 745 242 662 638 261 69 175 894 817 910 809 244 826 80 486 865 729 348 916 519 178 642 429 3 834 854 877 753 430 763 634 211 55 162 670 513 908 100 531 34 556 848 227 856 495 432 40 737 743 415 911 906 692 686 558 453 191 782 635 600 766 590 767 833 905 902 639 926 897 265 844 612 107 912 231 14 459 196 414 358 332 399 287 375 802 795 125
469 2 246 51
430 326 121 3 299 332 375 20 247 194 264 24 365 257 205 290 314 198 398 37 401 278 30 249 215 435 454 42 230 379 235 161 67 153 27 52 100 250 185 158 309 44 50 147 345 243 255 175 63 150 57 113 297 41 66 187 1 75 86 31 328 393 157 349 155 226 144 193 284 77 93 84 18 71 188 61 85 174 288 351 101 45 119 143 228 26 46 83 378 459 335 172 166 330 152 450 438 441 233 346 154 146 2 39 140 6 355 111 159 356 225 371 177 212 344 178 446 448 394 82 213 241 227 372 12 455 251 268 221 214 28 384 400 253 293 132 62 321 282 360 107 402 182 195 444 203 269 49 169 217 74 386 301 64 252 389 256 265 78 276 92 285 420 319 162 339 90 240 461 350 338 135 281 114 16 280 105 134 204 417 329 148 331 347 303 5 210 306 254 70 245 340 358 313 170 298 363 416 333 125 234 382 437 145 362 466 392 388 87 120 53 267 123 385 128 186 68 396 411 32 81 258 72 377 407 352 414 191 421 184 423 442 451 359 387 397 65 324 76 137 58 462 296 464 266 317
710 2 352 91
20 260 25 617 123 219 644 408 243 619 100 545 132 595 165 30 64 39 582 571 77 255 80 89 91 658 256 86 42 97 257 294 51 117 105 22 133 307 152 154 288 56 347 247 158 90 161 623 250 168 174 224 549 176 186 432 593 526 190 559 612 149 141 199 57 548 502 352 480 454 249 202 209 210 605 212 228 48 236 540 519 426 675 241 28 528 248 436 446 264 268 640 525 269 659 11 285 391 451 626 45 547 280 279 23 197 342 283 193 126 171 31 114 286 291 628 316 296 514 358 69 179 457 520 172 102 36 106 374 379 537 610 304 305 588 320 311 318 409 143 643 323 327 330 513 382 118 84 419 244 340 229 75 61 635 354 356 698 423 113 361 589 298 375 539 371 263 148 655 523 648 34 313 670 505 99 381 284 531 688 652 344 389 377 272 265 696 112 145 412 568 646 424 467 416 355 324 417 420 378 322 422 431 583 17 439 173 667 88 215 602 645 349 399 66 701 498 221 445 203 220 194 463 465 621 468 472 607 397 238 504 328 394 475 693 366 1 160 187 195 653 46 156 630 476 575 638 478 487 169 440 488 662 63 495 24 223 459 365 386 541 21 301 242 222 251 226 561 346 16 427 546 570 262 442 609 557 162 567 360 131 388 7 590 151 425 122 277 683 37 312 462 572 656 592 128 600 314 44 177 444 266 329 437 396 622 494 486 237 27 33 292 591 297 614 216 615 208 339 401 103 616 204 453 441 68 618 627 119 632 134 466 309 633 293 348 624 651 398 637 104 697 300 664 364 673 682 450 259 489 689 705
320 2 158 76
1 2 9 13 16 21 25 29 35 44 36 122 242 216 200 145 193 37 318 49 59 31 217 153 250 60 66 125 129 68 160 143 69 71 197 149 262 275 286 52 74 75 201 152 79 277 284 28 82 85 86 88 91 92 188 181 96 99 237 15 33 220 102 179 107 288 105 302 164 109 207 252 77 208 95 306 244 116 4 241 124 132 251 134 137 263 159 123 138 230 24 53 5 7 261 147 156 166 40 167 72 169 172 187 191 194 198 100 245 309 204 87 206 211 196 146 279 113 213 219 232 234 111 238 180 57 247 249 254 231 264 104 266 162 23 269 276 289 290 292 294 110 304 43 305 157 316 258 310 313 274 46 308 131 320 63 176 259
207 2 40 11
194 173 16 186 109 172 101 67 97 199 143 180 53 68 61 132 111 126 118 116 73 182 198 34 105 160 195 78 25 189 98 57 188 204 77 145 102 86 135 203
710 2 60 43
530 21 27 34 41 46 529 259 62 165 264 623 75 703 225 705 287 216 161 119 132 521 171 196 199 235 692 277 137 303 17 315 318 655 331 127 445 575 348 582 359 265 355 643 226 463 194 382 618 362 16 497 536 511 368 438 546 553 685 704
521 2 134 61
261 157 159 2 8 278 403 446 441 237 11 17 36 371 521 183 72 43 44 387 427 458 435 51 460 60 264 347 180 368 63 279 65 88 177 166 399 453 110 132 9 71 73 77 80 95 83 101 105 74 111 420 505 189 121 235 141 147 373 362 336 154 173 184 242 24 476 185 86 219 187 257 394 467 191 70 190 256 490 500 339 202 324 207 220 6 164 223 75 437 258 224 234 247 252 377 266 270 286 15 28 122 66 293 297 304 321 469 337 23 351 150 364 254 423 376 397 398 118 57 416 67 434 438 502 456 465 475 250 489 227 463 494 454
431 2 144 36
5 297 337 16 431 82 19 29 135 260 333 80 328 63 379 208 185 376 86 138 66 143 168 18 173 401 245 39 73 93 236 286 349 71 121 27 111 118 324 92 128 325 210 375 139 415 157 366 171 371 181 397 307 310 430 89 123 200 104 249 49 417 357 198 384 258 320 263 217 299 94 192 248 360 79 341 47 313 83 277 164 175 206 137 216 250 225 408 255 355 166 273 391 91 213 331 317 264 318 46 68 48 35 23 332 190 279 316 117 278 321 72 266 10 304 296 133 2 394 345 351 392 354 412 231 101 197 373 413 377 102 386 300 402 395 370 291 388 8 28 428 306 64 275
294 2 120 106
1 249 3 9 87 11 14 186 190 17 21 27 29 30 31 35 37 42 94 48 53 54 57 58 259 60 61 62 64 67 69 72 73 77 79 86 171 125 92 93 95 104 49 193 109 113 114 117 119 120 123 124 128 133 136 140 143 144 150 153 154 164 169 170 173 149 174 175 177 178 189 192 194 196 197 198 90 204 130 205 206 207 210 216 217 221 222 223 227 230 232 234 235 240 276 242 243 167 246 247 248 250 252 254 255 257 264 273 274 275 277 278 12 279 281 224 282 289 290 183
510 2 298 104
275 10 428 168 77 13 476 19 158 192 348 408 35 21 361 302 189 37 38 373 383 39 51 241 403 56 179 63 454 67 70 495 75 386 173 74 462 204 414 80 187 90 96 78 475 175 103 336 104 54 106 430 20 23 114 232 314 411 119 409 372 125 17 128 100 130 133 170 456 16 135 89 48 295 141 143 144 429 146 448 324 123 152 153 455 335 234 229 156 215 236 162 267 287 166 316 126 79 167 246 285 231 425 255 259 174 424 180 199 385 132 200 81 384 58 203 269 205 363 489 334 280 116 196 208 239 218 221 447 6 271 223 2 83 225 233 160 322 238 418 434 380 463 319 243 121 222 407 256 262 57 436 388 185 506 7 432 211 266 270 274 292 284 340 398 352 177 260 389 329 330 289 293 298 299 306 224 308 464 323 194 69 311 60 228 317 181 332 497 350 359 381 360 369 364 392 172 277 410 368 32 190 370 371 479 382 95 134 391 397 365 496 484 296 442 400 140 401 458 149 406 12 92 342 417 467 52 249 41 485 422 427 183 129 113 374 26 313 237 115 247 396 438 45 207 210 145 4 441 72 315 444 309 257 176 321 445 451 109 452 98 64 163 300 387 457 312 469 201 27 155 499 122 169 188 470 393 471 212 46 59 86 477 488 227 253 111 161 62 491 492 450 102 150 327 510 191 85
643 2 436 286
1 107 176 5 8 12 15 430 16 20 340 274 26 31 467 35 36 397 37 40 286 622 41 42 48 49 53 45 55 568 58 60 64 635 22 65 66 169 530 70 71 494 380 72 73 74 79 75 82 83 85 86 89 90 91 377 92 298 93 201 306 95 98 100 104 97 386 105 106 111 112 113 114 115 172 67 116 522 278 242 288 562 257 119 121 117 122 575 128 130 131 555 132 133 154 455 136 140 143 144 145 147 148 149 150 550 151 631 152 156 564 521 158 159 160 161 398 163 167 168 498 173 174 180 576 181 567 43 182 183 184 188 191 194 103 185 198 199 197 170 200 202 204 414 206 229 207 589 376 466 411 210 238 208 212 213 215 217 218 606 281 540 219 222 225 623 227 228 616 9 230 234 422 235 239 240 241 246 247 248 233 249 251 254 47 262 264 253 267 293 269 190 270 453 271 272 570 277 282 221 400 370 283 484 361 399 289 295 412 297 177 299 534 300 301 38 303 304 308 311 313 314 315 316 318 322 324 276 334 328 96 329 330 332 335 337 556 338 164 342 343 345 346 469 287 347 350 351 505 438 353 591 410 354 355 356 279 358 2 359 363 365 372 373 526 231 374 3 375 379 382 383 387 214 443 390 391 396 402 403 571 405 142 409 413 416 34 508 61 499 527 50 171 417 419 421 404 423 426 427 431 432 502 461 468 533 437 439 237 442 444 445 381 407 446 447 449 452 63 454 456 457 462 463 464 471 56 77 473 474 475 478 517 479 482 483 545 485 487 29 489 491 496 500 503 627 506 510 512 515 493 261 516 10 518 523 524 621 532 101 536 537 538 539 544 546 547 23 548 549 552 553 557 559 166 561 565 339 566 569 572 574 579 580 459 309 401 581 317 492 124 582 583 585 179 7 586 588 592 595 393 139 597 600 601 602 551 603 636 604 605 607 608 252 609 135 610 611 216 153 294 613 615 617 196 624 331 577 625 629 296 102 630 634 639 640
354 2 204 174
2 5 9 10 295 12 15 16 21 22 23 27 30 32 33 37 38 39 42 43 40 46 47 50 52 240 53 58 59 60 61 63 64 66 74 76 77 79 80 81 82 54 86 88 91 65 93 89 96 97 104 106 111 41 353 113 114 115 119 120 121 123 126 131 132 133 177 134 136 137 138 140 141 144 145 150 151 154 339 157 159 162 341 165 73 166 170 90 171 172 173 178 180 181 182 184 185 187 189 193 194 237 196 317 197 200 98 201 205 206 207 312 208 299 209 210 212 213 217 186 218 219 221 222 249 224 226 227 228 232 234 216 238 247 35 251 256 257 258 259 260 261 262 263 264 266 269 270 92 271 273 274 215 276 277 278 279 293 282 117 284 148 285 287 289 291 294 297 298 301 304 139 307 310 311 313 314 315 195 316 318 320 321 322 323 325 326 327 328 330 332 335 336 343 345 346 347 348 147 349 350 351 233 354
883 2 660 347
465 3 4 413 159 6 375 11 16 675 18 21 90 25 26 27 688 261 31 386 722 777 474 35 834 882 41 48 422 51 54 55 302 49 345 56 57 58 458 59 693 60 755 61 62 657 65 361 68 729 287 69 77 130 844 78 80 384 423 81 83 86 88 91 95 98 481 24 99 100 764 103 102 453 268 104 114 799 115 751 118 742 383 399 875 501 790 597 122 123 124 126 131 694 485 132 182 241 134 137 750 372 204 741 140 142 144 145 193 151 853 256 515 583 823 369 110 152 154 155 488 101 870 157 158 161 166 687 171 178 639 179 180 181 406 184 187 188 191 865 133 499 594 194 698 195 189 30 197 200 205 259 201 203 207 224 208 89 212 213 216 1 218 400 219 320 797 709 220 267 634 221 223 572 226 228 42 463 231 233 234 23 840 29 235 262 329 378 238 79 239 240 242 248 250 251 749 801 252 257 269 700 270 176 861 773 646 271 274 275 211 276 281 284 286 527 290 291 294 121 297 301 610 244 303 304 539 307 863 225 392 92 645 310 315 316 319 322 324 728 325 328 227 331 309 332 595 28 566 335 351 336 652 120 553 243 72 337 859 371 136 629 338 339 149 340 350 341 441 342 353 63 545 354 356 357 420 598 364 848 366 367 300 374 377 702 382 456 540 387 305 390 391 84 393 623 584 394 738 395 397 860 681 10 398 355 402 404 642 408 412 415 416 401 419 425 429 723 877 712 708 431 343 747 433 36 435 814 2 168 436 119 440 443 73 444 156 446 447 452 448 665 381 449 346 450 457 160 460 464 116 756 466 14 473 476 619 717 478 671 519 424 20 479 482 552 417 484 175 289 486 492 504 508 509 232 430 511 512 7 649 263 321 815 513 581 514 516 32 520 521 522 427 524 349 525 125 528 530 532 414 535 538 541 757 542 543 547 66 548 549 554 555 558 560 614 529 561 570 567 575 577 578 579 830 586 576 167 837 587 603 589 565 373 835 590 170 229 591 685 592 596 183 604 605 608 617 185 308 856 618 753 686 498 620 714 621 622 624 625 631 505 789 633 206 112 635 636 76 868 637 641 692 661 644 647 648 283 654 656 842 360 333 659 662 663 664 467 411 667 668 883 851 669 670 672 94 673 677 22 651 74 683 50 684 689 690 475 691 696 17 697 537 550 246 703 491 468 704 705 706 396 710 19 363 249 715 719 724 209 506 727 730 732 454 451 87 666 734 489 735 739 736 292 737 107 740 459 496 743 483 746 409 222 748 370 5 531 754 758 295 676 760 761 763 765 770 774 143 97 775 776 779 780 410 173 786 792 96 794 254 803 312 571 804 805 461 495 141 71 70 806 808 826 809 551 811 277 609 812 813 711 784 825 816 190 817 819 588 380 820 821 15 824 247 766 829 278 258 643 831 832 833 836 368 838 839 841 845 438 169 850 563 660 640 162 852 854 855 857 260 862 616 787 864 866 867 869 470 783 871 872 487 716 165 874 174 876 880 296
594 2 176 127
15 4 188 14 18 408 19 122 20 22 28 44 31 419 36 37 40 559 42 49 54 70 73 453 468 270 72 588 75 78 506 81 87 94 96 202 150 98 530 104 283 114 117 263 118 39 265 124 199 128 446 131 503 132 416 144 146 269 147 151 166 176 184 185 192 193 194 232 196 198 203 381 217 125 223 225 564 231 237 421 250 254 258 262 271 273 274 276 277 278 286 290 292 161 93 294 427 298 301 302 304 410 305 569 327 332 334 340 346 371 354 242 355 356 432 363 374 379 594 383 386 391 400 403 423 430 431 398 433 440 448 449 462 464 465 471 482 46 534 486 195 488 491 493 494 130 507 499 500 501 502 587 505 513 519 532 535 537 541 545 546 553 565 573 190 97 531 390 571 576 556 577 580 581 584 589
448 2 396 53
195 438 259 269 187 203 293 362 8 423 71 40 193 47 119 409 183 361 299 29 343 42 302 25 65 448 385 72 188 372 62 88 366 100 235 97 18 417 179 243 226 135 286 437 160 54 111 429 159 3 38 375 196 223 165 174 180 279 150 378 146 359 116 112 321 82 207 197 120 157 225 330 283 70 91 374 420 301 13 317 336 191 419 270 121 37 281 166 348 408 163 10 77 90 356 444 14 316 185 387 56 443 278 405 413 329 339 99 129 125 172 410 234 338 139 331 177 148 264 296 324 74 262 140 93 11 228 34 310 55 412 422 276 340 67 124 297 435 266 363 233 202 109 73 267 274 447 215 268 377 168 440 418 245 306 441 186 181 311 367 51 220 315 221 425 319 292 114 182 295 227 237 406 282 15 115 360 50 240 86 294 318 211 247 169 232 41 24 22 161 369 376 205 26 126 63 200 389 35 254 189 214 27 357 107 285 113 273 231 314 156 380 101 350 271 333 251 238 83 58 128 209 105 110 280 96 344 397 192 391 383 445 171 45 396 351 5 52 2 353 198 384 68 19 39 33 288 28 36 134 354 145 305 79 415 256 373 12 277 258 313 210 290 176 404 394 16 30 144 386 430 213 49 414 255 431 432 230 309 46 53 241 122 1 89 424 275 335 236 250 190 370 104 17 411 108 325 265 436 446 21 322 393 4 253 300 84 170 332 248 328 162 257 402 358 390 403 66 141 426 212 345 341 303 242 142 407 44 320 136 421 154 57 307 327 20 323 75 133 31 272 175 60 289 178 64 208 201 365 7 352 173 312 152 132 48 102 153 127 379 246 199 349 81 401 263 334 381 131 224 355 61 87 184 416 442 428 260 439 261 167 371 346 149 395 85 392 399 249 130 284 76 206 398 137 98
29 2 8 8
10 11 12 23 25 28 21 22
895 2 494 394
1 217 3 5 6 849 16 20 22 23 25 14 28 30 37 39 40 41 42 44 46 48 800 49 434 54 58 59 60 61 66 68 76 243 77 80 81 82 83 86 418 670 87 88 90 535 93 95 96 97 101 102 32 103 108 109 110 111 113 115 117 118 738 681 122 123 124 125 67 131 134 135 136 634 138 139 140 141 143 765 145 149 152 154 100 155 159 562 161 165 167 510 64 133 169 179 183 184 185 513 186 187 190 191 194 195 197 198 199 200 202 206 210 532 213 215 216 219 224 225 226 549 227 228 229 613 231 235 236 240 242 247 249 193 250 251 254 258 157 526 260 261 263 265 268 270 271 272 275 277 281 282 284 287 295 879 296 299 205 303 304 306 310 775 314 317 319 321 322 554 325 327 329 331 332 333 334 335 336 757 338 339 341 343 344 345 346 788 351 352 354 355 356 204 357 358 359 362 365 368 292 371 372 374 375 377 378 309 380 383 387 389 390 391 174 394 397 398 612 400 401 406 407 244 873 409 411 412 414 417 865 420 424 425 426 428 429 431 435 436 439 444 446 448 646 449 451 452 403 454 459 461 408 462 466 467 468 469 470 475 641 478 483 486 493 496 501 503 505 9 507 576 508 512 515 516 841 552 517 520 683 523 528 529 868 530 70 534 717 538 349 541 804 544 551 553 555 556 525 558 116 563 564 565 570 571 577 578 579 584 586 587 137 593 594 72 596 599 610 611 614 615 463 616 617 618 622 624 886 667 627 119 628 632 636 637 711 638 649 651 653 654 655 450 657 658 542 62 697 763 660 661 663 664 665 382 548 666 105 668 671 257 673 675 677 158 572 678 679 682 687 689 690 691 693 694 698 699 700 703 705 633 708 471 709 710 712 713 714 715 719 721 722 223 482 723 724 725 729 730 733 734 695 740 742 560 744 745 746 812 151 630 750 752 755 761 656 764 766 767 768 644 769 772 773 774 778 782 784 220 785 786 737 793 794 795 796 801 805 810 811 813 814 806 234 817 819 163 821 45 822 824 826 827 828 830 836 838 839 758 843 728 845 848 850 395 852 854 855 669 38 676 856 857 858 859 860 410 861 862 318 864 52 866 869 605 875 876 877 884 888 891 595 893
228 2 188 137
2 3 68 4 5 182 157 224 7 8 10 226 11 12 13 14 95 15 18 115 19 48 21 22 177 153 23 76 26 27 28 29 36 40 42 43 44 45 46 6 47 50 51 154 52 67 53 54 56 58 61 63 65 219 70 73 77 78 176 79 80 82 87 208 141 88 89 91 107 201 35 93 97 98 100 101 102 104 105 106 108 109 34 171 110 94 111 140 112 113 116 137 85 118 119 81 189 120 121 123 124 39 125 126 114 214 127 129 130 131 117 132 133 138 139 90 142 143 66 136 144 145 147 9 148 149 150 152 49 156 62 92 158 161 163 164 165 32 166 38 173 174 175 178 179 180 181 184 103 57 183 228 186 188 59 190 192 194 196 197 198 199 200 202 203 169 204 205 206 207 209 210 211 212 213 215 216 69 217 218 167 191 220 221 222 223 193 225
863 2 464 211
723 12 13 18 91 721 230 689 747 611 22 31 133 624 33 343 49 57 68 27 78 80 245 772 81 67 20 82 85 282 86 860 785 737 89 466 95 97 98 701 113 121 124 272 127 58 571 128 506 648 475 822 96 129 292 598 592 835 791 92 296 112 134 724 555 824 138 615 209 90 406 263 148 462 420 152 154 362 160 651 357 594 161 163 183 718 164 494 458 166 562 563 168 169 11 177 221 309 356 88 181 287 115 558 549 217 732 184 838 202 45 339 205 214 193 781 504 634 215 363 219 810 223 236 237 240 249 250 251 254 258 261 273 278 286 620 289 293 812 295 468 297 298 299 102 301 302 303 311 439 313 317 319 21 50 322 800 349 325 204 114 327 690 334 338 350 568 793 353 361 372 17 669 736 580 162 375 377 378 379 442 380 307 741 846 384 320 684 394 398 73 495 402 821 126 409 382 717 845 762 599 618 768 410 383 315 413 647 110 415 222 418 414 612 597 421 424 426 52 429 248 316 862 532 389 434 436 670 661 437 441 525 447 373 844 448 451 207 459 467 799 470 452 192 472 476 454 480 483 484 323 485 487 492 493 111 496 627 348 497 269 501 600 135 432 118 488 750 505 7 252 780 509 438 511 132 460 510 692 29 512 513 642 515 517 331 412 519 104 667 523 579 397 533 755 534 536 537 649 465 574 46 540 401 542 477 60 543 490 550 381 758 455 795 551 211 673 693 556 560 569 369 570 399 101 572 137 581 582 119 583 585 265 589 622 591 601 602 608 720 28 242 388 416 614 365 731 619 290 796 520 547 730 625 628 461 61 151 630 304 638 639 645 727 655 660 139 665 666 305 675 703 567 677 16 351 728 47 683 688 411 794 691 697 763 702 704 247 705 707 710 715 545 729 735 743 744 93 749 25 264 753 756 759 769 775 757 778 587 776 779 783 784 41 387 788 805 676 695 229 813 557 210 347 817 681 818 712 823 172 825 564 354 346 284 828 767 617 829 830 831 189 51 654 508 770 797 833 502 256 840 850 374 855 283 546 59 554 326 857 858 199 187 588
799 2 528 148
15 22 355 787 29 546 566 536 523 101 356 496 757 168 126 455 285 463 230 654 32 678 41 587 544 464 484 47 49 306 739 444 452 50 758 562 5 51 242 430 500 53 143 491 197 559 680 769 55 740 554 63 66 25 69 262 501 119 74 640 717 683 540 412 730 232 76 90 91 658 687 100 166 106 108 620 247 721 506 294 250 751 651 770 109 226 212 772 688 564 113 524 466 765 122 196 43 128 465 585 375 201 535 130 746 82 136 274 147 34 453 174 159 151 14 628 152 330 338 759 116 558 235 158 410 161 163 171 545 451 609 103 177 187 198 57 190 563 659 761 200 112 764 369 674 785 513 701 203 530 233 56 206 352 682 610 210 354 218 89 649 599 24 79 666 223 229 96 611 26 234 428 362 21 241 698 527 243 317 364 244 728 246 65 12 600 774 248 68 441 251 176 514 265 594 258 791 183 260 33 719 459 263 269 401 271 346 111 499 272 324 507 281 299 287 604 110 73 551 145 331 595 702 291 293 667 107 549 297 372 391 105 8 699 748 142 621 343 447 298 75 300 722 591 732 303 663 504 290 349 305 494 164 18 625 320 289 517 749 328 333 85 718 557 637 336 340 228 178 266 565 792 2 342 304 511 468 344 646 253 351 416 603 357 435 104 569 629 308 762 42 221 482 525 795 358 182 367 267 396 661 374 378 194 134 472 384 387 400 239 570 3 402 38 208 405 414 754 117 268 741 227 617 584 676 417 137 366 418 460 425 422 708 437 115 314 442 28 202 450 467 469 700 711 495 797 257 172 509 686 497 713 756 798 547 98 528 531 664 120 742 543 755 552 335 679 264 556 515 133 88 567 571 574 341 470 284 46 502 423 576 393 578 397 249 186 593 606 192 607 380 533 572 660 426 613 614 275 626 615 211 786 392 596 156 31 360 286 481 630 577 214 622 632 489 633 638 216 639 411 377 361 712 461 419 650 656 586 327 381 657 693 17 597 440 662 487 406 462 729 245 86 415 670 278 296 671 81 672 80 434 794 64 310 273 673 60 689 695 704 709 1 623 710 261 45 59 643 619 13 714 471 407 723 725 733 736 9 788 309 738 52 743 677 409 97 179 747 326 675 403 283 707 140 231 162 624 199 270 750 560 752 775 292 778 779 519 782 602 796 598 537 789 737 180 763 238 790 478 799 583 205 692 641 213 129 443 389
228 2 70 29
68 82 123 152 32 224 223 135 34 22 132 228 27 86 36 212 46 10 222 137 121 196 144 126 202 2 216 43 141 142 192 85 181 215 170 217 100 88 87 103 182 17 145 154 101 24 116 122 130 104 171 184 175 38 59 183 194 148 177 60 133 203 8 81 136 213 54 195 169 63
976 2 196 187
3 5 9 10 22 24 27 30 37 43 48 49 59 60 51 64 69 71 79 87 119 120 121 722 127 136 143 156 157 159 160 162 167 178 180 189 190 212 216 217 417 224 237 914 242 244 247 249 250 251 264 268 273 276 279 286 294 297 303 311 317 318 319 320 329 339 344 347 355 362 368 219 369 371 381 382 386 388 392 400 405 407 413 428 429 435 439 443 449 450 460 461 462 470 473 478 487 488 496 313 508 512 514 518 540 550 551 552 555 558 576 577 581 584 592 607 618 619 622 629 634 636 637 641 642 395 645 647 648 650 656 663 666 667 679 684 688 689 692 150 706 708 710 716 719 738 742 743 747 753 757 764 772 774 777 778 789 795 800 809 811 815 824 826 833 834 628 836 845 847 852 856 859 862 865 871 884 896 900 596 913 917 918 923 927 930 931 938 946 952 956 960 408 964 968 971
180 2 176 100
157 4 6 124 7 8 9 11 13 14 27 119 3 15 16 19 20 1 46 142 29 22 24 52 26 111 30 103 31 32 33 34 17 36 37 28 38 39 40 41 168 95 42 169 150 44 100 45 48 165 151 63 99 12 53 54 56 60 61 62 64 65 66 47 21 155 67 68 139 72 175 90 58 73 159 43 177 74 75 76 160 79 148 81 161 82 70 57 10 84 153 85 5 86 112 77 88 18 2 89 92 93 94 108 96 120 102 97 135 98 23 91 51 78 178 101 166 104 105 106 107 80 109 110 117 113 114 115 59 69 116 122 140 123 167 125 126 127 130 141 50 134 131 132 136 137 138 129 143 144 145 87 171 128 146 147 179 149 154 156 55 25 158 162 118 163 173 152 164 35 170 172 174 180 49 176
434 2 408 173
2 434 5 209 171 429 148 372 326 250 247 9 50 144 36 104 378 267 137 362 270 269 304 10 12 13 253 17 399 18 153 40 220 25 26 96 29 158 189 65 32 361 1 34 38 255 135 39 42 321 44 131 51 120 125 394 100 52 54 207 355 93 195 55 140 136 58 61 339 62 432 193 64 244 273 73 28 373 89 74 75 109 76 77 78 351 79 295 392 27 81 185 83 84 400 87 82 88 90 92 94 192 95 173 97 98 410 99 101 151 329 102 155 103 106 274 108 111 24 112 114 115 117 239 374 119 395 121 282 167 230 389 358 130 134 132 286 415 138 35 142 143 249 31 145 381 146 147 154 156 159 160 190 126 214 162 263 37 133 175 164 170 127 377 322 174 417 19 276 141 218 345 177 421 178 324 180 261 402 289 182 224 188 196 191 383 23 364 194 11 200 202 302 206 210 237 86 184 413 213 227 212 71 215 124 57 217 219 412 16 221 223 225 393 414 107 404 226 382 179 197 246 105 176 228 360 380 186 229 233 285 168 234 238 20 201 85 315 242 396 390 313 243 198 245 56 252 305 257 259 260 169 14 365 262 265 266 46 271 300 187 241 314 275 310 280 72 281 284 290 264 128 287 337 291 157 292 293 6 294 424 297 298 122 299 306 307 431 308 309 316 277 110 317 67 319 149 123 43 416 320 232 409 118 323 240 272 328 330 331 91 66 161 332 333 139 116 301 334 363 336 349 211 338 354 3 340 341 368 342 41 343 21 344 350 353 356 357 347 199 165 303 359 366 346 370 397 278 163 183 68 371 129 22 375 166 408 60 369 283 312 379 428 8 113 385 405 205 386 388 33 391 279 204 367 401 325 403 80 406 150 327 203 407 70 411 15 418 419 48 222 181 318 420 47 251 352 398 69 422 423 425 208 426 427 335 236 430
770 2 534 161
625 214 104 145 4 386 222 444 6 744 610 331 7 16 433 342 205 587 86 652 190 706 45 233 376 29 698 659 30 44 47 36 349 61 721 680 62 63 65 67 73 60 75 294 240 77 53 84 686 160 201 530 92 759 437 481 95 690 518 154 99 688 733 663 553 102 103 440 111 129 409 117 442 32 630 119 161 411 120 209 123 498 128 134 735 477 173 135 516 408 447 586 178 741 545 712 253 529 136 330 539 137 243 41 315 596 202 400 231 140 267 143 494 147 332 613 670 34 56 9 152 107 153 345 155 162 687 10 163 713 166 393 726 171 730 198 176 186 756 281 187 8 220 758 307 195 420 110 485 438 197 208 213 150 217 221 287 224 488 237 238 244 474 19 676 97 246 532 249 678 169 511 254 266 274 526 74 276 278 289 570 291 292 293 435 370 127 296 358 549 551 382 401 216 52 234 543 252 299 300 737 608 15 98 415 182 130 3 83 302 230 371 723 58 757 738 168 118 303 674 96 507 192 17 310 311 577 11 632 555 624 594 719 637 313 151 39 560 528 348 317 46 138 493 226 51 736 336 457 746 500 397 446 210 490 306 204 622 21 35 340 341 353 357 751 385 364 235 383 389 245 131 288 391 398 743 14 647 12 286 403 23 144 367 410 284 356 584 78 573 416 417 707 124 277 604 418 368 669 628 167 13 362 295 218 717 196 419 326 631 423 424 445 181 430 431 38 600 432 479 132 322 251 434 556 339 365 760 402 748 523 439 50 441 675 470 561 454 175 448 456 621 460 290 525 461 595 462 22 335 79 464 109 593 372 285 451 81 436 76 475 476 478 472 657 486 112 642 499 603 502 469 427 328 91 305 701 505 508 206 443 729 352 509 377 510 125 177 521 579 269 598 567 59 503 640 524 55 141 375 258 396 57 750 702 191 533 100 71 5 68 106 279 522 714 361 149 535 158 537 597 568 740 69 547 183 297 552 554 655 484 563 623 615 575 482 381 27 414 588 590 506 387 601 727 661 157 653 609 260 769 611 616 308 617 673 620 459 172 627 691 489 629 633 634 638 90 428 93 48 540 614 273 87 643 644 650 658 33 662 413 519 667 671 672 708 452 282 491 421 344 677 683 497 316 607 31 312 602 82 684 265 184 710 338 113 654 689 722 369 693 694 304 703 705 404 487 731 318 753 747 334 589 592 764 765 188 126 766 384 520 496 24 18
264 2 212 187
144 1 2 3 4 5 6 7 9 12 13 14 17 83 18 19 20 21 22 24 25 26 27 183 29 30 31 32 35 36 38 40 41 42 43 44 47 48 51 53 54 55 109 58 59 60 61 62 63 64 65 68 69 70 74 75 206 77 90 78 80 81 82 84 86 87 88 89 91 92 94 95 102 96 98 99 101 103 104 105 106 253 107 108 79 28 110 111 112 114 117 119 257 120 121 122 123 124 115 126 127 128 130 131 118 132 133 134 135 136 137 138 139 143 146 145 148 150 151 152 154 156 157 158 159 160 161 49 231 163 164 166 167 171 173 174 175 176 177 129 178 179 180 181 182 184 185 15 187 188 189 190 191 192 193 194 195 199 200 201 168 202 205 207 208 153 211 209 212 214 215 71 217 218 85 221 222 223 16 225 226 229 230 23 233 235 236 238 239 240 241 242 243 245 246 247 213 248 249 250 252 254 255 34 258 260 261 262 263 251 264 76
331 2 254 196
2 4 5 6 7 10 11 12 128 97 51 232 15 17 191 19 21 261 22 24 25 27 28 36 29 31 32 34 35 37 315 38 251 39 40 41 42 44 45 46 49 53 54 58 56 57 60 63 66 67 69 70 172 73 74 240 76 77 78 79 80 81 83 86 55 88 91 87 64 92 95 96 171 167 99 198 100 319 101 85 102 103 106 109 110 111 112 115 116 121 125 126 127 61 130 131 220 132 134 136 137 138 141 259 143 144 146 147 148 149 150 151 153 155 157 119 158 159 160 286 162 163 166 169 170 187 174 175 176 177 228 178 179 180 295 190 181 183 184 234 188 193 194 195 196 197 199 200 313 204 206 207 208 209 173 210 212 230 255 218 219 223 224 124 117 225 287 226 229 235 305 237 152 205 238 239 123 213 242 243 216 244 8 245 246 247 248 249 236 250 253 254 256 258 260 262 263 265 33 266 267 9 257 268 269 273 274 241 108 275 277 278 279 311 82 280 272 314 284 93 285 288 48 289 290 291 292 293 296 298 299 89 62 302 304 306 308 312 309 59 192 310 316 317 122 318 320 322 326 65 329 330 331 72
285 2 180 103
4 5 6 114 11 15 22 23 253 24 18 25 125 26 30 33 54 3 91 39 225 50 139 51 45 96 52 53 55 57 59 56 107 60 99 64 266 69 71 75 77 81 82 83 121 138 102 86 87 122 95 151 90 92 97 94 12 100 106 177 108 110 129 127 63 215 28 201 89 109 113 116 276 277 128 130 134 211 135 141 261 137 140 142 44 143 209 154 147 62 155 149 156 40 160 161 162 80 163 278 164 27 167 169 68 171 37 61 172 174 257 65 111 175 146 178 230 186 188 190 191 193 197 145 199 206 208 210 212 213 214 49 217 218 220 227 228 14 34 194 229 232 73 234 118 235 238 200 239 240 219 31 243 246 250 252 117 255 258 29 262 203 263 281 223 1 32 265 269 132 205 20 274 260 173 279 280 284 67 66
943 2 804 67
734 751 636 150 121 236 1 914 492 162 725 349 741 388 87 598 593 125 717 640 420 99 714 243 185 189 797 329 369 622 605 126 540 637 453 128 196 832 851 842 876 114 136 698 92 570 291 247 69 219 238 435 830 807 153 409 3 8 793 456 846 722 256 365 334 19 391 404 387 429 586 355 310 458 45 814 373 891 630 671 766 523 168 656 233 290 758 500 197 63 282 718 320 744 425 839 869 753 859 560 34 812 580 645 663 824 204 277 26 764 611 563 845 874 711 715 465 684 789 142 309 296 897 164 463 246 159 861 336 58 621 592 341 696 493 81 863 661 392 530 506 119 707 115 716 819 917 602 42 476 581 554 504 312 433 922 442 224 333 342 323 148 699 110 338 307 275 542 74 207 262 415 347 38 565 367 772 177 591 230 913 339 348 467 674 806 604 419 475 313 426 893 194 681 461 335 482 443 898 708 27 573 904 660 273 704 439 514 95 229 450 510 624 274 192 410 293 118 739 206 215 390 52 596 265 422 552 198 594 80 454 109 178 933 646 774 618 865 84 361 485 284 759 909 66 713 160 446 423 354 532 308 31 203 616 885 538 157 472 40 692 190 936 518 667 170 901 299 326 750 414 451 818 279 181 577 578 490 287 322 746 358 791 98 911 721 94 516 912 512 566 494 107 223 105 406 903 871 647 654 924 875 424 286 53 174 294 352 343 870 627 32 210 271 529 468 795 199 398 657 729 242 311 188 102 244 932 896 469 701 777 511 200 221 628 553 120 735 91 921 683 46 929 169 260 867 72 866 147 879 90 12 697 724 547 873 862 470 927 835 20 535 712 239 372 534 285 57 180 171 815 574 537 648 641 283 103 222 208 154 88 723 829 769 907 942 730 556 438 703 808 276 248 368 719 257 841 545 499 389 916 589 788 249 337 351 24 332 895 319 254 234 407 502 849 166 505 597 888 763 852 226 22 519 340 172 533 486 940 272 934 471 264 183 923 240 659 484 691 575 877 776 731 855 483 557 576 726 639 501 515 539 300 161 488 571 820 75 403 37 149 441 440 860 821 266 346 93 321 803 51 694 124 231 732 526 798 558 531 245 405 9 473 709 397 79 29 610 145 561 915 880 840 760 619 382 11 583 790 572 679 55 918 784 304 478 603 156 18 568 259 644 151 298 362 16 653 546 302 900 587 579 733 675 237 801 850 496 251 315 600 809 324 650 6 599 804 187 218 525 608 752 762 754 612 521 280 474 77 676 745 327 775 176 375 386 316 305 44 325 756 906 614 417 364 678 357 631 10 54 56 742 720 702 633 607 811 794 108 626 854 738 700 173 817 366 813 303 844 632 569 585 858 62 214 270 59 838 134 664 113 385 381 17 682 864 421 201 186 353 78 677 856 931 781 371 376 394 601 693 559 889 816 96 609 182 412 131 728 620 444 786 826 527 883 736 668 101 158 70 402 847 130 562 411 205 144 658 828 606 143 288 100 822 479 617 834 268 649 517 887 564 899 432 662 930 401 457 138 466 928 135 137 908 491 689 269 825 528 747 47 427 629 805 831 892 690 615 613 925 255 688 536 550 28 779 400 30 89 331 43 548 785 295 872 140 76 749 705 837 848 651 833 175 314 748 418 191 202 459 787 129 139 209 132 843 910 317 344 350 39 370 67 71 943 823 380 328 487 261 64 687 35 106 25 50 445 902 184 83 437 49 727 792 890 595 104 395 771 680 590 227 783 193 146 258 935 14 780 905 378 116 584 292 643 881 882 507 770 652 498 21 220 179 773 799 666 383 86 503 253 152 857 878 141 448 330 868 509 544 937 941 278 853
617 2 148 27
358 115 1 407 6 74 271 558 36 343 508 532 104 143 426 91 165 249 84 25 500 314 184 93 599 446 575 141 291 316 560 145 277 285 378 503 50 286 363 361 133 323 112 232 579 19 16 290 327 341 75 373 139 359 420 472 397 174 199 303 460 32 53 11 96 520 515 95 480 483 97 419 413 69 114 514 578 610 555 20 485 439 76 122 134 120 346 481 240 284 405 593 542 168 312 482 587 370 196 344 79 222 293 14 371 412 90 551 216 191 450 41 179 489 281 516 26 404 569 22 337 137 400 178 255 401 55 433 338 548 443 534 597 468 77 572 320 588 261 557 251 246 487 600 239 302 60 272
734 2 188 107
21 27 36 47 317 623 59 464 60 64 67 604 642 587 31 241 68 78 610 548 690 82 84 674 469 93 95 96 97 267 98 108 111 449 90 113 667 720 134 150 384 442 152 154 156 159 183 205 212 228 230 689 145 231 232 648 239 242 438 210 383 348 222 247 253 696 268 277 279 290 389 291 515 300 301 541 319 323 605 470 327 367 258 107 328 363 366 369 393 287 395 151 488 404 407 49 627 240 410 414 422 431 722 79 432 61 340 434 524 530 443 280 85 444 445 564 468 476 487 209 582 489 15 500 466 350 517 518 519 719 520 523 525 529 532 534 566 598 728 565 105 569 577 115 578 197 580 392 195 595 102 503 602 611 615 332 618 528 643 645 416 377 256 663 666 678 208 69 679 700 446 702 12 522 143 639 269 38 310 704 710 711 712 730 299 166 733 734
651 2 114 95
16 23 24 29 31 42 45 56 60 61 66 69 74 79 101 102 105 106 112 140 157 174 321 345 175 176 124 179 191 252 193 201 202 371 213 210 217 230 233 242 260 261 262 266 277 280 291 1 547 293 298 311 158 323 326 551 67 467 336 344 357 365 375 404 382 393 397 399 401 247 408 243 409 411 426 413 414 415 416 422 430 433 438 442 453 455 457 463 469 476 489 482 497 501 503 506 567 517 528 533 552 560 562 570 585 6 9 337 603 607 608 274 612 629
244 2 208 102
2 45 5 209 63 6 206 9 10 11 13 4 17 19 91 22 25 92 98 65 244 43 159 26 27 224 233 39 165 234 28 114 242 97 190 120 109 60 20 30 40 7 34 35 171 37 229 183 44 46 47 23 80 48 51 24 52 53 166 58 118 122 219 59 61 64 67 151 180 88 68 18 71 74 185 119 75 94 21 174 241 78 237 136 49 57 79 55 214 82 182 83 212 85 86 87 135 93 201 95 81 99 225 103 104 145 199 107 179 108 111 228 178 42 112 113 121 127 129 130 131 132 137 110 138 139 100 197 143 195 149 148 32 231 157 152 154 161 162 163 188 164 167 203 168 169 158 175 177 198 170 155 184 150 187 189 192 196 200 72 41 202 205 208 210 144 66 172 211 133 181 128 240 213 134 84 215 216 217 101 218 221 160 15 173 96 142 116 8 3 223 226 29 207 105 102 227 106 176 1 230 235 238 239 77 76 115 243
819 2 712 92
271 240 622 626 579 617 19 290 322 544 630 786 523 289 677 611 10 260 380 352 2 455 1 7 732 729 372 5 572 762 426 730 696 445 9 60 704 41 348 419 235 600 44 675 26 215 490 494 308 697 78 768 756 56 397 140 743 302 70 319 176 311 284 85 599 487 287 602 166 796 759 306 115 96 707 18 680 15 114 727 631 79 86 580 468 616 63 525 87 478 607 266 262 558 102 482 767 395 753 128 148 150 596 667 700 356 581 623 592 236 14 239 156 317 666 664 305 157 107 138 387 186 435 216 566 161 691 644 781 232 386 548 420 27 573 467 173 248 283 328 593 329 526 131 367 466 715 640 171 441 648 665 399 539 686 192 569 373 738 751 639 363 265 218 641 250 657 55 493 62 145 124 195 291 197 371 404 535 30 241 318 205 693 656 819 811 229 77 3 110 737 690 57 555 243 655 446 39 51 449 213 480 815 203 169 499 736 670 83 267 183 725 137 571 88 292 818 477 209 564 11 359 113 674 279 810 598 524 136 25 320 392 212 225 456 206 713 80 678 771 362 430 286 325 621 142 382 108 344 361 495 175 613 784 256 682 408 603 777 723 226 688 576 646 94 719 315 269 35 298 383 13 587 123 543 416 369 465 660 20 501 601 202 428 396 299 778 439 750 135 326 798 461 231 54 222 48 36 407 411 744 274 605 672 273 321 355 76 497 118 412 332 417 472 586 220 347 793 159 429 297 722 431 184 625 323 278 509 769 270 307 378 721 440 561 513 245 450 588 346 103 451 458 570 470 492 204 424 230 90 432 82 749 659 182 454 726 615 53 772 401 540 521 530 516 651 130 208 254 242 155 473 684 42 247 116 129 502 314 479 37 457 476 149 496 632 219 742 327 508 409 794 804 567 698 500 442 381 119 353 584 147 575 403 510 814 755 162 629 38 718 527 511 787 178 661 652 486 627 415 50 514 618 422 384 545 158 503 554 31 272 46 537 221 105 747 813 100 338 633 406 577 780 791 803 462 268 217 709 437 413 153 12 199 687 324 549 619 163 316 388 649 134 774 671 604 390 552 760 281 448 81 582 58 546 112 425 405 65 728 498 612 583 151 343 125 436 133 594 189 164 800 246 310 276 637 296 227 427 515 333 61 459 89 345 43 553 92 340 4 585 663 720 349 64 84 196 591 557 716 49 237 117 253 542 22 507 816 224 261 336 73 643 285 714 23 249 765 541 172 733 337 259 658 120 187 481 93 797 366 695 464 653 200 676 447 72 551 376 522 776 668 741 683 8 74 223 701 294 330 101 168 198 275 536 174 606 708 475 635 139 127 788 379 410 71 624 628 244 638 801 264 712 731 563 734 154 565 132 802 152 334 300 252 679 377 547 645 739 550 532 795 282 214 740 99 589 185 764 177 474 758 717 746 211 610 33 528 181 423 34 234 512 375 303 188 443 763 228 179 68 360 578 560 312 32 568 342 66 710 799 194 295 783 757 444 191 483 770 559 6 280 647 538 505 748 122 257 385 438 350 711 59 614 608 40 773 351 574 433 126 775 75 724 16 309 368 766 313 143 705 160 636 808 520 809 779 488 805 354 190 529 489 393 699 469 673 238 21 534 109 434
387 2 356 35
353 30 224 323 265 121 145 40 351 241 226 100 378 317 314 69 316 321 66 175 260 142 231 229 45 3 74 237 155 147 286 16 303 269 200 187 199 326 8 306 219 381 270 28 322 190 88 5 203 354 112 110 387 44 281 268 166 274 311 205 150 192 305 259 29 132 10 38 177 85 96 161 7 191 169 93 107 34 277 87 275 106 78 77 309 207 374 258 79 299 90 252 141 143 172 92 343 234 379 13 251 384 120 24 367 179 59 193 208 254 36 289 56 126 70 204 114 336 9 163 158 245 184 82 382 346 119 292 201 182 94 272 144 320 308 230 41 125 262 310 332 17 307 117 247 296 52 173 225 261 372 221 116 264 151 14 54 124 300 58 62 356 280 371 99 170 136 330 263 233 139 315 148 174 324 279 318 348 140 333 156 137 153 49 370 228 159 302 26 185 288 239 55 235 165 164 149 98 212 50 301 246 377 240 23 152 366 75 80 338 84 363 97 162 86 232 138 341 217 359 249 349 242 329 202 6 109 255 223 220 64 105 76 31 103 168 267 22 257 157 375 344 369 35 215 19 27 282 61 352 339 57 266 188 102 20 122 335 118 18 210 211 33 216 67 293 113 364 65 4 171 285 206 313 325 291 294 47 37 134 362 222 368 51 386 256 32 133 127 197 347 178 25 319 227 340 328 91 380 304 236 154 11 342 244 376 357 181 209 373 89 196 104 46 298 290 334 115 345 128 365 273 48 131 42 198 123 350 43 337 385 129 271 21 189 68 135 250 195 53 278 284 83 383 180 243 108 15 160 295 111 248 183 213 214 253
805 2 150 50
8 66 13 405 47 64 74 683 205 556 105 155 167 172 251 49 564 256 763 595 306 235 259 92 312 332 35 336 521 147 496 338 339 675 151 499 286 411 636 438 359 369 386 408 412 344 116 416 628 248 605 168 467 26 6 527 650 587 415 219 108 440 559 175 468 346 285 165 480 212 457 746 649 28 488 577 522 774 765 303 367 385 705 424 728 16 599 550 123 46 555 557 128 419 681 121 580 443 335 63 243 439 376 345 448 602 444 603 613 177 525 327 513 657 707 394 716 510 62 214 597 620 622 585 218 768 626 146 174 456 634 791 461 295 667 676 197 690 714 33 503 744 780 331 381 689 611 778 793 144
875 2 100 86
814 6 11 15 40 50 73 76 80 84 85 83 648 87 175 88 108 162 109 110 143 165 176 183 201 305 210 238 241 250 263 283 288 293 296 307 315 324 325 33 330 364 375 386 404 422 458 481 485 492 501 505 523 533 306 539 354 542 575 581 586 598 601 604 105 624 614 623 635 647 664 669 684 689 692 693 734 711 719 727 728 740 748 750 755 860 781 801 804 812 815 820 825 829 834 351 798 854 861 74
781 2 646 259
335 409 617 2 80 117 382 5 7 12 746 539 19 199 750 24 490 25 253 600 672 29 446 30 32 136 363 532 752 261 33 35 38 39 580 698 438 137 497 565 744 693 175 41 756 630 45 104 340 47 776 48 133 49 583 596 52 63 357 69 488 324 671 70 505 154 71 258 73 75 164 212 81 85 190 165 395 92 529 98 468 742 101 103 106 225 770 524 470 108 109 310 116 731 730 499 597 119 399 221 114 330 120 121 123 620 125 82 129 131 134 537 57 135 440 76 139 140 141 512 144 100 51 145 149 434 230 396 152 632 378 369 213 1 520 153 16 156 158 161 172 174 628 460 242 716 543 115 176 180 530 173 220 445 234 181 273 183 196 601 566 697 184 702 599 569 187 44 593 179 188 514 189 626 193 198 200 444 329 553 202 55 203 65 67 251 207 504 208 676 209 110 23 584 284 211 77 634 449 287 94 8 160 637 311 215 218 233 384 186 185 521 235 236 361 562 191 764 309 381 554 239 703 241 243 405 245 388 246 248 250 255 88 262 182 265 18 267 522 649 612 414 502 342 269 143 270 627 272 62 355 276 277 696 244 708 469 347 352 420 281 563 555 278 506 774 282 283 398 286 36 290 293 526 294 633 296 298 56 380 303 377 307 636 312 27 367 192 319 333 321 466 126 528 322 765 271 323 544 256 325 326 454 331 169 394 10 763 341 249 238 105 779 343 345 346 503 645 348 740 151 351 224 204 353 547 354 356 54 146 87 648 268 464 625 42 358 365 266 366 368 374 768 491 118 40 157 150 590 661 210 646 712 252 551 383 387 391 371 733 748 393 397 111 216 231 402 408 20 413 415 416 21 364 421 43 418 426 437 429 622 279 540 430 432 285 112 728 428 439 724 64 564 474 360 13 447 448 451 68 178 452 50 453 370 455 459 461 743 471 167 473 557 477 478 436 575 777 481 217 479 682 480 570 483 424 61 425 410 484 373 604 485 462 487 495 496 498 107 443 500 501 684 259 240 508 727 509 510 516 177 517 237 519 651 680 90 523 28 297 304 14 489 527 766 93 607 531 533 710 194 535 95 546 549 102 78 556 379 574 663 558 442 222 197 138 423 390 291 559 602 561 148 567 572 573 591 579 581 582 560 585 761 587 295 588 332 589 594 610 611 257 614 615 60 705 642 616 618 422 317 619 492 624 53 301 603 629 631 640 643 99 692 641 650 654 518 463 576 773 655 658 538 122 662 664 700 666 673 308 26 674 419 767 780 206 494 677 431 678 694 404 598 37 96 386 679 685 687 688 392 406 72 450 772 757 59 690 515 274 735 689 691 385 699 350 403 704 9 706 400 652 707 288 732 493 709 711 714 713 124 739 715 411 427 717 718 719 720 457 623 721 722 458 31 647 171 723 758 683 456 726 729 736 737 4 525 577 475 605 738 741 749 753 755 760 769 771 775 778 606 734 781 552 305 407
520 2 318 86
397 6 370 223 241 308 9 255 248 11 116 296 262 20 393 271 147 505 13 282 234 284 456 30 34 411 242 145 310 37 327 236 406 193 38 218 139 25 46 47 49 179 50 501 62 67 99 277 65 72 443 100 254 299 210 520 102 124 119 233 332 256 130 78 270 123 211 507 76 508 87 135 133 167 141 152 137 40 134 51 498 458 463 112 97 163 29 343 240 264 166 395 10 146 168 387 404 92 403 465 172 379 176 491 188 114 196 433 204 306 69 447 206 324 19 198 28 214 251 45 216 224 128 144 192 265 418 396 225 26 228 230 89 320 307 231 110 246 208 430 194 162 471 337 252 285 52 178 249 515 266 247 23 238 432 267 278 221 22 286 291 357 470 219 466 107 298 96 309 316 212 322 325 453 389 356 55 367 350 290 220 276 73 300 444 70 342 200 363 407 420 401 61 79 377 3 312 333 14 506 479 344 115 54 452 346 209 431 355 197 297 358 341 414 364 375 386 388 405 244 398 329 181 140 435 237 359 189 409 111 419 253 422 136 302 1 497 499 159 494 434 486 437 60 101 169 518 376 439 448 280 263 440 164 106 441 151 314 450 160 461 467 469 475 485 425 318 259 413 438 489 372 182 504 213 75 400 477 258 478 17 12 195 171 483 402 283 91 484 488 88 464 202 63 269 348 36 490 156 426 512 42 492 353 5 493 366 495 105 500 142 190 268 517 519 446 74 279
895 2 670 75
148 25 665 292 136 656 129 583 300 488 261 364 5 415 269 18 813 744 239 520 71 496 131 486 294 499 59 671 232 223 483 631 580 289 555 302 818 119 301 861 267 338 68 358 515 882 52 674 246 653 605 373 78 84 768 747 445 381 553 551 687 333 82 162 160 43 64 103 37 708 860 51 707 258 432 475 481 385 402 280 657 329 641 545 749 216 270 316 471 120 250 111 564 112 548 186 235 362 190 602 458 213 506 794 721 514 521 149 825 16 661 221 114 168 157 122 470 45 649 664 36 107 124 335 108 518 15 787 144 42 406 894 424 660 125 166 61 372 874 133 822 802 448 383 866 253 779 538 134 851 386 615 416 763 164 803 90 377 460 97 278 703 810 889 672 452 642 880 220 32 63 737 629 50 53 299 113 357 184 895 754 652 844 347 4 760 207 215 332 669 365 159 169 772 17 217 601 141 202 427 667 227 58 256 389 265 450 709 439 654 577 613 786 392 835 234 723 343 618 268 408 70 592 9 11 75 554 182 355 352 304 210 306 414 890 857 404 529 240 218 774 771 307 176 315 379 830 598 243 508 775 789 468 391 344 783 859 393 489 604 378 532 233 370 711 399 619 607 96 229 252 865 633 407 390 761 815 266 89 891 864 255 442 659 127 262 79 409 54 461 465 254 353 480 83 128 46 827 724 814 264 755 466 476 474 610 491 603 873 231 257 314 323 528 317 192 196 492 512 303 695 367 537 198 431 759 244 410 434 655 694 161 764 140 99 522 556 696 433 834 348 717 677 829 558 336 334 295 727 19 361 524 237 490 310 858 494 24 422 539 281 205 411 845 14 572 579 886 533 150 121 110 167 10 544 56 833 118 484 197 510 189 23 20 879 593 646 371 473 594 820 584 831 435 454 172 683 698 324 596 145 420 718 608 359 238 312 599 609 423 778 640 567 519 154 191 291 73 412 208 693 330 883 643 337 212 287 226 430 745 635 204 80 753 752 428 856 611 77 527 44 614 469 440 375 178 188 701 146 623 203 516 812 888 179 31 798 285 275 138 562 676 589 648 503 242 736 686 840 398 712 530 557 705 91 194 500 630 436 673 638 376 729 684 688 438 69 805 731 570 456 485 702 346 200 193 28 123 716 13 823 766 413 597 679 668 806 34 387 21 852 22 311 867 72 784 666 286 297 804 854 777 171 363 449 394 339 507 842 559 546 12 645 27 322 725 39 811 331 816 388 741 621 868 354 247 600 320 155 793 587 98 419 770 626 719 525 230 542 876 153 453 732 565 792 374 576 7 697 837 245 93 746 369 156 839 106 773 441 395 477 769 152 92 847 531 832 298 459 214 86 366 561 517 147 817 578 750 206 523 549 848 326 547 808 271 785 788 700 758 384 552 345 790 742 321 871 447 849 33 142 501 177 498 809 55 276 850 401 40 174 795 325 274 405 550 81 748 463 163 57 115 526 116 730 137 644 819 319 180 482 536 165 581 821 100 824 284 396 222 714 35 780 617 101 606 418 588 573 181
375 2 318 317
1 2 3 4 5 6 7 8 9 10 12 13 14 15 241 17 18 19 20 22 25 26 29 30 31 32 33 34 35 36 37 38 39 40 41 42 44 45 46 47 49 50 51 52 53 54 55 57 58 59 60 61 63 64 66 67 70 71 74 75 76 77 78 79 80 81 82 28 83 84 85 86 87 88 89 91 93 95 258 96 97 98 99 100 101 102 103 105 106 107 108 113 114 115 116 117 118 119 121 122 123 124 126 128 129 130 131 132 133 134 135 136 137 138 139 141 142 143 144 145 146 147 149 151 152 153 154 155 156 157 158 159 160 161 162 163 164 166 167 168 172 173 174 175 176 177 178 179 180 181 182 183 184 185 186 188 189 190 192 193 194 196 198 199 200 202 203 204 205 206 207 209 210 211 212 215 216 219 220 221 222 223 224 225 226 227 228 229 230 231 232 233 234 235 236 237 238 239 240 242 243 244 245 246 247 248 249 250 253 256 257 259 260 261 262 263 264 265 266 267 268 269 270 271 272 273 274 276 277 278 279 280 281 282 283 284 285 286 287 288 289 290 291 292 293 294 295 296 297 298 299 300 301 302 304 305 306 307 308 309 310 311 312 313 316 317 318 319 320 322 323 324 325 326 327 328 329 140 330 331 332 333 334 336 337 338 339 340 341 342 343 344 345 347 348 349 351 353 354 355 356 357 358 359 360 362 363 364 365 366 367 368 370 314 371 372 373 375
524 2 158 63
2 441 61 3 1 180 126 24 30 73 34 53 332 374 78 524 82 368 100 174 371 218 108 396 115 116 42 88 119 219 387 128 129 83 64 131 143 173 438 65 158 171 197 200 310 80 206 201 19 91 204 215 311 5 191 275 229 226 244 465 44 254 259 268 343 352 70 280 488 286 291 300 112 301 507 516 307 170 514 32 329 360 224 334 341 179 17 27 342 344 357 366 375 211 323 394 151 132 290 336 156 287 146 237 372 354 320 223 245 166 397 272 276 405 356 154 408 409 261 415 340 270 51 324 483 416 429 21 380 419 182 6 130 138 392 304 240 426 461 439 472 479 90 139 319 216 482 497 195 506 498 505 303 513 490 427 521 338
59 2 52 29
7 20 35 4 5 6 9 29 11 18 12 44 14 23 49 15 16 10 17 25 27 28 40 30 13 31 26 21 33 36 37 2 38 32 42 39 41 43 47 52 53 3 24 19 22 34 1 54 45 55 59 58
332 2 4 4
76 252 147 104
30 2 16 18
5 1 2 3 14 15 17 18 22 20 23 25 26 28 29 30
166 2 12 13
64 22 35 38 113 51 63 14 74 153 157 161
980 2 330 207
4 757 12 15 27 29 33 36 665 667 43 65 66 721 570 72 75 96 379 705 552 723 99 677 601 908 119 371 623 122 128 129 355 498 175 132 212 494 754 136 140 920 13 113 145 169 862 170 177 186 591 833 191 195 562 197 211 200 204 207 220 237 734 55 238 115 17 313 244 246 252 255 261 267 269 273 275 336 280 282 283 945 426 284 286 288 291 298 299 314 620 270 837 320 897 321 324 337 339 342 343 935 345 348 133 87 687 351 363 254 364 366 816 940 369 372 941 183 6 625 727 612 375 380 636 392 401 707 405 411 285 954 415 772 250 127 417 420 432 439 385 441 519 235 722 449 802 813 455 462 469 471 478 479 309 484 487 338 602 491 493 511 513 516 520 367 922 909 521 531 34 230 532 533 272 539 543 686 563 564 568 569 947 571 518 792 916 696 579 582 585 588 590 593 718 596 598 600 69 604 606 404 609 870 279 619 358 624 340 90 47 41 20 626 100 361 581 117 633 634 918 84 408 443 647 648 698 242 653 219 657 658 782 2 680 659 660 664 668 675 860 447 678 689 700 716 885 719 172 724 388 729 738 49 739 748 400 752 756 765 767 287 786 787 789 561 848 794 797 817 820 812 821 824 828 515 205 353 674 829 830 835 840 842 846 858 859 541 865 866 869 198 875 884 889 258 433 335 900 618 901 911 464 912 188 741 913 917 960 925 926 672 120 530 440 931 936 950 632 331 956 967 968 844 239 168 971 977 978 779
799 2 722 382
1 4 6 38 99 7 8 12 459 339 277 375 13 14 15 16 18 436 19 433 21 26 27 416 178 544 28 29 161 276 30 31 33 465 344 35 96 36 530 39 40 774 333 369 42 43 538 445 48 493 51 52 55 58 631 213 310 775 59 214 62 60 61 63 758 546 64 66 473 68 70 72 32 220 73 74 75 737 174 294 76 304 188 79 80 82 87 785 340 89 98 90 57 91 93 94 441 23 97 100 499 689 101 435 404 644 102 103 487 643 683 104 107 218 108 113 398 115 116 117 578 120 122 572 125 131 133 118 109 135 301 136 608 409 137 138 140 141 144 466 128 81 146 148 744 485 37 153 154 686 156 157 219 371 158 730 162 565 163 164 166 566 167 168 170 286 240 699 171 175 704 745 177 181 186 776 130 583 152 670 189 625 191 412 468 193 5 266 462 85 194 528 195 480 700 423 196 198 199 200 202 766 753 203 205 206 592 208 563 210 212 215 216 354 393 180 217 221 564 222 755 227 397 228 676 484 229 231 233 234 235 495 236 237 126 238 241 688 580 246 279 248 50 250 647 781 251 299 549 249 252 638 255 256 378 260 197 247 44 263 373 71 264 268 269 597 270 558 634 271 682 272 502 275 280 678 315 281 282 336 258 366 285 287 329 288 702 289 290 291 292 400 293 297 303 65 345 305 364 306 322 307 319 309 242 262 452 417 311 313 511 314 317 318 179 320 321 324 328 332 716 86 427 334 192 551 338 463 341 342 343 347 349 232 350 380 351 353 355 768 225 357 581 359 362 365 367 680 368 295 300 377 381 757 388 595 325 361 390 53 552 56 617 254 201 391 348 794 764 392 394 399 401 432 119 575 492 406 410 598 413 415 418 773 505 10 419 420 422 424 472 425 382 570 429 490 430 765 370 431 437 438 648 439 442 239 447 448 449 450 636 451 78 453 455 456 458 384 460 150 461 520 467 469 330 470 474 183 172 725 475 476 478 639 519 479 481 486 599 488 440 491 494 496 498 501 503 504 507 740 111 331 508 509 510 512 477 515 516 517 464 521 769 257 778 654 524 523 204 529 531 532 534 535 147 46 385 537 243 346 540 542 383 173 543 274 54 545 667 548 550 553 77 554 533 555 557 561 562 712 121 337 296 568 569 571 165 777 224 245 372 41 573 576 577 24 443 584 585 586 207 190 690 587 588 589 88 590 123 593 602 697 594 187 596 518 600 132 143 601 606 607 457 609 610 611 395 312 579 613 614 615 482 663 616 750 17 719 723 273 618 621 261 622 83 623 624 626 547 760 627 471 628 211 145 713 514 629 651 527 630 45 632 620 633 352 640 489 641 513 642 652 619 106 653 114 655 656 660 665 396 612 657 67 92 718 661 112 662 664 668 226 283 497 666 669 671 672 674 736 327 675 677 681 796 684 685 687 691 692 124 694 405 649 169 483 414 695 696 209 701 567 110 705 707 11 708 105 149 34 709 711 703 714 715 717 720 129 721 693 358 724 726 727 729 731 759 732 659 47 244 741 184 743 763 658 746 69 747 748 673 379 751 752 754 756 176 761 403 265 767 770 771 646 772 444 779 780 782 783 363 151 784 559 605 786 267 787 134 591 323 637 788 733 402 790 791 793 539 798 799 407
325 2 158 114
1 3 4 5 8 9 10 11 12 272 13 316 18 27 32 33 39 34 36 38 45 46 181 233 47 50 63 66 254 68 69 70 61 74 75 76 77 91 320 231 206 80 82 67 83 85 23 96 98 101 19 104 105 106 107 110 113 117 126 53 127 281 130 134 135 139 142 144 145 62 289 146 147 180 148 282 150 31 158 218 161 162 163 164 166 172 173 175 176 182 277 143 187 188 193 217 194 216 323 201 202 203 138 208 209 214 219 222 223 225 212 226 228 229 237 234 238 241 242 232 227 243 250 251 253 255 258 200 261 262 99 263 151 278 284 196 288 293 302 305 306 307 204 153 179 178 309 291 310 311 312 314 54 315 322 136 60 270
73 2 66 59
1 19 57 58 2 4 5 6 7 8 9 30 11 29 28 65 13 15 24 16 17 18 20 25 26 27 31 33 36 48 55 37 39 22 40 41 43 14 44 45 46 47 50 51 52 53 54 56 59 60 61 10 63 62 21 64 66 67 68 70 32 35 71 72 3 73
62 2 56 36
2 4 54 5 56 6 7 29 8 9 37 10 24 11 14 18 20 22 25 26 3 28 42 53 34 17 30 44 33 35 40 12 27 41 43 45 61 39 46 47 48 49 50 51 13 52 55 31 57 16 58 60 36 15 38 62
207 2 202 126
109 129 114 140 202 201 1 2 5 6 7 195 8 9 130 10 84 14 16 18 173 19 21 22 23 24 27 28 29 31 67 33 34 20 35 36 43 46 47 48 50 188 51 41 72 54 38 141 204 55 56 77 57 58 91 59 60 148 177 61 120 127 206 62 63 64 66 176 174 69 70 73 74 75 40 11 79 32 80 81 82 78 185 104 125 83 85 76 17 86 87 89 90 92 93 147 3 94 96 99 168 42 52 110 154 100 12 101 175 105 106 107 108 111 112 113 115 198 116 117 119 121 122 123 124 13 158 88 162 128 131 132 133 49 151 134 135 15 136 126 137 45 71 203 138 139 155 26 200 182 187 142 68 98 103 143 44 30 144 145 146 149 152 153 156 157 4 95 159 150 160 161 164 165 166 167 169 170 196 172 178 179 180 37 97 53 181 183 184 25 197 189 190 191 192 65 193 194 199 163 205 207
731 2 76 62
12 36 412 50 51 62 73 607 697 78 100 109 715 117 144 126 131 166 167 608 184 529 188 189 196 203 209 216 227 238 264 271 285 288 337 344 345 598 352 358 359 360 362 378 388 390 401 224 434 438 519 470 473 520 522 535 543 690 548 554 574 581 626 635 647 275 274 664 665 667 684 281 692 705 116 713
309 2 104 29
284 22 232 149 103 40 213 81 9 98 172 303 88 18 37 55 29 44 283 47 49 74 54 73 100 128 307 296 70 186 48 63 94 250 273 238 154 254 104 119 277 92 131 11 90 153 237 107 294 299 174 110 64 175 245 112 246 264 240 180 287 121 270 96 288 150 206 201 203 3 57 99 13 214 24 212 248 252 166 144 111 267 204 51 258 140 163 262 286 170 260 291 222 295 306 192 67 247 127 223 135 82 12 239
525 2 98 88
1 225 325 6 27 30 39 41 44 46 58 76 79 82 83 89 91 102 191 104 258 215 110 117 118 119 122 128 131 152 174 181 182 187 194 197 210 313 213 226 227 231 473 232 242 250 253 256 26 263 266 269 271 272 277 278 283 305 308 436 319 333 337 340 346 243 351 363 366 367 375 382 397 400 406 409 260 410 417 428 432 434 437 453 454 459 467 472 60 485 486 358 490 500 508 517 522 525
382 2 328 298
3 5 110 6 8 9 11 13 293 15 271 16 17 18 19 21 22 319 23 25 26 27 28 29 30 33 34 35 36 37 38 39 40 41 43 44 45 46 47 277 49 50 51 54 55 56 132 57 58 61 63 64 66 67 68 2 69 70 72 73 378 211 74 76 24 77 78 232 377 248 80 81 167 82 83 84 85 219 86 87 88 89 91 93 94 62 95 96 97 98 99 100 101 102 103 104 106 107 108 111 113 114 115 116 117 120 121 122 123 124 347 12 125 126 127 189 75 130 131 134 135 136 137 138 140 141 142 90 143 144 145 146 147 59 148 149 150 151 153 154 155 156 157 158 159 160 162 163 165 166 356 168 171 172 174 176 177 178 179 180 182 183 184 92 185 112 186 188 190 192 79 193 194 195 196 197 199 118 200 202 203 204 206 207 208 209 119 210 212 213 214 215 216 217 218 220 221 222 223 224 225 226 228 230 233 234 236 240 241 242 243 244 245 246 247 249 250 251 252 253 254 105 255 256 257 259 260 198 261 262 263 264 265 266 267 268 269 270 273 274 275 276 278 279 280 281 282 283 284 286 287 288 191 289 376 290 291 292 294 295 296 297 299 300 301 303 304 306 307 308 309 310 311 313 314 316 318 320 323 324 325 326 327 329 20 330 331 332 333 235 334 335 337 352 338 339 340 341 342 343 344 345 346 348 349 350 351 353 354 355 358 359 360 361 362 365 366 367 369 371 372 373 374 375 379 381 231 382
968 2 940 703
1 2 3 518 4 5 6 8 691 9 11 12 13 14 15 16 957 160 17 18 19 20 21 23 24 134 25 26 27 28 30 33 34 36 39 40 666 42 492 43 44 102 45 46 48 50 51 52 53 54 458 55 56 57 59 598 60 65 67 68 69 70 71 72 73 74 75 76 255 77 78 79 80 82 83 461 84 32 85 86 88 89 270 90 91 92 93 95 96 891 97 98 285 99 100 101 103 104 105 108 110 386 112 113 114 567 115 116 117 118 840 119 248 47 121 122 123 417 125 126 127 156 128 130 871 131 132 947 133 136 137 660 819 138 139 140 512 912 141 142 339 579 143 145 147 148 149 150 151 152 154 157 158 159 163 164 165 166 167 895 277 169 171 174 175 176 177 178 179 180 723 182 183 184 185 186 187 189 192 193 195 196 730 197 198 201 202 203 204 205 206 208 209 490 846 210 212 213 214 215 216 844 218 188 219 220 222 224 720 762 225 226 227 229 230 231 232 234 236 238 239 240 241 242 243 245 539 453 436 489 246 622 247 250 251 253 254 256 257 258 259 260 261 351 262 263 267 268 474 61 930 695 777 269 272 273 968 274 302 144 106 275 153 278 279 29 280 283 284 286 496 287 289 290 291 292 293 294 295 838 297 298 299 301 303 304 305 306 307 308 309 310 313 578 315 332 316 317 318 613 319 58 320 322 323 325 469 823 449 326 330 333 334 897 335 336 337 340 331 342 343 344 346 347 348 349 352 353 354 355 630 768 356 358 359 360 361 426 824 223 363 547 364 366 368 527 369 371 374 375 376 377 378 380 381 382 383 384 385 266 556 387 793 388 389 390 391 448 676 949 393 394 396 398 399 400 401 403 35 405 406 408 409 410 413 479 367 414 296 415 276 582 416 418 419 421 422 424 425 430 431 433 435 437 873 438 439 441 609 663 442 444 445 446 447 866 450 451 311 452 454 456 457 459 624 460 462 463 464 402 465 466 467 468 470 471 472 473 475 22 477 540 478 480 481 482 440 709 483 484 485 486 487 488 107 228 491 493 495 423 497 498 499 500 271 502 506 233 508 900 654 509 510 513 718 81 514 515 516 520 521 507 522 576 523 524 525 526 528 529 64 532 533 135 357 534 535 536 537 538 541 543 544 545 546 548 549 519 550 551 552 155 588 554 555 557 558 199 559 721 560 561 563 565 893 168 566 395 568 569 570 571 572 662 573 574 575 581 583 584 338 585 120 586 341 589 591 200 592 661 593 853 594 595 596 892 597 503 599 600 603 604 605 365 606 607 608 610 611 612 614 615 616 638 617 314 7 944 618 404 619 620 124 621 623 264 625 626 627 628 629 633 161 634 635 637 639 640 641 642 643 644 645 646 647 577 648 682 650 651 652 653 655 657 636 505 659 664 665 701 667 668 669 670 671 716 672 926 673 903 677 679 680 681 942 432 683 684 685 686 372 688 689 690 109 692 693 694 696 697 698 324 699 700 702 703 704 656 780 706 707 936 708 710 455 711 712 713 350 542 221 714 715 420 729 717 719 722 724 726 727 728 731 732 733 953 735 822 321 736 737 738 62 739 94 740 741 743 744 808 434 745 746 747 748 749 750 751 753 754 755 757 41 170 756 759 760 678 265 761 765 763 764 412 766 767 407 511 769 770 771 590 191 772 190 773 687 207 774 775 956 776 778 779 781 783 784 785 129 787 427 788 789 961 790 791 794 217 795 821 494 796 797 798 799 800 801 802 803 804 806 807 809 810 63 811 812 813 632 601 814 805 815 281 181 816 817 146 752 31 818 901 825 443 428 827 828 829 830 831 832 833 834 835 836 725 837 211 839 841 842 850 843 845 847 848 244 373 849 429 851 852 854 173 855 531 856 857 858 859 861 631 37 863 864 501 865 867 868 869 870 874 875 10 876 878 879 379 880 881 530 882 883 884 885 886 888 889 887 564 890 411 894 896 898 562 899 902 904 786 905 792 906 38 908 862 909 910 911 913 914 915 329 916 917 918 919 920 921 922 923 924 925 235 927 162 928 172 929 931 300 820 932 933 734 674 705 934 935 345 937 938 939 940 941 943 252 945 946 948 950 951 952 954 955 504 958 959 370 960 962 963 964 965 312 966 397 288 967 649
476 2 450 346
160 1 2 3 4 5 6 7 150 406 8 9 10 11 12 14 15 16 17 55 18 19 20 104 226 21 22 351 25 29 32 33 34 36 37 38 430 39 162 41 125 43 45 49 50 51 53 54 31 56 58 59 62 155 63 64 441 211 65 66 67 68 69 70 71 193 72 73 74 75 118 76 413 77 78 80 81 82 83 85 446 86 87 88 89 35 392 91 93 94 397 96 60 97 100 102 105 106 431 107 109 111 112 115 241 119 121 122 263 466 124 126 52 127 128 129 132 133 224 134 135 136 137 138 139 142 153 143 144 146 147 148 149 151 154 156 157 158 159 161 164 165 449 166 376 110 167 168 169 170 171 172 418 173 387 174 271 183 400 176 177 278 178 179 180 467 181 255 90 182 184 451 185 186 187 188 84 189 191 192 194 195 196 197 330 130 198 199 364 200 202 203 204 205 455 206 207 208 209 213 214 215 423 30 216 389 217 219 220 273 221 222 349 223 225 227 229 231 233 228 234 235 264 236 237 23 239 240 242 108 243 244 245 247 272 248 92 249 250 103 252 253 310 254 256 257 258 259 212 260 210 469 261 262 265 267 268 270 274 190 218 275 276 140 415 277 279 280 141 281 57 282 284 251 285 286 287 288 289 290 291 426 230 292 293 294 295 296 297 460 298 299 152 300 301 303 246 368 305 306 123 307 308 311 312 114 313 314 315 316 317 318 319 320 321 322 113 79 99 266 323 324 325 326 327 328 329 331 434 101 332 333 61 334 335 336 337 338 339 340 341 342 28 343 46 345 346 348 350 352 353 354 355 356 232 357 40 358 360 362 363 366 367 369 370 371 373 374 375 377 378 379 269 380 381 382 383 27 24 384 385 386 388 390 44 391 13 393 394 347 395 398 399 145 403 401 116 404 407 408 410 411 414 48 416 417 420 421 422 42 424 425 427 428 95 429 402 432 433 435 365 436 437 438 439 442 443 444 445 448 26 450 452 453 454 456 359 457 461 462 464 465 468 470 471 309 472 473 475 476
608 2 436 109
170 97 253 6 211 8 534 361 1 80 10 225 109 309 467 314 428 454 539 430 243 25 143 413 91 226 125 478 231 30 34 60 44 274 434 600 133 105 241 258 50 73 343 531 199 341 448 75 462 76 499 82 77 444 280 24 31 426 84 85 416 593 390 213 575 11 17 565 263 61 470 455 607 87 519 93 41 99 104 116 103 564 254 351 203 36 233 132 485 129 209 317 606 46 486 26 130 88 190 69 171 469 138 399 146 37 149 151 159 134 162 260 512 515 494 169 480 183 590 568 360 498 194 184 407 187 459 331 59 576 222 491 488 39 235 238 371 425 516 489 94 248 255 186 559 74 261 585 247 250 302 267 342 271 275 589 288 292 375 400 293 237 505 298 310 555 49 282 208 163 227 315 319 558 349 142 325 452 323 330 332 594 445 449 496 54 156 120 520 64 15 224 141 333 334 592 441 436 148 71 153 549 160 264 573 391 328 510 336 437 604 166 89 45 78 172 279 189 337 338 340 420 481 354 406 5 347 43 215 353 458 366 304 355 380 242 297 251 13 429 276 216 278 21 540 356 581 357 427 358 359 362 111 393 245 387 370 110 311 214 81 174 384 92 527 388 339 139 124 29 440 579 348 223 443 112 369 200 574 178 536 569 286 552 195 135 395 193 403 570 507 578 150 405 305 113 495 464 408 188 70 409 547 3 410 411 446 344 418 419 424 432 433 596 442 122 450 453 217 329 423 457 145 176 461 367 524 474 583 475 522 421 16 493 28 98 108 62 456 501 269 308 228 545 165 374 504 468 506 492 352 518 106 327 167 368 33 514 435 401 479 313 509 378 511 414 322 95 239 117 451 521 289 517 131 577 526 303 301 532 101 483 543 546 177 477 548 18 232 379 412 14 529 397 554 490 312 431 556 205 307 503 281 58 439 530 268 463 550 273 572 179 538 182 560 398 561 102 230 392 244 318 563 257 571 249 20 229 588 7 597 438 415 599 295 605
88 2 84 67
1 29 3 36 4 5 6 9 84 74 10 12 13 15 54 16 11 21 22 23 24 35 26 17 27 28 30 14 31 33 34 38 39 40 41 42 64 43 37 44 45 46 47 2 7 48 49 50 51 32 53 56 55 57 58 59 52 60 61 62 65 66 67 68 69 75 70 77 71 72 73 76 78 80 19 81 82 83 85 18 86 87 79 88
471 2 310 161
2 5 76 373 63 7 10 411 372 17 471 22 113 80 199 230 24 26 27 112 111 461 29 225 32 67 34 35 173 36 38 462 40 19 43 45 426 283 216 101 48 47 50 55 58 30 64 449 68 167 69 316 434 193 74 408 82 85 86 424 16 89 90 91 444 115 174 262 100 93 106 460 9 201 96 282 235 428 374 458 205 418 102 104 114 77 345 376 416 120 153 124 308 84 130 131 134 135 383 136 138 209 423 139 140 142 144 145 431 147 149 59 452 157 161 126 324 319 162 163 164 326 8 166 169 400 171 398 179 177 442 221 180 346 294 108 185 187 28 189 191 300 195 202 107 62 204 365 206 208 291 210 214 384 125 217 218 219 306 232 18 233 239 240 143 437 241 244 146 243 245 273 184 33 247 249 250 251 260 170 263 265 266 132 137 267 268 270 12 351 363 272 303 255 276 151 277 336 15 279 253 271 369 70 456 286 455 289 200 329 290 155 293 318 182 295 242 275 296 297 298 178 302 215 311 4 54 304 309 337 310 39 312 371 315 317 322 323 330 459 332 334 280 269 23 223 99 274 44 338 141 78 405 341 41 438 292 344 356 402 357 359 360 353 361 368 375 378 403 380 382 328 6 385 389 457 390 396 340 397 409 410 412 415 417 419 51 122 367 420 421 433 175 435 439 443 451 445 362 119 446 447 307 366 448 463 465 466 467 470
812 2 766 206
391 2 353 291 650 567 573 3 575 12 804 19 356 21 337 16 36 30 31 298 584 486 94 336 616 618 395 32 670 578 243 41 454 42 43 46 224 56 57 200 614 59 793 387 622 80 63 342 554 124 790 68 476 279 76 207 582 810 78 283 81 299 104 157 91 517 34 457 98 724 105 485 106 109 203 747 556 480 723 455 553 111 221 210 60 113 118 115 26 70 121 335 372 366 800 782 162 130 607 13 212 33 132 101 630 140 411 142 642 55 17 202 241 792 786 99 406 501 538 74 190 367 637 388 751 217 494 369 188 154 631 272 292 634 668 639 282 149 72 385 186 375 333 495 150 129 151 7 158 53 521 161 61 166 127 170 436 448 807 256 294 82 171 247 134 174 767 407 549 768 175 711 414 180 222 95 719 47 714 182 735 184 185 461 191 152 741 52 192 194 456 195 665 197 392 251 558 409 493 204 92 541 205 211 236 592 219 87 112 588 808 596 277 603 428 169 228 206 208 748 772 8 131 215 229 199 444 811 239 240 257 246 762 313 248 264 265 317 114 270 275 487 144 274 778 276 423 373 278 328 297 308 766 85 312 314 473 396 108 48 725 315 102 560 319 695 370 320 697 10 435 536 430 446 449 489 326 755 657 327 799 293 329 163 332 226 338 110 497 397 564 350 354 359 168 617 539 738 346 528 401 285 361 5 683 681 325 764 589 362 255 160 364 377 187 612 671 242 496 143 703 83 654 773 379 139 22 306 470 103 189 261 745 382 148 384 806 474 378 386 389 289 740 27 464 390 586 587 627 625 673 273 311 794 116 155 522 599 266 64 122 399 655 164 37 402 403 404 410 413 417 421 422 398 427 54 615 181 502 429 451 475 376 684 524 79 355 432 437 245 438 39 287 201 348 442 365 345 458 459 629 271 249 198 460 281 467 318 472 511 252 557 86 440 478 453 77 733 482 483 284 50 371 484 491 690 499 125 135 167 469 500 504 802 652 138 506 507 508 492 509 513 477 518 667 611 450 525 651 530 334 471 798 503 532 88 797 540 598 545 547 552 555 341 559 466 609 137 498 227 425 352 562 561 516 488 479 523 280 120 330 20 250 73 321 262 123 570 704 571 324 58 344 597 90 574 339 594 233 765 331 340 700 701 173 434 605 579 566 296 544 805 583 290 490 439 595 258 601 602 606 107 712 126 577 647 649 646 67 96 49 759 728 789 358 535 569 254 718 310 225 721 193 526 613 619 621 664 176 347 75 572 568 178 301 624 512 626 632 551 269 774 635 543 44 608 623 304 636 159 65 729 529 9 656 431 244 715 708 659 661 663 666 669 672 183 563 674 303 675 676 678 679 682 749 730 686 687 688 770 97 45 462 433 408 519 62 40 788 758 689 692 591 136 468 694 349 286 260 648 394 481 447 550 737 153 779 405 89 505 640 754 731 705 753 128 4 119 232 295 600 706 415 179 213 620 66 363 214 443 231 393 463 580 426 351 713 465 28 548 716 38 760 323 145 717 307 726 727 418 801 29 147 380 51 732 302 133 576 660 18 419 658 653 15 645 533 734 693 736 14 585 739 305 24 742 238 416 685 300 641 220 93 196 445 638 510 780 400 628 743 527 644 795 234 253 746 769 750 441 590 610 237 752 633 565 268 756 172 677 757 424 259 776 6 763 165 316 709 702 343 534 771 775 230 35 11 357 593 777 374 223 783 643 784 71 696 420 785 604 791 796 803 812 722 809
12 2 4 7
1 9 7 12
21 2 8 11
1 2 6 8 13 14 15 16
173 2 116 111
1 2 3 4 5 7 8 9 10 11 13 14 15 17 20 21 22 23 24 25 32 33 35 27 36 37 97 38 39 78 40 41 42 44 45 49 50 53 54 55 31 56 59 61 62 64 65 66 68 70 71 72 73 74 75 76 151 77 80 83 85 86 87 88 89 90 94 95 96 98 100 167 101 106 107 111 112 113 114 116 117 119 122 125 127 163 128 132 133 134 135 136 137 138 139 140 141 142 146 148 92 149 150 153 156 157 159 160 161 162 165 168 170 144 172 173
55 2 48 49
1 2 3 18 4 5 7 8 9 10 11 12 13 14 15 16 17 19 20 21 23 24 25 26 27 29 31 40 32 33 34 35 36 37 38 39 41 42 43 44 45 47 48 50 51 52 53 55
522 2 442 415
1 2 3 4 6 7 9 10 11 13 14 360 16 17 18 20 21 22 23 25 26 221 27 28 29 30 31 33 34 35 36 37 39 40 346 41 43 44 45 46 47 49 50 54 55 56 57 58 75 59 60 61 62 63 64 65 66 67 381 68 70 71 73 74 78 79 80 81 374 82 83 85 90 91 92 94 95 96 97 99 100 101 102 103 104 105 106 107 110 286 112 113 115 116 118 119 120 121 122 123 124 125 126 127 128 129 455 130 131 370 134 135 136 137 138 377 140 141 142 143 144 145 146 148 149 150 151 152 154 155 157 158 159 160 161 162 165 166 167 168 171 173 174 175 176 178 179 181 184 185 186 187 188 189 190 191 192 87 193 194 195 196 197 198 199 200 201 202 203 204 205 206 207 208 209 210 212 213 214 236 215 305 216 217 220 222 224 225 226 227 228 229 53 230 24 231 232 233 234 235 238 239 240 241 257 242 243 244 245 246 248 249 251 252 254 255 256 258 259 260 261 262 263 264 265 266 267 268 269 270 271 272 274 275 276 278 337 306 279 280 281 282 283 284 285 288 290 291 293 294 295 296 297 299 300 301 303 304 307 308 309 310 311 312 315 317 318 319 320 321 322 323 325 326 328 329 330 331 332 333 334 335 336 338 339 340 341 507 342 343 344 345 347 348 349 350 69 352 356 357 361 362 363 364 365 366 367 368 369 371 372 375 376 378 379 380 382 383 385 386 387 302 388 389 390 391 392 394 292 353 395 396 397 398 399 400 401 402 403 404 406 407 408 409 410 412 413 494 414 415 416 417 420 421 422 423 424 425 426 427 428 430 432 433 434 435 436 437 438 440 442 443 444 447 163 448 449 451 452 453 454 457 458 459 460 461 462 463 464 465 466 450 467 468 469 471 472 473 474 475 8 476 477 478 479 480 481 482 483 484 172 485 486 487 488 490 491 492 493 495 496 498 500 501 177 503 504 505 506 508 510 511 512 513 515 516 517 518 519 520 521 522
588 2 232 60
158 436 271 482 249 12 289 80 13 223 406 43 212 50 57 60 326 31 138 470 62 194 184 151 94 359 413 306 361 101 500 405 221 562 110 48 33 118 318 210 126 84 377 122 133 124 130 369 539 103 348 580 307 537 228 463 137 139 41 524 135 159 173 209 134 547 364 441 142 73 330 88 291 487 246 376 11 264 458 399 198 553 568 136 268 233 67 119 269 395 64 304 165 278 414 285 471 69 250 341 92 521 208 242 465 104 288 479 298 108 366 202 302 87 24 189 161 292 305 551 333 347 379 354 36 277 342 273 17 2 169 357 493 358 375 344 381 353 164 392 448 286 552 424 394 397 513 192 403 484 529 259 418 32 336 18 410 236 238 419 55 215 516 72 98 548 258 197 42 373 76 460 427 15 185 102 429 514 141 450 168 116 535 188 229 163 461 464 199 91 355 27 39 472 123 77 438 265 496 254 21 497 520 451 561 567 570 475 363 581 314 416 293 362 86 51 396 492 559 389 256 462 132 571 423 263 583 454 196 218 388 339
547 2 378 365
1 514 3 5 7 8 13 14 16 17 18 19 21 22 23 24 25 541 26 27 30 96 31 32 33 34 36 37 39 40 41 42 44 47 48 52 53 55 56 58 59 62 63 64 67 69 71 72 73 74 76 77 78 80 81 82 84 87 88 89 90 91 79 92 93 95 99 102 104 105 106 107 108 109 113 115 117 421 118 119 120 121 123 124 125 128 130 131 133 134 135 137 138 139 197 140 143 144 145 146 147 149 150 152 153 154 157 158 160 162 163 165 166 167 168 169 170 171 172 173 174 175 179 180 181 182 184 186 187 189 542 190 194 195 196 199 60 200 202 203 204 205 466 208 209 210 211 212 216 220 223 224 225 226 227 228 229 230 231 233 234 235 237 238 239 240 241 242 243 244 245 247 248 249 250 251 253 254 255 256 257 261 262 263 264 265 266 267 270 272 273 274 276 294 277 278 279 283 9 284 285 287 288 289 291 292 293 295 296 297 299 396 300 301 303 304 306 307 308 309 311 312 313 314 315 317 320 321 324 325 327 329 330 331 332 333 334 335 336 337 338 339 340 341 345 346 351 352 354 355 356 357 358 359 360 361 362 363 364 365 368 369 370 371 372 373 375 376 378 381 382 387 389 390 392 394 397 398 399 400 402 403 404 405 407 412 414 417 418 423 426 427 534 428 429 431 433 434 435 437 438 439 441 442 443 445 446 447 448 450 451 453 454 455 456 457 458 459 461 463 464 465 467 468 470 472 473 474 475 476 478 479 481 482 483 484 485 486 532 490 491 493 494 75 496 498 500 501 502 503 504 508 509 510 512 513 515 516 518 519 520 524 525 526 527 529 530 531 533 535 536 537 538 539 540 543 546 547
708 2 628 176
245 204 93 145 10 18 224 16 29 30 266 34 357 615 585 191 40 513 197 226 622 41 42 402 479 50 314 53 298 657 697 54 385 534 488 97 205 242 590 121 628 336 625 608 213 403 470 326 580 61 358 62 307 412 70 66 459 376 250 38 573 109 71 683 73 670 2 636 543 285 330 87 79 81 706 658 26 25 147 478 201 461 340 15 85 175 90 655 302 355 101 413 306 58 638 102 67 347 647 346 639 447 106 108 348 12 228 654 110 293 6 288 172 457 114 115 422 436 570 118 328 617 469 594 63 287 620 119 704 220 125 363 134 7 611 652 120 641 435 136 216 694 453 382 656 378 137 503 278 21 437 139 320 681 538 69 130 146 11 148 387 150 155 156 509 157 233 526 159 384 160 451 290 557 455 163 19 170 173 433 174 318 528 176 179 660 180 187 664 282 424 184 401 546 227 132 481 190 415 141 410 645 572 192 364 589 308 338 44 439 703 5 39 272 301 193 352 360 194 315 668 198 207 210 258 632 252 214 362 215 217 686 671 222 20 280 225 331 162 76 279 691 65 230 685 397 92 95 239 168 231 370 292 253 274 234 506 499 131 64 381 8 123 235 238 247 702 440 57 104 442 249 255 603 169 60 259 68 265 23 270 448 650 35 138 633 13 275 276 421 687 597 574 209 96 651 579 269 571 530 665 80 341 281 592 140 117 291 541 416 337 122 605 55 86 189 254 195 158 153 211 294 323 466 489 299 124 404 107 484 586 344 629 547 312 471 667 482 411 313 311 31 319 582 322 327 329 467 502 566 334 335 339 342 343 463 578 300 149 349 262 257 350 78 588 398 353 52 28 127 36 143 648 354 361 408 359 366 91 286 512 89 674 368 510 643 372 373 430 377 268 375 544 380 75 33 277 48 386 561 389 529 232 583 646 392 642 494 520 393 178 303 602 604 240 396 51 165 498 696 399 406 419 260 475 423 596 304 263 425 637 418 649 426 441 609 428 142 495 316 493 432 449 297 693 431 450 679 14 516 452 251 444 133 371 135 462 477 164 465 365 689 474 476 480 692 684 690 485 310 487 414 491 116 144 577 113 560 456 497 522 504 600 559 271 505 219 563 555 417 562 508 88 515 374 695 203 666 208 521 261 183 523 325 356 37 46 524 154 321 237 167 584 517 394 531 400 576 351 492 624 533 273 535 241 464 537 548 129 619 680 181 445 77 527 549 532 595 151 4 550 305 434 553 407 486 514 454 558 236 221 567 587 591 511 317 598 599 43 345 552 601 409 627 56 405 568 688 128 551 468 518 490 539 606 540 607 698 99 501 613 161 616 618 256 218 621 390 623 630 631 634 699 177 333 614 640 653 295 186 438 673 446 24 199 429 659 296 581 661 669 672 677 675 676 678 22 171 682 367 700 701 545 458 662 103 705 707
127 2 22 26
2 15 17 22 27 38 40 53 59 64 67 72 73 78 80 83 84 96 103 104 105 114
13 2 2 3
2 5
740 2 592 376
18 140 2 3 4 6 7 8 9 10 11 13 16 55 376 700 17 19 22 238 243 23 199 412 24 26 27 30 32 33 35 37 43 568 44 45 46 236 193 426 146 51 52 54 56 57 309 107 59 60 61 64 66 67 70 528 72 573 172 73 74 582 76 519 79 80 81 97 82 83 84 185 85 165 446 86 63 28 88 90 91 92 558 158 93 98 481 100 197 101 103 605 104 105 106 713 112 113 117 119 120 121 123 126 127 129 533 130 452 131 132 613 134 135 137 139 685 196 237 141 143 737 145 147 148 150 241 151 343 153 154 159 162 163 164 166 168 169 521 170 647 233 171 173 370 167 174 177 333 50 178 180 182 652 183 307 115 698 184 186 189 559 207 48 399 190 191 194 195 198 200 201 367 202 669 203 206 242 209 379 211 212 215 392 216 611 728 219 220 221 224 228 229 235 239 513 284 280 244 53 246 247 248 264 249 250 234 585 155 252 253 254 255 256 480 257 142 259 355 301 594 261 262 77 607 444 267 226 268 269 275 726 276 414 278 281 286 625 287 466 291 648 676 290 292 294 297 299 410 300 310 311 366 227 312 313 315 318 725 205 368 319 474 320 321 322 326 328 331 335 339 342 345 454 344 599 346 347 351 352 353 356 357 358 360 361 362 363 364 369 373 377 71 591 508 378 314 380 382 384 385 388 524 614 389 390 157 179 391 396 94 398 403 406 408 411 415 416 575 487 418 420 421 423 658 303 217 341 425 566 288 31 643 427 118 430 432 316 433 434 108 395 435 693 447 439 409 714 441 442 144 443 448 337 450 451 453 336 455 456 457 458 251 161 709 459 461 462 463 718 468 413 469 472 68 491 475 354 437 707 417 638 478 482 486 488 282 489 464 490 492 494 495 496 214 372 465 272 332 304 499 545 556 580 500 502 555 298 340 602 503 504 506 547 99 507 509 187 510 511 78 517 518 192 407 47 471 520 525 526 529 663 49 530 531 532 535 176 210 62 536 512 539 540 583 541 543 546 548 501 14 550 285 149 551 552 553 554 505 557 560 561 562 334 564 570 571 572 381 574 576 330 577 476 232 578 579 581 588 593 595 596 597 383 600 160 601 612 615 616 445 295 387 619 230 621 622 624 626 627 630 122 348 483 738 633 208 635 689 636 637 641 306 642 644 589 646 650 723 651 653 654 708 41 266 96 222 655 656 660 661 662 664 666 703 667 592 440 668 731 670 672 673 674 675 678 679 40 680 58 681 584 684 375 686 688 690 733 515 327 402 692 694 467 696 697 699 305 657 701 702 538 629 704 706 710 125 711 712 715 181 716 717 719 683 721 722 724 730 732 735 736
401 2 68 38
14 28 26 168 283 45 182 71 254 95 181 121 129 80 173 345 143 232 152 72 379 57 359 396 331 259 183 4 372 191 380 59 223 205 250 267 269 275 68 194 186 285 10 208 135 346 118 279 86 61 149 69 240 395 210 310 335 39 222 113 365 352 33 387 389 43 401 115
180 2 138 28
34 93 53 1 16 127 160 57 18 178 109 10 173 170 154 42 51 48 134 122 167 69 168 107 60 15 9 112 128 163 132 99 81 61 179 13 20 21 22 174 92 133 100 79 37 3 12 84 30 67 162 136 165 111 58 39 96 155 156 115 180 26 29 101 166 64 104 66 65 138 158 5 124 25 28 63 157 62 130 75 147 86 116 97 36 177 43 50 110 95 131 56 123 70 59 44 80 72 14 94 118 139 74 8 119 120 103 126 41 76 27 31 142 88 7 23 113 4 117 32 144 148 33 143 149 90 164 105 150 17 159 106 89 137 171 38 172 129
926 2 494 385
650 378 1 2 4 5 745 640 7 10 42 12 269 17 18 19 21 23 24 268 30 31 32 34 181 842 36 37 46 48 53 54 58 59 646 62 65 68 253 61 72 74 75 76 78 343 80 81 82 83 367 682 85 87 88 89 861 577 90 92 93 97 100 101 102 105 401 151 106 112 115 390 119 120 124 125 126 128 130 131 133 134 136 139 140 116 623 141 143 146 149 150 497 153 154 157 158 159 430 395 382 160 162 163 164 166 169 170 174 171 179 598 180 185 187 189 730 190 909 196 197 198 199 200 201 204 687 207 208 835 210 212 216 218 826 219 221 192 222 182 224 227 901 228 233 237 239 243 244 245 666 271 277 250 251 252 256 257 261 266 273 275 276 278 279 280 281 284 286 288 294 51 296 298 299 301 306 307 310 833 313 315 316 317 318 321 322 327 332 333 334 300 926 336 465 341 669 342 344 347 348 45 350 351 356 358 361 363 366 814 456 191 825 369 371 820 372 570 383 583 391 394 111 398 400 406 410 411 412 413 345 415 418 152 419 426 614 215 510 429 431 432 434 435 439 441 443 444 447 448 449 450 453 459 461 464 469 470 471 869 474 477 478 480 483 486 487 488 765 490 495 496 287 498 335 500 502 504 596 506 132 511 514 518 520 231 521 524 527 528 389 529 530 531 591 556 533 581 535 538 542 545 548 547 549 551 553 557 560 63 563 565 540 571 573 388 576 380 578 580 582 585 586 588 254 589 592 594 597 599 601 324 602 605 611 612 639 799 613 618 620 422 624 627 629 377 630 632 633 634 637 641 643 644 649 652 656 657 658 665 668 670 671 49 674 675 309 678 681 683 686 688 691 695 704 282 813 697 698 285 699 700 701 95 703 705 710 468 607 717 718 392 722 725 726 595 731 732 734 735 783 736 737 739 550 742 787 746 749 750 755 264 758 760 766 771 772 775 777 778 779 784 788 789 793 795 796 800 802 803 807 811 829 815 816 818 822 823 828 830 836 837 172 838 460 840 843 844 517 409 845 848 295 854 856 859 862 863 868 866 519 872 689 873 875 876 877 922 513 878 879 883 884 887 889 890 893 894 756 895 898 827 899 900 615 902 903 907 913 916 917 918 920 924
369 2 4 8
34 297 233 156
131 2 130 51
116 49 5 3 6 7 9 55 120 43 108 15 98 16 11 31 76 94 97 112 68 12 106 26 36 127 8 35 14 54 96 25 62 52 20 69 24 1 48 2 101 84 23 81 50 27 28 19 56 29 100 38 53 39 60 122 110 40 64 115 131 57 51 41 42 44 13 95 45 46 74 18 47 59 21 121 61 65 66 67 70 4 71 75 92 78 89 30 103 82 109 79 37 83 87 128 88 91 85 34 73 33 113 90 93 80 99 105 125 72 107 111 77 118 86 32 10 119 63 104 123 17 58 124 22 117 126 129 114 130
637 2 524 344
2 4 319 5 7 75 528 8 13 17 18 22 26 27 315 29 173 32 33 163 34 38 39 42 44 45 46 48 572 49 50 56 57 60 6 65 66 69 239 72 73 634 574 76 235 80 254 81 82 83 176 516 51 90 335 105 91 96 147 97 406 238 289 317 98 99 101 573 318 103 305 219 104 106 108 93 113 114 117 119 122 123 124 127 303 128 130 116 131 132 133 134 137 142 383 143 452 146 148 356 149 150 94 152 54 154 155 156 425 297 579 158 159 379 161 162 164 129 165 166 78 167 373 412 169 55 170 171 177 179 180 182 496 183 184 187 228 194 262 196 197 203 551 204 205 206 602 186 355 208 553 110 251 611 11 211 23 389 212 213 333 214 456 581 448 217 234 218 221 222 201 223 138 224 226 144 232 237 352 71 240 243 511 265 244 246 248 252 255 256 258 259 84 411 633 261 264 19 266 202 287 267 630 269 270 120 272 275 140 276 277 428 549 474 43 278 260 279 280 282 595 493 460 283 346 216 286 290 295 502 236 296 554 451 298 300 375 301 407 302 304 306 307 309 384 310 316 284 320 291 321 209 323 324 325 485 74 326 328 329 229 174 331 332 336 111 430 338 339 340 157 342 343 345 349 350 351 495 560 354 357 358 359 360 361 364 365 367 369 371 374 353 524 376 377 380 381 85 382 385 257 386 391 392 393 525 394 555 398 400 422 14 402 403 558 404 230 527 408 410 413 415 416 541 417 419 420 423 426 427 431 370 432 453 433 434 436 437 507 438 31 470 418 442 443 445 447 449 198 450 1 454 455 457 458 459 462 334 414 463 464 465 77 473 466 521 468 469 471 586 475 476 424 188 225 299 477 523 478 479 480 481 482 192 491 484 249 486 314 487 35 488 390 490 492 494 499 501 503 135 312 585 506 559 520 92 439 401 509 512 446 513 514 515 250 388 518 233 519 522 526 529 220 508 397 498 30 210 64 575 531 532 362 533 535 627 505 536 537 538 539 540 543 544 546 547 548 552 556 562 563 564 95 565 145 566 567 568 199 570 571 576 577 578 308 185 580 582 322 3 583 584 587 41 588 590 592 500 444 594 596 330 53 517 597 598 599 600 604 605 607 125 609 68 178 610 241 612 613 615 616 617 620 622 623 109 624 625 626 628 629 589 25 193 606 637 313 497 429 36 292 395 636 168
327 2 2 17
97 104
441 2 154 129
2 5 7 11 18 19 20 25 27 29 40 42 14 49 58 66 69 96 294 76 89 95 99 150 103 106 108 113 114 115 424 119 122 126 127 129 132 136 140 148 364 152 156 275 157 163 167 169 170 172 173 174 176 178 181 183 189 385 250 190 88 200 202 205 206 59 390 207 208 209 214 219 221 438 224 234 235 26 237 233 240 251 252 254 335 256 16 259 262 86 263 401 161 266 268 269 270 272 274 276 64 280 278 281 300 301 303 307 310 317 318 320 36 48 402 324 213 325 326 327 334 338 340 341 344 345 347 121 374 350 361 363 368 369 70 375 376 380 386 387 388 391 392 397 403 404 406 412 414 423 425 427 428 440
506 2 134 71
144 482 1 3 59 228 459 55 316 7 96 207 40 62 12 32 45 46 52 90 91 123 92 172 97 156 445 47 110 492 443 121 302 354 124 205 128 282 51 27 390 118 135 466 142 246 150 183 160 33 129 138 281 399 203 211 215 360 374 269 434 208 292 224 64 236 252 238 393 332 340 257 56 258 279 274 31 218 355 130 283 303 336 373 300 322 334 17 431 346 414 187 318 195 364 77 378 380 288 35 382 263 478 327 117 377 384 247 317 397 285 405 453 433 409 367 415 423 71 99 132 424 425 311 54 442 446 284 452 454 464 474 28 475
464 2 396 371
1 2 230 3 5 8 9 10 12 14 15 16 17 18 19 20 21 22 23 24 25 26 27 30 31 32 33 34 35 36 37 38 39 42 43 44 45 47 48 49 50 51 52 53 55 59 60 61 62 63 64 65 66 67 68 69 70 73 74 75 76 79 80 81 85 363 82 83 86 87 88 89 92 93 94 95 96 97 99 100 101 102 103 105 106 107 108 341 109 110 111 112 114 115 116 117 118 119 123 124 125 127 128 129 130 132 71 134 135 136 138 140 141 142 143 145 147 148 150 151 350 152 41 54 153 187 154 155 156 158 159 160 161 162 163 164 165 167 168 169 170 171 172 173 174 175 176 177 178 181 182 184 186 188 190 191 192 193 194 195 196 197 198 199 201 203 205 206 207 209 245 210 213 215 216 217 218 84 219 221 222 223 224 225 226 228 229 232 233 234 235 236 237 239 241 242 243 244 246 247 248 249 98 250 251 253 254 255 256 257 258 259 262 263 264 266 267 268 260 269 270 271 273 274 275 276 277 278 280 281 282 283 7 284 285 287 58 288 289 157 290 291 292 295 296 297 298 299 300 301 340 302 303 304 305 306 307 309 310 311 312 314 315 316 77 317 319 320 321 322 323 212 325 326 328 329 331 332 333 334 336 337 338 339 343 345 346 347 348 179 349 351 352 353 354 355 356 357 358 359 362 418 364 365 367 368 369 370 180 371 372 318 373 374 375 376 377 378 379 380 381 382 384 385 386 387 252 388 389 391 392 393 394 395 396 397 398 399 402 403 404 405 131 406 407 408 409 410 412 413 342 414 415 416 419 420 421 423 308 424 425 426 427 428 429 430 432 433 435 436 437 438 439 440 441 442 443 444 445 446 447 448 450 452 453 454 455 456 457 458 459 460 461 462 464 330
372 2 18 10
169 1 63 103 348 341 191 55 265 354 116 173 57 170 224 122 316 347
8 2 2 6
5 7
243 2 116 62
3 64 11 13 16 18 28 32 47 33 109 36 65 230 237 44 227 45 10 69 104 53 54 150 58 60 63 116 68 27 83 88 19 89 2 159 164 217 90 93 188 94 6 110 97 1 98 200 103 106 81 91 107 140 120 223 127 135 139 144 182 142 148 149 153 154 192 156 204 163 67 119 229 55 165 177 76 169 171 25 174 175 176 181 183 66 77 186 95 187 194 196 168 117 128 173 198 137 213 17 215 216 224 48 29 233 236 102 210 239 79 232 151 240 226 241
911 2 660 149
255 16 205 139 574 27 33 886 571 257 342 49 63 377 825 454 674 759 68 684 74 97 77 173 712 520 832 22 809 670 849 80 602 817 286 83 59 758 91 105 275 34 289 134 111 878 790 894 380 116 641 120 141 763 634 41 146 365 136 667 565 309 152 642 154 158 160 407 406 166 517 99 648 659 904 128 593 282 755 776 821 253 646 578 171 340 243 126 175 468 52 216 408 579 510 442 192 197 198 206 155 735 129 122 222 584 396 514 467 209 404 215 700 218 18 762 640 262 149 226 433 589 615 235 211 624 874 901 386 415 330 761 558 732 374 256 190 723 147 264 797 245 604 327 898 852 142 871 217 607 248 422 469 897 877 851 250 98 350 567 747 254 400 29 258 266 119 269 270 528 272 273 113 347 81 184 162 366 94 283 295 706 5 303 695 48 306 88 288 308 504 189 472 71 32 311 131 70 436 82 655 302 212 781 315 651 93 850 834 453 636 591 483 805 587 241 537 671 316 251 599 848 370 123 164 858 114 813 470 317 331 325 728 326 329 336 8 719 803 749 534 484 662 28 902 339 344 769 345 818 351 207 644 707 840 371 357 372 229 774 905 121 376 601 500 475 389 392 398 375 745 73 363 115 513 875 290 868 410 42 101 734 140 45 843 685 413 421 425 637 511 428 307 57 437 444 533 438 649 618 224 575 441 405 720 252 150 278 176 705 6 362 359 654 617 79 463 348 385 461 464 900 420 807 391 67 535 465 485 792 480 220 486 7 844 491 884 495 502 503 471 221 429 718 824 538 793 456 740 185 506 678 132 322 508 777 814 493 379 24 689 519 909 911 521 524 449 656 547 448 242 549 717 708 292 267 552 403 737 92 170 321 857 570 555 711 710 247 703 12 527 338 301 733 494 560 512 713 168 459 319 482 885 473 193 174 698 358 566 661 910 722 90 118 50 569 576 56 622 525 39 65 133 457 585 37 72 773 586 796 727 592 230 691 595 896 596 753 657 888 95 536 606 423 117 608 690 497 54 165 58 460 542 13 582 609 323 564 499 554 610 614 568 611 100 78 620 478 261 787 629 343 124 284 631 621 526 645 652 291 556 159 626 426 605 36 466 739 234 238 167 653 724 665 876 666 767 237 628 148 668 546 680 692 699 760 704 17 369 35 893 663 714 743 744 748 752 249 446 550 210 780 715 412 225 450 866 1 754 96 765 580 772 764 768 846 779 702 378 686 806 880 812 908 784 675 581 19 285 786 683 232 213 87 820 822 481 788 789 826 181 741 782 616 795 293 725 799 801 287 819 823 474 804 153 544 730 837 435 161 756 693 151 553 104 827 598 613 107 382 541 828 736 829 532 873 899 231 540 830 687 836 163 833 259 853 775 682 298 487 414 855 172 15 860 892 590 305 794 236 143 86 856 488 381 557 862 845 838 841 531 44 597 356 69 186 543 390 112 726 263 864 180 102 458 638 887 498 462 669 64 451 9 583 635 867 664 603 31 701
374 2 182 40
343 272 67 200 193 159 333 254 1 251 31 259 338 160 352 237 5 148 362 30 330 124 57 40 306 16 36 71 17 38 275 134 363 112 75 292 120 359 47 232 277 335 26 48 360 158 291 201 178 8 64 45 326 217 39 339 351 289 60 125 233 340 191 350 101 194 309 296 303 300 355 51 14 102 90 58 361 244 255 80 103 23 84 192 249 206 89 94 207 372 146 10 253 55 110 113 242 137 258 61 131 327 229 172 129 44 189 183 221 34 235 165 215 50 354 256 139 33 29 265 42 273 143 19 283 356 92 59 299 97 301 368 22 195 107 304 187 262 308 318 72 140 43 198 293 142 87 320 91 62 315 219 18 348 276 114 271 274 151 32 322 180 337 82 270 347 269 353 54 213 173 162 66 285 358 11 95 218 294 227 177 367
852 2 596 128
601 62 513 334 387 8 10 188 847 11 12 737 88 287 322 588 585 138 4 613 336 840 381 105 176 793 369 377 213 18 104 307 237 246 32 34 196 391 53 68 200 614 622 342 71 814 76 650 83 654 685 102 132 494 475 7 117 576 73 252 808 341 536 159 128 133 154 309 327 698 320 415 145 13 42 360 80 153 44 797 835 604 162 764 283 785 166 101 186 425 351 50 60 826 306 209 170 203 313 98 204 589 211 495 217 418 347 27 368 137 590 229 271 294 238 561 3 621 404 243 262 398 608 54 216 266 578 447 408 683 592 255 439 231 295 707 411 90 118 384 454 279 431 282 630 573 268 559 284 486 556 24 745 288 291 723 292 653 297 173 46 850 594 301 830 235 572 75 270 437 340 165 379 598 388 337 130 37 751 269 256 226 207 792 317 489 325 393 652 794 348 349 696 498 719 452 16 355 66 67 29 175 127 69 697 690 382 245 759 634 108 704 242 551 501 632 599 366 554 657 370 373 103 371 397 806 584 474 804 139 400 87 507 667 457 729 733 5 478 782 644 276 539 527 150 244 801 681 553 476 402 414 195 516 713 420 479 421 434 151 485 182 580 730 648 560 679 611 436 445 428 544 828 458 435 546 470 471 253 484 192 116 738 500 636 225 491 330 274 449 480 171 504 39 386 849 510 518 81 519 9 649 646 783 152 758 532 535 345 537 540 541 438 194 770 58 459 335 40 831 2 241 281 547 488 557 545 293 837 174 126 248 829 14 605 367 563 321 569 79 280 550 836 482 574 523 179 427 233 396 583 346 841 319 36 593 339 596 597 167 842 477 236 617 645 134 247 378 197 671 818 702 816 305 55 23 86 106 1 89 419 259 299 774 290 344 352 680 155 401 406 272 21 624 48 656 409 669 163 700 52 610 187 15 120 389 234 390 51 442 586 463 600 670 497 721 113 201 823 777 703 744 688 260 692 689 778 812 817 780 675 720 725 453 727 612 110 769 199 158 212 767 522 505 493 191 56 275 462 332 362 124 365 473 731 746 526 749 112 637 148 693 784 503 70 747 571 609 316 364 61 748 416 752 815 450 530 755 710 757 298 460 115 223 385 529 768 639 682 766 822 773 57 405 791 468 157 647 429 250 845 375 220 795 156 695 78 531 361 796 799 6 422 119 838 380 676 732 800 633 606 781 691 190 722 717 424 97 277 591 43 525 142 374 22 753 206 433 848 756 803 602 35 169 805 430 28 813 407 376 819 821 63 558 467 257 548 718 254 107 673 820 661 183 743 514 264 180 623 839 740 326 712 315 761 626 687 678 579 694 643 760 318 343 20 789 363 121 833 412 202 736 146 85 844 570
563 2 286 155
94 4 47 6 7 387 14 15 24 216 28 177 244 501 352 34 41 42 43 48 322 49 50 469 40 265 54 58 264 123 59 61 182 67 68 69 72 299 73 76 78 62 337 326 154 83 207 525 379 86 87 88 90 355 236 93 98 357 100 110 114 44 46 122 542 125 128 131 150 132 532 133 540 551 261 134 138 142 143 292 149 152 370 274 57 362 259 155 71 159 160 166 180 181 85 183 334 127 27 191 552 432 194 192 195 268 102 51 487 367 198 148 199 483 200 441 563 201 202 205 340 211 212 213 214 218 534 225 220 228 232 60 233 345 240 247 251 120 315 253 258 260 187 263 12 273 280 126 278 348 215 428 270 291 295 298 286 303 306 309 283 310 311 343 80 429 35 317 324 325 332 335 290 341 360 275 112 363 376 381 383 385 269 386 388 389 438 447 397 399 400 403 411 178 412 380 414 417 185 504 406 418 336 419 366 420 425 65 249 431 318 434 444 136 445 189 106 449 450 135 459 463 472 476 522 477 478 52 241 480 413 484 288 489 491 407 492 25 493 103 164 497 443 257 169 84 533 321 250 394 39 503 496 23 74 519 158 506 507 508 510 513 184 130 267 107 515 517 523 209 537 405 468 541 549 401 546 550 234 555 558 157 470 560 554 562
458 2 442 130
413 2 3 243 7 12 172 194 140 208 13 285 337 19 82 226 107 435 104 437 246 181 416 20 93 151 122 129 24 30 239 34 279 157 43 48 88 49 245 314 267 383 55 356 269 152 156 289 58 408 60 96 42 5 254 186 265 359 222 65 303 420 18 32 336 391 221 66 441 67 331 302 294 164 387 25 70 72 74 176 110 291 316 428 335 134 432 75 214 78 238 80 83 98 86 87 91 256 92 300 29 235 262 94 118 233 113 381 115 10 116 315 385 117 100 259 153 126 400 237 309 234 455 274 163 54 124 204 81 125 15 142 406 127 130 271 132 26 232 136 41 112 213 357 407 405 436 211 310 244 137 250 144 394 51 430 146 338 33 411 21 147 155 438 158 458 161 8 23 326 102 63 377 76 219 452 36 217 369 284 79 47 170 299 403 351 174 171 177 68 179 182 321 304 120 183 69 39 185 334 175 288 189 312 190 192 380 399 253 191 446 95 200 350 131 193 139 64 38 143 352 159 27 231 434 196 317 199 307 167 277 103 398 215 216 218 282 342 220 287 225 14 148 442 227 229 210 263 353 61 45 367 392 85 230 166 1 240 270 241 247 249 187 412 251 397 305 281 207 257 418 439 258 111 40 260 292 272 415 318 273 293 255 275 278 11 283 290 73 421 362 295 71 301 121 201 57 236 56 313 106 319 454 323 37 325 59 328 329 138 101 419 417 393 332 224 198 425 97 333 451 340 341 252 123 344 154 248 205 346 390 378 311 145 365 286 16 77 348 4 354 44 28 358 89 363 364 366 368 298 133 372 135 444 373 31 209 22 90 401 374 379 347 375 388 327 35 402 261 9 184 389 165 195 404 306 409 410 105 212 84 414 423 424 370 109 308 345 426 371 197 343 160 296 355 427 429 264 242 52 141 268 128 361 422 440 384 50 443 53 376 386 228 114 445 447 339 202 280 119 162 169 360 448 395 449 433 450 297 276 453 266 168 223 206 456 99 108 149 322 457 17
265 2 68 19
72 107 245 144 256 52 9 224 159 7 114 234 68 94 13 259 4 218 17 8 202 25 168 103 239 59 95 109 177 55 77 88 203 219 100 132 78 70 42 34 50 180 200 220 80 71 264 183 156 188 221 22 99 133 145 163 204 3 101 122 44 212 208 206 228 198 58 231
186 2 158 83
3 164 5 11 75 12 90 18 13 14 102 15 16 179 61 17 20 21 23 25 27 161 28 72 29 31 139 124 34 142 40 37 43 45 19 69 46 111 160 134 86 48 56 50 52 105 9 44 137 51 82 54 55 59 57 10 64 66 62 49 67 70 73 74 136 2 76 83 103 78 79 80 81 84 167 85 68 53 94 88 92 96 91 24 98 87 93 39 100 104 106 109 185 30 170 41 107 110 158 131 186 181 97 157 113 116 128 118 119 183 121 123 127 149 129 95 168 143 132 135 35 1 138 140 141 144 36 146 147 108 151 152 155 148 7 133 38 173 150 63 65 156 162 163 77 165 172 169 171 174 175 60 58 176 180 115 145 117
295 2 38 25
124 135 13 87 31 61 74 64 84 95 123 127 72 194 134 138 66 159 182 291 165 257 193 210 92 213 222 237 155 246 19 29 278 264 268 259 271 281
980 2 54 47
2 34 39 65 417 81 123 135 404 174 223 883 234 247 389 250 305 327 337 352 418 359 721 432 482 511 549 562 570 589 614 648 685 690 164 722 155 741 784 793 804 814 889 902 919 923 938 948 657 953 7 955 974 975
69 2 50 15
31 10 15 9 1 23 50 21 59 22 24 25 13 38 45 46 34 14 62 12 65 53 41 2 42 69 64 27 66 28 60 29 5 16 44 20 63 40 30 18 51 39 57 33 26 7 55 35 17 67
713 2 138 110
3 6 11 224 12 15 19 289 24 25 56 67 72 89 375 91 103 106 117 278 118 284 119 126 162 167 168 632 365 180 182 186 187 197 198 199 201 202 204 206 209 240 213 531 225 367 535 2 68 227 539 228 237 243 244 246 253 276 277 279 431 432 280 355 283 286 304 307 320 327 136 330 337 259 340 350 360 354 363 370 376 382 383 389 392 408 413 480 426 434 440 336 446 457 458 428 361 459 667 477 478 485 184 494 497 511 512 513 514 525 530 543 300 567 582 583 666 586 594 605 606 615 617 629 528 633 640 599 642 643 648 664 680 686 692 262 698 706
859 2 88 89
12 27 48 61 78 89 96 109 110 115 118 125 156 160 167 176 178 188 199 220 236 249 328 346 349 362 366 374 387 398 415 444 465 467 468 479 485 691 486 493 511 513 516 524 537 539 549 554 558 570 575 587 589 591 595 613 619 621 622 646 648 663 665 678 687 689 697 700 706 707 708 709 714 721 724 747 757 766 770 787 797 811 820 841 843 846 852 858
196 2 4 6
24 103 152 100
159 2 134 116
1 2 4 12 5 6 7 8 11 13 14 28 15 16 17 126 18 55 83 19 20 21 22 23 24 25 26 27 29 30 31 111 33 34 38 39 40 41 3 42 43 44 45 47 48 62 108 49 58 50 51 53 54 59 60 61 63 64 67 68 69 70 71 9 74 75 78 79 80 82 98 84 85 87 88 89 92 93 94 95 96 97 91 102 103 104 105 106 107 86 109 36 110 112 113 116 117 118 119 121 122 124 131 132 133 134 135 136 137 139 141 140 10 142 72 143 130 144 145 146 147 148 149 150 151 152 120 153 114 155 156 157 158 159
29 2 26 34
12 10 1 28 5 13 6 7 8 4 14 3 17 11 15 18 23 19 22 24 25 9 27 29 21 20
24 2 8 6
3 8 13 11 22 15 21 18
325 2 174 118
106 2 169 5 6 7 212 8 11 208 15 16 20 32 29 21 23 79 323 33 318 134 41 45 48 180 306 50 52 53 58 62 260 60 242 26 298 14 61 92 67 188 124 68 317 70 71 73 76 80 83 144 245 84 86 87 93 264 209 146 96 69 98 167 277 99 101 102 65 104 110 175 112 114 82 115 116 117 118 119 120 125 18 126 130 131 145 133 247 135 138 139 141 219 142 147 149 162 190 156 157 159 244 163 165 173 111 176 179 248 181 184 186 187 189 196 108 198 203 207 210 211 213 214 216 218 44 220 224 227 228 230 237 42 238 240 246 249 278 251 253 258 233 266 271 9 276 281 283 284 285 286 172 289 290 166 105 293 295 296 299 316 319 302 192 274 304 309 273 250 313 314 320 232
158 2 154 67
111 117 147 5 7 85 10 12 30 101 140 16 17 118 6 130 20 23 156 27 25 150 26 42 50 32 2 132 24 43 36 39 44 34 41 58 33 45 71 47 48 151 49 62 129 40 51 3 53 57 128 60 63 94 61 146 65 108 67 134 112 68 70 72 4 55 22 74 76 149 80 81 82 95 88 54 91 66 92 96 153 97 98 86 84 78 93 38 21 106 89 19 14 13 75 59 141 99 77 100 103 109 114 122 37 119 120 83 121 123 104 73 35 69 113 115 124 125 126 11 64 52 127 110 131 133 29 79 135 9 136 137 138 145 46 107 28 139 15 102 31 18 105 8 144 87 148 152 154 155 157 142 158 56
790 2 348 134
191 98 1 7 550 12 508 511 18 24 739 292 488 651 749 26 510 30 82 59 165 457 74 76 535 617 403 81 646 84 577 585 91 122 308 159 405 430 96 107 458 117 131 217 242 137 556 625 678 139 64 146 673 245 163 173 31 174 723 44 647 65 346 700 181 183 196 199 219 200 736 162 241 168 688 203 132 66 214 37 218 316 60 221 704 223 226 231 15 429 572 263 230 128 236 237 243 247 157 248 255 262 467 151 271 33 79 497 272 273 275 279 516 687 283 547 418 284 285 397 503 298 314 315 423 321 582 327 448 785 336 93 343 345 355 682 684 19 235 370 450 623 356 360 366 543 369 371 281 55 771 373 381 707 264 147 385 391 394 402 474 500 483 417 431 20 657 594 755 735 438 440 441 274 494 443 610 228 505 455 25 777 469 790 205 94 475 721 156 476 480 481 468 491 496 498 515 517 706 518 719 322 525 39 781 539 352 112 544 312 47 545 757 546 553 563 78 422 493 506 294 656 73 562 564 126 310 566 565 718 567 90 655 102 115 540 644 495 734 354 653 575 538 578 396 390 726 177 210 452 520 579 709 580 487 154 266 425 589 52 29 70 301 596 170 599 616 202 584 442 631 641 149 145 256 643 211 661 784 627 662 664 178 666 600 53 752 295 592 28 527 667 419 620 576 134 309 676 690 691 722 116 699 772 712 717 99 365 603 720 787 710 490 164 731 741 406 106 728 254 13 727 743 649 208 751 746 449 49 716 135 759 750 758 537 382 665 760 769 773 776 326 125 779 549 645 17 780
457 2 200 177
3 4 7 8 9 10 14 17 20 24 26 31 33 43 45 48 49 50 51 54 55 360 60 67 68 70 71 73 77 78 81 82 119 83 89 96 103 104 108 110 59 112 114 115 117 120 122 123 124 126 128 129 132 238 134 142 144 145 146 147 150 151 152 154 158 159 160 161 164 166 167 168 170 173 109 176 180 181 189 191 52 192 194 197 199 203 444 205 206 207 208 349 211 213 214 216 219 41 220 221 223 224 227 228 229 230 331 234 235 236 243 244 245 248 253 411 254 255 256 259 261 264 269 273 277 279 280 283 314 290 276 291 22 184 294 297 298 299 300 302 307 308 309 318 325 356 328 332 333 334 335 341 405 342 345 346 359 361 438 368 369 370 311 12 371 372 374 376 296 377 381 384 385 386 388 391 57 393 397 398 401 27 403 404 201 413 416 417 419 429 439 440 442 443 446 447 449 450 451 453
894 2 594 413
1 332 2 7 706 87 499 131 8 9 11 12 16 407 18 21 23 24 27 31 248 33 34 739 35 36 37 345 38 44 45 47 49 50 51 54 839 55 59 60 161 61 48 65 67 583 68 73 77 307 78 698 82 84 619 86 56 316 312 92 94 708 74 97 99 100 102 103 686 106 368 108 457 478 110 371 447 689 113 114 283 116 579 118 123 125 141 435 375 143 145 146 147 151 156 157 159 517 760 160 162 163 164 850 165 168 172 173 828 178 180 184 188 190 343 193 597 63 305 629 194 197 198 202 204 482 206 208 513 209 210 211 362 213 115 214 217 219 223 652 761 224 225 124 226 664 765 227 231 215 236 238 240 832 243 244 246 250 869 756 253 255 256 245 80 139 798 257 261 419 618 262 266 267 268 269 276 277 278 279 280 281 794 286 288 290 71 291 415 292 296 860 297 300 348 304 306 515 308 310 311 314 117 633 319 320 322 323 5 325 711 511 326 866 470 491 327 331 335 336 337 656 342 590 344 346 126 383 350 699 351 352 353 355 356 30 358 360 361 364 369 370 372 376 377 696 379 381 385 386 683 390 593 392 395 396 96 398 529 199 121 242 399 401 404 406 408 411 413 414 220 169 417 420 871 422 423 426 684 427 26 428 430 431 433 434 436 438 880 439 441 448 454 884 260 455 456 459 462 464 827 465 466 467 14 469 471 95 793 472 474 475 479 762 480 481 483 484 487 867 493 494 495 497 282 693 498 501 507 516 519 521 522 523 526 701 528 532 534 536 366 155 537 745 538 473 539 540 816 541 542 543 535 544 228 546 548 378 549 551 838 785 552 553 556 559 562 28 461 567 111 616 568 574 402 578 582 585 586 6 587 589 591 221 444 594 596 598 205 600 601 658 509 603 604 606 510 609 610 612 613 614 43 615 620 621 624 625 233 631 635 62 636 85 486 57 637 638 639 640 792 442 753 641 642 644 645 247 646 357 622 649 446 650 651 22 653 657 660 725 662 663 451 665 769 128 666 669 667 668 671 672 676 679 134 680 682 688 694 695 767 697 700 704 705 120 707 709 712 10 505 714 715 716 815 717 58 570 786 718 720 138 724 726 727 728 730 731 732 734 737 738 740 741 374 743 744 746 747 748 751 757 764 274 176 766 772 773 318 774 776 777 780 784 787 788 789 791 795 797 333 799 802 803 778 230 89 878 804 805 806 809 329 810 814 554 817 349 643 818 820 506 823 781 825 826 829 179 299 830 831 833 836 112 840 843 844 166 847 367 849 851 852 853 854 855 857 858 859 861 863 547 864 865 870 416 29 872 874 876 648 271 877 881 883 886 770 137 889 891 893 183 749 894
888 2 818 607
1 2 3 555 8 9 10 11 12 13 14 17 783 629 18 681 19 4 20 21 22 23 490 24 25 27 28 29 33 34 35 36 37 38 42 43 44 45 47 48 49 576 167 433 50 51 54 55 56 57 432 60 62 63 423 282 64 66 68 70 496 71 383 74 75 76 77 78 80 662 81 82 87 873 89 90 91 93 94 95 96 386 98 100 101 102 272 600 103 580 105 324 106 109 110 114 115 119 121 770 122 244 125 126 127 128 130 881 132 134 482 137 875 138 141 142 535 143 774 688 133 145 146 148 149 412 305 150 418 151 152 153 157 158 159 160 741 877 161 163 164 165 168 169 265 170 171 172 173 174 175 176 178 179 16 181 183 759 385 184 473 185 186 187 188 189 190 592 191 192 193 194 789 195 196 197 198 199 200 201 202 203 575 72 204 207 208 209 210 353 212 213 300 398 214 215 216 218 220 222 67 223 224 226 211 227 228 229 232 155 233 234 591 236 373 434 237 238 239 240 241 242 585 243 522 245 699 462 246 247 248 249 254 255 351 256 257 258 261 262 263 264 317 267 5 26 268 270 274 276 40 73 278 874 674 700 280 610 283 285 476 288 289 290 291 292 293 266 295 297 298 445 640 340 302 303 306 307 308 309 517 311 655 765 314 315 318 319 313 320 842 707 628 321 325 369 326 117 805 497 327 328 330 86 332 333 397 415 757 335 337 338 339 342 343 344 346 348 663 349 491 350 352 355 92 356 294 357 358 359 360 361 334 690 363 154 365 366 368 486 362 370 140 457 136 374 375 118 367 376 863 377 378 379 380 382 304 384 725 387 680 388 217 389 390 391 402 392 393 446 394 395 396 401 404 406 407 408 788 409 410 411 413 461 414 416 417 420 230 421 422 424 425 427 428 429 430 435 436 437 438 439 441 405 443 447 448 450 451 452 453 7 454 322 456 279 458 459 460 463 465 466 467 468 469 471 472 474 475 120 477 235 478 479 124 481 483 269 484 485 487 323 489 277 493 494 495 498 499 32 500 312 501 502 505 507 508 509 510 511 512 514 515 516 518 519 520 521 523 524 525 526 135 673 527 528 529 205 530 531 532 84 156 301 533 536 548 537 538 539 180 540 541 542 544 754 545 231 546 547 549 551 588 281 552 553 556 557 558 559 113 560 561 562 284 563 564 565 566 567 65 568 569 570 571 572 573 574 579 31 581 583 586 587 584 589 590 593 594 513 595 800 596 221 597 598 601 602 603 606 608 609 797 611 781 739 182 612 613 615 616 617 618 619 620 621 623 625 627 631 633 634 635 636 442 722 637 638 639 801 706 116 641 534 642 643 275 657 644 646 647 648 649 650 651 6 652 653 658 659 661 259 832 763 664 666 667 668 669 577 670 694 104 671 672 675 676 677 678 679 682 683 630 684 685 686 687 689 691 39 692 693 645 695 696 251 697 698 766 701 702 703 729 704 705 708 709 710 712 713 714 850 715 716 717 719 79 720 806 721 724 345 727 731 730 778 732 58 733 622 734 735 736 737 740 742 59 743 744 310 745 746 747 464 108 748 749 750 872 751 753 755 756 758 329 760 761 762 550 316 296 764 767 768 769 771 811 772 775 206 776 777 779 780 624 782 784 829 69 785 287 786 787 790 752 83 791 792 794 795 796 798 887 799 802 578 803 804 807 808 354 809 810 812 129 813 30 814 815 816 817 818 819 820 821 822 823 824 825 46 826 605 827 711 219 828 830 144 831 833 834 835 836 837 838 839 840 97 843 504 844 846 848 665 849 851 852 853 854 855 856 857 858 859 860 15 271 861 865 866 867 868 869 870 871 876 878 880 882 841 883 884 885 886 444 888 381 52
571 2 516 198
124 2 512 8 215 7 9 78 10 17 515 177 447 35 291 534 229 440 76 547 20 563 510 202 26 28 368 566 30 102 144 33 179 143 34 45 47 267 516 432 227 50 52 412 60 62 67 68 420 69 19 298 15 72 253 74 75 77 79 366 80 81 559 505 85 110 103 180 86 21 97 168 105 106 240 111 112 249 390 186 113 564 119 6 108 417 120 279 125 126 294 363 129 130 139 140 141 353 149 489 150 520 116 463 425 521 394 297 334 145 127 152 336 155 528 157 551 436 91 158 428 162 230 479 238 49 276 166 65 31 159 451 169 414 224 424 37 138 346 170 402 172 239 529 175 189 181 208 548 395 1 472 184 185 188 191 396 163 123 199 254 22 535 192 195 200 474 206 165 203 207 306 209 270 260 61 114 462 210 248 212 213 88 214 216 218 121 223 255 12 416 226 232 228 533 99 183 536 237 360 250 423 107 135 392 383 251 256 274 257 364 259 261 362 266 90 273 275 278 283 530 286 289 517 115 290 292 293 514 357 315 460 379 296 398 350 43 118 104 25 242 299 486 301 167 407 95 263 302 51 303 55 59 305 147 310 456 235 24 311 312 319 41 410 324 132 419 325 493 271 531 326 382 314 403 355 471 328 562 413 330 331 94 333 337 340 281 122 317 341 313 342 265 388 348 87 457 309 349 352 354 478 11 332 63 358 18 367 46 39 321 285 369 100 371 131 540 96 70 389 546 109 231 372 373 153 391 487 374 98 381 384 245 244 506 246 295 386 160 57 225 171 377 543 322 552 387 397 399 400 401 404 466 29 222 233 405 406 408 176 545 532 335 4 56 345 411 415 194 351 418 421 134 427 430 431 433 42 434 201 437 359 133 438 439 442 443 66 444 445 211 64 378 446 409 470 173 365 448 509 236 449 71 27 38 450 154 452 277 454 519 459 161 146 53 461 136 89 554 464 220 142 318 343 243 465 262 16 467 455 393 473 476 288 477 481 48 32 269 101 560 217 482 320 483 480 565 485 40 490 182 36 241 361 494 495 92 338 497 498 327 300 148 504 523 307 499 503 426 527 501 83 513 502 268 370 54 507 511 522 258 380 524 137 538 500 3 435 117 491 329 282 539 13 541 178 525 542 284 567 468 84 429 549 174 550 557 558 475 568 569 44 193 570 82 571
862 2 824 617
2 78 3 4 8 349 9 11 12 591 404 326 13 14 15 16 442 17 384 718 293 18 19 21 850 44 22 24 592 26 27 28 29 31 32 743 634 812 502 33 35 265 36 37 38 39 40 42 43 395 45 48 49 51 53 54 55 56 57 58 59 61 66 68 71 138 72 73 74 76 80 96 140 586 81 82 86 87 88 89 90 180 93 94 584 62 97 99 100 231 101 103 105 108 109 643 111 112 113 114 115 116 117 118 119 122 124 125 664 126 127 128 129 131 132 134 136 137 141 142 143 146 147 92 148 150 151 153 179 154 156 157 467 485 159 161 162 163 164 165 300 552 166 169 779 170 171 172 645 224 173 174 176 64 177 183 178 181 344 216 60 182 185 186 188 190 347 192 193 194 196 383 197 198 200 201 184 202 203 422 204 205 209 210 211 715 213 158 214 595 284 168 215 217 220 221 223 225 226 227 229 230 232 233 234 237 240 241 20 242 244 245 329 246 249 250 251 253 737 419 255 247 257 258 70 259 106 260 261 746 657 558 91 262 263 79 264 266 267 268 269 271 272 274 275 276 130 278 279 280 548 282 583 283 286 287 288 289 290 291 627 67 102 292 294 295 298 299 733 795 302 303 304 305 307 309 310 311 312 315 121 318 319 320 322 95 323 324 327 328 330 331 713 281 332 729 333 334 167 335 336 337 338 123 273 437 339 340 341 342 343 345 854 346 348 350 351 353 354 355 356 359 360 361 362 363 364 365 366 367 800 368 369 370 371 373 374 375 377 380 65 381 382 385 724 386 387 388 389 390 391 187 521 393 394 396 207 398 641 399 400 401 402 403 160 405 406 407 409 410 411 412 788 623 440 413 175 414 416 417 418 420 421 423 425 426 155 427 429 518 431 432 461 433 434 435 436 439 443 238 446 447 277 52 448 285 450 451 308 378 452 77 149 786 454 455 456 457 459 460 462 463 464 465 466 468 469 470 471 473 474 475 297 476 50 477 478 479 480 481 482 794 829 10 316 483 484 486 487 488 489 528 490 491 492 493 494 495 496 513 497 212 498 135 85 84 677 587 593 499 500 501 98 504 145 557 453 505 507 663 509 510 75 512 514 516 519 520 522 840 523 524 526 530 1 144 531 672 532 534 536 537 503 538 562 539 540 541 542 543 544 545 546 549 550 551 553 554 556 559 560 563 564 789 565 860 566 567 569 570 301 313 749 206 571 572 573 574 575 577 578 579 506 325 580 581 582 585 588 589 590 594 596 673 597 598 600 601 270 603 604 5 605 606 607 517 608 609 610 611 734 219 612 218 613 30 358 614 616 152 617 618 619 620 621 622 624 625 243 626 628 629 630 633 635 636 637 639 640 642 647 458 649 650 651 652 653 654 7 655 697 656 415 775 658 659 660 661 662 665 666 667 668 669 670 855 671 675 676 678 679 680 681 682 683 684 685 686 687 222 235 688 689 690 195 692 696 698 699 700 702 703 704 705 527 706 707 708 709 819 254 710 711 712 714 716 717 719 631 720 199 674 372 721 722 723 515 725 726 727 646 139 728 730 732 762 735 736 738 739 740 742 744 615 745 747 430 748 750 120 751 46 752 753 754 755 756 576 757 638 758 759 760 761 763 764 317 765 107 766 767 768 862 769 770 771 296 772 511 773 774 776 248 778 780 781 782 848 783 784 228 785 787 790 791 694 792 810 793 644 796 797 798 529 799 801 802 34 438 83 803 804 805 806 807 809 632 811 256 813 814 815 816 817 239 104 818 820 424 357 822 547 823 824 821 825 449 826 827 828 830 831 832 833 834 835 836 837 838 839 841 842 843 844 472 846 847 849 189 602 852 853 376 508 856 851 392 599 408 857 858 859 321 861
739 2 452 292
2 5 7 8 9 10 517 15 19 20 22 708 23 346 635 25 26 28 102 581 29 32 34 38 312 382 40 42 108 43 45 245 84 264 47 735 49 50 92 54 57 61 377 67 79 69 73 75 184 77 78 80 81 82 266 86 88 89 91 62 83 93 94 97 98 105 128 218 110 112 675 473 113 384 115 118 119 180 543 378 120 465 614 121 598 122 282 696 286 129 130 53 132 134 136 137 139 58 142 147 331 148 404 149 151 152 600 518 156 160 163 558 165 653 166 171 501 172 588 173 174 198 64 177 707 188 191 59 319 376 192 193 195 196 197 208 209 493 213 215 225 217 722 219 220 221 222 604 226 231 232 1 734 233 117 733 234 236 146 599 237 247 371 170 249 27 251 255 323 256 258 519 259 261 267 268 271 310 272 666 276 278 279 280 281 285 654 287 674 289 292 295 106 298 304 306 308 698 100 230 315 320 114 250 96 321 486 443 322 324 328 625 300 70 332 343 349 24 350 351 352 216 353 356 681 357 358 359 327 162 361 362 296 363 366 372 375 381 385 386 526 387 716 389 390 739 618 521 584 391 330 44 294 393 397 131 400 401 402 591 460 477 407 348 143 409 411 415 416 693 417 419 421 424 425 428 431 41 697 436 333 438 383 439 440 441 536 442 448 451 503 452 291 453 454 458 459 463 464 224 469 471 472 476 483 484 487 31 490 494 496 498 500 502 504 506 709 337 388 508 509 510 248 512 513 406 516 522 135 243 523 585 525 529 531 482 534 535 538 547 548 656 551 554 557 562 104 566 570 532 571 572 158 573 179 574 615 704 111 575 577 544 578 262 685 579 582 74 587 589 590 592 602 603 605 607 580 297 612 123 617 539 619 623 444 632 565 633 636 638 642 643 645 648 609 649 651 161 652 729 655 167 657 228 260 550 658 659 667 660 628 568 430 461 664 671 676 677 257 408 678 679 395 680 35 303 36 682 683 688 695 700 488 701 537 30 556 702 703 305 706 712 714 715 721 724 725 726 727 66 730 738
538 2 306 101
504 179 6 15 177 20 136 31 60 320 19 41 197 82 202 368 47 118 4 133 491 405 23 166 50 56 61 186 67 192 69 72 95 272 1 507 77 366 85 279 97 107 501 536 407 109 115 116 380 92 523 319 123 80 430 124 127 285 89 518 59 392 52 311 129 132 138 198 301 147 114 150 158 488 163 363 228 174 422 339 181 527 495 187 188 199 299 423 375 14 201 209 25 17 537 514 229 267 416 234 184 376 83 38 284 111 534 250 241 140 309 290 242 246 30 76 48 90 356 28 251 156 110 346 93 288 281 254 151 16 26 255 239 256 8 261 277 144 262 154 533 273 481 524 214 511 103 278 331 78 84 282 102 243 316 462 258 196 79 226 387 286 486 167 289 104 456 219 337 291 237 347 294 122 263 231 297 304 134 302 379 169 305 312 314 317 381 233 327 252 427 10 332 351 359 149 43 357 42 364 367 373 292 377 386 204 500 513 389 393 178 396 7 11 412 49 98 349 442 414 155 418 44 419 390 506 195 276 431 57 437 70 441 73 308 436 105 444 313 439 358 230 143 39 479 374 165 446 448 131 170 449 453 200 469 371 472 137 128 494 64 433 173 322 298 468 470 269 403 475 222 482 335 203 100 483 54 342 487 519 538 490 498 274 345 496 207 499 529 34 37 461 510 526 515 438 176 466 208 521 323 300 532 236 355 402
904 2 468 315
2 445 7 36 31 678 8 15 837 16 17 575 868 18 673 19 21 23 27 624 281 448 28 29 619 190 830 42 3 43 1 45 48 34 49 50 472 53 56 57 815 58 59 64 66 68 72 225 436 896 81 85 355 86 88 90 96 102 106 108 114 117 120 123 126 103 127 499 128 129 138 141 144 645 148 149 51 159 151 154 155 157 181 324 158 161 291 162 163 165 669 742 877 764 802 717 168 333 864 169 171 173 178 139 591 191 452 192 196 197 198 201 205 207 208 211 857 214 216 218 370 219 222 882 223 167 228 230 234 235 738 880 237 245 247 253 255 261 266 270 271 817 272 274 277 278 279 284 286 287 379 295 296 298 300 304 492 310 312 313 329 330 334 785 335 336 828 337 338 340 836 343 353 356 357 502 303 360 715 725 366 369 316 372 236 592 373 382 789 375 378 743 504 381 432 383 389 390 392 395 397 399 415 400 771 404 412 413 414 416 464 419 420 75 422 782 112 426 429 430 431 547 437 98 438 849 174 439 344 441 444 164 446 434 447 455 566 749 456 461 462 470 368 475 476 666 478 451 483 484 486 831 487 488 489 30 774 491 493 494 495 498 503 204 505 418 878 506 899 507 509 511 512 514 217 517 518 618 520 525 526 722 529 531 536 539 545 671 541 288 542 543 140 327 546 548 876 549 644 550 552 553 554 556 557 560 569 570 574 579 583 584 585 875 586 587 588 593 597 289 172 308 730 260 602 895 596 603 80 770 604 405 605 326 606 608 559 187 613 615 627 20 184 628 134 629 630 410 633 634 637 639 640 642 643 851 650 654 656 661 477 664 787 665 670 674 676 677 131 69 679 681 683 842 686 688 691 692 694 702 704 707 708 711 716 718 723 251 781 724 727 816 733 746 751 480 756 314 757 758 777 760 762 768 35 124 780 783 788 791 792 793 795 443 796 797 800 731 804 806 808 809 811 812 813 406 814 449 823 824 820 668 91 215 832 833 339 834 903 835 843 845 143 847 532 850 854 856 736 859 858 873 55 874 881 564 332 212 885 614 886 887 890 891 892 221 315 894
216 2 46 32
28 80 136 68 5 71 75 31 49 95 4 179 65 147 103 61 41 211 94 184 44 210 122 50 188 125 203 153 51 189 118 27 191 128 129 127 107 201 83 142 9 96 100 82 156 131
822 2 664 307
163 9 181 351 647 11 15 464 818 16 18 19 81 249 287 78 20 21 578 666 29 62 30 205 152 180 32 809 35 42 43 44 555 45 500 272 731 797 46 47 463 349 551 49 160 802 779 50 51 722 706 600 55 518 56 561 586 589 301 495 57 95 60 94 61 7 59 64 67 70 746 87 71 73 76 77 267 80 83 84 99 100 750 103 112 108 571 116 122 124 695 133 509 787 667 468 128 363 469 690 650 129 246 619 608 130 135 698 136 142 143 146 347 471 150 332 151 157 430 141 782 166 168 169 747 172 700 74 53 523 345 173 807 174 717 175 177 421 184 621 185 188 189 382 190 703 191 707 193 194 201 598 251 203 204 681 207 448 209 268 595 162 692 432 763 210 214 218 228 219 364 487 223 669 225 680 227 229 230 234 237 716 238 240 615 27 22 243 250 308 252 254 386 258 167 658 260 478 261 263 264 269 270 271 435 273 274 422 594 202 275 276 277 279 790 282 220 575 92 497 285 286 290 294 296 547 300 304 321 755 333 297 371 17 280 793 409 320 305 407 467 104 307 109 492 312 316 318 684 384 713 403 705 525 306 405 744 628 319 323 766 324 436 266 771 542 325 226 299 326 328 330 781 5 392 550 795 630 753 331 357 334 494 383 335 336 338 344 339 340 155 341 742 343 6 346 356 82 570 358 678 359 327 97 365 370 354 726 597 372 441 373 374 158 569 754 178 376 377 187 378 729 488 241 120 379 368 192 165 748 411 462 52 783 380 385 388 758 389 391 437 393 517 186 394 171 398 395 396 562 414 399 402 593 408 412 670 236 413 416 424 10 425 315 429 433 292 439 440 443 110 709 445 446 452 126 153 458 460 75 390 138 461 38 91 473 24 362 504 556 475 245 697 476 800 123 577 629 479 420 418 528 480 106 360 485 450 820 490 491 496 764 502 265 503 506 508 510 511 791 512 513 311 679 514 604 353 545 515 516 520 521 531 533 535 289 198 314 536 537 121 419 447 538 69 183 560 540 278 541 762 164 309 256 543 527 548 558 775 665 559 532 455 563 565 566 259 567 361 572 573 574 576 13 711 719 581 622 583 616 585 794 587 590 591 147 592 217 317 131 526 596 606 607 734 773 609 337 617 613 222 784 149 623 626 117 582 2 231 546 253 631 632 101 633 635 712 637 638 639 642 295 644 477 303 646 588 381 648 649 66 115 524 14 199 652 683 654 655 34 444 65 118 656 614 182 768 657 659 743 660 105 501 662 216 808 663 564 668 671 176 493 759 672 676 601 137 677 4 682 786 691 159 375 799 693 701 489 714 449 88 457 603 329 704 211 708 715 612 721 723 724 702 584 213 727 730 557 428 689 79 732 735 522 737 484 197 738 739 740 322 741 313 465 456 539 745 752 733 761 749 767 499 200 769 770 549 127 772 774 776 54 778 580 780 796 310 248 801 156 145 93 661 804 431 369 58 805 36 810 404 812 806 599 813 242 291 673 636 815 816 817 302 821
110 2 28 31
4 7 8 12 20 24 26 31 43 46 52 56 57 59 78 79 80 87 89 90 92 95 104 105 32 106 107 108
637 2 200 188
2 10 16 22 23 24 28 29 34 39 44 47 49 52 53 54 25 55 57 62 65 72 73 74 76 79 81 83 92 94 96 104 108 114 115 120 121 67 122 123 124 125 126 127 128 131 134 135 136 142 149 151 155 162 170 172 173 175 178 184 386 186 190 193 194 195 200 201 207 208 216 410 221 223 225 226 232 235 238 239 240 241 250 252 471 262 263 264 266 267 591 269 277 278 289 290 291 447 292 293 295 307 324 332 334 336 341 342 343 345 347 349 353 368 370 373 374 375 378 382 384 385 390 490 395 398 406 407 420 422 424 431 432 442 448 458 461 463 469 472 476 479 481 485 489 492 493 495 496 497 501 504 509 512 516 517 519 520 524 527 529 93 530 27 538 540 543 550 552 242 555 562 564 572 575 576 585 588 629 590 592 596 597 598 599 600 601 502 607 610 611 612 614 617 620 625 626 627 632 634
784 2 336 200
11 15 287 16 24 31 713 37 51 52 56 61 62 55 64 67 71 339 701 330 75 79 639 140 538 693 428 80 81 87 88 600 97 265 100 155 102 108 109 111 118 127 128 129 131 722 134 26 135 107 139 684 559 50 146 429 149 733 151 156 338 153 157 160 162 691 168 169 583 739 183 297 170 655 172 176 179 181 432 544 184 185 196 175 114 711 206 208 210 211 28 214 217 221 228 369 232 98 245 237 239 240 250 641 295 253 257 266 267 272 276 29 279 282 337 301 672 283 288 215 603 289 296 194 298 299 615 307 542 308 457 316 320 323 322 742 533 324 460 328 767 590 199 449 334 121 335 336 344 347 756 671 352 357 360 496 367 370 379 380 608 416 532 41 576 382 727 384 387 286 420 477 481 389 409 396 13 43 398 238 259 399 400 401 403 314 708 407 413 410 414 418 419 421 198 435 440 444 462 465 466 472 643 474 476 478 479 561 390 425 480 755 329 392 93 482 468 485 483 488 541 412 492 675 494 427 495 498 502 372 503 505 21 514 782 515 405 306 673 518 527 530 73 535 539 540 549 224 554 1 557 565 566 567 584 585 586 589 591 594 595 596 76 475 598 653 254 601 252 602 165 572 687 467 606 609 617 627 630 577 631 439 632 633 349 556 645 775 714 587 20 648 49 674 676 681 686 616 363 690 455 696 395 654 697 698 219 703 220 706 719 726 753 729 732 737 738 510 747 751 263 758 760 305 42 761 762 763 225 309 769 311 332 772 25 776
465 2 452 340
1 3 4 5 6 7 8 9 10 172 11 115 12 13 14 15 17 18 20 21 353 22 23 234 55 255 133 24 25 289 444 26 28 29 30 177 32 34 395 35 36 315 38 39 178 40 41 42 43 44 318 47 48 280 49 326 50 233 51 413 54 57 355 58 59 60 62 63 64 252 65 66 261 434 67 246 332 68 56 69 310 71 73 74 397 76 77 79 80 83 85 86 87 89 460 91 92 94 236 96 97 98 100 101 78 102 103 104 106 107 108 109 112 244 447 258 384 113 33 114 117 119 120 121 347 122 125 126 127 129 180 130 426 147 131 132 134 135 136 304 137 138 61 243 139 140 141 142 143 144 260 145 146 284 149 150 151 152 352 153 300 154 155 156 157 197 158 406 75 160 161 162 322 163 164 167 168 169 451 170 171 173 174 328 175 176 179 181 182 2 184 186 93 187 188 52 189 190 192 193 194 196 198 199 200 290 201 202 203 204 205 206 207 208 209 211 212 213 361 393 166 214 215 216 217 424 218 219 220 221 222 223 224 225 226 227 228 253 229 230 231 232 235 338 238 239 241 242 247 248 250 251 287 240 254 237 256 257 262 99 263 264 265 266 267 268 269 270 271 272 273 274 275 276 277 278 281 420 282 382 283 285 286 288 291 259 292 293 118 46 294 456 295 296 299 301 302 303 305 306 307 308 309 31 311 312 313 314 317 319 320 358 321 323 324 325 191 210 327 329 330 396 331 333 334 335 336 337 339 128 371 340 279 389 37 341 423 343 344 346 464 349 350 351 53 354 356 357 81 359 374 360 362 363 364 365 366 367 368 369 148 370 417 123 195 372 373 245 375 377 378 379 380 159 381 385 386 422 345 387 411 388 390 391 392 394 398 399 400 401 402 124 403 404 405 407 408 348 409 410 414 415 416 70 342 418 419 421 425 428 429 430 88 431 45 432 19 435 437 438 185 439 440 376 441 442 443 445 298 297 383 82 448 105 449 116 450 452 453 454 72 455 427 457 111 95 458 459 461 462 463 465
67 2 16 16
14 18 5 20 65 31 32 36 40 44 45 46 52 42 51 58
527 2 384 291
500 4 405 467 5 7 8 9 10 12 14 224 140 15 199 17 18 19 20 21 23 375 24 25 26 374 324 29 32 34 37 39 40 41 42 385 43 45 345 236 46 47 48 177 49 50 51 57 58 272 59 62 65 277 394 293 66 70 71 72 73 74 75 76 77 79 81 84 85 148 86 242 87 437 89 90 91 92 93 101 102 103 31 104 472 106 3 109 110 111 112 114 524 116 117 119 120 121 469 123 124 128 130 133 135 138 139 141 144 145 146 275 147 149 357 150 154 159 162 22 164 165 341 167 168 2 169 170 171 94 172 174 351 36 176 181 182 185 186 188 179 189 219 190 180 191 11 193 194 195 200 201 184 202 203 155 343 163 204 206 207 208 210 212 213 214 217 308 220 222 322 223 225 264 493 229 233 235 498 237 238 239 240 241 243 245 68 246 248 131 249 494 166 252 253 257 258 259 260 448 153 262 446 263 266 96 268 271 276 278 279 280 281 283 284 287 288 226 289 290 294 99 295 296 355 227 300 301 302 307 309 198 310 311 313 379 314 316 319 320 321 230 325 326 328 329 331 332 334 335 337 338 342 391 346 347 348 350 352 353 354 156 356 428 358 122 173 359 456 361 368 373 377 378 441 274 380 490 381 382 386 387 389 392 396 397 398 399 402 409 360 412 333 413 414 417 418 403 419 523 420 421 118 365 450 330 410 522 422 423 424 44 88 426 427 429 430 1 431 432 433 13 436 438 439 440 442 134 443 444 447 451 452 83 453 454 455 457 458 459 461 462 463 78 518 464 465 466 468 470 471 473 175 474 476 477 480 481 483 197 484 485 487 489 492 495 192 60 497 404 499 501 503 33 507 509 511 512 517 519 521 525 526 527
519 2 190 38
418 460 309 44 38 303 384 25 218 16 423 45 361 35 351 248 404 389 48 107 171 313 173 8 170 57 72 513 503 452 75 147 377 81 116 306 244 358 203 135 461 145 151 335 149 429 366 364 234 317 506 270 110 284 212 162 282 233 519 187 458 175 457 498 240 177 481 65 478 340 347 376 209 407 131 166 231 100 405 229 152 365 220 215 259 56 350 34 199 164 232 138 182 321 181 502 236 200 247 280 297 491 359 362 98 383 395 308 439 17 252 188 353 4 325 205 451 332 337 485 346 174 82 78 426 111 167 516 271 79 425 367 314 102 87 357 414 315 80 19 103 496 20 58 249 410 356 421 447 168 397 435 456 286 354 183 301 256 84 101 228 455 40 11 448 68 143 264 338 449 394 379 514 144 486 89 465 291 490 278 333 505 287 411 492 243 518 198 216 21
341 2 186 33
325 98 11 308 142 8 267 324 319 245 144 102 26 156 39 111 306 101 61 241 235 209 18 171 334 191 174 42 166 89 316 332 327 276 104 43 112 59 67 74 130 99 323 77 305 286 56 91 215 109 264 229 157 141 301 254 103 210 94 273 29 272 284 105 231 165 136 49 21 22 32 232 262 314 179 182 195 76 44 199 326 340 225 24 40 72 296 302 250 3 282 244 161 148 177 263 70 52 73 146 127 100 300 187 149 35 155 37 83 223 202 178 85 336 222 55 7 214 221 212 280 304 14 224 240 151 189 230 208 266 163 170 246 97 23 247 1 86 114 38 211 298 268 2 9 33 200 116 248 88 295 205 216 317 15 265 145 271 125 299 183 60 169 287 12 307 190 68 258 137 150 28 192 124 315 53 294 320 283 335 154 31 312 318 19 256
419 2 194 48
2 326 279 348 245 374 415 399 12 76 258 414 47 97 45 240 148 231 46 55 155 243 219 166 16 17 58 400 66 220 59 135 254 61 123 268 19 200 124 255 68 43 94 213 196 84 146 314 269 86 384 37 3 293 411 53 249 164 87 157 30 60 330 272 192 232 91 242 246 109 316 122 44 331 340 276 110 25 223 312 145 108 142 187 267 389 163 103 363 170 297 120 203 65 107 210 372 215 236 351 104 238 18 241 212 321 327 244 281 251 265 395 176 162 333 222 263 214 141 224 197 283 366 6 284 31 285 41 36 288 307 185 9 21 28 347 323 79 217 114 318 409 154 317 299 247 33 335 111 359 98 62 369 346 116 339 152 186 195 304 57 216 147 373 377 361 233 234 391 380 270 38 403 291 387 171 261 113 121 390 354 175 392 10 393 26 416 401 404 83 413 180 172 143
554 2 242 113
294 423 1 253 289 2 9 12 344 345 491 13 15 316 66 21 432 443 81 333 469 24 145 47 51 62 64 75 76 485 504 85 458 87 484 88 126 468 104 95 159 98 106 111 246 180 115 63 166 116 122 123 33 128 494 132 439 509 134 146 442 148 157 26 495 164 415 165 167 532 168 154 171 172 175 233 25 184 276 187 193 194 195 102 19 204 387 252 385 450 281 514 68 198 217 222 235 325 239 288 258 121 243 257 191 135 528 259 268 270 425 266 273 240 105 362 119 521 346 280 429 524 370 426 284 70 181 59 285 219 286 290 296 298 86 251 307 31 309 310 311 313 321 460 129 293 317 17 297 232 329 315 331 335 342 343 323 354 336 100 74 479 249 271 452 14 89 359 234 367 371 410 384 388 446 56 391 393 395 400 402 403 404 408 411 417 420 58 424 536 453 457 303 399 71 300 464 32 38 520 467 471 486 84 489 390 274 492 466 497 498 503 487 178 374 505 550 375 506 507 474 72 508 512 517 529 179 535 539 543 428 327 200 188 60 549 516 353 547 381 108 422
364 2 174 81
226 218 67 24 91 220 1 293 68 339 78 209 20 3 11 25 26 125 27 168 31 33 38 40 298 45 48 115 54 243 60 63 248 310 66 83 299 84 87 8 88 161 97 98 106 107 285 341 108 109 110 23 283 47 302 275 112 235 51 358 118 121 124 136 177 138 85 207 335 131 126 244 44 133 134 143 364 260 90 233 318 149 151 163 165 167 169 178 183 16 184 192 195 197 196 202 210 304 274 213 216 142 86 249 223 224 228 231 350 19 247 254 99 258 130 171 259 173 264 140 172 185 146 343 215 188 41 267 242 270 325 102 284 211 193 330 356 227 174 289 94 225 296 300 306 309 150 316 111 201 317 5 336 329 82 77 93 331 246 333 338 217 175 240 344 166 321 323 347 263 359 362 363 92
920 2 434 118
876 307 697 703 730 3 11 115 911 706 478 602 695 283 272 519 13 244 185 758 444 17 802 23 113 517 242 545 778 809 799 28 32 257 500 33 629 888 591 35 650 855 210 36 47 57 607 669 18 530 343 385 60 475 507 526 700 659 845 897 916 826 637 902 142 61 640 792 63 71 74 75 682 892 232 78 80 85 316 435 581 836 448 275 97 116 123 628 117 449 225 431 106 416 127 638 282 281 649 20 696 328 84 351 775 101 129 137 255 256 144 79 52 920 156 221 94 657 879 711 160 757 198 702 170 173 885 177 271 86 110 178 816 181 376 182 183 189 422 514 670 430 357 738 196 603 205 197 563 249 525 208 848 176 222 508 438 228 829 606 238 246 652 218 673 247 819 265 574 498 258 95 39 420 461 495 766 366 485 737 277 266 718 813 426 112 323 279 284 403 201 290 54 109 562 295 412 900 297 374 450 300 408 305 658 69 306 440 319 204 459 655 905 324 240 404 569 140 726 859 202 825 335 344 371 355 675 388 401 402 712 735 367 612 873 250 152 299 732 754 407 710 447 325 466 379 213 469 471 493 409 1 803 259 378 236 880 348 153 223 158 679 587 496 503 162 504 685 797 102 510 421 734 755 717 512 651 515 535 549 551 227 511 552 842 274 131 356 780 342 553 576 419 432 850 53 773 830 294 762 846 536 584 716 566 194 558 582 505 390 586 149 542 453 62 593 21 854 597 337 107 604 598 239 292 600 119 677 14 864 787 608 286 456 617 690 865 405 303 857 217 490 133 619 601 406 139 245 599 660 625 756 739 575 645 521 666 839 693 191 698 705 134 91 24 370 889 833 269 729 46 477 288 214 747 793 760 561 731 772 7 516 774 12 779 656 782 312 794 464 796 812 354 821 828 831 494 835 437 161 851 843 722 397 725 580 605 474 172 837 626 49 862 820 578 723 527 866 661 611 540 326 668 915 727 919 624 108 145 43 243 817 413 314
101 2 90 27
28 72 71 31 39 99 4 10 20 70 76 58 13 2 37 23 65 7 25 92 56 81 33 34 6 89 52 94 68 74 93 46 79 54 63 15 21 22 57 43 61 12 90 64 53 73 38 49 67 87 17 3 85 88 19 75 77 40 100 78 42 41 80 48 14 82 44 83 26 45 98 62 50 16 32 24 59 66 5 35 84 86 27 91 95 69 1 96 101 55
756 2 40 14
514 5 71 539 23 527 179 641 396 62 186 193 170 229 671 419 161 94 191 195 61 489 217 213 436 135 307 280 425 580 623 147 58 669 440 703 674 16 660 37
387 2 382 99
261 9 50 110 344 15 18 339 213 279 23 370 152 196 363 31 319 305 275 181 332 12 36 1 115 34 351 35 44 45 101 49 185 349 51 7 148 193 57 166 64 65 25 37 158 66 72 290 16 108 169 191 11 317 323 259 74 182 224 189 21 126 75 211 216 336 286 114 79 162 83 87 3 375 367 91 318 366 5 368 204 52 206 248 97 112 116 103 82 146 106 269 105 260 194 175 107 358 62 17 70 39 113 122 171 127 246 270 130 309 131 178 385 278 132 384 133 134 94 320 144 88 316 322 149 61 179 135 365 63 150 154 163 157 378 161 307 76 58 334 209 296 172 183 355 123 174 232 362 187 337 186 374 54 188 147 119 80 304 289 85 195 69 291 200 128 86 201 100 251 383 350 221 184 102 10 356 277 145 202 84 205 330 159 219 4 266 243 67 139 331 26 13 192 143 207 353 338 208 288 223 129 380 210 233 81 371 225 98 226 170 137 228 40 227 231 234 268 60 2 24 96 352 239 164 240 141 73 359 99 258 22 280 313 241 300 48 244 190 308 203 301 30 121 247 386 249 315 250 335 78 153 255 256 347 253 262 263 120 29 212 92 271 273 19 77 125 274 138 342 276 264 379 117 215 267 118 341 312 124 283 237 245 294 59 6 284 297 229 28 321 165 287 27 292 217 109 198 90 111 293 14 325 235 298 180 272 104 303 199 218 46 306 311 168 299 197 327 281 20 142 68 43 254 8 136 329 333 140 285 47 41 324 343 252 238 53 156 340 242 295 214 345 89 348 282 220 42 354 302 38 357 361 364 71 360 369 236 381 55 173 372 151 32 373 376 222 230 314 377 56 346 257 155 93 167 33 310 265 382 328 326
270 2 218 162
1 187 6 8 11 13 14 15 16 51 17 19 20 22 23 28 29 30 108 32 34 35 36 38 39 40 249 197 67 270 41 42 43 44 45 46 47 185 239 12 48 53 54 55 57 59 60 58 61 64 86 66 68 70 71 73 75 76 77 79 80 27 82 9 83 111 84 50 216 268 87 88 89 31 90 91 150 92 94 95 97 99 100 103 105 107 115 98 110 153 112 81 116 118 119 121 123 4 224 72 258 21 125 127 215 129 130 134 182 135 137 138 140 141 142 143 217 146 147 200 25 148 152 155 157 160 161 162 165 167 168 169 170 171 172 37 173 126 176 174 175 106 131 177 178 180 181 183 184 104 117 93 257 186 188 189 190 210 192 102 193 194 122 195 196 199 139 203 204 205 164 206 207 208 214 101 209 211 212 96 213 218 231 219 220 221 222 225 227 229 230 232 233 114 235 240 241 242 246 247 248 250 198 251 253 254 255 2 259 260 261 262 263 124 120 264 266 269
605 2 344 280
1 3 4 9 14 15 16 18 19 20 25 26 27 29 30 31 491 34 391 35 39 42 43 44 52 53 572 340 148 60 596 188 307 486 248 62 63 64 65 67 68 69 70 71 73 74 77 79 80 81 82 85 86 89 90 554 91 93 94 96 97 100 160 28 101 104 106 110 111 113 116 119 120 125 129 132 290 133 135 139 439 388 141 142 588 143 144 153 155 196 159 161 165 333 166 83 168 169 170 171 177 181 184 185 186 59 192 75 193 414 194 115 287 195 197 198 199 202 205 206 590 207 267 208 209 542 468 214 215 432 316 216 218 219 469 220 221 222 224 46 229 465 58 235 240 241 243 228 246 250 251 254 438 45 256 138 257 258 259 296 261 265 269 270 273 362 274 279 281 283 284 285 286 54 288 291 292 344 294 295 298 299 304 309 473 313 314 315 317 598 319 50 320 321 323 325 493 328 329 330 331 332 335 336 337 339 341 579 342 301 345 347 350 351 363 355 357 358 364 561 365 366 367 369 352 372 373 374 380 381 382 384 385 387 389 390 393 189 394 395 399 400 403 404 263 114 405 406 409 410 412 419 421 422 425 427 428 430 431 433 353 436 437 440 408 442 444 302 447 449 452 453 459 462 379 463 464 466 471 474 475 476 477 481 482 484 485 487 305 489 495 496 497 98 37 499 500 501 505 506 507 508 512 513 517 518 201 519 521 522 278 523 272 524 525 526 527 531 537 541 544 545 546 310 549 558 47 559 562 563 566 568 575 577 578 580 584 87 587 592 597 603 604 605
885 2 534 306
2 157 245 3 4 5 724 6 7 402 145 74 220 9 311 436 10 11 15 16 18 250 19 837 22 23 24 25 31 36 321 728 37 799 765 38 40 41 605 512 121 128 45 47 51 58 404 552 794 61 69 120 73 81 588 870 83 84 85 88 89 123 264 865 829 743 159 90 828 866 91 391 821 350 92 94 97 101 104 107 108 109 548 110 112 119 127 130 658 620 131 136 137 144 532 318 146 150 154 155 156 841 158 160 443 132 162 533 166 167 168 174 176 408 693 177 181 774 803 585 184 855 189 483 204 299 196 200 202 207 629 216 221 599 224 232 235 236 247 428 720 237 251 469 252 292 540 641 256 703 258 260 263 229 273 281 285 681 558 559 289 303 523 305 77 309 310 312 95 315 226 320 322 643 323 324 325 327 515 490 786 328 331 334 336 53 337 170 71 308 340 153 345 346 242 771 713 460 631 729 351 352 354 575 521 361 362 118 806 364 99 64 259 372 373 377 267 378 384 481 619 386 456 556 98 388 389 390 395 134 683 396 696 397 399 8 403 417 405 406 407 412 413 415 416 668 779 420 421 424 425 466 429 68 431 433 434 518 211 257 516 489 438 439 169 440 446 447 173 78 448 541 450 453 34 455 457 461 642 231 463 467 470 411 471 663 66 474 475 33 476 478 830 508 152 479 482 485 488 493 551 500 760 502 164 54 505 486 509 464 306 514 422 524 527 534 295 538 545 392 547 86 764 553 418 563 564 398 314 566 570 578 580 583 662 584 672 817 586 367 356 590 261 656 592 473 593 253 616 594 595 347 596 597 487 379 529 598 600 684 601 163 836 603 535 610 604 606 451 290 414 607 609 611 615 624 269 626 627 800 628 630 632 664 633 635 636 329 848 637 638 639 646 383 652 499 569 279 653 657 666 539 76 667 669 671 673 674 677 678 43 680 682 685 690 187 695 702 332 654 704 330 705 180 796 707 706 675 380 708 241 87 59 710 712 844 714 715 717 719 723 725 733 787 133 734 287 735 738 741 742 744 70 745 747 749 752 754 63 785 234 660 278 67 755 761 175 763 766 711 271 770 773 775 781 80 784 286 536 194 788 789 839 885 790 792 644 116 802 265 808 394 809 811 185 815 758 52 816 822 823 214 507 363 835 840 843 82 845 400 846 851 852 441 853 854 857 567 827 820 565 858 861 869 878 387 57 56 875 117 21 879 880 882
822 2 462 320
1 734 5 7 737 8 170 478 105 671 611 11 12 15 16 17 18 70 19 22 24 28 30 31 36 39 190 40 553 790 41 43 44 46 237 47 49 51 53 54 103 56 57 58 247 148 59 61 64 457 596 65 352 534 67 68 73 78 80 85 86 88 587 89 90 93 434 311 428 94 98 100 518 102 292 134 104 106 110 547 113 115 117 122 123 124 125 126 127 146 150 275 688 151 155 157 606 577 158 160 589 162 163 164 167 277 168 169 177 183 559 389 185 186 706 407 187 198 202 204 730 626 208 154 211 212 214 219 223 719 387 527 226 228 231 233 235 236 342 238 239 240 245 248 258 257 259 261 264 265 269 270 272 273 274 280 62 281 215 282 285 289 290 297 298 492 299 300 301 758 302 673 538 303 304 307 313 316 498 318 321 243 324 326 420 327 763 330 335 797 345 508 347 609 353 355 131 357 358 359 360 550 812 746 362 363 369 370 377 378 380 312 381 813 384 388 394 619 419 209 395 396 613 439 820 659 397 401 406 408 412 416 418 716 424 426 427 431 432 433 435 437 441 135 449 451 455 454 458 284 459 466 462 465 159 469 470 472 320 473 477 480 483 821 485 486 491 496 497 557 499 617 350 510 511 515 525 526 528 217 241 529 531 590 539 249 544 92 549 551 678 552 554 10 296 555 558 801 375 563 566 567 568 570 376 572 573 579 584 310 585 366 308 586 588 251 591 278 592 594 595 759 597 600 660 603 608 614 615 618 620 621 622 623 625 627 628 630 632 141 636 637 729 561 638 641 643 644 647 545 392 271 649 650 651 654 349 652 653 20 97 471 657 667 443 672 674 680 681 682 683 684 743 687 629 689 691 692 662 693 700 152 701 702 703 82 705 709 711 351 475 712 715 717 718 720 721 722 723 725 726 216 581 727 479 37 694 767 731 50 732 314 735 741 742 745 601 749 560 750 109 751 76 752 757 760 488 710 761 450 762 699 771 773 774 218 754 294 775 256 776 777 779 783 512 784 787 788 188 793 197 795 802 803 806 807 811 814 288 322 816 818
535 2 80 59
5 531 22 30 37 263 49 51 54 61 75 99 104 114 131 132 148 273 180 152 533 154 400 155 253 164 119 185 13 199 496 218 245 251 282 283 267 288 330 304 72 292 47 306 375 308 241 334 310 315 332 20 339 356 445 360 378 379 396 28 399 404 417 424 429 200 470 480 490 35 57 492 494 203 26 500 505 508 507 509
103 2 44 34
96 10 64 13 35 65 59 11 12 89 21 19 29 63 8 74 25 76 87 95 14 53 85 55 34 84 75 88 58 81 52 30 93 68 20 99 71 44 94 86 43 98 23 103
519 2 332 237
1 2 278 497 3 471 4 16 17 18 480 19 14 20 22 23 355 24 27 265 31 85 32 34 391 35 36 297 68 239 8 141 37 366 39 41 284 42 44 46 50 52 53 55 56 58 61 64 70 71 285 73 104 74 75 102 77 253 78 79 80 84 86 147 87 127 88 92 93 446 43 94 308 95 97 98 100 348 101 105 28 516 106 76 107 109 113 498 115 419 314 116 118 120 414 121 123 125 376 196 131 135 139 140 142 486 143 144 111 148 150 151 455 212 153 154 63 156 157 162 164 165 166 167 169 171 173 175 176 170 489 178 183 184 185 378 187 192 195 205 13 206 210 211 216 217 220 221 9 224 201 459 225 227 200 230 190 320 231 298 233 218 137 234 29 235 236 237 457 241 242 7 208 243 518 247 249 506 251 252 396 258 474 261 262 57 264 268 269 270 340 276 282 283 287 255 290 293 294 300 303 373 304 313 306 155 310 319 389 321 322 324 452 368 325 326 327 331 134 336 365 316 341 342 83 343 25 344 346 349 351 250 353 354 361 402 364 370 371 374 377 380 202 117 381 384 266 387 398 388 505 390 508 395 229 399 405 138 413 406 60 407 409 59 410 412 416 422 423 425 429 432 26 433 437 246 439 442 443 207 447 448 450 82 454 458 460 307 461 464 431 90 369 465 469 467 468 470 472 473 478 481 483 301 312 485 487 488 492 493 494 428 495 496 160 499 500 502 161 504 509 511 345 203 513 444 30 514 415 515 517 519
639 2 604 448
1 12 3 4 5 7 8 9 10 11 13 14 15 18 256 19 21 22 24 332 25 28 30 31 33 35 250 373 39 40 42 43 45 46 47 51 34 52 71 53 54 335 55 270 56 57 631 58 60 320 113 61 521 62 65 66 67 78 68 69 70 72 74 75 308 76 587 77 80 81 85 86 87 88 89 90 91 502 92 93 94 95 97 99 100 101 103 301 73 176 471 26 105 107 108 109 111 112 114 115 116 117 118 119 120 394 121 122 123 124 127 130 131 6 132 134 520 135 138 106 139 531 140 141 142 144 511 145 220 146 147 149 151 152 154 155 156 158 293 339 278 566 159 160 161 554 162 48 163 164 165 168 169 137 170 432 171 172 173 174 175 178 20 481 179 180 497 182 183 185 186 153 49 187 519 188 189 190 191 192 630 195 196 197 198 485 199 200 201 202 203 204 205 207 208 209 211 212 530 213 215 217 423 218 219 367 102 221 222 225 226 227 228 563 229 230 231 232 233 234 522 235 237 238 239 240 496 29 224 241 244 245 246 247 248 523 249 251 253 254 257 258 603 570 341 573 259 260 261 622 262 129 263 419 264 265 266 267 268 269 271 36 272 274 275 125 277 126 279 280 281 284 285 286 288 289 290 291 294 282 388 295 375 296 297 298 299 300 302 303 304 236 305 324 306 307 309 216 41 310 311 312 558 194 313 314 223 316 318 319 626 315 321 283 323 327 377 325 326 328 595 329 330 605 333 334 336 337 338 342 343 344 346 347 606 349 350 431 351 353 356 357 358 292 359 360 16 362 364 365 437 366 322 368 369 370 98 371 167 372 374 378 379 380 381 384 385 386 38 340 387 532 390 392 568 393 395 396 398 399 400 401 404 405 406 407 408 409 410 429 411 412 633 133 413 574 414 415 417 418 421 425 426 136 427 428 430 433 434 435 17 438 440 441 382 442 243 443 445 446 447 448 517 449 450 451 456 457 83 458 460 461 462 464 465 242 466 467 459 184 468 469 37 472 473 474 475 476 477 478 420 480 483 484 32 486 487 488 489 490 492 493 539 494 495 361 276 498 499 252 500 501 506 436 363 507 508 509 512 513 514 416 210 515 516 518 524 525 526 636 559 82 527 528 529 533 535 214 536 537 538 540 542 544 545 546 547 193 548 549 550 110 403 551 552 553 555 556 618 560 561 355 562 206 564 637 565 567 575 576 577 578 579 580 581 621 582 157 96 583 584 585 348 479 63 383 455 586 589 590 44 591 592 376 505 639 84 593 594 439 596 2 491 597 598 599 600 352 601 602 402 604 23 607 608 569 609 571 610 331 611 612 613 614 541 615 616 617 482 620 624 557 50 625 628 629 632 634 543 635 453 623 397 638
539 2 54 26
23 58 89 175 278 91 117 180 215 231 214 370 254 224 272 294 320 325 392 418 334 529 472 417 26 245 350 496 191 508 367 179 3 208 165 383 182 368 387 400 426 429 428 442 327 456 504 125 463 309 13 259 328 518
581 2 482 237
266 346 416 1 3 5 8 9 10 11 13 150 44 18 19 441 556 240 20 21 357 543 22 24 486 27 30 31 514 33 107 35 505 36 37 38 40 314 118 474 382 41 422 141 42 46 214 122 48 51 254 236 363 219 50 64 68 404 28 174 69 70 73 74 53 192 249 91 75 79 80 572 83 54 353 84 86 385 87 93 197 98 99 411 151 104 427 105 106 120 123 124 130 310 133 135 136 230 137 140 88 143 146 365 148 153 449 154 201 159 510 65 162 164 334 165 57 168 170 172 173 331 338 176 184 373 294 188 270 193 194 419 221 483 447 196 473 222 285 199 200 203 501 206 109 207 341 238 209 63 210 576 158 311 376 479 211 212 215 218 519 289 220 223 227 262 229 231 348 232 410 475 115 233 458 235 241 244 301 217 246 247 248 251 252 253 110 256 77 258 259 272 119 261 195 263 264 389 265 152 267 534 273 142 182 134 274 526 485 276 67 278 66 279 499 281 432 282 47 145 169 308 208 81 287 290 125 297 299 300 302 171 303 304 255 537 117 313 315 295 316 484 318 552 319 324 237 512 228 394 296 321 323 328 226 325 61 329 553 129 569 330 336 339 340 343 89 367 156 344 345 371 96 450 191 144 444 198 347 181 396 350 92 366 175 355 62 478 189 356 358 359 360 581 362 368 369 179 372 378 32 76 59 379 551 428 498 306 381 7 383 384 563 386 388 390 391 392 417 546 393 400 401 439 403 405 407 23 437 408 132 72 414 317 415 462 284 216 298 425 426 429 430 431 16 433 509 435 436 508 521 448 333 438 440 525 488 95 442 178 71 446 451 550 453 177 421 467 457 461 464 547 542 456 465 545 532 471 476 332 477 480 335 468 138 482 489 490 398 190 492 494 52 496 497 502 504 454 565 507 58 268 511 291 513 493 515 17 307 516 108 361 517 520 12 523 250 527 529 180 530 531 540 533 420 352 535 320 538 102 548 549 245 554 380 183 409 163 459 555 557 257 114 167 26 292 558 470 112 286 559 560 434 443 116 568 561 562 564 567 570 423 573 574 575 577 186 293 234 4 578 312 283 85 445 147 579 14 375 364 524 387
691 2 546 164
641 636 7 312 465 328 12 247 361 335 17 643 508 19 20 623 6 22 529 363 107 555 53 353 25 77 337 377 309 26 514 567 439 30 35 287 147 284 47 522 48 49 520 409 452 479 52 670 54 291 61 492 556 189 483 65 494 568 128 67 9 43 649 68 70 76 188 285 80 456 181 79 540 85 87 63 341 94 115 117 598 159 221 112 333 326 149 142 379 491 222 599 630 118 120 121 672 347 394 355 123 124 135 340 527 331 145 4 294 21 256 582 132 450 136 380 38 73 496 137 488 74 143 172 155 587 158 165 549 297 161 42 401 319 426 162 163 551 24 271 164 451 10 688 296 205 169 173 179 393 506 619 560 59 500 249 325 501 272 182 646 258 329 185 676 191 432 489 196 151 445 509 283 198 550 548 653 199 15 202 204 497 206 208 603 360 534 153 227 215 84 349 216 99 250 27 141 186 226 232 183 631 559 419 238 357 92 415 668 269 241 654 72 242 245 684 246 105 225 516 498 368 669 671 209 170 2 126 403 367 370 662 86 257 674 260 288 613 484 239 261 264 265 268 211 37 383 270 276 32 372 71 277 279 286 448 666 293 243 523 60 660 300 585 301 385 130 378 311 192 231 318 320 664 425 611 323 233 339 685 116 485 160 327 680 332 304 336 310 229 511 345 259 346 583 642 427 503 374 358 365 435 526 414 627 131 119 562 416 573 388 621 537 356 125 167 519 490 539 389 390 344 282 364 391 398 475 321 350 405 402 411 412 413 75 251 428 190 13 168 430 108 661 436 404 437 440 399 187 442 443 203 446 682 459 373 464 3 234 473 18 600 210 476 180 235 58 480 194 481 605 29 563 56 477 486 23 306 586 429 387 64 656 640 11 220 88 375 487 665 244 449 174 618 110 499 620 157 513 366 223 424 474 521 524 517 266 528 504 278 421 113 90 308 316 457 148 530 531 554 154 544 561 625 376 176 512 178 564 569 302 570 31 574 577 580 588 493 342 453 572 219 200 66 444 557 629 273 590 5 592 593 299 16 441 595 505 596 175 468 686 602 584 591 604 606 81 392 134 166 462 39 610 471 616 354 538 152 381 184 469 150 218 532 622 626 628 140 552 632 601 50 634 687 438 647 97 78 314 207 657 109 252 635 217 33 638 101 95 594 461 689 171 45 495 612 639 407 313 648 69 542 644 547 275 324 691 651 510 609 558 546 652 614 422 417 267 675 214 566 679 83 433 478 681 683
743 2 506 261
176 182 632 2 172 7 12 19 21 739 731 26 227 371 28 274 354 692 30 297 31 653 33 34 35 39 573 410 320 540 40 43 150 45 161 131 384 654 517 46 49 53 448 602 55 58 62 98 350 63 215 66 67 78 68 70 272 71 73 260 659 496 74 83 85 340 88 89 94 116 97 96 100 362 101 102 677 110 113 264 114 117 467 119 120 126 128 606 133 134 56 286 168 137 138 699 141 513 147 178 637 329 295 155 149 151 480 358 152 160 44 162 528 171 173 242 18 123 41 52 191 428 617 568 174 177 181 186 72 8 112 332 183 594 368 728 14 539 345 185 194 576 197 148 331 303 199 459 212 214 217 220 82 144 54 644 226 230 430 153 595 234 36 537 235 236 240 241 246 247 249 380 251 336 252 253 257 262 596 263 196 724 267 270 278 714 124 279 281 648 276 732 121 369 282 10 283 719 543 288 289 205 90 3 300 545 290 291 299 301 302 304 298 307 485 308 580 335 615 309 582 93 310 670 24 311 5 512 211 531 317 672 319 321 324 549 325 641 741 326 716 330 334 370 502 563 337 338 341 4 343 351 258 355 269 356 357 504 363 254 364 221 391 366 720 372 296 373 376 377 378 379 584 382 47 385 389 390 392 394 395 399 365 402 316 404 405 408 87 409 411 159 412 413 414 396 415 424 425 256 426 427 429 207 200 143 432 145 489 266 722 129 79 434 140 435 438 440 284 1 478 441 446 463 277 567 449 455 622 456 462 465 466 469 470 202 473 475 477 479 674 481 482 491 164 255 464 492 239 386 259 493 198 494 268 195 488 495 305 505 506 179 333 565 511 515 518 519 520 665 275 318 535 522 523 524 509 525 526 529 29 534 663 538 548 550 80 313 552 553 163 64 557 201 564 683 566 639 574 577 578 585 645 136 228 501 586 726 189 587 444 588 590 629 418 592 604 375 605 38 156 607 682 609 612 671 614 616 591 636 204 618 619 476 547 13 130 287 621 624 625 628 142 711 103 631 190 695 225 541 634 635 638 646 403 647 450 649 651 655 461 572 657 451 344 658 37 661 232 452 292 712 483 662 667 669 673 544 675 686 676 688 691 698 401 701 611 601 704 170 705 706 472 709 721 730 361 733 734 738 250 623 740 626 419 742
774 2 454 95
154 495 113 103 378 659 24 26 691 417 316 31 341 741 643 519 47 136 593 743 54 95 232 422 147 573 650 79 764 384 35 258 511 437 81 690 306 430 338 204 84 88 604 205 307 596 211 723 92 109 43 328 719 100 724 114 177 294 383 592 133 116 86 148 305 219 749 72 505 251 372 85 74 153 91 336 270 480 630 732 122 155 145 239 375 421 343 163 561 61 393 605 405 632 683 774 750 468 243 674 657 259 165 27 334 171 192 768 748 554 747 201 257 195 276 589 272 415 8 261 518 755 200 433 461 25 540 442 202 203 217 754 399 730 222 704 514 444 339 4 9 773 64 513 424 273 16 689 457 476 536 668 138 228 380 39 230 93 345 241 556 714 423 403 296 247 441 420 144 586 38 231 729 751 583 303 506 161 87 385 119 244 319 653 323 473 250 347 344 263 139 568 255 355 302 696 712 260 23 267 483 98 310 526 275 7 756 234 237 516 499 445 14 488 631 475 515 279 694 295 167 365 298 369 266 656 351 304 325 744 354 262 387 636 555 587 431 359 70 390 376 386 11 176 406 56 391 534 30 186 363 591 349 226 603 416 397 685 400 418 408 395 439 557 467 59 357 99 314 697 440 726 452 265 464 761 465 67 663 28 29 169 564 753 277 326 374 207 711 477 62 757 118 487 502 742 504 235 360 525 175 544 209 665 529 120 577 549 548 382 550 493 411 610 552 621 174 559 682 173 563 565 185 578 308 627 484 615 212 599 571 531 486 377 617 582 618 735 471 619 12 640 71 264 410 291 642 648 466 652 590 664 669 670 463 527 358 396 470 389 672 80 481 283 48 104 107 36 53 600 199 771 196 182 110 692 693 188 190 435 297 479 332 684 767 695 137 96 705 512 570 707 227 709 727 160 607 734 269 412 1 746 13 569 715 180 459 629 156 520 545 626 208 678 752 443 394 170 458 533 34 75 19 285 51 429 716 353 759 256 66 318 76 634 567 623 655 50 597 315 168 311 309 638 698 447 214 572 772 579 159 225 763 770
805 2 542 119
313 716 510 357 321 463 771 189 257 515 622 722 46 654 174 35 110 613 422 367 525 3 14 395 344 427 17 23 27 545 178 668 565 544 551 541 434 38 84 56 329 649 29 589 326 248 33 249 74 67 70 723 73 4 675 448 687 433 392 81 105 107 108 113 640 276 20 635 291 138 318 254 369 524 383 752 114 115 443 141 592 142 199 361 87 104 64 150 159 599 165 311 166 175 186 480 185 401 686 495 2 596 376 89 295 468 217 198 424 203 575 600 370 477 210 219 15 223 261 711 761 731 431 195 224 411 152 59 568 228 227 282 288 144 797 585 536 504 290 233 96 65 39 699 350 744 238 1 749 458 121 230 211 172 241 482 491 237 8 21 608 576 598 242 255 408 538 421 300 268 517 464 647 473 664 778 672 66 117 88 269 302 680 795 272 284 236 614 293 405 298 209 729 572 316 741 309 160 617 319 333 639 337 366 7 231 356 76 36 6 633 802 455 348 340 28 151 51 132 375 260 187 563 363 425 512 417 371 387 567 429 34 374 507 146 335 666 753 386 390 573 398 487 764 445 134 177 47 325 651 414 701 415 111 342 725 80 349 728 549 343 154 719 399 412 246 328 153 135 281 420 435 396 441 304 54 521 102 452 247 454 462 82 216 460 695 430 266 520 465 475 782 206 506 253 479 204 149 85 55 484 193 131 30 271 490 679 667 128 393 602 457 278 590 92 743 494 26 497 669 122 162 119 201 334 19 99 709 745 717 493 616 168 243 158 500 471 508 659 472 182 712 511 759 516 527 518 786 483 259 320 604 167 523 245 552 555 748 171 416 559 58 564 528 531 423 98 273 663 478 579 502 580 698 438 586 574 706 610 129 188 588 593 775 780 671 140 605 597 609 626 459 60 53 52 277 265 446 628 718 145 208 543 373 630 93 657 294 587 754 123 24 40 638 740 173 715 437 49 546 184 196 645 655 234 191 221 205 661 558 550 69 220 229 407 485 169 305 147 274 341 730 533 789 13 100 670 365 583 377 767 742 61 681 673 339 535 31 42 676 690 777 12 751 577 280 542 713 170 696 338 262 570 410 48 9 702 214 700 492 720 727 694 627 624 474 444 685 631 735 327 750 755 692 143 766 359 607 91 765 466 469 768 44 769 774 18 779 684 656 677 180 591 442 783 72 358 529 785 787 790 303 648 503 554 235 747 263 796 804 674 496 419 212 161 296 310 307 330 629 683 11
163 2 88 20
11 95 89 9 29 123 49 134 163 103 81 56 67 2 35 128 19 25 47 159 129 66 26 160 34 1 99 43 158 15 18 76 149 79 22 53 136 88 14 161 54 148 10 143 130 109 36 23 41 55 31 90 20 135 100 30 38 4 39 57 75 73 48 78 52 153 151 44 155 154 27 84 126 131 59 5 156 46 21 16 125 72 104 162 83 80 140 119
909 2 662 614
1 2 122 3 4 5 6 8 9 10 11 14 17 18 19 20 22 24 25 33 34 37 39 40 41 42 46 47 48 49 50 53 54 56 57 59 61 63 64 66 67 807 68 69 70 71 72 73 76 77 78 81 84 87 88 90 93 94 95 96 97 99 100 101 102 103 107 109 110 114 117 118 119 120 121 123 125 126 127 131 134 479 135 136 137 138 139 140 141 142 143 144 145 146 147 148 150 151 153 154 155 157 284 158 160 161 162 163 164 274 167 169 171 173 176 178 179 180 182 185 186 188 189 190 193 194 195 196 197 198 199 202 203 312 204 205 206 208 209 212 213 214 215 216 217 218 219 221 222 223 224 225 227 228 229 232 233 234 235 236 238 240 241 242 244 245 246 247 248 249 250 251 256 257 258 893 261 804 262 263 264 183 266 268 269 272 276 278 279 280 281 282 285 286 287 288 290 291 292 294 295 296 361 300 896 301 302 303 306 307 309 311 315 316 317 319 271 305 320 321 323 324 329 330 335 336 337 340 341 685 344 345 346 347 65 348 349 350 352 353 354 355 358 55 359 360 362 364 365 366 170 368 369 370 371 372 374 551 375 533 377 378 379 380 417 382 384 385 386 391 392 393 395 396 397 398 400 401 402 403 404 405 406 408 409 410 411 412 600 414 416 418 419 421 422 423 424 426 7 428 429 431 432 433 434 435 436 437 438 439 441 442 443 444 445 448 450 803 451 452 454 455 456 458 459 460 461 462 463 465 466 468 293 314 469 470 472 473 475 476 477 626 480 363 481 482 485 487 488 489 491 493 494 495 499 500 342 501 502 503 504 506 507 510 512 515 516 517 518 520 521 522 525 526 528 529 530 531 532 536 538 539 540 541 543 545 546 547 548 549 550 524 552 553 555 556 557 558 559 562 563 906 565 566 304 567 569 570 571 572 573 574 575 576 577 578 580 581 582 583 584 586 588 589 590 591 592 593 92 771 594 595 597 601 602 603 604 606 607 608 609 610 611 612 615 616 617 619 620 622 624 625 627 201 628 630 631 633 638 639 640 641 642 643 646 647 648 649 650 651 652 653 654 655 657 659 660 661 662 664 665 667 668 670 672 675 676 677 678 679 680 230 681 682 788 598 683 32 684 686 687 688 689 853 692 694 695 696 699 700 701 705 707 708 709 710 880 711 712 381 713 714 715 716 718 721 722 723 725 727 728 729 730 731 733 735 739 740 741 742 743 745 865 747 339 748 751 752 753 754 756 757 758 760 761 762 763 764 765 766 768 770 772 774 775 776 779 587 780 808 782 783 784 785 786 787 789 790 791 792 793 794 796 799 800 805 806 809 35 568 811 812 813 814 815 816 817 818 823 825 826 827 829 831 832 833 834 835 836 837 838 839 841 842 843 846 847 848 850 851 854 407 856 859 861 863 864 866 867 868 869 870 427 871 873 876 542 877 878 879 881 882 883 635 885 886 888 889 890 892 894 895 897 898 899 900 902 903 904 905 907 909
564 2 114 115
1 7 9 10 20 31 37 43 46 47 58 82 84 86 94 95 100 101 102 104 111 119 123 125 137 139 140 144 152 153 156 157 161 164 171 174 176 197 214 218 219 223 224 225 234 240 242 244 246 250 251 276 277 281 284 289 298 300 301 302 303 306 309 316 324 329 335 339 344 356 358 365 370 371 372 375 379 383 384 392 396 397 398 401 402 404 405 406 409 416 418 419 420 431 436 437 440 451 457 471 472 480 489 499 506 508 528 530 535 543 548 560 561 563
477 2 214 30
16 256 407 97 354 67 193 203 318 15 273 189 308 145 437 390 132 338 36 156 465 367 159 62 285 90 88 468 232 423 41 204 248 349 300 215 14 207 334 227 28 461 370 340 49 71 44 206 101 254 200 130 342 154 180 296 374 107 48 146 476 214 306 432 380 34 175 311 161 135 240 166 382 126 356 319 147 59 450 431 139 198 183 32 116 260 436 420 464 218 157 93 137 358 52 383 271 435 477 136 424 239 425 209 236 199 302 404 181 119 446 469 304 42 377 123 91 335 405 314 148 373 361 224 394 155 387 251 400 433 78 220 411 96 64 98 284 408 115 74 19 4 368 128 305 5 39 265 143 20 23 317 277 163 458 55 92 343 257 258 186 427 412 336 353 344 259 346 269 470 37 395 371 434 402 384 50 372 297 10 149 72 60 225 210 179 310 279 292 201 65 325 375 312 212 350 328 162 339 2 213 409 444 445 422 158 3 56 309 13 18 447 233 51
681 2 170 164
5 458 15 16 22 23 29 17 30 33 36 37 44 45 56 60 62 63 70 74 77 80 82 83 88 89 98 99 104 110 112 113 116 122 123 126 128 135 136 137 150 152 153 154 156 158 159 162 163 164 168 173 177 178 180 182 191 193 195 200 203 211 215 217 221 225 32 232 241 242 244 246 247 250 254 256 258 103 266 275 276 283 286 294 300 304 307 316 318 322 328 1 334 335 339 344 345 346 354 361 363 365 366 373 384 388 543 395 397 398 399 403 404 408 414 415 416 417 418 421 425 58 428 431 440 443 445 447 449 450 462 472 475 479 484 490 497 501 502 518 520 230 528 530 531 539 555 567 570 575 583 585 588 591 593 596 599 601 602 617 618 622 630 641 654 655 657 671 675 679
350 2 340 337
1 2 3 4 5 6 7 8 9 10 11 12 13 14 15 16 17 18 19 20 21 22 23 24 25 26 27 28 29 30 31 32 33 34 35 36 37 38 39 218 40 41 42 43 44 45 46 47 48 49 50 51 52 53 54 55 56 57 58 59 60 61 62 63 64 65 66 68 69 70 71 72 73 74 75 76 77 78 79 80 81 82 83 84 85 86 87 89 90 91 92 93 94 95 96 97 250 98 99 100 101 102 103 104 105 106 107 108 109 110 111 112 113 114 115 116 117 118 119 120 121 122 123 124 125 126 127 128 129 130 132 133 134 135 136 137 138 139 140 141 142 143 144 145 146 147 148 149 150 151 340 152 153 154 155 156 157 158 159 160 161 162 163 164 165 166 167 168 169 170 171 172 173 174 175 176 177 178 179 180 181 182 183 184 185 186 187 188 189 190 191 192 193 195 196 197 198 199 200 201 202 203 204 205 206 207 208 209 210 211 212 213 214 215 216 217 219 220 222 223 224 225 226 228 229 230 231 232 233 235 236 237 238 240 241 242 243 244 245 246 247 248 249 251 252 253 254 255 256 257 258 259 260 261 262 263 264 265 266 267 268 269 270 271 272 273 274 221 275 276 277 278 279 280 281 282 283 284 285 286 287 288 289 290 291 292 293 294 295 296 297 299 300 301 302 303 304 305 306 307 308 309 310 311 312 313 314 315 316 317 318 320 321 322 323 324 325 326 327 328 329 330 331 332 333 334 335 336 337 338 339 341 342 343 344 345 347 348 349 350
82 2 62 20
62 15 20 64 27 31 32 10 1 47 21 81 34 36 49 29 38 78 17 35 40 2 33 6 56 63 61 60 71 69 43 5 51 67 4 24 59 52 70 3 19 80 11 77 54 72 68 9 65 53 18 57 82 50 41 39 74 30 66 14 73 8
869 2 528 341
6 7 103 9 10 11 16 21 22 24 631 28 860 30 38 603 40 50 432 59 60 61 66 458 70 247 71 75 77 79 80 84 85 86 87 89 74 621 92 94 525 666 773 414 464 5 102 112 483 25 35 116 798 118 119 120 121 126 127 128 430 129 519 317 387 135 472 137 138 372 693 143 145 406 146 107 20 149 187 151 741 301 164 543 823 760 618 166 167 169 99 171 173 297 162 174 176 177 178 608 867 494 180 736 181 184 702 186 532 598 644 19 576 570 189 197 752 280 418 190 191 802 192 194 819 196 198 199 200 204 207 253 214 215 216 217 219 139 140 222 224 225 838 232 34 234 243 248 251 252 67 685 257 305 266 676 573 267 268 271 105 244 273 275 276 277 278 170 283 288 289 511 17 293 809 680 514 117 294 295 296 299 300 302 303 62 304 231 740 29 36 153 307 308 309 822 471 619 512 51 311 318 320 321 763 246 322 754 325 746 326 329 330 334 335 417 336 340 343 346 583 453 347 352 3 357 358 639 359 362 363 364 55 365 367 368 391 369 370 375 377 221 381 851 382 383 385 150 467 388 392 393 689 523 41 394 395 640 397 398 400 401 404 560 407 98 408 410 411 110 638 528 413 720 419 847 605 687 13 420 421 422 211 423 425 428 429 431 131 435 437 109 442 444 203 626 499 447 448 449 18 450 255 451 651 856 133 454 457 460 93 812 461 462 463 441 465 466 469 554 477 786 478 479 597 488 490 492 493 172 497 500 502 506 513 606 515 52 517 518 521 522 439 526 530 134 223 535 537 152 542 258 545 552 553 349 555 556 155 831 557 625 106 558 562 563 361 168 565 566 623 487 476 568 574 614 575 579 580 581 582 584 589 591 593 595 594 482 596 600 601 609 544 612 91 613 615 616 617 622 355 602 633 635 637 642 648 649 653 654 656 657 659 661 663 664 144 665 667 668 208 163 669 674 549 677 678 681 161 269 682 684 688 692 703 578 704 706 707 284 259 708 814 711 712 715 717 718 724 298 53 821 725 726 753 730 735 737 739 861 742 239 743 745 747 750 604 751 756 672 758 390 759 781 254 485 761 762 416 764 766 767 768 770 354 771 777 536 780 782 784 785 384 791 793 795 796 804 813 817 818 826 828 829 833 835 69 837 840 841 842 843 845 846 849 650 853 854 816 855 857 858 864 865 141 836 765 866
501 2 218 131
317 1 219 336 134 2 5 489 11 325 47 18 100 328 113 19 84 194 20 23 396 305 26 156 30 32 62 38 34 354 188 331 41 151 49 53 269 58 60 67 71 74 78 37 212 79 81 83 97 104 107 109 111 485 402 401 484 209 124 127 322 128 130 132 141 144 28 145 160 14 154 166 315 179 426 492 459 183 21 184 308 72 193 198 158 199 200 206 215 65 221 146 222 224 185 186 88 228 229 231 73 235 238 257 153 249 255 50 258 4 263 267 240 7 208 274 276 352 378 277 278 279 287 423 281 13 283 292 275 242 289 75 301 304 306 382 312 316 310 319 320 163 197 299 323 342 265 119 406 327 390 477 329 370 94 333 334 340 91 31 147 253 344 262 192 403 376 17 350 297 351 360 207 285 361 362 137 364 52 375 383 388 397 309 356 142 411 420 118 434 105 366 437 439 446 449 394 450 452 456 35 457 460 468 469 430 254 480 481 482 483 488 343 16 493 498 77 422
994 2 932 714
1 986 2 3 4 6 9 733 10 289 11 12 13 15 16 17 19 20 21 24 27 697 29 32 711 487 34 37 38 39 41 42 44 45 46 47 49 50 51 53 54 56 58 59 60 61 65 66 67 68 71 72 73 373 541 75 76 77 78 80 284 82 83 84 85 904 944 86 87 367 89 90 568 91 112 640 206 93 94 96 98 99 100 101 102 412 103 106 107 108 109 110 111 114 115 116 973 117 119 120 121 122 124 743 522 126 127 564 128 293 130 440 131 133 134 135 137 139 140 807 141 143 147 149 150 151 152 153 304 819 154 155 156 157 349 158 159 160 161 162 164 165 166 168 170 171 532 172 173 174 175 176 421 177 418 499 752 178 179 180 28 181 182 183 184 187 234 794 188 767 189 492 961 190 191 192 193 346 195 196 828 197 198 199 719 200 201 202 203 674 204 226 205 941 207 208 209 211 212 314 216 217 218 219 221 222 699 653 22 693 223 224 668 225 227 228 229 230 233 235 236 237 238 239 240 242 243 244 245 246 786 386 248 250 251 252 253 254 661 255 257 258 897 259 260 266 261 262 263 722 265 267 268 270 113 766 271 272 552 273 537 274 278 279 215 286 288 290 294 295 296 488 297 518 298 315 299 300 301 302 339 303 383 305 413 306 307 308 309 606 310 311 312 313 316 317 318 803 738 540 319 320 321 25 322 324 325 326 327 328 900 330 332 333 334 336 355 337 338 340 935 342 343 345 805 347 608 350 410 145 351 637 352 353 354 357 358 808 359 360 361 362 365 615 395 366 368 369 371 542 372 374 375 377 378 379 582 380 381 384 992 387 389 390 394 539 396 558 692 397 88 398 727 400 631 18 393 401 402 403 404 405 406 831 411 407 408 415 416 417 48 63 419 420 422 118 423 282 424 425 428 505 57 430 431 432 433 434 435 436 437 438 439 167 138 441 442 443 444 445 447 449 92 489 40 450 451 452 453 454 455 456 520 457 458 459 460 104 462 464 466 467 283 878 468 469 470 472 950 473 474 475 477 478 479 480 481 482 486 490 491 493 498 494 495 590 496 497 500 683 501 502 8 503 504 506 507 392 484 508 509 382 511 963 885 513 874 515 14 516 519 521 533 523 214 524 525 526 527 125 991 528 529 530 531 534 872 535 335 7 536 538 544 545 546 548 550 551 553 554 555 557 559 560 561 562 280 563 566 567 569 571 572 574 575 578 579 580 581 426 583 584 62 585 586 923 587 588 589 591 592 593 596 597 845 598 599 602 603 144 604 605 607 609 610 611 612 614 617 570 618 619 620 621 363 622 623 812 624 625 627 628 870 840 629 632 186 633 634 636 638 639 641 642 643 43 644 645 55 760 646 647 649 650 651 249 652 655 573 52 656 657 658 659 662 31 81 654 663 664 665 547 666 667 953 669 746 677 680 681 684 685 686 687 689 690 691 695 510 696 698 700 970 701 702 461 703 704 705 867 706 707 323 708 485 748 709 710 908 281 712 264 714 715 716 97 717 720 723 724 726 728 729 730 732 735 210 736 737 601 739 740 741 742 626 882 565 745 129 747 749 750 937 751 753 391 754 755 756 758 759 409 825 761 23 762 927 763 36 764 765 768 769 959 770 465 772 945 773 672 774 678 775 776 777 778 779 780 512 781 782 783 784 785 787 788 790 791 792 793 795 648 796 671 797 798 799 801 388 802 744 804 806 809 810 811 813 814 463 815 348 816 370 105 817 818 820 821 822 823 824 864 826 829 830 833 834 836 837 838 74 839 841 842 843 844 595 846 213 847 848 849 850 851 852 853 854 660 855 857 858 64 285 859 888 688 860 861 862 863 865 866 868 890 869 132 871 873 875 876 877 879 880 881 884 886 673 887 889 891 892 856 893 123 894 895 896 898 549 899 901 902 903 905 906 356 907 600 910 911 912 556 331 913 914 916 917 918 919 220 30 70 920 414 718 921 922 924 26 789 925 926 928 929 930 931 35 713 932 933 734 670 613 934 936 938 940 942 943 946 947 948 949 951 954 955 616 956 957 79 95 958 960 962 964 965 966 967 968 915 969 971 972 974 975 976 977 978 194 979 980 981 983 984 985 987 988 989 990 993 994 835
237 2 200 192
2 3 4 5 7 8 9 10 11 12 13 14 15 16 17 18 20 21 22 23 24 25 26 27 28 31 32 33 34 35 36 37 38 39 40 41 43 44 45 46 48 49 121 50 51 52 53 57 59 60 61 62 63 64 65 66 67 68 70 71 72 74 75 76 104 77 78 79 87 81 82 83 86 88 89 91 92 94 95 97 98 100 101 102 103 105 197 106 107 108 42 109 110 130 112 113 93 114 115 116 117 58 118 120 122 123 125 126 127 129 131 132 133 134 135 136 137 138 140 141 142 143 144 145 147 148 149 150 151 152 153 154 155 157 30 159 163 164 166 167 169 170 171 172 173 174 175 176 177 178 179 180 181 183 184 186 187 188 190 191 192 193 194 195 196 199 201 202 203 204 205 206 207 208 211 212 213 214 216 217 218 219 220 221 222 223 225 226 227 228 229 165 230 231 200 232 233 235 236 237
866 2 80 54
821 685 25 750 156 57 746 400 46 49 165 243 69 70 13 522 80 768 762 86 87 537 154 105 763 140 289 145 155 179 195 842 388 198 203 233 241 253 269 283 298 312 327 331 144 358 677 119 361 368 376 377 385 394 409 663 320 671 448 469 548 556 563 586 597 227 687 700 704 676 708 772 711 729 736 745 776 852 103 715
933 2 184 31
43 914 64 258 145 410 928 7 623 462 288 268 271 663 904 405 717 334 181 754 824 399 82 130 322 711 598 59 422 756 300 894 269 390 669 162 38 860 626 727 27 539 929 205 563 190 835 39 529 624 833 180 469 466 243 507 349 581 107 819 686 453 255 786 366 668 554 683 905 16 716 682 111 293 602 323 45 426 533 179 642 41 638 695 25 840 722 481 338 592 547 637 880 931 189 347 846 30 359 847 126 170 591 724 11 306 23 723 373 343 622 296 391 854 260 174 658 105 429 853 778 448 612 858 688 589 521 454 183 595 901 395 535 407 200 745 84 73 328 586 493 386 923 655 173 725 158 736 697 933 654 792 652 233 512 560 881 468 837 62 364 289 912 675 551 506 761 807 882 435 814 531 240 437 51 31 221 842 510 294 924 279 356 215
393 2 366 69
344 151 196 179 301 381 37 35 303 186 77 5 118 346 8 13 31 334 32 317 39 95 7 29 378 222 393 205 285 238 107 153 21 224 319 44 20 298 255 15 81 384 45 50 198 51 16 22 87 146 283 85 55 365 56 80 57 374 236 202 206 58 170 75 83 14 161 158 351 194 262 266 90 102 294 299 69 253 9 229 235 370 105 369 371 325 73 66 126 350 192 117 27 132 4 234 1 312 239 65 72 219 100 119 30 226 120 135 154 127 254 152 392 93 74 24 114 84 19 302 136 166 273 160 137 138 286 322 76 190 96 139 89 36 358 313 305 278 41 366 34 258 354 144 53 259 320 359 145 321 244 101 167 345 181 232 6 377 281 231 33 11 143 122 125 324 26 147 134 223 343 149 141 315 38 263 182 287 133 297 327 150 230 162 293 207 389 61 216 296 375 289 318 112 237 109 169 175 203 180 210 183 189 307 47 191 40 193 10 246 356 274 204 2 385 148 62 116 113 221 218 220 49 208 99 227 86 277 243 247 256 94 276 290 314 240 326 291 348 225 333 292 211 295 267 245 131 279 261 328 106 130 331 121 129 306 156 110 241 373 376 54 335 23 361 300 165 82 364 213 70 172 280 323 304 282 251 174 257 288 260 18 115 177 46 212 91 310 184 71 271 316 330 78 332 28 163 215 88 269 388 199 200 367 188 336 387 97 171 60 173 79 353 68 42 12 214 341 252 270 176 264 142 159 340 228 103 355 349 92 104 311 217 360 67 338 342 362 379 64 123 383 337 275 111 272 187 308 368 63 363 52 372 128 155 140 98 248 185 380 3 382 43 284 124 386
241 2 112 71
3 21 12 14 201 15 22 25 36 28 38 40 189 139 117 41 42 44 136 181 47 128 130 52 229 226 54 56 64 65 66 67 153 148 78 81 86 8 220 89 120 91 20 92 93 163 94 97 98 1 104 108 114 116 125 7 19 46 241 57 127 133 137 141 146 147 70 187 149 156 158 85 159 5 79 160 162 164 166 167 169 172 6 165 215 173 176 177 179 185 186 190 194 197 199 204 88 207 208 213 214 227 211 112 202 49 236 196 240 150 219 115
624 2 530 509
1 2 3 4 6 7 8 10 11 12 13 14 18 19 20 21 22 23 24 27 28 29 30 362 32 33 34 37 39 40 41 42 44 49 138 50 51 52 54 57 59 61 62 63 65 66 67 68 70 71 72 48 73 75 76 78 79 80 82 83 84 85 89 90 91 92 93 94 96 97 98 99 100 101 102 103 104 105 106 107 108 109 110 111 112 113 114 115 117 118 119 120 122 124 125 127 129 130 131 133 134 135 136 141 142 143 144 56 146 148 149 292 150 151 595 152 153 154 155 156 157 158 159 161 163 164 165 166 167 168 568 140 169 170 171 173 174 177 179 180 181 182 183 184 185 186 187 188 189 191 192 193 195 196 197 198 199 200 201 202 203 205 206 207 208 209 210 212 213 214 215 216 217 218 220 221 223 226 35 227 228 229 230 231 232 235 236 237 238 239 240 241 242 243 244 246 247 248 249 250 251 252 253 254 255 256 258 259 346 261 262 263 264 265 267 268 269 270 271 273 274 211 276 277 233 278 279 123 280 281 283 285 286 287 288 289 290 293 294 297 298 234 299 301 302 303 305 306 307 309 311 260 534 312 313 314 315 316 318 319 320 321 322 43 323 504 324 326 328 329 330 331 333 334 336 337 338 339 460 340 341 342 343 344 345 347 348 349 350 351 352 353 354 367 355 356 357 358 304 359 360 361 458 364 365 366 368 370 371 372 373 375 376 377 132 378 379 380 381 382 384 385 386 387 388 390 391 392 393 394 395 327 396 397 400 401 402 403 404 405 406 407 408 409 410 411 413 414 415 416 417 418 419 420 421 422 423 424 425 426 427 428 429 431 432 433 434 435 436 438 439 440 442 444 445 446 447 448 449 450 451 452 453 454 455 456 459 461 462 463 464 465 466 467 468 469 471 489 472 473 474 476 477 478 479 480 481 483 484 485 486 487 488 490 491 492 493 369 494 495 497 498 499 500 501 503 496 505 506 507 509 511 512 513 514 515 516 517 518 519 520 523 524 525 526 528 529 530 531 291 532 533 535 537 538 539 245 540 611 541 542 543 137 545 546 547 549 550 552 554 555 556 558 559 561 562 563 564 565 569 570 571 572 575 576 577 578 579 87 581 53 582 583 584 585 587 470 588 589 590 592 593 594 596 598 599 600 601 602 603 604 605 606 607 608 610 612 613 614 615 616 597 617 618 619 620 621 622 623 624
218 2 40 15
31 2 5 28 201 121 18 59 102 78 15 8 46 189 51 63 97 174 175 109 135 53 88 7 66 87 48 4 148 197 198 26 187 163 30 80 3 185 119 143
929 2 920 61
707 900 395 166 259 602 132 82 152 890 190 780 921 85 340 42 791 307 350 22 628 20 176 268 603 458 244 888 637 216 177 124 538 521 493 911 226 47 675 330 618 868 649 485 500 545 352 269 822 690 376 887 306 665 849 313 918 77 212 682 218 113 30 641 928 668 191 49 483 404 16 239 678 9 270 227 885 112 428 770 700 734 291 919 230 321 403 258 437 366 175 192 96 265 29 37 110 294 862 679 311 721 777 924 594 144 301 902 237 696 726 903 833 465 59 773 831 2 748 846 715 663 632 819 709 373 282 126 920 873 851 717 664 345 40 635 254 381 309 765 242 853 303 823 335 180 398 74 509 36 907 515 416 457 140 94 377 481 706 766 433 438 800 910 273 284 477 34 98 58 17 532 153 646 520 586 83 14 139 491 929 39 440 439 463 583 927 205 447 768 749 893 462 811 128 760 744 442 517 564 648 149 869 676 671 781 198 108 372 830 874 423 857 148 434 203 375 241 636 182 283 92 251 234 67 402 168 272 542 357 41 557 413 672 856 287 441 217 651 129 855 305 716 539 569 674 196 161 613 838 562 31 304 633 642 751 116 1 686 52 729 69 414 7 337 117 677 528 882 312 836 848 601 415 750 48 472 412 280 479 104 359 155 782 333 121 408 444 249 711 397 199 233 215 798 540 550 497 86 877 181 368 875 363 418 922 891 443 595 222 753 66 142 87 115 775 759 189 746 207 449 95 655 173 850 566 19 185 362 817 912 814 581 343 565 378 604 526 776 81 898 852 384 508 409 476 742 328 389 170 743 787 187 382 714 406 558 490 779 889 193 697 165 178 285 740 494 318 570 694 90 57 638 712 796 223 346 498 588 904 156 616 525 231 653 3 589 169 818 420 784 756 145 281 53 834 164 411 160 356 417 436 883 591 895 279 310 505 860 669 267 495 23 878 248 246 206 841 797 135 392 43 531 732 213 473 825 580 692 469 157 720 299 876 78 656 502 51 120 574 221 670 454 592 122 89 151 324 552 374 125 916 764 778 260 513 864 820 325 713 25 681 296 220 471 344 253 673 21 611 783 28 774 536 106 150 450 228 347 789 572 573 410 141 627 70 478 810 27 264 453 470 799 578 162 45 111 896 143 489 644 615 786 474 79 518 621 639 524 466 331 245 842 460 174 288 200 650 456 872 484 585 614 277 292 163 354 158 419 88 134 184 828 923 529 547 771 278 394 593 256 606 551 806 240 553 501 10 4 718 46 843 622 661 630 610 407 503 708 600 652 271 499 626 728 643 659 326 576 832 33 286 772 563 379 666 554 38 792 549 880 571 159 475 364 844 858 127 824 507 826 91 899 790 50 511 480 804 109 255 73 533 925 300 680 202 725 620 327 76 204 607 886 262 752 710 805 455 56 840 894 544 897 15 510 183 238 767 901 913 719 229 424 535 757 179 590 194 97 103 467 560 733 367 854 308 12 351 290 514 631 736 685 44 154 737 859 235 464 93 701 147 906 695 561 146 522 703 361 599 219 905 689 188 360 197 266 658 459 319 699 698 429 119 32 881 431 730 845 523 835 133 567 582 371 349 315 396 276 336 634 847 468 195 369 100 383 647 871 527 587 803 807 332 75 769 6 909 201 683 739 762 926 8 261 548 171 99 596 137 400 393 794 801 390 691 297 619 809 461 788 380 64 629 365 829 339 487 865 702 432 247 758 625 341 512 13 446 914 568 210 735 559 624 741 35 808 667 795 387 263 385 320 316 250 577 660 755 516 704 917 723 63 131 105 892 908 118 348 274 334 802 293 747 295 598 452 302 488 504 138 421 816 827 11 243 353 763 866 172 314 684 55 186 225 584 426 430 123 298 435 323 236 745 575 815 224 519 761 427 541 556 80 693 211 342 405 731 688 391 537 84 71 401 546 813 209 482 821 289 605 915 727 422 445 329 839 355 867 785 724 640 608 425 114 338 18 623 214 358 662 506 107 492 879 26 754 386 275 62 61 102 722 65 705 534 101 597 322 617 257 837 252 609 793 451 370 496 68 657 167 530 24 54 232 136 870 612 317 543 399 388 654 208 579 863 645 884 555 5
883 2 692 337
1 2 5 276 157 161 8 704 14 209 802 666 16 780 285 18 19 873 690 167 21 561 22 843 27 181 28 34 198 232 138 239 35 37 38 607 433 741 40 46 48 49 50 53 54 58 59 777 722 663 752 61 813 463 69 71 464 397 199 377 74 144 79 871 648 215 80 430 81 864 662 122 82 83 869 196 13 84 85 87 494 295 88 89 679 90 778 91 93 233 692 99 367 100 29 103 106 108 109 111 112 369 115 183 76 718 57 116 118 7 124 633 125 593 126 129 683 130 848 132 135 139 140 339 72 149 142 23 668 322 590 147 123 682 63 647 538 469 591 150 155 158 719 600 166 168 173 174 176 177 709 179 408 182 235 185 359 187 188 189 192 193 757 86 195 197 201 203 806 204 499 764 282 210 390 219 220 696 222 712 102 296 519 379 297 225 755 229 393 230 625 234 244 335 863 570 245 862 247 248 251 816 254 257 260 261 262 211 765 882 534 265 476 376 266 641 26 268 527 270 272 273 492 217 275 283 288 654 68 223 291 292 623 656 770 298 700 640 847 299 566 419 300 301 776 302 165 289 820 175 25 305 351 306 309 194 311 190 312 316 318 191 360 320 328 330 332 337 345 346 406 104 505 830 767 347 466 348 350 352 353 565 354 362 489 160 30 368 372 373 730 455 374 279 490 378 380 707 384 389 392 394 395 458 875 398 646 775 404 133 32 224 43 405 409 56 411 417 420 281 421 838 425 371 427 428 680 11 782 171 435 436 437 438 110 631 440 444 52 446 511 399 450 453 824 454 429 113 651 459 546 460 471 684 472 474 645 303 370 569 518 818 477 479 480 485 486 488 491 854 795 495 496 497 498 363 366 501 321 243 839 859 502 506 507 794 508 151 509 664 512 515 523 516 520 510 521 731 522 751 525 526 559 528 793 407 250 97 452 530 532 844 729 533 536 258 537 643 575 539 314 541 467 39 287 544 319 545 547 686 325 549 259 585 815 107 550 856 766 170 447 698 551 514 556 762 558 560 342 552 817 240 42 95 562 256 563 771 349 637 792 567 572 573 576 579 583 584 586 457 588 594 60 801 55 208 231 595 596 156 92 441 365 598 47 851 603 787 605 779 431 548 609 578 475 772 4 879 62 649 610 568 613 614 218 412 619 621 624 626 221 628 629 327 205 677 356 632 634 227 636 642 652 829 653 655 639 661 456 814 449 178 620 697 120 153 667 611 669 439 671 673 674 617 675 277 678 355 33 849 685 687 148 688 689 691 693 694 695 635 323 699 701 432 703 713 184 705 401 706 833 403 644 553 714 715 589 716 721 445 400 725 726 727 728 737 738 735 162 739 386 577 740 73 597 743 744 717 278 746 747 749 317 228 753 756 759 760 761 768 769 840 159 773 774 783 784 788 791 796 799 732 96 797 263 798 465 809 803 810 811 315 819 65 821 67 413 313 754 581 825 858 827 487 828 246 831 835 836 473 812 554 837 45 881 383 763 503 391 841 822 529 415 286 842 163 845 846 850 702 852 855 385 119 618 861 857 44 866 867 868 344 870 872 874 252 660 443 745 878 880 865
767 2 314 253
1 9 10 12 18 24 25 27 29 34 376 42 68 47 48 50 51 52 53 61 69 71 73 75 77 79 81 82 83 87 88 89 90 546 93 94 100 565 104 603 118 120 121 122 124 125 129 478 133 356 139 145 148 149 150 156 157 158 160 161 351 166 167 168 529 170 727 171 175 178 179 180 184 185 652 112 187 190 193 194 195 199 205 23 305 207 209 211 182 215 218 221 222 223 230 231 511 234 235 243 244 248 262 76 265 585 54 266 22 271 176 274 277 510 439 135 516 281 284 285 391 286 287 291 292 294 297 298 300 302 309 310 314 315 319 486 643 320 321 323 327 330 331 333 337 341 362 569 338 344 345 347 352 355 357 363 370 372 377 477 388 389 144 394 399 402 405 406 408 533 410 411 415 417 420 674 423 424 426 6 427 651 43 428 430 431 437 747 438 444 446 448 451 453 401 454 456 462 464 468 188 476 481 482 386 485 496 57 497 498 499 500 358 512 217 517 521 522 523 525 527 364 237 528 530 535 539 540 543 544 548 550 736 558 757 559 562 571 572 574 578 583 587 588 165 589 591 596 600 601 607 608 619 620 627 630 373 632 633 635 638 639 642 654 656 658 667 676 682 152 687 691 693 670 694 697 698 44 699 700 701 702 705 706 708 709 712 723 422 713 714 720 724 312 729 731 732 502 733 734 224 735 738 445 740 746 752 33 753 756 758 759 761 649
959 2 500 345
1 4 13 20 798 21 450 24 34 35 36 39 380 40 139 851 813 41 87 43 44 52 953 605 705 58 61 69 70 5 72 75 76 77 33 79 84 85 91 612 95 709 97 109 920 116 119 120 178 125 127 129 132 133 135 206 774 137 6 141 146 150 151 164 661 166 167 171 173 174 177 180 181 185 187 266 194 197 203 207 210 213 215 217 219 558 357 222 223 727 225 226 883 227 228 149 739 232 671 677 651 236 238 240 241 242 243 927 244 539 251 254 256 258 259 121 261 826 835 262 283 268 270 273 928 505 780 274 530 934 276 277 712 802 280 19 285 290 98 110 293 295 298 287 548 915 302 306 307 308 288 815 317 318 313 142 326 128 329 334 649 337 338 796 770 340 343 348 355 356 358 359 362 363 365 368 372 502 239 333 374 378 480 381 568 382 124 383 384 386 390 393 398 401 422 409 414 416 417 698 418 419 421 656 428 862 122 805 429 420 431 573 432 434 435 439 864 441 444 447 525 449 451 457 458 466 469 470 476 477 479 231 483 55 485 8 487 491 498 499 503 506 512 153 750 516 490 517 955 518 111 932 519 520 377 912 521 522 523 328 524 452 526 745 528 529 532 404 202 592 533 107 535 536 537 541 544 385 352 546 550 233 323 92 846 140 555 561 563 379 566 569 643 577 578 579 582 585 591 593 594 596 602 613 583 373 615 620 736 622 623 624 626 627 630 631 632 633 634 637 638 640 641 81 17 644 652 668 653 906 158 843 655 658 660 662 728 663 257 667 672 673 676 678 567 143 683 686 195 689 691 692 694 176 695 696 702 703 297 71 707 708 342 50 711 714 715 716 717 721 722 725 600 729 733 734 743 735 737 747 749 758 760 950 767 776 777 778 430 782 785 786 792 794 682 801 803 804 413 807 808 96 810 811 816 817 818 304 819 820 822 825 907 827 828 829 442 303 459 761 833 836 845 481 847 245 848 850 853 854 855 773 856 857 858 860 861 190 865 867 497 868 869 619 872 873 392 874 438 875 824 876 38 647 534 878 879 145 882 49 891 893 894 897 901 402 540 905 842 586 697 908 910 911 913 916 296 917 919 332 923 415 924 757 687 925 237 929 930 936 289 937 943 945 947 25 949 952 956 958
191 2 62 52
1 11 14 17 26 19 28 30 35 37 42 45 47 53 174 58 62 65 67 73 77 44 81 82 83 7 10 85 95 141 96 139 97 100 103 31 104 108 116 120 191 124 52 126 130 140 144 102 145 146 147 168 152 164 175 176 25 177 178 181 182 186
439 2 80 62
10 13 16 27 230 119 31 37 41 61 128 258 64 65 361 74 290 284 183 77 80 171 84 176 87 99 112 123 127 148 157 161 173 184 200 207 220 221 222 373 248 259 267 268 271 272 260 276 277 279 280 285 287 292 164 296 301 302 315 323 327 289 160 346 306 348 353 354 188 19 380 382 386 243 398 409 418 118 432 433
843 2 754 67
54 171 707 252 347 150 278 703 139 71 216 761 244 458 528 635 338 3 573 121 241 720 9 99 306 300 116 335 205 362 291 332 322 312 711 564 523 650 816 684 159 16 19 570 699 175 668 198 31 375 708 383 46 812 377 413 472 30 301 730 41 58 107 247 120 419 421 292 529 56 604 660 593 441 113 281 220 794 606 282 154 612 457 143 594 709 411 275 49 758 569 768 32 715 446 126 402 591 732 527 132 473 480 563 371 86 499 145 324 533 61 616 686 543 179 374 766 442 307 549 52 62 117 601 59 82 504 285 2 13 505 339 189 342 326 786 493 785 618 683 128 843 792 835 356 84 304 747 340 395 352 45 772 752 211 118 319 765 394 524 706 20 676 90 751 201 588 100 72 318 776 18 341 101 603 769 484 562 148 649 194 23 1 520 474 763 408 388 313 420 257 333 634 741 578 492 448 50 404 314 556 130 239 808 348 622 466 555 25 53 27 447 784 512 141 28 796 4 648 537 840 209 103 17 481 12 269 589 177 233 327 346 125 498 93 586 647 119 809 127 427 760 386 542 276 571 539 449 428 153 102 440 831 174 574 804 280 295 803 277 24 735 293 197 489 550 369 731 8 423 789 497 63 249 243 396 602 309 825 414 619 810 146 627 196 259 251 781 238 672 456 545 477 628 410 187 742 712 34 450 296 147 254 728 544 229 687 69 677 265 96 435 653 680 487 133 609 334 424 753 621 640 584 495 644 207 777 759 270 561 548 94 379 122 330 468 824 261 365 670 637 534 471 805 514 682 68 223 553 264 465 723 610 78 219 696 227 250 530 349 771 837 137 310 838 210 592 567 268 299 795 675 361 697 818 429 108 452 60 185 95 566 807 433 290 385 315 14 331 255 311 841 694 112 380 273 376 671 272 568 186 700 234 106 267 317 434 37 582 367 200 202 790 192 230 316 336 89 240 740 389 491 839 279 726 631 156 10 55 464 608 748 323 157 444 750 92 33 436 532 297 426 611 422 546 613 237 525 206 806 42 253 774 308 83 370 77 754 294 75 654 663 460 152 669 378 430 745 787 661 11 263 718 245 372 169 638 368 178 412 390 736 502 155 403 820 702 65 51 822 581 226 140 513 767 415 572 111 38 235 509 438 355 737 590 483 109 105 716 29 173 821 658 303 228 328 508 517 639 833 406 595 453 212 345 321 289 757 461 507 632 204 79 605 256 646 490 203 224 482 475 746 624 724 485 88 679 501 131 829 87 407 819 236 343 359 463 358 494 381 85 575 48 248 417 337 425 360 547 722 161 180 350 144 503 576 526 353 743 486 617 214 729 357 516 551 373 195 97 439 664 554 40 764 535 783 717 559 538 713 43 80 630 692 163 674 455 629 391 21 199 363 274 401 565 305 643 445 135 160 620 673 788 636 798 115 633 283 184 607 705 585 431 756 168 704 73 541 182 552 688 641 138 134 44 511 642 836 557 727 655 749 454 22 791 801 813 814 39 770 149 666 225 81 351 665 521 685 651 488 710 258 172 598 36 91 800 399 287 437 755 400 405 721 217 151 734 266 64 183 451 623 744 354 738 142 506 580 599 47 74 519 689 577 531 775 536 382 191 695 560 164 242 222 231 797 162 725 830 329 190 802 176 817 522 597 500 366 467 780 66 600 325 262 476 302 693 510 827 615 398 288 832 645 5 834 826 221 470 469 260 579 681 518
709 2 238 35
4 516 14 454 30 404 170 41 144 278 161 243 650 563 162 198 599 381 25 215 550 340 23 422 305 634 219 85 69 406 414 78 433 109 74 692 529 530 662 352 396 15 507 637 665 229 62 397 310 389 431 240 505 71 427 639 581 657 64 596 309 452 386 423 656 274 117 511 359 279 54 205 562 289 405 446 494 256 133 66 548 444 40 12 493 316 80 533 214 315 132 417 645 525 490 628 400 145 193 687 482 104 465 204 326 580 532 576 287 471 344 94 197 70 122 88 76 336 649 557 592 83 415 515 259 522 474 487 18 394 641 447 332 420 203 432 206 501 322 192 180 484 262 572 542 356 476 445 275 166 468 199 435 469 372 561 342 31 150 61 294 571 696 556 35 33 13 50 545 338 464 329 488 429 171 625 564 152 308 676 91 181 167 21 360 413 393 470 313 679 339 577 263 270 200 677 87 213 282 697 466 60 686 611 382 269 558 631 246 111 689 440 667 587 134 233 210 290 421 691 547 609 392 698 127 300 640 627 690 398 705 598 175 608 623 253 57 218
286 2 120 39
43 200 59 3 9 18 61 14 21 22 181 149 201 216 131 54 252 126 39 31 33 96 128 48 122 248 50 169 249 57 232 67 68 56 106 210 276 214 179 69 80 58 265 81 135 82 195 102 127 143 175 151 285 153 155 164 165 221 250 170 254 91 174 154 218 4 78 88 132 133 193 10 125 177 94 66 180 215 239 224 93 226 29 228 257 134 24 111 84 72 6 279 203 202 196 121 240 246 242 52 71 79 15 264 205 35 8 30 46 12 113 278 286 19 227 229 173 138 95 47
150 2 8 15
106 70 90 65 86 39 109 23
164 2 60 21
151 143 97 159 116 1 19 66 14 9 41 49 23 34 164 47 64 63 114 89 128 45 75 46 123 111 105 150 149 43 91 27 13 99 15 112 121 81 156 88 73 18 42 68 95 104 107 93 21 125 85 160 132 96 102 115 5 134 30 62
256 2 224 222
2 3 4 5 6 7 8 9 10 12 13 14 15 16 17 18 19 20 21 22 23 24 26 27 28 30 31 32 34 35 36 37 38 39 40 41 43 44 45 46 49 50 51 52 53 54 55 56 57 58 59 61 62 63 64 65 66 67 68 69 70 71 173 73 74 75 76 77 78 79 80 81 82 83 84 85 86 87 89 90 91 92 93 94 95 96 98 29 99 48 100 101 102 104 105 106 107 109 110 111 113 114 115 117 118 119 120 121 122 123 125 126 127 128 129 131 132 133 134 135 136 137 138 139 160 141 142 143 144 145 146 148 149 150 152 153 154 155 157 33 158 159 162 163 165 166 167 168 169 170 174 175 177 178 180 181 182 183 184 185 186 187 188 189 190 191 192 193 194 195 196 197 198 199 200 201 202 203 204 205 206 207 208 209 210 211 212 214 215 216 217 218 219 220 221 222 224 225 226 227 228 229 230 231 232 233 235 237 239 240 241 242 243 244 245 246 247 249 250 252 253 254 255 256
510 2 254 94
5 81 37 9 170 14 415 290 180 324 231 80 21 22 326 30 90 35 71 68 36 69 51 55 418 26 255 58 84 474 28 86 19 500 174 196 310 213 88 6 498 244 242 496 89 93 352 94 105 225 342 108 151 110 118 374 122 246 216 152 336 121 39 140 145 147 144 149 421 126 155 162 437 127 165 148 168 177 179 185 431 506 194 197 367 335 289 33 200 484 249 316 113 371 205 178 347 395 201 212 343 49 221 320 56 208 222 435 227 384 485 300 229 237 243 252 258 54 383 95 392 219 260 141 263 268 274 400 276 417 269 277 443 247 29 230 278 209 146 308 232 27 288 198 62 117 294 31 295 297 115 217 17 302 309 388 349 482 250 211 479 501 111 428 312 489 322 142 317 328 504 348 351 226 356 327 251 77 106 359 164 82 363 43 399 238 59 365 124 15 376 378 10 379 136 304 380 381 157 143 184 191 385 261 387 239 104 284 403 405 406 507 91 350 407 483 391 375 410 463 100 416 419 439 442 409 412 181 455 298 467 430 473 462 472 414 490 331 426 48 41 57 491 494 332 46 503 505 67 339 13 275 344 150
605 2 330 71
12 459 540 201 389 433 102 25 80 544 572 243 36 159 48 394 430 51 197 52 53 421 310 364 190 467 224 145 226 64 370 426 42 128 448 68 71 16 99 272 39 594 104 17 382 393 442 189 107 564 498 61 160 551 167 20 361 515 106 511 111 115 543 119 92 349 260 181 91 362 121 8 125 219 273 595 500 472 320 264 134 218 18 205 87 279 135 108 122 137 142 126 317 183 297 148 131 214 328 275 13 534 336 153 157 179 81 184 381 321 257 186 402 166 484 331 407 568 340 93 489 504 444 232 24 344 461 458 288 304 422 413 59 163 316 233 2 450 245 244 164 63 547 532 591 263 254 585 392 569 562 210 234 380 240 1 255 460 266 360 267 276 259 354 95 116 280 342 262 258 283 358 416 96 78 129 41 77 286 322 335 350 578 114 84 204 293 388 261 33 118 79 28 19 295 248 191 324 43 209 50 171 229 356 502 187 427 545 212 203 379 383 566 377 14 410 369 451 112 417 563 74 346 228 235 567 463 425 480 436 437 449 552 583 298 175 541 473 479 133 117 103 481 141 483 452 290 453 486 70 488 338 516 521 408 373 287 237 414 357 457 496 601 419 593 374 169 180 400 524 571 439 127 523 401 602 31 37 109 285 592 435 507 75 161 525 27 605 291 239 223 440 586 399 465 82 574 23 299 372 527 172 533 40 554 174 600 202 391 86 274 34 526 556 113 587 575 553 474 347 278 478 359 54 530 558 66 471 415 598
