300
74 1 60 35
2 3 68 52 4 48 6 38 13 47 11 14 10 15 64 12 17 18 19 20 40 21 24 36 26 61 9 1 29 32 66 23 5 33 37 43 25 30 44 69 41 70 27 45 49 51 54 56 57 58 59 63 65 67 46 71 62 72 28 74
275 1 76 47
1 227 3 7 39 9 62 25 28 37 49 90 56 104 74 157 78 80 83 13 241 84 265 85 88 50 103 109 239 41 96 99 102 115 119 132 133 138 139 151 245 238 243 153 160 163 172 180 218 72 184 190 156 100 232 154 122 193 206 113 34 195 17 200 215 185 204 205 252 254 257 263 264 266 274 71
297 1 202 133
1 3 4 95 243 6 8 10 225 12 290 292 13 17 276 18 257 185 288 240 21 22 282 23 248 25 28 96 162 29 32 36 43 101 9 44 45 46 50 51 53 287 54 55 129 247 70 271 56 57 58 65 68 60 73 78 168 80 82 83 84 85 87 89 90 40 91 14 190 97 249 98 102 104 265 188 105 106 209 157 293 2 109 110 111 112 117 122 126 130 131 94 132 135 137 259 138 139 140 59 141 52 142 145 128 146 147 148 149 15 152 153 251 115 158 159 213 160 163 164 193 227 166 48 169 173 253 127 175 113 176 178 171 179 180 181 186 187 189 192 72 195 197 200 201 202 203 67 204 205 93 212 81 254 49 252 215 92 216 120 221 222 230 261 37 231 232 233 236 241 177 262 242 250 256 30 229 118 260 263 198 264 267 269 272 274 208 103 275 277 279 165 284 285 289 218 291 234 294 297 71 31
524 1 316 78
221 261 4 447 5 291 468 389 292 156 91 19 398 316 189 9 369 482 217 449 220 213 417 21 309 365 399 276 497 392 30 47 87 43 57 241 167 29 68 13 374 264 78 303 81 17 74 3 48 92 188 304 339 405 104 289 197 311 85 7 266 95 477 346 22 512 290 382 201 102 302 196 58 27 172 235 105 180 485 460 492 111 106 109 125 116 342 128 265 268 216 72 60 149 428 123 412 509 155 179 227 20 439 523 444 483 317 160 432 273 347 142 176 164 165 124 52 354 23 26 61 462 408 385 153 98 77 300 280 90 431 504 192 383 301 353 524 138 193 326 203 204 200 207 218 239 351 76 209 16 214 230 115 505 107 240 420 73 233 472 243 473 70 506 184 511 279 305 323 244 488 251 252 148 263 267 33 281 282 287 489 283 315 260 147 182 284 443 285 71 469 34 242 328 118 288 253 248 110 452 35 433 295 297 298 177 453 307 108 314 62 320 41 340 212 348 376 349 134 44 175 440 198 448 352 308 219 69 178 191 515 356 170 24 458 337 357 484 359 363 364 503 40 99 96 97 42 117 397 368 380 344 313 471 401 350 373 402 271 330 422 461 187 126 495 434 312 466 205 89 438 343 360 423 464 318 441 206 75 378 2 451 166 139 101 455 278 384 195 459 82 236 140 163 228 467 476 119 358 194 486 521 255 249 28 400 518 270 429 56 174 496 498 502 513 395
765 1 224 137
341 243 3 442 4 6 7 536 313 16 17 23 28 33 36 112 43 439 387 77 53 478 557 56 461 59 75 78 79 283 81 82 590 85 356 92 377 185 533 146 108 471 120 265 179 125 103 138 139 331 142 657 148 753 565 100 159 286 735 160 178 198 424 209 215 219 202 686 224 682 229 234 235 131 238 719 239 247 250 256 91 180 540 734 258 177 2 270 276 457 275 191 280 677 288 242 289 296 305 485 747 699 420 309 310 46 317 335 362 352 532 194 237 588 619 357 58 530 361 349 517 368 316 383 197 388 390 415 745 518 394 408 399 14 762 400 761 407 413 414 547 421 422 423 13 432 436 441 308 448 450 462 259 465 15 467 543 472 489 158 492 494 495 751 22 499 500 549 253 507 511 497 643 516 541 542 5 273 551 558 562 581 602 336 609 406 249 257 278 614 623 624 690 639 644 481 649 653 227 94 173 660 666 315 672 322 675 680 455 395 263 683 254 689 693 426 695 86 698 702 714 731 741 99
223 1 104 28
216 18 50 194 6 202 25 180 7 11 205 5 117 210 92 130 15 134 77 200 201 157 220 29 3 48 151 136 187 81 44 141 143 34 99 9 32 197 36 100 58 31 103 38 53 178 158 78 133 43 45 21 54 162 37 14 52 89 166 132 113 93 219 108 129 94 17 95 70 161 74 106 218 120 91 66 63 209 142 49 51 107 221 28 121 137 152 144 1 173 171 183 199 174 124 164 140 160 204 131 72 179 84 181
73 1 64 39
2 8 73 36 18 1 31 5 6 7 19 9 10 61 11 13 52 48 14 15 33 16 67 20 3 49 21 22 25 26 51 28 72 30 35 37 39 71 34 41 46 50 54 55 56 57 40 45 58 60 29 32 62 63 47 64 65 66 44 68 23 17 70 4
294 1 92 16
147 89 116 148 156 61 262 86 239 243 43 236 198 138 218 264 207 83 215 25 36 189 3 203 63 103 142 122 214 69 13 150 161 139 14 120 113 22 269 192 211 183 60 181 39 55 9 31 126 265 133 64 85 111 187 118 49 237 284 273 194 110 106 76 175 4 135 206 72 257 58 28 291 247 242 88 29 41 8 48 292 240 81 51 102 45 141 278 117 23 222 274
737 1 296 200
1 4 141 6 8 11 165 18 22 24 38 41 505 44 51 161 52 55 56 64 66 72 80 81 506 85 86 87 88 91 93 96 107 554 111 112 140 265 113 115 117 384 118 262 129 131 139 144 146 282 516 58 154 159 162 164 166 308 169 174 178 179 180 182 397 187 120 704 188 191 260 193 201 202 100 204 205 532 206 207 156 210 214 221 229 76 230 390 232 105 242 240 241 244 273 478 234 387 247 406 248 579 602 249 653 255 46 7 157 256 258 633 259 263 552 268 274 275 280 707 176 298 181 539 299 302 303 304 599 631 306 356 250 212 310 313 316 525 320 287 735 321 322 148 332 79 479 338 596 339 345 453 349 359 619 360 362 363 163 364 422 36 366 367 425 548 371 376 301 380 381 382 519 394 660 395 400 402 412 423 502 427 429 430 269 432 441 45 442 649 444 454 315 457 460 31 463 464 466 467 476 655 480 481 482 485 483 456 484 490 491 492 511 714 493 495 499 471 331 189 509 341 512 643 515 396 508 348 518 523 533 534 535 538 546 551 558 559 560 570 573 574 585 587 593 595 597 291 520 600 609 612 615 618 663 151 62 527 625 627 486 628 634 213 637 638 347 639 239 648 417 328 650 654 656 657 103 662 675 350 459 33 678 684 685 686 697 698 709 711 713 715 721 725 494 736
575 1 430 42
231 196 382 437 540 111 134 293 76 179 367 216 415 276 423 164 221 311 421 61 235 342 335 191 52 116 270 391 60 427 34 461 438 344 55 433 46 22 362 371 280 476 432 203 115 273 202 265 234 334 368 36 43 514 98 442 118 455 479 524 251 396 485 169 244 148 497 343 166 69 175 573 145 263 152 495 316 112 74 444 146 366 73 301 483 150 446 174 356 315 551 510 228 107 570 137 165 518 15 494 430 351 357 127 167 466 536 225 77 383 17 377 223 37 349 520 346 533 240 254 62 264 417 317 29 575 282 324 95 237 157 242 217 441 266 109 185 58 171 328 156 177 88 521 274 532 278 193 374 469 91 546 93 39 48 33 81 117 329 126 545 194 350 53 450 404 8 105 428 298 56 215 313 138 452 246 516 227 503 464 277 475 453 347 94 537 281 5 284 130 252 471 418 398 27 409 241 333 184 54 498 348 554 133 14 525 294 454 75 297 459 119 124 259 201 492 44 380 285 474 312 326 21 90 125 211 135 226 318 257 71 31 457 2 10 360 352 552 506 512 439 361 378 219 393 283 408 82 168 84 208 222 186 354 258 477 189 102 484 322 405 323 401 468 140 436 238 220 170 399 50 386 567 451 19 224 86 541 449 38 547 523 249 562 419 325 159 331 410 100 195 509 413 67 515 78 321 70 279 198 389 172 381 499 122 197 340 448 6 425 256 429 299 181 568 83 493 250 376 286 387 397 72 358 332 47 306 153 87 11 490 529 375 501 32 320 114 470 158 108 402 456 272 212 426 296 304 271 85 103 345 507 288 319 289 489 539 204 162 488 481 269 365 12 414 51 3 528 339 68 261 200 309 472 64 394 199 564 556 308 247 161 553 192 435 305 460 522 106 571 300 544 97 139 400 253 411 307 535 163 462 30 443 4 9 23 478 173 561 89 526 26 178 210 502 144 292 239 424 392 287 420 267 183 40 207 188 531 388 341
712 1 332 283
1 2 3 4 5 6 7 13 18 232 20 21 22 233 26 29 33 40 45 47 50 52 53 311 54 59 598 62 63 64 66 198 69 34 72 75 95 76 80 82 88 92 96 97 105 98 99 104 42 106 108 112 114 116 117 119 123 125 127 130 131 134 139 141 144 145 148 152 158 159 164 168 171 238 173 176 177 180 181 182 183 185 357 167 191 200 467 201 202 206 208 210 392 254 160 211 212 215 222 224 225 178 226 227 228 234 500 236 240 242 245 248 249 252 253 255 256 445 261 269 272 274 276 277 279 280 281 282 288 293 295 299 302 619 303 304 306 247 307 312 313 323 326 327 328 331 335 336 337 340 343 345 347 352 354 355 358 214 359 363 364 365 366 369 370 60 373 376 344 378 379 380 382 384 386 387 698 391 394 56 396 400 401 402 409 411 412 595 415 419 420 421 44 425 429 435 436 443 650 444 446 450 452 453 454 459 463 464 469 470 329 597 472 474 395 475 478 482 484 485 490 495 600 501 502 508 513 514 520 523 524 526 527 529 499 275 530 531 532 534 537 538 545 547 553 487 404 555 556 557 341 546 561 564 567 571 572 577 578 140 333 579 580 19 581 583 584 585 586 587 509 588 589 590 593 603 605 606 607 142 609 610 612 614 621 628 239 629 479 630 188 633 636 637 639 642 644 645 705 647 31 652 166 662 664 666 667 669 670 594 321 673 674 675 680 684 685 686 687 235 689 690 692 694 695 697 700 701 702 704 707 712
349 1 150 73
7 286 230 22 60 9 10 13 27 124 30 102 33 41 43 332 337 281 338 54 72 55 284 67 256 85 322 130 295 66 220 71 175 73 298 78 84 23 62 92 94 101 103 117 120 123 107 56 111 152 119 128 147 45 80 131 52 132 74 75 202 288 81 301 133 134 108 136 143 270 237 215 153 110 186 164 319 169 179 180 316 193 167 49 211 95 214 28 216 93 217 183 224 227 232 240 242 184 243 207 121 165 90 244 198 245 247 249 236 250 258 261 264 277 6 282 289 309 291 113 293 26 129 300 192 303 14 306 190 259 141 314 317 150 326 174 5 149 185 61 336 146 294 69 339 341 343 345 280 347
891 1 468 61
772 61 611 891 815 367 620 379 369 647 79 1 858 392 38 9 577 149 381 695 59 740 364 11 255 797 75 852 134 42 515 888 878 701 44 640 750 65 222 213 171 683 41 831 730 105 645 237 340 841 828 244 713 641 54 106 64 839 109 398 838 158 633 496 74 335 69 618 522 108 167 166 582 544 308 686 494 360 462 176 652 136 537 192 557 297 252 573 821 236 638 273 23 560 299 718 586 168 390 274 337 531 278 292 741 324 489 355 305 743 375 378 654 708 88 202 285 17 777 280 848 98 527 549 270 884 259 111 107 4 673 394 268 191 36 103 402 163 572 39 872 485 132 400 867 15 50 57 478 287 201 281 170 233 575 275 362 385 160 595 117 408 827 584 676 628 553 542 226 874 283 383 104 825 696 228 472 471 493 862 704 196 271 175 513 694 206 692 519 879 526 78 428 147 636 574 146 334 269 140 722 267 87 774 671 538 768 224 438 153 35 735 528 345 436 796 753 563 715 145 234 220 46 564 550 248 110 612 514 883 401 710 393 687 86 868 723 536 576 412 118 51 606 877 396 94 319 124 591 127 475 809 592 798 279 426 180 282 460 594 327 442 198 423 794 135 148 602 614 352 304 193 47 624 207 725 144 779 864 211 391 177 655 517 245 849 617 762 781 817 195 403 561 339 131 757 873 13 737 763 748 668 684 95 705 313 203 318 128 600 754 811 344 885 534 251 680 76 341 183 745 700 714 194 599 366 453 720 331 792 155 511 357 719 93 727 731 450 823 443 199 829 12 672 276 801 413 490 346 533 703 678 231 501 461 416 121 204 119 520 249 570 260 227 286 370 306 746 445 2 62 410 744 747 454 384 424 221 738 889 486 749 483 782 626 758 97 152 427 857 785 616 422 508 540 726 142 235 373 348 317 380 854 653 294 293 80 208 247 85 447 832 816 30 479 419 634 780 807 303 669 431 468 122 34 55 505 529 351 787 10 414 820 865 257 771 406 311 607 784 875 588 775 880 732 302 661 887 246 813 484 56 301 495 33 429 435 516 674 502 219 165 487 374 773 216 690 24
105 1 72 26
6 45 7 36 2 9 61 81 87 42 51 13 16 67 25 26 100 71 93 29 27 84 66 33 41 34 38 90 39 69 40 89 55 3 95 83 30 24 59 53 58 8 63 68 65 47 105 46 70 44 21 72 97 56 11 78 23 82 99 20 102 18 5 54 86 104 52 48 37 12 101 62
145 1 68 31
89 96 3 13 2 6 145 14 8 12 43 65 16 63 141 17 41 87 23 30 40 42 138 100 45 47 97 34 56 69 134 71 74 142 76 77 64 5 84 38 91 93 26 121 131 99 98 105 132 58 10 57 143 108 70 109 11 111 104 118 122 124 129 25 61 80 83 29
814 1 104 21
361 698 61 470 66 644 676 776 353 554 91 60 113 490 609 131 432 196 590 25 538 154 73 184 136 589 36 223 549 420 215 233 781 622 754 581 187 727 358 468 244 757 190 5 758 6 33 370 734 711 188 180 399 654 328 369 219 565 47 385 243 787 472 464 607 501 148 484 53 404 289 735 271 465 298 643 672 689 640 697 133 97 566 539 70 718 29 122 17 43 354 18 265 296 307 2 621 540 595 428 522 603 716 71
945 1 810 106
314 879 346 415 591 61 310 151 625 145 118 357 864 5 102 29 838 236 916 940 312 317 52 740 926 60 678 798 693 419 491 886 450 84 71 889 96 578 543 43 725 673 619 461 607 239 91 171 406 76 153 307 478 590 74 937 106 535 249 132 361 564 336 486 352 137 455 138 359 670 139 918 447 802 372 169 793 805 709 100 836 484 808 689 884 173 514 90 645 681 497 15 206 196 928 28 718 680 322 294 133 80 18 545 490 595 109 197 801 237 149 701 482 561 303 143 444 407 622 21 181 910 44 19 913 185 567 368 366 456 529 263 820 267 283 640 939 241 541 264 847 156 304 562 116 330 500 388 168 851 632 823 664 134 221 815 840 766 832 220 26 349 917 250 603 894 887 224 258 233 211 2 795 738 230 800 148 423 259 124 53 262 302 507 8 644 298 822 147 588 397 272 72 623 611 853 893 386 749 496 321 332 308 536 290 665 783 58 912 207 189 306 831 568 165 333 883 679 385 540 64 669 483 275 495 775 390 477 409 120 30 721 34 786 234 449 791 105 401 522 122 426 501 379 403 571 671 73 246 276 65 39 410 723 268 160 339 56 866 141 843 583 420 813 172 356 78 573 814 770 569 295 424 434 280 188 184 896 442 459 99 487 164 387 751 539 498 252 464 244 383 601 286 178 627 794 166 365 128 565 857 542 512 551 305 389 579 575 452 119 261 924 769 555 451 201 729 278 873 422 691 101 845 637 440 621 510 773 731 398 631 634 819 59 271 633 245 524 347 598 660 711 417 31 629 774 89 225 504 658 944 511 862 750 938 502 129 784 861 654 710 647 341 768 256 881 404 458 517 242 895 754 764 576 380 617 636 942 155 659 612 371 103 885 520 354 837 49 448 394 338 279 344 472 521 506 162 87 505 923 481 325 313 683 187 126 882 804 12 436 585 726 531 528 616 547 682 757 919 414 850 443 319 309 848 327 470 260 648 281 203 781 170 1 198 646 699 92 374 553 688 150 792 929 716 6 205 788 243 596 351 62 594 860 485 287 282 695 867 829 14 799 25 468 904 608 921 429 927 903 554 104 355 289 556 235 42 560 668 872 183 602 223 538 656 215 402 824 605 111 705 828 742 140 254 67 785 269 247 240 657 3 11 93 613 297 292 45 614 552 428 291 661 311 677 755 685 418 348 703 891 121 323 920 22 130 208 212 192 897 384 730 441 827 593 32 191 301 375 195 163 704 421 713 698 708 213 719 193 639 277 736 835 610 589 758 95 869 600 892 499 915 759 228 642 373 782 753 214 580 466 23 288 248 114 231 767 715 765 653 335 144 425 662 471 796 746 318 684 761 787 427 94 494 469 200 643 778 270 811 513 222 392 789 737 176 707 405 113 257 265 901 945 33 253 525 81 797 833 350 334 745 158 85 720 809 930 550 86 516 856 364 204 876 79 438 530 870 88 37 855 446 777 739 399 488 817 167 400 493 75 825 66 360 747 227 358 38 315 186 50 433 546 780 57 818 457 638 324 159 911 115 762 830 515 177 727 430 393 432 839 7 628 717 842 210 900 136 117 790 217 51 846 226 854 46 378 489 175 686 863 328 152 476 676 852 849 480 841 179 865 527 667 871 566 696 36 453 690 285 326 874 943 408 473 63 544 733 9 868 376 454 209 875 48 54 293 724 878 519 299 650 898 69 906 908 331 812 779 182 941 582 439 316 748 367 474 743 329 834 652 626 154 135 202 55 411 16 412 363 663 714 666 40 4 20 922 142 218 41 300 620 549 125 844 463 925 396 345 899 599 932 131 936 534 216 858 635 127 362 190 821 694 697 296 435 722 382 274 880
664 1 460 435
1 2 4 5 6 8 9 405 10 11 12 17 19 269 22 117 24 25 28 472 30 35 36 38 39 348 41 527 42 44 382 45 47 49 50 51 52 355 53 56 57 59 60 61 62 65 66 67 68 69 70 219 72 74 75 77 79 80 81 82 84 86 88 89 90 91 93 94 95 96 97 98 100 101 102 103 104 105 107 109 114 115 116 118 119 120 121 122 123 358 124 128 129 130 132 135 136 138 140 141 142 143 144 146 147 150 151 153 154 156 157 158 73 160 398 161 163 164 165 166 167 168 169 170 171 172 173 174 402 556 175 177 178 179 181 182 183 184 185 127 188 189 133 190 191 193 195 196 199 200 201 202 203 205 208 209 210 211 212 217 218 220 223 224 226 228 229 230 232 234 239 240 243 244 246 249 253 254 642 337 255 258 260 176 261 262 263 267 268 270 271 274 276 277 279 280 282 283 284 285 286 287 288 289 293 294 295 298 299 301 302 303 306 307 308 309 311 313 318 319 320 324 325 326 328 329 331 332 333 334 335 336 338 339 341 342 343 347 349 350 351 352 353 354 357 359 362 363 364 366 367 368 370 371 372 373 376 568 378 356 379 380 381 383 384 385 63 386 390 391 392 394 395 396 397 399 400 406 407 408 409 411 412 414 415 416 419 420 421 423 424 425 426 499 428 429 430 431 432 551 365 433 434 435 437 438 439 442 443 446 447 449 37 450 451 454 456 458 462 463 465 636 467 64 468 469 470 471 473 245 474 477 482 483 484 194 314 485 486 487 488 490 491 492 493 494 495 498 501 502 503 504 505 506 507 508 509 510 511 513 514 516 517 518 520 523 500 524 526 528 40 529 530 532 534 257 535 536 539 540 544 545 546 547 549 281 552 553 554 555 557 558 561 562 563 566 569 570 571 110 572 573 576 578 579 583 584 587 588 591 592 241 594 596 597 598 600 606 607 444 610 613 614 615 617 618 78 619 621 622 623 624 625 626 627 628 629 630 631 634 635 637 639 641 645 646 448 647 648 651 652 654 656 657 658 660 661 662 663 664
969 1 634 139
8 252 9 90 10 945 63 19 27 766 28 279 67 847 844 497 35 47 909 638 744 55 64 69 346 585 484 416 306 65 249 562 707 294 155 676 78 483 742 85 810 120 636 784 857 872 447 851 109 761 924 963 163 465 553 111 618 760 114 88 118 122 126 856 129 273 555 550 426 382 434 688 135 879 262 140 381 461 411 528 360 339 151 591 889 124 200 928 150 267 162 13 771 168 188 936 406 40 859 673 455 194 304 41 816 467 91 205 322 535 930 905 299 586 334 901 788 197 221 427 228 904 473 823 84 725 80 677 102 557 165 775 797 962 239 800 296 246 918 419 967 491 137 250 257 253 195 258 780 571 692 518 765 870 268 431 269 237 2 103 277 57 827 233 821 479 495 121 617 837 524 280 379 282 433 289 290 753 187 490 644 462 307 463 308 315 691 418 504 609 317 321 333 925 93 172 671 352 356 384 667 696 358 133 449 158 955 604 842 292 284 637 76 39 199 386 235 363 193 898 81 722 145 464 369 1 916 558 806 370 896 802 251 374 7 223 749 690 759 883 383 177 577 902 396 403 910 414 263 106 405 166 329 214 413 695 526 77 697 596 417 154 424 243 843 337 946 429 132 640 34 15 178 442 438 439 781 105 31 787 505 803 443 46 724 966 450 460 169 900 466 506 809 471 130 477 746 942 569 468 21 485 680 26 496 436 507 805 813 893 23 570 444 651 731 511 173 835 674 71 128 734 635 300 666 319 516 960 663 582 629 783 804 58 655 225 343 525 353 72 38 840 531 536 537 515 584 375 681 189 231 737 16 498 331 708 351 620 428 399 543 552 560 866 906 323 74 432 563 564 953 566 911 862 470 660 425 590 852 330 266 593 894 694 548 328 601 606 817 589 612 148 745 521 559 75 626 265 748 704 633 639 388 645 454 261 242 53 316 50 475 281 646 597 350 394 653 508 43 658 523 659 344 702 892 661 146 79 895 664 701 657 272 669 919 175 395 61 684 500 885 551 509 540 670 685 619 24 774 125 96 699 587 397 11 887 849 705 144 623 270 390 706 561 903 314 709 123 717 711 217 830 773 634 357 715 18 716 652 721 359 182 728 730 97 469 312 739 741 752 533 890 630 770 201 689 650 412 437 772 622 957 779 812 808 828 98 832 451 157 94 37 295 325 703 215 588 869 947 549 192 373 876 877 301 116 52 949 834 486 583 833 32 302 964 733 881 336 527 921 12 222 241 934 880 401 599 89 882 912 542 886 332 142 25 846 865 494 826 29 929 713 22 60 736 794 845 404 767 56 226 931 948 836 935 487 546 402 368 738 326 219 310 943 68 944 501 167 512 615 532 556 769 164 793 186 631 73 213 864 534 914 147 897 303 700 682 786 952 366 729 49 541 575 764 959 965 941 153 873 798 899 510 478 969 768 884 176 686 476 499 275 489 472
467 1 286 86
1 2 16 176 96 392 103 314 430 13 408 277 5 295 12 17 21 117 435 451 46 47 60 316 28 34 245 69 254 48 107 256 230 53 255 375 153 221 266 355 167 57 397 58 320 59 396 110 111 40 335 299 270 95 196 65 64 437 49 67 146 166 78 80 387 181 25 97 190 333 165 155 414 109 368 99 101 104 108 259 246 366 113 429 98 131 342 317 115 381 120 145 418 158 399 326 227 422 169 192 136 171 172 280 177 228 205 378 325 29 182 390 114 203 52 265 401 214 338 216 222 226 286 231 233 346 236 370 282 191 432 312 382 135 328 240 406 70 324 4 156 244 219 238 93 247 27 251 402 252 22 39 257 294 51 262 263 272 142 87 290 322 284 331 279 291 403 442 235 19 91 292 143 184 384 293 298 407 373 302 197 330 313 319 334 465 287 329 327 341 162 308 367 274 385 419 311 133 160 32 300 343 81 424 38 416 224 344 127 350 83 405 412 147 351 94 352 63 354 357 359 374 426 321 45 225 464 161 376 283 213 125 386 389 163 394 363 229 415 377 100 276 423 361 427 466 134 431 138 26 268 297 438 164 388 175 360 450 365 441 296 391 73 220 248 82 189 10 85 275 24 443 445 148 449 188 54 102 455 140 456 208 306 371 467 151
992 1 330 179
4 14 35 369 437 36 39 653 893 41 561 43 17 75 52 420 58 66 69 90 370 790 759 78 694 87 844 698 104 105 109 112 115 117 584 707 257 121 494 200 51 539 204 207 129 122 529 135 309 150 151 157 160 163 931 59 287 383 166 169 262 719 170 171 172 390 481 180 60 184 189 397 190 191 876 213 225 624 234 230 658 499 463 118 239 243 380 245 720 489 246 247 264 268 274 275 281 503 290 303 308 314 582 136 315 319 878 416 850 322 154 766 44 248 323 324 334 173 933 338 340 345 228 552 974 12 346 347 288 357 358 192 830 571 229 730 363 457 374 209 919 368 801 378 884 385 389 391 404 412 652 421 425 102 428 405 429 439 443 855 446 447 244 137 54 454 399 461 464 886 83 657 465 467 469 471 488 490 233 25 501 223 505 511 516 517 524 526 978 776 222 530 543 277 168 717 549 562 34 569 684 124 572 445 575 583 585 915 91 860 589 590 591 598 991 599 604 221 734 19 610 615 618 619 910 635 123 654 81 668 440 669 671 176 872 683 690 864 696 291 702 703 386 237 705 710 372 712 867 760 545 971 674 714 775 655 716 722 728 731 741 737 739 491 745 746 762 62 772 11 773 955 84 778 780 781 798 341 899 377 800 803 807 814 817 945 821 835 837 892 507 839 842 362 894 848 869 870 724 28 896 903 909 911 930 917 920 271 922 925 522 302 578 927 932 936 949 22 970 673 504 973 976 965 641 156 979 980 427 985
638 1 182 108
1 52 3 4 8 12 368 13 18 536 22 31 34 45 46 445 49 75 78 14 214 88 299 90 392 99 491 370 207 100 117 314 103 120 132 148 79 171 178 180 189 211 193 194 200 206 508 208 215 218 226 229 242 483 462 268 21 267 279 280 282 286 366 289 381 296 302 308 362 329 358 377 379 342 257 382 64 389 396 534 89 190 397 111 407 161 109 225 414 415 421 422 9 435 436 504 581 227 437 446 449 252 607 158 450 32 425 183 562 160 456 457 458 459 10 463 538 395 467 595 479 359 347 482 174 485 471 487 488 283 495 498 511 468 455 512 621 400 60 404 515 525 466 388 526 144 530 506 540 554 559 566 571 574 434 575 579 568 95 83 298 580 537 61 586 604 606 30 612 124 617 618 619 627 340 633 259 636 440 637 145 605
643 1 622 175
486 185 78 31 1 87 637 9 408 4 448 60 14 79 17 24 257 623 29 120 34 40 629 618 52 643 53 209 71 309 210 58 11 63 382 64 147 66 70 311 90 72 73 144 75 205 240 154 444 454 231 203 76 290 150 355 396 164 77 476 80 83 5 529 432 243 515 548 425 91 603 394 118 92 323 103 97 419 510 552 55 100 104 105 182 421 108 368 264 521 109 411 110 114 117 21 121 214 122 433 234 457 126 225 631 38 171 495 49 277 365 134 142 248 16 632 550 140 84 148 62 451 617 262 149 496 151 133 574 30 615 556 487 418 614 238 232 153 346 420 10 481 317 146 554 266 390 156 352 514 44 373 565 508 99 438 524 634 621 157 159 68 441 219 551 422 161 15 246 356 590 165 298 221 253 166 581 287 167 123 636 367 391 389 542 387 426 371 572 286 28 113 340 168 35 241 45 107 598 534 269 540 505 509 539 177 292 215 176 127 362 308 85 179 186 188 587 193 397 50 329 195 202 27 208 300 211 613 611 217 435 235 94 192 47 333 213 216 220 229 639 18 383 230 131 6 180 237 402 483 493 242 228 446 245 56 519 20 295 622 332 460 130 251 54 285 42 200 500 198 502 282 254 403 279 111 258 376 33 331 259 464 137 437 233 260 324 261 347 115 530 204 201 275 273 278 413 61 527 281 453 293 222 96 475 321 296 533 297 294 302 303 304 400 585 139 307 469 74 313 314 393 318 319 560 417 265 322 326 327 626 267 473 345 189 335 25 609 141 336 479 256 301 463 600 82 187 442 344 589 348 349 158 351 274 498 353 359 364 98 449 360 640 455 361 226 190 366 244 369 370 372 488 374 272 316 227 136 102 377 116 378 129 284 591 37 380 206 268 337 59 386 392 399 606 341 404 223 601 577 407 334 409 471 410 414 415 163 599 424 429 431 306 13 152 436 439 478 191 571 434 430 119 174 339 450 593 250 576 288 468 143 477 325 224 388 88 484 405 480 381 239 489 563 178 357 458 490 2 578 492 12 494 459 472 155 354 169 401 36 616 343 504 461 466 428 338 199 162 506 482 503 207 132 511 184 507 312 46 512 541 384 385 173 125 513 398 575 305 330 270 517 518 263 452 535 423 467 520 39 523 580 363 525 19 604 543 528 537 546 106 175 57 447 197 456 597 538 544 474 112 555 547 145 630 549 81 8 557 558 561 562 276 497 69 218 564 526 491 124 22 536 65 379 594 212 566 586 567 249 440 375 43 570 283 573 101 412 196 427 86 579 553 501 67 160 559 635 592 315 236 416 465 532 595 568 194 170 596 310 406 51 602 605 289 138 255 608 247 628 582 610 271 48 612 531 619 462 299 607 620 625 638 445 350 584 395 627 485 26 624 470 41 588 633 641 642 252 342 95 291 128
366 1 234 54
13 28 341 192 309 289 88 146 203 285 29 57 139 248 283 35 50 291 77 100 206 58 194 86 297 113 340 95 61 101 148 224 56 343 325 336 184 43 66 65 359 118 67 252 23 339 286 76 263 69 232 169 91 318 188 78 177 236 147 96 4 307 327 278 288 264 342 99 70 347 72 38 311 47 110 21 121 330 290 193 216 10 123 231 202 348 294 154 33 315 300 105 166 127 132 152 131 81 126 64 195 15 156 306 162 176 267 160 284 25 107 229 12 136 90 183 191 48 75 258 198 196 134 219 116 44 208 245 282 261 271 37 190 313 305 365 144 262 211 217 74 111 352 266 220 205 240 234 180 158 159 52 308 20 120 301 269 119 247 32 3 351 84 221 53 82 8 62 201 360 185 227 235 338 358 350 59 228 199 256 222 9 151 89 277 363 135 109 238 323 98 239 250 279 292 246 2 214 260 165 249 223 171 18 259 54 334 312 213 36 268 322 24 328 207 6 298 93 150 178 324 5 210 49 1 299 11 356 170 274 303 304 346 244
765 1 696 466
77 718 1 2 3 270 4 5 6 11 12 13 15 16 17 36 20 21 40 281 22 658 594 24 164 25 26 272 27 28 30 32 34 35 37 38 43 45 49 439 50 52 53 406 54 55 57 58 59 60 61 62 591 730 63 297 64 65 66 67 68 378 69 70 72 412 196 73 75 78 79 80 87 89 295 90 91 92 94 562 98 271 99 100 102 105 106 107 109 110 111 112 113 174 199 114 84 588 115 116 238 118 120 748 222 122 123 635 124 126 127 534 128 131 132 381 291 133 8 134 135 405 137 18 139 141 146 560 147 149 150 444 152 155 156 160 161 162 167 168 169 512 370 170 171 172 176 177 550 179 180 417 148 181 182 184 185 186 188 119 189 190 449 750 191 376 74 609 511 506 339 193 56 194 547 197 198 200 203 215 518 144 204 610 206 207 208 209 346 213 214 216 397 217 738 529 220 440 221 224 226 227 228 249 229 231 754 724 234 390 236 240 641 241 242 243 245 246 253 254 163 255 48 256 257 337 258 259 260 205 262 264 265 266 267 683 268 273 275 717 752 602 276 507 277 279 10 420 446 280 282 283 39 548 514 315 465 97 284 285 23 564 286 287 288 290 292 586 504 618 573 293 622 296 298 299 301 303 538 304 305 307 308 310 312 532 318 320 323 340 326 327 235 328 333 334 335 336 338 342 575 317 345 324 519 251 389 347 477 348 407 349 350 130 649 351 352 354 355 357 358 359 360 332 219 362 363 365 366 367 371 535 93 372 374 375 693 377 379 380 154 313 382 383 384 385 218 192 386 387 757 595 745 578 391 7 392 394 396 715 400 402 223 403 408 33 409 410 413 47 414 361 373 418 419 421 423 424 425 431 145 432 274 404 433 434 436 763 411 437 442 438 443 445 447 448 450 452 454 71 765 325 455 456 457 458 459 460 461 331 462 466 467 468 103 82 101 470 472 469 473 475 476 157 478 584 319 343 479 542 481 483 484 485 486 487 488 720 86 491 492 316 306 494 496 41 497 500 302 501 502 505 708 138 665 422 252 508 509 513 516 517 727 520 644 716 158 83 153 521 604 522 523 524 525 225 526 527 528 530 368 531 533 490 536 537 539 540 544 545 546 549 551 552 553 555 166 556 178 558 559 187 561 563 565 758 566 480 567 570 294 571 576 81 577 579 580 202 581 261 585 587 590 592 399 593 596 652 598 599 600 669 356 201 631 601 603 605 606 735 165 607 19 608 611 612 613 614 616 617 619 621 623 624 568 625 747 626 657 739 627 628 629 630 632 633 634 636 637 429 638 639 640 643 232 322 510 645 464 646 647 239 495 648 151 248 650 651 653 655 659 660 661 662 663 666 668 670 499 671 672 673 674 675 676 677 46 678 51 679 680 682 684 300 762 31 685 686 428 687 453 688 690 691 441 692 393 696 96 697 699 701 541 474 702 703 705 706 707 9 173 709 710 237 615 711 289 712 713 714 719 642 721 247 698 722 723 314 725 656 471 233 726 728 729 278 731 694 732 733 734 736 493 737 740 309 741 210 742 401 554 743 746 749 751 664 753 755 756 108 435 759 159 760 230 761
248 1 94 32
79 230 63 193 13 197 152 227 102 76 14 22 28 3 135 26 114 81 29 238 224 30 39 67 34 45 133 46 172 155 51 165 198 6 146 163 59 55 115 232 41 204 68 237 43 80 10 181 70 82 97 24 116 248 35 100 234 153 142 87 12 96 99 162 17 110 132 92 196 60 127 128 134 205 75 164 173 170 185 175 177 186 203 200 7 207 140 74 105 192 62 215 245 247
365 1 36 50
4 7 16 43 56 68 69 72 84 89 106 111 113 117 122 125 135 136 143 150 212 163 171 185 222 230 232 241 242 251 284 301 302 306 307 363
248 1 188 37
3 118 159 143 18 4 40 36 162 23 5 207 34 38 94 120 87 167 57 201 246 1 176 140 196 202 39 49 58 233 28 141 127 90 245 53 119 62 61 51 180 70 225 115 7 73 83 9 177 91 24 237 88 95 37 123 110 210 75 124 101 121 130 168 187 107 102 185 178 142 139 56 42 26 235 15 230 145 111 158 165 189 206 216 112 161 132 163 136 228 179 173 166 171 232 2 135 106 184 72 76 138 20 204 100 205 134 65 74 16 113 175 209 192 156 86 223 122 117 152 46 197 80 60 191 147 181 82 30 169 84 243 66 98 224 116 45 125 67 48 68 157 244 31 77 97 146 59 236 188 182 212 247 144 215 78 164 63 103 220 229 11 193 41 93 217 25 239 55 214 186 108 195 17 219 14 203 29 199 13 71 238 183 248 92 213 231 226
869 1 394 116
40 217 345 650 213 66 10 453 343 222 511 151 383 11 853 680 14 623 769 821 474 605 545 63 34 7 699 277 449 691 792 663 25 390 332 654 867 250 756 32 43 52 462 55 20 169 56 97 61 799 404 519 785 146 761 70 73 178 399 78 679 776 93 461 869 98 104 611 541 773 752 656 395 100 112 698 518 326 603 122 229 245 618 583 292 143 280 306 149 559 8 153 102 719 37 501 767 713 308 475 161 164 731 167 195 645 172 174 183 458 408 197 198 1 241 760 602 647 808 409 225 214 494 232 547 57 485 96 703 401 851 749 243 412 375 187 244 616 766 80 126 248 256 264 446 272 327 137 132 276 281 282 748 666 791 763 165 188 284 21 288 301 527 311 677 316 325 563 655 199 90 228 330 337 103 342 510 711 675 212 772 595 349 44 609 802 83 638 46 394 355 592 688 363 235 831 373 864 382 695 36 166 852 392 746 393 689 398 548 48 400 324 402 95 830 268 418 621 120 849 565 652 411 539 75 421 457 24 431 434 481 441 809 751 537 649 533 448 444 573 505 333 700 456 312 335 47 452 463 53 460 469 472 176 495 707 210 205 496 744 230 515 168 516 551 734 558 224 860 508 238 562 582 422 91 171 658 651 564 445 570 716 586 145 591 6 295 594 738 597 604 287 863 612 741 315 482 484 555 728 196 613 617 673 620 622 693 429 33 624 577 625 634 674 302 372 273 290 405 231 681 471 868 50 403 186 260 754 346 682 109 686 690 854 39 524 607 644 628 147 42 341 684 200 529 824 692 694 837 708 19 721 3 142 753 60 571 764 378 803 804 806 506 271 298 15 476 576 807 129 637 810 568 522 737 812 479 283 818 777 820 440 834 841 307 358 846 437 661 742 534 351 848 115
995 1 590 238
4 513 826 820 617 26 590 27 628 31 33 34 36 427 48 134 52 214 346 251 53 54 457 195 505 966 56 471 354 955 438 768 670 57 61 62 529 63 65 814 731 951 979 569 653 503 948 865 14 989 101 189 68 81 519 889 88 92 45 94 110 870 799 584 341 959 89 582 283 828 824 927 111 115 423 117 121 122 224 418 123 357 126 868 145 991 393 147 152 517 153 331 188 158 943 159 160 7 957 161 163 639 288 732 168 169 757 601 221 459 51 170 398 498 174 171 176 113 756 179 851 488 180 182 184 625 908 185 192 661 222 196 198 204 538 218 139 225 499 468 228 229 15 236 255 663 809 252 241 19 30 114 512 800 707 244 250 577 212 342 636 259 263 674 819 271 138 164 431 953 983 807 360 294 297 304 309 675 23 312 994 313 747 318 329 330 334 336 667 637 783 337 347 886 344 351 353 368 801 362 751 369 370 988 453 784 371 374 755 547 377 728 687 382 874 761 416 753 385 962 395 265 603 858 396 397 467 194 913 401 527 97 112 483 407 712 383 408 410 419 822 559 421 430 66 358 434 787 87 435 216 425 137 226 157 186 440 441 447 476 691 237 448 995 317 450 456 581 356 478 41 479 484 487 490 491 494 274 501 469 502 417 504 947 328 485 510 511 516 518 58 525 528 722 298 452 540 542 269 544 550 403 818 551 977 578 49 553 919 986 6 832 759 532 633 380 165 555 558 561 75 563 291 925 118 140 564 815 769 615 891 493 156 565 566 572 573 901 716 495 575 861 583 219 107 586 319 589 592 80 596 585 461 599 86 827 604 567 609 610 587 833 613 614 616 173 621 704 624 730 630 631 632 279 651 875 640 696 688 67 202 902 641 629 424 647 642 643 644 666 896 648 73 388 703 460 918 649 378 387 148 842 433 389 472 320 654 655 656 409 664 12 665 884 745 672 682 310 686 646 142 692 562 693 694 552 3 281 934 700 705 543 795 323 709 64 791 710 711 720 729 736 738 618 741 301 929 742 750 752 714 762 622 507 473 764 162 922 167 595 766 482 773 735 302 299 774 778 680 796 797 744 798 207 802 805 695 810 816 960 120 390 825 829 402 831 834 981 444 837 60 848 862 607 863 864 866 713 873 363 40 954 443 690 879 684 803 78 523 187 880 210 136 239 662 247 881 593 786 882 102 44 963 883 32 83 697 608 307 99 885 524 270 606 887 509 893 836 658 898 348 645 903 905 166 911 376 574 916 944 193 921 869 308 923 105 465 926 931 116 933 413 782 16 876 249 937 940 37 315 952 965 287 970 843 900 178 855 392 464 872 261 859 987 293 990 470 992 367 266
224 1 204 168
1 3 224 5 7 168 8 134 30 9 10 11 12 13 14 15 52 16 17 170 18 19 21 23 24 25 184 26 28 31 32 34 35 36 33 37 70 38 39 40 41 42 44 67 156 112 139 45 47 48 49 50 51 57 58 60 61 63 64 65 66 69 72 73 74 76 77 78 80 81 82 83 84 85 98 87 90 93 91 92 94 95 96 97 129 99 100 75 101 103 104 106 107 20 108 110 113 105 88 114 115 116 117 118 120 121 180 122 123 86 207 125 127 128 131 132 133 215 135 136 137 59 138 181 140 55 89 151 141 142 143 144 146 147 148 149 150 53 152 153 46 155 157 126 160 29 161 162 163 145 164 130 165 166 167 71 169 171 109 4 172 173 174 175 176 177 178 179 182 183 186 187 188 189 190 191 192 193 194 195 196 197 198 199 200 201 202 203 119 204 205 206 208 209 210 54 211 212 213 217 220 221 222 223
171 1 24 14
11 150 115 97 46 48 118 58 83 131 3 137 12 62 153 143 147 116 67 4 160 16 65 132
91 1 66 34
55 60 1 54 3 17 79 16 19 8 6 23 43 51 47 32 90 66 48 71 77 12 58 4 31 24 57 35 45 37 78 20 42 69 11 30 21 70 33 81 39 73 50 27 76 85 29 14 75 9 44 65 61 46 2 83 88 41 28 63 82 62 74 80 89 38
256 1 204 169
1 2 4 7 8 10 12 14 101 15 17 18 19 20 151 21 179 96 141 23 25 26 28 29 31 33 34 35 36 37 38 40 243 42 43 44 45 46 48 49 50 242 51 52 54 245 56 57 60 61 62 63 227 64 154 233 66 210 68 70 202 71 72 73 75 76 166 163 77 79 81 167 126 82 84 86 83 88 89 91 93 186 95 192 97 98 102 104 106 107 109 110 111 112 59 115 55 117 118 119 120 121 122 225 173 123 229 124 125 128 129 132 136 135 137 138 139 144 143 145 146 78 147 148 53 150 240 153 155 156 157 159 160 133 161 162 100 164 168 169 140 113 170 47 108 30 174 176 178 94 181 69 182 184 185 206 187 188 189 193 194 234 195 196 11 197 199 204 41 208 209 212 130 213 214 216 217 218 74 254 220 222 223 32 224 228 230 231 232 235 236 237 238 244 247 22 248 249 250 251 252 253 255 256
231 1 218 127
1 2 9 49 3 7 8 10 12 176 14 15 16 124 17 21 105 178 22 23 32 115 33 35 36 38 39 40 51 41 42 43 44 45 47 50 52 30 53 67 54 56 175 27 73 89 156 152 57 129 58 207 148 59 125 60 62 19 63 64 80 173 65 97 6 66 69 211 70 71 99 72 91 24 74 77 79 201 81 84 26 209 218 85 13 34 86 135 126 88 92 93 94 29 96 111 98 170 100 101 87 102 103 107 110 112 117 118 119 120 109 122 147 123 90 227 128 130 131 25 132 133 11 18 138 139 104 141 143 108 114 145 48 149 137 151 153 154 155 82 159 161 37 20 146 162 163 166 169 172 174 180 28 76 78 185 186 188 195 189 95 191 157 184 199 192 182 193 68 196 168 4 190 136 198 200 202 203 116 121 208 204 205 229 177 206 160 210 197 83 212 213 214 113 216 217 144 219 127 220 142 221 46 223 224 225 158 171 226 228 181 61 230 31 194 167 150 231
508 1 156 143
5 7 445 10 404 14 15 16 26 33 39 40 46 202 48 53 65 67 68 72 74 77 82 86 87 88 89 207 90 103 113 119 124 128 130 131 157 137 140 144 153 155 158 159 167 398 177 190 2 193 199 201 203 205 214 215 218 219 228 238 239 240 242 243 244 247 248 257 268 270 279 281 282 222 283 285 288 292 27 296 299 301 176 304 307 308 311 315 316 317 319 322 188 324 326 328 330 338 341 346 349 350 351 42 360 363 367 376 377 378 381 383 386 387 390 391 392 405 407 408 411 412 502 420 421 422 427 428 430 431 432 433 435 442 418 449 450 458 459 455 460 467 484 469 470 471 473 477 479 480 486 487 489 496 497 506
297 1 90 63
85 1 4 14 20 33 105 50 35 112 36 45 48 55 147 57 63 76 83 84 101 103 111 117 124 125 78 130 75 132 13 163 153 164 165 166 137 168 86 172 118 174 193 194 195 178 198 204 191 207 280 208 212 213 148 223 226 247 229 235 39 236 241 243 74 232 254 255 256 260 264 268 274 29 159 275 278 279 218 176 281 220 152 59 286 287 62 10 289 295
970 1 784 58
420 506 266 886 786 513 601 380 904 82 128 462 26 21 554 188 606 142 267 340 598 284 698 273 608 589 654 632 175 23 402 366 602 511 657 305 619 488 890 753 398 232 896 933 37 98 590 787 185 58 383 141 367 170 683 885 661 675 442 165 921 403 311 741 81 620 423 637 53 101 872 480 549 539 836 605 344 793 624 630 558 265 722 609 369 288 868 733 9 80 665 709 926 459 924 841 335 396 703 25 339 97 104 467 261 876 347 482 279 878 696 772 682 846 202 518 8 798 910 828 178 247 693 520 721 928 439 628 768 592 310 746 230 171 4 167 382 882 492 17 790 174 414 240 952 600 233 501 161 210 450 453 780 424 752 837 438 318 426 51 156 853 807 779 234 870 87 336 562 275 46 123 150 874 24 909 775 678 732 759 949 207 143 75 160 800 425 163 934 227 61 135 20 801 687 858 139 387 843 228 435 44 83 70 898 36 410 134 523 440 59 251 766 656 892 252 201 329 374 494 116 224 66 771 416 541 361 304 56 805 71 184 406 42 835 176 500 132 102 147 968 151 395 956 596 939 784 946 239 91 568 832 964 429 906 844 193 200 360 540 359 751 78 795 293 734 797 120 839 537 576 181 183 965 929 528 119 111 409 821 418 27 757 114 723 507 349 894 54 764 695 282 286 740 731 893 121 901 940 190 272 715 944 257 41 73 969 337 782 106 700 551 617 283 242 914 826 829 519 356 325 536 350 963 67 967 315 447 215 919 63 533 583 550 84 223 544 103 516 40 126 5 399 860 593 750 673 669 582 217 701 662 758 421 434 726 105 214 180 524 641 490 314 820 489 615 755 411 464 393 796 932 436 125 529 935 676 422 241 783 432 763 270 503 505 479 113 931 950 60 338 659 177 613 831 352 213 280 791 767 730 394 694 708 15 702 881 487 253 323 189 145 312 404 877 792 819 515 229 199 385 92 873 117 278 713 168 243 331 840 811 580 446 378 810 862 138 152 465 813 867 496 564 470 93 457 431 547 720 43 911 362 307 209 834 667 118 208 818 303 565 948 483 508 849 938 287 923 824 510 852 122 941 645 947 812 327 332 838 955 913 203 474 711 883 697 112 334 430 745 166 258 458 250 575 762 754 94 48 55 455 428 260 806 408 591 11 326 371 640 888 364 72 389 373 476 28 651 607 584 626 155 351 31 561 269 749 271 451 89 222 623 643 705 88 109 377 599 742 376 889 264 869 10 776 297 567 441 13 557 346 333 259 274 299 915 863 736 90 907 448 535 328 887 320 30 690 859 179 548 866 324 614 816 182 76 954 461 770 912 330 718 50 648 437 629 761 472 677 353 769 556 553 192 57 847 724 555 39 449 204 415 760 355 169 970 785 358 196 357 660 543 255 650 569 381 219 74 666 454 804 509 879 634 848 716 719 579 468 6 684 574 18 681 727 124 930 368 563 581 33 460 95 815 493 552 298 246 130 317 231 781 525 655 107 514 475 225 855 47 610 960 842 559 622 343 148 86 319 495 566 216 738 49 692 899 957 748 187 646 638 744 212 861 35 649 903 197 300 386 164 345 198 512 131 522 854 936 497 672 945 137 481 604 205 85 631 290 714 296 419 542 172 808 685 294 706 254 735 680 140 856 827 653 186 499 32 62 809 570 235 802 291 917 444 729 173 794 636 830 195 534 244 301 717 789 136 658 289 502 644 725 803 498 245 313 597 737 413 108 823 521 99 191 704 603 578 268 747 295 595 611 412 263 220 237 34 469 710 627 96 452 52 953
803 1 10 4
448 579 255 338 801 49 544 191 114 163
233 1 56 43
120 162 216 2 9 12 72 83 47 221 15 155 18 109 157 24 30 39 42 19 201 58 61 63 66 67 178 68 70 85 90 92 96 98 100 101 105 14 121 126 76 128 139 140 144 153 149 159 164 171 174 184 202 209 190 223
907 1 322 200
127 5 16 3 18 19 23 716 30 34 36 50 51 443 54 60 61 77 17 81 85 90 102 529 579 180 107 865 108 111 124 372 125 184 133 139 147 49 136 159 164 354 73 167 171 276 179 182 192 193 197 198 199 203 208 214 225 402 235 240 401 437 585 221 228 304 243 247 250 100 269 256 447 266 267 268 280 426 284 837 286 293 553 297 298 303 305 843 326 586 752 306 323 736 21 328 859 27 332 291 335 336 345 349 356 651 557 360 210 365 8 14 772 871 371 374 382 383 386 389 390 729 277 722 234 392 394 451 396 840 728 132 398 28 407 415 522 417 420 422 482 424 425 427 428 438 444 448 454 503 461 462 467 12 759 469 705 473 474 765 477 478 103 97 485 337 489 491 313 497 501 786 506 512 513 517 518 521 536 524 526 528 530 539 532 48 533 187 312 216 265 629 547 227 549 552 554 237 555 562 568 574 592 578 479 399 664 576 798 587 588 589 854 597 468 601 761 608 91 56 609 71 613 153 290 614 630 633 641 645 652 653 370 95 393 178 654 658 779 711 660 362 631 661 663 666 672 682 683 206 693 667 694 137 699 715 717 725 726 734 741 344 746 543 747 319 628 755 757 758 762 769 771 781 784 753 181 788 792 795 797 802 803 188 804 810 615 596 817 822 883 367 829 832 841 33 676 851 777 134 852 807 387 201 861 39 690 862 866 733 763 868 876 882 885 886 893 898 358 899 905 906
211 1 122 85
70 3 173 11 149 13 18 21 28 29 124 31 22 34 205 88 36 44 38 43 45 16 168 162 50 52 54 60 145 62 198 64 66 67 69 73 40 74 111 79 80 109 82 85 86 87 200 89 91 93 96 98 121 101 102 106 20 108 94 110 112 57 113 115 116 117 120 122 125 127 130 131 134 139 53 140 141 143 144 146 61 150 151 152 32 154 155 6 157 158 161 42 114 147 163 166 169 172 24 174 180 182 167 153 185 188 189 190 187 15 191 35 192 195 142 75 165 197 105 199 201 207
240 1 80 38
89 14 1 192 10 15 116 21 12 132 207 24 29 167 35 49 43 51 25 53 88 153 42 211 91 182 36 137 60 40 166 78 92 96 57 125 79 81 85 110 112 54 232 20 225 187 118 149 97 129 175 133 173 138 86 141 144 45 151 164 169 172 196 61 177 184 201 212 208 210 213 217 236 52 238 100 165 115 235 18
544 1 400 101
1 199 10 303 22 131 228 25 419 28 436 209 32 14 9 420 432 324 13 116 481 455 459 304 289 380 271 279 36 254 316 66 525 256 508 457 413 517 164 39 259 121 65 29 102 434 265 347 290 41 483 201 109 45 129 488 288 313 111 150 306 67 124 250 267 87 398 350 210 503 85 521 74 480 52 260 393 208 467 358 152 261 21 405 80 418 96 364 98 322 55 275 82 479 108 410 482 514 543 99 233 523 241 489 125 197 126 68 462 294 530 431 133 138 44 110 396 48 12 69 414 139 142 353 144 499 433 518 157 415 440 528 88 218 335 338 383 179 402 458 101 158 161 86 196 317 345 244 224 148 385 51 166 449 169 497 283 35 170 372 536 417 367 70 310 330 299 174 11 84 16 175 318 60 137 381 529 352 57 412 95 487 333 336 200 61 540 403 471 223 416 511 203 49 469 478 184 149 221 180 272 212 81 76 217 232 242 355 235 531 239 135 211 378 50 392 237 56 240 472 246 397 112 339 292 407 128 94 247 421 248 249 253 153 178 515 258 206 64 263 266 268 370 468 286 437 220 285 236 181 278 498 445 120 185 143 363 219 23 409 280 282 307 375 325 252 132 118 506 309 59 343 215 314 510 75 453 42 442 83 323 327 46 77 105 291 5 78 334 227 337 53 172 461 276 296 389 171 388 340 452 341 140 262 73 141 24 542 26 234 365 356 34 270 189 538 361 537 368 377 491 27 373 382 399 17 404 411 501 328 72 315 255 430 438 187 443 238 186 163 444 493 447 8 311 326 376 354 204 4 146 205 38 450 136 465 425 527 79 362 466 513 89 320 473 476 477 222 500 505 395 516 519 274 37 357 522 351 374 191 502 348 532 277 257 524 496 360 426 534 33 168 424 156 475 300 541 71 167 539
123 1 14 15
1 25 27 42 48 52 85 67 72 71 90 96 108 111
856 1 224 120
3 8 22 113 30 38 40 75 43 45 534 53 54 664 62 181 78 87 94 143 25 628 753 358 364 95 421 96 91 102 213 103 216 127 129 478 150 199 156 165 496 495 166 501 168 773 856 170 569 410 115 578 173 196 144 198 538 206 383 221 634 630 227 236 340 363 546 781 661 295 246 254 255 281 621 602 301 302 310 311 389 314 322 327 611 353 480 331 344 356 743 414 83 787 470 372 376 136 377 742 382 391 395 420 124 783 422 459 463 39 502 504 509 135 526 61 793 185 823 529 276 533 542 576 543 584 722 558 562 571 579 594 481 595 674 854 531 792 603 49 612 232 613 631 646 651 320 64 680 688 691 535 52 479 698 626 140 699 700 316 564 852 703 705 711 712 713 706 717 110 148 34 351 243 726 506 128 503 715 16 727 393 728 36 290 729 17 732 749 758 762 177 244 249 815 766 80 653 548 841 160 368 23 220 58 774 776 801 803 794 769 806 808 811 451 557 828 831 693 28 832 834 849 212
972 1 114 48
8 28 631 52 58 77 739 434 373 482 158 78 825 95 574 99 100 839 450 130 306 919 27 324 10 605 105 687 127 198 251 75 470 644 378 294 192 836 137 131 511 159 453 610 62 140 827 673 164 201 176 224 166 239 654 276 287 495 832 319 322 337 531 347 599 396 207 840 439 454 553 360 431 457 462 465 494 560 593 701 677 928 689 708 722 554 490 798 210 248 764 967 903 803 242 530 532 488 846 849 837 514 399 852 865 873 646 906 917 961 98 755 18 281
245 1 6 9
15 33 65 160 243 119
638 1 484 319
5 311 7 9 11 13 327 15 17 22 23 24 548 218 534 25 26 27 30 34 302 35 37 38 42 471 81 44 46 47 49 52 506 8 57 58 62 142 66 110 68 557 70 71 75 579 462 77 79 80 82 85 93 95 28 465 96 508 98 101 102 104 337 412 106 105 596 108 113 115 121 123 126 6 592 550 127 74 128 129 401 65 593 131 558 132 322 133 134 135 209 428 476 136 137 139 357 265 116 155 140 141 427 445 143 145 464 264 147 258 148 149 151 153 154 156 157 561 605 159 290 331 161 76 224 363 162 165 296 166 359 97 406 167 174 176 326 178 179 180 182 431 274 183 184 187 189 190 50 446 192 382 193 197 199 175 109 256 203 204 78 205 206 207 208 245 212 320 169 94 213 543 220 221 222 370 225 226 195 229 230 235 275 453 237 393 239 240 244 246 425 250 251 522 163 253 257 259 260 263 266 267 268 112 270 272 273 276 479 443 277 532 278 280 424 283 285 107 392 286 287 288 292 299 301 304 305 306 309 391 314 279 315 318 366 321 99 69 194 433 577 324 325 328 329 330 333 335 338 343 170 346 496 488 348 455 350 332 352 353 356 394 344 358 364 367 372 411 373 72 354 374 375 130 551 377 378 10 379 380 355 383 384 386 89 388 389 390 395 396 397 398 53 16 1 36 399 400 402 405 407 409 410 413 414 308 415 416 419 420 418 503 421 426 429 430 434 435 436 438 440 441 442 571 448 449 450 451 452 454 456 457 458 459 463 541 468 470 472 477 478 480 20 87 262 481 88 482 483 118 484 271 485 12 486 371 487 489 490 491 493 495 56 499 216 500 584 501 217 595 177 61 502 505 507 509 510 570 511 520 238 514 515 122 516 517 518 293 519 342 360 521 201 523 524 526 530 531 536 537 538 540 365 544 545 547 549 552 553 554 555 556 560 563 564 254 565 461 567 568 408 569 533 574 575 91 576 601 48 210 32 248 580 581 582 586 588 282 590 591 598 599 542 602 232 606 608 609 610 612 613 583 247 317 615 616 617 618 620 164 525 623 14 624 626 334 627 628 347 40 629 630 631 632 535 633 635 138 636 637 223 638 249 447
508 1 360 327
2 6 7 130 9 10 11 13 16 17 18 19 20 22 23 29 30 54 31 32 33 34 35 37 38 40 42 43 44 45 46 47 49 51 52 53 56 57 60 61 62 63 64 65 66 67 68 69 70 71 72 73 74 75 76 79 81 82 84 85 86 87 89 97 98 99 100 103 104 106 107 112 116 244 117 119 124 126 128 337 129 131 132 135 137 138 142 143 144 146 147 149 150 153 155 157 158 159 160 161 162 163 164 111 439 166 168 169 170 172 173 387 174 296 175 178 179 181 182 183 184 185 188 189 191 192 193 194 196 197 198 202 205 206 207 416 209 211 212 321 214 215 216 26 217 14 219 220 221 28 222 223 224 229 231 232 58 233 234 236 237 12 238 239 240 241 242 245 247 249 251 253 255 256 257 258 259 260 261 263 120 264 187 473 262 267 268 270 271 273 276 278 279 282 283 176 284 285 309 287 288 289 291 294 295 297 298 299 300 301 302 303 304 305 306 121 310 313 314 315 317 318 320 322 324 326 327 328 331 334 335 336 338 340 500 343 345 346 329 347 348 349 350 372 351 352 353 355 356 357 358 359 360 363 274 364 365 366 367 368 370 373 374 375 377 378 379 380 381 384 385 386 392 393 397 398 399 400 402 405 406 407 409 412 413 414 415 418 419 420 421 422 424 323 428 430 431 433 435 426 437 113 438 440 441 442 443 436 445 292 446 447 448 449 450 451 452 453 454 455 456 458 459 195 141 461 464 466 468 469 470 472 475 477 478 479 480 482 333 483 484 486 487 488 489 491 493 494 495 227 425 496 497 498 499 230 501 506 507 508
427 1 402 68
361 370 386 246 3 143 365 171 380 71 330 388 190 339 405 291 287 396 74 150 136 46 13 277 343 178 9 50 413 17 414 185 256 78 408 274 83 68 30 357 60 12 158 248 57 32 126 401 286 222 176 392 36 422 303 360 28 345 412 317 37 209 427 41 283 221 117 19 160 279 270 8 314 373 218 148 419 61 63 261 267 14 240 276 130 411 134 250 348 72 79 70 315 381 400 288 93 318 64 124 145 294 108 263 6 293 231 234 91 163 123 407 94 186 244 385 96 100 350 197 129 5 217 115 363 16 18 377 154 125 358 226 194 249 354 110 304 177 105 75 109 39 15 374 157 237 200 204 387 53 281 421 89 404 359 225 102 184 20 31 155 161 151 120 183 44 54 273 122 1 206 406 47 394 219 393 243 34 168 252 378 299 302 189 278 329 118 193 198 199 55 67 128 368 201 188 73 202 174 203 35 208 254 327 147 295 133 38 11 207 269 62 210 7 90 227 310 26 170 159 307 216 103 42 403 223 272 228 232 356 319 308 52 58 164 349 236 81 86 141 215 238 390 98 27 397 418 292 367 132 268 425 340 116 409 242 313 21 84 247 23 131 322 262 43 264 265 106 271 280 420 239 332 229 316 56 213 253 107 298 182 402 139 399 324 92 398 289 121 301 66 149 296 285 255 309 95 224 212 379 351 230 179 144 305 137 233 135 146 97 328 320 297 331 416 241 77 187 51 290 87 323 258 362 284 49 2 334 29 114 335 424 40 167 257 80 312 300 382 336 337 48 191 260 259 338 175 344 346 181 140 347 88 65 395 127 353 153 352 364 275 355 366 372 119 384 85 24 101 173 192 211 113 76 375 59 371 325 33 251 99 25 369 156 321 180 376 333 214 169 342 383 245 415 10 266 311 82 205 391 282 426
503 1 480 273
321 263 1 2 271 251 3 288 6 7 111 8 9 249 12 13 15 16 17 18 19 20 221 283 22 26 99 367 29 33 34 326 40 115 451 343 41 239 42 44 48 49 51 52 10 53 186 58 335 82 55 56 328 57 61 62 469 269 64 65 405 66 126 67 310 479 68 69 70 183 71 73 339 74 337 180 75 76 369 256 35 266 155 78 79 80 289 81 84 207 86 376 195 88 90 315 91 93 95 96 97 487 100 101 102 103 104 106 108 160 453 46 406 109 224 410 110 98 112 47 113 200 240 114 118 474 14 23 442 493 120 316 232 121 365 122 123 124 277 179 129 134 135 138 139 137 361 329 409 140 85 141 142 259 143 228 144 77 147 502 149 426 150 393 152 497 242 157 72 419 159 161 392 162 163 32 177 165 303 166 167 169 171 4 341 403 349 173 175 178 185 188 189 190 192 193 197 204 425 205 206 417 202 208 460 342 210 212 217 220 293 455 225 471 226 255 227 311 146 222 230 233 234 235 236 63 213 238 241 243 245 246 248 125 252 253 254 87 257 285 260 262 237 287 264 265 352 380 456 267 268 272 300 491 92 203 274 132 54 427 276 182 279 281 282 184 284 286 275 481 83 290 353 291 229 295 302 223 348 297 298 438 30 301 59 304 305 307 309 308 324 119 312 156 499 45 313 473 314 296 27 299 317 318 172 319 105 320 323 325 327 330 218 331 333 334 196 336 340 346 347 351 354 496 355 356 357 358 359 360 43 362 25 363 495 364 372 273 373 374 215 375 377 414 60 154 378 379 381 382 383 384 385 306 386 387 389 390 391 258 344 148 176 366 394 395 396 153 397 399 400 401 294 402 398 89 404 408 411 412 388 503 107 368 413 170 145 415 261 136 416 332 418 420 421 422 250 127 168 423 424 24 428 151 280 430 468 431 432 433 434 435 436 437 457 439 441 443 158 444 445 446 128 447 244 5 338 448 38 449 117 247 131 450 36 440 452 454 211 198 458 477 459 164 461 462 463 292 464 133 371 465 191 231 466 470 476 31 478 480 429 492 194 28 482 187 370 483 484 21 485 488 489 490 486 494 498 500 501 181
832 1 692 655
1 3 5 260 6 7 8 9 816 11 12 14 15 16 659 17 20 481 22 23 24 26 27 28 29 31 33 34 35 36 39 40 41 43 44 45 47 48 50 51 52 53 54 55 56 57 58 60 61 62 64 66 67 68 69 71 72 74 25 75 76 401 77 78 79 80 81 83 84 85 86 87 88 89 90 91 92 93 94 95 96 97 98 565 99 100 101 104 105 106 107 108 109 110 111 112 114 115 116 117 274 118 119 120 121 123 124 125 126 127 243 439 129 130 131 132 133 134 136 137 139 140 141 142 143 298 144 145 146 371 147 148 150 151 152 604 154 156 157 158 159 160 161 163 2 164 166 167 169 170 171 172 173 174 175 176 177 178 573 408 179 181 182 184 185 187 188 189 191 192 193 194 195 196 197 200 201 202 205 206 207 208 209 211 212 213 215 216 217 218 219 220 221 222 223 224 225 226 227 228 229 230 231 233 234 235 236 238 239 240 241 245 247 249 251 711 252 253 254 256 257 258 259 261 262 263 264 268 269 270 271 272 273 277 278 279 280 494 281 564 282 285 286 287 288 289 291 292 293 294 295 296 299 300 301 303 304 305 306 307 203 308 309 310 313 314 315 316 317 318 807 320 658 322 323 324 325 326 327 328 329 330 331 332 82 334 335 337 338 339 342 344 345 346 348 596 349 350 311 351 353 354 356 358 360 361 362 363 365 366 367 368 372 374 375 376 377 378 379 380 381 383 384 385 387 388 389 390 391 392 393 394 395 629 396 397 398 400 402 403 404 405 406 407 409 410 411 412 413 414 415 416 417 419 190 420 421 422 423 424 425 426 427 428 429 430 431 432 433 434 435 436 437 438 443 444 445 446 447 448 449 450 451 452 453 276 455 456 457 458 459 460 461 462 463 464 465 466 467 469 470 471 473 476 477 478 479 480 482 483 485 486 490 491 562 492 493 495 496 497 498 499 501 502 503 505 507 138 508 509 511 512 513 514 515 516 517 518 519 521 523 524 525 526 527 529 530 531 532 533 534 535 536 538 541 543 544 545 546 547 548 550 551 552 553 554 555 556 557 558 559 560 561 563 566 567 568 569 570 572 574 575 576 577 578 600 579 580 581 582 583 584 585 587 588 589 590 591 592 593 595 597 599 601 605 606 608 609 610 612 613 614 615 265 617 618 619 620 621 622 623 625 626 627 628 630 632 633 634 624 635 636 637 638 639 640 642 643 644 645 646 648 651 652 654 655 656 657 660 661 662 663 475 665 666 667 668 669 670 671 673 674 678 680 681 682 571 683 684 686 687 688 689 321 690 691 692 693 694 697 698 699 700 701 703 704 705 707 708 709 710 712 713 714 716 717 718 720 721 722 723 724 725 726 727 728 729 731 732 733 735 736 737 738 739 740 742 745 746 747 748 749 750 751 752 753 755 756 757 758 759 761 762 386 763 764 766 768 770 771 772 773 774 775 776 777 778 779 780 782 783 488 784 785 786 283 788 789 790 791 792 793 794 795 797 798 799 800 801 802 803 804 805 806 808 809 811 812 813 814 679 817 818 820 822 823 824 825 826 829 830 832
613 1 278 288
2 5 6 10 12 16 62 18 19 24 27 30 33 36 37 42 50 55 58 460 59 64 67 68 74 77 108 82 83 84 89 92 93 94 98 100 102 103 104 105 112 114 115 119 121 126 130 131 132 133 135 137 138 139 143 146 147 151 152 154 155 156 158 161 163 167 168 169 170 172 173 175 179 182 183 184 186 187 189 190 193 195 198 200 202 203 206 207 210 211 212 213 214 216 219 221 222 225 226 229 230 235 237 240 242 243 246 247 248 250 254 256 260 262 265 266 268 270 271 272 273 274 275 276 278 281 283 286 287 290 291 298 162 302 305 308 313 314 315 316 317 322 326 327 328 329 339 342 346 348 349 350 351 110 352 353 355 357 359 360 361 363 365 369 370 372 374 376 378 379 383 389 390 392 394 397 398 400 401 403 404 405 406 249 410 411 415 417 418 420 421 424 425 428 429 431 439 443 444 448 449 450 459 465 466 467 472 478 480 484 485 486 489 490 491 492 494 495 496 497 498 499 502 503 504 505 506 197 509 512 513 519 523 524 525 526 527 530 532 533 534 539 540 541 542 545 546 548 551 552 553 557 563 565 566 568 570 571 572 573 574 576 577 578 579 581 583 587 590 592 593 595 596 598 604 606 607 609
631 1 496 500
2 3 4 5 385 7 8 10 11 12 14 16 17 18 19 20 23 24 25 26 27 28 29 31 36 37 38 39 40 41 42 43 44 46 47 49 50 51 52 53 54 55 56 57 58 59 60 61 62 63 64 65 66 67 68 69 70 72 73 74 76 77 78 79 81 83 84 85 86 87 90 91 92 93 94 96 97 98 99 100 101 102 103 105 112 107 108 109 110 111 113 115 118 122 123 125 126 127 128 129 131 132 135 136 137 140 141 142 143 144 147 148 149 150 151 152 153 154 155 156 157 158 159 160 162 163 164 166 169 170 172 173 174 175 176 177 178 179 180 181 182 183 186 190 192 193 195 196 197 198 200 201 407 202 203 204 205 206 207 208 209 210 211 213 214 215 216 217 218 219 220 221 222 139 223 224 225 226 227 228 229 232 233 234 235 236 237 238 241 242 243 244 245 247 249 251 252 253 254 256 257 259 261 262 263 264 265 268 269 270 272 273 274 275 276 277 278 279 280 282 283 284 285 286 287 288 290 291 292 294 297 298 299 301 302 303 304 306 307 308 309 311 312 313 314 316 318 319 320 321 322 323 324 325 326 328 329 146 331 332 333 305 334 335 336 338 339 340 341 342 343 344 345 346 347 348 349 350 351 446 352 354 355 356 357 358 359 360 361 362 363 364 365 366 167 368 369 371 373 375 376 379 380 381 382 384 386 387 388 389 390 391 392 393 395 396 397 398 400 401 402 403 404 406 474 408 409 410 412 414 415 416 418 421 422 423 424 425 426 428 429 430 432 433 435 436 437 440 441 442 443 444 445 447 448 449 450 451 453 454 455 457 458 459 462 463 464 466 231 469 470 471 472 473 475 476 477 478 479 481 482 483 485 486 488 489 491 493 494 495 497 498 500 501 506 507 508 510 512 513 514 515 516 520 521 523 524 525 527 528 530 531 532 191 534 535 536 537 539 540 541 616 542 544 545 547 548 549 550 551 552 553 554 555 557 558 559 560 561 562 563 564 611 565 566 567 568 569 570 571 289 572 573 575 577 578 579 580 581 584 585 586 587 591 592 593 595 596 599 600 601 602 603 604 605 606 607 608 610 612 613 614 617 618 619 620 621 622 623 624 625 626 627 628 629 631
638 1 178 166
3 6 17 18 34 39 40 41 45 50 52 54 55 59 68 416 74 76 77 78 80 81 83 95 97 102 107 108 114 118 120 127 128 134 135 280 425 470 136 141 144 146 147 150 156 157 158 160 161 164 176 178 180 181 182 191 200 204 206 207 216 217 219 222 227 229 232 235 242 244 247 258 264 272 279 269 282 284 287 289 292 294 295 302 534 305 308 319 322 324 325 326 327 329 332 314 333 335 338 340 344 347 350 353 145 355 357 373 375 183 385 391 393 395 400 196 408 411 415 418 423 427 430 432 433 434 438 439 450 453 462 463 465 471 473 479 481 486 487 498 304 500 502 512 515 519 523 69 525 528 535 539 545 547 549 555 557 560 569 575 580 589 403 591 592 595 599 600 605 610 613 617 622 623 626 628 632 636
589 1 214 131
1 14 16 29 580 35 36 42 50 60 335 66 523 73 77 83 372 89 91 93 99 348 506 113 413 122 125 273 128 129 130 139 94 134 86 549 141 142 587 144 145 43 147 579 148 152 454 428 155 168 170 172 187 307 188 527 528 189 197 199 359 200 320 214 268 444 216 69 96 226 228 338 504 232 176 233 234 247 25 248 249 581 212 251 254 255 303 346 259 256 263 32 265 92 267 269 274 375 76 285 287 202 289 443 193 290 294 109 296 304 521 306 466 380 309 525 195 388 312 283 319 324 327 48 334 293 339 349 446 578 352 355 360 328 361 336 531 368 374 377 67 381 385 386 563 389 318 112 82 390 398 421 419 477 400 192 404 409 542 415 463 420 423 311 431 432 435 436 517 351 41 441 442 449 453 460 224 472 53 476 399 480 489 490 569 493 497 500 156 468 510 511 515 518 164 505 522 524 561 534 535 160 536 207 543 544 553 560 567 566 280 183 575 582
675 1 136 45
606 30 15 24 55 663 441 28 637 305 314 253 359 133 518 194 218 343 110 476 639 5 515 462 47 63 381 160 69 85 226 310 87 367 619 96 4 101 675 269 187 569 144 105 339 122 208 159 536 256 249 509 268 68 278 319 369 535 335 370 374 263 673 430 332 478 415 149 416 266 281 11 419 418 95 453 521 61 448 468 472 400 350 458 429 398 612 657 475 492 482 447 485 39 561 1 504 71 506 513 82 649 357 204 143 577 496 604 203 397 523 607 3 611 324 10 571 626 20 634 360 538 646 651 241 240 648 654 424 661 125 103 100 537 56 250
85 1 4 6
47 77 79 54
482 1 284 107
275 466 2 16 17 23 24 325 31 465 54 482 223 264 452 163 128 56 141 247 63 191 433 69 161 155 70 75 316 177 46 82 85 93 96 101 204 104 112 117 279 373 116 129 206 351 130 401 291 60 134 267 364 212 359 221 114 287 426 142 227 145 45 193 97 148 150 30 209 9 151 156 41 203 136 158 169 324 165 329 162 76 346 19 95 170 404 127 172 443 308 415 174 400 176 339 103 143 108 278 313 180 51 107 183 195 314 200 260 205 471 208 62 215 218 222 43 153 22 305 225 44 407 232 382 234 261 226 245 292 436 254 257 154 430 58 280 268 422 274 118 243 13 219 237 276 286 52 289 213 271 295 26 472 73 297 188 166 302 480 125 303 293 83 304 376 91 248 306 338 111 453 210 319 181 326 417 184 393 256 335 322 92 330 333 476 334 342 343 344 126 409 347 266 273 354 416 288 100 384 36 300 216 250 355 366 149 157 369 424 307 370 464 310 251 371 312 372 375 377 357 438 381 383 1 341 327 396 397 398 403 379 405 406 115 445 408 410 412 413 411 179 457 211 187 418 427 429 432 434 49 59 475 178 39 78 439 282 25 440 309 446 10 67 201 448 249 481 449 459 135 18 460 146 461 7 391 468 164 159 202 224 88 479
364 1 100 85
4 8 12 139 158 15 16 21 23 25 31 36 41 50 63 70 72 80 83 89 95 98 24 101 104 109 113 116 123 125 126 130 133 136 145 146 151 345 155 173 268 175 178 180 185 187 193 194 213 215 219 160 224 230 231 105 232 238 249 250 199 254 20 260 264 27 266 267 269 87 270 277 279 285 330 292 295 127 297 300 313 75 243 301 311 312 319 35 323 327 334 335 337 338 356 52 357 358 359 363
463 1 290 64
436 449 3 285 216 438 300 373 6 318 184 7 401 458 109 127 10 174 213 187 39 346 348 218 12 450 186 286 355 76 410 8 15 22 439 422 217 142 232 189 32 157 330 222 38 385 245 33 265 40 35 182 453 78 20 45 55 112 235 101 242 49 411 280 398 47 446 454 244 204 371 54 141 339 137 282 96 58 462 366 42 199 170 434 169 65 456 292 238 402 452 344 252 176 298 110 60 377 63 111 294 95 106 429 269 120 154 328 9 226 1 281 36 156 128 419 177 379 133 374 143 413 420 145 425 124 159 93 167 424 146 275 382 131 299 126 153 163 207 350 165 317 92 82 435 51 166 192 102 21 441 228 230 206 178 221 2 67 236 181 246 444 134 250 457 260 28 274 277 308 87 296 150 229 25 335 99 223 301 361 237 16 254 253 338 30 261 303 399 319 342 333 336 220 418 341 243 297 351 180 354 53 191 357 409 83 122 432 358 215 415 362 248 91 304 364 365 331 84 367 190 313 80 295 387 119 395 132 332 426 105 41 158 356 369 211 442 408 208 375 81 460 118 162 320 144 86 139 168 71 198 414 212 44 183 288 283 27 88 383 11 72 315 307 325 14 334 195 372 388 233 392 210 201 130 368 161 97 400 461 406 227 323 433 240 440 443 445 279 421
743 1 466 305
7 8 496 9 10 43 15 17 18 437 23 576 432 216 28 29 32 37 38 509 329 41 42 205 431 44 703 46 57 58 254 345 513 56 59 743 499 131 64 720 597 330 596 228 66 67 69 70 71 81 83 85 356 86 52 727 245 90 92 121 20 96 99 104 107 108 109 110 112 272 114 117 118 122 123 125 667 128 129 134 142 491 145 147 150 151 153 113 624 156 158 166 317 170 278 171 534 172 173 177 181 87 183 184 185 187 188 580 191 193 195 3 475 197 202 206 568 54 207 208 210 212 175 213 219 222 224 227 599 446 229 233 154 236 687 332 239 240 523 550 241 242 243 702 713 476 246 247 249 252 256 257 258 259 260 262 265 266 267 733 268 269 270 531 351 79 274 289 275 639 276 277 726 280 413 633 282 286 291 294 583 295 106 296 552 297 298 304 693 306 681 567 310 699 311 313 316 321 323 325 326 327 331 221 333 230 334 335 95 336 340 346 347 348 349 352 572 676 353 548 357 359 361 363 364 273 365 367 424 368 613 225 370 373 127 375 377 378 379 380 383 165 384 385 374 602 423 386 387 148 217 388 516 390 391 395 399 320 251 400 401 402 63 404 405 406 504 407 408 410 412 415 324 416 419 164 339 420 421 422 427 428 440 442 445 544 448 450 451 452 13 625 456 203 457 461 462 77 463 466 468 414 469 470 472 474 477 648 666 479 215 483 485 488 382 492 678 493 497 502 506 507 508 510 512 308 514 494 517 518 519 526 527 529 533 536 538 591 646 540 541 169 542 441 546 543 394 555 560 155 589 61 80 478 561 146 563 721 218 679 564 565 528 566 501 569 574 6 575 577 578 141 579 660 581 300 672 587 425 1 590 592 594 603 638 189 604 605 27 608 39 609 392 138 612 614 617 355 89 618 619 124 622 626 630 657 500 199 650 632 426 740 635 636 637 102 641 182 369 480 643 644 447 645 647 652 701 675 654 732 659 708 663 253 665 668 669 670 671 673 674 284 677 680 686 688 697 707 709 314 710 371 711 712 715 75 689 704 716 722 725 734 573 696 735 739
521 1 12 7
340 22 2 311 171 393 123 84 366 419 274 242
367 1 110 103
249 4 7 8 13 15 18 19 26 29 31 30 32 38 311 40 41 44 49 50 54 58 59 61 62 64 67 72 73 81 83 86 347 92 95 96 98 104 112 122 127 129 130 131 134 135 139 144 146 154 155 158 159 160 164 171 173 243 178 180 182 187 195 198 201 205 208 213 215 216 222 225 229 234 246 252 263 266 267 277 278 279 280 283 284 285 145 290 293 304 169 308 309 312 315 320 322 326 328 333 137 346 348 350 351 352 354 355 361 366
378 1 272 116
1 16 285 256 73 183 181 10 5 26 6 103 12 326 273 23 15 122 368 17 350 22 133 351 29 303 313 219 353 258 123 36 35 348 166 331 38 41 319 294 245 44 45 372 47 68 265 193 70 104 74 75 76 84 78 338 56 317 271 244 91 93 94 99 102 286 288 106 178 108 375 110 112 3 196 299 115 71 117 190 69 201 120 121 128 4 324 14 184 229 8 130 232 132 364 134 136 150 142 144 266 148 48 296 151 318 153 51 49 365 156 157 55 172 140 32 373 158 221 165 179 159 160 260 336 161 119 162 270 61 206 199 169 170 174 171 72 175 145 182 187 189 208 314 210 195 211 213 50 215 53 224 225 267 83 279 188 226 230 231 236 237 228 238 80 362 168 92 243 135 59 248 309 138 316 233 247 250 335 252 146 377 129 253 246 202 254 257 131 360 216 191 207 98 261 263 28 114 264 346 39 19 107 235 40 205 272 274 278 312 280 281 176 287 290 293 295 343 297 300 301 304 321 58 139 101 327 89 328 329 332 147 333 334 289 340 111 118 283 344 223 345 90 349 126 27 355 269 356 186 292 323 180 357 358 347 359 363 204 20 81 369 342 25 43 268 52 63 315 370 376 2
70 1 4 6
48 2 1 26
759 1 382 173
139 339 68 1 2 385 5 53 410 682 211 642 387 6 462 417 40 460 20 577 558 651 22 24 39 318 43 45 377 128 49 344 58 61 606 63 724 170 64 553 65 281 361 66 298 322 69 313 57 70 573 76 668 376 81 86 89 674 90 725 378 94 98 685 101 103 117 432 563 124 127 135 143 144 150 537 154 302 160 161 543 163 164 171 733 341 286 174 747 181 182 190 192 540 588 28 197 611 484 195 439 675 198 200 204 206 402 213 230 232 233 238 248 215 596 250 180 567 382 29 251 252 253 254 678 267 19 290 270 153 677 272 273 274 287 288 42 262 296 564 301 308 312 320 303 256 331 335 587 338 167 630 71 340 342 360 373 383 389 392 114 395 279 367 265 67 396 185 503 477 218 607 399 405 280 157 408 414 323 177 420 734 425 429 436 329 437 456 268 438 444 442 480 111 443 362 448 452 453 454 264 461 475 483 343 568 188 485 488 570 509 202 498 624 523 600 316 499 593 510 435 158 513 521 120 528 644 196 530 231 541 531 186 317 534 544 550 551 552 665 142 237 47 555 524 406 9 375 336 46 736 556 532 557 259 566 632 168 514 575 589 590 216 591 595 578 529 602 409 634 59 451 714 109 166 604 489 608 609 610 535 614 119 617 618 354 621 146 663 482 201 622 623 411 628 629 640 641 579 643 11 650 679 327 619 106 738 653 658 657 205 572 91 635 490 659 664 706 337 667 669 670 255 457 633 199 330 671 505 681 502 707 105 684 752 349 416 107 478 688 359 728 701 426 703 126 712 713 295 715 474 62 217 718 380 631 597 720 118 363 721 536 730 36 581 740 179 576 742 418 518 605 527 745 612 500 750 289 755 75 756 123
732 1 124 122
8 10 25 28 31 49 51 55 58 65 69 70 81 86 101 106 107 111 116 129 142 151 154 157 677 159 165 174 181 183 189 205 212 213 225 226 241 253 263 269 270 274 276 284 286 301 306 313 323 332 336 725 337 358 362 370 382 255 383 385 392 398 403 420 440 456 462 465 468 472 474 477 482 484 490 496 497 498 499 507 514 526 531 532 535 541 545 553 558 561 565 581 588 591 592 599 601 609 612 614 90 615 617 619 620 625 632 635 640 646 67 649 650 651 654 658 661 682 692 714 716 717 719 723
168 1 132 45
4 90 70 157 6 61 11 67 78 106 10 15 22 159 71 43 8 26 34 166 100 129 25 102 97 109 59 29 133 124 55 147 111 127 42 85 1 44 47 17 137 92 51 152 89 53 48 96 57 60 83 63 77 165 65 160 128 69 75 41 19 80 50 115 82 12 84 87 95 56 64 141 140 35 104 101 105 113 76 93 94 119 117 98 9 123 130 120 148 27 150 135 136 110 39 138 108 142 86 145 36 31 72 146 154 149 167 121 99 134 151 68 5 153 164 46 3 40 2 74 112 155 107 23 168 139 32 79 28 81 162 163
879 1 410 217
3 122 4 471 143 6 7 263 101 578 247 271 9 10 573 69 19 356 836 597 32 51 62 65 70 496 580 79 312 102 669 12 767 114 84 551 85 86 89 199 92 794 94 220 393 96 843 97 306 107 111 138 406 140 148 150 355 583 258 309 151 529 527 124 152 665 155 161 170 608 775 171 709 172 173 180 796 142 181 187 204 210 723 850 213 174 688 217 223 810 482 652 315 224 226 590 227 229 237 845 475 829 868 295 596 734 238 752 240 246 252 147 255 467 129 256 697 415 260 265 118 598 267 648 268 653 272 178 275 35 279 646 141 282 149 249 814 283 824 284 289 291 294 298 302 303 305 308 311 318 319 321 200 322 330 241 559 333 536 515 337 64 338 346 351 413 277 354 73 357 358 362 366 368 373 375 377 379 325 15 335 206 156 381 188 387 320 288 746 485 77 791 166 390 396 732 409 410 412 285 326 24 417 588 104 585 137 769 518 230 718 430 432 433 91 572 865 696 663 437 189 66 441 442 443 222 287 444 447 450 33 278 452 459 461 582 462 425 823 251 870 468 253 476 477 479 594 483 489 134 2 492 493 494 498 324 690 500 503 506 125 508 517 60 524 528 531 539 543 544 549 509 491 553 567 556 565 570 182 487 276 361 574 575 677 576 658 195 577 535 584 804 587 586 301 560 386 593 599 602 835 623 624 626 627 439 657 777 631 21 633 635 638 643 749 644 666 790 667 783 50 668 671 676 135 434 680 682 687 689 705 513 76 711 756 782 712 797 716 216 717 719 720 853 765 854 382 724 725 731 737 739 866 685 701 740 741 744 747 344 753 757 760 761 763 772 659 105 773 781 455 795 799 800 802 816 273 29 41 826 540 833 834 449 11 31 75 851 856 840 842 848 464 428 435 852 864 395 869 505 872 414 341 651 873 875 876 239 877 878
946 1 292 46
561 550 673 28 753 26 595 915 729 67 505 359 667 757 897 826 117 945 399 165 391 104 334 378 221 765 227 98 651 337 342 365 179 177 744 887 131 171 679 57 305 675 866 52 822 576 236 876 174 831 614 218 605 879 665 192 697 939 602 160 464 848 7 135 711 193 747 547 739 531 254 926 483 103 295 416 810 65 238 901 144 471 158 807 625 812 242 383 43 176 582 95 16 621 817 486 240 257 661 620 362 72 151 210 601 498 239 689 477 870 374 563 361 282 326 918 322 327 684 344 264 217 393 184 792 291 346 472 436 22 156 415 469 886 314 858 504 126 652 153 778 228 532 320 162 840 145 578 278 608 76 719 315 10 68 244 549 45 604 723 880 37 51 32 331 551 564 893 906 556 571 66 400 740 904 161 107 923 800 849 304 552 445 681 703 509 219 487 251 756 912 459 272 940 437 577 734 434 6 392 94 598 933 168 701 429 182 138 55 748 225 116 615 626 691 522 557 771 293 713 846 512 421 709 860 201 133 583 668 746 630 777 735 803 206 636 409 127 85 710 188 78 300 452 203 11 379 575 730 223 345 767 869 354 186 656 462 738 554 73 311 790 70 798 152 733 677 470 369 401 20 808 796 475 823 353 297 407 825 572 854 864 745 313 61 465 909 233 889 931 350 336
902 1 42 19
38 372 168 291 722 319 326 587 330 221 334 336 187 829 753 868 485 419 93 256 634 423 490 446 610 698 518 605 619 415 224 702 657 742 820 695 333 282 229 111 859 15
121 1 34 19
61 86 3 17 33 42 46 47 69 117 49 55 21 118 91 107 14 57 115 62 74 64 16 83 85 84 73 78 97 103 98 1 101 104
666 1 62 54
3 27 1 35 43 49 60 343 64 72 77 449 83 88 95 150 161 163 278 169 179 181 218 259 305 307 310 311 333 591 342 204 375 378 398 415 432 433 451 460 469 474 489 495 498 514 519 664 526 527 541 551 567 588 590 600 607 341 609 370 628 653
314 1 86 50
178 8 23 219 30 39 242 46 53 204 274 55 102 305 66 65 139 285 312 70 77 78 82 84 144 37 87 88 14 92 95 98 61 122 177 130 132 133 197 134 156 21 262 71 165 100 170 296 106 171 175 188 207 190 17 191 200 31 90 206 222 161 224 231 268 56 240 209 20 246 249 255 135 258 215 263 62 260 302 298 304 308 68 176 93 313
673 1 342 163
349 281 4 177 8 13 17 25 594 203 41 138 485 313 43 54 234 538 60 392 627 200 256 62 427 64 16 362 543 275 81 563 67 585 466 154 486 85 87 514 89 144 61 93 39 147 95 100 309 104 105 222 251 106 108 120 546 37 330 121 123 126 101 82 329 261 47 127 131 7 305 641 133 272 168 98 141 451 229 450 169 139 102 170 591 629 171 172 185 186 448 214 632 190 196 1 198 515 462 201 204 207 522 215 219 110 18 440 28 189 223 653 224 657 621 240 497 226 153 71 233 31 242 243 618 561 244 55 254 14 255 252 277 258 511 264 431 268 472 128 137 271 395 507 276 267 73 278 285 290 292 297 299 300 377 302 308 311 159 124 602 489 48 165 491 312 320 323 212 294 464 599 324 331 336 589 325 326 74 332 337 416 12 339 114 564 342 78 345 584 245 442 346 347 174 378 374 280 524 109 630 354 355 358 359 622 32 367 370 375 379 381 163 383 341 532 391 393 446 298 20 401 405 408 410 289 502 623 334 384 210 411 418 420 259 50 422 402 512 423 426 439 444 458 77 460 465 473 167 143 667 475 239 149 476 477 216 480 481 482 633 35 483 593 487 488 419 495 433 500 503 394 352 506 508 513 519 520 521 529 206 249 534 535 536 388 191 195 539 544 551 453 568 221 571 158 573 656 46 59 225 576 583 590 432 596 598 604 449 605 609 572 610 651 614 467 333 620 291 577 625 626 634 97 552 208 635 636 639 640 644 348 429 660 574 661 666 668 565 669 501 194
414 1 28 14
334 209 220 313 67 137 121 106 167 245 347 84 186 398 328 218 244 250 292 40 195 301 5 297 341 219 331 1
897 1 458 316
532 703 1 555 6 9 11 645 806 677 224 12 13 20 637 456 22 100 25 46 765 30 31 34 35 36 39 559 45 308 47 354 292 48 256 52 54 208 56 58 60 61 70 75 112 616 77 859 79 81 82 86 843 88 91 96 42 745 107 108 113 119 124 126 546 127 129 133 136 845 141 143 33 144 146 121 155 158 163 169 768 450 97 786 176 705 37 192 623 435 177 178 182 187 189 526 190 195 196 511 220 222 785 191 231 232 236 237 238 239 716 240 818 241 405 59 244 252 674 257 279 259 260 264 269 273 275 591 281 286 626 289 290 293 272 295 299 727 301 303 305 131 84 310 481 317 78 323 326 327 329 334 335 339 340 311 349 357 432 358 359 213 360 366 370 371 372 864 377 348 701 379 380 383 767 384 388 389 2 390 862 392 202 394 397 398 43 399 404 406 714 688 409 416 417 106 418 419 583 420 496 423 153 426 441 427 442 443 444 445 448 457 50 364 464 585 622 465 467 469 474 793 477 478 452 854 479 824 480 482 484 485 486 488 490 491 557 754 402 492 501 505 597 3 507 434 655 510 734 516 725 120 517 172 520 521 140 523 524 527 528 529 341 66 184 533 534 535 536 537 805 378 801 548 549 550 553 558 560 217 562 568 284 215 570 572 574 575 582 584 554 64 587 592 601 500 602 603 605 609 428 610 430 693 658 612 696 833 671 617 620 627 814 433 628 630 632 204 181 638 640 642 648 497 689 652 657 15 659 660 662 183 287 665 63 668 470 265 223 321 200 675 739 132 676 681 684 690 691 694 695 700 702 707 708 709 711 712 713 715 130 718 137 719 720 174 721 724 157 728 606 731 735 736 738 740 748 749 751 886 752 757 566 758 759 760 762 763 796 766 773 775 128 670 776 777 593 778 779 884 780 784 103 503 787 789 743 522 791 504 95 797 324 800 487 807 817 819 820 109 822 828 401 829 832 834 837 838 841 847 851 853 346 17 855 856 857 858 860 863 870 872 873 874 649 882 888 267 890 168 436 892 894 896 897 343 363 83
488 1 168 63
14 40 182 401 7 315 16 331 41 66 79 485 89 253 104 262 416 275 105 113 479 336 114 67 116 19 433 249 280 120 362 403 121 123 94 153 63 166 168 138 184 186 313 224 384 210 52 288 6 319 192 290 196 234 239 242 244 130 356 322 250 246 22 487 13 254 410 302 342 23 255 28 263 109 392 247 69 159 414 270 272 281 351 2 296 469 78 215 18 305 371 448 220 312 51 329 126 88 314 325 147 256 337 179 91 106 345 456 349 365 373 60 367 457 169 375 68 343 303 271 376 387 75 428 214 390 391 160 400 143 405 15 32 102 330 409 413 415 310 417 430 229 439 39 424 378 486 441 451 279 357 449 226 183 195 388 72 454 470 477 81 221 185 101 440 30 132 475
159 1 32 33
2 8 12 13 16 18 19 21 45 49 60 62 74 63 65 85 87 88 92 107 108 122 127 129 20 136 139 141 154 156 143 157
432 1 82 31
357 3 331 206 241 43 177 50 240 431 196 237 291 356 170 57 203 95 79 104 129 102 109 117 122 83 311 66 147 105 249 119 53 316 5 138 139 172 152 367 72 398 150 32 135 51 285 188 180 399 192 195 208 204 146 15 313 39 215 266 296 348 242 218 265 25 307 335 336 346 182 134 365 424 337 211 362 366 384 411 361 315
448 1 292 51
141 53 1 297 354 310 11 29 187 195 76 4 142 309 5 152 253 350 381 330 191 232 38 71 146 6 44 408 216 205 145 50 58 12 217 341 171 85 181 207 97 60 147 70 298 75 84 133 61 33 105 375 214 196 336 356 180 415 19 129 165 125 56 384 270 257 10 339 99 368 313 117 138 367 340 20 100 286 67 362 55 361 144 95 103 349 170 221 315 160 304 293 329 316 279 2 173 332 391 189 69 27 175 328 52 213 322 26 291 241 400 107 215 92 211 393 59 231 127 411 377 31 226 36 64 184 9 438 163 73 351 346 277 192 119 126 41 358 299 110 78 118 49 254 378 227 157 102 54 318 355 228 249 204 237 307 236 422 30 186 240 65 431 17 86 22 244 104 392 395 200 124 248 348 260 98 273 166 412 234 403 162 90 280 247 396 281 111 283 324 402 359 89 325 183 262 344 202 352 373 413 155 364 149 246 91 430 416 314 225 112 3 333 271 371 161 374 334 154 209 410 320 301 176 114 81 87 442 383 337 172 419 446 306 342 409 21 134 311 46 399 387 372 151 276 158 131 7 250 28 404 390 417 326 259 363 120 272 24 243 223 397 123 425 148 303 25 287 426 45 436 394 439 245 386 42 177 201 80 366 264 312 113 242 193 174 220 440 445 448 137 290
884 1 470 361
3 5 38 6 7 8 9 10 12 16 22 23 24 437 25 329 28 29 32 37 42 677 43 48 49 50 53 51 52 54 55 58 235 60 66 69 842 70 73 14 79 82 83 85 87 90 93 94 686 491 98 99 102 103 104 105 122 123 124 127 620 97 129 136 137 443 138 140 203 148 149 476 150 152 154 474 158 330 164 170 173 41 180 473 181 80 182 659 183 188 194 195 774 196 197 200 201 202 198 206 358 374 208 655 210 211 213 214 216 217 218 558 219 221 225 228 229 292 231 232 233 548 420 234 236 237 238 240 241 207 244 247 1 249 186 253 254 255 260 262 265 268 15 270 272 89 274 275 681 276 277 279 283 286 135 290 301 305 566 310 313 314 315 132 317 321 422 323 324 328 107 331 333 421 334 595 338 339 224 340 341 346 348 349 47 245 351 835 352 830 39 353 354 360 364 367 371 377 382 386 387 390 639 344 392 397 398 399 405 412 92 413 416 837 356 478 418 425 430 433 434 439 441 444 445 428 293 452 459 460 461 462 464 465 467 468 470 471 472 477 481 485 488 490 492 494 501 503 505 506 175 26 512 515 516 517 519 520 174 522 524 526 527 530 532 533 534 537 539 670 541 118 544 547 347 552 554 562 568 569 573 574 576 577 578 579 581 113 582 583 543 555 584 588 457 591 592 594 602 604 606 304 607 608 609 662 610 395 759 611 612 593 613 615 361 616 617 463 618 401 765 622 623 570 624 629 631 637 641 642 634 644 116 646 649 650 825 651 653 657 664 669 671 248 672 674 676 337 682 683 685 687 688 690 696 446 705 708 709 711 721 724 725 18 726 729 732 734 735 737 738 740 743 744 557 745 365 748 750 362 597 751 752 483 507 753 363 755 757 762 766 769 121 772 773 777 778 673 680 780 781 134 782 784 787 786 723 788 791 793 794 796 797 800 802 804 56 806 808 809 510 877 810 165 811 813 815 816 302 625 823 819 824 342 828 831 833 834 841 843 844 845 144 846 847 848 850 161 851 852 854 855 693 858 862 867 868 647 869 870 871 872 873 874 880 861 881 882 884 345
836 1 20 21
13 128 136 286 314 206 370 390 417 473 483 338 493 502 510 539 561 790 809 821
469 1 168 92
122 138 6 10 33 440 337 194 71 269 427 41 45 174 137 60 47 53 54 369 63 142 65 43 68 268 72 74 85 90 100 5 384 363 141 107 118 121 126 192 386 404 280 129 131 134 399 140 148 155 316 160 170 11 255 171 186 187 56 321 204 213 217 412 113 225 226 228 230 32 231 398 86 237 312 188 201 245 40 292 250 27 96 252 251 257 52 218 271 273 26 275 7 276 282 283 286 12 168 205 297 300 82 178 64 436 309 80 302 417 315 322 324 87 254 351 325 287 346 326 361 329 330 331 332 334 108 4 335 117 339 207 340 284 342 368 22 374 377 382 383 385 195 387 435 414 296 388 389 395 400 401 179 120 405 214 406 224 413 419 421 318 153 433 84 58 448 462
77 1 44 30
10 3 4 5 8 54 6 40 13 14 64 15 16 57 9 63 17 19 22 23 75 65 24 25 27 45 28 61 31 35 37 59 38 48 55 30 67 68 32 72 34 73 36 47
850 1 468 282
27 1 3 498 551 393 7 134 8 9 10 325 302 11 16 63 17 381 20 694 21 272 22 34 40 786 41 42 130 738 407 52 53 65 67 647 823 69 409 70 72 277 73 81 83 85 699 303 539 88 89 90 93 98 350 100 104 157 107 109 688 752 112 113 702 415 24 279 116 118 122 120 425 386 557 125 660 126 814 324 127 128 131 294 132 204 135 637 137 229 138 552 141 146 608 355 655 147 148 153 150 156 158 159 226 343 160 223 163 665 493 164 166 167 170 171 398 174 454 178 698 182 448 183 304 188 191 197 198 199 379 206 208 376 212 213 218 591 812 220 201 224 747 225 227 231 30 232 233 234 756 236 238 48 240 245 514 585 562 250 97 253 265 266 268 12 269 239 273 274 651 285 690 721 569 587 287 308 290 298 300 305 306 822 309 594 310 313 315 319 504 322 323 328 648 2 337 340 342 344 432 346 349 684 336 351 354 427 356 363 364 368 370 371 720 372 374 657 50 377 66 68 378 813 774 380 60 384 388 395 187 23 244 397 592 421 400 463 607 401 51 203 402 246 62 411 413 465 414 537 718 416 417 542 293 419 804 464 403 405 251 392 590 784 531 548 420 78 422 435 437 243 543 438 161 798 55 442 446 697 252 358 447 450 92 451 453 555 686 525 455 292 457 462 559 467 475 478 480 482 494 185 495 499 502 505 29 506 508 509 510 518 520 527 532 255 544 546 549 556 558 560 561 565 566 576 330 577 408 578 581 582 849 584 466 586 593 366 596 598 661 574 609 614 615 618 619 621 623 625 776 626 627 629 773 635 96 639 641 644 418 649 288 846 783 652 654 656 658 705 664 667 316 689 716 668 669 671 321 672 723 84 680 681 683 691 695 696 700 701 703 709 38 710 713 259 714 717 724 725 730 528 736 385 742 748 469 843 749 769 79 753 815 754 755 210 59 757 759 760 767 472 770 329 779 780 145 399 782 375 196 503 426 787 289 679 790 729 792 516 793 799 801 802 803 806 617 809 811 816 818 483 819 491 642 820 829 830 831 833 840 207 387 842 844 845 847 850
195 1 18 17
4 36 149 46 54 99 85 106 113 117 13 134 5 90 136 156 158 160
468 1 142 157
8 13 18 23 26 35 77 41 44 47 49 52 53 54 56 59 297 61 72 82 87 93 94 95 97 221 106 110 112 113 118 120 123 125 127 131 132 133 48 139 141 147 148 155 156 161 162 170 173 177 178 181 187 188 192 193 194 195 202 203 204 212 213 215 219 225 226 227 229 230 231 232 233 236 238 240 245 251 260 261 264 268 270 274 277 278 280 284 287 295 306 312 313 316 320 323 333 336 339 342 345 349 350 351 357 62 360 371 374 375 376 378 384 385 389 391 394 398 399 400 401 408 413 415 419 423 425 426 428 430 431 432 433 437 443 445 450 452 461 464 465 468
751 1 286 72
44 19 618 136 242 290 37 42 412 527 354 730 115 125 292 577 244 130 36 414 649 133 151 736 143 166 448 78 174 686 390 472 207 446 50 449 190 198 55 204 228 724 123 214 416 216 200 349 4 99 307 359 222 428 561 109 218 677 405 647 493 212 434 458 480 220 62 710 678 468 314 229 146 514 25 205 231 280 528 241 639 641 254 247 544 277 112 6 283 284 124 239 546 507 305 316 409 46 564 152 715 65 613 697 329 636 301 334 14 651 108 476 335 103 640 81 362 147 369 751 165 320 375 696 380 385 720 454 142 705 76 718 22 443 325 306 281 676 470 392 488 466 35 408 558 423 267 746 606 499 64 189 545 652 209 595 562 39 671 66 637 498 31 569 436 427 384 709 24 376 437 617 633 167 234 271 440 319 90 192 563 330 628 486 717 445 430 347 264 700 450 702 669 157 21 377 614 451 611 160 91 506 457 573 61 391 625 463 464 288 299 324 253 620 259 465 501 479 132 294 632 497 531 520 9 86 331 532 503 535 8 653 540 367 126 543 477 365 505 291 566 522 638 554 260 517 739 482 26 12 54 175 589 96 701 224 1 432 584 312 695 438 266 13 600 85 223 605 624 626 643 346 646 658 667 138 714 117 727 45 357 740 201 317 269 742
259 1 166 150
2 6 7 10 11 12 144 13 18 19 20 22 23 24 25 26 28 29 31 32 36 37 38 39 45 46 47 162 135 127 160 53 55 56 57 58 59 61 62 64 66 67 70 74 75 77 78 83 86 87 88 89 91 92 93 94 95 128 99 101 102 104 105 107 108 109 250 110 50 111 112 113 114 115 118 51 119 120 122 129 130 133 134 139 14 140 141 142 145 148 244 149 150 48 151 152 155 158 159 80 161 165 4 166 168 169 170 16 172 173 174 175 176 180 181 183 187 190 191 194 196 197 198 199 201 202 203 205 207 208 209 210 212 214 215 216 217 221 222 223 225 226 227 228 230 231 234 235 236 237 238 239 124 240 242 245 246 247 248 251 41 252 253 255 256 258
95 1 12 14
4 20 22 42 56 66 69 71 79 38 84 91
966 1 378 149
454 786 638 780 531 818 912 323 225 834 1 739 800 596 779 13 21 29 12 801 143 539 47 48 123 874 54 62 69 71 476 623 864 259 74 573 672 78 84 102 787 809 817 827 103 820 287 108 113 43 118 180 122 448 130 769 133 145 63 698 464 251 822 778 281 153 170 588 959 177 150 185 188 435 8 190 365 405 193 196 351 668 160 858 199 124 329 740 131 639 854 690 656 279 345 203 213 246 661 720 214 217 551 485 684 226 563 234 359 819 394 238 469 696 421 473 399 247 378 254 75 256 262 265 919 503 880 595 106 529 277 292 878 206 899 298 26 218 89 302 785 310 315 317 325 67 328 332 223 235 344 346 925 393 358 920 231 396 408 553 605 592 604 327 409 411 423 342 429 432 434 505 449 271 407 450 458 461 754 850 33 104 463 15 237 354 369 470 478 890 481 111 774 4 483 490 640 846 962 498 499 502 362 512 517 520 601 266 146 783 522 388 737 585 526 535 544 364 547 501 549 2 558 617 922 559 135 418 77 574 576 46 590 37 591 594 400 702 910 741 295 647 598 252 600 431 823 607 621 445 564 652 622 624 575 451 477 229 627 882 468 815 643 179 570 644 648 799 651 59 459 322 662 276 873 137 665 303 674 242 654 893 115 631 167 793 663 743 677 212 689 703 268 713 748 215 733 714 406 721 731 744 916 845 832 614 745 555 154 352 641 304 764 766 777 513 583 784 831 826 657 788 789 49 803 626 770 807 810 813 82 936 824 615 752 114 828 191 841 99 843 844 98 847 862 869 85 724 884 888 201 195 900 763 664 901 892 903 746 911 245 260 707 917 3 895 928 427 942 943 27 360 950 951 914 954 296 79
254 1 252 107
70 190 1 101 2 3 5 8 61 127 6 87 150 7 114 9 166 124 201 18 21 22 142 23 25 29 149 238 33 78 11 34 38 181 41 204 96 43 243 231 20 197 45 191 48 54 81 217 247 161 195 68 57 175 206 58 163 63 115 64 65 67 71 72 74 76 79 84 237 60 239 208 88 89 240 90 91 95 32 44 199 244 174 186 158 92 52 50 212 228 4 141 97 230 98 100 15 30 49 53 75 102 103 26 140 214 233 164 105 86 106 42 73 178 242 108 109 55 110 111 83 112 113 117 118 185 39 119 122 123 82 126 129 131 132 220 94 218 46 66 219 37 216 85 133 17 31 134 56 51 135 138 151 143 144 146 24 179 80 13 148 211 152 153 157 159 165 154 12 167 116 170 192 160 235 198 136 171 196 147 172 93 236 173 120 183 176 169 202 177 128 180 47 182 188 189 187 137 193 156 145 14 184 194 207 10 200 222 99 203 209 168 210 234 62 226 213 77 215 221 16 69 35 59 223 224 227 225 229 241 205 125 232 36 245 246 155 19 27 248 139 121 28 130 249 162 250 40 251 252 104 254
820 1 226 66
3 47 733 198 13 318 24 206 344 400 515 381 28 692 600 732 62 237 457 466 590 505 31 560 65 67 96 208 269 815 277 261 378 789 351 127 651 134 397 141 752 196 215 469 420 92 539 216 279 42 280 218 225 519 222 395 233 262 168 286 329 295 59 173 12 306 734 724 369 105 303 309 544 672 816 595 49 282 53 376 316 596 750 541 317 333 354 768 129 375 390 6 335 399 748 430 10 715 229 812 339 291 307 267 553 391 415 418 424 374 433 754 258 576 658 677 559 301 702 393 441 14 614 770 94 763 240 460 643 172 160 157 721 471 21 554 467 423 610 703 214 619 731 478 108 488 492 757 494 238 546 450 144 406 556 598 396 89 586 300 353 616 151 561 177 565 104 587 652 55 717 522 362 613 690 343 150 502 278 248 773 221 1 456 654 642 132 116 665 671 421 57 649 675 790 678 682 780 791 416 552 684 490 693 361 664 428 699 751 403 618 701 713 718 725 740 100 762 491 212 764 145 90 783 796 171
654 1 568 304
1 2 4 536 5 7 10 629 11 418 19 173 366 20 343 22 25 493 26 292 28 261 29 238 513 62 134 30 326 31 602 32 91 34 38 104 43 109 44 45 48 171 49 51 113 52 241 123 562 55 295 115 466 56 57 58 59 270 588 633 452 64 398 65 67 226 159 68 72 74 333 77 252 79 624 359 81 194 82 83 259 500 84 86 168 87 88 85 92 93 94 98 101 17 266 102 416 211 105 492 107 108 454 110 409 111 651 127 42 112 648 114 116 117 172 203 118 180 119 121 122 125 126 129 130 135 198 137 138 146 139 432 27 141 620 145 66 95 147 148 245 520 151 160 426 162 164 142 393 628 545 206 222 544 174 263 608 175 176 178 153 213 539 427 339 430 181 183 41 185 188 195 196 202 204 208 449 209 509 437 54 214 215 396 199 216 217 218 220 223 53 411 224 227 228 23 229 100 338 189 433 231 35 233 615 234 634 237 271 242 243 247 248 187 166 552 251 443 414 253 518 480 6 258 592 650 279 256 262 417 265 267 331 275 268 272 205 589 277 505 327 400 9 471 352 462 278 283 499 286 288 287 291 294 296 297 186 221 482 298 299 302 99 641 304 307 308 191 309 310 311 96 312 313 556 314 315 424 317 321 13 322 541 323 324 619 325 328 303 476 334 627 575 336 477 76 337 340 341 133 344 348 441 350 354 210 290 613 371 355 438 357 358 428 362 47 363 177 364 460 365 367 368 440 370 372 71 373 383 596 376 377 626 378 381 316 382 384 385 494 387 390 391 260 392 375 435 394 395 399 401 402 403 405 407 408 412 413 103 420 422 273 342 598 431 434 280 167 12 69 439 444 33 445 446 201 523 128 470 469 240 447 193 70 606 335 448 486 320 451 301 455 404 481 457 458 236 461 463 21 465 468 472 306 474 475 149 3 289 585 506 567 165 212 479 483 484 516 487 524 489 184 347 330 490 276 495 496 386 498 501 616 503 504 508 75 510 511 512 514 515 517 519 526 254 37 527 528 601 459 530 532 534 281 548 542 353 425 356 473 293 436 546 642 155 244 547 143 549 507 550 551 554 39 555 557 561 563 564 610 300 565 78 566 568 569 570 571 572 573 379 89 332 179 531 574 576 577 578 389 579 522 580 584 586 587 132 131 250 156 590 525 591 529 593 594 597 599 600 603 192 249 604 605 607 609 170 120 611 612 617 621 622 182 230 106 623 497 429 285 625 197 630 537 632 374 635 388 637 638 639 640 644 257 97 645 647 485 80 397 649 652 219 653 319 654 410 305
540 1 374 153
6 13 33 407 513 14 15 512 27 29 127 32 41 237 467 35 36 43 198 44 502 327 52 55 150 276 460 57 64 351 75 235 328 5 519 65 11 169 196 99 68 81 447 375 178 140 118 85 91 478 466 92 504 98 103 164 107 315 111 112 115 307 24 116 490 340 121 49 124 128 133 106 309 141 459 243 142 454 185 408 194 258 451 389 370 71 143 212 436 256 523 145 442 180 292 299 236 219 416 192 146 316 341 147 482 465 463 379 50 149 20 280 74 152 291 157 72 158 159 308 87 161 165 290 174 179 461 181 175 183 186 190 191 134 495 410 193 434 129 195 153 487 200 202 203 204 171 25 205 262 37 210 213 323 216 321 218 222 508 421 225 228 231 69 233 234 241 122 492 104 105 245 371 247 471 536 156 221 260 264 525 42 267 268 269 239 446 270 244 67 100 110 528 139 532 272 278 281 21 282 287 301 302 126 304 486 426 306 310 311 527 346 322 325 58 326 329 117 312 331 189 336 285 120 382 342 344 345 66 372 350 277 182 257 356 357 428 489 286 86 60 138 217 82 48 361 403 363 362 494 96 283 365 391 339 376 377 526 381 383 419 364 335 78 39 384 385 319 254 386 54 303 388 47 172 390 7 28 160 392 393 395 411 398 400 214 113 404 109 450 318 275 84 261 155 409 414 259 420 500 423 424 429 251 26 539 476 430 456 435 437 88 438 360 439 441 359 452 136 248 406 30 305 455 230 464 443 470 481 491 417 399 238 493 148 505 119 499 509 2 296 173 249 38 208 503 374 163 507 511 252 517 498 135 56 529 531 533 215 468 295 223 535 405 197 151 95 320 1 537 373 457 369 540
121 1 84 81
1 2 3 4 5 6 7 8 9 10 11 12 88 14 16 17 20 21 22 24 26 31 32 33 34 38 39 41 42 92 45 47 49 15 51 52 53 56 57 58 61 62 64 65 66 68 71 72 78 79 80 81 82 83 84 85 36 86 87 40 89 90 91 93 94 96 99 100 101 103 105 106 107 108 109 110 116 112 113 114 115 117 118 120
782 1 122 100
328 9 18 22 27 31 215 32 290 39 51 70 86 90 102 112 181 119 139 155 521 417 710 164 177 200 204 213 188 232 243 249 128 254 261 264 273 276 279 280 79 285 462 286 691 288 295 591 300 302 310 326 329 332 342 346 97 356 764 360 367 371 374 375 340 387 397 411 427 526 450 457 461 467 476 481 484 501 503 509 520 523 537 545 511 153 550 553 554 558 568 575 587 589 593 597 601 65 613 643 655 656 663 281 666 669 678 687 689 705 759 709 720 728 739 753 111 755 289 762 767 772
465 1 326 135
12 449 245 1 410 7 11 288 248 218 13 234 14 442 216 356 19 202 349 21 398 23 268 259 452 26 39 57 46 326 48 436 110 55 56 129 68 330 73 63 214 429 17 41 352 431 285 258 79 81 90 91 224 367 175 93 97 69 101 104 106 88 87 420 77 22 107 117 49 118 463 181 394 3 237 302 121 122 123 130 33 416 24 124 125 127 155 179 238 182 262 358 128 132 426 70 223 66 139 364 133 138 174 141 143 144 441 149 156 15 318 5 307 204 58 236 351 157 265 105 437 164 361 207 103 374 338 243 119 256 165 454 310 255 415 311 423 168 169 201 424 203 83 212 217 221 98 241 411 225 152 193 229 233 380 75 264 27 235 51 244 246 170 345 284 435 112 147 52 353 360 251 163 16 254 257 261 263 140 267 272 275 253 276 278 279 283 286 287 298 29 291 20 294 297 346 208 301 303 304 305 159 189 306 282 308 309 274 370 312 396 134 315 373 320 240 192 239 323 324 325 378 327 35 328 329 331 333 172 336 438 337 432 343 116 9 72 230 344 273 347 421 386 348 32 355 126 341 402 363 365 145 4 340 366 368 54 206 339 459 332 146 369 62 377 381 371 451 299 382 453 384 317 387 82 86 418 183 194 388 71 389 219 390 391 409 195 399 80 405 222 408 92 342 412 440 136 252 74 8 231 290 414 228 419 425 428 393 260 42 120 430 10 178 439 95 443 322 450 196 455 457 417 460 462 465
289 1 154 36
252 74 220 264 284 18 85 162 11 47 17 40 53 41 219 256 68 100 214 69 233 124 157 51 148 289 29 4 61 14 121 72 104 36 134 261 102 194 140 270 151 260 6 81 79 78 239 147 54 24 158 154 177 176 195 269 83 25 175 115 76 144 5 67 84 131 277 112 95 212 38 106 48 209 109 208 241 231 45 50 30 168 59 238 127 130 273 167 172 33 192 179 199 43 189 153 190 201 129 62 173 216 39 163 137 75 224 257 244 281 16 235 223 114 228 243 94 227 263 23 63 225 232 70 110 240 280 259 274 207 32 272 174 97 221 234 8 236 262 265 217 251 164 271 279 188 138 268 49 20 136 145 288 266
738 1 594 597
1 2 7 8 11 13 16 18 22 23 24 25 26 27 28 30 31 33 34 35 36 37 40 42 43 44 45 46 47 48 310 49 50 51 52 53 55 56 57 58 60 61 62 63 64 65 66 67 68 69 71 72 73 74 76 77 78 82 83 84 85 86 88 89 91 92 94 95 96 98 99 100 101 102 103 104 105 107 110 112 114 115 116 117 118 119 120 121 122 123 124 126 127 128 129 130 131 132 134 135 136 137 140 141 142 143 144 145 146 147 149 151 152 153 154 155 156 159 160 161 162 163 164 165 166 167 168 169 170 171 173 174 175 176 177 178 179 180 181 183 184 188 189 191 193 194 195 196 197 198 199 200 202 203 204 205 206 207 208 209 210 214 215 216 217 219 220 223 224 225 226 228 230 232 233 234 235 236 237 239 240 241 242 243 244 245 246 247 248 249 250 251 252 253 254 255 256 257 258 260 261 262 263 264 265 266 267 268 269 270 272 273 274 275 276 278 281 282 283 284 285 286 287 289 290 291 292 293 682 294 295 296 297 298 299 300 302 303 306 307 309 311 312 315 316 317 318 320 321 322 323 324 148 325 327 328 329 330 331 332 333 334 335 336 337 338 339 341 342 343 344 345 346 347 348 349 350 351 352 354 355 357 358 359 360 361 362 363 364 367 368 369 370 371 372 373 374 375 376 378 379 380 381 382 383 384 385 388 389 391 393 394 395 396 397 398 399 400 401 403 404 406 407 408 409 410 411 412 414 415 416 417 418 419 420 421 422 423 425 426 427 429 432 433 436 438 439 440 441 442 443 444 447 448 449 450 451 452 454 455 456 457 458 459 460 461 462 463 464 466 467 468 469 471 472 473 474 475 476 477 479 480 481 482 483 484 485 486 487 488 489 491 492 493 494 495 497 500 501 503 504 505 506 507 508 509 510 511 512 513 515 516 518 519 520 522 523 524 525 526 528 530 531 532 533 534 535 536 537 538 539 540 541 544 545 546 548 549 551 552 554 555 556 557 558 559 560 561 562 563 565 566 567 568 569 571 572 573 575 576 577 579 580 581 582 583 584 586 587 589 590 592 593 594 595 596 598 599 600 603 604 607 608 609 610 611 612 613 614 615 616 617 618 620 621 622 623 624 625 626 627 628 629 631 634 635 636 637 638 639 640 641 642 643 644 645 646 647 648 649 650 651 652 653 654 655 656 657 658 659 660 662 663 665 666 667 668 669 670 671 672 674 675 676 677 678 681 683 684 686 687 688 690 691 692 693 694 695 696 697 698 699 700 701 702 704 705 706 707 708 709 711 712 713 714 715 716 717 718 719 720 721 722 723 724 726 729 730 731 732 733 734 735 738
28 1 24 26
1 2 3 4 5 7 8 10 11 12 13 14 15 17 18 19 21 22 16 23 24 25 26 27
365 1 244 33
365 16 163 243 115 180 45 352 10 296 141 183 70 237 275 153 213 346 328 25 248 12 210 104 254 338 18 102 161 154 257 33 317 137 281 40 85 349 126 262 147 105 168 62 267 57 156 189 258 112 152 228 110 218 38 289 182 9 49 17 11 100 68 181 363 91 76 269 15 121 31 244 136 342 206 50 232 19 176 157 73 270 123 78 301 204 127 256 287 83 215 140 190 164 294 185 8 276 339 227 34 314 255 335 175 209 142 106 159 118 99 364 61 354 313 272 284 101 103 233 241 249 266 130 268 48 54 221 337 323 362 80 111 134 359 107 298 351 65 177 345 27 278 5 250 358 240 108 124 131 95 26 174 178 350 207 325 315 235 22 331 261 282 202 44 148 280 125 226 253 94 304 217 203 98 279 14 336 245 55 51 312 162 46 252 277 92 179 305 326 172 242 43 1 135 307 86 347 321 333 97 3 197 6 138 63 274 219 224 220 310 4 114 169 251 330 74 195 24 20 71 320 264 39 348 23 66 89 246 120 96 234 319 311 222 343 288 356 52 230 329 300 216 360
549 1 168 153
2 5 8 9 11 6 13 27 28 30 31 37 40 41 45 52 54 61 65 69 70 4 71 72 76 371 77 79 81 87 90 97 104 111 114 115 117 118 120 121 123 124 125 127 129 136 139 140 143 151 153 157 158 66 159 164 166 534 170 172 245 176 178 181 197 198 201 202 206 211 250 219 50 220 224 226 231 239 243 252 254 258 260 263 264 265 266 195 281 286 12 289 105 297 301 304 307 134 309 311 313 42 314 316 324 325 332 334 336 339 342 353 355 358 359 285 360 362 365 368 369 373 374 376 378 388 397 398 402 404 406 408 89 410 411 421 427 433 438 442 443 282 444 448 463 466 468 471 484 486 491 494 505 246 272 509 511 516 523 524 527 528 532 533 536 541 542 544
917 1 164 112
1 109 5 18 864 766 30 44 349 48 54 95 326 56 65 68 352 71 171 831 79 90 270 98 111 219 115 119 126 689 149 311 151 155 159 161 167 168 172 177 240 182 339 188 199 207 213 222 397 440 233 246 249 392 262 263 37 264 273 279 290 312 545 313 231 330 345 354 355 372 67 668 377 698 383 158 388 405 430 434 442 451 245 252 454 461 462 350 469 669 477 482 134 487 120 677 7 448 489 492 498 828 784 106 693 514 516 517 524 526 529 643 535 539 551 608 758 556 860 561 570 243 817 571 587 590 596 719 600 620 624 664 591 623 625 476 627 640 655 656 667 673 244 257 692 711 727 804 744 756 761 775 782 794 810 812 844 846 849 871 66 875 881 914
85 1 18 8
78 14 81 85 23 73 70 38 51 50 19 80 58 61 64 54 10 45
556 1 426 103
542 294 234 4 315 7 442 357 199 214 551 12 184 77 22 197 312 306 19 260 17 108 478 150 231 256 24 281 329 516 246 552 130 556 36 488 144 368 549 271 52 409 335 259 273 317 371 528 58 267 133 532 432 74 76 89 314 91 94 484 540 290 109 83 348 232 474 103 419 344 41 354 2 223 51 554 481 303 104 106 32 115 116 345 118 112 545 164 320 485 462 338 440 129 14 280 5 390 426 395 300 142 253 126 503 145 146 157 439 546 431 117 529 160 168 506 195 495 443 471 299 408 105 169 171 173 480 177 258 55 499 277 198 65 464 179 222 225 38 242 182 287 326 226 47 555 265 297 489 538 424 18 463 31 206 500 100 365 508 188 35 57 467 509 190 187 193 391 156 349 392 435 524 13 167 162 180 200 201 321 43 304 400 334 336 152 292 421 59 174 60 355 237 30 477 241 319 48 140 92 272 114 539 343 203 333 111 301 136 204 239 244 137 493 209 210 305 417 98 243 219 170 220 433 518 23 40 247 86 228 279 394 250 380 373 257 406 261 351 128 264 269 238 360 396 233 39 68 166 274 298 346 275 148 163 283 217 295 550 191 367 376 310 119 316 318 361 398 332 533 536 530 322 25 324 325 328 337 339 358 122 451 307 359 523 284 372 327 356 138 469 438 27 377 123 66 381 80 382 151 387 21 268 403 404 441 498 252 447 405 407 139 410 553 323 69 416 412 465 340 413 172 205 34 28 420 414 79 270 511 158 16 369 458 427 50 26 81 107 363 487 428 429 507 434 436 437 370 444 291 399 99 78 423 446 82 422 486 341 445 453 455 366 362 456 37 216 85 120 213 383 460 93 90 121 482 490 375 393 402 64 248 494 388 124 113 101 87 472 67 9 479 497 501 502 189 230 491 504 379 240 513 110 175 245 56 384 522 535 149 514 176 378 525 470 418 49 45 288 537 483 342 543 521 147 229
402 1 354 219
276 2 283 4 127 56 287 5 7 8 12 15 17 20 22 263 23 177 260 27 28 30 36 41 42 44 47 365 49 50 51 73 52 53 55 396 386 62 34 98 65 67 68 70 35 334 71 271 74 358 75 76 280 272 313 26 77 78 80 83 86 87 132 266 88 90 92 93 40 6 95 96 100 101 298 46 225 103 330 105 107 315 108 110 112 323 199 368 113 114 115 117 336 119 45 121 85 58 122 91 149 94 244 123 351 318 124 136 126 384 128 129 133 135 352 236 137 138 139 170 140 141 130 142 160 265 394 145 147 148 150 151 152 89 157 382 158 159 162 164 165 340 168 59 171 307 227 172 174 181 175 176 180 182 183 392 184 185 186 189 134 387 367 190 69 193 195 196 197 233 200 270 201 198 204 205 3 24 206 10 208 210 316 213 215 216 218 144 219 48 221 223 153 207 247 224 228 230 253 231 321 104 154 234 237 311 238 239 13 61 241 243 246 360 248 11 249 250 251 21 252 57 255 256 257 258 262 264 267 268 269 273 274 275 173 312 278 106 279 19 281 282 285 286 178 161 245 288 393 194 289 291 60 187 217 350 292 259 293 295 296 299 302 33 203 303 305 97 242 306 31 308 309 163 310 116 209 38 314 191 319 366 320 322 324 327 328 329 332 335 337 338 120 235 357 339 342 146 343 344 345 346 156 143 347 348 301 353 111 356 359 361 363 290 317 364 369 212 373 374 331 375 376 377 379 380 192 381 261 383 63 385 349 388 362 389 29 390 391 202 66 395 72 240 84 397 398 399 102 333 400 401 402 325
117 1 16 25
77 57 102 83 2 41 28 6 30 98 18 23 39 74 62 90
429 1 292 161
4 293 10 218 13 18 322 382 365 57 357 54 15 17 12 19 246 20 257 149 25 237 331 27 327 324 28 153 30 8 98 139 32 33 183 86 388 52 38 223 41 64 178 42 45 11 56 58 61 66 252 62 199 63 67 71 359 72 76 5 47 77 80 81 82 84 87 89 277 214 339 280 397 97 208 335 402 353 368 99 102 141 105 413 107 108 303 111 112 156 115 116 119 127 128 9 195 130 133 389 151 135 137 297 138 392 364 140 143 83 146 147 311 148 154 204 50 158 159 164 43 171 173 175 31 362 176 177 170 333 144 232 123 162 179 180 181 275 182 338 320 184 186 189 16 132 235 190 192 193 310 188 202 203 212 216 219 225 318 37 373 226 220 228 298 363 396 233 110 234 227 236 241 244 250 245 253 46 93 166 346 209 261 266 70 267 161 268 271 307 272 345 278 247 282 283 284 290 292 295 296 300 14 40 302 155 200 306 312 152 313 315 26 101 160 319 104 321 325 243 330 304 332 337 254 341 197 23 344 174 106 347 169 348 326 350 91 351 355 360 367 69 370 371 374 375 185 376 1 194 378 383 386 206 134 118 391 393 394 356 398 342 428 399 400 65 403 191 404 405 406 125 412 414 415 416 369 417 74 410 395 418 196 420 422 249 301 85 423 425 427 157
186 1 130 111
1 3 21 5 6 7 8 10 11 14 33 18 19 20 22 23 161 24 27 28 31 32 34 35 36 38 39 144 40 42 43 45 46 47 48 50 51 52 54 56 58 59 60 61 95 64 65 66 67 71 72 4 78 79 81 82 85 141 87 88 90 91 96 97 98 119 99 101 62 102 103 104 106 107 25 111 108 109 110 113 112 89 114 116 117 118 121 123 124 125 128 130 133 134 135 138 139 140 12 145 94 147 184 148 122 150 132 151 154 157 159 162 163 165 167 169 171 172 100 105 173 175 176 178 179 181 183 180 185 186
680 1 530 329
1 315 3 632 297 259 7 8 9 10 647 269 12 13 16 17 19 21 26 28 6 30 31 37 38 39 40 397 42 45 44 478 49 441 52 242 195 373 53 310 57 58 486 620 250 60 104 61 63 64 65 69 70 71 72 74 76 75 400 562 77 271 78 79 80 82 84 89 94 467 101 680 132 347 305 73 102 107 237 109 111 506 112 113 436 115 116 117 260 253 120 210 96 590 124 500 599 286 449 537 125 128 308 130 133 355 134 67 466 138 140 55 145 150 289 392 141 151 152 155 557 531 156 160 161 338 165 167 171 174 175 176 499 563 131 81 184 164 185 265 186 636 190 192 194 196 197 202 388 204 181 205 206 207 213 93 215 575 216 217 56 218 219 220 221 223 313 225 229 345 679 230 231 233 193 236 201 238 243 244 246 247 248 251 252 415 254 256 401 47 257 261 2 262 264 266 267 228 268 270 273 351 275 276 279 281 282 226 283 41 284 114 285 592 287 288 291 292 294 503 295 553 296 300 302 303 398 304 306 311 32 619 314 263 317 318 320 323 324 325 517 127 180 331 255 579 332 312 379 333 334 335 29 235 339 143 169 395 410 341 342 348 349 532 15 665 602 652 352 354 529 358 368 420 359 360 361 166 432 363 364 366 434 293 369 451 510 370 372 105 377 573 522 380 66 241 381 382 385 389 390 393 394 396 587 407 456 408 411 412 615 374 413 416 419 633 423 424 425 427 429 430 613 431 435 129 437 384 208 438 439 442 445 554 189 328 446 227 447 5 450 88 452 85 27 367 453 454 414 455 460 137 470 119 461 462 463 464 465 148 469 199 542 471 472 474 475 513 476 480 240 200 482 543 483 20 484 43 23 488 87 490 491 493 495 477 103 498 566 549 504 641 433 406 280 51 507 508 405 511 514 509 515 178 278 516 518 519 524 525 526 173 527 528 402 530 344 497 533 535 595 616 536 538 540 329 541 545 54 546 550 211 593 479 551 340 146 558 559 560 561 191 564 565 567 239 321 568 571 572 576 580 577 578 159 383 581 582 539 139 583 299 584 588 589 591 594 596 598 574 600 601 603 605 607 608 203 153 610 611 35 343 614 618 556 621 622 623 628 422 629 630 674 631 634 635 637 135 638 639 640 643 644 645 272 326 646 448 649 46 653 654 656 659 660 661 136 662 664 666 234 668 187 669 671 672 677 168 678 612
95 1 36 29
4 7 16 85 95 19 20 22 23 81 35 1 26 36 37 42 43 45 47 49 82 54 57 58 61 63 21 59 66 74 86 83 51 87 94 2
356 1 140 130
1 9 13 16 14 21 23 26 27 28 30 35 41 116 43 45 46 47 51 53 61 63 64 65 66 73 74 75 78 83 84 85 291 88 100 106 109 111 112 118 120 122 124 131 133 172 134 136 138 141 142 143 145 147 148 149 153 154 159 160 320 162 164 165 170 175 176 243 178 180 181 184 188 189 194 195 196 201 204 207 208 209 211 217 223 226 227 354 304 123 230 231 232 233 239 240 242 245 246 247 251 256 257 260 261 262 200 22 264 271 275 58 276 277 279 284 285 290 292 296 298 299 309 311 312 313 319 321 281 10 324 327 331 333 337 338 340 343 350 356
120 1 62 51
4 5 8 116 10 11 12 16 17 70 20 22 28 31 32 7 36 39 41 86 42 51 53 56 38 48 63 64 65 67 68 26 69 73 75 60 79 80 82 83 84 85 88 89 46 91 9 45 94 37 95 97 100 101 102 109 114 115 117 24 120 96
153 1 14 11
6 24 39 107 74 28 43 64 133 73 120 53 112 129
533 1 170 55
31 409 169 33 290 489 51 458 66 167 39 55 407 314 182 286 99 441 108 350 57 74 196 78 300 126 91 435 510 94 347 111 118 122 125 105 488 467 128 247 452 532 464 523 275 141 251 484 144 480 151 158 166 168 180 263 165 305 229 226 230 48 235 248 302 231 92 170 97 50 53 104 148 527 233 405 72 237 239 42 423 262 428 277 469 193 519 427 15 288 103 178 185 431 7 179 266 95 30 257 496 455 282 274 394 293 245 217 8 370 304 100 337 145 339 348 371 381 368 448 384 124 335 47 116 424 244 98 349 357 334 397 512 416 419 345 490 156 352 401 123 420 206 515 434 390 259 62 131 504 326 453 439 470 46 472 481 482 415 493 500 6 13 96 476 514 520 499 146 208
280 1 150 95
1 268 139 3 8 9 168 10 11 15 19 188 23 28 29 33 42 194 31 212 46 50 54 59 61 62 21 65 66 67 213 68 70 71 72 184 97 73 277 2 259 74 79 40 80 39 260 82 7 86 247 93 99 105 96 98 107 109 111 114 117 120 123 6 229 148 124 126 129 131 135 43 136 138 141 142 231 113 155 157 254 158 13 161 244 162 163 104 249 32 164 169 134 171 174 178 181 159 214 36 187 202 223 210 216 49 149 24 209 218 189 222 91 224 130 228 166 150 75 230 233 235 237 106 137 238 37 156 239 243 246 250 121 255 251 191 257 258 275 261 262 264 266 26 270 133 132 273 278 280
280 1 152 133
5 6 8 10 11 46 13 17 19 20 21 23 27 28 29 30 275 34 35 37 18 39 41 42 43 47 50 52 54 149 55 56 58 61 63 67 70 71 45 73 273 74 1 75 79 80 83 84 33 86 32 88 93 94 96 97 98 253 99 100 278 102 105 106 107 108 109 110 112 114 115 277 116 119 120 121 122 25 129 101 193 131 132 136 137 140 141 144 145 147 148 152 154 155 234 157 158 159 162 165 166 168 169 174 175 176 178 183 184 188 189 190 164 192 195 196 197 198 199 203 206 207 211 221 214 78 216 223 226 230 236 237 238 240 241 244 245 247 249 250 255 256 133 259 261 265 267 271 274 276 279 280
100 1 58 16
38 67 66 87 73 19 40 42 57 41 23 22 56 74 58 64 89 43 36 94 46 61 17 88 15 68 13 49 9 76 55 8 51 62 71 85 77 63 92 12 78 7 33 82 99 31 14 27 91 95 81 4 75 32 34 50 1 96
116 1 78 40
37 23 10 105 19 78 31 24 29 33 85 38 36 109 48 46 45 35 103 54 63 22 51 99 61 113 16 60 40 12 79 20 34 65 66 69 21 76 27 70 5 88 82 71 41 95 75 7 116 111 17 26 84 52 91 101 77 86 25 90 68 6 93 98 92 115 50 100 104 53 87 106 74 112 15 107 44 3
920 1 346 194
8 401 14 307 189 11 27 429 15 19 516 23 2 658 28 30 741 608 34 54 56 365 57 158 227 747 837 729 58 64 65 70 159 392 76 84 115 86 800 108 769 111 124 224 125 336 128 133 60 293 612 46 138 149 153 236 884 683 432 156 176 178 155 121 184 857 43 493 188 249 102 193 855 200 17 199 205 207 1 208 209 574 211 212 202 820 223 894 230 238 239 241 243 166 552 246 247 251 258 259 260 276 529 280 286 292 295 712 655 301 617 305 856 306 314 792 52 778 316 435 330 333 338 345 514 347 353 355 426 363 375 376 819 640 379 383 621 384 161 388 390 462 285 868 399 750 411 419 36 911 423 424 428 916 430 434 440 443 915 861 444 446 504 167 231 447 448 452 842 455 464 265 631 475 867 436 234 476 252 480 312 590 299 332 481 486 723 754 488 497 502 509 510 512 513 505 386 761 517 528 531 541 549 550 555 578 580 589 96 593 595 598 604 610 611 613 318 622 639 523 649 319 650 5 910 652 656 654 661 662 667 672 682 140 685 686 691 701 103 671 42 704 706 708 606 714 716 717 718 719 457 721 726 341 736 740 743 675 511 12 99 746 895 755 918 50 757 773 883 809 832 771 905 776 777 780 664 194 380 782 410 324 864 784 154 786 557 913 787 92 657 648 163 94 791 794 902 821 798 130 226 801 807 818 862 827 752 831 834 846 848 851 196 901 852 858 860 871 873 396 885 645 889 107 696 588 242 898 244 899 389 903 618 904 906 629 907 442 909 912 577 273 556 248 334 914
956 1 366 240
2 220 6 8 953 531 10 135 364 24 112 25 45 46 49 295 583 53 57 846 594 62 65 67 69 70 71 76 117 900 86 155 90 87 645 95 99 103 384 104 106 116 118 123 124 128 133 97 735 137 120 138 88 652 139 403 140 141 144 146 147 367 227 910 150 158 160 168 172 946 176 179 180 92 424 441 181 806 185 187 189 261 192 193 589 195 198 204 586 598 912 734 205 206 207 215 294 218 219 228 607 555 235 236 237 239 252 260 264 305 949 320 267 272 282 273 287 288 633 941 293 300 66 307 310 312 319 321 323 324 327 329 923 270 604 58 337 339 347 351 353 362 875 365 257 931 717 374 379 381 400 322 402 649 40 404 406 334 19 412 77 417 418 419 422 833 427 432 397 434 634 440 574 443 447 457 460 757 470 475 478 349 723 5 484 485 488 869 492 499 502 504 801 507 463 508 509 426 511 513 514 520 521 225 523 880 933 525 527 533 535 682 317 536 537 326 541 542 544 655 850 314 839 547 550 551 184 552 924 563 567 671 572 573 578 776 84 579 809 584 597 600 940 467 602 603 605 608 616 623 599 627 635 640 644 648 659 661 672 678 338 259 332 686 690 222 564 692 693 705 713 719 921 722 725 726 641 737 740 770 747 751 754 758 371 762 764 476 765 629 728 569 684 766 126 768 777 782 352 851 784 785 786 787 791 794 793 796 800 802 808 811 812 695 818 819 821 827 681 835 836 837 676 841 853 854 855 862 673 864 455 868 421 870 162 110 896 153 145 696 882 883 840 491 890 892 898 902 904 276 929 906 907 108 908 4 73 914 917 935 653 936 954 955 345 956
311 1 258 112
4 110 5 6 10 12 13 14 32 16 162 225 19 30 20 109 24 80 25 255 26 34 35 17 15 40 308 259 142 230 43 281 48 49 157 52 53 60 246 302 61 98 121 63 11 64 116 65 206 91 69 275 70 71 208 201 231 7 76 77 81 82 85 87 154 90 54 274 310 95 96 99 193 33 8 100 101 307 298 102 305 103 18 222 104 106 303 264 273 156 31 111 268 207 135 282 113 118 23 119 123 215 27 130 276 105 164 125 161 126 127 177 286 297 66 131 44 84 132 210 133 138 42 139 143 251 144 256 278 137 145 244 97 202 147 191 254 62 159 89 285 59 3 163 165 39 112 209 120 173 146 194 108 73 247 36 58 68 168 169 172 152 174 175 178 296 86 180 45 226 186 189 197 92 199 170 1 212 213 271 182 214 79 223 279 227 228 72 51 232 233 41 234 107 117 74 292 243 238 239 241 242 129 245 249 29 253 287 136 67 280 229 258 260 203 184 151 257 262 190 22 284 265 158 217 267 219 300 204 269 270 185 272 38 277 283 134 288 311 148 166 290 291 205 294 237 128 301 47 167 141 240 306 83 250 309 261 266
597 1 166 33
48 181 596 30 567 493 62 331 450 16 40 549 552 579 119 227 145 154 147 511 396 540 553 269 580 176 506 371 306 398 407 268 216 283 341 171 316 409 197 581 489 422 219 296 270 68 368 42 513 512 64 160 456 229 25 148 472 261 387 377 267 342 37 293 410 299 43 332 494 57 303 290 451 337 354 51 352 572 363 248 556 402 271 366 41 32 507 399 326 10 253 184 374 67 588 386 233 17 164 126 274 408 431 304 367 63 81 447 314 412 87 395 12 321 210 372 460 221 520 168 297 449 292 251 591 240 235 462 440 53 544 463 538 255 317 78 249 140 467 257 421 383 419 584 146 516 454 152 434 116 205 101 123 89 522 496 99 405 144 254 165 343 345 555 562 141
428 1 16 12
12 65 44 161 160 60 127 215 418 312 35 178 342 353 42 221
7 1 2 16
2 5
657 1 136 57
2 146 309 8 189 213 159 551 168 158 18 19 525 21 193 434 400 39 351 46 136 511 55 59 180 66 70 63 162 72 17 73 613 642 427 327 94 122 127 134 172 116 430 235 148 433 149 190 455 379 558 329 44 222 275 637 272 154 165 285 516 548 287 197 295 40 330 445 296 106 297 339 350 9 131 407 357 441 362 370 394 324 413 314 267 446 497 414 439 412 161 325 493 265 459 460 395 542 463 6 468 232 486 490 41 550 337 630 284 469 231 498 628 315 530 648 472 142 538 563 574 451 577 382 592 594 26 601 322 496 130 604 109 145 207 627
907 1 248 32
102 193 171 648 464 804 209 84 396 90 828 202 377 732 419 586 403 888 91 304 186 465 357 795 16 134 637 54 140 711 218 883 553 646 610 718 789 81 613 559 725 512 889 443 532 127 295 847 575 482 578 685 213 33 142 195 10 353 848 280 330 359 406 664 109 23 494 816 733 405 46 743 302 176 366 49 200 291 832 890 850 18 572 749 612 640 215 244 391 456 635 663 857 785 208 843 292 653 98 794 600 133 555 248 875 387 682 808 407 454 583 194 493 118 694 667 275 306 634 514 585 385 229 771 501 453 628 680 428 830 675 705 531 254 178 810 845 114 869 662 558 424 57 623 336 641 898 802 13 148 66 886 73 434 818 488 649 684 231 678 681 25 550 782 642 401 42 656 2 721 704 141 518 373 128 32 240 790 145 313 20 241 699 703 155 716 723 329 262 606 421 895 853 822 597 5 589 283 188 289 56 44 8 119 156 562 697 856 124 819 469 471 900 379 161 629 276 290 205 862 854 263 730 858 513 45 77 833 303 7 595 394 534 527 598 247 287 335 450 3 547 204 112 880 170 878 568 9
676 1 590 309
202 1 2 3 4 439 5 6 257 456 143 290 302 7 8 11 309 299 17 20 24 28 249 29 34 44 623 45 46 47 659 36 48 50 106 61 173 507 62 161 63 119 672 68 69 610 70 77 79 255 367 90 304 81 82 92 613 85 126 87 537 88 384 210 91 94 298 447 597 64 97 98 25 201 100 101 153 538 644 624 103 223 104 385 105 108 190 109 207 111 524 112 113 338 114 117 293 120 123 258 124 125 127 128 129 130 217 131 534 162 132 133 559 135 136 446 371 138 362 633 140 142 148 660 149 154 157 158 159 541 418 170 172 174 175 177 179 259 650 492 181 182 444 183 57 412 518 184 187 165 188 232 334 375 360 192 544 195 247 178 566 197 200 205 505 301 137 206 529 389 212 215 463 429 219 221 496 224 225 226 227 598 228 295 229 233 234 235 151 186 237 14 239 666 240 241 244 76 245 246 250 196 256 292 260 262 266 267 269 533 271 272 10 168 637 84 654 273 573 276 277 278 325 332 279 281 656 283 285 275 286 471 617 289 110 163 156 296 297 303 306 307 493 583 308 310 313 540 435 78 314 316 248 317 242 318 322 323 512 426 144 324 581 145 327 75 658 665 328 547 618 330 331 335 336 337 339 300 340 341 312 343 218 134 39 668 344 18 35 346 536 347 348 349 351 353 354 355 89 549 357 359 361 51 363 404 150 365 27 53 366 368 238 369 370 376 152 378 379 329 380 383 171 387 417 675 58 141 436 216 390 392 500 393 513 147 475 394 395 59 32 605 564 396 230 452 397 398 253 399 342 401 403 655 407 220 570 408 409 410 411 591 413 416 164 263 420 422 664 424 428 93 476 430 54 432 204 433 445 193 448 515 453 454 458 402 528 440 459 102 461 462 252 465 466 588 467 469 160 472 473 474 478 479 482 419 121 649 484 261 485 425 572 486 107 532 487 80 488 166 320 268 251 386 490 491 494 213 60 33 288 497 498 506 508 468 509 511 514 516 31 517 13 520 521 522 406 523 480 15 284 167 525 557 527 611 531 535 539 545 315 352 550 552 553 607 554 358 555 625 74 558 209 526 560 561 562 563 569 596 41 574 576 265 287 71 579 578 443 377 582 116 548 96 584 586 457 589 169 592 593 282 222 477 510 594 503 595 9 599 600 602 23 642 438 603 95 319 604 391 388 661 567 291 12 606 231 608 609 616 65 542 504 620 621 626 556 364 628 451 146 629 72 26 630 243 73 631 565 546 632 634 635 636 639 640 52 645 646 280 495 67 647 274 321 214 651 194 652 350 519 56 643 657 115 571 663 449 667 669 460 481 670 587 575 671 673 264 674 676
185 1 10 11
1 19 20 27 35 43 90 119 149 183
390 1 112 38
109 302 250 275 358 1 373 166 298 18 51 113 266 185 288 282 326 379 261 142 181 183 34 95 60 129 248 57 133 319 380 23 86 291 75 144 115 150 213 267 286 294 147 162 245 296 168 97 164 293 328 167 182 233 42 351 3 104 307 272 176 203 349 45 127 209 219 236 249 88 196 336 173 204 292 348 339 352 253 354 67 276 310 301 334 277 125 371 289 141 311 270 32 149 56 306 187 361 258 234 281 365 217 146 73 355 290 72 108 123 13 360
246 1 54 14
181 2 86 133 150 8 11 190 77 118 109 196 172 16 37 155 21 209 49 51 211 145 89 36 238 236 111 22 213 81 106 187 167 204 152 185 146 205 114 164 173 218 101 195 168 1 103 188 88 141 139 66 137 7
233 1 84 87
3 5 12 13 16 17 20 21 25 28 38 39 40 41 42 48 50 59 60 64 65 67 70 78 81 83 84 85 87 91 92 97 98 104 105 106 108 112 118 119 121 122 127 132 135 136 137 139 141 146 148 149 150 154 159 161 162 164 170 174 177 181 182 186 187 193 194 196 202 203 204 205 210 211 212 214 216 218 220 221 222 225 228 230
501 1 72 29
21 31 123 54 108 440 231 220 456 111 388 122 211 323 124 243 159 336 106 390 168 374 184 141 218 442 174 248 410 250 472 273 305 448 371 277 303 446 291 333 30 367 173 145 125 383 230 330 404 406 161 238 235 222 73 314 65 407 421 453 208 299 115 491 495 435 100 431 397 385 8 85
763 1 160 136
3 11 22 23 34 36 40 42 59 69 71 696 75 254 82 85 88 90 93 97 100 101 200 573 110 114 120 618 135 136 214 141 147 149 150 533 151 154 127 158 159 166 175 180 181 183 184 187 189 193 196 212 182 202 206 96 208 405 210 221 226 237 238 240 373 245 246 257 261 271 284 288 323 297 312 319 435 320 327 335 348 349 359 367 370 372 382 395 403 556 404 409 417 424 449 452 248 483 492 504 505 513 521 550 26 526 529 530 534 541 549 565 569 574 578 580 582 589 592 593 162 596 295 607 616 619 621 425 622 630 634 640 645 655 220 662 667 682 7 683 689 547 692 693 194 598 697 704 707 712 714 718 722 725 691 736 741 744 755 761
700 1 250 155
625 1 4 6 8 9 38 533 11 486 14 19 20 293 289 591 21 26 168 582 588 40 463 230 44 47 50 679 55 31 56 274 205 70 73 75 305 578 33 81 86 53 90 91 93 585 281 544 103 104 106 528 108 120 121 122 124 125 48 128 562 129 135 138 467 144 158 382 172 173 384 42 175 178 188 190 192 195 198 263 496 201 97 207 453 184 213 378 215 315 222 418 223 353 579 224 232 234 245 247 248 564 250 253 256 179 262 278 279 288 396 369 297 304 308 311 236 313 527 613 314 318 320 323 474 517 328 330 331 340 357 154 366 371 57 525 71 509 379 386 392 404 617 632 204 393 397 400 402 411 206 413 132 96 414 417 420 567 421 426 428 431 251 434 439 646 446 450 452 68 264 149 456 461 214 466 98 468 469 475 478 552 491 500 506 515 521 529 63 534 535 416 536 555 561 119 565 576 77 577 85 74 238 587 592 594 480 599 600 227 604 614 622 501 628 12 270 633 635 644 647 648 651 655 465 698 370 580 631 656 361 661 177 541 664 670 672 303 438 458 681 209 457 685 390 321 687 424 688 246
169 1 164 54
143 123 164 86 2 124 117 81 8 131 13 102 23 109 40 64 169 165 145 82 105 1 24 97 27 56 93 28 29 30 142 76 39 41 84 42 152 44 66 9 46 47 137 49 159 51 4 53 21 48 20 122 57 58 61 62 67 149 6 162 119 126 16 163 52 89 156 54 19 17 116 73 36 96 35 75 74 111 59 77 78 55 80 160 140 65 87 33 107 83 32 90 22 12 115 95 101 99 168 104 7 110 14 108 10 161 94 106 154 68 112 3 114 5 113 120 121 144 43 103 127 158 92 128 157 148 129 85 70 18 130 134 38 136 132 138 50 139 31 141 135 118 166 69 133 34 147 146 63 26 91 60 11 79 150 151 37 153 155 98 100 15 72 167
133 1 46 19
46 2 14 16 12 51 44 36 106 123 6 8 18 34 110 32 22 27 67 35 33 7 38 48 56 104 72 77 79 73 55 57 31 61 76 37 90 85 78 100 1 25 92 125 122 4
473 1 322 38
286 77 165 19 428 299 7 433 60 135 383 341 400 177 81 231 443 32 125 318 305 33 211 26 411 230 229 345 18 252 123 283 175 205 23 389 425 103 80 83 196 429 222 308 200 427 199 275 30 178 372 466 118 321 320 392 259 40 160 262 236 386 136 397 360 63 17 31 409 442 203 190 97 461 85 381 458 246 438 35 73 459 224 447 150 151 350 241 358 188 456 330 111 342 267 354 176 255 408 8 213 238 333 193 379 423 142 154 254 369 417 404 272 382 289 126 312 146 68 296 110 64 25 271 337 465 212 396 388 323 410 302 82 290 22 322 44 334 368 164 48 79 327 207 59 221 105 228 266 282 328 46 235 137 247 58 184 132 340 444 377 101 464 391 256 346 168 191 117 435 257 356 446 88 469 89 347 218 420 219 11 93 273 163 384 422 470 240 292 473 86 20 206 78 307 303 274 313 436 104 74 403 138 416 96 144 317 128 16 281 280 72 130 279 395 339 55 398 171 43 301 258 298 300 245 180 220 145 119 373 310 304 192 268 306 122 437 195 430 351 239 297 467 371 378 121 315 263 326 336 109 343 115 170 69 90 468 449 463 67 352 348 237 114 329 385 291 51 269 431 415 316 294 173 108 363 133 37 129 147 4 127 179 98 418 226 1 66 450 75 148 167 3 157 50 287 359 91 439 375 471 457 309 140 460 201 265 441 94 214 451 6 76 194 225 53 162 335 70 227 419 198
809 1 662 307
5 9 66 18 678 306 19 560 637 20 25 26 30 32 38 40 402 713 44 48 365 50 120 285 51 77 52 331 54 55 176 193 519 197 699 61 62 68 73 75 195 79 80 84 91 533 163 201 94 95 97 98 676 99 145 563 105 125 107 59 2 108 113 114 669 781 185 661 255 578 764 116 118 243 374 472 123 124 126 391 664 431 106 135 136 140 677 450 143 325 144 617 151 96 152 153 154 147 158 456 236 189 672 133 280 162 509 440 249 720 354 8 137 165 166 528 63 170 416 178 171 180 573 181 184 186 191 192 272 199 190 558 620 398 200 327 432 12 333 205 803 206 283 207 355 659 706 209 771 353 211 503 216 220 776 222 24 33 415 225 228 656 232 141 229 233 130 234 208 238 89 239 240 241 312 242 684 383 244 451 245 259 251 253 256 7 65 212 57 132 439 487 300 260 261 223 262 263 266 267 582 584 72 268 387 46 188 270 621 747 157 429 64 258 21 110 274 453 750 275 613 81 278 541 634 286 37 394 588 287 441 288 712 196 808 293 296 321 299 631 160 303 568 304 309 523 310 653 313 315 544 42 515 316 550 317 23 457 320 322 323 326 334 769 336 505 337 338 484 339 289 340 599 341 279 344 347 343 700 350 237 6 583 351 34 332 357 358 359 31 314 69 452 800 360 361 362 28 755 41 782 172 648 318 367 649 138 490 369 594 436 371 748 547 373 378 375 377 380 796 767 381 385 386 388 689 13 390 67 328 392 395 115 396 117 319 400 407 168 202 235 45 587 403 404 4 408 629 409 219 663 535 406 410 412 639 413 420 417 330 418 422 425 252 760 732 428 198 430 435 88 438 719 630 444 35 586 549 772 446 14 447 458 183 459 643 572 466 551 149 218 739 473 474 60 467 741 70 119 475 308 305 476 433 746 477 478 592 479 666 483 485 86 492 495 384 497 290 501 504 78 507 512 694 227 142 514 518 525 382 527 364 775 76 696 530 534 522 536 100 83 1 167 537 411 577 538 727 773 647 645 540 250 427 615 542 545 553 554 555 559 711 368 766 282 564 561 552 566 15 335 569 571 574 575 576 593 595 768 214 596 464 597 329 600 500 602 603 605 210 74 797 606 779 49 579 609 442 610 614 616 679 611 618 622 623 744 624 461 762 742 570 635 482 638 644 650 224 654 780 217 657 658 660 213 53 703 662 264 687 668 671 673 182 674 675 681 682 626 683 685 585 480 688 221 691 692 134 276 693 448 103 520 697 129 146 468 43 22 701 702 109 646 707 298 150 715 722 724 725 494 695 726 511 496 173 729 728 736 246 265 443 155 716 481 757 737 751 445 752 753 754 756 758 759 307 401 508 761 765 379 56 770 777 139 85 121 802 651 774 254 778 723 393 93 491 122 58 809 783 785 101 302 557 698 348 516 311 786 455 788 92 539 521 743 789 790 529 791 607 517 792 745 345 793 794 795 799 801 526 805 806 556 161 82 499 284 636 463 128 807 470
710 1 166 29
364 581 674 299 80 696 62 407 110 695 393 421 618 544 271 506 647 425 423 543 652 4 26 345 675 456 633 502 201 130 203 474 89 527 277 53 48 155 121 575 99 253 452 118 306 636 320 537 179 101 307 86 174 268 209 624 195 487 300 106 260 333 372 437 625 536 213 503 52 338 267 243 319 81 687 428 450 184 281 97 34 109 517 381 525 59 78 528 484 481 233 27 496 368 609 301 493 265 138 560 612 533 447 681 556 263 228 370 95 373 98 346 183 358 671 632 465 331 693 18 65 38 688 7 459 156 187 289 403 83 206 434 208 422 43 375 534 694 554 564 466 190 568 6 144 539 254 385 457 150 614 595 476 288 596 100 82 591 592 619 644 607 691 198 239 217
9 1 8 7
2 1 8 3 4 5 7 6
730 1 188 38
418 639 329 72 449 133 148 469 724 460 292 565 716 726 367 145 60 96 452 182 163 268 211 407 151 23 173 32 511 256 273 531 723 492 31 456 539 278 70 291 277 297 384 284 466 438 313 555 15 147 245 339 192 656 146 83 59 564 458 21 248 372 304 135 610 455 310 524 264 317 414 347 160 69 352 265 29 599 484 370 375 358 374 205 411 586 86 124 528 110 41 319 525 43 521 491 720 421 416 191 427 522 221 176 397 79 27 343 597 144 282 702 441 546 261 215 505 448 504 424 87 483 552 582 464 117 271 140 593 554 251 235 568 25 572 459 506 569 601 548 573 618 485 405 90 299 177 563 682 422 396 228 92 58 434 686 290 643 159 408 39 254 353 470 342 383 323 635 637 703 707 592 551 670 698 62 719 330 653 451 699 56 398 259 190 337 612 595
903 1 216 191
2 10 358 12 14 15 17 19 21 23 28 49 62 33 64 69 70 78 82 87 88 95 96 699 97 362 100 102 108 116 133 550 140 145 150 154 156 479 161 162 166 172 731 180 181 193 197 199 205 207 208 214 236 238 239 777 243 244 294 245 247 248 253 254 255 258 268 272 275 276 283 288 592 296 298 307 308 40 310 314 326 327 328 329 330 331 337 711 340 344 349 352 356 359 361 365 366 371 376 379 385 407 409 411 418 420 431 436 442 466 471 452 476 485 489 492 559 498 198 503 335 505 509 513 719 528 524 535 536 539 544 545 547 553 555 556 557 558 570 573 615 576 577 580 593 447 597 599 600 612 620 622 626 634 639 646 653 654 661 663 665 667 841 673 682 684 691 693 694 700 708 710 722 727 851 747 749 753 705 756 763 769 770 775 305 596 780 788 793 794 805 808 672 809 813 820 825 827 828 833 834 844 849 856 859 864 873 876 877 883 604 886 605 889 893 899
524 1 466 386
1 2 4 177 453 5 8 9 10 11 135 12 13 16 17 19 20 148 104 21 22 23 24 168 224 28 31 33 34 35 37 39 40 41 43 45 48 50 350 51 57 52 53 54 56 58 60 63 349 61 15 449 62 64 65 66 69 70 71 72 74 75 472 76 77 78 79 80 128 81 82 84 86 49 87 89 91 92 310 93 94 95 96 98 99 100 102 485 103 105 362 106 107 108 109 110 112 113 114 116 26 118 119 120 122 123 124 125 127 130 131 132 133 492 134 136 140 141 142 143 144 145 170 146 147 191 149 150 264 151 152 153 155 364 156 157 158 159 161 73 162 163 164 165 166 90 169 171 172 173 239 174 175 176 178 179 180 181 182 36 183 332 184 185 186 187 188 189 190 192 308 160 428 193 195 196 197 198 200 202 204 205 207 208 210 211 212 213 215 216 217 218 219 220 221 223 383 225 227 228 229 230 231 232 404 42 233 234 235 236 237 238 240 241 353 243 244 245 246 248 249 250 252 253 256 257 222 258 259 260 261 263 438 265 267 268 269 270 44 272 273 129 274 495 275 276 277 278 279 280 283 462 284 285 286 518 287 306 288 289 290 291 292 293 32 297 298 299 302 303 425 304 305 309 311 312 314 315 317 318 319 320 38 203 321 322 323 324 325 115 326 242 328 329 330 331 214 333 334 335 337 301 354 491 338 339 340 341 307 342 343 403 344 409 345 138 347 351 352 355 356 357 358 359 360 361 363 366 367 368 369 370 371 29 372 373 374 448 375 376 378 379 508 85 382 385 416 432 386 387 388 389 390 25 391 392 393 394 7 395 396 397 399 401 402 405 346 407 408 411 412 413 414 415 417 6 266 418 419 420 421 313 422 55 139 423 424 426 427 18 430 431 209 433 434 435 436 437 439 440 441 442 443 444 446 447 450 451 452 454 455 456 459 461 463 516 67 464 465 466 467 468 470 471 473 474 476 477 478 398 479 480 481 482 483 68 524 486 487 281 489 490 496 497 498 499 501 502 503 504 505 271 507 509 510 512 513 514 515 517 519 520 521 101 522 523
501 1 150 60
496 10 23 188 93 342 276 214 377 24 38 262 482 76 478 53 313 87 90 261 207 135 315 114 118 146 384 128 295 134 174 147 297 54 301 499 175 19 150 305 254 473 202 213 215 406 495 238 479 242 247 265 466 484 271 317 284 81 205 152 475 145 286 314 292 462 333 369 303 306 170 401 184 269 336 312 316 408 318 324 137 248 157 343 375 236 281 346 353 44 354 260 35 17 177 454 61 82 37 181 130 355 383 239 107 264 139 413 419 359 105 376 220 180 347 30 228 88 187 391 486 477 57 233 223 115 270 268 89 409 420 427 3 435 439 453 334 108 469 468 330 416 459 483 345 500 106 190 258 395
296 1 74 71
2 3 5 7 8 14 18 21 26 32 38 281 40 44 16 45 57 63 67 70 54 75 77 83 89 94 100 102 103 105 111 115 125 129 135 136 137 140 144 148 37 150 156 162 166 177 178 181 190 191 200 207 22 210 222 223 228 229 231 233 242 257 258 259 272 273 276 280 286 290 92 292 295 296
818 1 218 38
43 312 191 665 518 97 37 179 448 621 85 488 157 622 438 430 111 192 321 355 247 221 472 432 419 688 195 618 380 32 441 31 632 252 357 495 569 253 397 561 446 266 184 116 270 461 498 534 680 308 216 775 112 544 144 101 394 339 568 635 729 444 378 678 320 114 660 508 340 749 381 597 17 565 412 291 691 293 214 103 548 224 133 449 249 159 351 289 284 160 711 454 799 739 456 476 149 384 220 582 649 445 131 626 741 480 123 507 585 237 737 244 322 797 25 406 199 436 295 521 602 119 388 324 730 686 633 13 698 21 30 389 685 227 370 235 337 509 288 654 75 250 522 818 607 657 788 319 753 465 586 163 557 627 61 762 576 752 682 198 623 527 694 720 721 647 267 463 772 50 792 458 231 540 704 306 757 311 107 631 664 648 506 793 738 644 475 424 617 29 616 817 808 431 563 785 800 333 423 603 551 76 747 727 225 646 1 69 684 674 232 659 49 158 768 300 816 484
354 1 102 21
115 302 81 183 311 238 18 95 147 152 213 103 26 100 195 203 94 43 310 325 290 80 114 79 229 294 236 263 242 93 337 247 316 161 217 176 178 99 252 27 19 20 68 275 1 301 31 69 60 319 84 137 206 146 330 210 66 342 42 248 289 172 344 202 300 278 160 272 73 105 30 246 157 314 173 305 187 193 299 167 156 159 243 7 306 155 317 82 179 201 292 47 10 59 107 38 346 215 251 333 304 171
455 1 126 30
433 137 193 270 134 342 359 65 6 96 77 421 186 314 452 102 228 438 119 115 282 407 290 199 201 394 384 259 127 267 32 321 19 169 289 455 312 139 61 141 347 45 386 446 46 325 244 72 227 185 53 231 81 224 274 187 380 197 429 411 295 317 132 174 236 99 445 140 203 31 22 423 219 114 226 79 118 424 369 252 355 50 107 55 206 215 11 399 238 275 198 276 190 296 202 14 225 104 299 414 345 200 251 235 167 329 27 42 334 437 344 426 214 358 432 300 338 366 365 1 142 2 80 417 33 382
496 1 58 48
4 14 18 34 85 479 37 49 63 66 208 76 81 96 114 129 138 139 141 158 19 171 184 339 225 249 277 286 318 287 303 333 354 362 374 377 92 385 428 409 418 285 24 429 441 444 445 446 453 455 465 473 484 485 486 298 283 488
146 1 10 4
108 41 130 64 17 60 42 93 90 16
684 1 400 180
1 190 55 528 3 4 500 523 15 90 606 24 679 33 161 118 224 85 35 209 129 40 665 452 488 537 45 47 168 134 52 427 54 458 212 313 63 374 299 74 76 617 471 77 83 88 89 46 92 279 93 79 94 624 672 97 100 613 141 109 116 119 339 120 124 385 612 128 133 417 552 217 135 139 140 654 142 143 311 144 146 408 159 622 61 169 170 172 307 179 395 181 553 187 191 491 277 538 195 75 91 107 199 344 13 201 239 203 204 205 592 189 14 588 208 673 215 216 218 629 185 378 183 377 219 589 221 229 232 234 237 432 238 178 241 556 534 248 251 252 372 257 122 265 267 393 289 268 541 269 544 476 270 513 333 381 441 272 273 276 64 280 284 465 346 271 56 285 510 635 290 634 291 297 50 602 301 315 444 669 596 316 249 150 600 317 319 253 320 392 323 328 329 332 246 363 82 338 342 349 352 41 233 355 358 366 376 382 675 546 274 87 367 682 43 384 535 213 389 34 390 306 163 426 478 261 396 399 482 518 663 400 403 664 227 580 404 22 99 409 411 27 640 421 211 558 36 572 343 240 53 200 425 266 428 431 435 300 436 438 446 456 305 459 514 214 96 524 460 361 466 472 149 484 486 490 496 497 310 463 2 647 147 493 502 507 511 415 515 517 520 633 525 451 443 526 318 530 193 532 137 527 536 345 49 548 549 98 557 559 453 562 296 394 564 206 547 566 424 568 570 198 413 569 112 173 437 576 584 587 601 603 605 607 611 364 652 618 62 619 631 235 632 117 638 579 641 16 645 158 649 11 136 650 651 95 327 573 653 387 657 597 351 405 578 625 414 658 659 623 247 350 259 210 106 581 661 662 670 545 671 560 58 680 485 429 60 449 677 630 324 681 683 407 614 220 386 207 282 684
166 1 34 24
2 6 9 14 18 34 39 125 56 152 61 65 78 153 81 155 112 113 29 117 86 69 77 72 88 124 142 51 47 129 54 134 141 143
49 1 20 10
46 34 9 13 3 23 16 8 30 43 44 22 36 27 24 20 47 38 42 41
767 1 476 154
64 5 7 129 144 226 30 50 613 322 604 6 265 18 297 194 682 21 757 455 456 309 439 214 31 421 38 40 522 371 449 46 43 57 70 71 657 145 312 76 82 573 712 321 662 193 609 25 422 147 148 701 615 79 626 578 390 83 222 84 585 92 110 12 181 41 113 136 704 294 127 223 281 149 130 693 218 258 324 72 138 140 660 278 515 155 93 101 87 474 120 156 638 176 428 379 131 114 158 167 521 348 170 694 115 182 188 190 196 736 198 286 276 132 210 215 237 486 212 434 610 224 234 227 327 329 228 410 229 230 489 349 205 235 165 323 98 333 174 561 275 236 245 253 221 259 261 15 53 602 344 262 264 636 75 202 669 284 266 298 269 52 154 734 274 65 357 163 252 292 478 293 300 302 183 683 310 305 306 706 14 364 313 111 128 288 450 567 315 370 319 539 142 304 320 345 346 350 391 351 358 766 699 51 367 368 69 335 37 382 243 415 492 475 402 316 407 283 197 392 553 411 299 438 20 157 62 482 444 614 607 448 457 583 356 213 463 686 541 618 543 307 472 481 24 568 484 621 625 177 740 55 447 469 400 73 560 189 672 544 470 678 493 494 554 497 272 141 267 499 500 502 10 507 514 201 433 537 179 579 525 91 33 529 330 550 246 534 16 542 547 673 166 465 74 674 527 725 254 556 191 555 175 11 557 565 464 572 343 184 505 473 601 89 122 446 582 667 225 409 584 587 590 406 257 336 383 591 508 617 592 594 623 597 168 517 466 504 403 100 495 600 85 606 577 631 611 106 366 26 612 689 116 61 620 90 632 232 635 526 160 461 200 641 325 643 146 559 3 108 152 647 337 637 622 359 664 540 107 697 680 413 385 691 685 35 731 389 692 695 698 630 8 700 702 718 619 340 705 291 373 32 460 726 207 437 290 96 708 520 710 427 251 280 711 162 595 48 713 121 23 715 717 418 219 151 719 727 105 459 387 208 263 239 589 19 139 273 86 721 722 314 104 724 22 511 271 744 440 645 728 548 732 723 562 412 737 765 743 150 238 28 747 355 249 746 416 549 605 2 753 571 173 369 761 480
141 1 92 17
36 34 127 134 91 79 37 71 113 122 112 9 31 93 114 26 130 29 82 107 1 66 118 80 110 32 95 119 2 27 57 8 19 30 81 53 15 104 125 20 21 97 52 102 17 137 74 61 18 92 83 106 16 64 13 11 40 124 126 86 85 3 140 33 117 78 51 4 139 6 39 133 65 63 120 135 62 38 46 105 132 73 7 108 89 5 49 68 101 14 47 69
48 1 32 14
5 10 9 26 14 11 18 19 41 22 4 13 2 45 1 20 34 42 48 12 47 44 31 37 35 3 32 46 7 24 6 16
1000 1 730 98
737 780 887 914 485 408 43 426 867 84 571 113 712 142 172 391 937 693 10 802 169 369 857 280 108 675 851 350 454 922 968 704 615 21 826 700 324 991 161 967 706 513 455 282 27 534 88 934 641 709 587 183 736 697 34 577 734 37 256 365 492 53 586 273 54 201 547 648 941 955 19 193 907 36 663 107 64 749 402 271 244 252 116 389 331 476 124 543 969 722 658 277 769 128 123 755 11 628 139 496 287 158 818 268 590 316 520 872 197 565 528 375 624 774 279 950 307 617 673 813 198 411 199 425 508 66 751 449 328 456 819 1000 504 314 743 762 667 499 834 20 742 228 874 300 619 162 240 954 767 242 752 35 817 855 254 231 258 401 49 891 150 301 642 918 179 792 430 4 760 917 684 22 137 505 259 836 644 120 844 912 281 995 318 645 241 262 330 164 951 381 270 194 153 114 297 535 315 341 272 348 635 122 352 625 62 551 354 283 481 486 180 883 971 359 368 438 949 181 782 361 794 942 913 665 439 78 788 649 901 187 570 707 666 900 879 376 669 397 517 603 100 204 627 797 313 637 5 32 406 562 190 989 842 290 488 409 538 715 191 207 467 15 653 690 451 903 360 223 724 452 61 457 739 908 87 463 398 869 469 82 829 86 809 230 235 203 416 638 260 498 227 889 379 923 115 357 838 177 202 447 462 423 839 771 440 963 924 897 40 173 129 471 717 474 343 744 243 461 493 437 608 507 340 575 501 820 729 745 544 475 808 134 714 506 983 811 514 215 131 904 657 696 378 130 602 444 677 977 651 790 374 412 607 988 516 702 232 117 530 490 537 226 450 410 80 337 680 209 655 28 302 856 812 413 863 542 60 593 753 95 548 926 895 779 356 111 67 981 654 497 166 915 986 927 419 312 303 502 433 18 559 833 125 509 351 536 550 584 265 564 459 566 572 525 473 581 446 589 992 598 632 521 929 448 662 320 219 384 609 403 326 174 873 540 105 386 385 420 136 606 407 671 768 596 623 55 7 689 639 533 443 523 893 740 436 633 266 620 682 799 239 711 24 424 719 434 957 237 822 334 310 367 285 687 803 643 650 621 146 685 688 148 94 338 831 849 489 460 332 346 98 79 748 238 810 366 694 163 966 184 405 713 761 414 549 264 594 660 171 418 698 2 96 294 97 870 71 750 859 885 205 362 261 13 770 773 286 168 58 781 683 756 972 388 255 730 846 789 311 1 853 576 668 154 557 494 936 800 850 363 880 472 48 718 31 798 214 44 30 323 342 931 527 445 948 511 806 821 126 185 89 947 68 791 526 196 825 482 278 699 871 102 979 636 569 591 178 76 854 210 560 828 553 604 466 263 188 905 555 143 841 738 429 422 832 383 858 70 597 710 248 961 725 38 470 141 503 500 588 104 848 399 73 865 118 868 90 329 840 52 973 288 746 491 93 195 909 932 465 92 786 427 860 519 387 681 373 943 224 247 65 733 3 944 25 830 400 495 793 845 421 428 274 775 182 952 47 956 852 345 109 541 349 902 960 994 980 211 910 377 816 727 522 984 554 758 322 292 415 364 306 578 9 592 558 804 843 33 987 741 896 878 631 703 291 170 132 246 723 656 532 916 763 997 245 317 45 432 611 999 138 51 250 561 75 747 257 382 91 930
714 1 356 191
1 10 58 12 18 146 19 21 29 33 130 34 36 43 47 432 30 452 439 639 308 106 51 28 52 79 217 117 53 55 70 112 59 205 61 588 63 675 66 74 558 698 45 416 158 503 76 95 234 99 269 101 103 443 108 109 110 111 198 113 124 16 129 245 132 659 505 135 136 137 141 641 142 143 147 152 360 156 160 661 239 576 163 704 165 65 177 178 179 188 176 190 394 423 381 192 214 57 199 203 83 249 519 210 211 215 216 220 222 382 189 223 292 225 13 324 229 300 483 386 230 236 240 366 241 252 255 265 114 528 267 270 422 273 232 275 278 284 586 185 94 291 293 461 226 297 550 301 374 303 305 307 311 170 325 317 133 603 322 331 24 337 582 342 343 243 346 350 356 359 131 405 362 122 372 376 401 378 258 398 385 392 191 407 410 413 418 424 154 253 676 473 338 426 542 67 430 442 409 444 445 653 440 96 304 652 557 446 449 454 458 460 361 463 464 48 469 474 487 493 495 498 540 242 501 502 510 516 380 433 49 520 521 524 526 195 529 530 654 511 614 281 532 535 289 541 658 548 466 551 182 139 224 7 552 127 554 536 262 296 579 657 702 559 250 560 561 41 562 566 568 484 584 587 635 238 481 590 619 686 600 593 492 668 186 594 595 164 107 227 598 599 607 246 263 609 617 624 597 126 367 88 517 625 630 632 371 312 352 634 456 636 637 417 93 644 330 272 419 277 645 649 563 651 655 90 656 155 673 660 662 640 344 633 664 357 183 667 671 64 567 368 684 687 689 429 212 690 700 707 709 710 399 711 712 713
811 1 222 60
4 596 375 271 721 626 11 635 73 449 258 526 702 3 383 410 810 484 559 353 779 488 53 708 146 67 71 495 738 279 69 76 81 88 462 487 86 260 178 294 130 120 593 280 265 686 184 13 149 567 756 658 541 455 236 604 800 732 429 100 170 111 786 739 558 595 201 171 316 408 534 398 514 99 182 175 26 179 21 401 221 222 521 19 249 223 186 251 254 256 611 244 115 555 219 330 583 642 17 396 503 15 257 7 110 594 267 102 167 631 70 268 269 281 293 322 215 270 121 132 680 697 778 317 196 332 581 328 336 356 327 133 224 176 289 54 373 481 290 418 518 399 512 780 470 305 599 478 423 669 733 582 320 715 659 765 480 600 79 314 497 554 500 463 676 434 38 506 442 84 524 556 530 532 538 542 162 544 539 145 141 57 202 570 274 573 458 764 20 116 603 620 628 563 633 450 533 74 749 360 207 648 661 692 703 575 376 730 743 762 157 42 777 10 452 25 792 118 476 496 310 247
896 1 732 437
409 873 5 326 687 7 11 13 16 17 18 20 181 21 236 23 26 707 228 774 28 34 349 36 38 237 122 191 39 830 461 43 45 265 46 833 792 47 217 49 50 51 53 429 608 56 424 414 772 60 62 677 65 69 70 71 73 74 77 79 582 83 732 85 663 401 86 737 87 241 90 379 679 851 202 52 434 91 94 303 639 99 100 102 58 104 430 105 359 107 108 110 76 771 113 114 531 125 115 119 121 752 95 126 127 571 22 704 133 742 250 134 814 224 539 766 738 499 136 138 139 19 140 141 142 536 198 143 144 391 145 147 148 179 153 158 161 163 167 169 528 171 619 172 733 57 778 175 700 837 97 176 184 185 308 187 496 188 352 190 192 193 196 399 200 201 204 208 182 723 209 211 212 488 855 213 214 216 220 226 229 231 232 233 235 495 118 239 240 242 245 286 246 247 64 249 584 400 467 443 165 251 252 254 177 255 66 256 259 610 260 261 803 853 262 120 264 270 272 273 276 278 279 727 282 244 599 284 623 285 287 549 292 606 294 295 629 296 297 299 300 302 305 309 312 314 315 111 281 14 275 583 316 318 319 283 320 775 321 324 325 647 327 81 328 329 227 331 334 337 340 849 280 342 711 793 344 625 345 221 347 306 746 348 253 530 350 353 354 703 338 356 611 358 360 363 437 587 365 473 207 366 372 373 374 881 375 367 377 378 445 522 380 887 223 382 384 385 386 387 388 389 790 390 205 393 394 395 396 178 397 398 402 238 801 310 425 206 795 404 8 405 408 410 526 415 416 417 523 418 420 762 412 123 381 422 423 534 426 313 428 432 9 494 555 435 436 438 439 440 442 444 44 688 447 561 449 452 710 453 458 782 735 879 459 462 464 465 157 466 472 475 479 480 854 613 481 482 483 485 487 489 491 651 493 497 336 498 811 501 515 502 503 505 376 355 484 510 511 512 513 263 589 514 180 517 883 518 519 520 524 527 533 535 538 543 699 550 684 551 552 553 554 403 557 559 716 317 560 562 565 460 566 567 80 575 576 577 581 585 586 588 82 590 506 591 724 170 199 848 103 592 593 218 594 541 595 469 596 343 598 600 604 75 362 605 10 607 609 612 745 614 456 4 277 618 890 620 195 621 622 624 627 628 371 630 796 812 721 631 867 633 59 15 634 570 635 636 842 637 383 569 638 323 640 641 341 642 643 645 646 33 874 291 650 568 652 29 653 654 655 330 658 109 311 659 660 243 573 664 665 667 669 670 672 674 676 678 682 680 681 683 685 690 656 35 692 40 78 675 693 694 696 697 698 868 701 702 750 93 705 712 714 809 715 718 720 722 556 289 725 151 563 726 210 729 731 734 736 739 137 741 743 744 748 753 755 756 757 293 219 758 759 760 761 3 763 32 764 894 765 55 768 156 477 769 457 149 770 773 776 779 781 307 844 783 786 174 48 787 507 788 333 791 446 794 450 800 857 269 882 673 804 805 806 168 808 810 413 492 813 30 6 817 818 822 825 719 826 88 789 454 828 829 831 832 203 834 835 486 836 602 838 574 840 843 490 845 162 846 852 132 856 863 858 859 860 861 862 864 661 865 823 866 869 871 780 89 508 872 875 877 815 159 878 695 884 839 298 547 885 617 886 888 891 626 892 893 12 895 509 896
340 1 274 109
328 255 194 290 23 313 2 1 3 241 321 141 232 138 331 4 5 7 116 157 226 8 13 16 154 24 20 332 175 22 113 28 64 214 29 122 96 97 253 31 146 34 37 38 39 134 127 207 205 227 310 42 43 93 44 174 118 45 324 98 21 299 111 47 143 52 53 85 182 209 99 56 261 57 203 218 59 68 71 292 73 274 55 129 75 90 81 82 200 83 117 84 80 107 14 87 89 95 284 153 36 124 46 100 288 156 315 140 103 104 109 222 10 114 120 123 177 125 126 192 130 148 320 136 155 319 158 162 337 165 166 131 168 11 169 206 170 173 259 61 178 180 334 76 252 202 246 32 15 187 188 196 204 264 339 211 220 233 234 236 63 239 240 333 243 256 271 79 244 245 6 276 247 248 250 338 160 108 172 41 249 201 19 251 133 184 208 110 257 25 185 163 263 340 235 266 268 323 145 269 316 190 224 40 297 112 294 287 273 193 267 189 277 301 278 279 272 280 281 119 303 221 48 291 293 335 296 147 298 12 265 139 210 65 302 105 35 304 9 305 306 307 171 58 322 70 309 330 314 242 195 283 317 135 300 318 325 176 50 229 327 151 88 60 329 231 62 132 336 198 197 137 164 282
673 1 174 131
359 1 7 512 612 24 41 492 48 51 64 103 69 70 76 86 93 110 102 663 114 116 581 119 120 126 130 138 139 142 144 146 147 148 150 157 162 283 46 186 177 188 189 22 190 192 254 193 210 216 220 230 367 240 248 140 251 253 234 167 259 265 340 270 273 281 284 287 295 482 534 297 302 444 80 304 309 208 312 313 317 323 331 341 345 358 364 365 381 388 360 392 396 397 406 407 416 438 447 404 451 391 454 153 389 456 463 465 467 422 478 480 488 481 666 486 493 503 516 591 319 506 510 518 533 536 354 538 539 133 546 550 552 554 555 557 118 558 561 562 565 566 418 380 121 568 569 575 584 597 601 603 606 242 608 609 611 616 621 622 637 642 644 645 655 656 657 659 66 660 661 232 664 55
747 1 34 25
344 595 110 612 476 145 135 539 652 391 394 408 418 235 562 361 583 455 415 496 732 507 545 45 577 498 689 278 324 205 70 486 197 658
122 1 12 12
1 23 48 50 29 62 44 107 112 51 34 116
183 1 174 137
2 3 4 5 6 7 141 8 9 11 12 13 15 17 57 129 18 123 38 125 30 176 21 22 75 24 25 26 27 28 154 80 29 39 31 32 33 34 35 36 37 61 41 43 44 48 1 107 45 111 99 46 47 49 52 53 54 56 58 60 62 132 63 64 136 65 67 118 68 70 178 71 72 73 74 77 79 81 152 98 82 84 85 86 87 88 14 89 90 91 69 92 93 94 95 96 97 100 102 168 104 105 106 108 109 110 112 113 114 115 116 171 119 120 55 76 121 144 122 124 66 126 127 128 130 131 133 134 135 137 138 139 101 142 143 145 146 147 148 149 150 151 16 153 155 10 156 157 158 159 160 161 42 162 83 163 164 165 78 166 59 167 170 172 40 173 175 177 179 23 180 181 182 183
721 1 524 498
567 2 3 5 6 7 9 10 11 12 13 15 16 17 20 21 23 25 26 27 28 29 30 31 32 33 34 36 37 620 458 38 39 523 40 41 43 44 47 48 49 50 52 53 54 55 56 58 60 62 63 64 65 66 67 68 69 70 71 72 73 75 78 79 82 83 84 86 87 88 91 93 94 95 97 98 14 99 100 102 103 104 106 107 110 116 119 120 121 122 126 128 129 130 131 133 135 138 140 141 142 143 144 145 147 148 149 150 151 153 154 156 158 92 160 162 163 166 167 168 169 170 171 172 173 127 174 175 176 178 181 182 185 186 188 190 191 193 195 197 199 200 201 202 203 205 206 207 209 211 213 214 215 216 218 219 221 222 223 224 225 226 228 230 231 232 233 569 234 235 236 237 238 239 241 243 244 245 246 247 249 299 250 251 252 254 256 258 259 260 262 264 265 266 267 269 271 272 273 275 276 277 338 279 280 281 282 283 284 286 289 290 291 292 293 294 296 297 298 300 302 303 305 306 308 309 310 311 313 316 317 318 320 321 322 373 323 324 325 328 331 346 332 333 335 336 337 339 340 342 343 344 345 347 348 350 351 352 353 354 355 356 358 359 365 369 370 371 372 376 377 378 379 380 177 381 382 383 384 386 387 388 389 393 362 395 396 397 398 445 400 401 402 112 403 407 412 414 415 416 417 418 420 423 425 426 428 429 430 431 674 432 433 434 435 436 437 438 439 440 441 444 446 447 448 449 450 451 453 454 508 455 456 460 462 463 464 466 461 468 470 472 474 475 476 480 481 482 483 484 486 487 488 489 490 492 498 471 499 500 501 503 504 506 509 510 165 511 512 513 514 515 517 518 520 521 524 525 526 527 528 530 532 278 533 534 227 535 537 539 540 541 542 543 545 546 631 547 548 550 551 552 553 554 555 556 558 559 560 562 563 564 565 568 570 571 572 573 574 576 577 578 579 580 582 157 584 586 587 679 588 137 590 591 592 595 596 155 597 598 600 601 603 604 605 606 607 608 609 610 611 612 614 615 616 617 619 621 622 623 625 626 627 628 629 633 634 635 636 637 639 640 641 643 645 646 326 649 650 653 703 656 657 658 659 660 661 662 665 666 669 670 671 672 675 676 677 678 682 683 684 686 687 688 689 693 694 697 699 700 702 704 705 706 707 709 713 714 715 716 717 719 720 721
458 1 330 310
1 2 3 343 4 6 7 8 9 10 13 16 345 17 18 19 21 22 23 28 30 31 33 34 35 36 40 41 43 45 46 48 50 51 52 54 56 58 59 166 61 62 64 65 66 53 68 69 70 72 73 67 74 76 79 80 81 82 363 83 84 85 87 89 90 91 92 93 95 97 109 99 100 101 102 103 104 105 107 108 110 111 113 116 117 119 122 123 124 125 126 128 129 133 134 136 138 141 142 132 144 145 146 147 148 149 151 152 153 155 156 157 158 160 161 162 167 168 170 172 174 178 179 180 183 184 185 407 186 188 192 194 195 196 198 199 200 201 203 204 206 207 208 210 213 216 218 221 223 224 227 228 394 229 232 234 235 236 237 239 240 241 242 243 244 245 246 247 248 249 250 251 253 255 256 257 258 262 263 264 32 266 267 268 269 270 271 272 273 430 274 275 277 278 281 282 283 284 285 287 289 290 291 295 296 299 301 302 304 305 307 338 308 309 310 171 311 312 313 350 190 314 315 316 319 320 324 326 327 328 329 331 332 333 334 337 339 340 341 344 347 348 349 351 352 353 354 355 356 357 358 359 360 361 24 205 364 366 367 368 369 370 371 372 373 374 375 377 378 379 380 381 382 384 386 387 388 389 140 391 392 396 398 399 400 401 402 276 403 406 408 409 410 411 412 413 414 187 415 417 418 419 420 421 422 423 425 428 429 431 435 115 437 438 440 441 442 443 444 446 447 448 449 450 451 452 453 454 455 458
509 1 58 58
7 8 9 16 39 64 65 72 79 82 90 112 115 123 138 148 153 154 156 172 183 201 205 211 217 243 248 256 276 281 244 288 290 301 309 311 318 323 326 328 332 350 364 373 396 99 410 419 464 466 474 476 490 491 181 501 504 508
687 1 22 10
387 338 501 460 328 312 317 528 448 360 303 273 64 573 270 577 511 606 677 307 685 443
811 1 308 160
724 231 252 291 777 741 539 4 460 5 79 708 12 13 15 736 644 498 18 530 702 19 27 115 447 327 28 322 29 97 30 35 339 39 42 48 701 49 54 55 20 63 64 537 487 712 8 617 34 81 791 82 466 87 89 90 108 25 109 113 117 319 129 503 380 142 716 146 159 309 160 172 176 184 203 206 217 219 220 762 223 224 234 618 243 248 440 153 338 553 612 256 268 277 136 279 795 180 280 753 282 58 318 288 114 143 298 310 626 198 314 459 501 324 22 650 329 300 332 335 340 674 345 103 347 257 350 186 351 645 694 352 573 364 367 369 378 379 386 396 373 400 321 402 409 414 210 419 425 428 307 436 229 213 696 541 604 438 274 451 454 455 728 465 467 620 773 468 472 670 477 759 479 480 482 505 507 508 275 506 509 678 435 167 679 195 410 126 572 2 363 510 171 11 512 514 517 17 416 522 525 532 342 533 430 536 197 543 245 554 746 556 555 649 592 559 362 365 561 565 566 568 575 112 276 580 743 585 399 587 528 549 588 597 599 600 658 602 408 31 381 616 621 636 638 643 648 179 392 569 654 659 793 681 684 33 264 687 212 385 697 423 700 707 714 718 387 723 524 729 237 804 732 733 152 538 535 792 747 289 72 412 32 749 215 562 703 752 760 10 208 771 320 36 294 776 272 57 780 772 145 785 786 788 334 239 789 809
160 1 92 101
1 4 5 6 7 8 9 10 11 15 16 18 19 20 21 22 24 29 30 31 32 12 42 43 48 50 51 54 58 60 86 103 61 62 63 64 66 67 68 69 70 73 75 77 80 82 141 83 88 89 91 93 95 96 98 99 101 102 104 110 111 112 115 116 117 118 119 120 121 123 124 127 130 131 134 135 136 65 139 140 108 142 144 146 147 149 151 153 155 156 157 158
845 1 592 444
2 4 13 14 510 15 18 19 684 22 24 20 230 789 25 27 30 31 32 34 35 36 711 37 38 40 43 44 486 46 387 50 51 514 53 54 55 57 77 58 664 61 773 62 63 64 69 271 72 73 625 74 772 76 78 79 80 107 81 82 182 83 86 88 89 90 91 92 93 770 94 98 99 380 100 102 103 109 111 114 115 116 708 119 121 122 123 184 125 127 129 130 253 131 814 710 449 132 295 133 134 135 136 137 138 170 139 142 144 145 150 177 151 563 152 153 155 156 157 254 158 165 168 173 174 176 181 183 531 188 192 193 194 268 196 200 201 202 425 203 733 206 207 6 384 208 209 210 212 214 215 533 691 172 108 216 217 218 220 221 791 223 84 224 226 682 228 229 179 233 234 237 239 241 245 247 248 249 250 260 574 252 386 775 600 256 257 258 65 259 262 716 265 505 266 270 273 124 106 274 275 97 276 279 267 281 282 285 287 289 290 291 608 298 299 300 303 305 306 219 784 666 560 307 309 312 313 739 314 317 321 322 323 549 325 652 328 330 490 331 333 334 376 336 338 344 345 346 347 225 553 829 348 352 353 354 356 360 362 365 366 367 799 368 369 371 373 374 379 636 381 383 793 296 385 388 283 389 551 392 393 394 60 395 396 523 391 358 189 397 398 399 400 402 404 811 405 408 410 415 417 418 420 178 422 432 433 41 434 435 436 577 438 443 441 447 450 451 453 52 238 454 423 455 457 427 459 460 461 469 470 350 607 472 528 473 475 476 479 480 482 483 112 484 485 489 492 493 494 496 503 504 11 506 507 7 509 511 512 513 515 517 842 518 519 520 521 477 525 481 526 280 67 498 538 527 104 529 532 534 535 837 536 543 544 545 546 548 550 552 554 555 556 557 559 561 562 564 437 568 569 570 572 687 573 579 580 581 585 587 589 462 590 343 444 592 594 765 595 471 597 598 604 609 610 611 612 613 614 615 617 618 620 623 624 626 627 628 161 632 633 634 637 638 382 639 640 641 642 832 310 644 646 647 649 47 759 650 651 653 654 446 657 658 659 661 668 669 672 164 674 675 96 676 424 677 678 680 681 406 686 688 689 692 693 694 199 695 180 697 700 701 702 703 704 705 101 375 707 713 474 714 715 465 717 718 175 720 723 726 728 798 213 148 729 308 731 732 734 736 737 738 740 742 95 743 744 746 747 748 117 750 752 753 755 616 756 757 761 762 767 66 575 377 768 774 776 777 186 779 780 49 781 466 414 782 783 786 787 788 792 794 801 803 804 805 802 340 806 246 807 808 727 810 816 820 822 588 824 826 833 834 795 835 836 838 591 839 741 840 843 844
537 1 354 49
491 106 58 246 36 55 196 29 335 42 200 172 220 48 122 354 230 514 358 167 494 313 259 46 6 398 215 170 256 439 43 61 143 15 139 405 110 178 370 453 308 141 476 69 165 375 339 286 290 338 198 369 177 467 536 8 323 146 95 388 181 148 392 217 281 77 421 386 137 278 444 293 320 12 158 324 275 343 50 507 216 489 426 25 38 503 47 194 356 406 183 493 238 487 456 404 160 330 247 411 376 234 318 287 478 510 219 531 108 75 123 309 409 133 425 433 341 261 452 156 27 49 306 187 257 232 365 505 263 328 13 393 360 417 302 473 506 268 147 224 116 125 250 64 497 431 446 299 483 244 130 408 399 149 512 205 171 248 26 78 135 298 34 513 447 289 333 520 460 519 480 336 280 482 9 471 264 44 368 173 427 269 500 303 67 461 254 437 24 332 19 192 121 528 394 140 73 103 107 40 288 99 380 342 331 237 51 88 136 132 138 466 382 366 109 282 284 537 522 54 207 83 208 203 82 97 144 202 189 418 94 403 351 412 186 349 236 62 129 294 85 128 501 450 120 364 241 454 443 534 304 479 179 457 79 322 378 484 413 490 498 485 465 240 5 502 243 410 529 508 96 445 126 273 307 474 363 93 517 206 142 227 70 373 374 3 199 71 353 314 301 424 523 223 347 325 533 526 22 255 251 166 391 367 72 401 252 65 459 185 402 285 191 434 458 233 28 337 296 530 89 449 33 295 389 63 377 350 455 334 23 112 355 145 17 527 438 81 384 152 524 464 111 516 469 176 105 292 283 379 90 511 151 463
964 1 744 93
118 4 205 58 738 695 185 373 554 820 41 676 248 134 605 46 524 427 51 158 37 473 731 391 573 402 570 66 852 545 839 690 809 824 674 428 387 72 766 47 251 803 456 90 642 325 82 439 607 832 959 13 631 745 173 147 307 109 304 353 176 623 254 2 634 279 500 526 688 99 938 949 239 799 865 507 225 7 112 113 130 262 755 727 464 144 840 899 726 565 317 364 400 167 42 155 119 370 826 362 127 536 217 542 363 586 914 864 36 219 203 753 855 893 650 71 728 504 579 950 790 511 646 177 930 756 180 446 774 195 229 384 366 448 67 261 503 351 308 499 227 700 310 412 569 925 742 19 24 121 773 713 525 288 492 942 271 371 278 319 680 759 335 416 698 912 786 437 165 336 812 414 541 858 170 452 801 498 247 496 471 796 357 953 343 896 849 436 356 881 835 160 98 620 375 784 641 643 472 182 354 276 358 407 324 468 461 337 775 474 92 853 618 345 664 396 75 132 432 597 798 395 520 284 139 535 873 267 441 730 253 640 151 814 87 191 231 249 148 233 946 787 350 697 355 398 486 505 291 405 266 866 442 860 863 954 218 43 299 54 232 178 537 390 348 224 11 838 827 401 578 14 903 215 878 723 430 939 657 909 74 671 342 630 913 686 409 425 699 194 649 10 149 438 841 624 179 386 854 168 684 290 940 458 56 422 120 133 457 183 689 255 16 445 892 831 626 12 332 440 424 797 462 316 828 484 568 555 567 815 117 469 491 453 792 50 910 513 78 83 847 585 114 952 527 635 813 157 928 666 777 521 819 184 886 675 164 463 273 557 236 780 729 49 778 159 708 467 482 933 477 294 369 470 490 715 707 628 410 190 905 494 599 609 29 206 725 871 181 475 250 670 86 931 885 172 851 487 240 927 804 128 660 719 663 298 237 574 242 936 610 419 575 515 426 601 210 31 124 825 720 548 246 907 221 530 845 33 943 392 506 576 406 352 807 904 553 703 811 531 672 887 222 961 104 948 495 534 199 935 552 510 385 152 146 444 582 69 617 594 532 606 23 53 309 38 17 584 15 590 478 280 318 80 615 677 85 411 115 326 223 8 560 234 734 321 577 108 156 901 625 681 636 122 702 32 540 479 639 721 654 768 712 960 450 583 523 604 303 683 602 857 874 869 61 529 516 311 376 340 781 331 162 741 608 941 789 264 107 897 629 517 598 945 323 455 265 564 848 958 934 216 403 709 613 704 561 451 543 647 818 25 872 135 659 145 423 894 637 100 764 596 153 314 806 669 20 129 921 963 837 882 204 243 711 230 126 737 710 186 661 238 563 97 732 404 1 198 106 733 166 89 937 772 381 662 361 399 735 888 740 771 137 57 359 282 593 418 924 856 744 131 718 884 890 633 612 752 739 197 547 562 341 581 862 875 476 783 347 207 45 327 754 706 509 694 823 465 539 21 600 765 77 6 493 512 876 454 138 73 830 270 91 595 301 757 782 245 30 656 668 761 767 174 281 367 417 817 3 228 188 258 220 627 776 460 209 802 322 333 63 274 614 140 879 918 788 833 621 810 275 93 68 161 685 447 566 171 346 293 821 394 682 667 822 339 844 84 9 638 846 292 794 226 908 779 842 431 749 693 320 5 433 501 306 18 538 588 558 915 123 313 750 800 241 175 919 900 947 911 679 603 955 305
429 1 308 91
252 143 342 384 309 261 4 98 400 303 9 6 141 147 358 8 345 270 412 315 29 222 38 145 306 380 130 316 11 12 13 243 161 27 174 262 28 37 32 5 39 320 45 71 118 100 363 402 120 87 416 179 420 48 56 240 123 241 286 66 77 80 155 17 364 115 18 267 266 82 61 359 91 94 79 21 164 212 97 101 104 15 116 108 307 339 332 373 107 426 110 57 397 111 414 24 305 140 221 365 139 423 228 151 117 127 355 2 219 69 190 128 410 408 396 313 387 85 132 134 160 394 135 215 148 74 156 175 158 177 58 296 7 265 300 346 113 386 178 62 159 163 254 166 169 173 334 176 340 183 232 343 357 105 368 70 52 409 375 351 92 185 352 186 189 274 192 202 205 206 405 356 207 217 218 282 40 253 255 404 136 428 25 198 10 229 298 284 168 344 230 231 233 369 236 353 31 237 239 234 360 244 245 46 42 53 294 283 16 259 367 301 102 263 361 20 50 124 279 281 285 277 276 288 131 290 54 376 257 68 293 371 391 195 93 44 297 323 401 399 415 308 314 330 201 328 383 335 347 275 33 76 78 30 200 248 370 338 348 372 302 388 109 349 381 152 34 374 311 126 184 354 149 55 403 377 379 272 114 60 389 235 63 26 382 385 390 406 188 341 157 413 119 227 249 322 247 417 150 138 421 299 362 224 210 171 182 429
149 1 110 102
1 4 5 6 7 8 9 10 11 13 14 16 17 18 19 20 21 22 23 24 25 27 29 111 30 32 34 35 36 74 37 38 39 40 43 46 47 48 49 53 54 55 56 59 60 62 63 65 67 68 69 72 73 75 76 77 78 80 82 84 51 85 131 86 88 26 89 90 91 94 95 98 99 101 102 103 104 105 81 106 57 108 107 109 110 112 113 115 117 118 126 119 120 121 122 123 124 127 132 135 137 139 140 141 142 143 144 145 146 147
536 1 268 162
2 7 8 277 12 14 335 104 348 159 213 20 25 296 26 324 33 366 35 44 483 45 55 59 311 19 61 66 40 68 530 70 58 514 71 73 76 461 77 79 82 87 89 398 92 500 415 90 95 216 384 100 144 103 174 105 106 236 396 112 339 116 120 102 262 285 153 122 127 134 298 136 143 152 322 154 383 157 57 165 173 167 169 491 171 341 172 218 178 176 177 181 482 280 183 188 189 190 191 192 193 196 199 204 206 210 214 222 349 223 231 235 237 239 41 391 240 245 248 252 264 96 269 528 430 272 278 279 284 291 440 338 473 406 294 299 300 302 303 305 309 312 423 517 317 325 327 330 333 211 219 117 334 315 336 337 287 342 64 343 131 344 347 307 350 351 407 139 180 427 352 49 353 358 42 356 359 345 364 365 109 367 420 290 283 368 370 376 385 386 387 408 392 281 267 410 412 250 54 419 51 421 428 429 432 107 434 379 442 443 253 424 496 38 74 445 446 448 389 453 454 456 458 459 403 447 113 466 474 468 469 470 472 6 475 62 205 477 479 149 162 480 487 513 185 438 489 155 492 246 493 501 268 503 515 519 522 462 523 524 331 526 258 467 533 444 508 536
425 1 330 134
1 326 68 74 246 421 2 237 243 10 12 250 256 17 28 23 304 24 274 26 43 238 40 110 183 44 41 196 47 387 52 53 62 351 42 66 14 268 206 71 233 293 344 103 422 78 79 80 91 96 104 105 263 133 356 106 114 115 189 72 425 118 124 348 55 125 177 126 13 15 143 127 128 51 131 58 134 140 142 146 5 328 306 216 170 202 151 112 152 154 73 149 295 155 156 159 184 160 302 163 119 75 168 171 173 150 193 404 197 395 144 6 175 178 358 380 179 181 48 190 8 198 199 245 278 300 201 289 203 204 205 357 410 192 366 207 208 290 212 231 390 381 214 414 49 303 215 116 220 19 234 161 223 227 361 385 63 228 242 389 232 235 90 9 314 236 240 241 405 251 100 130 394 254 262 412 411 132 70 257 11 264 107 271 265 50 258 267 269 217 340 270 218 319 22 272 323 61 147 59 275 315 109 370 327 392 3 111 83 85 247 186 276 113 281 282 284 286 287 298 97 82 46 45 288 299 280 32 301 308 67 309 169 36 310 317 383 136 320 325 417 87 7 141 332 424 95 368 418 416 371 188 260 334 331 56 76 335 338 339 341 342 4 122 345 369 347 349 166 374 384 157 194 54 94 350 221 355 329 391 21 419 174 77 360 362 209 364 191 283 373 296 148 378 29 420 101 367 379 261 382 388 84 393 86 375 396 39 397 93 229 33 398 352 244 213 400 401 402 403 16 187 406 407 408 409 225 413 415 57
606 1 60 44
20 77 56 539 83 352 589 109 117 130 131 144 420 150 155 299 168 178 190 223 224 464 457 141 232 458 241 247 259 486 290 296 341 494 325 186 347 369 386 163 410 416 423 426 495 294 496 518 11 502 510 536 488 553 564 578 586 588 605 309
462 1 24 28
1 115 112 398 412 155 190 5 205 292 210 47 222 101 227 348 271 104 246 325 371 363 425 429
254 1 8 9
11 42 57 153 156 181 191 240
542 1 168 104
4 11 13 351 17 485 23 466 26 267 54 28 29 345 35 43 172 47 340 185 49 51 52 58 414 280 61 66 70 76 77 80 81 262 279 101 104 105 107 5 461 110 295 301 207 112 119 131 140 143 448 152 154 294 503 314 155 156 542 157 159 163 281 171 382 176 179 518 174 180 315 182 178 191 194 196 203 429 208 539 213 10 186 325 215 229 231 239 246 97 250 253 264 241 236 269 274 533 282 287 206 292 372 300 304 323 328 453 334 342 344 470 346 458 350 360 254 361 363 433 366 380 118 419 393 394 530 395 202 396 397 402 404 3 158 415 488 417 513 242 422 426 420 441 515 103 442 443 331 487 456 457 459 474 479 486 497 500 512 524 510 297 526 260 149 308 527 319
595 1 98 70
7 13 30 32 433 49 202 67 68 75 520 77 170 81 256 151 92 94 98 286 99 111 114 120 133 141 145 148 388 186 194 196 203 210 211 216 223 419 231 238 312 548 276 243 257 384 299 301 313 302 131 318 294 323 326 339 345 160 248 350 353 365 367 414 372 16 435 393 406 417 428 440 442 454 293 110 456 455 459 391 469 217 487 498 535 591 489 536 273 538 526 562 564 199 143 568 575 581
668 1 644 127
214 259 587 358 393 297 469 17 12 152 24 236 640 525 7 446 353 122 367 621 6 281 25 539 666 276 167 30 253 33 46 329 49 101 319 292 184 140 35 50 349 389 52 553 56 255 465 265 626 102 59 486 380 357 339 532 569 70 74 75 151 261 158 503 648 659 316 21 399 54 240 291 227 78 552 584 612 26 579 410 165 244 617 82 66 94 407 32 117 534 647 192 223 586 81 600 580 84 189 86 356 658 322 458 615 8 89 530 278 267 479 456 354 97 69 426 163 139 589 409 279 100 105 548 283 498 213 37 112 130 440 107 53 250 509 477 514 226 160 108 371 632 573 231 23 655 116 121 124 136 164 310 137 529 154 435 284 170 604 133 90 237 614 373 61 442 113 162 311 171 664 174 98 168 209 287 180 182 519 65 239 55 142 185 245 186 247 439 546 428 545 385 194 198 41 449 624 64 447 39 125 418 411 200 126 141 254 201 203 212 302 303 277 29 76 366 285 215 505 147 516 654 668 330 531 20 217 541 177 619 638 220 326 574 230 273 246 42 581 135 129 235 537 533 597 526 364 462 72 144 324 576 325 256 181 575 263 605 222 450 562 309 323 275 594 288 62 289 188 216 301 204 492 483 115 176 335 394 520 19 60 352 179 48 148 502 463 199 657 565 249 547 457 173 340 422 560 157 328 320 11 635 395 374 488 290 298 307 36 402 554 314 299 497 312 487 317 191 501 359 480 95 38 196 334 363 79 294 80 378 143 365 119 368 616 87 132 433 131 282 543 400 431 190 262 379 507 347 386 304 388 104 524 419 391 350 396 403 258 332 405 482 550 229 187 513 542 377 45 166 109 68 296 667 603 211 321 434 599 134 414 459 563 610 47 398 313 376 243 656 83 652 415 337 208 556 91 9 381 430 416 481 355 219 103 369 417 420 607 333 628 499 421 585 425 43 561 504 372 432 161 268 443 636 345 609 427 436 146 270 331 27 360 496 441 280 444 445 448 71 28 522 406 361 460 511 567 13 454 10 362 77 58 592 663 300 517 493 34 370 383 397 111 336 169 485 106 491 274 234 468 558 559 5 634 471 193 528 413 408 40 473 474 233 390 476 286 490 494 155 88 92 557 510 631 197 495 593 568 506 577 269 508 344 264 218 660 500 653 651 461 484 342 661 645 424 73 472 225 464 266 341 195 540 470 451 150 31 315 527 535 475 260 251 637 224 327 643 429 272 206 544 551 536 153 538 67 178 590 387 627 412 2 423 555 564 172 571 99 16 572 18 518 51 210 384 401 318 641 578 601 257 489 232 622 118 14 57 93 252 582 583 595 570 205 110 44 512 596 382 175 202 4 639 343 598 602 3 613 611 120 618 392 566 404 338 521 620 114 623 238 228 591 608 156 128 123 15 145 625 452 346 630 63 515 633 642 646 308 649 183 271 437 248 650 438 85 22 662 478 523 453 665 127
839 1 508 60
498 807 100 724 15 663 791 811 829 726 306 28 457 538 406 316 589 35 116 39 355 321 533 360 204 212 543 268 778 698 167 385 609 290 552 168 61 798 402 622 107 656 527 34 27 185 699 494 474 21 221 655 311 279 357 436 733 785 701 629 575 736 254 471 136 58 525 46 295 838 206 211 689 98 754 519 292 151 240 194 700 33 113 836 511 377 112 557 197 169 487 713 294 241 324 48 625 262 723 437 513 819 476 596 682 378 50 647 274 29 120 234 387 759 441 804 1 296 192 318 810 439 336 407 386 651 170 354 276 368 370 688 161 516 342 250 285 466 248 695 134 485 424 559 24 213 89 747 420 62 93 577 94 85 430 624 419 333 422 556 506 413 200 217 613 103 156 42 728 601 288 734 632 129 461 456 99 172 478 472 182 220 349 289 771 165 515 479 760 73 176 36 486 667 304 101 270 802 809 393 502 171 401 309 225 376 779 657 508 675 535 14 286 275 735 110 460 815 255 743 550 263 12 545 600 111 187 766 114 636 578 463 568 503 650 119 154 833 814 341 705 53 44 293 720 517 384 20 325 207 127 435 96 8 121 528 196 51 563 654 514 412 571 493 392 623 38 526 831 381 218 32 665 231 635 205 548 612 531 765 433 328 490 76 590 118 469 588 314 40 2 228 555 183 252 564 214 488 561 823 203 452 566 397 10 572 453 542 350 284 208 583 242 822 5 784 818 54 260 237 13 756 594 797 610 339 308 462 480 710 219 19 400 454 249 124 364 602 37 49 356 652 41 348 757 521 3 108 446 9 45 140 269 585 547 803 374 423 639 259 739 92 534 732 383 812 421 805 619 409 611 505 353 634 827 532 674 722 95 299 794 792 640 716 744 303 491 215 443 351 520 23 642 646 576 82 671 159 346 405 755 567 637 243 774 721 246 365 537 6 399 782 679 638 706 327 587 366 65 340 291 84 702 239 281 162 737 683 593 660 17 74 821 795 641 371 483 426 138 55 685 666 696 746 238 201 604 30 769 776 63 708 415 499 714 128 749 764 202 164 536 313 323 47 762 801 781 191 338 372 391 91 245 580 261 719 582 373 783 492 813 540 232 481 524 621 727 504 475 344 198 411 277 369 799 608 180 826 132 539 427 738 825 554 659 839 512 70
398 1 384 220
2 3 4 7 9 10 11 126 39 212 59 12 13 16 17 18 218 300 141 98 378 22 23 24 367 1 374 41 53 29 334 109 346 25 79 282 26 28 31 32 267 393 35 128 138 36 125 54 37 40 42 43 122 44 263 45 149 46 47 48 110 49 55 56 246 361 33 382 189 291 57 153 60 61 63 65 66 67 68 320 162 116 69 73 74 208 75 195 76 77 78 80 81 82 84 85 87 363 88 352 185 21 89 92 94 175 97 99 257 101 102 103 108 106 107 114 331 172 115 117 271 6 181 285 372 377 118 119 317 344 150 121 127 161 129 130 131 132 197 133 134 135 260 136 151 313 20 137 142 145 146 201 388 206 152 248 306 154 155 143 156 70 30 91 157 315 272 158 205 321 83 192 373 159 227 160 163 64 38 164 327 165 112 50 5 166 167 168 169 255 171 52 288 111 302 174 340 176 177 304 178 179 182 27 183 184 186 188 190 196 265 237 309 214 198 200 202 15 204 318 233 336 207 354 71 209 210 213 278 215 398 359 216 217 219 365 220 221 113 223 224 293 226 228 86 229 230 231 256 232 376 95 187 234 277 287 235 236 238 341 240 360 241 244 356 247 250 252 253 254 258 261 191 262 264 268 273 270 274 394 275 62 351 276 34 299 266 14 147 280 281 283 284 286 203 289 245 292 294 243 225 295 104 296 297 301 72 303 305 310 311 239 312 314 316 319 322 324 325 105 326 193 328 329 259 330 332 333 222 335 337 338 339 342 90 180 357 343 368 140 385 345 323 347 348 349 249 19 8 308 307 350 353 355 358 290 362 364 366 369 370 148 58 93 375 371 379 380 383 384 173 251 386 387 389 390 391 194 381 392 395 396 397 279
175 1 48 23
160 50 1 99 32 5 46 135 17 134 174 58 59 54 60 105 75 62 80 88 113 92 83 157 145 2 109 87 111 114 155 36 18 117 119 64 126 130 131 40 148 45 159 156 122 172 10 89
708 1 516 508
2 6 7 8 9 10 12 227 13 15 17 18 19 21 23 24 26 27 28 30 32 415 33 34 35 36 37 38 39 41 358 43 45 46 47 48 49 53 54 58 60 61 62 64 66 68 69 70 71 72 73 75 76 77 78 81 83 84 85 86 87 88 89 93 94 95 96 97 98 101 102 106 107 108 109 110 111 112 114 115 116 117 118 119 120 121 122 123 124 125 126 127 128 129 130 131 132 133 134 136 137 138 140 330 141 143 144 145 146 147 149 150 151 152 153 154 155 156 157 158 161 162 163 164 165 167 170 172 174 176 177 178 179 180 181 184 185 186 190 191 194 195 196 197 198 199 200 202 203 204 205 207 209 210 211 212 213 214 219 221 222 223 226 228 229 230 231 232 233 236 237 238 239 242 245 246 247 249 250 252 254 255 259 260 261 262 263 265 267 268 269 271 272 273 275 276 278 279 281 282 284 285 286 288 290 291 292 295 297 298 299 300 301 302 303 304 305 306 307 308 309 310 311 313 314 317 318 319 320 321 322 323 326 331 332 333 334 336 337 338 339 340 341 342 343 344 345 347 348 349 350 351 352 353 354 355 356 359 360 362 363 364 365 366 367 368 370 371 372 373 375 377 380 381 382 383 385 386 388 389 390 391 392 393 395 398 399 400 401 403 404 420 405 407 408 409 410 411 412 413 414 416 417 418 419 422 424 425 426 427 430 432 433 436 437 438 441 442 443 445 446 447 448 449 450 451 454 456 457 458 459 460 462 463 465 468 469 471 472 473 474 475 476 477 478 479 480 481 482 483 484 485 486 487 488 491 495 496 497 498 91 499 500 501 502 504 505 506 507 508 509 510 511 513 514 515 519 520 521 522 523 421 524 525 526 527 528 529 530 531 532 533 535 536 537 539 540 543 544 545 546 548 550 551 552 553 554 555 556 558 560 561 562 563 565 567 568 573 574 575 576 577 578 579 580 584 585 586 587 588 589 590 591 592 594 31 596 597 598 599 600 601 602 603 604 605 607 610 611 612 613 616 618 20 620 622 625 627 628 183 630 631 633 634 635 636 637 642 643 644 647 648 649 650 651 652 653 654 656 657 659 660 661 664 665 666 668 670 671 672 673 674 675 676 677 678 679 680 684 685 687 688 689 690 691 693 695 696 697 698 699 700 701 705 707 708
257 1 252 143
131 54 2 39 202 146 7 78 38 205 93 12 188 102 13 15 16 206 18 75 63 19 204 20 1 9 21 215 65 22 23 252 234 100 88 160 25 249 193 95 26 74 27 61 29 30 96 31 233 107 50 32 33 34 35 36 44 171 45 46 101 47 48 68 49 51 203 52 58 190 60 62 124 5 125 64 66 67 144 70 4 72 76 139 194 80 81 10 82 84 11 85 86 255 87 89 55 198 214 37 91 99 94 104 108 109 172 110 111 113 116 117 28 121 122 123 127 128 129 83 130 196 133 134 136 137 164 178 41 106 138 141 142 143 145 126 148 149 150 152 218 153 135 155 156 69 157 158 159 161 162 242 165 166 167 254 168 169 173 77 174 115 175 132 240 14 177 53 179 180 56 195 182 90 6 183 114 186 187 189 97 147 170 192 197 199 200 140 201 207 208 209 17 210 185 42 211 103 213 73 230 216 217 219 184 220 24 71 8 79 118 221 120 222 3 181 223 224 225 226 227 163 59 228 98 232 229 40 231 253 92 235 236 237 154 238 239 241 176 243 244 245 247 151 250 251 248 105 256 257 43 119
337 1 166 97
224 1 74 3 167 23 5 205 6 257 7 2 52 264 12 25 26 228 27 82 69 28 32 129 34 36 37 46 300 48 227 49 50 56 60 267 62 65 76 296 78 134 80 81 293 83 88 90 92 295 93 169 99 102 105 110 111 59 117 119 121 220 122 123 106 311 128 137 77 144 150 133 107 89 112 151 158 200 162 196 170 172 255 173 54 176 182 13 183 55 20 195 184 268 189 9 317 191 192 194 314 202 109 203 207 284 209 210 324 211 213 327 138 214 126 304 216 319 215 222 239 326 66 240 241 96 271 87 84 249 251 238 252 299 253 131 226 233 316 254 259 265 272 276 116 278 282 283 285 302 219 288 290 294 298 164 301 10 307 313 329 333 335 42 143 337
364 1 280 138
3 189 7 307 88 162 9 139 143 155 258 160 184 313 11 15 16 299 165 22 194 33 332 24 109 223 289 36 249 316 27 29 50 34 39 37 41 42 38 44 129 45 188 64 46 49 138 96 53 55 66 69 71 93 72 26 70 73 74 78 116 80 81 359 290 82 218 227 240 315 288 83 84 333 17 152 216 43 86 87 237 89 151 90 209 98 94 95 149 99 354 279 125 54 101 119 100 206 102 108 357 343 281 111 345 114 21 115 117 363 318 122 124 132 302 202 133 134 135 311 300 263 140 142 85 301 360 67 144 145 57 137 146 127 196 148 150 153 156 191 348 157 104 261 336 161 164 166 167 303 296 205 31 274 173 176 178 273 253 181 185 186 187 51 314 251 190 195 170 159 200 203 97 28 136 207 211 297 212 217 257 180 219 221 222 225 130 60 229 286 8 335 230 353 13 231 319 233 154 235 175 79 236 238 5 58 242 243 245 246 10 247 252 77 128 259 267 268 270 276 277 179 56 283 284 287 292 12 293 255 294 304 198 174 305 171 20 321 322 256 52 65 260 228 19 337 326 312 47 182 327 328 330 59 213 4 91 339 163 340 341 342 131 262 344 346 23 214 349 350 351 356 324 361 147 92 362 364 48 266
483 1 250 131
234 383 1 2 4 196 6 9 64 108 7 156 8 11 382 14 93 17 461 235 297 13 457 19 322 22 267 135 38 268 390 139 339 220 27 21 28 29 155 199 33 35 409 299 44 45 46 435 48 73 439 58 310 191 59 170 133 448 452 121 403 85 218 342 278 16 63 286 69 198 70 77 87 88 177 98 274 344 42 249 99 100 115 204 379 118 313 119 414 142 123 270 36 128 129 94 66 132 323 182 138 141 376 149 158 359 159 160 169 194 195 209 325 140 32 114 211 213 476 398 178 413 214 217 436 224 225 355 445 226 227 5 412 146 231 233 237 242 312 264 228 244 197 246 248 462 186 202 255 257 362 183 258 261 331 399 97 262 371 82 275 206 277 392 279 284 285 470 440 454 25 287 289 293 426 296 184 341 418 410 301 307 446 315 136 208 109 327 328 332 337 338 343 345 318 346 354 86 356 251 335 357 60 361 363 364 480 56 377 179 442 148 458 378 241 40 384 385 389 83 396 34 116 391 76 321 397 400 401 65 425 263 353 427 430 441 174 122 291 447 453 465 305 405 472 474 477 43 192 407
494 1 104 21
105 329 489 61 276 244 245 102 87 453 98 177 369 400 288 398 255 173 392 1 358 55 106 375 355 333 170 25 6 379 238 188 14 404 417 50 192 235 306 420 114 7 450 161 69 419 348 447 92 152 418 351 166 4 204 91 290 456 80 89 41 324 229 264 142 23 491 387 357 484 167 310 246 410 75 52 179 18 43 232 261 463 184 451 444 332 470 113 247 268 120 58 416 421 241 435 364 452 85 360 156 441 413 214
74 1 70 39
3 51 62 39 4 40 5 6 7 72 27 10 11 12 46 14 15 16 61 35 18 9 19 21 17 69 2 22 24 43 48 73 37 28 42 29 8 31 33 36 30 52 41 74 70 34 55 47 49 25 53 54 60 50 38 56 59 44 63 64 65 26 66 1 57 13 67 58 68 71
246 1 192 95
235 1 3 6 14 231 27 232 15 159 55 17 18 188 207 38 54 19 46 199 20 194 118 59 98 89 150 22 24 25 29 33 34 70 114 43 182 83 44 47 49 50 140 64 58 141 113 197 23 61 245 65 66 67 69 71 62 8 78 52 79 82 164 28 125 84 187 76 85 86 87 91 130 171 95 101 107 111 32 175 36 112 123 115 4 116 26 68 16 119 90 221 126 57 127 174 148 11 131 208 133 246 134 136 137 201 63 138 142 77 45 144 149 177 40 146 147 75 121 35 72 151 153 156 215 180 157 39 241 110 143 42 122 158 160 162 190 163 165 226 166 169 10 173 100 236 102 176 222 179 172 183 191 192 186 193 205 195 203 196 202 170 240 154 204 37 211 213 139 217 181 152 219 51 218 223 224 227 209 97 31 185 206 228 60 229 53 13 234 239 238 244
215 1 40 15
153 204 5 67 212 161 157 42 143 55 128 56 173 2 33 207 12 53 51 100 98 29 77 151 69 178 140 71 78 169 20 6 80 34 87 135 144 62 105 198
981 1 596 388
4 48 239 5 6 8 11 12 13 15 854 18 407 19 1 20 21 94 200 444 550 287 22 25 26 28 29 30 942 31 32 154 35 39 935 41 470 177 42 43 45 49 51 53 56 58 659 301 59 62 63 64 65 72 55 77 78 85 661 89 88 91 564 432 92 864 93 503 308 96 97 98 99 100 789 87 140 101 632 105 608 107 108 114 115 743 117 120 121 122 123 129 130 928 133 410 134 135 869 46 779 139 141 143 151 152 155 159 160 162 165 167 168 199 570 172 175 862 181 808 182 875 183 421 184 186 187 477 833 323 189 190 721 191 472 195 667 196 370 907 197 198 558 84 202 203 204 263 90 205 857 207 786 209 210 216 218 219 221 37 957 222 224 227 230 111 800 231 232 347 236 237 616 241 849 267 242 243 465 150 244 246 247 871 441 128 249 254 256 259 262 265 266 268 275 277 280 131 281 835 283 284 286 288 290 294 297 958 298 157 332 970 647 299 694 161 302 303 305 304 264 310 313 319 320 478 327 330 331 395 333 487 373 334 776 392 337 339 344 345 346 350 335 352 524 758 354 356 357 360 361 806 508 365 366 367 571 369 371 378 379 381 382 383 619 384 950 388 532 238 562 594 391 394 397 420 400 401 404 405 408 733 424 426 274 261 665 412 413 416 427 428 430 434 178 437 442 443 447 448 450 326 754 460 451 452 701 455 456 454 457 76 611 458 462 464 467 292 468 475 476 480 488 489 491 497 501 641 502 506 466 322 509 358 513 607 515 517 60 975 520 393 522 525 526 528 530 215 638 531 533 536 539 368 540 541 544 545 846 615 546 599 271 547 551 364 712 963 554 920 924 556 543 9 561 563 567 610 568 605 573 578 582 591 321 592 593 598 602 606 613 620 623 624 626 627 628 643 645 646 648 751 649 650 651 652 653 670 518 654 658 660 662 812 723 664 171 336 672 220 675 402 676 678 679 483 682 974 719 688 689 691 285 693 695 698 973 700 704 706 709 710 718 106 714 979 715 716 727 729 644 580 504 730 731 728 732 586 735 737 685 738 746 214 747 749 750 752 753 411 717 755 757 762 374 769 771 777 57 226 118 780 781 782 787 788 33 542 588 300 770 250 597 791 792 496 793 798 802 804 809 810 251 831 811 813 295 235 603 815 785 774 823 825 445 826 827 830 832 844 794 702 848 863 363 872 873 656 874 816 877 349 879 631 880 40 882 886 895 887 889 617 596 891 894 896 898 899 900 126 901 902 549 903 906 16 904 905 911 912 914 916 917 921 923 850 925 929 933 936 943 834 944 945 946 376 949 681 952 953 954 956 960 909 961 581 964 966 968 890 972 976 978 481 981 163
245 1 176 111
39 1 3 4 167 5 7 230 124 11 13 166 189 2 76 232 15 17 20 22 206 23 209 24 25 182 172 133 171 26 28 29 131 58 36 37 40 194 121 43 45 132 104 48 49 50 51 47 111 52 119 53 54 243 55 57 44 152 62 63 65 66 156 137 71 72 73 134 202 74 77 108 82 89 90 223 120 91 92 93 94 69 95 96 97 16 100 165 101 103 105 107 115 123 127 130 136 138 68 139 122 141 142 164 193 144 145 112 116 151 192 222 153 10 110 114 155 157 160 161 117 162 163 42 198 84 239 236 212 221 168 170 32 176 177 113 178 179 180 184 185 188 190 118 191 196 200 146 197 59 201 126 34 203 207 208 211 217 218 154 195 79 224 214 225 226 229 231 233 234 238 6 241 242 244 245
731 1 32 23
215 43 105 123 145 161 434 174 500 176 236 314 273 245 265 324 346 356 326 359 538 539 540 653 552 693 589 531 660 680 287 162
485 1 418 305
1 2 4 8 9 10 11 12 18 386 257 17 20 21 22 23 25 57 26 83 29 24 30 31 33 35 36 37 38 39 40 366 42 44 46 48 377 267 154 49 467 52 54 177 55 58 61 62 65 166 66 67 68 374 470 71 72 74 75 79 80 81 333 82 84 301 85 87 89 90 92 95 27 97 100 174 101 103 104 105 78 106 153 108 189 372 109 110 111 112 114 64 422 441 115 118 227 119 120 121 122 123 125 127 128 250 130 131 13 146 385 477 206 132 133 135 314 137 138 139 140 443 143 144 145 147 438 150 157 160 165 161 162 163 164 167 168 16 169 171 178 179 182 184 185 186 34 342 187 188 190 192 194 474 196 197 63 201 202 205 326 207 170 208 19 209 210 200 262 213 417 214 218 219 290 220 158 221 223 224 225 226 229 230 448 232 235 96 236 419 237 238 98 362 239 240 244 241 408 242 245 155 59 247 251 86 252 254 255 256 261 406 263 53 264 265 266 268 269 274 270 271 136 94 173 272 275 276 313 277 278 279 280 281 282 283 360 284 292 286 287 288 289 291 296 293 294 43 243 295 297 298 113 300 302 303 305 306 307 308 309 312 315 316 319 324 325 14 77 327 328 454 329 249 330 331 198 332 351 334 335 159 323 336 337 338 476 339 28 222 340 343 134 344 345 346 347 378 234 348 349 350 352 149 353 354 355 356 357 141 358 361 365 367 384 369 370 371 373 376 379 175 381 382 6 464 388 389 390 391 392 393 180 394 395 396 3 397 398 211 400 401 402 403 404 405 411 181 412 204 413 415 416 172 418 420 258 423 107 424 425 426 427 428 429 273 5 430 431 102 432 433 434 435 436 437 321 439 440 442 444 445 41 446 449 451 51 452 453 455 456 457 458 459 460 461 124 462 463 465 468 152 471 311 473 475 478 479 116 480 260 368 387 481 482 483 484 485
799 1 342 83
413 17 773 24 53 396 657 18 538 429 550 644 263 37 38 42 718 20 48 633 578 54 209 498 145 57 640 381 97 516 535 61 622 11 39 35 75 374 65 464 489 82 141 338 793 111 293 248 648 30 370 499 4 86 527 89 369 92 438 76 620 387 488 226 103 556 182 34 95 5 91 292 377 670 763 118 606 204 307 122 680 505 332 517 682 259 109 131 156 710 783 269 161 342 166 646 313 541 302 150 217 627 223 354 229 233 236 241 532 142 90 444 285 3 440 77 254 511 536 758 272 685 281 288 733 616 462 671 10 73 522 152 318 186 400 301 404 732 218 308 367 385 347 701 687 350 51 44 607 486 751 351 654 113 201 504 368 602 192 348 194 376 668 491 592 175 391 378 206 393 29 167 139 397 398 405 402 729 411 21 290 222 677 432 243 436 723 267 418 420 634 212 697 422 423 78 450 463 548 667 230 465 582 471 394 457 472 211 635 649 271 125 335 126 482 151 494 502 249 735 213 480 554 515 792 479 101 768 159 434 521 555 676 759 669 390 526 678 754 68 15 784 694 570 552 177 753 764 275 571 171 590 636 639 492 621 645 666 696 539 766 647 287 665 7 572 683 484 614 797 395 52 563 692 672 270 674 695 725 266 216 530 299 702 23 60 255 55 495 599 731 409 245 740 746 421 365 196 425 518 138 419 553 748 133 110 291 170 458 238 359 360 242 534 456 279 749 774 474 719 130 256 775 613 62 789 88 795 686 219 250 779 780 615 366 239 796 443 317 246 273 343
192 1 58 60
7 10 14 19 22 27 29 182 106 31 36 43 44 45 46 147 57 60 61 66 67 77 68 76 133 78 129 79 80 83 85 87 90 189 91 94 95 116 98 102 104 108 109 114 117 121 122 125 126 140 154 155 167 169 170 173 180 185
621 1 434 108
3 342 188 7 60 527 384 14 380 19 170 24 368 33 26 542 141 29 257 143 94 32 135 448 41 168 298 53 246 578 44 114 508 267 238 551 64 68 70 85 113 87 93 366 50 518 198 177 214 104 375 621 183 99 266 264 356 234 218 159 89 105 462 385 175 61 293 424 109 317 110 123 153 410 120 74 452 304 344 67 493 111 124 137 609 472 66 78 531 376 100 145 577 2 151 343 158 512 469 334 164 328 25 392 165 174 194 243 172 341 139 126 570 434 372 390 173 418 36 180 80 190 405 559 192 483 128 8 401 533 382 428 280 530 474 253 364 193 9 616 359 17 465 320 179 42 496 402 195 117 51 203 576 273 423 131 121 294 557 594 587 488 362 388 562 290 597 204 580 459 596 149 283 210 212 607 299 189 514 541 301 411 536 62 219 463 303 222 233 118 191 235 316 116 237 134 81 313 23 130 399 276 244 241 252 586 255 545 443 480 295 505 263 275 349 476 285 132 155 617 286 574 69 287 415 528 335 339 278 538 498 311 386 284 307 458 516 258 265 163 573 16 564 206 593 202 260 340 1 556 261 312 598 225 20 323 438 30 416 101 337 347 348 355 162 200 431 65 95 79 331 549 226 409 618 467 588 497 432 142 601 76 47 449 363 129 38 370 608 615 83 43 540 417 223 389 400 407 408 176 414 365 96 565 251 330 425 112 430 433 471 442 211 302 522 504 396 444 63 445 55 281 450 166 216 208 209 441 352 612 213 544 84 466 115 583 345 558 468 271 250 270 102 475 378 249 196 478 521 140 90 197 550 479 486 492 555 383 470 487 535 404 446 506 517 519 327 361 333 297 329 269 537 221 529 532 539 534 552 454 435 45 358 35 92 169 282 205 167 429 602 289 572 481 242 21 54 40 560 461 566 575 582 590 513 296 507 11 318 161 491 227 499 106 436 406 592 236 599 510 554 86 5 48 600 553 306 603 604 548 464 369 619 473
640 1 142 119
1 77 3 6 13 20 27 24 36 39 41 42 46 48 59 69 72 102 75 76 80 93 267 98 12 106 111 116 121 122 126 186 129 133 136 163 143 148 153 528 154 155 421 157 170 171 174 179 184 190 553 207 217 218 219 225 228 229 230 237 390 238 243 249 251 258 268 271 272 276 278 280 290 104 294 295 307 333 335 10 341 346 350 351 352 355 363 257 266 497 365 51 549 273 391 22 399 402 405 414 419 422 15 423 425 439 445 172 454 461 467 468 472 480 489 38 21 496 504 509 514 525 536 537 246 548 554 420 558 559 572 573 575 576 583 589 590 592 602 607 619 634
981 1 216 171
1 4 11 14 119 15 20 29 32 44 51 56 58 59 61 65 861 376 68 74 80 91 897 95 102 511 103 301 106 120 123 833 130 631 131 139 90 149 246 158 163 164 534 171 891 181 182 189 202 207 209 214 217 218 204 711 223 232 240 261 919 475 282 292 295 300 302 304 306 308 309 317 721 321 323 331 340 353 361 373 377 386 224 392 394 395 196 229 538 405 157 406 173 416 418 420 423 424 429 782 430 436 104 121 439 450 452 454 455 457 458 388 935 460 461 463 484 485 7 488 513 514 517 724 528 531 548 841 556 560 563 565 580 583 592 595 518 610 136 613 627 628 629 486 681 630 642 652 661 664 691 696 699 707 710 712 718 723 637 735 745 749 754 760 766 771 798 186 802 806 807 808 817 818 819 821 825 835 843 385 852 854 866 733 868 816 527 606 869 873 879 658 884 97 899 165 900 903 911 914 918 923 925 926 927 931 810 936 491 462 943 950 965 966 969 970
209 1 142 39
174 139 132 198 12 162 31 17 21 126 77 48 63 52 190 56 57 123 135 58 60 22 1 33 155 41 39 167 172 107 104 62 23 68 173 156 84 69 159 3 66 185 142 43 151 186 202 70 73 44 128 178 184 179 32 141 76 14 92 88 97 87 200 18 81 86 89 99 83 143 105 125 111 168 67 119 8 152 112 169 96 46 197 90 15 36 146 108 180 79 183 154 129 163 37 158 117 122 74 127 176 136 95 140 115 153 61 100 165 181 195 182 171 124 192 71 175 194 205 166 13 6 7 80 30 11 199 189 4 19 34 50 91 206 164 191 45 40 196 2 209 49
28 1 8 8
10 15 9 21 27 18 28 12
923 1 184 58
32 769 81 212 512 478 721 472 647 517 108 299 194 401 163 111 854 179 161 225 576 7 356 781 129 39 45 463 705 169 47 581 737 66 391 46 211 525 637 335 52 101 55 242 411 469 692 59 432 382 63 896 74 368 80 435 358 102 135 154 697 71 557 573 607 8 278 180 906 636 496 192 166 206 227 184 686 233 654 286 271 534 274 779 362 691 279 664 326 318 331 95 826 568 545 402 342 348 790 231 553 372 798 375 294 404 246 415 24 688 433 606 914 900 387 295 92 451 479 733 37 848 762 493 857 754 527 566 201 574 628 569 759 115 629 578 121 140 598 608 615 221 35 259 907 630 544 651 148 657 791 667 123 465 685 696 726 690 786 787 736 819 827 915 694 502 42 632 799 611 100 829 830 856 567 874 398 872 249 262 623 796 897 288
456 1 362 253
415 1 3 5 6 7 8 10 54 11 224 174 12 80 19 20 21 234 91 15 25 315 26 30 32 33 35 37 40 41 380 42 44 69 45 24 47 50 52 223 53 55 421 59 60 61 282 62 65 66 222 67 420 13 68 70 71 73 74 75 76 77 29 270 78 85 267 89 90 143 93 95 98 100 101 102 104 184 105 216 107 381 109 83 110 111 367 112 113 114 115 116 118 430 58 119 122 123 124 126 127 129 133 135 136 137 138 140 142 144 145 146 17 148 4 151 154 155 158 159 164 167 168 169 170 279 232 175 388 176 183 185 186 188 220 189 190 191 192 385 195 196 197 134 298 200 205 149 446 206 208 209 99 120 210 399 88 256 212 181 28 214 218 219 394 225 226 173 228 230 166 231 233 236 198 237 238 241 242 245 246 248 250 251 284 252 187 253 255 257 258 259 261 305 372 227 262 390 265 266 271 393 273 274 276 280 281 285 286 287 288 289 272 193 433 419 291 292 38 293 46 92 294 297 299 300 240 207 182 301 303 309 312 313 314 317 318 320 321 323 324 325 34 327 328 330 331 334 14 335 336 337 339 340 213 341 163 344 345 171 348 349 153 350 352 346 275 106 354 356 357 27 358 316 359 360 361 22 362 254 366 368 373 378 379 382 79 383 108 376 384 389 392 395 442 165 396 397 307 398 400 401 404 405 406 407 204 408 409 410 94 411 217 412 260 413 39 414 16 416 417 308 418 203 422 424 427 326 429 431 432 268 434 436 438 439 43 178 440 269 72 370 364 441 443 131 374 444 445 435 447 448 449 211 450 194 199 386 452 453 455 456
733 1 204 94
4 583 230 113 551 8 17 12 27 37 40 64 403 80 107 44 89 94 319 96 636 59 88 98 351 236 102 478 141 112 119 120 48 155 28 581 252 727 384 444 123 598 136 561 121 153 166 231 420 172 176 183 186 389 187 189 375 196 393 202 211 13 276 214 54 675 225 194 569 709 411 616 238 284 239 250 287 254 272 274 497 498 471 282 256 487 283 722 140 290 47 262 555 316 325 400 490 590 221 148 324 378 704 267 334 333 468 699 342 382 146 76 720 368 369 381 391 251 396 85 338 667 259 401 459 409 408 35 413 435 439 441 74 451 173 452 635 502 461 480 491 599 508 217 523 526 330 527 531 524 386 533 247 535 724 547 177 549 577 300 473 580 93 86 390 589 427 593 633 49 605 608 660 171 617 625 154 207 630 592 637 370 640 52 515 649 655 406 673 691 542 701 703 710 728 521 732 594 651 10 204 628 733 383
507 1 462 365
2 329 3 5 8 9 449 10 13 14 16 434 18 501 19 465 20 21 22 23 25 26 27 28 29 30 32 34 331 316 35 36 37 38 41 42 44 45 46 315 47 99 49 50 51 55 56 57 277 58 54 253 60 394 349 61 62 63 284 65 66 67 464 69 70 71 72 73 228 435 15 188 74 75 77 79 81 489 83 84 85 87 88 89 374 90 91 92 481 93 443 94 96 452 97 98 95 101 103 104 17 105 106 208 107 111 113 115 39 116 82 117 118 119 102 484 121 122 123 200 124 125 127 128 214 129 130 293 132 136 138 139 141 299 142 143 144 145 147 148 80 497 149 151 152 153 154 155 156 157 158 159 161 163 164 165 167 170 171 173 174 166 6 175 53 108 176 178 179 114 180 133 181 182 185 186 187 190 191 192 193 194 195 197 461 198 199 201 202 203 281 204 205 206 290 400 207 209 146 210 140 211 212 213 215 216 217 458 218 219 220 222 224 226 227 229 230 498 232 234 235 493 306 236 480 237 240 241 242 244 245 246 247 248 243 225 249 250 251 495 252 254 256 257 258 259 112 260 419 261 263 264 64 265 266 267 269 325 270 272 274 275 278 279 150 282 502 285 286 287 288 289 196 291 292 295 296 300 301 302 304 271 305 273 307 238 409 86 310 311 313 12 314 317 318 319 320 321 322 323 33 324 326 327 328 330 332 333 312 334 335 336 337 338 339 340 342 68 344 76 345 346 347 348 351 352 353 354 355 356 357 358 359 360 363 364 367 368 369 469 370 371 372 373 376 377 378 379 381 361 382 383 384 386 387 388 390 391 231 392 393 395 396 397 398 399 401 402 403 43 404 350 405 184 406 407 408 410 411 412 413 414 415 416 418 48 420 134 421 422 423 425 426 427 428 429 298 375 473 430 431 424 389 432 433 436 303 437 221 109 492 438 439 440 262 441 442 7 444 445 447 448 4 450 366 309 1 451 453 454 455 456 457 460 462 463 466 468 78 470 471 233 472 475 476 477 478 479 482 483 485 486 487 488 490 491 494 499 503 504 506 507
482 1 362 117
447 162 356 1 138 230 227 4 341 8 203 11 426 326 129 446 167 6 112 59 82 25 27 30 3 33 299 40 423 44 282 308 393 49 65 87 54 78 72 170 90 73 75 150 176 367 81 385 83 392 92 97 399 378 101 51 102 58 103 291 126 130 136 466 314 465 115 13 140 141 104 16 26 146 277 156 320 434 106 157 169 253 370 95 174 53 143 184 196 85 236 404 389 163 183 261 187 188 281 362 311 189 47 293 249 125 191 178 409 193 344 21 264 214 64 198 208 168 201 450 134 351 175 204 206 411 386 70 211 216 195 321 36 219 225 416 226 15 233 62 246 222 137 301 335 424 209 250 354 120 262 29 363 221 91 210 384 323 266 34 271 273 343 278 232 280 283 431 32 366 473 223 285 272 294 19 445 284 287 288 67 468 2 383 292 441 300 353 302 57 470 469 347 256 119 144 303 478 207 194 401 305 153 5 96 155 332 396 113 444 171 202 147 454 110 131 428 349 69 307 152 17 46 312 315 318 325 327 237 333 56 337 340 464 43 159 77 345 355 158 358 438 360 361 94 365 252 179 274 76 173 186 368 23 369 289 371 93 24 405 374 148 376 380 381 338 121 475 135 388 182 248 390 7 286 425 145 481 394 397 328 244 37 406 61 240 407 398 48 410 364 375 114 55 160 403 200 417 418 452 180 420 482 238 448 68 334 421 123 427 372 429 430 251 50 436 439 471 241 440 235 449 377 111 71 177 98 462 453 455 400 322 41 346 309 456 12 457 213 118 265 52 458 154 205 422 215 461 80 319 419 348 268 88 9 116 477 479 330 412 86 331
938 1 624 192
2 86 14 437 4 752 533 33 6 835 598 549 272 511 278 909 84 899 663 62 624 435 7 409 8 11 393 9 327 556 546 15 17 23 263 405 847 27 28 30 188 559 366 271 51 52 115 53 106 148 891 704 586 57 476 59 594 93 894 770 100 47 449 136 454 91 749 31 286 111 112 156 117 934 166 355 122 233 919 134 79 140 530 445 502 101 240 746 75 814 144 43 528 150 159 127 167 394 241 776 169 572 174 247 920 606 317 365 786 175 761 183 184 677 196 444 916 762 422 759 315 617 535 204 285 211 170 212 64 878 214 609 218 99 219 808 434 223 48 654 397 56 229 718 258 850 227 231 234 126 235 250 783 822 251 933 802 538 653 38 331 638 356 257 200 428 834 774 621 325 262 846 267 273 501 114 866 68 377 710 282 291 578 911 45 22 890 446 845 301 708 302 836 585 179 304 270 832 765 55 510 459 747 805 388 209 299 50 13 566 767 522 306 309 863 839 194 311 319 116 321 851 323 297 328 330 41 336 860 157 105 620 296 568 20 862 639 856 177 678 540 339 591 584 341 870 343 189 346 351 161 532 349 681 519 907 358 340 573 320 674 305 337 788 310 464 360 582 125 669 332 72 109 228 869 37 364 76 162 587 563 120 42 295 769 819 77 370 371 372 26 102 90 375 412 885 152 10 402 164 380 145 381 385 387 264 389 19 468 391 508 413 419 423 425 368 163 656 318 192 883 738 283 277 923 853 426 190 433 702 415 837 436 713 439 440 443 715 450 452 458 461 698 469 470 766 701 408 558 648 96 716 471 225 848 727 600 472 481 390 545 482 516 456 881 489 451 763 65 213 692 493 40 128 913 404 36 25 367 342 473 503 531 210 859 542 548 800 97 34 554 569 570 505 539 484 576 329 712 750 874 579 243 588 66 85 694 595 350 173 593 379 596 608 245 612 618 151 203 226 619 764 631 864 680 479 636 640 641 541 829 236 643 823 743 1 63 816 181 662 751 316 644 141 908 645 646 171 649 651 557 895 659 29 338 652 655 661 217 658 884 49 432 893 431 544 362 758 768 154 733 667 552 660 521 910 581 477 665 642 676 634 575 666 668 675 438 682 357 414 734 650 824 520 687 690 467 312 696 705 709 571 714 411 485 613 887 447 717 206 133 729 287 74 730 246 205 806 921 731 879 604 143 737 742 683 745 753 736 507 453 756 448 517 781 401 782 81 804 791 792 795 254 797 103 543 801 724 118 197 803 16 711 867 153 146 555 463 475 492 817 124 590 820 929 221 821 564 98 534 826 238 841 487 918 844 3 842 843 760 896 854 901 861 460 865 868 672 627 536 259 657 107 603 876 926 871 149 882 888 936 293 491 685 892 187 897 108 904 139 912 104 852 95 607 922 757 500 925 930 142 938 902 771
841 1 94 82
139 4 7 9 12 14 16 30 31 68 623 108 118 627 128 130 147 85 562 149 306 154 166 182 189 201 215 240 244 255 274 282 326 336 357 621 697 361 365 367 380 383 385 389 398 160 404 411 419 432 447 458 468 491 494 496 497 500 506 630 512 516 518 525 541 542 611 554 581 587 589 607 614 636 47 645 640 179 412 647 658 698 830 203 703 805 728 755 765 773 791 827 831 832
667 1 320 232
2 317 3 101 457 6 14 7 270 8 16 18 20 94 188 29 24 88 26 28 35 555 37 41 44 52 55 58 60 65 74 75 522 77 84 86 587 87 89 91 98 207 151 10 102 107 108 109 110 263 113 118 119 120 633 121 394 123 168 126 129 613 133 137 138 478 240 139 660 398 147 312 153 160 162 169 176 156 178 476 183 189 217 193 194 196 197 199 42 200 208 211 214 417 215 218 221 73 154 223 616 227 229 232 233 234 235 238 241 243 248 36 250 252 486 255 259 260 261 262 264 174 265 267 268 314 271 272 282 288 612 289 290 150 190 292 295 296 298 32 111 300 303 304 308 316 318 319 322 325 326 327 328 547 548 330 334 443 336 338 342 345 346 347 348 349 359 269 378 363 365 366 367 369 374 376 389 393 396 397 400 402 404 409 414 273 203 416 418 419 420 299 236 421 144 429 430 277 431 480 435 436 496 437 505 439 440 131 442 449 395 453 454 458 460 463 464 469 471 472 482 489 490 142 333 491 495 494 497 499 500 503 504 371 506 512 525 558 514 521 526 527 529 530 538 539 541 542 545 357 546 559 550 279 551 552 553 554 561 358 626 432 562 563 564 565 569 580 570 574 575 577 578 579 585 510 388 428 413 590 425 647 593 596 528 70 598 609 615 533 258 329 617 619 620 621 623 627 632 639 165 523 220 191 645 646 650 306 566 651 127 163 33 652 230 653 657 659 663 665
108 1 96 53
52 63 3 8 33 6 14 10 31 1 11 37 12 13 16 51 76 17 18 104 69 19 22 55 24 99 102 21 29 32 77 54 89 84 35 38 65 71 40 34 41 43 9 75 44 23 67 39 98 46 48 49 28 68 50 59 53 61 56 62 70 72 73 78 79 80 58 81 82 85 4 25 66 26 57 83 87 88 92 90 5 91 86 94 95 97 100 101 105 60 106 107 27 103 108 93
656 1 396 324
1 2 614 3 53 260 4 5 6 651 174 7 9 10 11 14 17 202 18 363 19 21 23 24 150 25 27 29 39 30 32 34 35 36 37 38 40 42 184 44 341 45 457 46 47 49 51 52 54 609 542 630 55 56 62 608 63 599 64 68 72 77 79 652 83 84 85 275 86 345 87 88 90 93 94 95 96 97 99 100 109 370 114 115 116 117 120 122 125 128 133 126 136 466 137 138 139 205 142 144 228 145 146 147 613 148 149 153 154 157 158 165 167 170 121 177 178 180 528 182 185 188 191 194 175 195 196 197 199 203 489 206 207 210 213 215 524 216 315 20 220 221 390 617 222 223 224 226 229 231 234 235 236 237 240 242 130 244 246 247 249 250 254 255 257 261 266 267 271 272 273 274 277 280 107 282 284 285 286 292 295 301 302 306 308 310 615 311 312 408 313 314 317 318 321 374 325 326 327 328 71 329 330 333 186 334 217 335 324 338 339 340 342 253 391 343 344 350 354 357 359 360 361 367 368 371 372 375 376 377 378 379 521 381 385 386 392 532 299 396 316 397 398 401 124 402 403 404 406 407 502 410 551 411 572 415 416 417 419 420 423 425 428 432 438 382 655 440 442 443 451 48 452 453 454 455 33 459 460 461 465 636 467 469 470 560 181 471 473 474 232 475 477 483 251 484 487 488 118 66 491 405 493 494 298 495 496 497 498 412 499 500 511 513 517 522 525 527 533 287 387 534 535 640 101 536 537 529 538 539 541 545 548 553 555 556 558 269 559 561 563 564 565 566 80 569 571 641 278 574 575 579 173 581 549 588 589 590 592 593 380 594 595 597 433 598 600 602 605 607 610 612 436 619 621 622 143 623 624 22 576 627 629 632 634 635 637 638 642 643 409 648 653 577 654 656
637 1 472 338
1 2 3 4 7 366 8 297 355 11 15 411 16 269 18 20 21 22 23 24 26 614 27 28 30 31 477 35 36 37 38 39 40 41 43 45 46 493 47 50 54 55 56 57 58 59 452 62 445 64 65 69 71 345 32 72 389 74 75 77 405 361 78 80 82 83 86 188 87 144 88 91 349 92 93 95 318 97 98 546 99 100 103 105 107 113 115 116 118 197 119 222 120 122 130 450 131 132 184 133 314 135 137 138 139 142 143 147 393 321 149 150 284 151 220 152 153 154 156 159 550 164 168 169 172 178 179 180 187 190 192 193 194 196 201 202 203 204 205 207 208 209 419 210 211 212 213 538 408 562 214 215 216 218 217 627 221 223 224 227 76 228 229 231 238 239 383 560 422 243 244 403 583 598 245 247 252 12 254 256 257 258 260 592 290 343 262 268 576 270 272 273 274 348 275 633 14 276 489 439 378 89 278 279 280 232 114 506 283 285 286 449 453 287 288 289 292 295 299 302 303 304 305 308 309 435 311 312 313 317 319 322 329 324 48 326 327 530 330 94 331 335 336 337 424 146 338 126 340 240 341 475 342 307 344 346 9 176 347 332 236 541 350 354 356 357 358 359 360 367 234 370 373 374 458 377 379 380 382 384 385 386 387 388 462 141 248 230 391 392 394 395 396 171 162 397 398 399 400 404 406 381 407 504 570 416 417 189 418 420 426 427 491 431 432 421 492 271 177 434 494 436 437 440 353 441 443 444 108 446 451 101 454 455 128 456 457 459 461 464 466 467 469 470 471 472 415 476 478 316 479 480 482 483 264 485 486 490 110 495 488 376 496 497 552 498 503 509 511 513 514 515 186 512 516 428 519 140 505 34 334 520 521 525 526 527 528 529 531 532 534 84 535 537 542 320 543 412 545 547 333 549 551 553 533 554 277 555 556 198 557 558 559 561 566 569 517 571 448 572 573 574 328 577 578 579 580 582 306 291 590 591 594 595 596 597 599 600 175 602 603 206 604 605 606 368 465 609 612 613 615 616 296 617 621 622 263 125 371 624 625 628 219 629 630 631 632 635 174 636 165 253
477 1 366 296
2 3 5 6 8 11 13 15 145 16 17 18 19 70 311 306 351 20 22 24 25 26 27 28 440 29 30 54 32 62 38 39 40 43 294 45 47 48 472 49 53 55 56 58 445 59 61 64 463 50 65 66 67 68 71 73 74 75 76 77 78 79 80 82 84 88 89 90 92 94 95 282 96 98 100 222 203 106 108 269 109 110 112 113 119 121 122 123 127 128 117 129 131 132 134 264 135 353 136 209 87 138 139 140 141 142 148 149 358 150 152 153 105 154 155 208 158 52 159 160 97 161 81 162 163 165 166 167 171 172 173 174 175 176 177 179 180 169 182 183 184 186 187 188 189 190 192 193 195 196 197 198 199 200 201 202 204 205 206 207 211 212 215 216 217 218 219 7 220 223 230 231 232 234 236 237 238 239 12 240 242 243 210 72 246 247 249 360 346 250 355 252 253 256 257 101 258 259 260 261 398 262 314 263 270 265 1 267 271 272 318 407 273 274 275 278 279 281 283 320 365 285 287 9 248 288 289 290 291 292 293 341 437 295 296 297 36 298 299 300 164 302 304 125 34 305 307 308 146 368 313 316 321 244 324 4 325 327 328 286 329 330 326 331 336 338 339 342 343 344 348 93 350 354 359 361 362 363 370 371 372 373 375 376 377 378 424 379 309 380 381 382 383 33 104 385 386 388 389 391 393 356 394 395 400 401 402 403 406 170 254 412 413 416 417 418 421 423 426 427 428 315 429 312 430 431 432 433 434 340 435 436 438 439 99 441 226 442 443 446 447 448 451 452 453 301 454 455 456 457 458 460 461 464 465 466 467 468 469 471 473 475 194 476 390 387
554 1 312 272
2 3 1 4 6 9 10 11 13 14 15 18 21 237 22 24 106 27 28 345 299 62 32 33 34 37 39 40 42 43 130 44 45 347 48 49 51 57 58 59 61 63 66 68 70 74 75 77 500 79 81 82 84 87 501 88 89 91 92 93 206 94 95 97 99 100 102 103 110 113 118 121 122 124 125 132 133 135 136 137 138 139 140 141 142 149 153 154 156 157 158 163 167 168 169 170 171 526 172 173 175 180 181 183 187 188 195 496 474 199 200 201 202 98 205 546 333 207 446 211 212 213 215 216 219 220 221 264 223 225 226 230 232 236 238 241 335 242 243 244 246 248 252 258 260 265 266 267 272 273 378 275 277 279 282 283 286 289 292 295 296 424 297 537 298 300 301 302 303 305 307 308 310 311 312 524 313 30 315 364 317 318 319 322 519 326 330 331 332 334 337 339 343 165 344 346 351 356 357 359 360 362 365 366 367 368 369 371 372 479 377 379 380 383 384 385 386 419 389 390 392 306 393 399 541 400 401 402 448 325 404 406 407 408 410 412 414 415 417 418 420 422 423 427 430 472 432 434 436 239 440 442 444 447 450 451 452 453 255 454 456 459 461 462 464 466 340 467 470 473 476 477 480 482 405 86 483 484 485 486 487 488 490 495 498 499 376 8 502 503 505 508 509 510 511 512 494 513 514 515 516 520 532 535 12 536 540 543 547 549 551 554
313 1 300 186
307 214 264 2 3 4 5 34 305 46 6 142 10 168 82 11 13 259 14 15 16 19 20 68 119 21 22 23 25 154 27 28 296 213 29 165 45 30 272 31 56 48 32 195 33 35 37 38 60 43 44 40 302 49 51 54 12 312 263 55 57 58 294 191 41 62 94 18 63 295 65 66 283 67 70 72 73 75 182 76 77 39 78 79 81 83 87 88 89 194 90 69 196 74 91 93 97 205 98 99 249 9 293 52 100 102 26 252 178 7 278 225 53 103 105 106 107 108 96 109 110 112 71 113 114 115 116 117 118 120 192 122 123 124 47 125 59 127 95 277 129 130 133 136 138 139 141 143 244 146 148 149 150 151 162 152 232 153 50 155 156 158 164 166 167 275 169 170 171 128 172 8 173 174 147 175 179 268 180 181 183 187 190 193 198 157 281 201 64 202 212 203 204 256 206 186 207 208 161 209 210 211 24 215 216 217 218 220 145 121 134 163 101 159 221 222 185 223 226 227 42 228 229 230 231 17 80 233 84 235 253 160 311 236 260 237 238 239 241 177 242 243 300 298 86 197 224 176 245 309 246 250 254 255 61 257 261 199 262 265 266 111 267 269 270 271 140 126 219 104 273 132 274 279 276 280 282 240 1 284 285 286 144 288 289 303 290 291 92 292 131 297 299 301 304 306 189 308 313 85
816 1 664 174
5 472 538 732 10 681 11 477 265 23 487 27 601 15 77 482 36 133 217 705 587 18 16 125 311 715 132 173 507 145 169 812 576 24 771 307 251 710 287 25 376 63 567 619 45 641 46 424 670 31 309 47 293 529 574 52 419 575 107 39 413 272 53 769 636 799 85 66 9 356 185 56 58 193 341 102 129 60 744 511 62 426 73 565 772 75 80 754 590 183 680 656 81 220 84 98 99 252 103 759 441 104 282 115 569 267 216 168 127 141 801 136 117 163 120 699 232 577 152 410 2 138 678 128 4 180 229 383 614 21 41 12 266 144 146 83 156 106 761 345 157 59 198 563 531 126 450 86 297 172 105 174 599 51 774 38 642 382 431 175 479 154 153 319 177 182 131 189 190 605 194 433 723 379 622 195 197 398 460 208 816 143 170 713 724 804 200 49 155 205 743 211 372 224 598 71 236 166 22 593 206 237 285 716 19 187 516 238 240 306 403 435 290 489 595 296 44 534 231 241 449 243 782 151 813 399 202 810 752 647 253 255 476 257 263 707 397 235 269 270 275 30 733 768 643 807 421 444 113 279 506 281 425 684 291 295 299 564 308 312 316 478 331 333 336 350 354 811 20 698 254 549 790 358 499 787 349 110 359 209 360 365 386 789 147 17 779 794 245 148 488 750 42 122 793 459 671 731 505 78 389 645 683 784 335 417 734 390 370 597 7 213 227 37 91 785 673 392 87 625 640 393 385 364 745 518 633 682 578 545 48 720 394 294 796 391 402 367 580 427 406 532 404 142 664 181 264 230 186 286 161 405 50 407 408 530 409 93 412 429 95 589 124 464 430 739 434 792 317 528 514 780 637 437 89 736 135 493 815 137 438 616 332 440 442 629 454 327 658 457 100 730 747 323 727 466 494 70 121 554 463 467 222 191 470 315 273 490 568 501 524 1 329 540 362 781 509 776 225 503 249 512 510 284 226 711 612 517 342 411 446 522 806 523 539 609 541 756 543 552 188 544 485 233 519 3 547 357 548 340 613 462 116 594 280 109 274 298 247 553 292 661 559 458 537 374 455 570 766 550 436 579 29 581 583 592 606 504 607 615 591 617 620 546 303 461 758 8 611 623 627 630 54 631 635 638 373 798 320 28 352 520 378 164 582 40 396 639 498 380 447 760 626 646 648 718 400 162 361 662 653 533 757 68 751 654 171 475 655 777 176 288 560 663 94 665 465 668 318 289 246 679 701 712 644 685 687 624 688 418 689 57 474 344 677 123 96 691 692 800 415 749 239 697 703 694 719 395 667 160 219 150 277 456 704 706 283 375 708 65 721 111 722 207 525 76 228 585 159 695 64 588 725 726 445 261 657 388 108 690 401 728 347 118 473 735 740 737 334 717 741 610 572 755 686 328 432 97 762 453 770 778 179 814 651 88 786 250 650 201 310 649 481 632 791 571 377 495 384 452 212 300 322 248 14 325 72 797 262 803 805 542 775 666 67 215 443 809 242 562 259 368 551 314
915 1 100 25
503 742 375 83 35 9 861 507 338 888 636 592 864 382 2 655 814 612 160 148 437 46 408 79 169 765 116 105 250 288 220 630 308 48 892 212 890 470 524 594 226 402 624 327 191 343 249 352 394 334 358 112 515 613 787 423 241 368 36 383 579 387 305 73 830 119 795 440 628 24 460 130 497 104 427 737 88 556 504 95 884 665 758 569 840 536 329 45 668 680 580 793 267 258 780 561 156 839 483 126
417 1 140 81
7 8 48 166 202 11 14 16 105 24 25 49 52 57 321 32 118 15 60 66 73 76 88 89 215 95 96 149 98 46 251 110 28 220 299 112 245 115 117 194 270 119 87 122 125 226 126 136 305 59 138 249 143 67 147 148 253 153 259 107 155 156 375 381 161 163 64 170 188 191 192 65 40 36 80 19 199 201 207 151 209 164 29 336 218 369 222 225 227 231 408 235 239 242 244 250 412 311 223 255 257 274 169 269 261 265 94 262 266 238 282 283 293 284 348 285 123 288 302 303 217 84 78 417 308 62 326 330 130 90 338 351 352 355 385 6 400 411 368 415
828 1 66 41
50 66 73 122 124 125 141 264 148 353 413 155 160 196 187 794 298 69 26 280 757 424 199 284 307 123 320 342 222 329 336 339 357 102 387 623 418 714 421 435 448 497 64 347 502 520 536 597 625 567 602 817 627 681 104 691 202 229 553 772 753 754 756 758 774 807
806 1 60 22
323 435 10 237 571 203 196 66 742 172 185 142 612 400 670 73 377 412 263 273 278 394 82 428 83 471 289 446 481 524 584 42 482 538 292 558 568 721 79 485 11 609 128 739 403 536 63 784 786 792 673 649 106 801 48 648 226 465 779 212
678 1 534 335
3 4 6 500 358 7 290 11 13 255 19 21 556 23 1 25 424 444 26 27 274 33 601 35 49 36 38 202 42 43 45 50 334 51 512 297 53 54 58 61 253 218 562 115 67 475 68 135 20 70 498 484 71 72 615 75 80 402 84 451 450 85 28 87 496 88 89 90 91 92 557 434 93 97 98 483 99 348 101 103 105 106 332 110 111 112 273 113 119 120 118 122 123 140 125 170 127 577 129 390 132 138 139 141 121 55 594 143 144 145 636 146 147 148 149 150 151 157 158 627 159 160 180 161 163 165 116 59 292 79 338 166 492 391 167 168 210 169 171 172 173 176 178 181 182 183 377 571 184 629 185 187 189 193 198 199 201 205 333 206 207 208 22 209 211 214 216 219 220 221 109 232 632 52 243 245 427 246 248 249 252 526 24 638 254 271 272 276 280 281 622 283 284 286 295 296 301 29 303 250 304 305 133 306 308 309 431 310 311 312 456 314 315 374 316 317 319 322 323 325 337 340 341 343 269 190 344 345 349 648 299 476 350 351 587 162 352 100 12 405 354 355 330 287 477 357 360 263 361 69 362 239 367 368 335 421 369 175 371 372 373 380 381 382 74 618 385 46 386 134 387 389 394 396 398 464 515 399 404 407 408 409 94 155 410 57 504 375 412 413 414 217 230 628 415 416 417 654 107 227 418 419 425 428 393 440 359 429 432 154 435 436 578 65 640 437 438 439 83 441 41 443 196 445 302 293 446 77 447 449 452 453 455 339 457 461 462 463 108 465 321 200 466 136 397 236 482 468 469 327 599 470 473 474 508 433 478 517 481 479 222 485 153 487 588 488 364 379 179 489 490 493 494 422 495 104 497 264 491 501 502 298 241 505 507 510 328 511 513 514 516 604 519 8 242 164 520 523 524 525 528 197 530 531 142 342 532 267 215 621 534 192 535 536 537 538 539 540 543 458 544 545 547 548 549 550 551 553 554 559 560 561 670 563 564 565 329 566 569 570 130 585 576 579 552 623 580 666 582 583 664 584 279 591 592 593 262 420 572 174 595 596 225 598 5 602 603 606 156 607 608 282 609 613 265 600 614 81 616 204 15 617 624 575 152 625 626 102 669 630 631 567 203 633 635 639 641 191 642 347 643 644 212 645 64 646 259 647 649 289 650 137 406 285 652 653 655 656 658 659 660 662 663 324 665 392 442 667 672 673 674 14 677 678
293 1 42 12
85 79 229 63 253 116 70 131 266 28 45 285 287 175 206 90 76 27 180 234 12 218 73 267 86 243 205 264 130 94 164 198 104 37 170 17 185 10 236 120 216 163
735 1 182 30
569 71 586 156 219 492 251 292 183 189 514 394 35 399 588 45 136 214 7 366 499 624 279 396 283 648 365 666 551 611 62 167 727 267 702 172 260 410 132 2 53 87 523 476 630 326 119 443 577 277 231 640 636 160 329 217 468 200 656 204 52 233 29 503 632 455 285 262 521 471 300 375 602 548 470 349 304 527 269 416 216 187 201 93 140 212 90 3 288 70 651 733 213 261 18 82 442 224 381 414 617 653 379 108 244 649 629 462 268 367 320 97 162 448 342 599 660 353 165 576 705 5 10 507 463 31 173 143 411 150 524 403 406 391 553 673 364 250 421 144 249 559 488 309 374 192 706 405 480 465 690 164 271 532 540 229 278 245 552 181 501 401 641 546 635 91 146 185 644 193 708 718 390 126 457 659 38 610 735 612 593 536
137 1 84 34
16 7 21 23 73 121 24 27 63 120 39 28 1 89 9 80 97 58 94 101 48 116 56 51 59 78 38 36 40 41 130 19 98 109 92 135 100 42 45 57 110 37 61 112 62 70 86 75 127 64 134 93 99 2 65 106 111 22 107 131 104 20 71 108 124 69 117 55 77 126 46 102 129 132 11 34 125 103 137 52 68 54 136 15
403 1 136 70
35 9 14 218 94 88 266 34 372 22 24 33 28 115 43 69 73 83 93 209 105 110 113 353 71 38 32 117 295 81 269 144 150 10 42 162 166 169 174 180 181 152 194 281 293 196 363 202 214 220 221 224 54 126 228 310 230 149 316 231 104 159 136 399 233 235 246 171 238 373 240 45 396 244 247 252 258 340 355 287 303 245 260 263 354 270 283 284 302 86 288 297 358 308 305 272 313 75 77 135 285 314 15 333 90 335 109 338 343 345 347 352 364 184 11 223 402 374 147 377 191 380 227 17 386 225 168 124 239 116 182 389 391 392 393 108
479 1 112 113
11 13 24 27 29 30 36 44 50 51 57 61 66 78 345 82 232 83 88 93 94 95 97 98 100 263 106 204 126 365 131 146 136 142 147 155 156 158 160 165 173 175 184 186 378 187 190 193 196 199 209 212 213 222 228 234 246 247 254 255 270 271 282 285 287 295 299 300 304 309 317 322 325 332 346 351 265 352 362 373 374 379 383 172 386 390 402 399 408 410 412 413 79 416 286 417 420 422 429 435 250 437 440 448 457 460 406 464 467 432 473 65
301 1 102 50
3 5 269 6 164 9 31 270 48 68 215 25 41 106 43 44 216 45 186 284 60 55 70 202 49 246 80 73 75 79 146 290 98 104 109 111 118 127 153 154 160 161 162 169 213 26 199 165 122 210 123 66 170 36 116 172 173 301 4 175 176 129 91 178 194 197 132 212 89 221 228 231 24 236 249 240 241 243 214 255 67 272 29 242 283 277 182 286 234 239 155 183 113 285 148 289 167 276 294 65 247 296
380 1 28 13
67 19 243 324 76 177 259 216 65 85 30 218 144 44 322 378 29 62 52 307 282 120 129 327 155 136 188 275
264 1 148 23
73 75 132 38 126 214 1 223 122 27 263 150 56 203 83 227 22 12 234 74 128 8 31 231 20 146 249 2 23 164 200 19 190 237 37 120 18 84 68 103 217 85 92 169 201 184 98 193 47 7 180 162 13 55 59 86 187 57 36 49 129 145 246 41 226 211 260 195 197 113 115 160 118 259 135 82 101 39 174 91 65 34 95 242 257 70 255 134 219 168 172 186 213 230 14 239 64 166 104 136 51 182 262 185 106 53 218 62 154 202 109 79 225 254 198 207 28 112 141 96 99 251 50 102 45 125 192 25 29 179 10 235 3 58 208 97 222 81 9 5 127 152 159 131 117 87 215 155
589 1 338 35
258 223 53 172 397 316 476 150 493 276 588 306 106 442 210 338 474 498 319 540 90 320 33 179 243 384 192 229 18 502 9 458 293 256 448 50 520 485 246 550 532 277 408 151 237 522 153 155 437 261 519 462 539 378 404 67 242 41 82 58 244 221 134 283 275 418 363 364 6 325 555 393 129 367 76 68 40 549 42 36 257 510 96 152 270 30 147 344 124 24 282 480 135 565 201 250 401 204 245 529 158 582 295 130 112 107 173 217 573 506 512 543 187 423 564 37 547 350 62 160 365 343 291 63 389 351 174 188 101 435 324 262 294 515 578 381 346 39 309 360 484 178 75 326 492 558 511 166 419 455 281 528 222 526 392 34 230 390 475 525 168 341 456 463 342 469 513 114 181 266 507 206 333 159 55 334 216 531 1 5 359 411 377 224 303 100 586 49 279 251 26 409 563 339 486 537 54 438 347 490 93 289 429 584 471 336 288 569 290 296 551 184 566 535 83 457 385 433 200 405 403 396 73 263 552 253 441 273 211 3 48 27 141 576 473 340 321 241 514 286 137 70 357 328 85 491 452 182 109 194 122 337 213 470 459 297 368 87 300 21 143 331 10 127 587 175 382 554 585 74 427 16 307 208 139 19 219 517 215 310 240 20 274 38 391 394 199 171 495 395 146 180 29 284 104 12 43 56 444 574 203 108 140 523 47 412 518 193 380 125 497 7 94 88 477 265 177 538 375 105 236 508 278 302 292 461 416 305 51 553 45 157 425 117 483 424 15 374
706 1 314 266
1 5 6 11 12 18 20 22 33 35 38 40 42 44 49 52 53 55 56 311 57 59 68 70 71 13 73 74 78 81 82 84 85 87 93 697 94 96 97 99 101 102 103 104 106 109 118 121 123 126 127 135 356 136 137 140 142 143 144 146 151 152 153 156 157 37 163 164 165 167 678 174 27 181 122 183 187 189 190 192 194 196 197 200 204 209 64 211 703 214 222 223 29 65 225 357 286 227 228 235 231 233 419 234 177 236 237 239 536 240 242 243 246 569 247 248 251 674 252 253 254 256 258 262 198 263 588 267 270 273 274 275 279 280 282 285 287 288 290 293 294 297 507 300 304 314 54 316 319 320 322 323 325 158 328 329 76 335 336 342 218 344 345 587 350 360 361 362 363 366 369 375 381 250 383 384 387 390 397 404 405 406 407 410 412 161 416 420 422 425 426 428 435 436 90 439 440 442 447 552 450 455 457 462 671 467 473 474 477 478 482 488 489 491 493 494 496 500 502 505 113 514 516 519 524 525 529 530 531 532 533 537 538 540 542 547 549 550 553 554 378 556 557 559 561 298 562 563 565 568 576 374 147 579 582 583 584 589 210 594 343 508 9 596 597 598 599 600 603 606 609 611 612 614 619 620 622 628 631 637 639 644 645 648 652 654 655 656 657 659 662 528 666 207 667 668 669 19 670 683 685 686 642 687 58 689 255 75 224 691 692 695 696 700
936 1 396 50
830 615 635 32 74 368 16 843 297 542 346 402 44 921 461 52 606 923 386 568 102 333 132 144 599 105 188 881 224 95 9 701 212 736 841 112 871 420 541 465 213 489 648 369 23 664 604 53 228 554 530 348 403 313 51 448 509 770 594 230 532 39 38 863 442 527 294 459 416 470 924 340 455 218 120 232 405 443 426 720 189 148 646 371 167 780 447 654 1 138 316 452 597 203 137 553 281 653 376 613 571 239 87 271 93 49 759 287 382 825 309 850 317 277 917 331 334 935 261 555 216 237 931 284 341 886 685 158 493 441 504 104 69 184 445 722 68 929 337 414 41 740 453 750 686 563 130 439 500 362 605 314 462 164 784 395 558 339 913 190 404 888 593 208 705 406 481 11 741 410 707 413 932 422 122 336 268 72 181 587 576 586 351 590 245 446 170 131 67 624 142 298 538 693 785 21 771 655 698 754 454 464 566 126 793 468 580 697 735 733 620 799 864 311 17 308 760 34 704 918 57 285 640 227 380 417 644 547 338 160 893 149 891 801 221 713 480 814 173 557 802 731 679 134 712 533 324 209 99 289 172 572 310 250 834 589 389 694 18 889 108 182 550 89 672 911 927 490 767 45 629 19 234 435 746 743 753 425 249 862 283 779 252 782 772 147 700 163 214 817 365 716 775 914 40 162 2 630 699 347 280 856 708 719 116 859 211 399 854 906 649 75 33 373 636 117 200 645 855 151 844 398 681 936 86 603 907 251 618 607 749 210 326 359 367 628 729 78 12 842 256 747 307 231 364 123 807 223 800 670 357 222 595 748 82 390 165 363 125 76 199 815 585 433 569 898 789 60 642 910 15 492 438 152 345 688 84 393 226 721 233 185 853 306 370 375 113 516 121 925 473 867 215 734 711 430
264 1 140 118
14 18 160 20 21 23 29 31 32 30 34 39 41 123 42 46 47 239 48 49 11 50 51 52 54 55 57 210 58 59 62 63 64 67 69 72 75 76 17 77 78 240 80 84 89 93 94 98 44 113 99 91 100 101 105 106 109 179 111 112 114 116 117 124 1 130 131 134 135 138 139 143 144 181 147 149 150 103 151 152 154 155 156 252 158 163 170 171 172 174 175 176 177 178 182 184 185 186 187 190 193 197 200 235 201 202 153 203 13 204 205 206 208 212 214 215 216 61 219 221 223 226 228 229 232 234 236 241 242 243 38 245 250 126 28 254 257 258 213 259
606 1 112 71
5 582 75 7 41 77 81 99 606 85 65 412 97 117 128 136 158 164 87 165 346 413 179 183 496 397 441 512 185 325 363 188 116 463 189 440 213 425 259 227 405 254 345 257 419 160 269 272 280 306 426 311 479 324 27 337 357 460 585 98 356 355 327 137 366 350 90 35 510 367 368 390 406 411 275 423 453 104 461 470 555 597 181 531 520 484 560 489 230 57 509 233 475 566 511 333 521 528 547 540 352 568 79 569 285 574 588 39 78 502 601 124
60 1 10 23
1 2 8 49 3 36 54 55 59 26
919 1 604 50
59 67 210 561 563 17 286 114 448 759 687 432 425 201 600 780 439 863 608 57 891 44 355 787 461 599 343 192 398 137 887 610 196 234 107 181 167 438 165 31 180 638 711 16 889 24 346 839 679 76 349 161 191 529 487 735 590 832 29 62 790 825 716 310 452 40 862 917 444 227 888 833 882 495 800 450 754 145 274 178 156 747 531 506 749 311 804 195 904 217 462 233 824 544 41 218 670 858 672 734 388 521 229 112 221 235 260 207 111 55 120 666 138 667 901 579 847 394 535 255 497 299 38 119 546 86 784 175 821 341 805 911 818 918 910 199 68 27 430 297 788 564 774 739 866 275 42 420 431 215 125 827 422 557 797 415 838 251 668 144 206 505 575 110 604 21 909 197 517 73 632 919 709 745 94 626 677 466 405 93 607 885 363 392 528 298 536 330 379 700 720 516 182 813 472 654 325 514 582 212 816 823 240 52 585 629 523 618 248 176 676 104 383 483 680 633 623 390 354 841 54 190 799 20 458 74 795 350 106 685 39 61 457 669 896 728 371 198 445 650 548 658 303 436 853 476 584 247 82 870 400 187 364 433 694 265 510 417 836 282 188 547 539 868 101 12 748 477 502 449 351 162 401 592 768 639 395 643 186 762 706 727 783 811 740 92 424 907 494 109 245 664 447 513 793 453 752 725 403 899 208 616 98 134 185 18 851 6 625 872 469 689 239 555 414 81 335 738 601 554 123 309 456 482 586 509 338 766 524 798 603 651 32 646 257 647 481 230 108 736 326 881 237 406 214 782 320 344 264 397 289 9 671 416 724 779 594 117 306 732 337 399 567 373 808 372 589 13 368 410 386 426 99 28 770 404 126 620 256 3 814 69 580 912 159 313 232 249 697 460 636 360 874 103 715 761 142 551 484 530 290 474 515 648 48 130 796 367 36 558 261 315 822 293 622 613 95 418 285 657 628 684 659 884 347 375 583 537 317 746 202 660 815 744 89 913 155 527 837 441 65 70 19 435 79 63 168 572 146 455 382 115 849 222 871 352 571 451 615 135 898 288 345 231 597 150 189 737 312 545 792 673 35 877 894 258 553 574 342 803 763 37 568 292 578 171 914 864 741 848 663 294 596 358 757 216 556 729 241 141 296 733 459 802 22 834 714 153 637 718 693 266 166 512 867 169 631 116 852 105 280 454 33 273 619 464 903 826 880 562 876 11 220 490 549 321 26 573 915 723 219 569 890 879 895 467 699 674 324 34 593 323 10 205 269 147 381 434 861 696 702 2 641 60 408 88 707 132 652 812 387 194 5 801 393 731 565 271 118 84 773 318 789 4 855 173 621 908 681 58 498 223 128 775 624 129 756 543 177 75 869 713 760 151
634 1 562 278
2 4 6 7 109 10 12 14 603 15 17 468 447 18 142 21 197 22 24 378 578 553 304 26 28 29 31 37 627 473 42 51 547 205 55 536 252 57 395 245 107 505 59 63 71 440 542 310 73 76 609 77 289 78 79 624 84 260 85 621 87 425 88 593 89 92 94 96 97 98 99 231 81 100 102 306 118 555 103 550 106 408 101 610 108 110 529 36 574 606 328 111 113 332 114 115 117 458 119 105 70 124 64 452 377 242 133 120 121 421 448 472 122 127 129 130 132 134 138 143 571 151 144 487 145 146 530 360 147 491 148 33 454 150 54 152 541 153 154 155 162 39 163 166 167 38 171 173 216 174 308 141 489 13 178 181 183 381 186 355 570 256 187 422 188 11 190 500 511 191 192 264 592 414 172 194 196 444 136 199 126 200 201 3 333 202 203 345 210 211 104 516 213 90 445 585 214 193 534 215 218 295 221 343 223 227 125 53 228 229 599 74 391 374 434 233 234 219 236 237 338 179 239 243 246 20 249 250 251 361 255 257 633 278 258 259 594 261 267 268 269 607 272 274 275 276 396 559 277 157 482 265 618 455 279 285 286 287 209 177 290 291 220 323 586 292 27 346 350 556 449 622 443 329 156 293 581 95 207 297 288 254 557 19 301 137 303 406 307 314 558 316 317 318 320 322 149 326 488 330 208 334 527 336 341 344 347 348 349 354 266 331 1 296 353 61 176 357 164 507 281 224 313 273 358 131 359 362 363 365 456 366 494 515 368 23 540 369 298 403 364 465 375 48 379 175 380 82 460 387 41 388 389 513 386 80 47 170 390 35 392 394 560 398 9 325 400 384 401 573 72 405 591 139 407 410 580 25 58 413 467 180 217 490 415 416 86 419 420 423 424 426 32 428 479 537 52 615 159 430 431 198 45 367 436 385 432 433 435 327 372 437 438 439 441 247 442 66 300 524 429 466 446 450 165 451 62 453 402 397 112 16 457 356 204 459 461 370 523 463 404 464 549 470 544 471 474 476 305 477 596 608 427 469 481 509 484 600 528 485 116 492 383 478 5 486 495 496 230 319 497 499 60 501 502 253 503 504 506 393 508 597 128 512 294 514 517 518 271 521 525 526 531 532 535 602 545 546 315 548 551 631 140 552 43 538 554 91 561 498 616 562 563 564 565 566 567 522 568 232 337 56 569 576 244 577 161 579 583 587 588 589 30 590 533 299 598 483 595 601 629 604 69 605 611 612 67 613 623 625 510 520 626 628 630 543 519 283 632 409 634 371
431 1 350 130
420 303 414 1 9 11 422 31 307 221 340 12 108 159 407 50 59 16 356 258 250 73 192 346 170 17 409 332 64 48 387 19 21 23 26 233 283 10 319 207 27 29 345 377 252 361 33 36 22 44 262 172 63 338 46 47 331 224 90 54 426 354 123 161 56 60 350 344 316 83 14 24 61 62 220 413 313 166 349 65 277 74 88 76 81 85 34 92 280 93 156 100 203 101 71 102 238 155 352 347 2 87 341 148 106 84 163 107 110 355 213 126 112 254 116 28 7 151 421 122 72 398 322 124 130 131 134 191 135 136 18 242 177 334 367 268 137 99 120 325 141 308 154 142 115 143 104 178 146 79 30 263 176 231 208 144 119 423 384 80 157 424 145 291 158 160 167 169 369 321 182 183 184 67 378 189 193 296 428 289 210 194 264 91 196 279 200 57 201 202 205 4 78 257 209 212 165 94 276 211 253 215 222 227 228 230 240 218 89 249 427 241 376 243 418 245 246 66 247 251 147 255 256 259 267 186 261 265 270 272 75 273 299 363 275 55 128 389 285 162 287 290 294 375 309 49 370 300 118 225 40 310 318 314 109 58 214 315 320 323 415 339 326 125 43 357 317 327 329 171 335 342 38 431 86 223 353 343 358 324 351 20 416 381 362 408 364 293 365 380 3 37 41 132 68 97 269 366 372 45 379 382 386 114 388 237 390 236 360 190 304 392 216 336 393 153 173 138 180 292 8 394 295 395 373 397 371 113 284 391 401 399 402 25 226 274 403 404 168 175 410 98 411 412 383 52 425 429 152 42
102 1 52 45
3 6 8 10 12 14 18 22 41 24 25 28 29 31 34 46 35 37 39 16 42 43 5 54 44 45 55 57 67 27 62 63 33 65 69 48 68 71 75 76 79 4 80 83 85 86 87 91 92 94 98 101
809 1 740 183
2 9 180 688 324 698 19 139 88 473 780 315 170 414 314 581 605 278 20 198 643 407 339 412 400 33 714 27 630 30 413 791 267 673 32 418 732 34 95 398 37 705 40 575 310 660 631 150 60 458 45 746 46 49 265 379 67 36 557 53 636 54 463 446 62 561 69 747 189 462 711 17 201 119 11 767 73 78 169 155 760 793 432 776 259 294 87 199 695 459 756 754 434 89 613 530 101 498 668 585 132 164 179 697 42 286 102 684 614 154 106 494 107 109 218 115 246 24 117 491 108 253 571 744 25 160 121 790 122 694 769 124 125 676 408 264 534 323 722 44 126 740 445 130 584 239 135 650 318 137 145 131 276 234 263 277 778 629 647 364 634 508 690 158 582 283 410 163 739 803 699 97 654 167 153 515 193 543 536 370 770 58 794 642 175 177 181 363 185 187 441 355 735 305 233 190 806 457 632 63 332 192 696 785 558 110 144 83 200 738 334 227 222 443 520 438 358 509 204 213 217 214 191 330 184 435 513 667 309 568 219 220 226 75 777 670 628 422 665 411 403 280 240 120 228 134 396 174 223 331 316 236 646 639 237 687 103 94 651 454 50 241 244 225 248 96 281 261 243 472 497 64 207 273 129 279 48 303 289 105 406 77 319 322 326 329 333 338 342 576 347 580 348 86 456 637 436 299 591 801 394 55 504 350 59 351 4 352 56 416 592 773 461 292 293 353 296 356 596 385 620 586 384 79 359 772 549 577 361 450 344 369 757 484 172 321 373 374 183 645 380 209 250 455 141 595 381 282 674 275 783 388 728 3 235 390 401 578 152 786 409 423 404 572 386 475 726 510 424 151 426 468 799 425 91 8 429 710 442 765 529 22 327 477 448 395 84 451 453 495 559 415 460 285 258 533 550 521 466 478 367 168 479 295 482 431 679 486 61 488 490 389 249 659 480 493 211 496 499 343 808 512 76 387 623 516 257 104 70 551 376 224 523 706 311 444 792 569 111 702 146 564 565 526 700 312 531 57 500 80 266 476 589 6 562 535 658 178 140 274 541 18 210 98 514 758 16 256 798 171 627 81 527 349 625 615 93 546 66 555 671 186 467 640 375 566 677 782 335 489 652 567 573 328 449 532 306 574 606 579 142 588 590 474 560 664 538 593 597 197 598 464 7 599 600 601 548 519 325 487 689 603 208 157 195 607 715 554 609 362 612 617 194 368 308 112 232 365 618 522 619 21 31 741 678 354 797 251 503 648 524 14 378 621 624 635 644 511 10 649 528 751 52 655 657 610 661 704 212 666 662 682 337 517 587 748 147 501 340 268 547 143 669 196 51 247 149 242 675 608 683 113 686 341 393 483 271 284 302 693 1 317 291 604 399 703 708 39 159 712 391 165 781 638 269 755 718 719 721 723 724 85 437 745 301 290 397 764 123 68 166 602 552 405 656 729 419 802 730 685 41 118 542 15 737 611 622 556 433 428 742 12 162 570 563 90 304 38 713 753 525 156 297 727 252 231 188 518 481 205 71 749 270 750 502 752 100 545 346 663 260 761 357 447 762 313 371 633 26 13 763 594 692 701 766 771 392 421 626 262 672 681 128 774 691 238 65 775 43 127 733 320 736 148 734 345 784 787 229 788 206 789 800 430 203 298 616 383 768 759 360 804 540 366 99 805 471 92 288 807
961 1 116 104
9 635 17 41 62 65 925 74 94 95 118 655 119 127 139 142 145 148 214 155 165 171 186 190 203 213 216 221 77 245 205 248 252 682 257 266 269 288 304 312 316 325 336 352 411 361 806 599 378 392 382 389 348 408 409 414 432 435 445 451 458 474 335 475 571 488 489 495 512 532 539 540 552 553 557 575 253 604 608 609 657 16 665 933 668 678 690 691 700 722 734 757 762 765 769 773 776 40 783 790 818 824 832 843 865 882 900 907 909 917 937 938 943 954 569 961
861 1 450 43
485 707 412 234 158 368 711 388 692 804 281 651 105 273 45 438 324 192 626 558 746 458 718 142 118 840 184 242 601 188 587 858 522 401 676 344 437 800 825 828 161 174 351 467 447 147 396 95 120 214 771 728 674 688 610 35 782 714 317 326 296 472 372 310 586 531 148 181 584 328 756 16 41 442 724 599 783 59 613 689 786 38 211 320 17 456 612 435 501 241 34 152 302 122 532 277 383 808 46 843 416 253 609 497 436 109 432 237 698 198 542 303 686 92 760 679 299 100 103 39 462 483 418 499 468 266 810 580 434 285 650 200 490 693 71 338 826 535 156 144 665 399 155 342 250 187 193 68 337 133 736 30 527 83 798 124 579 464 94 677 196 245 789 516 636 295 817 371 713 487 741 523 519 588 287 582 182 289 691 114 849 121 65 267 305 301 593 687 15 67 29 55 167 143 128 684 550 233 307 835 202 40 454 761 738 533 332 605 47 678 629 140 739 427 537 44 619 776 556 816 49 852 76 428 169 543 20 561 570 644 395 405 151 482 575 160 656 394 25 392 750 340 222 615 547 261 175 170 189 466 766 179 7 701 304 298 249 581 669 98 569 571 210 502 734 813 702 549 199 430 726 244 566 204 69 498 197 700 382 411 379 26 455 641 172 294 567 794 594 246 814 802 842 781 82 380 660 480 832 355 476 263 5 86 159 22 32 341 309 397 460 633 861 50 318 792 259 321 507 859 360 353 377 398 639 288 81 709 744 505 630 479 645 495 334 521 352 406 465 229 529 104 827 638 264 765 515 514 623 625 364 186 784 215 387 597 526 206 829 564 737 63 815 300 608 475 520 560 506 313 183 378 251 740 680 91 769 732 671 647 315 764 509 510 696 445 138 512 228 534 602 190 851 423 545 218 667 343 426 348 557 779 255 805 720 358 672 662 408 254 279 137 727 185 308 795 459 239 164 14 790 391 837 48 643 517 99 149 284 347 21 492 115 75 173 631 37 453 390 282 1 217 18 292 404 110 809 101 312 622
441 1 52 16
116 430 19 220 21 113 62 95 331 244 320 96 423 20 161 58 78 217 75 73 1 83 163 253 392 131 383 262 147 179 366 175 55 99 250 245 114 304 332 255 385 405 51 212 425 367 119 377 364 303 230 305
418 1 2 3
394 224
795 1 236 160
14 591 16 414 22 23 115 26 31 40 41 44 48 56 76 80 82 85 89 91 559 94 609 99 108 350 346 112 515 119 124 129 132 133 135 142 143 144 131 151 155 396 534 161 162 164 171 783 173 78 174 181 183 682 185 187 484 188 189 312 198 749 158 216 217 223 235 239 552 247 257 150 301 246 264 180 668 267 291 292 294 295 298 447 303 305 309 310 562 227 723 316 318 320 331 339 342 755 348 357 359 367 657 369 372 746 607 122 38 375 380 381 395 240 398 354 399 406 413 415 423 437 102 439 443 544 444 456 462 655 464 466 788 468 478 42 636 319 485 176 254 779 383 488 336 614 200 492 499 503 511 404 450 516 519 523 297 524 525 526 641 704 578 521 531 533 538 633 546 230 550 554 558 563 566 500 109 572 262 166 580 588 582 586 589 596 120 600 225 603 606 610 535 612 195 527 121 756 545 616 617 622 624 626 628 311 639 643 645 650 403 426 651 63 653 659 661 692 701 706 728 735 738 743 747 763 764 765 766 768 774 775 778 787 745 789
922 1 278 69
760 532 42 766 161 4 557 11 24 30 351 450 220 841 47 38 613 434 152 66 549 43 609 7 72 70 539 77 848 76 442 585 789 416 82 84 103 836 21 453 107 795 573 872 135 640 148 695 662 122 108 170 844 312 497 431 435 262 464 541 63 179 778 858 346 41 104 373 790 169 186 537 411 73 35 215 354 472 147 696 438 516 212 652 288 207 348 218 139 498 580 656 347 730 226 251 665 267 636 615 806 102 283 284 306 123 904 168 308 349 137 237 189 393 727 443 297 572 861 325 112 752 682 719 199 243 418 309 115 64 317 358 770 550 648 322 774 542 329 598 234 333 97 912 871 527 279 28 919 336 380 553 259 901 394 60 460 869 275 422 74 698 174 484 493 851 528 178 864 531 602 293 143 880 78 244 61 561 555 578 164 588 593 145 417 130 599 344 439 604 258 641 771 448 343 611 79 489 616 607 156 590 824 224 633 635 360 619 921 205 614 162 323 772 397 184 617 779 353 653 530 388 828 785 547 630 634 741 465 377 637 827 85 679 706 659 725 575 726 219 762 849 454 209 334 361 462 119 492 887 769 281 783 101 501 794 799 822 392 255 521 367 248 853 214 687 372 195 744 897 910 12 426 922 172 517 631 332
242 1 30 17
1 58 5 97 18 32 45 131 163 149 169 241 44 27 62 207 224 209 194 213 96 69 171 205 215 172 148 220 188 203
65 1 40 30
2 8 4 5 11 6 10 16 17 21 22 23 15 28 24 3 38 27 48 20 37 39 41 42 35 9 45 47 50 29 52 54 55 56 59 31 60 61 65 26
323 1 304 139
2 5 168 275 125 8 11 16 244 18 19 20 24 27 29 171 40 42 57 43 280 113 50 52 229 267 53 13 55 87 56 61 51 62 141 64 48 65 66 68 70 90 308 71 72 75 79 81 82 301 290 83 88 256 210 92 94 98 100 122 101 104 207 105 107 34 157 245 110 49 108 111 112 115 95 223 116 76 119 124 242 91 128 129 149 131 12 132 1 134 32 203 85 135 268 136 137 258 139 140 142 241 143 145 126 283 146 148 307 39 152 153 154 54 237 300 155 194 188 175 156 218 158 170 160 180 230 106 162 193 285 165 58 44 211 130 318 317 196 292 97 80 261 30 10 289 103 166 257 37 38 192 310 15 45 17 25 93 185 167 174 176 120 179 181 182 249 269 184 187 189 270 191 86 172 121 197 33 228 144 274 198 199 3 200 202 190 204 250 208 212 214 305 117 276 215 217 306 67 222 84 224 225 226 227 150 213 319 231 26 253 46 232 186 234 31 99 6 21 22 236 239 246 173 247 248 251 291 252 254 255 259 260 263 123 264 219 302 35 183 315 238 206 235 266 271 138 73 272 220 161 23 169 233 9 195 309 96 69 273 240 281 265 77 47 89 63 278 147 114 209 277 279 286 311 287 262 133 151 201 78 14 288 118 293 74 295 284 296 297 298 299 303 304 312 323 177 313 316 320 60 4 321 102
289 1 90 56
19 20 257 94 26 31 37 21 174 47 51 56 60 61 64 67 18 233 73 119 273 23 75 132 76 77 176 80 83 127 84 87 185 88 110 115 120 121 164 122 5 136 243 177 155 9 82 156 157 10 264 170 182 183 81 202 286 203 211 217 222 109 223 225 227 228 234 235 237 212 16 131 289 251 124 259 265 268 102 130 42 160 231 262 108 54 272 274 282 188
404 1 60 52
19 27 41 35 153 39 45 54 60 11 70 76 87 99 100 107 361 110 402 112 116 228 133 134 186 193 196 202 224 241 244 256 262 273 275 309 312 324 327 333 346 352 359 363 146 179 364 370 128 385 386 389 235 390 398 46 400 401 404 17
531 1 18 12
373 95 13 15 138 230 232 277 308 374 360 494 491 191 378 204 404 441
641 1 618 520
1 2 3 4 5 6 7 8 639 9 10 12 13 14 16 19 21 23 24 25 26 27 28 30 31 32 34 35 36 37 38 39 536 41 42 111 44 45 46 47 48 49 50 51 52 53 54 59 55 57 60 235 61 62 63 322 64 65 66 67 68 69 70 72 73 75 76 608 571 77 78 79 589 82 83 71 84 85 86 87 88 343 90 91 92 93 94 533 95 619 96 97 98 99 100 102 103 199 104 105 17 107 108 524 109 110 112 172 113 115 116 117 118 119 120 122 123 538 124 125 127 128 599 129 130 132 133 261 134 532 135 138 139 140 403 141 143 144 145 146 147 148 149 153 154 442 156 418 157 405 159 160 161 176 510 162 163 164 528 165 166 167 168 169 170 171 399 174 175 177 249 179 180 181 182 565 183 184 186 187 188 190 530 192 193 195 196 197 198 200 339 201 202 204 205 206 207 208 209 210 211 212 214 215 218 231 220 221 222 223 224 225 226 227 228 552 230 232 233 234 236 238 416 239 240 241 244 247 248 398 250 251 252 594 253 254 255 256 257 259 260 262 549 263 266 267 268 40 270 81 271 272 273 274 275 18 277 278 279 280 281 282 283 194 284 285 378 286 288 529 289 290 291 292 358 293 588 294 295 296 297 298 299 300 473 301 302 303 304 305 306 307 308 309 310 311 312 520 313 243 314 315 20 316 319 320 321 326 327 328 329 276 330 219 331 332 334 336 337 338 340 341 342 344 29 345 346 348 245 351 352 355 356 357 359 360 361 362 106 363 364 173 191 142 365 366 367 22 368 369 370 371 372 373 242 136 374 375 376 377 379 189 380 15 381 382 383 384 80 385 386 387 388 389 390 391 392 438 393 394 395 439 203 396 89 397 400 401 402 43 494 406 407 408 409 411 412 413 414 415 417 419 475 420 421 422 424 425 426 427 428 429 430 431 433 434 435 436 437 440 441 443 444 446 447 448 450 404 349 449 451 452 185 453 333 455 213 457 423 458 459 460 476 33 461 462 463 410 464 465 625 466 467 126 468 469 470 471 474 478 479 480 481 482 483 484 485 486 487 488 489 490 492 493 495 503 491 353 496 58 497 498 499 500 501 502 504 246 505 506 507 508 509 511 269 151 534 512 216 513 514 229 515 325 516 517 518 354 519 521 522 523 525 265 121 526 527 531 535 537 539 540 541 542 544 545 547 548 550 553 554 472 555 324 556 152 557 558 559 560 445 561 562 477 563 564 566 567 568 543 569 570 572 573 574 575 335 576 577 578 579 580 582 583 584 585 586 237 587 590 591 592 593 595 596 598 600 601 604 602 603 605 606 607 287 609 610 611 612 613 614 615 616 617 618 620 621 622 623 347 155 624 56 626 627 628 629 630 631 632 633 634 635 636 637 638 640 641
9 1 6 9
1 3 4 7 5 6
875 1 184 122
2 13 38 30 41 46 781 58 62 737 67 70 77 84 105 444 116 805 118 123 128 438 129 130 660 134 383 136 142 152 298 858 160 566 163 170 172 389 173 174 268 176 201 221 802 249 251 253 155 262 804 255 464 405 261 835 769 274 277 283 295 305 310 432 500 316 319 336 337 363 849 169 643 364 308 396 404 407 409 411 423 434 436 437 452 457 240 18 671 459 164 461 463 474 65 571 481 313 492 497 498 728 351 504 279 503 104 505 506 513 186 515 516 520 529 523 524 527 530 531 537 540 657 545 837 560 224 729 561 137 565 839 577 572 260 580 553 304 583 588 12 589 595 329 597 600 614 615 616 453 639 644 661 667 669 10 284 692 722 698 784 704 706 719 724 731 743 368 751 754 761 774 803 776 782 809 812 830 838 863 297 659 874 539
376 1 364 322
1 2 3 4 6 288 7 9 10 349 58 11 13 14 15 17 18 19 20 143 21 22 23 25 26 28 29 30 31 32 33 299 34 35 36 37 38 39 40 41 42 43 96 45 46 47 48 332 82 49 51 52 53 54 44 55 56 57 59 60 61 206 62 63 64 65 66 136 67 342 68 70 71 72 73 74 75 76 78 79 80 83 84 262 85 86 87 88 89 90 91 216 328 92 93 94 95 97 98 99 100 101 103 142 104 105 106 107 108 109 113 114 115 116 117 118 119 121 123 124 125 126 112 127 240 128 130 131 132 133 134 135 137 138 139 140 145 146 147 148 149 150 152 50 153 154 155 156 157 158 159 141 160 161 162 163 164 165 166 120 167 168 169 170 171 172 174 175 176 177 178 179 180 181 182 183 366 184 186 187 188 27 189 190 191 193 194 195 196 197 198 199 129 200 201 207 202 203 204 205 208 209 210 211 212 213 214 215 218 219 221 111 269 222 223 224 225 226 227 228 229 231 232 233 234 235 236 237 238 239 241 243 244 245 247 248 249 250 251 252 253 351 254 144 255 256 257 258 259 260 369 261 263 264 265 266 267 268 270 271 110 185 272 273 274 275 276 230 277 278 279 280 281 283 311 284 285 286 287 290 292 291 151 173 362 293 294 295 296 297 298 301 303 304 305 306 307 308 309 310 312 313 364 314 315 316 317 318 319 320 321 322 323 324 325 326 217 327 329 330 331 192 333 334 335 336 337 338 339 340 341 343 344 345 12 346 347 348 5 350 352 353 122 354 355 356 357 358 359 360 361 363 8 365 367 368 370 371 372 373 374 375 69 376
489 1 186 146
1 6 8 9 10 11 145 12 14 15 17 21 24 380 28 34 154 37 47 48 55 65 72 136 73 76 85 86 88 90 91 104 46 279 108 110 113 118 124 128 129 133 142 215 143 144 146 147 149 335 152 179 155 157 161 162 231 168 171 452 141 175 198 176 177 185 188 59 189 192 193 203 204 210 211 222 237 239 241 243 245 249 251 252 254 258 208 262 22 267 271 140 331 273 415 277 281 489 282 287 130 425 246 297 299 300 223 257 58 301 307 312 314 315 320 79 323 328 336 338 339 444 131 447 165 341 346 340 109 349 350 356 460 357 358 359 45 367 369 370 371 374 250 377 378 382 386 183 487 26 400 80 403 407 368 417 419 420 422 426 427 428 429 430 345 433 434 437 438 439 446 449 450 453 455 463 464 468 471 472 260 473 474 476 479 481
497 1 180 39
77 352 14 20 30 325 31 348 456 41 430 385 122 96 133 172 46 193 437 469 151 283 56 58 215 80 64 42 107 296 12 119 67 359 1 261 406 349 161 7 166 375 169 274 237 182 464 306 143 164 129 196 176 462 251 78 5 482 497 156 362 365 24 285 6 298 288 130 150 400 379 378 32 436 197 219 422 147 390 387 360 201 341 222 179 340 229 238 131 255 294 353 278 216 256 262 481 337 287 137 106 160 34 247 361 75 344 17 272 38 496 311 318 4 427 453 408 409 257 351 391 446 123 324 329 81 401 338 138 393 240 368 118 334 300 454 332 98 480 346 125 227 429 319 230 411 186 199 432 342 145 242 252 92 124 420 27 236 492 448 494 460 121 335 457 438 439 483 232 470 471 94 28 488 478 15 89 293 281 475
680 1 12 7
308 113 450 14 346 451 410 466 104 316 581 483
508 1 448 131
128 254 73 416 6 179 132 110 64 188 210 228 390 12 95 427 176 173 244 391 480 222 347 50 380 17 18 457 21 25 304 66 277 54 505 26 242 399 30 459 350 45 35 37 172 264 38 42 9 495 24 23 498 101 445 273 201 157 212 43 48 63 420 275 65 428 294 286 67 486 287 449 129 377 104 296 458 476 197 209 72 78 442 214 87 90 92 97 292 235 226 247 75 123 336 170 76 1 202 159 174 100 345 443 106 108 236 341 447 112 116 297 117 337 389 392 118 121 429 36 251 122 126 127 406 280 98 109 221 41 14 133 3 134 482 412 400 339 136 124 58 139 361 33 508 163 195 289 503 82 383 55 453 256 146 151 51 312 333 74 152 225 164 166 15 169 240 213 434 171 183 206 189 16 370 365 190 193 430 194 113 199 84 200 204 488 262 131 56 205 259 215 219 47 4 198 111 321 271 335 439 220 270 232 238 375 60 187 305 245 203 331 367 432 272 249 208 246 248 61 250 261 263 265 268 253 431 71 388 274 279 329 160 415 290 217 7 291 295 301 302 356 471 424 463 278 307 308 145 175 227 394 506 359 327 88 310 313 490 158 314 315 178 316 40 196 322 417 385 34 493 401 456 137 234 324 130 330 81 362 266 288 83 444 332 11 233 422 338 114 44 448 243 186 348 489 252 93 351 352 355 454 357 53 492 70 397 358 484 369 153 120 276 363 426 349 371 311 52 281 373 479 437 20 386 257 469 396 466 59 142 423 237 96 342 402 258 403 381 267 404 407 411 241 31 502 414 398 419 393 119 207 418 154 19 283 340 224 421 239 147 382 107 162 378 27 500 368 229 184 99 255 29 269 231 425 494 89 103 293 433 435 80 436 77 438 440 69 353 309 450 102 441 455 191 460 299 284 62 282 94 464 303 57 326 379 467 28 148 468 285 384 470 182 366 472 452 475 46 409 300 79 318 477 478 481 483 181 487 461 192 223 135 462 496 49 354 141 405 10 86 497 499 343 504 507 473 364
319 1 136 130
4 9 116 11 223 12 13 16 20 23 28 24 34 35 40 41 42 142 43 44 46 48 19 49 53 56 57 61 62 64 65 67 68 69 74 77 78 80 88 89 91 93 99 101 103 109 111 117 125 126 128 130 134 136 143 144 146 147 149 151 153 157 158 160 162 50 163 164 165 166 169 170 172 178 179 180 182 184 185 187 189 190 191 192 193 273 196 197 198 206 207 208 209 214 215 216 217 218 219 224 226 233 234 237 238 239 243 245 246 247 254 255 258 261 262 264 265 267 268 269 271 276 278 279 280 292 295 296 301 303 305 309 310 312 313 314
130 1 90 66
3 5 7 9 34 91 71 10 11 20 14 16 70 17 18 112 19 25 26 27 30 31 35 36 37 24 39 116 41 42 43 44 1 49 51 12 53 55 57 58 61 62 13 59 89 66 67 68 113 72 73 74 122 75 63 76 79 82 99 83 84 21 85 86 87 90 8 127 94 97 47 98 100 126 102 103 38 109 60 111 114 46 104 117 120 121 123 124 78 105
63 1 52 26
1 25 45 4 29 37 41 8 7 39 17 19 18 20 22 51 10 23 31 55 58 11 28 30 47 32 33 43 54 24 34 3 27 2 61 6 59 35 14 36 38 44 40 57 46 5 48 53 42 12 60 62
105 1 30 20
6 63 11 13 34 17 29 10 43 32 41 47 67 50 98 75 18 58 33 39 61 66 94 76 77 95 103 23 85 89
353 1 174 165
5 318 10 12 14 15 17 20 22 26 27 31 32 37 38 40 224 43 45 3 48 50 248 54 55 56 57 61 62 64 66 87 69 70 75 131 76 146 78 79 83 84 85 86 342 90 91 96 97 101 102 104 105 107 189 108 110 111 112 113 114 116 118 127 120 124 125 129 68 133 138 140 141 148 151 152 153 155 157 159 162 167 169 170 295 172 174 137 175 181 183 184 188 192 193 194 195 198 200 201 204 205 208 211 213 23 217 219 221 251 63 223 226 214 227 229 234 237 241 245 247 249 250 252 253 254 255 257 276 244 176 231 258 95 261 262 263 264 266 351 267 270 271 272 277 274 279 280 283 243 288 289 291 296 329 307 309 312 317 322 315 323 325 333 334 327 341 343 344 345 306 346 347 349
742 1 374 189
2 77 5 537 6 79 13 16 20 27 66 32 316 15 38 713 39 315 41 665 46 48 52 1 54 55 12 296 345 56 439 708 475 424 62 388 65 45 67 75 505 83 526 226 30 84 582 86 3 677 410 4 480 562 91 533 94 425 35 407 171 229 100 110 503 123 404 313 124 127 684 129 130 135 76 140 60 326 177 567 502 346 402 142 196 271 14 145 59 148 596 152 153 69 161 162 168 212 172 89 441 173 179 74 181 186 561 205 194 338 458 195 197 236 199 209 577 214 220 240 93 222 228 231 442 597 234 237 64 238 273 191 239 245 247 87 249 254 206 18 78 61 499 257 557 634 454 495 259 712 524 260 261 264 265 267 268 304 122 274 102 729 468 44 246 696 414 279 486 165 281 449 288 294 297 302 387 303 307 310 327 335 340 343 344 373 347 358 359 472 363 440 611 614 366 367 114 371 372 383 184 389 36 393 395 396 400 550 385 411 115 329 412 662 433 413 401 242 416 418 653 178 419 422 679 428 431 432 23 469 434 182 436 451 415 375 541 391 174 452 455 462 630 26 579 463 230 471 476 494 736 355 477 483 484 266 121 485 435 25 717 488 269 650 319 490 500 520 501 506 386 513 523 376 542 555 320 356 559 560 332 132 722 563 17 609 90 574 578 568 581 588 590 593 595 531 600 605 119 604 608 613 619 379 627 353 528 369 628 546 223 629 558 221 420 126 633 637 639 640 337 586 291 644 645 474 589 648 651 170 654 481 111 655 215 99 660 661 664 666 737 183 295 668 673 685 687 691 349 692 150 681 693 689 549 382 694 284 701 702 617 705 497 706 714 725 727 732 733 734 306 256 426 697
544 1 532 253
245 363 1 19 99 3 434 6 8 9 528 10 13 14 16 17 339 24 537 84 25 26 114 30 39 428 33 34 35 253 36 38 411 445 258 40 41 275 190 44 327 45 47 48 443 53 55 372 466 56 284 57 60 397 65 74 66 110 67 68 331 76 454 78 81 82 85 29 87 384 89 90 20 270 91 502 92 94 95 485 96 522 187 100 457 278 216 254 422 101 105 98 106 524 241 389 107 108 383 61 464 229 109 316 329 69 115 116 308 118 277 123 102 120 178 124 126 42 320 119 236 544 129 130 133 334 137 138 139 142 144 148 149 285 62 281 286 150 356 73 152 379 153 489 382 154 193 361 77 140 155 143 225 158 274 533 159 335 381 160 166 97 163 433 165 169 287 170 171 418 172 173 240 174 282 176 257 54 500 386 377 302 179 180 184 185 168 323 188 208 189 191 448 508 195 21 209 532 196 31 198 416 199 482 204 470 28 205 450 322 206 413 210 211 228 212 214 542 217 11 218 32 390 219 23 267 505 220 221 222 4 200 146 455 223 224 226 232 235 237 233 243 496 117 63 248 64 250 128 59 344 121 479 247 251 80 83 182 132 404 252 50 256 259 261 262 265 328 271 458 272 181 273 408 280 292 295 296 297 426 75 494 506 298 301 88 303 242 300 290 446 279 306 104 310 164 468 314 318 136 72 321 7 266 332 307 324 401 325 12 288 367 326 330 86 333 194 336 503 43 337 338 162 304 293 340 341 400 343 125 347 27 360 348 350 351 447 353 112 309 358 465 359 362 269 364 366 289 368 369 151 202 197 264 294 249 371 375 376 378 18 111 424 380 385 387 388 515 391 432 442 472 392 393 395 396 541 231 463 398 399 203 402 46 403 268 407 410 51 412 283 79 37 417 419 420 481 423 255 425 427 429 430 431 349 435 529 227 436 234 437 438 52 131 230 439 440 192 441 449 313 451 291 238 452 520 405 471 453 459 460 22 2 461 161 409 319 462 467 469 473 213 373 175 474 357 207 475 476 477 113 355 478 299 480 177 315 483 484 352 487 488 394 490 71 103 239 5 58 135 491 346 317 492 493 495 312 497 498 499 345 539 501 504 507 509 354 365 415 70 512 414 510 93 134 534 511 127 215 513 516 421 517 519 49 521 186 525 263 246 183 244 260 523 456 535 276 526 305 122 527 530 145 444 531 370 156 538 540 543 518 147
750 1 702 177
726 392 300 547 576 459 65 7 15 622 671 645 584 95 36 628 42 45 401 442 737 371 47 270 12 22 179 649 184 52 695 351 156 93 307 269 49 56 492 497 636 58 64 54 70 75 87 61 92 176 358 97 452 1 275 109 117 148 118 687 29 544 214 62 668 125 2 404 322 71 142 504 126 98 455 50 130 721 413 681 620 428 364 133 467 201 343 597 13 138 146 441 750 217 144 503 112 262 194 40 583 151 239 157 582 548 158 302 714 163 135 590 106 391 167 168 463 229 170 345 288 173 634 175 4 178 182 183 187 193 199 373 543 200 278 9 180 202 89 408 128 367 209 697 493 221 464 159 513 331 211 510 124 500 19 535 259 212 162 39 316 215 296 219 281 640 291 110 78 627 236 103 689 225 561 227 696 388 73 256 232 525 237 242 615 415 243 116 610 594 245 451 572 248 587 472 630 249 8 712 252 253 658 59 197 533 254 261 145 595 272 528 516 465 460 41 276 190 268 577 283 66 633 470 241 471 606 286 337 427 25 546 376 166 258 685 223 440 613 293 559 306 315 136 321 691 588 353 86 330 323 742 374 119 332 324 84 129 709 325 328 335 362 642 698 339 648 141 260 342 480 347 585 496 208 350 271 384 356 90 506 393 314 360 301 361 422 491 430 363 365 454 369 433 509 705 529 419 381 654 238 383 250 514 385 244 524 113 537 386 213 153 586 17 31 389 429 411 399 625 474 739 396 632 297 747 207 326 378 203 82 304 186 397 619 704 240 164 377 234 264 400 32 80 410 20 405 132 406 312 120 251 355 205 499 380 412 418 140 348 540 414 605 152 100 329 111 14 461 717 662 741 161 417 424 154 10 279 617 421 382 425 147 426 483 172 468 693 716 703 699 431 305 438 55 678 191 439 443 192 51 444 447 311 623 450 579 453 267 336 235 104 564 282 684 457 344 520 624 27 462 488 287 204 725 231 416 686 477 478 489 635 565 638 285 631 83 674 517 137 53 490 160 6 299 5 294 589 600 35 502 402 568 494 598 501 257 507 107 641 274 313 508 195 485 81 519 518 731 368 185 150 482 77 21 522 476 155 85 530 720 660 532 372 436 143 226 466 317 536 515 740 108 334 230 538 539 101 105 354 541 37 222 456 473 549 554 555 484 189 719 746 434 556 682 562 88 44 72 298 563 139 487 246 567 16 639 569 570 571 26 479 359 573 446 650 581 591 701 593 333 608 263 320 67 601 28 366 531 432 669 552 34 24 131 560 604 292 629 607 621 277 730 379 115 310 121 11 724 611 545 495 94 43 340 665 198 612 69 526 616 550 403 749 68 657 744 265 659 338 618 626 643 309 574 646 647 127 394 375 370 651 96 60 420 220 655 512 352 653 683 663 748 592 664 596 614 723 266 449 247 690 575 33 91 557 599 327 666 551 255 670 216 673 675 656 387 745 486 196 481 661 218 174 676 57 677 224 688 694 102 349 318 700 319 341 171 469 407 188 729 603 534 702 134 149 637 706 437 505 18 435 122 30 423 295 3 498 707 715 718 527 722 727 558 390 667 692 210 228 728 732 736 123 165 738 743 303 672 602 578 735
759 1 628 298
4 740 5 570 364 218 8 10 11 153 12 140 16 147 17 18 24 25 219 455 29 32 35 136 299 28 36 687 92 583 678 37 537 42 47 752 50 62 51 54 614 55 211 56 286 59 658 565 60 64 68 283 71 72 425 73 76 83 124 84 341 705 88 146 155 574 284 603 682 645 89 91 759 479 561 96 402 463 695 595 97 556 716 19 548 432 228 104 287 30 105 109 110 158 119 249 354 120 421 638 527 644 719 662 125 261 128 704 130 580 485 132 139 77 142 9 143 150 738 151 569 154 281 159 324 161 118 162 164 107 166 167 6 553 168 660 208 551 171 336 370 177 178 325 693 724 633 271 396 348 415 180 114 185 187 194 365 145 196 199 423 182 7 200 67 674 20 471 201 355 203 95 112 206 352 209 710 212 215 216 217 152 418 221 444 223 523 224 225 227 363 65 231 232 445 78 1 233 399 266 397 234 39 236 462 111 237 238 241 44 173 172 244 246 247 252 34 253 57 275 255 256 589 308 390 258 108 259 408 205 314 743 319 417 262 267 269 643 270 214 189 272 598 655 528 378 458 80 274 21 278 280 554 289 239 293 298 706 306 307 310 312 313 320 321 507 323 326 490 626 328 331 333 335 337 340 642 344 347 357 360 536 361 367 248 369 748 371 373 294 229 90 374 376 377 316 210 380 305 739 664 387 243 122 366 409 388 389 406 392 393 394 358 395 398 144 257 735 61 332 400 591 401 731 403 163 53 2 404 467 450 405 379 254 292 407 353 412 190 386 413 420 422 311 93 424 250 426 431 191 433 435 727 195 436 437 439 441 440 708 443 63 596 513 734 449 451 454 456 457 33 459 460 461 532 477 482 165 446 484 564 487 489 304 666 318 492 493 411 494 495 496 497 619 133 498 474 481 499 70 475 501 502 504 315 317 85 505 322 469 263 506 509 510 511 383 512 515 516 277 188 517 410 518 519 520 213 637 381 428 720 375 578 521 522 524 525 530 23 692 204 701 345 533 539 562 540 542 608 545 183 546 547 689 81 468 94 709 549 15 550 676 552 557 526 174 362 559 563 79 675 43 416 566 327 343 351 567 453 668 582 571 414 113 572 573 576 579 384 581 584 157 585 586 179 235 587 590 592 594 273 87 597 192 599 602 604 66 134 606 607 45 609 610 391 757 612 141 226 149 700 296 106 615 616 617 620 466 197 622 156 131 624 359 265 123 625 629 385 100 52 127 680 48 630 621 631 222 636 116 639 640 646 169 98 647 372 648 649 282 531 650 652 653 115 3 175 749 656 750 657 694 184 661 663 667 672 679 753 126 681 686 41 342 651 103 723 691 611 742 38 170 697 632 702 560 503 703 635 712 713 717 718 448 300 722 102 725 618 726 13 730 613 732 733 736 673 741 721 514 744 476 745 543 755 758 558 346
200 1 114 75
4 188 10 12 133 13 15 38 16 17 149 26 18 20 107 117 14 193 21 162 27 168 9 31 32 108 35 39 40 135 196 42 118 6 163 45 47 48 49 50 66 51 53 54 58 134 60 61 63 68 70 71 72 75 76 171 151 84 178 83 74 91 95 98 101 102 165 103 104 105 106 109 110 177 116 119 200 121 132 126 127 29 65 185 128 129 131 93 137 144 120 147 195 82 152 173 159 64 161 96 164 169 170 175 176 180 179 181 182 187 189 194 197 199
806 1 456 41
491 688 585 757 763 286 565 157 529 696 722 644 276 239 743 300 716 720 561 509 37 531 389 687 556 646 134 559 353 539 309 484 629 756 575 285 494 446 178 789 768 23 777 567 586 303 370 265 555 343 201 378 187 571 2 507 368 462 107 310 758 711 116 464 92 338 699 499 203 21 293 589 78 155 550 375 254 669 81 697 431 263 666 794 31 331 306 318 634 323 365 104 627 124 694 140 224 595 113 380 142 450 793 546 534 427 652 714 1 599 619 404 626 61 804 316 230 438 342 25 301 84 57 679 130 16 359 498 288 704 785 725 417 284 52 640 196 256 189 759 656 62 345 226 655 128 248 141 275 327 103 515 674 88 441 516 335 160 508 217 40 476 562 255 721 251 480 133 648 623 341 405 366 596 543 304 495 83 434 425 443 291 182 322 183 158 770 8 123 729 85 139 466 152 235 308 796 105 346 321 69 100 408 112 149 482 766 685 481 416 475 451 199 202 692 179 279 605 219 148 700 665 292 115 89 77 34 387 6 367 108 371 436 137 197 500 59 579 608 802 583 43 264 641 421 244 750 528 101 333 3 132 261 566 246 376 118 349 607 799 695 374 379 709 50 356 573 212 741 20 568 622 233 594 737 738 106 407 54 221 377 805 518 706 718 667 355 433 315 55 121 551 733 630 761 467 576 357 277 602 24 521 13 715 4 45 670 554 317 628 136 176 540 631 771 445 564 744 598 80 238 526 272 35 126 527 9 578 635 162 222 236 198 456 154 717 240 755 730 166 776 483 454 683 145 496 535 591 453 223 662 497 237 269 311 784 406 620 169 414 175 17 519 119 506 110 609 429 597 307 348 190 703 332 259 751 632 401 439 732 478 613 409 661 415 642 587 218 474 358 44 151 658 247 174 675 501 412 42 68 125 195 336 312 135 663 649 455 144 191 363 282 330 549 798 70 249 731 340 210 423 386 680 702 558 489 208 328 774 780 601 82 639 114 395 207 604 713 746 693 781 19 440 645 384 392 410 372 30 234 383 146 186 778 650 682
636 1 622 594
1 2 3 4 5 6 7 8 10 12 13 14 15 16 17 18 19 20 21 22 23 24 25 26 27 28 29 30 31 32 33 34 82 35 36 37 38 39 40 41 42 43 44 45 46 47 48 49 50 51 52 53 54 55 56 57 58 59 60 61 62 64 65 66 67 68 69 70 71 72 73 74 75 76 77 78 79 80 81 83 84 214 85 87 88 89 90 91 95 96 97 98 99 101 102 103 104 105 107 108 109 110 111 112 113 114 115 116 117 118 119 450 120 121 122 123 125 127 128 129 130 131 132 133 134 135 136 463 137 138 141 142 106 143 144 145 146 147 148 149 150 151 152 153 154 155 156 157 158 159 160 161 162 163 164 165 166 167 168 169 170 171 172 173 174 176 177 178 179 180 181 182 183 184 185 186 187 188 189 190 192 252 193 194 11 195 196 197 198 199 200 201 202 203 204 205 206 191 207 208 209 210 211 212 213 215 216 140 217 219 220 221 222 223 224 225 226 227 228 229 230 231 232 233 234 235 236 237 487 238 239 240 241 242 243 244 245 246 247 248 249 250 251 253 254 255 257 258 259 260 261 262 263 264 265 266 267 268 269 270 271 272 273 274 275 276 277 278 279 280 281 282 86 283 284 285 286 287 288 453 289 100 290 291 292 293 294 295 297 298 299 300 301 302 303 304 305 306 139 93 307 308 309 310 311 312 313 314 315 316 317 318 320 321 322 323 324 571 325 326 328 329 330 331 332 333 334 335 336 337 338 339 340 341 342 343 344 345 346 347 348 349 350 351 352 599 353 354 355 356 357 358 359 360 361 362 364 365 465 366 367 368 369 370 371 372 373 374 375 376 377 363 378 379 380 382 383 384 385 386 387 388 390 391 392 393 394 395 396 397 398 399 400 401 403 404 405 406 407 570 408 409 410 411 412 413 414 415 416 417 418 419 381 420 421 422 423 424 425 426 427 428 429 430 431 432 433 434 435 436 437 438 439 440 441 443 444 445 446 447 448 449 451 452 454 455 456 457 458 459 460 461 464 466 467 468 469 470 471 472 473 474 475 476 477 478 479 480 481 482 483 484 485 486 488 489 490 492 493 494 495 496 497 573 498 499 500 501 502 503 504 505 506 507 508 509 510 511 512 513 514 515 516 517 518 519 520 521 522 523 524 525 527 528 526 529 530 531 532 218 533 63 534 535 537 538 539 389 540 541 542 543 544 545 546 547 548 549 550 551 552 553 296 554 555 556 557 558 559 560 561 562 563 564 565 566 567 568 569 572 574 575 576 577 579 580 581 582 583 126 584 585 586 587 588 589 590 591 592 593 594 595 596 597 598 600 601 602 603 604 605 606 607 608 609 610 611 124 612 613 614 615 616 617 618 619 620 621 622 623 624 625 626 627 628 629 630 631 632 633 634 635
406 1 88 67
4 403 47 18 26 32 35 36 37 46 132 48 215 56 63 74 256 114 361 75 77 95 222 109 113 117 193 126 130 147 298 148 163 168 179 190 296 76 58 191 312 198 200 203 212 218 219 274 221 224 153 246 267 269 275 279 287 290 402 291 260 330 294 297 44 305 316 327 329 331 335 220 336 345 346 348 358 360 362 302 365 169 371 382 400 404 325 213
639 1 316 59
13 394 247 41 487 508 374 10 494 368 85 103 114 627 551 110 127 516 138 302 151 213 343 153 3 579 617 155 263 570 446 336 591 96 218 7 92 351 8 165 363 469 51 274 194 298 281 232 246 168 176 215 222 334 226 190 534 248 382 115 269 233 443 602 223 406 129 240 442 227 372 264 362 28 262 519 268 208 402 412 36 401 295 48 479 572 542 297 606 181 258 512 513 279 148 237 533 132 144 122 599 596 287 460 378 328 531 271 80 304 160 11 436 267 81 305 415 500 38 86 238 574 331 390 29 79 594 70 339 20 410 545 199 433 83 159 113 177 276 361 364 388 549 375 19 384 139 46 414 332 590 69 348 454 603 163 342 100 216 385 420 369 119 417 486 292 335 422 44 608 620 630 130 136 517 428 277 137 435 467 438 278 459 179 16 419 184 586 197 88 424 465 56 588 301 495 230 346 462 429 40 146 9 349 34 300 530 463 611 474 189 421 453 498 289 488 496 403 333 317 338 407 341 604 518 15 35 565 52 185 77 65 98 371 229 156 170 367 66 566 521 196 315 45 320 257 583 164 50 26 254 520 284 314 392 243 537 413 53 456 638 539 540 169 554 205 447 64 567 21 624 473 504 120 105 316 499 49 571 480 616 593 296 24 592 386 99 183 265 195 584 68 600 25 612 445 249 171 618 451 485 347 309 33 614 118 621 411 62 597 193 225 625 166 214 633
102 1 24 17
27 34 39 52 56 62 35 15 72 68 73 81 48 57 98 84 102 32 90 97 100 7 47 101
489 1 46 16
133 254 24 237 81 124 403 446 230 215 107 262 158 281 140 132 328 146 419 193 257 421 452 271 62 141 113 301 445 391 278 429 307 323 109 52 19 250 342 196 401 92 382 33 45 27
1000 1 580 132
893 64 834 902 775 1 508 190 174 403 8 170 175 313 608 735 9 660 75 766 164 341 236 670 911 192 56 899 10 841 26 285 57 978 307 107 535 521 48 209 680 484 66 7 293 411 745 72 759 93 301 105 786 43 117 327 607 332 264 724 954 35 123 355 346 166 592 55 167 736 640 560 195 386 993 206 491 948 283 294 859 221 240 262 19 862 208 940 241 828 637 916 787 179 85 242 926 119 764 890 923 246 483 149 90 316 796 769 564 476 147 424 339 719 248 507 732 664 798 792 250 633 583 81 34 263 45 103 155 349 351 328 38 751 814 951 475 188 267 114 718 865 153 25 518 678 270 275 281 710 297 969 742 42 812 581 413 653 304 818 806 205 101 314 897 178 315 829 952 322 457 326 750 238 337 245 495 667 831 5 443 499 235 323 189 334 567 100 220 300 335 603 541 726 807 342 277 536 361 778 336 282 224 417 881 352 999 988 929 693 817 754 876 353 912 359 362 618 365 382 586 129 946 857 886 143 996 371 373 20 92 14 183 378 180 387 970 389 763 325 271 390 393 398 201 405 279 534 716 2 16 46 52 409 102 144 99 427 540 836 142 430 27 870 439 67 345 848 555 237 447 602 380 835 288 589 601 600 628 617 487 741 650 525 549 448 713 997 452 450 412 588 639 815 550 598 990 674 983 453 462 934 228 165 463 138 4 827 747 749 991 489 496 576 115 547 30 630 504 408 510 511 516 298 734 746 198 591 197 230 976 125 697 532 407 533 739 641 871 338 880 261 78 752 643 539 116 768 544 565 974 311 875 729 348 152 971 426 253 286 801 414 374 464 580 594 605 872 432 620 259 512 185 652 622 53 636 440 813 730 961 625 626 509 629 646 656 663 612 527 627 22 690 703 256 826 733 376 172 691 135 28 207 928 203 885 696 98 782 700 94 429 358 698 789 830 65 385 578 324 68 556 186 707 757 196 708 561 727 737 755 497 765 748 770 773 177 493 777 666 60 771 1000 395 645 445 985 546 614 577 331 679 538 469 874 156 319 779 12 593 761 477 780 419 239 570 788 811 428 822 77 965 234 216 953 805 843 714 611 845 850 856 832 126 121 657 867 989 151 157 73 868 369 54 111 108 960 642 344 740 882 883 887 584 889 292 873 41 895 878 898 992 160 467 473 909 515 672 866 774 925 852 446 404 619 864 531 163 945 74 320 519 388 930 367 492 505 299 490 590 479 444 931 783 903 677 932 915 933 422 977 51 823 127 71 728 661 935 936 938 623 213 939 922 63 113 613 461 944 955 548 366 265 756 202 709 958 681 986 987
567 1 58 37
37 35 60 216 257 519 112 64 68 82 86 138 42 267 89 316 244 481 91 106 114 128 63 530 140 145 20 163 15 180 195 222 548 249 279 286 288 334 92 370 378 212 393 398 404 415 457 515 516 527 229 210 539 30 567 291 472 139
643 1 22 24
5 23 30 43 581 44 67 76 89 132 178 204 220 225 269 275 284 307 461 501 508 624
639 1 436 276
4 5 601 8 12 148 15 132 16 17 294 72 18 29 30 165 554 480 31 32 300 34 36 38 40 44 505 45 46 51 52 53 471 475 159 122 372 55 316 56 57 59 65 67 68 69 70 482 73 279 75 375 79 80 81 82 84 85 86 333 87 92 474 538 94 382 100 530 101 587 102 366 104 106 112 114 120 313 121 123 149 334 127 130 131 78 133 263 134 136 183 25 139 140 141 143 145 151 154 157 158 62 160 161 167 169 173 174 215 175 176 177 539 178 182 419 43 185 187 344 190 584 424 432 192 446 194 37 582 170 567 126 195 196 197 199 200 409 124 201 204 241 508 6 205 142 95 206 445 208 209 211 564 213 217 218 531 219 220 221 227 14 228 229 232 233 236 578 237 242 243 514 212 483 244 247 248 453 249 632 250 252 251 254 135 255 435 257 21 258 64 478 259 261 264 265 268 39 271 274 318 230 275 276 50 278 137 99 280 282 284 285 288 291 125 376 164 109 296 401 297 298 301 305 307 308 565 144 310 515 311 312 324 128 325 329 331 336 292 337 338 402 341 342 509 345 163 207 335 347 54 350 351 353 356 360 361 363 315 35 369 377 634 41 379 380 186 556 384 386 388 390 283 391 392 622 393 396 501 371 615 398 399 404 406 74 407 410 381 618 411 413 415 373 416 414 421 448 427 428 355 429 430 216 433 436 437 438 440 443 332 447 449 597 450 454 460 461 210 281 462 466 468 469 470 118 472 267 473 111 476 481 484 626 42 625 485 422 455 486 103 489 19 491 493 495 496 499 397 456 502 637 636 504 374 507 510 511 516 562 426 517 518 520 521 522 245 523 525 526 527 532 418 534 537 343 330 540 7 542 638 543 550 635 272 551 26 536 553 477 557 270 561 568 189 572 203 304 573 575 576 71 579 583 585 588 589 76 592 10 593 317 595 599 420 320 600 602 603 604 605 608 612 299 613 93 394 138 28 113 614 619 153 624 628 639
289 1 116 25
68 180 55 276 266 233 183 206 137 225 2 209 19 23 236 15 22 201 108 5 160 281 249 125 224 12 195 178 179 237 244 66 135 32 242 24 229 41 76 198 264 70 80 243 111 64 98 159 28 175 254 25 123 11 208 200 256 113 20 174 203 260 89 82 21 261 271 234 157 84 263 163 46 49 167 59 131 102 181 220 231 26 192 199 213 161 182 33 147 226 151 63 223 258 13 104 116 100 148 120 185 3 81 112 140 272 285 228 176 94 255 246 288 184 35 205
168 1 162 147
2 3 4 6 7 118 8 9 78 10 11 12 14 15 16 17 153 18 20 21 22 23 25 26 27 154 29 30 19 31 32 33 34 35 36 37 38 39 40 41 105 42 43 44 46 47 48 121 49 13 51 52 53 165 54 55 56 57 58 24 59 60 61 62 63 64 65 66 67 68 69 70 71 45 72 73 74 75 76 77 79 80 81 82 109 83 5 84 85 86 87 88 89 90 92 94 95 96 97 98 99 100 102 103 104 106 107 108 110 111 112 140 113 114 115 116 119 120 122 123 124 125 126 127 128 130 131 117 91 132 133 134 135 137 138 139 141 142 143 144 145 146 147 148 149 150 151 152 155 156 157 158 159 160 161 162 93 163 164 166 167 168
536 1 142 61
4 193 381 504 6 42 49 54 52 490 78 79 441 398 246 72 83 102 39 121 429 186 122 162 496 124 98 159 141 146 148 153 433 365 168 364 189 142 303 184 155 187 37 199 352 436 204 219 160 227 437 247 329 97 215 252 334 267 524 81 269 282 410 286 221 76 300 63 310 157 316 311 298 405 313 62 335 435 251 51 346 355 389 26 1 396 442 399 348 261 414 527 165 417 152 164 520 47 449 387 20 40 432 413 517 482 439 139 444 59 294 296 447 19 250 455 325 225 428 462 41 279 243 476 323 481 394 507 484 486 501 493 498 516 523 268 531 57 302 29 392 533
571 1 72 75
3 13 158 14 55 58 66 67 74 90 108 121 150 152 159 165 169 434 174 179 183 145 184 209 211 215 224 285 228 247 151 391 251 254 362 259 279 292 298 300 304 309 212 316 320 417 327 365 373 406 410 426 432 439 442 443 255 115 457 334 465 470 474 480 489 498 502 328 503 508 522 537
825 1 224 112
265 212 6 426 601 8 9 727 15 13 709 562 764 17 691 560 429 28 608 37 42 45 48 538 60 72 80 89 515 92 93 103 366 112 485 117 122 674 254 414 656 807 127 135 142 144 523 146 717 701 158 159 84 75 168 195 177 218 223 219 227 231 73 106 534 240 613 250 251 257 777 539 175 258 266 791 275 463 293 778 12 300 107 726 66 136 307 342 314 27 322 51 110 119 435 335 336 337 363 663 49 438 264 261 385 368 370 375 817 351 381 384 390 397 376 408 373 411 211 41 418 269 675 171 728 425 427 442 469 360 662 474 492 501 652 5 503 690 507 62 509 333 465 514 593 535 557 542 779 564 565 19 566 781 567 130 568 570 576 741 140 578 581 606 614 621 622 699 303 46 629 634 586 641 561 646 283 658 558 734 308 609 818 661 667 670 673 455 22 654 179 148 383 684 685 270 420 311 513 695 715 742 194 213 721 732 735 739 752 676 773 782 108 671 468 795 815 249 799 804 812 816 137 819
225 1 168 122
4 146 43 5 6 9 10 11 12 15 126 16 18 25 26 27 217 28 29 132 30 31 32 116 20 35 75 213 110 36 38 41 42 44 47 174 48 51 52 19 54 221 55 56 57 60 61 194 63 65 66 67 69 70 215 115 74 76 78 171 79 80 81 83 84 179 86 89 90 95 176 97 1 98 101 134 102 124 104 82 108 204 113 59 114 68 117 119 3 121 122 125 127 128 130 165 131 133 222 135 158 136 137 71 218 141 142 144 145 147 148 93 149 150 151 152 153 154 105 206 155 156 159 129 49 162 167 168 169 109 170 172 173 177 207 180 181 182 185 178 186 188 191 193 195 175 196 37 197 200 201 203 205 73 208 164 210 212 64 214 87 216 219 184 160 163 224 202
673 1 242 220
2 4 7 10 11 16 17 18 21 22 23 27 30 36 37 301 39 41 44 46 48 49 652 562 55 56 65 69 70 73 77 78 79 81 82 85 92 93 96 98 101 112 113 118 124 125 127 128 238 131 133 134 138 140 142 144 151 155 177 156 161 170 306 509 173 175 176 181 184 188 191 192 194 195 529 116 196 197 200 212 218 221 223 228 229 231 232 239 382 240 472 252 353 241 242 243 244 248 249 251 254 257 263 273 277 280 281 283 284 285 287 289 290 295 304 314 316 317 322 323 328 329 334 630 336 337 235 343 345 346 600 356 358 359 361 364 368 369 370 371 384 389 397 398 399 400 401 407 409 411 417 418 419 425 426 429 431 432 442 445 446 449 460 462 464 468 470 342 471 473 475 478 479 484 486 495 496 497 498 503 506 508 512 607 528 530 537 540 542 546 259 547 548 549 34 551 553 556 564 565 25 571 572 581 582 588 589 590 591 592 597 598 599 602 604 610 611 614 615 189 618 619 26 622 629 632 634 638 639 641 643 645 647 649 659 308 662 663 665 666 669 671
335 1 256 28
172 231 210 311 114 287 102 238 241 317 61 50 137 202 258 176 86 318 269 152 183 33 257 58 194 52 155 229 325 42 328 128 127 55 296 75 290 165 124 201 93 13 267 41 246 44 184 23 291 233 198 95 151 158 164 31 129 315 2 160 1 216 308 154 136 4 118 147 185 314 83 284 37 112 295 190 302 138 222 265 117 39 320 293 226 89 316 62 101 313 120 35 105 8 285 17 189 92 32 268 329 211 135 232 99 126 49 79 280 192 323 333 319 207 71 84 331 292 228 53 182 80 96 81 310 27 140 245 82 107 169 309 119 235 275 133 69 43 270 29 161 304 14 286 298 149 63 215 131 193 197 67 255 60 64 186 335 25 123 200 297 134 156 214 188 300 234 59 191 88 252 46 322 276 327 281 47 56 78 110 326 294 244 283 205 6 301 299 219 180 264 122 251 143 279 139 132 72 230 85 104 97 157 261 237 224 11 125 36 332 54 177 260 209 248 249 324 20 45 175 220 334 236 153 113 57 30 223 48 9 87 116 242 18 76 15 150 289 106 159 272 111 91 21 73 19 203 98 70 40 166 187 168 256 109 213
283 1 184 97
1 3 213 154 5 6 8 30 12 75 15 149 271 18 277 19 21 20 206 2 28 175 29 160 31 39 186 32 252 146 34 35 170 36 51 9 38 43 46 60 48 203 58 23 244 269 164 256 282 108 145 61 65 231 192 66 207 190 70 71 77 78 4 82 80 84 100 230 104 107 109 56 110 44 112 116 53 118 247 163 122 124 127 134 10 135 266 197 114 123 241 136 138 128 219 243 139 140 142 143 148 257 144 96 153 157 137 67 158 49 161 162 270 151 150 168 133 249 171 121 178 169 16 173 174 102 86 106 159 117 88 260 177 180 181 40 183 185 103 191 72 115 41 194 129 11 202 204 236 205 227 214 24 216 218 220 189 111 222 193 131 258 273 90 200 225 147 74 233 235 83 238 248 254 281 76 255 259 265 268 69 276 279 280
