49729
2 27254 1000000
3 25153 329567
13 35425 1000000
14 6349 487406
15 37608 940248
21 47556 85114
23 38280 903945
24 6781 449093
25 45033 951537
28 16678 961055
29 31154 1000000
38 21174 1
39 36992 922978
42 35819 610872
44 17206 1000000
46 36141 284844
48 11671 902601
49 2669 652310
50 34554 908068
52 30597 471133
53 31137 943046
55 27302 916877
57 43562 489102
58 39664 191
59 37826 972911
62 13490 514
63 8775 930558
64 26556 1000000
65 28545 619523
68 33199 152277
70 44604 995121
75 38959 976974
78 24915 911524
80 48222 955559
83 35206 94
84 46831 947219
85 39631 740418
86 18306 1000000
88 16589 438449
92 23303 964217
95 44129 565641
99 9268 226875
100 9555 924570
101 4936 751
103 29257 912
106 620 969908
109 21614 994
111 47105 972285
112 14344 244195
115 1617 58185
121 24222 964618
122 24027 939343
124 35923 1
125 29077 1000000
131 37398 709934
132 19520 853757
133 24898 20849
139 48662 179
140 18136 463961
141 13080 984
142 32259 434696
146 26850 919158
152 43604 1
153 47118 989073
154 14417 96
157 35827 1000000
160 4716 936812
169 33653 40011
170 44750 1
173 10490 590183
184 11931 591423
185 37677 951567
191 36409 197865
193 29488 38597
197 46880 823
199 31058 379398
200 48460 746780
202 8224 1000000
208 46230 893
209 16470 986560
212 14018 915830
222 38376 842
225 17719 21281
229 28643 1000000
238 29516 946532
242 20241 568
244 20856 951644
245 34738 3525
247 9435 114784
250 11143 156
251 9853 435380
252 6719 898486
254 27361 906114
256 49518 958353
260 47425 962674
261 40929 995296
263 669 1000000
267 22371 611215
269 6704 539880
270 40128 248824
273 15846 147184
274 48095 909268
278 38360 920266
280 9179 847903
286 31955 716834
287 18946 932
295 1593 356575
296 7771 183530
297 43336 89399
300 12170 994650
301 13094 1000000
304 45548 4451
305 16073 149605
308 34881 906479
313 17017 982
315 38332 136102
318 12981 763
321 26171 966933
322 3165 265841
324 21769 961861
326 25300 967277
328 18145 799505
330 23057 939597
332 29027 1
335 45539 938968
336 10864 1000000
340 15833 965758
342 35620 820
344 44988 848612
349 9760 140954
351 28904 957
352 8437 1000000
353 38079 334826
356 31412 966988
359 46620 930909
361 45633 153208
363 43810 334
366 27651 1
367 30830 867836
370 32439 980
372 36022 1000000
376 46383 231892
379 13217 237
380 36892 1
389 37415 173471
390 27385 802506
400 3325 1000000
402 11987 959603
404 45435 991774
405 1288 458551
408 43876 227
410 14839 824
419 8716 708938
421 37559 88
426 7728 902255
431 1890 1000000
432 21205 35823
433 20144 952527
435 33419 394634
436 1716 230375
437 5860 984276
439 47377 1000000
441 29885 1000000
444 16980 960442
446 3866 177878
447 28749 633086
449 18957 926531
453 18019 957
454 34359 972182
455 34144 1000000
459 119 1000000
119 40203 438
460 13903 998587
461 20881 941810
463 16802 498686
467 12489 984956
468 39213 512006
470 34556 1
472 28815 291222
476 24977 839
480 20823 583894
485 48367 932058
486 17419 98
489 14130 1000000
493 25326 850
494 23449 481233
495 12650 7688
496 29918 977043
500 9735 901750
501 36813 1000000
502 49444 1000000
508 24354 828
509 37945 939863
511 27 207666
513 23311 1000000
515 28837 166640
516 36695 346255
518 36740 855
521 10711 1000000
529 30864 1000000
531 20128 999366
532 3623 249
534 31853 961555
535 22638 71171
539 2190 102
543 4459 677830
545 31245 246
549 49578 995795
551 33697 887124
553 44814 1
556 6523 1
557 16031 66865
558 35300 898
560 34018 405497
564 3545 931756
565 49118 990423
567 9412 861241
568 18195 118498
569 10091 100392
574 24835 463
577 9402 951152
578 8888 610083
579 29012 994814
582 47152 905
583 29920 138
587 7910 1000000
588 2927 771511
589 40739 719
591 10789 943314
593 20659 979216
594 2192 890
597 282 330062
282 17730 908199
598 25793 621709
599 19287 167597
602 43999 955053
603 19178 372693
605 10699 401915
608 36939 908003
609 11297 675
610 14581 969520
611 12889 459
613 19700 1
614 46980 837783
615 11951 949191
616 9060 955750
617 15795 483937
625 19097 990394
627 48626 965117
629 28526 205
630 23836 91204
631 21969 951465
632 7458 608
634 48123 1000000
641 38287 916476
645 5842 815635
650 33046 500041
652 15975 952432
653 32125 977498
654 20218 924892
655 12278 372319
657 7657 1000000
658 8912 20460
659 31443 863030
663 7662 503769
670 45142 1000000
672 9636 465998
678 1470 956875
679 16752 283022
680 1159 29747
681 30589 1
687 19158 594
690 47516 16990
691 15750 928029
693 7322 640484
697 17644 990100
698 47930 992
700 30794 817957
701 22980 677
703 36320 1
711 41149 619085
712 4055 1000000
714 46631 141186
720 22069 543351
724 45404 766520
728 47407 237729
731 14929 1000000
734 27572 1000000
735 5265 986406
738 12030 216699
741 1163 1000000
742 11974 658391
745 23897 649
747 40812 164075
748 23942 407971
751 38041 269662
755 15090 255494
758 19411 997297
761 11636 954428
763 24100 750798
764 28856 86739
766 39649 556145
769 5008 489331
770 30430 1000000
778 18324 1
781 34999 1000000
784 29488 910508
785 9991 959583
787 4811 346087
790 42958 181
791 28085 700025
795 31593 998523
797 11386 527
802 46471 979492
803 9480 1000000
806 45050 914084
807 6521 390921
810 5487 897567
811 30775 844065
813 12519 736
816 9840 46568
817 35293 416892
819 27766 558621
821 24974 1000000
822 8020 292
823 4295 739
825 8755 916264
827 36098 948471
828 16870 497064
831 19776 468529
835 378 253
837 32504 227
838 27018 460049
842 7059 613651
845 31139 1000000
846 26182 902590
847 6350 780252
849 30338 993115
851 21504 441
852 7165 1
854 40215 949633
857 25134 623915
858 17534 279
860 26058 612
861 40784 475138
862 28640 354
867 9390 1000000
869 9866 607
870 4085 974224
875 23894 1000000
877 1308 970634
881 10577 1000000
882 40548 930030
883 12734 1
886 35389 141062
890 36246 63
892 7370 54966
893 14335 935590
896 32049 1
897 13493 570
898 38300 949683
899 39347 691523
902 258 923537
258 16099 680
903 14513 938755
907 3769 970461
908 17147 938547
909 10929 310086
912 35627 970099
913 16636 119812
916 31651 956707
920 20038 627
921 19450 457
923 20013 134
925 16319 919285
929 24509 393
932 36835 203
933 38288 425
935 28820 999129
937 1272 917552
940 15232 498726
942 24045 739299
948 11199 609635
951 30632 185
953 44631 253
954 22493 402816
959 8012 1000000
962 42510 1000000
966 29784 81062
967 10746 717
970 16113 1000000
971 41192 964824
972 2531 783
973 18682 937855
977 40582 58078
985 23259 647614
986 24006 995044
988 29567 1
989 2262 72
995 8135 938824
996 18467 1000000
997 40507 1000000
999 21703 996343
1001 30207 515
1007 16208 832930
1009 30617 996855
1010 15956 772458
1012 35913 548139
1015 28990 961958
1016 48873 944255
1024 21416 901303
1025 1111 507993
1030 34685 931911
1031 40665 403524
1034 49349 997897
1036 31865 1000000
1038 27691 996
1045 7732 444727
1046 14789 761157
1047 41500 611018
1051 25319 958335
1054 18144 194686
1055 28040 987104
1056 16674 956247
1057 28251 512
1059 14620 937869
1064 11887 981655
1065 12321 1000000
1070 3977 1000000
1076 9355 161031
1079 12542 980055
1081 48104 317
1082 40146 450
1091 38981 322499
1092 37408 988395
1100 3204 616256
1101 40880 821
1104 35056 415851
1105 25666 1
1109 44679 458659
1111 10838 88214
1113 13978 72164
1116 44840 496844
1118 41153 614
1126 8633 92042
1127 37530 12776
1131 39444 405505
1132 19627 954003
1133 36170 994155
1140 29786 1000000
1144 28868 998662
1147 22535 573591
1150 40619 1000000
1154 26682 504327
1155 14628 249
1158 33689 810648
1160 27783 392156
1164 38379 1000000
1166 8243 990415
1167 33374 988363
1170 18795 979105
1178 17208 1
1179 17115 777305
1181 29114 886679
1182 3374 999976
1183 750 144040
1184 23615 1
1188 4567 983
1191 1287 340458
1192 17499 859
1193 18254 807
1194 9013 1000000
1196 2338 667374
1200 774 961952
1203 30757 43651
1204 22061 1000000
1205 17836 859572
1208 49232 1000000
1209 40376 243
1211 1559 865589
1213 14707 526879
1214 47362 768
1217 13919 315064
1218 42021 713779
1223 22065 772
1226 43282 456488
1233 36870 399
1234 40393 1000000
1238 47430 1
1239 31320 971862
1242 27626 808
1243 19090 85
1244 6645 342
1245 40216 1
1246 49433 310
1248 28473 493465
1250 90 343
1251 8363 221875
1256 46687 618556
1257 47986 898
1258 8363 582
1259 15739 1000000
1264 27245 913869
1267 17974 386738
1268 22220 273694
1269 18689 989190
1271 10496 193928
1272 47559 884
1273 17032 1000000
1277 2423 869988
1279 19563 974409
1285 16624 938620
1287 21195 478583
1289 40891 939442
1290 18862 160
1299 34374 995015
1304 34209 938190
1306 26359 159574
1307 10006 626236
1308 30142 1000000
1311 32444 1000000
1312 44353 88086
1322 21367 954569
1323 14514 934316
1325 25285 644236
1326 31001 1000000
1330 20907 691
1331 12687 921748
1332 17843 992214
1334 22418 187231
1338 38842 451731
1340 37407 315
1342 47801 556
1344 926 228651
926 2652 664842
1348 4582 901108
1354 16885 385
1356 14526 919540
1364 45144 545
1366 10302 952448
1367 30842 72
1368 33293 379
1370 14268 929535
1371 30453 907549
1372 37231 941570
1374 43386 959531
1375 37973 601
1377 36454 279127
1380 779 970355
1381 45966 137128
1382 24275 902462
1389 43387 1000000
1393 39632 734093
1397 10853 903846
1398 37144 372031
1403 3627 588
1406 36923 229035
1408 23182 446
1409 17921 79590
1411 22463 191
1412 29727 494190
1413 9199 671052
1418 11415 156755
1420 38363 367159
1421 20812 849723
1422 8215 966949
1423 12967 343
1432 5225 798
1434 13252 1000000
1435 7682 219947
1437 17053 988965
1442 29981 266204
1444 8993 632909
1445 26262 1000000
1446 47848 188586
1453 42828 904650
1456 33572 935612
1463 23511 947673
1464 15703 1000000
1465 46614 627
1467 38156 664702
1470 4843 17026
1471 15943 592205
1472 2941 1000000
1485 27310 366
1488 4905 914140
1494 44401 1000000
1496 41463 1000000
1499 18520 312
1503 22168 811493
1504 8823 597099
1505 7344 424250
1510 37378 988697
1511 43392 967814
1513 3689 482
1514 4668 609072
1520 29728 985570
1523 29872 674229
1525 10101 786
1530 12901 998493
1532 7520 456716
1536 1335 955980
1540 343 953974
1543 36393 643
1544 33416 983898
1546 8542 1000000
1548 19375 155051
1550 40474 1000000
1553 42969 1000000
1557 45216 989510
1558 22675 175
1559 20972 408559
1563 11505 711
1565 35742 979703
1566 28193 81
1567 306 84230
1572 27691 541
1576 5457 941732
1577 35581 837945
1578 41276 991235
1586 29401 861
1588 29921 972163
1590 13781 382520
1593 16276 910128
1594 767 656753
767 43379 1000000
1596 16198 968319
1597 40585 975583
1603 7271 977484
1607 5272 269558
1611 43681 260107
1618 31367 210
1619 24891 917100
1624 8831 895
1626 28389 220942
1630 39378 684863
1631 34204 554
1632 26868 703
1634 10309 989186
1636 37396 855564
1638 14160 148828
1642 13447 1
1644 27854 537216
1645 15091 983261
1647 43844 967087
1649 44319 1000000
1651 28700 882263
1652 44191 508929
1658 8056 339118
1659 41326 731842
1662 28318 930969
1664 2406 478800
1666 38936 30323
1670 46615 444
1671 32955 955713
1672 6507 996444
1673 6882 968270
1677 1562 1000000
1678 20340 632
1679 40771 425099
1681 6720 291412
1683 15501 678007
1686 33268 999390
1687 16537 993732
1691 1424 936
1696 17268 1
1698 44459 1000000
1703 9138 801819
1704 13483 936411
1705 23044 1000000
1709 14083 512438
1710 33964 1000000
1714 47721 82
1715 5385 1
1717 48549 1000000
1719 28930 1000000
1720 20324 25821
1725 2706 925274
1726 9422 650848
1727 40829 137588
1730 6712 134365
1735 7947 141
1736 24011 270570
1739 32544 707
1742 15452 1000000
1747 38552 460358
1752 37883 649
1759 49694 927732
1760 2534 962063
1765 17326 464357
1767 20526 414176
1775 20820 271664
1780 42863 511
1784 46633 923035
1786 38175 947378
1788 9283 464
1789 12631 702099
1790 36383 516752
1793 31480 427
1799 4264 703
1803 28962 27
1804 37478 966274
1812 41323 574428
1816 42930 184740
1820 43415 945962
1832 21279 134717
1834 8122 957712
1835 43872 685
1837 41050 1000000
1840 10885 927965
1841 23042 205
1843 34364 363746
1847 26625 60
1850 19928 515
1851 33982 370573
1853 8412 529153
1859 49251 924581
1860 24200 933157
1862 5301 999307
1866 43310 775163
1868 21261 249
1869 30922 963024
1871 40881 986848
1873 29707 203710
1879 4710 202818
1881 3163 957580
1883 4211 381
1885 32183 938114
1889 18312 903686
1893 22590 1000000
1894 18764 957576
1897 32370 902530
1898 13418 917294
1899 46349 932923
1907 34889 1000000
1908 16772 950817
1909 31476 503114
1911 11574 663244
1916 38219 198350
1920 14234 712604
1922 21944 618676
1923 25422 874797
1924 16810 905501
1927 12953 1000000
1929 39520 902694
1935 27215 550
1940 1419 867159
1945 39867 694881
1951 19251 440
1953 16088 123
1954 8394 928
1956 36949 639423
1957 49163 936051
1959 19191 366056
1961 4887 921
1964 29514 1000000
1965 30 816714
1966 13599 1000000
1972 26971 906898
1973 13536 965076
1976 20748 759456
1977 40475 825953
1978 41918 484153
1979 37041 605
1981 2123 973001
1983 40312 157
1986 30276 619227
1987 42056 1
1989 10985 675862
1990 26188 525
1994 23025 407111
1997 28635 975099
2000 22006 917732
2001 39750 1
2003 4955 632
2012 11637 237
2013 17508 177915
2015 5020 919871
2018 9306 444
2019 36227 276
2022 13507 971071
2023 18593 955108
2029 19264 966948
2030 11501 266959
2032 4537 1000000
2033 28667 333351
2035 11694 926095
2036 12273 179067
2037 28501 277985
2038 12624 979157
2039 17730 387878
2041 4607 210
2043 29153 457375
2044 25174 990933
2047 36551 1000000
2048 8976 908700
2049 23361 916854
2052 18450 999138
2055 11041 1000000
2057 46948 766514
2058 39680 21581
2063 17734 414
2065 7949 926546
2067 29702 986956
2069 10720 494
2071 31204 934112
2072 42298 578243
2079 4692 1000000
2080 31864 214688
2081 40598 1000000
2083 27051 442
2084 34325 163089
2088 7682 508461
2089 2286 762
2092 1817 529
2096 44429 587080
2099 17038 634430
2105 17183 929859
2113 41517 911227
2115 27503 338
2116 30417 725756
2117 49249 80
2119 5462 909915
2122 43500 174
2123 16701 1000000
2124 17024 315
2129 14392 634
2131 11774 594831
2134 40923 955845
2136 15594 905772
2144 47837 936419
2148 4508 569461
2150 34123 142360
2151 15209 911342
2152 40445 557
2153 46193 317
2155 14608 89416
2157 41129 991357
2158 561 487381
2160 30245 853892
2163 16529 163
2168 41919 680048
2171 34252 807
2173 38331 166
2175 31526 834982
2178 32894 1000000
2180 2744 1000000
2184 33261 1000000
2187 39920 994030
2188 8682 943603
2190 4276 20
2192 48488 992488
2194 46397 748094
2195 17900 212528
2196 4845 999766
2204 27443 328
2205 15469 938397
2207 30931 919882
2208 6665 919
2212 25036 112
2219 6738 1000000
2224 2279 747066
2228 31370 979064
2229 25817 1000000
2231 11851 968872
2233 34170 279
2234 39719 338979
2236 33089 950968
2246 21637 1
2262 36327 975194
2263 10840 85302
2264 47763 1000000
2268 44280 960799
2269 27001 971582
2271 2666 965
2275 20105 904714
2276 42840 948836
2278 14394 1000000
2285 22134 606195
2286 29793 434371
2287 40764 95455
2290 40896 1
2291 1309 299889
1309 19897 952650
2293 33906 291
2294 29037 906614
2301 28925 613760
2302 22476 935496
2303 2740 981420
2310 45848 927336
2314 15593 495261
2317 46787 460
2324 4712 793318
2325 22310 1
2327 40863 325
2328 8047 466252
2330 31418 779725
2332 7885 354
2333 29323 687
2334 10265 969642
2338 25151 967456
2340 26326 985503
2346 2295 247
2348 15969 886
2349 46557 1000000
2350 7476 651820
2352 16870 958117
2353 30874 939016
2354 4324 885652
2358 10592 789
2359 19364 1000000
2361 28362 951162
2362 44858 844374
2365 35577 875759
2369 28879 998450
2370 10183 695
2371 26922 1000000
2374 45093 996274
2375 38842 934
2377 25664 87516
2380 25073 1
2381 10417 552633
2382 1787 324088
2385 21165 972181
2386 6234 402034
2387 37150 242998
2389 7147 298
2396 42622 581008
2398 48738 137
2400 6242 342512
2401 46503 928106
2402 21169 928308
2404 2846 1000000
2405 28705 1
2410 46645 68598
2412 34275 584961
2414 26315 245
2415 24173 846494
2416 34778 975067
2417 9598 483607
2420 17323 970691
2421 21974 1000000
2422 42195 955428
2423 14149 943687
2431 47544 986603
2433 31459 957393
2434 6548 599144
2440 32153 102
2441 32368 927696
2442 442 926142
442 8004 284
2449 34640 190573
2451 30516 731646
2454 36077 1000000
2455 13111 1
2456 6882 24742
2457 33686 945277
2462 39547 905510
2463 16002 1
2464 19929 672808
2467 15668 935606
2468 33384 169060
2475 17852 791
2476 13217 930875
2478 11599 499425
2481 47363 970646
2485 20612 146
2487 20865 957965
2488 37909 1
2489 13325 995637
2496 37572 796
2500 1347 94363
1347 31214 334
2501 11649 734
2502 10006 1000000
2503 15796 905194
2506 16674 365
2507 20744 920405
2510 11603 1000000
2520 21054 622432
2523 39007 306494
2524 31521 220
2526 46088 331789
2528 2243 972671
2529 35014 54850
2530 39259 1
2540 20141 160
2542 15020 153601
2544 12296 1000000
2545 7127 901077
2547 43889 85886
2549 24191 775960
2553 17647 939409
2554 38135 926270
2556 45016 662535
2558 1148 235
2568 35919 1000000
2569 31816 343862
2571 42873 938542
2573 17971 972914
2574 48995 964
2577 38929 80550
2580 6506 244332
2583 27424 1000000
2588 30179 964569
2592 15630 155253
2594 47177 986704
2595 49468 1000000
2598 31587 1000000
2602 46932 215
2603 25403 369023
2606 6304 1000000
2607 20895 912642
2609 14169 990210
2611 36786 932083
2612 3021 712
2616 40802 681
2622 28367 21395
2624 3720 407
2629 34541 990522
2630 21937 703868
2632 15326 925521
2633 36691 586794
2634 46778 949225
2635 7020 630
2637 5131 839388
2638 3021 606
2650 49255 695119
2652 25900 1000000
2654 15064 381
2655 29482 1
2656 6016 637
2658 16093 418
2659 46427 1
2663 35220 808
2667 45696 935143
2668 17078 724
2675 42643 941778
2681 35415 975545
2682 11257 942004
2684 2279 903374
2279 29492 998541
2686 21881 242689
2688 19172 670451
2689 27247 1000000
2697 28068 1
2698 43330 901040
2699 7946 758869
2700 3882 957493
2702 48208 38083
2703 22683 221915
2704 45952 321
2709 30147 935778
2712 26697 332529
2714 19113 1000000
2716 37648 1000000
2718 11563 913450
2722 19377 995365
2731 3639 1000000
2736 29686 128
2738 36965 966899
2739 37962 60
2742 2679 442851
2743 27093 781
2748 28010 407
2749 25173 985193
2751 11847 250298
2759 46771 931428
2760 9064 172
2763 889 1
889 6437 512
2764 666 1000000
666 40970 725
2765 27921 1000000
2767 25816 1000000
2772 10217 952051
2774 22933 296932
2775 6765 852
2777 5264 514
2779 46068 924742
2780 14861 1000000
2782 20061 267
2784 40751 924556
2785 46242 924581
2786 12159 986275
2789 44456 659
2807 45390 212160
2810 25742 967039
2812 29701 1
2813 40588 854
2816 34388 946646
2818 15979 191585
2819 30285 365246
2823 12328 1000000
2824 21397 1
2826 48555 452
2829 49554 955148
2834 46227 1000000
2835 13933 115
2837 12692 977986
2841 41858 979596
2845 22964 154
2851 5252 1000000
2852 49304 589
2854 37476 984468
2855 42184 972663
2856 39990 968507
2857 39556 944783
2860 12475 1
2861 39379 754759
2864 26044 103210
2865 22595 538792
2868 16346 916605
2869 49527 325117
2870 43908 1000000
2873 20425 1000000
2878 13769 965658
2888 30080 700379
2889 917 930653
917 25914 597
2892 20887 952770
2894 11663 577
2898 17223 486479
2901 30529 470
2904 41764 931443
2906 13993 590871
2907 42596 480249
2911 6291 602747
2914 34107 961611
2921 15166 673044
2922 33013 1000000
2925 32946 358603
2931 4796 906358
2935 9242 919860
2937 31950 668
2939 35872 942639
2941 13300 354386
2942 21254 1
2947 31332 772411
2949 24930 909786
2950 42984 1000000
2951 32670 20
2953 39682 400329
2956 6556 395
2958 46357 435699
2962 30000 466720
2965 47888 1
2968 26853 661719
2971 23728 1000000
2977 6864 711
2979 30480 1
2984 27626 670973
2986 3156 932897
2989 22089 431
2990 27172 430212
2992 8264 1000000
2993 22680 491
2998 561 943728
3001 41849 23
3003 26726 964456
3005 29252 50499
3008 5666 864
3012 10029 867
3013 46404 929196
3017 22567 911329
3021 26906 270904
3024 20658 104075
3026 19635 254201
3028 48233 248996
3031 7815 999283
3034 27242 1000000
3035 17515 185006
3036 41380 900833
3037 30501 975612
3039 20103 900716
3040 22099 922441
3041 39534 954363
3045 15592 884982
3047 36674 951316
3051 3825 132721
3053 28585 666
3054 22163 979
3055 26578 974091
3056 34596 921246
3065 33814 155
3073 44042 612
3074 36607 1
3078 7303 919140
3079 14934 52742
3080 13446 1000000
3081 910 882155
910 30562 957
3082 13794 1000000
3083 2899 911903
2899 8591 539403
3084 2644 576
2644 20244 978256
3087 43800 598013
3090 16145 538
3092 31217 949028
3093 6330 734827
3096 11290 1000000
3097 16616 735710
3103 45812 1
3104 40612 1000000
3109 24424 436
3110 7363 730
3111 25721 924887
3115 40234 915201
3116 22815 983
3118 19099 991266
3123 35317 983
3124 31461 940959
3125 24502 904
3128 25957 949593
3131 43671 944382
3132 18152 966
3139 4211 515119
3141 6990 1000000
3147 9078 1000000
3158 40822 969028
3160 15451 964
3161 32857 1000000
3170 42362 19766
3174 31265 531
3177 38697 908772
3185 29330 926892
3195 7047 912889
3197 7116 465168
3198 21369 1
3200 2095 493627
3201 27984 143
3204 33655 543822
3205 45479 562055
3206 37777 976136
3207 13679 736495
3216 29099 947896
3217 3282 931
3218 21661 985231
3222 253 814109
253 36186 998417
3223 4731 1000000
3224 41694 1000000
3228 10596 803107
3232 10158 341079
3234 21489 160181
3235 35969 1000000
3240 17519 930924
3241 32211 1000000
3242 3007 1000000
3245 15197 401873
3247 33041 86
3249 28624 83
3250 21830 951959
3253 34260 369530
3254 4785 475606
3255 1335 992332
3256 22443 1
3260 2730 1000000
3262 18056 941892
3271 37541 775
3273 11559 572
3276 32734 959088
3278 14739 708
3279 35047 139
3284 5734 670190
3286 33863 863511
3287 13452 867719
3291 15787 1000000
3294 36720 691
3295 782 989673
782 30001 894
3298 25762 279222
3299 47126 973497
3300 15134 154
3302 28289 901967
3304 22439 983251
3305 40613 960358
3307 10260 1000000
3310 20137 150834
3312 20313 745
3314 5352 952015
3317 34781 474
3320 22236 1000000
3322 6401 599
3324 14069 1000000
3326 38256 1000000
3339 37568 1000000
3341 17610 1
3343 16662 921594
3346 38825 987408
3349 7097 311366
3350 18783 1000000
3351 25630 1000000
3354 37974 986451
3355 37898 991541
3361 36876 957661
3363 28131 191954
3366 9099 473
3380 24134 935543
3381 40301 192510
3384 32985 996424
3388 36103 380043
3392 22593 930118
3394 34025 81037
3395 24204 1
3399 24814 948
3401 31813 1000000
3403 14843 959087
3405 5010 993650
3408 38371 929524
3412 31665 1000000
3414 33079 309287
3417 49532 907987
3418 4528 936071
3424 37623 908814
3425 2337 828
2337 48138 946297
3426 14127 67
3428 42228 1
3429 49416 976593
3430 7876 85743
3433 30535 513
3434 3793 937425
3438 17705 966296
3440 20501 920378
3441 49720 57602
3443 15553 1000000
3445 48688 651194
3446 47193 906387
3451 416 660978
416 34093 234
3453 765 952502
3457 4467 983266
3465 8495 959352
3470 35489 998441
3472 37184 512134
3475 25916 804
3477 5771 1000000
3479 11669 969926
3481 9978 920506
3484 13005 1
3485 47004 949294
3487 1950 1000000
3489 36458 164
3498 37932 935448
3499 780 1000000
3500 37581 926018
3503 26468 999255
3504 27618 989494
3509 43134 938279
3510 44664 965231
3513 42254 1
3515 23783 949988
3518 30711 1
3521 42937 682511
3522 39335 743654
3523 35368 860
3525 15417 807654
3526 1682 917
3527 27190 999966
3529 3315 891
3530 33982 934599
3533 33302 987955
3536 26250 968400
3540 33187 1000000
3541 41399 578658
3542 23459 747749
3544 24024 1
3555 35017 995696
3556 37060 1
3563 38654 106529
3566 46235 997263
3568 10391 965628
3570 3251 612982
3572 38021 914445
3573 8347 931696
3574 12317 900587
3579 10542 1000000
3580 36661 92798
3582 49585 795116
3583 1749 748192
1749 9577 99
3584 17137 1000000
3587 36717 194
3591 34388 979642
3592 25754 752995
3595 37099 829909
3597 20241 474447
3598 34393 924077
3601 40740 834678
3609 36120 94815
3612 49095 909859
3613 31875 980303
3614 48035 509190
3617 7840 794625
3620 36026 519
3624 16467 574821
3625 19311 813746
3629 26360 400367
3637 11602 438
3644 29729 273
3648 24148 549772
3653 1792 821
3656 581 952352
3657 40968 990
3658 37318 211
3660 32961 1000000
3661 4410 1
3664 871 81869
3669 34139 949
3675 24506 147
3678 4785 613
3681 45713 98
3682 32698 331655
3687 22342 103
3689 18100 995291
3691 39845 135092
3693 33582 291
3695 1842 965059
3696 18916 1000000
3704 48991 537
3708 11778 558
3712 16676 746168
3714 14012 905482
3717 36777 1
3718 48658 364247
3724 21011 58007
3726 42120 935479
3727 49495 929518
3730 20672 990212
3731 45316 255
3733 32558 1000000
3736 17730 1000000
3737 25232 992392
3739 14702 176
3742 21191 174463
3746 1937 999842
3747 36965 1000000
3748 49696 948530
3750 19772 890995
3751 23577 960585
3752 31049 14798
3757 21124 291954
3758 46903 913148
3760 34045 930362
3762 22435 299
3765 37573 921892
3767 8494 21275
3770 28340 941888
3771 22747 1
3773 45544 821628
3776 18153 963133
3777 5482 843
3783 36014 932628
3786 5925 351412
3787 26571 1
3790 8121 1000000
3791 47303 655
3792 6712 33554
3798 38494 587429
3799 4866 881406
3802 21177 197
3804 31941 782530
3806 24613 849
3808 6093 170
3811 3154 30
3812 21233 943877
3818 9326 923
3823 21357 292960
3826 29094 819
3828 16540 927880
3829 42036 920203
3834 49718 632018
3838 29702 1
3839 20223 65
3841 44476 237
3842 48120 250
3843 47415 563903
3844 482 674851
3845 45392 73
3846 16075 569
3848 45619 1000000
3853 10706 615541
3855 33339 753632
3857 17663 813237
3867 8536 970752
3868 43270 732009
3869 43201 669
3872 23766 928345
3873 4371 795574
3878 33714 1000000
3880 11862 963564
3881 41980 747901
3884 44574 1654
3885 24244 492
3886 36089 989179
3889 37283 1000000
3890 10238 151751
3894 20448 779181
3896 15806 271905
3897 29598 820546
3898 21500 916363
3900 22112 275733
3905 33050 183
3906 2996 995866
3911 23586 810
3912 9068 422076
3913 33035 219
3914 34566 473316
3915 34342 121239
3917 27911 934739
3920 12906 721435
3923 34198 918960
3924 14916 989688
3930 17248 1000000
3931 29894 1
3932 24728 291
3933 36048 184
3938 27677 283
3943 27943 21
3945 32994 29863
3946 47240 938100
3950 42834 13
3958 25032 918247
3960 18812 1000000
3961 37644 677150
3964 27109 179294
3969 2981 790577
2981 44778 1000000
3973 15309 214
3974 868 979163
868 25722 1000000
3976 37570 557181
3977 22126 793350
3981 31953 567265
3985 3899 11
3899 23952 977361
3987 39776 86524
3988 16700 1000000
3994 13056 1
3997 27521 439742
3999 19328 176
4002 5630 105565
4007 36494 1000000
4009 14398 651247
4011 8657 1000000
4015 38748 290621
4020 23821 1000000
4021 17966 1
4024 2388 971230
4032 27524 340720
4038 40381 501
4044 29257 8861
4045 37958 801237
4046 11660 947
4051 35533 669
4056 33579 1000000
4057 27317 60322
4061 14859 619418
4063 22175 928163
4064 17563 911233
4067 22925 921083
4073 19408 1000000
4075 45419 228120
4076 47033 387
4077 1839 864964
4078 38567 395
4080 49646 647844
4083 44778 823033
4090 22473 1000000
4094 33818 995078
4096 18847 578
4100 14660 1000000
4102 35704 931931
4103 29327 1
4105 33431 870
4106 3849 541
3849 19662 995110
4111 12208 913232
4113 25266 366419
4115 14646 1000000
4117 24159 6501
4119 15573 324546
4120 14276 297
4121 13931 838
4122 33505 81933
4127 14150 419
4128 8862 1
4129 43281 941478
4136 10312 134399
4137 13714 431689
4140 855 1
4144 12742 354468
4150 38471 199757
4151 30709 477304
4153 30209 277634
4160 6082 33
4162 27497 998672
4169 44520 1000000
4170 36680 1000000
4171 30831 966790
4172 49470 919566
4173 11783 926488
4175 43467 715
4178 27548 425
4182 24129 945303
4183 30139 1000000
4184 44823 781296
4185 35134 993967
4188 36126 961878
4195 39495 1000000
4196 29826 1
4197 35052 919
4198 34052 934527
4199 46389 382981
4202 798 955831
798 46018 993993
4203 47991 782325
4205 45366 1000000
4206 42376 462
4208 31184 958996
4210 41508 925
4212 19073 911
4215 11553 360779
4216 14344 955405
4219 41649 958247
4222 29086 73
4223 30137 561023
4226 34856 909
4229 6075 992301
4230 12390 1000000
4232 43641 1000000
4233 16291 1000000
4239 37164 627833
4243 13142 938219
4246 36122 969210
4248 46242 1
4251 19680 973525
4257 25854 922654
4258 37167 903953
4260 25294 530462
4264 25811 942304
4265 45406 919
4269 7139 688
4272 35951 951
4273 43059 1
4274 5092 994157
4276 2730 385175
2730 34033 476
4277 5627 1000000
4279 20898 340876
4282 1617 893
1617 17394 912195
4283 15709 637
4284 7928 935800
4286 24514 292
4287 39256 614891
4288 28258 157822
4289 19610 341278
4295 15047 971348
4296 27209 935943
4299 27429 843426
4301 30146 743
4302 9728 933297
4306 4664 556159
4307 35643 719
4308 49177 875
4311 28809 542715
4313 44750 995551
4314 31958 916448
4315 2537 214209
4319 19127 1
4322 1963 987382
1963 16209 669
4323 47096 500104
4325 11655 1
4326 16508 258623
4327 39220 930193
4330 23793 536982
4332 23578 960526
4338 37953 339513
4339 46797 525321
4343 23234 975168
4349 9463 863813
4351 34391 941987
4353 21533 297
4355 2062 885136
4359 9009 339463
4362 856 1
4363 5217 569111
4364 11248 734719
4365 9690 944339
4367 14417 1000000
4368 7527 776
4377 18985 917581
4378 49019 950830
4380 10293 721503
4381 9200 866
4383 13532 6
4384 15959 934682
4385 17102 924679
4386 10192 144
4387 37659 204430
4388 36139 28047
4389 17654 900
4390 46257 702057
4391 5925 984513
4392 33663 1
4395 15358 969237
4397 8048 434181
4398 37551 891322
4399 22213 955395
4402 37462 959100
4405 6900 978347
4409 42207 1000000
4412 28593 993474
4413 26457 294164
4419 24656 111260
4421 26016 1000000
4422 42383 501
4424 3344 829
4425 26313 808412
4428 33405 993317
4430 49120 468528
4437 13064 939722
4440 44821 673
4441 39047 345543
4448 10782 981747
4449 42321 906806
4450 37847 842584
4451 45745 982066
4452 41512 1000000
4453 22235 184161
4454 13441 470503
4456 28454 930066
4460 43462 699432
4462 6823 214551
4463 43984 272
4465 8129 1000000
4466 47915 1
4468 2621 802596
2621 1766 1
4469 19091 740
4476 6904 806082
4477 30791 664
4479 2913 490982
2913 31954 1
4482 33316 1000000
4483 1120 991154
1120 49118 758748
4484 27923 399
4485 864 936307
864 46497 494
4487 16966 629081
4490 32669 332
4491 16267 551
4492 37766 272
4494 9700 988997
4499 11929 983243
4500 7 914262
4507 3719 1000000
4509 44892 929
4518 28679 378736
4522 43670 1000000
4526 48320 95986
4527 2972 1
2972 43392 383049
4528 20202 932205
4539 41594 493779
4541 49459 549804
4544 5950 111859
4545 5150 422006
4546 24559 533258
4547 23305 673
4548 13947 1
4550 13861 351
4555 17141 969149
4582 5234 990673
4585 39571 442436
4586 39113 602672
4587 16421 975050
4591 12780 509
4593 17966 1000000
4597 33708 420195
4598 43090 907875
4599 45880 1
4603 41674 934509
4604 1288 470
1288 47653 605
4605 17882 1
4607 28132 909328
4608 28043 347274
4609 1609 274
1609 33246 885
4610 48502 227
4611 24140 795503
4613 1779 859
4614 13704 962955
4615 23573 938536
4616 19872 515223
4619 31515 63
4621 24519 1000000
4627 13192 919018
4628 6925 415
4629 33559 54947
4630 48387 118024
4631 30201 1000000
4632 16165 806427
4636 39188 885969
4642 38874 1000000
4643 43042 1
4644 20758 840
4645 7064 957264
4651 4623 402523
4652 33159 994332
4653 46848 949418
4656 22865 927219
4657 37641 1000000
4660 20712 286
4666 30733 1000000
4667 47440 982804
4668 40178 990218
4669 19595 911704
4673 14167 397282
4676 20602 228
4677 18379 625004
4678 25279 1000000
4680 5566 136288
4686 21033 950980
4687 11694 960651
4692 45055 1000000
4696 20459 31
4699 35681 215
4701 32172 1000000
4704 26874 901650
4705 16099 1000000
4708 43479 982964
4709 6268 782
4714 1757 965189
4716 21446 926768
4719 48061 19167
4721 49697 989394
4722 43130 6624
4725 7295 983641
4729 18547 968336
4732 47317 905773
4735 39474 358003
4737 26532 959165
4739 40228 608159
4741 1229 988965
4748 9224 950891
4757 36938 696026
4758 19847 1000000
4760 5631 753
4762 2707 230013
4764 17057 162
4766 683 984313
683 28346 1000000
4772 21304 597689
4773 21517 227825
4774 26502 497600
4775 4133 187862
4779 41186 962
4784 19231 930467
4785 33601 906587
4786 28122 242
4787 41758 341158
4790 4622 987785
4622 37350 1000000
4792 38178 974703
4793 33097 989648
4795 20151 234682
4797 38426 103039
4799 14320 1000000
4804 16824 19
4807 12389 1
4811 11916 564511
4813 15921 926153
4814 15144 2
4815 23248 489
4817 3163 338805
4818 37445 952191
4819 10067 129284
4824 7253 932916
4825 3910 985
3910 44276 958726
4826 33334 67275
4827 1320 421046
4833 23247 957181
4843 30194 906
4844 17239 64578
4846 31383 329
4848 4416 92860
4849 5836 69
4853 18332 1000000
4856 17393 951213
4863 32054 77515
4865 4972 823479
4866 44466 934888
4867 24387 722544
4869 718 117070
718 30940 1
4871 38630 919052
4874 39123 1000000
4876 20499 355
4878 11332 928150
4881 43464 253019
4882 49013 88795
4886 1284 909447
1284 28376 191
4894 34848 1000000
4895 13880 911222
4901 30896 969
4903 10360 941019
4906 17602 923196
4907 39297 925751
4912 1985 995009
1985 1483 433806
1483 10784 962173
4913 4300 975853
4916 10762 777163
4917 32960 243
4918 19188 986700
4921 9003 930739
4923 26832 57127
4924 16169 1000000
4925 29007 929254
4926 44823 973241
4927 33203 105665
4933 11600 710
4934 43244 963883
4935 26140 993764
4937 36018 900025
4939 49270 911540
4944 27430 682303
4946 20486 959869
4948 25930 977
4951 26019 1000000
4952 7711 141666
4953 48071 1000000
4954 13055 1000000
4955 15297 917223
4957 16868 555390
4959 18360 764
4964 13220 362
4970 26604 1
4972 7959 953288
4973 34885 946548
4974 3275 305199
4976 32233 378
4978 37472 704
4984 2426 247366
4985 33203 928220
4989 12829 345460
4990 11265 786
4992 29834 985094
4994 40239 584
4996 33206 986112
4998 1469 616
1469 34670 651680
5000 21646 494465
5002 41101 1
5006 8818 1000000
5012 24166 19
5013 30297 509
5014 1674 378
1674 5421 944773
5016 22385 1000000
5019 16871 223467
5023 45431 932692
5028 928 938783
5032 563 653
5034 45749 923926
5036 46646 931982
5037 30408 929723
5041 40284 999123
5042 28613 470
5049 9501 404
5051 34581 986404
5055 13127 356417
5056 11895 670
5059 32626 700295
5060 9647 635788
5068 35773 439983
5069 38224 165611
5070 49167 773722
5072 20913 941020
5074 43957 741390
5076 21694 656384
5078 42998 906088
5080 34500 242791
5084 1764 654081
1764 8614 1000000
5086 6868 1
5087 31504 129889
5090 47549 593
5092 2847 1
2847 25218 593098
5093 4640 573
5094 43178 123396
5099 28191 695279
5106 6975 991
5107 8082 591415
5110 15199 632
5113 19873 988278
5118 15406 1000000
5119 25861 254
5122 18597 917341
5123 7065 249
5125 26370 99
5126 36528 221340
5128 2141 1000000
2141 3559 594
5130 39733 880768
5131 36696 934699
5133 25540 30667
5134 19049 865899
5136 45703 918374
5137 6429 997
5138 33277 1000000
5140 20929 610
5144 34010 870737
5149 12897 940919
5158 15199 1
5171 1684 464910
1684 38881 971847
5172 46999 249490
5173 16776 962627
5174 48197 927818
5178 38872 941993
5181 13815 326
5184 24911 661135
5186 4300 938904
4300 39876 968913
5190 1173 261443
5199 14680 69
5200 1571 968920
5206 12712 932174
5208 35824 961
5209 32610 833142
5214 5449 809923
5216 22145 987904
5220 31258 964081
5221 36232 981143
5235 33 1000000
5237 4414 1000000
5238 1157 999828
1157 34935 956969
5239 12146 901849
5244 31296 119616
5245 12880 946366
5253 36671 442168
5258 12395 1000000
5260 31254 1
5262 22403 391086
5265 22920 662563
5268 24917 1
5270 44096 1000000
5271 18826 418
5272 3391 1000000
3391 49249 909774
5275 1438 705826
1438 3634 750
5276 16582 1000000
5277 44918 917677
5278 40709 902882
5279 21101 960354
5281 8210 192194
5284 1633 951331
5285 7996 978
5286 48045 903859
5287 8560 979916
5288 38930 987555
5294 11980 960820
5296 46989 565901
5299 24460 432376
5300 36233 891286
5304 7846 1000000
5307 45190 921019
5309 36993 1000000
5310 26548 964658
5311 45073 974836
5312 11254 706432
5317 19724 1
5319 765 560617
5328 47907 927672
5331 31585 914231
5334 20347 256
5335 17160 996350
5338 2176 492802
2176 9705 535333
5343 14737 648654
5344 7988 400
5346 41218 1
5350 35174 373698
5351 25279 1000000
5352 43445 609
5356 40126 685620
5357 13444 420311
5359 1351 1000000
5360 45881 969864
5361 14456 935884
5362 30881 963923
5363 38699 982248
5369 10478 428679
5379 24707 953542
5380 1692 289973
5386 2138 1000000
5395 21317 96866
5396 6074 884121
5398 12466 672
5404 28409 451482
5406 25572 948753
5407 1400 991239
5412 12545 96
5413 48278 903987
5417 9521 655096
5418 27044 977791
5419 41626 902037
5425 14636 41
5428 46701 2477
5430 35493 920697
5431 28694 548141
5434 5550 278451
5441 20907 798543
5443 14499 295
5449 17287 944829
5451 31445 659
5452 36092 885451
5454 11128 945313
5458 35911 392866
5459 31584 671373
5461 24737 975654
5462 22508 980324
5465 19796 909508
5466 1620 1000000
5468 3630 138663
5469 24274 588557
5470 2940 1000000
2940 47258 577125
5472 42124 279
5475 10286 98
5476 41840 921340
5484 9926 929
5487 26732 110163
5492 235 910312
235 35284 914229
5495 40404 1
5496 16454 39367
5497 34010 1000000
5498 10065 135
5499 10336 131059
5508 23119 316302
5510 47091 999105
5511 41296 974072
5514 32450 1000000
5521 26159 14
5523 34302 986632
5525 11788 1000000
5531 35223 921060
5538 17542 940610
5539 40432 997352
5542 15526 569275
5558 40767 324881
5562 4255 1000000
5563 37516 883698
5566 39955 830284
5569 29102 1000000
5570 41090 167650
5572 18622 919736
5573 15416 356183
5574 37073 311
5585 28062 933612
5586 8366 915982
5588 42785 875492
5592 37682 730454
5596 27642 966541
5599 544 756919
5605 25969 994448
5606 35329 1
5609 1433 999236
5612 33768 367
5613 22617 313149
5617 46500 34838
5621 44470 158
5627 40125 921721
5630 16569 609814
5632 34963 1000000
5633 8513 900211
5634 24373 1000000
5640 38435 944213
5646 30477 406802
5652 31984 505646
5653 2172 482646
2172 2905 949542
2905 1 667631
5655 22675 552229
5656 5010 488459
5010 17446 465547
5658 40398 1000000
5659 29373 967737
5660 12648 4417
5662 31426 698003
5668 31364 943500
5672 6554 973
5675 16803 964937
5677 23603 241487
5678 25527 433721
5679 9587 364616
5681 35407 741475
5682 47858 921217
5688 11156 978002
5690 21003 1000000
5691 10340 306
5692 38530 454346
5693 7225 971099
5694 45023 129
5696 33833 296
5697 17592 920305
5701 14610 1000000
5702 16125 188978
5703 14698 931797
5705 7196 278975
5707 42551 9813
5708 13054 1000000
5709 29596 932330
5716 24109 974
5720 12451 587960
5723 23299 744
5727 15788 978627
5731 45268 983888
5732 15030 39
5738 14637 367778
5742 16026 370
5747 46160 1000000
5748 32451 498234
5750 33718 966215
5751 44203 952299
5755 36787 817
5757 16444 712
5760 44547 616
5762 8287 1
5764 31310 372
5766 6274 110364
5767 17343 47638
5768 27194 200142
5769 14073 309
5778 46906 295654
5785 43498 962386
5790 47893 969903
5796 24094 475
5801 15022 953845
5804 7176 982858
5806 4017 24822
4017 6606 969640
5807 25266 656773
5810 24257 903
5813 13908 695573
5815 43337 850309
5818 11379 606453
5822 38889 16051
5823 48953 959727
5824 43381 221937
5826 16924 936
5827 7182 1000000
5829 6348 917654
5832 29200 935704
5833 44053 292539
5835 49411 468339
5837 33299 348
5839 43568 993850
5842 8785 398290
5847 13858 454
5848 10166 961824
5849 32060 326970
5850 5700 1000000
5851 21400 704715
5853 41008 128871
5855 27799 617585
5857 24922 986153
5860 17312 972654
5861 21228 988194
5864 7316 831065
5865 28990 654114
5871 24440 422446
5874 4029 919224
5878 6103 937314
5879 29907 407771
5882 4688 1000000
4688 1328 983763
1328 11744 284176
5883 25276 944788
5886 14359 325
5887 18328 224
5888 48341 988892
5890 6176 1
5895 35843 30961
5897 3193 994458
5899 17982 936082
5900 9408 904977
5904 4904 1
5907 33324 1
5909 33553 633266
5911 36278 964802
5912 33685 836
5914 43870 266814
5916 12422 886187
5920 6072 618
5922 26938 961274
5935 2235 463336
2235 7755 667249
5936 15300 544301
5938 8171 616777
5939 134 4782
5949 27714 419374
5950 33852 918920
5953 19414 940600
5954 16913 1
5956 44776 575
5958 37399 110
5966 25389 1000000
5971 17199 657467
5974 42236 1000000
5976 19427 967282
5980 18151 1000000
5981 10138 1000000
5982 45407 967895
5984 48125 691474
5985 39365 993241
5987 25200 312
5993 24547 687625
5997 7477 995851
6000 47735 168858
6007 39545 939
6013 36670 374608
6020 45946 1000000
6021 5424 949380
5424 16032 1000000
6025 2832 892967
6027 22011 696
6030 40879 327639
6032 34802 854
6034 28300 267
6036 46759 910650
6039 31278 1000000
6040 11866 146
6048 31275 692
6050 37472 940405
6051 29302 1
6052 21804 1000000
6055 47112 956498
6057 49704 947723
6059 27444 98511
6064 10607 1000000
6068 6365 59267
6070 18944 909391
6071 20413 462
6072 4549 390
6075 7564 637
6080 31780 992510
6083 31954 1
6085 40536 976032
6089 14573 458
6091 30260 378
6092 39833 45
6098 33499 441495
6102 14302 406
6103 694 370645
694 685 504
685 183 941982
6106 41522 955857
6109 34330 752
6110 26077 518742
6113 42485 451302
6115 23708 1
6116 5924 144
6117 12685 832
6120 19676 925517
6121 49652 941436
6128 20567 538
6129 44003 561
6131 36617 910749
6133 44914 958167
6134 8701 656
6135 47845 1000000
6137 31503 761784
6145 13337 886552
6149 16467 44822
6150 45367 1000000
6152 27629 929555
6159 37455 1000000
6160 4803 1000000
4803 23711 964061
6161 33359 618006
6162 7529 941521
6165 40943 819
6166 1067 645606
1067 22344 893046
6167 15286 880
6168 18938 917842
6169 20859 15586
6171 6451 78756
6173 20511 498655
6179 35912 168991
6181 27566 1000000
6183 5977 289640
5977 49621 127
6187 27377 250389
6188 25950 106
6189 31002 925181
6191 26375 596
6192 43268 948880
6195 27289 624
6198 16814 937145
6203 38517 370149
6208 20140 437
6209 41219 77845
6211 47766 266
6212 8605 940926
6214 8145 911684
6215 9224 908382
6217 19565 113477
6220 35180 400822
6223 37395 988427
6224 46202 731
6231 2341 923420
2341 8711 982027
6232 12585 1000000
6234 15619 999592
6239 38647 441
6244 36080 382768
6246 11016 67009
6247 7919 985108
6250 35137 981601
6252 19532 955215
6254 30622 948315
6255 16679 937656
6256 17684 989086
6267 21661 1000000
6269 5726 947146
6271 30021 560821
6273 16115 26
6274 21301 736
6275 29292 755016
6276 26340 956126
6277 37302 1
6279 33887 940151
6281 4713 1000000
6286 35632 656
6287 47846 1000000
6288 44160 9622
6290 23652 960398
6294 33048 1
6296 2676 68
2676 21541 927289
6302 36445 958794
6306 35300 767415
6313 8430 1
6314 4317 719899
4317 41996 949986
6316 37144 980603
6317 28731 935145
6319 31790 864
6323 38360 614612
6324 47311 436229
6327 7662 1
6328 11406 261954
6338 47941 655455
6339 8206 409
6342 17170 1
6343 39614 944165
6344 30011 386
6345 49136 1000000
6347 23913 1000000
6351 38061 402725
6357 23667 926063
6360 16091 993539
6361 15386 148
6362 14244 670
6363 39673 979704
6364 18181 597055
6366 27050 1000000
6367 15970 39400
6369 37512 193666
6371 23084 344524
6373 24502 192
6375 8265 739346
6377 28579 924166
6378 35952 898312
6384 33695 329857
6391 5195 458092
6401 14569 549772
6402 26869 1000000
6403 49709 66824
6405 21466 1000000
6406 31677 951231
6407 14910 294
6413 4862 188372
4862 18438 991538
6416 11223 1000000
6419 38110 991065
6420 11289 321320
6421 19657 128770
6422 32524 802530
6423 4186 263816
4186 23676 1000000
6424 33995 1
6425 10699 100869
6426 8825 70519
6428 44582 973015
6431 32419 654824
6438 14404 952591
6440 32429 126577
6442 40902 942
6443 33743 1000000
6444 25286 214973
6449 156 660689
156 16561 1000000
6451 2305 940464
6454 29185 237630
6455 2631 1
6464 49246 578
6465 32236 993741
6466 20461 936628
6467 30029 922524
6468 23593 214261
6469 33136 991744
6470 43274 651
6475 4433 812944
6476 39348 719908
6478 29397 907524
6479 47380 910426
6480 48448 55212
6485 18493 1000000
6487 42946 969519
6488 3419 885
6489 22555 129492
6491 30849 965903
6494 22245 762
6496 45779 1000000
6497 37176 947459
6498 10522 942191
6501 29119 761843
6502 45604 997751
6504 1169 936455
1169 22925 807674
6505 29540 918970
6508 30410 979983
6511 38750 965943
6512 25384 915616
6517 27801 888201
6522 46068 901862
6524 21368 907920
6525 25858 1
6527 22100 50560
6532 27389 1000000
6535 1315 717
1315 6724 651
6537 1844 468
6538 1938 952553
6539 31016 176478
6541 20760 545
6542 1138 480
6543 24989 850598
6547 15781 480395
6551 30093 1000000
6553 17761 460175
6555 12481 381456
6556 34163 849
6560 8453 746
6564 4875 904353
4875 33930 978808
6566 10235 902826
6570 34661 930606
6573 27450 259
6574 716 1
6576 33621 138611
6577 43392 944772
6579 14444 894416
6581 17072 520183
6582 7057 793661
6587 19953 769596
6592 16740 1
6593 17293 68
6594 7229 153
6596 45945 396210
6603 47344 994662
6608 4475 1
4475 23917 110170
6610 24493 785
6611 33257 919702
6613 4870 438191
6614 42660 901162
6615 35227 1000000
6621 34671 720273
6622 32177 118
6627 43968 1000000
6629 13717 990957
6631 48761 351032
6632 16659 806283
6636 41987 954043
6640 1822 922064
6641 1656 1000000
6654 14949 907
6655 5340 1000000
6659 40246 406
6666 37414 498093
6667 23959 966119
6670 40155 636738
6671 5884 957737
6672 1498 909374
6674 1426 493898
6676 10905 144
6677 28483 1000000
6678 38223 44360
6681 43992 422567
6682 25624 718183
6685 25864 876333
6686 15522 972
6687 26973 654392
6690 44548 568
6692 15328 1000000
6694 27359 1000000
6698 5324 1000000
6699 47811 93
6703 33624 873587
6704 7736 1
6705 45000 994036
6708 23738 655043
6709 46878 985887
6718 1404 505591
1404 7836 989465
6721 36165 1000000
6723 6742 934125
6724 36345 778739
6726 33288 982632
6731 39376 516709
6742 4581 1000000
6746 29922 911150
6748 1316 98
6752 38370 248682
6755 13414 496023
6756 5990 694112
5990 11254 267815
6758 3265 814
6765 48144 780893
6770 7794 223252
6773 25326 519
6777 17254 1000000
6778 32961 920992
6786 15530 905
6790 32256 34768
6791 23905 652
6792 16630 972702
6796 15284 1000000
6800 15980 943029
6806 27984 261022
6808 14629 988488
6809 10747 801
6810 32476 937373
6816 37989 944295
6818 27363 1
6819 28903 857140
6820 42351 866
6822 5354 984007
6828 1481 1
6830 17499 450
6831 24222 940644
6832 18225 400024
6835 30929 987568
6837 38514 4469
6838 2399 848333
2399 3789 704699
6841 9735 1000000
6844 13334 993
6845 38568 969814
6846 28787 1000000
6847 20150 618459
6849 17164 1000000
6855 29059 228000
6857 34561 999996
6858 15926 998016
6859 46896 1000000
6860 11746 925330
6862 11590 139860
6864 15808 580
6867 32128 955075
6868 24647 1000000
6871 30016 999137
6877 38769 997009
6881 30528 586
6886 35293 357
6887 18479 978759
6888 33725 1000000
6890 40025 971626
6892 21892 15824
6897 43751 719495
6898 27045 926440
6900 26963 902639
6903 37114 1
6904 15048 809738
6915 27450 918089
6916 23488 992561
6921 24040 753
6924 26049 785796
6934 29772 872203
6936 44522 924132
6938 8868 636511
6943 24992 138243
6944 21771 951830
6948 42160 636442
6950 29892 336148
6952 3588 1000000
6953 41423 923542
6960 37369 957061
6970 35077 1000000
6971 47243 930260
6973 28033 955500
6975 26709 926597
6978 12117 202
6981 29852 1000
6986 45452 690
6990 25872 981046
6993 32761 318
6994 12375 772128
6995 39074 662
6996 44224 1
6997 41878 939018
7000 41327 530907
7001 2169 104066
7004 49397 518684
7011 21762 460
7013 16589 499
7014 8290 791673
7016 22211 236043
7021 28559 948650
7022 37537 291
7028 12520 976634
7030 28675 486996
7031 43085 526
7033 44894 140475
7036 43432 535778
7037 35575 676
7043 490 1000000
7044 31606 75
7045 11872 908876
7047 32439 275372
7049 13867 731710
7053 4718 1000000
7055 2232 144516
7058 35978 947141
7059 29370 1000000
7064 38421 884093
7071 11618 26106
7073 26422 1
7077 23864 149193
7078 43234 945935
7079 22212 964406
7080 23276 981492
7081 7661 985300
7085 32813 24
7087 25327 1000000
7088 9598 945252
7089 28857 940901
7091 42358 133
7096 5968 1
7099 2548 959281
7100 38525 973501
7104 43287 803
7111 38860 1
7112 21350 640634
7123 33995 1
7124 37323 185
7126 8230 648819
7127 37404 815884
7132 31832 628145
7133 14792 252741
7140 41646 940227
7144 42366 809756
7145 24509 235
7149 41105 991
7151 41406 533
7154 4241 273
7157 20154 366223
7159 26157 693
7161 31720 926712
7166 29804 640346
7167 38986 943023
7171 21886 926261
7173 8287 1
7174 42592 1000000
7179 6663 1000000
7182 28402 1000000
7187 26666 587
7190 33565 18951
7193 34306 756
7195 39073 972375
7197 44630 970670
7199 6105 1000000
7201 12758 1
7205 12677 950528
7206 24696 505381
7210 15637 126
7211 8482 664553
7212 13307 456
7219 44347 520960
7220 43593 964978
7233 20112 1
7238 11905 984114
7239 10837 911935
7240 25173 406198
7244 32389 468918
7245 21427 950253
7250 16271 925990
7253 16940 282628
7255 33604 975895
7257 20843 60045
7258 30243 970508
7259 26203 941440
7260 46580 992174
7276 6896 479
7278 36435 950106
7279 15999 970884
7280 2871 561
7281 34321 145
7285 8605 730
7288 11578 979965
7289 40680 577737
7290 49416 956569
7295 32508 1
7298 15518 903268
7299 21735 327502
7300 7158 581208
7158 33809 426910
7301 34814 1000000
7304 39687 119151
7310 7558 999694
7313 25794 270164
7315 43898 1
7319 39532 957831
7324 33046 920364
7325 34572 70570
7326 33633 1000000
7328 37987 1
7329 8136 1000000
7331 35101 90366
7335 13339 1000000
7336 41252 773
7338 32063 549515
7339 46776 973640
7340 40230 961987
7348 39041 624
7349 35147 983779
7358 22888 596
7363 27194 956018
7365 11618 167
7366 15133 77846
7367 33183 92
7368 16539 686669
7369 39125 412296
7370 49689 119360
7372 3150 282776
7378 29487 802
7383 21153 1000000
7386 299 743741
299 24857 617
7388 15649 63965
7392 47515 910047
7396 8335 594168
7398 8986 506
7401 21237 908208
7402 16508 31947
7405 19316 1000000
7407 26169 444580
7410 19081 910549
7411 8220 877252
7415 22971 948559
7417 49051 718
7418 37678 618390
7420 33856 1
7426 12378 999247
7428 31287 1
7434 31942 421
7442 11463 1000000
7443 15359 994858
7444 36846 1
7446 32299 983933
7448 6139 931863
6139 201 999736
201 11215 1000000
7449 3358 922765
7450 31704 794322
7455 44435 1
7457 36642 739
7458 29401 915203
7459 8602 935349
7460 48023 458208
7461 21899 994198
7462 12502 88259
7463 6024 657312
7465 47782 915681
7466 7657 457315
7468 2521 100612
7469 9791 352392
7476 26541 985954
7477 43269 1000000
7478 19515 1000000
7479 47203 967741
7486 39916 171
7488 12285 270
7490 40590 432359
7493 45529 921120
7498 45197 947034
7499 44334 583468
7501 26039 322274
7502 8133 949994
7505 30911 919164
7506 2329 418254
7509 11163 25500
7511 32938 907762
7519 28035 984225
7523 14382 994
7528 25597 591
7529 1097 1
7530 39974 947871
7535 14518 181459
7540 24092 996256
7543 25944 910326
7550 12727 925
7552 2075 489093
2075 30258 951484
7553 42034 176373
7554 47711 926462
7556 635 1
7557 32600 923472
7559 25557 514
7561 7390 708
7562 41994 559
7563 13505 464440
7565 35364 994546
7566 15210 755403
7571 28093 903
7582 18000 480299
7584 35122 1000000
7587 7153 1000000
7153 1206 955297
7589 18447 915409
7592 16130 594
7593 28599 901381
7594 10520 931
7595 43982 963503
7596 33866 67361
7599 45107 429012
7601 10633 839917
7603 30419 480
7608 8080 386
7610 33450 347
7611 44721 189
7612 46965 997528
7616 20535 115156
7618 21436 975330
7619 33295 885390
7620 27869 305515
7623 28921 1000000
7624 18489 86320
7628 38903 458
7629 32722 937012
7630 37423 878
7631 8504 268
7633 39413 938989
7642 20843 903925
7643 26637 55
7644 49672 528309
7645 33480 330
7646 1591 1000000
1591 21285 1000000
7647 43911 962505
7648 5323 995028
5323 13326 237211
7649 30935 989610
7653 11438 947982
7654 37933 969033
7660 37646 730748
7664 26133 225980
7668 12465 400948
7671 20063 55
7673 21336 922607
7676 27378 1000000
7677 23177 897
7681 11614 984177
7684 41989 389896
7687 6893 210976
7688 18937 972362
7689 25307 983337
7695 33197 942471
7697 18621 944627
7701 30114 958284
7709 30095 595633
7710 11831 975
7714 17056 776
7715 24440 122
7718 45312 874
7720 44974 910579
7721 5100 1000000
7722 45259 939446
7732 38811 440932
7733 32373 934636
7735 7667 535847
7667 32379 916202
7740 11637 554414
7742 37754 900732
7743 40611 787627
7744 13267 77
7745 23100 686222
7750 24706 639756
7758 22469 1
7761 22940 282
7765 15982 1
7766 26284 1000000
7767 16601 983472
7768 16917 663
7770 40789 677
7775 35043 632
7776 5598 192
5598 1350 624708
1350 40719 628
7778 18881 871716
7779 46213 936920
7780 27598 363803
7781 33649 533
7782 25807 960587
7783 8762 814
7787 24511 1
7790 35291 906332
7793 19210 951102
7796 6729 479
7799 37484 938780
7801 45030 1
7803 19772 698110
7805 29487 271518
7806 4055 930526
4055 21370 914338
7808 6657 790
6657 16687 264931
7813 28021 936969
7820 46097 73
7822 9616 1000000
7825 7961 937730
7830 30171 52629
7832 15695 994
7835 10450 967193
7836 37652 680272
7844 32371 440
7846 35994 145314
7847 31690 1000000
7849 32021 812073
7850 20932 1
7852 35126 858201
7853 11294 970427
7855 22978 1
7859 18308 917723
7861 31990 935062
7863 3413 452258
7864 33908 937281
7865 7814 931686
7866 6922 484
7870 49208 768
7876 19248 217
7877 28753 415
7879 104 200
7880 38166 951166
7885 15785 82995
7887 48912 133028
7888 31037 969099
7889 46142 979951
7891 28740 821
7894 27450 261846
7896 8706 928039
7897 44019 141408
7899 36564 397522
7900 39178 1
7902 30623 77179
7903 24124 972672
7907 43546 343931
7909 6762 242435
7910 10705 919393
7911 32156 948859
7914 16529 901336
7917 1220 947876
7926 9637 492
7928 21537 566645
7931 15977 17847
7932 7471 931592
7933 32654 252031
7935 49003 905939
7936 2167 1
2167 42154 1
7937 39791 779
7939 6930 455632
6930 30291 531457
7940 5610 463
5610 45754 1000000
7945 4684 447
7946 48618 955459
7947 29010 235
7951 8080 904679
7954 41603 779
7958 23595 989039
7961 13565 172
7963 27001 958598
7964 15731 844973
7965 49416 281884
7966 49714 325121
7967 48108 548844
7969 17971 646789
7970 12334 942948
7975 21071 346745
7976 35280 924948
7978 8348 972582
7979 13620 806969
7980 6297 1000000
7982 33456 1000000
7983 34609 955098
7984 4134 982792
7985 26256 938114
7990 37970 604793
7991 35022 997458
7997 18553 937716
8003 48309 1000000
8004 30557 146135
8005 793 948381
8007 18797 906623
8011 1363 221770
8013 42959 1000000
8016 20736 189517
8018 37197 1000000
8019 41821 994798
8020 21844 978435
8021 18439 1000000
8023 33382 606446
8025 38475 471443
8030 47070 1000000
8032 12402 726
8034 33722 1000000
8041 43129 221026
8042 23067 160
8045 14530 476674
8053 47136 407774
8059 49134 954166
8061 23218 767753
8071 25395 435790
8075 27608 960490
8077 4026 590412
8079 36105 928
8081 1549 258315
1549 31926 962451
8087 31426 646148
8089 10162 1000000
8093 25783 333808
8094 39616 518667
8100 38937 1000000
8101 46768 20361
8107 45903 650
8108 39204 952
8110 29958 1000000
8112 5085 988697
8113 40046 673489
8114 12154 311
8115 21864 716
8116 656 323
8118 19995 958832
8119 17955 927395
8120 35469 986839
8123 31944 230
8125 8528 562
8127 36090 1000000
8129 25435 949587
8130 34336 1000000
8131 32040 467
8140 19243 70371
8143 30934 96
8144 9883 775
8146 30880 284
8151 25124 932537
8154 14583 924336
8156 42115 247
8157 27729 670381
8158 1224 227
8161 6601 106230
6601 12941 996738
8164 45359 921128
8167 5301 443732
8168 12018 863428
8170 42692 835
8171 36041 982856
8172 26428 497740
8176 23976 243
8178 15540 86278
8179 38159 843926
8180 21100 958195
8187 14481 1000000
8188 3483 353405
8190 1077 79
1077 46865 257172
8191 17239 366814
8193 27796 509
8197 40865 436
8198 21901 1000000
8199 42884 1000000
8205 7172 338184
8206 18564 948402
8207 27972 42259
8208 5162 933716
8210 8953 1000000
8211 38633 199
8212 18840 262
8213 14205 856624
8215 40329 966340
8216 30774 909347
8218 48035 863919
8220 2876 939094
8221 28677 256
8222 44881 902449
8223 6249 884835
6249 31235 914699
8225 34188 905223
8226 30573 368
8227 11997 662327
8232 20771 1
8233 28170 1000000
8234 1833 916897
8238 25277 900741
8240 3192 377
8241 27807 988066
8245 42951 579
8248 38942 914483
8253 47598 710
8264 31140 460871
8265 29463 915676
8266 14982 887164
8267 31184 938321
8274 32715 923801
8276 33496 957231
8278 16352 315249
8281 16942 932226
8282 39830 1000000
8283 11105 946189
8284 34663 112
8285 16934 575054
8286 5127 707
5127 22647 955086
8287 40371 552282
8288 27641 487190
8289 34030 1
8292 43132 690
8298 32913 1
8304 7640 952138
8307 29821 808313
8313 25962 256467
8318 44038 150783
8322 17959 885
8323 48438 920054
8324 41695 755307
8326 43157 608811
8328 3492 765872
8330 23457 90022
8335 7925 79
8336 42039 669
8341 7232 906468
8344 23252 1
8345 43957 342
8346 33532 996366
8348 36975 1000000
8350 17693 253529
8354 27708 1000000
8361 8514 67
8362 10114 964891
8364 12598 794816
8365 10148 930896
8366 45052 1000000
8367 44797 755859
8372 48599 893483
8378 45068 986294
8382 33758 961319
8388 7125 1000000
8389 39802 923267
8393 41501 1
8394 25672 1000000
8395 3581 39
3581 35729 913917
8396 20974 997518
8397 36964 941401
8398 44686 975065
8400 49727 28267
8402 23691 353
8405 38464 939038
8406 45944 220
8407 919 958002
919 26589 928246
8416 48233 955
8422 6562 655
8426 31836 618606
8428 3186 528
8434 33706 968081
8436 46617 916
8438 23842 989241
8440 28971 932123
8441 17420 930322
8447 11854 923232
8448 6026 931918
8449 48824 117441
8451 32327 923392
8455 37516 652459
8456 39747 1000000
8458 5947 1000000
8460 5052 924288
5052 4770 946134
4770 25413 939881
8463 7873 1
8464 36759 1000000
8465 2781 995677
8473 21949 999258
8477 2766 1000000
2766 41760 846476
8482 26790 978204
8484 9162 970685
8485 9536 977260
8486 23679 965394
8487 21281 999530
8488 4489 1000000
8489 16024 988
8491 40633 518
8492 17051 427456
8494 15900 531
8496 45870 408570
8499 15754 1000000
8501 38531 981204
8504 6226 275223
8507 31736 646277
8508 48209 368931
8512 19848 985963
8513 2800 1
2800 16915 554735
8516 47131 999451
8517 20181 419962
8522 1560 983967
8527 19334 619455
8529 16925 965645
8530 32720 989149
8531 47863 783
8532 40666 653579
8533 38739 965217
8534 23363 953666
8537 40573 1000000
8541 14274 2319
8545 46172 1000000
8547 302 541185
302 48607 449139
8549 43999 830551
8550 36615 239
8553 23981 954390
8559 10456 185258
8562 21064 705570
8563 32038 966462
8565 11154 116
8568 5147 929091
5147 40487 1000000
8569 12084 956068
8572 1300 953396
1300 41811 1000000
8574 6354 634
6354 49016 980594
8582 28891 734396
8583 15704 509918
8584 40894 1
8585 19937 751724
8586 15984 973354
8589 19802 251
8592 8249 917
8593 12843 486
8600 23539 707
8601 35821 956403
8604 1336 374
8606 15345 505347
8608 1552 689
8620 49065 1000000
8621 17954 583938
8624 4043 906169
8625 24687 1
8629 20522 410008
8630 18770 915195
8631 8124 60954
8634 44175 999565
8635 32903 907880
8642 17637 1
8644 10061 980210
8647 17464 871
8650 24837 1000000
8653 13435 925136
8655 704 41
8656 28141 669
8657 48082 13129
8663 221 928
221 22459 1000000
8664 25568 1000000
8666 28633 558184
8669 14755 925176
8673 12 1
8674 39483 1
8675 5320 28
8676 14673 19381
8677 30677 937881
8686 40377 271430
8687 21399 904947
8688 3989 459661
8690 39760 1000000
8691 42812 391
8693 38873 39
8694 22883 1
8697 19668 806832
8699 6019 918205
8702 40052 250749
8703 15618 467
8705 35604 982879
8707 30709 1000000
8710 4447 462
8714 11739 1000000
8718 25076 147
8721 38636 800
8723 19693 328
8724 47249 434
8725 39637 658801
8727 5629 997434
8728 6747 653
8729 6966 931195
6966 29833 1
8733 39386 30642
8736 4016 452
8738 44366 985662
8740 30508 931274
8741 28089 982017
8742 2345 799
8743 13676 953784
8744 5210 598
8748 5729 1000000
5729 43976 286
8750 9667 7
8751 17560 1000000
8752 46810 1000000
8755 4979 949111
8756 165 222692
165 37212 907159
8758 17591 53543
8759 25431 805
8762 8058 922532
8763 39126 949947
8764 20668 992717
8768 41631 309195
8770 38360 641
8772 23153 944661
8773 40471 1
8774 44965 910783
8777 10732 965756
8778 14237 529
8780 20341 1000000
8782 24606 906112
8783 47607 527
8784 22600 173985
8786 28366 989532
8789 29470 169
8790 37542 378
8791 12665 819056
8792 15053 967536
8793 36640 790452
8794 8352 168349
8352 231 402
231 45783 925691
8796 11404 117
8801 12752 125708
8804 8866 195354
8806 19205 912522
8807 4393 776471
4393 12669 940258
8810 25315 968
8812 3833 120
3833 46961 54
8814 14222 973544
8817 19017 665
8819 29152 209669
8822 5933 837108
5933 1021 890
8829 13348 1000000
8834 13874 135
8835 14601 868275
8841 15244 912611
8844 35663 965477
8845 35045 90632
8849 17329 963201
8850 34339 488
8851 3409 239
3409 16873 975
8856 37878 939920
8858 35468 929342
8859 23834 925076
8860 47105 902339
8861 8349 992227
8349 16492 995689
8867 40244 943638
8873 37350 217
8876 47510 502055
8877 2938 308174
8879 23576 322582
8881 7412 1000000
8884 37945 742320
8885 26171 919
8886 11257 987771
8887 32408 169
8889 4263 951778
8890 49481 986221
8892 34938 407
8893 25887 574869
8894 17208 1000000
8897 30660 921364
8898 27079 648
8900 27479 478302
8902 9756 1000000
8903 40843 960036
8904 3996 820
3996 35206 155
8905 41498 404010
8906 6571 48057
8915 12157 445
8916 24972 638605
8918 42115 950905
8919 25390 697
8920 30521 865146
8923 42297 521
8924 4394 945051
8925 35932 63285
8926 23576 201
8933 43149 945455
8936 3753 1
3753 39119 210
8940 1345 239695
8942 4851 1000000
8943 18212 988184
8944 1439 169986
8948 48853 942584
8956 25241 686445
8957 5889 1000000
5889 1480 356
8960 44884 934614
8961 36254 750334
8962 47917 175
8965 44490 923274
8967 37991 629657
8968 9545 1000000
8969 6656 948347
8971 23734 960263
8974 10515 925880
8976 9861 987015
8977 3734 682
3734 30447 946441
8979 30980 978525
8980 31653 963794
8982 30661 904209
8986 34962 362319
8989 40199 374
8991 44285 913557
8993 27469 369830
8994 33483 326491
9001 19629 954113
9006 31071 96
9007 33464 999232
9009 42493 900670
9010 44457 579
9011 17370 940
9015 16318 994771
9018 25946 650519
9022 7510 400837
9023 24649 741
9024 27679 144538
9027 26723 262796
9030 40339 205529
9031 44973 960044
9032 34880 953869
9036 42198 362954
9038 8177 171509
9039 19886 956246
9043 16139 996314
9045 31112 991139
9047 19779 445121
9049 40502 474438
9052 16948 904961
9054 21717 835100
9056 43090 987217
9057 5403 910819
5403 34429 912984
9059 48955 319019
9060 7860 727
9064 19571 901897
9075 18661 753314
9077 445 859
445 33695 704568
9079 34778 918436
9084 26354 673437
9091 41341 928908
9093 24266 1
9097 17906 975862
9099 9812 201309
9101 19621 728509
9114 18507 1000000
9116 48787 1
9118 21033 996
9119 42835 950715
9120 8479 562
8479 17286 965191
9124 20333 621454
9127 44537 687
9130 4019 962497
9131 14019 959031
9132 12804 974432
9139 4728 788786
9142 34336 234574
9143 4352 714
9150 13813 1000000
9151 5978 908690
9152 13978 1000000
9155 46519 995373
9156 7555 966298
7555 11906 783898
9159 47744 279566
9161 21617 517
9162 24216 918911
9163 16034 647376
9166 38552 419
9168 49259 25
9170 14063 112
9173 1221 743
9179 16372 923420
9180 689 657073
9182 36561 973745
9183 25577 716
9185 34946 671
9191 22647 916486
9198 3275 951339
3275 45958 576678
9200 48964 569894
9201 30214 721636
9204 39070 1000000
9205 45851 87093
9210 5582 937704
9215 22295 913134
9217 14935 410581
9218 7048 990841
9220 40440 869
9221 26921 977320
9223 44236 117612
9226 44258 41551
9228 14532 889334
9231 41893 956065
9234 32779 189057
9238 9753 977
9239 13198 400827
9243 4213 550597
4213 42159 443
9244 12565 88
9245 38918 848
9251 16520 470
9252 37165 507197
9254 1732 1000000
1732 48159 972883
9257 6766 744005
6766 16876 366
9259 47205 933626
9260 7484 850865
7484 33552 700788
9261 35110 349
9263 37041 588
9271 26135 935574
9272 42969 794
9277 38267 964481
9279 24496 973762
9282 34136 277649
9285 13428 515133
9286 6925 1
9287 37016 233763
9289 10583 903
9292 42524 951372
9293 48132 1000000
9294 39506 158820
9297 47891 831632
9299 33446 207364
9300 2880 744490
9306 43021 994336
9309 47462 903400
9310 16109 904905
9312 23925 153285
9313 47452 659
9314 22747 933495
9316 47851 549
9318 31092 976366
9320 38814 907326
9323 17490 49069
9325 35308 958674
9326 32594 119259
9328 34565 302
9329 34783 1
9333 48815 852408
9335 6097 63956
6097 48911 274315
9340 35136 1000000
9346 42327 907496
9348 24564 82569
9351 25922 919219
9354 6194 936152
6194 24206 945559
9357 31499 911477
9361 10996 1
9364 37158 938931
9365 44519 219362
9368 19351 1
9369 40702 819
9370 42711 932333
9374 5105 1000000
9379 20001 234030
9380 21871 2
9384 41055 491
9385 10407 970605
9386 30247 706
9391 22338 397
9394 47547 982025
9397 28311 639585
9398 30761 1000000
9401 43164 1000000
9402 4829 1000000
9406 14310 122
9409 18214 236098
9412 24375 443271
9414 30962 956268
9416 39350 974163
9418 44017 1000000
9422 750 1
9423 6503 1
9425 43251 985813
9427 39918 1000000
9428 25582 1
9430 44023 961572
9431 22967 972480
9432 47085 988739
9440 32836 905
9442 1108 1000000
9446 2985 705007
9447 46183 919673
9448 40729 626
9456 10819 906035
9457 49141 859322
9460 16079 871379
9461 15611 933891
9463 3548 984934
3548 41719 1
9465 6356 1
9466 26347 1000000
9470 23049 782881
9475 20190 1000000
9477 45505 914830
9480 1426 727
9481 28895 1
9483 10810 53641
9484 12486 911270
9485 6260 462
6260 9848 29
9486 15811 22
9488 30770 1
9491 21284 920756
9493 704 579950
9495 30267 953108
9496 42195 57
9503 28595 924294
9508 37949 1000000
9513 44871 475
9514 16916 339
9517 41980 630799
9520 35721 877818
9526 5416 977524
5416 19644 55
9532 7106 1
9534 18023 1000000
9537 41130 509471
9539 12119 1
9541 23671 492690
9542 39530 313845
9548 24838 995282
9549 47836 170378
9550 1615 901266
9552 5341 940915
9553 32335 910621
9556 14700 832812
9558 47807 962418
9560 9258 956197
9561 25776 939701
9564 15292 214760
9566 24820 52
9571 7068 801
7068 35962 974444
9572 30576 1000000
9575 19452 381730
9577 49162 548
9578 34008 951095
9579 37961 740
9584 6989 957092
6989 29186 946020
9588 14995 327729
9589 21838 951478
9593 12015 404
9599 44133 441
9601 42571 911834
9603 45937 257796
9604 36734 1000000
9605 49414 1000000
9606 29291 102
9607 41443 1
9608 43581 1000000
9610 47154 826817
9613 44943 1000000
9614 27876 902615
9616 36782 511110
9617 17239 1000000
9619 36002 1
9622 32929 943871
9623 1657 713256
1657 4337 1
4337 47693 434001
9624 9197 680080
9197 47229 935193
9625 17891 645702
9630 17458 992419
9631 40799 295702
9632 7856 1000000
7856 44858 467760
9633 30641 977049
9634 47572 301905
9635 17719 661
9637 28957 854888
9641 17179 273411
9642 45068 54
9643 17345 795380
9644 1960 956753
1960 33447 863962
9646 4058 655884
9649 13648 992638
9651 10023 877056
9655 32421 310539
9656 28344 752049
9658 41110 171557
9659 42689 903443
9661 24110 445
9662 33978 974848
9663 46930 1000000
9664 28977 1000000
9665 37332 945361
9668 30857 853604
9669 17290 936607
9671 40930 160307
9672 19212 521352
9674 32906 195168
9675 37429 1000000
9678 46447 939798
9679 40301 424042
9682 904 942058
9688 15738 715647
9690 37684 1000000
9694 13217 875852
9695 13482 906093
9700 16813 861667
9703 46742 1
9704 46265 925301
9710 31941 252755
9711 23540 705603
9714 41971 368084
9715 41779 605755
9716 14420 182400
9717 25514 203003
9720 14598 143
9722 44970 804414
9723 33231 977781
9725 14566 86060
9727 3163 242
9735 24881 933162
9736 8022 974496
9737 31827 6523
9739 46494 995154
9741 12053 984216
9746 6041 553293
9751 12162 901608
9752 44192 639
9753 23547 1000000
9755 23696 986099
9757 7987 422
7987 47275 723
9759 18771 1000000
9760 32186 393773
9762 33168 964676
9766 16630 45958
9768 15017 846683
9770 37324 515588
9771 27468 928130
9775 47104 571363
9777 4278 696
9778 43524 46
9783 16357 229498
9785 34363 529
9787 643 1
9788 42324 955886
9789 18249 307
9790 24566 903685
9791 11904 999045
9794 32445 675
9797 49575 998896
9800 22893 958336
9801 48408 417363
9803 3830 554
3830 40159 941213
9805 38919 266730
9806 30459 1000000
9809 46849 30
9810 23491 978460
9811 26642 455
9816 3157 586707
9818 8084 12184
9824 47400 903206
9825 41405 883
9830 26081 1000000
9831 7948 320404
9832 11863 969709
9834 3594 980264
3594 26540 413342
9837 12741 1
9840 49037 1000000
9842 22309 424
9847 41285 1
9848 28399 623
9850 26407 933947
9852 11283 596
9857 6105 563
9858 34412 945548
9860 37204 1000
9864 10342 971145
9871 21107 985
9874 32079 976096
9875 37150 948890
9878 17019 1000000
9879 29428 1
9881 9926 1000000
9882 10331 298
9883 26549 1000000
9884 28046 903413
9886 38447 313745
9887 38857 1
9888 8148 375605
8148 7345 928514
9889 39178 1000000
9891 28969 976305
9899 7235 51
7235 49351 315106
9900 26595 365973
9901 42964 73148
9903 25426 712
9908 44382 911495
9912 37780 117195
9915 41712 968425
9917 38247 61
9919 12206 828377
9921 13809 16307
9924 33891 965485
9927 22797 1000000
9928 17436 655
9929 9350 934
9350 30595 998533
9930 20348 384131
9932 15270 749792
9933 27935 90122
9935 37366 978549
9938 38069 351
9939 40201 1000000
9943 36990 950305
9945 47032 1000000
9951 42789 665
9953 23789 946410
9955 43781 917669
9959 48291 573
9964 48584 948561
9965 49514 911885
9966 31817 1000000
9967 36856 991587
9970 23014 796
9973 4950 857607
4950 18249 356477
9976 22157 962802
9977 46187 349719
9978 15968 217623
9982 31089 751023
9989 20342 966658
9993 3861 991245
9996 32479 11
9998 45031 1000000
9999 36410 228
10000 38608 915759
10002 25707 932774
10003 47605 1000000
10006 22056 999991
10009 9154 618176
10013 35604 1
10015 11492 992811
10018 41771 40379
10019 26487 909545
10022 18093 982021
10023 17056 1
10025 23251 1000000
10027 26271 842
10028 21355 1000000
10029 36745 1000000
10031 7152 1
10034 16104 966055
10035 23925 908495
10038 31033 1000000
10040 18778 991
10042 15886 980661
10043 12516 1000000
10045 41950 919087
10046 3048 184687
3048 16318 521057
10048 8230 178
8230 3419 1000000
10049 21252 1000000
10050 28044 881492
10052 3775 966810
10054 29502 995233
10055 44019 226838
10056 5629 768738
5629 3508 85505
10058 25595 793
10059 47669 700972
10063 35374 967384
10065 47596 263572
10066 22074 66
10067 48738 480432
10071 18931 903389
10072 6757 965687
10073 17364 135
10075 27844 981131
10085 44071 1000000
10092 24636 988229
10097 37658 952750
10100 35001 1000000
10101 34674 1000000
10103 33211 18
10104 28628 966184
10106 538 1000000
538 47963 574
10107 23684 766
10111 33898 331743
10112 24018 990481
10113 35670 165
10115 34918 964419
10117 27249 305105
10121 42537 780420
10122 29886 459174
10123 23067 920087
10124 2798 1000000
10125 47312 902559
10133 28544 929720
10135 32609 931003
10136 27077 636
10138 47778 784185
10141 42111 761638
10142 38837 399
10145 14775 934333
10146 11006 555086
10147 15920 1
10151 39254 1000000
10152 43848 540
10155 10778 811
10157 35507 1000000
10158 36452 1
10162 25945 941074
10168 43805 1
10170 114 956062
114 8934 960079
10172 1468 775004
1468 15767 987809
10173 9106 48
10177 3539 996301
10179 20738 1000000
10180 40205 1000000
10181 33090 700
10183 27654 643601
10184 38510 267264
10186 31186 474895
10189 33604 209687
10192 5227 470
10193 8909 268008
10194 13931 999754
10195 43055 338
10200 4501 911485
4501 27056 471928
10201 3313 496
10202 10421 920051
10207 43146 151
10208 44617 316156
10209 1792 996011
1792 30142 1000000
10215 21318 999576
10216 5603 930974
5603 2849 448
10217 43812 694
10221 47203 940943
10222 12013 722
10223 47889 908985
10225 35508 568841
10226 20048 266598
10227 26878 970698
10236 18135 949516
10237 23075 344776
10238 21305 995454
10239 37390 237592
10240 34789 1000000
10243 22530 978483
10247 32318 812816
10248 427 359541
10249 42816 446
10251 17452 918091
10256 10224 943671
10224 21747 697953
10259 31581 152331
10262 48916 887330
10263 21033 23494
10264 46137 650553
10265 12719 917151
10266 34147 737710
10270 10830 905
10273 27081 968613
10276 44374 898
10278 31186 1000000
10279 18007 584
10281 39042 940159
10282 7515 966053
10288 10775 962346
10290 6618 999753
10294 30251 1000000
10296 9164 960201
10299 39412 630
10301 49059 981740
10303 9389 1
9389 487 923914
10310 26580 910881
10312 38691 758894
10315 9952 958619
10316 9984 8
10318 5567 725192
5567 16426 630743
10327 14086 1248
10331 11016 740835
10332 28032 634990
10333 7542 933689
7542 38062 378
10339 46664 162160
10345 33280 993490
10346 8195 56
10348 43713 981585
10350 41814 971966
10354 31582 332041
10357 22187 58
10360 43474 672388
10361 33183 941070
10363 22535 945982
10369 2843 1000000
2843 12155 500
10374 3847 986038
3847 18145 746731
10377 38621 981380
10378 13740 946511
10380 16459 1
10381 44870 968026
10385 36824 41
10386 39167 964159
10388 42365 918071
10391 28927 144
10400 34715 971515
10401 22721 398625
10403 28039 550
10406 35703 333112
10407 5529 264739
5529 32859 1000000
10410 28667 1000000
10412 45052 1
10419 20815 790349
10422 10253 904387
10425 40239 964542
10426 9420 937892
10427 27406 947566
10430 49690 50
10432 34653 919807
10433 5112 15396
10436 47222 929273
10438 32680 336376
10440 15946 992009
10442 47465 911998
10443 10093 911873
10444 4095 327620
10446 35678 302588
10448 24966 743310
10451 41380 979489
10454 49036 448320
10455 45161 13910
10456 11540 981822
10458 33574 1
10462 33429 182
10466 3725 945888
10467 45675 506545
10468 8404 985742
8404 15425 257290
10470 843 354861
10474 49303 904529
10478 34095 221330
10480 15381 1000000
10482 1993 1
1993 40757 1000000
10484 43626 172520
10485 39575 854653
10486 18897 947738
10487 47850 950039
10494 10888 362
10497 41401 1000000
10500 35166 234
10505 5595 1000000
10507 44283 935160
10508 10347 959690
10510 23681 920682
10511 23815 925283
10512 45339 389402
10514 17540 1000000
10516 26933 246133
10519 48194 172
10521 2600 572556
2600 7723 667
10522 48301 934887
10523 559 496
559 31430 614371
10524 3942 469
10525 31651 1000000
10527 33436 200
10528 41926 922432
10533 43197 232
10534 1168 158277
10537 22305 231
10542 43397 726
10543 29270 725
10548 15278 1
10561 23857 447
10564 5194 990927
10568 6946 984185
6946 49696 994631
10569 49060 972295
10572 20060 1000000
10577 44493 244
10579 41002 79
10580 17168 466664
10581 14791 938563
10587 7923 928691
10588 30943 970770
10589 11267 623568
10592 13909 1000000
10599 35608 216920
10600 11974 1
10602 35117 900828
10605 37190 770
10608 6172 999699
6172 34802 899
10610 25031 945114
10618 39625 201
10620 3866 294820
3866 30144 1000000
10621 7823 1
7823 23487 316752
10624 41757 914584
10626 22985 767273
10627 6101 229
10628 23483 1000000
10631 32367 7975
10633 3480 910460
10634 43687 975173
10636 40172 963
10637 25399 954888
10639 33317 1000000
10643 25590 437
10648 48845 771770
10650 46412 1
10651 12557 53677
10653 8803 985075
8803 30869 1000000
10657 41642 169
10659 33086 913342
10660 29700 906075
10661 2881 341428
2881 18530 1000000
10666 43308 992595
10667 21290 941893
10672 16176 370687
10673 41250 986372
10674 33720 920836
10676 34640 661731
10678 13381 655
10682 9334 7
9334 28115 267
10689 41407 991820
10690 45884 221
10694 41378 941810
10695 31935 259789
10696 21275 964
10697 1555 781299
10698 16873 995094
10701 43703 288158
10702 5830 253099
10703 20584 383439
10704 4727 910605
10705 8524 703747
10706 9583 911057
9583 45855 303748
10707 35200 347
10709 4601 990301
10714 40330 82771
10716 5445 320383
10717 7804 208081
7804 23461 906990
10720 9754 662
9754 15826 978146
10721 570 468009
570 40950 932175
10723 43558 925884
10726 31744 968787
10727 22928 926487
10729 10664 13743
10733 22254 276
10741 18359 640
10744 24854 829031
10748 5903 848830
5903 29594 189494
10750 18181 1000000
10752 24506 961958
10755 18716 77994
10756 27323 944040
10762 22862 217922
10763 1281 919308
1281 32239 901472
10767 19155 965397
10771 8670 157383
8670 7728 549
7728 44825 1000000
10775 29614 589993
10776 48631 720197
10778 40231 378
10782 31659 569
10783 1537 979273
10786 20509 967
10787 30280 993676
10789 28592 973652
10790 10069 700185
10794 41569 330748
10797 21654 944335
10798 4730 455733
10799 37527 1
10801 38534 905810
10802 22335 558
10803 34728 639479
10805 3023 378644
10807 3788 375026
10812 13071 913378
10814 42314 729929
10815 26687 690434
10817 17820 777399
10818 26219 926188
10819 6011 967047
6011 44884 345623
10820 45338 318341
10822 43891 975277
10823 46371 912083
10824 41393 386240
10826 19193 621521
10828 28590 967325
10830 15377 924859
10832 2165 134
10833 40068 156478
10836 931 397004
10837 14088 603255
10838 30616 994573
10840 9104 541248
9104 9383 1
10842 13210 917897
10843 41105 442124
10844 17452 674
10845 41356 122150
10849 25652 924840
10850 27678 309236
10851 33245 77653
10859 28871 695270
10861 19156 290
10863 34401 878
10864 27683 931932
10865 39267 982636
10868 3956 953573
10870 17525 914959
10873 49297 924935
10879 4455 719
10880 343 853
10883 12369 668
10886 12573 992069
10887 12718 659338
10888 2522 982422
10895 38114 957411
10896 36753 898861
10901 34683 411856
10904 26197 901923
10905 36359 944
10910 19687 902735
10913 35158 146
10914 793 623694
793 28413 383826
10921 34644 199368
10922 26941 100418
10923 45748 460807
10926 31814 438519
10927 47103 825
10928 7431 411
7431 28954 579217
10933 26102 1000000
10937 31288 939137
10942 19484 415027
10946 33275 988032
10947 49451 388138
10950 39609 917856
10951 8480 838726
8480 6352 1000000
10952 41096 922093
10953 34506 226816
10954 18017 643305
10956 19803 974861
10958 49547 900379
10959 9954 959828
10962 3188 406
10963 38178 945229
10964 9435 904171
9435 42139 381804
10965 167 332789
167 46738 371002
10966 27983 962709
10970 40010 68572
10974 31874 849
10977 3507 943
10978 10399 40210
10979 5372 1
5372 39311 1000000
10983 32975 64186
10984 39556 341880
10985 24188 1000000
10991 2260 392539
2260 37941 404939
10992 45953 1000000
10993 15924 14
10994 45609 1000000
10998 28915 994444
11000 35812 915589
11002 3645 999680
11005 4321 831567
4321 13377 723
11007 15543 581
11008 30948 956851
11010 28760 721
11011 48844 61
11012 10654 352448
10654 310 110568
310 48738 900866
11014 7916 814108
11017 10292 990763
11018 34623 541094
11022 25968 141
11023 5358 1000000
11025 42805 203
11026 42378 491377
11030 36233 914095
11031 46567 980939
11032 12629 746487
11034 16772 88
11035 23971 917995
11037 754 341791
11038 33014 754
11041 23544 923404
11042 28025 475
11043 49168 561
11044 22171 179985
11046 45135 209
11047 46014 913014
11048 36955 235334
11049 3375 890266
11050 32482 979108
11051 35462 546991
11053 10759 906165
11055 12702 191015
11056 34075 250
11057 1071 573
1071 14884 941929
11058 41032 992709
11062 355 912019
11066 1099 302480
1099 5230 1
11068 20021 994867
11070 18000 81
11074 10090 809
10090 33435 736
11075 24332 972025
11077 25953 792622
11078 35365 1000000
11083 8931 951882
11086 33793 747578
11088 2707 900678
2707 15242 241333
11089 41381 458
11090 35203 973849
11091 25652 910690
11092 47450 145
11093 5105 1000000
11094 6037 199697
6037 35912 762044
11095 48766 1000000
11100 18997 847
11103 21417 966656
11106 17113 995728
11111 25410 999724
11113 35761 407
11114 27883 82002
11125 29428 520532
11127 15530 939753
11128 28891 971864
11131 3775 966063
11133 32556 942694
11136 16719 227737
11138 32712 950462
11140 34699 590
11142 49705 357
11144 22768 915906
11148 32919 184784
11150 11309 1000000
11153 13082 552700
11154 36322 917925
11155 13341 959237
11156 42875 414062
11161 36756 462933
11169 18700 91539
11173 17878 232135
11176 24644 1
11177 18222 957496
11178 29376 1
11184 8065 319249
11186 11137 870554
11137 20609 909233
11190 956 1000000
11192 45371 22518
11194 41816 710
11195 34424 1000000
11196 1117 401
11198 31526 956933
11201 1810 972455
1810 27318 924843
11204 29431 45403
11205 47658 982395
11206 26245 1000000
11210 36448 1000000
11212 27358 993182
11213 4534 137291
11220 29758 1000000
11224 33825 958337
11225 31220 1000000
11227 904 765
904 5739 934861
5739 9373 613
11229 47440 943572
11231 26060 1000000
11232 41245 977309
11234 49037 947194
11235 5929 643
11238 22946 841
11239 11392 902215
11241 6459 223850
11243 30413 261055
11245 21542 933001
11246 9035 744
9035 1613 476
1613 43690 955557
11247 10760 255289
11248 9246 983712
11249 45342 1
11253 15757 732274
11256 24319 171754
11257 6663 857
11259 30978 917591
11260 37087 842
11261 885 995085
11262 28680 901335
11263 27184 949217
11264 20691 1
11266 9342 994547
9342 17422 347
11268 35968 976565
11269 15566 976139
11271 18656 923237
11272 26786 939018
11273 18312 21
11274 10220 958964
10220 2217 848
11276 46604 981995
11277 6482 240459
6482 11556 76483
11278 24482 599
11281 22266 995747
11283 7915 269890
7915 42597 978195
11286 33081 959275
11291 16284 910703
11292 24245 946969
11293 48216 109
11294 13783 905298
11296 6202 914091
11300 1241 51429
1241 32198 1
11304 37219 601
11306 42308 998714
11307 39035 113138
11309 14710 908917
11310 45932 373270
11311 17253 965267
11317 9920 501502
9920 34848 44944
11322 7382 853
11323 41684 228
11324 11174 497086
11330 5500 926283
11334 27536 1
11337 47940 433
11338 5501 1
5501 25643 958230
11343 41527 1000000
11344 31634 40
11346 2491 324816
11347 37395 996076
11349 46310 965
11351 7371 956796
11352 47374 919371
11353 12376 920874
11354 13825 932600
11357 42762 673685
11359 37948 982776
11364 7371 923976
11365 28747 976350
11366 17581 197135
11373 39401 1000000
11375 12871 905795
11376 43266 969846
11377 37390 918135
11382 12638 917550
11384 26889 605788
11385 5170 557
5170 27580 984576
11386 10352 46497
10352 15178 431820
11387 9490 527
11388 13881 394191
11392 6933 948125
11397 4754 686327
4754 6649 1000000
11399 45402 157905
11401 38725 335789
11402 46828 969486
11405 10286 996379
11406 49183 157951
11407 17197 474
11408 30917 282
11414 24874 947537
11415 35454 912858
11420 2985 455302
11422 36645 782
11424 3879 720934
11429 19701 47
11435 14419 1
11437 7634 337
11439 24441 448435
11440 5066 1000000
11441 40210 168
11443 14091 79
11444 23254 997397
11447 17519 971663
11448 46839 1
11450 12847 5270
11451 27816 776709
11455 9524 93642
11458 2305 927843
11460 1895 625071
11464 5166 1
11472 48335 484118
11473 23082 658888
11475 7871 997932
11477 2535 969264
11479 48780 988317
11481 18552 987732
11487 14940 433
11489 30114 1
11492 37481 920300
11493 29684 1
11494 16534 930573
11498 49697 935905
11502 29649 860548
11504 5103 131604
11505 46222 991625
11506 42056 1
11513 37445 962873
11514 11686 930152
11516 24481 882408
11520 38487 952981
11522 980 95099
11524 43206 930008
11526 19136 688710
11527 30391 341
11528 23529 753968
11531 42750 426292
11533 34700 902518
11537 43136 963839
11538 38042 960294
11540 29350 913561
11543 13836 987790
11549 42524 922994
11551 41342 940851
11559 37070 989286
11560 14762 77892
11561 32827 978625
11562 39846 1000000
11563 13606 723
11568 27233 925686
11569 36477 716
11570 19406 928519
11571 23830 949066
11572 48814 839
11574 19049 961738
11584 354 904922
354 14127 919061
11585 7650 128388
11586 46071 988779
11590 16619 1000000
11596 29921 1
11598 35710 308
11605 35929 913610
11606 6278 660
11607 8000 986
11613 4983 1000000
11614 37790 848900
11615 38244 1000000
11616 17632 972525
11618 16 334267
16 2832 595634
11627 41849 824
11632 22769 515
11633 21836 958131
11635 34867 955550
11636 39268 532650
11639 15691 916173
11645 3641 274074
11647 4684 957595
4684 30073 863
11648 40252 429266
11649 47727 1
11651 41884 935120
11656 22914 253
11664 34928 457420
11665 43823 997736
11666 5031 936177
5031 4217 912805
4217 34434 890081
11668 3442 1
11669 41077 294118
11670 18044 481342
11672 45664 1000000
11675 33282 155529
11678 32148 540314
11680 45108 52784
11682 37380 5611
11685 47604 611539
11687 26734 1000000
11691 2758 206932
2758 47052 348852
11697 21488 653265
11702 38332 420
11704 15668 734003
11706 40769 986681
11708 20544 1000000
11709 47071 304793
11710 17697 332
11715 49647 554066
11716 1336 334
11718 23979 960615
11720 42223 674
11722 5512 907891
11723 34654 1000000
11733 2020 130237
2020 47869 838901
11737 44883 354
11739 29612 926645
11741 40973 130610
11744 42193 776
11745 34663 194068
11747 5560 1000000
5560 17191 950816
11749 40996 109788
11753 17284 949607
11755 9255 927672
11759 8327 906247
11761 33725 110539
11763 41714 1000000
11764 48934 908659
11776 19877 905850
11777 26697 819559
11783 43523 919940
11784 32952 909390
11787 46839 931050
11789 4268 828
11790 6711 896
6711 39426 984039
11792 22387 911643
11793 31921 1000000
11795 35829 992191
11796 22915 985156
11797 11578 1000000
11798 27010 945217
11801 15826 378812
11803 36140 991838
11805 42318 95306
11808 9742 1
9742 42618 188
11813 14623 999087
11814 4648 290
11817 36095 908145
11823 39241 670
11830 31628 549044
11832 20697 684144
11837 7247 1000000
11838 13459 1000000
11844 46245 920266
11846 26942 955387
11850 14720 12446
11852 41458 576008
11853 9224 613771
11854 42278 444001
11857 28140 203
11863 3156 660882
3156 45874 577861
11866 34625 948789
11867 1142 445267
11870 37489 1
11876 30953 921045
11890 4625 90
11893 8990 483033
11894 24655 994123
11897 45116 913784
11905 7423 346
7423 35282 1
11915 23824 215
11916 33373 911571
11919 45470 412845
11925 4877 827
11926 43567 243806
11927 17709 998287
11929 30212 722
11931 10176 913416
10176 25661 1000000
11938 9618 566
11943 12222 653
11945 31522 734
11950 16140 74565
11952 48015 928186
11956 45801 526880
11957 17104 1000000
11959 45349 646
11960 3033 418742
11963 31113 605729
11965 29108 137878
11969 3534 996498
3534 14537 905022
11971 13234 567628
11978 32265 105
11979 36097 297521
11985 20440 538400
11986 37202 996666
11987 21287 949448
11990 34529 110188
11991 46572 959882
11992 42705 907798
11993 41456 146
11994 24351 35
11995 48189 985669
11997 10971 828945
10971 22605 970784
11998 48405 716208
12002 1087 928361
12003 619 178770
12008 47064 757241
12009 32372 939175
12013 44262 309
12016 38664 773
12017 11490 291894
11490 35123 228040
12018 13371 555
12021 47435 935850
12024 7977 383947
12029 24000 925969
12031 3508 263934
12032 35176 21127
12033 16428 315243
12034 22276 686931
12038 26131 603389
12043 4900 292129
12047 43148 1000000
12049 18067 717231
12052 23119 753
12053 33615 966861
12057 13698 1000000
12058 45466 734934
12060 25313 207879
12062 20510 922235
12063 37501 344
12064 36210 321
12065 38078 836856
12066 21250 884439
12067 7541 809
12069 21446 1000000
12071 41036 849
12077 14388 917587
12080 11462 85
12081 28101 962253
12083 37472 633
12084 41003 1000000
12087 41637 686668
12089 20138 926631
12090 10492 640
10492 15049 54
12094 33005 887
12095 33350 1
12096 41830 184792
12097 22495 130
12101 32257 827844
12105 21810 543686
12107 3072 683169
12111 2825 839173
2825 43557 709326
12112 16367 1000000
12116 17203 562
12122 30910 923763
12124 8254 1
12128 12972 1000000
12129 45051 967112
12130 24149 5
12133 39364 666
12134 1044 957678
12135 44723 148811
12138 15042 997356
12139 10652 823740
12140 32985 799846
12143 43250 985398
12145 49455 67888
12146 31583 744786
12149 38451 530430
12151 4426 1000000
4426 10622 227
12158 40460 843
12166 13374 937647
12169 16497 952095
12171 35536 936600
12173 14994 430666
12176 12728 902730
12180 27610 258
12182 20235 967943
12185 47504 514004
12187 30929 1000000
12188 39677 499806
12191 28862 992866
12194 34639 419687
12199 24203 470238
12201 22002 1
12205 11427 1
12206 36462 49161
12207 40625 1
12208 3038 964
12209 11552 847644
12210 754 1000000
12211 1602 303854
12213 26610 809277
12215 8095 1000000
8095 9792 904314
9792 35706 626190
12216 27749 956
12218 17388 904224
12219 17345 625
12220 29525 1
12221 19990 992630
12226 24554 283
12227 12157 762751
12157 44548 969990
12230 48127 952408
12232 33577 797668
12236 2599 980633
2599 22058 235380
12240 30638 261806
12241 49310 1000000
12245 5197 1
5197 6293 917034
12247 12643 226240
12249 46889 922574
12251 17420 965434
12255 29040 438064
12256 1992 937176
1992 35393 23758
12258 44145 992138
12259 34970 982918
12263 1599 563424
12269 49186 1000000
12270 27892 912650
12271 32623 931
12272 20607 526
12275 12496 907903
12283 47109 1000000
12284 13834 846642
12285 40103 859194
12286 32647 887
12288 12192 919954
12192 9972 1
12290 28998 728350
12291 18731 266227
12296 20382 844034
12297 1128 256802
12299 44083 608
12300 13790 1000000
12301 14356 207
12303 48371 733343
12306 43303 553
12307 41749 640
12310 28720 181
12311 37729 109040
12315 4595 668921
12316 12564 246
12320 43955 741
12321 43543 1000000
12323 17 951390
12324 26774 995890
12330 24296 1
12331 39558 1000000
12336 34621 984115
12340 25997 858780
12342 42955 925865
12345 4427 987635
12346 25992 957230
12350 32237 985614
12353 12968 1
12357 19001 698905
12361 6206 1000000
12369 48270 995824
12371 16051 1
12375 43050 76490
12380 5024 483
12382 46030 999867
12384 34025 458
12387 45760 335
12395 40390 113060
12396 5095 424850
5095 41073 544069
12397 11875 981289
12398 10493 985950
12399 30822 70417
12401 9627 966123
12403 30751 931284
12406 29980 913326
12407 41648 918085
12410 28604 913
12411 7968 1000000
12413 17768 13308
12417 25383 915632
12421 34969 998835
12424 11658 917978
11658 1324 928189
1324 19800 312
12428 43593 1
12431 41312 330
12438 7163 497
12441 37911 1000
12442 10955 761
12444 49391 1000000
12445 30169 997472
12449 5101 688
12452 34651 1000000
12457 47954 174
12458 10513 987230
12461 45136 481
12466 9510 936414
9510 15684 986688
12470 12821 1
12472 17481 159943
12474 24240 203897
12476 9405 172396
12477 12372 911879
12480 39784 988562
12481 26292 915760
12483 39460 232288
12484 39281 956370
12487 18239 1000000
12489 47110 796
12490 17473 966567
12491 38942 954811
12493 18742 1000000
12494 18674 959452
12495 14627 1000000
12497 13590 650205
12499 37654 882404
12507 27195 905699
12510 39833 948
12513 24312 178895
12514 27219 249887
12515 30418 574141
12517 25606 564511
12522 34974 986478
12523 35764 978696
12524 8505 877
12530 45629 189211
12531 10550 294
12532 11180 918685
11180 272 900394
12538 5580 787106
5580 28044 1000000
12540 45747 916767
12542 34704 946042
12543 46355 1
12545 24977 407880
12547 30064 856683
12550 19113 858
12551 3478 979383
12552 10918 924742
10918 15851 373273
12553 16727 938254
12554 13181 1
12556 43253 979234
12562 27648 886
12565 19262 935290
12574 37936 624390
12575 22355 1
12581 22056 392
12583 31793 509
12585 47121 97411
12588 33967 308784
12590 25157 933371
12591 26469 936635
12592 2900 198458
12596 12946 993005
12597 33529 974566
12599 40967 901163
12602 23826 718842
12603 38671 919013
12605 49235 965693
12606 18214 1000000
12607 14034 162
12610 42979 907171
12612 35094 62338
12615 28239 528163
12616 38806 962876
12618 21004 1000000
12621 45683 451516
12622 5483 802677
12623 47335 969987
12626 19597 262493
12631 32455 922
12635 6136 33
12637 23320 467865
12638 9255 188161
12643 35374 40257
12645 13683 1000000
12647 27843 1
12648 941 417
941 20246 1000000
12649 12055 222982
12055 14703 228
12655 41910 961571
12656 3616 1000000
12661 40249 910627
12664 29914 916699
12668 1433 367820
1433 29440 904724
12670 13370 1
12672 19230 656
12676 11575 1000000
12677 31697 589
12680 41491 981027
12681 6307 1
6307 41467 736144
12682 49582 935631
12686 37856 56
12689 46660 962384
12692 41218 914473
12694 17792 931553
12698 7282 572
7282 5841 985134
12700 25398 534
12701 38529 205
12704 6107 1000000
12705 41436 1
12708 22935 549
12709 36219 794262
12711 30301 578100
12715 29953 908885
12717 17194 997
12721 10747 1000000
12723 43921 970214
12724 17200 953733
12726 7129 928
12727 24725 1000000
12728 42254 1
12730 2132 969
12733 27690 929075
12734 43734 972963
12735 28914 982093
12737 24354 1000000
12738 8314 699434
8314 31195 900935
12741 22948 995977
12742 6513 1000000
12744 28825 711
12745 34559 166
12752 23858 578182
12754 43174 985049
12755 26985 496622
12759 23437 568185
12760 24666 927267
12761 30460 651
12763 33431 1000000
12764 21944 436355
12767 25952 1000000
12774 42483 646267
12775 31442 942201
12778 23271 1000000
12779 46240 945887
12782 6602 258459
6602 2477 3705
12783 7723 455627
12788 37501 913084
12789 38403 917
12790 49141 64
12792 8949 541766
8949 29752 143
12793 48142 979619
12795 17128 692985
12802 46659 949879
12805 36198 829562
12806 38599 302
12807 14795 907544
12808 32244 276079
12810 44629 1000000
12811 17133 1000000
12812 40599 291866
12813 41698 391502
12819 5201 957947
12833 40160 998287
12835 8195 845
12836 27835 602
12837 42413 935615
12839 11734 30621
11734 42100 258232
12841 48953 297
12842 32592 74364
12843 15198 900259
12845 24301 948446
12848 5198 923705
5198 3916 829
12849 34782 985830
12850 11409 985146
12853 25804 988420
12858 45913 447
12862 31408 951377
12865 1176 928510
12866 20627 60912
12870 45441 955842
12872 38731 298619
12875 29576 993367
12879 29040 1
12881 48304 614011
12882 27633 978195
12886 31104 50639
12887 20292 840919
12888 3063 1000000
12890 28888 980558
12891 29095 663
12893 23022 924771
12895 49440 916118
12896 36499 230638
12897 16811 209996
12898 5989 265286
5989 6635 1000000
12901 47131 959425
12904 16573 15
12908 45004 592
12910 24116 949513
12911 31278 844
12915 2887 1000000
12918 16510 820158
12919 2879 340
12923 31916 646
12927 9358 925752
9358 35085 1000000
12930 2737 1000000
12931 26840 1000000
12933 34152 945883
12934 13988 144528
12939 7103 999994
12941 6084 938361
6084 20193 938337
12942 23944 919600
12946 12036 576853
12036 48347 942599
12948 43001 52
12950 38677 190
12954 148 1
12956 21872 753254
12960 34232 957017
12964 33779 980940
12967 39948 665339
12968 5884 637487
5884 2482 306
2482 13888 1000000
12969 19147 504968
12975 29856 919071
12979 37188 980761
12980 31758 309
12981 10169 336
10169 1700 282908
12982 14100 228
12983 42594 999027
12984 25003 1000000
12985 22763 264471
12987 43824 576
12992 8597 1000000
8597 30430 263
12995 17186 1
12998 45321 946280
13002 11040 979905
11040 2863 1000000
13003 12100 156
12100 45206 1000000
13005 26744 943
13007 3421 1000000
3421 39870 982821
13011 5058 1000000
5058 33995 616
13014 31033 768
13018 39702 918199
13019 10469 1000000
13021 25477 644193
13024 19361 1000000
13025 43470 968645
13027 12658 686734
13028 48231 937705
13031 46652 1
13032 31675 117
13033 27189 938059
13036 47899 1
13037 23408 589800
13039 45608 610877
13041 5602 323
13043 6893 542033
13045 25017 447
13046 33507 1000000
13047 17313 949621
13050 22441 818
13052 14362 255937
13058 47531 930846
13059 8303 477541
13060 19119 607394
13062 43450 880950
13063 16590 82
13065 24303 231488
13067 33271 82944
13072 12559 846690
13075 13452 882672
13080 772 932581
13081 39093 979983
13083 9529 1000000
13093 40105 450780
13094 30027 982530
13097 35141 919152
13100 17695 761435
13102 33720 700
13103 477 1
13108 8073 603
13110 15415 234875
13111 30693 900879
13113 19198 699754
13114 46479 381268
13116 9838 1
13120 19467 761616
13121 1551 972624
13129 3171 994736
3171 5921 1000000
13130 15392 365545
13131 10882 921954
10882 29982 901635
13132 27664 750
13136 35354 326
13142 41006 1
13144 5159 903553
5159 41207 153471
13147 24737 939027
13148 15677 347881
13151 21990 905517
13153 31568 961429
13154 8638 930015
13158 40610 1
13159 16570 469316
13161 12566 586
12566 20300 929402
13162 46485 61442
13164 7115 67624
13166 15097 1000000
13170 43837 1000000
13174 43517 973240
13175 38340 86623
13183 18631 726446
13187 13607 809145
13188 14085 821
13189 4776 1
4776 4133 849316
13193 15102 952825
13195 24354 502632
13196 14692 989709
13199 20484 963349
13201 34269 471421
13202 16152 1
13203 46016 253643
13205 20048 238
13209 4084 959957
4084 29791 936171
13213 20228 816
13226 16901 994301
13227 181 834428
181 24278 1000000
13228 6804 1000000
13229 16358 208
13230 47288 1000000
13232 5517 1
13234 1599 932741
1599 3850 952838
13235 45765 227
13237 5295 1
13239 47874 100
13240 27419 819
13242 18712 922202
13244 16605 1
13245 41330 980071
13246 46056 868
13248 29575 316452
13249 19788 1000000
13250 39095 1000000
13251 18936 960094
13253 4033 398
13256 37016 938512
13257 39827 1000000
13258 14974 964713
13265 18866 447787
13266 27364 913068
13267 8409 320
13270 27160 213
13271 26943 265147
13276 47676 960870
13277 5471 923244
5471 32558 983947
13278 21756 1000000
13281 3044 766507
13284 40252 28387
13286 46151 496780
13287 12855 967798
12855 34802 232806
13289 18499 876651
13290 1693 1000000
1693 49653 945256
13291 41195 972599
13292 40715 982763
13294 44473 94203
13299 10260 891372
13302 4823 375
4823 2394 619206
13304 44967 962197
13305 21105 1000000
13306 37890 34012
13308 12293 1
13309 40308 98
13312 3352 498
3352 49654 897
13314 25516 501
13315 6658 342726
13319 2146 1000000
2146 36959 929311
13322 7598 1000000
7598 49318 952723
13324 27014 903277
13327 44674 586
13328 32375 917325
13329 36907 916589
13330 386 552810
13331 3768 1000000
13332 16120 949708
13333 42435 944576
13334 1877 920045
13336 42447 913412
13337 39845 1
13342 25361 974268
13345 47073 737810
13352 10317 946461
10317 21743 589
13353 45441 912016
13354 33516 1000000
13357 41 1000000
13361 7786 70187
13363 14240 1000000
13365 19629 921542
13368 10464 736
13373 10598 953546
13375 8229 639936
13377 9963 414227
13379 16448 951969
13384 24032 1000000
13387 34845 391599
13390 41226 935683
13393 11416 77305
11416 31990 637356
13400 21147 742
13401 19572 931034
13403 48512 32
13405 21175 933139
13407 31192 923935
13408 1085 605953
13409 26471 1000000
13412 47675 981083
13415 48942 994426
13416 31626 319
13417 47147 844248
13418 14837 1000000
13419 27780 991271
13420 36629 673452
13421 30846 809844
13422 29781 1000000
13425 49575 796990
13426 43570 714
13430 16985 993239
13432 22706 821431
13434 39289 656682
13442 14066 925636
13443 776 694
13445 24906 958509
13448 46527 1000000
13449 46055 954016
13450 2181 946732
13451 11629 713788
13452 18151 972795
13453 8433 1000000
13454 19190 459002
13456 3672 727
3672 47254 265
13457 39974 286209
13459 48733 575622
13461 44486 70751
13464 13086 936378
13465 7586 566
13468 28508 542756
13480 32075 968225
13486 10773 1
13491 8821 170
8821 43209 981780
13493 1130 685080
13495 48515 982168
13496 29354 424
13497 38642 923938
13501 42435 833
13503 30857 514053
13505 42462 838
13510 11484 26593
13514 601 946201
601 46353 65075
13515 32264 936360
13516 27415 896
13520 5152 949625
13522 17042 174883
13524 1526 853240
13525 10196 748886
13528 32156 963009
13529 18188 1
13530 30054 228128
13531 24380 936154
13532 7413 144
13533 39825 1
13535 1106 661
13538 7634 768331
13539 21240 253043
13542 34600 304786
13544 49700 924043
13545 49337 967745
13546 29353 902252
13548 33234 924505
13551 30925 939328
13553 18458 958752
13554 3883 965943
3883 21564 924170
13557 20877 383694
13561 39676 729
13562 13222 1000000
13222 11486 715113
11486 411 415
411 6863 982532
6863 19113 403
13563 26363 945764
13565 17077 978869
13568 22074 915906
13569 3965 807326
13573 6002 407
13578 14882 952501
13579 21679 940526
13581 10245 865
10245 33740 913413
13584 27954 902789
13587 28030 416
13588 22025 534
13589 39232 979677
13590 730 75925
13595 13376 1000000
13376 32997 995148
13605 15746 928471
13607 3121 61868
13614 11770 860
11770 42419 230434
13617 47818 946622
13618 21153 970619
13619 15205 953226
13620 31159 836802
13621 43067 956705
13622 30165 13230
13623 33832 972359
13624 30047 677
13626 31618 4467
13627 46237 934224
13628 15485 644789
13629 759 366744
759 43695 607
13631 44620 765
13633 30716 929800
13638 23569 1000000
13640 45629 602654
13641 43474 939
13642 11862 923573
11862 33149 903921
13645 43989 1000000
13646 6382 867015
13647 21137 1000000
13649 39225 36
13652 11872 1
13653 10093 969847
10093 30473 926603
13654 44461 1
13660 42790 608
13661 469 776156
13662 20959 215021
13666 21063 1000000
13667 25241 922678
13668 36363 1000000
13673 13502 928737
13675 23645 913510
13677 13066 996068
13066 4408 626727
13681 30099 468510
13683 4670 418868
13685 30912 1
13693 17280 953550
13694 47255 949727
13700 27699 631
13701 35808 452313
13703 36588 1
13706 22951 336
13707 21003 182408
13709 1865 483
13710 2452 1
13712 2996 716441
13713 1706 995540
1706 43372 572890
13714 23772 233
13716 34973 1
13724 636 912865
13731 43733 996015
13733 10404 973
10404 7437 68
7437 135 711507
135 4218 762083
13739 38380 813809
13746 25228 697479
13749 48122 742
13751 9629 451701
13753 23440 62
13758 41579 1000000
13760 25905 933969
13763 4902 794
4902 47286 969660
13769 42366 658526
13770 1605 975517
1605 27822 906523
13774 12402 917590
12402 159 921929
13775 15053 697150
13777 15038 400
13784 38944 1000000
13785 855 938
855 14580 965069
13788 40032 948502
13791 13364 913267
13364 8816 1
13794 19094 466964
13796 45249 333080
13799 25774 1
13804 4068 949649
13805 20913 235014
13808 21703 1000000
13811 31297 1000000
13813 46136 947686
13816 40423 950952
13817 43587 821
13818 5753 1
13822 9424 438704
13826 8820 1000000
8820 32816 924795
13827 20357 920590
13830 9576 963032
13831 41959 211105
13833 31877 872587
13838 11539 1000000
13840 26575 225187
13843 18702 966869
13844 13275 900515
13845 37007 990477
13846 6043 871900
6043 5234 775067
5234 8954 506060
13853 43243 1
13854 11899 939317
11899 41561 394716
13856 34652 946114
13857 21199 631312
13858 36980 923080
13861 79 545215
79 18688 1000000
13862 12675 998029
13864 48272 749115
13866 34979 900332
13868 31098 948
13870 20184 11184
13871 47909 128047
13874 12690 996
13875 42192 498761
13876 45619 872
13877 13821 998618
13881 19367 975
13883 5902 364119
13884 32393 894200
13887 25950 110243
13891 19605 1
13897 24000 989343
13902 42146 40
13903 37932 992869
13905 44113 26722
13906 3340 224221
3340 25056 38347
13912 26956 368195
13913 10130 981457
13915 43021 500607
13918 14631 770107
13919 17557 449
13920 12798 1000000
12798 12907 737661
13921 46660 459546
13922 17864 73
13924 46885 1
13925 4789 907477
4789 15793 1000000
13926 36682 995907
13927 44905 511672
13931 25317 916756
13932 39777 912032
13936 47704 437
13938 48652 771
13945 33120 1000000
13946 48723 1000000
13948 20796 3900
13949 37377 1257
13953 4558 233
4558 44517 904703
13955 30438 738212
13957 18351 893
13961 19676 729336
13966 43309 970534
13968 32328 414
13969 23343 831946
13973 31753 426530
13974 391 639237
391 20678 355238
13976 11937 49
13978 16595 1
13980 43460 432052
13983 2028 510390
13984 35220 1
13985 4543 928760
13988 19529 294274
13989 3258 964145
13990 14398 28512
13992 39172 914016
13993 9562 703909
13995 1163 482515
13998 36918 597
13999 19914 1
14000 15918 713724
14001 21649 661956
14003 45251 418745
14004 38665 209
14008 38629 948321
14011 24958 915072
14013 43569 963796
14014 33710 928793
14015 1094 1
1094 36587 804
14021 20176 698
14022 33860 1000000
14025 19514 602977
14028 29730 452417
14030 29395 939361
14031 9157 993
9157 8126 924319
8126 38542 1000000
14033 29275 934108
14036 39045 785382
14039 21236 1000000
14041 33047 987870
14042 33653 1
14043 8964 191
14044 44860 273631
14045 4860 466097
4860 28580 1
14047 9445 960527
14052 42839 917462
14054 27857 784
14059 33480 974905
14060 30409 981242
14062 40258 919837
14066 14832 1
14067 13729 922462
13729 37051 613
14068 16797 620300
14071 34865 992394
14072 22735 498492
14073 36235 1
14074 35813 100034
14075 45942 228328
14081 9100 555311
14082 37294 613479
14088 8561 929830
8561 21593 1000000
14093 17797 932893
14096 35287 711062
14098 1008 447186
1008 17139 468398
14099 38061 687
14100 39600 914168
14103 38782 959622
14106 17199 958539
14110 16704 922005
14111 22917 708
14115 15786 819712
14117 25098 914176
14119 47843 738908
14120 4665 614
14121 32695 304448
14135 19713 866
14138 48324 837703
14139 14137 751
14137 33779 970335
14140 13958 445
14141 33165 937809
14144 32235 958503
14150 10453 778408
14156 10353 917412
14157 37639 1
14162 37555 963791
14165 20693 1000000
14169 39506 822507
14174 9211 975640
14177 22904 532239
14179 15241 229808
14180 5831 86194
5831 32694 1000000
14183 34913 697
14184 37799 978220
14187 45058 100
14188 23863 956921
14190 25604 640
14192 420 1000000
14193 17501 235182
14197 11988 899703
14200 36912 934953
14201 30402 1000000
14202 48975 247
14204 12663 942174
14207 19667 344702
14208 20236 963861
14211 15887 908671
14216 34613 1000000
14220 26886 575902
14221 18539 528975
14230 15131 930
14232 3861 991599
14235 46797 50
14237 31609 1
14239 48621 945860
14241 26060 42
14243 30939 907057
14245 9902 912988
14249 47464 1000000
14250 1102 934026
1102 39988 981207
14258 11981 916433
14260 17215 538607
14261 41629 870
14264 36848 374267
14265 14186 867
14266 30347 978341
14270 45649 908596
14273 38191 363524
14274 24168 858
14275 47143 923282
14278 27477 921066
14280 10057 435
10057 9303 501
9303 42795 930803
14281 48134 1000000
14285 4458 1000000
4458 530 1000000
530 37300 723877
14286 19642 936481
14288 33076 908728
14295 8598 925839
14298 7419 845212
14299 46102 669266
14302 41449 962364
14303 37854 1000000
14306 46657 1000000
14307 7751 271
14308 37767 1000000
14309 35251 997135
14312 43863 1
14313 3925 924146
3925 35108 97825
14316 19140 26
14317 5741 919459
5741 21613 131706
14325 11367 973279
14328 21409 293149
14329 37482 581
14330 47095 720634
14335 42278 914446
14339 3281 842339
3281 42486 491802
14342 35581 164
14346 35860 248
14348 34756 957
14349 38258 907607
14350 41691 987807
14356 33553 993627
14357 48946 772327
14359 15008 1000000
14360 34671 327692
14361 45102 324
14363 7314 972658
7314 33886 953
14365 43518 693249
14366 6127 1000000
6127 45142 375983
14369 18109 897
14371 39387 143310
14372 21363 443
14375 23951 256718
14376 30833 313
14377 28118 399
14380 45217 430028
14381 3662 955003
14382 27743 758397
14383 10452 1
10452 47762 1000000
14385 34282 1
14386 24790 8
14392 10645 255751
10645 45939 1000000
14393 42613 1000000
14394 40076 1000000
14395 32507 335056
14396 10890 72272
14401 29545 1000000
14404 39612 635
14405 25610 935284
14406 38220 1
14408 30538 254404
14411 40560 392804
14413 45400 391974
14414 25192 953575
14415 23593 920424
14416 12237 909701
14417 11166 964003
14418 36023 546
14419 25477 935
14421 30422 385
14422 23447 268670
14423 22631 959508
14424 39866 83787
14432 25864 1000000
14434 12376 927059
12376 26039 913565
14435 21138 127
14436 2559 844
14437 36323 826799
14438 12418 14606
12418 46509 939354
14443 3436 978392
14444 25032 958503
14446 38672 501
14449 25491 826849
14450 33229 902568
14451 9518 153036
14453 24835 1000000
14454 15722 912911
14458 39475 911800
14461 19470 384363
14463 33303 652729
14465 8815 971622
14470 16500 1
14472 15996 56799
14475 44362 697
14478 18729 163
14482 6376 939810
14484 30262 920140
14485 5411 617695
14486 18932 973527
14488 42212 52
14489 26719 946416
14490 44683 922600
14492 45617 902200
14493 67 908214
14494 3909 1000000
14497 33561 962925
14501 20578 907
14502 7155 650012
14504 14391 106222
14505 27779 402046
14508 39685 927143
14513 14879 927942
14514 6272 291
14515 1478 1
1478 32199 791249
14516 42609 579
14520 29549 963149
14521 33491 917112
14522 23733 1000000
14526 42202 985430
14528 67 470470
14529 6086 846996
14532 12426 924256
12426 28871 1000000
14533 9756 692
9756 4755 563
14535 40971 1000000
14536 800 475667
800 45370 559894
14538 38547 989593
14540 4401 690180
14543 8293 290
14544 4672 908728
4672 11728 1000000
14547 6623 635
14550 2191 94990
14552 20739 1000000
14553 48453 928273
14554 43760 392148
14560 28967 505
14562 14841 934637
14568 17880 900316
14570 39115 1
14571 28653 945923
14572 7342 783465
7342 3705 1000000
3705 11327 985596
14575 41604 1000000
14579 25455 914861
14583 39043 103632
14585 16952 1
14587 35986 535502
14591 7054 258028
7054 27871 1000000
14593 35559 887137
14595 38343 596779
14599 43839 264251
14600 37161 930588
14603 19570 980425
14605 27070 1
14607 26430 490247
14609 21890 816745
14612 44091 1000000
14614 21106 1000000
14615 44567 946373
14617 6122 799632
14619 7216 789464
14621 16256 983637
14622 36919 1000000
14624 32643 716958
14625 10774 977447
14626 31311 108793
14627 28020 1000000
14629 4661 833349
4661 27316 917721
14630 23314 810974
14631 12104 701
14632 6604 932815
14638 42933 1000000
14641 20623 1000000
14646 16875 646539
14652 23232 399
14655 19272 922007
14658 12152 746
14660 151 98
14662 2669 915361
2669 11907 228396
11907 24251 579165
14665 44527 893
14667 36796 428656
14670 37368 998491
14671 1537 797309
1537 29625 951616
14672 49508 713759
14674 34016 1000000
14679 11604 915391
14683 46250 1000000
14685 26547 939456
14686 7771 567453
14687 29490 789289
14693 45301 187220
14694 5934 1000000
14700 12246 924319
14704 6237 909001
6237 25177 308113
14711 25050 924655
14712 33590 996027
14714 23914 988835
14715 35090 1000000
14717 12504 891028
14718 28765 966740
14721 25582 91809
14722 341 924286
341 13117 151570
14726 2715 935111
2715 32897 19493
14727 43789 1000000
14731 20932 976809
14734 30372 970780
14736 12448 430
12448 47548 911536
14740 48194 903021
14741 37560 1000000
14750 6312 940357
14757 25617 755
14758 21330 919848
14765 31377 223
14766 15923 54156
14767 35903 650462
14770 28762 979544
14772 4237 115
14784 3610 712
3610 20324 164776
14791 2828 918366
14794 8623 794908
14798 25755 883357
14802 41625 183717
14805 11211 312006
11211 45487 1000000
14806 3420 988287
14809 28722 1
14810 104 210
14814 3359 416711
14815 25122 288825
14817 26132 806
14820 12731 382152
14821 7613 932491
14823 2226 934624
14825 6668 911453
6668 33952 370768
14827 21423 733530
14833 25243 951127
14835 4523 992121
14839 23179 1000000
14844 33367 1000000
14849 43418 597311
14852 11626 165231
11626 8252 905
8252 32331 341888
14853 34229 685141
14858 30448 1
14859 24548 116728
14861 48949 1000000
14862 7930 491151
7930 25708 990161
14863 1826 988776
1826 41706 1000000
14864 662 964650
14867 40787 132
14868 18734 1000000
14869 4093 961196
4093 633 1
14875 16140 583430
14882 47193 976059
14884 22624 14677
14885 48969 943561
14887 36675 681
14888 14326 860505
14889 11006 977117
14893 43567 717
14894 3626 954365
14900 49018 1000000
14901 40297 172298
14903 4030 634
14904 10559 928176
10559 44179 533132
14906 4581 807765
4581 9255 949306
14909 19441 950108
14916 3626 616978
14920 19214 251
14925 47789 995872
14928 7333 608944
7333 46950 1
14929 45902 1
14934 43377 972520
14935 37915 1000000
14942 16520 998604
14948 13523 917255
14954 5819 1000000
14955 29688 137888
14958 29489 997990
14959 6448 1
14961 16849 16781
14962 16473 52441
14963 10447 958888
14964 4108 1000000
14965 21213 553
14976 37789 798894
14978 15774 220
14983 7084 1
14988 11604 166
14991 18927 75451
14995 19823 714163
14997 32694 498136
15000 22571 945516
15005 34685 351314
15007 33117 245318
15010 29681 602728
15012 49649 911035
15013 42898 995064
15014 25849 913726
15015 7508 313
15016 24334 947545
15020 10295 966
10295 18125 150
15021 30048 342255
15022 36116 949072
15024 31123 981663
15025 3296 123964
15029 32774 1000000
15030 14442 685037
15031 27425 683347
15032 18474 279
15037 17070 89576
15038 35020 89562
15039 47141 884116
15040 11939 987390
15044 22769 973063
15046 42426 516
15048 5844 1
5844 8138 908463
15050 28426 644722
15053 28481 952171
15054 36 917296
15057 47613 249964
15058 8067 340075
15061 31586 892
15063 6291 1000000
15065 21960 998589
15066 36588 942527
15067 11 989869
11 12233 1
15068 42178 1000000
15071 40374 289675
15072 19982 949115
15077 1298 617140
1298 25483 376512
15080 12348 6422
12348 14586 955099
15081 14199 962590
15084 17002 643026
15086 5155 349478
15088 28571 1
15095 33099 989071
15098 21145 217309
15102 14776 923214
15103 6200 547
6200 25610 980051
15104 11974 730310
15108 17131 1000000
15110 19040 975627
15111 2280 953612
15112 47982 22859
15114 34610 928056
15116 9227 569
15120 42689 985966
15122 48382 991406
15127 27046 246216
15128 31882 96795
15129 40888 996351
15135 45598 860293
15136 14785 939849
15139 43610 722607
15140 33364 356510
15143 44713 929868
15144 36240 907681
15145 44268 307217
15153 38767 960603
15155 28513 293
15163 4025 998450
15164 29372 927058
15170 10684 954102
10684 3711 915579
15172 3596 178340
15174 16135 939745
15175 37517 988008
15178 43899 1000000
15180 48247 935295
15181 7464 831952
15182 40749 1
15184 38053 994230
15186 21258 930584
15187 39674 512338
15189 49201 1000000
15191 39569 851620
15192 43964 966
15194 21953 1000000
15196 16397 941431
15200 27930 681048
15201 12997 499766
15203 5315 475
15204 22718 940561
15205 21680 638648
15207 5713 905578
5713 18952 975437
15208 27137 64
15209 29987 24382
15211 5152 934464
15212 5718 938416
5718 3652 932472
3652 23120 635
15213 1620 1000000
15216 42048 728547
15222 19212 938434
15223 36547 92256
15225 8528 1
15226 40082 1000000
15229 28016 563
15230 381 1000000
381 25553 999414
15232 45127 97
15233 20266 1
15235 21819 955698
15242 19003 1000000
15244 42601 945215
15246 37682 543
15247 2095 293818
2095 6757 255258
6757 12486 900319
15249 27491 958833
15252 5011 576717
15255 7072 1000000
7072 1600 1
1600 30217 1000000
15256 28499 973766
15257 39929 989483
15258 18143 732
15259 26577 419
15261 3267 417313
3267 37490 34906
15262 2876 860350
15265 24761 357649
15266 12109 916148
15267 40678 38
15271 10712 191768
15274 44622 1000000
15275 31653 240919
15277 25535 975069
15282 9421 1000000
15283 12463 352
15286 8627 116274
8627 33756 212952
15287 36070 25
15288 30458 431
15289 31855 691
15292 39332 197874
15294 33827 605
15297 20702 198696
15301 28153 958532
15302 38410 131547
15306 20704 1000000
15312 21137 948378
15313 28539 985305
15314 20916 856506
15315 49015 927012
15316 25926 970659
15318 19844 207
15319 29362 772955
15322 27766 920702
15323 21115 957150
15324 26500 74
15328 43166 522415
15329 9819 1000000
15335 18901 186
15337 41305 89
15339 47176 996436
15340 44134 815923
15341 38626 986856
15342 21529 269088
15346 5169 355084
5169 14797 1
15348 35584 908709
15353 43305 906714
15354 48540 995840
15355 29595 603
15356 24008 338
15357 24611 926
15358 30006 272407
15360 20109 913330
15364 37513 953520
15366 28090 1
15367 38993 514
15370 25923 1000000
15372 8779 458469
15376 36325 482
15377 3007 515776
3007 33129 1000000
15380 11108 955324
15381 3290 840
15382 2930 966039
15383 44413 698652
15384 21335 1000000
15385 18060 449637
15386 27725 840246
15387 38466 180218
15389 44062 344
15390 323 1000000
323 25023 985385
15391 37629 201860
15392 27794 48208
15394 28998 1
15399 11625 1000000
15401 45 927059
45 42753 958
15405 4227 41602
4227 2651 136
15408 6649 1000000
6649 14706 920415
15409 25139 915843
15411 10944 879161
15413 43083 990021
15414 15933 433553
15415 18694 958108
15419 47490 31356
15420 9089 1000000
15421 43321 964612
15424 24958 116
15428 7377 564915
7377 27242 712644
15430 15568 540086
15431 43215 1000000
15432 16737 1000000
15433 15055 740919
15437 16556 645
15445 43793 164025
15446 10598 1000000
15449 49171 497191
15456 22152 832216
15457 26144 1000000
15459 39107 562
15461 1231 682884
15467 4209 988624
4209 44151 973234
15470 7097 673
15474 31748 993794
15475 45899 923675
15477 17626 1000000
15481 24350 381
15482 37469 115336
15484 6262 949771
6262 38758 334745
15486 48197 206044
15488 37654 1000000
15490 49092 594346
15492 37678 55044
15493 27912 665648
15495 12799 976205
15496 15436 731
15436 13145 163384
15497 29816 946308
15498 49139 969587
15499 16259 331609
15501 14297 996248
14297 26495 587574
15502 30429 939471
15509 30006 808453
15514 28038 1000000
15516 47980 1000000
15518 12986 975
12986 5522 918489
15521 10140 417
15524 14471 965574
15525 15739 964295
15527 34479 898
15529 22663 860182
15536 18171 999745
15537 4039 739147
15538 26562 855686
15539 17675 971212
15541 145 984568
15546 17282 1000000
15547 36269 927245
15548 10084 947267
10084 44079 938319
15549 42034 678
15550 24632 1000000
15555 47632 905390
15557 38396 956067
15560 1027 969
15562 32475 232
15564 14836 680363
14836 40438 980109
15565 22079 312
15566 12632 532
12632 28798 5
15569 35923 967659
15571 19509 847
15572 12170 927310
12170 39538 302
15576 33932 912313
15582 12503 54
15584 36681 902950
15585 27542 1
15587 31884 466132
15589 14481 968334
15590 34177 979264
15592 10198 857
15598 16722 1000000
15602 46140 839
15604 36833 958013
15605 20597 623714
15610 22119 685
15615 12313 976
15617 24472 901929
15618 9337 577285
15619 20105 82132
15620 19220 1
15622 19573 912783
15627 9360 1000000
9360 19282 924167
15628 15359 411
15630 8928 272
8928 39046 327
15634 35749 383254
15636 49224 926497
15637 27955 1
15638 47861 946562
15639 43261 364129
15640 2983 537976
15644 3189 226661
15650 24744 904148
15653 6607 999323
15654 39152 222301
15658 20507 339719
15662 48702 464
15665 23060 990598
15667 13311 513026
15668 12821 234
15671 49053 900923
15673 30186 959123
15676 42512 38
15677 34096 1
15685 3251 988724
15686 42786 198104
15687 6633 1000000
6633 42055 353891
15688 14219 101
15691 36689 745232
15692 5564 944753
5564 1232 994155
1232 45001 685
15693 839 67300
15694 37943 969953
15696 39758 576030
15697 39240 929866
15701 32882 1
15702 48969 659119
15703 28378 915126
15704 28653 1000000
15708 27830 978908
15709 39001 951413
15711 36334 985321
15712 39353 1000000
15713 23458 932837
15714 37451 179538
15716 31517 903681
15717 3450 303397
3450 24292 296605
15719 26639 935
15720 18170 990483
15722 22907 685256
15724 11552 1000000
11552 21546 179927
15727 1253 807389
15730 30072 983947
15733 34257 384725
15738 24840 1000000
15739 42677 789635
15741 35645 683
15743 48456 620
15747 21749 913057
15748 46720 989109
15756 10213 774
15758 30760 977099
15759 47490 952714
15763 21504 678503
15771 25638 724
15772 41931 969190
15773 30364 548595
15779 47698 1
15780 44120 1
15783 38583 949
15784 25225 610
15785 21330 911945
15790 24419 913244
15791 32551 667
15793 22378 985767
15795 27076 807059
15797 16530 991943
15798 38716 773408
15802 14161 403593
14161 43713 932
15805 1457 413
1457 9653 793842
15809 42603 103
15813 7821 927574
15817 47303 112815
15818 34873 937582
15819 11750 803
15820 27757 448
15822 23905 929752
15828 17101 1000000
15830 5120 1000000
15831 16950 78
15832 8908 370
8908 36295 475
15834 40698 57587
15836 37280 704277
15838 22166 732258
15839 22572 909567
15842 45420 1
15843 1561 301496
15847 47291 357733
15851 31098 755573
15853 40396 675
15855 1171 1000000
15858 25954 751
15860 4139 239535
15861 25499 879
15863 19829 942395
15866 17990 72476
15868 49688 468
15872 8712 997266
15875 7952 981357
15876 43385 617
15877 16874 519478
15880 22282 442
15882 34709 251901
15884 35336 968931
15887 7265 847758
15894 21869 1000000
15901 5595 61020
15904 36979 584911
15906 19665 952510
15909 2042 916
15913 22632 947687
15917 28945 264910
15920 39988 944883
15921 42615 125327
15925 6866 649
15926 30610 919068
15927 29919 765750
15929 31825 732
15935 13016 1000000
15936 14431 964456
14431 49569 65182
15937 17062 992355
15939 18820 553
15942 23903 421567
15943 37856 965205
15946 28829 923397
15947 30724 1000000
15951 24875 739857
15954 24442 987723
15962 7669 592
15966 12405 711
12405 45691 875
15969 4626 1000000
4626 30450 643271
15971 39604 1000000
15974 9519 910975
15975 41971 283470
15978 49279 1000000
15980 41474 946002
15985 36398 996986
15986 39097 169119
15987 37793 971015
15989 22036 825899
15990 14606 485
14606 14860 791799
14860 12373 189929
12373 40572 914
15992 26635 236957
15993 43963 245443
15998 42974 763250
15999 4148 503543
4148 5876 965663
16004 31276 957
16005 35865 1000000
16006 41326 917271
16007 24710 964048
16010 46310 1000000
16012 21236 776887
16013 3077 837689
16017 25014 184774
16020 34189 946947
16021 1808 49111
16022 1165 754
16023 2344 68674
2344 6648 1
16024 16238 726549
16031 39464 252700
16033 42583 464
16035 27577 898
16036 2803 976348
2803 6495 990821
16037 2183 957480
16042 26831 952886
16045 16344 903273
16047 20443 776
16050 13000 110352
16052 30132 774146
16053 22905 955556
16055 22899 991526
16058 21349 924
16062 25858 166
16064 2575 386677
16066 22875 86430
16068 45497 979901
16069 20829 316779
16070 11214 594843
16071 41083 472018
16072 16446 545230
16073 45147 930092
16076 27647 65
16077 19703 648474
16078 23399 554505
16082 20045 884
16084 49533 861704
16085 40691 974431
16087 25399 1000000
16091 33575 1000000
16092 46486 834
16094 15440 86
16096 19456 1000000
16099 6873 990408
16102 32571 903739
16106 47877 293737
16107 26315 1000000
16113 23555 442
16116 7408 765
16117 34207 980077
16118 7160 1000000
16119 42497 992729
16120 34976 950468
16122 47495 797107
16123 40525 134
16124 3098 994541
3098 12762 988819
16125 46341 401
16127 33914 636403
16130 19358 68253
16131 33188 283600
16132 15466 1000000
15466 7824 735003
7824 27390 551022
16135 9393 954149
9393 30894 923793
16137 43535 336469
16138 46175 243
16140 19884 967318
16141 40030 826034
16143 13179 1000000
13179 9639 905524
9639 9112 221868
9112 22677 740669
16147 46225 566307
16154 18197 1
16155 22884 902059
16157 1723 762910
16159 29882 972478
16162 14017 701897
16163 46192 938622
16166 45642 738554
16167 6848 483439
16169 14967 149607
16171 39921 480
16176 28848 476289
16179 25487 1000000
16180 16187 1000000
16183 22584 604388
16184 47440 1
16186 12598 588183
16190 27095 531
16191 26310 277784
16192 22646 984244
16195 27915 929509
16198 4769 980553
16199 3365 930380
16201 26276 828
16202 8622 45
8622 47238 974575
16203 25854 924878
16204 44863 372155
16207 18409 1000000
16211 30520 927912
16215 37417 927
16223 3524 925219
3524 19069 290
16224 32812 223608
16225 6046 977
16234 1149 1
1149 49390 998667
16235 39241 525367
16237 5121 942037
16239 45475 144949
16242 43758 261614
16248 25502 967802
16250 17891 939594
16251 4101 725981
16253 1936 969991
1936 37594 606678
16254 5263 1
16255 31864 917994
16256 11193 909473
11193 7816 980
7816 10110 957591
16257 45713 451874
16259 24908 76172
16260 34715 827210
16261 24135 824
16264 31664 686
16265 2811 938593
16266 4870 386520
16270 6974 921
16272 12938 901979
12938 12468 1000000
16278 1934 915424
16279 44571 55
16280 14974 907
16282 2680 905441
2680 17566 726165
16287 33935 275
16291 18462 1000000
16292 6458 984343
16294 26907 826149
16296 26052 489168
16301 28227 660133
16305 33951 963552
16309 26468 865075
16312 19775 960848
16315 13812 744
13812 4567 948168
4567 28119 1000000
16318 24665 1000000
16319 4505 6
4505 31460 1
16320 22554 942937
16323 2034 511398
16325 34470 954254
16327 30562 617
16329 27636 1000000
16331 23516 988249
16333 619 1000000
16334 44100 770645
16337 27088 994765
16339 16271 969
16344 15121 11910
16347 39117 919716
16351 13740 983946
16354 28370 115021
16355 21341 903314
16356 33001 887513
16360 41954 1000000
16364 32193 666362
16369 28631 341864
16376 26938 994369
16378 44167 496
16379 5120 285
16380 38950 461
16383 17199 10
16387 25229 897
16392 26972 605210
16393 48548 49
16397 17097 431
16398 27089 329434
16402 5975 206226
16403 44070 439059
16404 15595 118
16405 21594 988043
16406 20837 986022
16409 35161 838543
16410 44470 1
16411 48043 951526
16412 42637 973636
16414 8997 516113
16415 20301 1000000
16416 38148 975100
16418 15801 912336
15801 40404 760528
16421 26037 1000000
16424 8035 812705
16426 25042 888630
16429 12039 1000000
12039 44734 1000000
16430 40372 98917
16435 37466 446891
16436 39334 916506
16437 21970 67811
16441 24679 1000000
16443 31525 538519
16444 19390 6806
16446 14387 349
14387 29935 1000000
16448 44046 984160
16449 6427 381074
6427 5025 967
16450 17446 36
16456 38409 531
16457 14708 575
16459 22459 742
16460 10298 170
10298 45899 949146
16461 2392 311
16467 20713 950830
16471 40051 64541
16472 24720 981546
16479 21756 950023
16480 12022 471
16486 26429 324
16487 21468 538933
16488 23774 979028
16490 26948 50677
16492 36550 991510
16493 8698 912145
8698 41998 140074
16503 27626 359793
16506 48045 993767
16509 46590 922908
16510 31798 711
16511 779 968837
16513 1668 911573
16517 16835 121288
16518 34260 901993
16521 32962 674240
16530 16466 950
16534 5160 130288
16535 37595 210
16536 25616 1
16537 20832 996268
16538 20647 447477
16540 42373 227103
16541 23090 896268
16542 43030 201106
16543 43263 1
16544 14832 521
14832 20145 928118
16546 24930 775
16552 24226 1000000
16555 39601 1000000
16557 22172 1000000
16565 31027 809
16566 32015 70623
16570 15185 1
16571 38313 355
16572 39319 560368
16573 44415 113
16575 8239 972461
8239 37569 816
16576 13127 564249
16577 40099 1
16581 955 1000000
16584 31277 980415
16586 7451 410
16588 25033 897542
16590 45548 290546
16591 41509 954219
16593 5770 943699
16594 16238 455
16595 4768 1000000
4768 5926 726827
5926 49230 420
16597 34554 636818
16601 11143 350547
16604 24530 930528
16605 2406 1000000
16606 33986 99
16607 22103 1000000
16612 9814 643
16613 9305 1000000
16623 40165 927218
16624 46848 985938
16625 49353 818
16626 23718 399478
16627 37244 993601
16629 44934 962863
16630 30440 471495
16639 8177 994535
16642 45735 1
16643 836 1000000
836 34737 1000000
16644 44283 922107
16645 28139 963990
16646 31616 504
16648 20401 960406
16651 14834 1000000
16652 31122 182060
16656 28148 596096
16657 29990 957086
16660 4331 927984
4331 14724 383
14724 26669 792826
16661 34010 1000000
16662 994 926527
16663 32220 564426
16664 46766 987645
16666 35774 900
16667 9088 591013
9088 6236 1000000
16668 48148 440082
16670 21832 1000000
16672 16695 813
16673 48163 708352
16674 6503 952337
6503 35501 996800
16682 39982 648
16686 40418 983574
16687 34581 965272
16688 7817 489719
7817 30465 570898
16693 40922 915
16694 42681 914154
16695 27973 1000000
16697 28475 868349
16698 40476 1000000
16701 2008 990559
2008 28996 1000000
16703 1230 695
16705 46712 959914
16706 47263 153943
16708 11836 984562
16709 45859 592
16711 26881 1
16712 34774 997605
16716 41902 967668
16717 43683 966077
16718 23050 246
16720 28962 821718
16721 38760 307297
16722 41691 935868
16723 32462 966628
16725 9471 493444
9471 2388 1000000
2388 8301 642
16726 2886 11523
2886 6308 1
16729 12817 1000000
12817 41121 1000000
16731 3057 137
3057 5204 31
16733 21388 990180
16734 46069 1
16737 17507 363460
16741 6812 818
6812 39681 998169
16743 11941 175
11941 8678 414
8678 22896 916874
16744 45274 975760
16753 3683 911041
16763 42093 926879
16764 46566 952854
16769 30266 940257
16774 31884 945631
16775 28469 586
16780 19114 913232
16783 21350 158
16784 17166 833
16787 9415 993072
16791 27084 795
16792 619 973
16794 11625 620
11625 16821 1000000
16795 13293 707
16798 9779 900744
16804 25595 952270
16807 14399 918695
14399 37998 1000000
16809 43698 1
16810 22839 507265
16811 12446 132318
16812 21530 1000000
16818 43939 937154
16819 32969 343
16820 20567 767143
16821 20264 719031
16827 45335 884341
16828 40384 797
16829 25100 314
16830 30495 978
16832 21221 394996
16833 12659 435489
12659 48945 321
16834 36678 1000000
16837 1495 1
16838 47298 669
16840 47351 907
16841 30629 911745
16842 32281 971543
16844 14927 964979
16848 14215 1
16849 14936 350044
14936 30878 341
16850 6518 249
6518 47794 957102
16853 7481 792000
7481 27940 1
16856 31533 912085
16857 31986 919289
16860 10159 79707
10159 16815 300075
16863 48395 1
16864 16098 950891
16867 19190 926126
16868 39384 770
16869 26410 58
16870 17119 285
16871 42144 579
16873 44709 15
16877 2705 992131
16882 30385 80112
16883 21944 1
16885 17295 975768
16886 37689 442131
16887 14248 392972
14248 29875 795535
16892 10740 636127
10740 32758 989500
16895 1888 992753
16897 40583 40969
16900 42527 1000000
16901 47869 977
16902 27134 659
16903 46437 857
16906 28046 530
16907 13504 164
16909 25065 403507
16911 42487 984
16916 11728 925475
16919 37431 900086
16922 23888 945263
16924 205 287
205 28787 224206
16934 21335 974475
16938 43784 670718
16939 34936 155
16940 16152 299
16941 3571 950039
3571 13431 1000000
16942 30239 1
16943 11202 900787
11202 18124 155818
16945 17510 971655
16946 32434 415092
16947 39533 971983
16948 44916 1
16949 43061 904091
16952 30606 1
16953 22605 1
16956 34617 1
16959 33771 26838
16960 37582 315
16963 28031 1000000
16965 41305 858
16967 31752 266986
16972 25934 54792
16973 34621 960753
16976 2902 465794
16977 40365 166927
16978 28514 718125
16982 33181 977376
16983 28045 943060
16986 44936 977528
16990 10321 532
16994 48000 1000000
16997 754 725
17003 36694 190
17004 12233 590280
12233 39449 1000000
17006 2159 901768
17008 11081 543
17009 38470 1000000
17012 40908 194744
17013 45050 945039
17015 29254 902653
17019 28999 903865
17020 10005 105
10005 42023 455
17023 4374 62
17024 25037 423954
17025 5038 756733
5038 36401 1
17029 6985 747895
17031 28887 560609
17032 28276 746801
17034 13224 1000000
17039 3962 951062
17042 49704 272978
17043 6804 775823
17049 4601 948919
17050 36078 180950
17053 1770 364
17054 27953 1000000
17059 49600 997715
17062 4488 721365
17063 39646 783
17065 40153 918443
17067 17477 555651
17070 19202 153421
17073 45806 745136
17076 37239 898
17077 26996 141
17080 11624 862716
11624 98 153030
17081 46369 1000000
17083 5643 995923
5643 20735 997345
17086 13656 1000000
13656 21213 919857
17089 9937 960427
9937 27537 106869
17094 30136 1000000
17095 26610 427224
17096 25838 203
17099 16324 940093
17104 16352 916
17105 41050 1
17109 9948 941814
9948 40009 164
17110 38105 708027
17111 41448 994
17112 35216 646467
17113 17236 909587
17115 2295 220000
17118 8992 89
8992 28276 1
17121 32460 607564
17124 21244 638419
17126 17901 976899
17127 14760 828588
17129 3134 18
17132 8640 772637
17133 11912 1000000
11912 28794 82
17134 28236 591595
17139 9441 985336
17140 11958 277
17141 18438 983794
17142 7734 964260
7734 24416 344136
17144 7120 979675
7120 27443 487605
17147 24594 105509
17148 28332 1
17149 28366 679
17152 13356 983378
17153 7764 920661
7764 48696 202027
17154 15251 1000000
17156 32523 345547
17158 28048 186
17160 71 1
17161 37919 696
17164 21414 807734
17165 45033 1000000
17166 39712 675
17168 13962 681
17170 10736 168252
10736 18328 909797
17171 22217 918201
17173 31105 981682
17174 44116 1000000
17180 8399 684763
8399 1296 284909
17181 37916 743193
17182 47238 293
17184 22658 953928
17187 37666 695
17189 29734 946825
17192 21809 1000000
17200 31443 1
17201 40499 556710
17202 14801 956957
17207 10972 128061
17208 438 994987
438 41225 187617
17211 27194 957067
17215 39502 945737
17218 15533 997652
17219 9105 1000000
9105 37555 246460
17222 43072 947808
17223 11228 311195
11228 6618 911183
6618 37101 612
17224 33516 233689
17226 28182 943792
17227 37116 312
17228 105 54664
17229 6658 145253
6658 21146 932757
17230 43104 17733
17232 35578 1000000
17234 3893 228
17236 16427 962523
16427 24512 552577
17237 21062 617240
17238 17690 1
17240 2591 690760
2591 23544 1000000
17245 7424 946935
17246 34397 673
17247 46990 72
17251 25346 1000000
17252 25135 737
17254 35808 985876
17255 33629 905956
17256 36479 1000000
17260 21583 422548
17263 38253 817
17264 7422 1
17266 6308 995064
6308 35703 1
17267 49456 1
17268 9066 510
9066 24839 910017
17272 2519 1000000
17274 11839 595474
17278 35841 945363
17283 35866 614919
17285 27915 803
17288 14314 996661
17292 29328 913917
17295 43672 941214
17304 35839 1000000
17306 32895 906637
17307 26207 960422
17309 44243 586193
17310 2484 91115
2484 16473 909908
17313 7921 996058
17320 29042 399269
17322 35904 1
17329 626 1000000
17330 47514 971125
17333 3553 131656
3553 28433 926403
17334 29862 334720
17335 44785 975797
17339 44703 945407
17340 44694 955103
17342 5674 410235
5674 27167 998203
17343 11191 7387
17344 11065 917375
17347 26568 171
17348 7724 975232
7724 20950 406313
17349 7784 1
17350 24827 66712
17351 10935 181102
17352 20158 515863
17357 3264 935706
17361 4146 906361
17362 45328 1000000
17367 47987 763
17369 48870 768
17370 15365 393076
15365 17992 996
17371 21539 917168
17374 7029 682019
17377 28835 759
17379 30529 762683
17380 16367 980813
17383 15403 958677
15403 8519 550
8519 41920 1000000
17385 16370 1000000
17387 450 997949
17389 30811 1000000
17395 11657 345541
11657 6688 950241
6688 4647 592556
17398 19393 1000000
17399 17265 417853
17265 33599 647169
17400 18563 1
17401 2933 372
17407 12652 616
17408 15745 974695
17411 7576 355649
17414 40697 1
17416 44237 408
17417 30463 944303
17418 38689 1000000
17423 16583 422764
16583 4445 802
17425 40163 945666
17426 44522 914757
17427 11325 964040
17428 3975 231611
17429 38188 572
17432 2193 941640
17434 45486 913429
17435 24495 911057
17436 31063 401
17440 38720 916759
17446 48412 697
17448 15612 263628
15612 38116 922094
17449 6326 128429
17451 12957 682240
17454 19723 295
17461 17261 711254
17261 32081 904015
17462 22625 941864
17463 29977 1
17466 11917 361
17469 48765 1000000
17474 44818 898216
17476 45877 6
17477 23071 74
17483 46726 249
17484 23171 726994
17486 39014 937167
17487 44356 620245
17492 32210 903013
17493 27002 95441
17495 46713 584470
17497 31807 964551
17498 47350 924740
17502 41388 577232
17504 47112 926449
17505 2259 909817
17507 36171 981560
17510 28062 81
17514 30433 995008
17515 47356 954018
17523 41091 197159
17524 40571 974405
17526 8062 979
17528 2395 329388
17532 43822 519
17533 8271 977705
17536 46210 1000000
17537 1189 332
1189 36757 928994
17538 42354 565
17539 25828 1
17541 2746 1
2746 8941 509844
8941 34095 932742
17542 42715 921044
17543 15453 1000000
15453 49677 477307
17544 1163 346681
1163 17011 390142
17011 14481 96615
17549 15751 98
17551 20033 796364
17553 22370 660
17554 19566 1000000
17558 29620 777707
17559 33181 69120
17561 26223 222
17563 27143 466
17570 24284 721854
17571 25529 1
17580 30192 973941
17583 4375 461251
17586 23049 1000000
17587 21135 957048
17592 18445 843
17594 29010 1000000
17595 15082 783296
15082 35644 622625
17596 18853 973568
17598 43287 284026
17600 22591 667
17606 1722 1000000
17607 7893 997659
7893 35625 182
17609 9815 1000000
17612 32544 957321
17614 46018 664
17615 10413 880
10413 2642 398929
17616 30263 552457
17617 21984 914135
17620 16608 981932
17622 17864 30
17625 11179 585262
11179 45283 965
17626 48933 791971
17628 32424 36215
17634 35105 1000000
17637 23583 946573
17638 43568 28058
17639 26848 976549
17640 25274 940636
17641 29007 960682
17642 30170 1000000
17644 9395 612
17646 12528 420140
17648 37483 1000000
17650 45721 596630
17655 36460 920449
17657 38425 1000000
17658 41170 937850
17660 34464 885272
17661 16314 337212
17663 34036 85247
17664 31427 275333
17668 11643 328214
11643 44735 704
17669 38471 1000000
17670 49280 496
17673 36748 1000000
17677 38145 312502
17680 36929 906957
17681 25729 298550
17683 17906 704095
17684 44037 963385
17685 21295 1
17686 41448 971364
17688 25239 922973
17690 31010 907349
17694 31133 1
17695 1107 882829
17699 38977 985735
17700 29061 36
17702 8009 988407
17705 40001 964420
17706 27395 572
17710 39964 974741
17711 42112 658
17712 48272 116
17716 5724 938419
5724 13950 1000000
17719 40657 106
17725 14668 1
17726 38385 320
17734 29700 958701
17735 47556 243
17736 29354 544529
17737 9957 1
17738 1750 538810
17739 2419 993724
17741 4280 1000000
17742 46937 558366
17744 41913 989176
17751 2085 1000000
17752 30065 1
17753 31716 979170
17755 4839 918
4839 6874 1
17766 11242 990111
17768 13152 769957
17770 24201 982246
17771 21751 27830
17774 11555 405759
17777 23831 467221
17782 16258 1
17786 46037 1
17789 11171 936782
11171 15447 86889
17795 47830 991872
17804 39980 1000000
17808 24224 963824
17809 2647 459
17811 33235 934548
17814 14574 915447
17815 12749 933735
12749 23825 939334
17817 29215 1000000
17821 41783 1000000
17826 30097 930331
17828 2970 968009
2970 16365 44709
16365 8072 354
17832 39952 932404
17834 18911 910758
17835 5330 955472
17837 34311 722
17839 9404 428303
9404 38517 967125
17842 49443 172116
17844 35227 836917
17850 21939 938982
17853 9092 903100
17854 20016 428301
17856 6447 1000000
6447 37290 223177
17858 46287 635152
17863 37422 211
17864 21195 966582
17866 7207 1000000
7207 48952 929780
17867 48314 916588
17868 25360 856
17869 19994 460
17875 49461 987656
17878 980 196
980 28532 31
17879 5017 953687
5017 36487 988905
17883 6282 1000000
17887 47997 159
17888 34200 427862
17889 22905 617
17893 34681 250
17894 18527 900971
17895 39643 631
17898 14720 911898
14720 19599 754
17899 47518 988122
17900 31769 1000000
17905 5414 212049
17906 20743 249439
17907 25045 974858
17909 22611 212274
17910 11981 732
11981 27270 626193
17914 44012 1000000
17915 462 1000000
17916 26453 600511
17918 32583 983420
17919 39084 89
17921 844 1000000
844 7567 1000000
17922 36627 893691
17931 6216 374
6216 18034 222546
17933 25234 920480
17934 13406 705974
17935 7974 1
7974 4919 54
4919 15682 69
15682 5854 601691
17936 24081 911704
17937 44130 542165
17938 24668 1000000
17952 28008 992194
17953 5712 484458
17954 17358 458390
17956 11904 509862
17958 29120 868
17959 47722 975446
17964 13593 990566
17967 9494 1000000
9494 21499 929520
17971 24213 933103
17974 20354 555586
17977 1060 952068
1060 41857 196
17978 47914 983277
17982 25890 886099
17986 17082 998650
17988 42350 719548
17989 3280 310187
3280 32404 728
17990 15373 208
17992 25295 629807
17993 18588 182796
17995 23923 211959
17998 14843 673
17999 10414 921098
18003 42769 990157
18005 17233 228311
17233 14592 243410
18006 1074 976661
1074 16523 968682
18008 18477 271231
18011 37004 994130
18013 11726 910136
18019 7381 81
18020 43793 239
18021 4303 1000000
18022 26687 17
18024 23475 68
18025 23295 1000000
18026 8262 826744
18031 43370 501915
18032 34462 1000000
18036 8857 703826
8857 41497 857770
18038 12344 168378
12344 23370 984215
18039 8959 983814
18040 17071 916
17071 49528 201892
18041 8357 405566
18045 12665 421
12665 35254 521
18046 5991 1000000
18048 1809 904523
18052 6227 987778
18057 34769 141866
18058 8280 926115
8280 11446 278597
11446 47236 989213
18060 6785 907181
6785 45949 995318
18064 34301 901563
18068 37153 956790
18071 14374 895199
18074 21269 1000000
18075 6124 1000000
18076 6078 266193
18078 5876 667
18079 20019 963028
18080 17819 293
18084 1930 647206
1930 25055 1
18085 47709 673896
18086 9981 965941
9981 13092 925094
18087 20931 1
18088 34009 521
18089 16208 137800
16208 44887 437
18090 4997 917932
4997 434 909429
434 42891 700608
18091 44851 203545
18092 26295 839839
18093 3444 446614
3444 42403 256
18095 45292 254235
18098 32107 953581
18100 10876 832
18101 8913 536814
18104 21869 912931
18105 16423 384119
18109 17324 1000000
18110 7168 1000000
18113 1524 1000000
1524 46660 336346
18115 6094 140
18119 24895 305868
18123 2237 643585
2237 27789 1000000
18125 16609 836
16609 19008 936547
18126 3909 303018
3909 24103 1000000
18127 26896 973077
18131 46529 1
18132 29202 868767
18135 39328 457
18136 1823 43
18137 20212 478808
18142 29858 949591
18143 16178 246674
18144 586 1000000
18145 9983 959554
9983 48917 1000000
18147 16244 960190
16244 26604 1000000
18148 26792 902906
18150 19694 986145
18155 478 100078
478 22694 970740
18156 20808 359260
18157 2882 700814
18160 33196 565327
18162 47578 991316
18163 25101 965
18164 9657 1000000
9657 45568 761
18165 12092 990827
18167 25665 564267
18171 46800 976763
18172 20461 958034
18173 28034 157
18176 1702 929604
18179 36572 958296
18184 40229 909091
18185 4561 813639
18186 31731 805951
18189 41109 225452
18192 10691 945501
18195 23914 114044
18197 10884 460910
10884 44811 895
18198 12416 345441
18201 3221 67329
18202 32623 233294
18204 34192 913858
18213 26413 990019
18214 9813 141
9813 33180 702963
18215 34548 973342
18216 15635 911890
18217 13663 1000000
18218 36421 189
18219 17874 1
18223 48826 981218
18226 13975 937434
13975 8475 1000000
18229 27870 947009
18230 32215 988896
18232 39311 1000000
18233 30601 512809
18234 31957 450
18235 37642 905630
18240 4834 976563
18244 30257 424
18247 34046 682
18249 40950 1000000
18253 20493 339
18254 32410 945729
18261 46234 244961
18263 11085 154705
11085 34342 986695
18266 7371 1000000
7371 49116 873905
18268 43726 559
18271 29611 562
18272 6387 220
6387 39777 929519
18275 24732 1
18278 9650 433460
9650 3501 969183
3501 40188 67539
18279 457 1
457 22781 929353
18280 24542 798656
18282 5340 637
5340 15950 32997
15950 42186 917696
18286 35872 958252
18287 15594 1
18293 30807 949471
18295 27437 933734
18297 49023 122
18299 4443 743133
18300 17566 991334
18302 38770 355277
18303 2546 941243
18305 30256 468
18308 37490 999808
18309 16508 613
16508 45190 649241
18315 7957 1000000
18319 24804 728
18322 2721 75
2721 36085 872
18323 15815 225689
18326 5152 974446
5152 42075 754
18328 21732 918619
18331 16025 76124
16025 40290 1000000
18333 41968 1
18336 14713 1000000
18338 4868 979970
4868 45230 926931
18343 26041 945345
18344 46750 659352
18345 27143 1000000
18347 47064 374710
18350 12178 943556
18351 7347 380363
18352 23062 967692
18354 30185 775560
18356 6730 1000000
6730 9823 27089
9823 48157 689405
18358 6945 458781
6945 12928 481
12928 37788 536
18359 37382 334458
18361 21879 999
18363 27942 980607
18364 6772 990788
18369 15147 1
18376 33372 642158
18378 11612 283950
11612 43100 915327
18379 30515 1
18381 3353 274
3353 35506 452255
18382 45331 969024
18388 25039 568
18390 24883 191367
18392 49102 949327
18393 16420 979408
16420 23901 712881
18394 39971 641982
18401 42627 739
18403 31238 781
18404 5111 475753
5111 15147 1000000
15147 10008 913874
10008 44770 676
18409 15109 207243
15109 32284 289841
18410 46748 823
18411 44375 230103
18413 12451 1
18415 18663 929380
18416 7583 954566
18421 20220 662039
18423 12164 575
18424 26149 937318
18425 21846 1000000
18426 43426 950970
18429 44367 926081
18432 1495 1000000
18437 24899 902223
18442 28171 952744
18444 43960 960508
18445 11834 926117
18448 14336 497817
18456 16905 1
18457 14149 946067
18459 12619 997496
18460 48242 956795
18461 26084 742
18462 11732 933110
11732 8027 949206
8027 46103 997270
18463 29157 797
18466 16175 817056
18468 7357 996973
18470 25538 1
18474 25940 945201
18475 22205 43
18476 27107 917551
18481 28740 906708
18483 41900 1000000
18484 20675 927036
18490 710 981993
710 5377 483
5377 25645 785797
18492 18863 534
18493 27562 1
18495 20832 512453
18498 48053 982608
18503 13042 916295
13042 35863 264
18509 22988 713050
18510 38695 1000000
18512 41398 827145
18514 25853 955733
18516 17101 562505
18518 5397 1000000
18519 26734 140266
18521 35823 1000000
18522 30363 585
18527 42411 587
18528 48894 444
18530 45084 516
18531 8761 928383
18535 24424 580
18537 651 1
651 6392 86608
6392 21841 42036
18538 27513 667
18540 16440 921995
18541 47287 936870
18542 39872 1000000
18543 15003 975574
18545 9859 946749
9859 13566 947679
18548 7512 965675
7512 42720 963999
18550 15132 525280
18556 39146 431
18557 45803 936726
18559 48585 867944
18562 37471 935329
18565 130 344
18566 31419 637387
18568 46033 514
18572 39814 400599
18574 5438 233
18575 15997 993268
15997 24602 756
18576 47269 393639
18577 30994 797605
18580 26980 526521
18581 34886 912651
18583 31807 20373
18585 13285 996634
13285 23483 957062
18587 1173 261667
1173 15151 208
15151 22398 8
18590 32974 492229
18592 15672 956532
15672 25342 981894
18593 37807 556154
18595 27609 918109
18596 10847 961713
10847 9235 751828
18600 33170 271
18602 5611 506505
18605 3850 184406
18606 25066 369974
18608 14084 1000000
14084 9863 436881
18610 23227 547915
18612 8268 994789
18613 34635 992061
18614 44288 1000000
18615 41357 89663
18618 35909 915622
18621 13772 970540
18623 8722 920446
18625 35423 296274
18628 35248 423121
18629 36046 921028
18630 31478 919543
18632 35558 965908
18633 27987 432236
18637 32338 910616
18641 12392 715933
12392 33181 880705
18643 45926 342
18644 6983 1000000
18646 6341 51
18648 204 951382
18650 3491 161
3491 48169 715027
18651 37400 313353
18653 47205 934033
18659 46104 552
18661 49356 901632
18663 32248 908474
18665 1581 436
18666 11167 979961
11167 41688 590
18671 10368 419975
18672 34305 937123
18675 38004 914613
18676 30074 646
18677 1583 904276
1583 1839 996008
1839 28445 478
18678 46013 890611
18679 23831 902239
18681 16985 422
18682 740 908061
18683 48241 965406
18684 47247 98
18685 46964 913215
18689 30872 1000000
18692 4930 998967
18693 8681 188160
18694 13954 930597
13954 25087 1000000
18697 12028 388
18698 23903 958999
18703 6797 1000000
6797 7005 959337
18709 27336 1000000
18716 16485 981183
18720 18154 761198
18154 21910 900151
18721 38830 536147
18730 30163 978707
18732 40227 184141
18733 25619 904592
18734 49551 674579
18735 37300 1000000
18736 11819 1000000
11819 44518 986690
18737 43005 862384
18738 46077 256
18739 13651 507
13651 30262 948515
18740 1345 1000000
18741 20591 796
18743 38590 919386
18745 20446 940433
18746 16908 16
16908 5789 980609
5789 44180 999995
18748 13686 697
13686 27738 126122
18753 13863 849
13863 41978 1000000
18759 16227 764
16227 33363 1000000
18760 16966 890288
18761 11667 961929
11667 47936 995036
18763 45806 579016
18764 17772 58522
18766 1903 976813
1903 2345 968337
2345 25098 956355
18767 43764 935395
18768 9336 511
9336 10575 1000000
10575 38513 801
18770 14318 1000000
18771 4551 488
18774 17270 943177
18776 17852 935
17852 48371 936696
18778 33183 924705
18783 40963 48794
18785 16375 791216
16375 36506 1000000
18786 14158 968985
14158 41718 988189
18788 44118 447
18792 43890 983105
18794 46176 910060
18799 22548 963275
18804 11911 292862
11911 21080 1000000
18806 14242 971042
18809 44048 940223
18810 8497 481
18812 37895 1
18815 26846 806
18816 49311 525600
18818 11996 212035
18821 6253 1000000
6253 6155 982839
18823 48227 903394
18824 12736 966131
18827 23973 3830
18831 36197 653658
18832 3956 959727
3956 2090 160
2090 19824 978739
18834 37138 962128
18835 22353 486480
18836 6572 660486
18838 48878 429496
18839 7243 960388
18840 37435 677
18847 31228 125150
18848 5948 935326
5948 8551 679273
18851 11478 990020
18852 43940 15
18854 994 1000000
18857 18898 95
18858 46820 964547
18859 30449 194180
18860 32862 973349
18862 42828 1000000
18863 4204 512
4204 29348 721
18867 46278 205430
18871 10924 773040
18873 14206 60
14206 49005 329
18874 41262 984026
18877 30940 938124
18878 40984 904
18879 14290 959546
14290 29258 211
18888 23372 30
18890 19098 613692
18895 35775 273
18896 30554 228387
18897 31592 932730
18899 12463 862352
18901 45191 1
18902 11548 438854
11548 33201 672880
18904 34593 553
18908 17447 394978
18909 19359 775
18911 40094 223874
18914 37999 1
18915 23516 1000000
18917 48496 901063
18918 29242 985149
18923 45154 36
18926 6624 955431
6624 25474 148672
18927 49150 360724
18931 36889 1
18934 33704 276262
18937 40914 802
18942 26699 912244
18943 40506 955
18946 49589 173720
18947 46349 942666
18948 16044 995654
16044 41293 1
18949 24341 966041
18952 24097 909438
18955 36780 111
18958 16727 156221
16727 3493 880
18963 23665 308171
18964 1139 9607
1139 19889 977579
18965 41140 1000000
18969 1303 1000000
18972 39828 944981
18973 7576 903585
18974 8166 972425
18975 40732 943674
18978 10364 935026
18979 18406 666
18406 5963 924535
18980 34052 504167
18984 41217 204475
18985 40874 914620
18986 14079 795955
18988 2701 241918
18990 13944 399077
18993 45840 293759
18994 47808 59
18996 10957 969442
10957 6563 788442
6563 31662 990322
18999 31716 847247
19000 2342 381192
2342 37381 957374
19003 19876 835936
19005 46063 914089
19008 31306 122
19009 7355 102121
19012 42900 901480
19013 45729 901900
19015 14899 781
19016 45672 1000000
19018 31138 1000000
19019 18346 1000000
19022 42836 545
19023 46825 936738
19025 26295 924166
19026 36408 673
19032 43862 734587
19034 10742 902635
10742 37649 1000000
19035 25285 1000000
19040 25458 908855
19044 13634 926423
13634 29326 902936
19045 49421 791
19053 20608 87815
19056 17464 982686
19058 2672 646328
19060 7757 321356
19061 7943 1000000
19063 26742 991531
19066 42549 948120
19068 23986 985736
19070 4890 827
19072 8931 803502
19075 33036 1
19079 46361 729620
19082 14276 1000000
14276 21967 997762
19084 43884 972116
19085 42581 956908
19086 44043 1000000
19087 31620 902600
19088 40828 934189
19089 8692 881963
8692 24892 957630
19091 34314 941458
19092 26819 956
19096 26093 942597
19099 40870 952278
19100 429 129
429 13316 996
13316 40448 936880
19102 42735 386650
19104 14688 290
19106 23025 720425
19111 2959 1000000
19114 38751 264017
19115 1441 438
19116 35524 931106
19117 22616 1000000
19118 29314 921899
19119 37474 31
19124 25760 937010
19127 34116 950
19129 16109 353666
19133 3062 926496
19136 43790 877548
19137 12642 289
19138 13743 269027
19140 47176 473
19141 40386 586642
19142 1502 953789
19145 30345 718
19146 37646 94222
19147 6334 977517
6334 36267 915599
19148 26208 992574
19149 27717 75
19152 12572 941
12572 14209 966828
19154 19588 1000000
19155 39077 894012
19156 25340 802405
19158 12467 1000000
19159 44711 560374
19160 44243 997901
19161 30972 144046
19163 35218 959976
19165 10877 954112
10877 31618 79
19166 8868 946325
8868 22600 849803
19168 36698 977632
19170 19631 929864
19172 22254 278540
19175 37710 910411
19178 14723 1
19181 38097 251
19183 4530 981024
4530 9240 623681
19186 30329 610230
19188 18117 174022
18117 35736 104338
19190 7048 378
19195 25827 476834
19197 21237 810191
19199 17871 1
19200 40832 610493
19201 39197 298988
19202 20709 447034
19203 25731 246
19210 19110 31334
19212 11028 920590
19215 16921 289728
16921 19637 147348
19216 41168 479380
19221 45246 913591
19226 3685 112
3685 41720 127310
19227 33258 1000000
19228 234 991751
234 24735 536610
19229 24286 943727
19231 42278 385
19232 28018 1
19234 26254 701563
19239 13793 1000000
13793 4047 1
19240 22597 824499
19243 44619 949804
19244 18713 950435
18713 46260 961204
19245 48322 398436
19247 33766 416322
19248 46345 955812
19249 36721 1000000
19251 19456 56
19252 37717 713644
19253 47064 1000000
19254 31931 610449
19255 21796 993057
19256 33675 211791
19257 43841 64590
19258 13040 13189
19259 40201 932984
19260 13511 434176
19261 46784 963784
19264 34246 996999
19266 15684 1000000
19270 10314 964822
19271 13388 990017
19273 39020 231846
19275 27070 928921
19276 36716 359852
19278 19439 1000000
19282 14799 902425
19283 9684 99385
19286 48469 974414
19289 3586 547034
3586 48251 1
19290 26713 154142
19300 41406 911488
19301 46654 951962
19304 38574 471672
19306 42399 252391
19307 30079 1000000
19308 25271 1000000
19311 38661 859
19314 13783 666747
13783 42499 183729
19320 27947 903777
19323 23587 1000000
19325 38878 1000000
19328 6779 434334
6779 38325 337634
19330 19562 1000000
19331 30349 973423
19339 48225 437
19341 9866 588
19343 10293 902526
10293 20531 58409
19346 8823 344610
8823 17472 942976
17472 3901 916873
3901 1083 1000000
1083 15273 970220
15273 4247 155767
4247 45117 774
19347 30752 984581
19348 32090 673
19349 17754 735470
19350 19829 588057
19351 25444 777
19354 48068 1000000
19355 20285 979383
19357 15844 738750
19360 44941 1
19361 33315 527
19365 33417 598761
19367 7692 509
19369 42251 240
19371 4152 990861
19374 19872 916742
19376 16148 945659
19379 7046 963424
7046 10252 543
19380 43130 936957
19381 6213 282
6213 5955 426
5955 4253 48
4253 3000 990785
19384 24702 754612
19385 9227 893
9227 30590 481
19387 42473 991267
19389 35347 371002
19390 47051 385446
19391 34784 336738
19393 14345 1000000
19394 10375 163424
10375 12743 125117
12743 14713 947582
19397 9793 791862
9793 1653 999466
1653 22284 6
19400 34297 912284
19402 29849 933238
19404 20541 313822
19409 36852 616263
19410 46752 1000000
19411 31996 418
19413 22189 1
19415 3755 1000000
3755 35236 456603
19417 48260 1000000
19421 241 377
19424 7168 907128
7168 23916 941238
19425 9592 969590
19426 20611 963605
19432 16161 123161
16161 40377 272
19433 26748 1
19436 16553 1000000
19438 40010 432450
19440 39166 651164
19443 47057 926894
19447 42689 356
19452 41280 572874
19454 33774 1000000
19459 21274 600937
19460 3690 328013
3690 34635 995262
19465 38168 910150
19466 19292 290979
19292 46478 949969
19470 17747 106092
17747 45616 1
19473 38055 1000000
19474 27781 918044
19475 2243 1000000
19476 34026 647046
19478 8704 200
19484 38657 66866
19486 33196 912616
19487 40881 904966
19489 38132 991966
19490 3877 1
19493 29236 919198
19494 5946 793
19496 23559 905238
19497 26184 163539
19500 27155 387082
19502 40870 902716
19503 29878 628073
19504 11887 1000000
11887 44477 317904
19506 1688 656
19508 4220 952169
19509 45961 673505
19511 20454 934089
19513 32469 1000000
19514 33825 1000000
19517 2909 171820
19518 38201 972
19520 26824 193791
19521 31904 975962
19522 2876 1000000
19526 19225 922027
19527 32277 515744
19529 1712 737891
19532 30229 835786
19540 10165 982283
19542 28769 900708
19544 14957 870652
19545 26974 627100
19546 44535 952073
19547 37158 839
19550 26230 984238
19553 13488 47046
19556 8493 1000000
8493 3145 998563
3145 16079 1000000
16079 16016 947166
19557 25144 594222
19558 18616 983730
19559 42536 100687
19561 32079 167390
19562 18547 859209
18547 5435 594
19565 8273 833
8273 15543 752407
19566 48335 559971
19574 44964 1000000
19575 46372 948
19576 32879 967843
19579 2988 938
2988 2444 114127
2444 31824 1000000
19580 34570 468534
19581 9337 886401
9337 3238 473559
3238 23854 678
19584 39468 1000000
19589 16144 1000000
16144 3816 123305
19592 45424 347995
19594 16713 706747
16713 49636 992144
19600 36403 832046
19602 42143 80803
19604 49668 956044
19605 31612 902009
19606 36199 915020
19609 34619 1000000
19613 22973 984290
19619 2356 556
2356 9274 905230
9274 30770 909067
19620 7393 442
7393 45785 866
19622 18366 946199
18366 12945 1000000
12945 10190 799
19624 18422 943186
18422 24468 1000000
19625 2210 934012
2210 7129 109
19626 44385 953
19631 15240 77
15240 35953 923201
19633 41003 941044
19634 7249 956030
19639 13091 948579
13091 8080 577
19640 27856 440839
19645 18961 654034
18961 13596 380668
13596 5367 1
19648 14256 343
19649 20680 756086
19651 49452 493738
19652 24643 119
19655 10418 780391
19659 48680 748024
19660 13274 2309
13274 23489 202
19661 7485 428557
19662 15902 932564
19665 38170 968590
19667 9137 990731
19670 5791 998722
5791 45176 339
19671 10314 621560
10314 11646 918731
11646 33323 908124
19672 26439 999502
19675 35139 510
19676 14797 545452
14797 18208 906675
19677 6719 940
6719 27855 985987
19680 35498 1000000
19682 30584 1
19686 9187 822008
9187 34466 997406
19692 26455 490
19693 25336 867
19696 20775 1000000
19697 30341 1
19699 40140 362
19700 23174 808
19702 18571 948107
19704 39887 949154
19705 18925 1
19707 39651 998477
19710 24906 931364
19711 44144 1
19712 11601 996601
11601 26403 529218
19714 17442 717743
17442 38117 1000000
19715 27502 973
19717 5453 359749
19719 24011 600760
19723 40875 1
19724 33563 1000000
19725 44945 998724
19728 12304 156
12304 28131 1000000
19731 7634 1000000
7634 4109 479763
19733 7452 999167
19735 41241 994392
19738 33465 1
19739 24330 947022
19742 34643 941058
19751 26399 601196
19753 35185 934494
19755 24529 916714
19757 43009 1000000
19759 30893 277790
19761 43639 299751
19763 31455 959344
19764 4354 942344
19771 41860 299
19775 1339 1000000
19776 41264 1000000
19779 45947 939064
19784 7327 988317
7327 39014 978323
19785 42034 378288
19786 25528 185492
19788 47509 1000000
19790 36995 952070
19795 8316 947728
19800 32686 925069
19802 32967 955803
19803 4982 1000000
19805 25018 169490
19808 45773 986701
19810 28102 972043
19811 25976 223
19812 17438 1000000
17438 20480 568245
19814 9072 967355
19815 47095 961929
19816 36141 655
19818 14035 83
14035 1202 59
1202 5587 612609
5587 14917 1000000
19820 30906 1000000
19826 9527 569
9527 46100 944339
19827 16343 912362
19828 26714 906721
19829 1772 40
19832 35479 844
19835 32041 948064
19838 31474 916439
19839 44252 1
19840 28409 1000000
19841 22316 420
19842 31811 49261
19844 16817 162
16817 36097 208171
19848 23271 525
19849 20172 879289
19850 27903 1000000
19851 21678 422
19852 13220 929712
19856 22007 918882
19857 40190 953903
19859 46352 523859
19860 25878 27
19865 14754 163
19866 23528 978218
19869 30933 988527
19871 14523 983327
19875 27808 753
19876 2211 226821
19877 13165 939
19878 40107 980044
19881 5004 987608
5004 48083 15956
19884 45483 176720
19888 13958 918971
19891 28428 1000000
19894 29039 968122
19899 13910 1000000
13910 14338 917981
19902 26675 1000000
19904 44513 262960
19906 46948 125564
19908 18397 994082
18397 25679 988020
19912 19956 309
19916 39103 472475
19918 22197 1000000
19920 24691 153191
19921 5 952594
19923 35007 922990
19927 40810 686176
19928 3788 975599
19930 20111 974989
19931 4730 412866
19932 45550 986726
19935 38562 917301
19936 3927 941807
19937 8869 107084
19938 38033 1000000
19941 37808 906345
19942 46300 489614
19943 32531 201143
19945 45262 963217
19947 40920 672998
19948 36854 514776
19950 9304 230826
19953 31326 894
19955 8648 756160
8648 29654 887245
19960 7456 943690
19961 41838 585252
19962 28820 637
19966 34170 932905
19971 3709 873
3709 46733 435
19975 48567 967533
19976 24120 1000
19980 40747 310
19981 3989 975271
19983 5322 909461
5322 42355 989157
19984 1399 215
19985 338 134
19986 33103 141533
19992 28362 26751
19993 40890 1000000
19999 36332 128367
20002 3015 1000000
20003 2790 958014
20004 4514 943523
20009 13947 737813
20010 39057 906160
20011 35094 178
20012 33402 986151
20016 33074 311
20017 10420 764827
10420 46092 982865
20022 36206 527
20023 19359 675
19359 2499 912895
2499 26559 156995
20025 4908 401
20027 23513 938711
20029 43759 1000000
20030 15458 923505
15458 4517 959809
4517 48214 905253
20033 16929 397
16929 32086 1000000
20034 3196 685662
3196 18989 679089
18989 41865 1
20035 18626 344930
20038 27823 896642
20040 31296 871243
20042 11841 930540
20044 17163 714723
20046 7114 985563
20048 20136 1000000
20050 27724 1
20053 29755 88857
20054 20892 978060
20055 14132 363418
14132 41191 69341
20058 1052 549097
20060 32015 284817
20062 27555 834151
20064 13697 978162
13697 39102 973489
20065 19996 750
20069 34349 608969
20070 45915 577
20072 38810 826692
20074 38005 935508
20075 16145 960
16145 34562 889281
20077 21235 843
20078 32776 1000000
20080 6104 67
20081 15746 1000000
15746 2191 192709
20087 23747 1000000
20089 43578 203007
20091 28007 880523
20093 30910 958954
20094 25513 191
20096 2879 26
20097 13073 879
20098 17392 79473
20100 38433 1000000
20102 36880 1
20103 36718 58
20104 9146 1
20108 13734 842978
13734 33595 972929
20109 30429 913996
20110 39068 814028
20112 32187 972883
20114 20504 893
20116 43649 184999
20118 24576 967580
20122 9147 788795
9147 11183 910460
11183 47487 599
20127 17778 932732
20128 8175 703615
20135 16368 483749
16368 36081 1
20137 44645 693
20138 11116 487
20139 2522 457
20145 45752 911736
20149 1135 1
20150 12333 552662
12333 39739 473577
20151 17262 548984
17262 143 812
20152 49553 1000000
20153 20558 930060
20155 4275 547
4275 43132 982112
20156 28047 310
20157 1766 1
1766 10231 1000000
20158 11491 19217
11491 10007 748816
20159 5817 243
20160 28350 979350
20161 3464 145
20163 46158 1000000
20164 26870 91
20165 46945 632
20166 3015 58
20168 4340 953698
20169 13711 903117
20173 42586 953680
20175 27999 228591
20177 4163 58
4163 20891 1000000
20178 2472 962519
20181 23757 1000000
20183 24974 890
20185 40203 507538
20186 2794 989627
2794 15156 161075
20187 12713 240842
12713 48452 978
20188 17912 684917
20189 20212 1
20190 17730 216
20195 6645 828
6645 10899 313263
10899 10515 915876
20199 5999 202
20202 44827 945087
20204 35370 472302
20206 23979 972540
20207 43772 969942
20209 2379 1
20211 31983 1000000
20214 36282 823527
20215 31261 1000000
20218 48432 1
20220 42078 309568
20225 34370 930471
20229 34720 281
20232 12688 943577
12688 14333 947435
14333 37765 98055
20234 29507 698822
20236 35806 197540
20237 7821 539667
20239 33866 934782
20240 16249 1
16249 6575 1
6575 1962 1
20246 21386 1
20247 48026 553
20248 46818 1000000
20252 29179 728859
20253 13296 976677
13296 7691 937426
7691 22404 46950
20255 32529 679542
20258 3456 640
3456 24315 1
20259 21857 1000000
20260 33192 320
20271 34391 168476
20272 2728 770897
20280 24892 857744
20283 24494 978990
20289 33324 725991
20293 9332 480399
20294 19321 877458
20295 19716 970432
19716 15336 1000000
15336 48727 960757
20297 15666 1000000
20300 6562 914440
6562 20994 829
20304 1622 934713
1622 19946 1000000
20305 44218 731
20306 30144 967567
20307 31528 328
20308 16799 68361
20309 48649 913638
20312 33605 982994
20318 22670 116
20319 8679 854189
8679 48004 912983
20320 40329 409622
20321 33265 587
20324 20749 539
20326 18856 706486
18856 23137 977950
20327 30409 966501
20329 20511 969059
20331 32746 944730
20332 9189 950915
20333 9638 544427
20338 22115 974972
20340 7160 139622
20344 20487 664
20349 27151 626319
20350 17593 898296
20351 43933 368
20354 36036 715338
20356 23515 742171
20358 2646 649
20359 44034 1
20360 35486 508
20362 33851 912950
20363 43591 999966
20365 3142 753
20366 16964 1000000
16964 35591 977227
20367 30380 62
20370 41299 125387
20371 8251 991002
20372 49439 910179
20374 37394 17176
20375 7061 960200
20376 41116 1000000
20377 27156 105861
20391 27839 903099
20393 17788 926472
20394 35235 1000000
20395 42022 560976
20397 24785 1000000
20398 12183 571631
12183 7221 439967
20399 38820 911421
20401 6914 471695
20402 24269 146511
20403 21143 258
20404 36038 932
20405 35448 906582
20408 20836 949046
20409 7522 596732
7522 17117 111
20410 19297 10032
19297 45991 913512
20413 15087 940729
20414 695 914805
20418 29603 902964
20420 6991 954203
20426 49349 22
20429 49204 1000000
20431 35885 128512
20432 17088 795437
20433 45871 959666
20438 26201 1000000
20439 47249 475
20440 42098 1000000
20445 32719 617
20446 18130 307540
18130 44678 215
20447 21432 515
20448 35038 994883
20454 19295 1000000
20457 42353 862172
20459 25345 965870
20460 28868 626182
20463 292 299658
20465 43204 1000000
20471 36354 968709
20472 46307 1000000
20474 27017 1
20475 40956 624181
20476 38044 187
20477 17701 1
17701 29711 154245
20483 24203 1
20485 40242 675
20486 49523 297985
20487 3978 963747
20489 32697 588216
20490 27120 957836
20493 35628 1000000
20494 23884 120622
20499 14336 396619
20500 24700 522827
20501 31951 1000000
20503 32061 990432
20504 48288 997434
20507 42442 149425
20508 42876 678044
20510 47914 298931
20516 27893 579
20517 22195 936062
20519 37366 958391
20520 6710 1
6710 17196 956579
20522 47851 969743
20523 26948 232097
20524 13893 995906
20526 7268 957061
7268 15649 583
20527 31916 694279
20528 6100 925167
6100 12000 798842
20531 9256 324872
9256 33261 1000000
20534 33802 971198
20535 25023 911970
20536 37816 988
20537 9378 908968
20539 38801 906207
20540 20442 342577
20442 18479 911007
20541 29526 962646
20545 3554 450
3554 10955 1000000
20546 49257 507166
20547 45109 1
20550 25326 125
20551 37498 1000000
20552 47305 932139
20553 28740 36550
20559 17829 171222
17829 25733 397383
20561 30872 961404
20563 2272 1
20566 38819 979105
20568 5467 1000000
20571 16059 926031
20578 21548 990672
20581 41648 1000000
20584 18149 204
18149 30017 916688
20586 18311 929727
20587 6404 447
20589 19054 975341
19054 20437 960374
20590 10349 899
20595 23795 19
20596 16371 786764
20598 4515 260239
4515 18387 981061
18387 37187 684719
20603 28826 526811
20604 16090 1000000
16090 13212 970834
13212 25284 973474
20606 28289 909747
20608 32692 1
20609 3922 974482
20610 27451 670
20611 45209 172
20612 4726 965339
4726 32351 617879
20614 22586 559
20615 41025 595566
20617 21719 928678
20618 27578 180
20623 29621 304382
20625 29467 423840
20627 6516 1
6516 18938 941081
18938 14113 45
20629 39804 278
20637 47474 968551
20640 16341 946316
20644 228 857
228 27012 200
20645 47059 598
20646 2225 227
2225 47229 170
20647 16958 275
20651 1410 962534
20655 46763 895
20657 29072 486983
20660 15183 555
20661 19123 544
20665 30833 316337
20670 7346 950316
20671 20115 176
20673 13541 56731
13541 21309 81947
20674 51 36652
20675 5376 277805
5376 19663 911812
20679 27490 381
20683 24746 961738
20688 9636 732
20689 48202 686888
20690 46301 617527
20691 22951 531833
20692 13015 232
20693 28038 1000000
20695 48571 949965
20696 26514 711976
20697 46526 697
20698 23570 1000000
20699 13359 570434
20704 1247 1
1247 8353 504180
8353 23391 981111
20706 19469 622
19469 41861 926711
20707 38258 131480
20714 44630 844895
20715 43895 928845
20716 47114 912835
20717 41755 229519
20719 7500 426
20721 15214 973026
20725 19564 1
20727 48572 1000000
20728 17480 284569
20730 21517 1000000
20734 37057 294610
20737 30494 985133
20741 8560 1000000
20743 33830 939604
20745 922 1
20747 15260 255
20749 36058 407256
20750 22968 535
20751 7981 984508
7981 35712 1
20753 10791 702838
20754 15115 539
20755 4986 968677
4986 26188 932283
20756 49600 984588
20759 33890 934867
20761 41217 914985
20762 17569 1000000
20763 46790 925515
20764 3386 1000000
20766 16925 918
20767 19093 910575
19093 9115 983688
9115 35660 943476
20768 7347 940373
20772 4728 429
20776 43575 763475
20777 38578 857811
20778 36452 909074
20780 4801 1000000
4801 3476 300655
20785 2578 985982
2578 18869 9
20789 7675 920295
20791 9598 38202
20793 1723 1000000
20796 20425 989257
20425 31257 978
20797 36687 173843
20799 29011 950484
20800 17535 86
17535 48095 972688
20801 9020 923105
9020 16554 911556
20802 44470 666916
20804 6196 915923
6196 17482 1000000
17482 36166 995036
20808 6418 341
20816 32758 975569
20819 40305 463
20821 3143 176762
3143 21937 80369
20823 20047 1000000
20047 2242 221
20828 25084 932717
20830 27998 1000000
20836 23704 395
20838 38514 604130
20840 29601 404
20843 32436 1
20844 24663 1000000
20848 38596 573196
20850 14101 376834
20851 22011 1000000
20852 46499 81772
20856 34899 954503
20858 47226 1000000
20859 47458 579332
20860 14049 1000000
14049 46817 1000000
20862 42946 621992
20866 28212 76837
20868 3740 250
20869 19078 554498
19078 10945 953463
20877 14279 997162
14279 48713 486
20879 37774 621094
20880 4908 985767
20882 34706 990323
20885 44584 498449
20890 17277 1000000
17277 31905 690284
20892 47354 619162
20893 2011 989226
2011 44617 81189
20894 46992 585045
20896 14109 914631
14109 18482 832
20898 36723 107412
20904 37238 345295
20905 26965 533
20907 7711 913813
20912 28874 10353
20915 8305 1000000
20917 7098 545033
20923 14433 994120
14433 7447 973494
7447 14195 974056
20924 48958 1000000
20926 42159 927883
20928 48004 1
20930 26026 465
20932 12867 1
12867 25608 16
20933 7075 933216
20937 9940 701543
20938 26658 969179
20939 15684 469
20940 11833 709269
11833 41697 937367
20941 18273 267285
20942 32797 1000000
20945 5975 155143
20947 29248 922325
20950 32421 360
20952 37623 396546
20954 16475 880257
16475 43328 126316
20956 3478 956496
3478 49408 975568
20958 34562 708723
20960 33341 684900
20962 10153 973757
20963 1134 397
20965 35475 936438
20974 16373 1000000
20976 14498 794684
14498 49072 952435
20977 24716 681316
20979 1762 666
20982 13268 1
13268 11207 924897
20985 26903 950737
20988 371 992634
371 38374 1
20989 40185 968697
20990 35863 914442
20991 33793 932974
20995 49401 951340
20996 33213 1
21000 3152 954794
21001 20622 959519
21002 21714 565
21006 10912 111821
10912 34208 977
21009 17210 911355
17210 41555 901735
21010 27118 892
21011 16603 530099
16603 26158 831427
21014 1641 641651
21021 22227 453788
21022 2590 2911
21023 15918 293586
21025 40485 322136
21027 35268 1000000
21028 42378 936208
21029 33798 959006
21031 815 290
815 33663 987280
21032 35841 1
21035 31505 173635
21036 44991 992090
21037 40655 924768
21038 21169 758338
21044 385 763
21045 31134 38292
21046 37934 973491
21049 10030 959027
10030 10517 989223
21054 33820 1
21057 30874 947661
21059 32778 957
21063 41620 938509
21064 31598 743624
21065 11101 974544
21066 33744 583234
21067 3692 935858
3692 28819 933664
21072 44653 403417
21073 42982 1000000
21082 3535 917030
21084 10900 159
10900 42562 685
21085 40951 502
21086 26326 992162
21087 47042 977174
21088 14145 933
21090 7693 242353
7693 49510 973865
21096 2120 978
2120 25809 932580
21097 36999 291
21099 36253 505474
21102 6834 60958
6834 34523 512102
21103 32346 531398
21104 17078 800968
17078 35276 985421
21105 25082 605562
21107 7774 386760
21113 8347 100959
8347 38416 946480
21117 11918 92631
11918 10658 393763
10658 12455 125
12455 24485 975228
21119 14930 936482
14930 18440 504
18440 21154 1
21120 41423 546841
21126 6604 939854
6604 47893 967147
21127 27310 920539
21129 1968 434
21134 28620 351
21138 40528 1000000
21140 11591 980741
21141 14244 935345
14244 4892 980
21145 31029 1
21146 5342 450971
5342 33428 1000000
21147 11372 701070
21148 29994 1000000
21149 16702 972696
16702 30251 743592
21155 1554 926989
21160 20619 970292
20619 34370 1000000
21162 24796 413368
21166 18158 1000000
21171 3167 493854
3167 10614 611494
10614 31039 315754
21172 9138 269459
9138 33009 1
21173 8538 180716
8538 49261 456180
21176 7533 135
7533 10319 1000000
21178 31183 920745
21180 24164 932038
21184 19151 916144
19151 45947 814164
21189 46156 410
21190 36986 397936
21191 20052 357592
21192 43035 309658
21194 19684 271
21196 18188 846535
21198 41439 958622
21200 3283 907507
21201 38728 957616
21202 41414 876578
21203 3686 917265
21207 5650 453716
21208 15237 963
21210 20605 949817
21211 18030 965786
18030 22688 915648
21213 3258 771
3258 32299 968840
21215 10351 996293
21216 148 617695
148 765 970062
21218 19065 486
21222 36309 967751
21223 5297 12680
5297 7998 1000000
21224 20131 949730
21225 34532 1
21227 35945 563
21230 21100 1000000
21232 27346 120
21233 28442 961798
21234 8203 985574
8203 42109 421609
21237 41375 179761
21240 30482 924759
21241 19823 693852
19823 16206 263
21242 41524 1000000
21243 27946 961291
21244 383 116
21246 20855 350439
21251 19480 1
19480 6738 928607
21252 38538 224305
21253 805 960333
805 37127 148
21254 35113 531
21260 12847 442
12847 38387 177
21261 45898 319066
21266 45107 949133
21270 11469 946
21272 38239 616
21274 45951 1000000
21275 22377 999787
21276 43404 1
21280 25742 1000000
21284 24222 759087
21286 37690 432
21288 45288 375193
21289 26639 757
21294 12804 75894
12804 37350 993560
21296 34303 947
21297 43951 148693
21298 10004 1000000
21305 2493 836
2493 42373 310164
21309 6060 963956
6060 46681 169
21310 34277 643
21318 18469 552403
18469 44652 684244
21320 6381 1
21323 42821 907371
21324 19419 382918
21328 1870 1000000
1870 48030 589964
21331 21469 204
21332 38664 896489
21333 6398 535
21334 38773 352
21338 39982 102440
21339 12541 145
12541 41761 383240
21344 3192 936913
21345 6270 1000000
6270 4123 93
21346 20368 1000000
21348 7694 57505
7694 871 263
21350 38852 839670
21351 4847 398
21352 40603 449
21356 15188 116423
21359 32310 503097
21361 10449 1
21362 12500 1
12500 20216 624
21364 24778 983923
21367 5781 847
5781 8268 958401
8268 43908 938913
21368 29790 821109
21369 3722 1
21370 22142 389
21376 45226 618775
21377 16563 105415
21378 35541 229399
21382 40817 938764
21386 14677 1
21388 11554 947466
11554 3075 374306
3075 10664 883540
21390 11419 741228
21391 20654 543834
20654 29977 293
21402 17162 650
17162 23255 333659
21403 15351 892
15351 29176 1
21404 8219 607723
21405 30916 387
21407 32988 1000000
21408 35598 1000000
21410 44472 1
21411 28934 41775
21414 43744 1
21416 6634 1
6634 23602 901525
21417 2567 928849
21419 30041 79
21424 12235 404182
12235 1805 889816
1805 13341 856269
21427 46659 940813
21432 49358 1000000
21434 23043 521455
21437 18970 205
21439 22925 975
21440 35710 1000000
21441 9909 373856
21442 4584 299089
4584 6031 328
6031 23692 493296
21444 4834 968758
21446 17328 872
17328 14262 550899
14262 17040 906423
21447 241 968527
21448 17120 1000000
17120 18781 1
21449 46003 16
21450 1459 976
1459 6432 797764
21451 7389 103896
21454 22892 149522
21455 29903 1000000
21457 13088 697391
21460 42385 20
21461 18203 234550
21462 24002 983735
21466 15649 974464
21467 7798 985682
7798 24006 995
21471 43744 902243
21472 12427 1
12427 4297 638
4297 26588 549889
21474 42958 646265
21477 10233 775640
21478 33829 1000000
21479 17468 990122
21481 31853 768361
21485 25914 970492
21486 9016 787620
21490 5225 983944
21491 30101 692
21494 47965 966805
21500 21924 1
21501 2997 1000000
21503 29959 802595
21504 34026 1000000
21505 30713 1000000
21507 43166 981598
21508 23745 82435
21509 32329 1000000
21510 38509 955781
21511 42983 895
21517 3398 931292
3398 40462 956763
21518 18190 559606
21521 6350 204
21522 36743 762
21523 14147 1
14147 10342 270
10342 19449 901502
21524 48200 460734
21528 24426 134643
21530 12242 136
12242 28016 399974
21531 30859 985738
21534 26582 917267
21535 33043 632074
21536 28636 372925
21539 23531 987104
21541 47975 928566
21542 1319 505699
21544 37531 487036
21545 35756 901413
21550 19872 637344
21552 5797 823
21553 4847 142378
21556 29168 546
21558 46568 943358
21560 32266 956082
21561 21633 1000000
21563 45305 1
21564 3311 793
21565 41339 399136
21568 9562 901453
9562 48770 464913
21569 38724 971627
21570 49020 974
21571 15568 978600
21572 25100 624
21574 45176 1000000
21575 28368 66035
21576 43996 354715
21580 275 977842
275 3749 232482
21581 7375 460241
21582 23763 920327
21584 19970 1
21585 29331 925687
21587 35737 926114
21588 7135 331075
21589 28813 993045
21590 47285 856541
21596 15269 981340
21602 36970 706
21605 19383 924412
19383 47577 797611
21606 30610 168936
21607 993 1
993 25082 919
21609 29228 168
21611 12560 1000000
12560 24172 1000000
21613 42573 670656
21616 18846 1
18846 19241 521703
19241 25536 775
21625 4983 727
21627 9582 996709
21629 12690 627
21630 19071 752
21632 22608 968795
21634 15865 206
15865 10134 114
10134 46161 949156
21637 14374 857870
21640 25038 904396
21641 11285 910249
11285 47928 940834
21644 24927 967236
21647 47688 1000000
21652 7196 559783
7196 41584 352
21654 41288 920
21659 12 4
21660 1174 557
1174 29386 553215
21662 4303 986124
4303 16217 594143
16217 43971 1000000
21667 32814 51
21668 22072 357992
21679 45815 250078
21680 31992 77
21681 34084 976999
21683 2447 934401
2447 28067 355
21684 1806 728336
21689 23175 223085
21693 23976 433915
21694 26209 564
21695 3419 998422
21697 466 419
21698 20966 85
21699 36712 1
21705 32302 957018
21706 35454 319308
21707 14620 906635
21708 16083 1000000
21709 11882 124647
21710 41166 963450
21711 28823 921751
21712 46726 968766
21714 34730 581448
21715 14947 1
21717 34111 17311
21718 3754 1000000
21719 15237 906238
21720 33510 10588
21721 30828 686596
21722 32047 943237
21725 24230 178
21727 43034 306788
21728 40 928869
40 2031 774481
2031 2254 533
21731 22226 1000000
21732 9621 241
9621 40564 932907
21733 40989 994629
21734 9344 919
21736 27548 720
21738 18138 206852
18138 178 262
21741 11654 376439
11654 29689 905339
21742 23986 248466
21750 1119 1000000
21755 46423 909280
21756 37792 959296
21757 46303 1000000
21758 47779 1000000
21760 22095 985138
21764 40639 558
21765 16854 771555
16854 10417 684618
10417 25292 193466
21767 18141 996971
21768 7625 978788
7625 28971 931442
21770 11885 711034
21771 11705 831134
11705 776 968998
21773 5291 515448
5291 29312 999563
21774 47483 884660
21782 19929 966611
19929 45392 1000000
21784 22220 976443
21786 4847 1
21789 21076 944530
21791 3995 975996
3995 29474 168508
21792 378 673796
21793 38729 295018
21796 667 260764
21797 9988 579527
21798 39214 470919
21799 36494 928258
21800 31773 1000000
21802 43662 550
21804 3164 994337
3164 23240 1000000
21805 1361 822
1361 7108 815032
21807 39505 716418
21808 21620 907622
21810 46267 928016
21812 39149 934193
21819 45746 935272
21824 28698 175
21825 32298 1000000
21827 49315 1000000
21828 21060 155362
21060 8002 460483
21830 374 915236
21832 46365 375274
21833 162 363
21834 39684 931
21837 36278 473
21838 17585 657
17585 11756 444229
21844 41861 920884
21845 16290 930905
16290 19303 1000000
19303 20082 326660
21847 23807 591
21848 37813 1000000
21852 11663 900005
21853 9421 919376
9421 39176 26999
21856 44680 1
21858 12082 870126
21862 39764 1000000
21863 14283 384
14283 24997 770889
21865 33594 330373
21867 45847 776369
21871 27591 714571
21872 24950 273006
21876 10889 186245
10889 38873 1000000
21878 36048 929203
21879 20513 777123
20513 10907 993261
21884 11690 760043
21887 4001 983333
21889 30524 808123
21891 826 992396
826 12394 847810
21892 32622 451793
21893 22352 994505
21895 13300 958561
21896 41508 994193
21898 27608 1
21900 31933 954243
21901 6028 107188
21907 40935 970209
21908 3233 901682
21911 48211 540703
21912 32573 1
21913 49111 298972
21915 42142 898317
21916 31761 941213
21922 44813 971269
21923 16690 43080
21924 28801 398
21925 30693 373105
21927 2428 775434
2428 29707 1000000
21930 5267 913845
21931 46252 992870
21932 38757 93
21934 23062 921153
21937 12634 944092
12634 27440 972020
21940 6774 894
21941 36843 996255
21943 33056 987048
21945 16683 917318
21946 35380 956330
21947 22223 986868
21950 42706 800720
21951 2138 932052
2138 4914 379931
21952 25273 246541
21954 3779 946749
3779 4718 620
21955 48909 901013
21957 8781 927486
21959 28935 318949
21961 24088 902764
21965 48375 901
21966 11174 1000000
11174 29267 1
21967 29526 759826
21968 6580 909714
6580 30692 434151
21969 32640 807682
21971 21618 928778
21972 35199 118186
21977 10078 973017
10078 15438 935678
15438 6045 970800
6045 20278 165557
21978 28303 949004
21979 43476 188
21984 48353 178988
21985 23674 55249
21986 18449 189
21989 34740 688
21990 28346 988002
21991 40670 956
21992 40475 546411
21996 43319 417
22000 24198 953609
22001 49330 483096
22002 20978 200
20978 1392 975837
22003 6436 951107
22006 28705 903414
22007 9979 294
22009 23424 1000000
22012 27287 933182
22013 38566 937434
22019 5114 102
5114 27410 939497
22024 40376 564
22027 23124 714795
22028 36291 223
22029 9647 941237
9647 42556 369
22030 15678 370284
22032 25765 666
22033 37143 242751
22035 34948 1000000
22036 43427 701469
22037 13747 995539
22041 19105 644
19105 46691 906355
22045 28569 643829
22047 21282 461
22055 40694 87178
22062 36924 1
22063 43545 95126
22066 35221 793
22067 17714 986864
17714 27931 1000000
22068 30693 709918
22069 32850 1000000
22070 12468 652
12468 4082 964385
22074 33937 1
22076 27161 394201
22077 24620 500
22078 33346 598936
22084 45537 358253
22085 48533 284249
22088 12955 682
12955 48756 587935
22091 31265 724447
22092 8251 955476
8251 35135 503501
22096 48487 601
22097 13795 990174
13795 14708 927385
22100 34591 543756
22101 4717 550
4717 49452 199473
22107 41962 989802
22108 21559 753576
21559 29549 285907
22109 28471 520605
22111 31868 962976
22112 32036 1000000
22115 21431 11
22116 16065 991215
22120 9013 1000000
22121 34009 200
22122 48002 415
22131 16653 945986
16653 18715 418994
18715 20337 194
22132 27044 948292
22134 7794 950234
22136 43611 445300
22137 27428 974629
22138 22765 535503
22147 29550 967291
22150 22901 907004
22155 27843 975642
22158 46511 599456
22160 42635 245518
22164 3490 990317
3490 40525 951844
22168 24740 286125
22171 21929 326337
22172 17457 471
17457 44265 377164
22174 34995 345
22175 18870 441414
22176 10495 933830
10495 14214 411871
22181 34940 945824
22182 6462 667406
22184 39490 602828
22186 12278 1000000
12278 37839 190487
22188 2321 1000000
22189 39279 1
22192 46420 1000000
22194 6557 340
22195 14678 948595
22196 25707 411976
22198 5349 973650
5349 7829 527
7829 41755 920328
22201 36704 725178
22207 21933 75
22209 43290 1
22210 48066 110611
22215 44149 958206
22219 2142 993684
2142 36933 1
22220 45903 754038
22221 44118 900662
22222 41131 1000000
22225 27975 904167
22228 27363 953954
22230 47858 330950
22231 674 1000000
22233 20548 1000000
22240 33169 943421
22249 12533 839619
12533 19180 952571
19180 7209 925786
22251 3292 776591
3292 23718 978170
22253 30608 944305
22254 4506 647096
4506 27398 537
22255 2118 1
2118 5568 978442
22258 39026 979392
22259 23840 876
22260 39934 733306
22262 15751 894542
22263 31443 499145
22265 14713 874860
22266 38164 49138
22271 26825 1000000
22272 6983 968
22274 21263 995210
22275 24684 939
22277 42532 1
22278 10137 931019
22282 18427 970
22283 3959 937692
22287 6038 1
6038 44601 662972
22289 37656 967711
22291 36202 466232
22292 11297 111178
22293 32744 986632
22295 13823 105552
13823 8133 352133
8133 33545 371
22298 40726 927047
22305 6940 29
22308 43211 976267
22309 28041 994712
22312 12644 949824
12644 26971 921575
22313 29518 90137
22316 5423 977895
5423 7510 373
22321 42286 987216
22323 48571 117
22329 36335 805213
22330 11301 1
22331 24830 323042
22333 14474 216
22335 33592 156541
22336 33214 975016
22337 17765 988136
17765 11378 398
22338 47020 1000000
22339 14755 278806
22344 7773 935895
7773 39897 1000000
22345 42917 220137
22346 46933 429
22347 23623 952401
22353 25861 1000000
22354 2695 905850
22356 48649 999109
22358 5405 581
22361 40770 526
22365 20872 744256
20872 7475 925699
7475 12965 1000000
12965 45729 1000000
22366 47038 955
22367 40226 944957
22369 5280 865380
22371 12674 970986
12674 29903 999444
22372 40244 109989
22373 26232 962536
22376 16222 881477
22379 9833 176588
22383 25639 940151
22385 19288 1179
19288 34466 903565
22387 45458 270463
22388 44629 926
22392 14005 862208
22401 36455 1
22407 30392 939656
22408 5921 223
22411 5151 858894
22418 3043 561
22423 18891 977562
18891 36245 1
22424 43439 984242
22425 16759 515432
22428 38705 907008
22432 11314 984513
22433 13185 991814
13185 49664 1000000
22440 46974 159
22443 42848 492063
22445 28015 119748
22446 33558 991447
22448 17315 813971
17315 10734 530069
22450 8709 1
22455 44501 1
22456 49042 432500
22457 9968 910259
9968 21363 624
22458 5869 364483
5869 39694 989770
22460 31139 902696
22461 30480 900931
22464 42687 1000000
22466 40627 925513
22467 4715 198677
22468 10940 822457
10940 18800 1000000
22469 49270 917633
22473 38223 624429
22474 44748 896
22476 43541 997266
22477 29805 426689
22478 45548 78092
22479 37769 92
22486 19603 1000000
22488 17444 958522
22489 9861 229938
22490 41895 948546
22491 47929 1000000
22494 820 447978
820 192 902915
192 14094 881
22495 40992 1000000
22498 9660 982737
22499 14440 209
22501 10987 330093
22504 12367 649950
22506 23610 892960
22508 8166 996425
8166 42378 464998
22509 10320 74
22510 29595 541793
22511 6985 442327
22512 32241 664319
22514 5607 1000000
22515 17403 570
22516 26389 872593
22520 41961 957701
22521 4201 771
4201 3789 248053
22523 6230 736181
22525 9910 1000000
22527 38236 908
22528 44289 254604
22529 20361 943627
20361 39633 735432
22532 8031 238340
22533 31683 909065
22535 18589 71811
18589 33115 930502
22536 44239 949023
22539 46371 972639
22541 48324 820920
22542 47920 998878
22544 42265 232703
22545 19077 913944
22546 7669 83418
22547 17010 297
17010 18536 43
22548 25858 264935
22554 9253 949798
9253 45064 482681
22564 40075 524311
22566 14994 685540
22567 36880 85689
22569 28212 914212
22570 25125 1
22572 13859 294
13859 45027 1000000
22574 23433 755413
22576 43373 29157
22579 48243 909055
22580 17928 973721
22583 7600 1000000
7600 29151 941698
22584 12823 592770
22585 46737 1000000
22586 49279 1
22587 2223 901
22593 2762 961821
22596 18073 81603
22604 34143 421453
22607 41436 12
22610 36252 933430
22612 15698 749884
22616 3528 1
3528 14701 318309
14701 46852 1000000
22619 7919 465
22621 723 106032
723 25610 982043
22623 49477 702786
22624 38102 640391
22626 45449 625327
22627 6729 185262
6729 32249 288
22631 26981 1000000
22634 22093 934587
22639 46491 625974
22641 34680 917441
22642 24385 38355
22644 28046 96
22652 5177 1000000
22653 40933 489442
22654 17119 1000000
17119 21248 923204
22658 34098 1000000
22659 28796 901214
22661 25640 961815
22668 48640 365329
22679 13835 976397
13835 15344 238
22680 21866 926494
21866 23237 829
22683 36227 480763
22684 35993 1000000
22685 7818 313
22687 10460 553
10460 12091 997879
12091 46220 1
22688 36088 1000000
22689 33007 1000000
22690 42176 958881
22692 9828 1000000
9828 5375 557509
22694 7811 1000000
7811 18124 350471
22695 21406 922523
21406 30781 338841
22698 24604 1
22700 10916 613709
10916 39496 424667
22702 4769 211946
22703 34180 1000000
22707 37620 810277
22712 3212 938815
22714 44990 640235
22716 14780 82931
22717 28372 692
22718 31930 950213
22720 34620 993282
22721 43026 930894
22723 27370 909407
22725 26278 728129
22727 12781 1000000
12781 20095 936570
22730 43130 467
22733 26209 100971
22734 15206 1000000
15206 16447 1
16447 27240 922758
22738 27148 255275
22739 5921 301
22740 37213 912964
22741 43954 712
22744 42077 1000000
22745 39026 914601
22747 19817 984043
19817 19548 195377
22748 23666 930156
22750 22355 1
22755 7708 12
7708 49663 914420
22757 32184 288
22758 595 762842
22759 3788 954850
22761 26329 14
22763 30337 587032
22764 17186 765
17186 49280 782360
22769 8557 229
22770 45732 1000000
22774 16816 903161
22775 45127 959810
22776 49395 1
22777 15505 505
22779 46605 901
22780 46546 196118
22783 33769 676
22784 35365 957378
22789 42124 1
22791 20966 1000000
22792 31189 902985
22794 4053 656
4053 39448 339229
22797 21430 990972
22798 40095 964126
22800 45219 50880
22801 20311 953741
20311 7266 655587
22802 18370 941135
22804 22090 917
22090 9536 492
9536 35466 1000000
22809 5375 943578
22810 36961 471744
22816 25150 942532
22818 23374 993645
22819 8824 1000000
8824 18555 944298
22821 46275 1000000
22823 47205 291302
22824 21327 341
22825 36953 907643
22831 17569 745
17569 7871 490
22832 19964 535
22834 44621 675
22837 21619 107
22838 45628 1
22841 13282 903200
13282 48327 763
22842 49359 197164
22843 339 1
339 6907 458
6907 24389 1
22846 2927 990793
22848 12537 747351
22849 35055 913856
22850 26087 956552
22855 10131 954689
10131 399 443659
22856 32449 670536
22857 13598 150
13598 16134 934906
16134 31265 406237
22858 4728 924359
4728 40100 1000000
22860 6870 1
22861 7381 972167
7381 10712 792939
10712 13190 826
13190 45910 216706
22864 23286 391
22867 8506 914494
22868 22048 322765
22048 35026 397137
22872 33856 1000000
22874 37007 1000000
22877 38588 443
22883 8955 588177
22885 17645 601196
17645 14097 709843
22887 17216 931613
17216 48996 903603
22889 12327 685920
12327 38208 1000000
22890 319 290044
22891 29159 947985
22898 29436 638
22902 7109 583
22906 37071 516247
22909 26256 481314
22910 23842 919607
22911 36398 1
22912 17961 652439
22913 13145 957863
22915 32187 957929
22916 24309 318266
22917 48796 1000000
22921 25548 1000000
22922 46603 901217
22923 19573 533682
22924 46114 398
22928 22701 1000000
22930 32530 976
22933 26163 957
22935 43161 239026
22937 22015 932961
22940 8279 1000000
22941 24331 994822
22942 6414 54816
22943 24394 945003
22948 44239 981307
22954 24252 8
22957 3400 566983
22959 36984 937712
22961 38304 243951
22964 15641 962862
15641 28620 978530
22965 41038 246683
22966 15264 189
15264 17704 881036
22968 760 94470
760 23721 667
22969 32203 974188
22971 33070 925589
22972 37837 179417
22973 32971 823
22979 33251 143254
22980 7526 937969
22981 48628 992228
22983 6714 939785
22986 5968 902751
22987 25261 980794
22988 4350 1000000
22989 39425 970563
22992 1574 913616
22993 40492 388561
22998 19972 157755
19972 33823 401
22999 32334 11955
23000 33543 152705
23002 35445 1000000
23004 29307 650015
23007 20196 749446
20196 46475 659263
23008 41658 131157
23009 11948 982492
11948 11381 266714
23010 21430 694120
23011 12785 769
23012 16554 429
16554 9347 1000000
23013 21970 1000000
21970 32684 805
23014 12248 930374
23015 46973 1000000
23018 36953 265
23025 6902 1000000
23027 20496 408
20496 25850 905032
23028 24985 931013
23029 24930 303
23030 2589 998564
2589 31124 901370
23033 47504 998705
23035 36590 1000000
23041 21885 155308
21885 8224 618
23048 17271 900743
23049 4000 678861
23051 36389 219225
23052 9680 1000000
23057 765 976
23058 8652 108
8652 17672 976803
23059 1400 919141
23060 43046 675152
23062 44588 302
23066 7360 1
23070 43358 581
23072 18729 971898
23073 12949 935184
12949 3157 320485
3157 11880 920128
23076 30839 542
23079 965 982943
23085 20857 916494
23086 39596 93
23088 5464 1000000
23089 39379 1000000
23090 47132 725426
23091 9972 417
23094 47799 977013
23096 12796 585681
23098 36982 477857
23104 10906 941174
10906 27272 5079
23105 4356 1000000
23108 5022 560639
23109 17847 128
17847 40681 81895
23112 16531 313000
23114 10640 702753
10640 45134 905918
23118 4082 609
4082 35386 515
23119 6493 1000000
6493 26745 177
23124 10622 907944
23126 26166 587
23127 19726 990811
19726 35342 944599
23128 28216 179015
23134 20083 1000000
20083 43949 806014
23135 34530 936384
23137 35982 526
23138 28417 1000000
23139 10343 986298
23140 23054 321834
23141 14469 956370
14469 37208 816893
23142 37497 987404
23147 24710 903315
23149 22040 935481
22040 43995 1000000
23152 48707 274877
23155 30334 80315
23159 49590 512
23160 20812 584782
23162 33428 517
23163 40327 926883
23164 20066 761326
23167 523 969185
23168 7905 968709
7905 31866 413651
23169 4887 1
23171 19732 749183
23174 49512 950000
23175 26676 995609
23176 18817 941916
23178 6866 866
23179 32615 638271
23180 36360 37117
23181 47108 475527
23182 11662 710699
11662 21881 917
23183 5988 1000000
5988 25638 462
23185 45204 795
23187 41917 1000000
23189 18654 1000000
18654 20502 913399
23191 6813 648662
23193 18291 425949
18291 31301 942218
23194 21128 739656
23195 38681 306307
23197 27135 909951
23200 15300 981484
23201 31519 65051
23202 14355 684671
14355 24851 120
23205 19846 436409
23208 8511 960455
23209 23829 557
23211 21415 572399
23213 24491 920219
23214 5444 670802
23217 38429 125441
23218 8540 449
8540 38588 619
23220 31957 362741
23221 28261 933264
23224 25480 685689
23226 37964 927147
23230 35678 992848
23231 39925 168
23235 46147 221115
23237 34210 997752
23238 26379 935860
23239 37873 486
23240 30754 516054
23241 16213 246
16213 3002 926666
3002 11696 987814
11696 25149 927784
23243 32481 310
23245 21806 1000000
21806 6891 1000000
23246 26506 1
23248 42980 1
23249 3106 998150
23250 28864 1000000
23252 38569 624
23253 42432 316742
23255 11824 388604
11824 11909 1
11909 37078 933878
23256 41599 932930
23260 9019 934
23263 46284 189040
23264 40980 873390
23267 24722 874083
23268 28534 1000000
23269 47930 907936
23270 44512 1000000
23272 3865 1
23274 24725 687
23277 3122 961632
3122 21380 437989
23280 856 465650
856 350 918274
350 38668 909626
23284 13076 456692
23286 427 739366
23287 19926 1
19926 23439 942141
23288 14080 748503
14080 34978 445
23289 18241 941718
23297 45876 638
23302 25574 907315
23305 20392 969158
20392 31041 892800
23306 18455 843657
23308 8437 682246
23309 41441 1000000
23312 13149 80
23314 44690 363416
23315 25827 30632
23318 3290 964160
23319 34322 978290
23321 24933 910785
23325 39953 982899
23326 25167 604142
23328 16878 1000000
16878 14500 959344
23329 44995 276899
23333 6760 537592
23335 36503 214
23337 2107 867401
2107 1275 974
23338 36642 881322
23342 49119 912094
23343 17796 350511
17796 47850 597
23344 41807 981296
23346 4930 964463
4930 21100 1
21100 37932 1
23348 110 818220
110 24205 1
23352 2492 306943
2492 38963 35432
23357 2929 964557
23358 36133 936877
23364 20123 1
23366 35202 983999
23370 46714 967399
23372 45488 1000000
23374 48346 1000000
23375 35342 49747
23376 21688 263
23380 11587 96603
11587 14293 766966
14293 15041 993594
23381 40774 267342
23383 35041 1
23385 21069 903927
21069 41140 930550
23387 22342 615275
22342 6937 197443
23391 32043 1000000
23392 32953 939
23394 1623 589450
1623 5964 910902
23398 49659 918142
23403 18790 1000000
23410 13689 424
23411 45296 421126
23412 28886 905566
23416 947 949527
23417 45628 434094
23419 25312 468580
23421 40012 932429
23422 47400 974893
23423 38181 701247
23427 35612 961126
23429 37032 581
23430 36891 926302
23433 18844 965
18844 36510 16
23434 36002 811
23436 7467 210791
7467 42275 949334
23439 11166 918359
11166 18744 478501
18744 46133 986585
23442 4030 902763
4030 38380 969068
23444 4788 1000000
4788 32891 160
23445 26108 995621
23446 5901 959918
23449 45366 467
23450 31859 987102
23451 32730 1000000
23454 31720 901898
23455 19552 404874
19552 20641 277622
23457 4822 278644
23462 7591 484792
23465 44645 1000000
23467 26532 385823
23468 11872 308
11872 46112 1000000
23469 16803 64
23472 8462 879252
23473 38183 906164
23474 17578 920906
17578 2299 980315
23475 7389 394214
23477 26318 948834
23480 24403 995688
23481 36070 1000000
23485 11164 743
23488 20378 968171
23489 38683 908528
23490 46800 978825
23491 38521 820055
23494 25872 172
23497 25863 201340
23500 48553 965842
23502 22480 445233
23503 23282 1
23504 48011 952512
23505 27771 904484
23507 14149 696280
23509 43343 1
23512 45088 405
23513 4756 324440
4756 7095 147201
23514 19669 965563
19669 21125 989992
23519 30394 413
23520 29221 699186
23524 45327 223778
23525 7451 538479
23526 33416 115543
23527 14545 644047
23528 46253 425
23531 41817 947401
23533 11834 1
11834 13779 787255
13779 41498 885804
23534 13865 987005
23538 671 950409
671 39406 957910
23539 20964 1
23547 30056 706841
23550 3875 187
23551 27836 937481
23553 2452 19954
23555 29037 178
23557 31440 971546
23565 40498 738833
23567 42590 912144
23568 24970 980548
23572 3449 15
3449 38042 503180
23573 40628 1
23575 42135 934868
23576 29742 798
23578 39952 177983
23583 10641 996448
10641 39853 820
23585 38531 171108
23586 327 584139
327 33743 1000000
23588 47673 701
23590 5182 616
5182 45935 938291
23593 45884 910919
23594 21540 930753
21540 49450 1000000
23597 8747 191
23599 35310 935105
23601 33321 908
23602 13612 280909
13612 17708 1
23603 42701 953248
23604 7287 972330
7287 24913 337
23606 29811 364684
23607 4706 756615
4706 15970 981223
15970 17212 951940
23609 22663 930540
23610 43250 917042
23612 38079 477
23617 5830 912423
23624 38617 881216
23625 28027 968698
23626 36750 964722
23627 36451 1000000
23630 32951 304
23632 33702 933257
23633 14733 1000000
14733 6652 276020
23634 29739 984294
23635 41807 455
23637 33336 451027
23639 8554 911485
8554 27677 929792
23640 11237 295811
23641 39548 816580
23644 36405 955276
23645 44355 941923
23647 42367 980259
23648 11750 92363
11750 38074 855
23649 3975 440345
23650 38252 957183
23651 43424 889
23655 32019 1000000
23656 38985 171121
23657 25479 889092
23658 26090 567813
23659 29080 991736
23661 35406 548
23665 18391 594887
23666 27207 248
23669 17491 20339
17491 8121 971234
23671 41536 844
23674 21209 455
21209 47073 542
23680 32970 873908
23682 4624 792
23685 33349 603
23688 8680 838183
23690 32624 941711
23692 24478 1000000
23693 28620 316976
23696 30988 954553
23697 6906 796636
23699 8985 929107
23700 10211 555
10211 41753 437825
23701 31658 899
23703 13049 192257
23705 19434 9902
19434 34676 37126
23706 18820 48262
23708 35771 1000000
23710 17564 82884
17564 5513 1000000
23713 27218 909
23724 1581 924214
1581 25581 949493
23726 48172 1000000
23727 9963 725
23728 26853 965398
23734 13263 728777
13263 15663 867
23736 6637 813448
6637 37753 49736
23738 25492 577
23739 40714 177557
23740 39692 955039
23743 4071 283
23747 22480 401835
22480 27855 491613
23750 22072 1
23751 11974 975666
11974 19996 940725
19996 8909 962295
23752 23968 515657
23753 16133 240
16133 23022 919451
23022 16992 972995
23756 24501 901727
23758 20498 466
23761 35551 1000000
23762 32697 626867
23769 1115 137
1115 29562 983197
23772 40324 990218
23774 2876 929378
23775 20900 1
23777 35350 224
23780 41384 61719
23781 12521 219
12521 17979 953629
23782 28398 1000000
23784 2610 914575
2610 28540 673551
23786 20861 640686
23789 47004 167135
23793 37183 1000000
23795 35559 124541
23796 38192 1000000
23798 26206 229
23805 30535 963565
23807 21453 159
23810 37199 673556
23813 25017 975703
23815 5063 996195
5063 41312 936903
23817 40523 907057
23818 3567 632750
3567 26861 317773
23819 10120 1
23822 15700 1000000
23824 9894 585268
9894 29881 977431
23825 12349 949825
12349 44394 921209
23828 21468 102333
23830 11581 972437
23832 13519 961502
13519 11681 685388
23833 30014 1000000
23836 42960 394
23838 44482 1000000
23840 21748 459026
23841 9997 551314
23843 6689 961485
23844 9108 1000000
9108 42561 728337
23845 17331 360360
23848 46383 966405
23853 8055 895882
23854 12028 1
12028 14231 951563
23855 41341 991633
23856 19657 1000000
23857 18000 981097
23858 42704 901677
23863 36081 978524
23864 10558 350901
23865 40419 949623
23868 7857 681
23869 35101 918318
23870 5908 1
23871 48432 123596
23873 13469 1
23874 37175 987134
23875 31165 930988
23876 2110 997140
2110 41584 998177
23877 22674 915
23878 7532 399887
23881 1912 289031
23882 11284 873744
23884 3564 918
3564 19377 5841
19377 23170 658307
23170 45187 827998
23889 46107 879
23890 38724 849004
23891 41800 965
23892 47937 418431
23893 42569 938693
23903 27456 905960
23904 14112 828027
14112 39589 486428
23908 9332 468139
23910 6298 879690
23912 30466 755
23913 32247 941753
23914 25144 918
23916 11369 943684
23917 41448 984278
23920 34217 994135
23921 24172 973009
23923 13163 602625
23928 11084 384041
11084 46652 903706
23932 32140 660110
23934 38651 1
23935 13298 1
23937 32217 685
23941 26128 909458
23945 22241 993167
23946 37257 965529
23950 22920 956253
23953 15371 900921
15371 18609 1000000
18609 37433 720431
23955 40440 375
23956 48148 900150
23957 18194 942570
18194 29906 80027
23958 16274 837303
23959 40570 594
23960 34595 271180
23961 25740 848
23962 161 838372
23963 13035 533
13035 9992 1
23964 9233 998900
9233 22526 979458
23967 17822 659336
17822 37049 682775
23968 44674 913125
23970 45188 551
23972 36453 1000000
23975 16422 392905
16422 8467 935376
8467 48423 358806
23976 3496 924536
3496 13198 42
13198 27251 987787
23977 13355 1
23979 35361 945954
23981 31337 1000000
23984 3623 964947
23989 13068 918446
13068 31326 984478
23991 8708 979010
23992 48120 18755
23998 1447 469608
1447 4576 161631
24000 13789 183658
24001 42588 289
24002 36286 937359
24004 9926 1000000
24005 13090 999293
24006 3809 992153
3809 44819 262261
24009 7938 136
24010 47241 24
24011 40761 1
24013 42161 930328
24014 23017 898078
23017 46523 904191
24017 19313 933318
19313 41988 687818
24018 10079 1000000
24019 45843 238
24020 18567 156475
24024 9273 341701
24026 23516 1000000
23516 8732 995479
24027 1414 883
24028 36300 385985
24033 24181 950288
24036 35176 962368
24037 11703 962754
11703 37939 1000000
24039 2753 943792
2753 25405 979737
24041 43924 916681
24043 18657 968467
18657 49173 611
24044 22302 1000000
24045 34660 37764
24046 25395 983969
24048 28830 906800
24050 13512 973269
13512 13157 906234
13157 20855 912659
20855 32067 193704
24053 29741 594
24055 48257 619888
24060 27638 946986
24061 47450 437
24062 35951 659100
24063 44487 488
24065 39338 948759
24067 6885 913812
6885 20479 979700
24069 26901 934537
24073 4041 440
4041 7949 525
24075 6140 556590
24076 43979 371496
24078 37309 909562
24081 17431 451485
17431 46426 129546
24082 35483 823658
24085 5079 982165
5079 43999 909469
24091 38313 920
24092 41966 228
24093 43807 1000000
24094 16756 913650
24095 40711 1000000
24097 8169 943364
8169 21122 1000000
24098 45665 930338
24105 42568 237636
24107 48924 722046
24109 36857 227657
24110 16765 984119
16765 4001 363
4001 32904 125
24113 45532 931270
24115 392 502
392 46429 692660
24116 15769 82
24121 1695 623054
1695 27271 980277
24124 29445 311666
24127 9012 996341
24128 28235 611
24131 46438 956361
24134 44437 973
24135 28394 438
24136 3978 953452
3978 49257 975983
24138 17412 124
17412 21597 778927
24139 16501 678946
24141 1569 987855
24143 12785 948814
24149 47268 54958
24151 22876 919200
22876 1781 377391
1781 10418 648
24156 24511 886
24157 42831 967635
24158 35217 580696
24160 25754 782724
24165 44518 66
24170 33875 927326
24172 10364 996913
24175 49370 1000000
24182 21005 928345
24183 9321 927689
24192 5153 909718
24193 43395 106
24194 25724 335
24202 42659 778
24204 49052 692464
24206 14367 488
14367 25899 130
24208 19990 965151
19990 11592 722966
11592 27302 607
24209 22475 984684
22475 47552 926
24210 6082 989228
6082 18334 945451
24211 7680 962642
7680 24947 805930
24215 5550 861506
24216 7208 1
7208 32830 258286
24222 23432 1000000
24224 43411 958652
24226 20824 707
20824 35193 640398
24228 28087 935948
24231 25728 993712
24233 43534 987212
24235 34182 442061
24236 35872 100080
24242 13765 953380
13765 1276 935808
24245 27558 968718
24247 38178 545151
24248 41 987506
24250 8445 298773
8445 19830 470
24252 48510 818
24259 8411 987602
24260 19184 971375
19184 41790 999269
24261 39951 317
24265 48256 109164
24268 16346 1000000
24271 6619 919
6619 5400 942092
24272 45448 920079
24273 40585 507414
24278 37584 890926
24279 42848 372
24280 38782 1
24282 43438 551352
24283 48166 735625
24284 17675 228847
24285 43992 754340
24288 33380 566833
24289 23764 947181
24290 47017 1000000
24291 28125 323
24294 10780 963853
10780 25414 925415
24295 22143 969436
24296 28280 703
24297 17750 267262
24298 23718 172
23718 37898 1000000
24299 27195 665
24301 3832 1000000
24304 13687 962800
24306 24993 983564
24307 31395 1000000
24309 20638 925570
20638 9895 759965
9895 7955 946179
24310 28520 758
24311 24445 997135
24319 11071 927376
11071 47631 891327
24321 30928 928032
24322 1946 963190
24325 4681 953673
24329 23982 806218
24332 47097 607013
24333 13438 1000000
24334 4324 979499
4324 24718 960947
24335 33743 755
24340 48827 1
24344 6095 1000000
24347 37858 976
24350 6028 909043
24351 9339 564897
9339 37257 914734
24353 23522 812360
24354 43895 927089
24359 45084 1000000
24360 24426 944519
24361 23441 437
24363 38771 936421
24364 3152 402
24365 34707 997354
24366 34118 944394
24367 24517 1000000
24368 37269 401509
24369 42895 1
24371 21199 981653
24373 33678 920
24376 23254 786718
23254 24405 997847
24377 10593 1
10593 33099 984144
24379 40487 309
24381 15161 1
24387 18893 224
18893 32465 1000000
24390 16283 952264
24391 6283 509
24392 6675 993285
6675 47806 1000000
24394 38525 5
24395 17323 956743
24397 44336 950205
24399 19907 940322
19907 8163 276
8163 36530 1000000
24400 21785 147
24402 26738 765
24405 14447 951198
14447 4596 1000000
24407 35438 181772
24408 27654 388087
24412 9523 307763
9523 14745 532384
24415 49686 954562
24416 21656 1000000
24419 4310 1
4310 30139 571557
24420 20662 212438
20662 11465 1000000
11465 18525 913749
24421 117 996280
117 49516 889
24422 47839 325
24424 35193 925624
24425 31504 441
24426 3721 902677
3721 24504 589455
24427 32954 905516
24431 26617 253669
24433 36603 444158
24434 16002 519287
16002 34807 1000000
24436 46990 921024
24437 43005 997219
24438 43836 942089
24442 7883 1000000
7883 45115 110584
24443 6985 729687
24447 30042 931905
24448 16684 927421
16684 35339 990377
24449 27785 1
24450 18837 533150
18837 40437 1000000
24451 23021 575078
24452 37311 849960
24453 4780 981296
24454 15732 773
24455 38985 252
24460 5426 923893
5426 34488 863
24462 37488 431852
24464 16173 901672
24465 12993 308
12993 27620 1000000
24466 4366 619462
4366 37956 87
24467 14957 335286
24468 27795 1000000
24471 6473 933492
24475 42891 915203
24476 31119 102
24477 23323 993255
24478 3208 818
3208 19204 916990
19204 36869 379793
24481 48829 590574
24482 6141 987336
24485 48387 846271
24486 22056 25801
22056 25592 1000000
24487 24358 935095
24358 21776 374764
24492 20694 908418
20694 8174 50353
8174 17341 946122
17341 35685 1000000
24496 547 544612
547 2590 758643
24497 13431 955726
24498 12408 1
12408 2815 167
24499 22178 772890
24500 12797 501296
24502 30137 922397
24503 43315 916606
24504 20812 424
24505 10498 939623
24511 33156 957880
24513 44454 917936
24514 14166 1
24516 34968 33
24520 43176 961906
24523 13676 983589
24526 18779 214
18779 43047 984653
24528 26272 909046
24531 33600 982
24533 29511 431769
24535 35501 1000000
24536 27700 965709
24542 11395 830837
11395 23563 519713
23563 13737 972265
24544 21314 609098
21314 2719 931
2719 26971 613415
24545 42034 837457
24546 17044 677039
24547 38068 913528
24548 28777 606717
24549 6600 946152
6600 32554 925129
24551 16680 34
16680 35099 589473
24554 26463 948615
24555 23608 1000000
24556 17517 782043
24557 42851 153349
24560 25484 186
24562 29811 1
24564 35642 1000000
24566 38276 1000000
24568 29279 1
24569 37704 813706
24571 3153 91881
3153 7097 564026
7097 20630 944703
24572 32435 46456
24575 42069 909108
24576 30526 971587
24579 1337 158640
1337 30714 929721
24587 8645 566035
8645 46122 786841
24588 38540 957775
24591 23216 817418
23216 29954 944551
24592 5183 503437
5183 6753 775078
6753 23330 188659
24593 36165 703056
24595 7769 171
7769 43167 281377
24600 31004 1
24604 14775 1000000
24605 22492 919973
24608 23664 1000000
23664 28990 675
24610 32833 1000000
24613 37732 1000000
24614 548 728
548 14604 342
24620 1802 928707
1802 22628 746497
24621 4 587
4 48775 52
24622 37314 873409
24627 38505 971133
24628 22673 913160
22673 32069 1000000
24632 38567 138
24634 12238 995193
12238 33457 1
24638 9873 961741
9873 25208 309541
24639 23802 1000000
24641 15462 1000000
24646 18524 345
18524 13288 1
24649 30097 1
24650 46181 673
24651 25952 119
24652 22518 93
22518 24578 655194
24578 11319 129411
24659 7425 997330
24661 43031 614
24663 12654 134989
24665 27885 937203
24666 33808 331323
24668 22557 551047
24669 38734 1000000
24671 11185 706068
11185 9492 906500
9492 7422 317
24674 34779 1
24678 3455 939681
24679 14932 695
24681 40991 934464
24682 12469 144202
12469 45219 1
24688 11409 253075
24692 25378 1
24697 13761 814475
24698 5229 1
24700 35161 517720
24704 12026 746076
24705 11655 121280
11655 20314 349
24707 19627 997996
24708 9691 909892
9691 47845 32
24711 41546 870070
24713 48169 928322
24716 12132 1
24718 14639 1000000
24724 30342 959415
24725 34572 951884
24726 32364 931506
24727 1011 465839
24728 33539 1000000
24729 25513 993364
24730 35069 837
24734 19621 978145
24735 19845 925838
24738 37181 818
24740 32087 294
24741 42172 982174
24742 6741 388091
24743 13678 185
13678 31276 625846
24746 12846 500
12846 6389 949232
24748 47425 907954
24749 3926 918819
24750 956 1
956 8043 435736
24752 33284 331676
24753 21829 988506
24755 4691 1000000
24756 44746 259
24762 30474 852780
24764 23083 1000000
23083 47736 930266
24767 29346 1000000
24768 29729 54613
24769 41330 1000000
24772 7409 732
7409 8070 704470
24775 40876 642254
24777 47217 821007
24778 36293 987189
24782 48676 972251
24786 23350 485662
24790 37135 986855
24791 16989 950620
24797 2690 741236
24801 3375 937256
24802 37809 41
24803 32240 959676
24805 42341 623
24806 47395 456270
24808 22481 952124
22481 927 1
927 43420 476
24813 25208 98868
24815 4062 305145
4062 35679 432114
24816 7898 985813
24817 29198 17723
24824 23909 969655
23909 47836 218277
24826 35531 1000000
24828 33991 999976
24830 28709 935616
24833 35287 929736
24834 47266 937612
24836 32760 950496
24837 4890 958947
24840 18624 908767
24842 47556 60512
24844 18842 943060
18842 47428 988911
24847 16469 1
24848 40874 925210
24849 38395 609
24851 526 831
24854 10975 941190
10975 35016 919448
24856 22405 1
22405 30690 697121
24861 17833 947744
17833 38671 1000000
24863 20735 409
20735 6180 197879
6180 7881 1000000
24864 17659 932327
24865 44040 960308
24866 47814 685
24867 39575 968682
24869 35200 466619
24870 24445 988903
24871 42520 919942
24872 10669 1
10669 29767 996593
24875 39009 996
24876 34239 959496
24877 3100 992099
24878 10556 1000000
24880 44358 1
24881 41562 1000000
24885 12295 110415
12295 60 1000000
24887 23125 946145
23125 705 82908
24888 44077 990006
24889 40817 806423
24890 19583 1
19583 9705 952790
24891 1587 1000000
24894 4098 821751
4098 1405 597529
1405 6372 1000000
24895 8498 760
8498 9609 106
24896 7105 1000000
24898 14487 973286
14487 5669 946912
24900 18616 1000000
18616 5422 922083
24901 32257 900976
24902 41184 744
24903 21018 851
24904 18049 340
24907 48923 1
24908 38147 631
24910 23954 911482
24912 7731 1000000
7731 9400 1000000
9400 41738 547
24914 10001 926473
24915 41931 150760
24917 19909 880627
24918 6623 965191
6623 16442 797042
16442 19774 487985
24919 42866 695846
24921 22322 536
24922 42255 923297
24923 12951 895766
12951 20987 643
24925 939 904369
24927 49295 972478
24931 34673 1000000
24933 20884 137172
24934 22053 950879
24935 32843 941258
24938 33344 984404
24940 28927 969209
24941 41856 930023
24942 23506 260
23506 20773 370082
24944 33444 171
24945 4109 623507
4109 24774 803941
24774 35032 315
24947 12391 1000000
12391 240 335102
24948 46069 479147
24953 1152 41
24955 7663 287
24956 13632 711309
13632 3004 326
3004 41782 955801
24958 28691 1
24959 29334 1000000
24960 24846 880
24846 23132 1000000
24962 13178 432
13178 22075 991425
22075 22715 103064
22715 32264 970743
24963 28541 955831
24965 39248 1000000
24966 624 940925
624 16754 1000000
16754 265 955750
24971 40052 941200
24972 34540 972385
24973 33106 968596
24975 44906 158
24980 30719 403700
24983 44906 89915
24985 36964 980794
24990 47508 949
24993 33162 953201
24997 28960 856306
24999 12563 708783
25000 49652 1000000
25001 28547 1000000
25002 17981 928080
17981 48703 191386
25004 19295 1
25007 24637 934985
25008 37389 902356
25009 337 998722
337 29411 211282
25010 28646 907278
25012 398 693
25019 40575 971919
25021 6321 204
25023 48452 929093
25026 5786 992538
25027 36613 967384
25028 44560 1000000
25029 17733 931312
25030 18925 1
18925 28864 1000000
25031 33710 1000000
25032 9914 1000000
9914 33192 1000000
25033 6763 700494
25042 37510 1000000
25043 17018 954245
25044 23907 787477
25047 33760 1
25048 42560 780
25049 1265 570
25052 44223 426680
25053 18631 115030
18631 15118 228539
15118 4028 906392
4028 6653 677518
6653 35604 536177
25058 29997 405968
25059 11637 194
25060 9956 746
9956 12816 1000000
25062 49660 365
25063 44367 508679
25065 36236 995435
25066 31086 905929
25068 48643 1000000
25071 24342 1
25073 24954 1
24954 9468 810995
25074 28929 196805
25079 11845 14599
25081 20227 694
25082 9870 933788
25084 46739 158
25087 17074 13
25089 28408 913187
25092 633 932391
25096 40951 787652
25097 21295 366732
21295 44002 1
25099 36314 825
25100 42438 1
25103 39204 247
25106 13657 89
25109 42838 205941
25111 10683 262302
25112 43611 1000000
25115 4513 230
25116 36 1000000
36 40382 400
25117 25180 1
25118 41932 979215
25119 46604 553345
25123 8137 997529
8137 14723 1
25124 2272 924809
25128 39771 178524
25131 37046 220615
25133 36393 1
25134 27658 790
25137 3674 949657
3674 28431 963852
25139 9765 1000000
9765 18099 1000000
25140 31272 832233
25143 18638 940752
25145 21855 967483
25146 930 976
930 21347 949446
21347 14831 474
25147 46021 979677
25149 2509 143164
25151 39494 232
25152 38311 951763
25155 11251 200840
11251 3738 986961
3738 4638 985752
25156 5545 1
5545 3044 971517
25157 14222 986175
25158 21557 950311
21557 18900 978934
25159 33136 138
25160 30597 453
25164 1668 839204
25165 38846 261830
25168 10012 933270
10012 24785 540629
25170 32447 158
25172 13679 713512
13679 31985 705
25174 47948 374900
25176 19611 603
25177 3962 589221
25180 9472 61
9472 17647 524
25185 34518 986723
25186 792 966433
25187 8173 510214
8173 14697 951588
25188 36144 522
25191 36625 850172
25192 38880 771
25195 15594 973776
15594 41799 976448
25196 34944 1000000
25199 41944 663076
25200 27964 904111
25202 29332 933404
25203 20966 998658
20966 18220 333971
25205 20466 1000000
20466 2046 496335
25207 17521 474
17521 33279 914349
25211 16654 337
25214 41892 953474
25216 40099 908552
25217 3711 766587
3711 24800 451615
24800 44465 561799
25218 43147 1
25219 26083 1000000
25220 35392 1000000
25224 16156 345
16156 44274 329797
25227 5591 950590
5591 15471 909827
15471 15019 692015
25229 4025 483
25231 30198 964426
25235 40768 907930
25238 46051 997587
25239 23453 998861
25241 24886 984012
24886 30400 913280
25242 17525 927151
17525 2952 920153
25245 32635 683767
25246 7950 18
7950 23136 1000000
25248 4134 950065
4134 42108 198571
25250 9275 1000000
9275 9396 434617
25253 39888 1000000
25256 42646 423
25258 39251 581
25261 1107 906854
25263 49553 928511
25264 5863 512066
25265 36773 496377
25266 19610 310626
19610 13247 960171
25270 29794 565014
25273 13781 149611
25275 3662 612863
25276 26216 939417
25277 32542 985200
25278 7042 988573
7042 21121 493805
25282 12325 791563
12325 15581 35
25284 29119 366
25286 33352 939260
25287 13825 77851
13825 44138 1000000
25288 36607 46153
25289 47316 428594
25290 26345 932655
25292 31198 400
25293 1171 984746
1171 48754 251339
25294 32219 945215
25295 45325 916862
25297 36386 1
25305 31926 458577
25306 29192 440
25307 18009 1000000
25308 22124 280
25312 17729 317185
25313 28971 478
25314 46744 222793
25315 24352 481603
25319 44054 963834
25320 36861 487
25324 24672 578621
24672 43835 744
25328 44638 942390
25329 48785 521959
25330 27020 994453
25332 27739 200074
25335 45195 1000000
25336 10679 687
10679 32992 946777
25338 41500 968054
25339 29122 1
25341 1824 980856
25343 35112 868798
25344 30143 256256
25345 13680 164988
13680 6156 1
6156 19305 971330
25346 17930 564
25348 22296 3191
25349 27244 1000000
25350 24007 93772
24007 21381 635935
25351 20317 192
25354 18124 961
18124 9110 214
25355 32589 778
25356 10197 14064
25359 45751 428878
25365 14880 987415
25366 30728 386260
25367 134 349
134 36187 907671
25370 33624 635
25372 10463 11737
25373 22434 1000000
25374 9856 1
9856 49100 220729
25380 8342 956769
8342 10053 969420
10053 12957 1000000
12957 20018 985965
20018 25300 88
25383 14503 915519
25384 27800 988790
25385 30466 969914
25387 48025 479343
25388 26959 691
25394 45579 801
25395 35845 314
25396 49018 70855
25401 34245 902697
25402 12820 958615
25406 36513 944267
25408 866 1
25409 22334 704946
25410 38932 380
25417 31320 451
25420 20787 887642
20787 16434 947575
25422 5320 28547
5320 39331 453025
25423 33767 997600
25424 37841 367077
25434 13489 784
25437 43240 954229
25439 18898 844349
25441 15919 831602
25445 26847 959899
25446 39798 934269
25448 30441 336
25451 10612 961050
25452 13860 1
25454 35025 163
25455 47524 954305
25456 20449 185
20449 10513 15258
10513 32428 610928
25457 7277 44
7277 29538 710952
25459 1887 902952
1887 33760 219328
25462 34247 1000000
25463 45733 801562
25464 25208 285106
25466 12963 959545
12963 25309 711450
25467 28652 945243
25469 14564 800216
25470 23949 552202
25472 23676 997617
25473 10713 905303
25475 12586 926189
25476 14695 910440
14695 27156 852
25477 31994 807
25478 20273 947021
20273 20981 277381
20981 49323 542
25480 44097 1000000
25481 33778 1000000
25482 27678 975306
25483 16679 267
25484 1454 940359
25485 31693 709217
25487 38320 619
25494 220 598804
220 29639 276
25496 48265 954959
25497 46013 948
25500 21080 963480
21080 10219 925709
10219 31680 345922
25501 36252 58
25503 20067 785
20067 37044 53550
25509 19067 466036
25513 15757 946
15757 27442 757
25514 48103 708027
25517 14176 906421
14176 46625 360258
25518 7702 767406
25520 13462 844020
13462 27960 1
25524 35505 924906
25525 32283 995873
25526 30405 373075
25528 29496 569
25530 41968 971287
25532 2497 926651
25536 25967 884444
25538 8291 55728
25540 14023 432
25542 2181 1000000
25544 12628 15087
25547 25946 61606
25548 47312 983316
25549 8695 421
25553 2885 993188
2885 25855 527674
25554 24988 232
25555 37157 878
25558 7726 926115
7726 38723 875964
25561 18598 959122
25563 31859 380234
25564 15707 1
15707 44476 1
25565 5996 169631
5996 31896 66
25568 45306 1000000
25571 23262 917036
25576 15345 32
15345 4920 979565
25578 40296 939551
25580 42972 370
25581 45596 237
25582 29363 980103
25583 364 977906
25585 34540 611040
25586 43936 980131
25587 17068 920123
25593 12821 986771
25596 19162 527
25598 40033 21
25600 40451 967337
25603 41892 602952
25606 11629 133220
11629 20570 946508
25607 39782 910883
25610 17456 926458
17456 21150 937052
25611 12027 992602
25613 43735 624422
25614 47016 933848
25615 2955 964322
2955 25789 876332
25616 16340 956371
25620 23116 1000000
25622 17575 934253
17575 48035 95686
25624 35185 322178
25626 2355 900234
2355 38806 281429
25631 2309 21
2309 7441 613364
25632 15435 903532
15435 45558 1000000
25633 48298 951538
25634 5908 903953
5908 22866 955285
25638 42576 858129
25639 27091 120071
25640 10231 98614
10231 30890 484128
25645 12889 458339
25648 38811 958742
25649 47860 351334
25650 26280 155
25651 35473 952824
25652 2378 978767
25655 12506 951369
12506 43136 1
25656 33944 148099
25657 19568 926617
25660 5195 225
25661 14620 417
14620 28398 827624
25665 15956 240
15956 47006 927844
25666 18447 1
25668 47906 375711
25669 29039 640430
25670 41892 836528
25671 33351 1000000
25673 48312 973554
25674 673 1000000
673 44312 578713
25676 26263 1000000
25678 33917 1000000
25680 49368 941235
25684 27018 685313
25688 27098 976106
25692 41213 920088
25693 38628 908513
25695 19405 59
25697 4991 916663
25698 23842 88501
25700 40949 149
25701 40439 919030
25703 42709 991872
25704 46299 947587
25709 43181 829455
25711 13146 269
25712 19617 388
25713 32143 742499
25715 7400 1000000
25716 8375 906289
25717 42963 1000000
25719 14759 934447
14759 38195 1000000
25724 8950 906
25725 16148 955192
25726 14209 939409
25731 32342 1000000
25733 8085 941105
8085 8715 858754
25734 18894 1
18894 20452 900039
20452 18619 205121
25740 11024 779584
25743 1004 907437
1004 39310 981207
25747 6949 713
6949 7871 971974
7871 14675 913547
14675 32447 712015
25748 38569 174133
25751 14886 1000000
14886 224 1000
224 49145 962505
25752 19191 560679
19191 42103 323
25755 12619 987433
12619 46260 256109
25762 29818 973119
25763 24239 991015
24239 23595 531
23595 35447 30424
25767 3246 984375
3246 1261 914184
25768 16028 737
16028 44850 596848
25769 39633 142419
25770 14410 1000000
25772 30702 894
25775 38926 99790
25776 3719 990638
25781 42395 1
25785 21944 971308
21944 29267 1000000
25786 40180 482
25788 40099 320015
25791 12246 877596
25793 46781 971936
25798 30480 985306
25799 15609 568349
25801 4242 1000000
4242 46034 57957
25804 6257 11392
25805 17205 67538
25812 36472 892146
25816 38398 194809
25819 949 1000000
949 38556 904441
25820 16382 112
16382 2874 472
2874 46168 20802
25821 21018 935421
25822 34435 589844
25826 16464 68
16464 28175 918
25830 9819 685866
9819 9587 361
9587 20364 131616
20364 10370 982275
25831 38410 549861
25832 11883 986923
25833 195 896
25835 45780 952844
25836 43432 931999
25837 44200 127571
25838 47365 529
25839 32686 737966
25840 8457 69913
8457 39114 1
25842 38697 179580
25846 11467 956067
11467 39814 720
25847 30662 103675
25849 12125 155230
25850 39026 970956
25851 29137 938839
25854 17718 915396
25855 28127 1
25856 4237 1
4237 14512 900965
25857 20041 1000000
20041 37611 839
25861 32176 309556
25862 514 845
514 40106 492546
25863 12900 217861
25865 47881 947939
25866 47032 903908
25868 27736 378881
25869 47982 909558
25872 46959 919
25873 39657 159561
25875 38706 925017
25880 2773 959004
2773 1137 714440
1137 47749 1000000
25882 29729 373142
25892 37813 978362
25896 45068 1000000
25897 8708 357732
25898 49019 57729
25900 21703 599
21703 15811 787138
15811 1592 977181
1592 4411 1000000
25901 45418 934405
25903 22016 915258
25906 36940 939059
25907 41241 912642
25911 48051 1000000
25915 7510 243184
7510 45436 380515
25922 26003 1000000
25924 24631 1000000
24631 505 1
505 39041 242
25925 38026 923643
25926 11825 952437
11825 2465 982
2465 37000 33077
25930 31733 940686
25931 35803 948558
25932 1416 918660
1416 3611 953562
25934 12044 810
25936 15607 1000000
15607 44741 560396
25938 3209 849674
25939 26150 1000
25940 23262 1000000
23262 7719 915464
7719 18752 142948
18752 22133 914415
22133 5730 435828
25943 21633 916889
25944 7670 71514
7670 48121 731
25947 37782 962032
25954 42272 925089
25955 26182 686
25956 42198 530
25959 32728 901078
25961 13635 1
13635 33516 953957
25962 4489 968818
4489 49039 265763
25967 30075 455
25972 10995 604977
10995 35576 965726
25973 21873 1
25974 30519 133
25976 23384 342906
23384 36050 312879
25978 20742 731
25982 34892 1000000
25983 20847 112190
25988 43283 1000000
25990 36079 97
25993 37221 81
25994 30427 952224
25995 33346 302
25996 19113 1000000
19113 3666 971322
3666 15079 1000000
25997 37021 481579
26001 36139 999668
26002 4012 1000000
26003 35243 926141
26005 10623 946736
10623 17676 915462
26006 39470 742834
26008 18434 753644
18434 12535 950151
12535 29135 146
26009 25893 534553
25893 23770 938089
23770 48233 209
26011 934 1000000
934 37149 201452
26013 32399 948839
26015 5657 72
5657 22377 881503
26016 20752 933570
26017 32642 995883
26018 14079 253
26023 26913 316
26029 48269 986008
26030 21268 982944
26031 19462 97647
19462 40132 33
26034 34985 994405
26036 35640 999069
26037 36496 702259
26038 16880 925283
26039 10286 980392
10286 35302 916422
26040 17547 555
26041 48301 976324
26043 26618 624012
26044 48279 1
26046 443 174547
26048 11378 130
11378 22442 455592
26052 26991 571682
26053 36376 1000000
26057 15933 967174
26058 27814 903464
26061 46880 691812
26062 32833 606698
26065 290 244312
26066 16148 975743
26067 27814 156116
26069 37150 983707
26074 45692 118
26077 42438 982160
26078 47228 705544
26081 40769 959980
26082 4447 218942
26084 8500 480
8500 45940 970724
26085 46737 922031
26086 29632 982191
26088 8195 954094
8195 32065 935157
26092 25085 734565
26096 35125 838124
26101 23336 1000000
23336 48872 354
26102 34102 910311
26105 49456 181
26109 25559 1000000
26111 6136 407925
6136 33504 353292
26117 17375 144985
17375 28418 29043
26119 2648 144037
2648 10708 1
10708 13016 956278
13016 13776 1000000
26123 21139 927258
21139 38006 955219
26124 39132 106994
26125 27337 497
26130 39957 906722
26131 5712 981860
5712 32708 815
26132 38767 664189
26136 1872 793556
1872 16826 925235
26137 32056 930337
26138 11303 297231
26139 10244 932562
26144 6656 769316
26148 49235 990
26156 32096 906869
26157 37877 909511
26159 41075 105423
26164 37086 106
26167 27530 393
26170 8747 1
26171 9033 459
9033 35379 621
26172 12671 1
26173 49220 958861
26175 47319 611499
26179 17220 931059
26181 24120 695
26182 20748 192325
20748 28107 368379
26183 22914 714656
26187 7293 944599
26188 2957 447288
26195 49221 1000000
26196 6712 531
6712 21499 937515
26197 5946 406
26198 13960 1
13960 38631 864778
26200 3505 1000000
3505 18674 962287
18674 26180 793694
26203 38673 932821
26204 35003 974051
26205 35745 302849
26207 40711 973434
26211 18624 372756
18624 31434 458
26212 29871 995848
26213 23731 470084
23731 10498 1000000
10498 4962 980702
4962 4510 519340
26215 48696 944053
26216 3565 996504
26217 31947 463
26218 11016 1
11016 17511 559
17511 10585 608
26219 24883 688402
24883 25920 1
26221 45255 90
26222 14171 941842
26223 2483 1
2483 7878 985721
7878 18082 6750
18082 37793 419
26226 10544 917392
26230 39382 814979
26238 5664 906801
5664 31457 1000000
26239 291 483
26240 47198 150
26241 19756 832192
19756 41408 894400
26242 29826 936367
26243 5717 493
26244 39989 1
26246 40539 1000000
26249 34679 437
26251 44049 1000000
26253 24429 653
26255 24086 3
26256 45950 784646
26257 44730 341
26262 7095 994490
26267 43543 906087
26269 25728 1
25728 46741 161
26270 30400 1
26271 35540 989468
26273 41143 993355
26275 31605 631
26277 22463 654507
26278 30911 1000000
26279 756 786818
26280 35297 957581
26281 7507 940127
26282 45396 269491
26287 6751 916066
26288 1138 121
1138 2367 988902
26290 1020 903628
1020 10989 911229
26291 17419 996633
17419 22636 967683
22636 36293 974892
26293 36887 305592
26294 29442 948300
26301 8998 167466
26307 18438 973133
26309 41797 1
26312 16057 1000000
26319 23919 160310
23919 15623 740996
26320 10929 306717
10929 676 564194
26321 9974 317192
26322 24583 252
26325 21890 876
21890 943 968852
943 7842 444675
26326 17566 43
26328 40612 980628
26329 5800 694
5800 19949 980768
26331 14951 316530
26332 43610 951966
26333 48031 929711
26334 44828 142550
26335 46521 69695
26341 33764 986972
26343 6453 1000000
26344 16528 851
26345 30278 262
26346 3745 39885
3745 33334 469600
26349 43576 465
26352 39575 997535
26357 35246 718478
26358 42292 827
26359 37502 933
26360 27526 949
26367 26589 930664
26368 28440 853
26370 28777 231
26371 15833 905559
26375 10382 878
10382 17656 1000000
17656 45844 229249
26377 21783 529969
21783 31731 940
26380 1018 24924
26381 7741 910588
7741 26185 983773
26185 9712 176
26382 6282 323
6282 3459 992544
26383 48892 163121
26384 15034 203993
15034 31517 880
26385 26376 947582
26376 31910 271050
26386 33005 799042
26387 49289 994054
26388 16284 919108
16284 18236 775
18236 8587 974575
8587 25948 349
26392 31615 202304
26393 16236 222996
26398 46974 993644
26399 40933 1
26400 16243 1000000
16243 6014 923485
6014 23862 1000000
26401 30827 968646
26402 22281 964990
26405 9169 854016
9169 22393 71349
22393 9349 972
9349 39548 1
26407 34580 1000000
26409 18047 849
18047 13900 250
13900 9576 1000000
26412 43210 984303
26415 41166 949410
26417 32129 967180
26418 32638 795
26419 37089 934240
26422 27459 392636
26427 32735 918029
26428 2783 915857
26433 39844 457299
26434 3072 326871
26435 19074 305190
26443 36585 816963
26445 30567 64460
26450 44395 904567
26451 46113 901741
26454 26155 799
26155 44016 917637
26455 45155 723
26456 19095 910265
26457 7901 1000000
26462 42165 492
26463 5780 502185
5780 29464 914542
26464 2282 973300
2282 12085 956162
26465 47035 1
26467 16637 238
26470 2165 82787
26472 12287 455023
26474 11426 954805
26475 21077 901347
21077 9569 441712
9569 5516 142611
5516 8643 1
8643 311 321182
311 17590 792
17590 36712 908862
26476 30279 920419
26481 12020 908
12020 12652 629
12652 26260 890393
26260 20805 1
26482 25592 964614
26483 38186 174277
26484 35173 1000000
26487 42580 823
26488 48234 933981
26489 41658 1000000
26494 34604 570
26495 34222 11
26497 34729 948290
26500 22328 742
26501 8626 69835
26502 1143 795894
1143 15338 233
15338 35031 985023
26503 37528 533487
26504 16313 837300
26510 30176 801924
26511 4746 336
26512 15295 742
26514 27642 727083
26516 37446 995746
26517 22170 946327
26518 36098 1000000
26521 25209 153025
26522 20518 1000000
20518 40663 667394
26524 15568 248
15568 30653 918
26526 13000 809
26527 45092 604
26528 25757 1
25757 41684 886838
26529 25105 967
26530 28190 588925
26532 34992 951
26533 48524 12
26534 14205 618
14205 33603 1000000
26535 24274 1000000
26542 7972 178
26545 3516 983744
26547 39428 948998
26553 35551 1000000
26554 10394 952160
26555 26563 247716
26557 32395 194
26558 42207 300283
26559 14546 906173
26561 43661 981384
26562 1912 1
26563 38723 994493
26564 20224 796500
26567 37211 249
26573 41880 828
26574 47805 1000000
26575 42483 1000000
26576 31106 1000000
26577 14130 536
14130 33484 375323
26581 6754 1
26583 13935 831
13935 15491 973584
15491 36839 770433
26584 28385 941745
26585 26327 276854
26589 12586 1
12586 27775 49
26590 1327 977660
1327 36449 707
26591 18330 805643
26596 33 665568
33 13609 902428
26599 21068 959414
21068 38910 956145
26601 12154 371
26602 14975 397471
26603 5819 1000000
26604 31517 958060
26606 2459 963
2459 35941 836
26613 29934 743
26614 44225 488500
26615 4159 975722
26618 31341 951135
26620 24771 71
26622 18551 935192
18551 35802 926324
26623 23424 920292
26626 16051 599
16051 12040 1000000
12040 1587 838
1587 38906 648
26627 11119 50
11119 12758 1000000
26628 38013 890968
26630 20973 970533
26634 15675 594085
15675 28094 991021
26635 6414 1
26640 23082 930141
26644 33447 356061
26647 41016 535472
26653 47657 998488
26654 2323 806095
2323 49145 1000000
26658 31547 206099
26659 44431 318434
26663 22575 987015
22575 1748 897
26665 33439 111
26666 26250 867857
26250 22052 213316
22052 37644 1
26667 23725 302
23725 9995 996302
9995 9284 628655
26669 46498 1
26671 7273 507
7273 39114 987870
26674 46634 629
26676 10685 551921
10685 5065 716
26678 6533 1000000
6533 14499 960710
14499 35652 736
26679 48199 688939
26680 26675 958701
26683 24184 185
24184 5096 1000000
26685 37556 920235
26686 7639 978054
26688 3764 541763
26689 14582 1000
14582 15586 510798
15586 42262 992677
26695 30173 258880
26700 12386 650746
12386 24144 1000000
24144 24552 948486
24552 13982 38034
26705 35671 499
26707 20509 174
20509 8847 1000000
8847 20323 865146
20323 41049 1000000
26708 8983 1000000
8983 38732 1
26709 22696 450601
26710 36550 382862
26712 47827 991000
26714 45481 331590
26715 35518 900430
26716 34212 923140
26717 42163 1000000
26718 13601 576333
26721 9516 983148
9516 16823 453909
16823 6606 274014
26722 24773 947155
24773 7074 630019
26723 37433 938883
26728 527 1000000
26733 5763 534852
5763 48125 694185
26734 36010 1
26736 49335 414241
26739 34322 909651
26742 684 901420
26747 48349 456
26748 16846 904417
26751 1541 957949
1541 1362 945299
1362 11736 75213
11736 23596 919643
26752 2801 65855
26754 6266 607
26755 9429 589669
26757 17376 1000000
26758 5866 948437
26761 27083 1000000
26768 42036 220164
26770 38354 226
26772 16768 1
26773 33387 968658
26775 1528 1000000
26777 39691 904184
26778 11216 759
26779 20495 91
26780 25579 994087
26784 28263 657
26786 18534 364
26789 40547 548
26790 23642 385
26792 30333 277837
26793 2209 1000000
26795 13073 925070
26796 35665 387447
26798 42705 783
26799 49620 630
26804 5614 961419
26806 30688 946891
26808 45198 964967
26809 17396 901494
26811 29867 342
26812 35694 905047
26813 12977 114571
26815 11810 975613
26816 21433 678818
26818 11530 114726
11530 37245 932117
26819 4141 926007
26820 6411 955451
6411 26655 70
26655 4187 374505
4187 32253 195
26821 48277 956825
26822 1518 996471
1518 28748 996171
26824 36687 930085
26826 6842 723
6842 22507 973368
22507 35102 622063
26829 20628 964006
20628 32968 457894
26831 3888 527717
3888 7794 111
7794 49245 624
26833 32970 670266
26834 45063 904852
26839 19949 809689
19949 38354 807
26840 44263 733695
26844 32352 365
26845 2687 430160
2687 22790 220636
22790 22431 169
22431 11374 54774
26846 28563 373407
26848 33055 571
26849 8700 999105
26851 8327 303
26852 27881 296726
26854 49571 1000000
26856 45681 147
26857 25088 925189
26858 31211 27630
26860 35911 544
26862 33607 266
26863 9327 632
26865 3754 100730
3754 5364 970830
5364 18199 1
26866 19799 690506
19799 3929 912816
26868 1952 903918
26872 5509 1
5509 30989 323964
26874 30558 56896
26875 42893 986748
26877 26458 962437
26878 5077 439
26882 25039 169386
26883 10280 912165
26884 1207 706555
26885 21960 568
21960 21525 978978
21525 4031 956369
26886 46509 1000000
26887 38135 24250
26891 30793 273091
26894 33690 909528
26895 48709 911319
26896 23707 1000000
26897 35145 843094
26898 25183 927299
25183 4898 815578
26900 21619 957820
26906 12657 547142
12657 49102 705
26908 32442 435
26909 13444 1
26915 596 941380
596 21628 265
21628 34552 714017
26917 45280 866253
26918 36800 928731
26919 17022 918657
17022 5415 393280
5415 24057 962856
26920 4534 158038
4534 41916 959
26921 21514 950365
21514 44864 913788
26922 482 931457
482 37836 984110
26924 32611 919872
26925 24147 755195
26926 46322 74008
26927 8360 209052
26928 2329 1000000
2329 2076 51
2076 40988 979206
26929 31593 733478
26930 30745 1000000
26932 49717 910426
26933 8010 885
8010 40781 520376
26934 7204 398822
26935 20257 232317
26936 10968 286
26939 4828 641622
26942 5915 941004
26943 22836 964519
22836 1175 643
26944 10617 476399
26947 28288 924814
26948 32721 488708
26951 45092 517919
26954 28758 687656
26957 26128 901
26958 45898 425294
26961 8689 246834
26962 13517 249
26963 9086 388998
9086 2319 994
26964 4037 1000000
4037 17824 273
17824 48859 501229
26965 19618 959752
26971 10292 597342
26974 41802 940611
26978 14427 290311
26980 19344 404286
26984 48468 975487
26986 40194 220030
26987 5267 989449
26988 47036 828
26989 30782 78383
26991 45028 646198
26992 8050 905060
8050 33668 984693
26996 44173 988680
26999 9954 169600
27007 10304 959510
10304 39914 1000000
27008 20835 973656
20835 42379 336390
27009 37519 1000000
27011 5798 953754
27013 9854 740567
9854 19854 947426
27014 45663 421502
27015 4968 904013
4968 25404 956891
27021 10898 437
27027 27893 763
27028 31600 493
27029 35294 233353
27033 11158 316135
27035 37996 778
27038 7129 260403
7129 29572 1000000
27039 25163 141293
27040 24286 1000000
24286 48736 74427
27041 3659 959937
3659 37977 1000000
27043 30121 953883
27045 12430 947649
27046 33115 698098
27048 35938 942687
27049 20600 930872
20600 17649 971059
17649 37963 979493
27054 27889 841
27057 5777 276566
5777 9582 1000000
9582 9376 1000000
27062 41043 1000000
27066 11917 1
27068 6430 997322
6430 1492 124176
27071 32665 994
27074 31727 848192
27075 34228 915843
27080 33081 338
27082 28152 1000000
27084 7838 574995
27086 9424 760
9424 28916 983553
27088 5132 17911
27092 39034 997148
27095 42039 946382
27100 27498 977647
27101 5671 1
5671 41773 1
27102 22878 992920
22878 16304 530
27103 5584 947320
27105 27018 509
27108 29008 382108
27109 10866 634683
27110 44835 722
27114 18601 452832
27117 34285 994919
27123 26364 900735
27125 746 253
27129 210 1000000
27132 13216 195
27133 14831 1000000
14831 32634 459338
27135 27930 960726
27136 41461 997305
27139 30043 900081
27140 12702 271
27141 9865 1
9865 21193 132
27143 45663 976031
27145 6370 203
6370 12223 29411
12223 39141 921295
27146 6612 421029
27148 19643 942090
27149 5552 985696
5552 43824 1
27150 40495 452
27151 28150 167
27152 34813 444949
27154 24087 929071
24087 47933 949619
27157 45501 985338
27158 25414 668701
27159 46193 1000000
27161 19437 790658
19437 28341 900714
27162 48659 214
27163 48064 87666
27164 17197 865
27167 24179 547
24179 6242 918060
6242 34115 978130
27171 45835 901724
27172 40867 97
27173 37745 936318
27174 43129 569
27176 39840 523
27180 15349 1000000
27181 23529 338196
23529 5176 1000000
5176 36245 938295
27182 31762 88008
27186 41685 714265
27187 17610 468
27188 5306 115353
27190 23040 49239
27192 14703 902688
27194 29218 1000000
27195 149 325
149 6157 895230
6157 26566 876
27196 11752 959578
11752 28360 111055
27199 22743 872305
22743 5188 951112
5188 13904 378
27203 9266 253706
9266 9148 970599
9148 6337 74708
27205 19628 786
27206 22204 797959
27207 19157 228
27208 24100 545
24100 2473 987006
2473 35982 342
27210 931 56118
27211 32360 835660
27213 35188 320996
27215 2923 682827
27216 48063 985
27217 1942 920738
27218 44527 127
27219 44898 927490
27220 23787 984575
23787 41368 513
27221 31593 286
27223 18597 967648
18597 11934 589
11934 44941 1000000
27230 19549 889
19549 5639 339184
27233 10635 152267
27235 373 926667
373 39387 728630
27236 39019 746
27239 46318 301343
27241 23219 979279
27243 20005 931301
20005 39125 1000000
27244 6852 950855
27245 43951 931378
27246 2961 865546
2961 32192 103819
27250 33952 1000000
27251 40002 326
27253 14009 266599
27254 29674 147
27258 45132 912565
27261 16724 1000000
16724 49255 980090
27262 41833 393721
27264 6248 912163
27265 20147 452843
20147 47039 1000000
27269 26493 807716
26493 12570 907305
27274 28787 942668
27275 19217 906176
27277 5975 159
5975 14214 55
27278 43066 495563
27279 2249 1
27280 14939 950785
27283 28900 1
27284 34401 143510
27286 49336 918074
27289 26691 942518
26691 37202 729222
27294 18945 156862
18945 34276 915011
27296 45060 917534
27300 11391 991670
11391 9734 916415
27301 27740 929019
27303 7497 976409
27304 28755 781878
27306 4050 702131
4050 24201 453282
24201 23355 823221
23355 42869 992201
27312 3316 952235
27313 33829 933758
27315 4495 51584
27316 21133 1000000
21133 15326 948380
15326 7472 312483
27318 32718 995724
27319 21685 75108
21685 16587 1000000
27320 14710 407623
14710 15859 901
27321 26258 399638
27323 19344 546
27327 17225 341121
27328 44938 957342
27331 40201 73
27332 7243 939874
7243 45887 1
27337 2504 997210
27338 48970 990795
27340 29701 836
27341 36815 1000000
27343 11319 76
27344 11478 902304
27347 14238 901790
14238 11457 568335
11457 19870 1000000
27349 43885 963783
27351 18337 564
18337 24133 998944
24133 10390 458
10390 33879 1000000
27352 13279 950536
27354 25453 301394
25453 10174 601156
10174 33173 914187
27355 26264 189
26264 14107 945419
27356 37088 50157
27358 38399 715671
27359 44116 956
27360 31926 935415
27362 19895 966446
27363 12639 923
12639 7474 1000000
27364 45279 430625
27366 1772 985096
27367 37124 937341
27368 8258 875876
8258 27562 474666
27369 16388 1000000
27370 22145 1000000
22145 4929 991882
27371 15210 975354
15210 24703 53660
27372 37042 947589
27376 36371 888949
27377 24789 1000000
24789 49720 819
27379 26166 1000000
26166 10642 766439
27383 40714 946434
27384 12070 901920
12070 1779 546415
27385 45267 1
27386 118 921888
118 36237 988734
27391 26880 719934
27393 25400 533194
27394 43542 950440
27395 77 517
77 16773 905955
27396 34138 202947
27397 240 250
27400 6062 994784
27401 13210 458
13210 35905 560
27402 22925 1000000
27403 42115 724940
27406 43685 988
27407 20142 505629
27410 13991 291644
27411 34298 978418
27413 5589 922833
5589 23074 218
27414 33223 180086
27417 47197 507009
27419 38331 687755
27426 27298 945194
27427 39883 279240
27428 26099 922170
26099 6801 14
27429 44746 856227
27437 44379 1000000
27438 25285 909433
27440 10306 907564
10306 36523 441
27441 31547 634
27443 20919 959966
27446 44952 985892
27447 30116 1
27448 4192 234764
27455 8152 382447
27457 45962 520553
27461 42390 954762
27462 29976 38175
27465 28513 518730
27466 3520 639748
27470 9102 366158
27472 28355 939203
27475 46774 924527
27482 575 803957
575 41690 529
27484 35104 985
27486 2660 1000000
27487 1852 973040
27489 11517 305489
11517 20076 30341
20076 22229 934773
22229 32869 923250
27490 11115 229952
27491 11223 1000000
27492 22526 901442
27493 23071 379267
27500 32891 705724
27502 10585 1
27503 23778 975179
27508 38736 541918
27509 29975 742
27513 26979 653955
26979 1947 408966
27514 1996 978975
1996 36904 921641
27520 28052 455237
27521 20678 116
27524 15963 503
15963 45147 826547
27526 32227 925497
27529 15162 644941
27531 16628 639903
27532 14362 926928
27533 10128 904050
10128 47840 738734
27534 5371 923
5371 31177 878826
27536 25523 947940
25523 40988 984816
27545 8815 848
27548 40465 921321
27552 2367 1
27556 15100 795884
27558 27695 933
27560 25368 1000000
25368 12486 1000000
12486 3789 1000000
27562 34985 353
27563 31016 978387
27566 6473 961693
6473 20712 878796
27567 20916 326179
27568 47795 954970
27569 3066 738406
3066 42435 973300
27570 16598 164
16598 41834 16855
27571 16032 561522
27572 26660 642210
27574 41359 1000000
27575 8078 764
8078 17064 942257
27577 8701 1000000
27578 31765 973784
27579 7169 465
7169 30355 909723
27581 45587 418682
27583 29724 973945
27585 14719 950600
27586 40561 34805
27587 19309 1000000
19309 25078 910759
27589 45906 161
27592 7597 933690
27593 49169 900105
27595 15416 128
15416 47609 228026
27597 2471 997645
2471 20971 908373
20971 42710 894394
27598 1141 1
27601 30035 401
27605 36248 458
27607 30142 1
27609 15368 816554
27610 25569 415
27612 14956 943775
27613 25098 89915
27614 9158 648769
27619 12485 900616
27620 25963 1000000
27621 32645 230
27622 25342 679
27623 4478 532
27624 10535 778574
27625 10989 103
27629 18177 1
27630 21513 999620
27631 18116 243642
18116 10924 239859
10924 4943 988390
27632 17235 72645
17235 45420 448629
27633 39927 427648
27636 6456 762334
27639 41368 335
27641 46093 433
27642 13934 182776
27645 7531 934406
27647 22565 67783
22565 15897 378
27648 36517 781
27649 5548 328400
5548 12947 1000000
27650 44898 1000000
27652 18408 169558
18408 13184 973097
13184 46188 984506
27653 44747 1
27655 276 906119
27660 10205 966372
27661 43203 920796
27662 1692 731
1692 36330 1000000
27667 38467 619
27668 7272 906655
7272 2206 92
2206 16803 945886
16803 16920 49
16920 17409 503
17409 22946 956180
27669 37948 1
27670 16936 897398
16936 37768 37567
27671 25393 976376
25393 4697 525
27672 22901 312
22901 9620 909964
27675 31875 761002
27681 19734 932
19734 20521 990130
27684 23543 213894
23543 19041 34740
19041 804 1000000
27685 16671 328
16671 48410 451442
27690 20341 1000000
27691 45273 18147
27693 1773 331
27695 28590 125303
27703 4810 938409
4810 26100 331
26100 17778 208407
17778 12710 1000000
27704 9298 861
27709 7003 574657
27711 41466 1000000
27712 31378 947881
27715 23902 599498
23902 13351 507
13351 6554 321
6554 35982 204775
27716 17870 980948
17870 32517 1000000
27722 48283 1000000
27725 14148 909758
14148 24435 405614
27726 11768 985
11768 14203 764872
14203 3020 963865
3020 30702 912801
27727 7098 990041
7098 5446 967844
5446 29673 998423
27729 29383 622622
27730 11403 90301
11403 2871 375505
2871 49284 1000000
27735 9772 971731
27737 35183 626
27739 37411 961355
27742 38052 239
27745 40663 580810
27746 8975 985976
27747 26423 930594
26423 36423 59961
27748 17776 516136
17776 42175 918901
27749 47249 1
27750 14128 931356
27751 7106 785
7106 34850 492
27755 33495 1
27760 45842 593
27762 40607 967240
27763 6265 484
27766 38601 404312
27767 13223 694195
13223 46192 56009
27771 982 108935
27773 20140 77534
20140 3068 28
27775 22951 1000000
27776 42538 841
27777 12814 920637
27778 46924 931490
27779 8317 231538
27780 21759 921897
21759 22211 463816
27785 47299 1000000
27786 33727 959489
27787 33650 972990
27791 34563 267
27795 24582 75621
27796 18855 1000000
18855 33002 156208
27797 12314 686
27799 43766 297
27800 6315 630238
6315 4361 920734
4361 7356 931129
7356 34585 90293
27801 37600 654
27802 29774 194392
27803 27728 877
27805 31109 905288
27807 14648 235
14648 47579 403349
27808 11858 967462
27811 35056 1000000
27813 537 909042
537 43844 224129
27814 13847 909453
13847 48835 510
27817 41549 337255
27819 48478 972674
27821 37037 932292
27824 26252 203566
27830 9721 386744
27831 16785 851
27833 2384 952656
27834 49140 1000000
27835 15597 237450
27837 32183 1
27838 25492 624
25492 28307 248
27840 32581 61062
27841 17704 132
17704 19524 1
27844 11695 397
27847 4224 160
27848 1360 821808
1360 23440 97
23440 18065 963772
27853 40230 823635
27856 41817 926488
27858 35674 452
27859 11320 1000000
27862 11791 1000000
11791 34837 311028
27863 448 852
27864 8947 918098
8947 8950 1000000
27865 35675 1000000
27867 42306 1
27869 31138 1000000
27871 49098 1000000
27873 42055 130082
27874 4130 906649
27879 34606 1000000
27881 19505 1000000
27882 43597 918312
27883 963 287685
27884 37616 1
27886 32434 922305
27887 31724 711613
27889 24167 123322
24167 33936 597
27890 28201 40001
27891 22302 662295
22302 31439 876
27894 41541 294878
27895 46036 956241
27896 17424 984583
17424 29187 925930
27897 38563 277058
27899 19468 926
27900 7656 904885
7656 36607 975207
27901 39376 901100
27903 4255 533298
27904 6295 932
6295 11339 980
11339 24243 815564
27905 2538 152156
27906 38276 887684
27910 1228 712
1228 13474 271
27914 42670 915
27915 16101 1000000
16101 48066 974033
27916 2514 485375
27917 45777 54937
27918 7005 664989
7005 47969 541103
27919 6460 898209
27920 49517 320
27921 43849 904310
27922 12347 782
12347 24821 1000000
27924 15520 991243
15520 30187 319
27925 13580 252
27926 47590 605
27929 33408 941722
27931 11910 849314
27934 34795 487218
27939 4892 387697
27940 31193 1000000
27943 14057 916
14057 30076 1000000
27944 14466 619846
27945 33928 1000000
27948 20328 809996
20328 28492 222293
27950 37265 573
27957 6006 879854
27958 18009 809
18009 21682 943867
27960 24916 251893
27963 37454 967017
27965 44828 230
27966 31352 297
27967 20833 118
27968 7341 999880
27970 36938 1
27973 49293 570
27975 20807 953098
27978 1219 987977
27979 40928 603369
27981 45324 138
27982 8607 914779
8607 25935 432050
27983 28765 1
27986 21600 1
27987 32469 982317
27988 7652 147566
7652 17882 351370
27989 27657 921623
27990 5579 973103
27991 2266 820970
27992 2964 280
27994 5116 1000000
5116 18294 798
27995 40625 1000000
27998 22205 1000000
28003 6643 65305
6643 30474 962547
28004 3135 961326
3135 28415 900
28006 17788 772536
28007 10228 983
28008 24712 428281
28010 30565 891
28011 39594 151
28013 39435 63861
28017 4280 986391
28018 21165 925520
28019 49311 500234
28021 20478 952230
20478 13836 995055
28024 26154 1000000
26154 29202 1000000
28027 16696 390605
16696 17079 587241
28028 45480 578
28031 24829 263216
28038 39127 377058
28040 6492 955119
6492 48489 978578
28041 45440 1000000
28042 30003 395
28045 40137 956
28047 6331 958139
28050 33267 759
28051 37339 162926
28052 15331 444
28059 9868 205911
9868 9468 971707
9468 45383 1000000
28061 46982 131
28062 7760 893
28063 33225 721105
28064 24580 41
24580 22754 1
28067 37472 970394
28068 26424 704
28069 42424 114503
28073 8017 335
28074 34580 89964
28080 10764 908184
10764 7826 930290
7826 47298 918580
28081 20480 925128
28086 45351 970465
28087 43420 498045
28088 49654 1000000
28092 11975 116543
28094 22806 943355
28095 10160 886
10160 25323 1000000
25323 27724 698106
28097 7262 965567
28100 7109 908887
28101 34117 527290
28103 45077 929789
28104 16476 971688
28106 6866 265063
6866 28787 312164
28109 48943 976561
28111 35169 403120
28113 42038 912811
28114 32785 134547
28117 30375 953203
28120 43591 588592
28122 48224 922668
28126 45930 771072
28128 41748 562
28132 17872 1
28136 29694 35492
28138 15629 950316
28139 26026 947756
26026 40765 852
28140 17355 755914
28141 19922 1
28143 21144 97161
21144 38291 994536
28146 11288 903960
28148 19853 331813
28152 425 473231
28153 14668 955771
28155 10449 468082
10449 25377 899
28156 44034 939380
28157 21740 995724
21740 4138 120
28159 17422 972732
17422 33063 362
28160 48170 909194
28162 23460 483
28166 3019 6
3019 36528 984102
28168 10982 924751
10982 9906 748865
9906 45813 995944
28169 2651 864445
2651 11684 1000000
11684 6696 981485
28171 5339 366835
5339 6549 456034
28173 13073 484
28174 1932 950333
1932 39935 977679
28175 22306 984840
22306 10428 949658
10428 49069 968641
28182 7515 414
28188 49439 1
28191 4088 123082
4088 17707 974279
17707 41860 926705
28193 9969 907249
28194 40572 1000000
28195 45974 1000000
28196 25696 931
28197 24670 987031
28199 21304 135
28204 31864 876751
28205 6396 326
28210 28739 1
28211 36684 1000000
28213 33043 379403
28216 36682 291757
28218 10876 1
28222 13500 979353
13500 10760 531
10760 6076 984564
6076 3926 233
28224 31500 1000000
28225 25142 1
28226 32012 981420
28227 31062 919292
28228 38853 1000000
28229 36543 960371
28230 5141 409321
5141 37136 536
28233 41917 352572
28234 22995 912912
28236 33599 925045
28237 42407 919502
28240 44433 911698
28241 11356 944112
11356 35348 494212
28242 39124 537508
28243 44526 141
28246 16286 397
16286 5098 997968
5098 878 1000000
878 28507 929560
28247 31362 954381
28251 42782 972100
28252 1689 950906
28253 17 968255
28256 36149 661
28258 14091 1000000
28260 25789 969289
25789 34872 724012
28263 46586 912592
28264 5082 494
5082 42507 985906
28268 29105 1
28269 47014 231408
28273 49122 613215
28274 41355 914
28275 40017 197
28276 27322 598702
28279 23165 1000000
28280 5305 973511
5305 38099 968826
28283 47457 921361
28288 12699 559783
28293 37408 608077
28294 40820 315757
28295 17633 779
28297 45429 144534
28298 2565 410
2565 14114 962268
28299 41395 10
28300 32520 1000000
28301 47788 979974
28306 41771 1
28308 46778 948209
28309 41607 958475
28310 26592 865
26592 9146 938
28314 14760 1000000
14760 47957 957781
28319 31818 1000000
28323 46646 903092
28328 34246 620744
28330 44783 649
28332 27365 954426
27365 27389 535424
28334 39914 984619
28336 29239 202442
28337 18719 946704
28339 49071 343
28340 46355 916343
28341 14116 962407
28347 26366 744417
28349 47561 718
28350 38005 147897
28351 3181 905407
3181 8297 1
28353 37545 223
28354 2426 461356
28356 10431 963960
10431 25705 1000000
25705 6066 409
6066 5963 58929
5963 47876 308
28358 25963 935654
25963 40649 950614
28360 46946 656
28362 41673 924907
28363 26913 927657
26913 8579 426702
8579 12609 29
12609 16187 956483
28367 28458 540986
28368 11828 663
11828 23783 915149
23783 9405 127
9405 10210 355
10210 12769 938372
12769 17760 1000000
28369 29039 931793
28370 14911 927
28371 20262 984703
28372 13389 1
28374 37162 917305
28376 26629 285640
26629 5065 1
5065 34185 985052
28379 26033 290
26033 7500 952888
7500 8299 415
28380 36240 929349
28382 794 813165
28383 28733 1000000
28388 5852 520
28390 11780 904844
11780 7015 301269
7015 24522 952615
24522 37847 418772
28391 39924 1000000
28392 14676 120261
28394 40702 378590
28396 3497 1000000
28397 48134 769408
28399 41875 930020
28400 21646 980722
28401 38705 375168
28404 36474 285254
28411 13851 992303
28412 29801 1
28414 325 191823
325 11818 622
11818 13224 1000000
28416 18178 1
18178 18803 974617
18803 18586 971706
18586 1129 968831
28419 21291 1000000
21291 30873 909529
28421 34100 549249
28422 35132 937179
28423 32836 346678
28426 42270 126083
28427 44282 804
28429 20607 159
28437 19917 911697
19917 37845 977619
28439 6955 952717
28441 42102 1000000
28442 33791 1
28443 21248 968
28444 18817 68568
18817 17052 980424
28445 16482 917036
28448 35427 957542
28449 39335 1000000
28450 21325 159
28451 31792 708511
28455 20341 367115
28456 39336 946782
28458 48709 926881
28461 43560 950617
28464 41443 705
28471 29600 1000000
28472 36410 943154
28476 28497 768459
28478 25283 942243
25283 34506 512
28481 33625 977202
28483 30079 930904
28490 15434 364350
28491 6722 654678
28495 46385 985789
28496 29244 1000000
28497 20179 906334
28502 25522 906428
25522 34598 1000000
28506 24598 903907
24598 13367 368
28509 19177 980116
19177 13726 706088
28510 40029 963937
28511 17501 740
28513 12990 944997
28517 25811 690
25811 48400 448699
28518 22839 904856
22839 21599 976
21599 37773 481
28521 7650 904096
7650 47050 289042
28522 4975 734770
28526 36248 625521
28527 26272 907891
28531 19758 799004
28532 29212 941439
28535 39703 970044
28536 4036 947999
4036 35650 202
28538 47438 816279
28539 22880 959561
22880 17855 964948
28543 8417 351
28546 34982 945054
28550 24534 451
28552 9352 243226
28555 24702 520753
24702 22892 1000000
22892 6329 692091
28559 37021 976469
28560 16498 160425
28562 43982 874122
28563 18533 826827
28564 17051 170668
28566 749 933480
28568 462 1000000
462 14764 913334
28571 27717 704865
28573 37555 141415
28574 9013 825899
9013 34791 619537
28575 48397 662
28577 37592 1000000
28578 176 486
176 6235 920270
6235 7051 1000000
7051 25085 392
25085 8848 78
28581 23075 829973
28583 32944 927209
28585 34801 920480
28586 21239 85159
28589 15606 138460
15606 31088 923295
28591 28726 207
28593 23546 796
28595 20783 942934
28597 884 1
28598 6775 955081
28602 28541 777
28603 1522 1
28605 29158 1000000
28608 14326 726365
14326 41220 1
28610 20467 704
28612 44080 920277
28613 174 1000000
28615 33572 550049
28616 27496 542
27496 25877 417308
25877 32440 908700
28617 42669 903002
28618 37813 952052
28620 32383 1
28626 38147 632146
28628 39402 536
28629 8615 900423
28631 9040 936758
28633 28054 923058
28641 29916 1000000
28643 14786 960069
28645 46863 953293
28646 24042 986008
24042 36305 937202
28647 28373 919244
28648 39208 605
28650 47376 301
28651 18725 939989
18725 21151 494
28654 10252 957465
10252 25510 1000000
25510 3330 435554
3330 44195 430716
28658 26607 904610
28659 49281 317
28664 2406 501018
28665 2976 408863
2976 37162 585
28666 46995 198
28667 46528 921012
28668 19585 970166
28669 36744 961178
28670 32592 529304
28671 26598 1000000
26598 16142 934
16142 47395 914631
28672 7397 723368
7397 10130 725
28673 40143 906191
28674 31851 781416
28677 45497 317
28678 37033 809730
28679 23298 363
28683 12768 1000000
28684 5025 914779
5025 32024 519251
28685 31869 979161
28686 27638 974928
28691 40668 1
28694 39646 398202
28696 46418 957894
28697 198 932187
198 35331 918852
28700 15269 1000000
15269 44157 385024
28701 35978 339674
28702 466 497773
28707 28918 215349
28708 18158 373936
28711 9941 495818
28712 48605 1
28713 40696 543483
28714 13321 727
13321 7186 990932
28716 9089 539
28717 22826 609130
22826 30868 980792
28718 37847 1000000
28719 22016 332668
22016 15091 955892
28721 20752 515
20752 32778 366
28722 3367 993
3367 11861 955257
28723 26330 724723
28724 49015 163
28725 10941 1000000
10941 42324 213400
28727 16551 925589
28728 12120 923161
28729 1740 975658
28730 30481 921483
28734 15807 37079
15807 19730 502
19730 9784 538885
28739 3050 841014
28741 32246 957331
28744 27006 979839
28746 22704 922687
28748 29399 946647
28749 10051 919795
10051 44093 920853
28750 38103 985706
28756 47891 619593
28757 3710 920917
3710 48543 678
28759 9363 903391
9363 39099 886125
28760 30294 867410
28764 6225 1000000
28765 46338 803889
28767 39995 1000000
28768 19107 965338
19107 8544 731855
8544 19787 1000000
28769 47837 941047
28770 7507 217069
28771 19637 938676
19637 28408 1000000
28774 49568 110007
28776 26619 476024
26619 40464 759569
28778 2690 1
2690 22594 968666
28780 6802 1000000
6802 26639 1000000
26639 15052 161060
15052 23261 855737
28782 10010 944897
28783 22845 903395
22845 48840 901533
28784 24396 24184
28785 43846 511506
28786 8290 252
8290 34168 1000000
28794 33970 204
28796 2297 315723
2297 15788 1000000
15788 12163 607
28797 6565 908097
6565 17881 961
17881 30158 672
28798 3277 251
3277 10493 623100
28799 12573 1
12573 34934 654
28800 40766 994551
28801 16494 128527
28802 40286 1000000
28804 29288 1
28805 32931 82
28806 1761 91497
1761 24745 280586
24745 14345 363952
28808 25985 998172
25985 35412 813054
28810 40612 336175
28818 772 969774
772 21870 937435
28821 22235 474548
28822 19560 959
19560 27325 441
28823 16454 798
16454 13556 1000000
13556 24839 901465
24839 36805 540
28826 23298 951221
23298 2916 1000000
2916 41446 46
28827 25843 442715
28830 44395 138356
28831 2474 920498
28833 8997 58
8997 6540 951621
6540 46138 931983
28834 8848 1000000
28836 9344 950
28838 524 805440
28839 47165 613245
28840 9779 670105
28842 16522 1
28845 47133 334803
28846 41668 227943
28849 27282 914
27282 11333 998785
11333 29052 967388
28851 38503 1000000
28852 24444 918810
24444 11984 952919
28853 28929 1000000
28856 17413 512386
17413 42457 914251
28859 31270 931510
28863 17767 966805
28865 29490 924127
28867 25363 805
25363 44145 971
28868 33137 474
28869 26745 108280
28871 5427 354899
5427 41089 174
28872 46595 907393
28874 46479 1000000
28876 22212 972886
28879 39793 479002
28880 39004 700
28881 45593 169
28882 37279 941148
28883 25215 953354
25215 19223 418877
19223 33432 923962
28885 2331 908444
2331 19531 954045
19531 39053 434022
28886 16326 996915
28888 5457 1000000
28889 506 158576
28891 31995 130
28894 11423 905730
28895 30079 915152
28900 16216 958480
16216 48920 158153
28901 10567 972836
10567 15944 596
28902 3336 652124
3336 32108 1000000
28905 9269 69404
9269 15462 1000000
28908 41770 420697
28909 24586 317179
24586 39525 949099
28914 39920 925518
28915 26550 1
28916 32916 989866
28917 9855 922615
9855 31699 516
28923 38056 1000000
28924 34467 507493
28926 3953 126991
3953 37898 933045
28928 37291 344578
28929 203 630
28930 27759 984132
27759 39867 1000000
28931 19885 953787
28932 4346 614819
28933 25765 842
28936 23132 1000000
23132 26842 715506
28937 44977 1
28939 41752 991370
28942 30419 946567
28943 25093 991676
25093 28186 906234
28945 47960 479
28947 25516 973682
28951 32376 480226
28952 37629 983525
28955 35626 477
28957 21864 208
21864 30322 971344
28959 2552 1
28960 14077 983355
14077 26605 914820
28961 18830 979229
18830 7802 920553
7802 5648 929939
5648 24758 428385
28962 8321 944167
8321 5368 902848
28967 1846 476582
28970 36864 970279
28971 44674 944236
28972 43611 918093
28973 48016 930190
28974 44916 1000000
28975 30085 486
28980 14105 571150
14105 40770 553
28982 9877 232949
9877 33570 817555
28985 34986 625
28987 1017 1000000
28989 30287 915750
28990 5480 318025
28991 39230 1
28994 3191 917596
28996 15272 837794
29001 41241 268920
29002 5711 916945
29004 37063 320371
29005 4435 994928
29006 14574 1000000
14574 7357 914251
7357 25809 369193
25809 21159 931669
21159 27516 944501
27516 32647 1
29010 34190 489844
29011 26600 907172
26600 25340 965319
25340 40819 986849
29014 48273 920269
29016 32847 967613
29018 37561 947616
29019 45392 959888
29020 1856 1000000
29022 19611 942
29026 24558 986721
24558 20086 663
29028 31598 378178
29030 12051 1
29037 41927 981
29038 38407 1
29040 26327 921864
29042 9008 1
9008 12144 389320
29045 23428 661874
23428 39667 982965
29047 28640 1000000
28640 255 84
255 46442 940056
29048 8109 763708
8109 48736 966757
29050 44689 517584
29052 12994 173157
12994 16358 285111
16358 26693 990224
29058 21034 961
21034 28289 925144
28289 45064 1
29062 2181 437
2181 8654 253
29063 23034 923784
23034 43237 482
29065 35918 1000000
29067 29466 938698
29068 36322 25
29071 13118 48273
29074 19567 628608
29075 38558 996
29084 180 902245
29086 19208 1
19208 8628 995858
29087 8106 1
29088 8439 999
29091 38618 520374
29092 17818 203
17818 31975 514830
29095 3458 1000000
29097 44138 928697
29098 3576 984116
3576 35851 584
29100 28689 500085
29101 28452 1000000
29102 34796 975006
29103 9660 915893
29105 18750 929720
29106 28179 160719
29107 25479 983387
29110 48576 81071
29112 47768 1000000
29115 45784 326
29119 9786 932888
9786 1197 944209
1197 21181 367552
21181 34942 493
29124 1569 1
1569 10813 934577
29126 34325 494
29127 12771 69
12771 29396 484
29129 23379 302225
23379 22427 185295
22427 45228 932056
29133 9758 955914
29134 29916 971312
29136 27617 920051
29138 21336 772600
21336 7959 441795
7959 25691 384696
29140 18787 1
18787 46695 955454
29141 348 999998
29144 25802 986660
25802 1882 961599
1882 39200 1000000
29145 8363 344467
29146 17169 986061
29148 25337 939105
29149 28720 968709
28720 10376 910630
29150 14002 995508
14002 42551 919339
29157 37630 50
29160 23484 304
23484 5834 70518
29162 33649 789
29163 34850 912672
29164 36444 900183
29168 8229 807254
8229 34403 906880
29170 31273 917091
29171 15237 927768
15237 12045 988799
12045 9098 924084
9098 10275 941334
10275 10161 215827
10161 43919 962502
29173 10936 1000000
29174 23768 220717
29176 7583 44
29178 26448 413086
26448 4447 900077
29182 1263 602
29183 30336 831465
29184 36469 931958
29185 31433 78865
29186 40604 257687
29188 10140 504387
29189 22852 942514
29190 14596 487596
14596 28779 926901
29191 17698 1000000
17698 24230 981211
24230 42080 887082
29192 22862 1000000
29193 35282 1
29194 36360 1000000
29195 15404 932008
29196 32101 306
29197 30433 650087
29199 15845 902476
15845 15764 152067
29201 36166 593500
29204 15350 1000000
29206 33576 1000000
29207 12559 141022
12559 47765 928
29208 6397 709
6397 7163 719627
29209 15214 1
29210 13411 121392
13411 9387 1000000
9387 49328 926384
29212 17074 193
17074 14209 815351
29213 18269 499
18269 41340 762190
29217 45385 992585
29219 14969 979513
29220 27225 244
29221 11507 1000000
11507 18027 274265
29222 1654 507032
1654 41128 969723
29223 5503 955012
5503 44914 81
29225 2584 913113
29229 9343 429734
9343 22025 918319
29230 9258 939857
9258 10414 1000000
10414 47389 909779
29231 5866 825
29237 11564 866187
29239 12662 193340
12662 9843 1000000
29240 9942 928477
9942 786 986568
786 23582 979924
23582 32067 856148
29241 35004 936277
29242 10724 904112
29243 19132 950275
19132 48758 961438
29245 19329 1000000
19329 36420 1000000
29248 11436 1000000
11436 11425 967655
29250 21081 973063
29252 49063 939147
29253 13841 41670
29254 26960 639
26960 34619 346181
29256 26801 923797
26801 48058 219
29258 4633 935250
29259 10603 394
10603 44981 950858
29262 37437 173
29263 13355 612603
13355 38576 542083
29267 10292 920654
10292 27594 917204
29268 25895 665341
25895 31181 992010
29271 47080 25
29274 10393 980097
29277 2097 980457
29279 17203 902852
17203 4069 971245
29280 31402 1000000
29281 4214 952744
29283 49540 591
29284 19450 335444
19450 8802 878
29285 33208 970773
29290 26292 511245
29291 27124 949066
27124 20908 1000000
29292 19171 227129
19171 6499 93557
29294 25746 979130
25746 13441 976142
13441 5231 906098
5231 34854 1000000
29296 4693 209557
29297 1918 557
29298 48946 479229
29299 18861 949553
18861 34649 67488
29300 25303 100965
25303 30298 52570
29305 39789 190843
29308 17257 306
29309 3120 126825
29310 12906 1000000
29311 19681 990852
29312 44121 973547
29314 2695 838
2695 30793 909053
29315 1215 961527
29318 36745 182892
29320 25991 924902
29322 42083 68262
29323 10795 984
29326 33834 1000000
29333 38389 918466
29335 20525 1000000
20525 22803 986786
29339 34467 744301
29342 21546 45
29343 29832 975697
29346 1861 937212
1861 43606 990618
29347 4164 773
29349 20652 13692
29353 7508 715
7508 43937 704853
29354 15881 994842
15881 38757 887
29355 31916 704
29356 18427 911991
29357 14056 980721
29364 48152 1000000
29365 37925 66
29368 49080 719
29369 3183 602127
3183 19250 1000000
19250 814 919474
814 3387 997215
29370 27106 105
27106 19222 1
29371 16899 86136
16899 33522 945032
29374 13934 1
13934 7425 699
29376 21315 407
29378 44691 918935
29379 42490 986840
29380 30042 1000000
29383 41418 955709
29393 25148 989771
29395 23215 965715
23215 10197 682440
10197 8256 307017
8256 23757 986841
29398 36692 974594
29400 21592 949742
29401 18288 631
29404 32166 912
29407 45316 595
29410 13552 771
29412 15215 861303
15215 2016 937721
2016 49714 779727
29413 2543 337958
29414 20724 4400
29415 34882 92906
29416 36893 466041
29417 39811 948996
29418 38701 1000000
29419 32705 960834
29422 16548 987593
29427 31611 940372
29429 46342 189
29433 4556 988468
4556 45040 1
29434 11917 856
29435 37325 353021
29438 30189 826439
29439 1773 955615
29440 28657 871798
29441 47915 598782
29442 47944 569125
29446 41005 930811
29448 26391 905416
29449 31263 793
29450 6 711
6 22662 870
22662 28091 1000000
28091 3763 936276
29451 19263 146777
19263 9702 1
9702 11999 860
29456 19414 919253
29459 43919 605
29460 16950 373
29462 22319 890
22319 23093 963223
29468 29835 1000000
29469 30870 939913
29470 29915 925301
29473 3113 938603
3113 8392 962697
8392 25054 1000000
25054 44127 1000000
29475 37266 1000000
29478 33946 521
29479 23764 1
29486 41968 976167
29488 36963 56207
29492 16781 252
29494 42408 957377
29495 22611 931046
29497 17996 70395
17996 28754 443
28754 48232 178906
29501 22549 990590
22549 11688 397409
11688 43345 1000000
29502 32614 968752
29506 28572 963773
29510 12799 932580
12799 44057 60
29511 24030 1000000
29513 31444 1000000
29515 27512 667645
27512 4447 251
4447 27339 292
27339 20462 458
29518 49642 423751
29519 5941 553736
5941 27468 656397
29520 37904 968522
29521 28322 601436
29522 33246 920887
29523 10476 192
10476 43947 929568
29524 42424 984784
29525 25891 978394
29527 26072 976720
26072 40042 889
29529 29561 911271
29531 27964 978169
27964 9971 703146
29532 45407 990573
29533 13106 21929
29534 11380 933041
29535 17433 990
17433 40918 603243
29537 24293 596457
24293 30365 192917
29542 12884 931645
12884 29363 54
29363 47992 940280
29543 47481 360741
29546 45253 989598
29550 16229 970938
16229 33654 902709
29553 24843 972520
29554 5794 1000000
5794 30776 918185
29555 6056 934543
29556 420 641
420 11459 908255
29559 19654 403
29561 5411 959446
5411 11332 948956
11332 20383 1000000
29564 28921 715
28921 2575 568
2575 30322 917092
29565 11453 364667
29566 14728 588946
29569 39024 984797
29570 46592 907677
29576 32024 582789
29577 9835 985879
9835 7711 745
29579 15296 428
15296 22657 1
29580 48546 486553
29581 22665 248407
29587 46056 1
29588 15651 373
29589 20902 173864
20902 32592 996872
29590 45745 1000000
29592 4267 1000000
29594 3895 210
3895 11059 158641
29595 7251 900870
7251 42668 982840
29596 17860 1
29598 29445 656694
29445 39645 933534
29599 3306 622
3306 38942 948487
29600 45261 965400
29603 36791 1000000
29604 17301 1
17301 27828 640428
27828 38547 1
29607 25738 726
29610 45071 989915
29612 43696 32350
29613 17892 195350
17892 31405 470752
29614 49358 983027
29616 43898 978878
29619 37306 999423
29620 5616 491002
29621 44097 968203
29622 37220 923584
29624 25438 1
25438 17098 919922
17098 3649 349
29625 15463 953023
29626 22098 980771
29628 2060 906743
29630 40462 570783
29634 17503 1
29637 24249 1
24249 20288 39872
20288 21366 737671
21366 10344 777078
10344 42721 614125
29638 10156 652
29647 2024 946023
29649 8552 968751
8552 27718 934867
27718 18578 930732
29654 33282 79
29657 29568 935873
29658 42487 999114
29660 4245 408096
4245 29227 1000000
29663 5259 95
5259 40110 599316
29664 12658 1000000
12658 8384 1000000
8384 32736 21684
29667 47606 411
29668 16434 983855
29669 6365 1000000
6365 13798 967803
13798 23508 816265
29673 19036 420038
19036 8054 1
8054 33099 1
29675 47936 443864
29676 3893 1000000
3893 39643 872505
29679 33134 1000000
29686 34202 935693
29688 28503 973521
28503 10329 1000000
10329 17332 378
17332 28743 521290
28743 3011 1000000
3011 29645 378597
29645 1255 843040
29691 34927 900745
29692 9186 980648
29693 11020 1000000
11020 8155 958351
29694 3763 551555
29696 34071 682
29698 45770 307582
29701 3006 904762
29703 47953 1000000
29704 6827 999573
6827 10061 210801
10061 26923 995796
29705 30254 809156
29706 2717 991436
2717 29835 963326
29707 20865 974908
29708 43280 914647
29709 34793 991660
29711 319 824
319 3030 972031
3030 45051 945896
29713 24140 1000000
24140 45863 590
29722 44621 989449
29723 25061 901653
25061 31393 101408
29724 6843 913174
6843 3764 1000000
3764 15506 945152
15506 31941 568390
29725 40757 161
29727 14340 991890
29730 22589 261651
22589 33510 957178
29731 49242 719240
29733 43095 515
29735 44542 987304
29737 22212 226115
22212 35352 432
29738 43473 294330
29744 35274 542
29747 27302 172396
27302 26107 981417
29749 35644 902874
29752 20039 806
20039 5925 270749
29754 13030 942776
13030 34326 1000000
29757 2281 744048
29758 41468 86454
29759 24111 108419
29760 47689 982844
29764 10411 1000000
10411 43743 1
29765 2727 831623
29768 812 1
812 9288 1000000
9288 7296 949940
7296 11394 890
11394 6284 1000000
6284 42814 101239
29769 37666 971685
29770 20873 1000000
20873 4596 380871
29774 31371 1000000
29776 15643 950172
15643 42930 1
29777 20266 256
20266 3852 1
3852 18719 846259
18719 13518 787753
29778 41335 145060
29781 22471 1000000
22471 15228 1
29785 13105 870
13105 42851 990198
29787 16313 258
29791 45665 1
29792 42200 102287
29793 31024 931948
29794 9867 552075
29796 56 587
29801 18412 1000000
18412 31731 706832
29807 18789 534
29810 27644 982667
29811 39793 935549
29812 45048 1000000
29815 21372 901511
21372 38082 177458
29820 34589 667520
29822 14227 1000000
29823 22976 962218
22976 40237 299
29827 7762 1000000
29828 39187 291131
29831 38317 133
29832 26769 503
29833 9107 948919
9107 31620 920519
29837 15657 966113
15657 40549 757
29841 44794 704
29842 5096 972759
29843 21631 924059
21631 14222 992399
14222 39746 923760
29845 36411 675
29846 40587 57995
29847 3870 776123
3870 25495 982798
25495 27793 303
27793 38316 751
29849 16197 970224
29850 34443 879
29851 2077 960470
29853 32790 214301
29855 39502 1000000
29856 4072 310
29861 39094 1000000
29862 22268 453
29863 46182 936520
29865 45082 944728
29867 958 918402
29868 5891 413105
29869 12279 359
29870 13664 1000000
29872 2677 547
29873 30656 1
29877 3861 947614
29879 1365 936287
29884 5676 1000000
5676 1982 921284
29885 30523 934
29891 5817 1000000
29893 5734 448072
5734 42645 808
29898 1107 1000000
29901 9500 914336
9500 8105 598
29902 35547 870
29905 18929 203
29906 31180 693267
29908 37905 218954
29912 27025 900409
27025 35591 130741
29913 43303 75067
29914 49249 1000000
29920 44879 1
29921 30686 900171
29922 20782 1000000
29925 14170 962250
14170 22728 1000000
29928 41694 289844
29930 44733 1
29932 5482 989025
5482 23695 276
29933 7487 928
29934 4334 48623
29935 25612 1000000
25612 1212 470
29936 3769 980262
3769 21846 909147
29937 4394 618535
4394 14479 989922
14479 41513 911944
29940 27392 904204
29943 11581 1000000
11581 3365 147748
29944 6750 979595
29945 23317 995138
29950 29142 980972
29951 20624 983430
29952 21426 935
29953 40857 1000000
29954 3919 902330
3919 31273 976815
29957 26110 410
26110 46181 207
29960 18264 301
18264 15911 593854
29961 37146 1000000
29962 37267 980469
29963 45188 966756
29965 26952 461858
26952 6069 1000000
6069 45734 979796
29966 2477 15497
2477 29156 80732
29156 17654 981339
17654 32487 159228
29968 18826 485
18826 39917 620036
29969 21469 100511
29970 7591 302827
7591 28402 535
29972 45283 1000000
29973 17801 629693
17801 29629 581983
29629 19030 755998
29974 39511 1
29975 46491 619332
29979 43522 6656
29980 29235 650
29984 21433 947745
21433 8490 609
29985 22991 923855
29987 3172 1000000
3172 25741 598493
25741 27542 901310
27542 31103 474086
29988 26229 913368
26229 29391 1000000
29989 26120 955090
26120 9281 943311
9281 49464 554
29991 47108 938028
29992 14905 702927
29994 49205 828255
29995 48484 916446
29997 24794 976
29999 28311 667607
28311 28312 4883
28312 21794 286261
21794 29121 900294
30003 21238 830
21238 11921 695451
30005 12314 1
12314 22833 93
30006 14838 424421
30007 44861 663138
30008 46788 942657
30009 17608 598
17608 1582 792323
1582 2419 46
2419 38983 946501
30012 44479 219
30018 45023 1000000
30019 2930 918787
30022 2005 927098
30024 45743 664485
30026 30926 1000000
30027 49351 1
30031 9747 327769
30032 26953 942443
30033 7702 1000000
30034 43287 955288
30037 5814 922252
5814 35062 999212
30038 10269 735300
10269 10915 990284
30039 8636 173748
8636 3000 216
30040 12944 908952
12944 40624 627037
30041 21220 806654
30046 37166 900690
30049 49551 321
30050 26732 920968
26732 35673 901850
30054 4562 934007
30061 21769 1000000
30064 37013 256235
30066 13585 924007
13585 37118 925827
30067 47411 712124
30068 30162 65167
30070 18353 1000000
30077 9458 996359
9458 27692 90834
27692 31676 237658
30079 42122 1
30080 29883 910511
30081 20666 906285
20666 20888 810851
30084 34265 995061
30085 38003 669877
30089 49061 52268
30090 31364 525
30092 32465 818
30095 45792 48999
30098 19833 977320
30099 16193 997331
30100 23973 1000000
30101 8165 547350
8165 2814 736369
2814 7738 636544
30102 33495 586864
30106 18870 561
30107 25198 997670
30109 34129 950001
30111 12394 667720
30113 7517 941593
7517 28484 1000000
28484 28065 1000000
30115 39882 569
30117 41055 252624
30119 29505 314
30120 40528 106
30122 37638 911803
30124 29741 688064
30128 1296 483
1296 1579 919455
30129 31032 717607
30131 34954 1000000
30133 18257 987884
30136 22786 971037
30137 43312 917002
30140 36584 331
30141 19406 978644
30143 40980 998746
30144 3871 1000000
30146 566 671137
30148 26641 1000000
30149 33715 923888
30152 43504 6303
30153 14876 796
30154 17860 655481
30155 7497 136996
30156 26509 846083
30157 43063 1000000
30158 12601 424897
30159 5102 919227
5102 46698 385
30160 30980 900768
30163 19770 267829
30167 44971 925961
30168 20423 761
30170 938 1000000
30173 30398 938307
30174 5787 999001
5787 34905 915394
30179 34658 373273
30180 21593 1000000
30182 43809 986327
30185 1580 1000000
30186 48624 975146
30187 8843 127
30188 39423 716991
30192 29593 1000000
29593 14838 767
14838 12372 1
30193 45871 1000000
30199 45853 983408
30201 44848 564
30203 17040 702
30204 24276 266
24276 20115 824641
30207 49231 901636
30212 13888 810635
30217 14442 719058
30218 27765 88275
30220 28590 500162
28590 2267 921111
2267 34740 938325
30224 5913 345
5913 9796 928948
30226 12922 1000000
12922 40004 308504
30232 18554 1000000
30233 2509 370877
30236 5699 425
30238 30297 849928
30240 5247 956
30241 7890 983
7890 23069 954315
30248 12636 273
30250 14902 648340
30255 22234 1
22234 16790 386262
30256 12088 212639
30257 30072 931136
30258 34755 918818
30259 17066 178326
17066 8709 598
8709 36132 955447
30260 10253 455931
30261 1787 773
1787 41534 275419
30263 26817 959835
30264 25852 426625
25852 15778 519
30265 11567 715
11567 32714 1000000
30267 44826 1000000
30268 29836 461963
29836 12030 264
12030 17159 746
30270 19843 988692
30274 47665 954344
30276 30463 535226
30278 19563 974112
19563 45659 1000000
30281 25588 987354
25588 19760 358302
19760 25376 59157
25376 4749 66826
4749 15062 379771
30283 28206 947908
30284 24200 949332
24200 31454 334831
30285 47728 939102
30286 29678 967500
29678 43545 923043
30288 37861 1000000
30289 33959 983715
30291 20803 1
30292 9222 957946
30293 42235 978723
30295 48826 660490
30296 2745 950210
30299 25718 41
30304 42370 11294
30305 36239 462069
30306 4333 951851
4333 28149 980468
30310 13167 194407
30312 47921 795
30315 14228 1
14228 957 1000000
30316 22374 338906
22374 43663 705
30319 29154 734272
30320 4702 919106
4702 36454 94
30321 660 1000000
660 2585 780215
30322 22166 299860
22166 26828 986908
26828 42364 956
30323 34105 883
30325 18273 140522
18273 31526 640
30327 6669 1000000
6669 15352 1000000
15352 48519 939809
30329 4224 602541
4224 41415 761367
30330 15056 976437
15056 27842 208
27842 19946 109
30332 38919 973524
30334 11158 872
11158 21154 1
21154 10652 732
30335 29304 998886
29304 48866 926744
30337 8612 800558
30340 11694 1000000
30341 17137 662914
17137 25020 712007
25020 19664 637
30342 14331 462727
30344 38247 935599
30347 17106 501637
17106 6193 15
30349 32045 971476
30350 14090 701971
14090 12118 1
30352 32697 338
30356 12155 1000000
12155 22729 477631
30363 23487 925181
23487 5783 923874
5783 46548 947303
30364 47000 806
30366 32204 1000000
30369 6883 950190
30370 16677 979
16677 27971 943050
27971 49648 1
30372 34163 928224
30374 1933 1
30375 3619 1
3619 13173 983644
30379 36018 1
30380 38125 967
30384 35691 1000000
30386 23850 346507
30387 979 513909
30389 1237 995428
30395 29956 903496
30397 16110 14407
30398 10074 160275
30399 47473 673823
30400 9082 914589
9082 39697 1
30401 22127 953600
22127 38783 37622
30403 33027 882068
30407 4892 790288
30410 32434 954359
30411 48923 947047
30412 6340 116252
6340 11908 977716
11908 45522 226
30413 34599 60
30419 28057 413
30421 17568 291652
30423 45848 469
30425 10724 918289
10724 49382 408595
30427 38629 371357
30428 15968 830873
30429 6174 437011
30431 6976 692
30432 19444 959022
19444 48539 950300
30437 33914 618
30439 4734 403
4734 30184 966
30442 23266 425
23266 46962 938086
30445 11123 989266
11123 13224 389177
30447 42714 919734
30449 40165 627434
30450 2426 989576
2426 216 932281
30451 7305 1
30452 17509 46208
30453 27519 1
27519 39105 418397
30454 39814 130450
30456 2844 981670
30458 33373 948565
30460 42445 982856
30467 30409 921654
30409 22010 211
30468 36779 15470
30471 33457 5
30472 31629 1000000
30473 34262 1000000
30474 15551 694
15551 15444 957137
30476 33182 484055
30478 15378 805314
15378 34543 928349
30479 26315 662
30480 12365 526
12365 17733 799
17733 36299 677
30481 98 380
98 32913 898
30483 31973 824150
30485 27408 418
27408 41261 982779
30486 40868 910690
30487 31454 911562
30488 46032 932205
30489 13761 960856
30490 29609 728458
29609 7496 606
30492 10080 913796
30494 7464 962537
7464 37374 1000000
30495 29013 1000000
29013 45053 18498
30496 2858 960136
2858 23296 925319
30497 853 853
853 21341 700970
21341 25950 999
30498 15238 957
15238 35056 1
30500 27056 415467
27056 47541 442006
30504 33735 1000000
30506 33819 788906
30507 4915 995739
4915 9519 907995
30509 28653 581034
28653 48394 591494
30513 46226 607413
30514 46269 1000000
30516 24031 967601
24031 40441 28062
30522 9219 1000000
9219 4634 575399
30523 2521 20367
30524 30482 931293
30482 14946 448
14946 40416 949167
30529 22011 1000000
22011 46716 975389
30531 369 908456
30533 3283 960967
30535 29939 885
29939 9543 907253
9543 2801 918064
30536 6559 963197
30537 29860 536325
30541 48498 1
30543 28920 1000000
30545 40049 302874
30547 33370 990993
30549 12254 249379
12254 41762 920869
30554 36807 552492
30556 16751 978026
16751 49232 197
30557 12852 284
30560 7495 99
7495 5846 951
30561 40211 977178
30563 15347 917028
30565 9164 947355
9164 4683 1
4683 45539 413215
30566 8717 765999
30567 16350 933445
30569 33001 954437
30571 39920 364267
30574 20624 46377
20624 34113 643869
30578 3192 712737
30580 4850 783
4850 36304 975495
30582 19128 988217
30585 46900 997184
30586 35875 157049
30587 18446 1000000
18446 1168 946064
1168 15750 78473
30588 32025 368263
30589 2166 952342
2166 10322 970099
10322 6389 1000000
30590 6737 910070
30591 13395 407165
13395 21182 910256
21182 42945 983765
30594 35630 215595
30596 47669 903259
30597 832 664607
832 23313 673
30598 243 106
243 4531 791657
4531 8299 1
30599 2672 1
30601 19778 992071
19778 2670 843
30602 1123 252
1123 17960 1000000
30604 3127 783
3127 11060 435873
30605 3877 463438
3877 12504 998672
12504 36700 903537
30606 44379 819570
30608 40051 101781
30609 46467 949133
30612 18318 451874
18318 23580 953961
30614 3371 318537
30616 34895 912267
30618 1410 179128
30620 10445 998945
30622 13670 2321
30623 27350 131065
27350 45504 1000000
30624 3274 26
30628 36993 978643
30630 48323 943
30631 32598 716
30632 6813 973651
6813 37537 963505
30633 8124 1000000
8124 47415 1000000
30635 35598 969705
30641 43376 574671
30644 47252 939952
30650 15737 73190
15737 32870 186
30651 47190 981914
30652 18991 74
30653 25643 535858
25643 41394 601
30654 32048 946045
30657 22782 495299
30660 31096 951359
30662 10086 427086
10086 8419 364
30663 25450 955058
30665 24217 911226
30668 22170 701042
30672 32420 291449
30675 17183 422408
17183 25667 969061
30677 19813 876667
30678 43629 206170
30679 44155 336833
30680 15754 421146
30682 12557 868033
12557 39576 274135
30684 8302 1000000
8302 37075 1
30685 32172 673160
30690 37891 541
30693 29029 925400
29029 43669 25870
30695 18599 906036
18599 27128 1
27128 7639 537
7639 31353 155408
30697 7408 984787
30698 12085 936451
30705 21841 704946
30708 46487 949175
30709 590 972030
30712 13038 283
30713 45523 1
30718 20653 676276
20653 38976 908929
30719 4012 1
30720 17499 631550
17499 16893 23
30721 42981 397334
30722 1000 1000000
30724 14779 883077
30725 13789 64398
30726 48023 1000000
30727 21489 1
21489 29848 775
30728 3782 939348
30731 19846 1000000
19846 2849 1000000
30734 15310 1000000
15310 10284 855788
30736 24339 612
24339 17823 490025
30738 19103 476555
19103 46843 791068
30739 41885 1000000
30741 36521 793597
30742 18152 438
18152 19375 1000000
30743 21577 998487
30744 11740 854
30745 37789 1
30749 45441 918370
30750 21267 800022
21267 48751 829220
30751 33383 956402
30753 48379 943368
30754 40901 447
30755 33232 1
30756 1741 910582
30758 42701 876
30759 48713 732696
30761 10393 1000000
30762 26814 534
26814 12450 538
30764 35260 1
30765 10598 677
10598 43212 132
30769 32946 1000000
30770 43018 991999
30771 27478 990807
27478 28565 925360
30772 34822 987709
30779 45948 1
30781 26956 676107
30782 8880 145
30787 13160 190210
13160 27065 987674
27065 36446 544
30788 21999 932223
30792 49371 796
30793 18430 921851
18430 32164 987855
30794 47442 218944
30795 30035 1000000
30796 26662 993584
30797 27333 617490
30798 10233 1
30799 46952 653944
30800 7666 695
7666 21735 894204
21735 32658 966020
30801 35326 973138
30802 19457 1000000
19457 15263 964
30803 47403 967724
30809 12958 364499
12958 34951 1
30810 6652 961174
30815 3182 394
3182 46919 177
30817 16512 966187
30820 35879 1000000
30821 39939 961345
30823 12200 924678
30824 24709 987
24709 45144 1
30826 10349 891
10349 37802 147652
30827 33655 401351
30830 23069 934536
23069 34114 626
30834 9804 655962
30835 19153 366083
30836 34235 359
30838 2097 900754
2097 49288 114077
30839 2051 962870
30840 34017 916
30841 7545 982461
7545 41827 538558
30843 11019 957102
30846 9247 964862
9247 33605 716559
30848 40765 86142
30850 27299 660
30852 23339 962362
30853 31252 975062
30854 27248 768740
27248 16501 428
30855 2853 606
30857 22697 922539
22697 32436 901285
30858 17946 975
17946 11419 916586
30859 45374 933942
30861 8846 1000000
30862 36174 1000000
30865 31452 819701
30867 8548 710487
30868 22578 1000000
22578 12092 572203
12092 9283 906692
30869 721 915039
721 19512 732089
19512 46669 280611
30871 10925 92552
10925 32859 1000000
30873 48600 929484
30876 25964 81549
25964 21464 823842
21464 14689 763
14689 47323 942454
30877 22193 792789
30880 5547 6
30881 34801 639
30882 46336 414874
30884 4847 120938
30886 35094 910275
30890 25208 729477
30894 41240 415
30895 1428 996389
30896 38969 276
30901 17901 995547
17901 3516 757
3516 23153 402
23153 13061 626
13061 32603 952004
30902 35227 996095
30903 8408 311458
8408 6185 625
6185 6094 662106
30905 40057 308033
30906 46795 642
30908 18898 431653
30911 26300 44
26300 2066 231709
30912 41216 159827
30917 24845 312385
30920 31702 987735
30925 34768 237201
30927 29617 993471
30928 23677 575
30931 27498 1
27498 19101 976060
30934 7322 251
7322 12765 510932
30938 40484 931383
30941 19718 1
19718 29802 982115
30942 10607 924831
30943 30465 926
30947 20184 1000000
20184 17547 527
30951 20968 900035
20968 42213 661
30952 25415 246
25415 40733 860690
30955 14913 736519
14913 7784 447859
7784 23745 526205
30958 29611 1000000
29611 48128 901267
30960 32515 22315
30961 10320 71288
30962 15434 932326
15434 9559 1000000
9559 33823 1
30963 26177 242018
30964 21355 5143
21355 8134 891118
8134 44172 1000000
30965 43579 956944
30966 17360 972147
17360 16843 637387
16843 33442 390948
30967 22118 987698
22118 16281 945
16281 24163 494362
30968 21340 1
21340 4446 980594
30972 2897 81183
30973 6673 1000000
6673 35484 921733
30974 11694 313531
30975 33656 560594
30977 44270 954188
30978 19523 206097
30979 26650 952393
26650 14384 840
14384 34443 689039
30981 34534 606436
30982 5896 953171
5896 34462 285355
30986 22080 802
22080 36617 945550
30987 14268 996044
14268 11954 934482
30989 30123 945034
30123 3455 919674
3455 8360 1
8360 31462 965168
30990 21700 721424
30991 1947 1000000
30992 42999 43
30994 11379 978061
30995 10546 1000000
10546 2306 669213
30996 16258 945328
30997 10130 1000000
30999 27606 1
27606 39963 719882
31000 1384 607151
31001 41842 905689
31002 39076 230
31004 44377 979469
31005 26045 890
31006 554 90935
554 2897 734287
2897 14234 675864
14234 9667 946603
9667 21422 771
21422 25881 689578
31008 49011 989610
31014 41568 954727
31017 41612 432
31018 19279 1
31019 21577 957413
31022 21543 723
31024 32746 869554
31027 41146 929088
31029 26649 385
31030 14786 971502
14786 23103 703044
31033 6696 913806
31034 25121 912019
31040 32103 1000000
31042 11080 1
11080 25003 935956
31044 49233 1
31045 393 187403
393 34311 631
31048 5103 922222
5103 5227 928196
5227 17248 213
31052 498 999123
498 46121 425
31053 1286 904487
1286 39989 982903
31054 40518 922476
31056 17241 795
17241 17131 557
17131 38431 911776
31057 11580 1000000
31058 16714 560
16714 38015 592013
31059 30789 956905
30789 26823 630
31067 45317 952221
31072 2077 829
2077 19373 964337
19373 33440 934575
31074 32225 672
31075 18170 539180
31076 21777 83212
21777 39755 214220
31077 36408 982546
31079 45841 988007
31080 44271 903807
31081 39627 539
31083 48117 914896
31084 3227 905293
3227 44783 500
31085 37951 916747
31087 39681 777
31093 18243 1
31096 43258 144261
31099 2170 388973
31100 42561 568403
31111 10747 642261
10747 5710 676188
31112 22247 988293
22247 45635 956275
31113 22404 729914
22404 18569 926056
18569 7229 988251
7229 2253 900
31114 9567 968621
31116 9729 268112
31117 16484 921659
31118 25663 958385
31119 3639 834
3639 14971 1000000
14971 23760 346
23760 19217 1000000
31121 18660 924346
31122 35528 516413
31124 19445 922606
31126 23362 609524
31129 42592 926729
31131 42280 979681
31137 24644 946477
24644 35937 936863
31139 41009 972051
31146 30576 943411
30576 45624 370
31148 12054 1
31149 40848 353407
31150 1863 983827
31158 13893 983480
13893 31994 249604
31160 47268 956176
31161 28843 921939
31163 3784 319388
31164 6772 747897
31167 35239 13395
31168 40838 631833
31169 13220 970150
31170 3149 107500
3149 10811 37
31171 9512 1000000
31172 45012 1000000
31173 16659 143
16659 43008 623
31176 29035 94435
29035 40194 596
31177 22990 516662
22990 25114 1
25114 49025 930810
31178 6717 989
31179 9106 921004
9106 15885 866
31182 26492 917153
26492 19867 345052
31188 5858 975504
31190 45500 1
31191 44516 945323
31193 9237 282772
31194 10418 951
10418 14182 1000000
31196 37862 929138
31199 20334 945858
20334 28333 197
28333 12243 278171
31200 503 1000000
31202 26478 1
26478 36841 1000000
31210 43088 48
31213 48661 218889
31215 3600 188
31218 13650 113
31219 36266 927295
31220 37524 583
31225 8660 931474
8660 1598 914592
31226 33966 292513
31227 20264 905113
31230 24484 157466
31234 3023 910510
3023 36245 610471
31237 8381 109295
8381 44807 1000000
31238 3108 779
3108 8067 715390
31242 41995 903494
31243 35155 1
31244 13737 201712
13737 48245 427
31245 17107 976556
31246 14826 910330
14826 33888 282911
31247 23283 996508
23283 33992 1
31248 38827 568960
31251 3452 1
3452 44843 1
31252 47226 959378
31254 47788 929474
31255 19783 231
19783 5191 466
31257 29432 1000000
29432 22893 984215
22893 46249 962249
31260 35366 1
31261 19804 569140
19804 964 795532
31262 40244 618121
31263 17926 640766
17926 25604 554678
25604 46377 925236
31265 19477 257066
19477 931 978
31266 41679 935904
31270 22114 277
31271 21118 1000000
31272 2193 982916
2193 46507 483185
31273 3000 974167
31274 27444 980839
31275 2619 966286
31276 31926 965629
31279 14808 185171
14808 3342 964700
3342 48094 957331
31282 21396 1
21396 24162 698695
24162 8074 962018
31283 28487 476900
28487 6962 946771
31286 36092 516
31287 16247 913007
16247 9734 470720
31289 32196 1000000
31290 34537 932088
31298 48674 1
31301 22852 842934
22852 23285 718025
23285 42452 946587
31302 12509 617
31307 45601 767839
31308 47559 977227
31311 13069 770652
31312 22728 55236
22728 18471 517041
31314 41556 1000000
31317 49685 975074
31319 6999 918519
6999 23378 905420
31320 14752 698490
31321 26440 940178
31325 4256 978654
4256 4698 1000000
4698 35058 731
31328 27480 986103
27480 16276 948101
16276 18811 1
18811 48502 91987
31329 36987 3962
31331 17972 953364
31334 36510 223111
31335 20658 971430
20658 37210 1000000
31336 40408 1000000
31339 27689 395
31340 25148 1000000
31343 24384 906697
24384 210 483
31352 31470 345197
31354 5786 526926
5786 29003 903251
31355 15281 242
31358 49271 290
31360 28029 465513
28029 22513 990779
22513 45093 150
31361 16476 510
31362 20515 905435
31368 43760 637
31369 27297 948411
27297 32555 220
31370 7309 594
7309 40328 953321
31375 46902 704487
31377 3297 887657
3297 9298 92078
31378 35156 611537
31379 45546 1000000
31380 29835 795164
31381 21112 82178
31382 24051 464996
31383 43881 979
31384 39361 970305
31385 35189 1000000
31386 4637 509
4637 8468 868297
8468 39117 1000000
31390 8060 366667
31391 6839 752484
31396 38666 211552
31397 33592 913
31398 22765 653
31400 37158 987122
31404 48643 610437
31406 10274 340
31408 15239 1
31409 27276 966448
31411 34551 384
31416 30957 991226
31417 46327 175
31420 46555 1
31423 16032 774770
16032 15006 961601
31430 43669 975050
31432 35606 561191
31433 3144 1000000
3144 1365 903422
1365 18655 660898
18655 30378 1000000
30378 46264 232002
31434 19230 1
19230 22632 1000000
22632 41578 450
31435 49687 73873
31436 16522 92622
31440 32100 170
31441 23895 21378
23895 3578 147675
31442 22813 833637
31443 32759 569834
31444 23862 360
23862 16710 588705
31447 2771 764364
31449 37632 718547
31450 36905 993
31451 36177 924042
31453 23093 236826
31456 18992 783
18992 15895 1000000
31460 16015 227
16015 28316 1000000
31461 15873 921024
31464 13717 221412
31465 5666 948002
31466 6409 995406
6409 41580 1
31469 2741 997130
31471 15545 1000000
31472 21883 227815
21883 22363 1000000
22363 22390 1
22390 44884 261875
31473 30819 967543
30819 49388 375425
31474 9709 228043
31475 46006 51162
31476 8797 353781
8797 18669 1
31477 38549 1000000
31481 16622 1000000
31483 34131 932362
31485 30773 1000000
30773 9902 970208
9902 10233 598
31487 39459 502087
31488 23886 939685
31491 39358 255527
31492 18513 1000000
18513 31216 85
31216 3469 983
3469 725 1000000
725 23947 75157
31493 46764 950426
31496 15349 1
15349 9319 1000000
9319 23184 699370
23184 29929 325
29929 1430 1
31497 43959 943346
31499 48123 955236
31502 16862 964006
16862 26168 947890
26168 40693 937185
31504 42710 1000000
31505 49659 948
31506 12127 955186
12127 1043 676605
1043 38247 670995
31507 48135 943376
31510 38238 457
31511 38641 916002
31513 9718 74
31514 26115 428726
31516 25389 465205
25389 11673 965948
31517 7209 609683
31518 40811 906570
31519 961 966001
31521 29574 148454
29574 34149 979117
31524 30227 511
31527 17244 121246
17244 16391 74852
31528 32548 241
31530 13659 155
31531 40390 1
31534 8040 852399
8040 41065 1000000
31535 5725 638929
31536 39417 532095
31537 686 165153
686 26327 935875
26327 7785 449
31544 49352 1000000
31545 19098 136
19098 28627 997864
28627 21114 871597
31546 47173 763
31548 7470 573390
31549 6798 993380
6798 6583 906274
6583 4896 1
4896 7438 977260
31550 13208 971542
31552 19792 1000000
19792 31106 850
31106 9089 983007
31553 105 230874
105 24967 869384
24967 3936 32611
31555 48348 1000000
31558 8121 967257
31559 43873 957833
31562 36479 165
31566 32731 17
31567 8026 211402
8026 10871 982309
31569 45266 65831
31570 19501 607
31571 42667 602950
31572 45789 940576
31574 13297 675646
31575 21886 454020
21886 32050 515144
31578 1049 605
1049 40748 442148
31580 11932 1000000
31582 25637 952856
25637 21549 511
21549 38918 629690
31585 39723 645528
31587 3688 321
3688 35255 1
31591 2639 142267
2639 14094 951332
14094 11117 214
31592 30688 743
30688 28687 928786
31593 3970 546464
3970 49178 1000000
31594 18728 931642
18728 41098 817
31598 6968 539444
31601 29514 700
31602 14012 1000000
31606 28079 875403
28079 15009 351555
15009 18670 361605
31607 33910 564155
31608 47387 609449
31613 48101 136066
31614 40048 912773
31616 42460 1
31620 24961 910828
24961 15028 1000000
31621 35108 440
31625 6280 1000000
31628 13022 440959
31629 14588 556
31631 34070 343220
31632 44710 393479
31634 23837 160783
23837 10255 980297
31635 26610 938661
26610 76 785
31636 12511 1000000
31637 36344 902404
31638 48959 890433
31639 46970 957
31642 37112 72
31643 7621 335375
7621 25663 442303
25663 23556 1000000
31646 37742 997221
31649 713 29520
713 48964 112
31651 11659 679
31653 24238 1
24238 38123 983053
31654 35771 227
31655 14856 834
31656 41672 81883
31658 34455 1000000
31659 5105 921112
5105 29844 936868
31661 22768 213711
31670 11442 946708
31671 16357 302486
31672 10473 683
31674 1688 974040
31676 1598 584569
1598 48580 971242
31678 41111 1
31679 31162 109
31680 21973 713
21973 35452 965
31681 19688 965922
19688 7234 1
31682 22202 769025
31684 29772 213031
29772 20616 582947
20616 22157 266
22157 19047 908516
31685 21040 390718
21040 29866 635397
29866 37606 16711
31688 18175 919668
18175 26126 901449
31691 38537 1000000
31693 32163 424377
31694 15361 90637
31695 43400 999325
31697 24125 737435
24125 37444 184570
31698 14539 687813
31699 36973 669
31702 30462 358726
30462 16040 492879
16040 43181 3266
31703 29151 271165
31706 1856 548
31712 29938 842
31713 44911 49
31715 32798 630822
31716 49425 367717
31717 43963 881
31720 41780 321527
31721 31726 172
31724 34350 95051
31726 22606 1
31727 39635 563356
31728 6293 596737
31729 26507 385157
26507 31489 1000000
31730 45639 981810
31732 36475 360290
31733 32740 175
31734 13009 986626
13009 26967 1
26967 45216 447441
31736 41788 385556
31737 4685 712487
4685 6817 987283
6817 6588 256874
6588 14327 991111
14327 35136 719789
31738 47009 951532
31740 33602 909044
31741 16796 1
31743 34219 157
31745 1874 880
1874 40963 379
31750 12937 461
12937 13576 908322
13576 13757 651163
31752 2028 104
31753 5618 1
31755 16955 900184
16955 18798 936767
31756 236 582025
236 36431 810391
31758 40181 1000000
31759 17257 957930
31761 4753 878265
4753 26042 496038
31762 37620 696
31763 30178 104271
30178 12874 964983
31765 9547 1000000
9547 42646 987804
31767 38360 670
31768 43356 685592
31769 4502 136232
31770 24483 924911
31775 2645 1
2645 7083 1
31776 36596 953726
31779 44476 165
31781 29041 979920
29041 12679 586
12679 37511 930184
31782 32876 969466
31783 22140 941269
31787 37531 942919
31789 24517 987264
24517 49165 129559
31790 464 986637
464 48887 555
31791 45662 756260
31792 31500 75605
31793 37477 83913
31796 4752 937085
31797 33953 374
31798 46710 687313
31800 14019 772
14019 5121 1
31801 6257 980608
6257 13933 956861
13933 24687 58471
24687 35229 957371
31802 43280 55
31803 49034 978841
31804 43451 716366
31805 9315 1000000
9315 41136 981685
31806 34958 528
31807 357 1000000
357 11203 226
11203 47288 996696
31809 36879 1000000
31810 1579 359354
31811 4750 863
31812 35491 364598
31816 34063 925006
31820 33408 1000000
31821 43231 937149
31824 6178 674
31826 2991 1
2991 32167 1000000
31828 8371 816
8371 5898 423940
31833 32941 1000000
31834 23733 981389
31837 47786 527531
31838 186 1000000
186 44058 965260
31842 7663 1000000
31844 10550 285
31846 15721 448668
31847 1341 34
1341 28361 239043
28361 5402 182
5402 8651 1000000
31849 32214 973321
31850 33773 914408
31851 24988 868181
24988 38052 1
31852 1946 29661
1946 35641 627
31853 16851 288727
31855 48938 900223
31856 44691 62079
31857 5728 615
5728 22958 579
22958 43441 937054
31859 27961 748701
27961 30105 745
31861 9222 539105
9222 5480 125
31863 33888 415
31864 29216 975543
29216 34090 967208
31868 17519 915246
17519 22994 978824
31871 33472 830460
31872 17556 1
17556 9804 1000000
9804 18016 54049
18016 32124 905
31873 27682 590684
27682 18622 987664
31877 4375 910487
4375 41163 1000000
31879 6170 1
6170 31186 926636
31186 10319 593
10319 3022 644
31880 25361 960770
31881 28317 909933
31882 3332 960370
31883 24968 65
31885 38713 423
31888 27794 1000000
31890 16647 684403
31891 31822 921
31822 15444 1000000
15444 43591 625
31892 6509 741739
6509 28657 1000000
31893 2372 919731
31895 31421 50260
31896 28460 917401
31898 39466 747
31899 1891 525385
31900 28636 1000000
28636 47363 930059
31903 19564 938245
19564 7065 83982
7065 35912 79
31906 16246 217396
31907 43365 930
31909 28735 1000000
31911 15611 286672
31919 13040 1000000
31920 3114 532
3114 29350 953418
31921 35352 761
31922 10083 982511
31923 20502 238
20502 36453 248
31925 36099 975470
31927 8927 1000000
31928 37903 930259
31929 47787 568
31930 4872 1000000
31931 23628 386693
23628 19963 408241
31932 29804 361
29804 31808 185
31808 43814 655
31933 42990 274
31934 667 1
31935 46093 991737
31936 9772 50518
9772 11284 901056
11284 39564 999851
31942 5204 978784
5204 20775 979567
31944 34489 699674
31949 4730 969813
4730 28151 967804
28151 47560 1000000
31954 33529 425
31955 10988 952586
10988 42593 911870
31956 38786 363000
31957 4624 394
4624 49584 980823
31958 44732 938573
31959 13772 1
31961 12757 721006
31962 7546 943798
7546 20348 1
20348 4851 739146
31964 2403 204700
2403 3480 953690
31965 14225 200095
31966 22812 839043
31967 41260 990520
31969 46912 522
31971 29341 969500
31972 47570 279137
31975 43799 939239
31979 25521 907892
31980 24527 934332
31981 32830 109
31982 17391 756
17391 41632 1
31984 42967 659005
31987 16866 808782
31988 25095 722972
31989 25732 990306
31990 23026 107748
31991 32212 996250
31992 39725 114202
31993 15631 623
15631 17687 152
31997 1938 957635
1938 41380 297002
31998 14113 968
31999 9833 975914
32002 34990 921215
32004 29761 693
29761 21301 479454
32005 41437 129
32008 25426 1000000
32009 40857 570
32013 19189 258
32015 8818 419945
32017 20167 962622
32018 30874 441
32021 1895 914268
32023 33459 1000000
32026 14512 994686
14512 37143 159
32027 24052 770665
24052 32731 909457
32028 13664 914428
32030 33407 981187
32031 12415 113
32032 47164 473880
32033 27144 926581
32034 27543 923671
32035 22483 10
22483 44893 936451
32038 39078 344733
32040 38820 10
32041 16303 1
32042 16905 701
16905 32506 747730
32043 2643 934528
2643 20126 427986
20126 13467 420996
13467 4747 809459
4747 49404 1000000
32046 20765 948717
32047 31313 397
32048 33779 1
32051 22441 795722
22441 31439 434
31439 19439 1
19439 37634 983525
32054 8135 927623
8135 28549 555
28549 32532 242987
32056 14055 1000000
14055 46822 384592
32057 35707 113224
32059 9986 489
32066 30918 921021
30918 39951 947210
32068 8523 710250
8523 4858 569240
4858 12273 381197
12273 10968 567
32070 21431 622927
21431 2828 1
2828 1062 599235
1062 21003 793
32071 34793 979934
32074 32065 828528
32065 30515 971224
30515 8931 990431
8931 16974 383384
32075 23448 107455
23448 43829 739
32076 21562 914821
32078 18700 423401
32084 44347 949925
32085 44644 624
32086 2770 909044
2770 10816 194367
10816 19687 528
32087 42403 952096
32088 33041 430255
32091 32389 953659
32093 45305 883
32095 31332 164838
32096 20061 150550
32098 19957 507084
32099 1808 354323
1808 26550 274
26550 43151 904635
32100 15093 507
15093 15959 948774
15959 14018 348
32103 44814 246994
32105 48536 1
32108 15542 30399
32109 28556 965956
32110 37705 1
32113 23866 966526
23866 18967 265
32114 7067 100149
32115 41709 88629
32117 18479 968713
32118 8535 669190
8535 39923 663185
32119 39655 900995
32120 24640 141927
24640 42891 452973
32122 9779 738416
9779 46859 937270
32125 42704 753723
32126 4039 726894
32133 4429 1
32137 5150 335
32138 48124 718976
32140 3415 1000000
32141 27956 450170
27956 46742 953148
32142 4837 1000000
32143 29602 967556
32145 15124 1000000
32146 24609 397
24609 2608 573868
32147 8356 70980
8356 28281 1000000
28281 40068 975841
32149 8747 942399
32150 28946 591683
28946 44857 945405
32151 20473 944814
32152 3784 392080
32153 23234 1000000
23234 10311 982568
32154 14891 743423
14891 29567 516713
32157 36903 997574
32159 15231 286
32160 35760 844
32164 24071 449
32167 42792 937
32169 4340 127134
4340 42812 904118
32171 30775 925886
32172 46597 842600
32173 8037 477363
8037 592 325
592 42736 706
32175 29958 85
32176 48783 743121
32181 34062 277
32184 10004 940410
10004 19024 939419
32185 39263 43
32187 16389 920710
16389 10469 611
32189 27781 186
27781 49303 165852
32193 40322 1000000
32196 20243 976386
32198 23024 998865
23024 48773 937
32199 29784 952365
29784 40910 949380
32204 6404 1
32205 34968 646
32206 11279 654
32209 24386 958
32210 40933 938356
32211 14979 597127
32213 37728 392511
32214 41867 1
32217 21456 1000000
21456 16182 962908
32219 11168 253669
32220 44465 986061
32221 11313 334161
11313 16578 900515
16578 27810 976083
32223 20313 757268
32224 31722 274067
31722 24349 616
32225 22731 411
22731 26364 912421
32227 42431 66047
32229 48075 306334
32232 30206 1000000
32234 10280 29011
32235 26727 779
26727 41504 67
32236 33536 942577
32237 26855 999238
26855 10139 777382
10139 40419 66761
32239 28035 853
32240 22665 681636
22665 32355 931830
32241 34150 56325
32244 10088 938875
10088 38015 1
32245 15303 572
32249 47406 701818
32250 33618 843
32251 10402 760444
32252 41481 980930
32254 49448 962624
32257 1011 815378
32258 8808 411993
32261 30699 645
32263 39041 344330
32265 26298 903210
32267 20129 960869
32269 45143 880837
32270 34422 1000000
32277 3795 153788
32279 33714 762408
32281 22984 1000
32282 23470 969863
32287 40141 159
32290 35559 344
32292 19749 561872
19749 39643 1000000
32294 14483 919535
32295 34502 186308
32296 47021 1000000
32297 19312 965074
32298 24255 924363
24255 1052 310
32301 36777 623051
32306 25744 168118
32308 34515 251102
32311 45059 218839
32312 31946 168094
32313 29203 549
29203 37990 904
32315 2182 667
32316 4594 955909
4594 21445 428486
21445 41031 910521
32317 36907 987628
32319 45669 558635
32322 172 900693
172 45699 177
32323 3236 926
32324 39993 954476
32325 11143 203206
32327 26135 137335
32330 6380 155073
32331 26283 918663
32333 36188 906611
32334 49089 957510
32335 30813 395
32336 12978 890518
12978 43634 1000000
32337 4693 72613
32338 19135 135155
19135 12214 979710
12214 8639 926261
32341 6019 977840
6019 44825 775
32343 14986 927340
32344 30126 646
30126 27810 737
32345 27242 1
32347 15611 523461
32350 16767 564994
32352 2590 963746
2590 34790 233710
32354 22146 670
22146 2801 635
32355 29697 169249
29697 41602 907165
32358 36140 897528
32360 11063 138
11063 46250 424281
32364 38994 515119
32368 20944 1
32369 10261 1
32371 38138 483514
32373 6022 966418
32374 14680 927234
32377 211 921946
32378 16373 907931
32382 32256 351
32256 48272 811798
32385 25797 603915
25797 47570 1000000
32386 1339 902493
1339 25991 958726
32387 35046 995496
32389 20703 604244
32390 18906 464372
18906 16297 968390
16297 7142 421654
7142 44213 1000000
32392 27728 679386
27728 9776 712
9776 21651 828418
32395 42032 966030
32396 14164 692367
32398 24527 487
32401 43984 933853
32405 26143 437124
26143 42050 348608
32406 22932 474139
22932 5048 886287
32409 40104 910102
32410 21651 953492
21651 45285 1000000
32411 14124 714342
14124 43690 522902
32413 41914 944382
32417 12916 403
12916 43255 322978
32418 3318 246730
3318 24899 1
24899 2821 1000000
32419 3072 950
3072 28779 1
32420 14092 303
32423 33412 56972
32425 34833 350233
32427 18055 806428
32428 23414 333
32435 29109 696565
29109 7105 937786
32436 30435 994862
32437 23776 1000000
32438 42777 116
32439 8613 1000000
32440 8196 969201
32441 35095 786301
32443 17490 979172
32444 36529 988477
32445 20514 64032
32448 41582 879
32450 15513 996639
32452 25986 909013
25986 19372 1
19372 2539 962478
2539 3022 903657
3022 13388 528298
32456 413 278744
413 40810 948442
32460 40052 445366
32461 1119 756526
1119 37341 935584
32465 35268 927803
32466 32758 786364
32467 30950 559476
30950 20849 1000000
32470 40394 1
32471 36083 410
32472 49188 945966
32474 41315 900811
32475 44323 110029
32477 41172 962770
32479 27497 1000000
27497 25498 913517
32480 6974 773299
32481 38353 345
32483 30189 591332
30189 42464 929046
32484 10584 973288
10584 4132 967925
32487 46137 276851
32488 34367 772893
32489 11692 941411
32493 16267 1000000
32495 15006 233
32496 23654 294
23654 38528 990304
32497 44639 944507
32499 38186 965521
32501 17392 960400
32502 16865 1000000
16865 36811 125548
32503 44960 1000000
32504 3220 900724
3220 1585 833045
1585 6432 976618
32505 5873 1000000
32507 3805 416781
32508 32771 971177
32510 20148 663
32512 35993 617
32514 47707 204840
32515 28737 985
32519 6061 306769
6061 23835 927730
23835 44569 914118
32520 4262 924853
4262 25416 960035
25416 49219 453014
32521 26731 966242
26731 4800 183350
4800 45713 997561
32522 5267 705
5267 46587 980129
32524 26227 914465
26227 4291 917181
4291 47946 618
32525 45016 1
32527 26832 986640
32528 41649 314662
32529 42672 737582
32531 5968 553604
32534 4510 183386
32535 43016 939404
32536 40514 1000000
32537 49566 937085
32543 29278 967405
32546 47450 697343
32548 13699 38
32550 24203 259
24203 43722 539382
32553 29585 144391
29585 36007 504505
32554 36617 449
32555 33029 777925
32557 8452 965256
8452 16699 927199
32558 37840 906785
32559 15397 247873
32561 695 257
695 21174 1000000
32563 14168 336076
32567 17962 1
32568 922 981550
922 5910 1000000
5910 48841 983256
32569 13023 1
13023 18499 1000000
18499 1252 986621
1252 25499 846665
25499 6448 124144
32570 24524 815
32572 46731 631330
32574 49225 368562
32575 21013 1
21013 47992 936966
32578 42186 1
32581 16041 748569
16041 2516 807246
2516 3389 662815
3389 49410 17767
32584 35058 1000000
32585 16768 1000000
32587 47237 1
32588 48628 241992
32591 33451 980593
32592 19963 983654
32596 17987 949399
32598 26729 955666
32599 23899 78
32602 40122 906148
32603 7445 1000000
7445 35575 834895
32604 29829 750698
32605 25299 923915
25299 34684 1000000
32606 37657 942244
32607 48327 1000000
32609 38107 1
32614 14104 789565
14104 37985 823800
32616 12878 1000000
32617 22908 276530
32619 6607 1
6607 7177 1000000
32620 8510 1000000
32622 25230 1000000
25230 10973 768935
10973 48730 800989
32623 36450 770945
32625 41896 53239
32629 26632 450672
32630 40617 171
32634 5473 762
5473 24440 596
32635 11673 935457
32636 1689 674805
1689 11794 306688
32637 44344 1000000
32642 26068 761
32645 32457 1000000
32457 40284 1000000
32648 26677 990056
26677 36291 345106
32649 12154 862925
32650 12366 964587
32652 31995 939798
32653 23804 182
23804 26047 964584
32654 43775 982979
32655 40789 770757
32656 15285 889
15285 30112 931216
30112 1917 730168
32661 25958 755962
32666 42556 341680
32667 19862 933776
32669 15611 963340
32670 4089 1000000
32672 24494 567171
24494 27026 921064
27026 28474 984381
32673 7176 599917
7176 7330 39
7330 28965 783353
32674 17516 913375
17516 41385 109
32679 29059 951679
29059 40935 968359
32680 36092 994
32682 15026 974417
32683 34827 704
32684 29824 115
29824 968 950858
968 33483 924149
32687 47202 900260
32688 9925 165590
9925 24051 984363
32692 16589 770766
32693 2631 948058
32695 20416 557846
20416 42191 1000000
32696 15515 980398
15515 16732 59
32698 2270 1000000
32699 11417 477036
11417 41422 1000000
32702 44873 962137
32703 8065 402328
8065 42714 931493
32705 39450 48846
32707 24818 742361
24818 20592 138213
32708 8681 937079
8681 40265 641166
32709 24946 185179
24946 113 1000000
32713 21614 988221
21614 6662 1000000
6662 4268 1000000
4268 33271 968
32715 49072 1
32716 20632 1000000
20632 3435 374
3435 37310 716690
32718 46625 959051
32719 3194 943658
32720 49258 549
32721 45534 660106
32722 34676 609619
32724 33000 579
32726 35328 1000000
32727 29656 626717
29656 1402 1
32728 33987 158787
32730 5507 1
32731 2239 1
32733 10268 132
32735 18067 967093
18067 22320 472703
22320 5257 969498
5257 26668 590853
26668 25658 307563
32736 22815 977962
32738 39107 499241
32740 2104 916715
2104 44919 794038
32741 36181 900240
32744 636 1
636 45934 666289
32745 6787 740579
32747 6320 996865
6320 39646 152981
32748 30345 517320
32752 13020 902860
32754 2395 990058
2395 18257 889524
18257 25209 986546
32755 31187 415288
31187 12518 948876
32758 8022 326115
8022 48372 1000000
32759 33703 675250
32760 38012 58
32761 1531 615956
1531 3155 947985
3155 10368 538138
10368 13208 960817
13208 29012 259688
29012 10675 961346
32763 19431 737764
32764 16391 934568
16391 24281 996716
32771 19318 916229
32773 16893 68655
16893 25942 952047
25942 32980 51
32775 47941 822043
32776 22884 133335
22884 18480 211402
32777 25916 986
25916 35730 428440
32779 48066 29
32780 48329 110
32783 32877 974537
32785 23896 528848
23896 34399 943231
32786 31010 752
32788 38277 303
32789 14762 90018
14762 26975 609
26975 12287 123778
32792 7138 927224
32793 21726 530
21726 47672 550346
32794 29552 917563
29552 47887 997566
32797 10852 946383
10852 20919 930006
20919 18207 168990
18207 1396 907735
1396 48237 358
32799 3497 501078
32800 9576 661255
32802 41586 954945
32807 23265 563730
32809 4618 960787
32810 43861 208463
32814 25635 963815
32816 9969 996925
9969 47676 523072
32818 26302 440
26302 8235 1
8235 7567 933269
7567 6891 958033
6891 14611 710738
14611 41981 114
32821 29490 995003
32822 9795 973
32824 22991 1
22991 23744 474576
23744 8649 1
8649 23611 999916
32826 7962 389903
7962 29247 195
29247 19762 545807
19762 11418 847
32827 34301 820617
32828 31104 934095
32831 27468 993891
32832 12148 969040
12148 40063 1000000
32833 8930 1
32834 33945 965189
32836 17253 92
17253 43239 1
32838 7717 1000000
32840 28058 1000000
28058 11275 907727
32841 19607 176
19607 41777 178
32842 28184 1000000
32843 26191 491
32844 26899 316489
32848 3345 76081
3345 14699 928802
14699 12252 903333
32851 37756 1000000
32852 48193 872324
32858 6112 923361
6112 42388 753467
32859 42900 783225
32860 6310 388488
32864 43401 969627
32867 18749 292225
32869 644 1000000
644 47331 972442
32870 31235 18934
32871 47781 39646
32874 4877 465627
32875 15910 937174
32879 38762 935623
32881 28435 878
32882 43808 510907
32883 23291 934586
23291 8072 270340
8072 6155 236605
6155 28726 1
28726 47389 1
32885 28941 997908
28941 29927 724951
32889 31092 971379
32890 36834 999073
32895 3611 176615
32896 15621 164385
15621 4446 990187
4446 46055 1
32898 24792 135
32899 44844 950020
32901 30847 1000000
30847 37201 1000000
32904 27416 910890
32907 10692 930810
10692 44226 957744
32908 11553 1000000
11553 1212 60398
32911 25672 901810
32913 22327 453843
32914 33890 980304
32919 48686 989871
32922 25539 906344
32923 479 941648
32924 17928 908946
17928 5054 998187
32925 40578 727525
32926 22949 520
22949 31470 1
32928 22650 921327
22650 35433 434895
32930 31640 118852
32932 2351 1000000
2351 32532 956004
32933 28118 446487
28118 2543 969888
32934 1665 445
32935 8839 841442
8839 3512 962877
3512 18051 230
18051 623 906048
623 7341 657217
7341 29659 308
32936 44474 905828
32939 39831 997429
32945 19336 467
32949 41854 295481
32950 48567 1000000
32951 4000 707
4000 27878 756145
27878 6969 732055
6969 46213 935843
32952 28890 1
32953 27582 1000000
32954 39935 964332
32955 47156 1
32956 48425 114127
32958 46918 954844
32960 32162 742749
32961 46164 63713
32962 14840 945
32963 49167 958404
32965 34687 912196
32968 6081 987005
6081 237 946
237 10373 434179
10373 1892 1000000
32970 39061 977212
32974 23493 389143
23493 23053 228412
32975 1855 3357
1855 36602 409226
32976 14840 339675
14840 14807 1000000
32979 2997 982928
2997 34156 965338
32980 48680 534556
32981 34707 911365
32982 38865 266346
32983 13959 812131
32984 47697 958218
32986 12598 588870
12598 7034 14165
7034 45907 1
32987 1240 946514
32988 37476 768970
32989 44909 1000000
32990 4971 970645
32994 13930 517
13930 34173 922045
32998 24969 689
24969 46530 1000000
32999 42943 918534
33001 19319 959309
33002 5479 849855
33004 2347 820594
33006 39633 284768
33008 30446 420161
30446 7729 430828
7729 11476 6
11476 46305 242
33009 3364 115
33010 34979 906307
33011 43446 1000000
33014 32052 1
33015 20784 847653
33018 5370 231
5370 35944 894854
33022 17258 16973
33023 34063 133636
33025 31512 798643
33026 18932 1000000
33029 21152 977704
21152 19317 692
19317 13167 957773
13167 49106 1000000
33030 42916 973785
33031 19499 121
19499 1460 1000000
33032 9232 1000000
33034 49046 182898
33038 4542 313358
4542 938 953871
938 9555 872743
9555 10116 1000000
33039 48610 115
33041 33358 893887
33042 18558 967649
18558 21874 881703
21874 26853 597
26853 16755 176344
33045 48941 238230
33046 9612 937311
9612 8414 986298
33047 25591 1
25591 20555 985111
20555 46306 936
33049 403 10556
403 36715 906226
33051 44636 655778
33052 3817 399080
3817 35419 931394
33054 46511 974029
33055 29411 935881
33059 42581 1000000
33060 26537 908384
26537 22303 397865
22303 40107 956681
33062 5044 680645
33063 40299 493
33066 96 319218
33067 9957 1000000
9957 7641 1000000
7641 1063 969275
33070 3422 914927
3422 31181 977112
31181 452 1000000
452 24507 498
24507 19957 1000000
33071 23496 260896
23496 47845 974829
33072 14933 936
14933 6789 157
6789 34224 996022
33074 9441 806
33075 43346 962632
33076 40624 1000000
33078 43531 142463
33079 19617 456
33080 32959 377
32959 9070 993079
33083 18489 24
33084 16074 995479
33086 40185 958793
33088 29788 398314
29788 32643 1000000
32643 14581 953667
14581 32612 892354
32612 33314 267746
33089 7009 908998
7009 13090 228010
33090 16649 1
16649 32912 942379
33093 5282 905001
5282 11767 311068
33095 43674 452375
33097 10562 803
10562 17696 913635
17696 34277 1000000
33099 48851 34688
33100 563 469
563 3667 1
33102 22224 345636
22224 48039 1000000
33103 48397 555
33104 33333 659473
33107 33598 157720
33112 33368 1
33114 19205 791231
33116 42229 928519
33117 34245 710525
33120 20473 955
20473 7433 907336
33121 41082 340303
33123 3638 810
33125 8351 947496
33126 18313 1000000
18313 16060 370021
16060 15375 568961
33130 24029 940744
24029 14253 371312
14253 42607 568742
33132 22724 952741
22724 45789 941994
33135 1294 306
1294 24362 561746
33137 46397 1000000
33138 16855 996349
33140 43583 687465
33143 27353 746353
27353 5215 982866
5215 38285 294013
33144 47606 1
33149 23791 21193
23791 35044 1000000
33151 41559 912
33152 19101 8801
19101 35202 581
33154 2259 1000000
2259 21636 1000000
33157 10582 1000000
10582 26141 1
33158 35412 404572
33159 22667 1000000
22667 14519 728394
14519 10421 310
33160 20436 413010
20436 14391 956991
14391 31525 50632
33162 16730 721
33163 12518 1000000
12518 39975 472728
33167 21387 905836
21387 24643 506
33168 43557 776
33170 27435 836
27435 29236 139
33171 12292 1000000
12292 12478 721
33172 12871 866066
12871 503 205045
33173 33625 560168
33174 36869 705202
33178 29385 536122
33182 41575 674
33189 20119 451137
20119 6569 937093
6569 48825 419
33190 26121 976566
33194 6499 326949
6499 10642 911233
33196 21696 571347
21696 26692 938201
26692 4142 150
4142 32916 222
32916 25078 759
33199 49592 363764
33200 43577 323690
33202 21026 918977
33204 35042 4991
33208 22749 1
33209 37892 688001
33210 33675 148192
33211 3396 712776
3396 10116 952888
33212 6140 959254
33215 12351 143982
12351 10501 12
33218 47989 1000000
33220 26373 924
33222 6400 1000000
33223 10353 938832
33224 42978 234
33226 24766 247
33228 7114 538
7114 16445 139637
33229 3851 1000000
3851 25038 515
25038 4908 208
4908 4079 1
33230 13987 954150
33231 35530 602
33232 16285 1000000
33233 48037 246
33235 43338 1
33236 9395 983640
9395 35668 259394
33239 36113 1000000
33240 17056 793988
17056 15932 552606
33241 1495 950472
1495 48464 278915
33244 12571 148096
33245 20944 911588
20944 19126 295474
19126 46126 1000000
33246 40603 971855
33247 49507 973
33255 9452 926502
9452 16172 991147
16172 22117 941285
33256 17851 524
33260 5994 936079
5994 14092 374021
14092 17108 504085
33261 32111 310299
33262 12936 1000000
12936 1738 988163
1738 230 913558
230 47999 593821
33264 4570 867053
4570 17033 633980
33266 14159 923286
14159 1614 958247
1614 30863 550
30863 42645 980492
33268 16531 638695
16531 38225 1
33269 17444 1000000
33270 40327 441
33271 6205 976118
6205 5711 307
5711 6304 212529
33273 25369 32225
25369 24410 126
24410 10809 971720
10809 33179 637740
33277 35179 421836
33279 45007 997667
33280 1521 1
33281 2596 946126
2596 43414 455477
33283 38555 925533
33284 47217 995997
33285 21953 195
33286 11906 908233
11906 20650 323070
20650 40133 1
33290 37180 913430
33292 10434 994785
10434 2626 362579
33294 32624 254
33295 48624 1000000
33297 29080 1
29080 16835 449
16835 5641 476
5641 34835 147074
33298 16767 749377
16767 25142 19505
33299 30555 245
30555 1454 1000000
33303 29147 612
33304 11557 246609
11557 49479 247
33306 40242 969505
33307 29270 478931
29270 13386 1000000
13386 42264 855098
33308 1027 721301
1027 48752 972
33309 30564 931785
30564 13722 488154
13722 26741 909189
33310 48586 1000000
33312 3837 186
3837 22908 732915
33313 3856 979283
33314 20514 1000000
20514 7875 986082
33315 22051 994211
22051 35084 902440
33316 31071 993299
31071 1757 143
33319 26859 471
33320 6741 14
33322 27909 911379
27909 41367 979775
33324 15661 130168
33325 17346 1
33327 46725 886859
33328 44022 1
33333 44729 1000000
33334 31845 1000000
33335 27118 637
27118 17800 733229
17800 25022 179048
33336 19959 684
33340 15752 517680
15752 30104 203097
33341 15045 240
33343 43056 935593
33344 21958 415
21958 14557 1
33346 13261 912510
13261 27442 66292
27442 25302 160555
33347 31554 88636
31554 41091 792
33348 24324 918634
33349 26509 1000000
26509 22049 482
22049 46722 225146
33352 35395 988116
33353 20633 598288
20633 30669 956322
30669 24981 976784
33355 1489 134447
33356 11822 306940
11822 40390 911610
33358 30805 506103
30805 12822 595238
33359 15542 178400
15542 14735 984938
33360 31462 768031
31462 33866 746420
33362 18808 937320
33364 41999 950365
33369 20180 949156
33374 14590 979590
33375 48874 1000000
33376 44263 926910
33377 43354 864184
33378 18970 1000000
18970 8659 1000000
8659 39490 966264
33386 23611 1000000
33388 29907 1
33389 8895 1000000
33391 7700 806
7700 29076 69
29076 36123 418
33393 23695 138100
23695 44378 922
33394 35012 558291
33396 12840 995903
12840 5274 1000000
33397 42479 998375
33399 49498 949898
33400 21841 953
21841 12534 801
33402 22453 260050
22453 26810 1
26810 47651 514755
33403 43336 807
33404 37775 525987
33406 33351 1000000
33351 9072 995198
33410 49192 910532
33411 1153 1000000
33412 13317 673076
33413 45808 865680
33414 30230 1000000
30230 5325 897297
33416 15852 720963
15852 30534 1000000
30534 33254 985893
33417 12678 1000000
12678 34289 620804
33420 1085 992618
33421 32663 910
32663 30004 1000000
30004 6754 392199
6754 25764 4853
33426 27345 967873
27345 31293 878
33427 32701 176967
33429 23591 902836
33432 10566 762867
10566 3062 1
3062 6917 661305
33433 39116 995935
33436 17643 750314
17643 2223 650
33437 16558 29522
16558 34979 967643
33438 43841 1
33440 27673 921763
27673 32342 955455
32342 19855 982288
33445 19430 919338
33447 46746 389
33449 13608 176
33452 31669 408587
31669 15379 704
33453 3677 903115
33455 3497 63
3497 13940 904412
13940 12824 871477
12824 762 964406
33458 28519 350487
28519 8934 939576
8934 34713 975706
33459 33919 928331
33460 33864 441542
33461 47842 806754
33465 38427 1000000
33466 36755 379478
33470 19125 1
33472 3383 1000000
3383 38523 911994
33473 49684 959826
33474 6163 1000000
33475 44775 909523
33479 30916 459230
33481 7994 411
33482 49280 921837
33484 19515 966730
33486 48215 1000000
33487 13381 957265
33490 48864 39410
33492 18870 58757
33495 37895 387863
33497 7419 1
33498 33007 944709
33499 49419 975237
33500 4004 189073
33502 13099 859
13099 14668 859
33504 7774 978553
7774 23199 354895
33505 7860 930249
33506 9206 938382
33508 35020 969320
33509 22394 941671
22394 12797 1000000
33510 12815 985330
33514 40387 476432
33515 21555 237185
21555 46963 951605
33516 33077 942398
33518 22156 714740
33519 25807 1991
25807 93 415
33520 18228 916807
33521 36537 879244
33522 33422 35
33526 37647 1000000
33527 2567 980271
33528 4079 1000000
33531 6415 973131
33535 44266 1000000
33537 21018 1000000
33538 27744 983968
33544 14969 996972
33548 35397 343779
33549 44966 769
33552 7115 978722
33554 6008 1000000
33559 22072 779277
22072 15028 474
15028 8838 987424
8838 31751 914786
31751 8749 928507
33561 33747 910598
33564 20876 151420
20876 32010 979298
32010 16926 262672
16926 47226 4665
33568 35740 568
33570 5120 518172
33571 48617 977088
33572 28005 539806
28005 14719 1
33574 10757 1000000
10757 34975 562017
33575 11689 1000000
11689 35842 874190
33576 33954 805237
33577 29272 939725
33578 40962 953580
33580 2266 977682
2266 3285 905390
3285 42777 651832
33581 14973 1
33584 49580 938450
33590 1363 777
33591 36624 670
33599 23130 1000000
33601 40007 823
33604 43218 799171
33605 6390 1000000
33606 5754 495
5754 4855 992070
33609 33573 972396
33610 5121 789290
33611 43770 889760
33612 29036 439
33613 18081 88784
33614 15193 919352
15193 32083 933
33615 12338 862216
12338 25361 941734
33618 31324 14001
31324 1555 794610
1555 13648 970867
33619 1750 924021
33621 1819 671075
1819 20680 728213
20680 42342 460754
33623 6009 956543
6009 3511 655355
33627 31564 193629
33628 45825 868400
33632 47739 13625
33635 22378 578020
22378 36900 1
33636 27510 953815
33637 11421 357
33638 5894 929086
33639 19479 984950
19479 28425 386014
28425 1999 350022
33640 29491 969408
29491 4244 161
4244 42284 969705
33641 32222 923790
33644 1353 1000000
1353 21935 753818
33645 17991 940
33646 23188 980552
23188 46616 26600
33647 833 938229
833 16923 469068
16923 12439 932355
33648 9345 497611
9345 30161 949
30161 1487 154054
1487 39519 776224
33653 39686 707
33654 8668 996349
33655 12217 1000000
12217 46386 997326
33658 22327 263554
22327 21763 1000000
21763 10337 992261
33659 35706 989486
33660 37314 936333
33664 25225 962025
25225 23619 289
23619 32711 1000000
32711 22205 936725
33665 28604 911
33667 32847 623087
32847 37297 1000000
33671 18866 234825
33673 46633 297885
33674 2217 974759
33676 24356 1000000
24356 37451 39857
33677 37462 610455
33678 44987 253240
33679 30686 940190
30686 38643 1
33680 36916 1
33681 44784 677912
33684 46444 1000000
33687 42773 924748
33689 46310 729959
33690 18042 1
18042 24660 960850
24660 30222 99559
30222 4434 943652
4434 25998 250
25998 9685 256
33691 32626 570739
32626 45796 987037
33692 40276 121
33697 11438 846
33699 19281 631041
19281 35914 1000000
33700 1620 115306
1620 45627 959219
33701 16313 856630
16313 5077 1000000
5077 20257 964552
20257 28468 490461
28468 19830 450
19830 37289 643830
33704 33513 753064
33706 43967 982845
33709 24506 950151
33710 49656 973812
33712 28070 449060
33714 20818 905990
33716 21070 319967
33717 48383 163
33721 48196 904452
33723 2086 953776
2086 40396 926744
33724 10866 967837
33727 8316 913125
33728 8654 490826
8654 42797 715207
33731 43820 927105
33737 46552 1
33738 7249 121867
33739 38065 906767
33743 8515 869
8515 2788 1000000
33744 7263 352373
33745 29386 435
33746 7597 130356
33747 41773 906901
33749 30367 969023
33753 36806 912083
33755 45523 921427
33756 12620 486
12620 44295 1000000
33757 47641 1000000
33758 38451 1000000
33765 1756 75812
1756 22311 904535
33767 22487 900931
22487 33881 961605
33768 48643 1
33769 34166 962699
33770 41832 933286
33773 18772 997280
33775 3480 922645
3480 41109 749572
33777 43356 480
33778 4493 149
4493 2532 904863
2532 19647 672104
19647 5872 748079
33779 37174 985871
33782 28877 980972
28877 1329 843
33783 40455 756211
33786 8672 159
8672 23133 85
33788 16685 948438
16685 10280 296
33789 27996 1000000
27996 17763 1
33792 27949 913700
33793 39004 956406
33795 38312 83
33796 17773 959087
17773 5733 143036
33799 29584 934816
29584 25824 248907
33801 45717 993544
33802 38722 976352
33803 26032 233
26032 31064 22450
31064 24221 950829
33805 39490 623265
33807 37574 992091
33808 9437 969178
9437 36129 462986
33811 4872 715012
4872 17652 995643
17652 13269 712
13269 16985 387023
16985 43351 901865
33814 33952 908806
33815 38908 595954
33816 10972 983575
10972 33735 985817
33735 43414 681
33818 25129 955875
33819 12851 209
12851 21197 1
21197 37611 936338
33822 36037 975567
33824 32063 977105
33828 11576 966186
11576 19043 1000000
33829 6463 949292
6463 17823 371
33830 40337 425508
33832 33541 1
33834 22820 967031
33836 45785 977601
33838 34920 628
33841 8437 954430
33842 9467 1000000
9467 17176 198
33848 506 943139
33851 33858 280
33852 15968 711
15968 23735 993
33856 43863 642
33859 41432 107
33862 19872 938525
19872 45518 756946
33863 27701 924
27701 6404 974370
33868 21779 1000000
21779 14803 1000000
33871 37055 948
33873 5027 901442
5027 26672 782
33874 35632 1
33883 45666 265959
33884 20757 277
33889 2626 763336
2626 39253 1000000
33890 40363 212
33892 32839 490486
33894 36266 806
33895 2307 1000000
33896 9627 377
33898 24292 978
24292 20875 268150
20875 48586 989156
33899 382 587
33906 37972 507
33907 3638 724667
3638 8301 48411
8301 31463 1000000
31463 14252 143
14252 46220 1000000
33908 29958 963333
29958 8548 1000000
8548 38855 929391
33909 5947 997701
33910 33081 1
33081 40324 992922
33916 32538 527887
33920 2538 38663
33922 34745 906
33923 6190 415371
33925 32964 207097
33927 9160 122
33928 5129 854414
5129 1089 1
33932 20143 919345
20143 4712 257126
4712 8327 927043
8327 37126 483
33934 27736 982595
33935 7131 216
33936 40692 122654
33939 35748 108385
33940 20380 1000000
20380 20810 985700
20810 4665 797613
4665 5474 649
33941 29857 992030
33942 12653 112000
12653 45831 937510
33943 39431 481466
33944 46584 915601
33946 43989 509861
33949 9207 1000000
33954 21513 550
33955 35174 986691
33956 27798 176
33959 48651 923394
33962 34019 937
33965 8052 800155
8052 17005 941721
17005 40531 952679
33968 34468 963213
33969 12248 990650
33974 38280 998324
33979 46074 731023
33984 28034 179865
33987 9153 963157
9153 26411 1000000
26411 42860 283708
33989 183 672
33990 16825 907178
16825 3832 642245
33994 44131 36920
33997 38532 370384
33998 6571 823591
6571 40806 949454
33999 894 602
34003 17647 807375
34006 12125 959830
12125 3390 552
3390 1068 950253
1068 43093 203
34010 2132 1000000
34013 40429 1000000
34014 26881 1000000
26881 49063 1000000
34015 25885 774
34023 34791 768112
34024 4662 249
4662 35724 421640
34025 42738 934735
34027 2368 974852
2368 36417 2
34028 27257 1000000
27257 35941 998573
34031 35663 935
34033 34858 911064
34034 26905 1
26905 44652 930203
34036 21962 16133
34038 8380 798
34039 15123 1000000
15123 47778 1000000
34040 1028 977281
1028 2805 2
2805 43067 982806
34041 13725 163403
34042 19187 789850
19187 6787 934817
6787 6382 316
34046 27425 978357
27425 17530 547
17530 16927 627827
34048 49166 1
34049 42292 949974
34050 24760 302987
24760 3621 972946
3621 1507 1
1507 47075 785
34051 41294 1000000
34052 8309 725
8309 47197 1000000
34060 7895 265507
7895 42335 996028
34062 13344 1000000
34064 2811 1000000
34065 8063 998401
8063 26460 922652
34075 48157 910849
34076 6572 901148
34077 4571 964145
34080 10652 1000000
10652 45335 993
34081 15940 1000000
15940 34718 1000000
34082 20172 1000000
34083 38545 958274
34084 35177 991628
34086 33115 966162
34087 5391 928079
5391 26566 1000000
34088 29282 912144
34089 21375 744703
21375 13939 1
13939 43748 612
34090 8938 983515
34091 7658 431
7658 32375 125
34092 5263 976
5263 29027 6
34093 38789 998390
34094 49495 265
34095 49246 77
34096 46948 938992
34097 26134 917708
34102 45543 885941
34105 15776 956002
34108 29338 177
34109 7837 1000000
34110 3796 934049
3796 41516 953501
34112 3315 984176
3315 42966 933607
34113 33713 821356
33713 34475 954605
34115 28580 906335
28580 11910 81045
11910 40591 961795
34118 29540 961164
29540 41228 14
34119 6552 979552
6552 19582 997687
19582 46293 477
34120 36382 978884
34121 35764 912358
34124 25984 274
25984 48472 933415
34128 44503 429689
34129 37933 910528
34132 22788 792748
22788 36840 665
34137 41168 1000000
34139 28542 1000000
28542 30184 917269
34140 39012 939502
34141 26141 643
34143 43072 992700
34144 8914 408
8914 33921 276
34148 18670 541772
18670 13872 975848
13872 15272 400099
15272 26607 996617
26607 15375 133
15375 12086 1000000
12086 36595 162
34149 7532 975135
7532 31103 1
34150 13676 1000000
34151 2270 1000000
2270 36523 1000000
34152 30308 627
34157 6939 299194
34158 36876 928867
34159 42537 1000000
34162 28130 957849
34163 20757 1000000
20757 7908 63148
7908 36344 253387
34164 29307 677
29307 30234 915276
30234 7024 1
7024 2657 802586
2657 8576 826173
34166 49723 921
34168 48058 881613
34169 25132 218101
25132 48112 676968
34170 23043 667151
23043 5775 967655
5775 14834 903073
34171 31258 844305
31258 28735 774
28735 23499 1000
23499 4334 452
4334 47926 1000000
34172 44728 403953
34174 48026 988193
34175 23806 1000000
34177 48140 368841
34180 30059 963387
34181 10804 921750
10804 45296 280383
34182 44508 937143
34183 42523 928174
34186 30687 974535
34187 1336 597104
1336 24428 854168
34193 32271 930761
32271 29573 904931
34194 41406 993069
34197 17326 1
17326 12746 818183
34201 8028 912225
34202 37978 597
34203 22605 915736
22605 21658 967225
34204 17378 241837
17378 7010 1049
34206 41029 1000000
34209 24484 914776
24484 8695 2
8695 14921 1
34210 37627 1000000
34212 45021 1000000
34214 18866 157204
34216 3466 989009
3466 3215 852395
3215 2470 948897
2470 42769 949783
34217 6737 983571
34218 27468 10
27468 21030 551
21030 28085 1
28085 3785 873211
34219 2114 682
2114 13611 888662
34220 47314 311831
34221 41614 974
34222 45804 1000000
34223 26536 933364
26536 47985 970605
34226 13567 38490
34228 358 963245
34229 15115 487
15115 32678 1000000
34232 45755 276
34235 6985 933367
34236 30527 1000000
34239 9034 848
34240 14292 930174
14292 1006 930132
34242 9042 924238
34243 5150 255857
5150 46472 1000000
34247 12425 911621
12425 1261 967301
34248 16847 941351
16847 37708 275270
34249 26161 908169
34251 43928 972353
34253 11370 592710
11370 4897 1000000
34254 4143 907798
4143 36565 957936
34256 14010 763478
14010 27198 1
34257 44307 943654
34259 27378 443841
27378 18601 168203
18601 5515 952521
34262 31889 426
34264 45639 793378
34265 46514 922852
34266 30343 952939
34268 18306 956
34269 3650 909547
34270 13682 935140
34273 32314 557638
32314 26593 1
26593 39874 626949
34276 7675 1
34277 35531 927108
34279 19020 1
19020 47496 246707
34280 28934 948352
34281 4266 974890
34282 39312 844
34283 24732 940241
24732 34625 1
34287 37679 1000000
34288 18377 905777
34292 26266 7
26266 29301 301961
29301 20602 938717
20602 4617 1000000
34295 3578 961759
34299 26693 573525
26693 15263 801
15263 28582 380
34301 45341 931414
34302 46908 980156
34304 45870 166906
34305 45390 653327
34307 44768 952894
34309 27070 940731
34310 364 814201
34311 39161 885496
34313 46597 322485
34318 16431 178
16431 42467 406946
34322 25653 1000000
25653 5157 935350
34324 16635 1
16635 27147 924278
27147 38714 464
34325 1500 507219
1500 17767 1
17767 3665 850
3665 45427 482777
34326 42613 623420
34328 35466 955130
34329 28920 885
34330 46073 938332
34332 12237 676
34333 24034 567
24034 42441 191371
34334 5642 985424
34339 36401 598722
34340 7382 631
34341 40456 834211
34344 9498 190084
9498 21306 1
21306 28837 901802
34346 36104 920546
34348 47599 997882
34349 21482 900671
34351 29293 944583
34352 37478 329760
34353 15678 912242
34356 1006 566964
1006 6879 883
6879 1668 611459
1668 905 21275
905 33982 1000000
34357 23894 1
23894 33900 407210
33900 3550 864775
34359 48455 62146
34360 43107 297042
34361 30058 942101
34364 25234 211
25234 11989 60
11989 4154 552283
4154 27005 928703
27005 7487 486427
34366 44640 500986
34369 25471 900882
25471 10719 962435
10719 15632 444
34370 17057 916695
17057 41756 934053
34371 22805 916773
22805 15463 870916
15463 41067 375433
34378 30637 925692
34381 38351 912481
34383 39406 622830
34384 11052 363481
34385 29490 968612
29490 9225 199484
9225 4356 1000000
4356 6546 232
34386 12454 674992
12454 25045 966833
34387 31854 686199
34388 32624 506303
34389 38265 896
34390 41150 1000000
34391 26150 193703
34392 1701 944473
1701 8854 381149
34394 35532 987642
34397 42831 277
34398 17566 885
34399 28307 313
34401 47979 989340
34402 18029 1000000
34404 14690 626250
14690 46760 909478
34405 23414 1000000
34406 27387 955070
34407 29883 928807
34413 15332 619440
34414 38575 912001
34415 45910 971580
34416 35615 844694
34419 40790 1
34420 22773 403
22773 226 771489
226 24712 985974
24712 42578 315641
34421 45335 1000000
34422 35457 946614
34424 25889 755
34427 33457 823853
33457 47143 172722
34428 38882 947516
34431 7223 13
34432 22290 550842
22290 42291 711
34433 42553 823
34436 8684 1
34437 1633 15
34438 18813 1
18813 834 979452
34439 11244 440
11244 27892 928526
34440 6236 913913
34442 12718 967854
12718 49628 934993
34447 27001 507758
34448 29072 919635
29072 21353 144
21353 2298 229
34450 18283 672
18283 6461 595
6461 20386 31
34452 14945 55650
14945 35016 966741
34455 16951 978891
16951 36377 409800
34457 41445 943504
34458 20134 903768
20134 16786 183271
34459 40787 12
34462 25334 731568
34463 11341 206468
11341 49286 1000000
34464 7874 98601
7874 34475 516372
34465 20909 24158
20909 43638 960236
34467 32691 960460
32691 990 920
34468 42524 141
34469 18591 1
34471 37178 501
34474 10774 920650
10774 21790 965203
34477 5163 917345
5163 6872 947621
6872 13233 989904
13233 22573 590
34479 38018 981274
34480 15907 814
15907 41201 428
34481 25398 442
25398 6394 1
6394 41898 929366
34483 36586 975695
34486 17284 825
17284 1846 998429
34487 22847 450
34489 32583 742982
32583 43507 1
34491 27260 833
34492 47937 98
34493 44307 910154
34498 44350 623533
34499 46121 963394
34500 37730 52
34502 25362 964454
25362 14744 995427
34504 35270 433
34506 7226 955412
7226 20124 223688
20124 41766 621
34507 25888 1000000
25888 2490 316540
34510 37683 34527
34511 39087 943055
34512 16756 1
16756 47238 976182
34515 19412 615501
34517 30600 1000000
30600 16498 1000000
16498 25884 644404
25884 22414 89142
34523 14212 1000000
14212 6794 920720
34524 49047 736673
34525 37914 842005
34529 40830 916335
34531 14026 64077
34535 13054 1000000
13054 10544 871059
10544 12546 571759
34536 33924 462
34537 27348 37458
34539 22484 951649
34540 23681 312667
23681 45997 1000000
34542 20254 174618
20254 26703 933641
26703 32016 985516
32016 12075 868724
12075 29636 989765
29636 40158 74882
34545 33488 81131
34546 16043 859561
34548 15087 970762
34549 39368 432729
34550 6544 927425
6544 19530 919566
34551 20325 485
34554 35043 919633
34558 46550 307
34559 37455 914736
34562 48513 752906
34563 20317 949902
34565 28530 631229
34568 40925 1000000
34569 18563 129392
18563 2662 887429
2662 8385 925942
34570 9000 956127
9000 47271 544271
34572 19430 280723
19430 40531 1000000
34573 15595 303191
15595 22197 215619
22197 8102 1000000
8102 32628 32728
34574 15304 1000000
34576 13848 739582
34577 4646 946997
34578 2101 351
34579 10261 327
10261 8090 777
34580 1533 906551
1533 39307 913404
34581 47605 334173
34585 46079 1
34586 40772 496119
34590 4126 999111
34599 39396 998265
34601 28807 127
28807 33442 944485
34605 38121 990
34609 528 987603
34611 13610 180465
34612 20833 973276
34613 2183 658200
2183 4855 1000000
34617 11067 1000000
34618 13255 768954
13255 40489 867
34619 20577 931271
34622 43564 783
34623 7404 987552
7404 22628 144
34627 42173 206
34628 25681 903381
34629 40348 286481
34630 46341 951840
34632 42263 957826
34633 36955 974610
34634 37842 839125
34636 33175 953542
33175 4746 550361
34637 976 902896
976 17397 1000000
34639 48758 955185
34641 26764 634585
34644 24701 918887
24701 37446 715221
34645 7955 959760
7955 2944 1000000
2944 739 1000000
34647 13406 401742
13406 40811 259246
34649 19736 109005
19736 31206 940771
34652 46310 350898
34653 10483 443
34655 47977 981
34657 20317 258796
34663 43030 1000000
34664 30047 965712
30047 48520 621698
34666 15393 297755
15393 22622 155
22622 24480 985395
34667 41133 23925
34668 16212 144
16212 21273 919
21273 46989 591587
34669 45165 705001
34670 7264 273472
34671 29286 719945
34672 40874 980696
34673 26903 365362
26903 28366 1
28366 22709 147767
34674 10502 979831
10502 22811 32
22811 27640 1
34675 29131 967582
29131 33398 115
33398 9438 949420
9438 16158 984062
16158 2850 499793
34676 49511 942
34677 30373 1
34678 19994 521013
34679 39878 86531
34681 45993 914233
34682 38676 523763
34684 1394 961517
1394 30924 930385
34685 5647 993027
5647 12099 1000000
34691 19862 964169
19862 34338 489171
34338 47169 848108
34692 37114 920
34693 19219 464152
34694 3551 131
34695 39058 243103
34697 14669 908253
34706 28039 423
34707 36471 777241
34708 35832 1000000
34709 30441 672750
34710 42641 678870
34711 5666 951
5666 44321 971116
34712 10728 920038
34713 37103 919974
34715 23310 815116
23310 45491 916984
34717 45704 752869
34719 18868 347
18868 20997 131154
34721 19131 954359
34722 18579 1
34724 44599 976830
34727 20007 347585
20007 19422 942173
34728 1291 231542
34729 21881 261408
34730 38956 460978
34732 36456 44650
34734 42031 956954
34736 8854 23495
8854 2617 953952
2617 14122 896
14122 42021 100384
34737 16300 138748
16300 44621 297
34738 36825 940743
34740 28649 1000000
28649 47669 718
34741 9738 669444
9738 12005 512708
12005 34688 285
34742 43766 968873
34744 2560 880
34751 16592 558
16592 14824 715205
34753 28267 513
34756 19864 950911
19864 44060 463
34757 23803 978367
23803 45592 664723
34760 23942 910424
23942 11145 987
34761 29762 442354
29762 48221 960901
34762 43491 211452
34767 13663 985369
13663 1087 996433
1087 48024 527
34770 14397 921
14397 13518 997658
34772 15886 1
34773 37051 995886
34774 2926 891
2926 32746 654261
32746 45840 923003
34775 38870 1000000
34776 33545 932664
34779 27098 982697
27098 37702 18340
34780 7637 3
34781 20558 28545
34782 23548 984011
34784 45229 820941
34785 25516 988343
25516 27596 905968
27596 44102 1000000
34788 14873 795483
34789 3936 463929
34790 31229 987095
31229 47621 915073
34792 9574 924049
9574 13952 352877
34793 46557 900189
34796 21076 15
21076 4929 765464
34797 14564 791171
34799 25050 300
25050 10079 632524
10079 25537 949825
34800 44685 908332
34802 46939 29008
34804 15652 815718
15652 24974 1000000
24974 42768 430348
34806 35928 1
34807 19722 908883
19722 10399 563
10399 37454 717
34810 19179 247709
34812 5250 1000000
34813 42607 619245
34815 11701 1000000
11701 1707 974401
1707 20146 948896
20146 34739 296796
34739 137 686805
34818 26390 313
34819 46444 916788
34820 42294 696185
34821 1852 909159
1852 13543 769
13543 19445 990965
19445 8521 388527
34823 2304 381
34826 5717 636
5717 26079 468
26079 15166 1000000
15166 6597 974863
6597 40659 433
34827 30946 635
34831 36906 514838
34832 45028 161816
34834 15465 1000000
34835 27611 950713
34837 21158 316452
21158 42534 911569
34838 29269 105239
34843 26642 952748
26642 35657 770677
34845 40711 998865
34846 4497 1000000
4497 11942 146152
11942 11275 1
34847 18805 980772
18805 26410 787534
34848 6893 296
6893 11593 552129
11593 27212 410746
27212 25551 507948
25551 23432 904971
23432 43536 260
34851 13392 962158
13392 15293 96831
34852 2747 1000000
2747 12041 823735
12041 29344 644332
29344 12193 792544
34853 39974 933277
34854 27052 407
27052 10166 802643
10166 28133 938303
34855 15483 904131
34858 504 388
504 14842 720210
34860 16088 912852
16088 42019 594
34861 8418 975508
8418 1033 793546
1033 15293 92233
34862 1136 988566
1136 35884 970693
34865 18884 1000000
34866 1661 928164
34873 37289 223
34874 44535 462311
34875 46028 357485
34876 13125 986344
34879 34726 140
34881 13761 904298
34882 27769 923
27769 31744 948661
31744 12697 946868
34885 39771 911816
34888 36798 773268
34889 38251 977575
34892 25014 915369
25014 31205 907279
34895 32081 935846
34897 9174 605420
9174 43164 752144
34898 45166 403
34901 6236 612475
34902 11160 222306
34904 4838 447
4838 28892 1
34905 25662 962071
34907 14065 1
14065 8521 978509
34911 41811 380663
34912 5795 927901
5795 32668 993829
32668 31937 532
31937 46067 1
34915 21506 918691
34921 13904 104
13904 38918 683540
34922 8536 915905
34925 6962 62267
34928 32734 946561
32734 15091 838094
15091 18049 749221
34929 7175 909772
34930 22252 1
22252 11771 994548
34931 19801 617
19801 36988 934984
34932 32303 689780
34933 3311 95280
3311 30125 952936
30125 37665 317
34934 13728 374
34938 8294 216886
34939 36066 896386
34941 12917 939355
12917 31663 1
34943 31886 142
31886 42190 935548
34944 29403 687798
29403 39737 675
34945 21981 621061
21981 35587 256839
34946 31696 894608
31696 41914 1000000
34947 17912 207488
34949 7436 949463
7436 43750 462184
34952 27953 799
27953 30926 386996
30926 36611 298430
34953 41348 789351
34954 1552 970790
34955 586 975246
586 25430 283866
34960 33918 924514
33918 30059 968836
30059 18182 926262
34961 9841 954193
34962 44149 1
34967 48345 825512
34968 35648 934713
34973 46678 1000000
34974 18111 936227
18111 26699 81
26699 35611 964564
34975 34908 621649
34908 6445 870
6445 43024 985631
34978 48695 911421
34980 33296 963131
33296 17473 900367
34981 36386 628
34982 24519 938430
24519 33494 966202
33494 46623 974997
34983 40075 543205
34985 555 651245
34987 16399 983293
34989 45388 252399
34991 43608 504
34992 45487 564
34996 42579 930047
34997 46540 437
34998 36550 912037
35000 40837 957670
35007 22808 82686
35009 39779 446115
35011 13768 956862
13768 5680 662
35012 41463 948767
35016 41858 158388
35017 13744 656039
35018 17175 331561
17175 37742 994
35021 21094 944454
35023 38105 69933
35024 41224 252
35025 30361 1
35026 25886 986759
35027 20203 81076
20203 25759 976806
25759 38262 650
35031 33833 924669
33833 22974 723172
22974 15303 722803
35032 21499 419
35033 42204 89675
35034 39995 1000000
35036 25662 767
35037 39620 938684
35038 20790 1
20790 27067 525656
27067 9960 195
9960 38145 1000000
35040 22677 912097
35041 26214 495
26214 2230 929555
35042 41738 915862
35044 2170 869285
2170 36514 416659
35048 43351 42674
35049 44383 763820
35050 2711 457673
35054 16009 537762
16009 28134 709377
35057 18791 980640
18791 38654 324432
35060 37556 1
35061 15130 69618
15130 47450 948752
35067 18317 958674
35068 18695 456516
18695 25970 932718
25970 22364 925090
22364 7513 937836
7513 1195 983
1195 18385 906826
18385 29726 963657
29726 16105 44503
35073 41847 42906
35074 27436 57354
27436 19110 160373
19110 36290 591828
35075 6122 737261
35076 36427 486271
35078 8060 634786
35079 17965 1000000
17965 24456 62816
35080 31866 949811
31866 45548 1000000
35081 40644 957142
35082 18339 578
35085 16614 967547
16614 12892 1000000
12892 3937 983773
35087 42919 88
35088 30706 1000000
35092 33044 904402
35093 41235 849449
35094 43030 950
35095 15982 981448
15982 18828 1000000
18828 38962 819317
35096 1573 940682
35097 18349 732060
35098 40746 382
35099 46009 903922
35100 8355 63439
35102 9511 985430
9511 40574 938139
35105 25077 424
25077 39576 989261
35106 43635 167458
35107 8259 639
8259 36862 1000000
35108 5803 455032
35110 23540 99671
23540 31627 12
31627 14653 647569
35111 31142 805
31142 10909 54948
10909 34880 915670
34880 18853 708
18853 25675 925220
35116 39707 31294
35118 195 994547
35121 16338 355
35122 32665 834901
35123 7092 1000000
35124 45845 472167
35126 4031 577278
4031 26303 725629
35127 4589 595744
35129 31009 156712
35130 2326 980805
35133 39964 150
35134 25589 902484
35135 38268 263157
35136 39542 842
35137 30659 994272
30659 5146 934089
35138 40975 994257
35140 14846 939524
14846 25252 267487
35141 16188 901393
16188 21594 952937
35146 36785 92112
35147 27713 960529
35148 7102 349794
7102 45826 805447
35149 16600 989164
35150 23483 964182
35152 2952 1000000
35154 25403 690
35155 32383 608
32383 32644 1
35156 7489 1
35157 35213 980015
35158 32468 915159
32468 32473 276526
35159 2432 155
35161 28824 466445
35164 34883 1000000
35167 18567 319
35168 33478 106154
35169 2509 482647
35173 31689 374132
35178 18239 198941
35179 30971 953482
35180 32866 320816
35181 6638 966440
6638 8518 1000000
8518 35600 1000000
35184 14967 117
14967 32689 1000000
32689 37678 71
35185 36561 1
35187 25377 209
25377 16615 354152
16615 27399 839
35190 19097 997487
19097 18494 942095
35192 1263 609
35193 37346 97
35195 43663 495865
35197 41054 705
35198 38046 1
35199 39205 1
35201 6207 460
35203 45889 157066
35204 21074 915455
21074 1022 499812
35205 10330 906546
10330 11964 355667
11964 44114 19577
35206 42586 196151
35210 10308 991110
35213 19324 359
35214 29236 956542
29236 28255 957174
35215 14210 469455
14210 12972 979
35216 12281 1000000
12281 45865 920633
35218 14588 897324
14588 2696 1000000
35219 41285 956183
35221 17082 912660
17082 19507 961525
19507 17437 536778
35222 44455 594098
35223 37203 932047
35225 3538 931660
35228 48248 964832
35234 1918 932618
35236 29755 917760
29755 41153 1
35237 34373 1000000
35239 49273 223
35240 36722 1
35241 15422 929781
35243 15596 958963
35245 5383 834
5383 27266 138944
27266 23678 906660
35247 8874 996863
35248 2227 590
2227 32170 490219
35249 16678 947628
35250 24473 1
24473 4156 219208
4156 20713 566028
20713 10082 949959
35252 175 841050
35253 43102 246895
35255 32426 992904
35256 11874 937500
11874 28025 715
35257 38277 1
35258 47654 1000000
35259 8425 912863
8425 5530 1
5530 32891 620109
32891 36972 303937
35261 34138 976955
34138 28161 830390
35264 11932 989023
11932 49323 237
35265 11157 540018
11157 5568 916695
5568 41353 490742
35266 26843 774239
35267 7588 764986
7588 6326 1000000
35269 2839 209215
2839 4312 828
4312 20437 749222
20437 46327 967125
35270 18270 257005
35273 48008 1
35274 23443 900667
23443 22643 736307
22643 24148 158364
35275 46654 934700
35277 22081 484
22081 30579 959
30579 33736 996
33736 27010 471
27010 1042 668979
1042 35450 497253
35278 33024 929828
33024 12488 969
35282 43407 922885
35283 11712 147360
35284 31306 1
31306 15905 676847
35285 4816 350950
35286 39411 413890
35287 16151 494797
35290 18525 831826
35291 27825 484127
27825 17388 970811
17388 35445 306699
35292 33652 951773
33652 17718 747255
35294 34007 959786
35296 14716 734
35298 42562 910
35300 4410 914721
4410 40723 423697
35303 23036 974488
35304 34615 398385
35305 31088 997
35307 16350 859
16350 30825 955508
30825 37248 981
35310 46301 1000000
35311 36880 20
35312 6727 525433
6727 33685 949485
33685 1134 928496
35313 6815 1
6815 22442 1000000
22442 44909 57575
35314 6063 44397
6063 16484 372
35315 14481 933679
35316 44860 971053
35318 36920 956720
35319 45304 924018
35320 49634 983581
35323 4089 968017
35326 30391 45934
30391 425 544
425 27326 291368
27326 14095 1000000
14095 47203 1000000
35328 48357 977215
35329 27434 577
27434 8639 130282
35332 5695 197889
35335 20643 932541
35338 26664 74547
26664 465 497695
35339 26830 772442
35344 6388 956
6388 30028 1000000
30028 28108 978
28108 3630 585160
35345 384 771737
35346 46436 905710
35348 36351 926974
35356 35119 694024
35357 4929 1000000
4929 12104 974278
35358 41468 916119
35359 23510 161
23510 43183 1000000
35363 37378 857
35365 25201 747115
25201 2732 910658
2732 40543 934830
35366 46453 929377
35367 4414 125874
35372 2974 907158
2974 27104 438
27104 33961 1000000
35373 43888 512
35374 49382 190841
35375 46184 1000000
35376 25209 1
35377 27651 143999
35378 2570 1000000
2570 27333 1000000
35379 37411 622137
35381 9436 261
35382 14777 189414
14777 17 244
35383 26867 1
35387 49517 1000000
35390 6372 1000000
6372 12460 549159
35394 7614 860263
7614 4335 379527
4335 24599 655
24599 22370 788235
22370 3874 458825
35395 10307 984378
35397 41464 989408
35398 19867 142
35399 36259 1
35400 43213 922656
35401 43724 914019
35402 3486 946835
35403 26743 955585
26743 4910 973597
4910 14898 1
35404 11033 602070
35407 17929 936931
35410 5885 883705
35411 46934 970939
35412 31986 968202
31986 17713 933507
17713 26366 164052
35414 28489 981202
35415 13792 558
13792 30806 989211
35417 14763 979682
14763 12200 791098
12200 27189 979493
27189 1358 1000000
1358 29641 1000000
35419 23905 858330
35421 30898 402
35422 950 1000000
35424 34358 1
34358 4731 883
4731 42420 930
35425 4034 950472
35427 8204 759075
35428 46997 1
35433 44360 508659
35434 18722 1000000
35435 29316 123
35437 41122 268232
35438 34191 566
35440 2551 661338
35441 3944 1
3944 39085 983862
35442 37795 943967
35445 34230 944196
35447 32055 655
32055 15647 972319
35448 46261 997387
35451 23517 929785
23517 41324 641
35452 9586 970902
9586 18436 302
35453 42823 269564
35456 48360 964404
35457 15826 277949
35461 31016 933262
35462 33003 959636
35474 12167 880
12167 44390 580532
35475 12115 240229
35476 47097 537
35477 42517 969190
35478 32416 963297
32416 18166 571692
35479 39287 968867
35481 2566 1000000
2566 11921 169904
11921 29345 975334
29345 9774 984
35482 4783 182
4783 49386 519
35484 35003 945826
35003 44145 1
35486 48293 720366
35488 44471 758
35490 25889 999167
35492 45668 298008
35495 8704 974605
35496 5062 380991
35497 17662 533
35498 20379 1000000
20379 10506 953510
35499 46818 952786
35501 31152 551
35502 12415 589588
12415 8731 1
8731 48047 848
35503 47299 258162
35504 42044 657
35505 30842 12020
30842 41188 996924
35508 44624 980149
35509 48477 939077
35510 9540 823640
35512 20 911033
20 44123 550
35514 3774 56784
3774 27272 471355
35516 11594 767533
11594 32104 968582
32104 34473 802960
35518 14323 968
35519 2696 1000000
2696 31431 959514
31431 9302 918758
9302 15236 1
15236 42014 1000000
35520 22551 816
35522 37458 575265
35525 48722 1
35531 18962 901466
35532 39373 927454
35533 5047 991799
5047 42885 1
35535 14989 777095
14989 18405 692484
18405 36752 1000000
35538 5327 121468
5327 23307 697466
35541 18754 1000000
18754 39683 1000000
35542 29623 973318
29623 11082 911124
11082 44818 1000000
35543 19644 67346
19644 29093 73363
29093 32485 249
32485 19428 1
19428 20565 157092
20565 8374 829674
35544 26403 57778
35545 36739 1
35546 24759 712
35547 42582 953271
35549 41946 999742
35550 4885 276252
4885 2713 562
2713 1441 1000000
35555 14643 947396
35557 17876 800393
17876 33988 932517
33988 25022 538
25022 26788 550587
26788 46375 443
35559 81 961724
35560 10969 993855
10969 21926 55075
35561 27305 997507
35563 31588 955168
35564 5925 1
5925 19169 1000000
19169 16489 771
35566 42251 979208
35567 47557 187
35568 44360 60567
35569 11726 554410
35570 24733 239440
24733 3117 758
35571 37544 622
35572 4977 982768
35575 42810 296
35578 20733 1000000
20733 22637 1
22637 44581 945815
35579 47293 900674
35581 9984 505
35582 5261 923
35584 4029 998099
4029 38435 987700
35586 36591 1
35588 27416 1000000
35589 38113 85586
35591 27260 911334
27260 20256 1
35592 994 106800
994 37236 942073
35595 49376 402184
35596 7345 855445
7345 19627 966717
19627 23278 940733
23278 2182 532726
35597 33600 210200
33600 19870 1
35598 17635 1000000
35601 1262 1
1262 19572 953011
19572 43693 622
35603 1005 788
1005 2585 1
35604 2320 968054
35606 34284 1000000
34284 22173 580779
35609 17415 981843
35613 32310 388
32310 44653 289040
35614 47158 442454
35615 15094 962380
35624 2924 13
35626 29582 991151
35629 23359 997960
35631 4464 964773
4464 45904 1000000
35633 3006 322968
3006 28424 211462
35635 32712 900786
32712 17728 34043
17728 15910 997054
35637 32943 916831
32943 33854 697
33854 23704 1
35639 12624 886268
35640 34026 457813
35641 13325 931288
35644 15684 161645
35645 5410 1000000
5410 4703 1
35649 43121 149
35650 24617 810
35651 28611 281337
35654 19123 925496
19123 44496 962701
35660 18500 618
35661 5619 460676
35662 26586 281761
26586 33122 960803
35663 30073 1000000
35667 30691 923613
30691 7913 958898
7913 4004 1000000
4004 28913 203392
35669 41816 402579
35672 22010 243
22010 41993 77576
35673 2537 125
35675 40091 953533
35683 18912 6204
35685 11885 901600
11885 1153 407
35686 41067 1000000
35689 41377 768
35691 39048 1
35693 6745 1
35694 20357 1000000
35695 7213 971191
7213 40937 991496
35696 11496 407901
35702 30625 832594
30625 22881 468540
35703 240 935287
35704 12010 186852
12010 30406 558
35705 36711 915227
35707 12261 175577
12261 19335 409
35708 2222 175412
2222 49540 1
35709 41391 812092
35710 48700 1000000
35711 12022 336
12022 38869 976551
35713 3010 940703
3010 28154 695270
35715 40035 956348
35716 22044 947716
35718 28217 665396
28217 9352 284
35722 48270 929115
35723 6414 597654
6414 10770 917135
35724 16766 434694
35728 25859 79
25859 42760 614
35729 35511 961787
35511 49666 591122
35731 22749 985477
35733 16580 1000000
35735 19663 567395
35737 31560 44
35738 42683 383
35739 46166 915779
35740 35619 16194
35619 25977 957818
25977 27615 945152
27615 37696 148448
35742 5918 988042
5918 47585 928857
35743 7183 768
7183 3192 77080
3192 22914 962183
35745 1050 142114
35751 24759 438135
24759 9270 912931
9270 30553 654335
35754 27942 913371
27942 13017 189277
13017 41775 1
35756 26403 1548
26403 19120 327462
19120 20562 1
35757 38079 936648
35760 47309 1
35763 19567 996307
19567 33887 620046
33887 17667 1000000
35765 48798 876
35767 15684 1000000
15684 35587 1000000
35768 48000 929724
35772 12801 760
12801 37030 305053
35774 29662 330634
35775 15768 459
15768 47322 412514
35780 35233 908715
35233 27308 841313
27308 35352 999770
35352 42721 1000000
35781 5736 998735
5736 1274 818009
1274 14937 920373
35782 27564 832
27564 15303 836
15303 42472 974308
35784 19408 37
19408 41504 853
35785 27590 917733
27590 40581 921460
35786 36366 398509
35787 33357 833090
33357 28435 967177
28435 44482 673667
35788 11510 549052
11510 9278 1000000
9278 1942 991159
35791 23084 932214
23084 21801 1000000
21801 5242 196246
35794 15889 541
15889 40374 960810
35796 13688 859
13688 13923 1000000
35798 32872 494540
32872 21235 730871
21235 9436 853428
9436 12202 1000000
12202 34178 814
35799 32920 691069
35802 13135 420110
35803 18772 947233
35804 15574 902
35812 41850 68
35813 16262 1
16262 14623 1000000
14623 14782 367
14782 28015 720862
35816 31600 950280
35818 1117 508209
35820 11345 969759
35821 18242 484226
18242 36125 701
35822 44922 798099
35823 18168 916391
18168 44097 34790
35824 30899 915792
30899 7576 481410
35826 8776 305593
8776 16770 738072
35827 16587 995490
35828 23569 687243
35830 17599 1000000
17599 15814 367
35831 2085 486
2085 26970 1
35833 30134 954455
30134 8237 848172
35834 7617 754
7617 48572 987878
35838 11182 936207
11182 33464 932015
35839 47144 990517
35840 45046 322
35843 33287 704775
35844 32781 814945
32781 14086 938707
14086 35797 1
35797 26859 946
26859 30044 73110
35845 30225 926293
30225 22519 167
35847 15766 339559
15766 40286 224063
35849 5429 984528
5429 1276 955163
35853 11541 954972
11541 26869 925109
26869 10871 1
10871 21321 711
35854 4165 1
4165 21125 1
35858 13362 931811
35861 19889 1000000
35862 27030 982950
27030 3263 998570
3263 11404 132
11404 21962 172308
35863 16289 285711
35864 3168 930952
35868 16432 255552
35870 23225 953117
35874 21953 129
21953 33370 807
33370 46471 1000000
35875 36412 820949
35876 25823 594541
25823 37311 68659
35877 23067 939990
35878 8098 934233
35880 4293 902045
35882 15397 719
15397 48356 939405
35883 30443 839418
35885 7023 988781
35890 6219 812371
6219 25550 927003
35893 21663 1000000
21663 2209 1000000
2209 14319 736502
14319 2274 939393
35896 46861 706906
35897 10765 1000000
10765 12027 888790
12027 31195 208
31195 20580 912
20580 1349 989670
1349 28795 548
28795 29756 957071
29756 24862 528824
35898 15854 1
35901 11145 550618
11145 13317 993484
35904 668 956331
668 39995 723843
35906 20132 1000000
20132 32357 996526
32357 20997 516200
35909 41934 538
35910 44839 551
35915 47162 977
35916 44413 720939
35918 46339 1000000
35919 10596 935222
35920 2283 370275
35921 20117 877325
20117 2218 912995
2218 30613 495742
30613 5353 148214
35925 20815 691
20815 13141 152441
13141 22975 186149
22975 25948 663704
25948 3043 1000000
3043 21165 1000000
21165 6283 395
6283 24089 718962
35927 22760 332264
22760 22042 933
35929 26823 960853
35932 40974 1000000
35933 17708 28741
17708 34224 953007
35937 48803 1
35938 23809 1000000
23809 20929 919550
35939 47381 1000000
35942 9014 280
35945 14919 962348
35948 36459 1
35951 11431 149
11431 46892 967708
35952 9407 842308
35953 30939 686
35956 15543 829181
35957 12570 871
35958 27374 108820
27374 13801 903722
13801 24799 1
24799 7344 956072
7344 11187 476
35962 30637 427
30637 39529 935863
35964 49108 866
35965 24684 50454
24684 29017 1000000
35968 41160 651268
35970 37775 956321
35971 6803 649
35972 15146 926
35975 5771 963955
35977 19957 145696
35981 46514 976382
35983 27832 1000000
27832 33379 138
33379 46844 187
35984 944 955910
35986 44972 982121
35987 31597 576151
31597 48374 700228
35988 48671 115130
35989 23186 995850
35990 44448 1
35991 22050 927307
22050 24225 937072
35992 34072 969627
34072 14804 887
14804 29251 975080
35993 48386 1000000
35994 34409 719
35997 35889 989543
35889 29313 717
29313 30082 613449
30082 18252 988998
36000 6814 259057
6814 3875 895
3875 8795 781915
36001 41664 584
36002 37186 291658
36003 13133 28375
36007 30093 485612
36008 13374 967576
13374 33695 938901
33695 6775 1000000
6775 46754 899217
36009 15454 1000000
36010 2755 119999
36013 45879 202085
36014 48468 738324
36016 27293 922929
36017 1378 841780
1378 18910 896790
18910 35966 931000
35966 7155 347
7155 12739 557828
12739 10944 995313
10944 9596 923037
36018 30190 834
30190 22004 658535
36020 46575 996919
36022 6390 956
36023 2518 717683
2518 21007 970966
36024 26056 948
36025 26424 1
36029 38171 893856
36030 37627 916139
36032 25391 428734
25391 20256 953510
20256 38004 912836
36035 41634 990923
36036 43662 570
36038 26525 1000000
36043 44104 901130
36046 28950 131
36048 48019 635692
36050 8009 436494
8009 23173 722
36051 9065 978826
36052 39965 570
36053 1629 708321
1629 28070 1
36054 10396 978804
10396 40684 936624
36056 18374 930096
36057 25436 956510
25436 23131 921
23131 9307 1000000
9307 45776 989768
36058 5440 994230
36059 14905 935144
14905 9750 297766
9750 21221 238
36060 20221 225
20221 40195 974121
36061 8247 16320
36062 6474 930910
6474 48277 1000000
36064 16987 1
16987 13911 1000000
13911 48918 92932
36065 992 961553
992 21902 492317
36068 28365 980440
28365 21904 860249
21904 36589 1000000
36070 33203 996322
36071 41462 835292
36074 9693 977942
9693 44863 728
36077 31482 743
31482 14696 974626
36078 34735 963453
36083 30237 145917
36085 42823 984050
36088 18455 126
18455 18626 955326
36090 11641 182266
11641 23749 356704
36095 46317 972774
36096 49300 1000000
36099 30345 177
30345 7172 68
36100 37959 913641
36104 33207 127
33207 41588 109
36105 34363 424686
34363 33430 1000000
36113 45268 198366
36114 29303 381
29303 48859 988580
36117 36878 1000000
36119 36783 246861
36121 40323 14924
36123 48461 305650
36125 23678 900889
36126 580 1
580 14053 837011
36129 47255 1000000
36130 7293 1
7293 34430 524747
34430 2061 1000000
36131 32791 980396
32791 12244 1
12244 5700 923648
36136 47775 1
36138 3949 952740
3949 1484 286
36140 20428 234040
20428 45317 85232
36141 32092 988796
32092 29420 494239
29420 34783 530640
34783 49616 990289
36142 1955 987605
1955 2258 878
36143 30639 706
30639 29718 517588
29718 45381 407178
36145 7944 506
36146 10576 823
10576 20230 544
20230 4072 482462
4072 41430 908335
36147 4168 969719
4168 16813 295
16813 20491 916178
20491 7305 481816
7305 25608 1
25608 35262 925651
35262 11628 970
11628 16879 1000000
16879 45161 634
36149 23082 183
23082 38705 974038
36152 46379 336989
36155 31565 808818
31565 17410 407
17410 1162 499
36157 38059 317081
36159 21661 271573
21661 22167 684018
36160 706 258494
36166 27034 1000000
27034 1769 931985
36168 6140 1
6140 45927 921553
36169 22719 949336
22719 26968 200
36172 7107 563
36174 37133 1
36176 6044 1000000
36177 32478 392051
36178 31070 243883
36180 4796 1000000
4796 33993 92676
33993 6154 2
6154 39210 1
36181 33134 924991
33134 15177 612878
36185 36457 458
36191 33875 950982
33875 47220 1000000
36192 14136 944985
36196 1625 727
36197 30414 896
36198 36442 1000000
36201 19638 329851
19638 12902 995616
36202 37009 1
36203 31015 998268
36206 34285 979952
36208 10356 123081
36211 38614 904070
36212 40161 819
36213 40742 155
36215 16587 770
36218 48389 980716
36219 19007 765
36220 36923 935403
36223 43787 991525
36225 38543 956004
36228 40072 769522
36229 17948 955848
17948 49603 980321
36231 31393 671
31393 11694 1
36233 5870 920836
36234 46980 983220
36235 16335 913098
16335 33565 287
33565 33350 958001
36236 1694 949508
1694 22938 980370
36237 7433 957996
7433 36926 97
36238 30104 480043
30104 26580 693854
26580 19643 895
36239 30073 511272
30073 48801 1000000
36240 36127 337
36127 30621 929642
30621 19973 989227
36241 15751 911650
36242 18158 19786
18158 9028 989350
9028 41042 883021
36243 20267 1000000
20267 41970 990894
36244 27268 171
27268 7537 909364
36246 14812 1000
14812 11580 50495
11580 45428 958340
36248 36034 921606
36251 9017 1
9017 42685 134399
36252 4132 924707
36253 506 379596
36254 46221 910
36256 9280 916885
36257 33857 918152
33857 29249 422
36259 22812 563045
22812 17464 415942
36261 22261 248516
36264 33986 514586
33986 30944 998541
30944 30282 912470
30282 18002 1000000
18002 37013 860547
36265 4022 1000000
4022 13092 945340
36267 12434 399217
36268 14818 1000000
14818 37969 921754
36269 27087 253048
27087 10307 952245
36270 37605 446941
36271 23324 919943
23324 23831 1
23831 15764 403
36272 29857 994491
29857 30252 397
30252 29341 558125
29341 5522 973
36273 26976 553
26976 46641 963132
36274 26396 903
26396 24924 1000000
36278 1836 1000000
36280 42832 954119
36281 23292 319237
23292 48356 929088
36282 41444 295823
36283 27870 964290
27870 34104 972039
36289 2165 1000000
36292 5196 907813
5196 42736 333063
36297 42297 930237
36298 14597 885797
14597 2733 1000000
2733 19541 136114
36299 3539 166642
36301 15924 933404
15924 25953 470397
25953 16438 983958
16438 4936 323261
36302 33901 485
33901 25498 137
25498 33477 346042
36303 19214 84
36304 15427 901752
36308 30584 912432
36309 3854 931159
3854 29689 174
29689 21264 921683
36310 18193 920607
18193 34698 992369
36313 25285 985014
36314 4043 945188
4043 7067 651
36324 39773 905671
36327 42983 995574
36330 25222 149162
36331 18567 57
18567 15769 250390
15769 2762 526
2762 17037 928418
36332 28116 40169
28116 29881 776
36334 39086 1000000
36336 25723 35513
36338 22217 1
36339 45252 285
36342 41789 163608
36343 47352 1000000
36344 4442 901612
36346 41386 943887
36347 26373 888
26373 21615 459091
36348 30438 217978
36349 29406 327533
36350 14657 902693
14657 21081 640080
36353 20200 999613
20200 36848 15
36356 4495 531982
36359 16238 982629
16238 24920 973564
24920 27232 779445
27232 11318 358206
11318 22161 921575
22161 27119 179
36360 35717 909228
36361 4767 3
4767 19279 933232
19279 41472 409583
36362 21687 976370
21687 23521 424537
23521 48227 700566
36366 11432 919626
11432 35028 915326
36367 8311 458861
36368 5303 909701
36370 19505 664002
19505 2436 900049
36371 38027 818
36372 32020 506804
32020 28329 488121
36373 37123 934462
36374 15910 725947
15910 20986 957434
20986 46831 778778
36379 15952 954785
36380 22936 945970
22936 28480 363
36381 26698 952095
26698 33771 906330
36382 25590 1
36383 35515 757451
35515 36279 969755
36386 48517 1000000
36387 45726 473155
36389 42159 736
36392 2169 976665
2169 36701 329
36393 4092 770
4092 7109 1
7109 19617 479
19617 34412 93
34412 11881 1000000
36394 4537 845
36396 35517 403372
36397 29927 843275
29927 44194 1000000
36398 20992 808
20992 43779 475277
36400 37848 989869
36401 2559 308882
2559 1769 205
1769 22095 924920
22095 11673 441191
11673 37130 36505
36402 38352 911652
36403 15330 914668
15330 22059 1
22059 30883 141730
36407 13644 948269
13644 37550 420379
36408 22105 932995
22105 29907 1000000
29907 47678 1000000
36409 26749 80
36411 19399 949903
36412 26059 921
26059 23482 919819
36413 9728 842
36414 21311 911278
36419 26153 62796
36420 33919 1
33919 29700 711604
29700 18796 818781
18796 32490 434951
32490 16793 989385
16793 27037 990421
27037 41692 1000000
36422 38433 1
36423 21997 734658
21997 42385 206
36424 37090 1000000
36425 16790 306825
16790 4418 1000000
36427 44618 781
36430 29373 729464
29373 5555 283432
36431 15961 542356
36435 46495 876265
36438 17382 441
36439 45801 131
36442 37066 102509
36443 13842 133588
13842 3862 904885
3862 46945 383732
36444 5500 44
5500 36011 976225
36445 14813 143580
14813 35963 295617
35963 25505 951266
36447 47446 880780
36448 20895 902495
20895 38461 975161
36450 47515 888972
36451 5877 157166
36454 9154 943367
36455 46959 978380
36461 1084 475773
1084 28178 1
28178 9745 624219
9745 22322 558330
36464 45261 620936
36466 1535 901940
1535 5700 562
36467 21150 528
36469 43004 1000000
36470 29983 1000000
29983 23596 1000000
23596 37821 1
36471 24163 900843
36473 25592 1
36474 20469 944050
20469 20281 977720
36478 22206 979481
22206 27197 239995
36479 924 738
924 7995 270713
36481 1813 723419
36482 20421 897
20421 14912 1000000
14912 27415 593116
27415 30184 403
30184 16634 1
16634 3882 929443
3882 31845 502
31845 18106 381658
36484 10722 558432
10722 5737 969224
36486 12720 422
12720 6074 54
6074 44098 182981
36487 24757 1000000
36488 30440 507
30440 31332 231
31332 3187 1000000
36491 38854 1000000
36492 7843 287221
7843 20231 1000000
36495 7391 1000000
7391 5504 1000000
5504 11449 924979
36498 49458 812077
36499 5177 1000000
5177 43892 918
36504 15932 988341
36506 35960 667763
35960 1888 309591
1888 10800 980137
36508 40329 149569
36509 40601 1
36510 2494 926033
36511 4987 156318
4987 25721 938906
25721 21936 937134
36512 45855 212113
36514 43489 1000000
36516 39670 627518
36517 34587 984
34587 49066 1000000
36521 20663 393102
36522 8319 994797
8319 23483 115236
23483 49470 304
36523 21358 932759
21358 6776 919271
36524 49491 573
36528 13300 725
36529 42370 997394
36531 11036 812083
36532 4993 951129
4993 3494 517
3494 11583 974723
36533 395 879
395 26014 849177
26014 20630 298225
36534 450 1
36535 25890 951523
25890 13079 467025
13079 18649 513266
18649 21008 961156
21008 3684 936638
3684 31799 1000000
31799 3042 1
3042 30227 512
30227 21849 983
36537 48032 1000000
36538 5843 892
5843 25150 976445
25150 39802 606630
36540 27854 1
27854 11270 656
11270 43938 982600
36542 473 1000000
36544 3159 234188
3159 36179 204108
36179 21212 880
36545 46434 493
36547 35494 981203
35494 36513 967009
36513 40811 938873
36549 25178 981041
25178 33595 1
36550 19615 905854
36551 232 926150
232 44469 462196
36552 4294 481883
4294 6184 194
6184 8377 859793
36554 46745 977507
36556 1073 853249
36558 32019 163
36559 16428 12
36563 19748 592
19748 16185 970240
16185 45703 493986
36564 13382 90973
13382 40307 1000000
36567 18750 927503
36569 15898 1000000
15898 41204 681057
36570 19193 205
19193 9618 951597
9618 18431 966737
18431 24770 491
36571 35753 14
36572 39314 536
36574 27138 938079
36576 35630 719045
35630 13074 1
36577 42469 410398
36579 19595 663683
36584 987 987703
36585 5846 286877
5846 33321 930992
36587 7242 484579
7242 22410 316811
36588 33534 939258
33534 9540 1000000
9540 24185 237888
36590 19285 954475
19285 13096 168
13096 25848 919466
25848 27 952915
36593 7103 912956
36595 32658 1000000
32658 13095 572265
13095 26142 977886
26142 41657 512527
36596 14834 922824
36597 17825 146566
17825 6620 301
6620 3667 912893
3667 126 957005
36598 4065 944887
36599 23757 866117
36601 5075 982272
36602 18049 973778
18049 11623 982135
36607 39360 913599
36608 26161 1000000
26161 28359 119537
28359 19001 35
19001 23906 916350
36609 38221 920086
36610 49504 904297
36612 635 979
36613 24581 177
36616 16108 995416
16108 45493 501875
36617 8001 165386
8001 47347 909857
36618 3371 1000000
3371 40969 943916
36619 16136 603
36620 33050 999570
33050 12899 1000000
12899 27111 223
36621 18265 485
36622 2876 636
36623 5894 745340
5894 33650 1
36624 4516 954730
36626 6880 60018
6880 23792 941229
36627 48695 122
36630 15507 179
15507 29056 1000000
36631 46603 893
36634 27810 974559
27810 18034 591
18034 1772 887579
1772 2604 922470
36637 41467 296
36638 1291 994530
36639 8855 46645
36643 9963 948645
36646 48101 215415
36650 41076 930390
36655 3605 769445
36658 35736 949645
35736 14783 1000000
36661 707 976720
707 47891 209484
36662 22165 920790
36663 18772 362
36665 16343 317
16343 34213 385
34213 19909 1000000
19909 16330 984211
16330 34215 1000000
36666 47917 1000000
36671 17966 1000000
17966 13438 916066
36672 14340 814126
36673 14118 143076
14118 39497 949943
36674 49009 991797
36676 48896 182493
36677 42954 77788
36678 9248 1000000
36681 10955 956579
10955 36756 969535
36686 43055 994
36687 3520 913506
3520 48904 517652
36688 11163 990538
36691 26374 639924
26374 3068 136
36692 21843 199926
36693 29155 169
36694 737 978460
36697 18035 380468
36698 9362 1
9362 5932 942795
36699 4070 623441
36702 23244 943490
36703 32183 930994
32183 21384 1000000
36704 16115 930885
36705 12379 933255
36706 37797 446
36708 19449 431138
36711 15454 933173
15454 7659 931530
36713 46636 81388
36714 4947 640486
36715 32849 320
36716 182 285534
36717 5805 954588
5805 45556 949100
36718 9062 319300
9062 11972 914892
11972 10919 975918
10919 11295 905083
11295 8524 953242
36721 48349 102
36722 23464 921177
23464 46269 997624
36725 29054 63494
29054 19453 936880
36728 7194 909024
36729 20775 947509
20775 48989 1000000
36730 29632 912081
29632 22128 885967
36731 22768 1000000
22768 38658 901172
36733 10601 1000000
10601 29046 1
29046 1440 1
1440 39373 977803
36734 14873 890101
14873 3211 999426
36735 21292 417621
36737 5771 817894
5771 30829 417824
36738 47988 440160
36740 29025 978082
29025 9081 366
36741 34839 962819
36742 39347 934131
36743 32704 939600
36747 8700 1000000
36749 15556 1000000
36750 37002 938883
36752 4879 601
4879 2106 1
2106 33893 908532
36753 8159 959999
36755 1836 938187
1836 45952 355685
36756 12152 446645
36757 20417 274721
20417 3954 432879
36761 43959 465681
36763 35526 1000000
36764 9763 903258
9763 42711 936169
36769 42538 309
36770 9680 929593
9680 17930 976847
17930 29454 954216
29454 15800 1000000
15800 14231 480225
14231 36932 336
36771 39424 975675
36774 5753 930049
36776 35467 29286
36777 4065 1000000
4065 13219 971083
13219 2902 983548
36779 37994 916790
36785 34610 1000000
34610 14229 1000000
36786 47661 951984
36787 47298 911091
36788 26566 467
36792 10250 874
36795 49709 752
36797 31977 1000000
36799 42551 763600
36800 45714 607906
36803 41403 725434
36805 22996 1000000
36807 40438 940677
36809 17604 1
36813 36744 780956
36744 42788 666
36815 25957 1000000
36816 25347 992040
25347 19501 975504
36818 7739 514651
7739 40153 983597
36819 25357 495
36821 48208 939
36824 42349 158853
36825 1521 977444
1521 46059 747
36827 13483 1000000
36828 32820 972655
36829 1387 917826
36834 29481 977879
29481 39133 525805
36835 268 1
268 29482 660987
29482 12422 319
12422 40769 316
36836 41887 202
36837 375 34376
36838 42692 370469
36840 32243 491
32243 42475 931309
36841 37659 105367
36843 39777 450
36846 8358 974947
36848 2605 116
36850 28184 956580
36853 34593 1
36855 36783 901
36783 6147 242
6147 32579 690
32579 28619 815413
36856 32820 861476
32820 36603 590598
36603 44561 1
36857 39300 812879
36858 19922 828
36859 36026 224
36860 41980 990583
36862 48099 906343
36863 24243 29417
24243 28558 907733
36864 8214 1000000
36866 40848 286
36867 16399 924196
36868 29895 230742
29895 27962 903251
36872 43771 542249
36873 11445 963200
11445 32012 968066
32012 8086 91
36874 25228 942651
25228 22517 930204
22517 30655 1000000
30655 31943 545
36876 33726 515879
36879 8246 915623
8246 2999 988047
36880 20532 1000000
20532 17779 912963
36883 10140 623
10140 42925 1000000
36884 17209 911818
17209 5546 1
5546 22553 837
36885 24686 601523
36887 5030 904317
36888 41479 984858
36892 44286 970742
36893 1564 1000000
1564 8618 954752
36894 23107 924454
23107 44044 311351
36896 49104 1000000
36898 34272 713018
36901 23113 901967
23113 3864 729
36904 28661 406
28661 39557 961379
36907 40364 908430
36908 49711 1000000
36910 17861 585224
36911 46759 978280
36912 36080 910477
36080 9936 121
9936 29659 990209
36913 34179 17912
34179 24089 791174
24089 6177 1000000
6177 10156 1000000
10156 20313 1000000
36915 34768 1000000
34768 31102 189
31102 49350 940929
36916 48492 673326
36918 38765 966262
36920 13711 461646
36922 44669 981332
36923 12377 637562
36924 6221 34
36925 5374 1000000
5374 1359 239
36926 41398 573
36928 18396 367568
18396 24625 620142
36929 27091 496287
27091 35022 951
36931 38638 919783
36932 17629 703692
17629 49302 966595
36934 744 939317
36936 950 263
950 5684 993550
5684 20088 946172
20088 29056 743
29056 38195 986225
36937 36822 1
36822 13389 692
13389 19895 92
19895 8524 589
8524 18298 1
36939 40044 998021
36941 4568 658774
36943 25844 934457
36944 5494 686
36947 10445 943
36951 43405 337
36952 21650 774
21650 37854 905189
36954 28385 980410
28385 2050 1
2050 32902 181
32902 35526 1000000
35526 38361 1
36956 38256 459273
36957 32073 186
32073 3649 1000000
36958 35752 925496
35752 7297 875328
36959 33784 963319
36960 43377 672
36962 15890 948148
15890 38348 892
36967 4254 207091
36968 38133 965298
36969 3676 992316
3676 40965 39571
36970 18707 786
36971 14688 918403
14688 28663 454843
28663 1066 1
36975 37573 474720
36976 48496 381
36978 18691 286
36979 28124 428368
28124 43433 592460
36981 35697 403
36982 15938 912985
36983 36839 826001
36839 29375 1
36985 34877 999744
34877 36108 193373
36108 17500 860924
36987 9058 788203
9058 44428 3
36988 41664 895
36989 23304 992203
23304 1320 910232
36991 29648 861634
29648 32127 983249
32127 35350 711192
36992 10770 631765
10770 3374 687433
36993 48997 966
36995 15840 1000000
15840 44341 1
36996 27444 209065
27444 36938 320
36938 12864 955
12864 19965 1
19965 19029 964551
19029 8570 447853
8570 7971 748635
7971 18139 616362
36998 34733 217233
34733 38270 401100
36999 37512 1000000
37004 1890 972755
1890 30087 577415
30087 40279 649835
37008 13767 403880
37009 45701 973807
37012 39285 1
37016 5582 455556
5582 36388 1000000
37020 8704 149
8704 1072 700497
1072 16690 228884
16690 11785 387
37022 42745 619064
37023 37494 919945
37026 28249 79
28249 41512 125331
37028 13236 477467
13236 29338 934448
37029 23559 233276
37030 31062 906649
37031 8185 916448
8185 3372 1000000
37034 47239 998732
37037 40112 787
37039 604 262528
604 23361 651
23361 6078 714
6078 20573 142
37040 32050 895433
37042 6717 794
37044 10394 728
10394 29941 974060
37046 9074 247
9074 32893 900295
32893 1928 258
37049 32072 901550
32072 5445 1000000
5445 13273 597733
13273 49131 946088
37051 39168 948916
37052 25086 972076
37059 7702 239787
37062 23054 334262
23054 24626 849402
37063 23005 446
37066 5341 948330
5341 32681 51674
37068 23236 656
37069 14440 996151
37072 642 294
37073 13490 993947
13490 692 706950
692 17750 847
37078 14287 893492
14287 40964 282342
37079 11602 179491
37080 8665 937835
8665 19205 1
37081 36284 323889
36284 9769 963345
9769 23834 270247
23834 48891 915366
37082 22571 736722
37083 45431 51529
37084 43424 960137
37085 45746 92
37087 49436 804
37089 44935 342795
37090 12153 565
37092 18248 459
18248 25129 1000000
37093 5164 294900
37094 43368 64
37096 10848 1000000
10848 24240 1000000
24240 47656 615
37097 49656 1000000
37101 16969 21
16969 9175 1000000
9175 16485 929122
16485 43318 510
37102 13865 298569
37105 47371 201
37108 39130 1
37109 48294 65641
37112 13358 919068
13358 1491 932331
37113 43873 903
37114 42737 986477
37115 5649 480814
37116 26955 56943
26955 9570 954282
37119 5524 995726
5524 8779 309
37120 36047 351765
36047 32453 904216
37121 23771 957153
37122 25072 29318
25072 47922 996200
37123 36156 591848
36156 42609 215
37124 12343 981393
37125 17920 953931
37126 34871 1
34871 34976 303296
34976 24213 987324
24213 21656 204
37128 23846 571210
23846 16874 1
16874 26097 1
37129 14795 934115
14795 44425 602322
37130 6928 970893
37131 26838 1000000
37132 7757 1000000
7757 20228 1000000
20228 35832 1000000
35832 11390 204
11390 25405 241
37133 6550 933057
37136 11308 1000000
37137 16089 79951
37138 46670 932042
37139 18436 1000000
37141 49709 165061
37144 20948 512
37145 14321 78
37147 44364 1000000
37148 42970 598714
37149 22008 990241
37151 27637 942459
37152 26651 1000000
26651 2882 297983
37154 22307 983829
37155 31394 815487
31394 33423 402
37156 30985 937729
30985 16732 508212
16732 17730 460535
17730 4623 948897
4623 30558 281
30558 31948 330274
31948 22235 484765
22235 26871 1
37158 45880 953683
37160 48130 716
37162 44229 582
37165 8337 1000000
37166 44091 942850
37167 18560 921866
37168 42227 102795
37172 27273 906673
37173 5347 953153
5347 7122 42794
7122 17756 902980
17756 49334 994847
37174 41563 64
37175 37734 905887
37176 48678 1000000
37177 7247 919737
7247 32486 955879
37179 12120 1000000
12120 7839 514035
37180 10730 1000000
37181 42236 470703
37183 46913 97223
37185 11501 138308
37186 43028 238
37187 46197 481353
37188 46876 961
37190 21459 911464
37191 34337 638470
34337 48144 985286
37195 20820 939811
20820 49459 734570
37197 38493 211
37199 21239 99289
37200 8651 194
37202 22701 93439
22701 10164 975432
37204 32307 921819
32307 49559 1
37206 29214 327
29214 34142 629
34142 17017 599
37207 49119 932375
37209 14922 913236
37210 37902 136066
37211 31841 365535
37212 4909 916772
37214 32303 974607
37215 25887 792210
25887 2670 290416
2670 30290 929822
30290 31426 935563
31426 16805 939113
37218 4857 977633
4857 37849 551327
37220 32348 902113
37221 1740 613
1740 35189 1000000
35189 31665 902207
31665 7760 1000000
7760 4842 482676
37222 18055 495121
18055 9037 896315
9037 36560 985075
36560 8910 994624
8910 14289 72874
14289 30165 922065
30165 25194 1000000
37226 47880 916057
37229 10509 754
10509 7857 710307
37230 8712 956920
37231 40503 935112
37232 2863 378
2863 33797 620
33797 23826 965158
37234 3203 831
37237 17305 605
37241 45563 653801
37242 28469 149
37243 46990 57242
37245 33257 1000000
33257 39297 592921
37249 4445 474334
37250 43537 973714
37251 44775 507846
37252 18169 3
18169 1292 497750
37255 32069 1
32069 945 269510
37256 33342 894
33342 21601 1
37257 35162 227
35162 7083 369527
37260 2928 1000000
2928 48490 858
37262 36421 950946
36421 28177 972596
28177 14263 405360
37263 46946 906477
37264 38359 576864
37265 34917 353448
34917 42530 477006
37267 21101 740
21101 48646 924113
37268 48141 1000000
37269 4675 941423
4675 48919 975084
37270 16925 24515
16925 643 935424
37271 9554 240
37273 21426 385
21426 28984 507073
28984 48784 195297
37274 5667 85
37283 17508 793874
37284 40956 560
37286 17366 519721
37287 7361 739098
7361 20642 954128
20642 35472 59960
35472 22595 224
37292 46042 919070
37295 38065 952190
37298 49270 33515
37302 27719 1
37303 23556 971860
23556 34230 1000000
37304 1665 292
1665 27325 183003
37307 18375 958135
18375 48092 951024
37310 32194 1
32194 11892 360293
37313 41459 27260
37314 10939 142
10939 23886 748407
23886 19889 376948
19889 14898 210934
14898 40565 1
37315 32380 930839
32380 4408 362
4408 7066 932904
37317 23294 917043
23294 9596 961876
37318 44652 657229
37322 24567 55015
24567 9284 965
37323 14709 1
14709 12439 486122
37324 8481 1000000
8481 6111 645
6111 49445 135
37325 35747 30
35747 1501 377284
37330 44578 969193
37333 13217 1
37334 6958 727
6958 35730 949295
35730 25572 973696
37338 9596 852923
9596 8633 917540
8633 31818 471
31818 25371 1000000
37340 35143 768
37341 43313 943934
37343 20822 931146
37345 35835 1
37346 43812 13319
37347 2040 922927
2040 47375 888673
37348 40025 202137
37349 5366 868253
5366 24264 974738
37350 29360 1000000
37352 25917 27
25917 32024 1
32024 1048 982550
1048 35163 540
37353 20172 1000000
20172 21744 716605
21744 39747 797424
37354 29288 973
29288 16507 894073
37355 28981 908078
28981 46794 1
37356 27485 944009
27485 29666 528032
29666 4755 293235
4755 41069 896421
37357 45168 906036
37358 21281 950189
37359 24820 343025
24820 11729 892
11729 43555 1000000
37362 37926 217
37364 16665 1000000
16665 44266 311838
37365 32774 699892
37367 26353 935656
37369 4967 603527
37372 37178 970476
37178 25527 996260
37373 24317 987863
24317 9301 801
37374 33007 1000000
37375 43527 812816
37377 19599 81747
37380 3179 846
3179 39094 483
37381 37608 910705
37382 40084 578587
37383 17720 286
37384 39560 1000000
37385 34131 958765
37386 33513 1
37387 23814 822232
23814 4503 969306
37388 43207 466300
37389 24327 1
24327 18636 653902
37391 17819 485680
37395 12974 948270
12974 10325 922688
10325 43211 710165
37398 3827 263
3827 6716 163253
37399 13323 990791
13323 1318 57
1318 42053 743295
37400 36037 398278
37401 8826 444053
37403 48247 915005
37404 24696 974688
37406 22420 961941
37409 18050 919191
37413 32346 985489
37415 23642 143815
23642 17001 175
17001 16067 1000000
37416 37293 1000000
37293 20450 951783
37420 23561 911558
37421 47942 1000000
37424 25928 540774
37426 21053 325
21053 35792 964834
35792 41004 1000000
37427 42681 936890
37428 22782 1000000
22782 4601 1000000
4601 30373 733786
37430 24117 618
24117 41652 936176
37431 14837 361748
37432 34478 950093
34478 7685 419
37441 21586 489
21586 45883 239064
37443 30813 984571
37446 43221 772991
37448 1876 186026
37449 15250 981269
15250 33048 691
37451 6972 311345
6972 48852 528
37452 8015 196
8015 42738 722733
37455 16559 561238
37456 42785 901
37457 24458 998274
24458 45625 993421
37461 15121 996501
15121 15347 279
15347 18668 954229
37463 45502 835826
37466 36116 905860
36116 20837 568
20837 18870 999348
18870 49119 909622
37468 28016 998520
37469 15690 65572
15690 26696 397930
26696 4079 501
4079 26985 1
37472 21752 808
21752 11754 569244
37473 18571 938752
18571 2840 976819
2840 40417 545
37474 22071 922336
37475 9295 816
37477 13435 994661
37478 14878 439666
14878 27768 834777
27768 11961 750499
11961 39155 942851
37479 31132 491746
31132 36222 416
37480 7918 442
37482 2292 945397
2292 39597 450191
37484 15188 924481
37485 15857 315646
37486 20918 973896
20918 49179 949869
37489 13335 756449
13335 33705 901972
37493 22156 520578
22156 28110 164
37494 5838 639459
37497 30922 882925
30922 21124 984272
21124 22555 740875
37498 19284 735
19284 45878 952
37499 48074 523
37501 41416 960768
37503 35556 545889
35556 19534 963860
37504 22625 1000000
22625 28812 91
37505 775 248
775 9501 707225
9501 6665 599087
37507 32675 928795
37508 29389 964755
37509 9670 100982
37510 7318 975457
7318 25486 936840
37513 9311 926746
9311 42015 924157
37514 31610 1000000
31610 30568 1000000
30568 26245 929434
26245 7569 383
7569 10662 702054
10662 39119 678090
37515 48211 1
37518 1180 584
37519 36503 170170
36503 40468 761598
37522 7439 93986
7439 7316 1000000
7316 884 935929
884 9005 508697
9005 1608 96276
1608 46827 1
37524 34085 353701
37525 15977 957444
15977 3902 47
37528 3364 157
3364 44385 928034
37529 1387 687898
37531 21840 981083
21840 1305 50941
1305 11775 82000
11775 36589 1000000
36589 42216 52048
37532 45285 811049
37534 746 591014
37536 9110 1
37538 15138 997165
37542 5477 933687
37543 34530 451
37544 35871 284
35871 27710 929442
27710 30088 1000000
37545 44904 780020
37546 46076 1000000
37547 46219 1000000
37548 21936 630
37549 40050 126
37550 43336 676
37553 14198 873758
37556 768 924488
37558 12464 967248
12464 33865 907643
33865 39780 30009
37559 4809 854974
4809 36377 652078
36377 29276 629291
29276 18108 927345
18108 18688 985561
37560 16218 997998
37562 31711 298434
31711 22462 506163
37563 36294 933700
37567 44078 1000000
37569 23229 394
23229 45813 996655
37572 37335 926680
37335 29617 965458
29617 48292 994320
37573 32917 1
32917 8869 593334
8869 31066 1
37575 16030 255280
16030 23931 1
37578 26055 16554
26055 7150 452
7150 3387 512758
3387 5639 917903
37580 29799 29922
29799 15593 746
15593 36290 914846
36290 16029 1
16029 7672 1
37581 16104 982027
16104 25280 412049
25280 10551 417
10551 23717 272
37584 21704 306
37586 19767 909162
37587 12485 941665
12485 28898 240579
28898 27792 256772
37588 11966 698693
37589 4278 385460
4278 26769 1
26769 47899 894
37590 544 191
544 29840 1000000
37591 1090 925675
37592 14561 772
37594 36966 962
37597 16196 230564
16196 38317 980708
37600 49155 926981
37603 5358 312619
37608 42820 1000000
37609 35602 767430
37610 46104 11328
37612 18250 809306
37613 9125 961539
37615 14881 923435
14881 9880 986185
9880 17319 32202
37616 8343 705694
8343 11400 1000000
11400 18209 927417
37617 39571 918746
37621 5650 41661
37622 32947 970903
32947 17718 731327
37623 37941 913273
37628 16205 932437
37631 34225 964420
34225 43501 919
37633 33995 984738
33995 37379 588163
37379 26007 274148
26007 16095 928085
37635 15239 947690
37636 43017 88188
37637 9417 1000000
9417 1050 631
1050 13241 1000000
13241 25541 905681
37638 17819 934700
17819 6811 456
6811 49605 943941
37639 29483 959576
29483 44229 806
37640 4963 972
4963 20264 484
37641 46313 514815
37642 11197 356
37643 35355 452929
35355 20605 958108
20605 25750 254813
25750 40297 964187
37644 40868 445
37646 31718 18
37648 27112 999340
37650 23198 601
37651 10753 978821
10753 30837 424
37653 15973 459706
15973 46646 963753
37655 30298 953920
30298 31749 922311
37656 15395 21
37657 13204 222153
13204 33003 990562
37659 40827 1000000
37661 5166 486182
37662 27551 455301
27551 14661 996781
14661 23204 694009
37663 12732 976130
12732 30923 1
37665 13555 995708
37667 31353 165111
37670 1013 922597
1013 26460 130168
37673 28436 999146
28436 43146 244218
37674 29382 331247
29382 23907 925936
23907 6644 156272
6644 22301 905284
22301 45740 162380
37675 23071 927314
23071 7537 605
37677 2182 950118
2182 44595 384225
37678 45868 943141
37679 45240 1
37681 28516 542988
28516 49430 674
37688 14166 670732
37690 12814 917435
12814 10885 120
10885 13800 903115
37691 36091 1000000
36091 4152 1000000
4152 24873 966375
24873 39649 939855
37692 41230 401686
37693 28355 918847
37694 7881 1000000
7881 43171 1
37695 39031 978289
37697 18472 190
18472 18544 880986
37701 46918 379093
37702 19882 961893
19882 17406 702460
17406 26458 991891
26458 2432 525
2432 13414 929120
13414 47489 934484
37703 4047 911791
4047 5433 1000000
37704 48504 625
37705 39028 620283
37706 40525 285976
37708 42201 324
37709 10070 733
37713 6974 964
37717 8667 913
37718 46938 1
37721 46847 829021
37722 5972 740671
5972 34872 928292
37724 40251 472155
37725 36107 977895
36107 43940 913673
37727 2307 402905
37730 43394 41192
37735 1794 309
37737 38713 448154
37738 43795 316508
37740 1225 948289
37741 19750 998730
19750 46456 357390
37743 34345 387167
37744 3634 941309
3634 6437 131812
37749 10402 919110
10402 33888 451681
33888 43271 1000000
37750 35297 708
37752 47899 429933
37753 41817 926246
37757 31259 964327
31259 42224 4758
37758 18482 747235
37759 36518 966569
37763 18977 978451
37764 34188 942081
37765 20648 257995
37766 7254 927774
37767 11242 578441
37769 36831 133314
36831 19125 923
37770 6439 1
6439 37923 987729
37771 794 188911
794 12312 130
12312 23050 815492
23050 18118 776943
18118 19741 925534
19741 7818 933126
37772 42477 1000000
37773 16758 964459
16758 45379 898317
37775 47531 979791
37776 28025 972389
28025 40259 949025
37777 5033 987678
5033 47047 920919
37778 607 975977
37780 7827 316439
37782 27823 980269
27823 8145 973740
8145 6976 156
37784 44606 920583
37785 13436 942648
37788 688 132596
688 43641 958829
37791 36520 772488
37794 24809 709695
37795 34764 430389
34764 23922 119
23922 44408 1
37796 41003 420
37797 6047 605232
6047 39648 775050
37798 38752 79831
37802 26847 924384
26847 7751 333
7751 33791 541412
33791 36980 1
37803 35536 148831
35536 17092 958915
37807 39245 311017
37808 49035 1
37809 5046 711392
5046 29425 981109
37810 3780 323
3780 22257 421
22257 30338 686245
30338 1431 952089
1431 35928 1
37811 27089 310109
27089 15049 901972
37813 38095 955628
37814 42851 679123
37815 5089 461
5089 7707 960674
7707 14007 865
14007 8097 1000000
8097 41943 957835
37819 37492 663785
37820 8128 935993
37821 29069 341838
37822 43752 616749
37823 5251 1000000
5251 13087 411
37824 30211 119264
37826 19615 982438
37828 46037 856
37829 38856 596315
37835 33147 512486
33147 20006 985028
20006 41750 285236
37837 38097 982875
37841 28201 903895
37842 39739 534344
37844 45211 962150
37851 5233 1000000
37852 6617 338379
37854 13790 18781
37856 33326 134
33326 10932 1000000
10932 28440 915672
37857 18617 957182
18617 25034 952387
25034 31452 941962
37860 5135 21083
5135 14970 447
14970 16984 959941
16984 24538 706228
24538 23456 632710
37863 47924 979765
37864 9140 657
9140 2582 971647
2582 41982 1000000
37865 29165 1000000
37866 45251 478654
37867 33395 929161
33395 15749 807
37868 48642 912254
37869 43350 976307
37870 40493 982
37872 15911 464
37873 39873 209483
37877 20583 441263
20583 28238 1
28238 38990 955720
37878 31924 904649
31924 18417 938110
18417 49017 924068
37879 47749 49
37880 6530 930365
37882 25589 313822
25589 44295 914550
37883 11342 439404
11342 5635 982314
5635 1319 821546
1319 20274 978362
37884 28172 1000000
37886 13346 908348
13346 44450 944459
37887 7872 573839
7872 33543 56167
33543 39721 585
37888 25590 512
25590 18267 940055
18267 31618 1
31618 18875 993693
18875 24459 1000000
24459 13474 369
37891 6913 1000000
37892 29509 956280
37893 20792 1
20792 25213 740063
25213 26711 1000000
26711 35064 904338
35064 45692 404630
37894 19427 306097
37897 18570 991115
18570 13214 969619
37898 4750 902653
37899 23885 980432
23885 12007 912263
37900 628 936454
628 23702 917744
23702 1988 901829
1988 20031 987082
37901 18418 920430
18418 40978 1
37902 9851 918129
37905 42142 961784
37907 9359 589413
37908 13682 337
13682 41993 963130
37909 21529 802720
37911 4019 338452
4019 23888 885018
23888 47707 951004
37912 35418 971318
35418 24336 407874
37917 38164 466
37918 3415 168274
3415 27178 990789
27178 1728 982807
1728 40560 49
37919 2534 360554
37921 15698 391344
15698 32329 964169
32329 47535 981
37922 34029 614766
34029 47829 416108
37923 20400 404068
37924 4207 985673
4207 46897 357146
37925 13970 249
13970 48204 667488
37927 10681 79672
10681 44959 974747
37928 46958 964616
37929 46561 912623
37931 9165 918046
9165 31363 357504
31363 13636 126403
13636 6745 611
37937 48377 1000000
37941 27287 1
37942 37402 1
37402 25460 1000000
25460 38338 981
37945 14696 183313
37946 20847 313024
20847 45382 33052
37947 10130 614
37948 47823 993804
37956 16189 408
16189 43449 975575
37957 407 734
407 40131 915555
37958 27144 990704
27144 32045 1
32045 1185 959463
1185 23351 94358
37960 43927 969353
37962 14992 414323
14992 10235 63
37963 48742 971315
37964 9986 596710
9986 10793 776769
37965 15219 980128
15219 33589 187
37966 32640 1
37970 49494 90191
37974 2737 1000000
37975 33323 275831
37976 13776 907237
37977 15767 1
15767 23615 578960
23615 1386 390377
1386 32868 832
32868 29152 954973
37978 5389 581817
37981 18708 516230
37982 2230 1000000
2230 20659 944366
37984 37057 82489
37057 47554 116110
37985 28837 339
37988 25285 853
37989 23591 202
37991 44924 1
37993 27169 455
37995 24439 927095
24439 28123 952482
28123 11883 954
11883 11480 335318
11480 17823 993418
17823 8719 517
37996 19519 1
37997 16654 226390
16654 9802 423
37998 6507 930105
6507 24512 28373
24512 49470 220022
37999 31356 570618
38000 22558 380
38001 41290 168875
38004 7651 141
7651 49725 964447
38005 28214 973056
38007 46303 994577
38009 40470 100600
38010 4281 292300
38011 9096 675
9096 27473 361311
38013 8864 472688
38014 46932 1
38015 9474 911996
9474 12355 1000000
38016 42513 740
38018 11003 1000000
38019 42008 931398
38020 20512 505365
20512 40947 694386
38023 42827 422957
38025 18517 786806
18517 1829 905725
38027 15892 976456
15892 2504 21
2504 42913 991630
38028 36128 873327
36128 42017 1000000
38030 43770 927513
38031 8196 979749
8196 29860 122135
29860 5995 649168
38036 41837 1000000
38038 46467 1000000
38041 43548 957177
38043 21974 978497
21974 29474 759
29474 10302 835
38045 48228 576289
38047 25378 773508
38048 14608 919837
38049 1061 792
38054 18701 241
18701 12479 753453
12479 12912 986192
12912 7275 1000000
7275 14586 934124
38055 24277 683
24277 13427 523
13427 16500 572
38056 30715 262
30715 12952 893
12952 316 581142
38057 37715 702100
37715 39563 582011
38058 20480 414382
38061 48818 12113
38062 10867 917886
38064 23532 195
38065 31478 840741
31478 9699 251991
9699 29362 800
38067 33905 962614
33905 47066 140
38068 38722 794318
38069 37607 986382
38072 12768 851450
12768 20250 61092
38073 47709 1000000
38076 40128 1
38077 151 205858
38079 41946 52100
38080 35010 180254
35010 34098 304144
34098 5153 1000000
38083 37217 936279
38084 47194 432464
38085 25625 971055
25625 7385 183
7385 30774 169
38087 18506 421
38088 49037 986953
38090 30435 927194
30435 14154 228
14154 12582 803425
12582 38535 419807
38093 32657 903154
32657 24952 694230
38095 38032 855212
38098 34007 946994
34007 49283 814927
38099 15725 957238
38100 3089 981096
38103 1573 46830
38104 18700 911571
38105 10257 959640
38107 45783 890
38108 44542 528361
38110 2247 987452
38112 15833 998
38115 2572 978375
38116 14153 910949
14153 32813 926926
32813 3229 726694
3229 48702 25257
38120 22950 1
22950 23801 591651
38123 10007 995086
10007 41501 639960
38124 25579 1000000
25579 46106 432847
38125 18122 715581
38127 47107 725
38128 45434 900095
38129 42229 947519
38130 11800 982771
38132 44600 964489
38133 17087 77
38134 31249 996577
31249 20842 6
38137 41704 904216
38138 31036 1000000
31036 30883 769602
38141 30245 469
38144 36106 451676
38145 48116 329
38147 44119 235
38148 44369 989564
38151 2472 1000000
38152 32433 192977
38153 6381 532744
6381 11547 1
11547 6318 26
38157 7177 932175
7177 9111 997814
38158 47308 911664
38159 48185 958885
38160 2102 966750
2102 45315 65
38162 29113 723
29113 14209 948560
14209 14601 986693
38163 23078 922291
23078 35196 258637
38166 7147 956751
7147 10911 691804
10911 39723 976770
38167 41689 902317
38168 33835 1
33835 739 269
38170 6153 933054
6153 29986 470118
38171 19321 926124
19321 17763 805
17763 44705 922833
38173 5330 464
5330 32268 474
32268 37660 650
37660 44117 749427
38174 12025 408
38175 29487 1
29487 9961 811993
38176 34720 1000000
34720 18004 780683
18004 27510 1
38178 43916 722
38179 3009 504138
38180 14347 922341
38182 23589 470
23589 4293 1000000
4293 35047 994252
35047 48990 937331
38183 29763 997575
38184 35744 1000000
35744 44976 770
38186 22094 1000000
22094 18793 968656
18793 23778 211948
38188 31208 414994
31208 38111 132199
38111 42674 1000000
38191 8293 944951
8293 6771 942943
6771 22862 375183
38192 13560 361
13560 689 937571
689 40923 984879
38193 4590 926622
38195 48902 145
38196 11216 519
38198 33401 1
38199 38952 987662
38200 19225 918234
38201 38283 984692
38202 48689 1
38204 41856 999942
38205 4023 656892
38206 49626 317
38208 1639 1000000
38211 48366 931829
38212 35371 1
38213 40077 1
38214 49174 407994
38216 40194 909347
38217 2980 996104
2980 34964 949298
34964 7690 936970
38219 38580 935646
38220 40939 607
38222 40567 961511
38225 47748 276
38226 48681 426191
38227 26538 908809
38229 27002 222668
27002 19781 742
38231 8214 89639
8214 6937 483
38233 26425 766
26425 40509 786
38234 16478 913431
16478 21546 961060
38236 13487 902602
38237 16678 315585
38238 31110 745301
38241 33197 218
33197 8231 533
8231 36375 450079
36375 18784 295
18784 5154 911615
5154 26759 1
26759 34620 845485
34620 32412 931056
38242 29900 669
29900 47006 1000000
38244 3378 297
3378 30502 187
38245 15008 948309
15008 17421 1000000
17421 22897 559401
22897 3514 693144
3514 44103 312
38248 39627 593836
38250 17494 554427
38252 40065 551
38258 14341 943182
14341 32190 1000000
38260 27626 993473
27626 36337 134988
38261 36990 423414
36990 18688 784810
38266 28154 1000000
28154 26316 914056
26316 44003 992647
38267 31180 979554
31180 25479 200
38268 8242 386
8242 33583 997006
33583 42763 991980
38269 42954 573334
38270 29437 1000000
38271 9761 948989
9761 29605 923751
38272 38753 1000000
38274 19681 448437
19681 44363 290129
38277 25860 989858
25860 5241 950542
5241 41512 121186
38279 6909 953124
6909 30029 948804
30029 41381 1000000
38281 12025 727169
12025 13964 918065
38283 30422 915817
30422 22362 964254
22362 39314 955593
38285 10635 987697
10635 32765 698187
32765 48008 364
38286 19687 1000000
38289 33251 925675
38290 8502 955633
8502 17803 693240
17803 48627 868
38291 8754 195
8754 36480 991312
36480 23704 988975
38292 25584 1000000
38294 25442 946617
25442 3643 705574
3643 1556 923962
38298 31316 130683
38300 3679 67253
38304 17746 1
38306 33267 900252
38307 4488 642511
4488 32660 686589
32660 47901 1
38308 9371 943188
38309 17631 784724
17631 32511 961
38311 42832 944467
38313 39798 765544
38314 39554 1000000
38316 19543 1
19543 1748 1000000
1748 28482 948566
28482 5944 950512
38317 39054 1000000
38318 46054 718154
38319 17478 1000000
17478 34145 256537
38320 30898 989482
38322 21529 903443
38324 1402 234
38325 2994 538
2994 32861 917901
32861 30459 957190
30459 1906 126439
38326 39276 952784
38329 42250 1
38330 7837 944983
7837 47493 913287
38335 49495 959566
38337 28572 924245
38338 45302 245
38339 38708 385
38340 33127 456867
38341 23081 20309
23081 9353 899
38348 38696 692197
38349 48445 907548
38350 41013 38836
38353 26337 904044
38355 27665 665
27665 37005 742649
38356 19442 336819
19442 40926 717737
38358 14027 1
14027 777 387896
777 25221 953323
38359 39988 913395
38361 48141 539681
38362 34117 927719
34117 27741 1000000
27741 29990 30049
38365 36354 320709
38366 10475 778
38367 10477 340534
10477 507 727852
507 2239 962698
2239 5983 381976
38368 40182 953318
38371 45043 913582
38373 18353 1000000
18353 34044 925268
34044 13402 1
13402 29066 123
38376 960 2
960 35114 273
35114 29121 908450
29121 37487 546641
37487 43825 1000000
38377 49170 733
38378 44829 22635
38380 30228 1
30228 43137 984674
38381 3992 137924
3992 43513 685482
38382 40419 993275
38384 19903 227
38385 38985 649608
38387 30570 1000000
30570 49385 542345
38389 27604 1000000
38392 28305 1
28305 23146 1000000
23146 46575 935863
38396 23584 754
38399 20538 101793
20538 24524 311
24524 43138 1000000
38400 21453 539296
38403 39330 1000000
38405 10619 957892
10619 36092 997747
36092 10967 692851
38409 25864 1
25864 7906 957820
7906 14723 830
14723 13608 1000000
13608 12685 909790
38412 2564 865351
2564 31605 1000000
31605 33560 1
38413 48601 1000000
38415 779 979874
38416 20079 966714
20079 7027 808
38417 13482 313616
13482 43750 176
38423 44217 994521
38426 29864 672472
38429 35917 344
35917 17041 1
17041 7134 951638
38431 10687 520300
10687 27756 931497
38432 37748 134
38435 46422 146091
38438 32349 966369
32349 17030 937630
38439 24305 557054
24305 42034 344829
38440 23334 259754
23334 29888 947774
29888 26588 923181
26588 39116 1000000
38442 6908 956138
6908 26519 910445
26519 20450 1000000
20450 2253 231250
2253 15374 498282
15374 44832 979987
38445 19122 1
19122 46429 1
38446 31700 230
38447 46794 1000000
38448 29257 1000000
38450 32238 769
32238 34606 831303
38451 38957 962788
38454 40285 931544
38455 31153 311
31153 3816 710
38456 5998 329586
5998 6628 972131
38457 41825 978760
38458 11474 937256
38459 39335 707
38460 47682 16597
38462 46557 763666
38465 38786 593875
38466 15517 1
15517 9683 594873
38467 24308 955538
24308 35714 907
35714 16086 801122
16086 49186 382272
38471 31183 914925
31183 19080 351
19080 30025 997336
30025 28036 1000000
28036 44380 1000000
38472 18502 1
18502 36775 993582
38473 43319 821770
38477 38155 692991
38479 8711 548593
38480 35697 919591
35697 12282 39
38481 44408 275994
38486 27770 1000000
27770 9997 954548
9997 36230 643
38489 23265 627114
23265 35070 995
38490 2177 904247
2177 11290 142367
38491 3663 76162
3663 11099 224543
11099 17855 495
17855 47881 112
38493 22343 752056
22343 25817 954911
25817 28072 368133
28072 5744 919775
5744 32231 911213
38494 35814 1
38495 12239 993572
12239 21656 941772
21656 23996 929
23996 45524 1
38503 28254 1000000
28254 41372 959519
38504 37363 1
38507 41899 721
38508 35825 24804
35825 24440 54
24440 13216 447156
38511 39715 903486
38512 45676 583120
38514 5535 903483
5535 27405 1000000
27405 9135 310663
38515 46788 901687
38516 13895 757
13895 19337 518993
38517 42010 934228
38518 20141 932583
20141 36817 974248
36817 24348 984220
24348 10353 190619
38520 14149 775
14149 8575 357
38521 11812 986046
11812 31295 539
38522 2491 259425
2491 26261 522004
38523 19492 908533
38524 43858 1
38525 26800 1000000
26800 37685 353
38526 30666 742823
38528 13650 925192
13650 35908 157
38529 20999 930758
20999 10070 752443
10070 25975 807109
25975 21516 629
38532 42102 840075
38533 4347 52296
4347 46436 234
38534 41307 281
38536 7427 121
7427 48450 894625
38538 31025 825111
31025 11727 498
11727 17812 63463
38541 34919 404075
34919 28533 709084
38542 14692 506879
14692 3268 928586
38543 21415 636303
21415 42416 544935
38544 38295 959438
38545 27392 955027
27392 47531 613
38546 2108 253118
38547 29946 994735
29946 22135 706
22135 48179 515256
38549 44034 793695
38551 47993 925819
38554 9733 994957
9733 14056 922554
14056 19189 921723
38558 37276 974439
38559 33766 1
33766 20515 912420
20515 27293 951430
27293 34556 686828
34556 12186 971459
12186 30065 916793
38562 12628 383799
12628 23971 1000000
38564 29563 502621
29563 27663 684
27663 16610 942098
38566 37696 336430
38567 42018 634575
38569 8070 968756
38570 22926 974664
38573 46126 961062
38574 14032 998262
14032 7604 911090
38575 37951 835225
38576 22503 800822
22503 48712 737
38577 41520 917226
38578 36045 907734
36045 38821 924466
38580 21135 904695
38582 3221 245155
3221 48150 922724
38583 30553 677
30553 49282 1000000
38585 37830 39
38586 47503 213489
38589 35524 755050
38592 34178 766
38593 47726 374112
38594 40869 592778
38595 97 180
97 29017 387675
29017 9476 313609
9476 39445 1000000
38596 33425 1
38599 6304 474716
6304 11728 981492
11728 3236 1
3236 17785 970199
17785 41547 985481
38600 28676 900776
28676 12894 741893
12894 40320 949881
38604 26763 546
26763 34123 1
34123 12203 952473
38607 3117 67
3117 7413 366
7413 17464 477315
38608 45817 771
38610 4470 801
4470 3800 935287
3800 37157 905997
38611 41773 198606
38612 31066 942680
31066 35489 1000000
38613 33725 927408
38614 24218 1000000
38615 31825 724
31825 8972 462
8972 22552 555022
22552 42280 1
38616 4931 697
4931 33363 1000000
38618 36660 107
38620 46126 938641
38622 11488 957445
11488 40198 976825
38624 7487 498332
7487 5394 265
5394 12204 1000000
38625 22729 764635
38626 49640 194516
38627 42778 384626
38628 40210 964721
38629 30331 1
38633 44443 908830
38635 3296 151
38637 44838 322
38638 34735 908016
34735 42107 162
38639 9827 926337
38641 2512 681196
2512 47338 384
38643 39558 1
38644 35251 832
35251 2768 440939
38645 40413 1000000
38647 1489 625
1489 42183 900083
38648 33454 338153
33454 27445 125184
27445 47374 594
38649 22328 786
38650 12450 987827
38651 31560 717970
31560 23322 1000000
23322 25662 988355
25662 13262 180
38654 36279 912677
36279 8590 919860
38655 29687 899249
38656 43318 920124
38657 11659 828114
11659 24102 788843
24102 24937 123860
24937 35317 984202
35317 20967 962208
38658 21188 1
38661 46367 41033
38662 20682 954827
20682 31070 338314
38664 41802 500694
38665 35573 956074
35573 5623 908317
38666 18591 1
38667 1641 691
1641 2934 81253
2934 37134 1000000
37134 11860 365
38668 25758 249
38669 11482 489300
11482 21397 323915
21397 484 915108
38672 14819 831
14819 38652 991033
38652 21678 916995
38677 18255 845910
18255 20574 1
20574 34754 984353
38678 40267 407795
38682 21910 1
21910 40981 298728
38683 45597 343
38684 14628 594
14628 13206 761
13206 23405 973603
23405 11980 617228
11980 47113 524
38685 36628 923
38687 47763 803
38688 4564 384
4564 41978 948957
38690 34817 986791
34817 8303 1
38693 32165 907775
32165 27651 969232
27651 8373 698996
8373 42047 1
38694 23860 1000000
23860 11545 746
38695 24884 333826
24884 22771 622837
38696 42651 285604
38697 43947 808997
38699 21012 1
38700 35200 334043
35200 17812 376062
17812 31839 774150
38701 1539 265
1539 3120 1000000
38703 35759 989173
38704 20946 1000000
38708 39027 984774
38709 8334 708439
38711 29181 967215
38713 14799 941243
38714 24303 889428
38717 6764 990976
6764 561 405084
561 25825 731
25825 37607 134369
37607 4139 40173
4139 46311 450
38719 41445 959137
38720 33872 394577
38721 41795 931461
38722 29316 429767
29316 5266 936792
38724 21831 959614
21831 17060 667
38725 49065 901636
38727 17880 907598
17880 30016 964603
30016 19312 1
19312 30251 922357
38730 41400 993750
38732 32097 237895
32097 16148 981709
16148 7875 917294
38733 18427 87601
38734 32464 961056
32464 18191 940960
18191 23562 1000000
38736 35443 910833
35443 20667 985317
20667 24461 945794
38737 28321 148900
28321 28231 957454
38741 27849 1
27849 33302 824985
33302 10831 309261
10831 10037 16525
10037 38187 284
38742 23802 948077
38743 22866 984778
22866 28290 575770
38744 48542 936269
38749 32060 1
38753 17547 874685
17547 21468 1
21468 20506 141260
38756 48652 71758
38757 10713 965918
38758 10647 961420
10647 11935 965
11935 30177 290849
30177 10094 400
38759 866 1000000
866 48414 312005
38760 1515 1000000
1515 23799 688
38762 45846 413
38763 29876 430643
29876 32414 709141
32414 39321 802
38765 26556 771172
26556 13498 644443
38768 6350 523010
38770 11170 107980
11170 20841 547936
38773 22577 245406
22577 2745 162356
2745 11181 911103
38775 29043 956
29043 37036 922090
38776 12584 935005
38777 40744 1
38780 29008 280
29008 25597 1
25597 48775 504
38781 984 902276
984 38424 820
38782 25046 881205
38788 37949 801
37949 43353 901018
38789 5132 932271
5132 38302 835458
38791 5978 1
38794 20910 874593
20910 35892 834
35892 41019 934728
38795 37001 1000000
38797 12012 977
12012 3916 914012
38798 40449 999959
38803 37684 1
37684 15494 660
38804 13391 34226
38805 15519 1
38807 21374 333418
38808 8338 369367
8338 38848 978527
38809 37790 102629
37790 17045 1000000
17045 37596 645517
37596 40072 186
38811 3850 325071
38812 19392 1000000
38815 38169 919683
38169 9407 770
9407 40455 291608
38816 48658 953697
38817 42859 605256
38818 40746 920207
38823 10632 946120
10632 11355 1000000
11355 43705 947228
38825 39110 1000000
38826 6772 761192
6772 32812 1
32812 10020 327858
10020 2872 957573
2872 7860 941780
38827 4720 665022
4720 27439 1000000
38828 24703 350919
24703 9229 951869
9229 35077 644
35077 42747 157
38829 33012 211766
33012 27635 220516
38831 975 291
975 46604 931774
38832 18731 1000000
38833 8070 765492
38834 48410 576
38836 46758 1000000
38838 41500 1000000
38840 39094 345358
38843 6086 270623
6086 19673 29
19673 13436 1000000
38844 23042 494614
38845 44319 174445
38847 13010 952184
13010 28186 768019
28186 13022 1000000
13022 4114 1000000
38848 1089 905837
38850 1044 479682
38853 8628 1000000
8628 2211 1000000
2211 36026 912680
36026 35771 725
38855 29387 1000000
29387 30874 1000000
38860 47169 939389
38861 41513 906934
38863 28604 991541
28604 6647 230698
38866 9016 1
9016 44906 53639
38868 8297 1
8297 19051 263
19051 5624 840413
38870 26073 811417
26073 27713 901330
38874 20903 1000000
38875 6358 443576
6358 24978 937010
38878 7723 966780
7723 32129 403233
32129 23295 563834
23295 7525 919411
38879 7395 1000000
7395 49324 331769
38880 32180 988906
32180 43281 159057
38881 36207 1000000
36207 28635 923912
38882 41707 1000000
38885 26234 588281
26234 27517 275
27517 29390 961426
29390 30552 692113
38886 46405 912160
38889 29964 965259
38897 471 523515
471 45228 1
38898 40753 952754
38899 39345 199
38904 7727 127
7727 46189 804224
38909 14217 933824
38910 16423 499487
38911 1648 293505
1648 39059 1000000
38912 30393 724434
30393 20946 190
20946 46584 394
38914 4309 344269
4309 30546 572
38918 44606 925868
38919 5166 1
5166 18077 690
18077 34059 975255
38924 42310 664791
38925 46094 345762
38927 43737 722562
38928 29324 82091
38930 31281 707105
31281 10875 987974
38931 5306 501609
5306 4348 73404
4348 33593 952065
33593 28405 783698
38933 36462 538937
36462 24868 170239
24868 7214 921625
7214 32161 1
32161 31090 918156
31090 34005 940259
34005 28740 972
28740 2752 761097
2752 16182 625382
16182 4174 923182
4174 37411 484
37411 43180 931
38934 30932 938569
30932 43193 787
38937 9453 965694
38940 20296 842
38942 30723 975405
30723 36690 873078
36690 47337 917291
38944 10616 67792
10616 15879 956231
15879 44832 346360
38945 41475 549387
38946 44711 670967
38947 47392 1
38949 18306 248
18306 25511 549131
38950 30130 690
30130 40179 717
38955 34449 1000000
34449 11878 964846
11878 48101 959538
38956 9071 830847
38957 9812 737
9812 31035 967530
38958 49625 275562
38959 14069 930
38961 649 845
649 35610 940806
35610 12646 995238
12646 47135 755
38963 37585 54
37585 14779 1
14779 11217 951846
38965 18966 1000000
18966 11073 959
11073 10205 506699
38967 28690 1000000
38968 47097 601924
38969 30530 352
30530 12608 910503
12608 24539 604
38970 19861 326
38971 10481 678
10481 29578 762077
29578 16814 437713
38972 41533 597901
38973 46490 209988
38974 30954 816838
38977 17531 108
38979 24677 590218
24677 23614 891
23614 37523 1000000
37523 10499 968548
10499 30525 1000000
30525 44252 192126
38980 6096 42
6096 1856 966451
1856 12141 371828
38984 28357 339469
28357 33903 418
33903 2537 935572
38987 33293 907042
33293 44085 929213
38989 12830 502247
12830 17780 780309
17780 11242 1
11242 18208 991404
38990 49621 44188
38991 16928 252634
16928 31777 607
38992 39827 607
38994 23100 914865
23100 17806 1000000
17806 40822 1000000
38997 44877 1
38998 30093 331747
30093 7429 968838
7429 9366 1000000
9366 12488 968
38999 20193 335771
39000 47618 911162
39001 34914 931667
39002 39253 935662
39004 5870 304
5870 34316 75
39005 4841 262
4841 32694 388414
32694 14024 987816
39008 21829 149085
21829 46848 259441
39010 13836 1
13836 37768 971303
37768 21169 1000000
21169 31902 135
31902 7261 881750
39015 46366 704712
39018 28606 1
28606 4149 681789
39019 7482 1000000
7482 28470 1
39021 3822 1000000
39022 33091 924960
33091 25771 982631
39024 37239 1
37239 41117 1
39025 1310 68385
1310 5477 1000000
5477 36075 986558
36075 3942 505
3942 45806 1000000
39027 38602 433
39028 44122 980724
39029 40446 611354
39030 34900 408
34900 7412 923110
39031 26353 938837
26353 3864 1000000
39032 16314 992078
16314 25474 944
39034 22611 537704
22611 34355 962109
34355 21259 1000000
39036 33870 335
39038 9629 980910
39041 15280 814350
39042 36625 989967
36625 5537 510
5537 40588 921203
39043 14990 912700
14990 28811 942677
28811 14744 997371
39046 1492 362
1492 45673 844003
39048 35749 759920
39049 9530 1000000
9530 32767 914120
39050 37748 951013
37748 13211 443384
13211 31091 909996
31091 12878 245313
12878 46062 995921
39052 43524 1
39054 4049 1000000
39056 6534 655262
39060 40874 668569
39061 21623 152
39064 3213 995215
39065 48084 525
39066 32451 487547
32451 5502 901799
5502 36525 808
39069 4190 904705
4190 37800 949
37800 36195 983838
39073 29159 905830
29159 31766 997959
39076 18103 978790
18103 16975 946
16975 9780 1000000
39078 19065 938
39080 19822 963425
39085 34530 1000000
34530 46791 715839
39086 16233 601506
39087 9190 997116
9190 22300 225082
22300 3077 955538
39088 27522 1000000
39089 24694 925288
24694 16980 900843
16980 5040 113054
5040 24169 945835
39091 45136 32246
39092 44594 391320
39095 3627 901699
3627 46711 135593
39098 16917 662
16917 31141 979535
39099 18532 864984
18532 34969 1
39101 33886 582498
33886 7827 624391
7827 25136 427193
25136 9123 1
9123 16018 926191
16018 49489 603
39107 49609 496020
39110 23532 939417
23532 6983 900981
6983 48074 915950
39111 47852 682704
39112 6300 257573
6300 32293 844
39113 26791 1
39117 15406 920653
15406 36307 1000000
36307 11542 645428
39118 11027 892805
39120 7270 982558
7270 33331 109693
33331 24690 803289
39124 38539 731219
39126 8202 622261
8202 23771 111518
23771 41062 230
39129 22349 60
39130 33831 384373
39132 39103 980964
39103 42101 377
39133 5155 995456
39134 5543 941
39136 11841 899
39137 46521 925460
39138 6747 58
39141 4999 813823
39143 32412 797275
39146 5513 900980
5513 38247 722414
39148 31648 927547
31648 4695 832005
4695 8684 74390
39149 31402 1000000
39150 47720 660387
39152 44657 356294
39153 32540 1000000
32540 21268 132
39156 6088 939513
39158 13615 496128
13615 46038 173
39159 17381 894
17381 43609 976596
39162 11933 1000000
11933 37425 926
39163 15718 1000000
39166 40391 980412
39171 32168 1000000
32168 15900 323905
39172 39671 994460
39174 33847 998827
33847 33992 533600
39175 9512 1
39176 2162 904384
39177 66 1000000
39180 38985 600208
38985 34725 541488
39181 44131 973
39182 34205 942318
39183 39178 153
39178 2521 1000000
39184 34555 394
39185 46575 1
39190 24474 82
39192 1818 1
1818 6647 240722
39193 32627 933399
32627 47876 920159
39194 4005 1000000
39195 41373 1
39197 28183 426
39198 12905 88
39200 14921 617462
14921 32593 170741
39201 13146 732219
39203 32061 1
32061 28681 466461
28681 36782 493
36782 2806 996192
2806 28761 440
39206 17873 503
17873 7373 227
7373 8411 845
8411 39530 991057
39207 45062 986041
39211 22729 912441
22729 6736 956258
6736 991 677
991 26191 538197
39213 26551 761742
26551 35999 760821
35999 5448 369497
5448 43338 418
39214 33192 127625
39217 17047 1000000
39218 42418 997644
39220 23823 922241
39221 31285 860285
39222 25443 637
25443 6107 1000000
39223 33387 1
33387 10461 1000000
39225 45695 962201
39226 880 1000000
880 10935 790808
10935 37601 985034
39227 38675 1000000
38675 19791 465
39230 47135 575620
39231 32255 932044
39232 5321 1
5321 37192 847
39233 26012 229347
39235 47904 915603
39241 8012 1000000
8012 35580 94
39244 4159 900050
4159 6484 68326
6484 26923 475274
26923 39713 1000000
39245 14649 1000000
39251 16621 1
39253 34393 534398
34393 46516 997968
39255 1573 930689
1573 30572 36
39257 43222 977534
39259 42974 46
39260 3578 949294
3578 23722 236627
23722 48265 920683
39262 23065 930137
23065 33372 82609
33372 8262 731363
8262 20984 992111
39264 30247 712999
30247 14441 901821
39265 2121 25912
39266 20335 920086
20335 47690 971673
39267 20684 940262
39268 13084 799
39269 19919 939432
39270 40701 251747
39271 8024 769261
39274 16495 944831
39275 26116 934517
26116 12614 136
12614 46524 854
39276 23851 797
23851 15633 890627
39277 25672 989808
39280 4193 648
4193 488 167
39282 12432 759
12432 15897 933851
15897 39758 188249
39285 4535 987964
4535 10253 934727
10253 15835 953391
15835 33441 934536
39288 12126 1000000
39289 8329 977013
8329 10501 264957
10501 32216 980274
32216 7103 95076
7103 48569 972035
39290 21121 799309
21121 17058 39009
17058 5743 937043
5743 41109 802699
39291 35947 927552
39292 4401 1
4401 7135 852198
39293 44624 964516
39294 23378 652823
23378 14518 903022
14518 25702 992733
39295 620 1
620 41451 984910
39299 49449 908714
39302 7249 9
39303 11644 182
11644 19429 699023
19429 17250 939497
17250 25426 974167
39304 13786 1000000
39306 30229 1
39307 46332 1000000
39309 31786 746184
39310 5302 613
5302 20292 910609
20292 47499 210266
39311 6642 1000000
6642 29079 528693
29079 44480 947887
39312 4576 805363
39313 34134 471
34134 34595 981
39316 32079 1
39318 44643 902615
39319 9208 235
9208 21751 1000000
21751 35272 380742
35272 9712 209302
39321 40953 1000000
39322 35455 559507
35455 41277 652
39326 47822 954073
39329 44163 937104
39330 34651 210843
34651 8244 317233
8244 38895 603304
38895 1053 960026
1053 15700 1
39331 20560 950924
20560 26054 981735
26054 28890 110686
28890 34606 239
39332 48123 1000000
39333 39003 965724
39003 5421 967169
5421 1103 756
39335 2995 912947
2995 2790 983044
39336 1080 1000000
39338 25296 467472
39339 13092 916907
13092 31212 281
31212 47324 976131
39342 11039 28886
11039 46345 907272
39343 6311 492788
6311 25552 463
25552 48800 291782
39344 4014 906183
4014 10730 986343
10730 47033 984937
39345 31035 664423
39346 33562 209225
39348 37664 968537
37664 16553 394
39349 26959 948100
26959 22820 710514
22820 555 263485
555 3626 918281
3626 48988 32
39351 15914 848
39356 32806 1000000
32806 45335 926750
39357 1490 947136
1490 38964 22663
38964 36546 359284
36546 38410 166119
38410 8051 987307
39358 48962 926257
39360 44701 204821
39361 47472 922832
39364 12136 697
39365 17146 555
17146 8996 1
8996 49721 16911
39366 18252 593
18252 6435 663
39367 8640 975285
8640 41411 1000000
39369 21050 219
21050 36410 942471
36410 24346 883
24346 45309 288
39370 8514 182146
8514 47761 489
39371 40795 1
39374 35720 1
35720 12437 226
12437 30164 343700
30164 46019 237
39377 39155 701705
39155 9940 1
9940 47968 956312
39378 22939 922059
39380 44239 390197
39382 36188 186
36188 48822 953424
39383 46520 351162
39384 6745 930380
6745 12818 574311
39387 18553 317535
39388 3327 1000000
3327 28949 941514
28949 26704 903121
26704 13444 989781
39389 4983 964383
4983 15996 917159
39391 38922 836930
38922 1824 805072
39394 6940 1000000
39397 27980 922415
27980 48926 927700
39398 4254 37
39399 44363 1000000
39400 21114 939811
21114 47918 726
39401 14634 461
14634 47052 122436
39402 26870 92822
26870 40965 915072
39403 30980 835148
39405 44018 966895
39406 35464 990896
35464 19837 1000000
19837 11350 17
11350 10234 949283
39407 29560 9110
39408 26587 482042
39409 39187 781
39187 39973 1000000
39411 34315 988980
34315 18465 1
39412 33392 241861
33392 38265 994
38265 15905 977954
15905 14126 980975
14126 44345 951307
39413 17611 922686
17611 20481 592119
39417 31288 995948
31288 33602 1000000
33602 11746 819
11746 47658 742
39418 16462 238
39419 8320 593
8320 39954 1
39420 30443 624672
39421 38681 971197
38681 34924 751310
34924 35611 972996
35611 6829 904882
39424 3464 370279
3464 7204 1000000
7204 18700 807427
18700 7137 490409
7137 10565 979266
39427 35084 1000000
35084 48702 580
39428 42723 876
39430 17769 1000000
17769 19090 97
19090 37971 1000000
37971 18995 911842
18995 15295 945353
39432 45464 402744
39433 23566 549
39434 16263 987716
39436 13138 186028
13138 20984 1000000
39437 1944 1
39438 24068 872253
24068 30610 977600
30610 45342 973365
39439 17827 168183
17827 37058 972139
39440 9846 1000000
9846 10827 988561
10827 26760 985413
26760 3635 963649
39441 23732 221
23732 36320 41940
36320 15632 961542
15632 6305 984633
39443 36543 663867
36543 7716 758361
39444 19076 411175
19076 8312 764586
39454 6023 486616
6023 46166 1
39455 43908 236
39456 7189 97
7189 45464 1
39460 22415 927598
22415 9264 525054
9264 44419 632356
39462 49289 913940
39463 24401 136948
39464 45318 1
39465 13444 830694
39466 47756 1000000
39470 39833 939162
39472 25722 925341
25722 40022 1000000
39473 13034 982694
13034 16463 555699
16463 31611 961372
39474 46700 8070
39475 37299 145202
37299 22676 672443
39478 49633 946332
39479 33289 908523
39480 20390 407
20390 18174 909048
39482 15678 914683
39483 4670 976985
39484 23927 922367
23927 31786 904981
31786 4690 994713
4690 2112 897970
2112 19732 990663
19732 43202 956726
39486 41456 128
39487 14445 1000000
39488 4820 411124
4820 36606 11
36606 12163 923285
39489 998 469690
998 36507 969
36507 6959 381591
6959 4710 1000000
39490 19121 725705
39492 13122 286
13122 33227 1
39495 5631 1000000
5631 31941 356943
31941 12651 1
39496 47443 926191
39499 23745 660
23745 1451 954278
1451 14943 165795
39500 26174 949334
39505 1845 485
39506 25968 894241
39508 35646 933650
39510 35562 970637
35562 20983 947128
20983 2586 123
39512 19483 36
39516 23566 1000000
23566 9573 941032
39518 49434 620669
39519 33048 28492
33048 19185 925004
39521 49192 984633
39522 15699 1000000
39523 37491 978853
37491 44449 334327
39525 49544 885
39527 22815 577614
22815 13311 515616
13311 44671 89362
39530 4842 738
39531 48712 432444
39532 8369 615727
39533 36255 978664
36255 36015 950306
36015 48448 465080
39534 42546 361
39535 25537 1000000
25537 2315 994741
39536 6090 894822
39537 12197 959473
12197 23899 970923
23899 23584 1000000
23584 8846 974033
8846 39238 1000000
39238 25427 1000000
25427 47669 76
39538 9426 330813
9426 11532 747
11532 40997 593678
39539 17885 638
17885 48982 925313
39541 27255 961464
39544 14167 950672
39546 41554 682
39547 10024 808252
10024 38482 914159
39549 45933 248161
39550 45885 918006
39551 45142 1
39552 30314 201327
30314 38388 938959
38388 5218 7
39553 41587 931379
39554 36980 920173
39555 32179 1000000
32179 23299 748190
39556 47768 1
39560 49679 135
39562 2538 243
2538 7408 751686
7408 4580 940424
39567 42666 753
39568 13396 980774
13396 42250 299
39572 44256 628
39574 45442 1000000
39576 34043 928792
39577 38565 1000000
38565 42412 1
39578 17321 283
17321 39676 55000
39579 3468 655
39582 43042 261906
39584 20284 950106
39585 31522 868
31522 423 700288
423 13885 605061
13885 13343 961
13343 47561 983981
39586 27753 126580
39589 3605 368546
3605 27559 977455
27559 8029 868
8029 11544 952
11544 34009 804597
39590 17356 979461
39592 22982 995818
22982 18243 392024
18243 16149 978251
16149 33254 194769
39594 40665 1
39595 45126 950975
39597 26252 933242
26252 19164 933603
19164 3891 961016
39599 20664 169997
39600 35153 1000000
35153 9002 934645
9002 40581 821155
39601 32756 955318
39602 42395 899
39603 10948 971099
39604 19483 555799
19483 30351 142709
30351 7020 517
7020 44798 965414
39605 21815 602
21815 37903 699297
39606 35182 372957
39607 18864 994558
39609 30878 928456
30878 37729 1000000
39611 16359 955520
16359 365 934073
365 28579 113180
39612 3264 900159
3264 37756 553377
37756 28261 1
39613 27580 1000000
27580 6393 290972
39614 23542 1000000
23542 13593 939932
39616 26694 135
26694 18477 507
18477 26817 236604
26817 4026 834549
39618 6585 905732
6585 44945 100462
39619 3210 827287
39624 38312 923472
38312 1441 938615
39625 46588 485
39626 18285 1000000
39627 22412 611
22412 2646 14427
2646 26012 947190
39628 45125 1
39630 33837 885452
39631 5247 1000000
39633 42395 1000000
39634 21465 995211
21465 20013 1000000
20013 23074 975210
23074 5115 938257
5115 1351 1000000
1351 2174 961566
2174 48465 966
39635 11160 932203
11160 8802 538905
8802 32739 412560
32739 40464 86230
39638 10416 341869
39639 46489 1000000
39644 24596 847985
39646 23620 974371
23620 22914 821739
39649 5248 84
5248 430 917
430 47878 538579
39650 30699 1
39652 18552 347
39658 19052 902266
39661 9697 932791
9697 18686 908023
39662 11578 468
39663 9620 963928
39664 12372 949
39665 8927 212186
8927 2025 978765
2025 4638 505
4638 2384 641908
39666 36456 832555
36456 29152 335845
29152 43984 964670
39667 46081 221
39668 42668 856
39669 30060 1
39670 40267 1000000
39673 39381 758
39674 20669 713126
39675 13280 986604
39676 1980 930
1980 4979 946341
39680 35913 271196
39683 29702 482208
29702 30491 981963
39684 20231 920311
20231 6599 737
39688 23808 1
23808 24766 719042
39690 43124 41454
39691 10867 171161
10867 28576 288186
28576 10416 1000000
39692 7006 46533
39693 32862 134
39694 38050 1000000
39695 29425 925052
29425 33053 869
33053 13570 975151
39698 40744 345994
39699 18227 34969
18227 5050 282207
39706 32079 1000000
39709 39657 821427
39710 44442 448
39711 29437 992064
39712 42727 767
39713 45694 988702
39715 39569 334
39716 40139 815932
39717 29911 227964
39718 14510 705
14510 28635 396560
39720 24173 508355
24173 47756 702
39724 18122 934873
39725 10165 912025
10165 33101 1000000
33101 33115 76
33115 23683 855
23683 21094 1000000
21094 22325 958609
39728 3270 45430
3270 10191 958826
39729 25166 640
39730 49566 214146
39731 3018 1000000
39732 9698 476
39734 35432 85587
39737 37117 1000000
37117 16233 235813
16233 49191 1000000
39738 10902 1
10902 1429 627290
39740 28428 1
39742 6805 521
6805 11821 69167
11821 36562 1000000
39743 4443 949841
4443 18560 458
39745 18686 772
18686 36696 952066
39748 4382 1000000
4382 24798 985770
24798 42798 1000000
39751 18190 49
18190 3180 734234
3180 23418 810
23418 37017 962187
37017 45659 54
39753 30527 960033
30527 8249 507
8249 2927 868244
2927 21313 925270
39754 34417 983908
34417 42533 1000000
39757 30202 298
30202 35473 914916
39758 30287 549
30287 15729 612325
15729 12257 294796
12257 11661 974159
11661 43806 146538
39759 29684 968413
29684 31123 923582
31123 16396 889
16396 49179 1000000
39760 8975 911868
39761 9991 188823
9991 17757 908260
17757 33742 1000000
33742 33462 901046
39762 43198 693
39763 28541 907243
28541 30355 977237
30355 48290 926095
39766 48415 936329
39768 10596 545
39770 35627 152
39771 38482 985299
38482 24785 912247
24785 41219 990094
39772 41827 971214
39773 12666 542692
39774 612 964346
612 24058 946818
39776 1106 1
39778 36321 547565
36321 28634 974639
28634 49465 1
39783 32732 973445
32732 30042 1000000
39784 6910 920408
39785 25567 540780
39787 30358 677
30358 41010 270046
39789 39426 570
39426 39135 411
39790 16574 660
39791 7912 920387
7912 29659 901096
29659 14951 931691
14951 10287 979231
39793 41208 124
39794 37217 258353
37217 35029 917653
35029 19690 418306
19690 45922 768999
39795 45514 906549
39796 36794 1000000
39797 46757 969664
39798 27412 321
39800 36877 952767
36877 19867 939011
19867 42600 998752
39801 3756 929299
3756 35976 932069
35976 45773 979588
39802 3188 949807
3188 40018 660
39803 33696 966887
33696 20676 119057
20676 8864 905792
39804 8141 1000000
8141 11381 355
11381 49641 921567
39806 24822 932367
39807 19744 1000000
19744 41691 1000000
39812 5856 516409
5856 32212 400132
32212 42773 949769
39813 9896 905477
9896 8696 1000000
39814 18584 10727
39818 30114 928372
39819 36460 170
39821 2238 364
39822 27724 923924
27724 4503 968457
4503 1731 979104
1731 42123 434669
39823 43667 107351
39824 39144 1000000
39825 41426 906572
39827 33184 354
39828 2435 514316
2435 12162 579716
12162 21600 422600
21600 19568 932301
39830 29187 485430
29187 47352 807014
39831 37169 1000000
39832 4145 983827
39835 6664 228992
39837 38535 943653
39840 45099 1000000
39845 5474 961915
39846 47814 78
39847 23552 923938
23552 10415 159
10415 21999 821857
39848 30142 965914
30142 15588 932410
39849 27227 1
39850 38893 271
39851 14636 334593
39852 40168 973902
39853 47668 468007
39855 39502 636461
39502 28738 998496
28738 24594 642596
39856 9822 864686
39857 46758 205046
39859 15513 112
39860 5456 1
39861 36354 1000000
36354 29948 205714
39864 28995 372
28995 13447 982326
39866 42422 895157
39868 35384 107008
35384 1039 925277
1039 43365 981599
39869 38301 493955
38301 32940 985419
32940 35524 492
39871 42084 918670
39872 4537 562
4537 20961 1000000
20961 12436 932258
12436 7375 111
39873 17802 970927
17802 34009 941215
34009 44004 172991
39875 31003 943403
31003 32399 350
39876 24287 907099
24287 45137 1
39877 12222 54746
12222 18365 1000000
18365 39651 1000000
39651 38623 927953
38623 12820 979479
39878 38691 786502
38691 25810 1
25810 16228 954214
16228 6572 815
39882 45634 811456
39883 29852 944089
39885 48615 1000000
39886 4960 1000000
4960 13819 1000000
39889 43731 947245
39890 15162 1000000
39893 24385 665
24385 7685 480583
7685 49340 955935
39894 4225 586939
4225 9040 978348
9040 39429 449998
39896 26548 12
26548 24168 75247
39897 48219 802
39898 33556 922953
33556 12237 397190
12237 38787 709616
39900 22955 872
39902 11922 1000000
11922 17527 949546
17527 13507 979275
39903 31427 199461
39905 31766 987603
31766 21337 737171
21337 31407 695631
39907 24612 921989
24612 21610 944601
21610 25381 1000000
25381 22089 981510
22089 43423 67278
39908 36040 80
36040 4371 931361
39909 2315 906905
39911 26662 30
26662 39765 369903
39765 14163 957136
14163 31209 402
39912 28142 908581
39913 1875 1000000
1875 25601 46133
39916 25197 925391
25197 20130 767946
20130 19174 82
19174 21502 403
39917 38050 932978
38050 10218 943792
10218 14669 744993
39918 22647 817
22647 1817 1
39919 39507 994682
39507 42559 57123
39921 15718 591161
15718 26945 690
26945 20285 808013
20285 15979 677574
15979 46975 903364
39922 21963 1000000
21963 6142 915717
39923 46208 997399
39924 39529 1000000
39925 37516 982409
37516 1721 35636
1721 45700 1000000
39926 13469 918255
13469 26366 291
26366 2448 904510
2448 49140 346821
39929 31683 802290
31683 15441 1000000
15441 6974 25687
6974 34403 903776
39930 31692 383
39931 6706 795
39933 2563 767369
2563 46921 926083
39938 35109 912520
39939 11602 939587
39941 22562 910109
39942 6919 136
39943 3562 1
3562 26289 167
26289 14114 105
14114 4471 712278
4471 5054 297708
39945 31037 400310
31037 18491 577
18491 2776 1
39946 5792 467768
5792 18907 896
39948 12627 285
12627 24057 1000000
24057 29484 1000000
29484 33831 985574
33831 48558 1
39950 20216 372
20216 34453 964491
34453 11711 904952
11711 14669 1
14669 35867 920217
39951 38194 672805
39953 46238 995514
39954 24957 956598
39956 4961 865
39958 21428 612255
39961 42895 1000000
39962 8795 999131
8795 35684 152
35684 15930 871727
39965 5097 1000000
5097 22357 174190
22357 20123 952128
20123 23549 214118
39966 39386 996792
39967 31401 928362
39969 14680 273068
39970 44273 1
39972 36276 386
39973 28592 323165
28592 31603 547049
39976 15079 1000000
39977 12108 908439
12108 9194 1
39978 48701 925217
39979 13873 901361
13873 19534 946975
19534 44209 157488
39980 12305 1
39984 24008 950127
39985 25490 975
39986 19491 43229
39987 22104 616825
39990 28313 698980
39991 30645 991034
30645 7394 59847
7394 46485 916506
39994 16989 940712
16989 3840 1000000
39995 15494 946901
39997 13743 1
39998 16785 616956
16785 38926 876
38926 12282 1
39999 11892 648564
11892 11511 546
11511 15833 1000000
15833 7873 929806
40001 29321 319270
29321 25392 512
25392 38702 132100
40003 5301 173654
5301 42869 53291
40005 18346 104
18346 16981 654701
16981 473 59496
40006 37319 936939
37319 9356 598
40007 29981 916224
29981 3369 154
40010 37632 847403
37632 17093 513847
17093 7146 919527
7146 28695 913438
28695 40002 983279
40002 36651 795643
36651 246 719
246 29430 1
29430 49690 529
40014 48859 480972
40016 45617 129
40018 5242 647906
40024 29671 616228
40025 2261 253240
2261 24710 963854
40026 15825 925906
15825 33444 578
33444 5108 398538
5108 47383 355
40030 18489 1000000
18489 8958 902073
8958 12293 10
40033 24483 474
40036 16372 630894
40037 13750 855118
13750 24059 685055
40039 13564 91468
13564 5358 956030
5358 14541 927205
14541 32610 920424
40041 48269 1
40042 48467 988937
40043 8046 639376
8046 40633 519
40045 34073 407987
34073 2513 752453
40047 44234 800419
40049 717 918756
717 40259 154
40050 22238 899242
40052 46734 221
40054 14879 215
14879 12527 171
12527 37312 1000000
37312 43160 79
40055 38839 951466
38839 39817 997409
39817 46954 50891
40058 10087 912576
10087 12334 126028
12334 28099 918770
40060 818 781
818 45851 201
40062 24303 65
24303 35998 904188
40063 20052 927810
20052 34553 689
40064 35979 203602
40065 37435 96
37435 11130 1000000
11130 36568 479873
36568 14182 906697
14182 1751 278952
1751 41428 772205
40066 14539 1000000
40067 3768 981076
40068 9525 1000000
9525 9609 996648
40069 30376 963097
40071 14899 472167
14899 6130 672619
40074 49500 998443
40075 8044 751895
40076 13472 932954
13472 33019 809767
33019 27561 966482
40077 48493 173337
40079 33188 449452
33188 16539 804
16539 46696 957846
40080 19435 925382
19435 3239 130807
40082 32060 572009
32060 20427 1000000
20427 11419 802431
40084 21621 1000000
21621 20455 571979
20455 25181 1000000
40085 29132 942210
29132 10821 581
40086 47067 151
40088 1809 79690
1809 44827 1
40089 44614 436
40090 8505 919611
8505 48560 321525
40091 32102 633
40092 14259 994
40093 40476 727
40094 26248 903935
26248 36946 984487
36946 25268 839
40095 34534 935796
40096 33915 603842
33915 10244 234
40097 21776 314492
21776 45820 937739
40098 43779 902555
40099 38386 900497
40100 19057 991544
19057 24187 974974
40101 33567 714
33567 1830 1000000
40103 36766 387744
36766 17103 985573
17103 15343 1
15343 33804 468
33804 12536 205
12536 23247 909297
23247 23441 375374
23441 36019 916811
36019 18170 946980
40104 10604 943908
10604 24080 413
40105 29911 959745
29911 37397 510
37397 38434 424042
38434 41231 108343
40106 42225 20742
40108 5313 983591
5313 28554 903805
28554 34543 949301
40111 18480 1000000
40114 17603 169448
17603 20099 954072
40115 23401 1
40116 15333 985328
40117 3252 979331
3252 24150 923879
40118 46117 933427
40121 18225 599
18225 30303 864556
30303 15552 567
15552 26616 783493
26616 17560 927485
40122 49520 998586
40128 44263 710
40131 37041 969974
40132 32639 987269
40133 48770 832170
40134 2437 948227
40136 3600 567358
40137 11521 972047
11521 16075 987589
16075 18687 1
40138 4068 615050
40139 30196 992955
40141 12990 989010
12990 4508 996143
40143 27126 909184
27126 585 1
40144 23757 1000000
23757 25792 406
25792 5337 996014
5337 28266 1
40148 18843 155769
18843 43035 570
40150 10545 770
10545 21018 350051
40152 44575 953334
40154 36006 672745
36006 22351 1000000
22351 17287 974255
17287 8848 968288
40155 14194 862431
40158 18555 299077
40159 24611 941251
24611 24784 1000000
24784 46955 993911
40161 1635 796187
1635 7237 467
7237 44627 1000000
40164 26756 448046
40166 2728 696785
40167 31840 261
40168 10777 639
40170 2413 991776
40171 30528 945214
40172 4089 33822
40173 49667 963760
40177 5816 1
40179 20212 942231
20212 44486 145077
40180 16759 1000000
16759 6123 1000000
6123 8017 991217
8017 2128 1000000
2128 28176 409746
40182 27224 818
27224 19217 982429
40183 45870 1
40187 24827 66
24827 6918 256623
40188 8368 997
40191 22170 968243
22170 33216 1000000
40192 28537 956969
40193 26578 935445
40195 29910 448187
29910 1216 572323
1216 19407 1000000
40196 31267 116260
40198 42622 734
40200 33390 226
33390 36093 598
36093 29978 932020
29978 49112 920708
40201 39528 171875
39528 48288 921460
40203 47692 269916
40204 14410 533833
40206 23001 648
40207 44913 570960
40208 40323 977367
40209 8317 452299
40211 45378 971445
40212 18504 951897
18504 4650 910687
4650 5906 283557
40213 14749 197624
14749 26338 999
26338 38993 990325
38993 1663 943997
1663 14402 662
14402 2692 974778
40215 6346 951535
6346 36881 932849
40217 18063 471173
18063 5923 423
40219 11686 600
11686 29234 961213
29234 24859 1
24859 31541 554603
40220 6799 974124
6799 5934 141916
5934 27047 986676
27047 14796 532245
40221 1093 426
1093 10463 1000000
10463 43818 996091
40222 42097 963294
40226 10213 568033
10213 37992 1000000
40227 19978 1
19978 36493 868526
36493 8254 1
8254 20488 993200
20488 46831 905363
40229 17572 382
17572 47276 937459
40231 15132 600
40232 46131 905670
40235 12246 376
12246 14107 442
40236 34012 705627
34012 24070 26
24070 38983 961053
38983 29175 969099
40237 17125 145601
17125 47997 899711
40239 32082 900889
32082 4467 921164
4467 40584 763
40240 1148 320
1148 38785 923445
38785 3963 556
40241 40508 345792
40242 24719 1000000
40243 36081 521
40244 17445 1000000
17445 20470 71336
40245 34466 801904
40246 39834 953823
39834 23117 726
40248 22421 1000000
22421 15751 933527
40250 1497 102264
1497 5930 932867
5930 1768 947278
1768 35922 938914
40251 5205 1000000
5205 12577 990970
12577 49441 700436
40252 6393 438371
40253 2257 69953
2257 25095 999681
25095 32272 233053
32272 15325 166
15325 35333 266879
40254 22218 617829
22218 24090 435001
40256 24169 34588
24169 1526 970833
40258 15624 868329
15624 17665 736
17665 42748 1000000
40259 44488 913793
40260 45707 1000000
40261 20407 1
20407 6004 851395
6004 8031 967661
8031 24315 791015
24315 15075 933575
15075 48412 610
40266 25531 992822
40268 24191 129893
40269 12372 832172
12372 34755 995956
34755 32359 758
32359 7938 549
7938 8848 925218
8848 20384 903269
20384 17647 49
17647 49521 980161
40271 27677 578
27677 16562 1
16562 33867 1000000
40273 12377 318
40276 5354 590659
40277 48312 675
40279 9301 947432
40280 26543 284132
40282 6783 1000000
6783 11953 527
11953 14284 959
14284 14233 920844
40283 4736 620
40284 47487 140
40285 10903 929604
10903 37629 81800
37629 41735 887493
40286 40920 986351
40290 2256 293089
2256 22185 937034
40291 2691 127
40292 25806 327921
40293 32573 454912
32573 43519 513
40294 10872 900449
10872 6241 952
40295 528 866200
40302 4633 487774
4633 11610 193029
11610 12264 751179
12264 31437 892
31437 29293 395
29293 32798 1000000
40306 25778 922167
40307 38305 707
40312 49580 103489
40313 37680 489
37680 31415 774032
31415 46388 987611
40316 17464 1000000
40317 32562 165
40318 15183 965519
40320 41483 860
40322 26449 1
40323 34298 743
34298 16859 914971
16859 36582 118335
40325 46134 719348
40326 43027 268
40329 41109 1
40330 3154 949
3154 34030 689030
40334 39520 885287
40337 17036 947390
17036 34593 985714
34593 47186 1000000
40339 33595 25713
40340 14968 893747
40342 30343 872798
30343 22065 278
40343 29384 604
29384 10311 960950
10311 40878 298058
40348 37895 498
37895 3991 975946
40351 21488 941671
40352 45150 999417
40359 5444 645735
5444 19336 657433
40360 39935 59177
40361 49077 235
40363 15891 218
40365 33082 493004
40366 37140 913687
37140 48361 914439
40367 23331 1000000
23331 24978 991007
24978 49330 922062
40368 9974 906048
9974 30307 263365
30307 42983 827560
40370 28587 519629
40371 9952 988490
40372 38755 997428
38755 48578 916526
40375 29938 414491
29938 9524 1000000
9524 210 1
40376 15705 979923
15705 40752 522231
40377 779 266779
779 18081 658
18081 45430 1000000
40379 2296 221
2296 22058 762
22058 27453 950228
40381 22597 261929
40382 31009 936291
40383 5597 33
40385 29155 354
29155 9136 1
40389 27913 86419
40393 13101 991803
40395 18635 1
40396 42535 710854
40397 536 156
536 37070 242808
37070 43903 880248
40400 796 495835
796 28105 202
28105 40998 1000000
40401 26350 108842
26350 7944 882910
7944 20268 998886
20268 43544 1000000
40402 40567 1000000
40404 16915 932912
16915 48013 363595
40406 15439 412135
40407 5673 934927
5673 7152 616677
40409 48740 392741
40410 47906 697
40413 6459 975
40414 40349 928663
40349 44780 620
40415 41705 632
40416 22960 232
22960 32530 981710
40417 9718 972323
40420 21330 376965
40424 37739 654460
40429 22835 909541
40432 4342 936044
4342 9188 1000000
9188 36977 608966
36977 20635 373
20635 1675 972533
40433 24758 194634
24758 24171 1000000
24171 14178 380
14178 27309 246049
27309 12198 1000000
40434 5845 31880
5845 15601 597
15601 20346 1000000
40435 34345 452
40437 32412 1000000
40438 48931 939768
40439 35232 873
40441 42636 522
40443 42423 940079
40444 11869 892726
11869 25257 983039
25257 2541 169200
2541 45578 916597
40445 17475 990139
40446 542 990
542 2802 231336
2802 12880 887
12880 43475 224683
40447 31619 1000000
40448 17136 976865
17136 45880 1
40449 1019 926
40451 26365 1
26365 47279 756491
40453 26998 979728
26998 12516 926216
12516 18133 906165
40456 34560 743
40457 32259 1
32259 31159 866
31159 11299 417610
40458 10571 155
10571 33321 295798
33321 20298 924261
20298 13942 658837
40459 17748 973078
17748 415 901957
40460 22071 991975
40461 20028 296430
40462 24429 916047
24429 33036 22085
33036 37728 985350
37728 45360 223
40463 19588 10993
19588 34037 1000000
34037 6073 600774
6073 27256 952434
27256 47962 210
40464 5619 1000000
40467 33288 1000000
40468 29386 1000000
40469 16434 470929
40472 32856 242507
32856 15960 1000000
15960 8155 1
40473 33592 127219
33592 46693 105052
40474 715 1000000
715 14567 62
14567 25189 957952
40475 4026 1000000
40477 34660 224
40478 40087 400677
40087 28257 907938
40480 12576 729963
12576 14026 333257
40481 41738 41
40482 33622 109437
33622 37521 993444
37521 5223 1000000
5223 385 923835
385 39072 41
39072 34188 1
34188 32628 370568
40484 37540 988821
40485 36103 959479
36103 20275 521388
20275 9212 991465
9212 3027 505583
40487 19198 923
40490 36183 1000000
36183 12747 750602
40491 17205 913138
17205 10825 812950
10825 37192 1
40492 35006 601
40493 10795 694916
40494 21917 952864
40495 7308 67350
7308 27702 971583
40496 49402 902751
40497 35755 602257
35755 33951 18
33951 4945 1000000
40498 12006 1000000
40500 42329 354
40502 44344 960230
40503 13013 44
40504 27535 683
27535 26274 943438
26274 39645 1000000
40505 1779 944864
1779 17069 938940
17069 22646 975747
22646 18769 977387
18769 49701 486
40508 32303 469279
32303 16194 189418
16194 27003 751
27003 428 492156
428 26477 771359
40509 6008 171119
6008 40450 991927
40510 32291 358413
40511 17972 1000000
40512 29721 758270
29721 2014 1
40514 27678 579827
27678 21259 953002
40515 42468 424
40516 40008 943182
40008 26090 345661
40517 43420 789
40518 31223 383913
31223 42446 1000000
40519 35208 197
35208 18348 1000000
40520 30388 1
30388 49352 955724
40523 46013 506647
40525 27229 994137
40526 394 969687
394 47744 1000000
40527 45900 916668
40529 40123 937533
40532 27314 965308
27314 24056 261770
40533 18850 987645
40536 36605 1000000
36605 21016 978946
21016 12925 616
40537 32946 481437
32946 13470 232626
40538 34494 909465
40540 30172 838
40541 42956 954334
40542 39228 56
39228 8891 940876
40543 41355 933495
40545 23225 783
40546 19206 305
19206 22524 994250
40547 11474 961706
11474 24928 539569
24928 4520 901347
4520 16875 1000000
16875 12997 967662
12997 40442 965142
40442 17365 995565
40548 34918 1000000
40549 5256 975283
5256 39224 80521
39224 42234 800082
40550 34 1000000
40552 1724 719835
1724 38605 372
38605 17372 921870
40555 32767 735309
32767 20443 546675
40556 2300 373175
2300 43113 749575
40557 26776 390
40558 38761 604469
38761 38769 923402
38769 39608 1000000
40559 47106 365
40560 42150 387555
40561 40589 968448
40562 16880 225529
16880 45806 5100
40563 20784 648057
20784 17402 661721
17402 13676 265
40564 18921 172
40565 25015 749132
25015 27473 961674
27473 41687 916136
40566 45196 609
40568 7875 998018
7875 5243 408917
40571 31819 730920
31819 36899 20858
40574 47447 837374
40577 18370 940059
18370 43863 934008
40578 8090 385344
40579 2100 962427
40580 24071 756197
24071 11430 672190
40581 37913 144719
40582 38299 14
38299 15101 1000000
40583 9121 931034
9121 36906 921382
36906 42663 805
40584 11962 946575
11962 1895 948854
1895 26771 914955
26771 6049 969348
40586 37874 918409
37874 42590 443819
40587 38810 1
38810 39687 950778
40589 41633 48632
40590 46973 1000000
40591 27225 840
27225 44323 985112
40592 16322 337394
40593 17290 1
17290 17762 155454
40595 33877 632
33877 39687 818
40596 19414 1000000
40597 2450 731599
40598 48956 296
40599 3202 575
40606 3334 854
3334 9600 978612
9600 21597 836
21597 31452 428
40607 43143 527
40610 31349 925313
40611 40032 604
40032 45861 915326
40612 46702 974988
40614 33720 972216
40615 21666 967767
40617 40799 82161
40618 22664 641
40622 17193 1000000
40623 4711 75
40624 27541 974794
27541 19537 765
19537 4920 925
40629 16401 748150
16401 14764 982526
40630 36369 689951
40633 31277 543069
40634 7786 1000000
7786 17363 90745
17363 30271 666661
30271 1439 944994
40635 8069 204505
8069 18546 1
40638 10893 53
40639 44771 994407
40641 44108 226110
40643 17715 309
40644 37447 822675
37447 14998 997487
40645 31424 860657
40646 29348 939248
29348 38716 744980
38716 34567 242084
40647 36426 437661
40648 29874 1
40650 17581 103
17581 1948 36
40651 45705 887257
40652 41132 998541
40653 22169 921
22169 13088 591742
13088 13200 448
13200 14780 995072
14780 1399 335624
40655 6882 4777
40657 49291 773222
40658 11340 821782
11340 18814 952091
40660 34156 310
34156 37300 1000000
40664 12 935733
40665 40129 1000000
40668 26330 702
26330 35856 988103
35856 10137 273763
10137 358 975
40669 20803 222079
20803 5644 952985
40670 41884 954780
40672 4436 486769
40676 22497 985505
22497 14218 63
40677 34595 584
40678 48292 49354
40679 45966 1000000
40680 31 18611
31 30162 201084
40681 24747 661014
24747 8720 109
40682 27431 1000000
27431 1958 919412
1958 8058 558
8058 11484 683480
40686 14373 554893
14373 5474 808
5474 5345 991436
5345 417 658962
40688 41316 905
40691 1097 785618
1097 48754 1000000
40694 32449 1000000
40695 43432 959792
40697 47260 987620
40698 44249 924861
40699 29181 973844
29181 43694 958058
40700 25069 506293
40702 5392 1000000
5392 26902 1000000
26902 18035 942703
18035 30108 936
30108 31174 402
40704 2725 1
40705 36294 626765
40708 6628 212
6628 45383 44
40709 24989 430914
40710 4574 943629
40711 19822 1
40713 39354 662
40714 23425 990393
23425 1845 961
1845 45034 984915
40715 1414 942513
1414 10479 1
40716 31402 972943
31402 38718 833
38718 14368 44713
14368 49199 1
40719 44192 499331
40720 15131 939949
15131 30687 1
30687 19969 798634
40721 17185 1
17185 26525 619870
40722 6696 1
40724 45743 429053
40730 15893 1
15893 9949 908111
9949 45375 612
40732 32846 980658
32846 27032 903140
27032 3168 1
3168 43225 952955
40735 43252 1
40738 1838 821042
40741 47463 919078
40743 28698 323488
40744 19157 936867
40752 38235 981146
38235 15633 116973
40753 32778 922920
32778 7575 1000000
40754 39707 966427
39707 5053 933045
5053 27627 652522
40756 15494 984865
15494 22786 905580
40758 41375 675981
40760 6513 697
6513 18956 974426
18956 46651 850528
40761 8177 948733
8177 16425 601752
16425 2427 948321
2427 9594 762
9594 3404 1
40762 48161 391568
40763 18203 449555
40766 29286 1000000
29286 39887 915638
39887 36055 986935
40771 21669 638380
40772 7216 16511
7216 46308 466914
40774 47924 829805
40775 39659 903392
39659 15664 226673
40778 42961 334
40781 45662 425
40785 12294 1000000
40786 5581 1000000
5581 13115 980617
40792 3442 1000000
3442 36453 981418
36453 46891 912766
40795 20020 473
20020 15559 930530
15559 44928 955797
40797 22123 873
22123 10644 613
10644 7 712644
7 44527 455
40801 9712 901979
40803 19642 993073
19642 27409 29
40804 474 346
40805 15447 1000000
15447 21255 496534
40806 5293 811
40807 23901 315222
40808 44962 916589
40809 4255 153835
40812 25834 149237
25834 18582 861592
18582 44716 138
40816 42530 1000000
40817 29386 851
29386 5965 787613
40822 39324 780629
39324 39820 558365
39820 47685 436851
40823 2735 986531
2735 21591 961448
21591 17784 922034
17784 44284 974529
40824 39719 426
39719 45489 117
40825 756 1000000
756 28190 126681
40827 13552 961243
13552 11923 955867
11923 2550 1000000
40829 26339 942159
26339 25361 956731
25361 42306 75847
40830 2413 140201
40832 27714 1000000
27714 12104 930984
12104 36798 34105
36798 45777 485
40836 47208 969063
40837 29375 779285
29375 9087 384
40838 31345 966918
40839 26969 949516
40841 24474 595
40842 29643 348976
29643 49500 901576
40843 33539 1
33539 18525 1000000
18525 33198 931
33198 42030 438842
40845 11069 935142
11069 6163 783428
6163 48666 917115
40852 34607 299480
40854 7052 945235
40856 15916 1
15916 3864 948860
40857 8785 1000000
8785 2853 937681
2853 32615 965953
32615 44566 548
40860 26981 1
26981 12746 962509
40861 9844 132
40864 24257 761563
24257 12416 542060
12416 16846 399664
16846 48072 903474
40866 16596 1000000
16596 35961 1000000
35961 22896 941680
22896 38037 967575
38037 48352 951616
40867 34255 970511
34255 4511 682194
4511 41929 611010
40869 17872 419997
40870 19646 602919
19646 47379 71535
40871 47692 929219
40872 26687 903039
26687 46747 336
40873 23806 924742
40874 36525 1
36525 41795 1000000
40875 33380 1000000
33380 35558 978132
35558 32817 481160
32817 45905 995376
40876 41293 689250
40880 37106 994376
37106 214 713006
214 13778 842440
40883 41622 985717
40886 36812 467432
36812 11690 242668
11690 7346 985636
40887 19324 668
19324 20369 498847
40890 1201 931597
1201 30889 209
40891 26310 1
40892 37296 333256
40893 15837 902890
15837 37739 993
40894 46211 226122
40895 4590 70443
4590 18438 933624
18438 7973 834647
7973 11726 906257
40896 13797 917811
40897 32458 958227
40898 7317 908500
7317 22732 903070
40899 34583 944951
34583 40573 1
40900 43225 634543
40901 27388 968509
40902 45320 594
40903 47709 66733
40904 16788 914928
16788 5143 249618
40906 27076 69099
40907 47884 945746
40908 40274 886684
40274 23068 607854
23068 16277 92
16277 39504 968563
40909 34616 940536
34616 37 1000000
37 17259 905664
17259 5919 337760
5919 21686 960800
21686 2140 1000000
2140 33489 949732
33489 26706 685264
40910 30036 398
40911 20744 286619
40912 22704 1000000
22704 42286 961245
40913 12548 925241
40914 24589 572
24589 31115 521
40915 14601 409
14601 36889 877
36889 34516 940
34516 1220 921572
40916 31500 138
31500 37100 432060
37100 22756 660867
40917 46009 702175
40919 22951 481584
40920 27618 1
27618 19905 466945
19905 41114 818
40921 7252 996680
40923 22582 990660
22582 34584 567
40924 37281 369
37281 31916 942441
31916 24398 607056
24398 27816 714507
27816 9128 934023
9128 35795 617
35795 5003 1
40926 7343 786613
7343 33845 801920
40928 41152 505794
40931 16336 358
16336 1777 940
1777 38902 1000000
38902 34021 392035
34021 9078 91804
9078 13471 950683
13471 48124 915383
40932 510 158
510 5378 279090
5378 27599 669674
27599 34367 1000000
40933 4118 1000000
4118 45621 505649
40934 39317 907500
40937 20045 319482
40938 9509 1000000
9509 10178 837169
40939 11717 979213
40944 6689 795627
6689 26645 300833
26645 30831 100382
30831 27160 342780
27160 11237 71041
40945 42401 1000000
40946 704 715603
40947 40594 778296
40949 16806 991100
16806 11534 855
40952 13429 232
40953 43054 745
40957 15803 1000000
40960 47095 930503
40961 31764 402
31764 30790 966675
30790 16205 934638
40962 24943 909145
40963 37825 904
37825 1063 945306
1063 37425 1000000
37425 11108 784166
11108 13850 457
40964 20980 995665
20980 15073 990675
15073 40831 962303
40831 14420 1000000
14420 8995 957674
40965 13506 159101
13506 21861 200
21861 49676 547
40967 22531 805684
40969 28508 252674
28508 7812 618748
7812 8068 462
8068 6259 1
40970 43551 433
40971 24096 971438
40972 30373 1000000
40974 48488 942872
40975 31908 916079
40977 29069 929110
40979 8895 1000000
8895 48941 602741
40980 4969 986519
4969 35507 690
40981 5003 973760
5003 41862 963854
40984 14745 952733
40987 37437 924727
37437 31342 910787
31342 11970 983624
11970 43195 1000000
40989 36073 971421
36073 2255 987154
40990 2572 150175
40992 1236 27000
1236 27063 908267
27063 43376 48
40993 9892 1
9892 25681 806514
40994 32391 104339
32391 40197 369
40997 37285 953802
41000 3018 341
3018 39142 1000000
39142 17151 546207
41003 27050 80
27050 14753 971700
14753 30244 214504
30244 44953 996487
41005 10359 964466
10359 35409 976303
41006 29571 915145
29571 38659 421522
38659 34822 618832
34822 30042 184125
30042 15043 918454
41008 16633 676558
16633 8064 943181
8064 25162 622053
41009 15159 963833
15159 25602 188
25602 4674 1000000
4674 25790 954460
25790 33806 970695
33806 2572 61
2572 33764 1000000
41010 6720 477003
6720 45059 294
41012 204 934247
41014 10190 391
10190 1915 824639
41017 7795 931915
41018 31894 493707
31894 5389 273
41025 13444 997422
41026 46000 522225
41028 28207 993970
41029 25556 933517
25556 3860 1000000
3860 36852 973214
36852 11583 27192
11583 9918 1000000
41030 25285 801310
25285 9822 88727
41031 41735 186
41033 22159 567593
41034 37436 561
41038 26605 909348
26605 27798 429
27798 22328 953738
22328 26324 957062
26324 42752 923945
41039 43400 972028
41041 42942 1000000
41044 18722 377
18722 34520 1000000
34520 6852 1000000
6852 10435 555103
41046 36772 1000000
36772 32589 775062
32589 49349 36
41047 11129 958967
41048 26836 98628
41049 757 202
41050 24040 485397
24040 26496 703804
26496 9839 101
41051 37950 910997
37950 17732 111
17732 31901 608
41052 8998 181982
8998 42888 977263
41055 14728 527
41058 8510 711503
41059 26794 1000000
41062 35914 950282
35914 23158 459
23158 21820 991908
21820 32014 507434
41064 40186 218424
40186 9551 468
41065 30361 1
41066 9094 967566
41067 27018 664
27018 19495 985487
19495 46593 34384
41069 38632 130346
38632 31032 905746
31032 37634 825593
37634 47918 106
41073 3623 308
3623 25758 964401
41077 44350 1
41078 24114 843
24114 40905 443027
40905 18790 910
18790 43999 1000000
41079 26012 56
26012 32704 181208
41081 46002 621
41082 49617 945035
41084 49511 885
41085 2121 918920
2121 44867 1000000
41086 44189 154336
41088 21546 968804
21546 28912 215038
41089 4512 1000000
4512 10255 321503
41090 31110 164349
31110 17470 508383
41091 47289 955331
41092 18335 275153
18335 36965 901240
36965 38453 379
38453 15523 484
41095 6434 979717
6434 12318 709178
41096 38109 1000000
38109 45992 619193
41098 41615 695
41100 26832 699823
41101 45234 940027
41105 24275 799971
24275 31615 1
31615 26486 912572
41107 22914 955915
41109 33227 197
33227 2103 999963
2103 29409 970212
41111 8424 963772
41112 24234 950667
24234 28381 468531
41114 33912 929395
33912 8162 646611
8162 16761 933670
16761 12690 1000000
12690 22267 767080
22267 47700 336
41115 39642 186
39642 33164 1000000
33164 14635 1000000
14635 7264 1
7264 44915 338818
41116 42722 929847
41117 25360 962078
25360 37751 955189
37751 8506 775184
41118 18228 700458
41119 23498 895
41120 5303 1
5303 46508 988847
41125 48622 315632
41126 34461 909301
34461 45927 36204
41128 19915 256041
41129 44607 751935
41130 29031 959
29031 13437 652613
41131 21822 965584
21822 18222 960406
41132 30348 1000000
30348 30976 749343
30976 33732 1000000
33732 44088 504
41135 45126 972903
41136 49472 787566
41137 13489 990254
13489 21214 649713
41140 41257 915208
41143 5365 68695
5365 14751 219073
14751 4995 712
4995 36446 348711
41144 1415 985211
1415 29282 193
29282 44002 979018
41145 35851 1000000
41146 34345 991086
41148 40821 776639
41149 11806 907106
11806 13474 570774
41151 4406 932512
41153 30383 1000000
30383 24491 212749
41156 41337 971335
41157 45116 905744
41158 21499 744
21499 26836 743
26836 41243 917497
41159 32613 358
32613 19523 979894
19523 17662 950040
17662 7730 780266
7730 19037 382
41160 29227 878628
41161 2973 134637
2973 45121 669643
41162 14046 975737
41167 27993 964262
27993 12225 916843
12225 17672 1
17672 29278 997761
29278 22560 405411
41168 27093 961470
27093 8805 948816
8805 32253 951071
32253 38598 975057
38598 5929 975139
5929 32248 1
41170 7121 552141
7121 49071 913910
41171 34085 894265
34085 13517 698071
41173 18991 918857
18991 44284 348475
41174 36695 980504
36695 5770 1000000
5770 27507 790701
27507 49528 832423
41177 18881 1
41178 1162 915865
1162 5665 692884
41180 5293 974939
41181 46163 977072
41183 6355 652
6355 17518 1000000
17518 19768 933528
19768 49294 540311
41184 19940 120
19940 48568 908
41185 12696 987780
12696 48384 943416
41188 47770 907
41189 36641 970088
36641 19973 396753
41190 48252 923176
41191 46747 1
41193 10552 890507
10552 23646 535
23646 23675 1000000
41194 33511 311632
41195 46538 1000000
41196 22865 941359
22865 1746 961397
41200 29166 238069
29166 41340 1000000
41201 27892 1000000
27892 33603 999
33603 35680 441041
35680 36986 902698
41203 47006 1000000
41206 35712 962575
41207 24352 306730
24352 32770 1
41211 18208 495230
41212 35207 1
41215 30404 20095
41216 14957 905126
14957 24343 1000000
41217 20779 490
41218 31278 619434
31278 32762 970884
32762 11374 1
41221 9701 946099
9701 46736 292688
41224 10205 1000000
41227 16691 948018
16691 7573 350
41228 18494 54559
18494 41891 410453
41230 31414 940272
31414 1073 990650
1073 48017 24349
41231 18329 859070
41232 5578 689377
41234 27399 1000000
41235 28377 283
28377 28285 741700
28285 15874 604125
15874 28547 892507
41236 46883 574742
41239 11674 578218
41240 6386 809378
41242 22213 928
22213 20224 605976
41243 4958 750844
41244 41540 976140
41245 47674 924758
41246 32944 985531
32944 11380 948983
11380 12716 707604
12716 8520 995602
41248 19162 549672
41249 25683 964561
25683 42587 924182
41253 2149 1000000
2149 22180 244
22180 19611 934960
41254 22057 840607
41255 17743 69
17743 35721 118523
35721 27659 408701
27659 28287 524
41256 28065 930420
41257 2197 913821
2197 12006 464414
41258 26744 515415
41265 7312 912307
7312 41824 642170
41266 12902 985025
41268 13559 939
13559 31918 921677
41271 25107 514962
25107 44147 501
41273 36804 104379
41274 29736 1000000
29736 42856 184849
41275 42690 254858
41276 28584 994056
28584 4727 524682
4727 23839 703
41280 4654 799344
4654 19448 434760
19448 5597 453443
41282 4433 261071
4433 47659 59
41283 39867 945452
41284 7560 926592
7560 49648 920846
41286 41076 98337
41287 39870 884526
39870 37859 935888
41288 39147 560
41293 21826 1000000
41295 16638 1000000
41297 265 617199
265 23006 926014
23006 30444 938507
41300 20233 262677
20233 4191 913042
4191 40855 919835
40855 30646 1000000
30646 4416 416924
4416 11743 758755
11743 13790 913251
13790 6291 1
41302 17872 927302
41305 40394 906554
40394 34189 902092
34189 41332 975198
41306 15988 785298
15988 31692 930866
31692 5091 992252
41307 5043 412571
5043 4847 997533
4847 17775 82
17775 34429 908491
34429 13112 914155
13112 47728 498
41308 30647 92
30647 27686 936035
41309 16081 611370
41310 24445 1000000
24445 384 798
384 5880 1000000
5880 28179 1000000
41312 29089 991248
29089 43673 112
41313 834 980041
834 26395 995774
26395 46293 935726
41314 15331 79473
41315 3850 918603
3850 38787 933108
41316 41035 725951
41035 8811 583975
8811 2741 690
2741 34564 250027
34564 24656 5
41317 28548 476776
28548 28793 971483
28793 14816 904217
14816 15284 383140
15284 41431 661
41318 24483 321
24483 18781 194932
18781 15726 85419
15726 31349 933027
31349 38500 998862
41319 26907 1000000
26907 2908 886589
2908 42529 962848
41320 37739 42133
37739 34659 1000000
34659 40298 793621
40298 10691 397908
10691 6450 928393
41321 22482 352460
22482 20841 977167
41322 40784 925216
40784 39125 922523
39125 25824 1000000
25824 46560 556
41323 6204 567364
41324 37035 903
37035 31915 455494
41325 28431 1000000
41326 4540 957708
4540 46014 969678
41327 26049 935297
41331 9202 1000000
9202 31422 1
31422 6293 489939
6293 11683 1000000
41332 5663 740
41335 22795 988589
22795 9730 971266
9730 562 277
41336 37943 241350
37943 32318 1000000
41337 28473 559
28473 45842 980452
41338 46551 533994
41339 4266 924571
4266 6928 332584
6928 10389 284924
41340 30414 860043
30414 23931 999534
23931 6058 665020
6058 24658 521296
24658 25184 617267
41342 43556 925823
41343 15728 368600
15728 19911 542
19911 28223 595890
41344 27226 1
41345 5867 927178
41346 10555 394
10555 48562 214220
41347 4432 302311
41348 46786 1000000
41350 7609 541
41351 1085 971005
41352 36682 922016
36682 48350 830
41353 2985 1
2985 33037 606054
33037 29926 1000000
29926 27852 376
27852 6322 355772
6322 10164 344645
41354 28812 907
28812 47327 516
41355 44475 126
41356 10336 111229
10336 44978 455573
41358 8575 633313
41360 14752 850103
41362 44668 116054
41363 44848 893415
41364 6661 911520
6661 46484 956
41366 8722 1000000
8722 571 801
571 35224 922845
41367 28110 1000000
28110 28176 615
41368 1517 955456
41370 974 537000
41373 48489 1000000
41374 22439 1
22439 28090 1000000
28090 34703 980384
34703 29352 85863
41382 20032 94596
20032 1774 740589
41383 47686 138790
41384 11312 1000000
11312 27267 955184
27267 46588 588641
41385 33917 963381
33917 4893 606
41386 7807 955792
7807 22005 433
22005 17453 465278
17453 9396 236222
9396 29716 111
29716 31875 404725
41387 43765 927830
41388 13850 695557
41389 5526 568661
5526 18310 531490
41390 8952 809830
8952 774 942196
774 37952 907490
37952 19868 527
19868 19528 410725
41395 32582 959833
41396 14982 900246
41399 129 145
129 39035 675198
39035 10026 943162
41400 3575 813124
41401 18797 327
18797 48433 1
41402 24159 923459
24159 7425 961
7425 35361 172
41403 39944 623
41404 6415 610
6415 22053 919251
41406 9344 998448
9344 18310 1000000
41407 20993 943240
20993 3420 1
3420 12 454
12 7265 280326
7265 9046 998808
9046 43327 982632
41409 26439 762
26439 5885 977788
5885 40576 909
40576 32473 1000000
41410 17987 973990
41411 12785 464770
12785 7200 176885
7200 42561 179
41412 41087 952419
41413 30210 1000000
41414 17503 810
17503 35881 803
35881 38492 329
38492 27591 112
27591 1757 752255
1757 4549 651
41416 20786 902364
41417 46903 1000000
41418 25317 408546
25317 30030 952163
41419 42277 780113
41420 7041 998167
41421 21051 331032
21051 37994 966917
41422 546 681354
546 15787 943416
15787 24244 1000000
24244 17841 910590
17841 11900 1000000
11900 30294 727906
41424 38857 917935
38857 19528 885758
41427 13117 867500
13117 45291 71
41428 21688 730850
21688 41004 445
41004 27818 954121
41430 4596 972927
4596 30676 55919
41431 14742 587750
14742 38246 514704
38246 11374 688
11374 37787 83735
37787 25519 58
25519 15327 905397
41433 34913 241725
34913 13582 1000000
41434 14037 506481
41436 7999 1000000
7999 30783 625951
30783 22882 103
22882 4829 1000000
41438 22349 115
22349 37689 913784
37689 10788 455
10788 10435 923847
41439 32077 989854
41440 10149 824447
41442 25254 1000000
25254 17805 217
41443 3140 818
3140 5543 1000000
41444 38331 343251
38331 26946 718
26946 23219 225756
23219 32421 884
32421 23746 978
23746 49712 56438
41445 7321 249952
41447 43561 1000000
41448 26940 450012
41451 26725 311
41452 3517 984762
41453 44852 983
41455 6590 1000000
6590 5388 171
5388 19386 19273
19386 13725 905943
41456 18180 826
41458 25247 993654
25247 11774 717
11774 19353 962254
19353 13611 72425
41459 22434 452770
41461 22962 903183
41465 5179 969
5179 47940 970641
41466 23106 1000000
41467 20000 270294
20000 22324 632
22324 11036 672
11036 31015 994278
41468 43161 913918
41469 17951 15803
17951 38723 970912
38723 9961 641466
41470 42673 413263
41471 21655 915
21655 26437 907735
41472 5085 907067
41474 29601 527093
41477 30930 999518
41478 47092 902806
41479 8270 928
8270 40881 1000000
41480 48686 161683
41481 14460 758334
14460 30002 466853
41482 9069 798259
9069 6751 400596
41483 32518 802280
32518 16599 981412
16599 49329 569
41485 31533 335
31533 5544 1000000
41489 29232 941780
41492 18604 825016
41494 34380 413
41499 11379 341151
11379 44607 262566
41500 16525 912092
41501 41535 1
41502 23117 848756
41503 5211 938017
5211 49682 905112
41504 9581 54
9581 187 1000000
187 25169 1000000
41506 32513 634671
32513 36101 1000000
36101 12731 929366
12731 42984 928638
41508 20495 1000000
20495 35295 996241
35295 34425 849
34425 14445 944
14445 29411 332840
29411 42627 1
41509 42480 1000000
41512 19340 1000000
41513 22083 974312
22083 3701 299
3701 3876 160996
3876 10077 523
41514 13350 579
13350 43998 899538
41515 11773 1
11773 14164 410582
14164 24312 15448
41518 22124 1000000
22124 13728 903970
41519 31403 1000000
31403 18588 668980
18588 12820 830575
12820 19194 904
19194 38425 952
38425 22381 932234
41520 10010 1000000
10010 11250 943294
11250 41857 105835
41521 24430 738465
41522 29789 535
29789 1363 130492
41525 8753 1000000
41527 11115 884055
11115 43410 817601
41528 43519 1000000
41529 12548 973974
41530 21671 937862
21671 31973 928232
31973 12177 448
12177 43380 438350
41531 5881 978831
5881 36076 850
36076 4336 516268
41532 9160 1000000
9160 19900 79
19900 41516 960327
41516 40044 986588
40044 32560 923393
41535 10792 912843
10792 16768 346
41537 23145 908464
23145 49634 877
41538 36942 1000000
36942 22781 726379
22781 28600 985178
28600 24852 404210
24852 45776 950541
41540 35194 1000000
35194 11024 520952
11024 49685 345265
41541 8818 689
41543 22414 991574
41545 6077 558464
41547 5825 54
41548 33288 101445
33288 49213 360102
41549 36921 435240
36921 20144 911955
20144 41142 16922
41550 41946 375716
41551 27561 355791
27561 38209 248367
38209 16957 809
16957 48725 908279
41553 33827 196
41554 17838 74696
17838 43558 22
41555 14684 67
14684 17749 362
41556 48338 732651
41557 49394 746049
41559 22395 956190
22395 44018 931950
41560 11717 978155
41562 38766 370
41563 39385 941436
39385 49514 369
41570 48144 454
41571 27418 796
41572 36955 321293
41573 10343 968089
41574 34496 253
41575 26560 1
41576 35302 516
35302 2546 942268
2546 29508 1000000
41578 33933 952356
33933 7307 14
7307 2555 521
2555 47664 143612
41579 11951 495153
11951 42013 429581
41581 12118 947944
12118 45965 1
41583 22756 442454
41584 37169 1
37169 31233 952155
41585 20286 920902
20286 36781 1000000
36781 23523 1000000
23523 20095 1
20095 1741 904428
41586 6567 238
6567 33529 929901
33529 15078 66475
15078 12178 327
41587 32286 962169
32286 3636 943533
3636 45312 466674
41588 1734 729528
1734 4352 34
41589 2915 184850
41590 20788 945406
20788 8056 682
8056 47136 1
41591 25055 502410
41592 24337 679
24337 2792 139
41593 8142 1000000
8142 656 139408
41594 22709 933689
41595 13152 365
13152 20111 61051
20111 38640 1
38640 24577 930077
24577 28814 1000000
41596 1035 432
1035 14051 848
14051 9375 1000000
9375 16126 827
41597 45860 1000000
41599 29971 736092
29971 6202 1000000
6202 18251 528051
18251 47376 862850
41600 5289 897
5289 621 902755
41602 31016 972664
31016 40199 253619
40199 26637 508402
26637 9083 850147
41604 21043 947789
21043 15006 1000000
15006 18829 258448
18829 19233 419011
19233 41732 200
41605 27908 1000000
41607 42636 960757
41608 46171 902891
41610 44542 479920
41611 8182 76171
41613 7422 176430
7422 35753 935032
41616 43351 1
41618 36390 20
36390 29069 908435
41619 23800 440705
41622 24270 961478
41623 2051 225
41626 4588 722
41629 46801 1000000
41630 46254 981056
41631 3740 522
41632 17177 928776
17177 34342 944106
34342 12113 239
41633 13440 178370
13440 20325 169694
20325 42062 297
41634 36927 960688
36927 4836 936730
4836 13947 871
41635 5274 901775
5274 34053 1000000
34053 46248 75760
41637 16747 86972
16747 46185 591744
41639 1589 996035
1589 33214 874232
41641 44553 195
41644 40165 529
40165 16914 961839
16914 27617 759037
41645 6626 806
6626 47619 380828
41647 7663 979089
7663 4504 1000000
4504 48103 868616
41649 3458 1
41652 19701 1000000
19701 34766 981734
34766 27077 927138
27077 12132 1000000
41653 19685 254
19685 1690 62674
1690 38386 483
38386 13959 710
41654 11888 904116
41657 15723 996713
15723 19694 952728
19694 38197 573
41658 25181 932005
25181 20170 904452
20170 40748 1
41659 26937 201639
26937 15468 985940
15468 3313 748
3313 7441 783078
41660 7160 1000000
7160 30121 593384
30121 5601 69806
41661 4707 49
4707 41651 882848
41651 18883 784273
18883 28860 676
28860 9246 1
9246 45440 976784
41662 36801 155952
36801 4936 409487
4936 27845 997305
27845 15535 965461
41663 31626 953635
41666 48702 448
41670 28533 375347
28533 30035 964348
30035 42709 901607
41674 19969 183757
19969 20068 900756
41675 18139 584
41677 12747 751
41679 15083 208979
41680 42039 917
41681 13526 955152
13526 469 956961
41682 4771 950
4771 36897 936111
41684 3458 992205
41685 32549 909242
32549 38975 964972
38975 39964 978841
39964 6853 1000000
6853 18604 175071
18604 35143 186584
41687 31952 452
41688 42753 451
41689 49227 911
41690 33287 958196
41692 20929 891
20929 25046 831957
25046 22288 25952
22288 47878 125
41693 6519 1
41694 7050 353
7050 11393 290
41695 3785 907757
3785 36654 914651
36654 40878 909900
41697 8483 1000000
8483 10761 832
10761 646 963839
646 19740 935262
19740 40642 981703
40642 61 936758
61 5202 219319
41698 12414 663
41700 22879 931427
22879 22591 639771
41703 26540 4277
26540 43573 924149
41704 25325 43
41707 36106 467
41708 45535 141353
41710 19468 999550
41714 4529 1000000
41716 47701 1000000
41717 15137 663
15137 28257 444441
28257 43060 228977
41718 34522 900213
34522 4130 1000000
41719 34147 975499
41720 7362 614
7362 17123 1
41722 4415 480421
4415 41747 505831
41724 29396 746063
41725 11619 913045
11619 19510 953987
19510 31976 490275
31976 29786 933568
29786 45824 186495
41727 28887 473080
41728 40051 55009
40051 306 821048
41729 46434 406793
41731 22588 975267
41733 19519 261662
19519 44704 1
41734 16839 988511
16839 37920 904865
41736 20556 932410
41737 36500 981520
41738 7025 186729
41739 11558 502095
11558 21873 1000000
21873 36684 966280
36684 20593 106995
20593 18114 549
18114 5117 999196
5117 47977 712960
41740 10255 913806
41741 49057 110094
41742 1991 464
41743 22429 35334
41744 30053 390845
30053 28291 954342
41747 19065 1477
19065 31055 1000000
41751 40027 1000000
41753 17932 827
41756 10769 94
10769 32863 875
32863 44923 330
41757 23562 401
23562 12068 963600
12068 7119 815
7119 35517 709603
41758 5992 370261
5992 27409 978816
27409 4444 1000000
4444 23926 1000000
23926 8277 991633
8277 36539 723486
36539 1782 944627
1782 5595 1000000
41760 39059 454
39059 21480 1000000
21480 41852 775466
41761 26022 1
26022 34285 901517
34285 27907 947477
27907 44540 498535
41764 7993 1
41765 14009 201
14009 30063 981879
30063 31641 424840
31641 23797 982808
23797 16126 961437
16126 16477 198963
16477 36352 631207
36352 46461 922266
41766 35524 999524
35524 46147 931664
41767 14353 108947
14353 10504 359107
10504 31823 921457
31823 41238 940500
41238 14236 1000000
41768 1745 993885
41769 45321 980824
41770 5995 896118
5995 1395 813
41774 12000 680262
12000 46408 158256
41776 11898 212085
41777 9439 1000000
9439 29179 972
41778 49476 957652
41779 5436 506
41787 7924 443705
7924 48040 956213
41788 48389 1
41789 43702 908303
41790 48899 981
41791 30689 612588
30689 21247 439636
21247 14374 873821
14374 41294 596
41294 30874 99
30874 13972 434917
41792 39591 984821
39591 32973 1000000
32973 2513 638011
2513 33136 404216
33136 35322 954175
35322 21506 114
21506 38767 1
38767 21381 83
21381 44899 915951
41795 13572 282779
41796 7006 1
7006 19406 991450
19406 34336 925708
34336 5726 704
5726 16054 938006
41799 43190 902
41800 9376 500860
41801 34658 30144
34658 40224 743
40224 21428 262
21428 21400 340761
41803 11841 215002
11841 46565 1
41804 35020 978980
41805 23849 446011
23849 14769 930904
41806 21811 294200
21811 17618 149448
41807 16933 941219
41808 6876 1000000
6876 44130 587
41810 6090 986176
41813 51 154
41814 32455 522788
32455 8092 966913
41815 26042 966497
41816 9403 60274
41818 40319 3776
40319 28467 967299
41819 40009 1
40009 29871 609589
29871 19910 905818
41820 30249 430197
30249 30166 383
30166 2280 978798
2280 28373 969592
28373 28342 178610
41821 41962 961794
41822 11098 168526
11098 27464 31995
41823 31421 1000000
31421 34063 919638
41824 42664 969069
41829 40625 995290
40625 37074 1000000
37074 9053 524202
41833 45254 670
41835 31224 937941
31224 38044 1000000
38044 25506 464
41836 44406 985294
41837 1560 974515
41838 48351 900693
41841 36768 231239
36768 20597 796141
20597 48262 420645
41847 42700 1000000
41848 18146 263
18146 8880 167970
8880 10615 1
10615 41457 930749
41849 49047 1000000
41850 27142 573840
27142 6957 1000000
41851 35039 927139
41852 38849 892
41853 506 927332
506 19713 374
19713 46355 959700
41854 4681 775769
4681 39423 508
41855 30280 1000000
30280 28958 923
28958 8769 847930
41856 776 1000000
776 34476 828636
34476 2723 921549
41858 43812 1
41860 29302 899
41862 25989 227
25989 28861 529648
28861 18669 53462
41863 49162 1000000
41864 15996 726
41865 43572 591274
41866 45891 1000000
41867 26103 704
41868 5680 980326
5680 8036 682555
8036 9268 154
41869 20063 704385
20063 39513 237802
41870 8950 875
8950 3807 703133
3807 34935 935715
41872 31590 861080
41873 38143 887
38143 21527 638
41876 37733 978024
37733 44795 64167
41877 3531 745056
41878 5622 243757
5622 1926 580858
41879 26444 847308
26444 47291 969922
41880 30777 1000000
30777 43651 1000000
41882 7113 939454
41884 40755 993
40755 38519 126601
38519 12947 1000000
41885 5602 906166
41886 46092 225850
41888 10150 634746
10150 21855 469122
21855 14564 471
14564 42862 972421
41891 37289 1000000
41892 3369 190955
3369 2625 995609
2625 6839 957947
6839 41763 218
41894 8603 255892
8603 2891 357771
41895 47312 972764
41897 36789 950121
36789 10164 1000000
10164 31960 996817
31960 16209 757236
41898 49183 94
41900 21255 865
21255 27121 725556
27121 28384 760721
28384 43608 789666
41902 10751 58
10751 4498 1000000
4498 2367 1000000
2367 25654 60992
41903 35063 306391
35063 47147 972239
41904 8431 451
41905 13611 973
13611 16574 974634
41906 18808 821603
41907 2653 1
2653 48108 919322
41908 43135 689
41909 9459 1
9459 13143 909094
13143 2466 553458
2466 31912 537158
31912 47194 909009
41912 20711 814
41914 10409 973
41915 31268 776779
31268 24722 146
24722 20684 292843
41916 37817 905493
41917 9111 577379
9111 34136 641
34136 2391 16622
2391 6321 281889
41918 15001 596793
15001 39701 953884
39701 42580 934511
41919 41926 983903
41920 36615 982004
36615 41267 199
41922 32977 978050
32977 38799 583924
41923 43479 926105
41925 38315 179416
38315 7353 1
7353 5557 760395
5557 34702 300
34702 15934 970857
41926 48622 991651
41928 36917 530489
36917 9876 356
41930 32912 686856
32912 6962 58376
6962 25298 902726
41937 14851 10762
41938 49302 198636
41939 13070 929758
13070 33844 786541
33844 47359 891453
41941 15522 994362
41942 6878 959898
6878 32190 971215
32190 418 1000000
41943 4854 971553
41944 43250 448594
41946 40588 118
41949 26426 313
41950 49093 927
41951 33545 776483
41953 46898 131758
41956 11172 1000000
41957 45048 839650
41960 31794 11810
41961 30532 1
30532 15404 478
41962 15664 446
15664 20770 965580
20770 4565 606621
4565 11122 735
11122 1575 184996
41963 5222 13909
5222 40125 829
40125 26690 339
26690 47023 507047
41964 47747 190836
41965 2203 950192
41967 1794 596539
1794 31467 745
31467 35113 977301
41968 19954 949333
19954 25491 1000000
41971 14610 419
14610 13537 1000000
41973 3377 74771
3377 21429 677
21429 2214 867386
2214 18296 253416
18296 26162 613
26162 44923 1
41974 20276 1
20276 6656 1000000
41976 47036 463
41977 13300 584227
13300 14774 301
14774 37734 15599
41978 25800 250258
41979 39888 954773
39888 23492 985927
23492 32388 1000000
41980 29627 190054
41984 37568 931340
41985 5576 963772
5576 47942 209363
41988 6650 909574
41989 18487 984
18487 33422 448037
41990 7470 146987
41991 47101 914479
41993 22463 1000000
22463 16048 498598
41994 11865 1000000
41995 397 21
397 30822 206944
30822 41921 829682
41997 37014 1000000
41998 30336 418935
30336 13087 933803
13087 24518 497529
24518 42957 933440
41999 477 922050
477 20068 986264
42000 18932 35136
18932 46099 993245
42004 27654 787661
42006 42434 1000000
42007 30615 139
42010 32845 875598
32845 25333 1000000
42011 21598 209
21598 49200 648866
42012 9441 410427
9441 33415 1
33415 31374 1
31374 20585 831552
20585 42739 1000000
42013 41491 123609
42015 21649 907488
21649 16876 270770
42016 30521 982175
42017 22686 634824
22686 43689 964437
42018 39435 955881
39435 6905 243528
6905 1121 983132
42019 41223 159567
41223 47196 940474
42020 4298 365049
42021 36222 500
36222 23691 965940
23691 40810 617
42022 44752 994351
42023 39375 1
42024 43272 524933
42025 26608 902137
42027 30434 979407
42028 44109 265019
42029 33992 803
42031 33879 864
42033 16638 662814
16638 39011 956756
39011 10779 903714
10779 14242 981909
14242 21780 813438
42034 47930 918854
42035 14466 948
14466 11065 432290
11065 23233 556491
23233 15651 430192
15651 24685 988740
24685 7862 994077
7862 26737 349590
26737 43925 302268
42036 27872 1000000
27872 4571 808157
42037 17430 788174
17430 39247 37
39247 29397 575
42039 1399 925992
1399 37394 921977
37394 25749 987444
25749 18398 960393
18398 47780 756931
42040 8883 984221
42041 14425 961672
42042 974 802
974 10526 1000000
42043 5249 527
5249 45975 992530
42044 47530 421452
42045 42861 495
42047 34547 412331
34547 40773 940414
42048 900 543443
42049 19874 996417
42050 16288 682904
16288 33551 902541
33551 31884 1000000
31884 18312 986460
18312 22671 1
42051 38842 624
38842 20521 927266
42052 45972 123914
42053 13892 900217
13892 9706 908922
9706 19219 419699
19219 44499 800
42054 30891 667534
42055 31645 612926
42057 7686 1000000
7686 2691 940591
2691 21980 829107
42058 49021 1000000
42059 35104 727648
42060 36897 1000000
36897 35698 640875
35698 29036 924774
42062 7953 942504
7953 16836 486751
16836 11013 365968
11013 42651 922843
42064 17976 949339
42065 40828 419
40828 45429 1000000
42066 9904 1000000
9904 2783 412120
42068 31579 915532
31579 39328 236
39328 15051 916
15051 12389 1000000
12389 49202 935921
42069 25037 904169
42071 12360 268
12360 29496 1
42073 26879 890
26879 33563 762
42075 40184 856
42076 8490 975825
42079 7665 737639
7665 31095 330126
42080 29007 278991
42081 34375 1
34375 44983 470229
42082 12085 911288
12085 33718 934163
33718 34047 933141
34047 21519 1
21519 9083 929997
42088 49543 984101
42089 40216 982087
42090 25069 584295
42092 382 627645
42093 39012 335493
42094 11097 241
11097 45039 962851
42095 48122 970938
42097 5457 966244
5457 29053 247
42098 32601 750422
32601 22399 482616
22399 41464 488
42099 40554 919673
40554 32823 913259
42100 10876 991562
10876 23660 913176
42101 46245 981023
42102 47235 1
42103 31840 936989
31840 45883 644
42104 10389 925934
10389 9449 997
9449 21914 1
21914 43965 959192
42105 3635 421
42107 10387 192278
10387 49476 1000000
42108 29717 235905
29717 19294 630
19294 27204 84097
27204 43373 946720
42110 22591 918973
42111 26364 810397
26364 11525 938424
11525 44239 502
42113 43994 477400
42114 26049 921088
26049 47057 61
42115 49552 991118
42116 6665 1000000
42118 44468 321663
42119 45460 185502
42121 49281 1000000
42123 41784 1
42124 28925 220936
28925 13773 884559
13773 10915 1000000
10915 27638 575
42126 26738 959660
26738 31410 719508
31410 36098 968555
42127 11421 975
42128 48696 941730
42131 43800 348400
42133 918 131664
918 46419 133936
42134 3683 958232
42135 38540 979142
38540 38854 942955
38854 7227 1000000
7227 40142 218
40142 9851 966417
9851 24003 825
42136 14006 900590
42139 74 950578
42140 47610 571391
42141 28706 910659
28706 5661 908052
5661 1517 93
1517 5210 924782
5210 20677 454009
42144 20373 1
42145 46000 506013
42146 37110 978453
37110 12747 777204
12747 27947 456
42147 16933 823518
16933 450 339870
42148 25302 910361
42149 41022 751159
41022 12054 988524
42152 3569 715003
3569 19956 909409
42154 7597 1000000
7597 3551 923011
42155 3106 949687
3106 42280 904539
42157 13786 18183
13786 42494 671
42158 30833 582855
30833 34958 935003
34958 25036 915767
25036 49622 1000000
42165 29642 968278
29642 22919 672616
42166 3483 963762
3483 1106 348
1106 36416 911365
36416 47633 854397
42168 38146 146
38146 44854 1
42169 28002 958
28002 43379 582613
42171 11982 1000000
42172 16352 390
42174 45140 324257
42176 24987 982515
24987 29859 981010
42177 44847 274
42178 40120 165760
42179 39039 928476
39039 3538 923418
3538 20630 699529
20630 37881 159119
37881 14527 976960
14527 41225 1000000
41225 46106 571715
42180 10858 428232
42184 36175 970710
42185 26235 938426
42186 2967 929592
2967 38510 944338
38510 36434 1000000
36434 49555 966768
42187 39494 939241
39494 24793 987585
42188 14271 68333
14271 730 930778
730 31201 304
42189 22822 233778
22822 6207 1000000
6207 6939 1000000
6939 25914 1
25914 39081 232
39081 38469 1
38469 22904 681464
22904 43139 846177
42191 20315 925667
20315 33595 196
33595 6309 100
42192 7918 992467
42193 13492 571657
42195 41187 930263
42196 7818 957515
42197 37602 935403
42200 4562 973356
42201 1124 16848
1124 5924 232297
5924 32750 663527
42202 23608 1
42207 10081 973559
42208 10869 450
10869 16139 1
42209 31120 100163
42216 26636 524
26636 22995 971609
22995 15227 274
15227 6774 743
6774 29039 1
42219 16293 234828
16293 47562 1000000
42220 9482 732172
9482 46826 1000000
42221 37076 1000000
37076 41333 924953
41333 30091 624713
42223 26126 897586
26126 6067 175
6067 1428 885601
42226 39989 573
39989 23227 258
23227 43280 35287
42228 44785 901817
42229 33981 1000000
42230 6515 918765
6515 2945 963044
2945 28662 573612
28662 42836 281
42233 37987 997664
42234 40955 899248
42236 35583 991
35583 39736 1000000
39736 13776 930231
13776 33249 994180
33249 41972 1
41972 31143 714123
31143 8296 789
42237 9497 644194
42238 26609 207495
26609 3282 624
3282 42619 789612
42239 37720 585263
37720 6663 1000000
6663 17574 852982
17574 32094 657503
42241 33982 421
33982 20014 892
42243 17963 1000000
42244 26389 978126
26389 32815 848082
32815 23075 992181
23075 24312 260556
42245 39254 97083
39254 49254 1000000
42247 33991 878
33991 5584 798844
42249 47336 698242
42250 5651 968301
42251 3482 159288
3482 37321 322
42252 36098 918167
36098 23515 920325
42253 14496 178722
14496 46873 1000000
42255 47213 379466
42256 25105 900479
42258 41931 940997
41931 29327 195364
29327 48654 908828
42259 46647 660811
42261 2671 200869
42262 9196 389809
42264 28950 169
28950 24970 912938
24970 46474 297
42265 10445 624208
42267 4018 925642
4018 22597 516999
22597 25630 551953
42268 1011 1000000
1011 2321 762330
42269 40011 1000000
42271 41071 1000000
41071 21265 287
21265 9063 989785
9063 32320 882276
42272 113 968754
113 7093 624
7093 32090 530808
42276 958 352501
42277 30648 1000000
42278 30501 512536
30501 46254 798418
42279 35903 676
42281 33820 1000000
42284 33620 949510
33620 42167 1000000
42167 12787 895
42286 41127 1000000
42287 41097 930763
42288 6359 916398
6359 5556 1000000
5556 30301 317836
42290 8377 1000000
42291 31198 713
31198 21039 629637
42293 43508 482
42294 31128 976154
31128 31995 887906
42295 11320 983565
42297 48167 986360
42298 34995 986272
34995 31041 623963
42299 19974 834899
19974 30210 752725
30210 27740 32491
42300 36712 1000000
42303 44086 997173
42306 34603 1000000
42308 5584 987339
5584 29273 758074
29273 22907 799
22907 8871 1000000
42309 17465 1
17465 14696 216877
14696 39281 649
39281 19793 696
19793 40174 907318
40174 21109 706118
42310 35623 975217
35623 46131 60034
42312 31445 945322
42313 26362 300
26362 35819 996364
35819 48663 734
42314 10646 932785
42315 32366 983934
32366 4107 944810
4107 37654 1000000
42316 18250 971523
18250 35935 339917
42318 39128 1000000
42319 43507 969858
42320 25056 789106
25056 22053 911227
22053 19002 40
19002 16891 348711
42324 47244 909780
42330 20591 305220
20591 732 750097
732 30872 913837
42331 48374 916493
42333 28409 956563
28409 29840 1
42334 2430 749008
2430 10811 924607
42335 5965 1
5965 15076 902
42337 30583 989644
42338 13481 966695
13481 46837 1000000
42340 41285 203332
41285 48485 515330
42341 5456 414286
5456 27616 977807
42344 23032 435
42345 7202 751098
7202 39981 1000000
42347 16263 847
16263 48090 821544
42349 45321 950588
42350 21430 772036
42351 26259 202686
42352 40701 550245
40701 15706 939240
15706 3134 554
3134 48094 639007
42353 6875 967822
6875 1198 522868
1198 46008 944518
42354 4583 561
42355 801 951285
801 49105 1
42356 44893 679357
42358 5863 971698
5863 6450 371461
6450 47629 674
42359 12434 1000000
12434 46276 922741
42360 5752 365
5752 24330 834666
24330 8138 391963
8138 24241 934429
24241 26237 462
42361 33722 116148
42362 23478 968152
23478 19729 822936
42363 26774 995853
26774 44224 902317
42364 38230 909320
42365 12641 1
12641 11096 912961
42366 23397 490
42367 6321 387681
6321 2975 210586
2975 35811 961014
35811 14698 937990
42369 30172 792
30172 21150 251230
42370 41357 935406
41357 36319 155
36319 32681 147301
32681 30464 760977
30464 14666 778024
14666 41040 886
42371 10688 478
42372 40999 227164
42374 18775 486226
18775 15911 346732
15911 45751 1000000
42377 25051 500552
25051 23569 336013
23569 27576 429975
27576 14738 1000000
14738 47777 197
42379 8153 1
8153 49145 551216
42380 5460 643
42381 47273 934976
42382 26973 986262
26973 34631 803655
34631 15700 930349
42384 36903 926590
36903 25057 920476
25057 5937 930009
5937 19332 83
42385 8556 960950
8556 20883 969785
42386 42981 997522
42387 10409 949253
10409 3194 1000000
42389 22402 973575
42390 21109 192117
21109 17792 739
17792 16016 987445
16016 45942 986055
42392 35083 441
35083 42342 945333
42342 22543 1
22543 46970 963693
42397 26258 701323
26258 44787 236492
42400 14136 975351
14136 11413 949541
11413 9673 999152
9673 14101 429
42401 39844 955242
42402 36276 1000000
36276 7115 1000000
7115 31835 46418
42403 13802 903276
42404 6298 1
6298 11240 1000000
11240 25691 496019
25691 11081 606094
42405 18206 718
18206 46666 833638
42409 8263 58249
8263 42664 348
42411 21373 889
42412 21112 926200
21112 47950 729953
42414 24326 940710
24326 17122 933157
42416 38078 865320
42419 10597 194
42420 14455 1000000
42422 885 1
42423 27361 943119
27361 27119 998284
27119 30147 849
30147 24104 1
24104 16773 984960
42424 27732 1000000
42425 29732 929065
29732 24943 764
24943 37396 961522
37396 26871 705
42426 5026 53754
42428 34950 100
34950 36133 1000000
42429 45108 127131
42431 11611 1000000
42432 17963 126
17963 19809 1000000
19809 12175 1000000
12175 45742 959790
42436 24508 427269
24508 25076 1
42437 44670 531925
42440 48231 989
42443 42523 959693
42447 15976 75
15976 10796 573786
10796 28596 923825
28596 1640 440038
1640 45069 332492
42449 27761 911368
42451 40996 991955
40996 42681 322637
42452 19071 1000000
19071 2787 442168
42454 24205 138975
24205 40129 19762
42456 46638 525976
42457 9055 922069
9055 17138 155073
42458 23879 103913
23879 22304 206871
22304 1424 986614
1424 44944 444647
42459 17273 617038
17273 12650 508
42460 21399 773
42462 24645 814435
24645 24237 870929
24237 656 999883
42463 10064 628161
10064 48712 349
42467 6018 455694
42472 7789 239
7789 5050 1
42474 32931 59
32931 35903 1000000
35903 40865 859242
40865 34114 904028
42475 32651 987764
42477 13460 955637
42483 49117 930994
42484 48938 855991
42486 30169 995746
30169 5266 935832
5266 9367 955844
9367 41182 484210
41182 5756 931558
42488 38739 69569
38739 11848 564445
42489 3508 1000000
42491 6077 197
6077 39410 949429
39410 39811 908595
39811 338 910731
42492 792 995396
792 37053 997372
37053 9872 158
9872 25371 704567
25371 6418 219867
6418 23993 1000000
23993 20458 974866
20458 22437 977774
22437 21245 1000000
42494 10811 1
42495 40218 746947
40218 22183 198751
22183 3979 947553
3979 16114 130
16114 32880 538
32880 37566 228
37566 3473 729623
42496 40925 27885
40925 11421 972378
42497 21413 982812
42498 27717 1
27717 22771 979746
22771 35006 608
42499 36322 959
36322 40800 1
40800 37337 797356
37337 23735 195
23735 43937 998003
42500 34957 543454
34957 25539 147
25539 22018 179014
42501 12512 946051
42502 7712 900726
7712 20994 949004
20994 1449 47787
1449 1682 20659
1682 12650 719301
42505 4981 829088
42508 46931 789781
42510 35051 987688
35051 47506 452767
42511 49352 1000000
42513 29139 398282
29139 15554 602588
42514 11191 140761
11191 37604 937
42515 24388 949583
42516 22939 919938
22939 33069 504114
33069 4155 995549
4155 21657 45014
42517 35648 377953
35648 37742 830
42518 7692 935044
42519 37804 261068
37804 483 1
42520 47148 436910
42521 5240 882738
42522 618 501831
618 47421 1
42523 10642 1000000
10642 11620 980638
11620 46850 327
42524 41874 982296
41874 1551 950132
1551 936 799376
936 34625 108040
34625 37968 797932
42525 18023 225964
18023 21579 906558
21579 47975 967866
42526 12352 914758
12352 7838 493715
7838 27 918644
42527 49726 253533
42529 19663 929079
19663 2543 1000000
2543 30045 481
30045 40471 666370
42532 27099 937977
27099 1817 795578
42533 39352 323
39352 17 147
17 11001 998849
11001 42130 787
42130 39744 159
39744 45968 366
42535 3766 867049
3766 44170 967422
42536 48539 408335
42539 37618 968163
37618 3662 325610
3662 31424 1000000
42541 43346 457194
42542 17862 291
42543 10291 1000000
10291 3547 906687
3547 11299 988050
11299 3187 903858
3187 23802 794
23802 38372 998806
42545 49205 1
42548 12571 581
42549 12385 909602
12385 25301 624566
25301 4715 895137
42551 33616 993898
33616 30640 990930
30640 5650 1
5650 12001 106
12001 34456 1
34456 30043 674451
30043 33881 670505
33881 8194 903809
42552 283 985367
283 11302 287288
42554 39083 1000000
39083 47892 614567
42557 36826 281
42559 46613 70
42560 22261 944957
22261 49606 939100
42561 14743 144
42563 10890 299073
10890 8938 1000000
8938 11409 241
42564 20774 45
42565 46732 275560
42566 8104 156047
42567 14213 958
14213 16574 173
16574 47309 994713
42569 5493 141
5493 40403 398757
42571 7489 509537
42573 48637 966926
42574 46019 148525
42575 31297 439975
42577 17913 996770
17913 1108 982466
42579 42828 959231
42580 26546 1000000
26546 3502 951339
3502 44733 914315
42582 20388 33
20388 969 977717
969 43854 539
42583 35605 945779
35605 38273 424937
38273 44925 609
42584 26336 297
26336 36633 883057
36633 2827 967349
2827 44559 299522
42585 12834 759995
42587 48378 548401
42588 3549 933004
3549 29816 381885
29816 4429 950297
42590 41780 904195
42591 24345 363315
24345 19791 691151
42594 11653 856465
11653 21142 989935
42595 48972 113
42600 29582 244508
29582 3507 295957
42601 17195 900589
17195 14040 990454
42603 15231 586434
42605 12593 911444
42606 36460 976379
36460 29646 876508
29646 44611 426
42608 43114 932674
42609 5478 451382
5478 19342 985048
19342 24717 929149
24717 28660 933410
42612 20997 290
20997 37410 927732
37410 8429 269
8429 27689 906606
27689 6297 1
42614 17212 639137
17212 45021 227
42616 20861 938050
20861 45501 621
42617 1501 185725
42618 44982 951546
42620 26421 776474
26421 46658 280
42621 33028 937224
33028 48942 700493
42622 40999 529051
42626 23389 725
42627 30368 474
30368 46164 915920
42629 34951 932179
34951 30418 603
42631 16209 983729
16209 17678 591539
17678 36760 562383
36760 29179 913913
29179 32433 515961
42632 17676 13173
17676 44602 988630
42633 37462 303828
37462 11757 248777
11757 38034 938114
42635 47737 55841
42637 1962 458327
42638 42678 30503
42640 20542 787310
20542 1212 963042
1212 765 979854
765 44373 775339
42641 2215 99842
42643 3546 117259
42644 41087 748354
41087 1516 670
1516 21939 1000000
21939 1400 1000000
1400 108 953462
108 35621 1
42646 16003 351
16003 27731 6698
27731 20744 1
20744 16739 792129
16739 42971 912782
42647 1733 947
1733 20481 944217
42649 33719 1000000
42651 42955 418386
42652 8291 1000000
8291 39545 1000000
39545 20557 922720
20557 21678 990858
21678 23301 950345
23301 27644 1
27644 15599 956464
15599 23371 312
23371 23570 1000000
42655 26914 989272
42656 27240 46092
27240 4551 486
42657 38197 904437
38197 22130 289332
42658 24090 968055
24090 24574 1000000
24574 33913 743695
33913 48583 82417
42659 31701 350393
31701 1912 561
42661 15964 466495
15964 6550 447527
6550 48821 27
42663 21327 975958
21327 40881 871240
40881 1450 941721
1450 16866 1000000
16866 28272 924592
42664 23020 948808
23020 46371 687159
42665 22173 749
22173 24101 372762
24101 17392 507
17392 24617 1000000
24617 46844 962170
42667 25129 814689
42668 45063 985054
42670 24161 83
24161 37235 169
37235 35112 175
35112 30484 857451
42672 41110 728969
41110 13508 914601
13508 10898 460063
10898 6519 955991
6519 44785 507
42673 47603 667752
42675 21747 918800
21747 36133 16923
36133 30416 347460
42678 27930 339
27930 30804 331254
30804 21271 719907
42679 40153 563187
40153 18889 938952
18889 17961 926369
42681 18880 833032
18880 29500 220656
29500 35280 222083
35280 3151 1
3151 15239 965426
15239 8363 896705
8363 11640 986934
11640 8833 98
8833 30643 804
30643 35884 344
35884 13867 1000000
42682 22152 223098
42683 26632 904761
42684 17798 905968
17798 36210 881331
36210 49055 458326
42685 18447 986118
42686 6991 264144
6991 24012 707
24012 17904 1
17904 33468 915386
33468 28121 947722
28121 2474 1
2474 12940 945721
12940 25867 389345
42687 20498 854
20498 29032 462
42688 26468 970653
42689 9638 477268
42691 37936 911316
42693 39016 978411
39016 37146 409055
37146 22767 582308
22767 46369 1000000
42694 44050 949803
42695 15553 995082
15553 28282 1000000
28282 2948 607
42698 23618 436382
23618 49451 207
42699 38230 472
38230 39169 915403
39169 11280 382450
11280 39558 970720
39558 43706 1
42701 38884 62
38884 29745 974672
29745 12856 1
42702 36357 106
36357 34656 461
34656 9355 657
42703 28870 968636
28870 36378 269418
36378 16324 325863
16324 8412 494599
8412 7607 923370
42704 45143 903827
42705 21091 980045
42709 19824 981819
42712 27504 1000000
42715 45583 197508
42716 46528 976849
42718 24794 1000000
24794 8866 936097
8866 41969 905047
42719 38550 901052
38550 42803 933200
42721 44604 944758
42722 42194 485680
42723 40535 455
42724 418 972
418 18887 405966
18887 20302 154087
20302 20572 180924
20572 37799 702937
37799 46395 946700
42725 35699 309848
42727 10855 976067
10855 15603 984747
15603 44416 959
42728 29805 1
29805 8317 356239
42729 33464 176
42730 20710 689690
42732 15735 1000000
15735 45510 455262
42734 42971 543053
42736 21221 612622
21221 12509 296431
42738 16628 983349
16628 9796 43
42739 46587 746323
42740 4578 995
4578 13124 1
13124 6206 905211
42741 17213 933
42742 15948 931267
42744 34056 702113
42745 3989 460
3989 21394 923655
21394 17687 143154
17687 215 584
215 38374 275
42751 46547 1
42753 35940 362587
42755 9615 978505
42756 29360 47918
29360 29858 988924
29858 34870 277643
34870 13756 414068
13756 24699 952457
24699 1032 69237
42757 41226 126213
41226 44095 974593
42758 8981 782
42759 5460 168706
5460 47170 423
42760 3962 276
3962 15952 815
42764 38892 759867
38892 33345 442
42765 44618 775
42768 15089 1000000
42771 11877 240940
11877 29998 235987
29998 4445 601982
4445 29402 739
29402 41043 1000000
41043 27430 997397
42775 44022 377235
42777 35867 859
42778 30382 370593
42779 28680 206457
28680 45919 1000000
42781 10464 1000000
10464 34496 981646
34496 14775 963283
14775 48714 358
42783 23495 949777
23495 23404 980795
42784 29372 1000000
42785 8462 354770
8462 16112 376778
42786 5264 980773
5264 19727 994148
19727 47684 909233
42787 45719 10145
42789 10171 921769
10171 37027 936800
37027 42772 1
42790 11221 975296
11221 21380 775765
42791 28841 916
28841 10936 937483
10936 34959 932466
34959 12625 920404
12625 45808 478
42793 17613 818402
17613 13824 492641
42794 11003 391963
11003 28467 778305
28467 14702 233364
14702 12328 350981
42795 46755 975338
42796 3611 355332
42798 3119 906353
42799 7332 710257
42805 8935 1
8935 23925 580577
42806 13137 468914
13137 13247 916647
42807 5375 521935
5375 21666 158027
42808 29883 577632
29883 30346 950048
42809 21899 928377
21899 37309 1000000
42810 26051 209202
26051 7504 760036
42812 4066 487555
42814 11452 383069
42815 37471 1000000
42818 14300 952178
14300 5555 825
42819 6595 930705
42821 952 579
952 33846 314
42823 1601 819042
1601 33809 896670
33809 36997 973168
36997 38257 1
42826 39189 723278
39189 30735 174456
42827 13109 604095
13109 41896 831955
42828 36184 1
36184 32662 780
32662 23755 1
42830 28324 909130
28324 11021 768355
11021 20424 996196
20424 15404 928953
15404 25233 202
25233 524 638339
42831 39621 992808
39621 15158 985900
15158 41491 40
42833 28402 1
42834 2527 1
2527 25076 945914
42835 17190 1000000
42836 16394 553184
16394 36945 966549
36945 19157 158964
42840 5044 941108
42841 48064 787
42842 39347 273886
39347 33337 13873
42844 26565 983920
42845 5812 715875
5812 33119 773054
33119 13537 917941
42846 42817 953405
42848 27656 1000000
42849 30302 353
30302 49563 183543
42851 12142 434113
42852 35625 433501
42853 34798 819
34798 6386 929
6386 15789 993977
42854 36326 878025
36326 12920 666701
42856 22429 1
22429 40847 628
42858 37326 1000000
37326 6732 1000000
6732 38936 113938
38936 22947 507
22947 3775 165495
3775 22888 653747
22888 25148 1
25148 46099 933765
42859 35271 1000000
42861 36895 342043
36895 661 163069
661 22827 359
22827 13855 1000000
13855 19007 218568
42862 14895 269
42864 27743 611
27743 18301 28002
18301 48380 745
42865 44832 904411
42866 5663 644
5663 32888 613
42867 36137 84591
36137 42708 880
42868 24655 1000000
42870 45962 626
42871 25206 976
42875 41376 922676
41376 28272 6761
42876 39571 506804
39571 33547 273
33547 35002 576216
35002 12174 1000000
42877 16128 105875
42878 32148 691
32148 6927 141439
42881 42800 302897
42800 5146 973555
42886 6383 487234
6383 14483 261
42887 4738 954115
4738 46941 981012
42888 13484 645992
13484 49343 347185
42891 45562 1000000
42892 15930 914655
42896 8086 427956
8086 25921 134575
42897 16824 101698
16824 38916 931800
38916 30426 968718
42898 22163 1
42899 42435 949459
42435 26725 974308
42900 30704 808670
42901 43968 948940
42902 14639 906011
14639 18133 467
18133 34296 995423
42903 47179 970338
42904 37574 1000000
42905 11725 1
11725 37254 955102
37254 11199 673342
42909 28219 306026
28219 18367 750
18367 42839 971872
42910 49277 759444
42911 19772 572084
19772 2647 609423
2647 21495 219384
21495 30940 789
42912 32909 291
32909 38824 323776
38824 34494 617
42915 42972 915281
42916 3575 919756
42918 10358 1
10358 9972 915902
9972 15327 798864
15327 42217 797
42217 10129 152
10129 11434 228752
11434 27959 756955
27959 45859 86213
42921 11004 953543
11004 27617 1000000
27617 19464 998352
19464 15544 736521
42922 36701 481284
36701 30748 775327
42923 39442 192
42925 40608 979476
42926 25966 907267
25966 17980 150197
17980 487 67
487 9531 1
9531 14218 963363
42928 2202 971424
42929 10341 991705
10341 36063 979097
42930 29099 508
29099 23574 85104
42931 3495 77
3495 5749 724891
42932 22603 957045
22603 26176 785288
26176 19407 1
42934 16745 50958
42936 4744 909187
4744 25780 310098
25780 47652 634
42941 42470 955441
42470 19789 1000000
42942 24565 981657
24565 38787 503
38787 45981 34979
42943 14037 1
14037 17293 161901
42944 20279 488086
42945 12751 486035
12751 47740 651541
42946 14107 414
42947 23136 980936
23136 39017 288922
39017 15574 1000000
42951 69 696763
42952 35507 519987
35507 7029 1000000
42953 31735 907510
31735 7777 1
7777 2486 974740
42954 2677 668
42956 34687 1000000
42957 27913 982508
27913 18749 863272
18749 36139 848618
36139 27510 663
42964 11335 1000000
11335 22280 376674
42966 8735 928366
8735 19042 948005
19042 46149 1000000
42967 1528 11
1528 1650 398235
1650 18981 977299
18981 16268 748696
16268 45199 820
42969 35 532
35 41210 263
41210 7759 360346
42971 15462 945654
15462 8443 657053
8443 25400 942330
42972 40110 686
40110 33278 1000000
33278 43023 489086
42973 41138 778818
41138 33566 933747
33566 5872 186169
5872 8815 748
8815 11497 952109
42975 39920 8542
42976 45430 428
42977 24108 741030
24108 45867 918223
42980 42002 940253
42002 22129 524277
22129 28048 846
42982 21577 691
42983 38841 970535
42985 7092 1000000
7092 27399 951328
27399 32112 998366
42986 32533 380937
42987 37216 142
37216 6396 846755
6396 19209 948200
42989 12706 951203
12706 31889 882211
42990 49442 943181
42991 11864 310346
42993 45521 1
42994 34824 538
34824 40770 253
40770 39723 497306
39723 48713 1
42995 14198 309
14198 33467 537
33467 35998 994494
35998 21701 954405
42999 6870 910611
6870 2836 1000000
43000 24186 1
43001 10596 506610
10596 34312 914
43002 43591 440357
43003 7942 528597
7942 26594 1
26594 40315 574
40315 30416 778800
43004 21438 77052
21438 44397 939
43005 12147 993915
43006 14442 135
14442 28129 959966
28129 11577 969943
43007 13609 949887
43008 23936 936
43009 8598 1
8598 24776 491
24776 48292 186
43010 20208 33
20208 21498 56377
21498 23995 830
23995 5553 626616
5553 3957 995041
3957 11871 868
43011 26781 841834
26781 47914 913
43014 8090 599
8090 31815 341499
31815 911 1000000
911 4941 103404
4941 49634 914083
43015 9829 490
9829 4486 369838
43016 4271 321
4271 1254 532814
43017 40863 1000000
40863 45749 25973
43018 5714 929759
43019 7292 109055
43021 30470 55
30470 18238 727643
43022 22462 95
22462 37806 822645
43024 10866 124653
10866 48653 913328
43027 15608 397
15608 14691 893
14691 33904 917415
33904 33960 371545
33960 20987 925350
20987 5802 972783
43029 1931 210929
1931 7884 277
7884 49345 50301
43032 19893 12
19893 10813 464
10813 2536 212472
2536 19011 87683
43033 37470 979059
43035 43797 947915
43038 24939 904
43040 39386 77358
39386 29652 936180
43041 40748 946418
40748 15478 1000000
15478 19293 959025
43042 42700 949525
43043 2673 908166
43044 22205 862208
43045 16245 359
16245 1426 588
1426 10120 975042
43046 39140 978847
39140 11411 1
11411 8930 436
43048 3963 484827
3963 35940 18823
35940 35480 993
43049 20481 969007
43050 3316 802500
3316 22241 971506
22241 17651 940639
17651 2159 832894
2159 20430 1
20430 1746 321873
1746 18122 1
43051 28378 731952
28378 1615 953070
43053 23330 1
23330 27538 978288
43054 42091 1000000
42091 38026 368
43056 35805 177008
35805 29526 978724
29526 28788 862211
43057 44464 566
43058 40703 1000000
40703 23056 368
23056 28145 866
43060 19006 975699
19006 37833 1
37833 45156 951800
43061 34 719
43062 6647 978687
6647 43460 1000000
43063 23974 944843
23974 12736 994898
12736 30518 820
30518 37296 855291
37296 38418 1000000
43064 45899 732
43065 8945 474856
8945 13757 959997
13757 14185 920568
14185 9206 1000000
43066 31292 1000000
31292 28657 827029
28657 10118 790
10118 39682 914388
43068 38262 933683
38262 40628 823
40628 48016 148711
43069 39561 661637
39561 35719 649
35719 17145 25
17145 40707 924371
40707 47485 793270
43070 10074 1
10074 41311 933975
41311 19067 468066
19067 5651 103135
5651 46046 1000000
43071 28060 975543
28060 11856 990694
43073 33191 329459
33191 36566 822
43075 33276 1000000
33276 26505 912581
26505 15350 636136
15350 19209 980633
19209 15614 493
15614 31832 1000000
31832 10233 1000000
10233 38302 1000000
43076 4870 552492
4870 43125 1
43077 43103 878661
43081 16074 955720
16074 49677 1
43082 40210 1000000
40210 33043 358
33043 48340 775037
43083 34906 116313
34906 2245 1
2245 33259 85052
33259 12046 493545
12046 7638 1
7638 32677 305040
32677 38370 1000000
38370 3244 722027
3244 25291 988189
25291 23730 973795
23730 8937 999372
8937 23275 854075
23275 27094 912870
27094 45347 143
43085 49458 945845
43086 32372 986648
43087 49673 934431
43088 40426 232258
40426 47149 262
43089 41975 773
43090 8831 1
8831 8444 277738
8444 33483 920
33483 46901 973053
43091 35224 960825
35224 11412 285423
11412 33569 870700
43092 20951 958495
20951 42292 361331
42292 28854 1000000
28854 31747 172600
43093 43809 1
43094 7283 375
43096 12250 230299
12250 1656 984126
1656 1292 387
1292 48514 928456
43099 38921 911
43100 27055 555728
27055 14370 908922
14370 20740 961021
20740 38746 158
38746 11556 765531
11556 24795 932552
43101 39755 945078
39755 33702 923584
33702 45229 1
43102 7998 971983
7998 25534 64385
25534 43074 922216
43104 44000 1000000
43105 38327 917115
43107 47596 939664
43109 6456 922446
6456 44151 1
43110 39123 720080
43111 9419 168577
9419 33111 931
33111 14155 989004
43112 29919 1000000
29919 20056 975152
20056 5834 902395
5834 11139 78
11139 47033 973602
43113 12589 918792
12589 11483 539
11483 10781 701770
10781 7416 1
43118 11308 745979
11308 5665 459702
5665 503 645128
503 35334 1
35334 2755 924091
2755 9298 944740
9298 40814 1
40814 38766 11
38766 42063 136504
42063 37734 207
37734 32877 921617
43119 29177 585333
29177 14305 149449
43124 23887 113618
23887 17560 557206
43126 9061 909518
9061 22359 886962
22359 38890 729609
43127 22023 697803
22023 46856 982575
43128 48490 943847
43129 36429 852267
36429 36555 1000000
36555 37598 205
43138 32576 491
32576 33607 48555
33607 11889 929753
43140 44902 986475
43143 8787 1
8787 47488 996704
43144 4241 1000000
4241 7632 1
43145 27611 110
27611 38636 617061
38636 44644 921768
43147 39452 506987
39452 37745 920772
37745 11368 320156
11368 16777 931
16777 42257 382
43148 8667 933870
8667 26089 403572
43149 44292 942221
43151 23148 971238
43153 43158 993
43160 17794 792970
43161 26940 968347
43162 9113 936644
9113 5252 715497
5252 9455 131
9455 22660 999373
22660 2053 350
2053 42112 116461
42112 20343 765
43163 35420 944193
35420 3642 639
43164 12617 979864
43165 19678 16820
43167 33282 1
43171 37098 593891
37098 9627 342423
43172 28803 926661
28803 26259 88584
26259 46430 1
43175 12287 918088
43176 9434 653655
9434 31541 1000000
31541 46428 984465
43177 44392 740
43179 2932 116
2932 31887 542305
31887 23559 912149
23559 3120 944050
3120 41208 903062
41208 11188 933301
11188 36518 990381
36518 12004 989456
12004 3916 955672
3916 36151 544007
36151 42085 338
42085 37445 733368
43180 34994 1
34994 23453 345286
23453 25858 1
25858 2255 139
2255 11663 1
11663 12309 295037
12309 38783 768098
38783 9827 959933
43184 15179 974105
43185 3654 852649
3654 9382 902448
43186 11579 988088
11579 1795 1000000
1795 22139 449421
22139 29627 1000000
29627 13000 918952
13000 18018 714742
18018 38259 479387
43187 31316 912880
31316 24015 969369
24015 13383 1
13383 21161 409891
21161 38891 999880
43189 39239 908637
39239 19924 391216
43190 44371 758815
43193 33812 456679
43196 1425 131734
1425 12102 911
43197 21492 282
43199 26543 935732
26543 1669 652487
1669 44595 1000000
43201 27688 946103
27688 19573 540556
43202 26276 980038
26276 3357 534625
3357 30808 1
30808 19396 748
19396 45580 986182
43203 13194 526031
13194 11660 1
43204 11208 166
11208 37834 308316
37834 17731 993443
17731 27506 381051
27506 41053 130
41053 12394 313735
12394 5898 75306
5898 2281 9827
43209 48084 938498
43211 21128 691
21128 23055 1
43213 16564 985281
16564 203 641837
43214 15775 996995
15775 2458 908834
2458 30740 673
43215 35113 757
43216 2793 751428
2793 11928 933548
11928 46819 1000000
43217 40374 855
40374 24689 975136
24689 49018 293
43218 18373 1
43219 13483 976015
43220 5700 956118
5700 20180 1000000
20180 31865 178
31865 45022 240
43221 13359 963011
43223 44862 975705
43229 23232 947418
23232 37361 983892
37361 13937 1000000
13937 26426 923114
26426 26783 576326
26783 21527 979482
21527 10435 962751
10435 49426 1000000
43230 45165 801
43231 7927 1000000
7927 15426 451792
15426 27702 944628
27702 42446 322969
42446 21409 915743
43234 17689 733639
17689 41859 392
41859 5583 838
43235 21566 1000000
21566 17475 715
17475 2094 554
2094 10001 236218
10001 13391 901707
13391 2307 1000000
2307 7026 935686
7026 15221 906754
15221 17546 676808
17546 3545 434842
43236 46260 1000000
43237 23905 914474
23905 7819 1000000
43238 39815 1
39815 42913 672347
42913 1466 914017
1466 1811 335
43241 41205 232648
43242 49097 961
43243 30237 987880
43245 7586 965511
43246 35385 1
43248 34176 550100
43249 36581 125724
36581 48443 571
43250 40859 62
40859 21620 1000000
21620 25281 932
43251 48081 992147
43252 15656 567046
15656 19467 1000000
19467 9988 986485
9988 15900 965654
15900 48371 207
43253 21492 710165
21492 42246 554
43255 5637 169263
5637 29635 38
29635 23431 803
23431 23600 890623
43258 34146 1
34146 46423 951525
43259 22214 479
43260 42138 956280
43262 40197 972376
40197 22869 31832
22869 11779 989710
11779 43373 930751
43265 32749 1
32749 35967 110487
43266 23720 203
23720 42480 969124
42480 33145 825
33145 32676 446
32676 17871 149
17871 36973 1000000
36973 33330 855
43269 48753 947603
43271 8261 982828
43275 38243 357506
43276 30171 1000000
43277 41526 1000000
41526 17653 939207
17653 33562 642442
33562 7232 962814
43278 44636 702380
43279 13555 164947
13555 24630 978457
24630 46852 495251
43280 13056 907583
13056 30294 913226
30294 33300 519
33300 9795 239
9795 33950 970410
33950 37710 909042
37710 19358 1000000
19358 49442 978165
43282 31296 865603
43283 28777 435
28777 12999 765
12999 49555 251
43284 47446 257
43285 9570 1000000
9570 37198 306649
37198 43398 672
43286 39127 233944
39127 17924 133425
43287 20825 343
20825 8573 939023
8573 15689 1000000
43288 9373 780
43290 16419 458808
16419 39301 574
39301 6558 468
6558 46345 1000000
43291 5353 703
5353 36949 599765
36949 23400 1
23400 21785 903394
21785 13262 784
13262 8932 906259
43295 11630 909301
11630 43390 879
43296 19946 974540
19946 8376 995990
8376 26473 950
26473 17046 513
43302 16273 377
16273 29516 751
43305 32995 914251
32995 47196 183490
43306 13221 944947
13221 32356 447
32356 11081 1000000
43309 17386 825965
43313 18228 921124
18228 2734 329
2734 35013 388302
43314 14311 918
14311 25957 948615
43316 22217 926864
43317 40985 721839
40985 36500 355125
36500 21548 924796
21548 30058 895801
43319 42839 624472
42839 44008 915
43321 46129 1000000
43322 24423 1
24423 7607 780
7607 32218 432293
32218 16563 1
43323 24150 248
24150 32305 349
43324 25628 713
25628 30424 114324
30424 27911 614273
27911 41606 849034
41606 14854 1000000
14854 38948 839
43325 15119 561
43326 13594 1
13594 5735 1000000
5735 1117 1000000
1117 21670 771945
21670 22217 162249
22217 11634 455
11634 26838 900037
43327 31795 1
43328 17509 345
17509 31015 924124
31015 49635 480
43330 6175 548843
6175 7118 213
43332 44384 508
43333 8826 751341
43335 13616 970938
43337 8813 988781
8813 16353 1000000
43339 31943 1
43343 29336 401733
29336 42162 225
42162 31490 597266
31490 48541 957405
43344 48746 1000000
43347 24302 863748
24302 17193 935869
17193 41290 995999
43350 21322 512
43351 23598 1
23598 26724 987432
26724 6333 896216
6333 41603 162617
41603 17874 1000000
43352 15914 971575
15914 39298 927194
43353 682 1000000
682 22436 947783
22436 12319 1000000
12319 44901 1
43354 1621 948518
43355 25268 921248
25268 12877 672090
12877 35590 428612
35590 8006 902196
8006 1266 296928
1266 43438 970085
43357 8450 1000000
8450 9235 904909
9235 47590 677
43358 21132 939588
43359 20099 960438
43362 5793 548016
5793 45846 905599
43363 45826 972731
43364 45745 805993
43365 47223 816488
43366 40257 436311
40257 14310 1000000
43370 39205 911387
43371 39756 63
43373 23715 980
23715 20970 995068
20970 43023 925865
43023 17372 294735
17372 18196 67942
43376 26787 810
43377 39234 337
39234 38321 143607
38321 16494 578888
16494 6965 817712
6965 667 721524
667 40422 922230
40422 15276 941300
15276 14428 1000000
14428 44714 249
43378 3699 746621
3699 12439 937038
43379 22248 939191
22248 7613 950802
7613 4956 988459
4956 5203 1000000
43380 35859 949787
43381 25708 224
43384 4481 25609
4481 2832 909826
43385 3824 622
3824 24532 928701
24532 27168 708042
43387 23925 561
23925 47714 1
43388 38344 381836
38344 9975 569454
9975 28137 97430
43389 41072 466
43391 25161 732
25161 40640 990877
43392 43393 163
43393 16370 931425
16370 18497 360224
18497 11164 1
11164 41536 307796
43394 16482 907839
16482 31458 1000000
31458 3789 1
43396 41981 485162
41981 40567 82944
40567 37986 993150
43399 48244 236087
43400 48450 951647
43403 30275 1
30275 14845 1000000
14845 12903 800791
43405 23156 339546
43406 17917 704
17917 13146 403944
13146 31221 154
31221 13298 980417
13298 29104 874732
43407 2186 959982
2186 4059 593439
4059 33945 913919
43408 31070 930935
31070 39263 354
39263 4861 600740
4861 7711 946564
7711 104 953259
43409 20310 786335
43410 39581 983258
39581 4200 938170
43411 17303 759873
43412 41665 114963
41665 19885 986262
19885 12429 968766
12429 10583 1000000
10583 36340 752551
43413 1352 1
1352 32340 991453
43414 36600 911001
36600 29275 471
43415 19901 794189
43417 43173 1
43418 26317 460
26317 42937 831
42937 36186 370651
43419 36759 333868
43420 37604 356609
37604 2778 1
43421 3519 1000000
3519 39899 980692
39899 7763 957056
43423 39503 493
43425 13086 1000000
13086 42731 916369
42731 31192 1000000
31192 38745 828
38745 44868 942828
43426 1037 517
1037 13958 961274
43427 3032 573
3032 43025 1
43025 1301 910114
1301 36635 962833
43429 45804 924041
43431 30392 223177
30392 23097 958827
23097 34714 202789
43433 4942 229
4942 21543 663271
21543 20631 666947
20631 36645 177878
43435 30420 904016
30420 47611 991925
43436 38474 179609
38474 11999 914728
43437 45661 781603
43438 28098 567
28098 3100 597
3100 4759 949700
4759 8912 517016
43439 8528 932105
8528 18718 602392
18718 46555 24
43440 15460 892
43443 14142 115185
43446 18054 589174
43448 27494 992475
27494 45341 101794
43450 41372 554
43451 42003 1000000
42003 3606 194925
43452 9862 962540
9862 44932 926604
43456 32910 311923
43458 22410 506456
22410 1952 681
43460 21163 168
21163 38185 923999
38185 19796 641
19796 11671 1
11671 44346 160275
43461 15824 479
43462 2562 341488
2562 30376 758798
30376 2960 652046
43464 41523 751625
41523 7440 383150
43465 34178 943489
34178 29457 924656
43466 5148 1
5148 46503 180493
43467 45077 190012
43469 41910 528
41910 48975 346748
43471 46577 202286
43472 35362 818
35362 3173 724
3173 21964 129589
43473 26719 915872
26719 21743 1000000
21743 36830 934493
43474 14134 324
14134 17221 1000000
43475 3329 507645
3329 18183 969308
18183 42282 1
42282 20251 1000000
20251 7549 997274
7549 20972 127
20972 47831 916598
43477 49703 663896
43478 33764 202791
43479 7706 493
43480 45877 385
43483 12921 954540
43485 12765 1
43488 8840 971780
8840 44673 936439
43491 7172 188
7172 9528 1000000
9528 20806 1
20806 43224 678368
43224 29362 93
29362 37658 960
37658 40362 1000000
40362 2799 174622
2799 13672 304676
13672 29536 545101
29536 26429 920134
26429 49581 774523
43492 45331 918372
43493 16889 978842
16889 387 731
43495 40966 1000000
43496 9843 263
9843 6586 203286
6586 17976 1000000
17976 11199 781848
11199 3543 773737
43497 4563 1000000
4563 25461 969645
25461 17354 985545
43499 20217 9081
43501 11267 324629
11267 37418 173566
37418 42959 943249
42959 45060 180771
43502 28792 987558
43504 28492 918
43505 16112 1000000
43507 26480 33
43508 41204 703484
41204 3635 164514
43511 49230 493410
43512 47948 964294
43513 12977 942406
43515 47594 583388
43518 10938 594609
10938 40328 962582
40328 36648 179824
43519 4979 970739
4979 1833 1
43520 6130 1000000
6130 33401 245
43521 41826 927882
41826 27281 70488
27281 10465 387135
43523 8973 388961
43524 17386 862
17386 3794 483
43525 20084 179
20084 48835 33827
43527 21964 1000000
21964 35091 695981
43528 41369 330
41369 11756 625342
43530 2135 871345
2135 46176 100397
43531 33057 83101
43534 19612 49097
19612 10683 902647
10683 31366 968850
43537 34686 54
34686 35142 527007
35142 28049 977440
43539 24072 514
43542 14078 956078
14078 17220 754877
43543 30394 1000000
43544 48863 924211
43546 13106 957616
13106 2842 915299
43547 15062 766
43548 37289 930657
43551 8978 1000000
8978 45514 429
43552 18808 807944
18808 37488 1000000
37488 19277 984543
19277 32433 143190
32433 9947 860803
9947 46694 827
43553 29055 242
29055 4572 955523
4572 20129 943
20129 30528 92634
30528 36823 1000000
36823 29771 1000000
29771 13819 960730
43555 28317 1
43556 27305 1
43557 49166 1000000
43558 19601 910398
43559 47058 616003
43560 30076 617094
30076 39453 783
39453 3725 800305
3725 47856 949751
43561 30914 261314
30914 25016 359
43562 26107 257046
26107 19298 734592
19298 22332 529
22332 47352 263361
43563 4439 294691
43565 4670 775849
4670 18010 158683
18010 25300 905866
25300 17960 1000000
17960 5022 942721
43567 49296 304465
43568 34816 974484
43569 35726 324
35726 12478 1000000
12478 21459 76862
21459 163 783879
43570 23826 934387
43571 42981 1000000
43573 17452 958139
43574 138 688253
138 3474 1000000
3474 7788 946039
7788 22119 914633
22119 36384 7961
43575 13730 650902
13730 5054 242
43576 33106 1
43577 14678 556
14678 23177 953628
23177 6079 923060
6079 30406 293
43578 30237 438005
30237 2783 199
2783 31088 261729
31088 31926 906216
43579 18007 468339
43580 2884 1
2884 28644 298744
28644 42413 943513
43581 3064 951197
3064 40234 1
43583 40751 843326
43585 45283 842
43587 23766 296276
23766 30373 493694
43589 12794 997777
43590 26174 510
43591 41486 934407
41486 10613 972749
10613 28997 370
28997 11564 629603
43592 41001 612044
43594 8734 884
43595 10570 192658
10570 34278 953614
43597 1439 1000000
43598 10857 942693
10857 15764 721660
15764 3585 1000000
43599 11159 1000000
43600 37248 1000000
43601 34926 1
43603 12114 1000000
12114 23847 945445
43604 21312 62
43606 20702 1
20702 49085 1000000
43607 46293 963707
43608 22526 96
43609 40264 19
43610 36689 930
36689 424 1000000
424 15133 1
15133 11105 414
43611 9554 989163
43613 1270 921365
43616 49225 566
43617 21319 842610
43618 43067 769
43067 8121 634781
8121 17159 743160
17159 18983 971191
18983 638 251
43620 27325 936765
27325 22926 678936
22926 44326 961488
43621 38287 983791
38287 15291 14516
15291 28119 978033
43623 46231 946686
43624 44422 156226
43625 27658 371
43626 39657 498474
39657 10531 506
43627 22214 886
43629 14259 1000000
14259 40436 1
40436 10036 965
10036 13802 948514
13802 27202 975859
43630 41564 405
41564 1863 951932
43631 17799 1000000
43632 47203 141958
43633 41802 668
41802 38865 1000000
43635 1811 915448
1811 41415 934124
41415 26880 515836
43636 41214 1000000
43637 41831 987348
43638 28944 256
28944 18702 1
18702 48583 266
43639 5541 999188
5541 45844 650823
43640 49553 130282
43641 48070 621917
43643 37626 963796
37626 39920 916070
43644 32128 279
32128 24643 982
24643 32803 494501
32803 34224 411
34224 23580 767762
23580 16220 37
16220 24739 993754
43647 38938 374185
43650 15645 904060
43651 10130 948127
10130 10246 910640
43654 45052 923719
43655 44567 168592
43656 28316 904996
28316 13867 1000000
43657 40135 901
43659 15789 765614
15789 36881 786
43660 42776 980859
42776 10759 973945
10759 47942 216629
43661 34926 876569
34926 6016 929957
43662 46960 925129
43663 38404 554
38404 13438 352
43665 14537 47
43666 32121 113
43667 11930 199
11930 82 911
82 20480 258870
43670 43036 905461
43671 20383 918208
20383 6049 379140
43672 34379 17
34379 37731 1000000
37731 39075 134
39075 28343 1
28343 6836 566335
6836 48702 202019
43674 33790 351153
33790 11726 669260
43676 34258 818
43677 37951 1
37951 39009 949844
39009 4538 962963
4538 5779 194631
43679 39368 669
39368 29264 1
29264 39524 997457
39524 8696 212
8696 41450 939277
43680 9489 990884
43681 16362 934189
16362 38017 579249
38017 17496 1000000
17496 33251 918957
33251 19898 1
19898 45566 932
43682 22953 1000000
43684 194 684182
194 42767 1000000
42767 16826 945981
16826 13991 243718
13991 46576 1
43685 23115 943796
23115 14569 714
43687 25055 721
25055 23244 760
23244 1998 182
1998 20481 968174
20481 30138 1
30138 31322 1000000
31322 39395 767
43688 18850 1000000
18850 34104 306730
43689 49516 93142
43690 21463 205
21463 19924 931485
19924 40479 1000000
40479 27310 1000000
43692 28170 1000000
28170 48803 989649
43694 14129 1000000
14129 5382 1000000
43696 29082 1
43697 490 462074
490 2679 193
2679 26837 106917
26837 4480 872
4480 45279 924721
43699 10630 929349
43703 35750 992119
43705 21665 103875
21665 6591 932427
43707 35405 466
35405 19845 373639
19845 1052 756
1052 3397 975971
3397 19630 226466
43708 22102 444
22102 18473 176832
18473 18317 1000000
43711 7438 768240
7438 9376 953392
43712 30611 962329
43714 47111 934883
43717 31392 810292
31392 7570 916256
7570 26225 240
26225 15485 749456
15485 15902 992311
15902 25557 971322
25557 43869 723
43722 15464 883
15464 2915 921574
2915 9304 984421
9304 39240 980288
39240 24501 451
24501 38394 826158
38394 11428 530
43723 42378 934689
43724 15141 176219
15141 25127 1
43725 22556 923892
22556 45866 42308
43726 6932 294967
6932 42407 92
42407 18950 69730
18950 14390 187
14390 22043 694225
22043 22927 299607
22927 19737 501
19737 33365 694
33365 42346 792214
43727 26638 473396
26638 21204 932688
43728 4561 954242
43729 42817 149707
43730 37601 983847
37601 9073 604153
43731 21877 652541
43733 33643 10863
33643 39696 155537
39696 1807 976222
43736 15854 891
43737 25682 1
43738 18454 680328
18454 22148 934032
22148 20562 1
20562 5039 719107
5039 37071 984187
37071 3303 975251
3303 9450 301741
43739 20710 1000000
20710 20106 33955
20106 32107 977669
32107 6919 191135
6919 36031 1000000
36031 46060 586745
43742 6390 928285
6390 33931 362720
33931 28956 255498
28956 2685 634314
2685 46428 932436
43743 10397 461
10397 38846 732
38846 13996 1
43744 28127 904090
28127 35386 971157
35386 27481 988301
27481 6132 621305
43747 1428 937773
1428 11287 687292
43748 34893 940523
43749 2815 985318
2815 16930 289221
16930 9240 959405
9240 32207 533461
43750 29480 793867
43751 47257 925853
43752 8048 102903
8048 16500 583
43754 2586 300
2586 2902 349
2902 44971 975048
43755 3150 904276
3150 22402 989401
22402 33282 903571
43757 22020 1000000
22020 34894 573661
34894 46610 952
43758 37244 1000000
37244 40991 333
43759 39040 460999
39040 40027 465928
40027 16988 993271
16988 6697 965600
43760 7615 131475
7615 34418 487431
43761 35580 967619
35580 35860 383345
35860 19185 334768
43762 39764 895442
39764 14773 921991
14773 37005 911161
43763 49600 462921
43765 16226 1000000
43766 31152 905544
43768 8024 930462
8024 11282 918657
11282 48981 830
43769 677 966845
43771 34608 988246
43772 7901 901557
7901 46707 905570
43774 13326 1000000
13326 15660 260995
15660 891 1000000
43775 47107 365202
43780 1481 907713
43781 36675 988888
43782 41303 639180
43783 13549 780
43784 27255 926662
27255 36806 236674
36806 46392 708767
43785 4352 988456
43786 15167 600311
15167 48357 872
43787 8317 585182
8317 39874 1
43788 23259 857260
43789 47836 1000000
43790 35263 395967
35263 15574 6190
43791 39151 36
39151 29424 1
29424 9890 886028
9890 18486 175
43792 30367 917964
30367 24757 961331
24757 28375 965893
43793 7551 726
7551 46025 132762
43795 32186 928479
32186 5536 1
43796 48348 1
43797 42199 567
42199 14735 542116
43799 22413 922158
22413 46556 938199
43801 17512 951861
17512 24787 1000000
24787 18288 1000000
43802 47834 947772
43804 43529 961797
43529 24676 676276
24676 36109 938247
36109 40056 624799
40056 34244 380482
34244 25621 937603
25621 24219 978198
24219 43572 960034
43805 4138 380243
4138 961 199997
961 14331 911638
14331 33133 924342
33133 9041 1
9041 26624 943418
26624 43550 279958
43806 7470 546
7470 31284 638642
31284 41699 978709
43807 30768 71
30768 30328 455838
30328 40693 579157
40693 4798 981194
4798 7323 578898
43808 25894 433
25894 2537 422
2537 10439 269964
10439 22828 528767
43810 27357 132489
27357 22670 779637
43811 21906 953
43812 26442 137228
43813 9841 197219
9841 6750 1000000
6750 4703 764
4703 31050 38355
31050 17420 802330
17420 8955 918216
8955 28569 901647
28569 13952 104
13952 45757 964064
43814 41580 555
43815 29455 1000000
29455 840 18345
840 48348 721776
43816 34246 965746
43817 37193 987988
37193 30577 32847
30577 19236 1000000
19236 33776 935127
33776 10565 1
10565 22493 512
22493 41241 480978
41241 151 247
151 4099 894
4099 31424 943018
43818 47177 246
43820 10120 987535
43822 13404 1
13404 38390 23922
43823 40270 930467
40270 22492 533368
43824 48541 324923
43826 10379 1000000
10379 34726 453442
34726 5298 1000000
5298 35607 1000000
35607 20914 420615
20914 34863 955049
34863 10214 986119
43828 40336 250
40336 5706 877564
5706 15710 931709
43829 8497 57308
8497 29306 1000000
43830 25413 715
25413 41449 933660
43831 31747 523330
31747 44721 479
43832 46926 1000000
43833 40600 664841
40600 22934 548582
43834 2139 929153
2139 10515 393
10515 34441 981399
34441 13928 998208
43836 17762 871
17762 27829 808
27829 48229 805617
43839 6258 99150
43840 35235 171520
35235 39340 1
39340 23663 96165
23663 42434 31
43841 44512 191
43843 2408 967958
2408 45097 908736
43844 14874 90753
43845 9869 979
9869 41083 903077
43846 23271 629
23271 4423 620769
4423 12787 1000000
12787 15076 123982
43847 39256 944905
39256 24911 916071
43848 37010 345867
37010 18506 925290
43850 36636 926378
36636 2497 484
2497 47771 907218
43852 45157 266
43854 33318 1
43855 37464 338707
37464 25127 773
25127 48431 1000000
43856 4502 305
4502 2406 331287
43857 24225 127778
24225 31175 884864
31175 41568 701
43858 5854 649956
5854 12501 982793
12501 788 960754
788 16063 479
16063 18706 319969
43859 24320 1000000
24320 422 165215
422 35432 182976
43861 2002 592852
2002 32978 743653
32978 23001 854386
43862 35789 1000000
43863 18598 11427
18598 39170 616843
39170 29864 995837
29864 12243 381125
12243 26286 522457
26286 41929 150570
41929 31062 1000000
31062 21658 1
43865 46813 1
43866 7738 948896
7738 36875 967971
43867 39090 945187
43868 7590 995939
43873 47503 791564
43874 38499 919150
38499 19915 1
43875 20807 913890
43877 48426 989218
43878 31387 1000000
31387 29331 966233
29331 19395 926175
19395 33471 16
33471 40922 905585
40922 21205 848368
21205 8454 985741
8454 33248 777
33248 10203 974043
10203 9025 993531
43879 34552 166703
34552 33849 713276
33849 21646 927108
43880 37422 938460
37422 47082 993822
43883 2216 193777
2216 19621 810992
43884 17060 1
17060 26438 923601
26438 21206 442
43885 47695 910177
43886 8684 235093
43887 34561 362284
34561 12826 926302
43890 37533 1000000
43891 40998 584277
40998 30552 986916
43892 8720 966617
8720 38097 998436
38097 40626 842945
43893 32887 932166
32887 48061 946422
43895 12204 982867
43898 25570 1000000
25570 9521 956278
9521 44730 873200
43899 21942 1000000
21942 13604 1
13604 17318 958611
17318 12947 1000000
43900 49502 935801
43901 8757 209950
8757 9004 1000000
9004 45479 1000000
43902 26098 1000000
26098 3166 1
43903 20681 871
20681 33964 932167
33964 26485 1
43905 33511 912105
43909 17373 177
43910 21877 44
21877 7925 950901
7925 29319 914259
29319 15953 1000000
43911 17912 842844
17912 43533 169
43533 7989 990057
7989 5219 1
5219 29064 949671
43912 37219 956663
43914 12972 961407
43917 6776 430
6776 25730 979453
43918 6722 300
43919 36034 961123
36034 2392 904659
2392 1086 319319
43920 48461 115286
43921 47036 905189
43923 21601 1
43924 11461 281
43925 32375 949838
32375 15504 199
43926 35327 373808
35327 12153 1
12153 4715 857144
43927 30219 640
43928 9331 1
9331 16802 964652
43929 28066 118202
28066 11222 696791
11222 3137 224570
3137 30105 957934
30105 13819 126020
13819 23212 961935
23212 7755 1
43930 29015 50
29015 28979 460337
43932 17317 293979
17317 23754 943539
23754 9242 988039
9242 26977 949
26977 22396 221146
43933 36175 75
36175 33221 108
33221 47042 935186
43935 7234 430
7234 45891 950601
43936 2215 608217
43937 3000 649390
3000 24493 1000000
43938 6222 237337
6222 37481 973464
37481 31645 374603
31645 30405 1000000
43940 15162 976371
43941 36679 461
36679 29790 173535
43942 9838 344
9838 4352 507492
4352 34638 1000000
34638 1085 48
43943 44283 946348
43944 46503 1000000
43946 34833 300
34833 13507 303
13507 31512 84770
31512 39097 565018
43947 39660 997
43950 19994 907824
19994 19781 978629
43951 23296 986829
23296 277 67
277 37647 500
43953 47211 12
43954 13674 927453
43957 8139 923976
8139 27330 968009
27330 7525 241765
7525 6942 1000000
6942 23536 166
23536 16466 452
43958 3991 135294
3991 43522 654
43522 27120 808432
27120 39542 384189
39542 7706 954421
7706 41192 533116
41192 42628 905613
42628 9749 1
9749 43872 1000
43872 36162 631729
36162 8716 18629
43959 18496 993233
18496 2891 977577
2891 14338 766
14338 38680 860404
38680 47888 610258
43961 45166 219
43962 38190 900
43963 9796 990738
9796 22017 729
22017 22766 912837
22766 22967 428963
22967 24217 773129
24217 26115 1000000
26115 9454 924352
9454 40354 491808
40354 34495 145
34495 42797 664481
43964 36793 974722
43965 30910 1000000
43967 2728 983506
2728 26843 825
26843 19167 913509
43969 21024 574851
21024 45161 1000000
43971 20290 990
20290 17468 1000000
17468 11409 796847
11409 10081 82076
43972 39237 952075
39237 3948 951905
43974 38135 1000000
38135 8832 767077
8832 7821 385
7821 49150 878272
43976 1501 961744
1501 5194 1
5194 19765 989917
19765 34868 1
43979 27888 952735
27888 3749 389
3749 36148 58455
36148 8689 1000000
43981 28934 919398
43983 5554 929651
5554 34227 1
34227 32304 1000000
32304 15369 274872
43985 21135 540
43987 34321 910362
34321 40308 949124
40308 43154 925098
43988 18717 790257
18717 43210 796
43989 13956 883632
13956 26414 911610
43990 19789 673
43991 33858 962412
33858 4192 1000000
4192 32029 268
32029 5382 952983
5382 6840 1000000
6840 15683 68385
43993 1984 778752
43996 44012 661
43997 44225 1000000
43998 34160 247
43999 33129 258745
33129 2202 906595
44001 18066 687887
44002 44331 201
44003 30209 908
30209 49584 1000000
44004 17721 967443
44007 40739 993449
40739 33682 756361
44008 7007 969335
44010 39593 634
39593 2494 985717
2494 21257 1000000
44012 12885 372
12885 46578 991460
44013 1806 1000000
44014 4521 364531
4521 10153 1000000
10153 9192 1
9192 27335 842
27335 18957 608
18957 46769 917321
44015 9676 426
44018 21999 911751
21999 41735 56
41735 12630 396389
12630 41484 957070
41484 22573 704
22573 14576 923601
14576 7702 672091
7702 34731 592
34731 24690 334635
24690 27804 1000000
44019 49389 923452
44022 26424 272978
44023 49654 548
44024 21737 622
21737 33952 992066
44025 44447 4
44026 284 90044
284 4634 264435
4634 48973 955902
44027 48113 832015
44028 12947 1000000
44032 26910 993529
26910 25474 211622
25474 36583 932483
44033 46799 883076
44034 37470 1
44036 45645 712
44038 42963 1000000
42963 34698 102
34698 12558 960677
12558 46180 244618
44039 3225 104818
3225 25723 680677
44042 45156 978378
44043 26850 848410
44044 31630 691062
31630 17179 1
17179 33146 1000000
33146 10665 391658
10665 11631 938316
11631 26303 1000000
44047 47757 121382
44048 29982 990
44049 16683 1000000
16683 983 172252
44050 36328 1000000
36328 14918 92395
44051 30402 537320
30402 23980 215611
23980 14592 959934
14592 26113 994157
26113 8038 350729
44056 12972 469
12972 36871 1
36871 34446 911873
34446 31827 864947
44057 39350 920541
39350 11143 899684
11143 41108 344240
41108 34746 418243
44059 41678 93975
41678 1849 467074
1849 2737 443
2737 2561 976269
44062 14186 695218
44064 36182 1000000
36182 28848 640
28848 15503 240129
15503 4718 1000000
4718 11804 947508
44065 24911 1
44070 12358 699430
12358 43398 1000000
43398 12970 812
44074 150 236138
150 20786 1000000
20786 29575 907888
29575 28012 398
28012 17279 279
17279 11864 855338
11864 13511 520
13511 10274 1000000
10274 32556 1
32556 3511 1000000
3511 10450 1
10450 39469 1000000
44075 28102 551643
28102 25559 991323
25559 33948 904817
33948 1952 337470
1952 42323 95075
42323 45569 732769
44076 23368 962920
23368 13994 904579
13994 14546 253
14546 35396 583
44078 3939 928087
44079 36315 1000000
36315 44572 301915
44080 38750 122
44084 41533 905235
41533 44745 1
44085 49193 1000000
44086 29909 946543
29909 18342 406379
18342 23293 970749
23293 81 790563
81 1357 980496
44089 14598 436248
14598 46067 900
44093 48730 1000000
44094 7819 70856
7819 12929 932697
12929 30910 436
44096 33953 959429
33953 31092 318377
31092 10808 41
44097 9203 984884
44098 6003 910280
6003 44208 901854
44099 32106 88
32106 479 1000000
479 27016 1000000
27016 26660 408482
26660 39305 948657
39305 20511 293158
44102 38819 945718
44103 23459 61180
23459 2221 157912
2221 22859 933251
22859 14464 976489
44107 21206 1000000
21206 34937 725261
34937 32600 900509
44110 25686 976006
25686 45444 964506
44111 5685 942966
44116 31599 65179
31599 15334 996833
15334 41566 749998
41566 43800 215762
44117 6530 1
6530 3178 183624
3178 38247 339995
38247 8368 289
8368 12539 902528
12539 15794 494812
44118 45828 1000000
44119 21108 1000000
44120 41721 928182
41721 44155 495
44121 33630 593992
33630 47609 177260
44124 2443 996076
44125 39012 1000000
39012 1429 214
1429 44789 402606
44126 22177 385729
44128 16760 1000000
16760 35712 33310
35712 42406 945093
42406 16289 206
16289 10114 954232
10114 38943 905164
38943 49191 1
44131 9053 257341
44132 38113 267917
38113 8043 926393
8043 25753 349806
25753 32751 81781
44133 5091 925979
44136 43079 310440
44137 2798 983946
2798 31141 1
44138 42183 895
42183 42690 515
42690 8575 607777
8575 33150 972481
33150 31222 1000000
31222 12534 661718
12534 7814 954808
7814 42707 63177
42707 30818 392
44140 12729 798
44142 46525 164
44143 1345 173
44145 49195 905950
44146 44465 317270
44148 41827 635904
41827 43434 60421
44150 35182 847
44152 40884 950986
44154 39090 988755
44156 27467 505642
27467 27380 991550
44157 12961 1000000
44158 8201 978517
8201 20464 963872
20464 6010 988325
6010 3402 1
3402 46452 976658
44159 20423 814097
20423 41163 860617
44160 33165 878
44161 42596 524
42596 10560 1
44162 15755 249
15755 17305 1
44167 30017 1000000
30017 16501 722
44168 15869 11
15869 28817 826519
28817 16966 960974
16966 12212 960
12212 43336 245
43336 1225 976309
1225 9083 422803
9083 12555 38
12555 21110 967009
21110 42671 582
44169 48202 334314
44170 38706 921908
44172 22558 903892
44173 2226 963567
2226 39511 1000000
39511 25006 893433
25006 14301 231874
14301 45842 458
44175 26135 913929
26135 4026 970460
4026 25843 712
25843 28918 974312
28918 12821 521
44176 9102 999018
44177 31470 643477
31470 38441 907438
38441 19468 495721
19468 29235 961839
29235 23827 978873
44178 41099 779994
44179 1926 678254
1926 21212 969900
21212 35389 732276
44182 26753 247610
26753 195 78266
44184 3831 298
3831 46605 913510
44187 30493 981
44192 3980 63
3980 15218 1000000
15218 9072 535213
9072 39863 194926
39863 5240 919914
44193 32332 987136
32332 19516 22
19516 6917 910954
44196 44194 75
44194 13787 941308
44198 19305 991534
19305 15695 382343
15695 18159 959139
18159 39106 248424
39106 36154 1000000
36154 43968 1000000
43968 35487 1000000
35487 20558 374991
20558 19336 990631
44199 9255 131936
9255 22130 541406
44200 13215 514401
13215 25935 425992
25935 41296 754825
41296 42586 418007
42586 33876 199355
33876 32139 68
44201 34070 230670
34070 24338 124333
24338 42869 1000000
44202 12339 212719
12339 44029 166
44203 29844 194
29844 36106 474
36106 3431 57348
44204 31757 994178
31757 36132 465902
44205 35104 933075
35104 46501 282
44208 15642 956698
44209 8503 729
8503 5683 877550
5683 31978 246474
44210 5240 597
5240 36399 933738
44211 35470 1000000
35470 11290 924033
44212 36027 968484
36027 33869 948220
33869 42883 647
44213 29238 945988
29238 22177 905781
44214 11462 188837
44215 29496 303
29496 12818 1000000
12818 13762 525539
44216 40779 937201
40779 9923 330775
9923 32367 1000000
32367 27505 926654
27505 18691 1
18691 45830 949587
44217 11698 730612
44219 28858 909842
28858 8044 961391
44221 45722 233896
44222 18027 993198
18027 25236 954
25236 39493 1000000
39493 22375 933384
44224 30151 1000000
30151 6874 778839
44225 17969 337
44228 34032 814
44229 28601 902195
28601 37672 946340
37672 41711 276
44230 45011 279474
44231 41475 737313
41475 13133 963483
13133 18208 413
18208 43882 927716
44232 33629 942336
33629 15700 396116
15700 22746 827596
44233 27553 443045
44236 32865 697481
44237 5616 82
5616 43541 948149
43541 4141 670
4141 4911 1000000
4911 7284 648
7284 45306 917404
44239 5104 598947
44240 37858 19
37858 47352 920246
44241 15522 993
15522 2701 3648
44242 28899 88
28899 22422 681
22422 13767 1
44244 17831 930113
17831 48487 407
44246 10105 1
10105 12378 903040
12378 35183 651616
44247 22317 594391
22317 3694 928268
44248 45946 804
44251 20105 997311
20105 32894 578972
44252 4214 2737
4214 34400 227225
34400 3049 329968
44253 18977 478
44254 13297 947638
13297 1968 1000000
1968 39914 303
44255 6968 1000000
44257 19319 1000000
19319 8682 945609
44258 46553 708
44261 3990 528
44262 6696 1
44263 25334 922433
44264 26169 474735
26169 22163 843600
44266 47429 33
44267 46934 620
44268 22635 1000000
22635 9817 826342
44271 38282 954318
44272 8099 925104
44273 15473 109
15473 19153 1000000
19153 4285 152
44274 5050 426323
44275 13098 358
13098 4904 1
4904 16738 10969
16738 20678 1000000
20678 1461 604
44278 21516 807218
21516 45232 216034
44280 1475 616
1475 8745 147
8745 47319 1000000
44281 12423 283982
12423 37850 1000000
37850 33813 737
33813 28164 940169
28164 29671 907263
29671 30592 582310
30592 15480 966880
44282 32991 107879
44283 22551 436663
22551 15666 929145
44284 20269 284334
44285 43701 957
43701 27183 933963
44286 2347 797
2347 2091 1000000
2091 43226 1000000
44287 19630 572193
44288 13073 305158
13073 6141 988177
6141 26237 941563
26237 44108 524
44108 19616 999920
19616 19915 1000000
44290 1865 1
1865 12121 1
44291 43174 989275
43174 46435 294175
44293 38243 122010
38243 35647 37292
35647 8296 917250
44294 37043 951900
44295 5061 792
5061 6230 977649
6230 39431 928
39431 28055 974767
44296 46003 1000000
44297 44709 151211
44300 36950 915
36950 39284 937610
39284 47612 999938
44301 6929 911513
6929 699 962241
699 29447 418
29447 37342 63837
44303 16059 72
44304 48876 731152
44306 15489 964153
44307 48983 543
44308 7048 985175
7048 27138 1
27138 29990 1
44309 28515 966071
28515 2384 921270
2384 6210 902518
44311 20219 983343
44312 42813 616120
42813 48330 1000000
44313 22562 26897
44314 42639 603739
42639 34017 511
34017 42544 582307
44316 483 715915
483 28976 620
44317 12991 931702
12991 29066 319708
29066 10530 1000000
44318 17405 511454
17405 22655 643284
22655 43264 945874
43264 42540 925507
42540 8312 930315
8312 11165 518850
44320 36955 969839
36955 18662 28820
44322 6821 850428
6821 39341 969600
39341 35436 81
35436 24950 214
24950 15152 168
44323 48139 754
44324 21781 1000000
21781 25094 830
44327 2251 990
2251 43310 688
43310 38150 959933
38150 34035 667901
34035 48983 160
44329 17026 782478
17026 46970 939714
44330 26076 270671
26076 18920 474
18920 31561 1000000
31561 10011 604632
10011 32590 1000000
32590 7842 150975
7842 33485 1000000
44332 47156 568395
44334 31626 944956
31626 6148 690727
6148 27764 143115
27764 5422 461
5422 33434 690003
33434 4640 905693
4640 3832 73
44336 48257 964507
44337 31869 1000000
44340 16772 1
16772 40862 687435
40862 30096 375
30096 41260 963411
41260 31133 809
44343 46685 1
44345 285 829848
285 37624 914730
37624 18256 914015
44346 34567 845399
34567 33450 966864
33450 37726 923851
37726 31556 799731
31556 31710 992494
31710 317 33262
317 11611 827
11611 21199 984448
21199 35091 949172
35091 42242 299
42242 18924 962402
18924 15666 158368
15666 6894 403648
6894 4646 302109
4646 16610 1000000
16610 19780 1
19780 3427 1000000
44348 28624 811439
28624 41569 741460
41569 43020 195
43020 48640 466322
44349 10892 867888
10892 37526 942445
37526 684 1000000
684 40918 304518
44353 25488 996059
25488 18912 921621
44355 19973 212
44356 18182 990811
18182 42850 94
42850 20092 918
20092 38864 273
38864 44367 1
44357 48454 976456
44358 7110 450816
44359 35165 117
44360 49564 344
44361 42634 2047
42634 34909 931022
34909 8357 652546
44362 44265 358554
44363 40637 769
40637 17480 898856
17480 45889 946221
44364 10897 948120
44365 1224 940084
1224 30206 950413
44366 39829 990109
44367 27699 188
27699 34165 757594
34165 22938 1000000
22938 46892 1000000
44368 7929 23
44370 44063 680141
44063 2711 357
2711 41896 704
44371 20043 943391
20043 24177 763
24177 47787 877
44372 14340 838
44374 5765 695
44376 8632 125599
8632 47353 730994
44378 3922 688
44379 19621 473432
19621 15119 995308
15119 37153 942297
37153 25971 1000000
25971 46710 149
44380 14530 690481
14530 29512 292926
44381 6272 55877
6272 34475 395421
44382 41857 153641
44383 1912 248899
44384 11254 1000000
11254 42156 981278
44386 41490 947956
44390 26730 950153
26730 11564 963
44392 39057 159411
39057 38081 956670
38081 42544 922610
42544 22751 901170
22751 45475 948088
44393 19455 910409
19455 11879 925393
11879 23365 788
44394 16455 174
16455 48804 1000000
44397 15563 1
15563 26940 973861
26940 40300 953653
40300 40399 974657
44398 24088 929386
24088 29077 995238
44399 42056 1000000
42056 9216 237708
9216 11937 148822
11937 16274 655226
16274 32621 14
32621 47560 1000000
44402 35361 1
35361 40948 993320
40948 44811 1000000
44406 16728 123371
16728 40879 19617
40879 8073 947620
8073 16095 1
16095 41899 929
41899 14091 277466
14091 28953 104589
28953 35653 141
35653 35271 1000000
44407 40773 596726
40773 42654 96841
42654 49185 419754
44408 46125 924984
44409 9262 376
9262 38089 202424
44411 5387 929374
5387 32795 963299
32795 22038 972195
22038 42325 909983
42325 34444 18704
34444 30937 775603
44412 14354 310523
44413 35309 355
44414 303 744
303 32580 86
32580 3386 252678
44416 30791 961455
44417 48046 1000000
44419 2179 354210
2179 1346 143
44420 4765 487918
44421 15995 973195
44423 43078 908526
43078 6856 209
44424 37014 998789
44427 12115 943439
12115 10606 634
10606 45018 991022
44428 20888 980
44429 30094 490941
30094 41715 1
41715 21846 834
21846 37625 108648
44430 19322 370428
44431 6630 915893
6630 38660 925948
38660 38988 464389
44432 17269 1000000
17269 4124 471339
4124 12595 919849
44434 9696 1000000
9696 8442 900176
8442 11886 1000000
44435 28317 921405
28317 18329 1000000
18329 38653 732157
38653 4406 97672
4406 36232 65
36232 23367 745849
23367 26201 934561
26201 44190 74
44190 43136 409214
43136 40955 994195
40955 4189 911037
4189 46941 1
44438 30150 1000000
44439 2093 936616
44440 16913 965930
16913 28609 106268
28609 2220 790
2220 5096 974777
44441 45642 1
44442 23978 1
44444 20916 352
44445 3052 779629
44446 17552 427686
17552 1560 311
1560 17494 981131
17494 2321 905509
44447 18360 985239
44448 15886 78332
15886 36399 916600
44450 25546 685570
44451 41580 933125
41580 22833 981586
22833 38738 554
38738 10047 974123
44452 30552 1
30552 26706 170691
26706 11717 455
11717 51 920695
51 26361 1000000
26361 19081 956824
44454 43719 550
44458 13917 701
13917 31427 817304
31427 8560 981654
44459 5020 249
5020 47543 237979
44460 11328 950541
11328 15320 178815
15320 27463 670078
27463 17471 1
17471 10853 380457
10853 37127 134136
44462 12703 602
44464 5273 133851
44467 11865 1000000
11865 11815 378504
44468 16757 799937
16757 36900 211
36900 45864 174315
44469 12412 299694
12412 35006 504
44471 13665 371
44472 48949 1
44474 15623 904981
44475 7060 1000000
7060 31540 355942
31540 4438 260
4438 28524 910977
44476 18968 221854
44477 40157 489152
44478 31156 44
31156 30390 980812
44479 15823 982276
44481 33661 927608
33661 29547 579
44482 29116 1
29116 48085 40028
44484 6762 206781
44486 37015 391
37015 8409 1000000
44488 17692 592
44489 45822 919792
44490 12729 910588
44491 9876 102110
44492 44485 694
44485 39509 1000000
39509 22375 940174
22375 16205 161475
44493 31211 541500
44494 4263 945925
4263 13659 861
13659 1080 916414
44495 23704 183226
44497 10408 981564
44498 3814 710873
44501 9133 120748
9133 29746 975454
29746 15941 613747
15941 35659 933537
44505 10228 766
10228 25874 345979
25874 8753 907542
44509 44760 805645
44510 48458 242393
44511 36935 931088
36935 38602 361148
44512 19836 1000000
44513 38748 1
44514 40727 940494
40727 45114 894290
44515 36364 625
44517 16338 621
16338 41842 953828
44518 16797 240
16797 2882 557206
2882 7716 288497
44519 90 979
90 36919 995116
44520 3655 1
3655 25208 997
25208 36449 260
36449 2074 1
2074 44628 1000000
44522 8414 677840
8414 31700 807608
31700 36115 29
44523 12439 950565
12439 21645 1000000
21645 12797 926819
44524 31525 125
31525 29257 919732
29257 8779 558987
8779 32742 915646
44525 1822 967633
1822 29007 971232
29007 2445 701
2445 42547 506
42547 5654 996308
5654 5967 399097
5967 12274 1000000
44526 9224 585
9224 14926 1000000
14926 15749 925426
44527 25771 550778
25771 36930 804620
36930 14910 989720
14910 44628 27370
44528 6398 833547
44529 2726 901995
44530 47309 948667
44531 21214 154
21214 9296 931523
9296 14426 938
44533 9522 992968
9522 8377 923442
44535 47543 678
44536 6873 727
6873 4831 693305
4831 1121 946083
44537 29949 1
29949 48686 951018
44541 42248 1000000
42248 35500 667017
35500 15934 964205
44543 20564 250824
44544 23207 905
23207 4889 412576
4889 43734 919530
44545 16174 124616
44548 3360 397543
44549 21473 936920
21473 37247 936658
37247 13558 1000000
44550 16097 181680
44551 211 1
44552 7440 140931
7440 292 114000
44553 24417 486
24417 12525 430858
12525 11117 930850
11117 31848 212142
44554 10711 741206
10711 6824 910345
6824 40849 909348
44555 19684 594
19684 3436 147496
3436 35238 21
35238 10302 26406
44556 21653 251184
44559 27736 128
27736 21551 1000000
21551 6865 413
44560 15846 909909
44561 24637 976984
44563 48701 178813
44564 25941 1000000
25941 30988 423
30988 35642 549437
35642 8189 1000000
44565 7003 999969
7003 25108 14
25108 17729 762259
44566 30436 1000000
30436 32618 951653
32618 18231 929237
18231 12869 913696
44568 3947 904675
44569 8385 941841
8385 11637 956833
11637 12054 914642
44570 43778 932177
44571 9636 993230
9636 6957 680
6957 48532 971842
44573 31125 934728
44574 43628 1000000
44575 46257 537497
44576 3871 331843
3871 8430 1000000
44577 34484 731
44580 29814 911066
29814 25262 231
25262 25271 763
44581 37755 987960
44582 14999 722776
14999 34488 281311
34488 6935 365757
6935 11302 862234
44586 45617 1000000
44587 25764 1000000
25764 19664 941271
44588 31547 912345
31547 13446 926975
13446 14534 882
14534 6042 1000000
6042 46817 900938
44589 15849 1
15849 34001 937963
34001 1058 323420
1058 9980 964756
9980 21317 95531
21317 47018 884207
44593 34603 1
34603 24809 932607
24809 49188 993161
44596 5480 994740
5480 6382 1000000
6382 21998 2159
21998 23044 895104
44597 33722 506950
33722 11430 1000000
11430 35576 967565
35576 38363 465197
44598 47963 272674
44599 23317 389
23317 45723 528136
44601 23236 912
23236 8617 918078
8617 32646 758719
32646 10675 926008
44603 13518 964790
13518 26314 274934
26314 24807 1000000
24807 28837 914640
28837 19108 689382
44604 31241 68
31241 29800 1
29800 29894 546334
29894 19375 556
19375 29882 537
44606 32412 646944
44607 983 966663
983 28364 465
44609 38901 1000000
38901 32751 606830
32751 45032 961688
44612 15965 969925
15965 47999 1000000
44613 31939 979
44614 45728 907490
44615 32462 991260
32462 40355 336
40355 40840 768
40840 26437 302100
26437 18450 246224
18450 23723 1000000
23723 30766 685246
44616 39993 696
39993 31583 99
44618 8260 865
8260 1814 1000000
1814 12026 391806
12026 17636 692608
17636 9580 481789
9580 47432 720
44619 47749 948909
44622 30205 125197
44623 28742 476
44624 7390 1000000
44626 21279 902310
21279 12343 880
12343 30200 605226
30200 42782 81442
44628 17517 399098
17517 17635 943016
17635 11305 268561
11305 27479 502715
27479 17522 994120
44629 42829 690158
44630 1498 1000000
1498 3934 924624
44631 49456 961
44633 4780 733066
4780 5201 988
5201 6398 621344
6398 45607 592
44635 33558 1000000
33558 665 195591
665 33930 861327
33930 46179 886178
44636 13447 259682
44637 33332 911110
33332 24637 938882
24637 2850 999826
44639 3089 969612
3089 40386 233347
40386 22246 1
44640 22214 981841
22214 30211 478699
44641 7873 1000000
44642 5228 353324
5228 11591 790579
11591 49049 624834
44643 27588 912386
44644 13929 26489
13929 12947 928392
12947 11105 586671
11105 47130 621610
44645 44095 683
44646 18288 358854
44647 30415 865313
44649 24357 654
44651 38224 940348
44652 46398 1
44653 47156 1000000
44654 9025 1
9025 4516 621
4516 32690 954545
32690 348 534189
348 25787 923801
25787 29903 1
29903 18777 206381
18777 12253 884071
12253 20322 930462
44656 13320 989804
13320 6956 206
6956 10353 681513
10353 22484 916560
44657 36153 1
36153 3650 972635
44658 44351 463167
44660 14754 1
14754 5875 913172
44661 13247 622966
13247 16332 914881
16332 44185 1
44185 36384 943178
36384 36854 352973
36854 44502 909222
44502 28447 196
28447 22693 232
22693 8476 1
44662 36316 375
36316 31794 153081
44665 18070 786633
44666 6001 158
6001 24601 1000000
24601 28896 46
44667 2579 995932
2579 4880 929251
4880 8275 916951
8275 46079 237953
44668 13038 991511
13038 23045 175434
23045 49074 1
44669 41380 521201
41380 4066 939073
4066 5961 971220
44670 21335 915717
21335 35930 678796
44671 45352 987
44673 33131 263914
44675 10862 923812
10862 16549 712
16549 32772 1000000
44676 15591 936672
15591 14272 933388
14272 12873 859535
44678 34475 260465
34475 24316 1
24316 28020 906645
28020 32231 983275
32231 21658 1
44680 45875 949763
44682 38907 981367
38907 15228 228523
15228 14023 983320
14023 21849 1000000
44683 20131 63181
44684 21753 1000000
44685 5483 479153
5483 15410 73736
44686 45290 960815
44687 23759 366
23759 14748 613184
14748 31204 989
31204 26298 944222
44690 6199 275181
44691 9683 996181
9683 29715 924194
29715 16620 1000000
16620 30493 964922
30493 40000 1
40000 9689 121714
9689 19179 920532
44692 38689 432607
44694 37742 944
37742 37953 992829
37953 26729 444179
26729 27499 967794
27499 24949 948150
44695 27322 1
44696 27476 918424
27476 11903 607897
11903 2756 497553
44697 28267 80919
28267 45774 278439
44698 12383 576386
12383 15945 923145
15945 39248 685
39248 38102 998494
38102 7841 411938
7841 41213 967802
41213 2795 1000000
44699 40661 901931
44701 39037 987072
44703 3599 21752
3599 36632 821
36632 21962 460
21962 30339 844434
30339 41391 472888
41391 19280 416539
19280 8417 730698
8417 48256 955228
44704 35188 409
44706 33253 870518
33253 40057 542493
40057 9686 839
9686 7489 949016
7489 35333 952579
44708 5385 994678
5385 18037 968521
44709 3101 111257
3101 44929 782
44710 24796 540486
44711 30607 251962
30607 9849 910665
44712 31348 923105
31348 41252 181
41252 46640 932710
44713 45765 321
44714 12822 1
12822 5957 111
5957 9907 1000000
9907 35585 1000000
35585 2548 300411
44715 38619 863517
44716 28250 929766
28250 41398 5947
44718 5686 940745
44719 22397 349
22397 9602 271962
9602 31291 954429
44720 42630 44
42630 7025 144
7025 14459 185180
44721 14269 936116
44723 45916 412855
44724 43345 1
43345 44625 178
44625 35396 1000000
44726 19721 1
44728 13004 992531
13004 177 980674
177 4013 154901
4013 14830 967988
14830 17157 346687
44731 43588 393872
43588 34830 251467
34830 33431 479636
44734 42769 963203
42769 7524 907216
7524 32854 1
32854 32829 1000000
32829 39242 1
39242 23261 911686
23261 37099 776800
37099 42072 945264
44735 13600 711
13600 17550 185016
17550 28843 1
28843 3107 1000000
44736 43545 200048
43545 13577 1000000
44737 39788 96408
44740 6348 77
6348 1376 869521
1376 40780 921246
44743 37687 1000000
44744 17188 140951
17188 8567 1000000
44745 23678 1000000
23678 27788 400
44747 9203 411908
9203 25951 981170
44749 37502 948121
44750 38865 644906
38865 20444 905281
20444 38917 482017
44751 28761 132673
28761 33061 472
33061 49180 257692
44752 25166 951086
44753 12654 943432
12654 26158 565525
26158 9627 455003
9627 31236 220
31236 40959 674548
40959 46493 383
44754 30681 478348
30681 47144 216213
44756 2875 707279
2875 3761 938319
44757 41398 1
44759 6976 908064
6976 12498 684165
12498 15647 963939
15647 42214 944922
42214 11578 992380
11578 22117 623451
22117 11713 266236
44760 21167 241591
21167 11924 535
11924 9708 273302
9708 49566 572623
44761 13850 306632
13850 4765 993587
4765 32077 1000000
44762 3038 796783
3038 1610 1000000
44764 28043 836
44765 27756 781202
27756 17206 515231
44768 23911 63644
23911 30183 1000000
44769 2306 50063
2306 9519 687525
44770 39362 1000000
44773 42562 1
44774 40169 990
44776 11820 833
11820 33750 61427
33750 25153 927850
44780 4949 1
4949 1080 997
1080 40428 51168
40428 378 943589
378 41706 41247
44781 40585 924231
44783 13492 396395
13492 24266 911209
24266 619 917258
619 29463 924842
29463 15055 1000000
44784 43320 731125
44787 829 363466
829 17602 918768
17602 41032 1
41032 15812 764365
15812 5733 997907
5733 23150 826867
23150 38673 366901
38673 41233 999747
44788 18627 1000000
18627 28690 509
28690 34582 993734
34582 4495 651142
4495 6105 281783
6105 35058 937635
44789 23223 192974
23223 26912 47550
44791 48244 987482
44792 36832 1000000
44793 15804 858459
15804 29428 652983
44794 44796 722
44797 33897 685
33897 12636 1
12636 30505 1000000
30505 8106 388110
8106 21123 232167
44798 46154 984922
44799 1130 1000000
1130 6353 963177
6353 21385 177
21385 15299 1000000
44800 41875 989403
44803 20936 336
20936 11785 921
11785 9135 1
9135 40373 133097
40373 48099 121758
44804 48784 761594
44807 35865 1000000
35865 30404 988982
30404 26141 244
26141 14559 918079
44808 22299 698
22299 3537 479939
3537 1737 963051
1737 39529 491282
44812 30887 1000000
30887 12019 995585
44813 49585 780206
44814 14254 246
14254 28009 210
28009 23077 988143
44815 37013 710567
44816 1595 640
1595 23470 971513
23470 49584 324
44817 47049 510022
44818 28402 917062
44819 13444 938330
44820 39476 685541
39476 38119 923225
38119 4085 1000000
4085 3935 368725
44821 25841 14231
44823 21573 683965
21573 34423 853942
34423 3984 920710
44824 39996 1000000
39996 14969 903603
14969 17940 18
17940 7810 304
7810 10044 971235
44825 39278 51
39278 39617 985531
39617 41169 931100
41169 3166 925683
3166 45028 839
44826 2021 907428
44828 39636 44110
44830 39381 1000000
39381 6299 1000000
6299 10234 875
44831 42225 935625
42225 41609 1000000
41609 21626 925195
21626 42061 665
42061 25533 924286
25533 638 1
44832 47292 1000000
44833 7577 991565
7577 9388 172687
44835 8358 1000000
8358 28978 173
44836 40942 1000000
40942 901 952633
901 41251 597
41251 35529 966074
35529 44181 959269
44837 24132 565608
24132 44923 815851
44838 31166 729511
31166 42662 362584
42662 10461 104
44841 29739 966045
29739 15885 497838
15885 10465 226655
44843 26010 999593
44844 17092 996303
17092 44722 699909
44722 10362 978488
10362 48032 931664
44845 40412 763068
40412 31235 867426
31235 23748 967845
23748 26461 1
26461 16676 292869
16676 45304 1000000
44846 32798 620099
44850 20197 192343
20197 26378 549810
44852 14181 955352
14181 5236 265980
44853 35835 923990
44856 3697 929405
3697 4370 1000000
44858 45764 726867
44859 2778 1000000
2778 879 1000000
879 6763 934910
6763 41706 1
41706 23186 1000000
44862 13348 535
13348 45853 970636
44863 13762 990438
44864 45655 977310
44865 9178 871630
9178 13736 710
13736 38960 954105
44866 28500 1000000
28500 36948 113
44867 26499 973262
44868 40378 977364
40378 8194 1000000
8194 38249 912220
38249 27059 858345
27059 39298 899157
44869 26673 926486
26673 16357 961506
44871 10556 297
10556 21577 976238
21577 25479 930462
44872 28710 369122
28710 31498 936159
44874 4887 838
4887 37565 699906
44875 17014 960658
17014 46151 734943
44877 15794 166619
15794 16197 725
44878 10894 972273
44881 15476 1000000
15476 1999 1000000
1999 43645 948224
43645 19299 891741
44882 31788 609227
44883 35513 615268
35513 3374 1000000
3374 25562 263570
25562 23413 370461
44886 6716 969058
44887 640 969608
640 7771 55516
7771 38726 248
38726 25357 430
25357 44149 460931
44889 32174 841596
32174 39983 912368
44890 37904 1000000
44891 31068 1
31068 5488 836814
44895 21349 221534
44898 7873 912467
44901 28386 402
28386 12184 971705
12184 36865 983639
36865 41781 980101
41781 28015 949210
28015 32372 969775
32372 25529 482
25529 27836 935462
27836 3335 975622
3335 39708 917332
44904 18277 976139
18277 39598 346
39598 8315 988016
44907 28927 467279
44908 1610 938351
1610 38531 499696
38531 42280 901
42280 29996 914875
44910 21854 687321
21854 11621 30730
11621 5009 1
5009 42713 1000000
44912 18203 81583
18203 34624 1
44913 24411 935667
44914 44961 985694
44917 42394 938701
42394 23812 121005
23812 34920 911101
44923 24077 374799
24077 11873 967905
11873 20262 914609
20262 27700 183375
27700 30546 960223
44924 39708 938979
39708 16136 921426
44925 45611 871744
44926 17366 997310
17366 48865 887342
44927 7035 968537
7035 12287 934965
12287 23704 1000000
23704 35934 929314
35934 14589 954256
14589 43975 967689
44930 6911 943665
44931 28704 967116
44932 38343 916849
44933 44068 930196
44068 43383 784
43383 27097 906493
27097 43173 683
43173 4958 908065
4958 30575 931769
30575 46666 355
44935 34380 963267
44936 47109 997647
44938 43853 1000000
43853 15544 909
15544 28607 949026
44940 34805 978919
34805 17101 1000000
17101 40690 76894
40690 45387 937633
44941 11735 1000000
11735 38155 1
38155 30872 1000000
30872 27866 428
27866 33533 946854
44944 23040 477
44945 2535 975114
2535 29077 1
29077 2046 494
2046 25960 930596
25960 44811 386
44811 17257 612
17257 5636 572
5636 1387 678217
1387 3413 153703
3413 19407 977089
19407 17793 895
17793 12279 1000000
44946 40278 918461
40278 24529 1000000
24529 24667 1
24667 40877 992826
40877 44369 949814
44948 8186 1
44951 21308 25170
21308 45297 930191
44952 38698 441
44953 25918 636347
25918 39243 243
39243 47215 981111
44954 37781 1
37781 13839 64
44955 33085 142151
44959 44470 735
44470 4086 76404
4086 13704 320176
13704 9388 249
44960 16704 946803
16704 11849 1
44963 31023 1000000
44965 44741 131866
44741 17358 967874
44969 6044 13
44970 48592 588
44972 47237 984673
44974 44426 967547
44426 6963 313947
6963 36115 1
36115 45432 541167
44976 38962 440637
38962 42009 448
44978 5432 380507
5432 35656 922019
44979 15245 946834
44980 13126 1000000
13126 3814 967057
3814 14902 992868
44981 9067 923613
9067 17939 1000000
17939 1026 901525
44982 46211 944198
44985 41205 973834
41205 7406 97278
7406 47604 961
44986 43584 702584
43584 10393 511
10393 13413 765
44987 47657 378
44991 40521 638421
40521 26020 1000000
26020 38408 979847
44992 2320 519
44993 47842 1
44994 3251 455177
3251 33113 1000000
33113 10356 960093
44995 24841 785
24841 9301 831023
9301 12828 4602
12828 44611 625852
44611 47478 904515
44996 6090 1000000
44997 10646 790786
10646 6762 431778
44998 45329 696
44999 35369 102
35369 37297 18
37297 30023 4026
30023 28567 923152
45003 17624 953694
17624 11886 373
11886 45001 941384
45001 13740 976115
45004 48841 137031
45005 19777 1000000
19777 520 760284
45007 3385 6
45008 14855 512
14855 49080 963170
45009 28656 928898
28656 876 953566
45012 33787 553696
45014 48285 914082
45015 8883 118259
8883 26949 250
45018 35090 1000000
35090 4442 204
4442 31197 64418
45019 31839 992919
31839 35946 862467
35946 40731 467
40731 21624 919712
21624 28715 607
45021 22709 1000000
22709 38793 902
38793 43012 68714
45022 40725 693944
40725 34555 951
34555 33748 981603
45025 24590 435
24590 45955 916966
45029 21136 967405
21136 27276 902572
27276 36200 982351
45031 2281 685
2281 1915 399659
1915 48388 974348
45032 25125 913295
25125 28736 1000000
28736 28897 1000000
28897 19332 814
19332 47045 262
45033 1407 938647
1407 3376 908031
3376 27273 991286
45034 2068 929512
2068 35908 112
35908 21724 914401
21724 14939 508
45036 29633 298
29633 6572 512932
45037 16177 963731
16177 15254 434
15254 13669 1
13669 5784 967844
5784 19162 72
19162 26449 42295
26449 24874 1000000
24874 29608 926616
45038 4147 48125
4147 28030 1000000
28030 40712 189773
40712 22046 147
45040 11072 202709
11072 8080 200
8080 44422 977921
44422 17258 919713
45041 16366 913076
16366 12580 936738
12580 4816 1
4816 8732 421800
8732 32430 1000000
32430 8619 210132
8619 35066 911036
35066 26285 951144
45042 34354 1
34354 6781 688130
45044 34130 567186
34130 5021 760300
45045 15596 357305
15596 48204 832822
45047 43514 908366
45048 44091 645
44091 6258 458697
45051 2849 168
2849 15659 1
15659 1729 997563
1729 11419 1000000
11419 46143 349813
45052 48294 381
45053 27637 704714
27637 4920 169820
4920 1460 200
45055 1925 418170
1925 35664 363089
35664 29720 994140
45056 42485 37920
45057 15043 348
45058 31309 491272
31309 3968 555743
3968 7116 992890
7116 39548 996936
39548 32044 673266
45062 31938 773710
31938 46063 599337
45065 8990 771
8990 264 913179
264 32361 829649
45067 9167 1000000
45069 29211 66
29211 6635 978788
6635 38328 927713
38328 30353 921
30353 49430 514568
45070 38786 993718
45071 22484 959803
22484 13006 578
13006 38398 1000000
45072 37013 967048
45073 44578 943143
44578 39372 371878
39372 43457 979418
43457 5932 952552
45077 19664 936020
19664 13890 655179
13890 18043 207
18043 17693 1
17693 12852 315
12852 48331 1
45079 11650 1
45081 163 232
163 6693 1
6693 3411 406681
3411 46281 1000000
45083 29324 920826
29324 5689 997255
45085 31344 16499
45086 7269 1000000
7269 4177 902880
4177 30221 978325
30221 2552 1000000
2552 40656 945866
45087 42383 911979
42383 38224 549
38224 3288 1000000
45088 15888 1000000
45089 7586 940085
7586 21326 594
21326 36561 940492
36561 44055 1
45090 2439 7679
2439 4005 998003
4005 3239 631313
45092 11393 581106
11393 6291 927382
6291 1848 185
1848 752 836643
752 42471 268530
45093 24229 932327
24229 14656 752711
14656 47301 976959
45094 42304 622445
45095 11116 967766
11116 44234 1
44234 20579 529
20579 36468 665977
45098 23273 223607
23273 44772 379827
45099 18544 949647
18544 8380 1
8380 46779 732933
45102 26247 159306
26247 22796 961
22796 3585 431868
3585 31784 1000000
45103 26762 1000000
26762 47307 1000000
45104 22341 985958
45105 1222 52
1222 8901 489666
45106 607 785
607 36751 916507
36751 39323 433676
45107 38297 794
45109 26746 953458
45110 32379 1000000
32379 9590 947398
45111 29976 871090
29976 12921 923
12921 11608 853
11608 16019 1000000
45116 22238 999019
45117 12519 282269
12519 47953 892
45118 33462 16
33462 25333 170282
45119 6337 1000000
6337 34814 953
45121 41732 403
45122 8985 940490
45125 22350 115165
45126 14471 463
45127 42763 995421
42763 44829 992
45129 18371 324
18371 20975 508386
45130 1529 459712
1529 22737 1000000
45131 25421 608741
25421 2443 261996
45133 32053 938287
32053 43773 953140
43773 24780 975650
24780 35930 890832
35930 13165 1
13165 29385 199041
29385 33384 20075
45135 13380 426
13380 27936 419431
27936 21365 940810
21365 3744 1000000
45136 29797 632422
29797 11076 1000000
11076 8683 659256
8683 40471 1000000
40471 43484 966644
45137 4782 32
4782 49143 66651
45138 46943 655225
45139 42086 45
42086 35226 967
35226 18656 990666
18656 12400 600671
45140 4194 833
4194 2258 805637
2258 42817 832831
42817 22628 910026
22628 13127 723
45141 28180 1000000
45142 22671 984580
22671 15856 818
15856 26296 428392
26296 21868 975445
21868 35015 945129
35015 41577 20213
41577 27477 989
45143 12780 958002
45144 48055 909041
45145 37914 824212
37914 27305 983263
45147 10699 522017
10699 23587 259
23587 41524 607
45148 25086 515
25086 49233 407566
45150 2189 985088
2189 7537 180714
45153 48063 403
45154 32177 1000000
32177 28206 33
28206 44688 1
45155 33252 952451
33252 5397 906105
5397 33124 446
33124 5782 1
45156 22044 945997
22044 11638 422
11638 4750 852168
45159 34367 1000000
34367 15635 641
15635 17206 962747
45160 12617 77228
12617 37817 225
37817 16831 921926
16831 223 956
223 14255 930478
14255 2078 936987
45161 12196 904414
12196 23872 32
23872 39315 1
39315 19767 169232
19767 5595 145
5595 14340 466943
45162 2560 137199
45164 42388 1000000
45165 239 929739
239 43871 927693
45166 29990 894883
29990 42210 44660
42210 11009 990709
11009 1914 17175
1914 41748 927261
41748 26459 53627
45168 47668 953916
45169 35620 248
35620 41298 701881
41298 30929 490689
30929 20201 1
45172 27543 944252
27543 12825 908551
12825 42213 228210
42213 3532 618
3532 40935 964481
40935 18276 895
18276 17308 985615
17308 43642 925
43642 23978 914
23978 45493 517
45174 46413 386
45175 47258 1
45179 1880 212950
1880 12587 485
12587 32156 83592
32156 45010 947640
45010 45756 1000000
45180 11360 1000000
11360 12544 934344
45182 42070 977564
45183 24982 917804
24982 34680 851
34680 18647 48
18647 6193 928006
6193 2628 825
2628 31073 228
31073 44984 553432
44984 46023 918574
45185 179 938381
45186 33275 85478
33275 35019 420
35019 37916 1000000
45187 958 108535
45188 27 928
27 46237 245
45190 46514 68414
45192 6186 485
6186 48150 598
45193 20061 1000000
20061 25411 718090
25411 46441 684359
45194 31253 603341
45196 29956 1000000
29956 29143 540739
45197 31345 970716
45198 31323 372650
31323 19267 539359
19267 38981 359087
38981 44165 1000000
44165 48531 845
45200 16522 967289
16522 13394 931870
13394 42924 923915
42924 7527 810523
7527 5687 1000000
5687 19807 60056
19807 2289 980462
2289 33971 936628
33971 20244 368929
20244 49621 156381
45201 16310 939455
16310 20274 484299
20274 16367 673
16367 14133 916195
45202 36296 346164
36296 22264 1
45204 31373 552
31373 39448 930168
39448 49441 968765
45205 23106 699
23106 309 48548
309 27488 195461
27488 45449 1
45207 1215 434172
1215 6568 987598
6568 23850 900234
23850 6598 1000000
45208 13967 108208
45209 15460 544378
15460 23122 47108
23122 36441 1000000
36441 33181 131603
45211 44827 310139
44827 15896 118
45212 26347 973505
26347 48427 844208
45213 45286 925
45214 19121 253
19121 14507 995807
45215 33243 1
45217 8576 944347
8576 31297 850700
31297 14012 1
14012 34986 894726
45221 21383 721182
21383 39514 62250
39514 32293 735404
45224 37652 958579
45225 13860 978144
13860 29808 845
29808 13398 841
13398 40733 962004
45229 24968 193418
24968 20369 66
20369 39468 482293
39468 40588 1000000
40588 15923 1000000
45230 22590 956251
22590 33781 708
33781 24648 1000
24648 48555 1
45231 41624 1
45234 49719 375586
45235 44893 695785
44893 48225 157259
45239 46439 1000000
45240 38089 936575
45241 32941 300
32941 15824 224057
15824 12471 949522
12471 47574 919992
45242 17116 461
17116 31814 939159
31814 18944 697
45243 6850 137330
6850 22875 971278
22875 7225 874
45244 18696 988046
45246 28832 316022
45247 13987 1
45250 43346 1
45251 41621 1000000
45252 35810 464
45253 4837 374673
4837 43745 960521
45254 7027 1
45255 20863 344820
20863 15018 462
15018 21502 979664
21502 12863 1
12863 25221 1
25221 46808 444446
45256 48610 968674
45257 2244 1
45258 3365 770
3365 38114 536442
38114 3193 949917
3193 21929 815
45260 29023 280689
29023 11939 721
11939 40777 361272
45261 1066 961159
1066 30074 950761
30074 15754 673740
15754 31105 962735
45263 12492 9343
12492 12165 1000000
12165 20073 1000000
20073 1722 702
45264 26625 1000000
26625 27252 929146
27252 44810 997036
44810 32124 372844
32124 448 1
448 2409 62
45265 47718 1000000
45266 29719 1000000
29719 37442 950812
37442 19915 530478
45268 46362 941365
45269 27459 1000000
45270 8478 711254
8478 11152 993931
45271 23356 532004
23356 32050 952354
32050 32927 921007
32927 23558 330
23558 29465 2907
29465 43652 999940
43652 5638 970871
5638 19628 949622
45272 33448 71
33448 29572 1000000
29572 32208 26
45274 1219 992466
1219 9206 653193
9206 40399 956
45275 23471 365
45279 8339 939967
8339 3186 151022
3186 28144 829
45280 11650 908870
11650 10234 996430
45281 11288 940961
11288 39196 377
39196 10017 988612
10017 39212 694860
39212 29695 590870
29695 47677 631
45282 39940 1
45283 44583 771745
44583 47685 982854
45284 20921 947794
20921 26050 953947
26050 39363 517
39363 45499 982199
45285 33027 962176
33027 1176 360418
1176 30673 958889
45286 45425 966950
45287 19632 132
45288 43074 479441
43074 5670 1000000
45289 8008 213870
8008 31157 167
31157 18212 569316
45290 34176 723079
34176 16771 938245
16771 23997 909178
23997 42317 1000000
45291 16484 87227
16484 35489 515828
45292 27064 855
45294 5145 436
5145 27179 981078
27179 40983 903984
40983 33195 1
45298 43896 1000000
45301 28089 938243
28089 23101 87
23101 10204 1
10204 47741 151263
45303 15829 1
15829 13959 1000000
13959 24662 988755
24662 23038 100309
45305 11033 220622
11033 46691 91
45306 5295 994682
5295 29687 946
29687 3386 466975
3386 5534 971156
5534 26931 917772
26931 15504 1
45307 30627 391555
30627 15410 835846
15410 28986 1000000
28986 13466 808
13466 1700 603
1700 23471 1000000
23471 15094 815256
15094 10272 1000000
10272 18288 889
18288 42553 64
42553 4116 937648
4116 24939 987740
24939 11147 605207
45308 26420 942574
26420 36591 777688
36591 28488 914664
28488 39672 1
39672 3715 89
45310 8511 176
8511 3385 920104
3385 29672 913556
29672 47335 717201
45311 41272 124
45312 25754 1000000
45315 40528 498
45317 5623 81860
5623 24312 900614
24312 3060 1
3060 49065 56731
45318 49338 929621
45319 35062 805731
35062 3454 163341
45320 11233 1000000
11233 30365 990455
30365 43517 603
43517 15185 377
15185 35634 523
45322 23712 922226
45323 32796 1000000
32796 37792 1
37792 32701 757
32701 18368 584590
18368 41763 598
41763 4899 590736
4899 15762 987135
15762 1627 912870
1627 6458 963778
45324 37127 479955
37127 8272 805
8272 41773 810274
45327 16357 361559
16357 32774 549
45330 1602 934509
45331 26621 996110
45332 9913 146
9913 35432 901145
45333 33185 857990
33185 4890 462966
45336 24783 997257
45337 22377 1
22377 15919 952473
45338 17225 1000000
17225 7351 464234
45339 35059 486285
35059 11836 931237
11836 4461 1
45340 48443 1
45341 7057 731
7057 48914 950428
45342 7548 954877
45343 7271 369
7271 13582 928758
13582 45504 963534
45345 45832 779
45347 35171 951750
35171 44259 982177
45348 41640 909223
41640 34614 163960
34614 30455 996407
30455 2252 1
45349 35406 431230
35406 19887 107559
19887 35056 1000000
35056 45216 262
45350 1807 1000000
1807 48816 1000000
45351 16423 1000000
16423 33419 926793
33419 3070 1
45352 6926 983714
6926 10506 961797
10506 18180 550091
18180 31330 1
31330 44195 146
45353 107 940514
45354 17052 1000000
17052 39477 983
39477 16507 949731
16507 40156 1
45355 8155 50561
45356 15765 728997
45358 24446 911877
45359 6017 791131
6017 10655 951261
45360 20594 942382
20594 29661 67
29661 8542 927241
8542 23986 981096
23986 24430 996704
45361 4372 546700
4372 38548 215121
45362 23173 962865
45363 31644 755318
45365 10772 165
45367 19095 1
19095 46433 975025
45368 19196 911438
45369 22113 549771
22113 4612 517
4612 24003 569355
45371 7254 1000000
45372 9729 682
9729 43800 951685
45373 36135 959
36135 11421 498
11421 6158 908180
6158 31619 186235
31619 409 919265
409 4403 1000000
4403 9073 632386
9073 35166 479
45374 6264 916242
6264 22211 1000000
45376 35175 996419
35175 10675 1000000
45378 47779 622118
45379 20636 220885
20636 38819 96802
45380 5979 388388
5979 12443 907202
45383 47041 394560
45385 47861 355
45387 15448 562
15448 32608 1000000
45388 7232 350
7232 10611 540
10611 10461 974415
10461 3107 844110
3107 33961 152568
45389 11028 902883
11028 13429 1000000
45390 33617 511010
45394 24714 420121
24714 3983 280548
3983 45101 504439
45101 44455 110
44455 8103 1000000
45396 15317 914332
45397 47345 487303
45398 8767 1000000
8767 23435 1000000
23435 33682 291086
33682 3732 526394
3732 49678 55535
45400 35055 1
45403 40028 754495
45405 32918 920782
32918 46774 91
45406 39446 824
39446 46936 125253
45407 31055 967332
31055 7286 917425
7286 31296 982165
31296 45296 214938
45296 21496 958
21496 31901 923198
45410 35350 919123
35350 44758 396
44758 33688 541192
45411 8132 1000000
8132 23621 5046
23621 23709 148521
23709 37654 788888
45412 41449 445142
45414 45321 978717
45416 24695 1
24695 29547 530450
45418 30904 428
30904 19590 857506
19590 7578 218361
45420 18751 189546
18751 26160 822059
26160 12363 922809
45421 716 929485
716 6578 41
6578 17107 360324
17107 28348 127318
45422 11949 365
11949 7380 19819
7380 7581 981909
7581 44105 920876
45423 11410 461295
11410 26950 112908
26950 15169 485
15169 3651 697196
45425 6910 1
6910 1745 130090
1745 39648 52095
39648 14194 997598
14194 32541 727746
32541 48947 900738
45426 44055 510944
44055 7705 968875
45427 42531 395791
42531 32491 276
32491 34749 1000000
34749 38096 398208
38096 4027 1
4027 14247 1000000
14247 32429 935014
32429 28459 36
45428 12773 984834
12773 48461 961231
45429 29712 920332
29712 42961 1000000
45430 15505 550
15505 26047 962601
26047 17373 132710
17373 43120 1000000
45432 13118 917090
13118 9026 901532
9026 45267 302057
45433 31917 950689
45434 32624 900126
32624 48397 906041
45436 11459 578860
11459 1612 973
45437 10795 662
10795 46942 952066
45438 44100 970512
44100 37676 958233
37676 32671 977926
32671 23847 987034
23847 9317 891631
45440 14737 855
45441 32446 1000000
32446 42970 952260
45442 38630 381
38630 25550 44
45443 42254 160764
42254 19654 569773
45444 31480 959
31480 34368 997040
45445 4812 1000000
4812 30213 446
30213 1023 560487
1023 11503 1
11503 31097 466
31097 7274 188475
45446 38487 748
45447 34918 985
45448 36530 923338
36530 11573 325543
11573 44437 921154
44437 40888 1
45449 14412 7
45450 848 33578
848 14291 118
14291 9451 936000
9451 14558 530798
14558 44732 884
45451 44585 887043
44585 27594 923528
27594 10472 214680
45454 3068 835
3068 36118 187518
36118 41491 279798
41491 10323 708
10323 32900 689991
45455 10960 689
10960 29829 957991
45456 40733 224
45458 46685 945370
45459 2054 1000000
45462 11362 1
11362 27646 957385
27646 10526 155
45463 7067 175930
45465 26000 1
45466 7956 663
7956 22929 969
22929 31870 986553
31870 12141 1000000
12141 32876 960894
32876 16637 464634
45467 15991 961781
15991 219 968172
219 22985 923181
22985 44058 320833
45472 19173 1
19173 19979 929303
45473 34045 975672
45474 19533 987347
45477 12076 939134
12076 40684 908866
40684 8088 989774
8088 49074 950853
45478 21125 417985
21125 23282 1000000
45479 1379 956693
45483 36719 708
36719 6221 225844
6221 3358 971949
3358 29142 543632
45484 22459 925387
45485 30195 966203
30195 10997 1000000
10997 40627 1000000
40627 2383 598703
45487 29328 49
29328 13572 678853
13572 33291 1
33291 25400 1
45488 37253 149343
37253 2597 309239
45490 21262 813156
21262 30118 978065
30118 49708 981991
45491 46685 886481
45497 26208 1
45498 1509 1000000
1509 9826 1
9826 21268 943395
21268 28507 977101
45499 44778 103148
44778 27600 947583
45500 14561 842
14561 34808 341268
34808 43257 997802
43257 32835 454
45501 18402 957
18402 32077 703
45502 29942 1000000
29942 6026 970790
6026 7474 132757
7474 11742 909965
11742 34890 842482
34890 13637 991850
13637 46717 1
45505 7960 995888
7960 43192 923894
43192 13220 1000000
45506 36586 660020
36586 5550 281276
5550 15844 521597
15844 24493 1
24493 24673 958244
24673 46301 695
45507 31996 302509
31996 37332 910150
37332 44218 82444
45509 41745 954937
41745 21817 939002
21817 21168 589039
45510 22409 901037
45512 8799 942935
45515 1448 837072
45518 39320 1
45519 8713 974003
8713 16408 1000000
16408 45223 900921
45223 41371 1
41371 7515 193
7515 7364 936791
45520 29024 964184
45521 38568 904479
45523 38698 452309
45529 35071 907139
35071 31134 1
45530 41746 978413
45533 19656 1
19656 42084 1
42084 33005 142
33005 26888 938220
45535 1186 1000000
45538 34519 257
45539 35895 900654
35895 41020 221891
41020 5433 956682
45541 32526 918801
32526 28965 1000000
28965 10370 112783
10370 23426 549309
23426 43300 114
43300 15792 1000000
45542 26337 851
45543 1321 952401
1321 17750 770515
17750 40149 936882
40149 19364 996697
45544 40889 939684
40889 10860 993434
10860 11546 979344
11546 35166 868796
35166 25302 840010
45545 36964 54922
36964 6210 965347
45546 6114 646977
6114 5551 959651
5551 38343 555
38343 18976 788744
18976 35517 903791
45547 18443 637448
18443 11642 958193
11642 43121 903914
43121 17674 1
45548 19944 1000000
19944 3152 910
3152 14053 912786
45549 23095 86174
23095 44801 968
44801 20337 600695
20337 37845 1
37845 43554 979517
43554 4461 968857
4461 17729 1000000
17729 16551 324262
16551 27985 930243
27985 11463 582653
45550 23382 941349
23382 30703 1000000
45552 10526 943959
10526 19836 1000000
45553 28190 851588
45555 30634 436948
30634 19892 984005
19892 32511 23201
32511 38932 1
38932 7840 1000000
7840 22881 973774
22881 28493 928198
45556 28758 214305
28758 18864 153
18864 3061 553954
3061 21664 1000000
45558 43297 385325
45560 18921 1000000
45561 46743 7825
45562 30269 1
30269 7105 195
7105 30673 315349
30673 2021 81
45563 11398 911638
45565 23424 906653
23424 30198 925738
30198 18755 271
18755 16164 917449
45566 42711 915017
42711 33425 256774
33425 44796 212032
45567 29261 561331
29261 21226 55309
21226 16129 652897
16129 43195 1000000
43195 38676 949637
45568 44067 963036
44067 7772 449198
7772 41329 459365
41329 28692 915
45569 789 301
789 46286 912730
45572 14664 338563
14664 4617 295632
4617 12874 879
12874 1419 494
1419 10535 297546
10535 35534 441144
35534 20564 664
45573 15019 340787
45574 47021 841555
45575 33902 993795
33902 3615 977546
3615 5639 286443
5639 37669 1000000
37669 37164 55057
45576 5825 904693
5825 3622 807552
3622 4808 960619
4808 5928 18788
45579 35857 333001
35857 10334 1000000
10334 11081 924047
11081 21537 769
21537 27184 705711
27184 48956 259297
45580 3063 168
45581 17582 981843
17582 3191 631
3191 10772 939365
10772 30670 1
30670 13181 822065
13181 33760 1000000
45582 6616 110297
45583 21702 929243
45585 45152 214799
45587 47530 1
45588 30889 917713
30889 45375 948475
45589 46043 922514
45590 6368 582
6368 36899 127006
45592 45226 934522
45226 4905 1
45593 10609 803532
45594 47784 930419
45595 46853 990229
45596 16890 659573
16890 8808 673
45597 28016 980959
28016 28747 136
45599 19643 936563
19643 37859 468
37859 18898 750
18898 31095 485619
31095 21177 903125
21177 13767 726
45600 45297 945718
45297 7321 241140
7321 3706 615952
3706 44315 312
44315 11794 573
45603 49693 803
45605 9420 916818
9420 18638 155174
45606 32631 997018
32631 47116 803060
45608 21635 385635
21635 28486 725023
45609 30664 286
30664 15796 729
45610 8044 999336
8044 859 934619
859 40013 217893
40013 14703 963
14703 31829 542
31829 7186 469766
7186 26538 588774
45611 13540 986904
45612 22211 1000000
22211 13766 944357
45613 15439 795082
15439 13719 542959
13719 44507 324536
44507 6788 993342
6788 46991 244229
45614 5517 655778
5517 25574 997769
25574 13886 1000000
13886 47503 628
45615 41667 341
41667 20643 1000000
20643 41686 179
41686 1186 601782
1186 25601 298
25601 36953 1
36953 10308 488
10308 37614 963999
45617 21745 606672
21745 38778 975286
45619 42855 965137
42855 44030 1000000
45620 44920 839336
44920 23867 999019
23867 23165 744
23165 42142 969529
42142 20224 1000000
20224 38859 907429
45621 10538 961008
10538 38345 832095
38345 30266 990
45622 44733 527
44733 11603 1000000
11603 40465 240746
45623 15597 610655
15597 14608 391
14608 20687 293458
20687 12691 1000000
12691 42224 246278
42224 10250 994582
10250 16295 442
45624 8423 995756
8423 40656 760445
40656 30945 576078
30945 2771 915296
2771 29158 144652
29158 6869 1000000
45625 31065 638
31065 28752 916489
28752 45906 975256
45626 30262 965208
30262 41061 852643
45627 11104 925
11104 18534 940921
18534 12374 910662
12374 46967 702591
45628 22071 358668
22071 41840 993781
41840 39447 580140
45630 5490 461399
5490 36712 67178
36712 22154 210
22154 27720 926411
27720 6441 936165
45634 17970 17
17970 30649 1000000
45636 42650 670086
45637 41019 916287
41019 1303 943617
45642 27096 963031
45644 4130 367528
4130 15683 224776
45645 32482 335822
32482 32188 976426
45646 5044 638258
5044 4304 1000000
4304 30191 941749
30191 12546 924518
45650 1918 975198
1918 12803 123873
12803 38357 976223
45651 3632 104999
3632 9410 969765
45652 46384 948025
45653 37321 246254
37321 30676 977666
30676 6226 933442
6226 42433 268880
45655 34018 203
45656 6088 1000000
45658 28046 741066
45659 7084 304330
7084 13055 930479
13055 3410 611956
3410 1877 1
1877 48204 904558
45660 45216 273672
45216 11884 981750
11884 5109 908617
5109 1878 928685
1878 38427 1
38427 9853 883
45662 11955 697703
11955 130 430639
130 22519 572
45664 15600 669
15600 9507 960199
9507 26295 751
45665 44226 864994
44226 16476 1000000
16476 25169 722
45667 46888 950778
45668 33839 998019
33839 41749 969638
41749 16128 914708
16128 49113 357843
45670 28056 623431
28056 13766 20142
13766 25272 943350
25272 47599 951738
45671 12821 934027
45673 42438 1
42438 5745 935666
5745 19958 948833
19958 17117 113
17117 35872 675
35872 19083 850405
45674 41061 981166
45675 35766 326693
45678 48438 972996
45679 26265 927922
26265 16222 681870
16222 33688 17260
33688 6744 1000000
6744 38488 979743
38488 709 948834
709 40331 982840
40331 6099 295
6099 48446 1000000
45681 48110 724059
45682 33675 733890
45683 8761 921484
8761 33914 105948
33914 18140 917068
18140 31303 451372
31303 43293 977226
45684 22963 1
45685 3454 1
45686 9207 238728
9207 32321 986108
32321 40031 995180
40031 29122 727788
45687 30933 1000000
45689 48180 890644
45691 13463 56800
13463 4270 978
4270 3772 695434
3772 11896 105
45693 4977 82862
4977 18607 562
18607 6589 68927
45695 43453 955365
45696 29586 340649
29586 10475 1000000
10475 24642 966387
24642 37103 349831
37103 3602 918566
45697 6510 931625
6510 25212 995773
45698 9410 286532
45701 19957 410138
19957 37392 946867
45703 13156 931205
13156 12549 269738
12549 39656 695
39656 29057 995562
45704 4095 670
4095 25803 925780
25803 28232 1
28232 45078 1000000
45078 34725 823397
45705 4574 958699
4574 13692 797267
13692 40718 1
40718 48999 342411
45706 18922 900409
18922 24909 955162
24909 23458 740785
23458 19754 958157
19754 35324 966519
45707 23788 334679
23788 46724 202864
45708 28277 528627
28277 9833 1000000
9833 31520 502007
31520 8966 622830
45709 2147 486869
2147 5607 772147
5607 10144 9167
45711 7703 750259
45713 13125 16
45714 17102 594
17102 24822 882833
24822 595 864
595 8626 670737
45715 7082 163
7082 10536 117188
10536 10285 301
10285 1146 682
1146 27433 969684
45718 19416 765885
19416 24783 242790
45722 12827 642292
12827 28438 371048
28438 40594 1000000
40594 34460 635
34460 1175 1000000
45723 45157 642005
45725 26391 946813
26391 48996 482
45726 40476 724
40476 23347 772
23347 34844 955098
45728 8536 93
8536 37490 932196
45729 46343 810
45730 20322 989640
20322 368 818749
368 16097 949374
16097 42792 820992
45732 3214 63575
3214 46112 950615
45735 41498 909404
41498 35086 817510
35086 29875 154566
29875 22963 248672
45736 45262 489564
45262 22140 986924
22140 21019 929048
45737 1574 981966
1574 6218 990937
45739 22286 791
45740 34374 928121
34374 10917 131
10917 41330 898403
41330 22606 932629
22606 26447 952713
45741 8930 936332
45742 18688 875
18688 47483 443
45743 26735 946931
26735 10710 609437
45744 27927 857910
27927 23316 910421
45745 47778 586415
45746 42375 971442
42375 35894 743122
45747 33267 1000000
45749 46621 901794
45750 35467 113534
35467 35668 250
45751 28161 428
45752 29508 1
29508 808 920999
808 8495 942896
8495 4835 398966
4835 18212 1000000
18212 42879 976118
45753 22571 925528
22571 35089 944483
45754 43303 1
45755 5753 66
5753 45273 609470
45273 47256 1
45758 26060 591322
45759 26802 632051
26802 3819 1
3819 40015 1000000
40015 32704 545948
45760 41713 926810
41713 21532 381926
21532 2960 576
45762 14131 950
14131 11470 1000000
11470 5075 905153
5075 31813 403766
45763 29389 966827
29389 21425 391
45764 46198 315507
45765 6605 624
6605 10554 901768
45766 45475 720
45767 38215 935211
45768 40083 330
40083 41304 1
41304 45304 434224
45304 43331 142
43331 1699 950032
45769 37075 245975
37075 23460 1000000
23460 17560 5
17560 14807 88405
14807 25333 802037
25333 35530 697061
35530 26194 909107
45770 41142 688742
45771 33707 1000000
33707 11396 953536
45772 40968 1000000
40968 30394 508804
30394 39808 949232
39808 32130 959695
32130 5088 1000000
45774 30072 925825
30072 33675 987111
45775 1800 305899
1800 36110 1
45777 31707 668694
31707 18281 958660
18281 42181 1
45781 34260 945
34260 42156 495670
42156 49454 904752
45782 24607 1
45784 34208 388202
34208 42726 765495
42726 28904 905
28904 45927 252261
45785 45578 594252
45786 48442 908731
45787 47946 848290
45788 31028 477566
45789 12048 917710
12048 15412 1000000
45790 36578 1000000
36578 17196 52144
45791 3921 939186
3921 33384 361572
45793 37786 31675
37786 1313 184
45795 38253 367
38253 9490 367671
9490 7858 927057
45799 27242 740
27242 43159 314149
43159 38357 986144
38357 32300 9
32300 18325 1000000
45801 29854 574712
29854 37801 82
37801 24022 388194
45802 42636 949368
45803 25138 961364
25138 44483 908966
45804 44655 911834
45805 28393 1
28393 27947 10
45806 38822 987833
38822 28223 724356
28223 16445 264742
16445 45313 996162
45313 42159 920153
45807 9087 890009
9087 6481 105
6481 54 463
54 5866 1
5866 2664 795997
2664 43698 831310
43698 21151 1000000
45808 48668 948273
45813 27000 993485
45816 34207 599837
45818 33536 331126
33536 20339 632880
20339 5983 908739
5983 6646 1000000
6646 43482 970269
43482 30812 1
30812 12260 947541
12260 43710 990559
43710 47208 910519
45820 44885 576479
45821 46184 912485
45822 34191 399
34191 13293 943308
13293 14343 1
14343 41024 971752
41024 36165 1000000
36165 29405 946
29405 30733 97416
30733 6229 498
45824 42328 960324
45825 42427 588034
42427 27214 1
27214 12228 1000000
12228 6933 361974
6933 42160 1000000
42160 39895 89124
39895 47492 944137
45826 36230 949186
36230 46995 279
45828 7303 799751
7303 8453 987267
8453 46039 227866
45829 15912 1000000
15912 15689 904003
45830 6462 467471
6462 20529 863969
45833 12770 905
12770 5384 186290
45834 48972 1000000
45835 28231 1
28231 24691 901548
24691 30011 1000000
30011 48249 317
45836 44171 837428
44171 40305 974678
40305 38414 935230
38414 9068 1
9068 1854 448
45837 17679 926466
17679 21975 282
21975 2726 389060
45839 11714 44
11714 38464 108
45840 38003 584
45841 47250 945030
45843 7725 869098
7725 38581 1000000
45844 13657 937940
13657 14737 523
45845 46066 682
45847 19315 907276
45848 6980 971971
6980 23466 902995
23466 47293 588
45849 754 179834
45850 36337 965025
45851 47829 1000000
45852 35055 186
35055 48717 73271
45854 49259 133
45855 46821 116
45859 29049 933715
29049 36190 243
36190 38689 1
45860 3647 908695
3647 22640 923531
22640 7017 979
7017 11609 879786
11609 1702 977160
1702 15064 719519
15064 34501 38876
45861 31429 965935
31429 33608 1000000
33608 48008 908860
45862 21245 247
21245 39960 343
45864 42302 613
42302 35070 950113
35070 21604 1000000
21604 11369 206513
45865 28457 394754
28457 16341 957171
16341 4457 936056
4457 44739 557
44739 26056 761330
26056 5670 751352
5670 26513 982030
45868 25447 580635
45869 5168 971933
5168 2754 659864
45870 19586 998061
19586 2064 1000000
2064 4042 936660
45871 44702 930
45872 48663 716814
45874 48187 938172
45875 27893 972724
27893 5836 999456
5836 36288 230
36288 15451 1000000
15451 45152 935225
45152 48842 1
45878 24550 987066
24550 34965 936379
34965 10307 101315
10307 32089 132
32089 37520 378505
45880 23687 1000000
45881 22853 1000000
22853 12113 1
12113 47023 775
45882 27237 257
45883 33206 389
45884 4250 955720
4250 9324 1000000
9324 9213 373309
9213 46494 920931
45885 358 236802
358 15154 1000000
15154 18711 250
18711 49457 1000000
45886 30206 1000000
45887 12943 902530
12943 39756 467706
39756 27679 842
27679 21692 918487
21692 30499 1000000
45888 12088 986710
45889 30223 917506
30223 1014 954744
1014 36345 422
36345 31305 11
31305 42737 921972
45890 203 979764
203 29289 96631
45891 45970 3
45892 39286 706283
39286 16034 1000000
16034 15308 1
45894 3088 1
45897 44989 322015
44989 11730 992448
11730 24897 750
24897 45189 909628
45189 38609 1
45898 11497 918330
45899 36660 140
45901 6458 985050
6458 17790 533
45904 2024 967795
45905 5615 527
45906 26193 990388
26193 18564 951839
18564 39570 978081
39570 41671 117701
41671 14877 1000000
14877 8204 733107
8204 7993 966331
7993 29027 940354
29027 32132 937482
32132 31795 517
31795 2548 822694
45908 965 1000000
965 18395 1
18395 8432 901246
45909 36604 1000000
36604 2879 909982
2879 35701 934397
45910 36700 457805
36700 10943 676907
10943 15808 370
15808 18485 939593
18485 48290 1000000
45911 7583 456744
7583 18427 401998
45912 39747 487133
39747 34886 372733
34886 159 919512
45913 46676 910832
45914 7749 980963
7749 30251 723
30251 706 954109
706 31468 968697
31468 5737 216664
5737 6869 971578
45917 30980 323466
30980 41924 946290
41924 22242 933147
22242 19758 955043
45920 48242 1000000
45921 43572 926208
45922 20720 726240
20720 28244 511407
28244 66 956205
66 9122 825
45923 40440 377010
40440 46218 1000
45924 44617 39
44617 46980 80
45925 23518 783
45926 23581 1
23581 23046 280626
23046 528 951277
528 16730 701398
45927 29218 442792
29218 24446 1000000
24446 21880 998578
21880 18561 914409
18561 14698 220
45930 12190 963842
45931 48150 1
45932 14938 1000000
45933 26199 657
26199 13586 794
13586 27573 939282
27573 33035 39395
33035 13168 240321
13168 44058 334
44058 1249 831
1249 18400 1000000
45934 6940 370
6940 2817 733294
45936 16164 1000000
45937 29602 394866
29602 21702 321405
45938 30359 976834
30359 43459 839825
43459 26498 798
45941 32083 869801
32083 30150 445464
30150 42997 956742
42997 37305 429173
37305 5367 952537
5367 41127 864064
45942 42882 650
42882 5453 1000000
45943 33878 124946
33878 41011 163268
41011 38021 1000000
38021 41 1
41 17721 873
17721 36364 711
36364 18324 952029
18324 33662 191180
33662 4568 1000000
4568 20192 560873
45944 33272 993532
33272 4892 229
4892 25535 936899
45947 26646 919676
26646 24739 475144
24739 12604 182194
12604 47919 462050
45948 18900 905170
18900 22025 162206
22025 48310 486337
45949 46296 644
45950 1018 530
45951 47236 739
45952 31452 610883
31452 37376 951484
45954 9660 934
9660 16961 307859
16961 1477 992867
1477 38752 16793
38752 18386 974670
18386 35678 199
35678 20242 565
45956 43030 1
43030 21839 29328
21839 14975 955730
45957 34380 983198
34380 38572 972844
38572 37201 996791
45958 39467 953117
39467 21392 900979
21392 4589 951548
45959 35342 183162
45961 33142 55
33142 1443 1000000
1443 23121 981667
23121 45233 1
45233 979 579400
979 11121 977943
11121 14321 901631
14321 28919 970244
28919 33634 917812
45962 34891 916839
34891 21666 1000000
21666 9290 946828
45963 44729 1000000
44729 30648 937929
30648 5902 139607
5902 17848 901006
45964 26180 1000000
26180 11141 1000000
45967 16730 291347
16730 43367 941266
45969 19995 822
19995 22944 959529
45971 49584 958929
45973 3463 97
3463 29251 67
29251 28150 409693
45974 43549 984921
43549 45819 577840
45976 30055 944472
30055 43299 943560
45978 18636 1000000
45979 17969 63897
17969 38530 948256
38530 27060 935633
27060 16175 1000000
16175 25171 997544
45980 2903 939405
2903 14471 926822
14471 29767 762877
29767 26152 1000000
45982 40140 929434
40140 33730 142191
33730 18750 414
45984 44144 1
44144 4988 447686
45985 5536 314962
5536 3794 1000000
3794 39504 806
39504 360 931435
360 11466 134
11466 440 1
45987 17849 150
17849 22318 908069
45989 3600 806
45990 2299 953700
2299 22106 1000000
22106 18968 932859
18968 26313 950918
45992 26210 223
26210 1937 80
1937 7152 533924
7152 331 1
45993 6062 19071
6062 29729 222
29729 15188 918896
15188 16307 933
16307 37789 961579
37789 25321 298652
45995 13307 809035
13307 16221 1000000
16221 35771 748218
35771 5218 923
5218 26068 831073
26068 26725 258905
26725 22191 1000000
22191 4742 19192
4742 9042 322977
9042 34133 601467
34133 43612 516400
43612 14345 673798
14345 23994 44783
23994 38676 1000000
45997 26867 965
45998 16001 1
45999 10324 959196
10324 30935 521013
30935 16927 945410
16927 35979 551838
35979 7248 910658
7248 24675 638651
24675 20347 1000000
20347 27389 246
27389 35867 956914
35867 19356 929373
19356 27754 1
46001 43798 1000000
43798 5611 114
5611 24653 994965
46002 43490 952450
43490 17997 756690
46003 10032 910673
10032 47393 401343
46004 2726 734322
2726 42008 1000000
46006 37992 435
46010 21379 966979
21379 20998 388577
20998 30051 960823
46011 32910 926161
32910 18936 527621
18936 16168 956995
16168 30714 962569
46012 36132 289882
36132 17282 489942
17282 43821 391501
43821 37019 977877
37019 4723 729467
46013 41702 635570
46015 42811 992099
42811 8332 1
8332 22208 694122
22208 2424 940512
46016 11766 1000000
11766 18357 935019
46017 11891 707630
11891 21003 320504
21003 23924 519299
23924 29266 574
29266 19824 1
19824 6906 710
6906 44395 945624
44395 16065 323103
16065 27495 707756
27495 1711 906938
1711 23388 960814
23388 30357 351
30357 6922 225331
6922 17336 590508
17336 12786 924831
12786 20718 922535
20718 14998 627351
46018 5619 951
5619 39007 936151
39007 19977 386173
19977 13950 916246
46019 30701 99
30701 29683 238327
29683 12675 96385
12675 20357 199115
20357 4249 950
4249 28165 984
28165 30277 924966
30277 1313 16564
46020 18246 379087
18246 15609 382385
46023 47236 1000000
46024 44134 724
46025 43825 311
46026 40390 922036
40390 37668 182577
37668 16815 914891
16815 13186 67
13186 38813 944824
38813 35594 908759
35594 11875 660431
11875 17845 1000000
46028 2919 910623
2919 9341 920501
9341 30511 219
30511 32351 230387
46029 6715 460
6715 12093 932614
12093 23545 773
23545 6002 193373
6002 36845 608857
36845 18017 918453
46032 44325 973766
44325 2724 553310
2724 15689 617894
46034 16851 914520
16851 15776 923894
15776 29334 1000000
29334 49169 763097
46037 18107 121942
18107 8306 941634
46038 3694 184003
46040 46972 953007
46041 44730 1
44730 17987 1
46042 10364 148
46043 15867 950983
46044 43586 927646
43586 25723 984822
25723 46808 233
46045 46596 1000000
46049 47473 317
46050 2720 316
46051 25327 1
46055 28125 906407
28125 49505 909001
46057 6174 937162
6174 42227 38961
42227 27298 901094
27298 9743 833965
46058 27166 235960
46060 26348 1
26348 21217 929062
46061 11197 1000000
11197 46912 976
46062 28214 1
28214 17021 1
17021 28912 1000000
28912 10987 671873
10987 41664 374
46063 38869 708
46064 22193 151734
46065 25729 282877
25729 47276 958309
46070 49125 365829
46073 29338 889547
46074 1075 1000000
1075 45648 984826
45648 6435 902962
46075 30763 132192
30763 4769 949448
4769 29817 934297
29817 6245 1000000
6245 9129 137
9129 21458 856435
21458 45669 909415
46076 1430 971615
1430 8387 1000000
8387 14677 805
14677 30254 516
46077 35612 916293
35612 36710 973661
36710 23053 426883
23053 12860 35422
46079 27547 1
27547 14647 904312
14647 20346 992247
20346 48778 1000000
46080 2642 978212
2642 47334 886120
46084 27168 468685
46085 45006 746044
45006 29517 938375
29517 14429 868677
14429 19295 78049
19295 8351 902917
46086 1369 1000000
46087 42289 651340
42289 33000 691
46088 34927 911648
34927 31051 936618
46089 42106 450797
42106 26140 291312
26140 21371 542535
21371 29302 800
29302 13837 994613
13837 13764 93
46090 49633 258232
46092 7992 931866
46093 8871 498948
8871 13914 920969
13914 4157 420
4157 17000 960722
17000 3268 155250
46094 3095 997823
3095 20242 101
46096 14215 560
46097 29104 1
29104 32704 156452
46098 22438 901521
46099 12099 455089
46100 21691 901911
21691 34011 934206
34011 30162 940
46101 15588 483
15588 29039 923417
46102 16026 514579
16026 15574 953979
46103 3507 491045
46104 45181 395749
45181 14251 858888
14251 15519 987734
46106 47885 904008
46108 46999 1
46110 25179 923030
46111 35671 998
46113 1538 1
46114 23316 1000000
23316 5142 429472
5142 16515 934046
46117 26597 692895
26597 28788 269587
46118 9122 1000000
46119 1129 918
1129 7929 1000000
7929 31205 964480
31205 24059 134253
24059 6998 126
6998 15220 1
15220 2308 1000000
2308 804 935504
804 25212 745556
46121 15919 319
15919 11982 943831
11982 2983 991810
2983 20669 863041
20669 5625 970064
5625 23420 920838
23420 38117 493520
38117 47520 626
46123 5073 149580
5073 19821 997866
19821 39580 61799
39580 17633 187951
46124 47398 934204
46125 40262 764
46126 4840 1000000
46127 31089 989
46129 6769 663
6769 19064 1
19064 6911 987834
6911 31953 105
46130 621 974367
621 47016 1000000
46131 19268 748
46132 16736 952603
16736 11539 60
11539 11988 942022
11988 37378 968527
46134 36186 1000000
36186 46392 323001
46136 23943 912
46137 20396 954630
20396 39702 968590
46140 1667 951874
1667 28075 24517
28075 1944 901072
1944 10214 791107
10214 35628 391974
35628 7521 982574
7521 30694 382994
30694 49342 966447
46141 41359 962412
46142 18139 531691
18139 16681 518512
16681 11389 825909
46144 7690 1000000
7690 21435 907926
21435 44387 734906
46145 44066 1
44066 18307 609927
18307 5250 711358
46146 48050 1
46147 43194 873500
43194 42615 1000000
42615 626 926048
46148 33155 53
46149 15928 425067
15928 4821 331997
4821 17403 976339
17403 24207 1000000
46150 15958 984332
15958 48537 532
46151 40038 1000000
40038 36905 953525
36905 11860 233260
11860 43139 460
46153 32228 691587
32228 415 1
415 37290 413400
37290 2191 952192
46155 38478 203
38478 26209 161
26209 43720 594202
43720 42396 345
46157 18166 903378
18166 14986 398429
14986 7041 797
7041 15487 135409
15487 25122 1000000
25122 45578 11064
46158 38568 320
38568 22977 272340
46159 37687 492
37687 21015 202031
21015 473 697
473 41614 791960
46160 25083 13990
25083 2792 938097
2792 21041 939141
46161 6665 135
6665 37502 1
46162 39640 69
39640 32905 379172
32905 12435 1
12435 31494 956787
46163 41546 196871
41546 4298 653892
46164 44911 414288
44911 3009 1000000
46165 40338 44979
40338 8571 925543
8571 21669 313496
46167 42988 403922
42988 3600 266428
3600 35289 636
35289 34030 528421
34030 13180 552997
13180 28313 196556
28313 9666 254297
46170 26746 207
26746 42478 1000000
42478 9103 1000000
46171 11358 785
11358 4697 662879
4697 28406 954257
28406 37320 133151
37320 12800 594955
46172 47567 80
46173 34956 901668
34956 27923 733406
46174 49673 970243
46175 31133 822269
46177 32857 172
32857 35170 494
35170 4557 199
4557 44391 304534
44391 26284 558597
46178 13759 813912
46179 32888 1000000
32888 35020 926758
35020 47190 984753
46182 19014 960979
19014 27698 977598
46183 7886 980661
7886 47170 425347
46184 9799 535059
9799 47594 763
46185 48752 929726
46186 43700 277716
43700 7178 593
7178 23087 1
23087 27638 124
46187 41303 1000000
41303 31239 911390
31239 21111 168132
21111 26648 341510
26648 42442 400979
42442 29397 268
29397 29682 409
29682 1473 1000000
46189 20549 902
20549 6561 908028
46190 9774 149524
9774 33243 902558
33243 17754 879
17754 719 903512
719 5485 915237
5485 37944 881
46191 46069 349107
46193 46926 638
46194 42782 941
46195 29118 869
29118 11319 1
11319 1685 300
46196 18007 995531
18007 38443 848
38443 12198 1000000
46197 12359 910370
12359 38674 998459
38674 40654 787507
40654 39161 920590
39161 14506 921418
14506 47780 741163
46198 2720 24406
2720 48159 1
46199 44326 474
44326 427 995088
427 33624 355463
46200 11827 676884
46201 38553 919004
38553 46781 945179
46202 20411 33520
20411 21646 199531
21646 17354 478
46203 4884 1000000
4884 27285 915970
46204 9645 966361
46205 25945 468
25945 47998 349328
46206 1975 856488
46207 45469 874327
46209 48189 1000000
46210 9780 944409
9780 40184 1000000
40184 44906 802374
46212 12262 905827
12262 38430 1
38430 16855 62385
16855 4345 1000000
4345 30696 624586
46214 29476 390886
46215 37593 991226
37593 5756 105536
5756 23611 931650
46218 22226 775374
22226 24199 986334
46219 36762 653384
46221 15036 944686
46222 7165 1000000
46226 43367 985647
46227 18260 919252
46228 10968 679
46229 1902 974257
1902 26284 774442
26284 40483 99974
46230 30390 506653
46233 9117 914695
9117 38053 973978
46235 17157 826945
17157 14800 884958
14800 9615 1000000
9615 10302 973090
10302 37755 427
37755 46664 318679
46236 26916 718
46238 32195 965182
46240 29753 508061
46241 16306 603886
46242 3044 564
3044 29096 499
46243 5799 139807
46244 20760 986940
20760 39982 517075
39982 44977 639448
44977 19049 760402
46245 28864 991683
46247 14801 256826
14801 8181 1000000
8181 29499 952
29499 21116 8
21116 11149 194633
11149 13182 280
13182 35636 774
46248 32967 1000000
46251 38617 806868
38617 27471 962394
27471 4513 921885
4513 27271 903603
46252 48204 705
46253 14053 910343
46254 42772 508
42772 29128 999679
29128 23408 432
23408 12905 982070
12905 47380 688828
46257 42138 935344
42138 39700 261807
39700 2521 993227
2521 16910 694
16910 32158 196645
46259 33846 994736
33846 4897 592
46260 35271 195164
35271 5667 904792
5667 18317 960284
18317 24998 750
24998 44590 984368
44590 31264 1000000
31264 16894 894
16894 31103 26472
31103 24626 858
24626 20878 586704
20878 36124 909
46261 34196 1
34196 48315 996146
46262 14097 23
46263 14029 1
14029 37054 135081
46266 44957 799
46267 10574 973368
10574 26560 956721
26560 43894 997949
46268 34078 946799
46269 18274 317841
18274 16067 685
16067 8430 409
8430 29372 907715
29372 41746 1
41746 25782 215268
25782 22315 989
46271 16932 504584
16932 5021 233518
5021 46347 491119
46272 36791 749503
36791 28161 1000000
28161 10638 258
10638 13648 643404
13648 4114 923651
46273 21612 933343
21612 8472 996376
8472 2623 986
46274 45486 472504
46275 10686 997977
10686 96 983937
46276 44153 734223
44153 48397 994198
46277 41655 1
41655 9211 695
9211 26153 986941
26153 43375 285292
46278 35955 939308
35955 18441 911397
18441 36820 935718
36820 38535 116700
38535 168 677
168 45514 997273
46280 5932 72
5932 37839 558
37839 32900 199821
32900 39390 738
39390 38792 660140
38792 29915 656
29915 15625 804200
15625 46014 908243
46281 13074 536
13074 38920 564807
38920 7156 945012
7156 29720 949857
46282 32326 1000000
46283 49063 724229
46284 6684 1000000
6684 17473 1000000
17473 3816 982645
46286 13981 671493
13981 24979 91656
24979 1896 804718
46287 44725 924582
46289 14155 200
14155 14448 169126
14448 40466 994888
46290 17384 100
17384 13916 553
46291 497 588024
497 27336 695641
27336 16150 74
46292 49561 484727
46293 17452 693226
46294 47861 914420
46295 13338 923873
13338 28660 96670
28660 40421 985206
40421 47327 907572
46296 7839 893916
7839 35072 614
35072 40176 733
40176 24126 778
46297 25794 965626
25794 44627 981167
44627 29835 820
29835 26466 397997
46298 27794 360313
27794 3903 974351
3903 21690 601298
21690 30891 1
30891 31021 965544
31021 28345 983876
28345 32463 953769
32463 1210 1000000
1210 841 969519
841 18054 871008
46299 41883 115
41883 4529 908713
4529 21188 202512
21188 17896 942
46300 27122 969492
27122 45647 950372
45647 10321 961121
10321 22039 356
46301 4318 906965
4318 4663 181629
46303 37555 1000000
37555 45399 900086
45399 10347 955897
46304 33424 529129
33424 12564 644691
12564 355 546770
46306 21870 991
21870 48191 1000000
46307 9478 670493
9478 20299 1
20299 10421 517170
10421 43430 790788
43430 5202 668705
5202 9598 382
46308 13504 558060
13504 29332 972802
29332 23447 688763
23447 34923 1000000
34923 30418 919583
30418 31953 985018
31953 17302 390
17302 15899 511
46310 25425 637
46312 47791 1
46313 9051 965
46314 41103 975802
41103 32992 1
32992 16514 1000000
16514 4761 964
4761 13951 1000000
13951 40528 1000000
46315 3984 937748
3984 42920 74
42920 11515 1
11515 16519 947
46316 28071 461249
28071 8671 909336
8671 35809 948311
46317 21653 968488
21653 21857 174022
21857 47721 722814
46318 23636 937904
46319 29763 1000000
29763 41676 899438
46320 19683 1
46321 38995 116
38995 20708 928191
20708 2108 567483
2108 19577 566101
46322 1776 212130
1776 41197 79856
46323 3929 1
3929 9705 1
9705 40675 1000000
40675 7188 1
7188 13755 732747
13755 28534 763883
46325 22202 1000000
46326 5254 996604
5254 29838 1
29838 5324 390
5324 3947 678
46327 48039 906
46328 6854 732804
6854 21778 941726
46329 32014 1
46330 27022 279923
27022 6523 999695
6523 22598 34
46331 14464 1
14464 6889 970922
46332 40163 686
40163 22125 609085
22125 11754 924060
46333 23719 967934
23719 13699 968516
13699 31495 288
46334 7507 642716
7507 48148 701933
46336 7062 429895
7062 2060 948225
2060 38297 295
46337 38106 944671
38106 16519 624
46338 13583 393343
13583 10459 699604
10459 7454 442
7454 33626 52693
46340 36004 498809
46343 49518 939361
46345 1554 903505
1554 31785 1000000
31785 7892 252413
7892 30953 947767
46346 19144 1000000
46347 18881 246559
46348 7704 912559
7704 28278 944689
28278 44388 585
44388 9085 31665
9085 9146 135554
9146 37276 123
46350 7564 958575
7564 29662 1
29662 10044 960942
10044 1383 1
46351 21476 984410
21476 41709 699694
41709 10607 404
46352 46914 997242
46353 27112 943158
27112 34233 665998
34233 5852 7
5852 31985 80082
31985 8236 764
46354 37836 1000000
46355 33040 1000000
33040 40070 113771
40070 31603 1000000
31603 28272 353720
28272 47288 911701
46361 19213 609656
19213 23225 349927
23225 24521 399
24521 28078 743133
28078 23535 969946
23535 19335 968577
19335 31774 454947
31774 48584 1000000
46362 5565 214955
5565 48931 1
46364 11326 787
11326 42137 535
42137 34747 986885
34747 37171 367339
37171 26745 324152
26745 35995 996399
35995 6015 980487
6015 25104 855720
25104 7759 991151
7759 30075 905903
30075 40135 1000000
40135 8618 899
8618 38496 928910
38496 31748 1000000
46367 33225 1000000
33225 26916 966773
26916 42009 198214
46369 5160 373
5160 8954 921499
46370 25968 989
25968 41487 715189
46372 49395 606
46373 33480 351
33480 18070 672
18070 13839 956709
13839 15251 384869
46374 19886 957403
19886 3033 493168
3033 33973 993737
46375 29169 966247
29169 33237 664
33237 40419 320
46377 14559 962015
14559 21753 273612
21753 38221 993770
38221 41270 958621
41270 41625 966519
46378 2943 431506
2943 29350 124
29350 27131 109
27131 19196 240
19196 8374 1000000
8374 35465 1000000
46380 10014 761165
46381 36580 919571
46382 28565 555168
28565 40605 970169
40605 45823 106493
45823 41711 783586
41711 16560 937701
16560 43079 207246
43079 7574 665916
7574 39165 224864
39165 2078 921108
2078 17987 925163
17987 23190 953830
23190 2725 903437
2725 20176 971005
20176 40124 545255
40124 47199 137661
46383 40238 953304
46384 26431 803
26431 8746 982753
8746 34704 907785
34704 4455 745
46385 46578 226393
46387 29904 998
46388 12189 934187
12189 42713 902171
42713 3461 243634
3461 4259 1000000
4259 15361 547850
15361 44122 559
44122 27530 382
46390 36765 984182
36765 39682 952757
46392 43669 947348
43669 27696 1000000
27696 44197 688
44197 41676 926311
41676 37760 47
37760 49344 963461
46393 13748 392374
13748 39308 994955
39308 26134 714
46397 49050 654231
46398 2514 952861
2514 28675 342593
46399 9866 130
9866 26956 948951
26956 17489 1000000
17489 22908 253
22908 7274 208689
46400 39583 993981
39583 22609 586595
22609 26272 254943
26272 23652 997416
23652 30103 372
46401 183 973583
183 36457 980516
36457 16452 908
16452 10309 937150
10309 15422 1
46404 27774 94278
46405 33983 944262
33983 33350 184540
33350 36112 899164
36112 15281 749995
15281 18782 996238
46407 43212 593260
43212 87 968600
87 22538 987170
22538 45526 884130
46408 18636 291587
18636 35924 921962
35924 20071 191056
20071 16768 464
16768 42507 901697
42507 28545 177957
28545 42378 588
42378 46748 259976
46409 35636 914878
35636 29123 911389
29123 18533 234702
18533 26087 313
26087 26912 924
46410 45876 980369
46412 16495 911932
16495 20779 73
46413 13971 955338
13971 40943 117352
46415 4048 1000000
4048 25110 324837
25110 25512 280903
25512 33488 598371
33488 26010 224
26010 28327 1000000
28327 22270 998890
22270 45178 1000000
45178 5100 997528
5100 32058 483
32058 37983 685936
37983 12935 976564
46416 16995 833011
16995 21083 515
21083 37620 651
46417 21122 912301
21122 35688 959167
35688 19573 962393
19573 6701 67815
46419 48525 946418
46420 38327 22
38327 19587 223826
19587 7337 824630
7337 11529 961136
11529 7297 972730
7297 20301 904445
20301 17576 1000000
46421 47361 804346
46422 3673 262700
3673 34914 920096
34914 4890 1000000
4890 38336 452
38336 18673 1000000
18673 42869 423907
42869 25919 912778
25919 37228 776696
37228 27390 1000000
27390 43395 774
46424 11851 512497
46425 14430 920432
14430 33726 438397
33726 10841 902650
10841 16585 328906
16585 1455 1000000
1455 11954 630
11954 44546 1000000
44546 22223 39689
22223 38282 180545
38282 2511 988389
2511 2534 1000000
2534 12970 917909
46426 35131 358870
35131 4746 1000000
4746 21231 999684
46427 33587 903670
33587 38921 569944
46429 34261 293
46430 19037 628550
46432 37118 519
37118 40129 921066
46433 12571 1
12571 44605 961
46434 14531 577777
14531 24823 936100
24823 13012 582692
46435 41372 986834
41372 33368 823171
33368 43896 750743
43896 2593 824412
2593 21004 952725
21004 6737 450600
6737 5001 221
5001 30 343745
30 24258 41
24258 2757 274859
2757 43117 207
43117 26968 700
26968 29275 938443
29275 27723 426
27723 39879 687806
39879 45060 1000000
45060 25400 1000000
25400 34272 949150
46436 43401 382827
46437 10743 965350
10743 22808 858
22808 13849 454
46438 19687 77765
19687 30971 861166
46439 43876 910214
43876 14979 1000000
14979 4573 971057
46441 46000 370797
46442 10284 985042
46443 11110 965201
11110 23839 1000000
23839 13264 236216
46446 48923 932
46449 20521 1000000
46452 36762 977290
36762 9538 976715
9538 14982 985965
14982 44147 243690
46453 31419 877735
31419 11345 1
46454 13720 121389
46455 12961 1000000
12961 32469 961113
32469 39573 910279
39573 21056 903922
21056 42914 967730
42914 47416 243
46456 24924 2129
24924 2437 396
2437 43719 956771
43719 35364 1
35364 47361 1000000
46457 26089 1000000
46458 41163 170417
41163 17813 959235
46460 12109 962266
12109 29125 996460
29125 34382 999103
34382 28198 934222
28198 14981 1000000
14981 35783 539282
35783 22130 925980
22130 3493 909803
46462 36391 952083
46464 18560 846
18560 44000 939789
44000 40673 945837
46467 34434 981059
34434 1278 1000000
46468 42235 952
42235 42395 338321
42395 38954 984506
38954 22568 607
46469 28296 1000000
46470 2694 987513
2694 44149 506
46471 41435 987822
41435 771 1000000
771 2125 330988
2125 5175 926140
5175 1974 781009
46472 34043 933935
46473 14950 907137
46474 34591 665931
34591 2964 732500
2964 42613 1000000
46476 704 299
704 37368 974582
37368 43803 233887
43803 9172 569
46478 20883 1000000
46480 2366 982021
2366 36266 864925
46482 31742 384025
46485 16876 687825
16876 42645 939208
42645 11882 917553
11882 21123 967457
21123 36209 646820
36209 37408 978684
46486 24926 482302
24926 29130 959349
29130 8951 74
8951 34069 211166
46487 26914 102
46491 40888 1000000
40888 47383 914316
46492 27908 830
27908 43397 990442
43397 49678 448992
46493 40858 757585
46496 18106 934853
18106 34061 1000000
34061 13547 928823
13547 20703 707006
20703 15609 418180
15609 33064 926646
46497 1230 27158
1230 32782 60507
32782 19997 902594
19997 40249 845906
46498 4945 1
4945 46563 911026
46499 19987 52
46500 32664 983143
46501 28239 971556
28239 9410 1000000
9410 18724 284884
18724 10212 675663
10212 46133 942100
46133 10016 228
10016 38136 946658
46502 33339 109009
33339 8896 997493
8896 28318 772
28318 37920 946014
46503 37574 424044
46505 18389 63713
46507 36748 780
46508 15574 1000000
15574 23900 1000000
46509 13433 985313
13433 32971 1000000
32971 39702 899
46510 27782 743184
27782 13488 379636
13488 17191 940838
17191 5978 390
5978 46302 932891
46514 19539 69624
19539 24025 591957
24025 3947 988082
46515 43072 112
46516 21909 909931
46517 28857 893770
46519 23622 900381
23622 37205 515
37205 22706 901535
46520 14890 959539
14890 45470 232576
46522 35392 1
46523 14637 1
14637 1103 931825
1103 3102 528188
46524 25430 973456
25430 28819 939279
28819 36395 153
36395 31551 963845
31551 35668 36659
46525 31155 969105
31155 14682 808
14682 39689 191366
39689 13366 455827
13366 37711 914707
37711 45278 530
45278 49484 847622
46526 9918 936262
46527 33762 917489
33762 21790 926282
21790 44809 367462
44809 7713 821435
7713 48093 658
46531 9381 816
46532 34362 147629
34362 27263 902570
46533 9782 986260
46534 20133 596
20133 48889 206
46535 4034 856710
4034 23198 299
23198 16352 916832
16352 43386 993187
43386 72 1000000
72 15162 919629
15162 28320 399
46536 48699 990951
46537 49314 950754
46538 13107 944428
13107 19689 1000000
19689 25758 654489
25758 10095 930654
10095 47721 908507
46540 34241 639558
46542 28948 930173
28948 37434 616
37434 21393 121831
21393 21321 926
21321 41952 1000000
41952 37876 160
37876 12595 1000000
46543 33891 72
33891 20916 188372
20916 43261 981269
46544 37747 956023
37747 25418 957271
25418 41975 7109
46545 34650 239
34650 13762 835271
13762 6767 988042
6767 13575 1000000
46546 33579 163880
33579 37779 152642
46547 9546 942351
9546 45876 322533
46548 28201 227492
28201 2960 819795
2960 49438 129243
46549 5923 907425
46551 9707 935
9707 3169 939385
3169 40929 849
40929 23951 906346
23951 31841 1000000
31841 23897 908790
23897 12633 623965
12633 24811 1000000
24811 15396 1000000
15396 24056 1000000
24056 31918 6629
31918 45329 1000000
46552 18196 926396
18196 36680 56
46554 48302 316
46555 24403 28127
46556 19555 986268
19555 32948 621275
32948 18501 963551
46557 43320 216818
46558 6861 1
6861 32756 760258
46560 21860 953628
21860 34377 485775
34377 42700 630158
46561 15090 1000000
15090 16996 980161
16996 17781 863789
17781 35368 506909
35368 17123 960679
46562 41954 19634
41954 15363 646723
15363 3190 990228
3190 24469 309
24469 22955 372
22955 6961 965
6961 9731 994968
9731 5348 577
5348 2982 930433
2982 11433 574068
46563 8525 982913
46564 18053 643171
46565 48447 937704
46566 46054 117
46568 40175 940260
46570 12826 1000000
12826 26740 995002
46571 42074 901626
46572 48948 592408
46573 21723 952466
46576 17851 162206
46577 16038 957062
16038 46731 924000
46579 7698 924137
46584 249 898097
249 25153 357291
25153 19843 969429
19843 15932 1
15932 23842 291758
23842 6303 657403
46587 1570 929
46588 25618 464388
25618 10710 980506
10710 7128 1000000
7128 37043 10
46589 30448 1
46590 17048 508
46591 37095 976949
37095 41037 906687
46593 19855 943980
19855 27850 37
27850 28687 919790
46594 11769 325517
11769 20434 245647
20434 7453 773940
7453 9782 1
9782 8623 343149
46595 15888 854450
15888 40384 1
40384 2042 1
2042 44860 901462
44860 25827 976073
25827 45527 975854
46596 10289 992219
10289 29244 482
29244 40777 946864
46597 47258 111699
46598 13718 147
13718 9984 932222
46599 293 902156
293 22216 908387
22216 26805 1000000
26805 1142 910573
1142 44069 1
44069 37654 460931
37654 14063 1000000
14063 32275 213
32275 28033 944813
28033 26899 868892
26899 17788 732718
17788 39588 137106
39588 25572 295231
25572 4221 929105
4221 14398 359022
46600 24488 253873
46601 14551 1000000
14551 7797 874
7797 23479 413
23479 44496 748104
44496 25386 776022
46602 32862 1000000
46603 17356 965
17356 18161 958436
18161 9554 940525
9554 144 984755
144 14070 223386
14070 31144 936067
46605 14645 999609
46606 14907 953911
14907 26571 1000000
26571 32170 380741
32170 37471 64347
37471 26134 391715
26134 34008 683
34008 42766 1000000
42766 30832 192466
30832 21421 261
46607 18349 925508
18349 1722 1
1722 3694 932361
46608 4110 994957
4110 27640 891
46611 3210 254
3210 43484 96262
46613 42464 979842
42464 21421 36055
21421 45184 973627
46614 16979 173
16979 11767 971152
46615 4883 219952
4883 21079 166440
21079 10532 955730
10532 44461 995657
44461 9100 909247
9100 22400 789
46616 19398 812141
19398 18464 178716
18464 21313 944611
46617 15778 592
15778 17289 1000000
17289 17968 1
17968 1107 659
46618 46891 1000000
46619 21772 487225
21772 29560 993273
29560 40489 89982
46620 10858 971262
10858 39565 1
39565 22396 1000000
22396 21769 632962
21769 33845 902227
46622 26127 955350
26127 9177 919473
9177 585 149
46623 35065 1000000
35065 19031 950959
19031 13381 454
13381 37300 788
46625 42479 20153
42479 25444 1
25444 22754 423744
46626 36199 942407
46627 17439 855487
46628 37329 962186
37329 20036 357078
20036 46095 646110
46095 28493 96571
28493 19388 937023
46629 41798 906349
41798 4679 972332
4679 39782 1000000
39782 1616 337596
46630 45494 479885
45494 44579 140
44579 20219 994240
46631 27227 476432
27227 4571 961893
4571 20957 946903
20957 15388 410
15388 36611 600
36611 16888 970611
46632 40425 999785
40425 27333 939918
27333 13485 976756
13485 19853 355
19853 11847 145
46633 35674 179222
35674 31206 432
31206 38939 897
38939 15479 958766
15479 22555 903114
22555 13444 156040
46635 40356 485974
40356 145 1
145 7224 956127
7224 27765 997288
46636 14403 991123
46637 23498 977917
46638 20849 900513
46639 15815 510
46641 13829 980011
13829 21299 907182
21299 28407 98
28407 40332 466
46642 6356 245
6356 15087 1000000
46643 22705 304094
46644 9 978869
9 34106 936398
46645 42468 834416
46646 44732 438982
44732 20270 748
20270 9308 130938
9308 46239 261313
46239 26471 938023
26471 49634 939064
46647 44005 1
44005 49491 1000000
46650 37055 577772
37055 17722 1000000
46651 8985 194852
8985 8370 973190
46654 30735 1
46655 40023 738460
40023 31371 938743
46656 37915 998500
46657 43486 453
43486 25646 708113
25646 42465 1
42465 34528 1
46658 13288 1000000
13288 6735 105
6735 22284 1000000
22284 39379 831491
39379 19242 942859
19242 9798 984608
46659 39058 903005
39058 4965 248
4965 48039 933138
46660 17807 1
46662 32539 337475
46663 34004 355
34004 28505 653207
46664 45692 58987
45692 20484 990931
20484 2723 902917
46665 39963 977880
39963 12568 1000000
46669 28492 960
46670 30658 476002
46671 3561 804
46674 39934 1000000
39934 32404 950294
32404 28355 88618
28355 21250 907660
46675 26363 971029
46676 7755 852584
46677 31498 304
46678 22563 716
46679 6126 902688
6126 3887 970301
3887 22931 985427
22931 2316 930831
2316 28076 122
28076 14296 632
14296 48209 534
46680 28512 918
46681 16470 920620
16470 6033 1000000
46682 41394 997091
41394 13810 124
13810 32264 315093
46683 21151 585650
21151 29644 922130
29644 13928 125
46685 35879 237
46687 13630 466
13630 11946 1000000
11946 35900 943670
46688 22526 33
46689 25189 991
25189 24378 995418
24378 45344 938860
46690 15300 394971
15300 31026 997937
31026 33617 956498
33617 3162 960785
3162 32426 212626
32426 8825 65463
8825 1439 904387
1439 24583 999984
46691 41936 770
46692 29351 980114
29351 16057 949087
16057 4982 1000000
4982 39936 695
39936 45797 979891
45797 20975 654102
46693 33573 1000000
33573 37021 1000000
37021 14320 386734
14320 12102 926607
12102 4417 1000000
46694 28747 14155
28747 45299 23
45299 6259 925562
6259 13051 1
13051 18399 838970
18399 18501 783501
18501 22778 893
22778 36072 996181
46695 28507 900769
28507 34769 19206
34769 44180 355
44180 10990 1000000
10990 31708 71789
46696 10718 935014
46697 10241 1000000
10241 42032 880849
42032 14468 612879
14468 10488 1000000
10488 5944 921079
46698 3604 575321
3604 40081 776767
40081 28911 550543
28911 49035 476866
46699 27656 904256
27656 44822 886
44822 17791 623946
17791 20599 974691
20599 36011 1
46700 37645 931048
37645 25399 908812
46701 499 41
46702 46394 793900
46394 45935 909087
45935 14347 478982
14347 26083 940478
26083 44061 1000000
44061 6807 533264
6807 16103 1
16103 48094 994881
46703 21239 85463
21239 25447 903097
25447 27941 1
27941 37065 981624
37065 9273 927384
46705 40130 454
40130 17545 983618
17545 15395 940388
46706 33698 473
33698 34443 907594
46708 2550 905132
2550 15423 1000000
15423 22021 234
22021 48417 209216
46709 13888 533
13888 32121 984
32121 34896 960906
46711 15583 526528
15583 10834 308
10834 36861 910
36861 47277 1
46712 37011 541935
37011 15070 604995
15070 35389 339
35389 11588 263309
11588 22149 643867
22149 40506 643
46713 30897 997408
30897 42750 286
42750 9987 953140
9987 37896 992939
37896 40524 616478
40524 19658 955965
19658 20343 1
20343 38706 957
38706 11898 535746
11898 39792 648848
39792 22952 820913
22952 25531 1000000
25531 5620 140906
5620 31910 704475
31910 15260 800584
46714 13135 989809
46715 23765 1000000
23765 14842 903074
14842 39179 923657
46716 19914 15998
19914 4070 420930
4070 11760 876155
11760 43767 593
43767 18298 448141
18298 1568 950598
1568 9172 53735
9172 47403 926310
46717 46211 997911
46211 18849 1000000
46718 20330 532013
20330 47684 1
46719 13982 160085
46720 24274 971187
24274 5968 163
5968 43182 845786
43182 6679 1000000
6679 26459 941509
26459 18102 617558
18102 39314 932425
39314 20652 942950
20652 21483 970339
46721 24212 85
24212 26446 321
26446 35473 461344
35473 7934 574826
7934 48126 815054
46722 22925 902183
46723 32049 966892
32049 46640 157
46640 34372 122136
46724 8149 912969
8149 24267 463
24267 48068 960127
46725 31611 976097
31611 17577 105145
17577 26513 992528
26513 42070 925187
42070 13593 938904
13593 28389 965875
46727 6696 817
6696 5120 215
46728 42161 130009
42161 10948 951502
10948 48514 667027
46729 27806 1000000
27806 18704 1
18704 47660 1
46730 22705 165130
22705 17280 957779
17280 38280 151
38280 10471 926951
10471 34484 1
46731 2376 1
2376 28022 762753
28022 45717 984527
45717 33184 171372
33184 10496 930101
10496 9413 136
46733 38707 994527
46735 12650 49
12650 36055 918847
36055 36437 947094
46736 29516 917323
29516 30463 973585
30463 46341 948715
46341 43428 243
46737 31577 195701
31577 20573 660582
20573 43566 1000000
46738 23631 394
23631 1369 729356
1369 17088 760839
17088 13437 665
13437 16617 124
16617 36171 999072
36171 39082 1
46739 13410 161
13410 4655 917148
4655 40794 1000000
40794 40267 138354
40267 35431 429526
46740 30465 492534
46741 16317 234
16317 21484 969012
21484 26310 416
26310 41429 998281
41429 5437 275378
5437 9403 943
9403 42328 541
42328 19910 964355
19910 41935 1000000
46742 32714 912902
32714 48314 615671
46744 47071 383
46745 40884 561
40884 4562 965787
4562 5515 1000000
5515 16752 966937
16752 16115 722
46746 16636 435997
46747 8303 1
8303 48350 1000000
46749 15173 107746
15173 12451 961013
12451 28813 78965
28813 38369 725532
38369 25592 960336
46750 47522 884400
46752 45598 1000000
45598 32877 751
32877 581 653
46753 27329 949668
27329 25754 629098
46755 45120 900750
45120 12433 949891
12433 43693 996648
43693 30845 172533
46756 37371 1
37371 20219 903715
46758 30197 1000000
30197 39145 949502
39145 2418 971661
2418 7432 549
7432 40483 964389
40483 17529 447
46759 48981 908231
46760 12544 969667
12544 5779 765664
5779 48244 584687
46762 5710 792
5710 2866 22854
46763 34079 948010
34079 9836 19
9836 32710 139621
32710 18096 1
18096 42311 963267
46764 9609 867150
46766 24686 983379
24686 21304 956464
21304 14050 1
14050 20955 745125
20955 45395 193
45395 32929 181804
32929 17300 529091
46768 19629 253
19629 42648 988453
42648 3029 635
3029 20382 66438
46770 43753 108114
43753 48537 913237
46771 49609 1
46772 8639 537853
46773 7332 1000000
46774 4236 572
46775 33507 967044
33507 48732 958703
46776 2335 41
2335 40747 913422
46777 45415 709117
46778 20341 705
20341 30656 578686
30656 39094 523
39094 17845 1000000
17845 46923 979056
46779 47034 104
46780 49457 857
46781 49128 926898
46782 4606 412039
4606 5951 817
46783 41773 254636
41773 1561 565870
1561 1316 267065
1316 37630 928148
46784 24049 615958
24049 28594 896920
28594 43318 1000000
43318 42666 288829
46786 34977 1000000
46787 14735 1
46788 10540 1000000
10540 22934 1000000
22934 36041 963739
46789 164 973318
164 31120 908148
31120 3856 749729
3856 32516 713025
32516 26684 1000000
26684 28296 352768
46790 40408 431872
40408 15321 132474
15321 46882 629
46791 46704 957168
46792 14040 1000000
14040 44763 475402
44763 17035 422771
17035 25296 1000000
25296 45945 1000000
45945 40692 976656
40692 30617 547
46793 44017 732
44017 49625 1000000
46794 809 20206
46795 22534 522948
22534 9332 1
46796 17692 920149
17692 21487 1000000
46797 38571 413728
38571 37557 997807
46798 18188 968690
18188 32498 823362
32498 24457 172
24457 29064 1000000
46799 29224 969023
29224 13479 334
13479 4228 269105
4228 24825 988506
24825 16496 977236
16496 5830 802832
46800 35888 916046
35888 46112 481198
46801 43348 981954
43348 15344 980410
46802 28203 907307
28203 11132 79263
11132 8409 1
46803 29605 995566
46804 43778 202
46805 27565 883991
27565 8083 483698
8083 17506 917973
46807 20435 916457
20435 33409 920102
33409 93 877124
93 22752 1
22752 22022 945775
46808 48375 1000000
46809 31011 954431
31011 11855 1000000
11855 21174 1
46811 25075 934144
25075 9687 918035
9687 32111 1000000
32111 35385 909774
46812 42326 459198
42326 28693 987954
28693 30933 989
30933 19144 2621
46813 14133 279
14133 27976 1000000
27976 31794 375
46814 6528 376
46815 25489 535
46817 11165 228690
11165 21562 510
21562 16550 1000000
16550 13254 955544
13254 14698 288
14698 38905 1000000
38905 35947 741144
35947 22470 977242
46818 35288 546408
46820 38986 816839
38986 10558 958458
10558 21131 981231
21131 36325 673
36325 38539 33
38539 14803 14714
46822 5774 325
46823 8066 1000000
8066 11219 940504
11219 43960 497
43960 45068 1000000
45068 20059 991153
20059 8038 495485
8038 18639 155352
46824 32544 946463
46825 14956 941499
46826 26508 393
26508 13896 1000000
13896 42706 690
42706 40609 1000000
46827 44958 1
44958 7692 289
7692 38296 909292
38296 8711 1000000
46829 25090 874
25090 2254 4924
2254 10178 939244
10178 39608 113767
46830 824 358346
46831 46653 585318
46832 35101 198
35101 43838 909
43838 43622 445260
46833 33598 302777
33598 46986 943727
46834 1486 901995
1486 28082 910703
46835 17337 1
17337 18373 878792
18373 21995 588
21995 27183 399345
46837 11536 976358
46838 40631 1000000
40631 14566 960
14566 37836 802
46842 1314 1
1314 30390 951912
30390 48947 995939
46844 32586 533293
32586 17061 257035
46845 45024 942732
45024 18660 576311
18660 15770 1
46846 46069 361
46069 3009 992716
3009 34106 534424
34106 47705 1
46847 45873 734438
45873 27635 920979
27635 22244 875761
22244 32080 1
32080 9743 41954
46848 10062 398
10062 31233 1000000
31233 20342 1000000
20342 6882 622552
46849 24654 735257
46850 44595 1
44595 47646 656
46851 18053 1000000
46853 49414 529
46854 34297 967494
34297 8808 1
8808 36376 928591
46855 41669 451791
46856 14944 384
14944 22588 1000000
46858 17122 691338
46859 46279 411
46279 44223 152
44223 21342 207132
21342 42008 1000000
46860 18933 102010
46861 31983 905048
31983 44415 218539
44415 24911 30
46862 37783 737
46864 8739 973969
46867 46223 1000000
46223 37378 376
37378 46414 546
46414 25506 956982
25506 49476 386
46868 3427 978
3427 45584 995063
45584 18642 951302
18642 928 169
928 7351 717
7351 26794 996577
26794 484 244
484 32365 321270
46869 39167 16692
39167 19414 989722
46870 38527 728087
38527 35460 792797
46871 23768 826130
46872 23327 301623
23327 21329 901197
21329 43622 941143
46874 42602 976295
42602 17345 755639
46876 46967 994961
46877 24190 729846
24190 19423 949313
19423 22380 972
22380 7675 487393
7675 44207 1000000
44207 18073 477489
18073 14018 676
14018 15765 261986
15765 11226 645
11226 48313 985022
46878 11940 994668
11940 19570 925160
19570 7067 906501
7067 34532 339043
34532 13851 264
13851 40820 60
40820 28927 1000000
28927 1838 790225
1838 16679 1
46879 25064 1000000
25064 28829 918186
28829 26641 624341
26641 25567 996
25567 42611 558
42611 49285 972579
46883 412 718141
412 42450 718887
42450 23307 866
23307 35587 249488
35587 21217 1
21217 5746 411
5746 15002 986454
15002 31609 211432
31609 13728 697493
13728 15774 903224
46885 28326 464731
28326 26765 1000000
26765 11550 961279
46886 4778 992050
4778 29070 597579
29070 3707 999558
3707 29955 1000000
29955 43036 440703
43036 46285 711
46887 29057 888833
29057 43675 396221
43675 49228 414860
46888 32144 469309
32144 12302 777642
46889 4552 91
4552 17991 465805
46891 216 938481
46892 3936 828690
3936 45972 149526
45972 36216 1
36216 47178 1000000
46893 35331 769205
35331 28220 985046
46894 47132 900756
46895 27382 763758
46897 30116 163526
46899 6441 1000000
46900 17979 315
17979 34688 953822
34688 19296 920274
19296 13674 865
13674 8 1000000
46902 16935 484900
16935 45504 130
45504 33741 899038
46907 12651 929024
12651 5649 381
5649 33385 980360
33385 14943 761271
14943 45452 913585
45452 11252 970212
11252 17459 723510
17459 21135 439460
21135 8104 1
8104 21636 1000000
46908 33127 873
33127 20051 906436
20051 49094 621594
46909 38487 480336
46910 22598 154017
22598 49658 685557
46911 43233 82370
43233 42009 951736
42009 6325 1000000
6325 25414 240122
46912 46979 902515
46913 30215 750
46914 48611 680324
46915 12420 291
12420 2750 923920
2750 21384 654
21384 28292 919827
28292 30593 1
46917 35242 443
46918 12703 940730
46921 45591 854
45591 10715 1
10715 44650 1
46922 8459 926645
8459 43658 242024
43658 43227 407896
43227 1743 783
1743 41462 918546
41462 3768 678
3768 48785 244199
46923 45688 105501
45688 11428 151479
46925 36340 988648
36340 24103 1
24103 34588 1000000
34588 28144 694393
46926 13001 907
13001 29260 599
29260 21452 988985
46927 11015 815
11015 40745 965350
40745 6702 1000000
6702 5212 238672
5212 35343 485533
35343 18933 933371
18933 24148 72125
24148 30971 163740
46928 7360 511417
7360 26515 802399
26515 25490 1000000
25490 729 988892
46929 27247 749037
27247 6240 518
6240 16650 183045
46930 35749 901382
35749 9515 250
46931 1003 78384
1003 23186 152583
23186 25502 948420
25502 32811 985951
32811 28699 1000000
28699 20277 911962
20277 34018 736
34018 49629 336931
46933 31588 1000000
31588 17897 910248
17897 31327 900578
31327 45526 861
45526 26094 980280
26094 18634 980739
18634 14764 822
14764 49045 341
46934 19287 956894
46936 47251 580687
46937 28733 596
28733 44009 926342
44009 40263 305
46938 42129 976889
42129 25237 830977
25237 5788 1000000
5788 6285 904156
6285 36084 986626
36084 3641 929643
3641 2597 171665
2597 576 761
576 35347 204678
35347 3560 262480
3560 4255 821
46939 40310 1000000
46940 47209 975855
46942 28215 965826
28215 42607 565108
42607 26 167630
46943 18420 907
46945 21055 937208
46946 6029 998662
6029 3419 110224
46948 33958 998930
46950 2127 919282
2127 47239 952145
46951 36300 608834
36300 5157 1
5157 27090 983024
46952 5479 214
5479 43851 906968
43851 14407 157
46957 7181 869954
46959 3741 918306
3741 4713 954366
4713 11778 947594
11778 19205 1
19205 31963 1000000
46961 2585 847044
46963 27754 945424
46966 43338 266
43338 27515 106
27515 32309 535795
32309 26306 542180
26306 642 1
642 15217 963615
15217 24543 984149
24543 19551 924
19551 17270 985868
17270 1921 42
1921 42671 917027
42671 6330 1
6330 44650 985420
44650 11052 605198
11052 47568 346069
46967 3454 930894
3454 36919 420248
46969 45531 1000000
45531 29821 593359
29821 13458 774820
13458 28304 929630
28304 18262 963326
18262 46839 330
46839 26570 503106
26570 26440 1000000
26440 42889 477884
42889 9563 980
46970 49319 918580
46973 31773 975514
46974 48680 985804
46977 7379 253518
7379 31359 954263
31359 15504 926552
46978 16230 1000000
46979 42117 886822
42117 314 309
314 44425 962393
46980 5494 435130
46981 4647 119552
4647 12568 337
12568 40178 674591
40178 33139 290517
33139 40073 867627
40073 46448 951064
46982 14457 993601
14457 1098 811835
1098 8973 931
8973 44602 924903
44602 49659 297011
46983 8186 426055
46984 16805 941836
16805 584 33381
46985 34016 951452
34016 29882 292472
46986 39491 992516
39491 46836 23
46836 3209 933814
46987 48088 999109
46988 43934 956469
43934 10806 1000000
10806 1151 949179
1151 16210 914807
16210 39216 918707
39216 32768 1000000
32768 24195 760932
24195 49338 949429
46990 9685 821
9685 34200 344662
34200 6734 999
46991 27477 962814
46992 22840 169
22840 49311 225
46993 14984 610
14984 40403 630760
46994 48767 904114
46995 29358 187
29358 16526 986
16526 8401 223332
8401 33203 378157
33203 43303 441831
43303 40853 376088
40853 10490 987387
10490 36790 878923
36790 22340 932427
22340 38891 278974
46996 14980 137083
14980 8611 454
8611 40455 952135
46997 14771 995157
46999 7389 432
7389 5400 909678
5400 16556 667208
16556 23800 464629
23800 48211 911460
47000 29783 1000000
47001 35211 770082
35211 5329 946460
47002 15957 351141
15957 19596 653696
19596 28032 149689
28032 8853 242
8853 15450 1000000
15450 42159 997972
42159 28557 951035
28557 46030 951245
46030 46559 752625
46559 1934 928381
1934 31479 406
31479 29779 1000000
29779 49469 912735
47003 5773 980173
5773 23554 931458
47005 14778 18418
14778 43108 979
43108 1088 943993
1088 6248 990173
47006 2672 226
2672 25129 908453
47007 8875 921
47008 2820 1
2820 2242 933871
2242 30546 250
30546 17169 553642
47010 38461 1000000
38461 14223 540106
14223 36909 66644
36909 6680 499697
6680 40851 104
47011 39901 968970
39901 23154 348945
23154 7294 173130
7294 25067 407802
25067 14310 519
14310 14125 106
14125 27972 914963
47014 5923 1
5923 37602 223946
37602 25754 488621
25754 22803 151
47015 13601 656459
13601 34022 784761
34022 14994 957011
47016 34842 77
47017 21303 297
21303 41552 1
47021 30707 394
30707 23415 1000000
23415 46652 934784
46652 38284 553461
38284 27433 645750
27433 18097 911031
18097 24989 904633
47022 17084 370611
17084 12925 380
12925 13907 1000000
13907 46463 901195
46463 40303 1000000
40303 22618 1
22618 18259 975040
47024 48197 965442
47025 9744 1
47026 27721 961687
27721 22459 659
22459 16631 929569
16631 32993 229168
47028 47102 520
47031 4432 502366
4432 47889 937324
47033 40335 136537
40335 2360 220629
47035 32291 651
32291 28547 981191
28547 18265 949778
18265 31455 941482
31455 5101 1
5101 24111 1000000
47036 40849 1000000
47037 38707 523643
38707 17717 308874
17717 3954 571811
3954 8970 951942
8970 32101 959814
47038 38820 148
38820 42506 737
42506 47931 693
47040 38395 119
47041 15373 164925
47042 12868 933783
47043 40205 649
40205 38509 921
38509 7230 897324
7230 9652 632
9652 6049 977883
6049 28245 1
28245 46302 488
47044 22297 985088
22297 42857 1
42857 37502 394676
37502 6768 933107
6768 28163 1000000
28163 3633 981480
3633 14919 450138
47048 40846 721451
40846 47942 44826
47049 39781 998234
39781 35232 389
35232 31595 140
31595 13928 984359
13928 2413 210
2413 24853 968103
47050 39623 130
39623 9931 673173
47051 16748 924451
16748 39721 983975
47052 37614 973602
37614 47756 604544
47054 48395 931466
47055 30206 330
30206 6733 936881
47056 49673 951
47058 27952 914258
27952 28322 1000000
28322 48502 787
47059 26186 134653
26186 34230 113
34230 39788 980291
47060 38476 987326
38476 2918 394800
2918 10520 901716
10520 18742 757586
47061 15369 693
47063 25037 664
47064 18555 993890
18555 440 173366
440 22465 998351
22465 5816 913227
47065 16580 875
16580 2322 264639
47066 5491 921740
5491 44909 197
47070 19038 960456
47071 26133 425655
26133 47590 933501
47073 49139 496013
47075 26803 148391
26803 18222 190603
18222 43735 1000000
47076 45277 838266
45277 11617 1000000
11617 44873 228
44873 4167 622547
47077 4938 996215
47079 28992 911
28992 33827 85
33827 39191 233
39191 45827 972731
45827 12526 1000000
12526 48844 422411
47080 39983 996942
39983 17859 492110
17859 36247 733
36247 21047 681
21047 27226 1
27226 8596 904784
8596 21917 914566
21917 2213 938787
2213 2315 904195
2315 143 986599
47081 13687 125
13687 1454 1000000
47083 33560 953328
33560 19720 171620
19720 42820 953557
42820 46873 121561
47084 49622 77582
47085 22682 197902
22682 36502 971493
47086 12962 304822
47088 45669 950
45669 27334 80
27334 13077 496745
13077 45496 689991
45496 1615 563432
47090 48456 998762
47092 27972 856043
47093 47978 977938
47094 3552 947449
3552 16151 973323
16151 1771 272
47095 5765 563
5765 4991 240
4991 12463 1
12463 44534 712527
44534 26744 843191
26744 35973 1000000
47096 46444 1000000
46444 19939 1000000
19939 45616 966306
45616 14191 931889
14191 43889 888550
43889 23393 543
23393 1602 283001
1602 36520 973451
36520 28525 638399
47097 14459 910947
47099 18905 965178
47100 19401 910229
47101 1950 960901
1950 41794 976028
41794 13723 473
13723 49729 901874
47102 2017 958216
2017 28814 914140
47103 24540 625040
24540 298 36
298 2866 427909
2866 28737 560159
28737 34825 978866
47104 20533 948223
20533 38702 761083
38702 891 513873
891 23790 960745
23790 38475 1000000
38475 34869 118335
34869 20385 938659
47105 1040 224679
1040 8062 994168
8062 28689 945469
28689 30030 956399
30030 38764 1000000
47106 27928 854
27928 3468 460558
3468 49621 861128
47109 36483 939876
47110 20639 978262
20639 32101 669
32101 33183 963228
33183 44377 955897
44377 48339 997828
47114 40728 971867
47115 13216 421
13216 20316 200078
20316 1538 983363
1538 45457 966975
47116 45237 320712
45237 8558 986731
8558 5064 920981
47117 40151 590661
40151 23204 936051
23204 19603 468577
19603 30714 507299
30714 35013 949395
47118 18552 915037
18552 37003 599433
37003 30502 960508
30502 1755 975662
1755 43207 1
43207 47132 925207
47120 41825 955345
41825 31197 115789
31197 4074 479064
4074 30466 1000000
30466 5008 403
5008 5543 345160
47122 43139 1000000
43139 31107 196310
31107 10366 860292
10366 5991 968722
5991 36804 904892
47123 2372 992484
2372 22420 858518
22420 40019 450476
40019 14362 977719
14362 26617 131827
26617 47913 986831
47124 12719 953358
12719 47410 997972
47125 12660 917632
12660 31010 1000000
31010 3952 13835
3952 48065 358282
47128 18341 912064
18341 5715 285
5715 39123 901113
39123 36526 103154
36526 13264 771909
47129 45115 1000000
45115 25091 976346
25091 41913 875552
47130 26 1000000
26 35634 923303
35634 35527 954214
47133 35281 615
47134 19569 316060
47135 33192 162865
33192 31094 983897
31094 38029 991122
38029 29982 725
47136 21229 127
21229 41398 58490
41398 46428 454814
46428 29568 522
29568 3476 960466
3476 34312 217300
47137 8875 784
8875 31338 1
31338 21098 342153
21098 49526 534
47138 42788 808
47139 27707 992
27707 17358 1000000
17358 1754 918092
47140 33477 199297
33477 44842 982956
44842 387 515
387 18884 940698
18884 44021 394047
47141 26632 350438
26632 32155 722
47144 32632 1000000
32632 2895 1
2895 12313 48109
12313 28866 952827
28866 6124 1000000
47145 42305 919463
42305 46311 913552
46311 14473 815
14473 6459 191142
6459 15923 933952
15923 16766 1
16766 42774 374
42774 45370 930497
47146 41289 503173
41289 11501 567
11501 31576 612
31576 5615 1000000
47147 38705 947923
38705 8734 906205
8734 26189 817127
26189 44929 564876
47150 12496 93109
12496 35959 997749
35959 48692 1000000
47152 31318 693627
31318 47599 926290
47153 42940 1000000
42940 46649 948826
47154 33780 949439
47155 25412 938271
25412 46960 942840
47158 20249 30569
20249 26129 422072
26129 20198 920947
20198 49161 908796
47159 7424 441378
7424 3740 532049
3740 33430 976745
33430 11124 943068
11124 45734 653394
45734 6258 391761
47162 25783 1000000
25783 13029 976580
13029 28284 539846
28284 35837 246
35837 47039 287914
47039 23729 916187
47163 2460 1
2460 37698 574316
37698 36683 341833
47164 31448 900688
31448 5799 734891
47165 30786 973062
30786 13848 1000000
13848 7008 674517
7008 1282 577
1282 18591 144
47166 48094 937498
47167 17470 913249
17470 6652 424
6652 33428 569818
33428 213 59471
213 22322 846
22322 34317 983829
47169 41628 904109
41628 16001 949
16001 3296 770
47170 2665 932410
47171 1177 1000000
1177 19472 449238
19472 22430 783891
22430 24413 907878
47172 27997 992360
47173 35308 819697
35308 46748 15015
47174 32255 852
32255 39105 5
39105 30940 227243
30940 11968 1
11968 1906 135616
47175 39944 444690
47176 7986 1000000
7986 585 106
585 26621 1
26621 31660 1
47177 17243 177
17243 34884 1000000
34884 40501 740185
40501 35978 888
35978 29887 596
29887 8842 403850
8842 43904 504128
43904 45113 201638
47178 16636 521568
47180 38240 647853
38240 5155 905119
5155 21091 379
21091 42368 979909
42368 320 907734
320 39752 607363
39752 6309 515
6309 19453 44038
47181 33885 964992
33885 48309 617411
47182 7536 915691
7536 34825 833
34825 34246 23409
34246 5314 965759
5314 990 921081
990 41617 1000000
47183 20620 516414
47184 24370 570
24370 42714 371329
42714 20530 939163
47186 33937 26251
33937 45176 618364
47187 18292 922
47188 33195 356
33195 40309 204
40309 18056 907927
47192 1910 1
47193 21483 991157
21483 21185 339
21185 8315 1000000
8315 44166 978543
47194 3986 916117
3986 16174 932429
47195 49631 713
47197 13367 940489
13367 26292 695647
26292 29477 503816
29477 41793 954264
41793 21814 949750
21814 15183 81
15183 28248 927
28248 17217 934615
17217 31777 642588
31777 41955 833796
41955 32222 569893
32222 12953 1000000
12953 35980 65
47198 7441 987450
7441 19787 946659
19787 22553 921596
22553 27972 1000000
27972 34020 1
34020 38960 923502
47199 28142 245230
28142 38122 959371
47200 26568 998728
26568 23111 917189
23111 9962 652642
9962 35125 959454
35125 35902 257642
35902 40223 993815
47201 30814 983490
30814 43955 732533
47203 40216 1000000
40216 22830 904852
22830 29509 376252
29509 44968 71953
44968 10531 930587
10531 8717 945018
8717 7636 735
7636 11751 474233
47204 37408 849788
37408 2525 111881
2525 43894 906749
43894 15146 965286
47205 16115 1
16115 48923 555107
47208 31214 1000000
31214 25232 968668
25232 42445 921617
42445 27732 144
27732 47536 1000000
47211 19653 949959
47214 18526 7870
18526 41021 996044
41021 18619 992103
18619 35231 937164
35231 24629 1000000
24629 8091 938237
8091 46036 972378
46036 45842 831748
45842 4069 992449
4069 31256 482837
31256 1089 196794
47216 26652 45319
26652 14400 193
14400 38938 1
47217 47711 986706
47218 35186 950792
47219 23259 1000000
23259 964 518
47220 22594 985450
22594 47776 957745
47221 15092 958590
15092 20264 1
47223 31573 996256
47224 18982 905018
18982 6197 1
47226 32685 1000000
32685 44605 785
44605 27287 1
47228 42487 987582
42487 11428 1
11428 5442 594
5442 24349 749520
24349 18772 987966
18772 31612 456390
31612 35602 333546
35602 25403 910199
25403 7538 837706
47229 28026 785744
28026 34597 1
34597 23242 980423
47230 30417 344
30417 33187 954473
33187 22046 930926
47231 14735 936987
14735 11452 1000000
11452 37143 900563
37143 19274 58216
19274 28523 608854
47233 17458 109047
47234 33007 909274
33007 18210 965278
18210 35489 1
35489 30405 140804
30405 30326 952213
47235 2678 1000000
2678 19238 961151
19238 44418 253614
44418 22813 937191
22813 28307 940707
47236 19225 909370
19225 5393 682
5393 40573 806
40573 44681 131
44681 36406 906553
36406 5699 1000000
5699 42804 621
47239 33265 182794
33265 5615 368
47240 41762 943544
41762 6142 1000000
47241 17327 937925
47242 17323 960941
47243 22951 74137
47244 28287 944001
28287 32288 414
32288 20920 1000000
20920 29111 533622
29111 42399 789225
42399 16647 719
16647 44909 176
44909 30088 1000000
30088 22086 909226
22086 46896 996807
47245 396 809838
47246 22602 416737
22602 894 509478
894 49099 1000000
47247 5156 34
5156 3702 941556
3702 3356 903574
3356 44538 849444
44538 14511 181876
14511 32079 964007
32079 6437 1
6437 18802 1000000
18802 19766 504460
19766 48491 1000000
47248 34237 969767
34237 14668 1
47249 18062 962158
47250 22382 56548
47251 38497 578014
38497 29172 245012
29172 14790 820100
14790 37840 386973
37840 14199 559275
47252 33345 869813
33345 33463 974393
47253 19004 305
47255 37407 926156
37407 25102 947
25102 5527 1
5527 5045 1000000
5045 43713 892
47257 9181 906139
9181 37599 990962
37599 34777 988387
34777 46704 151
46704 35423 486530
35423 45316 292241
45316 4975 54
4975 4891 163724
47259 3649 637
3649 24021 3959
24021 6534 82219
6534 30583 742880
47261 9193 1000000
9193 5143 507
5143 18289 971145
18289 19038 354484
47262 43915 956120
47265 13279 51176
13279 4854 524933
4854 42613 549442
47266 35829 830466
35829 3184 932192
47267 12753 919299
47268 9820 1
47269 31862 977390
31862 24949 905141
24949 10758 1000000
10758 45702 991480
45702 32135 1
32135 28504 1
28504 30229 979064
30229 35151 809544
35151 17206 1000000
17206 6041 991007
47270 15530 281
15530 18662 1000000
18662 7382 986
7382 7579 105
7579 23404 1000000
23404 46972 277
47271 17178 1
17178 46901 958424
46901 15821 952329
15821 25011 967073
25011 23508 1
23508 42461 959002
42461 21682 914126
47272 25130 942365
47273 20739 433
47275 46005 615
47276 13040 646538
13040 45357 486685
45357 36891 1
36891 47778 1000000
47277 23515 886646
23515 49476 599733
47278 12611 943105
12611 49640 958867
47279 18044 970
18044 47828 126
47280 24855 406970
24855 31130 901422
31130 18321 986
47281 21813 808843
21813 2232 976612
2232 21601 988285
21601 13977 1000000
13977 36745 993062
47282 14705 905987
14705 7399 1000000
7399 1481 758092
1481 29437 293952
29437 23044 974945
23044 25738 178455
25738 22093 992452
22093 36111 948094
36111 23042 190057
47285 35321 920896
47287 21325 658
21325 33741 729489
47288 39084 702784
47289 42797 625358
42797 20529 951234
20529 1260 737082
1260 161 914462
47290 41672 1
47291 35460 977951
35460 33670 995825
33670 14645 961362
47292 10649 686480
10649 19366 586186
19366 29503 416226
29503 24905 991677
47293 3603 722640
3603 14410 1
14410 13865 810302
47294 15042 975917
15042 3784 906152
3784 24720 1000000
24720 21704 900171
47295 32564 946244
32564 22470 995072
22470 15126 201
15126 38418 486
47296 30699 410
30699 27198 414971
27198 33708 918665
33708 31718 1000000
47297 10047 168835
10047 14769 996918
14769 11367 731
11367 26021 916291
26021 23409 397113
23409 18959 907558
18959 540 936911
540 3928 923197
3928 22614 507255
22614 34167 957610
34167 35899 997692
35899 13527 612419
13527 20724 906943
20724 23918 118
23918 1512 160165
1512 12082 616259
12082 40954 575
40954 7531 1
7531 37327 131215
37327 24176 322
24176 46135 856
46135 16109 480696
16109 20812 40793
20812 26323 1000000
26323 21292 676871
47298 18000 283
47299 8771 734
8771 25573 942354
25573 32565 4708
32565 36746 993586
36746 18325 142
18325 23406 1000000
23406 18967 953066
18967 44557 124443
44557 48828 838021
47300 8067 929903
8067 19593 1000000
47301 43125 1000000
47303 45796 132451
47304 40950 373
47305 13078 651367
13078 35465 1000000
35465 28775 439517
47306 20781 503
20781 1770 497005
1770 18508 998554
47307 8700 959873
8700 14880 924261
14880 19798 745985
19798 40247 191
40247 2938 284053
47308 5018 1000000
5018 26442 1
26442 47111 140129
47111 14556 749003
14556 12231 571
12231 22844 990803
47309 43945 974527
47310 4042 679
47311 20973 231
47312 43166 1
43166 20782 465
20782 40603 252712
47313 18539 986465
47315 1265 673450
1265 25003 478265
47317 14788 382
47318 30214 770
30214 44299 742
44299 26823 122
26823 46873 883359
46873 45977 947103
45977 38982 893192
38982 42087 500
42087 8469 386921
8469 20554 999831
20554 12924 1000000
12924 7678 897
7678 38501 1000000
38501 42067 909051
42067 26372 188853
47321 32195 160439
47323 35293 861881
47324 37682 973035
37682 36645 1000000
36645 2469 910719
2469 40764 1000000
47325 233 816875
233 49436 939074
47326 27774 422547
27774 33517 1000000
33517 8932 972510
8932 25690 1000000
25690 27166 366
27166 16962 1000000
16962 33106 641782
33106 32544 1000000
32544 10629 408915
47329 3237 913734
3237 39809 347
47330 36388 379600
36388 30021 304614
30021 26112 166
26112 2948 699560
2948 19150 906978
19150 9378 995432
47331 43888 352916
43888 39935 267855
39935 43206 611730
47335 39121 946531
47337 23120 989220
23120 44164 965976
44164 26261 938353
26261 6825 280168
6825 45486 985243
45486 45020 984348
45020 7576 932814
7576 9019 998112
47338 35886 958004
35886 34527 1000000
34527 23677 714
23677 41958 989
47340 7635 876137
7635 14577 263
14577 3951 1000000
3951 26912 321
26912 27259 983975
27259 669 940305
669 44785 1000000
44785 6901 960617
6901 39104 1
47341 36652 920356
36652 48913 386374
47342 41844 588464
41844 44790 34
44790 28977 995413
28977 13220 354197
13220 37853 716
37853 44289 990286
44289 7696 994891
7696 49612 871
47344 32704 131881
47345 34408 1000000
34408 31719 694
31719 5336 789640
5336 25244 627
25244 2283 21
2283 32388 1000000
32388 14344 1000000
47348 25737 988523
25737 17861 1
17861 15806 958460
15806 24616 303964
24616 44506 811
44506 26106 920851
26106 10187 816148
10187 21905 438
47349 10094 1000000
10094 14834 1000000
14834 17703 531183
17703 18511 718
47350 9267 984870
9267 36553 934631
36553 19678 913089
19678 20336 1000000
20336 38364 36
38364 8490 126454
8490 25302 1000000
47351 14897 656
47352 41750 1000000
41750 15500 945465
15500 8509 559593
8509 40918 957443
40918 14116 1
14116 14005 209413
14005 48002 908023
47353 17896 74779
17896 36515 436
36515 10437 968947
10437 35163 1000000
35163 23952 719602
47354 26697 235628
47355 41457 32171
41457 46484 936469
46484 23452 8213
23452 2364 634298
2364 3407 907223
3407 48785 976666
47356 40787 539492
40787 38203 459863
38203 3642 901231
47358 5559 670
47359 1061 941298
1061 23933 970735
47360 11782 944285
11782 39705 937019
47363 17623 1000000
17623 34002 818983
34002 47091 117920
47364 31589 618656
31589 28524 200736
47366 32226 118703
32226 27096 798004
27096 24106 1000000
24106 24223 880
24223 7090 569419
7090 31203 937979
31203 49617 701356
47367 16173 958353
16173 26416 1000000
26416 4715 119
47368 13789 950196
13789 8337 860338
8337 27880 926815
27880 34472 128899
34472 12903 105
12903 31217 964664
47369 44861 8993
47370 39100 814
39100 8599 964804
8599 48696 732723
47373 46031 34
46031 32993 552933
47374 12282 943654
12282 13803 215857
13803 31718 936556
31718 45049 1000000
45049 33155 657696
33155 30837 764024
30837 22143 971224
22143 37500 956099
47377 12381 977311
12381 44035 222469
44035 41381 922905
41381 29665 823095
29665 3863 1
3863 47561 732327
47378 1519 578
47380 23900 494627
23900 22485 667188
22485 2201 742932
2201 19873 499869
19873 35301 867723
35301 24537 577172
24537 13754 5176
13754 12520 994376
47381 47190 992
47190 17046 547
17046 35506 723373
35506 14282 1000000
14282 16755 1000000
47382 259 299
47383 9377 466576
47384 6967 949272
6967 21220 1
21220 16110 930553
47385 23144 1000000
23144 27380 958716
27380 7223 34529
7223 28816 948019
28816 13987 1
13987 34241 1000000
47387 10738 171
10738 28494 61
28494 10271 675
10271 26972 494047
26972 10457 527
10457 15663 600
15663 17891 1
17891 49397 92007
47388 43453 849
43453 7456 1000000
7456 4724 113875
4724 10725 247116
47389 3344 997678
47391 30503 1000000
30503 43369 1000000
47392 11535 140
11535 8435 174
8435 40392 769166
40392 47283 391
47393 34893 704223
47394 29714 908518
29714 42215 276
42215 3759 402
47395 44688 1000000
47396 8357 940870
8357 4583 1
47398 3130 656
3130 14315 808401
14315 44350 1
44350 5189 82345
5189 31413 1000000
31413 41646 321516
47399 32798 523142
32798 48359 930245
47400 37959 736
37959 19789 1000000
19789 1029 567
1029 47256 920326
47256 35370 932
35370 44149 876849
44149 23282 1000000
47401 42556 195334
42556 27818 998241
47402 39940 1000000
39940 31407 769626
31407 27974 932300
27974 21882 936828
21882 6379 1000000
6379 37445 153
47403 8002 946274
8002 5029 931931
5029 38908 131
38908 35517 225
35517 3199 506
3199 23377 820
23377 9529 951886
9529 8316 1000000
8316 11699 709876
11699 21748 441092
47404 20582 910755
20582 22153 975338
47406 44354 983611
44354 19548 951
19548 18258 766637
47407 41269 964345
47408 18321 918
18321 7948 187798
7948 20468 142391
47410 8614 405
8614 47012 461
47414 47327 807658
47327 44073 903686
44073 24731 887958
47415 47667 715
47416 41664 457272
41664 2517 176
2517 6101 989437
47418 40264 245123
47419 6591 1000000
47420 23016 987503
47421 13537 992506
13537 38059 908685
38059 16469 661
16469 20386 797013
20386 18128 971967
18128 16139 63
16139 34791 394307
34791 42700 973169
42700 45114 487
47422 21316 758
21316 13048 495328
47423 47465 683
47424 32192 917010
47428 15934 1
15934 44331 923442
44331 10976 127756
10976 38483 861711
38483 16308 900863
47429 35974 971624
35974 414 1000000
47431 35299 942816
35299 36042 615
36042 41511 377147
41511 31650 938000
31650 8391 1
8391 32560 312217
32560 28525 953502
28525 8237 533478
8237 14915 1000000
14915 46389 600
46389 10677 1
10677 8200 1000000
8200 3266 286
3266 21905 985
21905 44095 989357
44095 18849 909548
47432 40029 1000000
47434 42733 928342
47435 44276 238
47437 35043 981885
47438 34490 872980
47439 1699 753
47441 1227 1000000
47442 29896 646
47443 27698 1
27698 30811 188903
30811 15573 146536
47444 37060 908167
37060 18439 802361
18439 10967 277685
10967 3879 996757
3879 15938 972915
15938 14866 109497
14866 18773 835769
47446 25039 886931
25039 49562 944180
47447 6151 929628
6151 26566 1000000
26566 34533 925618
34533 26453 1
26453 49392 311742
47448 25694 1000000
25694 15955 682041
15955 9585 931
9585 7869 311
7869 27510 807215
27510 14737 1000000
47449 49040 905329
47450 34592 47552
34592 19653 719
19653 23742 616
47451 3781 1000000
3781 24035 1000000
47454 33957 981201
47455 19463 697
47456 24853 213
24853 6101 965956
6101 19370 740
19370 8590 929131
8590 25182 223096
25182 28190 917537
28190 39704 714
39704 13313 740045
13313 48191 212815
47457 20282 36014
20282 13349 786404
13349 13049 916882
13049 38631 980817
38631 40234 90
47458 31542 1000000
31542 26354 969150
26354 25298 503
25298 28887 953775
28887 43746 990702
43746 41199 912208
41199 44347 913742
47459 33938 212054
33938 45903 380799
45903 23716 909808
47460 33977 989780
47461 12520 917860
12520 31154 1000000
31154 28544 994
28544 11290 1000000
11290 18310 998
18310 26740 595
26740 31667 947937
31667 14743 785410
14743 44087 954415
44087 43226 219
47462 40175 45148
40175 20201 889872
20201 35973 926005
35973 44610 239391
44610 6400 904214
47463 30642 672754
47464 14481 1000000
14481 11462 1000000
11462 30910 676
30910 27758 432023
27758 23954 80
23954 16504 1000000
16504 39006 83
39006 6143 917938
47465 6733 1000000
47466 37934 502
37934 4560 594332
4560 38676 396403
38676 30562 64978
30562 14940 934778
14940 27024 915988
27024 46954 613
46954 12794 364761
12794 13397 922975
13397 28922 997614
28922 5261 703862
5261 2244 41
2244 15810 937519
15810 18061 5
18061 9876 936471
9876 35808 688
47467 7292 1000000
7292 31666 496640
31666 20722 997874
20722 32403 960414
47468 14856 17115
14856 29605 701
29605 28745 27061
28745 27416 1
47469 4580 533755
4580 40601 1000000
40601 15981 967889
15981 8269 906266
8269 23228 672
23228 48945 1000000
47470 46592 901031
46592 49361 951046
47472 31101 811957
47474 7941 528591
47475 29034 504122
29034 47357 586366
47357 13123 1000000
47477 17955 701885
17955 34849 601502
47478 9504 986013
9504 48858 922736
47479 32855 668090
32855 41552 450
47481 44648 312
44648 36796 455694
36796 38841 967091
38841 26842 919728
26842 8386 950274
8386 41202 101
47482 7403 213420
47483 38877 976205
38877 43247 925
43247 28703 1000000
28703 1002 863530
1002 35409 43214
35409 34250 257
34250 37527 1
37527 34055 196
47484 49002 973885
47485 32937 311681
32937 13455 1000000
13455 25566 727829
25566 3937 1000000
3937 29165 967
29165 7023 1
7023 12131 962989
12131 44352 1000000
44352 9728 724224
9728 27557 922743
47487 47622 1000000
47489 40626 917254
40626 37277 279
47490 41534 487465
41534 35004 25945
35004 22851 941668
22851 41269 953300
41269 29964 206579
29964 37038 216952
37038 17610 937466
17610 13460 801213
47491 2185 204022
2185 21343 372
47492 33234 585482
33234 44011 140
44011 28766 931011
28766 30194 979235
30194 14918 948388
14918 12601 966568
12601 36012 995431
47493 17902 152744
17902 20592 956811
20592 37930 144152
37930 6937 912736
6937 40499 387020
47494 33141 921442
33141 48719 909324
47495 189 977657
189 4806 365754
47496 32131 941218
32131 33478 783571
47498 31012 903438
31012 33213 740
33213 28486 368493
28486 26432 471351
47499 10347 1000000
10347 18520 414415
47500 10777 536
47501 26970 87
47503 42339 605258
42339 1797 387
1797 34501 197964
34501 35539 317
35539 43329 938569
43329 5561 982528
5561 46216 1000000
46216 13908 264
13908 9103 949232
9103 36808 80
47504 40353 991891
40353 5973 530
5973 46450 940
47506 11914 987889
11914 21061 979
21061 294 140078
47507 8891 724070
47508 39937 439956
39937 45335 1000000
45335 47189 987082
47189 46363 965556
46363 3088 320832
3088 40991 937060
40991 20179 788
20179 36294 206495
36294 19770 35
19770 9954 1000000
9954 38748 527599
38748 10254 1000000
47512 42965 915217
47513 34602 1000000
34602 39219 341
47514 7221 953401
47515 27209 937
27209 31346 1
31346 19934 252
47516 25304 1000000
47518 28158 1000000
28158 27061 666682
47519 47601 903187
47520 47776 922
47522 11726 931952
11726 32408 214
32408 4600 980839
4600 16308 868733
16308 9136 1
9136 9758 962250
9758 34278 767
34278 11054 945988
47523 42026 290919
42026 23276 809347
47524 22905 956178
22905 25435 995980
25435 41405 992401
47525 16786 769473
16786 29064 958344
29064 33098 963435
33098 17204 202
17204 11045 978
11045 41001 37
41001 18664 992043
18664 39023 942188
39023 18962 682
47528 29228 1000000
29228 25274 830172
47529 13720 195708
47530 41621 1000000
41621 35690 901330
35690 13889 882
13889 13832 756953
13832 27023 449588
47532 4700 662947
47533 15311 1
15311 6441 1000000
6441 21595 1
21595 15878 1000000
47534 40767 965467
40767 30998 215592
30998 21547 357972
21547 29094 907956
29094 34809 956
34809 30309 1
30309 24074 483
24074 22862 1000000
22862 48748 933785
47535 6201 911203
6201 27270 418
27270 42979 996244
47536 48765 1
47537 24994 204
24994 19222 218300
19222 36087 1000000
36087 28352 949985
28352 1547 440
1547 1817 743505
47538 40427 1
40427 46258 1000000
47539 22706 732441
47540 1452 977765
47541 49639 908112
47542 28430 994563
28430 10664 69103
10664 38444 812
47544 35790 926851
35790 21888 912317
21888 14618 430
14618 39062 1000000
39062 5964 1000000
5964 16136 295921
16136 15224 906661
15224 40332 623599
47545 8295 984
8295 8566 1000000
47546 2495 15466
2495 24857 207
47547 6124 996572
47548 637 210
637 16241 106
16241 34395 307
34395 21070 1000000
21070 21938 60
21938 29073 975487
47549 22334 972777
22334 9698 759687
9698 31663 29392
31663 16954 1000000
47550 6144 990404
6144 19004 941165
19004 41423 34229
41423 22962 982059
22962 21092 860761
21092 4439 1
47551 22352 407346
22352 18762 403099
18762 27951 117174
27951 46935 41418
46935 28172 905254
28172 42674 956624
42674 14781 902814
14781 33305 202
33305 25991 746
47552 5405 921794
5405 9137 556
9137 48114 965581
47553 17724 964173
47554 33092 989766
33092 27501 320318
27501 41040 396
41040 44045 987967
44045 2671 388830
2671 19134 69988
47556 39160 1
39160 43970 749222
43970 39051 994518
39051 18050 1000000
18050 27073 177676
27073 49478 199751
47559 19185 307120
19185 39780 1
47561 24625 521515
24625 35793 1000000
35793 31428 840169
31428 12467 926032
12467 12234 939744
12234 19043 700412
19043 7661 910832
7661 14822 1000000
14822 13356 308590
13356 12624 11
12624 25260 960286
25260 18998 62
18998 29003 1000000
29003 5947 760
5947 17239 472832
17239 47161 172995
47161 28809 961660
28809 14803 993517
14803 10793 1000000
10793 30956 986152
30956 22620 1000000
22620 39020 962635
39020 12302 985342
12302 28847 764640
47562 34899 714956
34899 35046 637959
35046 4336 908984
4336 9081 718
9081 46358 423240
46358 45384 1000000
45384 4236 286429
4236 10254 188346
10254 6024 875
6024 39637 327731
39637 12687 278
12687 22496 929496
47563 29122 21933
47564 18471 453372
18471 26028 490
47565 6733 977496
6733 17758 913099
17758 36635 708399
36635 24991 421200
24991 7117 925257
47566 23414 973
23414 31366 1000000
47568 2472 492274
2472 43538 1
43538 12663 493
12663 45893 996908
45893 42283 916498
47569 39209 744888
39209 14107 994690
14107 31622 1
31622 25154 857
25154 31817 734
31817 47179 356023
47179 14950 414683
14950 562 905266
47571 33108 958332
33108 22854 330117
47572 38513 348
38513 24696 519
47574 13264 1000000
13264 40616 1000000
40616 2754 444
2754 9648 1000000
9648 38750 1000000
38750 49727 938120
47575 10949 910084
10949 14768 756530
14768 22015 36
47576 33870 914
33870 38060 568592
38060 13123 902431
13123 37944 1
37944 2585 1000000
47578 44123 850746
47579 48548 43966
47580 46881 572215
47581 27424 993830
27424 22786 981251
22786 22814 985287
22814 43596 673367
47582 20194 973212
47585 8863 8086
47589 41771 983657
41771 15412 613
15412 7390 1
7390 31539 563338
47590 41426 647311
41426 36653 1
36653 23544 734233
47591 26611 980672
26611 6883 960991
6883 9515 914862
9515 7904 925079
7904 12683 424587
12683 42164 80510
42164 4980 935671
4980 7747 408368
7747 13708 698435
13708 17085 425
47592 33686 559
33686 34936 923370
47593 21354 211614
21354 25706 973641
25706 25718 670
25718 16089 915916
16089 2584 1000000
2584 6914 979072
6914 36870 1000000
36870 22315 730114
22315 34999 881206
34999 15260 1000000
47594 36187 1000000
36187 39154 972173
47596 6982 911
6982 40531 506869
40531 40190 930430
40190 7125 941
7125 13752 952668
47597 42968 260
42968 35761 208492
35761 29615 827
29615 3557 953713
47599 7494 945325
7494 2880 266409
2880 9232 1000000
9232 13385 1
13385 21019 1000000
21019 17323 564404
17323 27477 1000000
27477 28775 773
28775 6889 350777
47600 44562 920142
44562 40275 630
40275 43367 739721
43367 24186 1000000
24186 13104 89285
13104 6331 866339
6331 36067 244091
36067 6352 1
47601 34746 521189
34746 30892 1
30892 13695 935574
13695 47473 915563
47473 13567 570
13567 20771 1000000
20771 4023 37536
4023 414 97341
47602 2567 992970
47603 21409 1
47604 27753 521896
47605 15526 910350
47606 24058 789785
24058 24066 635123
24066 22699 993
22699 47264 257
47264 7573 936585
7573 4126 462621
4126 44540 1
44540 3027 575987
3027 4267 1000000
4267 17150 908820
17150 35392 908307
35392 91 932874
91 10371 281
10371 17568 736381
17568 29367 84351
47607 43922 117
43922 28579 395
47608 9076 1000000
9076 21982 973939
21982 19695 528215
47609 5642 1000000
47611 45439 74
45439 27450 429638
27450 34043 717655
34043 18822 1000000
47612 8984 625374
8984 28675 993612
28675 26966 972091
26966 41392 613781
41392 8623 339258
8623 12873 367
47613 33975 1
33975 35900 834
35900 20931 123305
47614 24850 1000000
24850 32633 1000000
32633 42077 984
42077 1744 1000000
1744 33774 1
33774 24355 692
24355 16311 996759
16311 46574 901691
46574 12977 825
12977 2796 952786
2796 27557 945332
27557 12252 976443
12252 34828 462
47615 6041 984693
6041 29753 954318
29753 45966 999455
45966 25635 89020
25635 21633 16
21633 27705 970558
27705 35548 682
47617 25920 903132
25920 3293 945676
3293 1527 955851
1527 11223 419641
11223 2319 547
2319 47227 961053
47618 34245 1000000
47619 12529 666
47620 46653 39172
46653 14462 432060
14462 664 359
664 39097 654311
47622 9979 2
47623 27228 960421
27228 5628 969859
5628 27523 81869
47624 11881 868035
11881 15753 954
15753 18304 155
18304 7800 990456
7800 8818 902857
8818 7683 249144
47625 30254 66
30254 43463 186
43463 46672 1
46672 6548 73090
6548 26914 974060
26914 38379 1
38379 24541 683208
24541 39068 1000000
39068 14058 65765
14058 5022 165
47626 36961 696
36961 1363 957289
1363 20911 1
20911 276 1
47627 3219 1000000
47628 20943 506450
20943 10365 947278
47630 48759 622
47631 40022 165
40022 39471 945076
39471 15035 924
15035 4350 908069
47632 24003 762486
24003 42072 924149
42072 11693 915245
11693 44755 971323
44755 10746 354961
47633 17697 445517
17697 29514 1000000
47634 47588 981790
47588 7514 912945
7514 38232 353443
38232 6848 910776
6848 13655 836111
47635 36205 977028
47636 29359 986002
29359 44127 956818
44127 41209 1000000
41209 36490 809
36490 34153 980179
34153 19176 213955
47638 9944 704
9944 27525 678832
27525 22179 654
22179 2480 537
2480 34513 511183
34513 9154 959481
9154 22978 924979
22978 37619 966677
37619 32774 1000000
47639 40640 822001
40640 25535 1000000
25535 34643 412573
34643 30683 34009
30683 1000 930702
47642 2009 999613
2009 45346 1000000
47643 7699 975349
7699 14378 1000000
14378 42650 976098
42650 16112 230519
47644 35621 1000000
35621 10343 354431
10343 41068 950940
47646 21920 265
47648 15841 800
15841 33760 1
33760 29269 524547
29269 16399 907396
16399 45027 1000000
45027 48247 939419
47649 31028 34567
47653 22672 910293
47655 17783 714355
17783 12450 290
47656 35340 367
35340 47320 1000000
47320 27175 803478
47657 20548 1
20548 45738 565
47658 31913 102250
31913 37683 951
37683 15214 1
47659 958 506783
958 13413 239415
47660 2641 268462
2641 37520 323
37520 29498 1
29498 638 1000000
638 2893 962387
2893 35700 961266
35700 45780 562607
45780 47486 791662
47661 32628 1000000
32628 19585 501508
19585 6780 1
47662 15156 176553
15156 6738 1000000
6738 14792 691356
14792 2028 234
2028 30438 1000000
30438 18380 1
18380 32000 252117
47663 14246 941089
14246 49223 946645
47666 46143 564474
46143 46324 445779
46324 35321 352443
35321 37194 835
37194 248 1
248 1827 39235
1827 28417 76875
28417 36124 911412
36124 31568 956
31568 33798 545
33798 45222 924637
45222 11772 869
11772 6046 566662
6046 34290 919749
34290 46955 219917
46955 36709 948077
36709 23023 667601
23023 33096 171
33096 43945 1
43945 20711 1000000
20711 6310 973
6310 42343 1000000
42343 22601 142433
47667 17044 1000000
17044 10398 1000000
10398 28145 1000000
28145 19463 814
19463 42908 445
42908 32370 709884
47670 23629 410016
47671 17394 910225
47672 34661 994521
34661 15949 619550
15949 39451 1000000
39451 24751 911939
47673 38026 931530
38026 48160 960795
47674 25281 1000000
47675 24619 901027
24619 7952 919308
7952 19344 979334
19344 18033 923853
18033 46666 720602
46666 27608 547601
27608 16749 960056
16749 44480 817590
44480 33860 937554
33860 32664 978052
32664 5243 672349
5243 15908 800328
15908 48066 1000000
47677 35551 91736
35551 33666 918096
33666 43777 618
43777 45631 637045
45631 23320 563868
23320 9280 199558
47678 23973 137
23973 41198 986397
41198 48176 903398
47679 7108 1
7108 46068 998161
46068 48434 949757
47680 47703 948322
47681 45219 941663
47683 13259 993145
13259 9821 467182
9821 36683 798539
36683 19094 723
19094 7921 913599
7921 34665 125748
34665 33496 916889
33496 34635 706
34635 36972 856162
36972 15161 993760
47684 39884 780
47685 18486 532648
18486 5112 1000000
5112 20213 190568
20213 5224 941518
5224 14956 1000000
14956 850 316392
850 4523 930376
4523 16283 1000000
47687 41281 622479
47688 5368 254
5368 40455 749
40455 16205 988164
47689 16011 550736
16011 9295 779
9295 20373 481931
20373 38251 250
38251 28202 995785
28202 33085 942395
47690 43304 967
43304 33850 329760
33850 45863 706
47691 41075 956328
41075 6760 196
47692 21005 992359
47694 1441 768897
1441 39074 483172
39074 27528 966848
27528 42747 983351
42747 26506 567
47696 662 957288
662 16181 1000000
16181 19144 414
47697 26889 1
26889 34271 895306
34271 39836 472
39836 23133 1000000
23133 45571 997126
45571 5318 36874
5318 7110 1000000
7110 41379 987316
41379 21193 460265
21193 44141 122786
44141 15846 1000000
15846 36778 505
47699 26004 38047
26004 8661 968108
8661 47768 527
47700 29507 964151
29507 45983 191126
45983 48622 956607
47701 47191 920673
47191 15307 985
15307 27090 921483
27090 35879 1
35879 8311 263
8311 46475 161
46475 15826 502364
15826 32742 254174
32742 888 870366
888 24731 611932
47702 34571 575792
34571 1824 843
47703 46256 959825
46256 7038 569456
7038 32191 187566
32191 8730 950315
47704 27923 579
27923 32067 895
32067 41016 991
41016 13947 959470
47705 39179 99212
39179 9544 575
9544 14146 576
14146 32819 944922
32819 42961 938597
42961 702 1
702 34966 1
34966 27388 75
47706 2776 845396
2776 5226 935020
47707 9979 885971
9979 14483 689123
14483 37056 958485
37056 36496 405847
47708 44404 1
44404 44839 51779
47709 17618 314
17618 33205 849032
33205 25627 216931
25627 18658 986376
18658 36066 433716
47710 7746 218
47711 12906 1000000
12906 5233 566
47712 32647 960654
32647 14578 534905
14578 32000 970365
32000 29330 101
29330 36804 776281
36804 44245 779038
44245 44918 216940
44918 26070 148088
26070 46255 398
47713 96 965105
96 19038 912586
19038 32200 417
32200 22435 1
47714 31723 187898
31723 474 824957
474 16636 1000000
16636 13879 810264
13879 10076 45
10076 15781 1000000
15781 35459 527
35459 42816 204228
42816 38333 998148
38333 14824 601
14824 20226 1000000
20226 9844 786
9844 36659 963989
36659 27053 1
47715 45629 984253
45629 6044 993218
47716 42984 417792
42984 45075 535
45075 10163 663795
47718 48940 975961
47720 15613 954976
15613 42222 231
42222 9773 929307
47722 22519 811649
22519 37291 446
47723 18330 1
18330 34078 991480
47724 35873 921173
35873 35371 188154
47725 36986 231891
36986 414 918959
414 48422 771992
47727 19970 594
19970 43273 30765
43273 26643 517855
26643 43864 1000000
47728 24913 1000000
24913 13732 597571
47729 33650 890231
33650 30559 1
30559 45779 704776
45779 22205 334
22205 2156 185067
2156 32432 534
47730 11512 1
11512 16373 918291
16373 48561 581342
47731 22951 900875
22951 41495 137377
41495 46734 974918
46734 42204 739
42204 5761 1
5761 34211 378
34211 13725 307676
13725 30581 602312
30581 14876 664838
47732 29161 96
29161 26466 842481
26466 21648 1
21648 1112 122589
47733 49145 166265
47735 28137 477
28137 18611 225
47736 3671 914028
3671 21174 937735
21174 14668 1
14668 6289 561855
6289 32274 739
47737 47669 944064
47669 44466 825187
47740 39395 906
39395 13090 811
13090 27504 997766
27504 48650 349916
47741 5401 143002
47742 31532 982328
31532 45457 982949
45457 41264 936721
41264 19322 1000000
47743 43776 432009
47744 36745 980021
36745 29428 989955
29428 19055 927452
47746 19418 75
47747 6374 1000000
6374 17376 540499
17376 36726 933259
36726 26970 1000000
26970 34560 1000000
34560 33825 1000000
47748 47237 892848
47749 19451 297
19451 39769 1000000
39769 3212 915984
3212 7032 910932
7032 1699 1000000
47750 22601 905612
22601 45657 478
47751 33820 980417
33820 746 1
746 21513 280
21513 48412 917
47752 46007 954139
46007 9250 948427
9250 45134 119352
45134 1762 900381
47753 3686 633
3686 13797 941151
13797 47343 956200
47343 21250 457477
21250 27398 1
27398 24198 803247
24198 3406 948978
3406 27603 394
47754 6762 119
6762 14557 292727
14557 28048 1
47757 27753 636287
47758 182 1000000
182 19569 1000000
19569 1335 517
1335 14659 924
14659 40264 1
40264 27295 734
27295 16527 814504
16527 19987 21022
19987 46220 746
46220 22735 981122
22735 35306 210941
35306 46767 145669
46767 39826 1000000
39826 1090 327
1090 2938 946887
2938 21018 1000000
21018 15674 1000000
15674 28046 89212
28046 13499 542248
13499 18428 967465
18428 24122 382063
24122 16519 974880
16519 43596 32662
43596 15689 554469
15689 46305 10329
46305 5547 971490
5547 47151 655326
47151 47213 478
47213 17605 786427
17605 35652 610089
47759 13550 900582
13550 14987 183417
14987 27288 994496
27288 31952 621
31952 31946 942255
31946 24721 214094
24721 31660 756
31660 1221 989421
1221 45640 876725
45640 1383 93
47761 4532 342
4532 8379 967080
8379 5597 934993
5597 41582 93100
41582 46270 969167
46270 33970 659
33970 29699 1000000
47762 46386 245
47763 30371 284333
30371 27058 104762
27058 48241 217339
47764 9845 918028
9845 2917 979
47765 24534 979340
24534 14719 582
14719 28966 831
47766 42717 108
42717 24992 1000000
24992 19074 37907
19074 46965 697
47767 7516 680686
7516 28424 982918
28424 44046 542975
44046 12913 1000000
12913 46021 940222
46021 37376 7920
37376 45522 82892
45522 41890 1
41890 21949 926845
21949 7101 815630
7101 15442 991275
15442 25795 994988
25795 20227 1000000
20227 2360 976461
2360 13965 504661
13965 14565 461198
14565 41932 175818
41932 26378 960005
26378 17458 241
17458 25658 940
25658 48926 969466
47770 36193 947453
36193 44806 914
44806 31557 702129
47771 19471 918327
19471 37913 1000000
37913 26525 593424
26525 33631 926410
33631 5799 928846
5799 34714 901
34714 13444 604
13444 11679 909385
11679 17923 123340
47772 24510 996044
24510 22681 238476
47773 47965 943673
47774 10594 963325
47775 18529 1000000
47776 13882 946102
13882 3321 57965
3321 5921 1000000
5921 3517 389663
3517 19318 36712
19318 11118 1000000
11118 41437 32845
41437 4745 250806
4745 28325 607
28325 28499 934691
28499 14939 917380
47777 16762 187
47779 39587 1
39587 36505 971
47780 42175 1000000
42175 37968 988123
37968 11754 988270
11754 42046 367110
42046 10320 970383
10320 45328 59
47782 34608 946401
34608 18977 1000000
47783 37275 715
47784 49107 926
47786 17316 809508
17316 18515 995435
47787 41673 530
47788 14500 326108
14500 36496 935154
36496 29436 933541
29436 30706 920730
30706 31943 923803
31943 17884 1
17884 23883 572
23883 5838 353591
5838 29167 962435
47789 10338 763
10338 32920 302
47790 23546 1
23546 17293 519245
17293 24146 1000000
24146 40450 1000000
40450 15967 17492
15967 49009 781
47791 48516 200075
47792 1783 950236
1783 48334 379301
47793 42376 626
42376 24263 955289
24263 42283 927801
42283 47196 908397
47794 30443 984150
30443 3058 984977
3058 47030 179
47030 21330 153316
21330 43084 907860
43084 23608 35
23608 30253 925328
30253 18876 903386
47795 24583 499885
47799 14412 1000000
14412 1763 905537
1763 12756 897
12756 41987 881283
41987 19414 894943
19414 3129 1000000
47800 19982 13276
19982 24653 921225
24653 24657 993558
47801 33761 796370
33761 46396 933408
46396 21430 384417
21430 6336 1000000
6336 8299 934806
8299 33176 967281
33176 18825 329
47802 30766 1
30766 27053 110544
27053 20564 1000000
20564 45344 144
47803 18953 291190
18953 25198 936701
25198 16621 860
16621 33153 906315
47804 35230 274345
35230 35227 943116
35227 10268 166
10268 37832 419475
37832 2248 959395
47805 44689 906592
44689 45540 1000000
47806 3761 791668
47807 26460 919639
26460 40513 496
40513 16299 1
47808 28364 399
28364 25493 565
25493 30921 596
30921 14539 1
47810 49370 320767
47811 32582 492
32582 48509 992152
47812 37849 79927
37849 44135 531521
44135 7972 964439
7972 36933 1
47813 3965 682857
3965 4328 889403
4328 4255 1000000
4255 23192 520600
23192 49072 453254
47814 12190 1000000
12190 25226 756
47820 17659 968
17659 5722 95609
5722 44620 360
44620 14908 371
47821 38859 918498
47822 43028 263128
43028 32139 17333
32139 46356 418
46356 18638 46968
47824 8117 787543
8117 23299 1000000
23299 19922 517759
47825 14064 906714
14064 4473 1000000
4473 21401 430
47827 12042 212379
12042 7332 941408
7332 41726 1000000
41726 42550 126
42550 7753 965041
7753 33533 799
33533 48723 926220
47828 44256 976514
44256 19991 605
47830 32784 1
32784 27754 515
27754 35030 479028
35030 47207 990870
47207 31125 684
31125 40930 759893
40930 25327 254
25327 42843 82097
42843 28348 1000000
47831 8959 984998
8959 31503 255046
47832 34368 313708
47833 37994 731
37994 36318 949
47835 44961 997236
44961 29819 969583
29819 24607 928271
47836 21453 705364
21453 31269 77
31269 524 985678
524 28791 1
28791 43628 973762
43628 25129 516270
25129 22870 542013
22870 20712 593717
47840 36072 907359
36072 45344 964384
45344 4132 674757
4132 20422 961023
20422 3202 471
3202 23282 133917
23282 37291 979320
37291 30416 462518
30416 8219 512
47841 24083 250509
47843 9565 306339
9565 41446 905143
41446 9352 954645
9352 29295 275
29295 22162 592017
22162 21836 990593
21836 7754 928832
7754 1255 966894
47844 42388 481
47845 41164 959803
41164 29880 945142
47846 39037 631164
39037 19420 918380
19420 6022 975966
6022 6389 801545
47847 30757 501840
30757 41365 57272
41365 8325 995018
8325 1723 6948
1723 34829 94013
34829 35393 504
35393 7010 630140
7010 22559 354999
47848 3820 979914
3820 27740 316557
47849 40398 989685
40398 32203 51714
32203 37289 78247
47851 39874 905998
47852 30860 109877
47853 33381 345938
33381 47332 1
47854 29233 979270
29233 17396 929871
47856 41986 1000000
41986 31418 995473
31418 41166 256
41166 10874 416
10874 523 981513
523 14503 421069
14503 347 275
347 35659 943493
35659 23172 970
47858 34314 31806
47859 4689 965658
4689 18372 637
18372 16991 917120
16991 45074 1
45074 36341 510
36341 47505 551999
47505 11880 767405
47860 36358 1
36358 25491 840145
25491 35260 934359
47861 46225 920408
46225 28910 429
28910 27855 510715
27855 24163 98541
24163 24788 1000000
24788 47029 404
47029 48661 764992
47862 25212 832
25212 34335 1000000
47863 46903 383
46903 35734 929153
47865 28512 193
28512 19922 790709
47867 42555 420
42555 26147 69433
26147 15060 3761
15060 14938 558
47872 40689 917940
40689 30915 921796
47873 38354 975959
38354 31772 937182
31772 24343 941162
24343 36277 445
36277 388 1000000
388 20441 949492
20441 47555 1000000
47555 46624 1000000
46624 32530 88492
32530 17740 272757
47875 10098 966672
10098 5543 991409
5543 39686 606
39686 32769 425200
47876 12988 969750
12988 15983 461609
47877 40575 1000000
47878 22563 791168
22563 16515 160
16515 8432 935
8432 40544 460
47879 43713 717271
43713 33741 854
33741 26372 977911
26372 19578 958006
19578 5151 1000000
5151 2223 718397
2223 9545 157
9545 47816 935438
47816 2614 430
47881 9941 962290
9941 48529 129387
47882 40777 114
40777 5876 673
47884 38303 78152
38303 47745 993216
47745 49492 923764
47886 28753 721776
28753 36214 647
47887 35779 371615
35779 4329 256
47888 30649 959436
30649 16650 986806
16650 45699 920757
45699 32920 898
32920 49003 209443
47889 13566 1000000
13566 42001 963419
42001 9909 958873
9909 21081 929142
47890 27708 699
27708 25040 261731
25040 22178 974768
22178 887 178149
887 34725 776620
34725 9592 287124
47891 21948 921814
21948 47947 1000000
47892 23350 1
23350 30936 353
30936 39298 984116
39298 15742 1
15742 15379 348326
15379 42388 965391
42388 44092 942275
44092 195 538675
195 22925 599342
22925 17787 653004
17787 10060 504083
47893 32903 984828
32903 33589 906
33589 33513 366169
33513 43261 986447
43261 1235 948363
1235 102 209491
102 31105 1000000
31105 20832 1000000
20832 29597 961819
29597 15512 310942
47894 218 839258
218 36305 853
36305 6700 921
6700 40585 47
47895 8261 970885
8261 48676 229
47897 45513 926886
45513 43735 581629
43735 38923 226087
38923 4290 604586
4290 17874 960312
17874 13741 920031
13741 13301 946185
13301 40466 431258
40466 25937 967325
25937 12869 1000000
12869 7703 376258
7703 23402 1000000
23402 45408 949690
45408 4663 803069
47898 23806 111931
23806 32276 163349
32276 12459 996837
12459 25647 551
25647 39154 917386
47899 1165 1
1165 34252 981432
34252 42120 1000000
42120 7809 1
7809 3344 624562
3344 25886 942664
25886 33423 927550
33423 11565 963080
11565 36004 21
36004 1454 754917
47901 44707 324
44707 48598 484
47902 37227 725013
37227 47871 610
47871 14756 775
14756 7052 15410
7052 44894 642
44894 12505 880321
12505 27044 1
47903 31313 854
47904 20809 968477
47907 2585 1000000
2585 40835 324
40835 27430 553133
27430 38555 782750
47909 41642 491135
41642 18059 988900
18059 7403 79
47911 7261 464438
7261 211 537
211 19046 476
19046 16762 1000000
47912 6176 226
47913 27674 959212
47914 33156 39
33156 33446 292644
33446 5590 1000000
5590 33330 906311
33330 49690 757135
47915 34078 550512
47916 22559 995128
47917 46120 917229
47919 30946 367
30946 31446 101684
47920 27036 959425
47921 17002 937711
17002 28773 1000000
28773 36363 89397
36363 23933 935242
47922 39944 985377
47923 36161 943011
36161 20530 955970
20530 17857 1000000
17857 21529 825
21529 33961 661447
33961 16501 1000000
16501 7061 293830
47924 38873 55
38873 1900 924375
1900 37300 922727
37300 38156 979825
47925 25756 405
25756 45206 724524
45206 16954 933946
47926 7217 940920
7217 30052 975416
30052 19047 308239
47928 33491 232
33491 13684 1000000
13684 8466 735399
8466 2846 64
2846 37460 637543
37460 40265 977903
40265 7746 979776
7746 45798 982616
45798 4285 1000000
47929 25425 283132
47930 25171 903435
25171 17055 907697
17055 40344 441
40344 35212 594
47931 37932 948942
37932 46466 316262
46466 42598 1000000
42598 13616 487580
47932 36217 964776
36217 20871 546422
20871 16285 159832
16285 28731 1000000
28731 13574 1
47934 40765 834406
40765 33401 467644
33401 46586 994967
47935 28824 993785
28824 27420 257
27420 364 704947
364 37182 30016
37182 12126 462
12126 8359 1000000
47936 24096 954753
24096 26024 758657
26024 10560 939033
10560 14874 471060
14874 45386 1000000
45386 36428 972917
47937 48769 1
47938 24838 356107
24838 26764 936701
26764 9381 633
9381 31704 972
31704 10920 657874
10920 382 418329
47939 32823 730
47940 26549 1000000
47941 15526 1000000
47942 14196 214
14196 20543 1000000
20543 48241 580004
47943 30844 974683
30844 1379 982084
1379 2692 549008
47944 49266 912
47945 20281 433193
20281 46884 278
46884 45295 342
45295 12976 996984
12976 2393 905085
47946 28043 748
47948 17908 921294
47949 4354 1000000
4354 12390 108
12390 10811 646168
10811 44321 298952
44321 30969 913657
30969 32894 101
32894 39641 68
39641 26479 683
26479 28185 905811
28185 43952 890105
43952 6589 955129
47950 11545 852005
11545 9535 411
9535 42205 118225
42205 40604 784304
40604 21787 171627
21787 25654 576358
25654 2304 977018
2304 17331 1000000
17331 11947 148623
11947 37620 587
37620 6584 912774
6584 32492 988817
32492 30441 393509
30441 20953 943018
20953 17882 962406
17882 24706 392
24706 42576 996613
42576 37916 851589
37916 4414 988967
4414 37565 989761
47951 23948 923455
47952 1969 94659
1969 38621 997841
38621 46255 940261
46255 20167 1000000
47953 44504 768018
47954 44539 933698
44539 24393 307
24393 22817 816757
22817 30551 519159
30551 44006 984895
44006 6053 480553
47955 2701 998822
47956 7526 914
7526 35182 101
35182 14263 155
47957 33021 65
47959 3319 938723
3319 24403 903351
24403 19794 774
19794 48965 180
47960 47834 281839
47961 14440 426317
14440 24336 715503
24336 5714 133
5714 16800 470498
47962 16622 980407
47963 10453 927451
47964 22914 576
47965 1817 1
1817 49595 859
47967 14219 84114
47968 26104 319217
26104 7246 955786
7246 31211 827519
47969 38398 924815
38398 25899 1
25899 26206 933065
26206 39261 576910
39261 9332 1000000
9332 24086 910315
24086 21676 817573
47970 10897 915719
10897 5015 668
5015 27734 1000000
27734 44106 959566
44106 23290 921774
23290 38485 168363
38485 8626 305775
8626 10041 903821
10041 37150 1000000
37150 31152 886
31152 43047 522
43047 34887 953347
47971 19010 960027
47972 19441 163
19441 2705 942
2705 46972 306
46972 10395 704
10395 369 947
47973 863 907378
47974 49550 1
47975 47905 933672
47905 47027 1000000
47027 22829 900169
47976 25679 939
47977 23667 1000000
23667 14324 432
14324 8612 690
8612 17591 1
17591 11129 970250
11129 39949 102997
39949 8658 804502
8658 37440 1000000
37440 2407 456
2407 22592 75
22592 5230 1
5230 39144 378283
39144 37013 330
47978 21277 961288
21277 11707 949976
11707 14937 579
14937 12179 926979
12179 16861 989065
16861 33597 178393
33597 15036 850939
15036 37986 871377
47979 29406 824164
29406 18458 916335
18458 36875 910762
36875 21258 950062
21258 49038 908675
47980 14729 923749
14729 7537 576
7537 46710 192
46710 39272 786
39272 24178 309
24178 15253 944971
15253 39809 337149
39809 32102 838869
32102 35177 818
35177 48424 600549
47981 23859 952519
23859 19668 431012
19668 6784 963
6784 30317 949153
30317 6352 1
47982 4922 76511
4922 43715 640
47983 44971 971252
44971 31875 824
47984 47286 981328
47286 18987 187
18987 45794 1000000
45794 1417 943174
1417 5096 346
5096 40020 191769
47987 20238 142187
20238 13502 907171
13502 26498 902992
26498 42444 990586
42444 32600 759763
32600 8228 653828
8228 9867 923
9867 8995 980188
8995 17779 993643
47988 28271 207
28271 37277 931458
37277 28878 591529
47989 24858 553855
24858 39799 485613
39799 7256 926685
7256 32266 972045
32266 13013 14611
13013 33000 994277
33000 46919 975249
46919 49132 326298
47990 17312 723
17312 37047 986049
37047 15918 985024
15918 45023 1000000
45023 49437 986372
47991 27451 911237
47993 12971 563105
12971 2788 530426
2788 47880 292290
47880 37258 777919
37258 20085 950517
20085 19599 80477
19599 42737 960
42737 14633 588539
14633 24656 1000000
24656 4750 952590
4750 20601 975554
20601 27680 458171
27680 44147 573105
47995 20903 339
20903 32459 429
32459 30057 879
30057 12816 160058
12816 16381 1000000
16381 34484 1000000
34484 35279 604378
35279 20154 134894
47996 25041 497163
25041 757 176
757 32284 624
32284 40430 896171
47999 49437 883
48000 49222 930172
48001 46264 516
46264 3067 921302
48002 37954 1000000
37954 25130 20989
25130 16750 679
16750 28523 986525
28523 44369 284518
44369 40289 407
40289 26305 1000000
48003 43254 932388
43254 28966 974579
28966 49631 773872
48004 31344 587005
31344 37595 1000000
37595 33532 915084
33532 34274 938914
34274 46821 1
46821 33751 392
33751 6301 839897
48005 13809 605206
13809 22550 361717
48006 32202 984868
48007 47032 1000000
47032 43649 901020
43649 49188 1000000
48008 22559 954721
22559 29651 559
29651 27744 1000000
27744 8331 1000000
8331 1575 954928
1575 399 1000000
399 44950 996238
44950 21153 1000000
21153 1384 956445
1384 43916 530352
43916 48415 974
48009 46249 989630
46249 35039 524898
35039 38952 470
38952 32260 591468
32260 9209 142
9209 34689 954
34689 27168 859
27168 32063 1000000
32063 19049 986329
19049 20265 985425
20265 6329 1000000
48011 27851 1000000
27851 17090 652734
17090 5811 995134
5811 22599 727799
22599 2453 522
2453 3105 633
3105 21875 933331
21875 14911 192
14911 42948 920
48013 34185 1
34185 23476 383694
23476 49570 705271
48014 16246 915186
16246 10907 681799
10907 47842 986118
47842 48134 747688
48015 6258 976734
6258 6204 945862
6204 5030 727389
5030 49391 506
48016 1913 201556
1913 10629 899017
10629 30913 1
30913 33441 113
48017 1863 1
48018 3059 961401
3059 39563 82
39563 48165 791
48019 46448 316577
46448 28255 985836
48021 16483 997270
16483 37889 410873
37889 10423 979714
10423 981 936114
48022 41732 778
41732 30491 465
48023 34258 795
34258 19791 138785
19791 27222 826382
27222 8788 883
8788 21672 963048
21672 31875 567
48024 46440 675
46440 41782 1000000
41782 11151 834
48025 19743 906555
19743 13732 981486
13732 31644 272762
31644 27815 968
48026 19362 1
19362 207 687
207 16298 902852
16298 43360 191895
43360 23110 1000000
23110 8878 903858
8878 17846 845937
17846 47651 975777
47651 30354 1000000
30354 3628 1000000
48027 32725 307582
32725 41638 547720
41638 33179 910091
33179 43142 810856
43142 47263 990201
47263 32274 938810
32274 8551 1
8551 36173 794326
36173 15878 435
15878 9321 736
9321 41202 1
41202 32697 477194
32697 42537 631846
42537 29539 948373
48028 13941 947081
13941 43012 200
43012 7815 666012
48029 36640 1
36640 6651 469118
6651 46213 20
46213 44453 967083
44453 4966 915325
4966 44206 969185
44206 43779 742318
43779 46964 741
46964 31151 1000000
48030 29670 743
29670 22560 219192
22560 49622 498
48031 28460 1
28460 39208 804645
39208 9070 935430
9070 22264 1000000
22264 14236 232152
14236 30333 610474
30333 6656 635244
6656 10300 979986
10300 398 927494
398 41150 982812
41150 768 954075
768 3763 1000000
48035 17860 177
48036 33451 452614
33451 6691 1
6691 41834 908494
41834 20935 762
20935 17027 923057
17027 19481 1
48037 25952 304
48038 7350 800867
7350 13149 829
13149 41755 904056
41755 22706 1000000
22706 10205 173
10205 2026 946224
48040 49552 824
48041 19541 946027
48044 47870 912206
48045 5191 381
5191 1864 533090
1864 32353 478533
48046 34990 848534
34990 20193 1000000
48047 22409 933600
22409 43346 668007
43346 19989 919086
19989 45918 983663
45918 42822 1000000
48049 43668 1000000
48050 25450 991587
25450 23687 798
23687 40844 159795
40844 19956 76121
19956 33118 985987
33118 34147 484
34147 9784 983634
9784 21039 906851
21039 39767 490
39767 31041 1
31041 5816 30
48051 21175 967108
21175 49352 943895
48052 48407 900
48053 41759 975790
48056 21443 604
21443 38437 839
38437 42530 939427
42530 30406 7
30406 39858 960363
39858 18099 461355
18099 11495 936418
11495 16258 1000000
16258 35008 812355
35008 24693 862
48058 31617 1
31617 23463 765822
23463 32112 1000000
32112 39070 878
39070 32361 557078
48059 22630 1
22630 8446 983739
8446 8074 718749
8074 22681 1000000
22681 2804 66573
2804 35413 913346
35413 1606 1000000
1606 12548 674772
48060 22732 982777
22732 39608 942224
39608 750 925206
48061 20906 951544
48063 166 1000000
166 14938 1
14938 43228 989220
43228 7919 792200
48064 41045 887843
41045 3165 479858
48065 33267 916955
48066 38401 650
38401 49163 766325
48067 15097 979899
15097 23768 71529
23768 39102 208270
39102 2051 647
2051 48761 412526
48069 8506 906597
48070 45727 908320
48071 32442 1000000
32442 15241 364
15241 34935 672275
34935 6599 1000000
48072 5408 963121
5408 45649 909
45649 28167 953502
48073 46176 976915
46176 36833 944890
48074 8308 1
48075 23943 531
23943 25070 765683
25070 281 154481
281 24188 632
24188 45167 986320
45167 1125 144293
1125 35113 201039
35113 27231 966261
27231 38407 971838
38407 41299 410523
41299 20731 795996
48076 30048 840797
30048 3646 958749
3646 29742 960493
29742 49497 469517
48077 18015 988225
18015 33057 1000000
33057 43509 1000000
43509 27271 1000000
27271 33759 487
48078 25569 908763
25569 45817 930837
48080 27933 908370
48083 30816 322
30816 19144 935284
19144 10154 771
10154 12248 981172
12248 45236 1000000
48084 31901 558531
48086 29782 956311
29782 20886 1000000
48087 27955 948664
27955 40321 323674
40321 21187 958316
48088 35954 1
35954 24607 999077
24607 5685 319897
48090 15124 985274
48091 8939 1000000
8939 35931 724869
35931 26441 963963
48092 23369 360
48093 18259 1000000
18259 639 334809
639 2850 256096
2850 49324 968036
48095 41237 110709
41237 39317 996594
39317 5867 1000000
5867 18482 523
18482 6722 985122
6722 44949 944985
44949 21132 152183
21132 23755 79
23755 35817 963645
48096 37904 902567
48097 34787 1
48098 36275 466800
48100 29082 777254
29082 42832 963038
42832 8257 993487
48101 48174 375045
48102 44401 851389
44401 17985 249736
17985 38255 995625
48103 38293 1000000
38293 43037 961327
48104 19488 956800
19488 20467 636233
20467 45712 1000000
45712 5048 901314
5048 38800 929678
38800 27373 391
27373 42762 900870
48105 41450 976483
41450 10609 632
10609 22696 988319
22696 25617 1000000
48107 41650 908323
41650 6018 248160
6018 30864 925113
30864 147 32042
147 42572 164033
48109 37699 972192
48110 39971 992071
39971 26726 942655
26726 10700 967558
48112 2312 475
2312 4533 1000000
4533 41933 953422
41933 42837 954
42837 6138 481
6138 8591 181207
8591 18334 174
48113 20827 976987
20827 5280 940598
5280 21749 927571
21749 2479 206770
2479 8051 1
8051 10026 538000
48114 23172 1000000
23172 19593 912318
19593 1995 396336
1995 18389 946035
48115 42822 1000000
48117 24603 932454
48118 35485 235
35485 41832 954
48119 18181 983304
18181 22600 934853
22600 8827 962462
8827 581 569074
581 40528 1000000
48120 24835 7301
48121 7918 996714
7918 15317 181
15317 33720 941294
48122 30521 955769
30521 26888 265803
26888 29750 830
29750 2027 935
2027 31293 1
48123 522 905017
522 1108 338910
1108 6741 950769
6741 6095 936390
6095 16547 996857
16547 4577 921853
4577 36376 1
36376 17048 223371
17048 49305 1000000
48124 29423 1000000
48125 3175 872363
3175 23947 755
23947 44344 526012
44344 12859 678
12859 14524 968627
48126 49255 555660
48129 32346 866
32346 8682 312018
48130 26254 954108
26254 46481 817
48131 37301 1000000
37301 8577 1
48132 32412 807
32412 9916 9802
48133 31486 982657
31486 3535 155962
48134 11839 914597
11839 13020 736404
13020 10235 553
48135 9567 967513
9567 15512 945386
15512 31950 910923
31950 48378 136075
48136 39205 968302
48137 49631 648758
48138 34192 949224
48139 18360 185513
48140 9926 951125
9926 39992 903951
39992 12856 948981
12856 4427 957841
4427 17314 1000000
48141 23684 983179
48142 30550 722897
30550 8747 919725
48144 4971 1000000
4971 47209 991638
47209 47573 950389
48145 45151 746
45151 28742 967231
28742 23438 698084
23438 18865 906032
18865 9415 955820
9415 10060 733
10060 35022 234327
35022 30313 644479
30313 34 939423
34 25682 962258
25682 49017 20568
48146 24832 913163
24832 35468 904751
35468 11214 125
11214 21956 852859
21956 11427 912663
48148 40129 691403
40129 19405 208228
48150 2034 988429
2034 46048 577271
48151 42979 390442
42979 42408 22704
42408 28057 741014
28057 20701 981235
20701 14409 935960
14409 3611 485899
3611 28381 32733
28381 45157 934883
48153 42482 639936
42482 30243 977963
48154 23166 834
23166 1773 930766
48155 49623 995223
48156 33967 696786
33967 45534 998612
45534 35480 641
35480 11889 1
11889 2692 1000000
2692 12072 139
12072 48334 997082
48158 21929 986542
21929 21902 177
48159 11187 524
11187 23826 365815
48160 32037 629451
32037 35681 1000000
48161 13125 983216
13125 48439 901755
48162 42788 489
42788 46578 912043
46578 39735 971897
39735 12268 208
48163 34503 319132
34503 18820 98711
18820 12164 925037
12164 40632 544538
40632 28065 973461
28065 18400 338220
18400 34857 477
34857 10472 46057
10472 29489 1000000
48164 18520 550310
18520 945 915646
945 35324 949987
35324 16283 517844
16283 46154 597196
46154 16218 703747
16218 29122 1000000
29122 46569 986231
48166 15848 1000000
15848 8333 759567
8333 47067 26393
47067 17064 909236
48167 35936 925492
35936 19287 743511
19287 16439 41
48169 9551 172607
9551 19597 987978
19597 4649 74469
4649 5841 775374
5841 42509 925522
42509 34584 566
34584 10549 381530
48170 47664 912263
47664 34646 109563
34646 6536 505189
6536 39422 900745
39422 6889 1
6889 17723 1000000
48171 24016 351609
24016 28893 183
28893 9591 347
9591 42669 947750
48172 1026 1000000
1026 8219 987503
48173 19333 927044
19333 3982 920999
48174 29060 969176
29060 28001 648134
28001 9095 683434
48175 32025 381146
48176 9019 1000000
9019 25431 351
48177 48048 945580
48048 25885 924369
25885 8247 827689
8247 14403 349
14403 31395 465
31395 31657 658981
31657 49188 132
48178 307 185069
307 15948 266952
15948 37915 27662
48179 2249 1000000
2249 31652 398960
31652 35119 408515
35119 6714 396
6714 19554 1
19554 24530 1000000
24530 39741 910365
39741 27134 908961
27134 47113 1
47113 47260 524395
47260 39296 546
48180 6701 78615
6701 1346 915671
1346 19235 491938
19235 17593 364286
17593 10612 963088
48182 31376 1000000
31376 37707 1000000
48183 45300 360407
45300 2636 405820
2636 3630 982131
48184 8909 950261
48185 4576 988054
4576 9748 1000000
9748 21643 828
21643 27527 772821
27527 19833 63
19833 4039 913562
4039 1580 1
1580 31489 1000000
31489 41683 848725
41683 36881 929969
36881 4371 1000000
4371 14097 925986
14097 8092 384
8092 39404 971264
39404 35309 3071
35309 46866 647
48186 19237 605363
19237 29674 958573
29674 11019 1000000
11019 44942 917478
44942 40706 930191
40706 15870 864
15870 23985 988424
23985 4091 872
48187 34795 1000000
34795 49481 684
48188 15774 207
15774 1884 907318
48190 1110 322
1110 14924 883930
48191 36258 245404
36258 1317 928516
1317 46504 237
48192 7473 467633
7473 2727 347
2727 25765 960468
25765 17051 368121
17051 25098 313310
25098 37979 946
37979 18710 1000000
18710 23151 959068
23151 29090 102
29090 17534 878187
17534 47227 1000000
47227 34896 48839
34896 14993 150797
14993 13476 946182
13476 5721 944561
5721 20296 917
48193 23816 762550
23816 20291 1
20291 9640 817805
9640 36428 253
36428 34294 373885
34294 14314 410098
14314 49212 640446
48194 33663 993892
33663 24126 927095
48195 35276 994862
35276 4369 900465
4369 8963 748059
8963 40346 1000000
48196 7544 1000000
7544 37224 981972
48198 5945 533185
5945 28907 502220
28907 9849 140
9849 24281 183049
24281 6278 684
6278 17709 738973
17709 11713 914400
11713 31405 335648
31405 6531 920955
6531 36902 991469
36902 7069 1
48201 25853 1000000
25853 4664 953942
4664 3990 981050
3990 16710 1000000
16710 18907 61
18907 27177 734
27177 9563 266
9563 44503 1000000
44503 6433 477504
6433 26337 279788
48203 47738 969
47738 5816 970450
48204 47958 186
47958 25318 906358
25318 3419 670389
3419 24396 286383
24396 2406 17
2406 22608 574107
22608 49232 825318
48206 36724 750635
36724 33056 252
33056 6280 794
48207 17746 3122
17746 38402 1000000
38402 12600 1000000
12600 35176 991227
35176 24770 51885
24770 40011 914407
40011 5162 507
48209 28622 176405
28622 15304 277240
15304 34103 969680
34103 10746 987318
10746 43135 793875
43135 33287 71
33287 41497 971219
41497 34794 22311
34794 34308 90
48211 3608 1
3608 37540 147122
48212 45577 107482
45577 47834 450
47834 18944 911955
48214 28463 996342
28463 35773 978200
35773 46761 985963
46761 21475 535
21475 17314 522481
17314 38740 509
48215 1655 922088
1655 10384 925016
10384 41361 996031
48216 33541 290
33541 12703 1
12703 20284 961809
20284 24715 695708
24715 8520 1
8520 29466 961442
48217 23032 993659
23032 26192 911412
48218 41134 958266
41134 23990 912659
23990 24430 867
24430 26208 919075
26208 12669 979
48219 26424 564
48220 13821 995288
13821 45431 204550
48221 23537 1
48223 29889 388
48224 17017 753576
17017 2876 1
2876 22034 37195
22034 27600 901244
27600 35665 326868
35665 45819 730005
45819 12629 974825
12629 12332 486939
12332 30993 24
48225 42005 925677
42005 34104 332455
34104 33966 759649
33966 26702 1000000
26702 17691 1000000
48226 29783 17582
29783 12512 11757
12512 11983 552823
11983 7632 835023
7632 44174 948576
48227 30784 1000000
30784 40263 246
40263 21835 989030
48228 14604 299624
14604 35431 911458
35431 36011 458137
48230 48229 934492
48233 15867 927981
15867 11029 1000000
11029 7604 516217
48234 45435 307682
45435 40301 1000000
48235 40225 192
40225 17513 731
17513 47985 978286
48236 5969 925718
5969 6977 916402
6977 49418 695333
48237 47160 586
47160 30866 975313
48238 29986 995522
29986 25745 950775
25745 37490 1
37490 6528 598
6528 46971 394
46971 35554 683003
35554 34234 1000000
34234 11230 802
11230 26767 188
26767 28176 356144
28176 43536 1000000
43536 2740 192821
2740 32966 907616
32966 47336 650
47336 30000 597313
30000 34748 994336
34748 35432 464544
35432 12579 316
12579 3668 323
3668 21389 974323
21389 19027 1000000
48239 39952 956512
39952 47157 483
47157 15862 1000000
15862 38139 852503
38139 12796 623767
48240 34993 299752
48241 28964 234332
28964 18807 229779
18807 36405 961171
36405 46806 809
46806 7923 943701
7923 32246 928647
48243 22886 712
22886 15715 665
15715 25331 53
25331 40729 979661
40729 44113 523732
44113 48213 258408
48213 15074 91986
15074 38372 947259
38372 15823 832040
15823 39393 444973
39393 24181 1000000
24181 316 246543
316 34308 787274
48244 15113 908021
15113 34241 4
34241 22031 31
48245 6146 668196
6146 14650 261387
14650 19781 915184
19781 13982 143
13982 647 424614
647 15059 949350
48246 22588 1
48247 32247 936266
32247 23001 993232
48248 44899 175680
44899 12279 985619
12279 16500 1000000
16500 37582 712857
37582 42619 585802
42619 25742 695467
25742 44400 966387
44400 17972 900182
17972 49615 251
48249 20769 166206
20769 37288 184970
37288 11623 32267
11623 3588 992209
48250 3248 987387
3248 5161 1000000
5161 19880 755
48251 4058 703768
48252 19591 961686
19591 33181 940568
33181 31144 1000000
31144 24952 1
24952 24372 248187
24372 13436 964835
13436 36886 937629
36886 30856 899490
30856 1941 182856
1941 26363 957129
26363 29426 924165
29426 2627 958524
2627 35446 950105
35446 15531 349
48253 17621 77466
48254 40341 550
40341 46661 745
48255 35741 224
48256 43080 903532
48257 47119 970787
47119 30324 1000000
30324 42825 961990
42825 35342 982147
35342 23983 965960
23983 48108 673
48108 1114 245646
48258 123 955477
123 34127 902205
34127 49577 1000000
48259 43072 998961
43072 36748 945110
36748 272 968263
272 43721 311117
48260 1502 1
48261 13849 79
13849 9034 292391
9034 1708 204469
1708 23653 986579
23653 39685 935383
39685 14017 1000000
14017 35618 943217
35618 17941 929447
17941 28789 1000000
48262 16275 657
16275 24079 314889
24079 10981 1
10981 46139 873557
46139 39865 148
39865 29458 913567
29458 23397 910159
23397 36614 468
48264 8294 630
8294 2822 1
2822 18151 903598
18151 21515 158
21515 45551 999880
48265 2339 204640
2339 27456 551776
48266 13606 348026
13606 13771 962426
13771 37164 791898
37164 25702 1000000
25702 26656 1000000
26656 4852 517
48267 36295 1000000
36295 18420 969802
48269 45220 134
45220 21674 42
21674 18134 822973
48272 32706 438
32706 47717 936848
47717 34057 917946
34057 17291 1
17291 11168 919338
48273 15761 42975
15761 19698 848971
19698 7095 1000000
48274 17298 789691
48275 43315 1000000
43315 41393 141
41393 28556 923949
48276 34621 1
34621 19327 707470
19327 40551 959755
40551 4510 1
48277 48666 59307
48279 26631 729
26631 5928 967058
48280 38228 1000000
38228 12959 997710
12959 14195 961654
14195 40120 294230
48281 41142 1
41142 36732 573646
48283 29472 366
29472 2954 1000000
2954 38207 1
38207 1460 357807
1460 27537 385666
27537 13727 982952
13727 43442 1000000
43442 11471 932774
48284 14952 913607
14952 6376 782904
6376 19352 955672
19352 40818 956956
48288 39838 559
39838 31250 962148
31250 35764 899
35764 16971 931246
48289 48189 1000000
48189 44443 1
44443 34604 208
34604 29514 387674
29514 16918 790260
48291 7637 884875
48292 42413 515
42413 11786 985649
11786 7074 387576
48293 38433 938240
38433 11904 911206
11904 5062 739
5062 39079 949208
39079 44188 1000000
48294 6124 679304
48295 35949 650
35949 48351 462679
48296 2336 55403
2336 1831 478
48297 20400 81235
20400 27197 1000000
27197 24155 63456
24155 24810 934
24810 31162 968141
31162 22250 754148
22250 43800 687584
43800 49557 712801
48298 12800 938437
12800 42398 918399
42398 7919 805168
7919 36475 671978
48299 49613 645664
48300 40145 349889
48301 45460 964331
45460 9184 1000000
9184 14681 224
14681 6549 750997
6549 7070 345570
7070 20889 923765
48303 15160 879
15160 4508 932565
48305 24821 1
24821 1291 315186
1291 8526 876
8526 19501 962766
19501 9638 178543
9638 2791 1
2791 34482 1000000
34482 41405 304
41405 20453 934122
20453 7791 918823
7791 3907 932023
48307 8922 379
8922 42285 691206
42285 31940 206
31940 21048 257348
21048 14113 908581
14113 22185 1000000
22185 41222 942458
41222 42373 985389
42373 9469 1000000
9469 10766 331
10766 42613 749026
42613 24602 958205
48308 29108 1000000
29108 40936 394067
48309 38323 989
38323 4625 771911
4625 31086 946649
31086 18935 993403
18935 12456 990297
12456 8578 187695
8578 30382 689
30382 19854 428
19854 37077 960700
37077 19836 714
19836 19073 719583
48310 13721 924293
13721 3683 814
48312 14344 66
14344 40249 1000000
40249 31848 998839
31848 45618 525
48313 19265 947872
19265 43188 983456
43188 19340 920367
19340 36199 1000000
36199 38063 567
48314 31677 235095
31677 28884 256731
28884 8588 926928
8588 15859 943219
15859 15019 915783
15019 1333 970430
1333 8096 1
8096 14167 768597
14167 12277 25
12277 22956 674681
22956 44725 956774
48315 35354 1
35354 16658 959872
16658 24633 993048
24633 41617 216577
48316 10096 123
10096 36497 303528
36497 7941 473
7941 24490 779463
48317 33501 651698
33501 3362 1000000
3362 47557 1
47557 5555 445418
5555 22286 966670
22286 42895 786
42895 9597 922380
48318 5577 249763
5577 2250 1000000
2250 15268 1000000
15268 6435 782037
6435 35183 578366
48321 20807 942904
20807 37729 243714
37729 47034 304603
48322 17286 902406
17286 20899 600955
48323 15745 999501
15745 40783 716
40783 25390 1000000
25390 4851 1000000
4851 40927 638857
40927 46447 953009
46447 18714 948831
48324 94 1
94 43593 595960
43593 37903 930585
37903 29143 984237
29143 32422 695220
32422 35996 654144
35996 40431 927432
40431 7705 988679
7705 3219 977288
3219 33371 1
33371 14947 963957
14947 11287 419
48325 41648 672
41648 12106 1000000
12106 23401 37816
48326 35463 613
35463 44777 993159
44777 16093 105
48327 21918 241234
21918 5943 3027
48328 46513 948
46513 2446 992231
2446 6918 207
6918 22079 929220
48329 24118 670
48330 41197 965578
41197 12854 960865
48331 33812 960163
33812 45853 777965
48333 49146 1000000
48334 42471 592779
48335 41830 746794
41830 3063 53976
48336 26145 677325
26145 40958 1000000
40958 5928 943036
5928 20389 133510
20389 19378 1000000
19378 13571 634330
13571 10469 965968
10469 39841 949227
39841 4114 50916
4114 386 950793
386 9110 1000000
9110 49553 528
48338 4016 1000000
4016 37259 961211
37259 20015 481438
20015 45431 350
45431 24331 951957
48339 21231 1
21231 42410 953
42410 9724 1000000
9724 2787 469955
2787 2130 718353
2130 31366 382
31366 10083 940944
10083 2082 511988
48341 31412 954171
48343 25206 32
25206 14102 687432
14102 17720 434
17720 1112 978901
1112 20136 75407
20136 28582 1000000
28582 43882 527
43882 2519 768045
2519 28307 140880
28307 31564 902929
31564 8855 488376
8855 43444 875702
43444 4400 364837
4400 42534 983643
42534 9952 314934
48344 26283 955181
26283 11216 987799
11216 10447 841645
10447 35353 925718
35353 7922 478
7922 45800 925022
45800 17945 956123
17945 15648 955985
15648 39246 483929
39246 43494 192470
43494 24270 921565
24270 18919 1000000
48345 12673 664
12673 20241 923676
20241 34411 609
34411 10630 939119
10630 33594 1
33594 40430 926025
48346 17075 940810
48349 23251 1000000
23251 19207 1000000
19207 46757 908277
48350 7762 361175
7762 5719 1000000
48351 33542 1
33542 26538 79
26538 30879 995
48352 44466 907244
44466 22276 671138
22276 10908 1000000
10908 24383 970
48354 11794 1000000
11794 17943 923496
17943 31543 148426
31543 49447 524869
48355 38032 281
48358 36224 215614
36224 19822 704863
19822 38862 538307
38862 48168 1
48168 16417 945254
48359 43907 991877
43907 7606 1
48360 10732 717241
10732 2936 1
2936 6228 736
6228 28625 940211
28625 41565 641555
48362 21713 291
21713 15331 1000000
15331 47069 852904
47069 8475 1000000
8475 20620 942061
48363 3927 998051
3927 34054 359189
48364 7131 1000000
48366 31061 205
31061 6335 518944
6335 23173 123
23173 33980 957942
48367 43481 44
43481 28637 213784
28637 35666 1000000
35666 8800 991731
8800 12832 348134
12832 44679 278355
48368 33675 38
33675 18377 212
18377 1359 574
1359 23773 979651
23773 38872 372
38872 6178 927940
6178 25120 831329
48369 29443 718
29443 20613 145696
48370 43152 336
43152 29583 1000000
29583 43992 911207
43992 44037 911661
44037 43340 996266
43340 19368 463
19368 5730 909011
5730 26028 926
26028 11564 907731
48371 23820 365013
23820 42471 947
42471 34986 300745
48372 8769 325908
8769 10185 579718
48373 33924 951864
33924 7828 949
48374 45096 784578
45096 21821 981936
48375 34317 895069
34317 21615 986203
21615 31858 139334
31858 43986 932626
43986 21623 373028
48376 32942 697
48377 34979 1000000
34979 23063 1000000
48378 35430 835957
48379 47855 753656
48380 34272 913216
48381 5803 918641
5803 37565 492
48382 32639 160572
32639 25642 1000000
25642 4220 978635
4220 46335 970347
46335 27555 752762
27555 19047 1000000
19047 5120 792197
48383 6561 840
48384 4305 958783
4305 25425 934282
25425 32351 992036
32351 42468 430501
42468 13388 574238
13388 15984 65446
15984 8271 936446
8271 16304 318677
16304 16371 917737
16371 40943 920965
40943 32866 282601
48385 7203 966508
7203 20191 550357
20191 1454 963746
48387 21436 212198
21436 15930 930519
15930 35982 773
35982 14354 905781
14354 38297 791862
38297 15418 875627
15418 7977 631205
7977 48082 97
48082 16802 993331
48388 10405 392
10405 37048 924964
48389 48775 912082
48390 43869 1
43869 27469 929337
48392 19482 1
48394 1891 12294
1891 46067 951372
46067 11815 932543
11815 6606 56427
6606 26633 101324
26633 13084 914568
13084 20243 906974
20243 24781 1000000
24781 5901 924609
5901 41817 1000000
41817 34566 978807
34566 23929 235302
23929 14616 1
48395 23987 543202
23987 12475 1000000
12475 43956 35
43956 18652 917572
18652 49609 560010
48396 43141 1
43141 27523 919701
48397 26785 466
48398 17368 335079
17368 44915 588
44915 5399 972336
5399 5011 565
5011 12267 205527
12267 1846 971578
1846 37570 776900
37570 31869 455947
31869 35928 925757
35928 3698 654797
3698 38563 952418
38563 23707 310138
23707 39915 512415
48399 42592 932627
42592 43860 1000000
43860 47870 118276
47870 28935 562
48401 14870 974562
48402 33363 437979
33363 16111 922788
16111 11536 214728
11536 9505 647
9505 37390 962993
37390 25431 304946
25431 36775 650369
36775 17464 908013
48403 29135 227732
29135 43356 1000000
43356 14215 941175
14215 3133 1000000
3133 14960 994527
14960 35891 961080
35891 33254 650
33254 40858 974309
40858 10597 867633
10597 24418 410879
24418 30508 904362
30508 22726 894229
22726 25617 1000000
25617 47768 1000000
47768 29766 583
48404 25761 391339
25761 34918 958971
34918 40759 72347
40759 41056 426
48405 32594 652742
48406 22807 975372
22807 4280 940158
4280 18620 539186
18620 10529 1000000
10529 46612 914364
46612 42418 859
48407 37969 591
37969 25142 1
25142 43809 509041
48408 30139 985036
30139 14407 1000000
48409 9692 556479
9692 18419 234896
18419 39273 754
39273 39915 43
39915 15362 1000000
15362 25720 1000000
25720 21271 903
21271 4418 326206
4418 42653 973738
42653 5594 1
5594 34765 1000000
34765 46342 163
46342 45778 667
45778 43704 136
43704 34828 418
34828 22953 1000000
22953 21089 275113
48411 22227 523627
22227 17394 949864
17394 48451 745775
48414 21311 634040
21311 2912 1
48415 23276 539
48416 25878 639
25878 11719 965735
48417 33992 1000000
48418 20544 916617
20544 12584 744591
12584 1390 848
1390 34696 1
48419 23407 1
23407 35717 1000000
35717 26766 460
26766 30205 983563
30205 36337 861
36337 22245 920948
48420 9654 25456
9654 41425 722
41425 30056 1000000
30056 11698 74785
11698 47405 951041
47405 11189 829
11189 44939 1000000
44939 48197 346271
48197 40736 984887
40736 19635 992249
19635 22711 178
48421 13670 954332
13670 20811 206
20811 37344 311
37344 32402 469
32402 31970 125759
31970 17079 429437
17079 33338 386341
33338 19073 76
48422 18037 1000000
18037 17588 147
17588 35599 883
35599 43178 947218
43178 2604 277647
2604 37088 999730
48424 44677 716325
44677 43103 566
43103 44387 1000000
44387 14267 904
14267 39660 363
48425 46668 653679
48427 45028 945086
45028 36851 1000000
36851 48524 951036
48428 16388 400336
16388 25675 1000000
48429 982 57272
982 3348 953902
48430 31140 994118
48431 32651 777941
48432 43449 935294
43449 481 165286
481 9268 666681
9268 9149 717042
9149 47009 905928
47009 32403 999648
32403 26233 1000000
26233 26480 315
48434 18921 479385
18921 21842 320768
21842 2551 331152
2551 5293 103
48435 16524 917508
48436 216 904268
216 6572 1000000
48437 30879 277401
48438 30297 1
30297 38557 1000000
48439 11595 1000000
48440 37107 742968
37107 39714 986451
39714 21219 934869
21219 43401 708
43401 35408 1000000
35408 5740 919323
48441 43653 801672
48442 15055 970598
15055 6053 1000000
6053 41490 748601
48443 35371 260
35371 16413 103704
16413 49545 344259
48444 13012 682
13012 20242 770391
20242 24227 956305
24227 35006 955379
35006 21618 922910
21618 8159 172583
8159 26128 668
26128 44805 119730
44805 29480 928788
29480 6599 1
6599 46232 1
46232 15452 82297
15452 3793 470133
3793 19412 1000000
48445 30791 704016
30791 48304 318505
48304 19217 134
19217 42393 771479
48446 33153 857543
33153 11331 973
11331 375 33
375 19813 1000000
19813 18500 792625
18500 19461 1000000
19461 18872 831165
48447 41568 1
41568 27153 466
27153 19568 651921
19568 34160 801
34160 47850 966769
47850 22617 1000000
22617 47497 92
48448 25105 283
25105 1229 965672
1229 46490 1000000
46490 11484 673444
11484 27070 945891
27070 30829 1000000
30829 37987 721945
37987 17248 5
48450 3439 451197
3439 3531 1000000
3531 9893 805779
9893 1643 1000000
1643 45097 671711
45097 12099 804203
48451 915 1
915 38619 430720
48452 729 191184
729 41811 1000000
48453 3194 584179
3194 32884 358
32884 16616 927425
16616 42218 1000000
42218 26342 824
26342 49068 1000000
48454 12834 443
12834 5749 834
48455 27969 565623
48456 6143 788
6143 46083 299109
46083 15944 956894
15944 18912 918856
18912 3759 958555
48457 43864 370
48458 24795 858
48459 562 992897
48460 18012 651971
18012 40941 767324
48461 28043 906757
28043 37827 1000000
37827 41068 701
48462 45676 954361
45676 13447 63
13447 21816 632836
21816 10875 1000000
10875 2623 524249
2623 40782 903863
40782 37855 991022
37855 5893 444440
5893 32399 978806
32399 14269 914919
14269 34654 954012
34654 9102 925505
9102 28096 1000000
28096 21290 458660
21290 31495 1000000
48463 30572 327093
30572 39892 951061
39892 4943 989282
4943 41259 407396
48464 396 460716
396 40262 927765
40262 5162 959152
5162 3700 716
48465 17128 550693
17128 14968 991114
48467 39096 885829
39096 36312 953134
36312 43312 944818
43312 14127 977700
14127 24197 405888
24197 11762 130
11762 5232 1000000
5232 10725 901363
48468 15883 505
15883 47225 222
47225 24383 922267
24383 44591 705
44591 41691 913227
41691 29650 906695
29650 8870 227842
8870 46866 935616
46866 43455 1
43455 42572 904754
42572 4455 940679
4455 13089 857855
48469 9499 957692
48470 39376 868
39376 7496 801
48471 7180 818
7180 26351 986860
48472 1502 982801
1502 44861 246
44861 24341 257141
24341 49349 158861
48473 1302 982039
1302 14467 1000000
48474 12366 963781
12366 8888 592832
8888 48710 1000000
48475 42735 913158
42735 15749 891994
15749 41233 1000000
41233 158 907497
158 15629 187717
15629 47078 918109
47078 45495 83295
45495 13787 94158
13787 47131 1000000
47131 46066 1
46066 27346 871866
27346 40973 931459
48476 30883 66284
30883 43602 261
43602 20296 1
20296 8921 581887
8921 23210 904137
23210 46391 383
46391 25449 952617
48478 19870 1000000
19870 37238 745935
48479 38305 941549
38305 15260 645
15260 46059 928878
46059 17294 1
17294 26539 746707
26539 5644 922009
5644 17038 300
17038 45633 588671
45633 19535 992563
19535 35869 229917
35869 48412 911693
48412 38951 156530
38951 29741 646
29741 13303 921906
13303 14917 723
14917 5951 993741
5951 41123 915049
41123 39746 907803
39746 43870 336129
43870 7400 485
7400 16814 251
16814 4834 305
48480 37163 1000000
37163 24561 494628
48482 26720 986444
26720 21761 12581
21761 22678 989097
48483 23339 908858
23339 35297 155
48484 10989 472942
10989 17176 493912
17176 7007 927831
7007 31295 954557
48485 14896 940001
14896 31977 341888
31977 20684 924120
20684 48426 266077
48486 19167 925043
19167 26315 933593
26315 6268 292792
6268 25326 991968
25326 30132 974422
30132 31353 1
31353 8766 39961
8766 8913 186
8913 15533 805727
15533 17143 917599
17143 29232 972990
29232 19189 959110
19189 25337 945479
48487 45064 813490
45064 7403 896777
7403 22151 456342
48488 33976 944432
33976 27933 607944
27933 23785 81783
23785 44188 303569
44188 15721 494
48489 31145 1000000
48490 4131 945734
4131 8355 394
8355 30692 760271
48491 29840 756
29840 31914 852411
31914 49364 1000000
48492 35894 1000000
35894 32207 798
32207 15535 944054
15535 42960 997310
42960 44463 976723
48494 2274 942643
2274 14996 159
14996 15278 297635
15278 36656 194
36656 3607 651423
48495 47665 730
47665 4909 947503
4909 23047 580062
23047 40304 1000000
40304 46581 945952
46581 46344 981837
48496 48537 986663
48497 33794 1000000
33794 14745 173893
48498 6429 973146
48499 47034 918039
47034 42748 1000000
42748 29167 367
29167 36685 833426
36685 48816 738527
48500 43980 387421
43980 41702 1
41702 5725 1
48502 18054 920103
18054 9598 974946
9598 15725 938205
15725 45879 951787
45879 21256 263632
21256 16746 12441
16746 35943 1
35943 24264 279
48503 31794 880810
31794 15368 843169
15368 16019 385
16019 18939 188
18939 48518 215032
48505 31201 919239
31201 4898 1000000
4898 47797 757207
48506 26121 1000000
26121 3759 415052
3759 35835 582
35835 18177 914982
48507 30065 385
30065 44521 985733
44521 8852 999645
8852 8183 404456
8183 17276 934
17276 43514 598783
43514 16080 839682
16080 15710 1
15710 41843 550979
41843 33729 983046
48509 35944 361761
35944 23668 1000000
23668 27697 998013
27697 292 668566
292 21360 321
21360 17163 141
17163 24180 971757
24180 43240 143259
43240 30538 937986
30538 27404 989470
27404 2966 389960
2966 15510 779
48510 25577 214852
48511 8615 982307
8615 1697 227400
1697 44183 956031
44183 2394 937659
2394 23390 547704
23390 30692 997459
48513 27582 726
48517 18427 837543
18427 5440 194
5440 47686 1
48518 21425 689801
21425 13690 951102
13690 42955 904482
42955 49623 1000000
48519 12860 467298
12860 1276 935313
1276 44410 934752
44410 31995 352694
31995 34598 580091
34598 29573 819955
48520 38428 296
38428 16528 442
16528 541 1000000
541 36849 353755
36849 24916 942614
24916 39416 780
39416 45493 900282
45493 23064 788734
23064 4097 219137
4097 44053 230
44053 6486 970707
48521 7518 785316
7518 46896 980907
48523 21137 878412
21137 161 536740
161 42829 918983
42829 1552 975306
1552 44040 1000000
44040 20026 814753
20026 44499 56
44499 33872 644766
33872 34308 983502
34308 28940 39629
28940 23623 1000000
23623 13064 674845
13064 6044 992661
6044 36707 102743
36707 43416 957596
43416 10773 507895
10773 37366 892488
37366 46071 1000000
46071 6947 402771
48524 15681 1000000
48525 38468 872427
48526 6912 1000000
6912 35260 900650
35260 40663 515431
48527 32597 930181
32597 23938 28627
23938 36249 968982
36249 9249 941066
9249 7266 1000000
7266 35207 974790
35207 41913 930875
41913 36664 998999
36664 40040 312985
40040 939 939308
939 749 486
749 44885 785053
44885 9684 940139
48528 16715 1000000
16715 23574 909794
23574 4040 944994
4040 34067 1000000
34067 40717 823139
40717 47074 320284
47074 12823 890979
12823 6941 795554
6941 46816 976922
46816 9390 1
48529 10856 1000000
10856 6408 332
48530 36452 940971
36452 25169 51073
48531 38468 693597
38468 47734 483993
47734 29890 943069
29890 43131 979505
43131 35627 1000000
35627 22348 21
22348 13575 991816
13575 2326 439924
2326 7627 1000000
7627 33242 971107
33242 33087 1000000
33087 5686 997691
5686 47346 732120
47346 23689 896
48533 33715 290302
33715 29337 931433
29337 18467 389
18467 38890 885479
38890 35396 965628
35396 19338 953216
19338 5544 973825
5544 18285 923260
18285 3966 302
48535 29039 897223
29039 47371 1000000
47371 29175 589716
48536 43404 1
48538 47376 254578
47376 30730 909368
30730 48567 10448
48539 24736 947702
24736 47829 846244
48541 40194 936534
40194 25980 907732
25980 44385 901898
44385 6297 1000000
48542 7590 947172
7590 25226 494
25226 5207 1000000
48543 676 1000000
676 36773 641
36773 47695 1
47695 39503 324
39503 40750 703737
48544 43503 1
48545 38218 443
38218 45000 361
45000 35652 666
35652 1771 912095
1771 36097 1
36097 5193 933902
5193 20167 916590
20167 16891 347788
16891 43098 986774
43098 4068 935733
4068 19922 959342
19922 1801 939279
1801 24191 40122
48546 48574 834086
48547 21554 826
21554 42008 746
42008 41361 924606
41361 49474 353
48548 5942 243095
5942 39928 998059
48549 24008 1000000
48550 17354 905702
48551 31508 915603
31508 18591 453
18591 10198 962149
10198 19708 342751
19708 38154 121936
38154 34192 955
48553 4840 969786
4840 23373 112
23373 34859 821
34859 30959 916528
30959 7074 700
7074 14323 735
14323 9080 989115
9080 39320 486993
39320 36878 951077
36878 10280 1
10280 3801 246
3801 45929 925100
45929 40107 917
40107 42998 836770
42998 41935 330
41935 22098 957655
22098 3602 788538
3602 22031 963107
22031 42434 824417
42434 36575 970379
36575 39805 901662
39805 45602 746631
45602 14545 975149
14545 38948 607
38948 11287 869
11287 15642 942690
15642 46649 956
46649 7209 1000000
7209 12265 970822
48554 206 1000000
206 20162 821797
20162 8209 537579
8209 16669 944
48555 492 128080
48557 42307 580
42307 38560 1000000
48558 3722 479
3722 27694 122
27694 24456 511
48559 29505 974760
29505 4559 199130
48561 12051 1000000
12051 44934 943561
44934 48400 494383
48562 21488 939637
21488 16884 995356
16884 18506 922799
48563 1625 445
1625 33408 968384
33408 21020 1
21020 4777 867061
4777 38347 955176
38347 16896 1000000
16896 7334 990649
7334 9732 1
9732 23413 431643
23413 23077 1000000
48564 27664 530615
27664 19 939961
48565 18511 912111
18511 33193 5250
33193 42802 501737
42802 30512 552797
30512 48342 503766
48342 15573 881487
15573 10768 915860
10768 49488 522672
48567 46180 900313
46180 29085 1000000
48568 27155 179113
27155 34445 481486
34445 6125 87
6125 47509 1000000
47509 27868 992228
27868 29329 168397
29329 49539 710
48569 39520 950709
39520 45525 966899
45525 47885 1
48570 6453 1000000
6453 27602 329
27602 3460 853066
3460 10539 943893
10539 7364 922175
7364 47390 999094
48571 6833 689
6833 8546 1
8546 3719 581
48572 35616 957331
35616 22454 1000000
22454 35014 782572
35014 41074 933168
41074 12156 768820
12156 30013 1
30013 47896 948473
47896 29743 608733
29743 30544 1
48573 8224 94702
8224 30879 1000000
30879 1156 936432
1156 1153 712
1153 11712 320
11712 3136 955978
3136 48270 561743
48270 47598 946436
47598 38383 157
38383 10479 162050
10479 8424 417
8424 204 481100
48574 30211 160944
30211 36793 911869
36793 11468 951728
11468 10182 877
48575 15279 428
15279 41759 876330
41759 48638 959237
48576 25605 934403
48578 37006 695082
37006 11396 531958
11396 15373 1000000
15373 39461 810484
48579 46541 1000000
48580 31731 985
31731 34000 589
34000 89 75058
89 15899 260
15899 43778 730641
43778 29249 42340
29249 10680 748336
10680 38034 575309
38034 45601 975478
45601 6683 947535
6683 13477 938660
13477 41785 7
41785 5464 803
5464 42860 1
42860 15526 326
15526 1939 900135
48581 22452 979888
22452 49511 951853
48582 24142 775743
24142 14586 330690
14586 37272 1000000
37272 27292 638
27292 12341 518
48583 14038 922786
48585 33668 782511
33668 34963 634
48587 47721 1
47721 11577 957132
11577 15148 775631
48589 28209 938044
28209 23717 908173
23717 45314 983036
45314 28431 986139
48590 4161 1000000
48591 20814 376482
20814 30448 592626
30448 33122 795059
33122 42311 1000000
42311 14744 959377
14744 30661 845022
30661 32262 217
48593 10367 1000000
48595 13475 701125
13475 4376 149803
48596 16904 559002
16904 14761 369792
48597 43849 534719
48598 38255 180418
38255 11315 985062
11315 5373 969
5373 31078 275778
48599 39629 718117
39629 49694 1000000
48600 39779 1000000
39779 16822 940074
16822 18523 1000000
18523 17138 852167
17138 38078 1
38078 5026 901528
48601 16931 951771
16931 3907 563
3907 39457 384375
39457 6913 288600
6913 11200 773208
11200 29226 968068
48602 872 550439
872 13962 752795
13962 42589 960938
42589 14233 277857
14233 11767 322884
11767 28431 767051
28431 5067 533163
5067 49543 1000000
48603 48039 903068
48039 780 943823
780 22307 939330
22307 24428 983507
24428 34541 1000000
34541 16678 689993
48604 45680 265
45680 31438 371
31438 39620 917760
39620 35191 918913
35191 28084 202
28084 13665 940432
13665 23396 96
23396 15577 431
15577 15083 587
15083 20705 710431
20705 27422 931992
27422 37465 152
37465 17311 955715
17311 23038 103
23038 46852 886709
46852 32081 1
48605 39920 777
39920 14651 3038
14651 26565 982789
26565 41449 1000000
41449 6233 1
6233 1095 842887
1095 6751 1000000
6751 36869 356094
36869 7086 220
7086 37467 80545
37467 45453 767
45453 37360 1000000
37360 16852 636228
16852 11721 241883
11721 41250 963491
41250 5602 1000000
5602 27553 439
27553 43540 984303
43540 10091 954998
10091 16762 913767
16762 22754 486846
48606 19112 984056
19112 36351 83297
36351 41598 823761
41598 47543 220360
48607 36365 963931
36365 38869 915821
38869 2010 835345
48608 24152 990120
24152 31211 966344
31211 35851 950722
35851 34466 1000000
34466 34553 1000000
34553 32509 1000000
32509 25543 528
25543 39777 1000000
39777 23332 861672
23332 9609 909828
9609 45128 284973
45128 47560 325
47560 37412 51451
37412 10199 916479
10199 39722 953937
39722 34940 988
34940 11054 1000000
48609 1086 1
1086 24723 907428
24723 39540 1
39540 21497 292887
48610 22997 1000000
22997 27020 361
27020 47855 626
48611 15681 566
15681 15655 615
15655 20949 933453
48612 19998 244044
19998 5283 1
5283 24977 613
24977 44634 351802
48613 14843 928235
48614 41911 151
41911 11454 82
11454 8111 983913
8111 33705 951100
48615 15146 711290
15146 12920 847923
12920 30615 504213
30615 533 189216
533 20794 542
48616 28338 995210
48617 24456 973181
24456 14972 928703
14972 23971 671899
23971 24710 1000000
24710 44679 932178
44679 10021 1
10021 25699 604991
25699 22199 488435
22199 35617 810312
35617 47375 483192
47375 43741 981823
43741 22403 913533
22403 41152 903708
41152 48620 915806
48620 20245 926508
48621 39109 706293
39109 18000 49350
18000 8055 157200
8055 41752 721085
48622 30909 132
30909 9820 911814
48623 20901 1000000
20901 35336 1000000
48626 30461 1000000
30461 10082 103124
10082 28410 319922
28410 32003 966378
32003 31854 998195
48627 26220 603
26220 11172 961
11172 38837 1000000
38837 6399 678863
6399 3589 98860
3589 45666 748
45666 128 1
128 43434 991818
43434 19007 143
19007 8155 211623
8155 22103 222220
22103 2056 935698
2056 28315 943274
28315 14985 757937
14985 23676 105279
23676 44892 1
48628 34596 1000000
34596 43034 972096
43034 36485 257
36485 44088 931522
44088 8219 994053
8219 31963 78285
31963 12740 810181
12740 23672 942036
23672 44700 163973
44700 24023 593
24023 45218 1000000
45218 22754 107265
22754 21497 1
21497 23673 925287
48629 7640 39788
48631 7851 482
7851 19412 996941
48632 40793 905065
48633 5571 1000000
5571 45199 961
48634 8334 989716
48635 45080 911235
45080 42266 215
48636 39880 1000000
48637 42266 997797
42266 46539 462
48638 41871 226
48639 44101 628
48641 43200 918075
43200 43948 765425
43948 34606 353039
34606 13272 789
13272 7580 953
7580 6197 869317
6197 20086 602797
20086 2877 563618
2877 25179 577065
25179 29381 911616
29381 17522 1
17522 7534 1000000
7534 30475 797
30475 3546 300383
3546 13534 1
13534 11175 614438
11175 45832 447182
48642 6728 139351
6728 32865 615
32865 4999 781054
4999 21730 999537
21730 19819 242753
19819 43908 1
43908 48807 641
48643 13423 625
13423 35748 15404
35748 1750 1000000
48644 10077 948175
10077 22386 956621
48645 10881 954301
10881 3050 151015
3050 48779 1
48646 44771 59886
44771 14020 977
14020 30208 1000000
30208 10483 915
10483 3941 986265
3941 27169 743707
27169 46621 798982
46621 13339 924872
13339 12876 931159
12876 12152 677
12152 21993 640
21993 34690 357469
34690 4575 390
4575 36333 900506
48648 33633 919691
33633 2199 989079
2199 11456 58
11456 37699 58885
37699 26697 713514
26697 26486 913835
26486 15359 995352
15359 38894 970128
38894 31878 233895
31878 42212 851667
48649 40113 180487
40113 13865 1
13865 46357 1000000
46357 4376 917503
48650 39955 922556
39955 28037 1000000
28037 27156 110812
27156 15017 1000000
15017 11425 476
11425 49198 462707
48652 27113 1000000
48654 35217 1000000
35217 16165 653113
16165 12073 929688
12073 8257 964720
8257 46302 977194
46302 2203 178304
2203 34936 846
34936 7019 914987
7019 36594 606598
36594 17404 757
48655 12137 938848
12137 30704 967599
30704 26990 1
26990 43949 928878
43949 30860 333803
30860 27628 75
27628 42965 745502
42965 27249 511486
27249 24008 286
24008 16589 557224
48656 874 330
874 23349 917372
23349 12061 26957
12061 38295 593983
48657 40347 924222
40347 41842 867
41842 41141 902015
41141 37275 735
37275 43169 436009
43169 32262 961225
32262 48068 1000000
48068 44456 966364
44456 45030 973216
48658 41565 496073
41565 29255 900
29255 5520 262000
5520 15161 125
15161 8739 950581
8739 16170 1
48660 13878 954656
48663 5005 132159
5005 30318 285
30318 18705 39304
18705 29287 748184
29287 15026 1
15026 11265 900609
11265 31760 594138
31760 42329 999216
42329 29009 742960
29009 11258 1
48664 40530 961127
48665 11461 503054
48666 34403 936897
34403 22426 980502
22426 33634 915672
33634 35528 1
35528 643 91098
643 34660 618
34660 49615 952008
48667 17932 924071
17932 8308 470288
8308 23792 231
23792 17299 1000000
17299 18270 927109
18270 20779 683239
20779 27432 954611
48668 38849 970137
38849 5858 1
48669 14218 148694
14218 5022 714074
5022 362 218891
362 4573 472237
4573 44966 301898
44966 2133 143406
2133 49144 271270
48670 17030 271
17030 34190 560607
34190 21677 69189
48671 10328 928805
10328 7141 302368
7141 5316 910656
5316 4671 340
48674 15234 1000000
15234 31189 912780
31189 49003 374695
48675 35643 1000000
35643 7421 486327
7421 16466 627665
16466 12447 894240
12447 4940 60
4940 17962 979653
17962 9383 997489
9383 13192 679015
13192 36565 539059
36565 288 971045
288 22451 941538
22451 17722 636793
17722 23778 1
23778 49040 929216
48676 46582 1000000
46582 13163 921488
13163 2848 1000000
2848 17983 983395
48677 9265 113
9265 6104 983583
6104 25714 952124
25714 41958 925654
48678 14332 1
14332 33867 1000000
33867 28338 1000000
28338 41473 926643
41473 22256 435
22256 34840 128
34840 47334 802267
47334 20622 112135
20622 38953 1000000
38953 36562 696106
36562 14939 783
14939 8999 701452
48679 30674 1000000
30674 23763 924382
23763 6305 445221
6305 20834 663512
20834 45248 215
45248 7833 519
7833 34485 957128
48680 6747 897
6747 37551 642163
37551 15645 944012
48681 15523 977481
15523 1480 950318
48682 33323 944837
48683 8737 900143
8737 34544 291
34544 19220 739089
19220 10713 749385
10713 12746 1000000
48684 13015 245621
13015 45043 206797
45043 8882 1000000
8882 5549 915905
5549 34063 718672
48685 22400 1
22400 49243 459079
48686 16707 552
48688 31174 1
31174 28107 115127
28107 21919 1000000
48689 20382 1000000
20382 44396 870622
44396 39497 629843
39497 16745 965808
16745 4010 499348
4010 29773 1
48690 29246 660243
29246 12796 1000000
12796 3014 748
3014 5615 804170
5615 47328 601
47328 12508 94
48691 17198 959571
17198 25577 938046
25577 49332 518972
48692 46246 843368
48693 37419 584
37419 36262 1
48694 41054 973054
41054 15157 1
15157 45559 930281
45559 32424 797787
32424 12844 943589
48695 36415 944260
36415 16778 727
16778 45191 928951
45191 25069 312
25069 12132 1000000
12132 31217 950493
31217 32 123872
48696 27719 927286
27719 39373 936725
39373 22828 272
22828 27511 267654
27511 36899 1000000
36899 1255 581371
1255 8753 1
8753 35053 1000000
35053 44796 299856
44796 14046 349144
14046 45915 985223
45915 43716 1000000
43716 46403 158198
48697 14459 290592
48698 40046 443461
40046 47332 169
47332 24655 833
24655 24892 1
24892 47149 904666
47149 28599 1000000
28599 27792 62453
27792 17040 856977
17040 26236 707913
26236 16497 685933
16497 15195 954880
15195 32044 956699
32044 3404 771778
3404 44705 929
48699 3700 920678
3700 49581 1000000
48700 38779 56732
38779 20870 908170
20870 10235 310
10235 37649 368768
37649 38888 179870
38888 16532 928460
16532 3085 985197
3085 35043 1
48701 28896 36
28896 29175 1000000
29175 43977 885692
43977 40636 653
48702 29367 953445
29367 21538 1000000
21538 14542 760
14542 3805 935212
3805 42773 1
42773 27137 967865
48703 18314 961220
18314 25078 785624
25078 45054 1000000
45054 40147 450392
40147 39647 921694
39647 33555 800
33555 40936 412176
40936 18756 479
18756 43222 904154
43222 43402 563520
43402 1633 979767
1633 7568 929706
7568 36465 941813
36465 32593 63446
32593 16326 464100
16326 40663 855788
40663 30957 693926
30957 22595 616199
22595 552 427387
48705 3631 958719
3631 23600 990146
23600 35852 461050
35852 871 1000000
871 30219 895
30219 36134 971526
36134 43615 1
43615 30373 670
48706 6660 994038
6660 6118 1000000
6118 18611 656399
18611 4700 586
4700 32320 911021
32320 44802 956813
44802 19679 7
19679 27783 86
27783 40569 979060
40569 5798 209821
5798 22152 501
22152 31231 928136
31231 25428 1
25428 37091 659481
37091 30617 800633
30617 32659 1000000
32659 18690 990636
18690 21676 967894
21676 22787 404853
22787 9327 1000000
9327 24570 40579
24570 11159 282
11159 16950 953123
16950 40078 260008
40078 36720 421
36720 23005 987887
23005 37370 107
37370 14883 950299
14883 13372 208
13372 15504 963324
48707 32155 962367
32155 3488 747907
3488 20742 679435
20742 29538 1000
29538 13217 41582
13217 30457 935879
30457 19773 191
19773 18505 1000000
18505 34841 966394
34841 30692 992259
30692 28920 920758
48708 19037 1000000
19037 45475 905683
45475 18209 843783
18209 6923 32
6923 42270 480705
42270 9273 773493
48709 32967 1
32967 38263 980567
38263 42322 716
48710 22645 925
22645 17393 925436
17393 48618 410
48618 48584 999145
48584 24624 980645
24624 41669 494
41669 44105 902235
44105 43097 875
43097 48079 998605
48079 1699 788
1699 16773 908433
16773 33442 907564
33442 17444 10
17444 33301 1522
33301 40405 722505
40405 42190 876475
48711 41539 932191
41539 9338 811
9338 27643 440214
27643 23675 947083
23675 22649 906747
22649 46365 895
46365 28465 894221
28465 45733 981985
45733 4981 153838
4981 36727 590474
36727 31905 814210
31905 14785 900272
14785 8 304728
8 34199 55069
34199 1401 885
1401 14789 970950
14789 19951 788066
48712 27079 943454
27079 10392 1000000
10392 25685 621970
48713 3729 488629
3729 11463 500
11463 4589 996469
4589 6087 634877
48714 31300 884
31300 15996 942375
15996 3713 13235
48716 46192 923231
46192 955 732233
955 44130 1000000
44130 22835 19700
22835 22984 1000000
22984 16563 599383
16563 18129 634
18129 32384 982189
32384 13089 352489
13089 5868 995425
5868 10549 1000000
10549 7374 977790
48717 32230 1000000
32230 21482 1000000
21482 6012 515052
6012 37104 755
37104 7845 989697
7845 27317 66369
27317 33361 1000000
33361 22502 947478
22502 33435 920645
33435 49440 103
48718 14352 838
14352 3618 1
3618 240 1
240 13958 417
13958 14927 949415
14927 4588 966142
4588 35172 1000000
35172 2930 118
2930 37279 1000000
37279 18712 807415
48719 32116 854346
32116 18348 1000000
18348 8136 1000000
8136 34125 965854
34125 9950 83
9950 36417 64966
48721 15796 37
15796 44592 456729
44592 49523 1
48722 40534 575926
48723 24623 966678
24623 13370 949022
13370 49187 114738
48724 11724 546784
11724 3596 1
3596 18714 979541
18714 978 902229
978 1476 351128
1476 6408 805050
6408 8689 908505
48725 24862 950727
24862 13280 977687
13280 38424 704826
38424 2842 969830
2842 1919 921713
1919 38921 578139
48726 8862 169197
8862 49648 458508
48727 24793 755421
24793 30735 133
48728 37831 152404
37831 45858 279432
48729 3864 875
3864 35380 920124
35380 20107 485
48731 12054 763074
12054 7815 922888
7815 34977 459
34977 14594 973933
14594 7662 1
7662 15117 642150
15117 3715 935696
3715 1410 996626
1410 29366 909365
29366 12854 1000000
12854 19530 1000000
48732 30110 1000000
30110 25760 972914
25760 10453 933
48733 18384 588409
48734 22419 900374
22419 34538 86401
34538 41646 938086
41646 7860 1000000
7860 25664 971397
48737 21636 292
48738 47837 602
47837 46022 935405
46022 10258 1000000
10258 11807 383559
11807 13691 484225
48739 49672 837
48740 22236 968420
22236 42421 863697
42421 20964 925071
20964 26432 667527
26432 14788 537567
14788 17275 908270
17275 28820 929756
28820 43535 1000000
43535 31675 1000000
48741 4125 603155
4125 45481 850
45481 12989 1000000
12989 28639 243622
28639 21081 129787
21081 24905 923717
24905 33329 85121
33329 47778 954947
47778 32750 981275
32750 5905 1000000
5905 22675 1
22675 30851 906207
30851 32830 504
32830 18447 928048
18447 47652 995029
47652 4967 824702
4967 11478 965627
11478 16796 947782
16796 17450 899266
17450 34263 985427
34263 27818 991797
27818 15333 976804
15333 6874 307285
6874 6759 478801
6759 29467 1000000
48743 10934 905173
10934 35160 996755
35160 19657 558937
19657 15443 1000000
15443 44547 778
44547 28296 983463
28296 16231 967665
16231 43432 1000000
43432 11542 954349
11542 5940 962242
5940 47333 1
47333 11958 616195
48745 10277 982378
10277 10675 409376
10675 1876 1000000
1876 32365 605
32365 28875 544
28875 9597 291840
48746 11604 492281
11604 11006 205849
11006 2087 569627
2087 25364 491656
25364 13207 1000000
13207 12695 924376
12695 15165 225
15165 32835 990624
48747 26595 634016
26595 40609 976265
40609 3486 959075
48748 48769 308729
48749 31043 774241
31043 15087 67576
15087 21183 195704
21183 30729 271961
30729 458 146
458 43156 959330
43156 23982 1000000
23982 46890 560
46890 16453 579
16453 38089 917321
48750 19951 995
48751 21380 1
21380 41701 910077
41701 36519 918574
36519 28772 1000000
28772 7452 338014
7452 29545 1000000
29545 32772 242442
32772 36163 956850
36163 26867 296473
26867 45514 1000000
45514 22060 933404
48753 37280 534866
37280 21642 809
21642 45470 950009
45470 23686 1
23686 15922 731
48754 12035 10871
12035 32302 1000000
32302 38500 741
38500 18205 915678
48756 15554 265663
15554 33058 229255
33058 25252 93647
25252 27984 948565
27984 35145 281969
35145 13509 986005
48757 47362 887809
47362 35699 900077
35699 15857 481
15857 1482 91816
48758 25016 992194
48759 34396 837
34396 42275 919639
42275 27554 911604
27554 15469 658658
15469 32473 946275
32473 47023 1000000
47023 35776 588811
35776 6706 207281
6706 45016 581221
45016 8370 1000000
8370 45219 909090
45219 37630 649
48760 35202 690729
35202 37696 466190
37696 37240 312
48761 5026 1
48763 9126 1000000
9126 30845 952573
30845 42597 985650
48764 26713 1
26713 4145 218
48765 30875 634
30875 40004 438
40004 47020 138590
47020 27582 1
48766 13171 943147
13171 23767 243
23767 7538 51956
7538 11258 745
11258 39679 941
39679 45482 236
45482 1270 911001
1270 34101 968779
34101 31714 741
48767 120 841537
48768 24911 920
24911 3508 960117
48769 40281 961620
40281 13613 937
13613 45377 1000000
45377 40287 1000000
40287 19050 944417
19050 35632 980392
35632 46039 1000000
46039 10754 998042
10754 38935 1000000
38935 17950 928410
17950 34811 990638
34811 3650 997700
48770 7995 975
7995 7606 658
7606 47739 266196
47739 34198 1000000
34198 28466 981500
28466 7858 941387
7858 37936 1
37936 2425 403
2425 27127 903026
48771 21041 1000000
21041 22314 704
22314 31023 636
31023 20846 933589
20846 39297 158
39297 43634 792679
48773 42696 991247
42696 47933 988054
47933 23203 987448
23203 44083 838984
44083 27474 370094
27474 29882 225
48774 25999 962523
25999 16937 952393
16937 38988 198
38988 31831 114
48775 5355 901611
48776 39944 498697
39944 26782 612835
26782 10081 1
10081 14351 917515
14351 10408 910
10408 33972 304
48777 43299 968
43299 14829 512876
14829 38619 780
38619 5308 124792
5308 32039 107686
32039 47647 1000000
47647 14602 440355
48778 7291 190225
7291 46072 650
46072 39959 596367
39959 36882 1
48779 47650 971362
48782 42274 380120
42274 38071 999
38071 41037 966992
41037 25550 743523
48783 40613 391981
40613 6664 908
48784 34314 1
48785 38978 211
38978 22963 703097
22963 7069 914702
7069 15214 927370
15214 9095 936449
9095 28709 1000000
28709 25016 992780
25016 3640 479565
3640 43292 881754
43292 9820 775642
9820 37351 321882
37351 12274 1000000
12274 25511 341
25511 1854 1000000
1854 41921 974
41921 40534 175171
40534 31299 1000000
31299 19449 1000000
48786 46748 962347
46748 28389 967513
28389 12902 678445
12902 7139 699521
7139 44634 959078
44634 25630 1000000
25630 4569 991674
4569 5891 348
5891 2265 95975
2265 38679 992809
38679 1830 998951
1830 32449 997171
32449 36355 977603
36355 47107 932481
47107 16898 986849
16898 43715 35151
43715 10356 213
10356 10143 981852
10143 21843 947146
21843 41072 972186
41072 49500 999765
48787 11880 735600
11880 4893 53
4893 10416 1000000
10416 32280 609043
32280 4344 217206
4344 1392 1000000
1392 31835 594279
48788 27185 911331
27185 32136 445079
32136 31843 415211
31843 7451 915372
48790 26379 1000000
48791 3971 404693
3971 17947 1000000
17947 20210 952361
20210 9918 556829
9918 1867 285358
48792 15736 528173
15736 32577 909394
32577 22526 690
22526 49668 903484
48793 37161 987524
48794 45424 980820
45424 46166 996454
46166 29423 889
29423 37285 1000000
37285 32006 42
32006 38351 963903
38351 43125 478872
43125 32197 964352
32197 38164 17085
48795 38556 56
38556 28652 898202
28652 27348 1000000
27348 16316 257286
16316 17745 917692
17745 14787 267195
14787 9595 106911
9595 11371 863014
11371 3328 920925
48796 27861 880291
27861 18579 1
18579 34114 988288
34114 24022 136134
24022 14732 765177
14732 46949 82
46949 6229 1
6229 30711 642117
30711 48820 520869
48797 2601 990550
2601 31974 499132
31974 33672 805
33672 48477 664
48477 13702 1000000
13702 37885 925203
37885 40411 1000000
48798 46684 942924
46684 43424 697
43424 16081 249
16081 12293 95
12293 9186 998
9186 13369 943064
13369 11799 946797
11799 37496 102545
37496 19108 153525
19108 18294 988215
18294 22144 421114
22144 25636 994094
25636 14340 882371
14340 10351 976035
10351 3486 967151
3486 2836 231644
2836 49678 957667
48799 15623 390334
15623 24951 1000000
24951 35732 200626
48800 16872 267
48801 9628 185
9628 19883 838411
19883 13610 1000000
13610 35120 370785
35120 30279 1
30279 43646 985367
48802 38856 1000000
48804 30746 85
48805 29680 333708
29680 36994 896846
36994 8668 871034
8668 3539 227118
3539 48865 749
48807 24657 919050
24657 31994 922331
31994 17531 986854
17531 12368 1000000
12368 39084 1000000
39084 25815 1
25815 18383 346822
18383 14305 100769
14305 34350 616
34350 22977 980758
22977 28331 58812
28331 34883 924733
48808 33013 902823
48809 1844 989108
1844 49550 374858
48811 25619 293143
25619 8580 909884
48812 26892 942864
26892 3289 1000000
3289 18120 542
18120 28561 211
28561 34323 971679
34323 43476 969820
43476 28572 850959
28572 32837 116350
48813 600 922
600 40966 961207
40966 47864 961391
47864 42348 823239
42348 8413 707
8413 20891 444768
20891 24328 947491
24328 16174 1000000
16174 30983 225422
30983 46056 146128
46056 14085 1000000
48814 873 874
873 3861 1000000
3861 37719 951870
37719 34195 275709
34195 11861 924636
11861 29265 26127
29265 17991 1000000
17991 23548 330870
23548 10367 391
10367 14171 985705
14171 42211 4
42211 30020 931366
30020 12099 959831
12099 29392 999291
48815 33711 289965
48817 11236 1000000
11236 46495 575441
46495 25904 451416
48818 25204 976657
25204 22918 961888
22918 39645 991012
39645 28938 942586
28938 865 395
865 36433 970181
36433 41567 1000000
41567 46732 23388
46732 36021 504140
36021 36291 879138
36291 25222 1000000
25222 37201 296095
37201 45100 562
45100 12377 1
12377 41291 821698
41291 34327 906713
34327 3947 68106
3947 35454 997358
35454 7148 605642
7148 33683 492
33683 12914 979036
48819 20887 1000000
20887 2247 1000000
2247 7040 748
7040 23077 438
23077 8651 672502
8651 44114 255
48821 38859 1000000
38859 39660 130069
39660 47047 1
48822 1562 570341
1562 39788 950907
39788 20794 810
20794 33110 947641
33110 34372 341600
34372 31854 120
31854 33553 406589
33553 42962 245031
42962 20685 952812
48823 48704 540
48704 48501 918797
48501 6457 944144
6457 19858 295844
19858 17984 976504
17984 11700 609934
11700 16061 976506
48825 48781 969972
48781 46494 1000000
46494 30939 43434
30939 30970 798
30970 23026 273
23026 4478 990896
4478 13498 10
13498 35521 922208
35521 27076 829117
27076 37436 923482
48826 22899 147056
22899 18241 83
18241 24264 864
24264 38223 367995
38223 18340 908354
18340 20857 689
20857 27237 398
27237 5518 971395
5518 11765 938435
11765 12280 723
12280 35297 384999
35297 46033 773672
46033 28208 957865
28208 33843 470463
33843 20387 914657
20387 17220 961444
17220 7831 954
7831 42417 996988
42417 22406 64622
22406 2801 422901
2801 28131 251136
28131 28342 268202
48827 44896 331
44896 17345 972310
17345 42939 959124
42939 17671 924234
48828 8680 1
8680 24986 307819
24986 40815 72837
40815 29325 302100
29325 37890 31452
37890 40486 1000000
40486 35842 957934
35842 39093 377503
39093 3348 823099
3348 28968 959852
28968 7012 951031
7012 18800 144
18800 33821 1000000
33821 12712 916443
12712 16974 175406
48829 37512 670370
37512 44725 978346
48830 27421 32168
27421 40821 975330
40821 40788 976574
40788 8610 807635
8610 1227 1000000
1227 22238 736554
22238 17807 915823
17807 38003 920605
38003 16152 909645
16152 44310 923
44310 32340 950995
48831 4635 1000000
48832 34903 890
34903 26452 342
26452 21062 286
21062 42874 230906
42874 38996 732889
38996 8781 783
8781 27761 923587
27761 7683 245681
48833 383 774851
383 8105 1000000
8105 48208 623802
48208 3049 964395
3049 36317 994413
36317 14644 973405
14644 31115 588762
31115 34970 693614
34970 27382 819784
27382 48772 12
48834 25609 77
25609 22141 270632
22141 10163 1000000
10163 13752 939694
13752 19268 503837
19268 42597 998398
42597 29775 514
29775 47098 1000000
48835 4641 322422
4641 19262 981899
19262 49071 1000000
48836 21780 964
21780 18451 750422
18451 2054 915908
48837 36446 879
36446 43709 726
43709 32737 1
48838 28878 584450
48840 36028 508
36028 2619 1
2619 48054 226
48054 41463 250835
41463 12014 85765
12014 35333 1
35333 27081 822
27081 31876 982483
48841 9684 1
9684 18801 1
18801 31835 440260
31835 3728 953464
3728 9910 748789
9910 36505 948632
36505 10335 107867
10335 47412 63
47412 12642 344
12642 1089 949759
1089 6108 860828
6108 8966 461
8966 20959 1000000
20959 1758 143
1758 27627 14489
27627 2830 43
2830 44738 686642
44738 17923 231
48842 11426 940456
11426 6954 334
6954 38131 804
38131 1545 970884
1545 28635 949172
28635 17485 946913
17485 21469 553
21469 6206 951215
6206 39957 455959
39957 25352 918691
25352 18435 961453
18435 43564 621062
48843 29606 141971
29606 23577 955668
23577 1253 988404
48844 5507 696
5507 8359 1
8359 34319 1
48845 30083 315677
30083 25505 933066
48846 12935 607
12935 35469 592
35469 30735 1
30735 5450 413865
48847 39702 778635
48848 21108 1000000
21108 9743 195821
9743 11314 178725
11314 14847 243515
14847 16525 746305
16525 12446 931765
12446 33785 677697
33785 14217 936412
14217 15854 938903
15854 36890 535634
48850 38601 707045
38601 44851 464546
44851 17632 806
17632 44964 275333
44964 9512 936435
9512 41493 1
41493 8421 20261
8421 1863 256
1863 8953 22110
48851 19674 986456
19674 14006 930154
14006 29272 1
29272 46769 1000000
48853 31604 1
48854 22355 914784
48855 29485 999278
48856 44905 524719
44905 12079 920892
12079 7029 626438
48857 33947 910
33947 8708 518
48858 39682 1000000
39682 48268 997069
48268 29227 1
29227 19418 957328
19418 7795 712732
48859 15953 990060
48860 26787 311081
26787 10493 906542
10493 7916 425718
7916 25800 1000000
25800 3067 505248
3067 33077 201127
48861 25304 901621
48862 4855 878562
4855 6495 964772
6495 14919 469
14919 19654 940190
19654 36081 274
36081 8964 519511
8964 13740 973165
13740 22651 1
22651 18578 484
18578 15105 101
15105 41936 993872
41936 11321 949910
11321 31501 14
31501 4123 534
4123 12098 344863
12098 27200 1000000
27200 4146 1000000
4146 20889 828792
20889 26224 981401
26224 7657 937279
7657 21315 908640
21315 13901 982607
13901 17723 221
48864 15670 776343
15670 3076 953519
48865 17760 1000000
17760 3543 910924
3543 20171 120
20171 7018 684007
7018 38375 965356
38375 41027 781859
41027 35848 921056
35848 45638 54936
45638 27584 998883
27584 17566 585940
17566 175 1
175 2101 995345
2101 9373 851
9373 17479 109
17479 36668 275
36668 41857 304856
48867 43913 574
43913 12404 909071
48868 46567 391120
46567 48012 711
48012 26097 178292
26097 40667 821736
40667 40311 814260
40311 49203 1000000
48869 5187 933705
48870 10491 138
10491 19979 42371
19979 29740 924093
29740 19388 279
19388 42263 962179
48871 11255 11
48873 11566 989008
11566 39045 1
39045 18742 1000000
48874 34787 668
34787 11064 714134
11064 48849 416
48849 45381 1
48875 15903 209084
15903 35815 34258
35815 40649 915069
40649 37470 369462
37470 21007 932409
21007 32790 493454
32790 18706 70290
18706 20479 848796
48878 40696 992497
40696 31293 974044
31293 2661 958431
2661 29551 896
29551 28963 883839
28963 18 936690
18 32188 978112
32188 28290 506805
28290 31060 440
31060 12907 714
48879 41542 916408
41542 26969 1
26969 31749 438958
31749 19595 824542
19595 5689 999785
5689 19198 915171
19198 17718 975729
17718 1970 359675
48880 7163 1000000
48882 38452 565
38452 41121 927836
41121 30710 952988
30710 37050 1000000
37050 6612 326
6612 31573 561805
31573 30426 1000000
30426 1159 247
48883 24506 176
48884 17860 66
17860 17091 318
17091 35128 993508
35128 9158 921228
9158 38505 923313
38505 18872 12
18872 46107 539318
46107 25407 1
48888 37170 961123
37170 25440 1000000
25440 19 1000000
19 22237 599263
22237 35103 13728
35103 26880 949183
26880 39543 1000000
39543 19401 782589
19401 36580 923612
36580 38671 843
48889 20700 779
20700 21903 1
21903 48202 914733
48890 179 357
179 14048 942
14048 21042 49
21042 32208 202
32208 47992 957973
47992 40102 581
40102 5007 615
5007 10188 970279
48891 15344 965311
15344 35491 920
35491 10968 981859
10968 45228 57
48892 25249 643
48893 45776 555462
45776 32700 996783
48894 32434 1000000
32434 28781 533600
28781 17567 964234
17567 14304 995439
14304 33463 838
33463 40419 275497
40419 8150 1000000
48895 49439 1000000
48897 18029 1
18029 9922 942907
9922 11059 824470
11059 44375 470
44375 40999 572
40999 37625 477
37625 39906 617
39906 38422 1000
38422 5802 364748
5802 48393 270
48393 43770 913138
48898 885 402
48899 32202 662620
48900 49399 252
48902 329 315
329 17296 904442
17296 27540 558
27540 40723 193326
40723 17820 83511
17820 34986 649005
34986 48872 674606
48904 15645 718246
48906 2109 946141
48907 40553 902415
40553 29085 997710
29085 41975 252
41975 23482 544841
23482 28692 913183
28692 3382 496634
3382 4164 361
4164 29467 1000000
29467 9557 1000000
9557 9721 1
9721 16458 477251
16458 43718 1000000
48908 26369 423087
48909 19492 930606
48910 29641 476
29641 33016 146
33016 27412 931419
27412 750 937331
750 37331 492964
37331 34231 707501
34231 12400 933146
12400 7135 773
7135 4376 921958
4376 5250 1
5250 3462 1000000
3462 48659 698
48659 6979 906767
6979 44189 516
48912 18892 861
18892 39780 932283
39780 6526 568702
6526 1128 958
1128 9053 983840
9053 30573 1000000
30573 5906 920766
5906 27012 961405
27012 9280 874
9280 47906 406224
47906 33485 947459
33485 33405 909
33405 8471 173047
48913 8609 945
8609 35866 918963
35866 13943 376195
13943 20973 987357
20973 25592 17
25592 35836 973900
35836 633 974502
633 6349 1
6349 36399 290557
48914 20648 1000000
20648 45026 762654
45026 6087 928868
6087 35089 1000000
48915 47719 221506
47719 76 912097
76 32700 477051
48916 2026 692748
2026 16802 959257
16802 46406 939339
46406 1579 885550
1579 28453 695
48917 25641 1
25641 8419 1
48918 47629 1000000
47629 15721 1000000
15721 18134 632438
18134 7604 915228
7604 24196 977922
48920 11660 121318
11660 43130 932745
48921 44077 819976
44077 24441 657878
24441 38799 379970
38799 48955 972721
48922 7672 979137
7672 44487 921940
44487 37838 303452
37838 6303 311085
6303 33733 888
33733 28873 1
28873 43372 406149
43372 46181 959336
46181 26871 532811
26871 41013 48065
41013 43484 920763
43484 3904 966638
48923 23965 947
23965 49319 165974
48924 46920 991272
46920 33864 288
33864 4135 74
4135 3815 427
48925 17064 510
48926 43267 946506
43267 3370 930439
3370 35385 160045
35385 8306 688838
8306 41846 960896
41846 45082 900638
45082 45968 1000000
45968 32431 1
32431 33669 866606
48928 13044 482574
13044 31031 996183
31031 19608 1000000
19608 7283 298289
7283 35537 18
35537 14902 722
14902 38092 1000000
38092 12697 294
12697 17727 352084
48929 11676 985793
11676 27322 990853
27322 44072 31771
44072 37013 397378
37013 16340 198798
16340 38035 997950
38035 2660 699676
2660 16548 1000000
16548 19524 911018
19524 37779 929263
37779 12569 234317
12569 8236 1000000
8236 2923 403065
2923 40017 261
40017 42562 1
42562 48981 714892
48930 44975 1
48931 9767 916866
9767 37506 973074
37506 45517 227262
45517 10735 1
10735 37048 1
37048 36670 303520
48932 29557 785
48933 2769 395
2769 9839 844
9839 28638 312
28638 16206 955916
16206 34111 157413
34111 31725 856410
31725 48504 793
48504 47215 932545
47215 28474 1000000
28474 21906 703
21906 21762 887103
21762 27539 964401
48934 11936 907476
11936 42623 950951
42623 13197 194463
13197 24929 963516
24929 26149 877497
48935 20949 1000000
20949 46765 647
46765 2917 274
2917 47238 373599
47238 19896 204
19896 43468 218
43468 12780 1000000
48936 23093 782505
23093 271 1
271 27116 1000000
27116 47 264714
47 2288 1
2288 7134 961371
7134 25144 514
25144 4052 477460
4052 7539 357550
7539 32081 1000000
32081 22325 908
22325 19128 937934
48937 4252 843048
4252 17619 978059
17619 42746 737803
42746 47726 881
47726 42153 602943
42153 14143 738
14143 29967 198
29967 9911 1000000
9911 37685 649
37685 44436 1
44436 18723 525586
18723 8310 1000000
8310 18882 159
18882 34300 973989
34300 23360 760000
48938 10102 314432
10102 8128 1000000
8128 33177 990041
33177 33148 1
33148 25375 909812
25375 29388 542
48939 21897 307
21897 7384 968416
7384 48820 474
48820 355 280
355 2126 837
48940 32770 967385
32770 25777 997869
25777 13767 947128
13767 17723 674946
17723 2198 259065
2198 49633 1
48941 18919 396
48942 722 980846
722 13602 754
13602 15168 205
15168 37007 944655
37007 45002 963445
48943 155 918381
155 47142 378
47142 38729 996471
38729 14746 250
14746 15134 308967
15134 3993 830004
48944 5488 41866
48945 19179 150549
19179 18742 696804
18742 13238 91934
13238 23742 1000000
23742 44333 357469
44333 8639 919958
8639 25672 717
25672 13852 39359
48946 7194 1000000
7194 40380 501302
40380 3577 999075
3577 38022 257705
38022 36245 955631
36245 4417 786035
4417 4254 937172
4254 40671 589106
40671 16776 990552
16776 46246 120
46246 27634 1000000
27634 20726 796
20726 18391 630645
18391 9388 948467
9388 47927 965372
47927 18913 907103
18913 37135 514
37135 9576 837930
48949 27342 437869
27342 30806 1000000
48950 20758 950375
48951 7130 426131
7130 39610 738916
39610 39632 1000000
39632 20521 927426
20521 14737 1
14737 456 928476
456 25120 289843
25120 42181 735654
48952 1313 981571
48953 35089 942426
35089 48278 921419
48278 25933 968
25933 180 1000000
180 24479 426215
24479 12962 528957
12962 11843 31350
11843 47168 990225
47168 14480 565748
14480 20897 920038
20897 24362 909723
48955 29147 256
29147 30717 731
30717 8082 223938
8082 30239 488
30239 22854 959417
22854 24779 997027
24779 15570 304396
15570 12537 815
12537 21187 1000000
48956 13711 657970
13711 36226 573
36226 33077 1000000
33077 16048 1
16048 37540 64
48957 39236 351757
39236 38609 705130
38609 16699 724333
48958 22285 977573
22285 42604 68
42604 47413 1
47413 26994 921496
26994 34814 112
34814 13517 953553
13517 26682 992624
26682 20833 1000000
20833 43256 957
43256 31484 871580
31484 27083 308391
27083 13878 1
13878 26071 13335
26071 1320 936857
1320 20570 911579
20570 48290 181810
48290 35069 969845
35069 45267 1000000
45267 25024 941741
25024 18239 482533
18239 7622 89343
48959 25527 647105
25527 14467 934563
48960 32052 706809
32052 16707 734200
48961 30923 958924
48962 49718 651
48964 43320 990687
43320 42883 1
42883 26404 952637
26404 15850 908060
15850 5494 169525
5494 48508 923079
48508 9934 936239
9934 6595 901532
6595 18780 965127
18780 15815 528
15815 24187 957580
24187 22505 943624
22505 37554 1000000
37554 14524 829936
14524 49423 983000
48966 2010 254571
48967 29655 184808
29655 25113 941776
25113 24411 978563
48968 26194 1
26194 30060 974669
30060 46586 911851
46586 7451 137
7451 1206 8
48969 20888 563835
20888 23196 810
23196 13950 983359
13950 41614 385253
41614 15251 537
15251 13986 1000000
13986 21093 722596
21093 7236 251938
7236 696 1000000
696 29289 629
29289 19246 953390
19246 30246 290
48970 27538 453162
27538 4510 675267
48971 33017 148
33017 16641 1000000
16641 42430 536
42430 17886 916834
17886 15616 943
15616 2390 977705
2390 43270 928653
43270 32787 764
32787 36102 663252
36102 42481 860
42481 31457 912846
31457 39252 819734
48972 28014 676997
28014 43695 977615
43695 40619 915309
40619 23940 456
23940 48231 980212
48231 26305 494
26305 3922 511
48973 6598 1
6598 30542 31
48974 30062 996853
30062 60 769932
60 24474 946900
48975 34763 966362
34763 20057 1
20057 12821 948101
48976 4733 966842
4733 45177 952351
45177 18478 1000000
18478 42558 397
42558 19879 1000000
19879 20967 999011
20967 4200 551
48977 25891 845076
25891 42332 548401
42332 33893 1
33893 13658 991886
13658 14214 96769
14214 10260 945114
10260 10893 1000000
10893 14640 983720
14640 15734 966942
48978 25950 55747
48979 21677 270
21677 9290 474841
9290 22273 707000
22273 40941 937680
40941 43706 987248
43706 16740 960903
16740 40750 923742
40750 6225 246
6225 33525 359095
33525 38342 939708
38342 44897 873163
44897 4830 770448
4830 41068 183
41068 2318 901641
2318 47057 1000000
47057 19847 947452
48981 22765 79939
22765 11218 969114
11218 24030 1
24030 42919 47097
42919 48863 962720
48982 35188 230474
48983 45158 387421
45158 49586 6860
48984 19157 957659
19157 40324 87070
40324 25594 1000000
25594 43445 761
43445 10586 965858
10586 20355 990579
20355 4370 442
4370 20664 367292
20664 31813 285360
31813 1716 677
1716 37159 953498
37159 5960 958471
5960 6088 516571
48985 26042 904456
48987 15734 720570
48989 33367 454682
33367 31563 242585
31563 29053 926836
29053 25667 564935
25667 27658 1
27658 35758 935656
35758 22126 793
22126 33963 1
33963 33443 991615
33443 8057 354915
8057 30993 420
30993 10749 426926
10749 41496 613641
41496 46905 112218
46905 40726 778888
48990 16974 300
16974 37328 924486
37328 28270 340235
48991 2613 1000000
2613 32892 997624
32892 3283 947468
48992 16295 1
48993 45381 911040
45381 3593 935513
3593 16043 974225
16043 28044 1000000
28044 35186 647
35186 2605 947570
2605 39557 1000000
39557 24989 57
24989 11692 910171
11692 37686 1000000
37686 8708 801409
8708 13224 610873
13224 30036 650
30036 36082 758440
36082 46008 315
48994 9773 901600
9773 48736 513
48736 34883 707442
34883 6795 1
6795 4420 1
4420 39353 749649
39353 41982 256
41982 5862 958087
5862 18903 349377
48995 18224 670
18224 25121 906481
25121 21313 361
21313 45195 969447
45195 8279 902160
8279 13069 458
13069 40988 933940
40988 740 807
740 29826 526610
29826 15683 1000000
48996 46224 383598
48997 20419 928346
20419 46553 49
46553 43146 955723
43146 4852 694
4852 28212 923064
28212 33992 1
33992 14837 976868
48998 42490 242963
42490 35625 916236
35625 6164 554
6164 19456 775484
19456 44082 942941
44082 46726 831710
46726 1762 245
1762 43311 964561
43311 28200 80762
28200 25190 907932
25190 31228 919009
31228 14076 959350
14076 37086 981651
37086 20125 913030
20125 18626 657197
18626 21058 456079
21058 32432 926691
32432 11061 672025
11061 46431 953843
46431 7267 381195
7267 12548 965048
12548 47595 920865
47595 32753 1000000
32753 783 747
783 38498 998783
38498 28999 213682
28999 22844 410
22844 48720 1000000
48720 49176 912583
48999 24221 855749
24221 49487 172596
49000 1355 647428
49001 31051 919002
31051 47855 491973
47855 8084 252
8084 32476 993691
32476 20864 944533
20864 21157 7214
21157 44259 986594
44259 23564 694720
23564 13252 638
49002 12473 1000000
49003 20659 1000000
20659 4551 629980
4551 34145 56856
34145 44269 973299
44269 45618 916
45618 46000 1000000
46000 46112 920418
46112 34454 359609
34454 56 700
56 843 170
49004 312 889
312 45527 926403
45527 32500 946623
32500 31133 958007
31133 40297 958
40297 4373 640871
4373 4112 993877
4112 4595 936219
4595 42838 146133
42838 43297 71501
49005 10229 974493
10229 31232 486857
31232 210 1000000
210 42893 179
42893 25414 494566
25414 16385 1
16385 27307 817
27307 7868 771423
7868 38161 940880
38161 9048 330
49006 10244 1000000
10244 36974 960999
36974 32011 948232
32011 32608 397423
32608 35246 966
35246 47640 134
47640 21894 706656
21894 44638 1
49007 21567 716
21567 18997 224359
18997 40878 1000000
40878 4346 281746
4346 22435 836966
22435 14189 956707
14189 31049 186567
49008 30888 919926
49009 7504 1
7504 45401 939751
45401 35912 919399
35912 37238 33918
37238 6033 1000000
49010 33649 1000000
33649 15679 761760
15679 12926 984211
49011 35115 922928
49012 44457 91154
44457 28998 22
28998 35183 1
35183 7320 695
7320 48306 910523
49013 28920 980674
28920 5776 398
5776 32610 713951
32610 24795 473087
24795 18177 958108
18177 2498 3035
2498 14932 109
14932 46047 389219
46047 12868 409290
12868 33511 1
33511 21373 912571
49014 24804 901111
24804 19052 298641
19052 34683 728
34683 43441 1000000
43441 13800 570196
13800 25486 976963
25486 5575 1000000
5575 7306 1000000
49015 39697 396
39697 30433 110
30433 38295 1000000
38295 36472 907752
36472 43106 656
49016 159 984140
159 49355 557
49017 40728 993098
49018 18731 989515
18731 4905 963552
4905 5512 933408
5512 13894 974546
13894 45228 1
45228 13176 941
13176 39458 941577
39458 35855 343001
35855 28133 348
28133 16779 135735
16779 36399 640
36399 39279 955685
39279 4723 640891
4723 17529 987622
17529 26091 770
26091 23826 24541
23826 33748 958898
33748 22581 934
22581 40126 109
40126 19628 514839
19628 25193 587603
25193 11845 219
11845 39128 933086
39128 10489 941687
10489 2708 904610
2708 35553 945785
35553 36266 1000000
36266 44922 1000000
44922 33784 1000000
33784 550 747540
550 39810 9139
39810 34261 390321
34261 45492 357209
49019 49118 469
49020 12276 960652
12276 35058 1
35058 11302 571
11302 4167 958438
49021 16433 944123
16433 5719 999263
5719 21248 905855
49022 11694 262
11694 5774 1
5774 48772 14785
48772 20577 762937
20577 11966 570168
11966 48089 984201
48089 42538 262686
42538 19109 108753
19109 26202 623825
49023 10563 114284
10563 39119 643995
39119 23092 928524
23092 20461 949862
20461 26675 956066
26675 31347 991090
31347 38555 864
38555 25399 1
25399 21920 668
21920 45524 619174
49025 49339 1
49026 38189 362211
38189 23311 987480
49027 33879 163271
33879 46339 1000000
46339 3146 900357
3146 16845 612732
49029 25507 928475
25507 9518 712
9518 29573 15678
29573 2693 152831
2693 46609 712
46609 21723 942651
49030 37871 900530
37871 6486 884959
49031 30813 42
30813 27115 367
27115 37045 561
37045 37033 943725
37033 32825 913895
32825 41042 1000000
49032 39082 998755
39082 47339 622
47339 17196 101913
49033 12443 927594
12443 32178 525
32178 21638 184
21638 5816 313
5816 5859 971649
5859 35980 114528
35980 12362 747036
12362 29361 918930
29361 40399 837416
40399 15483 984898
15483 36195 1000000
36195 7920 838
7920 20677 879
20677 26983 724446
26983 17196 833579
17196 13880 84
13880 21307 903988
21307 33263 578
49034 35117 977705
35117 31673 157
31673 6490 91183
6490 24269 995597
24269 47476 578
47476 39014 986266
39014 21729 888594
21729 43842 1000000
43842 25545 142698
25545 1385 912008
49035 174 826614
174 19315 1000000
19315 38070 241664
49036 40940 755662
40940 2581 1000000
49037 11975 908763
49038 12932 36803
12932 30737 903650
30737 26579 358526
26579 2887 63
2887 43915 393847
43915 20842 66
20842 29153 968409
49039 25949 742341
25949 25342 957823
49040 35935 553785
35935 19336 989631
19336 21106 384502
49041 27603 708
27603 33800 941745
33800 22847 914320
22847 15531 574
49043 22472 929029
22472 6520 717
6520 47815 740584
47815 12074 222936
12074 37732 1000000
49045 2649 941529
49046 3575 925161
3575 31389 1000000
31389 40233 1000000
40233 38646 702
38646 31285 460
31285 16587 431400
16587 15231 998510
15231 46875 1000000
46875 45017 977358
45017 6968 1000000
6968 33373 189108
33373 31939 343
31939 33439 1000000
33439 14676 101303
14676 22389 985151
22389 42880 997433
42880 46751 1000000
46751 10530 194034
10530 6477 883315
6477 28054 407814
28054 22669 163768
49047 22368 977564
22368 29931 996062
29931 41889 947
41889 23670 532224
49048 49645 645274
49049 10718 909728
10718 14725 1000000
14725 24153 965
24153 18465 503
18465 35907 370397
35907 19758 1
19758 48877 1
48877 33734 1000000
33734 9355 935967
9355 28344 595
28344 36033 1000000
49050 26830 164462
26830 42752 915259
42752 11751 93964
11751 137 852299
137 32162 631
49051 3233 1000000
3233 23257 19
23257 2723 699850
2723 30183 930208
49052 18355 906161
18355 8577 281
8577 12861 317829
12861 18977 977057
18977 15827 93246
15827 45468 268140
45468 39974 21
39974 46668 862
46668 6782 239
6782 32123 991455
32123 14491 510668
14491 21106 937259
21106 7497 920296
7497 39131 1000000
49053 20569 488936
49054 22613 1000000
22613 17018 592948
49055 26832 198702
26832 47838 1000000
47838 39726 566005
49056 17799 929453
49057 20822 485644
49058 36649 484179
36649 31875 166463
31875 6801 927959
6801 42568 936853
42568 47682 92682
47682 22128 963492
22128 14123 792
14123 43516 895644
43516 43881 1000000
43881 28403 386857
28403 22691 1
22691 28395 1
28395 35005 964657
35005 2490 973244
2490 26064 116250
26064 49227 775907
49059 41124 995417
41124 21701 1000000
21701 45975 936388
45975 27439 1
27439 45663 249766
45663 1152 1000000
1152 24137 793998
24137 42824 328980
42824 20569 957640
20569 44195 15
44195 41080 1000000
41080 31401 1000000
31401 20261 988548
20261 49490 933379
49060 20567 333005
20567 22710 315940
22710 47760 890
49061 16267 917404
49062 46078 741
46078 38140 298
38140 34505 1
49064 42327 208201
42327 45124 261
45124 43809 365698
43809 27827 992459
27827 2004 709476
49065 21164 969566
21164 23969 961431
23969 10033 335
49066 12337 961413
12337 37961 950972
37961 708 191931
708 34347 312564
49067 43510 571996
43510 12370 281149
12370 1970 418045
1970 7736 1
49068 9029 938492
9029 46386 924165
46386 21533 907655
21533 12529 971821
12529 6521 923123
6521 38603 549300
38603 14892 228
14892 37316 1000000
49070 28220 930113
28220 21809 941547
21809 23399 861796
23399 23258 978
23258 45727 636431
45727 44260 105380
44260 43150 548
43150 38557 1000000
38557 39988 445083
39988 21487 1000000
21487 36120 922549
36120 45382 945541
45382 11984 1000000
11984 9003 126533
9003 8602 919487
8602 26118 930361
49071 28454 1000000
28454 42546 965645
42546 31689 549
31689 16407 912604
16407 32849 746
32849 25844 909541
25844 43122 479791
49072 18929 646726
18929 24527 710555
24527 32506 957034
32506 11438 63
11438 25166 546283
25166 3840 993678
49073 25623 1000000
25623 38698 804818
38698 33382 997418
33382 14026 988889
14026 39219 48
39219 11427 852
11427 40127 912297
40127 41730 146387
41730 9109 711
9109 28462 291601
28462 15245 965353
15245 41839 983814
41839 12409 1000000
12409 24413 974723
24413 43648 55931
43648 42885 44109
49074 26670 1000000
26670 15972 945988
15972 2200 909404
2200 3966 997334
49075 49182 172
49076 12758 587396
12758 42096 269450
42096 18357 970078
49077 46376 829
46376 12784 933334
12784 25342 1
25342 39687 981780
39687 31101 907166
49078 29409 739015
29409 5463 467416
5463 13996 1000000
13996 41176 535669
41176 38165 1000000
38165 11731 947130
11731 7185 589
7185 7873 278
7873 29539 710796
29539 3713 860
3713 2576 167000
2576 24636 1
24636 33725 153
33725 38663 1000000
38663 41983 34805
41983 5740 1000000
5740 44189 932958
44189 18885 894
49079 45013 908342
45013 20412 571019
20412 16520 809
16520 35846 503134
35846 19030 712771
19030 43157 92493
43157 5467 1000000
49080 42624 983856
42624 46288 932694
46288 9134 1
9134 20222 253957
20222 8637 27080
8637 1974 1
1974 46451 352433
46451 37935 345348
49081 4341 471
4341 517 924888
517 29562 965900
29562 4149 883508
4149 6218 566266
49082 5600 919314
5600 32362 1000000
32362 24220 327
24220 14398 932384
14398 15023 918085
15023 40986 154743
40986 45227 904448
45227 21835 986296
21835 38136 633692
38136 18122 6
18122 14851 784961
14851 46569 1000000
46569 24472 926221
49083 42109 195411
42109 41259 734952
41259 6410 1000000
6410 6352 247544
6352 46881 968046
46881 1122 566034
1122 12748 1
12748 6591 611255
6591 43334 945237
43334 47488 135674
47488 33958 995
33958 30603 815286
30603 21988 386
21988 1522 1
49085 38264 933998
49086 18919 275040
18919 35132 531137
49091 47570 796362
47570 14569 590092
14569 25981 161
25981 31165 975022
31165 36573 22813
49092 37577 389
37577 42642 778391
42642 34758 965325
34758 48493 924989
48493 519 960044
519 36063 928190
36063 25679 966206
25679 13431 915331
49093 2393 870902
2393 10878 965431
10878 12298 1000000
12298 22114 548
49094 22193 688032
22193 14728 177
14728 48806 588
48806 16439 572
16439 24602 945977
24602 31874 991821
31874 15138 953809
15138 41620 751
41620 20925 222910
20925 14645 1000000
49095 12757 230
49096 30526 1
30526 22666 1000000
49097 43764 1000000
43764 27518 866638
49098 9533 824
9533 49347 938148
49099 10700 618
10700 18316 565340
18316 38906 981514
38906 17500 264
17500 40369 944871
40369 38002 553365
38002 34887 318477
34887 12450 310722
12450 5233 956445
5233 41094 702492
49100 36754 544
36754 40950 868
40950 46116 184
46116 49517 765747
49102 23116 694374
23116 5139 367780
5139 4694 988494
4694 1867 1
1867 23456 354
49103 5669 624
5669 13119 1000000
13119 29830 1000000
49104 8431 1000000
8431 38418 904699
38418 48413 928163
48413 37805 96339
37805 35450 272425
35450 35268 153811
35268 6227 784
6227 13140 950
49105 13085 517
13085 18584 771
18584 25309 954184
25309 30245 1
30245 29653 713618
29653 13807 225840
49107 49550 967737
49108 40350 968146
40350 44847 921305
44847 12136 181172
12136 46168 993
46168 44572 1
49110 17151 684473
17151 1741 909710
1741 14537 302
14537 25813 132822
25813 38801 1000000
38801 1373 927182
1373 15751 998148
49112 5876 256217
5876 42581 923548
42581 20867 966936
20867 4961 1000000
4961 35337 1000000
35337 9573 1000000
9573 32547 1
32547 32094 259
32094 33557 994901
33557 23061 916797
23061 34716 847443
34716 20969 71
20969 22165 334338
22165 16150 567935
16150 5506 822
5506 26303 978469
26303 7640 920571
49113 4108 830489
4108 46418 902071
46418 16568 930268
16568 28433 1000000
28433 39975 640
39975 35741 1000000
35741 30760 688332
30760 6332 965478
6332 24380 994209
24380 2790 944236
2790 32542 275657
32542 43721 911
43721 4543 940752
49114 42872 522234
49115 35043 980029
35043 28828 1
28828 48911 968238
48911 39063 1
39063 4060 128264
4060 34045 1000000
34045 16968 427882
16968 40411 935671
49117 18284 1000000
18284 41278 597634
41278 16170 806
16170 25281 996498
25281 37980 358828
37980 47587 765328
47587 7076 761815
7076 43226 545
49118 346 1
346 3815 592934
3815 21033 1000000
21033 14968 631906
14968 15579 929904
15579 27085 1
27085 37816 992329
37816 28655 551272
28655 24976 387
49120 40202 108
40202 45856 1000000
45856 37189 270
37189 15995 614
15995 7181 468
7181 45877 499310
45877 40465 1000000
40465 44123 581009
44123 5329 281700
5329 5332 934064
5332 19806 1
19806 12821 649404
12821 22046 992329
22046 12567 422991
12567 31494 325016
31494 17848 911067
17848 47471 259
47471 4025 932034
4025 5892 709067
5892 37862 1
37862 21823 445389
49121 32454 935735
32454 46968 394824
46968 38602 90177
38602 24218 992431
24218 36200 923103
49122 34435 285345
34435 25735 905030
25735 28534 1000000
28534 9992 950190
9992 17908 689222
17908 29677 658
49123 44101 947565
44101 15096 997536
15096 26807 942801
49124 4822 876680
4822 20746 213883
20746 10069 953543
10069 2252 941623
49125 19176 906661
19176 39090 925145
49126 35165 988622
35165 35466 943938
35466 35777 925396
35777 44857 968
44857 4104 952969
4104 37967 963216
37967 25013 372801
25013 42743 970604
42743 11079 1
11079 44672 51
44672 14848 877
14848 7302 801385
7302 14226 900110
14226 33311 990358
33311 2143 654
49127 41060 922771
41060 3545 1000000
3545 36426 246
36426 3948 259
3948 4054 938760
4054 6780 982680
6780 14771 140
49128 29710 957397
29710 13424 973231
13424 26873 294
49129 46843 925
46843 21983 994033
21983 23103 990174
23103 47641 994184
47641 20884 912172
20884 29618 466547
29618 27765 286026
27765 20839 1
20839 6218 905870
6218 2062 525
2062 30866 1
30866 31109 1000000
31109 5071 971844
49130 15645 1000000
15645 33323 914511
33323 21766 645433
21766 37018 493371
37018 10784 820132
10784 41552 963
49131 45940 911
45940 24472 1000000
24472 1017 960495
1017 12684 557115
12684 1971 973626
1971 38006 335227
49132 24761 1
49133 35887 697475
35887 48202 937988
48202 45471 936
45471 19991 747
19991 18506 306
18506 5229 476
5229 3670 296710
3670 18072 1000000
18072 18187 13702
49134 27107 22554
27107 38814 1
38814 48229 391446
48229 46344 957457
49135 42593 705
42593 17540 985878
17540 26552 527123
49136 8557 962680
8557 37495 709
37495 14645 891
14645 48282 728
48282 14914 244
14914 20269 249
20269 16059 179
16059 17877 685
17877 30696 983061
49137 20492 1000000
20492 23031 221930
23031 43500 978157
43500 17715 594
17715 25595 8169
25595 36227 372127
36227 10175 433250
49138 2561 921079
2561 3723 338
3723 41784 933089
41784 17579 663918
17579 33810 400000
33810 5944 37599
5944 294 249939
294 11811 150
11811 44020 784689
44020 30716 448251
30716 29996 422919
29996 37005 1
37005 21418 970156
21418 5 385
5 31509 959706
31509 17890 1
17890 25397 272751
25397 22946 324
22946 38257 997687
49139 30360 1
30360 18065 965438
18065 29834 868
29834 15678 77081
15678 24594 751
24594 45002 930324
49140 31590 1000000
31590 23811 978265
23811 5604 1000000
49142 20908 323800
20908 20783 901556
20783 25194 575026
49143 4845 979632
4845 4329 732
4329 3347 958310
3347 44516 956295
44516 26337 339802
26337 26985 878968
26985 48625 343589
48625 45570 1000000
45570 24995 1000000
24995 8863 780242
8863 47874 1
47874 1041 99839
1041 24490 1000000
24490 33464 1
49144 44227 994158
44227 7323 366143
7323 44139 892328
44139 35656 946802
35656 21420 337
21420 32007 927365
32007 47573 1
47573 34291 789897
34291 162 913307
162 830 936766
830 25302 481
25302 38506 491
38506 369 938214
369 27311 732203
27311 9590 980851
9590 23794 556
23794 35687 23654
35687 29032 1
29032 47322 158426
47322 11597 606583
11597 45309 155
45309 799 729722
799 27804 137
27804 40734 969489
40734 5167 452587
5167 33476 587860
33476 48391 147971
49145 25337 941091
25337 19224 950011
19224 13972 925090
13972 42260 747
42260 15176 422
15176 15994 928907
15994 12831 1000000
12831 29078 1000000
29078 47372 890
47372 26468 211
26468 8843 914564
8843 5931 324302
5931 32400 491862
49146 29338 728718
29338 21115 421774
21115 22772 996151
22772 36318 134812
36318 44572 1000000
44572 27860 966881
27860 32305 156
32305 34718 980497
34718 40020 925733
40020 44129 676757
44129 44983 987660
44983 33929 630
33929 47839 963273
47839 1680 717822
1680 45578 634550
45578 7602 237109
7602 48152 963911
48152 39653 659
39653 15202 978948
15202 34759 1000000
34759 12669 1000000
49147 762 914984
49149 7163 1
7163 16954 967363
16954 48963 205415
48963 18017 1
18017 25904 721842
49150 38449 837326
49151 46521 379205
46521 26356 730505
26356 40810 933391
40810 1791 478272
1791 28398 1000000
28398 8296 1000000
8296 39515 1000000
39515 29685 736
29685 26544 490
26544 20303 701187
20303 8865 922916
8865 20883 444
49152 18876 1000000
18876 10188 7843
10188 4298 904951
4298 45965 991868
45965 44166 103664
44166 43349 980005
43349 16039 629336
16039 32134 836021
32134 20511 352
20511 40799 1000000
40799 39727 19
39727 6559 818
6559 15556 1000000
15556 30071 1000000
49153 41220 977358
41220 2165 732193
49154 30069 924804
30069 906 975793
906 7994 279
7994 38121 579874
38121 17872 970372
17872 19293 508
19293 26490 481141
26490 1462 152707
1462 25169 114226
25169 21281 968976
21281 22994 106249
22994 15041 701226
15041 13676 238
13676 11868 914241
11868 25045 409
25045 14517 1000000
14517 36592 308476
49155 9089 82502
49156 3982 922542
3982 24670 819
49157 8953 143607
49158 30666 911453
30666 46511 34
46511 10355 918651
10355 14796 899643
49159 46035 830444
46035 37666 448
37666 31207 296013
31207 25267 918542
25267 8836 545370
8836 37793 917
37793 27674 1
27674 24581 987
24581 45417 1
45417 30807 907032
30807 30539 962921
49160 11804 966497
11804 31184 1000000
31184 12502 672
12502 40403 987917
40403 3630 903641
3630 48839 1000000
48839 40868 951504
40868 25334 802386
25334 16999 1000000
16999 24670 913916
24670 525 1
525 44403 1000000
44403 40885 1000000
40885 18094 1000000
18094 9284 977666
9284 42190 1
42190 46583 977643
46583 11134 117
11134 7354 922088
7354 5064 942961
5064 18845 564897
18845 1796 987559
1796 24118 323853
24118 27846 654531
49161 18885 962122
18885 26447 1
26447 11442 657079
11442 11107 980122
11107 17924 1000000
17924 8539 958512
8539 32339 709
32339 15864 32
15864 39786 493611
39786 43673 10997
43673 31291 699731
31291 4360 947902
4360 41617 190
49163 14318 259667
14318 116 1000000
116 19525 282846
19525 35229 858
35229 7218 487208
49164 18903 197911
18903 19337 1
49165 30311 913
49166 45413 482040
45413 1388 994311
1388 26531 957470
26531 13867 936590
49167 3858 943011
3858 45672 935847
45672 42792 440
42792 36260 920208
36260 16112 422348
49168 11555 463323
11555 24957 870
24957 24032 22443
24032 26785 809881
49169 12317 1000000
49170 34600 1000000
34600 19746 922693
49171 13478 1000000
13478 257 1000000
49172 9372 996959
9372 11126 355
11126 43263 906062
43263 2021 972560
2021 38921 380
38921 26089 942785
26089 38819 1000000
49174 2987 141
2987 20736 748717
20736 13671 2535
13671 20732 413329
49175 36044 994142
36044 40123 857895
40123 7655 837007
7655 29457 1000000
29457 6016 1
6016 552 644682
552 40299 990097
40299 15786 951587
15786 28978 903775
28978 26263 956822
26263 11944 961153
49176 42433 715796
42433 24771 928782
24771 15369 967793
15369 18260 226
18260 38149 1
38149 32370 1
32370 31709 945074
31709 44967 1000000
44967 49303 746591
49178 20021 965212
20021 41958 669
41958 23042 792902
23042 38715 723893
38715 18729 792
18729 43756 36579
43756 21593 1
21593 46863 1000000
46863 33624 235552
33624 11958 565415
11958 49709 696
49179 15280 121
15280 46479 985470
46479 2710 923784
2710 16499 114
16499 25321 932710
25321 21249 965980
21249 12473 1
12473 2844 1000000
2844 13597 290964
13597 8098 933778
8098 49607 561
49180 38710 942589
38710 43130 1000000
43130 45551 303690
45551 17441 950330
17441 30775 303797
30775 15799 909284
15799 21526 1000000
21526 24254 927242
24254 15961 507423
15961 4234 941584
4234 26953 98790
26953 491 1
491 48357 998012
48357 6740 996012
49182 10591 100066
10591 43341 737884
43341 290 918020
290 35013 802
35013 7622 591
7622 34059 96
34059 37142 756569
37142 13225 804368
13225 45710 787790
45710 30746 907
49183 38052 227
38052 41656 463
41656 40764 166592
40764 32233 914
32233 4231 152
4231 43 1000000
43 22633 359189
22633 20709 687204
20709 24509 965048
49184 32839 427824
32839 590 1000000
49185 23936 947116
23936 19890 1000000
19890 7763 71
49187 14101 927646
14101 29464 479132
29464 24382 522
24382 3119 1
3119 10854 1
10854 40818 888917
40818 27285 483329
27285 43740 92783
43740 39445 972798
39445 17983 918890
17983 16269 515961
16269 34526 937598
34526 28475 906337
28475 48735 1
48735 9990 976177
9990 21349 786195
49189 29114 970059
29114 24976 1000000
24976 5438 946211
5438 10573 764258
10573 12123 489
12123 39655 1000000
39655 33752 154918
33752 739 658190
739 15626 1
15626 31454 968340
31454 1906 902658
1906 13963 655987
13963 9898 965036
9898 2248 919266
2248 42122 531
42122 49312 930112
49190 19536 1
19536 31596 610121
31596 36263 595
49192 37986 829
37986 33206 1
33206 5579 325446
5579 14172 751487
14172 25560 997
49193 35045 1000000
35045 20854 663802
20854 7162 654332
49194 16267 978919
16267 27273 1000000
27273 9853 62682
9853 29352 996854
29352 17799 950
17799 1280 901675
1280 49601 918584
49195 1806 1000000
1806 35850 292802
35850 5414 195
5414 45063 945487
45063 24845 907607
24845 48852 173109
48852 49089 935572
49089 2305 987594
2305 13743 1000000
13743 8410 231323
8410 35212 345994
35212 6713 399646
49196 14865 954180
14865 23353 982503
23353 42030 238
42030 22524 957209
22524 10099 973612
10099 28537 1
28537 22945 929950
22945 401 681
401 15895 915689
15895 12508 24809
12508 37627 970312
37627 11896 982
11896 17562 1000000
49197 8543 1000000
8543 42469 380
42469 7061 969721
7061 1303 814
1303 9916 952805
9916 15100 166
15100 44727 1000000
44727 8427 425958
8427 3551 185617
3551 47756 966549
47756 42666 115281
42666 4218 904154
4218 43566 41930
43566 43395 931063
43395 31038 973410
31038 40819 697
40819 33082 989086
33082 25584 1000000
49198 37754 687180
37754 18339 900658
18339 31151 392
31151 28150 17
28150 26231 800047
26231 5226 942310
5226 11674 952952
11674 43368 1000000
43368 22360 463687
22360 15045 46
15045 11848 980616
11848 7138 316757
7138 43206 900377
49200 2007 1000000
2007 14649 937952
14649 30785 792530
30785 2797 967177
2797 47274 1000000
47274 17627 920643
17627 25796 385510
25796 41267 940675
49201 3535 522459
3535 10800 344
10800 5195 65965
5195 29377 509
29377 26838 466
26838 38042 568844
38042 469 987497
49202 22022 955956
49203 40234 462
40234 29200 298
29200 14089 240268
14089 6803 234
6803 26861 330151
26861 43653 721122
43653 19214 888
19214 39215 963682
39215 45203 860
45203 34699 975
34699 5420 981182
49204 21716 923562
21716 31690 903106
31690 27604 13848
27604 14160 627977
14160 48181 1000000
48181 48391 1000000
48391 19302 1000000
19302 27449 977635
27449 45946 995954
45946 19650 816048
19650 9863 997482
9863 3447 164
49205 3142 362879
3142 12722 1000000
12722 11816 1000000
49207 16632 1
16632 45489 917094
45489 6557 481432
6557 8184 583411
8184 12229 177
12229 42132 991697
42132 21259 1
21259 15305 940159
15305 48647 787732
49210 26379 548
26379 34849 16
34849 43170 840674
43170 10617 1000000
10617 21658 1000000
21658 4842 921247
4842 37774 672077
37774 13747 1
13747 24214 981719
24214 29809 943023
29809 5725 994193
5725 37537 416636
37537 45757 750729
45757 21936 707
21936 11550 577
49211 7949 291171
7949 20115 971701
20115 36501 1
36501 48361 617691
48361 4176 967215
4176 21592 536693
21592 28402 753788
28402 46956 992462
46956 35593 1
35593 4711 58707
4711 24064 60
24064 42453 418664
42453 29830 786730
29830 47430 80840
47430 43668 906408
43668 48085 921047
48085 24930 978673
24930 34074 151638
34074 40470 1000000
40470 21412 904902
21412 24882 561
24882 45476 250
45476 17508 935537
17508 1676 438
1676 36158 419300
49212 705 918077
705 45981 915559
45981 8891 990691
8891 6248 787277
6248 48742 840
48742 5315 981704
49213 40746 933250
49214 44319 902477
44319 48149 786
48149 5519 210
5519 26340 346
26340 33921 103
33921 28469 1000000
49215 25909 998995
25909 11348 978545
11348 32717 97295
32717 8901 959771
8901 15003 940357
15003 5187 999265
5187 34122 376464
34122 31240 747887
31240 16342 883630
16342 48147 975109
48147 46122 481
46122 8981 1
8981 11101 433622
11101 3076 934213
3076 47997 1000000
47997 10305 1
10305 6385 878
49217 25950 947982
25950 31399 915
31399 43198 972
43198 48400 79402
48400 16918 920586
16918 38900 754282
38900 1506 1000000
1506 6572 951156
49218 37552 1
37552 9125 57
9125 5433 300
5433 25946 109593
25946 41615 751769
41615 16782 984276
16782 32447 924
49219 43232 948062
43232 19399 944258
19399 29917 584
49220 15751 969611
49221 43208 820
43208 43982 923388
43982 10737 128415
10737 49288 1
49222 41636 764
41636 18941 959391
18941 41861 1000000
41861 1479 109
49223 29544 142743
29544 17488 979882
17488 44112 959134
44112 13761 586
13761 31069 210
31069 48673 461745
48673 35734 474071
35734 34850 951595
49224 27290 239979
27290 38896 1
38896 35841 938436
35841 5325 976363
5325 36826 20757
36826 7131 932283
7131 15472 642421
49225 16054 959
16054 15308 1000000
15308 49088 651288
49088 45364 803151
45364 11781 474672
11781 44473 78
44473 3332 961959
49226 38590 979247
49227 10821 358648
10821 22996 976283
22996 8471 897
49228 17028 283
17028 32850 542768
32850 28335 113345
49229 30396 1000000
30396 1078 919773
1078 45720 16202
45720 11681 911239
49230 31908 729820
31908 27137 1000000
27137 38126 28694
38126 15417 996686
15417 15750 464176
15750 21739 267
21739 7763 432
7763 26876 949892
26876 45528 695832
45528 43470 481036
43470 37294 350511
37294 41809 1000000
41809 7755 888
7755 11449 175383
11449 23948 984494
49231 38046 915457
38046 9399 937382
9399 46965 294383
46965 35035 432689
49232 3782 785
49233 42194 921951
42194 28514 1
28514 12078 913865
12078 7548 1000000
7548 31889 223342
31889 29399 1
29399 47885 727
47885 21493 904399
21493 15873 540
49234 42770 421
42770 13053 996401
13053 45761 1000000
45761 1526 537828
49235 36732 1000000
36732 14085 238
49236 12528 202
12528 11550 1000000
11550 22894 34502
22894 37564 678
49237 21921 1000000
21921 39033 175638
39033 34107 941258
34107 6107 442
6107 30135 960779
30135 11060 850719
11060 40768 1000000
40768 34184 551
34184 35143 936754
35143 32407 664071
32407 46610 976410
46610 33945 882
49239 37579 819348
37579 13252 247911
13252 36440 975633
36440 38764 749264
38764 48286 420076
48286 39844 451702
39844 32611 993788
32611 41940 47293
41940 37363 925729
49240 22657 937727
22657 4873 189711
4873 4620 823
4620 44839 378286
44839 8828 980280
8828 32566 935695
32566 29202 87971
49241 11207 979
11207 11851 950
11851 33945 803503
33945 28614 911955
28614 10033 695444
49242 13413 126
13413 18930 238296
18930 6734 985112
49243 48285 991921
48285 584 208
584 12440 943569
12440 22269 20521
49244 11509 1
11509 37736 776
37736 11151 949881
11151 10785 52204
10785 3163 180523
3163 40608 1
40608 37417 246649
37417 47796 71
47796 21935 918025
21935 40847 602272
40847 16377 1000000
16377 32866 946190
32866 29198 991984
29198 8749 961847
8749 49545 61983
49247 26797 416
26797 34365 430
34365 26480 939013
26480 13782 771
13782 13867 871277
49248 499 1000000
49249 5917 976418
5917 35174 1000000
49250 16579 30393
16579 37000 552298
37000 7095 961868
7095 36629 921265
36629 23560 942689
23560 40072 311730
49252 22895 314804
22895 41104 666642
41104 31904 948031
31904 25902 471
25902 333 18
333 14108 823508
49253 7480 951508
7480 12926 937108
12926 38966 1000000
38966 11534 10660
11534 28418 698765
28418 29051 945259
29051 16789 67
16789 29631 952970
29631 9167 408322
9167 32985 909
32985 8340 981210
8340 16432 908173
16432 15744 920
15744 35540 995918
35540 8999 595
8999 3908 622
3908 417 685037
417 26413 949037
26413 32942 547094
32942 49722 957906
49254 2137 345
49256 23063 902388
23063 42847 953254
42847 5505 1000000
5505 42182 918683
42182 18635 962616
18635 32571 855761
32571 41464 922
41464 49375 943874
49258 11758 1
49259 34972 809973
34972 1939 237
1939 28255 268072
28255 44779 1000000
44779 5749 913636
5749 22561 1
22561 38784 141492
38784 16808 1
16808 49148 659699
49148 25141 74593
25141 21675 335588
21675 10185 744923
10185 16655 552404
16655 24196 977832
24196 18638 987136
18638 49480 934982
49260 39529 130
39529 36323 970354
36323 30638 960229
30638 23579 977165
49261 5828 992797
49262 23711 1000000
23711 3865 586
3865 49444 966257
49265 33003 996144
33003 38903 981006
38903 39880 162
39880 3274 983
3274 45238 115240
45238 36844 995203
36844 42476 790
42476 1646 945397
1646 7218 63323
7218 23684 355703
49266 38835 902281
38835 35548 1
35548 1448 706
1448 10622 550
10622 33094 220536
33094 23123 916066
23123 4791 761854
4791 44693 902465
44693 35281 704216
35281 47908 31
47908 18833 370900
18833 12388 437302
12388 28039 751
28039 45524 1000000
45524 18258 1000000
18258 28477 902837
28477 1857 984875
1857 42970 1000000
42970 47986 1000000
47986 10668 865
10668 38436 397238
38436 2811 841789
2811 22163 832918
22163 8217 1000000
8217 1283 924921
1283 11147 964730
11147 35430 1
49268 14388 93503
14388 10167 937253
10167 40585 42147
40585 38024 92358
38024 42336 978107
42336 14459 175
14459 43770 87
49269 29547 844550
29547 24751 3
24751 36459 898224
36459 2320 938283
2320 3902 883300
3902 41432 969373
41432 74 1000000
74 45516 1000000
45516 3231 254
3231 10191 925757
10191 37500 1
37500 31446 1000000
31446 40811 233228
40811 46234 71540
46234 8409 666301
8409 7263 177
49270 22114 353636
22114 26835 220285
26835 38470 977540
38470 4357 669
4357 24207 304313
24207 46512 738
46512 46005 610
46005 5355 996018
5355 2397 912960
2397 15171 978846
15171 30001 954708
30001 32805 199734
32805 33980 470909
33980 14474 873234
14474 21682 1
21682 22082 130655
22082 37933 934500
49271 10206 197
10206 25076 384287
49272 10590 905524
10590 32700 997248
32700 35188 52189
35188 31020 998629
31020 43120 992892
43120 41056 96
49273 48577 927527
48577 34893 13594
34893 13815 677608
13815 39622 918948
39622 13310 838
13310 43158 911200
43158 36089 775
36089 28642 254262
28642 23662 984927
49275 25135 913911
25135 41490 185207
41490 37223 397859
37223 2946 577
2946 31675 16871
31675 38786 1000000
38786 45171 230627
45171 20626 356870
20626 11469 990597
11469 15198 150
15198 3189 981146
3189 21578 975473
21578 37240 924920
37240 36333 417938
49276 15561 967037
15561 9144 74
49277 12460 1000000
12460 5213 102
49278 7165 560085
7165 40603 641232
40603 37339 996507
37339 1452 910
1452 42296 939584
42296 35052 932768
49279 17836 937514
17836 34135 963123
34135 3557 347161
3557 15079 111
15079 19683 318
19683 43975 77490
43975 6380 512602
49280 41643 439224
41643 42578 764
42578 41617 715318
41617 2240 499235
2240 16637 909429
16637 2862 939588
2862 8581 633
8581 17365 983621
17365 30242 963396
30242 10931 300
49281 6142 907196
6142 19083 1
19083 9718 220269
9718 32964 606239
32964 7867 769
7867 48662 550
49282 23039 1
49283 12159 80277
12159 27078 754616
27078 13759 331
49285 36670 993502
36670 12015 997959
12015 6869 989020
6869 6589 777
49286 47818 1000000
47818 30465 1000000
30465 20795 156
20795 25429 611
25429 16707 265562
16707 23579 213530
23579 14257 1000000
14257 36477 223240
36477 30542 916192
30542 46082 1
49287 40021 920813
40021 13127 783318
13127 39013 902460
39013 4133 912916
4133 19636 29037
19636 40238 691873
40238 21187 251569
21187 38754 490023
38754 42733 955023
42733 26612 716
26612 21987 968525
21987 32595 969395
32595 10961 784431
10961 38063 1000000
49288 2933 967445
2933 17355 964642
17355 40310 1000000
40310 48081 1
49289 4859 1000000
4859 26080 474581
26080 27588 881519
27588 24147 1
49290 573 943812
49291 25094 833580
25094 42822 780468
42822 29601 952671
49292 3283 355915
3283 377 413243
377 36194 926843
49293 24168 272114
49294 41155 286
41155 22391 383428
22391 9815 908514
49295 40769 1
40769 41672 1
41672 19211 914764
19211 3184 1000000
3184 49362 993312
49298 41754 941656
41754 24323 821
24323 18687 939921
18687 37203 172156
37203 44181 88460
44181 32363 964582
32363 6920 106
6920 32447 136
32447 12150 910156
12150 41042 1000000
41042 1639 892386
1639 8433 9966
49299 3558 973096
3558 13435 758870
13435 34451 940327
34451 31831 1000000
31831 34786 998919
34786 4350 456
4350 24719 193442
24719 29839 912694
29839 4429 213
4429 46465 918074
46465 16322 379094
49300 28520 39
28520 44249 431533
44249 4891 473
4891 40791 957864
40791 34312 913518
34312 7520 1
7520 20456 974034
20456 38671 631966
38671 22311 458873
22311 24474 915907
24474 40850 44579
40850 12791 927751
12791 11895 965230
11895 1522 961291
1522 13738 938942
13738 15148 1
15148 16608 978645
16608 48287 298057
48287 29180 344
29180 2560 661463
2560 26578 413151
26578 35471 685869
35471 29142 902564
29142 30544 1
30544 23323 1
23323 20809 965393
20809 32641 561207
32641 1785 984121
1785 23714 799761
23714 2883 59
2883 24120 903407
49301 32166 954126
32166 3337 1
49303 27640 960421
49304 44962 917614
44962 47760 560663
47760 46541 747
46541 25304 766677
25304 9141 618
9141 40621 219
40621 29083 914317
49305 7352 988544
7352 35766 637188
35766 47781 55646
49306 27654 911846
27654 38210 152023
38210 13362 946
13362 29096 928563
29096 16640 990830
16640 28469 104955
28469 13076 1000000
13076 33656 400
33656 20906 967897
20906 26549 159
26549 27530 53386
27530 16400 977100
16400 21704 995505
21704 3810 297
49307 12595 572832
12595 19382 1000000
19382 1473 572
1473 26394 552309
26394 7249 946988
49308 11977 1
11977 37707 378
37707 30044 686851
30044 7503 928024
7503 39501 903696
39501 26469 248077
26469 37557 952713
37557 26149 656405
26149 38334 1
38334 30215 929214
30215 2821 405453
2821 33771 208640
33771 8300 987794
8300 14322 1000000
14322 21399 467720
21399 36527 35468
36527 10127 171734
10127 48210 396776
48210 31978 999903
31978 44016 56
44016 11181 1
49309 11788 1
11788 18696 927779
18696 41945 125
41945 44621 925639
44621 28291 936415
49310 21933 913
21933 39733 256
39733 4938 909885
4938 38256 304904
38256 42415 633190
42415 37213 551958
49312 44659 275473
44659 43308 408265
43308 19903 973
19903 21026 1000000
21026 2677 955081
2677 469 868337
49313 7752 790266
7752 34303 773
34303 7547 975717
7547 17346 422
49314 45895 962
45895 16093 314
16093 45677 83833
45677 21373 1000000
21373 8864 1000000
8864 29639 388
29639 31367 674
31367 24984 41
24984 8580 382085
8580 14151 1
14151 6639 716951
6639 41699 994913
41699 41487 994312
41487 38735 92686
38735 5165 1
5165 3086 1000000
3086 24584 914910
24584 36541 805
36541 19774 651
19774 32766 1
49315 17674 1000000
17674 37036 706130
37036 12195 458929
12195 7249 1000000
7249 3797 977980
3797 18211 141
18211 44786 943562
44786 40157 391817
40157 24766 521
24766 28906 804345
49316 11920 1000000
11920 31365 185084
31365 37208 911347
49317 49162 926919
49162 25210 962822
25210 3368 966991
3368 26313 987561
26313 16153 89838
16153 7075 1
7075 37450 990584
37450 8930 598750
8930 37723 938891
37723 45991 993748
45991 34286 972604
34286 32729 742781
32729 23611 1000000
23611 12570 901259
12570 10089 905501
49318 4240 319370
4240 47148 915540
47148 34594 714
34594 8351 855315
8351 6500 948
6500 6006 1000000
49319 22294 385327
22294 36830 353380
36830 15248 1000000
15248 13474 182035
13474 24860 994721
24860 37783 828802
37783 22919 421159
22919 22663 715154
49321 24996 591750
24996 334 1
334 28607 605358
28607 28787 64
28787 41673 531321
41673 29948 1000000
29948 8909 776998
8909 40728 996010
40728 10297 493661
10297 30747 718272
30747 34494 568703
34494 2996 900
2996 24123 933544
24123 13720 923115
13720 34642 987810
34642 47966 993999
47966 12044 901114
12044 27416 257419
27416 16000 1000000
16000 13580 536668
49322 10725 993947
10725 32486 996110
32486 10688 946358
10688 39498 976378
39498 27949 1000000
27949 45988 977211
45988 24879 354662
24879 29892 982319
29892 30477 480315
30477 34872 993579
34872 5970 941259
5970 45557 982791
45557 47365 837525
49323 22914 1000000
22914 40570 1000000
40570 34839 17
34839 4071 917679
49325 16061 888897
49326 21363 477534
21363 34910 946037
34910 41723 935388
41723 33503 1000000
49327 11453 1000000
11453 11847 970119
11847 5192 948172
5192 26190 981954
26190 35677 223090
35677 15069 1000000
15069 1556 904138
1556 38915 373
38915 17281 1000000
17281 492 524034
49328 27826 996156
27826 19039 496
19039 4561 124877
4561 49535 942155
49329 22522 1
22522 23571 1
23571 25732 350701
25732 18905 962630
18905 14953 964289
49330 2666 139
2666 47809 77206
47809 4012 939412
4012 18553 66
18553 9359 1000000
9359 1458 359
1458 12379 751843
12379 19925 985
49331 18699 115415
18699 41668 498168
41668 44558 914170
44558 28623 1
28623 7669 1255
7669 18940 856725
18940 28621 881
49334 46265 543023
46265 14128 149
14128 31356 707896
31356 35646 725629
35646 11316 476
11316 28570 927386
28570 19299 252
19299 28192 855659
49335 39459 411067
39459 34068 913433
34068 338 995962
338 21617 995918
21617 15633 62356
15633 38606 304
38606 43966 1000000
43966 46402 160313
49336 30385 214
30385 12335 68675
12335 49464 654
49337 14224 836424
14224 7541 986911
7541 38039 993749
38039 46445 966198
46445 25358 398
25358 17520 204
17520 16679 241
16679 22417 984742
22417 10734 902404
49339 46743 903815
46743 7943 975755
7943 46661 923822
46661 931 1000000
49340 5035 823
5035 30196 50
30196 25871 1000000
25871 1831 784045
49341 26192 912354
26192 36458 5419
36458 27051 448
27051 23880 729
23880 36037 1000000
36037 47047 978597
47047 21349 583950
21349 30584 1
30584 39131 977
39131 11719 1000000
11719 3993 896
3993 22550 648929
22550 1172 1000000
1172 2215 976843
2215 37219 947
37219 35483 1000000
35483 23080 941025
23080 18795 361021
49342 16372 206283
16372 45328 1
45328 40789 645
40789 40602 767375
40602 49472 913908
49343 6243 904797
6243 17584 914659
17584 28844 1
28844 47798 960151
47798 1261 73
1261 16302 6147
16302 29825 986548
49344 2379 249813
2379 39147 970
39147 16622 786963
16622 6609 906467
6609 25696 923110
25696 23040 977782
49345 7306 914703
7306 31138 843
31138 46667 1000000
46667 25958 376412
25958 24754 1000000
24754 19834 933651
19834 33250 482629
33250 13008 723316
13008 15770 952653
15770 39932 1
39932 45838 859775
45838 20774 84389
49346 4763 988727
4763 9464 488092
9464 29081 1000000
29081 33318 947617
49347 8103 973546
8103 28567 737
28567 27388 222491
49348 8684 910943
8684 22558 1000000
22558 14796 1000000
14796 19632 978921
19632 23901 981206
23901 12465 1000000
12465 10365 983491
10365 2614 53
2614 43375 599663
43375 744 903362
744 31945 777021
31945 4663 927003
49349 6955 437
6955 41959 993762
41959 13764 946654
13764 10655 946438
10655 44542 1000000
44542 41441 1000000
41441 24404 129525
24404 8816 292777
8816 9021 1000000
9021 14152 889
14152 32453 541
32453 22079 785
22079 47127 540686
47127 32014 551793
32014 24796 502707
24796 37583 874
37583 48032 596586
48032 18170 749
49350 36808 978483
36808 37571 282331
37571 21179 229
21179 6793 951203
6793 17794 328
17794 46156 1
46156 17443 311401
17443 1526 971272
1526 23570 355
23570 19453 1000000
19453 8076 1000000
8076 17085 951518
49351 45537 965555
45537 40506 1
40506 35325 87
35325 22381 142
22381 6985 918389
49352 44674 909386
44674 15891 860
15891 37266 982739
37266 8439 1000000
8439 32328 437
32328 20287 523022
20287 8646 979638
8646 8605 384
8605 47621 1
47621 37445 1000000
37445 10257 992211
10257 9199 622453
9199 14663 28704
14663 23537 782
23537 9971 349
49354 25325 642164
25325 6182 976209
6182 29215 715
29215 14294 957812
14294 45464 1000000
45464 29453 721
29453 42143 998397
42143 25867 969564
25867 45176 321
45176 47785 431535
47785 16236 961530
16236 19695 926620
19695 27706 1000000
27706 30667 1
30667 5618 250501
5618 4549 947
4549 8433 801
8433 15142 908841
15142 4715 329
4715 30231 1000000
30231 35035 750
35035 45639 1
45639 19291 1000000
19291 28082 938
49355 18141 87436
18141 20101 870309
20101 20575 909130
20575 17018 587903
17018 29601 372
29601 40673 423889
40673 47637 939
47637 20874 957709
49356 469 14539
49357 15952 1000000
15952 46585 359774
46585 43422 529
43422 14175 1000000
49358 18954 933573
49359 46580 163316
46580 45236 265163
45236 43361 797
43361 35814 929205
35814 9413 974482
9413 6132 1
49360 13947 932832
13947 38032 725
38032 9861 981016
9861 22416 1000000
22416 18529 939662
49361 47046 939
47046 18479 398874
18479 5447 964421
5447 2429 1000000
2429 31145 365452
31145 13944 567758
13944 20192 1000000
20192 49727 778
49362 47409 141
47409 42212 15206
42212 3016 571012
3016 23359 97392
23359 16214 713
16214 23161 149428
49363 1508 1000000
1508 19901 502
49364 45173 925412
45173 43307 289
43307 10473 944058
10473 20278 210
20278 13128 99590
13128 21869 966199
21869 40345 1000000
40345 32545 900
32545 18798 960200
18798 41927 410071
41927 35692 986810
35692 14745 776413
14745 34868 653
34868 48863 317124
48863 45814 299
45814 37161 975207
37161 5164 265
5164 32897 1000000
32897 13778 1000000
13778 14229 1000000
49365 8799 325235
8799 11695 97607
11695 26982 720
26982 46481 867
46481 25677 1000000
25677 46962 922702
46962 7968 937913
7968 3471 282
3471 42762 437
42762 6514 640
6514 28452 989076
28452 28621 791589
28621 43995 962
43995 33431 979478
33431 30058 931742
30058 42301 857
42301 20415 444
20415 9497 935650
9497 48560 470490
48560 19017 253
19017 22749 684
22749 46046 1000000
46046 28903 989
28903 25025 456248
25025 14240 952406
14240 15734 688971
49366 37830 1000000
37830 12996 1000000
12996 45866 918163
45866 3332 904763
3332 44155 378
44155 23456 914780
49369 13344 984766
13344 12815 1
12815 24038 92170
49370 12023 972935
49371 42677 926367
42677 34272 925141
34272 9411 11573
9411 10340 26
10340 30091 805067
30091 18028 403057
49372 25311 948708
25311 23592 683
23592 2295 951126
2295 9382 914458
9382 36011 912053
36011 1688 973482
1688 37972 906
37972 2618 933293
2618 46975 135433
46975 42890 956785
42890 7221 573414
7221 20934 756786
20934 10284 926708
10284 27875 405808
27875 38181 954526
38181 25271 989413
25271 2424 953074
2424 46840 400
46840 7027 880
7027 40391 364
40391 19515 911074
19515 20817 967886
20817 45900 977017
45900 49296 1000000
49296 35336 467393
35336 34505 1000000
34505 42321 904524
42321 42906 917760
42906 45863 932359
45863 6781 883
6781 3025 977481
49373 22438 118
22438 12593 1000000
12593 7228 1000000
7228 48010 986069
49374 6436 603102
6436 24618 142451
24618 9984 600
9984 4877 46503
4877 38089 959205
49375 16553 835
16553 32552 175
32552 38871 453968
38871 37459 475936
37459 4431 307538
4431 2243 335396
2243 15558 977113
15558 31773 58
31773 4639 936210
4639 16374 994197
16374 28688 81
28688 43132 988880
43132 31326 587
31326 35109 677360
35109 36158 75559
36158 7748 539
7748 11677 162
11677 17033 994024
17033 23660 992238
23660 3735 774450
3735 6761 641809
6761 14452 609965
14452 16781 35133
16781 27263 1000000
27263 34470 995570
34470 14175 851260
14175 33540 217573
33540 27789 741486
27789 24357 994118
24357 48592 43
49376 46932 281
46932 26108 637
26108 18529 916625
18529 26661 702190
26661 16770 773750
16770 30308 961272
30308 42697 243
42697 3447 701905
49377 30642 924500
30642 3744 267264
3744 26228 170
26228 18795 515173
49378 48927 1
48927 23670 936076
23670 47868 1
47868 5601 987413
5601 12714 760299
12714 31315 1000000
31315 25841 966785
25841 17772 83487
17772 9744 351
9744 24099 181319
24099 1018 484406
1018 6432 916242
6432 46530 1000000
46530 43404 242113
43404 13715 943844
49379 25910 1
25910 8975 991925
8975 20217 1000000
20217 14199 386070
14199 49186 983758
49186 36049 1000000
36049 31867 1000000
31867 1187 511181
1187 24932 900658
24932 809 273624
809 42950 41163
42950 19062 654405
19062 48043 172135
48043 8726 994049
8726 45554 487
45554 24765 957256
49380 753 962
753 25173 479
25173 24174 940277
24174 44483 142784
44483 3810 981658
49381 24038 26228
24038 46989 507046
46989 23001 479745
23001 37933 390206
37933 40430 463
40430 44884 517610
44884 22713 959054
22713 39749 436
39749 21269 399849
21269 31687 990984
31687 48881 1
48881 9798 235214
9798 21302 916
21302 6028 1000000
6028 34589 306
34589 14895 659
14895 26000 127303
26000 15177 898641
15177 5225 952795
49382 40749 225734
40749 9827 991510
9827 21343 130699
49383 34867 815892
34867 7988 286084
7988 42676 324
42676 9273 991185
9273 2508 915607
2508 32415 906004
32415 5091 1000000
5091 21826 315058
21826 44772 478
44772 21395 907801
21395 41476 956495
41476 10931 906790
10931 34316 949093
34316 9719 928715
49384 24246 938220
49385 24654 988712
24654 42396 174331
42396 43210 939140
43210 48356 1000000
49386 42083 953278
42083 12367 1000000
12367 21204 912315
21204 34426 674712
34426 69 500405
69 24342 958901
24342 34066 552
34066 9740 927608
9740 44335 425012
44335 2045 18969
2045 17338 907108
17338 20001 954112
20001 3972 611
3972 35750 99787
35750 23821 817271
23821 4602 59804
4602 40185 547
40185 47411 620
47411 3550 46
3550 32678 826
32678 727 683707
727 36205 344099
36205 48033 1
48033 12355 939915
12355 43428 981474
43428 15816 455986
49387 31310 911664
31310 7435 958829
7435 3126 1000000
3126 15179 912
15179 25209 914785
49388 13460 692
13460 20482 928310
20482 39055 952411
39055 3506 934289
3506 25689 992324
25689 947 959
947 43168 996618
43168 1145 676021
1145 39115 840347
39115 42493 51
42493 47527 933483
47527 6238 158740
6238 3099 76
3099 45163 984324
45163 24765 962387
49389 27019 870261
27019 29512 994
29512 24603 312588
24603 2952 557
2952 34508 933620
34508 37261 439
37261 44163 930606
44163 43678 932702
43678 13026 1
13026 4407 516
4407 45994 236394
45994 28235 983256
28235 13341 1000000
13341 23544 915312
23544 1085 923903
1085 26118 674
26118 42938 938985
42938 12161 376
12161 1628 424
1628 16061 7914
16061 19059 1000000
19059 46349 396108
46349 17633 984443
17633 17016 1000000
17016 16232 310933
16232 44298 923229
49390 9576 1000000
49391 963 854687
963 28207 80
28207 8613 1
8613 32837 1000000
32837 3288 505
3288 19081 67802
49393 39104 1000000
49394 26904 672537
26904 217 923519
49395 44870 517974
44870 2443 586243
2443 6947 665545
6947 38591 1000000
38591 18290 971755
18290 11859 223074
11859 17667 948851
17667 27752 1
27752 9044 754915
9044 276 1000000
49397 26232 974905
26232 36811 572626
36811 48687 158
48687 23591 990089
49398 5217 256739
49399 38118 1000000
38118 5246 75611
5246 20317 901739
49401 30519 948187
30519 36759 577447
36759 20353 958998
49402 22500 217537
22500 20672 702216
20672 44276 566115
44276 42948 540100
42948 27272 103480
27272 24539 433
24539 5071 925127
5071 17797 940722
17797 33161 505246
33161 46604 67601
46604 43206 1000000
43206 36758 987534
36758 14456 1000000
14456 14523 691
14523 1975 923102
1975 38728 905010
38728 2674 943277
2674 7996 933
7996 35449 508084
35449 44632 954973
49403 35769 946618
35769 12265 373501
12265 23949 550737
23949 12163 752
12163 28453 47684
28453 14924 920677
49405 8152 161
49406 1454 530490
1454 2313 218
2313 12178 915735
12178 28540 139
28540 19131 968181
19131 8616 1
8616 23554 760
23554 14079 898314
49407 23437 1000000
23437 6176 1000000
6176 11087 493
11087 28587 938
28587 17589 932623
17589 47156 902486
49408 47237 956966
47237 13574 932963
49409 22449 115059
22449 5533 1000000
49411 3716 949620
3716 30806 1000000
30806 39816 196982
39816 674 110
674 1821 999676
1821 23613 412601
23613 19021 953150
19021 37453 931878
37453 14277 1
14277 9248 589145
9248 17130 51
17130 11369 889784
11369 42181 854
42181 23365 911239
23365 46258 967166
46258 20024 923757
20024 10068 903
10068 42441 500164
42441 37652 722503
37652 19747 962862
19747 40314 679092
40314 17382 323649
17382 27287 1000000
27287 49274 997666
49274 34723 743469
34723 47082 938942
47082 8470 97
8470 1383 878328
1383 30235 270
30235 38278 450860
38278 5819 111149
5819 19901 332
19901 16993 946428
16993 2024 910482
2024 22269 930
22269 35682 953577
35682 43776 514989
43776 32853 122
32853 37812 531929
37812 23362 837
23362 36086 965611
36086 46450 60
46450 21702 413
21702 10 555
10 21859 34411
21859 32397 276585
32397 39968 82779
39968 49520 960577
49412 36012 1000000
36012 33469 1000000
33469 3832 403
3832 38406 901810
38406 46461 499061
46461 23776 933434
23776 44060 931164
44060 22663 777249
22663 16845 1000000
16845 41775 985730
41775 12914 955569
12914 48896 976558
48896 13135 514
13135 43272 924127
43272 39249 1
49413 44717 36141
44717 13169 982388
13169 1254 950199
1254 40539 911344
40539 18546 931979
18546 13317 963751
13317 27113 570941
27113 32494 1
49414 48803 418502
48803 7118 989673
7118 20881 948718
20881 44919 974373
44919 4292 657
4292 45996 995907
45996 33478 253982
33478 27305 473
27305 32340 135
32340 31108 1000000
31108 22398 368741
22398 8122 280
8122 34850 616
34850 3129 225519
3129 47510 451229
47510 45066 385284
45066 44328 913250
44328 19134 681441
19134 29340 425003
29340 46477 74
49415 37024 621439
37024 34803 626129
34803 12174 137628
12174 41624 795441
41624 2959 697
2959 1831 1000000
1831 635 32
49416 14186 1000000
14186 33840 666
33840 24388 968597
24388 38561 1
38561 1713 154451
1713 1474 949874
1474 23591 1000000
23591 43691 288561
43691 16008 1000000
16008 17353 392
17353 19630 578513
19630 5772 483
5772 34245 925210
34245 32090 951234
32090 38091 92186
38091 1612 681
1612 15472 93189
15472 3213 927160
49418 21343 988
21343 29690 987206
29690 5489 981660
5489 12011 627
12011 2411 1000000
2411 8809 991
8809 44584 853871
44584 18433 753
18433 29993 99046
29993 3803 872386
3803 34215 721467
34215 13814 817
13814 22629 933756
22629 35810 997
35810 26025 189981
26025 3651 984933
49419 43134 65
43134 5840 972515
5840 39750 1000000
39750 2082 962238
2082 13340 933899
13340 4829 631
4829 23117 689751
23117 4802 949219
4802 15734 889991
15734 31425 604
31425 42512 625958
42512 41901 869646
41901 3400 572675
3400 26477 116428
26477 946 982112
946 33780 919623
33780 36293 919730
36293 11096 752280
11096 45700 1000000
45700 32376 124902
32376 1484 1000000
1484 13470 258116
13470 41752 716
41752 30593 486598
30593 33545 928885
33545 44638 149759
44638 5604 512
5604 4525 428587
49420 11771 208944
49421 44341 736273
49422 1345 923957
1345 35242 1
35242 3508 998806
3508 28093 642
28093 49639 471079
49423 13473 945876
13473 6385 1000000
49424 41015 43222
41015 20634 647079
20634 21583 598363
49425 9870 669
9870 30696 155
30696 16146 239546
16146 39842 274311
39842 29806 504
29806 17460 906757
17460 8476 1000000
8476 48099 1000000
48099 39202 359825
39202 34687 412018
49426 40742 1000000
40742 38692 951299
38692 22281 961256
22281 43489 1
43489 4710 298724
4710 6884 516033
6884 33131 339214
33131 19337 184815
19337 40028 249648
40028 5225 46
5225 5522 923563
5522 31333 979667
31333 24406 971358
24406 28524 310175
49427 48903 1000000
48903 382 301
382 15896 396060
15896 1675 951348
1675 2111 501
2111 45532 1
45532 14227 344
14227 20774 733
20774 8175 9215
8175 26095 924098
26095 5695 1
5695 12777 935705
12777 2461 942533
2461 41544 253730
41544 38352 919209
38352 48514 1000000
49428 13745 1000000
13745 41966 370
41966 28704 125409
49429 15440 917475
15440 16582 717018
16582 34557 101
34557 14793 989167
14793 29881 204198
29881 3835 66965
3835 19405 381410
49430 37423 1000000
37423 3372 1000000
3372 15578 976692
15578 266 650
266 40162 936942
40162 6005 1000000
6005 3492 492376
3492 40357 1000000
40357 46208 588424
46208 14783 935601
49431 17439 972442
17439 3679 29
3679 15489 805
15489 19024 1000000
19024 16523 947586
16523 33882 930712
33882 9092 940465
9092 25806 965713
25806 43225 930421
43225 36723 855889
36723 43122 143
43122 30051 211
30051 19182 324604
49432 42038 1000000
42038 26850 688290
26850 28112 1000000
28112 15199 802
15199 44746 988724
44746 46896 877586
46896 13295 544991
49433 1901 917972
1901 227 1000000
49434 33523 931780
33523 39854 1000000
39854 46707 986172
49435 42448 815163
42448 23827 80325
23827 4514 877
4514 13101 1000000
49437 31708 903810
49438 36335 110605
36335 15760 948417
15760 30176 933257
30176 27898 633
27898 33441 187034
33441 41122 325034
41122 1069 937843
49439 5858 566
5858 30954 327466
30954 2761 981262
2761 36417 956621
36417 32756 1000000
32756 11973 642155
11973 33825 712
33825 29044 461
29044 2145 916831
2145 22061 111666
49440 11589 57544
11589 49024 931325
49441 48594 940395
48594 38332 940481
38332 35809 943742
35809 35132 757
35132 11518 338
11518 43244 582964
43244 33238 710966
33238 47425 80267
47425 1482 982886
1482 21669 507
21669 7736 456
7736 7737 992552
7737 28049 367
28049 39928 911661
39928 1753 955402
1753 20263 931916
20263 28265 965990
28265 27938 1
27938 40120 919
40120 11237 1
11237 44849 1000000
44849 19797 906908
19797 42170 527
49442 33383 285
33383 44742 1
44742 38142 489
38142 13191 715931
49443 9712 4
9712 23157 971991
23157 20899 1
20899 3259 1000000
3259 43864 928462
43864 47283 955617
47283 44298 689
44298 1519 943646
1519 12364 1717
49444 30778 742690
30778 35493 986563
35493 46402 398934
46402 45508 229760
45508 43634 90075
49445 36842 1000000
36842 17727 113
17727 33318 673360
33318 44921 254
44921 27072 394
27072 15076 805649
15076 47013 336935
49446 46906 51816
46906 4900 731467
4900 33977 200
33977 39867 208527
39867 17007 392
17007 34836 136
34836 16187 1000000
16187 17942 434293
17942 20685 672321
49447 20008 70
20008 1479 982601
1479 21594 620583
21594 44134 196035
44134 49396 222267
49396 33068 33
33068 33550 306
33550 37041 907579
37041 3959 547
3959 20723 123133
20723 34289 1000000
34289 37111 1
37111 31968 731
31968 39283 1000000
39283 37926 926644
37926 45756 419357
45756 38275 855767
38275 28815 621229
28815 26390 748199
26390 9802 1000000
9802 33354 968890
33354 3360 972633
3360 38194 925136
38194 18951 163
18951 345 1000000
345 22382 783
22382 18622 868
49448 28489 918354
28489 8711 718685
8711 14973 909991
14973 41172 924794
41172 46754 705
46754 20037 851092
20037 38893 952937
38893 35577 841685
35577 24314 430940
24314 25378 96
25378 41517 576
41517 12909 920161
49449 23019 353957
49450 12829 497
12829 41947 190
41947 19405 506433
19405 12294 920114
12294 28048 112504
28048 25560 961574
25560 3431 969032
3431 19915 959702
19915 25879 528180
25879 13134 133
13134 39726 100
39726 43114 361826
43114 19077 340
19077 18594 1
18594 6506 567198
6506 49119 706998
49119 13214 502142
13214 41057 968910
41057 45366 911256
45366 14573 185765
14573 40327 450271
40327 35254 955080
35254 7184 962542
7184 2298 903186
2298 30010 1000000
30010 43116 1
49451 42949 251
42949 32743 71
32743 3375 948899
3375 9814 988095
9814 18112 625
18112 2896 587080
2896 40973 1
40973 39575 988055
39575 33703 923095
33703 2436 973190
49452 2838 929034
2838 43994 954775
43994 24189 212129
24189 16322 962140
16322 28988 448014
49453 4033 1000000
4033 9645 999049
9645 43447 360832
43447 3588 909029
3588 10894 74845
10894 47302 949321
47302 22057 599015
22057 20193 146
20193 32353 451
32353 12671 372672
12671 1773 241333
1773 42418 723613
42418 30732 744328
30732 22742 1000000
22742 35429 248894
35429 35028 989059
35028 45329 1
45329 30408 346
30408 7136 931761
7136 13942 712
13942 16567 919609
16567 1069 294337
1069 23345 484
23345 13964 243740
13964 39355 320116
39355 48866 998721
48866 45738 974094
49454 17490 918349
17490 29000 917669
29000 49116 899
49116 44270 903527
44270 27042 791823
27042 38086 659252
38086 27423 915855
27423 12772 116
12772 44389 973614
44389 45132 211997
45132 15455 611245
15455 49245 275
49245 35351 907585
35351 43564 998816
43564 24509 347628
24509 25923 942424
25923 39513 786
39513 21976 277706
21976 13705 80928
13705 7056 1
7056 25681 430
25681 11209 643933
11209 37236 940003
37236 5081 816
5081 38066 325548
38066 36914 383
36914 34161 961496
34161 23351 328315
23351 40528 979398
40528 1402 935311
1402 48816 787859
48816 37540 742278
37540 37990 677744
37990 41696 873537
41696 6625 994918
6625 1275 1
1275 12699 956812
12699 4049 415980
4049 49706 929223
49455 14871 253
14871 20028 701649
49456 39884 1000000
39884 1135 1000000
1135 2238 969630
2238 38006 739120
38006 22177 494027
49457 4281 817
4281 13820 950070
13820 40674 254442
40674 2132 753514
2132 38164 913422
38164 43183 115928
43183 19419 1
19419 37605 462
37605 41139 1000000
41139 42708 647
42708 31860 701
31860 22785 988584
22785 18449 725
18449 39296 689660
39296 20738 689822
20738 3703 729442
3703 28432 154
28432 48630 569
48630 11109 9742
11109 227 111315
49458 15398 496881
15398 3309 957
3309 37392 1
37392 40659 951753
40659 47676 570405
49459 46880 650
46880 17123 216308
17123 36483 969646
36483 32246 1000000
32246 38421 758075
38421 15270 1000000
15270 520 826954
520 18200 730332
18200 45404 700
45404 21293 974535
21293 2409 1
2409 12776 104118
12776 4682 986854
4682 19458 958432
19458 38917 121507
38917 14653 100961
14653 10080 894316
10080 1343 89
1343 14439 964400
14439 9171 332
9171 8420 1
8420 17973 44
17973 34993 1
34993 19933 228733
49460 10287 785
10287 188 1000000
188 33754 787354
33754 1798 590
1798 9122 980360
9122 10465 1000000
10465 15933 1000000
15933 8872 841
8872 41267 447055
41267 39249 161283
39249 29461 1
29461 24495 367459
24495 42710 620642
42710 1774 973124
1774 17197 1000000
17197 36041 37415
36041 34078 1
34078 23898 992115
23898 1637 219138
1637 3268 618023
3268 32162 986064
32162 27839 992653
27839 3052 994745
3052 10557 946878
10557 25965 862848
25965 13689 941988
13689 28303 987595
28303 46285 985767
49461 35600 1000000
35600 39469 959570
39469 7412 1000000
7412 4180 94
4180 28329 480355
28329 47584 961215
47584 17666 822
17666 47132 559556
47132 41828 911465
41828 5273 955195
5273 25685 507
25685 16321 52278
16321 43939 186815
43939 5875 936623
5875 18645 963626
49462 30216 81012
30216 6483 982442
6483 13759 800
13759 26191 1000000
26191 32539 924789
49463 48730 303034
48730 41007 961836
49464 622 56207
622 32025 611
49466 2252 355
2252 14975 324496
49467 19577 263
19577 25465 434715
25465 227 936888
227 28501 957753
49468 12762 737679
12762 16800 719429
16800 36194 991696
49469 42466 977298
42466 45902 653
45902 49302 177
49302 20014 455
20014 20865 860
20865 36966 693360
36966 36262 86354
36262 27733 559
27733 25310 858451
25310 35426 924506
35426 37405 793897
37405 743 329
743 21664 939214
21664 3393 947
3393 21052 498
21052 46188 912001
46188 39559 934450
39559 863 949240
863 38464 19638
49470 1206 590815
1206 4691 566182
4691 7066 687425
7066 22279 1
22279 2515 945204
49471 31503 222402
31503 46138 941067
46138 44052 260090
44052 12019 978839
12019 21928 116737
21928 30183 1000000
30183 25316 664933
25316 2867 1
2867 22531 552836
22531 37278 878165
37278 26035 984232
26035 29977 876163
29977 11600 208962
11600 24480 325483
24480 46785 1
46785 15480 487
15480 37611 490
37611 41007 911635
41007 2383 1000000
2383 9443 543566
9443 43837 809
43837 37067 24
37067 15049 955
15049 3331 917746
3331 32163 632292
32163 47222 528844
47222 48356 287411
48356 12326 420334
12326 14038 442
14038 26523 14984
26523 47486 1000000
47486 26075 964956
26075 19706 974
19706 38772 700967
38772 25269 455
49472 25432 1000000
25432 10777 241718
10777 29306 970772
29306 3635 959780
3635 42884 942166
42884 30243 668
30243 11372 941556
11372 23303 227775
49473 71 521932
71 19533 904411
19533 6697 662224
6697 17923 70
17923 14975 118
14975 35905 941555
35905 41023 1000000
41023 9236 143867
9236 7957 1000000
7957 13639 929466
13639 6261 967596
6261 38634 928144
38634 30937 40
30937 32326 552
32326 9666 639942
9666 41378 990909
41378 34696 47
34696 9719 905499
49475 16755 1000000
16755 38444 979846
38444 28485 594968
28485 4658 960355
4658 7164 1000000
7164 17242 1000000
17242 15543 234477
15543 45112 190
45112 15508 931898
15508 37002 506
37002 25279 866448
49476 46053 369
46053 8403 384278
8403 31586 369
31586 14337 976093
14337 37184 924756
37184 48715 661003
48715 30175 689927
30175 24835 983197
24835 44988 714124
44988 42610 401
42610 20205 549819
49477 36669 1000000
36669 7170 664
7170 14455 382
14455 16569 862312
16569 12453 174
49478 30924 962881
30924 40346 375587
40346 21150 975623
21150 23966 989727
23966 47319 1000000
49480 25269 978770
25269 14870 1000000
14870 31633 4057
31633 22280 713393
49481 13698 1000000
13698 49090 1000000
49090 24080 1000000
24080 24737 749240
24737 10108 983404
10108 45249 850771
45249 39067 988767
39067 41099 227885
41099 46009 1000000
46009 49181 1000000
49482 24596 892490
49483 47258 113175
47258 13549 919
13549 22638 692336
22638 25929 886
25929 24054 333
24054 11461 1000000
11461 29681 955173
29681 9347 488
9347 45039 787476
45039 40982 959034
40982 31313 433494
31313 31581 487446
31581 25184 913869
25184 754 975200
754 44902 151090
44902 34306 843
34306 11856 293097
11856 33456 996012
49485 41263 1000000
41263 2162 5
2162 20121 538138
49487 34942 148
49488 499 903282
499 34778 904526
34778 37568 866288
37568 46506 269598
46506 3025 307727
3025 46998 773618
46998 34409 143
34409 27876 279879
27876 16589 1000000
16589 25249 970459
25249 16502 966169
16502 3645 632
3645 30444 1000000
30444 23779 770
23779 3094 919228
3094 29471 951109
29471 27740 229018
27740 11967 505467
11967 30373 167
30373 2373 976338
2373 24035 989452
24035 31253 269121
31253 24313 785
49489 19691 941779
19691 48885 220
48885 18453 921591
49490 49541 691879
49491 27822 567795
27822 3423 1000000
3423 14602 365
14602 29476 901664
29476 30548 616680
30548 31640 976698
31640 32400 1
32400 8988 488692
8988 15425 1000000
15425 46865 553
46865 18869 914709
18869 41083 1
41083 45690 981572
49493 8305 501838
8305 18782 919
18782 36573 561135
36573 39121 1
39121 34443 244
34443 18237 299581
18237 1858 371743
49494 27843 934597
27843 4145 105
4145 25675 1000000
25675 1385 990031
1385 15101 939307
15101 28687 199582
28687 24647 460245
24647 512 930977
512 28498 928062
28498 22806 181308
22806 14747 992905
14747 35196 667603
35196 2890 976503
2890 30746 1
30746 47558 787
49495 17087 981329
17087 40848 230039
40848 5645 891412
5645 7492 908987
7492 37316 250699
37316 26506 924566
26506 15669 949202
15669 28878 1
28878 48901 553
48901 47511 683710
47511 45876 902864
45876 4832 208
4832 25468 996889
25468 20798 45
20798 40288 137173
40288 45564 919715
45564 29923 954286
29923 18452 925986
18452 41552 931296
49496 22153 213
22153 4486 1000000
4486 43374 867762
43374 32192 702
32192 20984 908380
20984 16700 1
16700 28501 173
28501 1159 283005
49497 15575 453
15575 19482 533
19482 12117 937366
12117 22711 1000000
22711 29567 1
29567 3720 192687
3720 25584 1000000
25584 14953 61389
14953 33981 1000000
33981 3323 1000000
3323 21278 642992
21278 8152 613858
8152 73 320
73 22496 362
22496 23629 988958
23629 42992 417
42992 24253 634
49498 3975 1000000
3975 5797 906642
5797 39053 937615
39053 10846 760447
10846 40169 701
40169 20829 119909
20829 34963 390
34963 39229 332760
39229 9429 30
9429 15680 889616
49499 8701 984
8701 1660 603239
1660 28262 1000000
28262 28119 1000000
28119 31039 105
31039 25255 965766
25255 44532 539810
44532 16799 279004
16799 31412 330183
31412 45809 886423
49500 15106 908420
15106 36814 855345
36814 7785 908476
7785 36680 230370
36680 31897 681321
31897 20900 84
20900 32766 977753
32766 48481 1000000
48481 38264 592781
38264 37196 959415
37196 26582 485
26582 9713 904185
9713 17761 1000000
17761 27031 743902
27031 32393 973617
32393 35001 906006
35001 16505 933687
16505 45232 258536
45232 48200 555805
48200 28147 842675
28147 6241 964601
6241 7575 905421
7575 39721 301935
39721 19081 726835
19081 43506 55
43506 43106 976818
43106 2273 23063
2273 35923 1
35923 23276 954406
49501 39703 929811
39703 35430 971586
35430 39739 934157
49502 46231 813477
46231 49640 996705
49504 47531 1
47531 171 846914
171 39168 975628
39168 1604 887
49506 40976 459
40976 8521 409
8521 47417 562008
47417 27165 1000000
27165 21282 940904
21282 47918 263472
47918 18536 1000000
18536 5943 770754
49507 13150 969541
13150 4042 255061
4042 32248 287764
32248 35681 394364
35681 2912 915923
2912 36144 403864
36144 47797 886805
47797 6749 948114
6749 13487 550
49508 13609 225527
13609 3935 952867
3935 6545 991658
6545 43454 261870
43454 44041 441
44041 31539 300278
31539 3789 639454
3789 36583 368759
36583 17231 184
17231 14407 734252
14407 15782 982331
15782 27676 919726
27676 39188 71798
39188 5124 989319
5124 33013 317174
33013 27064 992433
27064 37746 1000000
37746 45831 954461
45831 14263 825
14263 37606 762936
49509 36476 597132
36476 28434 965455
28434 21186 365
21186 9620 971933
9620 38821 1
38821 29549 885401
29549 9885 694
9885 37533 199
37533 22863 931383
22863 8049 112
8049 42720 973414
49510 3379 678
3379 29899 278249
29899 44929 458
44929 35658 958369
49511 49633 909572
49512 33267 405
33267 28988 17
49513 40666 1000000
40666 26042 543410
26042 38774 572914
38774 27388 114416
27388 46916 933693
46916 36263 900934
36263 45661 1444
45661 40507 1000000
40507 9815 257650
9815 2357 336244
2357 10313 996734
10313 29780 830729
29780 16619 484908
16619 12857 508
12857 46953 906084
46953 33219 813127
33219 32878 944133
32878 8837 533
8837 9764 527425
9764 31136 451
49514 47390 1000000
47390 5292 434410
5292 26436 124
26436 3325 917836
3325 32278 932819
32278 1615 998526
1615 39654 692516
39654 22039 936055
49515 39449 970247
39449 45773 1000000
45773 5057 977264
5057 31341 900468
31341 38484 943589
38484 11120 998611
11120 35676 901581
35676 5269 583728
5269 46360 671778
46360 4740 773
4740 29795 927381
29795 10424 1000000
10424 44030 296348
49516 3069 922881
3069 47769 375537
47769 23156 1000000
23156 25407 972069
25407 22492 998424
22492 33787 393774
33787 22099 815942
22099 32182 504
32182 16816 5307
16816 3788 726007
3788 41272 943657
41272 5088 1
5088 36333 935520
36333 17437 986039
17437 44338 310905
44338 19498 910713
19498 39829 1000000
39829 127 926128
127 28855 917986
28855 35244 186
35244 3272 463
3272 46960 33
49517 34519 909129
34519 10109 911566
10109 47869 916302
47869 4693 829881
4693 4592 949462
4592 7795 986166
7795 3063 1
49518 18773 942096
18773 44500 931291
44500 41214 972466
41214 44928 752931
44928 6210 962435
6210 42322 1000000
42322 8638 566
8638 49474 758591
49519 34705 296
49520 37992 624807
37992 22676 162
22676 11842 933
49521 40230 1000000
40230 34864 292596
34864 25541 406602
49522 31714 979967
49523 25664 39824
25664 19427 923419
19427 34155 205766
34155 41857 981622
41857 35859 924119
35859 37875 944081
37875 1943 939766
49524 488 637237
488 45149 1000000
45149 27549 964388
27549 34275 1000000
34275 5146 561
5146 37915 976622
37915 30127 150
30127 32675 950370
32675 27820 959671
27820 39205 288353
39205 24386 492543
24386 44888 889
44888 5626 629617
5626 6927 984152
6927 30629 990744
30629 34916 919
34916 44702 214833
44702 18971 297951
18971 45046 458151
45046 33826 406
33826 1019 422129
1019 42692 44
42692 12305 959483
12305 41106 954824
41106 27812 914383
27812 20853 1000000
20853 15295 948044
15295 3071 96186
3071 37846 593562
37846 14549 569682
14549 49622 905381
49525 29818 972035
29818 4003 970520
4003 18819 290547
18819 25883 943765
25883 30919 422
30919 39122 22058
39122 45738 835019
45738 11816 896393
11816 11499 990584
11499 19055 745466
19055 34920 534643
34920 25951 128
25951 26103 856
26103 34745 526625
34745 31664 1
31664 656 593732
656 36489 548559
36489 24051 846239
24051 22200 969
22200 3203 465
3203 5247 970349
5247 34063 1000000
34063 12765 38564
12765 17194 944808
17194 48306 1000000
48306 22384 646
22384 37157 878847
37157 22829 588
22829 38089 895
38089 4947 140894
4947 35969 121062
35969 44782 969934
44782 48780 289387
48780 28099 89797
28099 5986 868908
5986 6695 993
6695 4166 694568
4166 31708 1000000
31708 25162 690056
25162 44109 938292
44109 23303 327298
23303 9392 100096
49526 27193 573568
27193 24154 817
24154 2706 608772
2706 16970 943488
16970 33384 959488
33384 44876 297558
44876 29924 991149
29924 21374 133
49527 11303 953765
11303 1948 292807
1948 17300 49
49528 47316 913746
47316 34948 347221
34948 10612 950411
10612 26785 571
26785 17298 744665
17298 34575 959576
34575 39910 926312
39910 13494 580930
49529 29652 1000000
29652 1912 354951
1912 10839 714537
10839 14145 933521
14145 44906 373
44906 1190 172
1190 42317 986728
42317 47910 410105
47910 41261 988037
41261 14994 297278
14994 5085 382691
5085 28180 971795
28180 21292 1
21292 21619 44807
21619 49630 1
49530 44795 973610
44795 22444 1
22444 34296 986644
34296 24232 633
49531 41996 920441
49532 44279 859112
44279 36833 249327
36833 5962 995311
5962 25904 806745
25904 10930 129906
49533 2070 697091
2070 25379 510
25379 20731 1
20731 20480 564546
20480 44174 1000000
44174 17300 178
17300 27234 460860
27234 26060 1
26060 34054 379
34054 17621 391311
17621 13172 984149
13172 17190 753692
17190 22588 982455
22588 12907 212854
12907 34607 983184
34607 34069 884256
34069 28346 907614
28346 12050 175
12050 23721 800616
23721 37647 1000000
37647 8028 963078
8028 16512 966262
16512 15004 1000000
49534 18062 211443
18062 47386 1000000
47386 39914 959067
39914 24168 1
24168 17359 1000000
17359 23311 440
49535 12088 805998
12088 2729 1
2729 28979 1
28979 35330 649753
35330 15751 494964
15751 32036 862
32036 14389 926790
49536 27000 548379
27000 32835 938171
32835 35725 448991
35725 28847 960736
28847 21909 1
21909 2833 966088
49537 33263 42
33263 13115 971094
13115 39450 929312
39450 49216 953970
49216 2126 1
2126 43059 973565
43059 2833 972001
2833 21902 268571
21902 43572 298
43572 41996 524243
41996 44848 178568
44848 45346 986557
49538 27935 90043
27935 33021 931903
33021 22540 941010
22540 24119 458323
24119 18374 439
18374 12393 1000000
12393 39210 933986
39210 24199 132
24199 44218 992570
44218 48515 20
49539 13540 452
13540 10625 1
10625 1828 635572
1828 26150 281915
26150 37565 1000000
37565 39636 970956
39636 9291 977449
9291 4536 247707
4536 30702 908177
49540 24130 908811
24130 20913 986626
20913 22669 920177
22669 41505 194771
41505 30700 914584
30700 20378 1000000
20378 38579 346068
38579 36069 992314
36069 21657 1
21657 45604 936580
45604 13824 51
13824 37630 928597
37630 41341 604
41341 20131 1000000
20131 675 60082
675 7792 1
7792 23643 927615
23643 3874 301759
3874 8765 497
8765 26572 985986
26572 25521 525649
25521 27912 1
27912 1436 936615
1436 14843 478424
14843 41154 799006
41154 26114 971484
26114 39044 45
49542 49320 472648
49320 29916 853
29916 23741 61
23741 44071 330897
44071 9444 911040
9444 43274 989640
43274 14643 1
14643 23605 955762
23605 42273 162349
42273 35052 936156
35052 49087 411438
49087 46014 666
46014 35679 984147
35679 46810 304447
46810 22318 1000000
49543 25404 411587
25404 39135 816280
39135 1813 949017
1813 9473 544345
9473 38449 203757
38449 41536 1000000
41536 34662 644362
34662 17862 914803
17862 24389 299275
24389 32242 1000000
32242 7414 912910
7414 7472 983624
49544 23716 131
23716 839 145473
839 18066 136016
18066 36739 467257
36739 43849 958877
43849 19446 885004
19446 36287 964519
36287 47212 849
47212 31583 996093
31583 31372 117290
31372 20886 1
20886 12797 436666
12797 36221 23362
36221 49680 168273
49545 22746 639
22746 4508 964102
4508 19967 991622
19967 9479 955577
9479 32957 640809
32957 32862 995684
49546 12341 709
12341 47558 1
47558 49655 713791
49547 28261 1000000
28261 15534 929753
15534 7682 680
7682 41969 880
41969 4525 965755
4525 4618 340
4618 14708 1000000
14708 44855 421420
44855 39044 946531
39044 35388 936698
35388 25784 940734
25784 42894 192
42894 36948 567014
36948 27999 1
27999 40956 1000000
40956 36933 960658
36933 8033 912113
8033 20588 991
20588 45276 555458
45276 24812 931705
24812 13591 1000000
13591 35800 602
35800 25035 886903
25035 37530 1
37530 45157 924340
45157 6412 456341
49548 22756 231428
22756 45108 555139
45108 12488 894
12488 45002 908741
45002 17297 354900
17297 19192 1000000
19192 40059 966960
40059 15740 239484
15740 41187 910293
41187 43532 673968
43532 47045 393089
47045 36194 194
36194 38397 950403
38397 41262 961548
41262 27130 589913
27130 27657 658
27657 17805 550511
17805 45091 278
49550 14364 535
14364 10283 913359
10283 32019 1000000
32019 29036 930580
29036 41871 317
41871 49111 913
49111 16473 871
16473 44030 536481
44030 28055 58902
28055 3778 187
3778 42749 1000000
42749 29021 915891
29021 40488 938646
40488 49465 752437
49465 43503 247499
43503 16121 918732
16121 40882 32598
40882 3761 27988
3761 37192 144353
37192 17447 940
17447 9487 213449
9487 23737 296
23737 1141 724
1141 38187 1
38187 18453 515
18453 4671 629293
4671 6265 1000000
6265 15611 925880
15611 30776 499761
30776 28266 1
28266 15803 639664
15803 8250 863568
8250 10930 250811
10930 18245 995316
18245 35922 170
35922 48106 414624
49551 10014 370709
10014 45199 961140
49552 5290 935892
5290 36628 696868
36628 5559 902
5559 39116 698426
39116 2683 217328
2683 44594 996590
44594 28935 1000000
28935 36418 979464
36418 9094 945434
9094 12007 302828
12007 19485 919048
19485 4439 107414
4439 18170 921963
18170 46423 849489
46423 12119 959914
12119 21236 137777
21236 46882 905551
46882 27954 169
27954 45960 319
45960 10039 253
10039 9629 1000000
9629 17248 976544
17248 42720 67410
42720 29489 937359
29489 19571 965784
19571 10999 582465
10999 27638 160
27638 22318 945921
22318 10441 503439
10441 21994 997090
21994 21322 1000000
21322 2006 393715
2006 12546 959641
12546 16160 988333
16160 27937 89
27937 27885 535
27885 25912 389
25912 48876 980942
48876 25223 1000000
25223 21118 83641
21118 11913 349
49553 31351 601056
31351 46371 969924
46371 24744 971024
24744 13347 56177
13347 38502 918863
38502 37700 915984
37700 5593 1000000
5593 27004 403209
27004 27518 977386
27518 14173 377545
14173 14613 939326
14613 10518 793802
10518 31371 622420
49554 45091 1000000
45091 38346 1000000
38346 5453 1
5453 15124 1000000
15124 45334 1000000
45334 957 457690
957 12753 1000000
12753 36329 1
36329 34345 971646
34345 38374 187047
38374 30381 695086
30381 36644 947974
36644 46529 941428
46529 10148 344283
10148 4181 216058
4181 32704 359490
32704 24409 511730
24409 29825 999347
29825 28832 1000000
28832 32293 192326
32293 2165 342
2165 28413 938498
28413 36940 748377
36940 13513 1000000
13513 46344 119443
46344 20831 439595
20831 48540 840224
48540 20712 558
20712 38040 148
38040 49392 762706
49392 27458 102452
27458 1858 585
1858 34514 923626
34514 49486 1
49486 45511 1000000
45511 44688 499903
44688 19782 996879
19782 46128 854392
46128 11301 546
49555 9931 1
9931 31028 871
31028 38411 832591
38411 27183 472
27183 31926 191
31926 33693 1000000
33693 23003 924890
23003 7578 924
7578 47098 919037
47098 26397 985801
26397 46152 969293
46152 8182 59
8182 1910 268
1910 43137 197452
43137 32202 968867
32202 40661 457
40661 40687 1000000
40687 49141 322821
49141 28183 691080
28183 14108 752401
14108 6616 368699
6616 17604 40
17604 49400 257188
49400 39569 915088
39569 34192 621918
34192 3642 507
3642 19959 224254
19959 41811 625983
41811 23729 722
23729 20028 674
20028 10126 932036
10126 14828 949212
14828 33503 971565
33503 48143 320763
48143 29699 128924
29699 20090 384554
20090 46459 951484
46459 40061 274772
40061 28375 985804
28375 46518 770511
46518 18645 920579
18645 17573 975172
17573 469 204
469 17467 981459
17467 21357 491
21357 46634 973415
49556 11054 1000000
11054 36468 640819
49558 2817 944393
2817 20641 903389
20641 13603 940789
13603 33216 986927
33216 3102 757
3102 27456 926532
27456 22310 1000000
22310 43031 364
43031 37598 317433
37598 18220 1000000
18220 38588 949400
38588 27460 712047
27460 39077 411222
39077 13431 965917
13431 7472 182
7472 47445 888590
47445 28763 702
28763 36286 902026
36286 39392 977616
39392 40796 790
40796 47781 806
47781 25605 815
25605 24374 910338
24374 46081 886
49559 15511 582826
15511 39447 977887
39447 17324 968830
17324 2859 802995
2859 35527 979848
35527 3892 158
3892 39566 415444
39566 31668 648288
31668 12883 1000000
12883 47567 626
47567 29137 958209
29137 6617 105436
6617 13852 1000000
13852 1240 378
1240 19933 977279
19933 48347 952
48347 27809 359923
27809 3459 626
3459 48887 35778
48887 37248 1
37248 10120 970738
10120 27418 959353
49561 40423 1000000
40423 47319 1000000
47319 45302 102450
49562 25987 611968
25987 13536 902100
13536 47121 979922
47121 10791 531
10791 1534 985320
1534 35762 926403
35762 39375 837
39375 47826 975294
47826 25599 1000000
25599 9378 764626
49563 32640 978271
49565 7683 1000000
7683 44151 952754
44151 16346 1000000
16346 16417 583
16417 49505 901444
49505 22014 208047
49567 25458 991838
25458 46504 769
46504 1947 959038
1947 16468 902705
49568 33911 648627
33911 13429 923065
13429 37032 946707
37032 37213 230123
37213 36592 946269
49569 48320 1
48320 43526 433244
43526 43281 1
43281 26165 911831
26165 48592 1000000
48592 14580 980919
14580 26825 657643
26825 22341 902970
22341 8874 206019
49570 45393 1000000
45393 3680 588
3680 28698 431805
28698 26807 840
26807 46395 77
46395 25736 352196
25736 2004 925987
2004 43732 922264
43732 12666 1000000
12666 40746 996995
40746 2363 109297
2363 10026 1
49571 3677 968205
3677 38584 285125
38584 35926 435759
35926 36385 444508
36385 8510 947
8510 14739 915169
14739 30002 959386
30002 27387 793573
27387 17548 1000000
17548 47817 1000000
47817 23363 282994
23363 25739 919357
25739 39485 908581
39485 24783 213
49573 17724 1000000
17724 40119 1
40119 45986 1000000
45986 17840 956655
17840 14563 696763
14563 40272 1
40272 41705 995642
41705 8929 816447
8929 31304 967727
31304 35806 1
35806 24553 1000000
24553 5354 1000000
5354 6734 919119
49574 25546 989982
25546 42863 464315
42863 6429 905774
6429 22061 18098
22061 17790 356654
17790 11383 913770
11383 1621 878919
1621 34971 800898
34971 21071 885418
49576 28405 1000000
28405 42485 986137
42485 1825 1
49577 44342 973928
44342 18001 1000000
18001 30671 47138
30671 48651 949291
48651 13735 996505
13735 25921 10619
25921 20099 787
20099 39904 267
39904 38239 1000000
38239 11756 949
11756 20107 710
49579 306 1000000
306 25779 936836
25779 24401 404484
24401 21095 969827
21095 33729 765827
33729 43013 1
43013 2438 323115
2438 31780 550148
31780 7083 932678
7083 13599 372710
13599 41408 184573
41408 33705 232017
33705 17501 447318
17501 34701 1000000
34701 7609 982058
7609 14966 183
14966 3473 671
3473 46904 1000000
46904 43646 1000000
43646 18680 551467
49580 38063 503
38063 29813 966481
29813 34844 777
49581 26864 219
26864 27017 435845
27017 15402 400
15402 19345 614
19345 45346 1
45346 49474 988347
49474 10429 960190
10429 3493 1000000
3493 7241 567509
7241 7347 342
7347 46976 1
46976 23561 989380
23561 27036 1000000
27036 2978 1000000
49582 20663 1000000
20663 42198 530812
42198 46217 176
46217 29773 430
49583 20732 440178
20732 17325 907114
17325 28524 939466
28524 22015 766201
22015 1355 991048
1355 35139 929766
35139 10745 982807
10745 39833 997716
39833 2450 997741
2450 7698 979864
7698 36810 997
36810 2963 130021
2963 30923 992192
30923 28792 509173
28792 15089 646900
15089 48466 373
48466 23616 909748
23616 19618 942837
19618 2014 755
2014 12144 1000000
12144 465 942403
465 9196 929450
49584 23395 241481
23395 17957 982262
49585 7231 493848
7231 1395 1000000
1395 26299 929752
26299 48157 775891
48157 29941 638945
29941 14752 30353
14752 24461 997410
24461 39114 787615
39114 30885 941329
30885 18640 624022
18640 39429 510225
39429 37606 111735
37606 2744 1
2744 46648 192
46648 28788 1000000
49586 42173 578
42173 16098 946332
16098 20505 926513
20505 9626 771129
9626 12482 929856
12482 19973 1000000
19973 25845 661
49587 6707 532404
6707 39702 963227
39702 47668 116
47668 20468 1
20468 1824 868077
1824 43622 1000000
43622 30626 928332
30626 37938 498462
37938 33169 357207
33169 18320 870641
18320 5050 919046
49588 25818 971898
25818 20649 933122
20649 22447 408
22447 45035 878851
45035 10033 941695
10033 31538 1
31538 26569 635921
26569 46769 743782
46769 15027 510861
49589 11595 901550
11595 33651 940279
33651 14977 919448
14977 26520 1000000
26520 33165 1000000
33165 13997 762636
13997 2831 1000000
2831 27069 989330
27069 475 1000000
475 21143 982700
21143 22670 1000000
22670 33407 500411
33407 30898 997709
30898 42570 235
42570 41558 1000000
49590 5180 989228
5180 11999 1000000
11999 21622 958759
21622 136 47
136 15004 478
15004 11829 645297
11829 28034 1
28034 40636 984613
40636 5217 400
5217 45199 480606
45199 49503 926349
49503 30870 71364
30870 36980 1000000
36980 27175 1
27175 18508 1000000
18508 28705 935436
28705 14931 960947
14931 4179 961219
4179 21754 932352
21754 44186 293
44186 3148 301
3148 16193 992069
16193 1886 455224
1886 27453 4336
27453 17075 947069
49591 48222 561047
48222 33957 511165
33957 10554 1000000
10554 6301 1000000
6301 12873 882588
12873 28825 358043
28825 31754 782495
31754 4659 955696
4659 13439 973214
13439 32644 729880
49592 7117 949240
7117 46027 1
46027 13139 125
49593 37818 1000000
37818 45815 1
45815 18539 505
18539 14555 644734
14555 37920 904526
37920 26318 631988
26318 37714 685923
37714 42996 469805
42996 44029 97
44029 2100 1000000
2100 48755 995070
48755 11275 810
11275 47502 211
47502 21319 699287
21319 20883 252
20883 8830 509924
8830 6865 212691
6865 17258 422
17258 21400 572
21400 33764 292
33764 36436 942084
36436 17271 901929
17271 14525 912345
14525 3269 829
3269 48332 313428
48332 31007 204
31007 5236 922388
5236 14477 962
14477 16056 210237
16056 36696 864196
36696 5439 991663
5439 31526 218582
31526 49671 504491
49594 6985 326836
6985 12203 604465
12203 6717 338905
6717 27238 194652
27238 30361 922882
49595 23638 82
23638 38670 420616
38670 10595 156
49597 9317 1000000
9317 18712 784
18712 12966 958668
12966 19027 482455
19027 30780 970611
30780 1329 1
1329 16719 973094
16719 35706 677
35706 45939 1000000
45939 6589 817
6589 7387 944933
7387 3046 973681
3046 6132 1000000
6132 13371 916088
13371 31371 505
31371 32318 826
32318 49560 947505
49560 28440 942637
28440 15422 415
15422 30116 510
30116 46924 489767
46924 13494 921234
49599 6725 436536
6725 25710 250
25710 8912 4710
8912 4411 935438
4411 16944 3225
16944 20686 310
20686 22151 993484
22151 20142 1000000
20142 42393 1000000
42393 41797 1
41797 7992 1000000
7992 27381 910039
27381 48263 948455
48263 21287 679
21287 22753 566046
22753 38408 887
38408 18056 994
18056 23952 927983
23952 2143 835
2143 27291 912583
27291 33085 1000000
33085 34700 992999
34700 20685 931653
20685 44916 1
44916 44235 900334
44235 24597 911368
24597 37511 533017
37511 25479 1000000
25479 12685 434
12685 16197 954657
16197 10739 84
10739 18480 836
18480 31498 904359
31498 32478 1000000
32478 5759 1000000
49600 46309 722455
46309 15873 906185
15873 6312 1000000
6312 6124 947862
6124 31185 1000000
31185 10337 1000000
10337 41488 373688
41488 9433 29646
9433 12363 961076
12363 40951 432374
49601 12702 61631
12702 49028 1000000
49028 28579 613
28579 25766 982814
25766 10578 986299
10578 30767 461986
30767 3795 974771
3795 38689 933547
38689 27753 926946
27753 14142 1000000
14142 32938 992361
32938 41186 142266
41186 18822 571434
18822 7898 479013
7898 13318 1
13318 39843 407
39843 11423 633589
11423 15132 986659
15132 38771 662
38771 45492 944432
45492 38891 934907
38891 39526 491486
39526 31127 279690
31127 1480 995124
1480 10119 909759
10119 6065 1000000
6065 29889 760
29889 23852 857
23852 8907 918805
49602 16353 285551
16353 43052 130451
43052 21413 794
21413 15510 1
15510 38393 1000000
38393 6529 1
6529 3650 943986
3650 7558 994984
7558 24251 102
24251 10230 967412
10230 38802 995584
38802 12023 901768
12023 22666 1000000
22666 22202 1000000
22202 22187 1
22187 11564 466086
11564 4167 376339
4167 20470 669
20470 22008 1000000
49603 28470 84
28470 5704 539884
5704 32361 1000000
32361 19951 592
19951 43498 353448
43498 26152 218043
26152 49324 1
49324 30415 966088
30415 4071 1000000
4071 25913 810744
25913 8719 557
8719 11329 594
49604 9568 900899
9568 18507 55
18507 33926 660370
33926 42257 987212
42257 25167 986809
25167 6460 409
6460 4781 955648
4781 12613 999652
12613 19364 795
19364 44243 996546
44243 38852 973582
38852 32996 1
32996 43955 673
43955 11325 424055
49605 1175 686667
1175 34154 816857
34154 7355 1000000
7355 13145 1000000
13145 24246 994
24246 13867 1000000
13867 8047 915707
8047 736 553
736 14776 864
14776 43550 483326
43550 44292 396
44292 38190 117501
38190 944 821818
49606 48556 729426
49607 34116 593
34116 34624 997033
34624 49238 944766
49238 20826 988129
20826 25426 1000000
25426 46673 737639
46673 30434 665013
30434 39154 998121
39154 42804 272743
42804 28906 523341
28906 26993 100283
26993 21778 57614
21778 38363 1000000
38363 31604 924768
31604 48042 880653
49608 42246 42
42246 22326 943489
22326 4663 63951
4663 7485 900738
7485 6856 962491
6856 30266 983652
30266 23222 982494
23222 27550 428
27550 47089 10887
47089 35608 995584
35608 2522 651
2522 23369 889383
23369 39862 931922
39862 1991 967899
1991 12322 391
12322 25386 735952
25386 17911 1
17911 36963 208277
36963 32551 917538
32551 40951 978772
40951 12563 363035
12563 41133 571576
41133 10326 931032
10326 2581 947772
2581 47857 389452
47857 31705 941902
31705 16559 197322
16559 39423 972782
39423 21401 1000000
21401 36122 791
36122 40780 581516
40780 48672 958652
48672 6925 931433
6925 2515 953262
2515 7419 613
7419 1584 1000000
1584 14016 1000000
14016 20066 1000000
20066 12204 978362
12204 30907 928
49609 39705 850
39705 20368 941930
20368 13772 547012
13772 25730 958541
25730 13399 1000000
13399 20805 636570
20805 35416 492500
35416 5066 608
5066 27451 166
27451 21673 999311
21673 28551 900113
28551 17816 1000000
17816 31557 945523
31557 19528 518
19528 46539 684021
46539 3458 145736
3458 33880 1000000
33880 28505 811
28505 23341 1
23341 19601 879608
19601 40112 829
40112 23354 700730
23354 47091 111944
47091 38257 970318
38257 42680 948160
42680 15400 467131
15400 31035 753741
31035 48948 932389
48948 12509 634059
12509 29766 987371
29766 14783 98436
14783 22648 104093
22648 42014 976796
42014 36039 904045
36039 12780 157
12780 3165 932178
3165 36369 360
36369 32064 949340
32064 17506 18292
17506 34518 950478
34518 29504 335864
29504 11027 1000000
11027 44238 923747
44238 18573 672315
18573 38929 672
38929 33109 912614
33109 44115 442909
44115 26776 76827
26776 16529 948592
16529 374 323
374 38856 312
38856 23340 959130
23340 26163 982413
26163 8243 240408
8243 11500 394
49610 8775 770740
8775 3121 304
3121 11162 580
49611 48242 125284
48242 1685 1000000
1685 13967 729
13967 41277 24728
41277 28993 732362
28993 43080 385
43080 31134 924993
31134 3763 110362
3763 28179 501
28179 33978 485757
33978 29202 527
29202 6088 952558
6088 34055 961583
34055 1461 911428
1461 26938 1
49612 17404 1
17404 37454 1000000
37454 45302 479
45302 11575 183780
11575 21055 1000000
21055 49492 1000000
49492 45731 893333
45731 48662 341256
48662 40145 986659
40145 41147 268195
41147 40146 973670
40146 16014 934678
16014 6882 1000000
6882 34058 36
34058 42455 928122
49613 2272 939670
2272 217 905480
217 47314 706352
47314 31101 175562
31101 10175 651486
10175 11289 322504
11289 11849 955
11849 26311 1000000
26311 4435 929228
4435 11842 966538
11842 33563 994719
33563 20174 943118
20174 48365 279
48365 38960 697333
38960 25708 1
25708 6804 314
6804 16027 885218
16027 28446 628346
28446 44465 908
44465 26701 788258
26701 17682 696
17682 43906 1000000
43906 25101 814804
25101 46944 1000000
46944 11771 1000000
11771 6716 921064
6716 27418 35615
27418 39678 236921
39678 38560 930663
49614 38740 918888
38740 3432 1000000
3432 1134 1000000
1134 15777 1000000
15777 48647 987326
48647 1297 953933
1297 39186 1000000
39186 22204 959658
22204 25889 990672
25889 35746 605752
35746 20739 550270
20739 39287 524833
39287 7225 154282
7225 20313 351
20313 27997 933
27997 36167 1000000
36167 15581 1
15581 38172 939621
38172 1962 901477
1962 9089 474593
9089 27640 913670
49615 28070 191640
28070 36404 650992
36404 19139 1
19139 27687 921534
27687 18881 940414
18881 23498 931154
23498 16669 42874
16669 19721 1000000
19721 31136 1000000
31136 33418 887603
33418 25778 912585
25778 17994 965411
17994 8899 808
49616 8689 216592
8689 9653 183
9653 10116 924475
10116 29408 369184
29408 48810 920801
48810 49436 904089
49617 33866 1000000
33866 15243 825401
15243 32638 819
32638 49578 711094
49578 13580 253385
13580 4089 936021
4089 48116 1000000
48116 36150 283429
36150 31063 953023
31063 18928 463195
18928 18488 303536
18488 6734 7534
49618 35701 347
35701 17072 250241
17072 47583 970599
47583 3559 161155
3559 32 493
32 39164 829
39164 7716 1000000
7716 13295 973990
13295 7262 1000000
7262 38867 974051
38867 22737 425
22737 44957 721935
44957 45114 973032
49619 38552 525
38552 13218 931062
13218 7585 1000000
7585 11389 984604
11389 29061 135
29061 562 322
562 47196 1000000
49620 41061 974389
41061 39173 709411
39173 26587 948529
26587 279 918836
279 9196 1
9196 22537 436961
22537 30520 944062
30520 29720 902433
29720 35770 499677
35770 22243 360
22243 18549 900946
18549 35638 1
49621 46411 901440
46411 5828 117210
5828 13806 1000000
13806 32651 687
32651 5083 938297
5083 27784 929914
27784 37308 784
37308 22 362564
22 9994 987416
9994 15125 702976
15125 2929 1
2929 12354 546526
12354 19412 936988
19412 13742 446772
13742 46008 992114
46008 24606 342
24606 6350 1000000
6350 28492 119291
28492 27127 925015
27127 14509 939930
14509 38008 945986
38008 36110 981255
36110 21071 990251
21071 21263 648323
21263 635 405
635 20451 215581
20451 31209 1000000
31209 20818 977
20818 737 476484
737 32915 601
32915 16465 831598
16465 37910 871
37910 14426 212150
14426 49333 330673
49333 30583 1000000
30583 32665 84433
32665 26268 915353
26268 20621 360068
20621 7252 1
7252 573 1
573 33201 64869
33201 43205 1
43205 34842 749493
34842 40833 115
40833 2999 348269
2999 34335 922045
34335 6931 104
6931 38976 957822
38976 14923 698013
14923 2109 1000000
2109 30181 497955
30181 46366 881
46366 48980 358
48980 28221 405
49622 12750 1
12750 32062 955051
32062 13057 771088
13057 343 86
343 14053 248073
14053 3243 960137
3243 20154 508629
20154 29394 1000000
29394 25659 1
25659 29608 968625
29608 18389 830229
18389 4794 904374
4794 40620 978045
40620 40411 984384
40411 5782 496149
5782 22065 106
22065 42978 773
42978 38712 751215
38712 39104 928535
39104 30097 979759
30097 47397 95145
47397 47284 908623
47284 33973 57543
33973 29391 1000000
29391 37444 793986
37444 16888 1000000
16888 6739 907190
6739 15915 919334
15915 17346 938856
17346 28913 509403
28913 32969 756965
32969 6896 1000000
6896 12667 361472
12667 28000 1
28000 21283 885
21283 44305 144
44305 17601 943
17601 3939 567005
3939 4496 1
4496 29773 1
29773 44104 748666
44104 28082 695400
28082 11740 975474
11740 15062 7416
15062 15922 906852
15922 11681 938362
11681 41247 941908
41247 6266 137
6266 11738 827360
11738 44508 806951
44508 20656 1000000
20656 48311 894129
49624 48020 1000000
48020 10149 928546
10149 29852 1000000
29852 28530 986306
28530 37336 99040
37336 3257 1000000
3257 11135 911349
11135 45084 295
45084 39564 714528
39564 4566 1000000
4566 2154 972696
2154 5532 998769
5532 22708 457608
22708 38463 806804
38463 15661 1000000
15661 17851 868
49625 45503 978796
45503 1278 997455
1278 45724 1
45724 17169 993199
17169 11298 372351
11298 12746 961900
12746 47068 937348
47068 48640 905
48640 24166 1
24166 8150 103286
8150 24491 920555
24491 37225 955812
37225 6395 144934
6395 2587 951092
2587 9462 966936
9462 7376 227294
7376 1892 803627
1892 15683 910532
15683 7848 1000000
7848 41093 1000000
41093 31584 561
31584 43181 903295
43181 19048 848684
19048 23522 224875
23522 20381 1
20381 3176 936774
3176 48619 947157
48619 7063 976751
7063 15465 769614
15465 15059 230207
15059 49181 109638
49181 4459 916798
4459 5830 544
5830 4834 361817
4834 33845 124020
33845 49596 997620
49596 44504 837177
44504 37935 966684
37935 40454 991368
40454 18707 940353
18707 9502 966318
9502 37716 1
37716 45536 1000000
45536 13071 907176
13071 4316 982500
4316 16046 1000000
16046 1032 841
1032 5961 1000000
5961 13360 984899
13360 43683 1000000
43683 30301 151675
30301 3590 612837
3590 15540 662
15540 34750 992909
34750 4058 934981
4058 49640 86787
49626 23099 432669
23099 13717 889058
13717 36432 913117
36432 22414 749895
22414 450 33
450 12973 88950
12973 46250 44429
46250 8160 921281
8160 42170 395
42170 37861 447
37861 21748 919481
21748 14229 909888
49627 31046 884512
31046 8189 110
8189 21849 976335
49628 7198 133
7198 26949 165871
26949 30752 947
30752 5927 943679
5927 2284 252157
2284 30491 898
30491 34942 566
34942 25382 798892
25382 30430 937239
30430 14379 658
14379 17975 510610
17975 5809 674758
5809 9709 822
9709 23039 1
23039 19874 1000000
19874 37939 404118
37939 4928 995
4928 17740 904
17740 33020 735
33020 11871 623554
11871 30171 539953
30171 11800 934187
11800 107 484275
49629 28558 27
28558 33740 379416
33740 9390 259
9390 7002 553
7002 43745 901084
43745 6964 966971
6964 18726 355
18726 27582 1000000
27582 11582 995067
11582 27962 1000000
27962 15732 567
15732 19703 463
19703 19269 1000000
19269 1949 992364
1949 23733 970844
23733 23933 1
23933 22060 576812
22060 2533 650008
2533 16618 292
16618 26414 497
26414 17779 1000000
17779 21788 928203
21788 29882 927981
29882 26408 901522
26408 11523 909343
49630 17167 915536
17167 48744 717784
48744 17865 969261
17865 28053 952012
28053 8375 762464
8375 16100 1000000
16100 20068 1
20068 20975 530
20975 48556 1000000
48556 41377 158230
41377 27432 1000000
49631 12453 922437
12453 31280 533
31280 39199 34
39199 36475 887
36475 10541 1
10541 28892 1000000
28892 29677 932524
29677 10829 923
10829 7818 915495
7818 1121 679
1121 35288 777
35288 1391 316876
1391 1815 114306
1815 8712 1000000
8712 8987 951413
8987 23036 132937
23036 47900 980
47900 35439 441
35439 47452 269372
47452 9946 1000000
9946 41460 974308
41460 39874 948717
49633 6917 275960
6917 23698 881849
23698 47693 1
47693 38390 911666
38390 42439 812499
42439 25744 988754
25744 39139 907407
39139 25927 723
25927 7375 617
7375 45792 746025
45792 20462 397319
20462 43154 972218
43154 22568 938714
22568 10734 921608
10734 14642 906009
14642 28862 942913
28862 48872 1
48872 41992 21321
41992 24488 341383
24488 29790 1000000
29790 43369 347
43369 44351 634626
44351 5242 415268
5242 2631 969807
2631 3296 1000000
3296 37311 938
37311 44854 71352
44854 14085 792
14085 14872 946287
14872 24111 907616
24111 21017 139026
21017 41507 936159
41507 6992 945929
6992 41896 969424
41896 7215 986409
7215 36285 271336
36285 1905 117908
1905 45480 998596
45480 31047 988594
31047 19541 927122
19541 11141 962905
11141 11345 142
11345 10376 429192
10376 11996 966376
11996 31337 949570
49634 14636 53006
14636 33128 1000000
33128 27454 99
27454 36170 953433
36170 45643 1000000
45643 24693 529336
24693 22018 962834
22018 26298 56
26298 48319 842096
48319 44277 653440
44277 26146 1
26146 36391 997390
36391 28528 942465
49635 4743 465901
4743 47156 633
47156 30246 973494
30246 15298 1000000
15298 28715 81073
28715 4897 1000000
4897 28035 627
28035 16361 630290
16361 28988 991728
28988 30703 1
30703 11325 302102
49636 28969 162
28969 2505 995788
2505 31662 193147
49637 48111 964791
48111 47998 1000000
47998 18292 798
18292 34314 171
34314 48426 1000000
48426 9408 988869
9408 40301 933410
40301 26756 923625
26756 40387 352956
40387 20773 48
20773 14166 938047
14166 23988 941685
23988 16306 983152
16306 19272 42244
19272 31089 1
31089 32774 388
32774 41812 264
41812 40995 90
40995 49297 193170
49297 11599 187782
11599 10670 687052
10670 4006 799513
4006 23276 961340
23276 27299 927645
27299 35668 818531
35668 987 183
987 27977 570
27977 43819 637
43819 42636 905927
42636 29829 461544
29829 14680 27035
14680 47586 929502
47586 40726 941492
40726 24664 971641
24664 25808 927302
25808 21075 608290
21075 1604 573786
1604 9090 939691
9090 34100 784
34100 25575 903952
25575 18332 342
18332 6987 791384
6987 17843 47654
17843 126 369326
49638 35941 64
35941 31364 116
31364 13909 1000000
13909 47698 158828
47698 2452 242023
2452 3213 1
3213 28814 879068
28814 41219 977204
49639 4752 807513
4752 24582 400386
24582 26027 535
26027 14706 167111
14706 17997 120
17997 36200 1
49640 8716 385
8716 32804 426942
32804 38094 1
38094 15504 452838
15504 25209 1000000
25209 15545 986723
15545 47365 988559
47365 28187 722767
28187 24126 214068
24126 29396 101
29396 25814 488
49641 5401 587846
5401 11329 1
11329 42346 912526
42346 31951 595
31951 196 890907
196 18669 329776
18669 49690 1
49642 39323 984885
39323 28704 933841
28704 24596 337
24596 35574 957281
35574 41127 976869
41127 42528 954306
42528 2832 965031
2832 47053 597055
47053 8567 1000000
49643 7882 924942
7882 18420 882332
18420 17749 47716
17749 15731 925985
15731 26491 1000000
26491 31624 984941
31624 11217 927645
11217 22903 355665
22903 3918 952353
3918 12669 737
12669 18954 931
18954 2620 250466
2620 23684 468132
23684 31714 988878
49644 27170 456
27170 46634 924730
46634 2957 1000000
2957 32538 128585
32538 31746 699716
49645 21374 955926
21374 6448 927
6448 32394 980446
32394 6472 1000000
6472 16252 147928
16252 32348 968377
32348 3694 552151
3694 37282 787
37282 18554 938959
18554 17390 728
17390 14024 490
14024 22562 392988
22562 42879 425203
42879 11602 932409
11602 48271 904947
48271 20107 911042
20107 7756 739
7756 18360 937323
18360 14713 1
14713 2098 100213
2098 3015 994751
3015 39108 322469
39108 25687 990705
25687 16386 991866
16386 24375 985457
24375 25969 260938
25969 48947 977
48947 1823 904864
1823 49479 182130
49479 32025 515130
49647 25449 973893
25449 45783 10130
45783 31830 989630
31830 33855 1000000
33855 9014 919090
9014 33853 775469
33853 21300 992336
21300 45928 210
45928 21452 335904
21452 33763 1000000
33763 47985 631698
47985 44114 346
44114 44425 172683
44425 48010 501
48010 12710 88844
12710 48127 533458
48127 48954 590445
48954 27640 948419
27640 32532 941129
32532 4519 1000000
4519 24129 469516
24129 28192 1000000
28192 45716 391632
45716 16395 933197
16395 5685 937176
5685 26304 897
26304 41334 593283
41334 19913 552702
19913 42761 901387
42761 31078 957918
31078 11255 675
11255 36890 267
36890 30311 616
30311 11748 1000000
11748 9897 846
9897 32523 934198
32523 885 1000000
885 17830 408726
17830 45796 180
45796 37574 49
37574 26681 1000000
26681 15309 48373
15309 15299 383
15299 31459 1000000
31459 40790 414
40790 18841 498571
18841 47108 47208
49648 23518 534721
23518 18866 1000000
49649 33524 1000000
33524 13691 926813
13691 22762 679
22762 10255 391
10255 17415 768278
17415 32886 2897
32886 3138 837584
3138 40733 689161
40733 31515 139432
31515 1237 964627
1237 19403 942511
19403 46941 956963
46941 8415 1000000
8415 45970 142
49650 45810 928799
45810 12844 991812
12844 46091 693014
46091 41786 483
41786 16328 437215
16328 11418 166118
11418 33823 1
33823 17396 378652
49651 24563 473
24563 15149 505741
15149 28976 1000000
28976 16348 104
16348 5915 945912
5915 443 944492
443 8060 177
8060 41875 422145
41875 4261 863553
4261 13726 934221
13726 34205 979201
34205 29388 928110
29388 21823 1000000
21823 9670 936037
9670 1199 662
1199 1114 1000000
1114 43301 950778
43301 28480 949
28480 43123 430
43123 23801 925235
23801 25353 632
25353 41831 374515
41831 2920 943030
2920 35801 971205
35801 41165 959107
41165 28619 846642
28619 13428 450667
13428 1107 457
1107 11975 887830
11975 17064 953189
17064 1570 280761
1570 9807 621
9807 49722 462004
49653 17249 761
17249 23694 426515
49654 35622 312975
35622 5207 980939
5207 18069 903459
49655 9985 1000000
49656 37043 973559
37043 14083 958395
14083 30595 962060
30595 24362 967556
24362 10453 676385
10453 13616 977650
13616 15531 967939
15531 39839 81780
39839 26901 1
26901 17085 870222
17085 32644 256
32644 35671 1000000
35671 22064 180645
49657 25845 931247
25845 28302 1000000
28302 15871 905519
15871 11433 1000000
11433 49264 917215
49264 40813 316
49659 3230 989157
3230 3825 725296
3825 17565 448
17565 22142 214277
22142 26791 966
26791 12729 987886
12729 30015 223872
30015 23130 1000000
23130 42078 919730
42078 1943 840590
1943 4474 825533
4474 30907 1
30907 35778 934075
35778 37843 1
37843 38642 993303
38642 36667 23903
36667 49311 876323
49311 33105 992
33105 8383 774
8383 13521 933858
13521 22054 258451
22054 14841 549520
49660 16105 997620
16105 11810 512
49661 7113 761262
7113 32640 787219
32640 45907 942039
45907 44767 317939
44767 47347 1000000
47347 11361 337690
11361 3940 965333
3940 10671 564362
49662 36548 999
36548 9322 941783
9322 5185 1000000
5185 2241 1
2241 22014 243
22014 10089 625023
10089 39881 916245
39881 18765 550704
18765 44892 966113
44892 14876 589566
14876 31748 869856
31748 39204 1000000
39204 21919 246060
49663 47521 871947
49664 17759 640665
17759 3822 126920
3822 33033 943573
33033 36832 916
36832 9958 1000000
9958 16524 42191
16524 24763 487679
24763 23486 1000000
23486 18256 387
49665 13899 888704
13899 46960 422137
49666 6740 911252
6740 32264 977053
32264 2073 675758
2073 39681 918983
39681 33289 1000000
33289 20765 518
20765 19033 942569
19033 20620 297
20620 6823 942414
6823 14168 904728
14168 18174 111899
18174 9283 544499
9283 34126 1000000
34126 14616 659632
14616 15649 614256
15649 23541 475
23541 46048 324007
46048 32991 1000000
32991 21583 532597
21583 42206 1
42206 7107 251238
7107 21636 917943
49667 9676 713647
9676 49678 89
49668 48552 277634
48552 11758 605
11758 47019 963369
47019 33596 952548
33596 40228 173
40228 43037 997595
43037 32997 224
32997 1096 1000000
1096 8035 948
8035 24843 528
24843 14061 266
14061 35565 236
35565 11500 634252
11500 7374 1000000
7374 28083 241801
28083 14697 97031
14697 19880 886
19880 45030 821
45030 14069 486
14069 29591 1000000
29591 14998 106
14998 38938 586827
38938 34347 994357
34347 3782 766517
3782 49484 926
49484 10234 993141
10234 20849 892931
20849 25088 565896
25088 26297 499744
26297 14229 994861
14229 38819 930506
38819 48128 916163
48128 24083 992707
24083 30828 907775
30828 4235 580799
4235 19934 629300
19934 45690 301
45690 16675 622
16675 9048 752320
49669 45146 539588
45146 33719 49
33719 25829 960581
25829 19919 1
19919 18069 471
18069 28342 1000000
28342 36736 830
36736 11320 394576
11320 40776 783010
40776 3337 909093
3337 21168 984938
21168 24525 936644
24525 1904 1000
1904 23944 324360
23944 12121 976257
12121 30362 845
30362 4320 540
4320 37561 735558
37561 13140 88306
13140 30014 923477
30014 34988 186193
34988 9237 74500
9237 8474 921411
8474 4648 607
4648 12289 604
12289 15011 453367
15011 24463 908771
24463 5488 1
5488 4524 1000000
4524 37224 754
37224 5050 495795
5050 23401 449999
23401 11809 952988
11809 11652 326555
11652 37848 708510
37848 36780 533039
36780 39071 986825
39071 22022 555
22022 3338 990567
3338 17305 762
17305 20822 81219
20822 22722 968980
22722 7491 730846
7491 29548 952907
49670 49632 1000000
49632 19028 944614
19028 1427 950356
1427 26093 997193
26093 31337 327
31337 5255 158818
5255 2910 26
2910 26741 559
26741 41328 900515
41328 38156 119
38156 14219 566031
14219 25644 549
25644 3966 1
3966 45607 1000000
45607 7471 932455
7471 19963 451
19963 45858 430858
45858 24583 638758
24583 3651 919942
3651 40333 550507
40333 36033 753791
36033 17557 1000000
17557 47610 897
47610 26177 880352
26177 17354 971484
17354 1542 525
1542 2343 1000000
2343 35732 726894
35732 8641 1
8641 16481 915383
16481 20219 206
20219 43619 236818
43619 36614 381
36614 39643 911
39643 19847 259
19847 1293 996264
1293 26995 956547
26995 26090 987110
26090 6318 759755
49671 43487 198
43487 23102 997257
23102 10693 201065
10693 18334 1000000
18334 48106 696214
48106 49332 141
49332 18622 830734
18622 31350 911
31350 944 101
944 17851 901253
17851 6404 79731
6404 30484 266
30484 9611 162
9611 20223 1000000
20223 45375 935173
45375 34293 900317
34293 27201 946358
27201 23549 724
23549 34071 924497
34071 34801 484486
34801 43133 904
43133 18962 539
18962 2005 575
2005 32273 1
32273 9677 576426
9677 36079 655579
36079 9230 997549
9230 28588 706
28588 178 943335
178 15953 824
15953 1000 1000000
1000 40214 79551
40214 590 986937
590 11827 959360
11827 32022 516969
32022 27191 353
27191 16230 776810
16230 14358 935019
14358 9817 918
9817 45817 970932
45817 26827 724178
26827 1778 988958
1778 42357 450779
49672 21312 990718
21312 4751 742
4751 48537 935882
48537 10026 1
10026 28415 975640
28415 21608 714
21608 16200 927750
16200 38887 1
38887 22736 1639
22736 49338 1000000
49338 35293 929319
35293 34485 74071
34485 41780 913656
41780 27738 843838
27738 49575 937788
49575 12160 324316
12160 22873 1000000
22873 31495 946167
31495 9576 755
49673 14716 159908
14716 190 173647
190 18205 946418
18205 2311 910921
49674 33972 949516
33972 40740 323002
40740 25707 942565
25707 27666 1
27666 1044 1
1044 8506 1000000
8506 41524 759888
41524 25433 109048
25433 18256 828822
18256 31714 925219
31714 41552 401588
41552 30774 1
30774 42263 604362
42263 11622 562
11622 38101 931475
38101 23662 955201
23662 24696 859
24696 31277 901857
31277 35657 818
35657 29083 622704
29083 46109 993486
46109 24814 934544
24814 48199 175
48199 13898 1000000
13898 48762 898192
48762 14495 80405
14495 143 1000000
143 37058 905087
37058 9719 992668
9719 36660 572144
36660 38537 903310
38537 7640 903027
7640 16692 951212
16692 47686 683634
47686 23206 153438
23206 44663 339
44663 46947 235939
46947 49564 1000000
49564 40012 967726
40012 25774 702
25774 12168 872637
12168 11835 1
11835 20317 957635
20317 49246 376997
49246 34844 296
34844 16468 906559
16468 39481 950776
39481 42151 1000000
42151 38012 900887
49675 27464 1
27464 3301 731535
3301 20019 453
20019 24831 913206
24831 31947 1000000
31947 47650 752310
47650 8567 227
8567 33694 730
33694 26424 812536
26424 38051 506
38051 4553 154636
4553 30469 963830
30469 23906 134
23906 5203 909472
5203 14922 924732
14922 42357 970933
42357 28934 687403
28934 13082 981248
13082 41627 946612
41627 29154 1000000
29154 29640 717
29640 9189 86637
9189 23129 833979
23129 43978 940075
43978 28320 309
28320 34615 1000000
34615 34528 2687
34528 6561 529
6561 22591 1000000
22591 21795 973067
49677 38796 599707
38796 32906 370
32906 25905 1000000
25905 49541 939654
49541 21470 929445
21470 22042 1000000
22042 30499 382932
30499 15152 918509
15152 29120 1000000
29120 104 19927
49678 3091 975266
3091 23749 978041
23749 451 277187
451 31876 986581
31876 16545 125418
16545 45654 981979
45654 25018 656
25018 25259 931445
25259 49284 518776
49284 1884 538
49679 47497 910087
47497 19897 919749
19897 2321 1
2321 27539 985271
27539 13869 1
13869 17100 872
17100 28149 986947
28149 36204 104376
36204 37014 800026
37014 41070 768130
41070 22900 28358
22900 16205 439
16205 38581 1000000
38581 36778 202
36778 29802 364
29802 24680 83
24680 43702 919058
43702 43835 939247
43835 33669 919166
33669 46841 949748
46841 17903 278497
17903 4358 374269
4358 30948 1000000
49680 31600 61997
31600 648 765836
648 37429 564135
37429 13231 1000000
13231 733 553749
733 49188 1
49188 20922 994517
20922 8564 942702
8564 33585 952851
33585 1933 1000000
1933 17810 974259
17810 466 938876
466 37732 554334
37732 12172 922194
12172 15033 965819
15033 41292 196698
41292 5486 991680
5486 29859 394
29859 28181 1000000
28181 12154 943332
12154 25870 569
25870 11112 931282
11112 40223 672165
49681 46237 965236
46237 45461 248
45461 47543 942979
47543 10182 1000000
10182 30103 31882
30103 5481 103203
5481 28387 992819
28387 43718 96783
43718 4436 1000000
4436 13325 114188
13325 23501 298917
23501 32808 945789
32808 27432 127246
27432 38053 972927
38053 15816 808925
15816 47883 24726
49682 20607 1000000
20607 17675 324200
17675 26285 1
26285 46757 947165
46757 27546 929646
27546 28755 980017
28755 17214 572
17214 23679 1
23679 18053 157784
18053 16295 182136
16295 45632 356
45632 259 951494
259 29069 409
29069 44840 381
44840 29548 653041
29548 15699 932849
15699 47126 859961
47126 1357 52907
1357 29024 640216
29024 39252 1000000
39252 16912 721582
16912 36647 962110
36647 39334 35925
39334 13664 560
13664 11913 232098
11913 42927 138788
42927 17047 933280
17047 37458 303
37458 19641 726
19641 7192 1000000
7192 3836 937571
3836 31388 412553
31388 28348 56
28348 45293 970799
45293 23148 158
23148 5435 461024
5435 15814 1000000
15814 20406 726951
20406 36094 928018
36094 14799 365
14799 107 89962
107 35789 606752
35789 28130 178694
28130 33464 947994
33464 46550 519082
46550 48824 891838
48824 1754 801041
1754 20497 916186
20497 14079 1000000
14079 34687 521208
34687 24072 836882
24072 12766 681879
12766 6951 812381
6951 19431 625
19431 23389 947845
23389 38560 943290
38560 10196 243
10196 13243 455734
13243 17481 1000000
17481 7263 1
7263 13979 651905
13979 28408 1
28408 24792 1
24792 11917 309526
11917 7854 145235
7854 9356 16847
9356 27686 401427
27686 27001 989
27001 31424 1000000
31424 1967 1000000
1967 40156 384
40156 17464 1
17464 48337 943750
48337 18866 902779
18866 9576 668
9576 45694 904154
45694 23040 997192
23040 2322 141363
2322 43293 652
43293 13807 901705
13807 38288 909624
38288 8437 449
8437 11336 573
11336 34376 910738
34376 31049 417
31049 47654 998920
47654 6760 789404
49683 5698 280380
5698 40544 937749
40544 49557 854
49557 25126 825
25126 47480 952112
47480 33582 933757
33582 10132 1
10132 16561 537697
16561 14949 541
14949 36536 94085
36536 41097 422530
41097 12103 979359
12103 38731 910335
49684 14584 422
14584 33214 931822
33214 14087 1
14087 27044 331338
27044 27229 870995
27229 30658 981248
30658 26308 947175
26308 1022 824170
1022 45259 748224
45259 22104 960143
22104 8917 951697
8917 30930 60616
30930 7143 786
7143 38790 1
38790 2311 926151
2311 42125 1000000
42125 5578 1000000
5578 44956 478007
44956 13828 998833
13828 41881 270366
41881 42074 710925
42074 47361 1000000
47361 8662 487586
8662 24515 960169
24515 762 1
762 25541 82635
25541 5821 257296
5821 3955 752060
3955 39047 1000000
39047 43115 366
43115 26911 924518
26911 38391 518684
38391 16451 981089
16451 10731 746638
10731 37433 232784
37433 11181 904261
11181 24084 564
24084 39097 406
39097 10246 942839
10246 34331 774382
34331 8911 991737
8911 40189 29509
40189 6734 918425
6734 36189 951855
36189 8946 910311
8946 7029 919570
7029 22434 179453
22434 39615 1
39615 14654 343
14654 17671 899321
17671 7717 989812
7717 13781 902
13781 20479 902593
20479 31836 963273
31836 41056 596543
41056 42782 52832
42782 23636 969839
23636 28077 883
28077 11163 968794
11163 41845 976676
41845 20121 910934
20121 37761 641564
37761 20205 976655
20205 23037 806629
23037 17944 201735
17944 45846 530
49685 4472 384725
4472 20556 1000000
20556 16491 996366
16491 34410 1000000
34410 40296 949
40296 9353 1000000
9353 31294 217926
31294 9445 469192
9445 47012 991127
47012 26174 693
26174 28135 1000000
28135 3816 742275
49686 46359 501224
46359 39517 558974
39517 12419 278862
12419 48042 752365
48042 29947 1
29947 37535 582
37535 26552 1
26552 49206 906329
49206 39362 111081
39362 1942 720
1942 20385 1000000
20385 39414 1
39414 40035 1000000
40035 5614 36492
5614 3209 437195
3209 19861 446418
19861 40358 1000000
40358 21746 1
21746 45059 939218
45059 29848 250024
29848 33772 941873
33772 35444 629
35444 26672 1000000
26672 49177 947330
49177 32972 803849
32972 47013 975777
47013 27947 953412
49687 16742 461
16742 33952 924271
33952 24635 897071
24635 15646 23796
15646 47072 285
49688 49658 949489
49658 24857 968569
24857 18960 850063
18960 46857 434
46857 4087 900802
4087 12757 929009
12757 9952 746395
9952 21423 389354
21423 39874 1000000
39874 572 913408
49689 6400 1
6400 18357 202789
18357 49623 706888
49623 28983 4038
28983 28954 163440
28954 37342 965188
37342 13260 107765
13260 29117 584879
29117 16049 623089
16049 47004 256249
47004 9371 371335
9371 1896 928813
1896 18758 633
18758 3467 1
3467 27469 1000000
27469 39596 158310
39596 22026 951945
22026 28850 915269
28850 22064 748077
22064 16998 686662
16998 48965 964161
48965 13570 1000000
13570 21301 699
21301 4379 98797
4379 18515 1
18515 44943 1000000
44943 29153 926130
29153 42660 204
42660 34816 382
34816 24489 164780
24489 6650 950738
6650 46054 746348
46054 45011 975226
45011 21723 930642
21723 41113 132114
41113 45955 720484
45955 3448 723421
3448 40662 990761
40662 21818 902656
21818 8798 316
8798 32921 624
32921 39927 946457
39927 34595 212
34595 46488 932185
46488 23360 946461
23360 1616 420
1616 48661 981411
48661 40813 998256
40813 29880 651
29880 38876 826275
38876 19615 186119
19615 37973 719656
37973 42958 1000000
42958 47112 913801
47112 24262 980048
24262 37208 947502
49690 19614 899455
19614 14467 809131
14467 47453 769
47453 46960 364445
46960 21005 143224
21005 32801 555660
32801 43226 760
43226 19069 1000000
19069 241 60
241 2768 146262
2768 4035 236196
4035 1493 840860
1493 23456 922090
23456 20148 751297
20148 16699 808584
16699 40499 664681
40499 22073 378106
22073 18221 114
18221 13744 133
13744 18311 997021
18311 38830 175
38830 49404 1
49404 19322 978870
19322 1313 900758
1313 42503 361
42503 23279 919550
23279 27713 445313
27713 23823 98136
23823 23694 923037
23694 876 726
876 17303 427
17303 15580 467116
15580 16303 944716
16303 37088 982148
37088 39359 1000000
39359 40034 394
40034 492 1
492 31147 1000000
31147 4806 497
4806 21285 938686
21285 4200 935889
4200 18680 900846
18680 17813 698701
17813 25508 724002
25508 31647 704806
31647 10517 404022
10517 7222 302
7222 15332 1000000
15332 48386 385382
48386 34984 240
34984 48752 910136
48752 31917 620
49691 26485 744
26485 37438 506277
37438 15567 610618
15567 6263 942256
6263 6251 662489
6251 26941 41891
26941 18795 2
18795 19363 11
19363 40053 177
40053 22087 1000000
22087 8147 1
8147 626 916238
626 14425 467195
14425 41832 382
41832 33569 1
33569 21248 871363
21248 35817 808419
35817 9276 996081
9276 49646 911165
49646 40029 375355
40029 25163 928528
25163 2059 938157
2059 43289 257785
43289 46477 1
46477 12308 49579
12308 9065 1000000
9065 20113 625
20113 14761 950631
14761 42885 1000000
42885 19128 1
19128 1571 395
1571 11496 990845
11496 22674 905043
22674 48789 135
48789 32517 686367
32517 30619 174025
30619 24256 1000000
49692 25957 926955
25957 45953 997
49693 37276 584
37276 39981 657563
39981 20576 939870
49694 6385 1
6385 26430 1000000
26430 39354 1
39354 46489 8
46489 9048 916112
9048 2509 557
2509 20874 1000000
20874 25017 965942
25017 18727 961560
18727 37564 1000000
37564 39337 886009
39337 29421 1000000
29421 19530 1000000
19530 26151 1
26151 12317 981011
12317 25515 1000000
25515 30948 231490
30948 38597 940617
49695 2137 347426
2137 19392 946912
49696 41349 560639
41349 24964 927776
24964 35655 269
35655 24435 944672
24435 49191 988933
49191 18153 967932
18153 33044 848885
33044 32737 972472
32737 29904 962237
29904 22920 897650
22920 49711 1000000
49697 44405 556829
44405 45419 232
45419 11888 946515
11888 24300 918661
49698 26749 1
26749 10503 618444
10503 45657 725994
45657 15931 9032
15931 17097 993480
17097 25629 775528
25629 31686 569
31686 2909 918127
2909 44775 967885
44775 30953 928339
30953 20049 973
20049 3290 989551
3290 45402 1000000
45402 47379 940681
47379 43664 933757
43664 23311 959023
49699 20443 972203
20443 5873 987699
5873 45812 1000000
45812 30900 1000000
30900 43155 988360
43155 7311 538
7311 29803 988691
29803 5540 913
5540 9195 358
9195 22268 961219
49700 38913 910053
38913 28732 681
28732 42935 1
42935 13523 463854
13523 13841 1000000
13841 30086 300496
30086 10445 1
10445 49368 940669
49368 45719 461350
45719 30273 640022
30273 46368 960464
46368 29896 1000000
29896 3813 1
3813 49257 698215
49257 45170 1000000
45170 47072 735692
47072 6446 986286
6446 22245 1000000
22245 17068 977053
17068 49676 811593
49676 13643 556959
13643 32823 917
32823 7834 675
7834 47196 1000000
47196 19831 328
49701 21195 1000000
49702 15085 970413
15085 35523 923
35523 49566 740669
49703 31140 644608
31140 17221 510455
17221 28790 1000000
28790 12707 1
12707 41558 950381
41558 44973 993536
44973 3810 1000000
3810 38597 965519
38597 20279 538
20279 12578 293910
12578 15047 185
15047 28682 641976
28682 18750 929218
18750 9985 941413
9985 25814 303
25814 38302 573114
38302 30849 193808
30849 3211 223
3211 2486 1000000
2486 37393 902
37393 34319 681043
34319 27815 916565
27815 12356 61814
12356 26499 621
26499 3967 161311
3967 46898 1
46898 22677 400011
22677 34173 959493
34173 29982 604
29982 45391 894
45391 44748 980571
44748 6119 170
6119 9050 559
9050 19988 949880
19988 9597 442
9597 45061 139
45061 5820 1000000
5820 19709 308904
19709 41219 904214
41219 22557 934391
22557 27544 699843
27544 19611 923135
19611 16489 893052
16489 38548 423719
38548 36642 167203
36642 8685 934647
8685 22296 1000000
22296 5877 448131
5877 3904 567378
3904 1984 920411
1984 47577 299
47577 47947 164725
47947 12462 161
12462 3261 185
3261 23067 938611
23067 26019 967211
26019 34473 1000000
34473 39325 208231
39325 20120 1000000
49704 28611 26394
28611 6389 979011
6389 5758 993149
5758 10242 922412
10242 26441 988242
26441 43298 985729
43298 4211 370
4211 35670 958968
35670 10550 992
10550 23055 966115
23055 11831 361
11831 41510 167
41510 14441 961529
14441 25992 957417
25992 14941 910781
49705 8390 503026
8390 19310 342592
19310 27310 557201
27310 21980 919295
49706 41301 955469
41301 35341 934601
35341 1750 967897
1750 48512 922245
48512 7659 997258
7659 48566 930081
48566 47427 634733
47427 10547 956977
10547 35115 163
35115 29541 947468
29541 35807 903463
35807 39396 864
39396 44705 12842
44705 14974 1000000
14974 29558 943227
29558 3683 233
3683 28788 927186
28788 25991 962100
49707 9781 976924
9781 21012 711
21012 27616 627
27616 21264 971348
21264 41454 1
41454 4736 1
4736 42455 966375
42455 4988 984582
4988 42801 627
42801 45846 1000000
45846 34343 984191
34343 13177 938139
13177 26893 793
26893 46819 426618
46819 5104 963496
5104 32533 492
32533 26351 612
26351 35144 913861
35144 37483 471580
37483 22203 963888
22203 6851 970178
6851 35209 593
35209 36437 222462
36437 28762 307
28762 24253 821266
24253 41102 924402
41102 40737 90089
40737 26657 232558
26657 43825 648137
43825 30539 943731
30539 35759 807812
35759 36566 956999
36566 40452 907
40452 4828 967526
4828 4914 423470
4914 6826 204002
6826 29748 447341
29748 20250 818
20250 36802 1000000
36802 34743 904684
34743 18639 675
18639 3226 907
3226 6760 302245
6760 20310 1000000
20310 38276 525388
38276 42163 645
42163 1263 972883
1263 9241 707
9241 38420 905474
38420 32686 1000000
32686 33186 461996
33186 406 977304
406 41359 448
41359 44880 956263
44880 32873 939783
32873 42304 1
42304 8334 951493
8334 25489 1000000
25489 8706 969902
8706 37517 229823
37517 19316 1000000
19316 9330 991922
9330 5817 928489
49708 3607 920075
3607 16112 814226
16112 22268 635116
22268 36919 910710
36919 40048 984181
40048 12318 1000000
12318 34543 911901
34543 10810 925238
10810 8953 904370
8953 19952 1000000
19952 2795 834808
2795 40572 83294
40572 22246 900637
22246 895 89
895 48340 174250
48340 18362 693
18362 37906 364208
37906 38419 1000000
38419 566 979081
566 2054 453
2054 12594 1
12594 49549 446
49549 34856 80335
34856 5024 968473
5024 41076 411306
41076 43095 1
43095 24432 1000000
24432 41179 948507
41179 24047 936961
24047 31098 610926
31098 34373 1000000
34373 10663 871675
10663 25550 466435
25550 15427 979428
15427 25251 1
25251 41893 920013
41893 39891 947526
39891 12266 1000000
12266 9305 980839
9305 42907 1000000
42907 22615 751068
22615 13834 968225
13834 3507 1000000
3507 26063 910145
26063 44608 570
44608 36794 986426
36794 17452 906705
17452 21078 913446
21078 23712 916244
23712 17576 587
17576 26406 933682
26406 11858 920116
11858 9681 830124
9681 42625 962178
42625 19073 665751
19073 47823 75231
47823 5326 1
5326 38070 944064
38070 22239 102
22239 33166 929624
33166 43827 927100
43827 16178 726496
16178 46686 941983
46686 32001 117
32001 13359 918578
13359 36582 914977
36582 6412 751
6412 43390 914794
43390 27877 523
27877 17920 622
17920 39960 916074
39960 6984 36949
6984 16533 988446
16533 35220 314368
35220 42504 1
42504 27452 224993
27452 4510 225
4510 45113 1000000
45113 19125 959
19125 8039 31455
8039 5608 736109
5608 12970 998307
12970 28632 914859
28632 6829 637614
6829 17108 263
17108 26873 987088
26873 14548 1000000
14548 26841 178139
26841 6199 1000000
6199 27946 9
27946 17455 672066
17455 1491 736
1491 34521 99
34521 44903 111023
44903 16240 1000000
16240 14334 903409
14334 11152 979328
11152 4805 779
4805 21803 10547
21803 38075 913542
38075 49652 920926
49652 6236 1000000
6236 20194 959868
20194 13101 933595
13101 40747 129802
40747 23311 461880
49709 21512 691663
21512 44632 1000000
44632 24414 1000000
24414 46105 954088
46105 27947 880304
27947 14539 985298
14539 12909 976532
12909 17364 791336
17364 34320 975157
34320 17764 278179
17764 15027 996280
15027 14841 405517
14841 38747 1
49710 48516 995821
48516 3373 926897
3373 10656 884440
10656 41002 924481
41002 47143 846520
47143 14924 905506
14924 45809 228
45809 34752 977419
34752 8461 913020
8461 4404 289
4404 36984 958736
36984 40849 943385
40849 21089 289
21089 38487 947542
38487 16858 977111
16858 31135 1000000
31135 45076 1000000
45076 34238 991004
34238 12900 1000000
12900 27459 950110
27459 12693 1
49711 23199 928109
23199 37363 903847
37363 13483 1000000
13483 15519 385246
15519 2649 230126
2649 22159 783624
22159 67 903277
67 843 292
49712 21850 418
21850 48534 706
48534 44834 970916
44834 45721 706
45721 42473 1000000
42473 9963 970780
9963 23311 612002
23311 3239 1
3239 13191 149233
13191 38177 791661
38177 17396 831
17396 48423 104161
48423 7175 849
7175 21919 923434
21919 44220 964847
44220 3328 608752
3328 39258 1000000
39258 28529 918515
28529 4559 999130
4559 39425 955971
39425 38858 906898
38858 33588 692871
33588 16992 862942
16992 33258 946248
33258 5528 920032
5528 40834 697
40834 17327 916157
17327 48586 982872
48586 5952 396640
5952 38806 584302
38806 5583 183833
5583 45853 1
45853 47185 274980
47185 37712 891074
37712 27375 713669
27375 20845 1000000
20845 10728 254
10728 29878 522
29878 42873 979548
42873 6090 231
6090 33180 871373
33180 37539 322957
37539 30748 480169
30748 1220 168
1220 27522 990312
27522 900 765
900 49209 11677
49209 40388 944783
40388 42669 752482
42669 18603 1
18603 49267 977550
49267 30272 659303
30272 15429 381965
15429 45050 1000000
49713 3922 739235
3922 35985 443
35985 13574 661720
13574 45811 1
45811 19729 1
19729 31357 696228
31357 26750 451
26750 31784 951566
31784 40535 811
40535 28259 910111
28259 44054 956028
44054 27324 883
27324 13916 637351
13916 3416 781361
3416 25727 969099
25727 13625 994919
13625 6056 1000000
6056 23300 817
23300 29226 364
29226 204 916672
204 3743 24
3743 40798 622
40798 46575 921764
46575 15528 1000000
15528 35360 172724
35360 36502 899948
36502 9592 463517
9592 36494 935746
36494 48919 547
48919 25076 363
25076 46828 871353
46828 32539 754694
32539 42391 4
42391 47087 437955
47087 19968 366885
19968 19449 379833
19449 28291 816
28291 15983 204
15983 27006 135
27006 25419 1000000
25419 43382 688293
43382 8730 904313
8730 47108 578370
47108 34640 15
34640 49199 665106
49199 49063 44558
49063 42232 943341
42232 29530 985002
29530 8000 962704
8000 6452 956
6452 44250 588
44250 22664 923696
22664 33720 546
33720 44191 434416
44191 43897 844138
43897 47994 989847
49714 11067 993586
11067 12838 969461
12838 44373 935022
44373 21623 96310
21623 31013 933240
31013 9012 981
9012 33073 676617
33073 16602 537349
16602 11840 1000000
49715 21228 629847
21228 27023 1000000
27023 32299 427
32299 7416 998116
7416 5315 365352
5315 26202 916507
49716 13509 909712
13509 38122 180084
38122 24470 920515
24470 20927 339
20927 16516 1000000
16516 45641 765659
45641 14336 985630
14336 2093 990184
2093 10980 1000000
10980 38033 987280
38033 7483 741357
7483 42974 295050
42974 48986 1000000
48986 45469 676349
45469 46707 1
46707 49598 1000000
49598 39300 816344
39300 33422 626
33422 32381 910046
49717 17213 389311
17213 30510 1000000
30510 49024 913937
49024 25274 287756
25274 5389 993316
5389 9450 175159
9450 1159 30341
1159 29528 909711
29528 726 369
726 48348 981953
48348 11901 973138
49718 18825 320
18825 43614 967192
43614 6122 426775
6122 11840 971762
11840 47819 917192
47819 9519 961
9519 37492 635
37492 28479 610341
49719 7346 11882
7346 12006 993781
12006 3628 1
3628 35808 267
35808 15293 503757
15293 41625 916322
41625 23948 200864
23948 24683 332
24683 47994 1000000
47994 8525 135
8525 8369 241
8369 8594 632473
8594 48081 462
48081 47521 658072
47521 16110 126876
16110 34368 234
34368 3063 106498
3063 20182 737050
20182 34509 939573
34509 21821 1
21821 49109 175391
49109 25928 551471
25928 18436 926794
18436 23143 738323
23143 5213 977679
5213 5121 259751
5121 26890 322698
26890 13923 722509
13923 45050 46
45050 47755 362
47755 18238 399323
18238 17397 1000000
17397 15107 1
15107 10372 1
10372 23530 967548
23530 21926 128859
21926 19422 570180
49720 25505 642
25505 19745 995986
19745 31827 970309
31827 41397 1000000
41397 37233 665693
37233 6471 927838
6471 21849 1000000
21849 7039 971058
7039 5624 179035
5624 44090 122
44090 41712 926200
41712 34648 618
34648 45953 818
45953 43634 1000000
43634 16600 861
16600 28134 968619
28134 43294 41484
43294 40364 346600
40364 20264 982441
20264 11297 1000000
11297 17061 991852
17061 24783 964875
24783 35552 949833
35552 23242 946123
23242 10808 1000000
10808 41036 1
41036 36214 991732
36214 19598 942426
19598 41612 1
41612 17037 36737
17037 45184 272
45184 7094 997
7094 33317 956925
33317 25881 955795
25881 7857 916294
7857 29073 1000000
29073 19392 932
19392 46224 717914
46224 36648 147
36648 2808 498813
2808 38395 987832
38395 31917 461608
31917 32458 910557
32458 34626 1
49721 44339 956026
44339 10364 40485
10364 262 825
262 41887 441
41887 41175 953382
41175 44829 850
44829 21409 482213
21409 16384 939492
16384 26649 1000000
26649 49572 902444
49572 24981 839725
24981 3821 903757
3821 2191 527
2191 24819 969135
24819 19491 268783
19491 824 663
824 29874 923097
29874 30540 997783
30540 37025 779
37025 15099 880121
15099 28751 51171
28751 22350 922384
22350 1161 992158
1161 6033 534256
6033 3719 201053
3719 22970 912237
22970 14034 971059
14034 43794 240842
43794 45919 983216
45919 13378 1000000
13378 19011 1
19011 2531 585
2531 14908 1000000
14908 37955 1000000
37955 48353 909202
48353 28864 482
28864 49044 342
49044 49367 499505
49367 37576 631777
37576 12147 909185
12147 38851 983485
38851 23021 238
23021 37054 870981
37054 18667 65
18667 46285 788
46285 43342 964338
43342 22672 186
22672 47206 675834
47206 1712 970535
1712 33217 450
33217 16299 955884
16299 41063 315622
41063 45326 971988
45326 36306 314840
36306 30331 960348
30331 1 900682
1 31739 951595
31739 33512 977467
33512 48886 959394
48886 40072 1000000
40072 37001 97003
37001 28115 430194
28115 19538 933
19538 44725 944829
44725 34878 966485
34878 44975 764
44975 33759 903666
33759 33337 803567
33337 527 973224
527 45392 1
45392 47517 940492
47517 30114 372106
30114 11683 971562
11683 21603 978031
21603 32562 957580
32562 37671 1000000
37671 25773 911676
25773 38686 1000000
38686 8070 981
8070 44600 974376
44600 23915 1000000
23915 1231 207
1231 6572 904285
6572 6318 1000000
49722 44900 906326
44900 28023 817847
28023 6326 610593
6326 19422 1
19422 6486 947553
6486 47062 402821
47062 4635 1000000
4635 6794 1
6794 49208 674637
49208 6035 994389
6035 30346 906651
30346 30145 900062
30145 42240 868
42240 47254 918985
47254 40530 729382
40530 2436 970227
2436 18121 654240
18121 40757 459237
40757 16881 1000000
16881 31267 265002
31267 17114 1
17114 19218 328888
19218 29033 302304
29033 33274 974472
33274 48514 203
48514 25322 296011
25322 44081 390162
44081 46483 206
46483 10144 965997
10144 15290 999846
15290 33493 413
33493 11485 928614
11485 14850 727616
14850 5390 632191
5390 17199 740650
17199 17319 965795
17319 24164 926090
24164 28553 628
28553 914 550721
914 18199 908052
18199 21142 956901
21142 3561 838
3561 11810 980571
11810 24318 985819
24318 2066 118475
2066 27483 950293
27483 39090 259
39090 17122 985694
17122 41290 981158
41290 37289 176864
37289 38464 958602
38464 48532 956543
48532 31742 296
31742 40109 904644
40109 12181 970480
12181 32862 1
32862 19130 1
19130 32993 566075
32993 35658 921991
35658 25504 284
25504 6648 394
6648 7674 606
7674 4161 691957
4161 28167 201429
28167 17957 1000000
17957 5054 552
5054 19825 587071
19825 39415 147
39415 1180 1000000
1180 36164 275
36164 32494 1000000
32494 14941 638800
14941 39461 1000000
39461 36275 588848
36275 22803 989100
22803 22190 1000000
22190 6190 996462
6190 29205 988539
29205 28221 380
28221 2665 42458
2665 3359 266
3359 14857 809
14857 33642 923819
33642 36657 913856
36657 5455 251
5455 19334 463
19334 5467 901668
5467 33282 92597
33282 34418 1
34418 34771 987545
49723 1982 727366
1982 17597 34807
17597 26997 963974
26997 37836 1000000
37836 5120 1000000
5120 38215 170258
38215 44567 519
44567 19964 949682
19964 30893 982458
30893 10891 950007
10891 25979 613916
25979 677 536969
677 5759 249
5759 17562 375639
17562 22530 903338
22530 24145 1
24145 34754 551
34754 13715 979216
13715 10607 984519
10607 32285 87
32285 11902 253956
11902 7254 889
7254 32077 1000000
32077 20353 187
20353 8826 927367
8826 38778 294
38778 3934 1
3934 24191 1000000
24191 30916 837577
30916 27857 952825
27857 10383 752624
10383 47645 876
47645 48988 1000000
48988 38747 1000000
38747 28556 345214
28556 5153 209
5153 40685 1
40685 36200 655410
36200 17949 88086
17949 48433 980598
48433 30517 222955
30517 2615 1000000
2615 18849 591
18849 17155 427943
17155 38590 92113
38590 21156 133758
21156 15395 941315
15395 4285 751587
4285 5533 117803
5533 1917 246530
1917 27969 862
27969 18187 1000000
18187 48055 910057
48055 26541 1000000
26541 9822 992922
9822 7626 901403
7626 41281 927614
41281 45409 988493
45409 44655 905083
44655 39250 998991
39250 7496 30
7496 4932 118
4932 7572 644
7572 45916 862
45916 2217 959614
2217 26295 145560
26295 35638 408
35638 41934 163848
41934 43734 32594
43734 126 999541
126 33586 779
33586 11398 914928
11398 32594 201666
32594 30300 966356
30300 14811 706840
14811 37762 711730
37762 16958 660210
16958 24615 543
24615 12110 927818
12110 23799 383
23799 12142 1000000
12142 34026 503783
34026 47433 376525
47433 49353 279772
49353 20931 241
20931 27846 857320
27846 11976 1000000
11976 24573 1000000
24573 20506 1
20506 3616 957780
3616 17691 277
17691 35753 1
35753 47866 896436
47866 27932 195137
27932 9506 235
9506 25080 992428
25080 10594 950558
10594 43239 680318
43239 7637 193
7637 26938 993336
49724 40255 752824
40255 14755 393297
14755 30078 337307
30078 3840 705
3840 8954 879550
8954 12809 998260
12809 49263 944617
49263 104 133413
104 3265 381006
3265 6280 989600
6280 10110 951055
10110 6054 1000000
6054 2924 710
49725 3998 787494
3998 37806 895719
37806 29317 927286
29317 45415 564
45415 29751 255198
29751 9051 281641
9051 16801 881
16801 14673 635899
14673 11162 951986
11162 11519 954680
11519 47232 60108
47232 29918 1000000
29918 31771 942355
31771 38587 937639
38587 42933 999760
42933 12056 626081
12056 30949 1000000
30949 2061 702094
2061 39947 361
39947 26608 945857
26608 40181 991687
40181 3891 197
3891 15190 1000000
15190 42917 298201
42917 36005 562931
36005 23861 1
23861 44664 920928
44664 19746 971543
19746 1718 646132
1718 36468 1000000
36468 11215 846
11215 29431 841087
29431 2010 1000000
2010 23689 435482
23689 31104 950354
31104 21639 951877
21639 19010 734014
19010 20082 79
20082 2164 350440
2164 32158 1
32158 13275 938
13275 20031 1000000
20031 30818 151872
30818 24506 863116
24506 21257 969017
21257 13139 901091
13139 9747 974779
9747 15513 925977
15513 31345 41341
31345 257 947289
257 40332 381711
40332 2161 21
2161 25991 978702
25991 47436 775888
47436 32195 94538
32195 22799 78
22799 1295 760
1295 8566 885365
8566 5959 70
5959 16226 962768
16226 28789 479228
28789 5450 58
5450 10671 966998
10671 11802 487771
11802 41229 937719
41229 9499 145449
9499 24731 191162
24731 20345 28101
20345 49101 634682
49101 21195 557893
21195 48624 423945
48624 17075 356790
17075 34771 1000000
34771 33996 936
33996 8555 993
8555 28420 409
28420 23829 128757
23829 40160 924777
40160 16462 940124
16462 35727 277358
35727 46082 216437
46082 12268 924
12268 37246 1000000
49726 14427 765077
14427 45321 1000000
45321 7274 1000000
7274 36784 1
36784 49173 1
49173 44463 748
44463 35913 1
35913 8874 172
8874 21851 942616
21851 9176 949955
9176 37414 642321
37414 2756 589990
2756 34534 589340
34534 13173 1000000
13173 49069 951377
49069 30611 566098
30611 29151 702241
29151 48588 1000000
48588 41601 973183
41601 10585 782
10585 31082 576824
31082 29557 956829
29557 47883 928987
47883 2969 309906
2969 34207 251731
34207 43605 259650
43605 33366 936420
33366 27202 109
27202 9489 940798
9489 30915 9080
30915 15792 952250
15792 30636 244637
30636 29959 1
29959 22232 643513
22232 43871 753
49727 12693 612
12693 8715 46
8715 43026 981315
43026 48094 74294
48094 24300 8750
24300 16164 685069
16164 24585 463
24585 34497 917734
34497 20613 977481
20613 48653 922189
48653 41561 410689
41561 27757 628
27757 24324 88792
24324 37436 666
37436 23764 703508
23764 22039 997152
22039 38731 100503
38731 28835 5769
28835 1825 507
1825 21398 1
21398 4864 944425
4864 3437 926384
3437 38012 526412
38012 12889 1000000
12889 11279 1
11279 291 185
291 5381 953613
5381 18028 955291
18028 8014 112240
8014 31623 1
31623 27683 961688
27683 606 228678
606 12561 1000000
12561 10595 964986
10595 46052 997052
46052 39671 91
39671 24313 870571
24313 42780 168373
42780 33985 1000000
33985 12725 677
12725 29917 787545
29917 9145 908018
9145 45325 606
45325 19863 844
19863 35174 238789
35174 40851 250017
40851 43191 557848
43191 21775 922830
21775 29392 1
29392 49251 944997
49251 30361 1000000
30361 4543 312
4543 13696 20091
13696 22177 990391
22177 27788 669791
27788 42599 1000000
42599 15532 1000000
15532 22386 556524
22386 9726 951220
9726 12224 991933
12224 30984 997473
30984 2378 611
2378 37309 933667
37309 18384 904822
18384 28286 676410
28286 13655 383545
13655 32769 969141
32769 9144 767
9144 18708 957651
18708 31529 918149
31529 8747 913227
8747 15680 907379
15680 19182 960202
19182 48062 999548
48062 32381 388
32381 38082 305933
38082 17135 1000000
17135 11301 937372
11301 29444 1000000
29444 23939 402000
23939 42803 245139
42803 31901 626
31901 47616 978175
47616 44990 949168
44990 35391 917710
35391 5642 210511
5642 25876 661367
25876 13155 494083
13155 38751 468
38751 6988 956058
6988 44947 487
44947 21980 96
21980 13558 1
13558 24906 177
24906 9905 980558
9905 49566 64003
49566 25003 922027
25003 26122 912025
26122 33065 172
33065 7605 554810
7605 38074 950233
38074 37064 1000000
37064 13494 985688
13494 17630 926712
17630 10232 971393
10232 20813 611338
20813 41279 900455
41279 33817 1
33817 35950 360
35950 42150 439
42150 18757 1
18757 30071 703
30071 6329 925157
6329 16872 909091
16872 17172 947111
17172 12511 141710
12511 29466 913506
29466 2781 992441
2781 3447 978506
3447 23386 910396
23386 39677 1000000
39677 46115 1
46115 10553 225
10553 45114 435566
45114 25005 1000000
25005 30971 968880
30971 22355 913592
22355 41772 930238
41772 45857 873
45857 7828 954005
7828 24936 654021
24936 36847 800
36847 43055 237
43055 6899 350911
6899 27772 975209
27772 24559 927709
24559 2673 439257
2673 38941 943302
38941 41094 98871
41094 14389 984960
14389 13438 813
13438 42231 929694
42231 7162 46238
7162 7679 814467
7679 14771 345
14771 23016 967750
23016 2277 216941
2277 3816 777316
3816 2924 338129
2924 22678 691000
22678 45867 923
45867 48057 106
48057 28428 99456
28428 1884 940951
1884 10986 913535
10986 22944 1000000
22944 38310 437
38310 9961 299
9961 48205 962413
48205 40826 992736
40826 15197 929779
15197 7191 654171
7191 28630 900851
28630 39327 803
39327 5384 826584
5384 31662 889474
31662 26178 962481
26178 8192 1
8192 11901 928720
11901 1021 940684
1021 6341 118170
6341 34267 897642
34267 8682 924843
8682 20576 341366
20576 44147 439426
44147 6902 419
6902 22008 703
22008 16363 400336
16363 12328 187570
12328 40978 1000000
40978 13487 919790
13487 46120 268
46120 6393 162603
6393 48410 979779
48410 33546 21517
33546 19752 1000000
19752 29728 771
29728 25828 853212
25828 7359 1
7359 22793 1000000
22793 47210 1
47210 45210 956375
45210 33626 694553
33626 49106 693588
49106 24120 280635
24120 18916 489850
18916 2557 813746
2557 25908 55811
25908 33530 1000000
33530 37306 170
37306 15407 462
15407 24232 546492
24232 23511 577635
23511 2608 969484
2608 41783 1000000
41783 26202 1
26202 4579 809
4579 35458 1
35458 36882 296
36882 37847 1000000
37847 11508 255250
11508 12640 980911
12640 41948 112170
41948 28335 1
28335 33064 961723
33064 8907 1
8907 8255 699515
8255 10996 936966
10996 20352 730448
20352 44937 506172
44937 16611 847885
16611 24561 302
24561 14256 906252
14256 12037 911113
12037 25405 1000000
25405 44433 971740
44433 1842 418206
1842 21636 1
21636 16434 1
16434 6546 70462
6546 43039 1000000
43039 11523 990806
11523 21881 170332
21881 23930 979
23930 20045 998071
20045 48311 494709
48311 37439 911490
37439 3308 945648
3308 16271 477617
16271 2809 220549
2809 33456 411
33456 31009 83
31009 49042 922982
49042 9392 877058
9392 24185 411
24185 22280 927063
22280 42981 967283
42981 38259 1000000
38259 44341 1
44341 25279 251194
25279 15043 30449
15043 47676 562500
47676 19831 992331
19831 28857 1
28857 47018 805106
47018 4583 1000000
4583 34019 56421
34019 23161 164874
23161 40522 920626
40522 37208 361616
37208 12414 934397
12414 45586 956418
45586 48522 851
48522 14225 261917
14225 48165 368
48165 36557 19
36557 4158 990291
4158 19326 587
19326 28459 898335
28459 4101 998281
4101 5293 1000000
5293 45245 902511
45245 6380 940365
6380 11497 989426
11497 6292 944169
6292 33711 345
33711 27523 954648
27523 2978 882435
2978 14590 998517
14590 22004 1000000
22004 20245 729425
20245 20948 955340
20948 16689 195663
16689 39026 700000
39026 18407 279
18407 38360 798
38360 31788 913102
31788 22167 905328
22167 28779 830428
28779 9194 91928
9194 289 908216
289 4396 883
4396 9734 51926
9734 26184 677
26184 6006 1
6006 27061 987872
27061 9071 792
9071 30888 492973
30888 39157 257
39157 36675 230189
36675 2900 906262
2900 32283 972555
32283 33837 1
33837 45748 1
45748 37476 996963
37476 49255 1
49255 35967 432032
35967 11471 428
11471 15150 170215
15150 16390 165769
16390 32201 977213
32201 26355 990580
26355 20668 649071
20668 8760 82
8760 13592 820
13592 18668 167513
18668 11168 309
11168 6417 951764
6417 37246 995978
37246 36250 906103
36250 8099 1000000
8099 46528 984668
46528 1833 286789
1833 2548 578
2548 2640 346
2640 3077 617882
3077 47202 1000000
47202 40575 803921
40575 33625 505166
33625 30326 562
30326 29734 275
29734 18327 757846
18327 26410 1
26410 22656 926425
22656 16474 968924
16474 20841 983652
20841 37061 664757
37061 31523 1000000
31523 35911 488846
35911 18014 1000000
18014 31915 962892
31915 9971 273920
9971 24893 1000000
24893 6093 412
6093 44879 837298
44879 8377 904
8377 41970 958550
41970 48302 531
48302 45970 542
45970 42203 36570
42203 34969 260
34969 25175 961739
25175 45370 377
45370 48449 21396
48449 12329 1
12329 29452 703
29452 25240 392495
25240 5808 797348
5808 16345 1000000
16345 46379 1000000
46379 14507 970399
14507 46958 716
46958 31778 532361
31778 11146 901085
11146 4081 733
4081 5946 949882
5946 39775 907835
39775 6297 944625
6297 35349 940263
35349 21520 90583
21520 10945 567
10945 13577 194
13577 46403 1000000
46403 22871 666698
22871 24147 838722
24147 6895 1000000
6895 49410 480101
49410 843 946018
843 43973 945606
43973 20729 754
20729 43871 959413
43871 9378 980562
9378 24112 319679
24112 49084 1000000
49084 39739 39476
39739 27790 714139
27790 3333 602947
3333 17927 926261
17927 32757 679291
32757 43770 138876
43770 5420 1000000
5420 21795 946
21795 26045 262098
26045 44347 769
44347 773 676
773 18814 1000000
18814 331 1000000
331 49436 53
49436 5026 1
5026 8595 950377
8595 9214 162
9214 37541 1
37541 6664 1
6664 49417 916511
49417 44265 979013
44265 24765 1000000
24765 48905 953205
48905 4888 845
4888 36066 624646
36066 34056 866721
34056 19143 949832
19143 19623 1000000
19623 13048 991485
13048 26938 960613
26938 32215 962606
32215 25194 340
25194 47426 675802
47426 29897 905311
29897 26235 489963
26235 28479 754198
28479 36311 194227
36311 9808 911
9808 32025 1000000
32025 12059 805865
12059 2701 431304
2701 14837 903868
14837 21700 487
21700 2567 652
2567 37940 945776
37940 12404 261
12404 14730 495960
14730 26369 902609
26369 31295 348
31295 43268 948688
43268 6743 966903
6743 45123 904817
45123 6318 907
6318 5943 261342
5943 45540 580829
45540 44302 617333
44302 36463 334433
36463 17961 899354
17961 40802 772256
40802 34490 506164
34490 48515 376
48515 24256 759
24256 5333 1
5333 3112 1000000
3112 24761 35
24761 21170 1000000
21170 40683 1000000
40683 23313 86
23313 36767 163
36767 16678 312137
16678 37904 1000000
37904 9377 994518
9377 5999 58871
5999 48232 126524
48232 31746 1000000
31746 40223 943122
40223 20235 973
20235 6094 1
6094 19666 1
19666 44021 906723
44021 16083 691269
16083 31141 966726
31141 28144 298
28144 14897 545
14897 4008 919410
4008 3926 624031
3926 17929 98831
17929 34131 968868
34131 3606 258862
3606 11102 444948
11102 24829 1000000
24829 19492 523
19492 23461 952398
23461 40418 834947
40418 30702 442199
30702 28270 309850
28270 20758 789820
20758 13780 944349
13780 120 1000000
120 42754 742404
42754 12430 3146
12430 16428 1000000
16428 19769 721539
19769 43931 863
43931 14476 977392
14476 25037 979145
25037 981 1000000
981 43686 924767
43686 38254 1000000
38254 27111 148684
27111 1829 138
1829 23673 797829
23673 931 969749
931 22110 951696
22110 8419 786439
8419 12503 889885
12503 16735 892
16735 43116 903355
43116 28528 968343
28528 23999 788147
23999 10267 751196
10267 8471 759024
8471 33861 499528
33861 46169 91
46169 5436 919804
5436 40489 764025
40489 25952 968699
25952 13283 1000000
13283 28189 667834
28189 11325 991
11325 964 980087
964 29485 925368
29485 39442 969068
39442 8186 333890
8186 5817 785
5817 47440 378280
47440 47526 103
47526 18747 315037
18747 5409 1000000
5409 18414 675
18414 29798 961406
29798 14707 977839
14707 23019 942359
23019 36592 994924
36592 23281 917472
23281 1928 1
1928 45832 97
45832 46081 75
46081 44449 763668
44449 43984 940672
43984 45635 765866
45635 12364 101984
12364 8899 741263
8899 9453 945469
9453 45896 196
45896 3859 993174
3859 11327 949149
11327 31445 151
31445 41375 967841
41375 19925 751465
19925 30740 1
30740 11363 996742
11363 42872 1000000
42872 1207 937599
1207 17925 83182
17925 33657 991589
33657 27902 1000000
27902 25243 527
25243 19481 965105
19481 29493 194
29493 44766 443
44766 48034 988603
48034 1253 946252
1253 572 1000000
572 8560 367
8560 11944 919
11944 29886 288834
29886 34705 43746
34705 21130 917455
21130 4374 1
4374 4238 928453
4238 44031 47848
44031 16440 954485
16440 16349 216
49728 43297 169658
43297 4554 990611
4554 40751 479499
40751 28184 1000000
28184 1661 910354
1661 9376 546815
9376 12198 1000000
12198 24331 929603
24331 32289 408
32289 30162 311141
30162 7430 1000000
7430 276 516
276 32723 925115
32723 17555 995383
17555 40793 631
40793 16349 918494
16349 47829 448340
47829 34626 231597
34626 34099 149
34099 11826 577070
11826 43582 907354
43582 18083 706507
18083 2202 658
2202 18789 547
18789 38883 157
38883 18944 390
18944 6713 1000000
6713 12193 914270
12193 34032 657125
34032 30377 1000000
30377 16219 922021
16219 20120 541897
20120 526 677783
526 24411 944946
24411 3070 1000000
3070 10835 308842
10835 18886 1
18886 3565 1
3565 16971 16410
16971 4091 314
4091 20314 661
20314 49729 832219
