48469
1 2 476044
1 3 505182
2 4 971720
2 5 948909
3 6 429148
3 7 556061
4 8 993724
4 9 912818
5 10 950656
5 11 999725
6 12 993460
6 13 773704
7 14 667
7 15 879
8 16 1000000
8 17 957042
9 18 916
9 19 1000000
10 20 936054
10 21 1000000
11 22 243303
11 23 87263
12 24 431355
12 25 358
13 26 580441
13 27 960
14 28 498146
14 29 383085
15 30 247
15 31 779
16 32 900581
16 33 1000000
17 34 973991
17 35 968365
18 36 772
18 37 73072
19 38 965571
19 39 1
20 40 944956
20 41 278370
21 42 635836
21 43 416841
22 44 736237
22 45 34
23 46 935633
23 47 423381
24 48 541
24 49 914212
25 50 1
25 51 504131
26 52 377190
26 53 979344
27 54 1000000
27 55 940045
28 56 290404
28 57 679
29 58 385279
29 59 862022
30 60 910173
30 61 154954
31 62 981664
31 63 979248
32 64 1
32 65 446505
33 66 609320
33 67 1000000
34 68 1000000
34 69 350
35 70 722296
35 71 477637
36 72 362563
36 73 980309
37 74 366826
37 75 1000000
38 76 244
38 77 1
39 78 71725
39 79 575777
40 80 651387
40 81 991966
41 82 821615
41 83 475
42 84 501634
42 85 991606
43 86 1
43 87 612323
44 88 170800
44 89 999257
45 90 990615
45 91 955619
46 92 680532
46 93 965569
47 94 38328
47 95 1
48 96 965989
48 97 40532
49 98 969408
49 99 1
50 100 509380
50 101 930339
51 102 858884
51 103 360
52 104 156
52 105 1000000
53 106 199556
53 107 1
54 108 1
54 109 540
55 110 867
55 111 309
56 112 719612
56 113 966412
57 114 958605
57 115 923153
58 116 720234
58 117 525907
59 118 221189
59 119 1000000
60 120 286906
60 121 972612
61 122 550
61 123 940
62 124 915133
62 125 22197
63 126 970931
63 127 130961
64 128 962082
64 129 930797
65 130 1000000
65 131 812
66 132 160
66 133 1
67 134 1000000
67 135 969619
68 136 909970
68 137 198117
69 138 798269
69 139 862
70 140 404452
70 141 4
71 142 17085
71 143 292
72 144 925132
72 145 984430
73 146 61180
73 147 584025
74 148 989557
74 149 137
75 150 945157
75 151 367051
76 152 933192
76 153 275
77 154 972439
77 155 533371
78 156 720661
78 157 960243
79 158 490
79 159 773493
80 160 901868
80 161 962013
81 162 962279
81 163 945835
82 164 509
82 165 577
83 166 436
83 167 917336
84 168 962245
84 169 973042
85 170 417
85 171 252
86 172 1000000
86 173 1000000
87 174 3
87 175 915
88 176 1000000
88 177 921643
89 178 1000000
89 179 790
90 180 642105
90 181 685
91 182 975863
91 183 576705
92 184 224
92 185 658
93 186 1000000
93 187 977522
94 188 909706
94 189 728069
95 190 977152
95 191 455
96 192 929417
96 193 913265
97 194 837269
97 195 959302
98 196 990408
98 197 775328
99 198 876
99 199 1000000
100 200 1000000
100 201 924516
101 202 1
101 203 259640
102 204 510558
102 205 964440
103 206 953716
103 207 63081
104 208 501
104 209 925761
105 210 788428
105 211 829084
106 212 955548
106 213 955753
107 214 585687
107 215 428
108 216 978575
108 217 160722
109 218 555
109 219 514524
110 220 981981
110 221 1000000
111 222 895
111 223 985823
112 224 924509
112 225 566733
113 226 580256
113 227 617546
114 228 990096
114 229 1000000
115 230 569
115 231 940891
116 232 1000000
116 233 182226
117 234 372734
117 235 301018
118 236 995361
118 237 1
119 238 1000000
119 239 995089
120 240 989312
120 241 921833
121 242 903599
121 243 5
122 244 232828
122 245 692
123 246 764
123 247 815555
124 248 375688
124 249 337
125 250 183594
125 251 923758
126 252 977911
126 253 392594
127 254 13
127 255 934335
128 256 907681
128 257 1000000
129 258 882
129 259 446531
130 260 990405
130 261 979746
131 262 677535
131 263 737234
132 264 907010
132 265 406608
133 266 1
133 267 710703
134 268 161678
134 269 141234
135 270 568
135 271 752264
136 272 48284
136 273 967987
137 274 397182
137 275 458161
138 276 1000000
138 277 911900
139 278 995578
139 279 268149
140 280 971881
140 281 964876
141 282 116218
141 283 568
142 284 984774
142 285 775
143 286 451242
143 287 901173
144 288 188030
144 289 1000000
145 290 441947
145 291 358
146 292 1000000
146 293 938305
147 294 537
147 295 925484
148 296 998088
148 297 581991
149 298 620600
149 299 626101
150 300 79179
150 301 981091
151 302 482857
151 303 131
152 304 699
152 305 998350
153 306 900799
153 307 412504
154 308 549
154 309 945587
155 310 983129
155 311 93638
156 312 957854
156 313 962099
157 314 917184
157 315 220
158 316 976461
158 317 950279
159 318 121
159 319 979249
160 320 710092
160 321 736956
161 322 726711
161 323 399
162 324 900714
162 325 1000000
163 326 984813
163 327 910250
164 328 869678
164 329 886562
165 330 812735
165 331 252132
166 332 936447
166 333 481
167 334 218782
167 335 1
168 336 1000000
168 337 947598
169 338 1
169 339 980135
170 340 514497
170 341 998794
171 342 467623
171 343 894529
172 344 1
172 345 383242
173 346 165373
173 347 203
174 348 186
174 349 351
175 350 907748
175 351 451970
176 352 27514
176 353 948474
177 354 946428
177 355 997210
178 356 947003
178 357 597361
179 358 901413
179 359 901326
180 360 969945
180 361 966594
181 362 903
181 363 917273
182 364 1000000
182 365 945571
183 366 46996
183 367 938201
184 368 882
184 369 619308
185 370 266905
185 371 498
186 372 982305
186 373 944783
187 374 845375
187 375 694780
188 376 914772
188 377 439
189 378 1000000
189 379 180661
190 380 965694
190 381 673518
191 382 726
191 383 947626
192 384 1000000
192 385 32596
193 386 901407
193 387 145314
194 388 867757
194 389 90121
195 390 908862
195 391 695191
196 392 349
196 393 938051
197 394 1000000
197 395 908239
198 396 979
198 397 476184
199 398 932651
199 399 268065
200 400 626759
200 401 940492
201 402 650253
201 403 234894
202 404 533019
202 405 964
203 406 467
203 407 991473
204 408 932952
204 409 982546
205 410 913707
205 411 846062
206 412 913230
206 413 957952
207 414 277
207 415 963380
208 416 1000000
208 417 405042
209 418 484
209 419 1000000
210 420 263112
210 421 448
211 422 721
211 423 949197
212 424 952003
212 425 1000000
213 426 935085
213 427 839
214 428 1000000
214 429 960888
215 430 908680
215 431 525
216 432 818
216 433 133
217 434 950629
217 435 911068
218 436 975274
218 437 911835
219 438 266751
219 439 996450
220 440 285168
220 441 660292
221 442 950663
221 443 933844
222 444 1
222 445 961443
223 446 982741
223 447 189
224 448 678
224 449 953960
225 450 749506
225 451 974588
226 452 489592
226 453 343121
227 454 956296
227 455 133
228 456 323571
228 457 501
229 458 930104
229 459 931020
230 460 915873
230 461 1000000
231 462 600309
231 463 559253
232 464 938980
232 465 297
233 466 792577
233 467 720039
234 468 947809
234 469 70025
235 470 168
235 471 110
236 472 919306
236 473 101291
237 474 799510
237 475 1000000
238 476 925228
238 477 924509
239 478 930977
239 479 1000000
240 480 59
240 481 1000000
241 482 906099
241 483 424634
242 484 924259
242 485 1000000
243 486 677616
243 487 910
244 488 316350
244 489 738330
245 490 1000000
245 491 838
246 492 926181
246 493 200033
247 494 975548
247 495 1000000
248 496 808644
248 497 1000000
249 498 1
249 499 994924
250 500 191902
250 501 935065
251 502 1
251 503 172
252 504 33
252 505 941250
253 506 834384
253 507 676127
254 508 918765
254 509 963645
255 510 1000000
255 511 927127
256 512 782125
256 513 917729
257 514 960990
257 515 132
258 516 84110
258 517 1
259 518 971281
259 519 902580
260 520 900394
260 521 2
261 522 154
261 523 101689
262 524 743
262 525 970630
263 526 1000000
263 527 188
264 528 896
264 529 367964
265 530 92
265 531 938881
266 532 528442
266 533 209
267 534 758344
267 535 996673
268 536 932
268 537 979712
269 538 1000000
269 539 936536
270 540 1000000
270 541 945206
271 542 1000000
271 543 478442
272 544 221611
272 545 980531
273 546 762
273 547 569
274 548 1000000
274 549 905021
275 550 1000000
275 551 818333
276 552 749790
276 553 126562
277 554 155484
277 555 941
278 556 900398
278 557 983411
279 558 840000
279 559 787
280 560 870901
280 561 986450
281 562 16
281 563 330459
282 564 853164
282 565 59400
283 566 131261
283 567 625122
284 568 707
284 569 985718
285 570 537995
285 571 997348
286 572 933842
286 573 918055
287 574 927304
287 575 1000000
288 576 1
288 577 1000000
289 578 690897
289 579 972661
290 580 932918
290 581 304690
291 582 918652
291 583 962150
292 584 1
292 585 650217
293 586 1000000
293 587 695
294 588 940998
294 589 52203
295 590 914430
295 591 179
296 592 701588
296 593 603526
297 594 928760
297 595 970997
298 596 865403
298 597 905084
299 598 338302
299 599 208370
300 600 250461
300 601 26
301 602 971515
301 603 417
302 604 331707
302 605 181169
303 606 948632
303 607 936
304 608 757603
304 609 959645
305 610 1
305 611 931550
306 612 1000000
306 613 123491
307 614 968872
307 615 1000000
308 616 685
308 617 883
309 618 964734
309 619 712423
310 620 174277
310 621 1000000
311 622 320695
311 623 554748
312 624 148620
312 625 742
313 626 260126
313 627 1000000
314 628 933077
314 629 1000000
315 630 583207
315 631 339
316 632 140
316 633 428417
317 634 226250
317 635 933384
318 636 1000000
318 637 1
319 638 212829
319 639 208729
320 640 832
320 641 189
321 642 1000000
321 643 304826
322 644 974725
322 645 608816
323 646 938956
323 647 1
324 648 993795
324 649 1000000
325 650 888076
325 651 960861
326 652 1
326 653 966165
327 654 911874
327 655 792
328 656 993594
328 657 1
329 658 954079
329 659 243
330 660 946548
330 661 110662
331 662 973003
331 663 86
332 664 481199
332 665 999539
333 666 85846
333 667 199
334 668 80234
334 669 1
335 670 197490
335 671 388528
336 672 878296
336 673 48053
337 674 386827
337 675 928896
338 676 616192
338 677 931129
339 678 970
339 679 784
340 680 821467
340 681 70120
341 682 519866
341 683 924315
342 684 925467
342 685 708
343 686 145
343 687 930869
344 688 191
344 689 644346
345 690 1
345 691 520
346 692 1000000
346 693 931128
347 694 608423
347 695 991709
348 696 416
348 697 622
349 698 879483
349 699 949651
350 700 257178
350 701 235
351 702 995780
351 703 849621
352 704 769217
352 705 984749
353 706 282
353 707 94829
354 708 942761
354 709 930283
355 710 240
355 711 789465
356 712 274428
356 713 920145
357 714 772794
357 715 411174
358 716 462
358 717 903821
359 718 826563
359 719 917397
360 720 128
360 721 922754
361 722 909206
361 723 240
362 724 949220
362 725 351
363 726 933680
363 727 797955
364 728 912194
364 729 1
365 730 746
365 731 254333
366 732 583
366 733 122036
367 734 974064
367 735 138
368 736 999
368 737 440753
369 738 975569
369 739 1
370 740 1000000
370 741 948363
371 742 909705
371 743 1000000
372 744 993224
372 745 909182
373 746 73
373 747 703
374 748 992555
374 749 862516
375 750 364
375 751 927268
376 752 940171
376 753 136566
377 754 926017
377 755 820528
378 756 89318
378 757 1
379 758 678291
379 759 190656
380 760 778
380 761 324
381 762 976703
381 763 662
382 764 136
382 765 746
383 766 333
383 767 823
384 768 323365
384 769 900245
385 770 858104
385 771 1
386 772 1000000
386 773 920266
387 774 958059
387 775 1
388 776 179776
388 777 928874
389 778 799498
389 779 109
390 780 961151
390 781 361619
391 782 284609
391 783 354
392 784 968918
392 785 257207
393 786 927476
393 787 935954
394 788 109680
394 789 916880
395 790 324
395 791 955499
396 792 660
396 793 1000000
397 794 413203
397 795 634065
398 796 973380
398 797 910553
399 798 938433
399 799 986033
400 800 946
400 801 893966
401 802 214309
401 803 413901
402 804 288
402 805 622834
403 806 983489
403 807 903997
404 808 911492
404 809 839290
405 810 189
405 811 980369
406 812 986729
406 813 1000000
407 814 1000000
407 815 534
408 816 183074
408 817 631
409 818 146
409 819 776
410 820 908288
410 821 911366
411 822 534
411 823 928211
412 824 216
412 825 867
413 826 416993
413 827 1
414 828 285297
414 829 1000000
415 830 409892
415 831 568171
416 832 978030
416 833 1000000
417 834 235
417 835 973699
418 836 936167
418 837 401
419 838 967388
419 839 1000000
420 840 310
420 841 906369
421 842 906558
421 843 966212
422 844 935227
422 845 999725
423 846 919329
423 847 989208
424 848 619508
424 849 1000000
425 850 921343
425 851 517273
426 852 64103
426 853 977775
427 854 144398
427 855 2654
428 856 940646
428 857 808792
429 858 844
429 859 978832
430 860 925173
430 861 904231
431 862 1
431 863 907822
432 864 650093
432 865 149309
433 866 566324
433 867 784379
434 868 924570
434 869 1000000
435 870 113176
435 871 1000000
436 872 448539
436 873 700
437 874 300846
437 875 937523
438 876 188174
438 877 1000000
439 878 206
439 879 485961
440 880 136514
440 881 1000000
441 882 987225
441 883 907326
442 884 1000000
442 885 983819
443 886 1000000
443 887 191
444 888 921554
444 889 523762
445 890 966638
445 891 925154
446 892 975584
446 893 1000000
447 894 944811
447 895 130838
448 896 649798
448 897 432
449 898 212
449 899 338
450 900 559979
450 901 981
451 902 666540
451 903 910635
452 904 100462
452 905 642210
453 906 159045
453 907 206961
454 908 924271
454 909 962164
455 910 1000000
455 911 77956
456 912 970669
456 913 240
457 914 905810
457 915 632894
458 916 966030
458 917 939760
459 918 836
459 919 907595
460 920 973147
460 921 594200
461 922 914505
461 923 1
462 924 1
462 925 841
463 926 951621
463 927 1000000
464 928 475188
464 929 923527
465 930 1000000
465 931 494705
466 932 587298
466 933 307089
467 934 1000000
467 935 929554
468 936 944385
468 937 930490
469 938 1
469 939 1000000
470 940 981359
470 941 846636
471 942 626774
471 943 221581
472 944 952731
472 945 489294
473 946 774822
473 947 1000000
474 948 53
474 949 1000000
475 950 453
475 951 516
476 952 930851
476 953 135612
477 954 444216
477 955 3
478 956 1000000
478 957 991999
479 958 873806
479 959 388604
480 960 998416
480 961 982
481 962 66866
481 963 565174
482 964 1
482 965 548
483 966 606
483 967 905898
484 968 329983
484 969 943392
485 970 723484
485 971 937796
486 972 461688
486 973 550969
487 974 1000000
487 975 978410
488 976 1
488 977 291423
489 978 941
489 979 216150
490 980 927471
490 981 1000000
491 982 978577
491 983 235275
492 984 812375
492 985 963411
493 986 1000000
493 987 995645
494 988 958662
494 989 985645
495 990 98216
495 991 863
496 992 445992
496 993 493
497 994 260680
497 995 600343
498 996 984441
498 997 732
499 998 1000000
499 999 565
500 1000 349260
500 1001 520777
501 1002 913345
501 1003 634668
502 1004 848
502 1005 858
503 1006 763411
503 1007 407267
504 1008 977202
504 1009 514802
505 1010 306
505 1011 1
506 1012 1000000
506 1013 901293
507 1014 81
507 1015 614
508 1016 877682
508 1017 588680
509 1018 541576
509 1019 626218
510 1020 154750
510 1021 639
511 1022 800629
511 1023 403556
512 1024 435568
512 1025 393
513 1026 888740
513 1027 93823
514 1028 948759
514 1029 936037
515 1030 205543
515 1031 725456
516 1032 75
516 1033 94490
517 1034 14
517 1035 1000000
518 1036 310
518 1037 1000000
519 1038 101775
519 1039 1000000
520 1040 787471
520 1041 257978
521 1042 912933
521 1043 123790
522 1044 1
522 1045 684979
523 1046 7
523 1047 992351
524 1048 285725
524 1049 682585
525 1050 1000000
525 1051 886
526 1052 411
526 1053 444538
527 1054 915829
527 1055 12199
528 1056 577297
528 1057 972937
529 1058 694
529 1059 952
530 1060 226
530 1061 903765
531 1062 373941
531 1063 1000000
532 1064 1
532 1065 574140
533 1066 932081
533 1067 803
534 1068 304
534 1069 675309
535 1070 1000000
535 1071 989801
536 1072 966947
536 1073 919442
537 1074 1000000
537 1075 563
538 1076 155515
538 1077 960839
539 1078 1000000
539 1079 320
540 1080 85
540 1081 1000000
541 1082 552
541 1083 763434
542 1084 1
542 1085 981765
543 1086 1000000
543 1087 751328
544 1088 1000000
544 1089 919861
545 1090 376
545 1091 907674
546 1092 1
546 1093 101611
547 1094 732083
547 1095 893
548 1096 1000000
548 1097 906513
549 1098 5037
549 1099 372
550 1100 1000000
550 1101 938637
551 1102 250685
551 1103 686459
552 1104 998501
552 1105 518867
553 1106 912687
553 1107 904804
554 1108 299571
554 1109 980448
555 1110 1
555 1111 967455
556 1112 484456
556 1113 980544
557 1114 1000000
557 1115 1000000
558 1116 949525
558 1117 207608
559 1118 963036
559 1119 508
560 1120 596
560 1121 984170
561 1122 672464
561 1123 516171
562 1124 132281
562 1125 116559
563 1126 466
563 1127 948874
564 1128 990135
564 1129 565
565 1130 845878
565 1131 629320
566 1132 1000000
566 1133 981515
567 1134 69625
567 1135 981815
568 1136 828
568 1137 634706
569 1138 943845
569 1139 1000000
570 1140 65
570 1141 901691
571 1142 943692
571 1143 992546
572 1144 979355
572 1145 514509
573 1146 226811
573 1147 1000000
574 1148 1000000
574 1149 509438
575 1150 995509
575 1151 62
576 1152 992229
576 1153 1000000
577 1154 960897
577 1155 1000000
578 1156 592146
578 1157 995156
579 1158 988252
579 1159 875
580 1160 34
580 1161 1000000
581 1162 993124
581 1163 952539
582 1164 941916
582 1165 905774
583 1166 412425
583 1167 964658
584 1168 924936
584 1169 286
585 1170 979891
585 1171 373577
586 1172 28
586 1173 505953
587 1174 854585
587 1175 192436
588 1176 958104
588 1177 958774
589 1178 966964
589 1179 632607
590 1180 982891
590 1181 979389
591 1182 717568
591 1183 1000000
592 1184 284437
592 1185 609542
593 1186 716
593 1187 344
594 1188 945715
594 1189 952527
595 1190 386
595 1191 1000000
596 1192 631984
596 1193 782
597 1194 710
597 1195 43084
598 1196 1000000
598 1197 373
599 1198 939190
599 1199 312574
600 1200 1000000
600 1201 1000000
601 1202 1000000
601 1203 360
602 1204 900517
602 1205 544
603 1206 576979
603 1207 881477
604 1208 428
604 1209 886268
605 1210 1
605 1211 979
606 1212 934558
606 1213 772
607 1214 918235
607 1215 311176
608 1216 670
608 1217 1000000
609 1218 517030
609 1219 978298
610 1220 1000000
610 1221 233141
611 1222 711
611 1223 865098
612 1224 1000000
612 1225 1000000
613 1226 713838
613 1227 557844
614 1228 753702
614 1229 954745
615 1230 726697
615 1231 613363
616 1232 1000000
616 1233 895
617 1234 1000000
617 1235 935680
618 1236 947935
618 1237 986463
619 1238 267
619 1239 220
620 1240 993503
620 1241 597
621 1242 940894
621 1243 846
622 1244 985295
622 1245 961277
623 1246 15655
623 1247 913
624 1248 624
624 1249 924048
625 1250 812199
625 1251 334
626 1252 1
626 1253 708877
627 1254 477674
627 1255 937287
628 1256 333732
628 1257 473384
629 1258 145
629 1259 475918
630 1260 933518
630 1261 997546
631 1262 1
631 1263 22
632 1264 58
632 1265 1
633 1266 937341
633 1267 957069
634 1268 935022
634 1269 185
635 1270 23
635 1271 1000000
636 1272 4
636 1273 917754
637 1274 1
637 1275 882720
638 1276 751824
638 1277 525539
639 1278 1
639 1279 1000000
640 1280 392793
640 1281 922148
641 1282 975328
641 1283 926833
642 1284 21031
642 1285 910492
643 1286 927426
643 1287 720065
644 1288 490
644 1289 292461
645 1290 992289
645 1291 968213
646 1292 902316
646 1293 927
647 1294 1000000
647 1295 996038
648 1296 285324
648 1297 959008
649 1298 243083
649 1299 971703
650 1300 1000000
650 1301 400935
651 1302 882649
651 1303 1000000
652 1304 827100
652 1305 965495
653 1306 268
653 1307 1000000
654 1308 802
654 1309 1000000
655 1310 973705
655 1311 929254
656 1312 1
656 1313 987273
657 1314 556818
657 1315 507
658 1316 261624
658 1317 997919
659 1318 792479
659 1319 921553
660 1320 960587
660 1321 1
661 1322 132615
661 1323 783777
662 1324 936746
662 1325 429884
663 1326 992596
663 1327 118
664 1328 752351
664 1329 73671
665 1330 1
665 1331 914598
666 1332 458
666 1333 966766
667 1334 714
667 1335 832
668 1336 993176
668 1337 901839
669 1338 421374
669 1339 38789
670 1340 604599
670 1341 942251
671 1342 1
671 1343 812758
672 1344 232260
672 1345 960268
673 1346 1000000
673 1347 1000000
674 1348 192715
674 1349 167357
675 1350 1000000
675 1351 384316
676 1352 930885
676 1353 964263
677 1354 330412
677 1355 1000000
678 1356 942034
678 1357 953088
679 1358 1
679 1359 926322
680 1360 438801
680 1361 767104
681 1362 1
681 1363 113
682 1364 979401
682 1365 560246
683 1366 99
683 1367 784
684 1368 714
684 1369 787132
685 1370 1000000
685 1371 11
686 1372 917307
686 1373 631818
687 1374 131356
687 1375 988232
688 1376 121783
688 1377 919739
689 1378 978171
689 1379 1
690 1380 900985
690 1381 993628
691 1382 947040
691 1383 859847
692 1384 1000000
692 1385 559471
693 1386 645205
693 1387 1000000
694 1388 1000000
694 1389 686681
695 1390 672
695 1391 795261
696 1392 1000000
696 1393 564
697 1394 511
697 1395 1000000
698 1396 937136
698 1397 990854
699 1398 504872
699 1399 442906
700 1400 946801
700 1401 449
701 1402 712747
701 1403 97475
702 1404 1
702 1405 904021
703 1406 971704
703 1407 961908
704 1408 973713
704 1409 1000000
705 1410 925092
705 1411 488502
706 1412 1000000
706 1413 524
707 1414 947033
707 1415 480808
708 1416 1000000
708 1417 936374
709 1418 804437
709 1419 993507
710 1420 965074
710 1421 953895
711 1422 648659
711 1423 502
712 1424 917497
712 1425 990623
713 1426 111
713 1427 1000000
714 1428 1000000
714 1429 966819
715 1430 8
715 1431 955414
716 1432 258427
716 1433 969754
717 1434 920
717 1435 1000000
718 1436 1000000
718 1437 544428
719 1438 935620
719 1439 63872
720 1440 1
720 1441 916943
721 1442 911792
721 1443 1000000
722 1444 977906
722 1445 907418
723 1446 299
723 1447 927
724 1448 938727
724 1449 944327
725 1450 966547
725 1451 1
726 1452 915618
726 1453 280
727 1454 928136
727 1455 337
728 1456 8
728 1457 767
729 1458 50465
729 1459 1
730 1460 304258
730 1461 995334
731 1462 934935
731 1463 861270
732 1464 68408
732 1465 939184
733 1466 951454
733 1467 257
734 1468 640350
734 1469 902902
735 1470 32
735 1471 582
736 1472 696
736 1473 596685
737 1474 997864
737 1475 858654
738 1476 1000000
738 1477 949
739 1478 921547
739 1479 948921
740 1480 1000000
740 1481 203
741 1482 969472
741 1483 1
742 1484 600292
742 1485 339751
743 1486 995382
743 1487 926658
744 1488 969327
744 1489 970548
745 1490 1
745 1491 760742
746 1492 467604
746 1493 431
747 1494 188537
747 1495 762328
748 1496 777652
748 1497 955093
749 1498 938867
749 1499 998671
750 1500 945442
750 1501 829
751 1502 991653
751 1503 694998
752 1504 1
752 1505 986046
753 1506 752693
753 1507 754672
754 1508 1
754 1509 1000000
755 1510 968812
755 1511 832
756 1512 859
756 1513 998665
757 1514 277096
757 1515 662514
758 1516 422
758 1517 944310
759 1518 555471
759 1519 678031
760 1520 218692
760 1521 987056
761 1522 1000000
761 1523 733
762 1524 1000000
762 1525 780960
763 1526 247
763 1527 230
764 1528 939706
764 1529 960761
765 1530 235
765 1531 726845
766 1532 956150
766 1533 930198
767 1534 590584
767 1535 951918
768 1536 146
768 1537 200927
769 1538 119572
769 1539 379
770 1540 892421
770 1541 962541
771 1542 492107
771 1543 1000000
772 1544 1000000
772 1545 974952
773 1546 1000000
773 1547 618875
774 1548 1
774 1549 934635
775 1550 958976
775 1551 918426
776 1552 94466
776 1553 953998
777 1554 940468
777 1555 317600
778 1556 67
778 1557 861864
779 1558 794043
779 1559 904357
780 1560 147
780 1561 913449
781 1562 503
781 1563 940870
782 1564 1
782 1565 1000000
783 1566 115330
783 1567 894660
784 1568 325
784 1569 40867
785 1570 1
785 1571 423
786 1572 1
786 1573 184
787 1574 1
787 1575 983700
788 1576 1000000
788 1577 597846
789 1578 918137
789 1579 92065
790 1580 62
790 1581 1
791 1582 936824
791 1583 942333
792 1584 904
792 1585 1
793 1586 586
793 1587 902808
794 1588 902666
794 1589 901902
795 1590 992460
795 1591 477
796 1592 220187
796 1593 963495
797 1594 991068
797 1595 356036
798 1596 821364
798 1597 172204
799 1598 916731
799 1599 964914
800 1600 1000000
800 1601 1000000
801 1602 25817
801 1603 501963
802 1604 933301
802 1605 619689
803 1606 453953
803 1607 128272
804 1608 977
804 1609 1000000
805 1610 838007
805 1611 1000000
806 1612 653147
806 1613 952158
807 1614 1000000
807 1615 965718
808 1616 255
808 1617 977345
809 1618 164544
809 1619 547
810 1620 867
810 1621 967902
811 1622 980954
811 1623 233513
812 1624 996497
812 1625 194353
813 1626 1000000
813 1627 913364
814 1628 742
814 1629 760526
815 1630 352
815 1631 301299
816 1632 1
816 1633 841573
817 1634 106029
817 1635 904199
818 1636 451963
818 1637 1000000
819 1638 491
819 1639 336697
820 1640 959659
820 1641 963391
821 1642 987562
821 1643 322421
822 1644 481892
822 1645 913217
823 1646 596
823 1647 1000000
824 1648 234
824 1649 546333
825 1650 570
825 1651 788891
826 1652 905621
826 1653 948895
827 1654 956785
827 1655 1
828 1656 909314
828 1657 1000000
829 1658 998473
829 1659 764478
830 1660 920
830 1661 825
831 1662 889325
831 1663 747
832 1664 695163
832 1665 1000000
833 1666 996293
833 1667 108
834 1668 888064
834 1669 847
835 1670 948
835 1671 804
836 1672 609
836 1673 922499
837 1674 1
837 1675 225519
838 1676 762572
838 1677 819819
839 1678 323300
839 1679 805
840 1680 929610
840 1681 968332
841 1682 909943
841 1683 995361
842 1684 1
842 1685 86
843 1686 904253
843 1687 437785
844 1688 667233
844 1689 10687
845 1690 950278
845 1691 206
846 1692 1000000
846 1693 955487
847 1694 201
847 1695 156260
848 1696 515938
848 1697 934370
849 1698 795
849 1699 944709
850 1700 964950
850 1701 657003
851 1702 676861
851 1703 1000000
852 1704 684
852 1705 983409
853 1706 428301
853 1707 998895
854 1708 427323
854 1709 546
855 1710 1000000
855 1711 982282
856 1712 792499
856 1713 1000000
857 1714 756003
857 1715 910023
858 1716 582824
858 1717 63
859 1718 541335
859 1719 920649
860 1720 53187
860 1721 1
861 1722 480
861 1723 905251
862 1724 365
862 1725 925042
863 1726 905977
863 1727 1000000
864 1728 957662
864 1729 175971
865 1730 784
865 1731 492293
866 1732 535
866 1733 937418
867 1734 1000000
867 1735 592438
868 1736 938814
868 1737 907334
869 1738 130690
869 1739 634623
870 1740 659
870 1741 66779
871 1742 791
871 1743 653741
872 1744 933562
872 1745 973428
873 1746 945827
873 1747 33
874 1748 790736
874 1749 1000000
875 1750 924
875 1751 44598
876 1752 364
876 1753 863
877 1754 1
877 1755 1000000
878 1756 1000000
878 1757 824976
879 1758 958149
879 1759 488005
880 1760 976
880 1761 1000000
881 1762 930394
881 1763 907663
882 1764 137934
882 1765 987238
883 1766 489
883 1767 345978
884 1768 1000000
884 1769 383084
885 1770 976448
885 1771 1000000
886 1772 921580
886 1773 852342
887 1774 408
887 1775 27
888 1776 911580
888 1777 946225
889 1778 903340
889 1779 991602
890 1780 68211
890 1781 438203
891 1782 914224
891 1783 739385
892 1784 962411
892 1785 663
893 1786 183966
893 1787 983307
894 1788 454350
894 1789 426496
895 1790 459571
895 1791 55
896 1792 317608
896 1793 847545
897 1794 82
897 1795 888269
898 1796 283648
898 1797 1000000
899 1798 980
899 1799 905786
900 1800 362
900 1801 356
901 1802 87
901 1803 482562
902 1804 896960
902 1805 966830
903 1806 803689
903 1807 16
904 1808 1000000
904 1809 946727
905 1810 1000000
905 1811 902145
906 1812 1000000
906 1813 935109
907 1814 905346
907 1815 685595
908 1816 945581
908 1817 341828
909 1818 924853
909 1819 909701
910 1820 919527
910 1821 949068
911 1822 373876
911 1823 266343
912 1824 191
912 1825 1
913 1826 798
913 1827 192183
914 1828 902719
914 1829 255204
915 1830 952596
915 1831 1000000
916 1832 579312
916 1833 262317
917 1834 636
917 1835 178
918 1836 720
918 1837 930755
919 1838 952760
919 1839 495925
920 1840 954233
920 1841 1000000
921 1842 2
921 1843 978717
922 1844 909470
922 1845 263776
923 1846 934389
923 1847 1
924 1848 942110
924 1849 476537
925 1850 979387
925 1851 1
926 1852 1000000
926 1853 953655
927 1854 947819
927 1855 806963
928 1856 379736
928 1857 1000000
929 1858 930236
929 1859 957950
930 1860 937154
930 1861 229
931 1862 41071
931 1863 447
932 1864 949948
932 1865 981290
933 1866 386231
933 1867 737
934 1868 1000000
934 1869 1
935 1870 536
935 1871 1000000
936 1872 557218
936 1873 940771
937 1874 987010
937 1875 991082
938 1876 610870
938 1877 507
939 1878 780557
939 1879 986622
940 1880 1
940 1881 789
941 1882 85
941 1883 863743
942 1884 429
942 1885 1
943 1886 904158
943 1887 1000000
944 1888 803
944 1889 955815
945 1890 919419
945 1891 938984
946 1892 873
946 1893 333293
947 1894 637244
947 1895 798
948 1896 21931
948 1897 1
949 1898 614146
949 1899 668486
950 1900 830435
950 1901 978593
951 1902 623217
951 1903 886228
952 1904 999568
952 1905 983571
953 1906 853126
953 1907 151355
954 1908 717595
954 1909 1
955 1910 380830
955 1911 483
956 1912 984172
956 1913 1000000
957 1914 902311
957 1915 944604
958 1916 615212
958 1917 666057
959 1918 982454
959 1919 955330
960 1920 903073
960 1921 1000000
961 1922 962501
961 1923 964704
962 1924 935128
962 1925 490065
963 1926 355
963 1927 1
964 1928 913269
964 1929 304894
965 1930 942522
965 1931 1000000
966 1932 1000000
966 1933 38074
967 1934 643
967 1935 486232
968 1936 1
968 1937 349
969 1938 1000000
969 1939 105261
970 1940 973204
970 1941 850
971 1942 1000000
971 1943 30699
972 1944 959867
972 1945 887999
973 1946 930718
973 1947 1000
974 1948 1
974 1949 1000000
975 1950 1
975 1951 942286
976 1952 952107
976 1953 1
977 1954 425748
977 1955 147
978 1956 948870
978 1957 565
979 1958 928894
979 1959 985865
980 1960 715417
980 1961 482168
981 1962 915
981 1963 33698
982 1964 453
982 1965 405393
983 1966 1000000
983 1967 738956
984 1968 627
984 1969 795023
985 1970 919390
985 1971 776575
986 1972 832131
986 1973 909844
987 1974 516
987 1975 66358
988 1976 135984
988 1977 922224
989 1978 775
989 1979 941758
990 1980 638895
990 1981 452389
991 1982 1000000
991 1983 1000000
992 1984 904371
992 1985 982183
993 1986 913796
993 1987 200
994 1988 1
994 1989 288372
995 1990 997828
995 1991 1000000
996 1992 860112
996 1993 433
997 1994 924092
997 1995 290
998 1996 1
998 1997 1000000
999 1998 929884
999 1999 992271
1000 2000 107574
1000 2001 1
1001 2002 740370
1001 2003 990170
1002 2004 466029
1002 2005 212481
1003 2006 184
1003 2007 109144
1004 2008 391475
1004 2009 814819
1005 2010 931593
1005 2011 134
1006 2012 702633
1006 2013 470996
1007 2014 958
1007 2015 239899
1008 2016 386362
1008 2017 1
1009 2018 651
1009 2019 871
1010 2020 222945
1010 2021 916849
1011 2022 510129
1011 2023 243388
1012 2024 462
1012 2025 938335
1013 2026 208534
1013 2027 1000000
1014 2028 475883
1014 2029 225349
1015 2030 107548
1015 2031 602
1016 2032 952520
1016 2033 958642
1017 2034 249
1017 2035 635162
1018 2036 842
1018 2037 367214
1019 2038 1000000
1019 2039 506253
1020 2040 573
1020 2041 930917
1021 2042 1000000
1021 2043 483633
1022 2044 932448
1022 2045 190
1023 2046 1
1023 2047 1000000
1024 2048 935171
1024 2049 471938
1025 2050 418913
1025 2051 982738
1026 2052 917760
1026 2053 793
1027 2054 920096
1027 2055 948826
1028 2056 470367
1028 2057 1000000
1029 2058 94576
1029 2059 994912
1030 2060 970696
1030 2061 240642
1031 2062 565
1031 2063 993446
1032 2064 1
1032 2065 985252
1033 2066 944583
1033 2067 177
1034 2068 388
1034 2069 986401
1035 2070 928899
1035 2071 1
1036 2072 745263
1036 2073 996591
1037 2074 951997
1037 2075 499323
1038 2076 961600
1038 2077 447775
1039 2078 886316
1039 2079 937534
1040 2080 1
1040 2081 692419
1041 2082 71330
1041 2083 572546
1042 2084 790585
1042 2085 191256
1043 2086 977376
1043 2087 44
1044 2088 946869
1044 2089 215383
1045 2090 26867
1045 2091 914
1046 2092 120976
1046 2093 967453
1047 2094 910686
1047 2095 840
1048 2096 506
1048 2097 913
1049 2098 63135
1049 2099 202411
1050 2100 606
1050 2101 962117
1051 2102 564159
1051 2103 1
1052 2104 908538
1052 2105 103
1053 2106 891
1053 2107 820
1054 2108 956809
1054 2109 249
1055 2110 982709
1055 2111 919905
1056 2112 125
1056 2113 833107
1057 2114 997919
1057 2115 416318
1058 2116 966756
1058 2117 1000000
1059 2118 926996
1059 2119 520
1060 2120 945851
1060 2121 931661
1061 2122 1000000
1061 2123 757
1062 2124 24
1062 2125 800055
1063 2126 984317
1063 2127 594
1064 2128 456248
1064 2129 386083
1065 2130 820
1065 2131 914785
1066 2132 907800
1066 2133 201153
1067 2134 784
1067 2135 54
1068 2136 946611
1068 2137 960236
1069 2138 810280
1069 2139 944419
1070 2140 969787
1070 2141 485
1071 2142 305593
1071 2143 210580
1072 2144 958919
1072 2145 1000000
1073 2146 1000000
1073 2147 987259
1074 2148 313
1074 2149 519
1075 2150 910878
1075 2151 4049
1076 2152 614
1076 2153 579997
1077 2154 772794
1077 2155 207447
1078 2156 961753
1078 2157 982461
1079 2158 146182
1079 2159 467750
1080 2160 956257
1080 2161 972198
1081 2162 752598
1081 2163 907147
1082 2164 56914
1082 2165 949652
1083 2166 1
1083 2167 443
1084 2168 975718
1084 2169 16
1085 2170 767
1085 2171 12000
1086 2172 909323
1086 2173 911863
1087 2174 659969
1087 2175 27101
1088 2176 986573
1088 2177 941686
1089 2178 927074
1089 2179 374952
1090 2180 948516
1090 2181 243766
1091 2182 974643
1091 2183 119700
1092 2184 489324
1092 2185 236695
1093 2186 781
1093 2187 977688
1094 2188 23267
1094 2189 961244
1095 2190 1000000
1095 2191 778
1096 2192 395771
1096 2193 491
1097 2194 3926
1097 2195 957542
1098 2196 795576
1098 2197 955347
1099 2198 843671
1099 2199 1
1100 2200 969979
1100 2201 919441
1101 2202 1000000
1101 2203 954879
1102 2204 201
1102 2205 1000000
1103 2206 985246
1103 2207 773132
1104 2208 746641
1104 2209 378
1105 2210 251951
1105 2211 987386
1106 2212 145764
1106 2213 562181
1107 2214 695
1107 2215 68895
1108 2216 788
1108 2217 1
1109 2218 874634
1109 2219 1000000
1110 2220 460322
1110 2221 903894
1111 2222 913543
1111 2223 903436
1112 2224 475537
1112 2225 1
1113 2226 1000000
1113 2227 47
1114 2228 915565
1114 2229 308874
1115 2230 276
1115 2231 916292
1116 2232 993733
1116 2233 1000000
1117 2234 883094
1117 2235 1000000
1118 2236 689
1118 2237 942232
1119 2238 559628
1119 2239 310
1120 2240 590698
1120 2241 234
1121 2242 1
1121 2243 288411
1122 2244 330
1122 2245 1000
1123 2246 1
1123 2247 1000000
1124 2248 790
1124 2249 679737
1125 2250 295532
1125 2251 949602
1126 2252 921204
1126 2253 1000000
1127 2254 1000000
1127 2255 239
1128 2256 195
1128 2257 983897
1129 2258 936805
1129 2259 971969
1130 2260 911948
1130 2261 452163
1131 2262 1000000
1131 2263 89869
1132 2264 341137
1132 2265 536820
1133 2266 1000000
1133 2267 975849
1134 2268 1000000
1134 2269 343510
1135 2270 1000000
1135 2271 1000000
1136 2272 573571
1136 2273 936679
1137 2274 978041
1137 2275 577
1138 2276 997933
1138 2277 972819
1139 2278 319
1139 2279 993099
1140 2280 1
1140 2281 1000000
1141 2282 145
1141 2283 939456
1142 2284 1000000
1142 2285 576831
1143 2286 495
1143 2287 910490
1144 2288 956794
1144 2289 981434
1145 2290 885
1145 2291 755
1146 2292 764713
1146 2293 924600
1147 2294 711956
1147 2295 1
1148 2296 869204
1148 2297 635157
1149 2298 949377
1149 2299 1000000
1150 2300 753846
1150 2301 263465
1151 2302 67296
1151 2303 1000000
1152 2304 808210
1152 2305 426
1153 2306 446960
1153 2307 964076
1154 2308 985754
1154 2309 1000000
1155 2310 965240
1155 2311 962587
1156 2312 960216
1156 2313 23
1157 2314 765
1157 2315 1
1158 2316 683
1158 2317 972437
1159 2318 787167
1159 2319 942194
1160 2320 89
1160 2321 835190
1161 2322 1
1161 2323 917993
1162 2324 992259
1162 2325 919667
1163 2326 653
1163 2327 98608
1164 2328 208734
1164 2329 475
1165 2330 971487
1165 2331 1
1166 2332 1000000
1166 2333 1000000
1167 2334 124
1167 2335 657
1168 2336 906278
1168 2337 908849
1169 2338 381642
1169 2339 481
1170 2340 384
1170 2341 1000000
1171 2342 243943
1171 2343 893900
1172 2344 1000000
1172 2345 985483
1173 2346 506
1173 2347 1000000
1174 2348 552
1174 2349 993661
1175 2350 913057
1175 2351 63
1176 2352 410
1176 2353 1
1177 2354 879
1177 2355 696183
1178 2356 290
1178 2357 996589
1179 2358 1
1179 2359 907046
1180 2360 538790
1180 2361 939
1181 2362 106
1181 2363 1000000
1182 2364 528546
1182 2365 951065
1183 2366 566030
1183 2367 937687
1184 2368 989709
1184 2369 94
1185 2370 650381
1185 2371 857
1186 2372 977415
1186 2373 245528
1187 2374 43124
1187 2375 547120
1188 2376 959797
1188 2377 762495
1189 2378 1000000
1189 2379 902289
1190 2380 964904
1190 2381 1
1191 2382 250566
1191 2383 909673
1192 2384 956985
1192 2385 964433
1193 2386 969760
1193 2387 831009
1194 2388 495128
1194 2389 383
1195 2390 978405
1195 2391 784589
1196 2392 736580
1196 2393 1
1197 2394 802751
1197 2395 1000000
1198 2396 624
1198 2397 109
1199 2398 76
1199 2399 1
1200 2400 779
1200 2401 526
1201 2402 985247
1201 2403 61063
1202 2404 1000000
1202 2405 112
1203 2406 1000000
1203 2407 267
1204 2408 553
1204 2409 980052
1205 2410 692
1205 2411 39
1206 2412 939730
1206 2413 589
1207 2414 917521
1207 2415 846008
1208 2416 982459
1208 2417 950047
1209 2418 1000000
1209 2419 928871
1210 2420 955640
1210 2421 736214
1211 2422 102750
1211 2423 416
1212 2424 1000000
1212 2425 135195
1213 2426 636
1213 2427 802
1214 2428 219657
1214 2429 972408
1215 2430 1000000
1215 2431 598
1216 2432 988834
1216 2433 276
1217 2434 554379
1217 2435 153744
1218 2436 785436
1218 2437 1000000
1219 2438 789328
1219 2439 955579
1220 2440 522007
1220 2441 279
1221 2442 993164
1221 2443 953616
1222 2444 970176
1222 2445 690121
1223 2446 380606
1223 2447 933212
1224 2448 934601
1224 2449 657548
1225 2450 496127
1225 2451 975105
1226 2452 947956
1226 2453 1
1227 2454 952889
1227 2455 924838
1228 2456 31
1228 2457 1000000
1229 2458 981224
1229 2459 967346
1230 2460 932343
1230 2461 493
1231 2462 905346
1231 2463 980782
1232 2464 558627
1232 2465 997543
1233 2466 901288
1233 2467 638163
1234 2468 908305
1234 2469 974567
1235 2470 470033
1235 2471 1000000
1236 2472 753731
1236 2473 994057
1237 2474 930928
1237 2475 583944
1238 2476 199
1238 2477 616
1239 2478 700
1239 2479 645
1240 2480 255
1240 2481 971629
1241 2482 931004
1241 2483 157732
1242 2484 723
1242 2485 991121
1243 2486 534
1243 2487 928455
1244 2488 377795
1244 2489 978321
1245 2490 975545
1245 2491 959136
1246 2492 350
1246 2493 64
1247 2494 854340
1247 2495 618567
1248 2496 1000000
1248 2497 371712
1249 2498 995852
1249 2499 971240
1250 2500 1
1250 2501 1
1251 2502 671
1251 2503 94
1252 2504 910036
1252 2505 460166
1253 2506 1000000
1253 2507 982554
1254 2508 923136
1254 2509 975995
1255 2510 904987
1255 2511 997476
1256 2512 919678
1256 2513 640064
1257 2514 933288
1257 2515 976929
1258 2516 948930
1258 2517 611004
1259 2518 728428
1259 2519 711
1260 2520 955423
1260 2521 497628
1261 2522 1000000
1261 2523 982205
1262 2524 100
1262 2525 1
1263 2526 426
1263 2527 1
1264 2528 958957
1264 2529 208093
1265 2530 1000000
1265 2531 947983
1266 2532 948416
1266 2533 939527
1267 2534 930320
1267 2535 430093
1268 2536 413
1268 2537 995014
1269 2538 954568
1269 2539 531
1270 2540 460464
1270 2541 195
1271 2542 855
1271 2543 595
1272 2544 170
1272 2545 905519
1273 2546 984241
1273 2547 933116
1274 2548 450
1274 2549 164787
1275 2550 826986
1275 2551 912058
1276 2552 940573
1276 2553 167709
1277 2554 1000000
1277 2555 670669
1278 2556 926827
1278 2557 458907
1279 2558 901916
1279 2559 946322
1280 2560 961555
1280 2561 393883
1281 2562 223077
1281 2563 414
1282 2564 902458
1282 2565 349206
1283 2566 905122
1283 2567 84719
1284 2568 907377
1284 2569 989684
1285 2570 1000000
1285 2571 308869
1286 2572 829336
1286 2573 949858
1287 2574 973823
1287 2575 986540
1288 2576 65100
1288 2577 913911
1289 2578 370
1289 2579 968418
1290 2580 927018
1290 2581 9
1291 2582 915608
1291 2583 983142
1292 2584 751431
1292 2585 1
1293 2586 918334
1293 2587 901429
1294 2588 841
1294 2589 115
1295 2590 989466
1295 2591 208
1296 2592 574646
1296 2593 200
1297 2594 307553
1297 2595 949125
1298 2596 783916
1298 2597 311
1299 2598 965574
1299 2599 272324
1300 2600 183
1300 2601 931400
1301 2602 464282
1301 2603 628499
1302 2604 978497
1302 2605 980142
1303 2606 572
1303 2607 201
1304 2608 945394
1304 2609 402777
1305 2610 963437
1305 2611 928134
1306 2612 31896
1306 2613 47094
1307 2614 1
1307 2615 732508
1308 2616 84451
1308 2617 330573
1309 2618 966586
1309 2619 985547
1310 2620 958652
1310 2621 703491
1311 2622 959191
1311 2623 346169
1312 2624 741876
1312 2625 691
1313 2626 210315
1313 2627 636830
1314 2628 563
1314 2629 781
1315 2630 816395
1315 2631 556931
1316 2632 715
1316 2633 988978
1317 2634 741369
1317 2635 935532
1318 2636 642931
1318 2637 952076
1319 2638 884655
1319 2639 951042
1320 2640 374
1320 2641 1
1321 2642 114749
1321 2643 153301
1322 2644 335527
1322 2645 977180
1323 2646 963379
1323 2647 1000000
1324 2648 925455
1324 2649 53659
1325 2650 520
1325 2651 907694
1326 2652 101147
1326 2653 935951
1327 2654 1000000
1327 2655 620
1328 2656 1000000
1328 2657 1000000
1329 2658 972734
1329 2659 948135
1330 2660 100281
1330 2661 1
1331 2662 85
1331 2663 170141
1332 2664 907096
1332 2665 956194
1333 2666 1000000
1333 2667 907
1334 2668 55
1334 2669 202
1335 2670 431
1335 2671 985720
1336 2672 981312
1336 2673 944529
1337 2674 361
1337 2675 1000000
1338 2676 72788
1338 2677 697
1339 2678 424
1339 2679 241457
1340 2680 1
1340 2681 306515
1341 2682 457872
1341 2683 1
1342 2684 37633
1342 2685 869326
1343 2686 563
1343 2687 331943
1344 2688 693207
1344 2689 1000000
1345 2690 709785
1345 2691 1000000
1346 2692 558361
1346 2693 987776
1347 2694 1000000
1347 2695 433680
1348 2696 923405
1348 2697 976288
1349 2698 923022
1349 2699 242664
1350 2700 260964
1350 2701 927025
1351 2702 993005
1351 2703 17
1352 2704 1000000
1352 2705 676097
1353 2706 920809
1353 2707 931798
1354 2708 227605
1354 2709 229855
1355 2710 976394
1355 2711 308257
1356 2712 173525
1356 2713 936394
1357 2714 290
1357 2715 1
1358 2716 151219
1358 2717 398474
1359 2718 1000000
1359 2719 1
1360 2720 953773
1360 2721 511
1361 2722 589
1361 2723 25197
1362 2724 505275
1362 2725 830490
1363 2726 90193
1363 2727 85
1364 2728 314152
1364 2729 959954
1365 2730 855933
1365 2731 914538
1366 2732 947969
1366 2733 668
1367 2734 1000000
1367 2735 886136
1368 2736 715531
1368 2737 1000000
1369 2738 441680
1369 2739 1000000
1370 2740 390684
1370 2741 909163
1371 2742 429
1371 2743 909267
1372 2744 820720
1372 2745 1000000
1373 2746 390187
1373 2747 795165
1374 2748 373414
1374 2749 118340
1375 2750 160
1375 2751 1
1376 2752 1
1376 2753 1000000
1377 2754 698072
1377 2755 404529
1378 2756 243
1378 2757 1000000
1379 2758 335800
1379 2759 1000000
1380 2760 1000000
1380 2761 403
1381 2762 68059
1381 2763 1000000
1382 2764 1000000
1382 2765 1000000
1383 2766 461654
1383 2767 854
1384 2768 96028
1384 2769 988616
1385 2770 976979
1385 2771 870801
1386 2772 1000000
1386 2773 78356
1387 2774 380
1387 2775 993393
1388 2776 882604
1388 2777 815344
1389 2778 914129
1389 2779 185172
1390 2780 924483
1390 2781 922476
1391 2782 386686
1391 2783 649
1392 2784 989
1392 2785 1
1393 2786 907055
1393 2787 415353
1394 2788 540386
1394 2789 762
1395 2790 953451
1395 2791 306279
1396 2792 1000000
1396 2793 106679
1397 2794 997284
1397 2795 987479
1398 2796 113903
1398 2797 972
1399 2798 1
1399 2799 963879
1400 2800 964165
1400 2801 552
1401 2802 178645
1401 2803 953249
1402 2804 870847
1402 2805 365311
1403 2806 713215
1403 2807 1000000
1404 2808 852
1404 2809 293332
1405 2810 186915
1405 2811 959832
1406 2812 986679
1406 2813 912373
1407 2814 1
1407 2815 261802
1408 2816 902270
1408 2817 961382
1409 2818 973964
1409 2819 956271
1410 2820 877566
1410 2821 1
1411 2822 929
1411 2823 984497
1412 2824 680
1412 2825 909425
1413 2826 986917
1413 2827 982883
1414 2828 608824
1414 2829 59017
1415 2830 518
1415 2831 232
1416 2832 731131
1416 2833 989660
1417 2834 430
1417 2835 1000000
1418 2836 738
1418 2837 932012
1419 2838 931563
1419 2839 918895
1420 2840 701271
1420 2841 965645
1421 2842 772957
1421 2843 997382
1422 2844 938353
1422 2845 915783
1423 2846 913055
1423 2847 182761
1424 2848 72822
1424 2849 19
1425 2850 998358
1425 2851 125
1426 2852 1000000
1426 2853 918185
1427 2854 418431
1427 2855 997895
1428 2856 1000000
1428 2857 940
1429 2858 1000000
1429 2859 591763
1430 2860 542
1430 2861 967675
1431 2862 267721
1431 2863 719806
1432 2864 972854
1432 2865 952195
1433 2866 557
1433 2867 1000000
1434 2868 1
1434 2869 860858
1435 2870 317623
1435 2871 1000000
1436 2872 1000000
1436 2873 242
1437 2874 248855
1437 2875 927076
1438 2876 969675
1438 2877 31958
1439 2878 955304
1439 2879 975292
1440 2880 929660
1440 2881 922677
1441 2882 87202
1441 2883 354079
1442 2884 230566
1442 2885 937
1443 2886 925
1443 2887 904023
1444 2888 603295
1444 2889 755928
1445 2890 649
1445 2891 1000000
1446 2892 685959
1446 2893 414
1447 2894 941548
1447 2895 651
1448 2896 312270
1448 2897 539
1449 2898 1000000
1449 2899 1
1450 2900 223864
1450 2901 749781
1451 2902 1000000
1451 2903 387973
1452 2904 793
1452 2905 914484
1453 2906 946897
1453 2907 998907
1454 2908 923513
1454 2909 713149
1455 2910 972209
1455 2911 926191
1456 2912 512
1456 2913 919
1457 2914 994056
1457 2915 224
1458 2916 302
1458 2917 923532
1459 2918 547
1459 2919 245331
1460 2920 121
1460 2921 931055
1461 2922 1
1461 2923 322829
1462 2924 695
1462 2925 992490
1463 2926 969009
1463 2927 636949
1464 2928 673508
1464 2929 915619
1465 2930 945604
1465 2931 921122
1466 2932 125113
1466 2933 217753
1467 2934 892
1467 2935 37
1468 2936 581
1468 2937 1000000
1469 2938 397
1469 2939 610706
1470 2940 873768
1470 2941 472779
1471 2942 1000000
1471 2943 101563
1472 2944 180023
1472 2945 71
1473 2946 917075
1473 2947 604987
1474 2948 966740
1474 2949 893746
1475 2950 994584
1475 2951 178
1476 2952 971
1476 2953 925355
1477 2954 617
1477 2955 749
1478 2956 648230
1478 2957 1
1479 2958 930520
1479 2959 486
1480 2960 577604
1480 2961 537318
1481 2962 721854
1481 2963 1
1482 2964 1000000
1482 2965 1000000
1483 2966 940088
1483 2967 959268
1484 2968 9948
1484 2969 928929
1485 2970 982807
1485 2971 1000000
1486 2972 932451
1486 2973 930391
1487 2974 915957
1487 2975 996750
1488 2976 994163
1488 2977 124602
1489 2978 1000000
1489 2979 845682
1490 2980 1
1490 2981 2879
1491 2982 467440
1491 2983 470410
1492 2984 316836
1492 2985 143131
1493 2986 991519
1493 2987 449
1494 2988 952835
1494 2989 603
1495 2990 1000000
1495 2991 647
1496 2992 92
1496 2993 867
1497 2994 1
1497 2995 927
1498 2996 775554
1498 2997 684
1499 2998 1000000
1499 2999 771812
1500 3000 390530
1500 3001 957306
1501 3002 40
1501 3003 78195
1502 3004 954504
1502 3005 513873
1503 3006 997
1503 3007 952216
1504 3008 700
1504 3009 214
1505 3010 1
1505 3011 854
1506 3012 915204
1506 3013 1000000
1507 3014 976030
1507 3015 418867
1508 3016 910156
1508 3017 101902
1509 3018 961956
1509 3019 408453
1510 3020 954
1510 3021 425893
1511 3022 920
1511 3023 720319
1512 3024 966425
1512 3025 64177
1513 3026 1000000
1513 3027 664873
1514 3028 967396
1514 3029 720
1515 3030 64782
1515 3031 311412
1516 3032 972769
1516 3033 916381
1517 3034 966742
1517 3035 311598
1518 3036 1000000
1518 3037 994461
1519 3038 538162
1519 3039 939460
1520 3040 950230
1520 3041 622711
1521 3042 124444
1521 3043 511690
1522 3044 342501
1522 3045 456733
1523 3046 365304
1523 3047 975428
1524 3048 647455
1524 3049 954
1525 3050 326874
1525 3051 536731
1526 3052 785599
1526 3053 921554
1527 3054 940464
1527 3055 901186
1528 3056 558736
1528 3057 466
1529 3058 1
1529 3059 905272
1530 3060 952072
1530 3061 980824
1531 3062 82079
1531 3063 421
1532 3064 562
1532 3065 928407
1533 3066 384155
1533 3067 987002
1534 3068 424734
1534 3069 933384
1535 3070 702146
1535 3071 848
1536 3072 993822
1536 3073 820
1537 3074 1000000
1537 3075 907356
1538 3076 219694
1538 3077 343
1539 3078 946
1539 3079 1
1540 3080 21113
1540 3081 801807
1541 3082 854411
1541 3083 424081
1542 3084 116810
1542 3085 179943
1543 3086 1
1543 3087 472224
1544 3088 900531
1544 3089 954068
1545 3090 1000000
1545 3091 1000000
1546 3092 1000000
1546 3093 1000000
1547 3094 996315
1547 3095 609191
1548 3096 1000000
1548 3097 45
1549 3098 574341
1549 3099 975605
1550 3100 946798
1550 3101 672
1551 3102 952181
1551 3103 939674
1552 3104 1
1552 3105 995336
1553 3106 393202
1553 3107 229034
1554 3108 171136
1554 3109 797
1555 3110 985893
1555 3111 253512
1556 3112 1000000
1556 3113 919615
1557 3114 1
1557 3115 989119
1558 3116 1000000
1558 3117 946885
1559 3118 966497
1559 3119 1000000
1560 3120 432092
1560 3121 754
1561 3122 926566
1561 3123 356118
1562 3124 925303
1562 3125 1000000
1563 3126 983734
1563 3127 673
1564 3128 43787
1564 3129 952167
1565 3130 910740
1565 3131 1
1566 3132 514697
1566 3133 1000000
1567 3134 966301
1567 3135 953636
1568 3136 937568
1568 3137 983741
1569 3138 804248
1569 3139 969462
1570 3140 582
1570 3141 961211
1571 3142 364365
1571 3143 904
1572 3144 45103
1572 3145 961547
1573 3146 300524
1573 3147 102532
1574 3148 629473
1574 3149 1
1575 3150 203
1575 3151 69
1576 3152 688
1576 3153 973710
1577 3154 906283
1577 3155 731296
1578 3156 851
1578 3157 687060
1579 3158 906441
1579 3159 11673
1580 3160 967478
1580 3161 9
1581 3162 1
1581 3163 30315
1582 3164 192394
1582 3165 955220
1583 3166 939873
1583 3167 721822
1584 3168 930140
1584 3169 960133
1585 3170 960173
1585 3171 387706
1586 3172 330649
1586 3173 938536
1587 3174 958132
1587 3175 617788
1588 3176 431
1588 3177 178851
1589 3178 979823
1589 3179 343
1590 3180 646115
1590 3181 842
1591 3182 901021
1591 3183 902988
1592 3184 569
1592 3185 392245
1593 3186 149298
1593 3187 148552
1594 3188 398
1594 3189 911692
1595 3190 1000000
1595 3191 1
1596 3192 673705
1596 3193 76
1597 3194 990340
1597 3195 507
1598 3196 341
1598 3197 986644
1599 3198 952186
1599 3199 904516
1600 3200 908046
1600 3201 962889
1601 3202 1000000
1601 3203 973360
1602 3204 94
1602 3205 249716
1603 3206 930
1603 3207 70
1604 3208 125445
1604 3209 553161
1605 3210 886
1605 3211 936879
1606 3212 935732
1606 3213 948968
1607 3214 994310
1607 3215 945210
1608 3216 974645
1608 3217 360324
1609 3218 392099
1609 3219 507784
1610 3220 474815
1610 3221 389356
1611 3222 424
1611 3223 424587
1612 3224 886137
1612 3225 482847
1613 3226 945672
1613 3227 711
1614 3228 1000000
1614 3229 850388
1615 3230 883924
1615 3231 37438
1616 3232 785
1616 3233 1000000
1617 3234 939700
1617 3235 710
1618 3236 953107
1618 3237 290
1619 3238 807021
1619 3239 991
1620 3240 954739
1620 3241 973471
1621 3242 1000000
1621 3243 988550
1622 3244 734
1622 3245 531
1623 3246 948343
1623 3247 1
1624 3248 1
1624 3249 905051
1625 3250 684
1625 3251 167
1626 3252 932898
1626 3253 962214
1627 3254 737969
1627 3255 325
1628 3256 904790
1628 3257 785
1629 3258 341788
1629 3259 517315
1630 3260 548216
1630 3261 158
1631 3262 919776
1631 3263 1000000
1632 3264 347
1632 3265 930237
1633 3266 891247
1633 3267 952028
1634 3268 463
1634 3269 381005
1635 3270 624179
1635 3271 927
1636 3272 809
1636 3273 358821
1637 3274 505335
1637 3275 984818
1638 3276 835
1638 3277 965189
1639 3278 105919
1639 3279 676354
1640 3280 966350
1640 3281 949581
1641 3282 24947
1641 3283 908899
1642 3284 903454
1642 3285 569
1643 3286 793
1643 3287 605855
1644 3288 987804
1644 3289 910995
1645 3290 996273
1645 3291 596979
1646 3292 12498
1646 3293 900235
1647 3294 957231
1647 3295 1000000
1648 3296 952633
1648 3297 572148
1649 3298 1000000
1649 3299 929197
1650 3300 237366
1650 3301 381
1651 3302 581517
1651 3303 930716
1652 3304 1
1652 3305 962660
1653 3306 980
1653 3307 228
1654 3308 104
1654 3309 997755
1655 3310 436
1655 3311 546067
1656 3312 988471
1656 3313 1000000
1657 3314 198
1657 3315 1000000
1658 3316 1000000
1658 3317 709711
1659 3318 210
1659 3319 341706
1660 3320 746695
1660 3321 1000
1661 3322 880934
1661 3323 145741
1662 3324 905829
1662 3325 1000000
1663 3326 379840
1663 3327 902884
1664 3328 1000000
1664 3329 938927
1665 3330 297
1665 3331 1
1666 3332 147
1666 3333 532
1667 3334 580311
1667 3335 93
1668 3336 948549
1668 3337 1000000
1669 3338 276987
1669 3339 931913
1670 3340 981107
1670 3341 186511
1671 3342 916556
1671 3343 477223
1672 3344 1000000
1672 3345 1000000
1673 3346 415
1673 3347 1
1674 3348 968207
1674 3349 1000000
1675 3350 912619
1675 3351 978616
1676 3352 443275
1676 3353 927637
1677 3354 192290
1677 3355 502590
1678 3356 437548
1678 3357 940317
1679 3358 901690
1679 3359 916959
1680 3360 954334
1680 3361 673269
1681 3362 719
1681 3363 902196
1682 3364 987
1682 3365 446
1683 3366 973
1683 3367 902076
1684 3368 367161
1684 3369 545985
1685 3370 1000000
1685 3371 1000000
1686 3372 330265
1686 3373 851575
1687 3374 450
1687 3375 241908
1688 3376 986668
1688 3377 750
1689 3378 924568
1689 3379 1
1690 3380 904860
1690 3381 1
1691 3382 352005
1691 3383 1000000
1692 3384 282435
1692 3385 663
1693 3386 917048
1693 3387 1
1694 3388 924819
1694 3389 1000000
1695 3390 1000000
1695 3391 960565
1696 3392 480806
1696 3393 445
1697 3394 608
1697 3395 245
1698 3396 1000000
1698 3397 990170
1699 3398 524
1699 3399 933687
1700 3400 617220
1700 3401 1000000
1701 3402 249260
1701 3403 531
1702 3404 836614
1702 3405 22982
1703 3406 230654
1703 3407 957853
1704 3408 714107
1704 3409 1000000
1705 3410 934182
1705 3411 81460
1706 3412 810130
1706 3413 73594
1707 3414 904616
1707 3415 562115
1708 3416 889155
1708 3417 936037
1709 3418 924954
1709 3419 790
1710 3420 1
1710 3421 1
1711 3422 927913
1711 3423 924371
1712 3424 69
1712 3425 529
1713 3426 982194
1713 3427 617
1714 3428 944614
1714 3429 904114
1715 3430 955400
1715 3431 963103
1716 3432 976427
1716 3433 1000000
1717 3434 286
1717 3435 900848
1718 3436 1000000
1718 3437 1
1719 3438 1000000
1719 3439 904526
1720 3440 260
1720 3441 64
1721 3442 887132
1721 3443 959051
1722 3444 1
1722 3445 439308
1723 3446 757152
1723 3447 254021
1724 3448 987424
1724 3449 1000000
1725 3450 970744
1725 3451 459
1726 3452 988737
1726 3453 871
1727 3454 470846
1727 3455 342831
1728 3456 931043
1728 3457 419
1729 3458 1000000
1729 3459 1
1730 3460 708509
1730 3461 570843
1731 3462 976827
1731 3463 275904
1732 3464 952516
1732 3465 980190
1733 3466 993641
1733 3467 956828
1734 3468 1000000
1734 3469 933037
1735 3470 1000000
1735 3471 927184
1736 3472 116509
1736 3473 873
1737 3474 935860
1737 3475 66929
1738 3476 151957
1738 3477 993597
1739 3478 877
1739 3479 99989
1740 3480 994955
1740 3481 927611
1741 3482 1000000
1741 3483 755748
1742 3484 599629
1742 3485 326846
1743 3486 919538
1743 3487 851908
1744 3488 653811
1744 3489 272859
1745 3490 977470
1745 3491 923556
1746 3492 1000000
1746 3493 277
1747 3494 949416
1747 3495 109681
1748 3496 131
1748 3497 367106
1749 3498 375
1749 3499 956515
1750 3500 34527
1750 3501 332134
1751 3502 73444
1751 3503 369155
1752 3504 936274
1752 3505 927216
1753 3506 138419
1753 3507 731160
1754 3508 46218
1754 3509 822
1755 3510 993198
1755 3511 146
1756 3512 876
1756 3513 957062
1757 3514 998229
1757 3515 715
1758 3516 881761
1758 3517 368
1759 3518 180
1759 3519 973731
1760 3520 793
1760 3521 1000000
1761 3522 919716
1761 3523 176
1762 3524 1000000
1762 3525 1000000
1763 3526 281924
1763 3527 925859
1764 3528 903033
1764 3529 552
1765 3530 245
1765 3531 943787
1766 3532 982486
1766 3533 793114
1767 3534 1000000
1767 3535 710179
1768 3536 330
1768 3537 699895
1769 3538 1000000
1769 3539 118627
1770 3540 905288
1770 3541 1000000
1771 3542 247779
1771 3543 971147
1772 3544 170
1772 3545 886703
1773 3546 278432
1773 3547 243
1774 3548 1000000
1774 3549 884195
1775 3550 922031
1775 3551 357696
1776 3552 934
1776 3553 879
1777 3554 286292
1777 3555 951
1778 3556 947731
1778 3557 1000000
1779 3558 663106
1779 3559 941
1780 3560 406
1780 3561 369
1781 3562 762215
1781 3563 67
1782 3564 914491
1782 3565 290290
1783 3566 113
1783 3567 957079
1784 3568 911751
1784 3569 923961
1785 3570 146
1785 3571 825
1786 3572 318032
1786 3573 489138
1787 3574 925385
1787 3575 993536
1788 3576 943611
1788 3577 986286
1789 3578 769081
1789 3579 973322
1790 3580 584
1790 3581 1000000
1791 3582 464
1791 3583 1000000
1792 3584 583211
1792 3585 888
1793 3586 698805
1793 3587 155386
1794 3588 402085
1794 3589 1000000
1795 3590 428
1795 3591 758012
1796 3592 816576
1796 3593 947
1797 3594 901244
1797 3595 977420
1798 3596 942446
1798 3597 825731
1799 3598 151
1799 3599 463279
1800 3600 32
1800 3601 1000000
1801 3602 107271
1801 3603 950071
1802 3604 937949
1802 3605 671
1803 3606 5
1803 3607 914261
1804 3608 907057
1804 3609 978857
1805 3610 1000000
1805 3611 849
1806 3612 650914
1806 3613 949495
1807 3614 989808
1807 3615 556590
1808 3616 917763
1808 3617 918615
1809 3618 948082
1809 3619 151
1810 3620 959
1810 3621 1000000
1811 3622 1
1811 3623 927748
1812 3624 807
1812 3625 816785
1813 3626 1000000
1813 3627 356774
1814 3628 967080
1814 3629 968896
1815 3630 906006
1815 3631 361434
1816 3632 346
1816 3633 1000000
1817 3634 1000000
1817 3635 31
1818 3636 1000000
1818 3637 960650
1819 3638 901098
1819 3639 127
1820 3640 16
1820 3641 923
1821 3642 940998
1821 3643 1000000
1822 3644 1000000
1822 3645 926302
1823 3646 897536
1823 3647 969687
1824 3648 1000000
1824 3649 875
1825 3650 989832
1825 3651 1
1826 3652 868
1826 3653 902031
1827 3654 285
1827 3655 998087
1828 3656 1000000
1828 3657 947881
1829 3658 271849
1829 3659 703505
1830 3660 783
1830 3661 762055
1831 3662 986356
1831 3663 127441
1832 3664 45510
1832 3665 900
1833 3666 413
1833 3667 603
1834 3668 1
1834 3669 1000000
1835 3670 968
1835 3671 729098
1836 3672 39
1836 3673 910307
1837 3674 1000000
1837 3675 500
1838 3676 1000000
1838 3677 1
1839 3678 588669
1839 3679 70603
1840 3680 109898
1840 3681 918506
1841 3682 911671
1841 3683 989332
1842 3684 355
1842 3685 605
1843 3686 439371
1843 3687 916343
1844 3688 901747
1844 3689 963
1845 3690 314121
1845 3691 939535
1846 3692 984993
1846 3693 979123
1847 3694 543180
1847 3695 303
1848 3696 334918
1848 3697 912490
1849 3698 725
1849 3699 629137
1850 3700 1000000
1850 3701 747086
1851 3702 667
1851 3703 21210
1852 3704 133544
1852 3705 615788
1853 3706 705246
1853 3707 976087
1854 3708 371
1854 3709 934299
1855 3710 998645
1855 3711 265227
1856 3712 259
1856 3713 587
1857 3714 859628
1857 3715 354489
1858 3716 1
1858 3717 406847
1859 3718 936326
1859 3719 967516
1860 3720 954445
1860 3721 958839
1861 3722 992897
1861 3723 1
1862 3724 1
1862 3725 336120
1863 3726 848566
1863 3727 926165
1864 3728 947030
1864 3729 1000000
1865 3730 687981
1865 3731 991973
1866 3732 884700
1866 3733 877742
1867 3734 20489
1867 3735 853296
1868 3736 480685
1868 3737 293212
1869 3738 949778
1869 3739 1
1870 3740 103
1870 3741 871581
1871 3742 1000000
1871 3743 228329
1872 3744 984080
1872 3745 981556
1873 3746 694365
1873 3747 465
1874 3748 930079
1874 3749 314
1875 3750 494
1875 3751 128488
1876 3752 440
1876 3753 994996
1877 3754 1000000
1877 3755 838
1878 3756 170
1878 3757 976484
1879 3758 42822
1879 3759 994740
1880 3760 77
1880 3761 54582
1881 3762 516
1881 3763 901648
1882 3764 754135
1882 3765 813705
1883 3766 983418
1883 3767 1000000
1884 3768 906322
1884 3769 927571
1885 3770 1
1885 3771 180562
1886 3772 263
1886 3773 703
1887 3774 303
1887 3775 267742
1888 3776 940948
1888 3777 375954
1889 3778 984077
1889 3779 772229
1890 3780 500320
1890 3781 53759
1891 3782 963861
1891 3783 6487
1892 3784 651805
1892 3785 488
1893 3786 844879
1893 3787 826715
1894 3788 553
1894 3789 371496
1895 3790 1000000
1895 3791 172885
1896 3792 951330
1896 3793 996944
1897 3794 827467
1897 3795 1000000
1898 3796 1
1898 3797 1
1899 3798 731723
1899 3799 96461
1900 3800 903
1900 3801 706
1901 3802 341396
1901 3803 987644
1902 3804 969808
1902 3805 966081
1903 3806 764413
1903 3807 798824
1904 3808 979902
1904 3809 178930
1905 3810 992353
1905 3811 1
1906 3812 802
1906 3813 863
1907 3814 91
1907 3815 912
1908 3816 81
1908 3817 973692
1909 3818 909395
1909 3819 92
1910 3820 1000000
1910 3821 303497
1911 3822 1
1911 3823 680568
1912 3824 1000000
1912 3825 949200
1913 3826 1000000
1913 3827 1000000
1914 3828 268975
1914 3829 993667
1915 3830 54
1915 3831 929892
1916 3832 601763
1916 3833 880667
1917 3834 927306
1917 3835 1
1918 3836 914827
1918 3837 420127
1919 3838 991299
1919 3839 480357
1920 3840 93
1920 3841 939886
1921 3842 418
1921 3843 374089
1922 3844 712094
1922 3845 720
1923 3846 560638
1923 3847 666819
1924 3848 279702
1924 3849 852494
1925 3850 917805
1925 3851 406683
1926 3852 731657
1926 3853 999165
1927 3854 188417
1927 3855 961637
1928 3856 121
1928 3857 954110
1929 3858 132
1929 3859 983069
1930 3860 979906
1930 3861 960611
1931 3862 162959
1931 3863 998126
1932 3864 532
1932 3865 1
1933 3866 1000000
1933 3867 935052
1934 3868 988367
1934 3869 755980
1935 3870 777563
1935 3871 984647
1936 3872 987518
1936 3873 436
1937 3874 71973
1937 3875 327092
1938 3876 935809
1938 3877 607
1939 3878 961022
1939 3879 327656
1940 3880 1
1940 3881 511500
1941 3882 766
1941 3883 343
1942 3884 14
1942 3885 972446
1943 3886 927923
1943 3887 93561
1944 3888 620
1944 3889 28248
1945 3890 710956
1945 3891 998100
1946 3892 1
1946 3893 940414
1947 3894 809311
1947 3895 965074
1948 3896 295553
1948 3897 1000000
1949 3898 972
1949 3899 912244
1950 3900 939645
1950 3901 997328
1951 3902 965064
1951 3903 958565
1952 3904 664563
1952 3905 306906
1953 3906 978730
1953 3907 547
1954 3908 910028
1954 3909 406
1955 3910 566438
1955 3911 310
1956 3912 948709
1956 3913 943073
1957 3914 928343
1957 3915 296081
1958 3916 82199
1958 3917 978867
1959 3918 588
1959 3919 1000000
1960 3920 162
1960 3921 446834
1961 3922 832
1961 3923 711176
1962 3924 916090
1962 3925 924862
1963 3926 613
1963 3927 981098
1964 3928 844978
1964 3929 1
1965 3930 911535
1965 3931 909168
1966 3932 195
1966 3933 221953
1967 3934 948182
1967 3935 493872
1968 3936 429058
1968 3937 745357
1969 3938 150
1969 3939 1000000
1970 3940 42153
1970 3941 948603
1971 3942 311384
1971 3943 779
1972 3944 295605
1972 3945 977708
1973 3946 1
1973 3947 980
1974 3948 638
1974 3949 983362
1975 3950 553
1975 3951 200315
1976 3952 582
1976 3953 612725
1977 3954 954337
1977 3955 944424
1978 3956 994421
1978 3957 1
1979 3958 920276
1979 3959 965535
1980 3960 658184
1980 3961 961
1981 3962 1000000
1981 3963 943225
1982 3964 1
1982 3965 980033
1983 3966 315
1983 3967 88
1984 3968 693
1984 3969 387
1985 3970 702
1985 3971 505
1986 3972 131
1986 3973 463381
1987 3974 577821
1987 3975 491827
1988 3976 1000000
1988 3977 1000000
1989 3978 686109
1989 3979 976224
1990 3980 606929
1990 3981 918622
1991 3982 946198
1991 3983 100
1992 3984 487
1992 3985 963152
1993 3986 926099
1993 3987 834394
1994 3988 1000000
1994 3989 514
1995 3990 916913
1995 3991 979185
1996 3992 1000000
1996 3993 964
1997 3994 1000000
1997 3995 781389
1998 3996 584764
1998 3997 351
1999 3998 871545
1999 3999 880004
2000 4000 999712
2000 4001 935176
2001 4002 967938
2001 4003 851930
2002 4004 901
2002 4005 997782
2003 4006 943658
2003 4007 1000000
2004 4008 657490
2004 4009 132792
2005 4010 940677
2005 4011 591221
2006 4012 281829
2006 4013 920714
2007 4014 1000000
2007 4015 974
2008 4016 1
2008 4017 32
2009 4018 938703
2009 4019 139315
2010 4020 569
2010 4021 768563
2011 4022 631325
2011 4023 126829
2012 4024 927117
2012 4025 1
2013 4026 1000000
2013 4027 993971
2014 4028 237
2014 4029 88
2015 4030 131
2015 4031 415397
2016 4032 751269
2016 4033 941080
2017 4034 511
2017 4035 927281
2018 4036 820667
2018 4037 957
2019 4038 403626
2019 4039 126240
2020 4040 550280
2020 4041 637380
2021 4042 1000000
2021 4043 546
2022 4044 928284
2022 4045 946163
2023 4046 963972
2023 4047 919079
2024 4048 191
2024 4049 370
2025 4050 939666
2025 4051 889
2026 4052 859
2026 4053 1000000
2027 4054 522805
2027 4055 241
2028 4056 941184
2028 4057 929765
2029 4058 796575
2029 4059 576
2030 4060 1000000
2030 4061 1000000
2031 4062 671140
2031 4063 525526
2032 4064 731882
2032 4065 970208
2033 4066 1000000
2033 4067 630986
2034 4068 933632
2034 4069 969152
2035 4070 934037
2035 4071 658750
2036 4072 984359
2036 4073 963138
2037 4074 1
2037 4075 972930
2038 4076 931046
2038 4077 17801
2039 4078 319
2039 4079 412399
2040 4080 600349
2040 4081 1
2041 4082 1000000
2041 4083 302974
2042 4084 290783
2042 4085 953373
2043 4086 963381
2043 4087 970883
2044 4088 1
2044 4089 902835
2045 4090 1000000
2045 4091 934941
2046 4092 1000000
2046 4093 955201
2047 4094 1
2047 4095 254
2048 4096 1832
2048 4097 985207
2049 4098 457
2049 4099 1000000
2050 4100 843
2050 4101 451385
2051 4102 2552
2051 4103 717
2052 4104 423696
2052 4105 938856
2053 4106 691
2053 4107 1000000
2054 4108 610763
2054 4109 972324
2055 4110 251759
2055 4111 323469
2056 4112 629907
2056 4113 905175
2057 4114 1000000
2057 4115 128313
2058 4116 929459
2058 4117 739
2059 4118 1000000
2059 4119 913699
2060 4120 158757
2060 4121 1000000
2061 4122 916696
2061 4123 950457
2062 4124 584546
2062 4125 949877
2063 4126 951877
2063 4127 984
2064 4128 187829
2064 4129 1000000
2065 4130 923411
2065 4131 458163
2066 4132 679297
2066 4133 217415
2067 4134 922209
2067 4135 990145
2068 4136 731228
2068 4137 910570
2069 4138 624002
2069 4139 633656
2070 4140 81
2070 4141 203
2071 4142 943
2071 4143 807732
2072 4144 914
2072 4145 451757
2073 4146 1
2073 4147 1000000
2074 4148 825
2074 4149 692
2075 4150 954
2075 4151 933982
2076 4152 989901
2076 4153 918187
2077 4154 319953
2077 4155 132763
2078 4156 1000000
2078 4157 502
2079 4158 910599
2079 4159 313040
2080 4160 742
2080 4161 907845
2081 4162 905238
2081 4163 835709
2082 4164 317
2082 4165 307829
2083 4166 565
2083 4167 44484
2084 4168 626483
2084 4169 915698
2085 4170 963179
2085 4171 133290
2086 4172 970106
2086 4173 710875
2087 4174 908622
2087 4175 906
2088 4176 598
2088 4177 217322
2089 4178 591
2089 4179 967840
2090 4180 912972
2090 4181 784744
2091 4182 108853
2091 4183 310118
2092 4184 945067
2092 4185 224189
2093 4186 545579
2093 4187 824
2094 4188 477414
2094 4189 529971
2095 4190 937123
2095 4191 1000000
2096 4192 906633
2096 4193 941477
2097 4194 118262
2097 4195 966819
2098 4196 906340
2098 4197 756347
2099 4198 76040
2099 4199 970803
2100 4200 957455
2100 4201 808
2101 4202 1
2101 4203 1
2102 4204 987508
2102 4205 924656
2103 4206 951624
2103 4207 953749
2104 4208 1000000
2104 4209 968272
2105 4210 934132
2105 4211 206201
2106 4212 483
2106 4213 133
2107 4214 995198
2107 4215 310
2108 4216 730343
2108 4217 840181
2109 4218 773
2109 4219 974535
2110 4220 1
2110 4221 835
2111 4222 991837
2111 4223 911316
2112 4224 949902
2112 4225 414
2113 4226 954347
2113 4227 936907
2114 4228 13
2114 4229 406050
2115 4230 974285
2115 4231 541890
2116 4232 950317
2116 4233 937272
2117 4234 1
2117 4235 600715
2118 4236 923241
2118 4237 893
2119 4238 618797
2119 4239 278838
2120 4240 965540
2120 4241 978398
2121 4242 980439
2121 4243 913897
2122 4244 139
2122 4245 541
2123 4246 479231
2123 4247 165938
2124 4248 1000000
2124 4249 959714
2125 4250 327731
2125 4251 512
2126 4252 948421
2126 4253 900859
2127 4254 1000000
2127 4255 948607
2128 4256 35018
2128 4257 778
2129 4258 688048
2129 4259 57
2130 4260 970
2130 4261 894
2131 4262 517
2131 4263 1
2132 4264 966505
2132 4265 649
2133 4266 645826
2133 4267 710603
2134 4268 1000000
2134 4269 699
2135 4270 1000000
2135 4271 924979
2136 4272 1000000
2136 4273 881
2137 4274 549
2137 4275 873869
2138 4276 406789
2138 4277 590590
2139 4278 382
2139 4279 948376
2140 4280 943212
2140 4281 920471
2141 4282 98627
2141 4283 655056
2142 4284 757149
2142 4285 29242
2143 4286 69787
2143 4287 948172
2144 4288 552359
2144 4289 1000000
2145 4290 539
2145 4291 607753
2146 4292 397671
2146 4293 932579
2147 4294 959165
2147 4295 989545
2148 4296 591
2148 4297 941468
2149 4298 944653
2149 4299 87
2150 4300 908234
2150 4301 170428
2151 4302 686091
2151 4303 1000000
2152 4304 980769
2152 4305 94
2153 4306 386
2153 4307 911675
2154 4308 770116
2154 4309 277
2155 4310 1
2155 4311 260
2156 4312 191
2156 4313 984079
2157 4314 915796
2157 4315 122
2158 4316 101
2158 4317 930534
2159 4318 961894
2159 4319 968299
2160 4320 759
2160 4321 1000000
2161 4322 970259
2161 4323 1
2162 4324 1
2162 4325 1000000
2163 4326 991741
2163 4327 601961
2164 4328 1
2164 4329 929
2165 4330 912253
2165 4331 372
2166 4332 904675
2166 4333 148
2167 4334 1
2167 4335 257278
2168 4336 978616
2168 4337 584
2169 4338 908434
2169 4339 1000000
2170 4340 936321
2170 4341 948767
2171 4342 26206
2171 4343 940075
2172 4344 975783
2172 4345 951334
2173 4346 907647
2173 4347 370455
2174 4348 797804
2174 4349 982178
2175 4350 1000000
2175 4351 1
2176 4352 663
2176 4353 993678
2177 4354 901902
2177 4355 1
2178 4356 361664
2178 4357 370975
2179 4358 695090
2179 4359 939170
2180 4360 914446
2180 4361 943929
2181 4362 530
2181 4363 1000000
2182 4364 990984
2182 4365 914614
2183 4366 781368
2183 4367 503557
2184 4368 905613
2184 4369 221442
2185 4370 93145
2185 4371 292183
2186 4372 286993
2186 4373 991765
2187 4374 365557
2187 4375 908569
2188 4376 618495
2188 4377 828
2189 4378 88516
2189 4379 901
2190 4380 971231
2190 4381 34
2191 4382 956843
2191 4383 91
2192 4384 1
2192 4385 962463
2193 4386 279944
2193 4387 690
2194 4388 1000000
2194 4389 917976
2195 4390 931327
2195 4391 927773
2196 4392 163021
2196 4393 581319
2197 4394 1000000
2197 4395 594
2198 4396 913711
2198 4397 949179
2199 4398 1
2199 4399 694394
2200 4400 950452
2200 4401 1000000
2201 4402 437786
2201 4403 434875
2202 4404 963728
2202 4405 410
2203 4406 975844
2203 4407 496259
2204 4408 26
2204 4409 1
2205 4410 912867
2205 4411 92
2206 4412 814
2206 4413 787819
2207 4414 380874
2207 4415 1
2208 4416 429638
2208 4417 175
2209 4418 735888
2209 4419 591393
2210 4420 973531
2210 4421 661
2211 4422 743
2211 4423 720
2212 4424 577
2212 4425 993039
2213 4426 983007
2213 4427 928918
2214 4428 940191
2214 4429 906640
2215 4430 449856
2215 4431 593
2216 4432 885268
2216 4433 1000000
2217 4434 966360
2217 4435 982102
2218 4436 1
2218 4437 552109
2219 4438 901884
2219 4439 874
2220 4440 940797
2220 4441 651153
2221 4442 761
2221 4443 962399
2222 4444 1000000
2222 4445 691
2223 4446 1
2223 4447 1000000
2224 4448 575401
2224 4449 186
2225 4450 727329
2225 4451 882468
2226 4452 1000000
2226 4453 313696
2227 4454 660
2227 4455 676424
2228 4456 437405
2228 4457 55787
2229 4458 639
2229 4459 968047
2230 4460 820
2230 4461 373771
2231 4462 852061
2231 4463 311
2232 4464 326409
2232 4465 1000000
2233 4466 953011
2233 4467 915502
2234 4468 1
2234 4469 121487
2235 4470 998467
2235 4471 52021
2236 4472 1
2236 4473 561564
2237 4474 683734
2237 4475 434
2238 4476 982859
2238 4477 119628
2239 4478 1
2239 4479 953020
2240 4480 205
2240 4481 917443
2241 4482 1
2241 4483 444894
2242 4484 72199
2242 4485 625
2243 4486 984377
2243 4487 770670
2244 4488 101775
2244 4489 420925
2245 4490 780045
2245 4491 315449
2246 4492 998981
2246 4493 848918
2247 4494 941369
2247 4495 107
2248 4496 903983
2248 4497 891350
2249 4498 15
2249 4499 734167
2250 4500 839
2250 4501 739004
2251 4502 395913
2251 4503 845
2252 4504 453
2252 4505 323608
2253 4506 906018
2253 4507 150
2254 4508 938236
2254 4509 937441
2255 4510 924
2255 4511 442
2256 4512 458883
2256 4513 944942
2257 4514 910168
2257 4515 190
2258 4516 984741
2258 4517 993042
2259 4518 940905
2259 4519 876
2260 4520 547991
2260 4521 1
2261 4522 862511
2261 4523 702353
2262 4524 95408
2262 4525 993997
2263 4526 813311
2263 4527 771500
2264 4528 753191
2264 4529 311231
2265 4530 991123
2265 4531 129641
2266 4532 462
2266 4533 697
2267 4534 1
2267 4535 916012
2268 4536 219
2268 4537 989712
2269 4538 379426
2269 4539 977361
2270 4540 841603
2270 4541 411786
2271 4542 89
2271 4543 904939
2272 4544 953066
2272 4545 1
2273 4546 599377
2273 4547 164
2274 4548 958673
2274 4549 948468
2275 4550 393289
2275 4551 990948
2276 4552 967688
2276 4553 1
2277 4554 1000000
2277 4555 528011
2278 4556 446
2278 4557 921563
2279 4558 454
2279 4559 981511
2280 4560 46954
2280 4561 908188
2281 4562 1
2281 4563 871
2282 4564 515243
2282 4565 834100
2283 4566 855254
2283 4567 914498
2284 4568 1
2284 4569 300552
2285 4570 1000000
2285 4571 636
2286 4572 1000000
2286 4573 1
2287 4574 20598
2287 4575 929725
2288 4576 82949
2288 4577 415671
2289 4578 353
2289 4579 945267
2290 4580 937947
2290 4581 931221
2291 4582 910687
2291 4583 952
2292 4584 1000000
2292 4585 926662
2293 4586 1
2293 4587 887
2294 4588 611492
2294 4589 933156
2295 4590 804875
2295 4591 1000000
2296 4592 1
2296 4593 926
2297 4594 194354
2297 4595 943030
2298 4596 1000000
2298 4597 528693
2299 4598 963147
2299 4599 878353
2300 4600 286521
2300 4601 915132
2301 4602 152618
2301 4603 965851
2302 4604 916152
2302 4605 951119
2303 4606 1
2303 4607 324
2304 4608 459324
2304 4609 1
2305 4610 659392
2305 4611 499528
2306 4612 1000000
2306 4613 960089
2307 4614 929738
2307 4615 334276
2308 4616 760
2308 4617 841
2309 4618 677637
2309 4619 733371
2310 4620 1000000
2310 4621 944358
2311 4622 849674
2311 4623 263659
2312 4624 568233
2312 4625 110
2313 4626 569748
2313 4627 223
2314 4628 141
2314 4629 246633
2315 4630 1000000
2315 4631 908341
2316 4632 936984
2316 4633 998791
2317 4634 423
2317 4635 148509
2318 4636 691786
2318 4637 985257
2319 4638 505658
2319 4639 950066
2320 4640 1000000
2320 4641 935142
2321 4642 94
2321 4643 561365
2322 4644 388
2322 4645 950695
2323 4646 1000000
2323 4647 987003
2324 4648 868124
2324 4649 942006
2325 4650 1000000
2325 4651 945465
2326 4652 197
2326 4653 865710
2327 4654 1
2327 4655 703789
2328 4656 911727
2328 4657 943
2329 4658 922097
2329 4659 898
2330 4660 890431
2330 4661 271
2331 4662 944608
2331 4663 621336
2332 4664 867495
2332 4665 1000000
2333 4666 826
2333 4667 901675
2334 4668 1
2334 4669 929101
2335 4670 985972
2335 4671 199215
2336 4672 943
2336 4673 927405
2337 4674 490889
2337 4675 285114
2338 4676 229821
2338 4677 1000000
2339 4678 912111
2339 4679 428158
2340 4680 357783
2340 4681 842592
2341 4682 815448
2341 4683 959568
2342 4684 102
2342 4685 991761
2343 4686 1
2343 4687 78348
2344 4688 348990
2344 4689 1
2345 4690 207033
2345 4691 913562
2346 4692 954384
2346 4693 274935
2347 4694 248
2347 4695 1
2348 4696 974250
2348 4697 235806
2349 4698 727
2349 4699 970450
2350 4700 461
2350 4701 45
2351 4702 27554
2351 4703 1
2352 4704 1000000
2352 4705 626
2353 4706 975916
2353 4707 944948
2354 4708 1
2354 4709 936067
2355 4710 1000000
2355 4711 919100
2356 4712 1000000
2356 4713 967692
2357 4714 1
2357 4715 159
2358 4716 948327
2358 4717 331
2359 4718 587
2359 4719 26991
2360 4720 1
2360 4721 617898
2361 4722 756832
2361 4723 990640
2362 4724 790147
2362 4725 1000000
2363 4726 524513
2363 4727 906189
2364 4728 695767
2364 4729 431883
2365 4730 180577
2365 4731 167856
2366 4732 230
2366 4733 132
2367 4734 979000
2367 4735 643620
2368 4736 281
2368 4737 942404
2369 4738 702
2369 4739 1000000
2370 4740 1000000
2370 4741 900176
2371 4742 849935
2371 4743 25
2372 4744 992459
2372 4745 192686
2373 4746 997
2373 4747 978233
2374 4748 933690
2374 4749 661906
2375 4750 306492
2375 4751 247
2376 4752 674985
2376 4753 1000000
2377 4754 791372
2377 4755 1000000
2378 4756 987503
2378 4757 866
2379 4758 912561
2379 4759 196
2380 4760 940447
2380 4761 1
2381 4762 1000000
2381 4763 1000000
2382 4764 900473
2382 4765 997710
2383 4766 493369
2383 4767 795308
2384 4768 535086
2384 4769 202305
2385 4770 1000000
2385 4771 1000000
2386 4772 1000000
2386 4773 960242
2387 4774 133748
2387 4775 265780
2388 4776 1
2388 4777 1
2389 4778 297129
2389 4779 277
2390 4780 466875
2390 4781 550694
2391 4782 972866
2391 4783 1000000
2392 4784 986492
2392 4785 907888
2393 4786 837081
2393 4787 944597
2394 4788 725387
2394 4789 674440
2395 4790 858209
2395 4791 1
2396 4792 739
2396 4793 986
2397 4794 32538
2397 4795 803356
2398 4796 972563
2398 4797 905
2399 4798 29911
2399 4799 8
2400 4800 969
2400 4801 317
2401 4802 724
2401 4803 974772
2402 4804 949076
2402 4805 432
2403 4806 734699
2403 4807 953999
2404 4808 926890
2404 4809 704234
2405 4810 934079
2405 4811 250008
2406 4812 1000000
2406 4813 974637
2407 4814 986103
2407 4815 913196
2408 4816 971639
2408 4817 944468
2409 4818 1000000
2409 4819 995725
2410 4820 974703
2410 4821 959451
2411 4822 992
2411 4823 895767
2412 4824 48169
2412 4825 808827
2413 4826 992320
2413 4827 19
2414 4828 27
2414 4829 647941
2415 4830 725704
2415 4831 974164
2416 4832 606
2416 4833 983709
2417 4834 918097
2417 4835 901861
2418 4836 987282
2418 4837 1
2419 4838 307826
2419 4839 784782
2420 4840 924377
2420 4841 1
2421 4842 1000000
2421 4843 968353
2422 4844 981980
2422 4845 3
2423 4846 256015
2423 4847 977377
2424 4848 793
2424 4849 1000000
2425 4850 1000000
2425 4851 438855
2426 4852 1000000
2426 4853 363003
2427 4854 624
2427 4855 1000000
2428 4856 2
2428 4857 124403
2429 4858 944952
2429 4859 497
2430 4860 952482
2430 4861 159734
2431 4862 732
2431 4863 551578
2432 4864 687829
2432 4865 505464
2433 4866 41
2433 4867 314
2434 4868 575720
2434 4869 901052
2435 4870 33864
2435 4871 554741
2436 4872 420069
2436 4873 779133
2437 4874 625171
2437 4875 258
2438 4876 943676
2438 4877 205
2439 4878 568987
2439 4879 324447
2440 4880 923846
2440 4881 933001
2441 4882 168770
2441 4883 923426
2442 4884 904877
2442 4885 428
2443 4886 959004
2443 4887 1000000
2444 4888 531484
2444 4889 81775
2445 4890 1
2445 4891 497500
2446 4892 912779
2446 4893 967734
2447 4894 560
2447 4895 270259
2448 4896 621836
2448 4897 1000000
2449 4898 972033
2449 4899 53
2450 4900 976280
2450 4901 112881
2451 4902 1
2451 4903 391176
2452 4904 875
2452 4905 981442
2453 4906 85
2453 4907 904663
2454 4908 466626
2454 4909 728
2455 4910 920173
2455 4911 767960
2456 4912 915359
2456 4913 357047
2457 4914 431
2457 4915 82
2458 4916 698039
2458 4917 527
2459 4918 507
2459 4919 935915
2460 4920 1000000
2460 4921 928185
2461 4922 1000000
2461 4923 978450
2462 4924 292265
2462 4925 932
2463 4926 1000000
2463 4927 242
2464 4928 158
2464 4929 933644
2465 4930 153861
2465 4931 996128
2466 4932 997657
2466 4933 978957
2467 4934 925552
2467 4935 94655
2468 4936 874
2468 4937 202
2469 4938 562
2469 4939 952078
2470 4940 783
2470 4941 1
2471 4942 932864
2471 4943 324222
2472 4944 396500
2472 4945 647089
2473 4946 538892
2473 4947 596186
2474 4948 934597
2474 4949 971929
2475 4950 1
2475 4951 85059
2476 4952 914247
2476 4953 569354
2477 4954 899578
2477 4955 910912
2478 4956 911485
2478 4957 787014
2479 4958 818457
2479 4959 645
2480 4960 572315
2480 4961 224976
2481 4962 241939
2481 4963 795051
2482 4964 507
2482 4965 578149
2483 4966 410833
2483 4967 1000000
2484 4968 1000000
2484 4969 530
2485 4970 990796
2485 4971 964785
2486 4972 401231
2486 4973 924205
2487 4974 842
2487 4975 278120
2488 4976 989361
2488 4977 420224
2489 4978 891
2489 4979 927702
2490 4980 931133
2490 4981 911766
2491 4982 941131
2491 4983 210
2492 4984 931248
2492 4985 1000000
2493 4986 456514
2493 4987 946508
2494 4988 947505
2494 4989 928270
2495 4990 46750
2495 4991 927455
2496 4992 990145
2496 4993 950868
2497 4994 979928
2497 4995 1
2498 4996 910081
2498 4997 626798
2499 4998 262095
2499 4999 941409
2500 5000 1
2500 5001 247
2501 5002 921714
2501 5003 945134
2502 5004 1
2502 5005 1000000
2503 5006 988793
2503 5007 62038
2504 5008 909575
2504 5009 268348
2505 5010 903199
2505 5011 1
2506 5012 1
2506 5013 303942
2507 5014 656752
2507 5015 11506
2508 5016 925882
2508 5017 937572
2509 5018 322508
2509 5019 978798
2510 5020 1
2510 5021 519
2511 5022 943104
2511 5023 900948
2512 5024 905887
2512 5025 67051
2513 5026 916492
2513 5027 1000000
2514 5028 1000000
2514 5029 222653
2515 5030 522561
2515 5031 605522
2516 5032 253389
2516 5033 983613
2517 5034 1
2517 5035 1000000
2518 5036 997745
2518 5037 65332
2519 5038 1000000
2519 5039 295005
2520 5040 636759
2520 5041 999130
2521 5042 900256
2521 5043 1000000
2522 5044 467280
2522 5045 955408
2523 5046 200669
2523 5047 980125
2524 5048 902521
2524 5049 350148
2525 5050 1
2525 5051 1
2526 5052 420
2526 5053 1000
2527 5054 935884
2527 5055 1000000
2528 5056 996549
2528 5057 357
2529 5058 906242
2529 5059 1000000
2530 5060 969181
2530 5061 906387
2531 5062 936059
2531 5063 47
2532 5064 705786
2532 5065 507789
2533 5066 950998
2533 5067 569633
2534 5068 934559
2534 5069 977225
2535 5070 1000000
2535 5071 1000000
2536 5072 977287
2536 5073 910467
2537 5074 392235
2537 5075 1
2538 5076 1
2538 5077 458518
2539 5078 632197
2539 5079 1000000
2540 5080 861233
2540 5081 923181
2541 5082 924111
2541 5083 551772
2542 5084 955
2542 5085 913307
2543 5086 538615
2543 5087 1000000
2544 5088 1
2544 5089 283379
2545 5090 957483
2545 5091 831075
2546 5092 568
2546 5093 928831
2547 5094 896503
2547 5095 296661
2548 5096 1000000
2548 5097 1
2549 5098 138168
2549 5099 987591
2550 5100 80439
2550 5101 679
2551 5102 904537
2551 5103 756
2552 5104 840014
2552 5105 711
2553 5106 210986
2553 5107 955672
2554 5108 971573
2554 5109 1000000
2555 5110 313
2555 5111 979783
2556 5112 969995
2556 5113 853426
2557 5114 644126
2557 5115 964628
2558 5116 969111
2558 5117 1000000
2559 5118 916918
2559 5119 916981
2560 5120 989185
2560 5121 186786
2561 5122 924956
2561 5123 503097
2562 5124 606
2562 5125 613742
2563 5126 118174
2563 5127 967919
2564 5128 1000000
2564 5129 973466
2565 5130 587
2565 5131 366990
2566 5132 925310
2566 5133 907716
2567 5134 119132
2567 5135 775611
2568 5136 94006
2568 5137 982
2569 5138 1
2569 5139 863826
2570 5140 265
2570 5141 1000000
2571 5142 921679
2571 5143 670449
2572 5144 910874
2572 5145 281
2573 5146 79
2573 5147 1
2574 5148 491481
2574 5149 329
2575 5150 326571
2575 5151 1000000
2576 5152 685
2576 5153 10102
2577 5154 1000000
2577 5155 996195
2578 5156 750361
2578 5157 742205
2579 5158 1
2579 5159 495993
2580 5160 277828
2580 5161 982738
2581 5162 463
2581 5163 927843
2582 5164 72056
2582 5165 976298
2583 5166 492
2583 5167 906516
2584 5168 564
2584 5169 1000000
2585 5170 995796
2585 5171 274810
2586 5172 928969
2586 5173 1
2587 5174 1000000
2587 5175 978885
2588 5176 1
2588 5177 956533
2589 5178 1
2589 5179 1000000
2590 5180 150339
2590 5181 924907
2591 5182 968846
2591 5183 932293
2592 5184 50
2592 5185 1000000
2593 5186 884316
2593 5187 916784
2594 5188 312
2594 5189 439
2595 5190 275
2595 5191 927542
2596 5192 921108
2596 5193 190858
2597 5194 556
2597 5195 818512
2598 5196 946952
2598 5197 522
2599 5198 887626
2599 5199 326590
2600 5200 867939
2600 5201 1
2601 5202 751385
2601 5203 1000000
2602 5204 92909
2602 5205 626344
2603 5206 998495
2603 5207 923085
2604 5208 1000000
2604 5209 734722
2605 5210 271249
2605 5211 284678
2606 5212 745
2606 5213 1000000
2607 5214 995606
2607 5215 324127
2608 5216 970687
2608 5217 575630
2609 5218 716627
2609 5219 178106
2610 5220 944537
2610 5221 914466
2611 5222 607675
2611 5223 942
2612 5224 1000000
2612 5225 110000
2613 5226 926143
2613 5227 946641
2614 5228 1000000
2614 5229 1000000
2615 5230 428643
2615 5231 912145
2616 5232 673355
2616 5233 775
2617 5234 962930
2617 5235 907450
2618 5236 1000000
2618 5237 459
2619 5238 50
2619 5239 195100
2620 5240 867090
2620 5241 581141
2621 5242 456986
2621 5243 1
2622 5244 880371
2622 5245 971654
2623 5246 359465
2623 5247 927166
2624 5248 925856
2624 5249 965793
2625 5250 982808
2625 5251 144183
2626 5252 910340
2626 5253 297
2627 5254 381957
2627 5255 204511
2628 5256 939907
2628 5257 904342
2629 5258 909621
2629 5259 43098
2630 5260 908745
2630 5261 968404
2631 5262 742757
2631 5263 906810
2632 5264 1000000
2632 5265 1000000
2633 5266 62
2633 5267 941888
2634 5268 410
2634 5269 56824
2635 5270 397890
2635 5271 224
2636 5272 503038
2636 5273 773635
2637 5274 115
2637 5275 1
2638 5276 62111
2638 5277 517654
2639 5278 998487
2639 5279 1000000
2640 5280 120
2640 5281 644519
2641 5282 1000000
2641 5283 546116
2642 5284 500177
2642 5285 607
2643 5286 703
2643 5287 979600
2644 5288 983705
2644 5289 374323
2645 5290 1000000
2645 5291 552711
2646 5292 971076
2646 5293 750
2647 5294 170022
2647 5295 923052
2648 5296 1
2648 5297 961034
2649 5298 946603
2649 5299 245
2650 5300 993636
2650 5301 722134
2651 5302 1000000
2651 5303 863
2652 5304 122
2652 5305 917954
2653 5306 957739
2653 5307 1000000
2654 5308 102879
2654 5309 770
2655 5310 915066
2655 5311 397431
2656 5312 934727
2656 5313 899
2657 5314 308731
2657 5315 905070
2658 5316 509777
2658 5317 923350
2659 5318 1965
2659 5319 477912
2660 5320 932399
2660 5321 544007
2661 5322 84625
2661 5323 1000000
2662 5324 1
2662 5325 1000000
2663 5326 69
2663 5327 794800
2664 5328 48754
2664 5329 977247
2665 5330 1000000
2665 5331 1000000
2666 5332 333081
2666 5333 932568
2667 5334 984757
2667 5335 916065
2668 5336 1000000
2668 5337 992889
2669 5338 937303
2669 5339 944174
2670 5340 1000000
2670 5341 452
2671 5342 412
2671 5343 680844
2672 5344 660645
2672 5345 625386
2673 5346 474849
2673 5347 288
2674 5348 969909
2674 5349 275672
2675 5350 999044
2675 5351 197
2676 5352 904946
2676 5353 624
2677 5354 974000
2677 5355 496332
2678 5356 991000
2678 5357 394
2679 5358 912260
2679 5359 469650
2680 5360 765436
2680 5361 736688
2681 5362 1000000
2681 5363 140
2682 5364 173
2682 5365 559
2683 5366 171
2683 5367 995591
2684 5368 1000000
2684 5369 939954
2685 5370 362
2685 5371 245128
2686 5372 904767
2686 5373 70
2687 5374 376
2687 5375 991281
2688 5376 452382
2688 5377 900074
2689 5378 496913
2689 5379 1
2690 5380 983448
2690 5381 1000000
2691 5382 877
2691 5383 928371
2692 5384 932517
2692 5385 946433
2693 5386 162
2693 5387 756
2694 5388 905569
2694 5389 439254
2695 5390 972871
2695 5391 125
2696 5392 947790
2696 5393 987
2697 5394 517
2697 5395 1
2698 5396 544404
2698 5397 906328
2699 5398 469
2699 5399 283466
2700 5400 930449
2700 5401 981049
2701 5402 72931
2701 5403 101602
2702 5404 41
2702 5405 996092
2703 5406 963971
2703 5407 1000000
2704 5408 327
2704 5409 727532
2705 5410 59
2705 5411 28351
2706 5412 888048
2706 5413 197
2707 5414 1
2707 5415 957233
2708 5416 900296
2708 5417 1000000
2709 5418 686233
2709 5419 789902
2710 5420 244673
2710 5421 953507
2711 5422 934265
2711 5423 88
2712 5424 413
2712 5425 562
2713 5426 189366
2713 5427 926129
2714 5428 265588
2714 5429 1000000
2715 5430 1000000
2715 5431 627559
2716 5432 330987
2716 5433 1
2717 5434 139541
2717 5435 715733
2718 5436 979836
2718 5437 485509
2719 5438 130568
2719 5439 995788
2720 5440 678
2720 5441 952323
2721 5442 1000000
2721 5443 819
2722 5444 144590
2722 5445 943594
2723 5446 1
2723 5447 554437
2724 5448 1
2724 5449 1
2725 5450 755806
2725 5451 993597
2726 5452 49
2726 5453 995088
2727 5454 353587
2727 5455 801
2728 5456 915653
2728 5457 1000000
2729 5458 39955
2729 5459 381
2730 5460 1
2730 5461 687
2731 5462 834855
2731 5463 1000000
2732 5464 490909
2732 5465 228814
2733 5466 524389
2733 5467 565
2734 5468 790330
2734 5469 964059
2735 5470 512263
2735 5471 910724
2736 5472 917878
2736 5473 683710
2737 5474 954265
2737 5475 976511
2738 5476 908391
2738 5477 978838
2739 5478 989221
2739 5479 455
2740 5480 990480
2740 5481 910631
2741 5482 903
2741 5483 953914
2742 5484 408830
2742 5485 1
2743 5486 487
2743 5487 881438
2744 5488 725859
2744 5489 759488
2745 5490 959457
2745 5491 239
2746 5492 334988
2746 5493 997445
2747 5494 196299
2747 5495 895003
2748 5496 902453
2748 5497 344
2749 5498 855
2749 5499 987968
2750 5500 634863
2750 5501 656963
2751 5502 506
2751 5503 743143
2752 5504 978469
2752 5505 972547
2753 5506 641414
2753 5507 117996
2754 5508 906575
2754 5509 923334
2755 5510 946323
2755 5511 873
2756 5512 136
2756 5513 965309
2757 5514 1000000
2757 5515 934299
2758 5516 880155
2758 5517 910
2759 5518 1000000
2759 5519 251
2760 5520 729349
2760 5521 87766
2761 5522 943353
2761 5523 947105
2762 5524 997998
2762 5525 372339
2763 5526 914400
2763 5527 987
2764 5528 319389
2764 5529 997290
2765 5530 577818
2765 5531 980157
2766 5532 961344
2766 5533 767
2767 5534 424411
2767 5535 581635
2768 5536 601789
2768 5537 1000000
2769 5538 890
2769 5539 926515
2770 5540 238
2770 5541 388713
2771 5542 908709
2771 5543 321
2772 5544 964720
2772 5545 592918
2773 5546 986198
2773 5547 614142
2774 5548 1000000
2774 5549 924974
2775 5550 929058
2775 5551 939801
2776 5552 1
2776 5553 1000000
2777 5554 235866
2777 5555 979729
2778 5556 1
2778 5557 1000000
2779 5558 1000000
2779 5559 946484
2780 5560 986496
2780 5561 624284
2781 5562 770
2781 5563 951327
2782 5564 964
2782 5565 957412
2783 5566 1000000
2783 5567 455
2784 5568 929271
2784 5569 671770
2785 5570 922466
2785 5571 1
2786 5572 137
2786 5573 63
2787 5574 959539
2787 5575 212
2788 5576 979461
2788 5577 183
2789 5578 606
2789 5579 959854
2790 5580 987640
2790 5581 965880
2791 5582 750139
2791 5583 992043
2792 5584 970404
2792 5585 490
2793 5586 1
2793 5587 71580
2794 5588 1
2794 5589 615350
2795 5590 933354
2795 5591 333740
2796 5592 560398
2796 5593 943501
2797 5594 878631
2797 5595 245707
2798 5596 1000000
2798 5597 979942
2799 5598 234768
2799 5599 929090
2800 5600 1000000
2800 5601 446
2801 5602 944951
2801 5603 984292
2802 5604 386179
2802 5605 661
2803 5606 957058
2803 5607 975012
2804 5608 1
2804 5609 1000000
2805 5610 579
2805 5611 966987
2806 5612 1
2806 5613 949532
2807 5614 954
2807 5615 60151
2808 5616 986793
2808 5617 401513
2809 5618 568708
2809 5619 1000000
2810 5620 95
2810 5621 1000000
2811 5622 555
2811 5623 637658
2812 5624 1000000
2812 5625 457
2813 5626 573659
2813 5627 208
2814 5628 256029
2814 5629 292588
2815 5630 923905
2815 5631 1000000
2816 5632 745695
2816 5633 624774
2817 5634 1
2817 5635 1000000
2818 5636 1
2818 5637 744975
2819 5638 34
2819 5639 460765
2820 5640 271
2820 5641 338614
2821 5642 982654
2821 5643 275
2822 5644 922346
2822 5645 995313
2823 5646 1
2823 5647 920555
2824 5648 597277
2824 5649 605
2825 5650 1000000
2825 5651 1000000
2826 5652 993513
2826 5653 830333
2827 5654 518
2827 5655 501
2828 5656 365786
2828 5657 132176
2829 5658 1000000
2829 5659 964
2830 5660 279426
2830 5661 596344
2831 5662 952340
2831 5663 1000000
2832 5664 1000000
2832 5665 658
2833 5666 564285
2833 5667 162963
2834 5668 339173
2834 5669 166
2835 5670 103
2835 5671 928104
2836 5672 975356
2836 5673 956687
2837 5674 222170
2837 5675 952889
2838 5676 1
2838 5677 980310
2839 5678 251
2839 5679 937031
2840 5680 181715
2840 5681 913530
2841 5682 172
2841 5683 938854
2842 5684 797277
2842 5685 1
2843 5686 996183
2843 5687 216309
2844 5688 922889
2844 5689 1000000
2845 5690 90
2845 5691 915708
2846 5692 1
2846 5693 746
2847 5694 933873
2847 5695 493627
2848 5696 945350
2848 5697 275
2849 5698 1000000
2849 5699 263
2850 5700 1000000
2850 5701 259
2851 5702 1000000
2851 5703 377
2852 5704 328363
2852 5705 302
2853 5706 1000000
2853 5707 178083
2854 5708 969212
2854 5709 919594
2855 5710 804
2855 5711 664041
2856 5712 82114
2856 5713 827580
2857 5714 553376
2857 5715 1000000
2858 5716 450
2858 5717 464
2859 5718 908912
2859 5719 1000000
2860 5720 678423
2860 5721 254
2861 5722 958760
2861 5723 41541
2862 5724 8472
2862 5725 1000000
2863 5726 882
2863 5727 1
2864 5728 126
2864 5729 783
2865 5730 17
2865 5731 143
2866 5732 158
2866 5733 916
2867 5734 986176
2867 5735 967915
2868 5736 1000000
2868 5737 635
2869 5738 808
2869 5739 1
2870 5740 1
2870 5741 827
2871 5742 253
2871 5743 928774
2872 5744 808
2872 5745 1000000
2873 5746 972186
2873 5747 856715
2874 5748 917779
2874 5749 766050
2875 5750 980036
2875 5751 1
2876 5752 961608
2876 5753 901489
2877 5754 188318
2877 5755 908456
2878 5756 329493
2878 5757 215499
2879 5758 621242
2879 5759 28
2880 5760 479019
2880 5761 954654
2881 5762 922306
2881 5763 996543
2882 5764 510
2882 5765 760986
2883 5766 928191
2883 5767 943408
2884 5768 345261
2884 5769 719867
2885 5770 99
2885 5771 839227
2886 5772 950189
2886 5773 930878
2887 5774 955
2887 5775 917415
2888 5776 995544
2888 5777 625
2889 5778 942803
2889 5779 51
2890 5780 1
2890 5781 917214
2891 5782 266546
2891 5783 819
2892 5784 604226
2892 5785 778
2893 5786 713008
2893 5787 991374
2894 5788 903645
2894 5789 949425
2895 5790 123
2895 5791 791060
2896 5792 819074
2896 5793 935571
2897 5794 994809
2897 5795 982421
2898 5796 937468
2898 5797 984520
2899 5798 988760
2899 5799 958952
2900 5800 1000000
2900 5801 921075
2901 5802 1000000
2901 5803 473
2902 5804 656
2902 5805 983527
2903 5806 596
2903 5807 923267
2904 5808 84426
2904 5809 888627
2905 5810 412436
2905 5811 765467
2906 5812 1000000
2906 5813 619
2907 5814 902519
2907 5815 944284
2908 5816 407
2908 5817 1
2909 5818 42161
2909 5819 53628
2910 5820 630
2910 5821 937620
2911 5822 186
2911 5823 944743
2912 5824 1
2912 5825 320
2913 5826 438620
2913 5827 346064
2914 5828 657156
2914 5829 979644
2915 5830 1
2915 5831 1000000
2916 5832 935334
2916 5833 891817
2917 5834 931349
2917 5835 964964
2918 5836 1000000
2918 5837 688
2919 5838 628
2919 5839 936381
2920 5840 612
2920 5841 460240
2921 5842 155630
2921 5843 496479
2922 5844 968321
2922 5845 632
2923 5846 652
2923 5847 1000000
2924 5848 711
2924 5849 920336
2925 5850 545589
2925 5851 129
2926 5852 1000000
2926 5853 108
2927 5854 975147
2927 5855 943740
2928 5856 984664
2928 5857 964270
2929 5858 983281
2929 5859 620633
2930 5860 73429
2930 5861 933492
2931 5862 163841
2931 5863 978313
2932 5864 1
2932 5865 1000000
2933 5866 558589
2933 5867 369429
2934 5868 368
2934 5869 1000000
2935 5870 672836
2935 5871 990820
2936 5872 971176
2936 5873 922780
2937 5874 836620
2937 5875 993509
2938 5876 975885
2938 5877 296598
2939 5878 424793
2939 5879 960970
2940 5880 974074
2940 5881 989204
2941 5882 944424
2941 5883 980849
2942 5884 691088
2942 5885 954549
2943 5886 386
2943 5887 991272
2944 5888 149
2944 5889 1000000
2945 5890 905255
2945 5891 952239
2946 5892 933943
2946 5893 942283
2947 5894 1
2947 5895 594
2948 5896 310213
2948 5897 1000000
2949 5898 523
2949 5899 992617
2950 5900 424379
2950 5901 643953
2951 5902 723
2951 5903 997803
2952 5904 984354
2952 5905 999709
2953 5906 836042
2953 5907 600
2954 5908 476795
2954 5909 1000000
2955 5910 1
2955 5911 915296
2956 5912 1000000
2956 5913 324556
2957 5914 987544
2957 5915 215398
2958 5916 858704
2958 5917 816125
2959 5918 953282
2959 5919 120870
2960 5920 959783
2960 5921 971
2961 5922 995038
2961 5923 625
2962 5924 564064
2962 5925 214
2963 5926 916930
2963 5927 855112
2964 5928 895406
2964 5929 895944
2965 5930 980800
2965 5931 519
2966 5932 719
2966 5933 990894
2967 5934 357
2967 5935 390
2968 5936 632664
2968 5937 971561
2969 5938 763148
2969 5939 1
2970 5940 970186
2970 5941 102
2971 5942 990712
2971 5943 240841
2972 5944 1000000
2972 5945 902358
2973 5946 367592
2973 5947 1
2974 5948 179906
2974 5949 975500
2975 5950 910347
2975 5951 933202
2976 5952 905274
2976 5953 1
2977 5954 735162
2977 5955 917726
2978 5956 931859
2978 5957 146
2979 5958 883418
2979 5959 229
2980 5960 933009
2980 5961 940671
2981 5962 996327
2981 5963 951645
2982 5964 957491
2982 5965 937410
2983 5966 1000000
2983 5967 1000000
2984 5968 407436
2984 5969 514126
2985 5970 699
2985 5971 255712
2986 5972 527519
2986 5973 987632
2987 5974 967247
2987 5975 989901
2988 5976 35
2988 5977 1000000
2989 5978 754
2989 5979 1000000
2990 5980 160
2990 5981 128094
2991 5982 1000000
2991 5983 908587
2992 5984 833
2992 5985 936365
2993 5986 948899
2993 5987 101957
2994 5988 979425
2994 5989 664
2995 5990 904484
2995 5991 369500
2996 5992 517903
2996 5993 728410
2997 5994 153
2997 5995 1000000
2998 5996 947276
2998 5997 475
2999 5998 168792
2999 5999 527969
3000 6000 987870
3000 6001 459
3001 6002 69928
3001 6003 393599
3002 6004 373992
3002 6005 80219
3003 6006 945430
3003 6007 849839
3004 6008 764
3004 6009 919268
3005 6010 833974
3005 6011 235277
3006 6012 969212
3006 6013 690135
3007 6014 951308
3007 6015 974199
3008 6016 1000000
3008 6017 739586
3009 6018 976845
3009 6019 1000000
3010 6020 925082
3010 6021 386
3011 6022 828
3011 6023 1000000
3012 6024 949151
3012 6025 1000000
3013 6026 502494
3013 6027 211514
3014 6028 942916
3014 6029 276232
3015 6030 900611
3015 6031 1000000
3016 6032 928031
3016 6033 965905
3017 6034 905663
3017 6035 709937
3018 6036 957331
3018 6037 724651
3019 6038 47041
3019 6039 1000000
3020 6040 1000000
3020 6041 846018
3021 6042 1000000
3021 6043 1
3022 6044 1000000
3022 6045 102071
3023 6046 918595
3023 6047 541
3024 6048 1000000
3024 6049 926738
3025 6050 979759
3025 6051 141
3026 6052 554
3026 6053 929965
3027 6054 1000000
3027 6055 907350
3028 6056 860
3028 6057 85373
3029 6058 828529
3029 6059 1000000
3030 6060 929324
3030 6061 510661
3031 6062 653102
3031 6063 149
3032 6064 937623
3032 6065 767546
3033 6066 435
3033 6067 241
3034 6068 974687
3034 6069 939332
3035 6070 904686
3035 6071 167
3036 6072 905327
3036 6073 798
3037 6074 546
3037 6075 276385
3038 6076 740703
3038 6077 585528
3039 6078 25471
3039 6079 887418
3040 6080 558
3040 6081 1000000
3041 6082 327
3041 6083 1
3042 6084 491932
3042 6085 884
3043 6086 954853
3043 6087 791502
3044 6088 987184
3044 6089 1
3045 6090 986799
3045 6091 944
3046 6092 926778
3046 6093 458714
3047 6094 428382
3047 6095 1000000
3048 6096 907
3048 6097 584
3049 6098 450610
3049 6099 685
3050 6100 547
3050 6101 755006
3051 6102 770201
3051 6103 63901
3052 6104 763
3052 6105 912483
3053 6106 632
3053 6107 900120
3054 6108 765686
3054 6109 818135
3055 6110 936043
3055 6111 762789
3056 6112 878
3056 6113 259644
3057 6114 779431
3057 6115 987968
3058 6116 914130
3058 6117 554871
3059 6118 834202
3059 6119 921778
3060 6120 941879
3060 6121 1000000
3061 6122 981962
3061 6123 995498
3062 6124 928209
3062 6125 500581
3063 6126 803504
3063 6127 949895
3064 6128 449
3064 6129 253216
3065 6130 149409
3065 6131 698
3066 6132 984865
3066 6133 926
3067 6134 992249
3067 6135 974569
3068 6136 963347
3068 6137 619
3069 6138 1000000
3069 6139 1
3070 6140 680
3070 6141 678
3071 6142 902092
3071 6143 922157
3072 6144 678
3072 6145 793112
3073 6146 956087
3073 6147 233
3074 6148 968976
3074 6149 917209
3075 6150 933717
3075 6151 923372
3076 6152 1000000
3076 6153 923874
3077 6154 921276
3077 6155 1
3078 6156 960320
3078 6157 995102
3079 6158 1
3079 6159 971196
3080 6160 434975
3080 6161 477814
3081 6162 583
3081 6163 981891
3082 6164 907307
3082 6165 794635
3083 6166 508
3083 6167 1000000
3084 6168 914097
3084 6169 1000000
3085 6170 431
3085 6171 982160
3086 6172 60271
3086 6173 996441
3087 6174 1000000
3087 6175 941529
3088 6176 53849
3088 6177 971168
3089 6178 991040
3089 6179 1000000
3090 6180 1000000
3090 6181 818259
3091 6182 395
3091 6183 923429
3092 6184 640
3092 6185 45968
3093 6186 561763
3093 6187 963090
3094 6188 166
3094 6189 609521
3095 6190 658955
3095 6191 854694
3096 6192 1
3096 6193 682209
3097 6194 772261
3097 6195 937385
3098 6196 830
3098 6197 969184
3099 6198 1
3099 6199 47
3100 6200 813373
3100 6201 957505
3101 6202 519477
3101 6203 978878
3102 6204 903
3102 6205 1000000
3103 6206 782413
3103 6207 1
3104 6208 963922
3104 6209 740
3105 6210 105904
3105 6211 210
3106 6212 346263
3106 6213 498958
3107 6214 171
3107 6215 266620
3108 6216 703
3108 6217 551
3109 6218 760
3109 6219 971126
3110 6220 1000000
3110 6221 717449
3111 6222 587112
3111 6223 262
3112 6224 1000000
3112 6225 718169
3113 6226 936934
3113 6227 982114
3114 6228 759
3114 6229 496477
3115 6230 1000000
3115 6231 944281
3116 6232 1000000
3116 6233 936502
3117 6234 1000000
3117 6235 911212
3118 6236 745645
3118 6237 968844
3119 6238 932236
3119 6239 99220
3120 6240 357
3120 6241 29
3121 6242 1000000
3121 6243 951399
3122 6244 454
3122 6245 804209
3123 6246 377250
3123 6247 816442
3124 6248 854821
3124 6249 144
3125 6250 954487
3125 6251 75
3126 6252 55322
3126 6253 113145
3127 6254 912125
3127 6255 939660
3128 6256 906053
3128 6257 948
3129 6258 1000000
3129 6259 1000000
3130 6260 907917
3130 6261 78174
3131 6262 928684
3131 6263 389612
3132 6264 927407
3132 6265 292729
3133 6266 759
3133 6267 813
3134 6268 469250
3134 6269 206
3135 6270 1
3135 6271 645136
3136 6272 1
3136 6273 727684
3137 6274 1
3137 6275 995769
3138 6276 943113
3138 6277 910200
3139 6278 980348
3139 6279 92508
3140 6280 968871
3140 6281 1000000
3141 6282 285274
3141 6283 1000000
3142 6284 8749
3142 6285 1
3143 6286 992496
3143 6287 923145
3144 6288 98425
3144 6289 81119
3145 6290 1
3145 6291 908046
3146 6292 1
3146 6293 1000000
3147 6294 697243
3147 6295 649958
3148 6296 776590
3148 6297 1
3149 6298 963056
3149 6299 1000000
3150 6300 917647
3150 6301 40035
3151 6302 437
3151 6303 1000000
3152 6304 1000000
3152 6305 312
3153 6306 943729
3153 6307 1000000
3154 6308 858450
3154 6309 293
3155 6310 1000000
3155 6311 946
3156 6312 903949
3156 6313 148664
3157 6314 18547
3157 6315 224163
3158 6316 924939
3158 6317 929674
3159 6318 1000000
3159 6319 407
3160 6320 900685
3160 6321 1000000
3161 6322 119079
3161 6323 950176
3162 6324 1
3162 6325 42
3163 6326 101
3163 6327 974833
3164 6328 930596
3164 6329 1
3165 6330 1
3165 6331 643
3166 6332 903630
3166 6333 319
3167 6334 406
3167 6335 1
3168 6336 513653
3168 6337 963813
3169 6338 210554
3169 6339 96479
3170 6340 456616
3170 6341 290459
3171 6342 5795
3171 6343 921476
3172 6344 978885
3172 6345 342
3173 6346 673
3173 6347 746
3174 6348 33416
3174 6349 1000000
3175 6350 565
3175 6351 471130
3176 6352 533
3176 6353 776
3177 6354 755
3177 6355 271
3178 6356 1000000
3178 6357 679698
3179 6358 994666
3179 6359 749142
3180 6360 1678
3180 6361 330622
3181 6362 932903
3181 6363 192
3182 6364 941585
3182 6365 208
3183 6366 332111
3183 6367 552
3184 6368 213
3184 6369 1000000
3185 6370 397437
3185 6371 974251
3186 6372 394771
3186 6373 781
3187 6374 494
3187 6375 1000000
3188 6376 901153
3188 6377 946517
3189 6378 86441
3189 6379 930835
3190 6380 396270
3190 6381 544197
3191 6382 776032
3191 6383 22997
3192 6384 799803
3192 6385 977689
3193 6386 995044
3193 6387 592360
3194 6388 709
3194 6389 174001
3195 6390 180431
3195 6391 431676
3196 6392 777
3196 6393 947855
3197 6394 512260
3197 6395 1
3198 6396 963201
3198 6397 438287
3199 6398 702053
3199 6399 625818
3200 6400 149713
3200 6401 1
3201 6402 934958
3201 6403 706
3202 6404 35479
3202 6405 535842
3203 6406 1000000
3203 6407 934349
3204 6408 940364
3204 6409 784065
3205 6410 799
3205 6411 411177
3206 6412 973594
3206 6413 1
3207 6414 956826
3207 6415 44
3208 6416 978094
3208 6417 1000000
3209 6418 312105
3209 6419 953933
3210 6420 936161
3210 6421 272
3211 6422 126669
3211 6423 941305
3212 6424 589926
3212 6425 723587
3213 6426 174428
3213 6427 408270
3214 6428 672
3214 6429 41782
3215 6430 259056
3215 6431 859
3216 6432 901632
3216 6433 933
3217 6434 948747
3217 6435 103669
3218 6436 1
3218 6437 969504
3219 6438 959
3219 6439 550807
3220 6440 952301
3220 6441 726820
3221 6442 384037
3221 6443 1000000
3222 6444 666
3222 6445 878417
3223 6446 761113
3223 6447 465989
3224 6448 911316
3224 6449 959544
3225 6450 991294
3225 6451 884700
3226 6452 1000000
3226 6453 934235
3227 6454 764366
3227 6455 998793
3228 6456 934414
3228 6457 77378
3229 6458 387
3229 6459 1000000
3230 6460 935243
3230 6461 457976
3231 6462 958816
3231 6463 962266
3232 6464 665557
3232 6465 380224
3233 6466 1
3233 6467 315691
3234 6468 900566
3234 6469 845923
3235 6470 587416
3235 6471 958039
3236 6472 989408
3236 6473 707541
3237 6474 918518
3237 6475 263
3238 6476 1000000
3238 6477 411
3239 6478 150775
3239 6479 957804
3240 6480 272
3240 6481 742899
3241 6482 945073
3241 6483 936574
3242 6484 276340
3242 6485 900365
3243 6486 790211
3243 6487 985800
3244 6488 378551
3244 6489 101050
3245 6490 768
3245 6491 273869
3246 6492 1000000
3246 6493 918604
3247 6494 92603
3247 6495 507
3248 6496 900919
3248 6497 948647
3249 6498 1
3249 6499 972747
3250 6500 1000000
3250 6501 1
3251 6502 952639
3251 6503 581
3252 6504 477
3252 6505 914470
3253 6506 1000000
3253 6507 188827
3254 6508 952525
3254 6509 748819
3255 6510 908942
3255 6511 932
3256 6512 1000000
3256 6513 900288
3257 6514 1
3257 6515 1000000
3258 6516 503182
3258 6517 1000000
3259 6518 906235
3259 6519 185742
3260 6520 976216
3260 6521 809
3261 6522 1000000
3261 6523 218
3262 6524 611000
3262 6525 58
3263 6526 223369
3263 6527 586821
3264 6528 1000000
3264 6529 894084
3265 6530 977646
3265 6531 968982
3266 6532 901287
3266 6533 122819
3267 6534 853595
3267 6535 462315
3268 6536 86
3268 6537 73565
3269 6538 420980
3269 6539 1000000
3270 6540 984762
3270 6541 900424
3271 6542 922376
3271 6543 307680
3272 6544 293291
3272 6545 956872
3273 6546 937220
3273 6547 500272
3274 6548 1
3274 6549 321167
3275 6550 982577
3275 6551 600595
3276 6552 919096
3276 6553 986874
3277 6554 49100
3277 6555 943888
3278 6556 921147
3278 6557 789401
3279 6558 207
3279 6559 779
3280 6560 42330
3280 6561 870
3281 6562 843
3281 6563 1
3282 6564 979963
3282 6565 1000000
3283 6566 982487
3283 6567 922080
3284 6568 278008
3284 6569 902240
3285 6570 850172
3285 6571 1000000
3286 6572 946825
3286 6573 1000000
3287 6574 677
3287 6575 376
3288 6576 561202
3288 6577 594776
3289 6578 311
3289 6579 195960
3290 6580 967296
3290 6581 125530
3291 6582 912182
3291 6583 645038
3292 6584 966126
3292 6585 936741
3293 6586 998388
3293 6587 217
3294 6588 864
3294 6589 269493
3295 6590 1000000
3295 6591 983
3296 6592 973407
3296 6593 52178
3297 6594 131
3297 6595 958424
3298 6596 985485
3298 6597 141208
3299 6598 425
3299 6599 627
3300 6600 294112
3300 6601 647579
3301 6602 672
3301 6603 716162
3302 6604 230962
3302 6605 931596
3303 6606 913077
3303 6607 156821
3304 6608 910430
3304 6609 1000000
3305 6610 1000000
3305 6611 558
3306 6612 707
3306 6613 1
3307 6614 939293
3307 6615 820855
3308 6616 959100
3308 6617 651072
3309 6618 834482
3309 6619 554934
3310 6620 174601
3310 6621 252989
3311 6622 677
3311 6623 924868
3312 6624 979263
3312 6625 1000000
3313 6626 273196
3313 6627 206275
3314 6628 1
3314 6629 908409
3315 6630 956681
3315 6631 992153
3316 6632 545975
3316 6633 530097
3317 6634 1000000
3317 6635 178649
3318 6636 478
3318 6637 980268
3319 6638 1000000
3319 6639 966980
3320 6640 822
3320 6641 951457
3321 6642 701606
3321 6643 832
3322 6644 506290
3322 6645 963326
3323 6646 958300
3323 6647 973958
3324 6648 936603
3324 6649 991456
3325 6650 1
3325 6651 869
3326 6652 990984
3326 6653 558
3327 6654 1
3327 6655 73
3328 6656 181816
3328 6657 778732
3329 6658 1000000
3329 6659 544
3330 6660 910
3330 6661 978959
3331 6662 709775
3331 6663 996500
3332 6664 468
3332 6665 25265
3333 6666 926341
3333 6667 908762
3334 6668 237602
3334 6669 343249
3335 6670 226
3335 6671 534
3336 6672 890057
3336 6673 997358
3337 6674 904939
3337 6675 82571
3338 6676 900516
3338 6677 923466
3339 6678 945753
3339 6679 542
3340 6680 938851
3340 6681 494279
3341 6682 967654
3341 6683 946902
3342 6684 1
3342 6685 789
3343 6686 300071
3343 6687 533487
3344 6688 67859
3344 6689 1000000
3345 6690 979412
3345 6691 738
3346 6692 888252
3346 6693 819
3347 6694 658
3347 6695 1
3348 6696 98919
3348 6697 1000000
3349 6698 948777
3349 6699 1
3350 6700 589
3350 6701 697978
3351 6702 917002
3351 6703 821471
3352 6704 917114
3352 6705 40
3353 6706 987840
3353 6707 251907
3354 6708 461
3354 6709 976273
3355 6710 133885
3355 6711 743
3356 6712 974620
3356 6713 34036
3357 6714 783
3357 6715 52
3358 6716 1
3358 6717 991724
3359 6718 297884
3359 6719 452146
3360 6720 1000000
3360 6721 581161
3361 6722 442868
3361 6723 938843
3362 6724 872847
3362 6725 329
3363 6726 997508
3363 6727 946188
3364 6728 213709
3364 6729 903490
3365 6730 490
3365 6731 843
3366 6732 903165
3366 6733 942119
3367 6734 978436
3367 6735 775
3368 6736 883600
3368 6737 361548
3369 6738 783
3369 6739 1
3370 6740 1
3370 6741 927
3371 6742 909110
3371 6743 309
3372 6744 924381
3372 6745 656995
3373 6746 1000000
3373 6747 982378
3374 6748 1000000
3374 6749 58848
3375 6750 459596
3375 6751 284038
3376 6752 914296
3376 6753 714
3377 6754 1000000
3377 6755 944569
3378 6756 970450
3378 6757 978078
3379 6758 1
3379 6759 855779
3380 6760 618134
3380 6761 1000000
3381 6762 346155
3381 6763 845
3382 6764 930372
3382 6765 511998
3383 6766 847817
3383 6767 39908
3384 6768 948051
3384 6769 975921
3385 6770 770883
3385 6771 993235
3386 6772 966116
3386 6773 1
3387 6774 956840
3387 6775 916933
3388 6776 770539
3388 6777 848161
3389 6778 993435
3389 6779 516
3390 6780 951611
3390 6781 106938
3391 6782 195
3391 6783 1000000
3392 6784 992446
3392 6785 493351
3393 6786 924150
3393 6787 237
3394 6788 185861
3394 6789 119047
3395 6790 977831
3395 6791 947438
3396 6792 1000000
3396 6793 627677
3397 6794 140
3397 6795 592531
3398 6796 492704
3398 6797 942520
3399 6798 292581
3399 6799 965449
3400 6800 932965
3400 6801 971656
3401 6802 494
3401 6803 537
3402 6804 567119
3402 6805 952997
3403 6806 1
3403 6807 913759
3404 6808 965459
3404 6809 906576
3405 6810 960167
3405 6811 1
3406 6812 994
3406 6813 579
3407 6814 998194
3407 6815 943958
3408 6816 995878
3408 6817 261
3409 6818 918126
3409 6819 436598
3410 6820 877700
3410 6821 82663
3411 6822 70292
3411 6823 909782
3412 6824 274051
3412 6825 728
3413 6826 955854
3413 6827 351
3414 6828 979988
3414 6829 923661
3415 6830 435
3415 6831 699
3416 6832 367519
3416 6833 363
3417 6834 705936
3417 6835 1000000
3418 6836 769315
3418 6837 960305
3419 6838 976
3419 6839 724
3420 6840 351
3420 6841 480427
3421 6842 127123
3421 6843 972489
3422 6844 248971
3422 6845 330519
3423 6846 883
3423 6847 954948
3424 6848 1000000
3424 6849 962
3425 6850 557
3425 6851 202359
3426 6852 1000000
3426 6853 722
3427 6854 323
3427 6855 998679
3428 6856 5798
3428 6857 904650
3429 6858 965758
3429 6859 402364
3430 6860 574
3430 6861 1
3431 6862 956142
3431 6863 231068
3432 6864 935971
3432 6865 985643
3433 6866 969062
3433 6867 514549
3434 6868 587
3434 6869 51
3435 6870 931
3435 6871 914927
3436 6872 967105
3436 6873 962379
3437 6874 125
3437 6875 695
3438 6876 1000000
3438 6877 246756
3439 6878 100
3439 6879 820
3440 6880 928382
3440 6881 962382
3441 6882 522
3441 6883 954688
3442 6884 863984
3442 6885 130098
3443 6886 750294
3443 6887 959233
3444 6888 93086
3444 6889 926214
3445 6890 207239
3445 6891 992130
3446 6892 1000000
3446 6893 472168
3447 6894 1000000
3447 6895 1
3448 6896 996734
3448 6897 911725
3449 6898 1000000
3449 6899 655482
3450 6900 914369
3450 6901 962
3451 6902 911138
3451 6903 1000000
3452 6904 929706
3452 6905 423966
3453 6906 407
3453 6907 1000000
3454 6908 894863
3454 6909 1
3455 6910 587
3455 6911 1000000
3456 6912 986411
3456 6913 445951
3457 6914 925227
3457 6915 1000000
3458 6916 112
3458 6917 996306
3459 6918 1000000
3459 6919 7542
3460 6920 996376
3460 6921 219818
3461 6922 255
3461 6923 905293
3462 6924 1000000
3462 6925 965506
3463 6926 904844
3463 6927 527
3464 6928 915398
3464 6929 300989
3465 6930 906948
3465 6931 922827
3466 6932 538124
3466 6933 421197
3467 6934 140
3467 6935 700
3468 6936 806059
3468 6937 293948
3469 6938 961555
3469 6939 61951
3470 6940 1
3470 6941 394747
3471 6942 694527
3471 6943 924867
3472 6944 916529
3472 6945 1000000
3473 6946 546783
3473 6947 1000000
3474 6948 956244
3474 6949 73188
3475 6950 971212
3475 6951 935517
3476 6952 946399
3476 6953 1000000
3477 6954 1000000
3477 6955 998827
3478 6956 907724
3478 6957 952440
3479 6958 220
3479 6959 692
3480 6960 908531
3480 6961 945441
3481 6962 96
3481 6963 66348
3482 6964 995672
3482 6965 912884
3483 6966 943564
3483 6967 1000000
3484 6968 998025
3484 6969 1000000
3485 6970 983944
3485 6971 927316
3486 6972 984852
3486 6973 916832
3487 6974 1
3487 6975 553109
3488 6976 929353
3488 6977 900860
3489 6978 43910
3489 6979 927
3490 6980 1000000
3490 6981 264207
3491 6982 1000000
3491 6983 599133
3492 6984 68
3492 6985 351680
3493 6986 753
3493 6987 1000000
3494 6988 1000000
3494 6989 41963
3495 6990 966848
3495 6991 962725
3496 6992 906555
3496 6993 604
3497 6994 640
3497 6995 908601
3498 6996 908227
3498 6997 967403
3499 6998 748539
3499 6999 515672
3500 7000 920600
3500 7001 363
3501 7002 1000000
3501 7003 924385
3502 7004 1000000
3502 7005 384991
3503 7006 983053
3503 7007 958007
3504 7008 584756
3504 7009 152
3505 7010 932570
3505 7011 1000000
3506 7012 820472
3506 7013 904946
3507 7014 380457
3507 7015 933703
3508 7016 637570
3508 7017 1000000
3509 7018 929010
3509 7019 946965
3510 7020 911225
3510 7021 1000000
3511 7022 507
3511 7023 467969
3512 7024 249627
3512 7025 972
3513 7026 979373
3513 7027 503334
3514 7028 709
3514 7029 189
3515 7030 1000000
3515 7031 577543
3516 7032 991520
3516 7033 927163
3517 7034 973756
3517 7035 761170
3518 7036 516
3518 7037 440
3519 7038 303968
3519 7039 1000000
3520 7040 206
3520 7041 1
3521 7042 70847
3521 7043 953484
3522 7044 1000000
3522 7045 960725
3523 7046 367064
3523 7047 1
3524 7048 809
3524 7049 951322
3525 7050 1000000
3525 7051 322370
3526 7052 731425
3526 7053 974293
3527 7054 424859
3527 7055 1
3528 7056 329691
3528 7057 1000000
3529 7058 922764
3529 7059 1000000
3530 7060 676
3530 7061 910762
3531 7062 989801
3531 7063 672571
3532 7064 330266
3532 7065 737167
3533 7066 1000000
3533 7067 1000000
3534 7068 359989
3534 7069 924507
3535 7070 973350
3535 7071 901314
3536 7072 619093
3536 7073 100
3537 7074 304081
3537 7075 910654
3538 7076 354398
3538 7077 755788
3539 7078 994482
3539 7079 1000000
3540 7080 583033
3540 7081 475341
3541 7082 853
3541 7083 291
3542 7084 970400
3542 7085 994698
3543 7086 984155
3543 7087 586
3544 7088 977
3544 7089 985924
3545 7090 625250
3545 7091 973603
3546 7092 1000000
3546 7093 1
3547 7094 730530
3547 7095 953665
3548 7096 168875
3548 7097 931064
3549 7098 318336
3549 7099 995804
3550 7100 339
3550 7101 798281
3551 7102 908644
3551 7103 979493
3552 7104 471228
3552 7105 924348
3553 7106 60028
3553 7107 774
3554 7108 1000000
3554 7109 958839
3555 7110 313808
3555 7111 502
3556 7112 116001
3556 7113 37
3557 7114 244
3557 7115 1
3558 7116 723
3558 7117 996251
3559 7118 717051
3559 7119 1000000
3560 7120 967539
3560 7121 807312
3561 7122 905103
3561 7123 927357
3562 7124 1
3562 7125 1000000
3563 7126 946957
3563 7127 927263
3564 7128 918
3564 7129 145654
3565 7130 909172
3565 7131 994380
3566 7132 975636
3566 7133 1000000
3567 7134 1
3567 7135 966452
3568 7136 1
3568 7137 681464
3569 7138 794883
3569 7139 923184
3570 7140 1000000
3570 7141 952590
3571 7142 847491
3571 7143 1000000
3572 7144 64587
3572 7145 396293
3573 7146 232
3573 7147 908403
3574 7148 610235
3574 7149 1
3575 7150 115026
3575 7151 1
3576 7152 980950
3576 7153 668182
3577 7154 983248
3577 7155 659484
3578 7156 1
3578 7157 1000000
3579 7158 979467
3579 7159 354338
3580 7160 605746
3580 7161 907
3581 7162 919009
3581 7163 2981
3582 7164 423484
3582 7165 9
3583 7166 910990
3583 7167 447
3584 7168 977
3584 7169 1
3585 7170 292808
3585 7171 914860
3586 7172 615
3586 7173 160243
3587 7174 985768
3587 7175 404
3588 7176 733
3588 7177 1000000
3589 7178 451
3589 7179 979334
3590 7180 1000000
3590 7181 991249
3591 7182 417867
3591 7183 975125
3592 7184 726
3592 7185 92
3593 7186 340
3593 7187 965309
3594 7188 656624
3594 7189 963895
3595 7190 88939
3595 7191 309706
3596 7192 931941
3596 7193 649
3597 7194 776
3597 7195 867
3598 7196 1
3598 7197 430
3599 7198 16421
3599 7199 975124
3600 7200 987184
3600 7201 1000000
3601 7202 540169
3601 7203 903505
3602 7204 882
3602 7205 647399
3603 7206 927866
3603 7207 923086
3604 7208 615764
3604 7209 362
3605 7210 1
3605 7211 231068
3606 7212 209987
3606 7213 439
3607 7214 981588
3607 7215 519401
3608 7216 1
3608 7217 950578
3609 7218 133297
3609 7219 708335
3610 7220 948294
3610 7221 952748
3611 7222 907987
3611 7223 514
3612 7224 672348
3612 7225 113275
3613 7226 689
3613 7227 529231
3614 7228 1000000
3614 7229 635170
3615 7230 922800
3615 7231 1
3616 7232 954187
3616 7233 977676
3617 7234 978754
3617 7235 993865
3618 7236 342326
3618 7237 995197
3619 7238 535986
3619 7239 431
3620 7240 368826
3620 7241 1
3621 7242 936662
3621 7243 1
3622 7244 991087
3622 7245 1000000
3623 7246 978733
3623 7247 33
3624 7248 904997
3624 7249 1000000
3625 7250 121
3625 7251 913030
3626 7252 924
3626 7253 601
3627 7254 931837
3627 7255 357355
3628 7256 344
3628 7257 987077
3629 7258 991626
3629 7259 738
3630 7260 936488
3630 7261 868
3631 7262 66288
3631 7263 492
3632 7264 946774
3632 7265 525607
3633 7266 953388
3633 7267 482943
3634 7268 935617
3634 7269 332
3635 7270 130924
3635 7271 981585
3636 7272 600
3636 7273 790048
3637 7274 961807
3637 7275 502
3638 7276 932486
3638 7277 450691
3639 7278 423274
3639 7279 938772
3640 7280 1000000
3640 7281 229500
3641 7282 963984
3641 7283 913152
3642 7284 318330
3642 7285 324042
3643 7286 1
3643 7287 808
3644 7288 286203
3644 7289 13943
3645 7290 98
3645 7291 750627
3646 7292 987164
3646 7293 124466
3647 7294 527
3647 7295 925395
3648 7296 906511
3648 7297 950618
3649 7298 104499
3649 7299 1000000
3650 7300 1000000
3650 7301 511611
3651 7302 933591
3651 7303 294535
3652 7304 1000000
3652 7305 986965
3653 7306 651143
3653 7307 279531
3654 7308 171452
3654 7309 984457
3655 7310 953247
3655 7311 962159
3656 7312 78
3656 7313 281363
3657 7314 984063
3657 7315 380
3658 7316 197555
3658 7317 1
3659 7318 912957
3659 7319 120973
3660 7320 920403
3660 7321 662970
3661 7322 641
3661 7323 847
3662 7324 310996
3662 7325 18213
3663 7326 979032
3663 7327 648976
3664 7328 59694
3664 7329 910091
3665 7330 325560
3665 7331 491001
3666 7332 959806
3666 7333 976267
3667 7334 929292
3667 7335 904421
3668 7336 118811
3668 7337 261981
3669 7338 915881
3669 7339 359
3670 7340 937404
3670 7341 934915
3671 7342 1000000
3671 7343 1000000
3672 7344 970356
3672 7345 968409
3673 7346 990384
3673 7347 78825
3674 7348 509685
3674 7349 225685
3675 7350 1000000
3675 7351 946216
3676 7352 598822
3676 7353 429
3677 7354 136295
3677 7355 963115
3678 7356 1
3678 7357 924041
3679 7358 980
3679 7359 849116
3680 7360 967153
3680 7361 184393
3681 7362 699
3681 7363 968392
3682 7364 870487
3682 7365 331
3683 7366 1000000
3683 7367 910774
3684 7368 983331
3684 7369 188
3685 7370 121523
3685 7371 804666
3686 7372 236
3686 7373 1000000
3687 7374 1000000
3687 7375 116541
3688 7376 1000000
3688 7377 236944
3689 7378 576372
3689 7379 787226
3690 7380 375415
3690 7381 744
3691 7382 947384
3691 7383 956506
3692 7384 111620
3692 7385 641672
3693 7386 677573
3693 7387 812
3694 7388 814009
3694 7389 960283
3695 7390 153
3695 7391 1000000
3696 7392 165
3696 7393 1000000
3697 7394 272
3697 7395 529
3698 7396 45
3698 7397 1
3699 7398 501
3699 7399 1
3700 7400 657739
3700 7401 900053
3701 7402 783
3701 7403 998522
3702 7404 482246
3702 7405 914580
3703 7406 11
3703 7407 1000000
3704 7408 361249
3704 7409 937932
3705 7410 912659
3705 7411 1000000
3706 7412 1
3706 7413 534921
3707 7414 810
3707 7415 958647
3708 7416 995494
3708 7417 436985
3709 7418 702466
3709 7419 260100
3710 7420 807738
3710 7421 944112
3711 7422 999657
3711 7423 858313
3712 7424 911194
3712 7425 710647
3713 7426 1000
3713 7427 993124
3714 7428 635
3714 7429 360
3715 7430 1000000
3715 7431 602462
3716 7432 273
3716 7433 269293
3717 7434 972525
3717 7435 954920
3718 7436 54364
3718 7437 964424
3719 7438 942002
3719 7439 928453
3720 7440 955940
3720 7441 992582
3721 7442 975223
3721 7443 919
3722 7444 428551
3722 7445 850311
3723 7446 921446
3723 7447 907713
3724 7448 915099
3724 7449 356185
3725 7450 463019
3725 7451 228261
3726 7452 981660
3726 7453 213183
3727 7454 74048
3727 7455 1000000
3728 7456 921393
3728 7457 1000000
3729 7458 1
3729 7459 446
3730 7460 482588
3730 7461 969981
3731 7462 940357
3731 7463 82152
3732 7464 46
3732 7465 176891
3733 7466 305
3733 7467 974500
3734 7468 964678
3734 7469 336809
3735 7470 262649
3735 7471 581636
3736 7472 108653
3736 7473 1000000
3737 7474 966789
3737 7475 944689
3738 7476 636244
3738 7477 926281
3739 7478 1
3739 7479 881980
3740 7480 957975
3740 7481 930635
3741 7482 1
3741 7483 930988
3742 7484 953708
3742 7485 1000000
3743 7486 663543
3743 7487 907829
3744 7488 756329
3744 7489 996167
3745 7490 449339
3745 7491 961048
3746 7492 982845
3746 7493 290
3747 7494 82
3747 7495 699
3748 7496 993472
3748 7497 509
3749 7498 1000000
3749 7499 957641
3750 7500 928631
3750 7501 613
3751 7502 238
3751 7503 778
3752 7504 928
3752 7505 984271
3753 7506 22123
3753 7507 991108
3754 7508 812964
3754 7509 959739
3755 7510 973
3755 7511 329002
3756 7512 728722
3756 7513 549931
3757 7514 315
3757 7515 843504
3758 7516 658238
3758 7517 1000000
3759 7518 467780
3759 7519 1000000
3760 7520 733
3760 7521 961385
3761 7522 153
3761 7523 990442
3762 7524 1
3762 7525 849425
3763 7526 1
3763 7527 96
3764 7528 994281
3764 7529 204
3765 7530 544
3765 7531 907635
3766 7532 935272
3766 7533 204900
3767 7534 137038
3767 7535 1000000
3768 7536 1
3768 7537 1000000
3769 7538 457249
3769 7539 1000000
3770 7540 43498
3770 7541 1000000
3771 7542 1000000
3771 7543 1000000
3772 7544 733
3772 7545 697016
3773 7546 205
3773 7547 963093
3774 7548 1000000
3774 7549 977845
3775 7550 120417
3775 7551 980530
3776 7552 306
3776 7553 955692
3777 7554 593
3777 7555 939955
3778 7556 987049
3778 7557 110
3779 7558 221097
3779 7559 669735
3780 7560 947787
3780 7561 982134
3781 7562 284632
3781 7563 958541
3782 7564 419874
3782 7565 974144
3783 7566 474922
3783 7567 964969
3784 7568 909180
3784 7569 971844
3785 7570 896205
3785 7571 1000000
3786 7572 401027
3786 7573 878862
3787 7574 962668
3787 7575 455984
3788 7576 310653
3788 7577 932767
3789 7578 951504
3789 7579 171
3790 7580 935636
3790 7581 1
3791 7582 291
3791 7583 895
3792 7584 777
3792 7585 969219
3793 7586 1000000
3793 7587 609
3794 7588 229
3794 7589 907640
3795 7590 827871
3795 7591 620412
3796 7592 666116
3796 7593 498
3797 7594 887
3797 7595 593
3798 7596 693173
3798 7597 854202
3799 7598 881224
3799 7599 600508
3800 7600 157264
3800 7601 409
3801 7602 613249
3801 7603 990187
3802 7604 549
3802 7605 206952
3803 7606 436289
3803 7607 906892
3804 7608 987899
3804 7609 347
3805 7610 101
3805 7611 916834
3806 7612 1000000
3806 7613 534
3807 7614 619464
3807 7615 1
3808 7616 659226
3808 7617 1000000
3809 7618 995044
3809 7619 973790
3810 7620 534027
3810 7621 958636
3811 7622 542
3811 7623 957423
3812 7624 1000000
3812 7625 253
3813 7626 506752
3813 7627 957382
3814 7628 968792
3814 7629 919635
3815 7630 100
3815 7631 1000000
3816 7632 81
3816 7633 809
3817 7634 396756
3817 7635 995592
3818 7636 448175
3818 7637 100
3819 7638 1000000
3819 7639 13675
3820 7640 78
3820 7641 551
3821 7642 246
3821 7643 211749
3822 7644 965625
3822 7645 824774
3823 7646 983146
3823 7647 936109
3824 7648 77476
3824 7649 1000000
3825 7650 1000000
3825 7651 875934
3826 7652 948524
3826 7653 749758
3827 7654 554122
3827 7655 963529
3828 7656 1000000
3828 7657 1000000
3829 7658 318019
3829 7659 566397
3830 7660 981649
3830 7661 374
3831 7662 94884
3831 7663 418417
3832 7664 1
3832 7665 465
3833 7666 935657
3833 7667 1
3834 7668 563
3834 7669 930742
3835 7670 953857
3835 7671 984311
3836 7672 325666
3836 7673 1
3837 7674 40
3837 7675 958056
3838 7676 704259
3838 7677 961850
3839 7678 909898
3839 7679 505
3840 7680 1000000
3840 7681 989082
3841 7682 508
3841 7683 970308
3842 7684 767167
3842 7685 165498
3843 7686 926394
3843 7687 949717
3844 7688 99
3844 7689 386205
3845 7690 939246
3845 7691 974709
3846 7692 994867
3846 7693 620047
3847 7694 266698
3847 7695 978588
3848 7696 270535
3848 7697 366134
3849 7698 858
3849 7699 1000000
3850 7700 965
3850 7701 997308
3851 7702 589506
3851 7703 1000000
3852 7704 906646
3852 7705 794687
3853 7706 1000000
3853 7707 923656
3854 7708 1
3854 7709 573391
3855 7710 5
3855 7711 689511
3856 7712 623606
3856 7713 1000000
3857 7714 877
3857 7715 974262
3858 7716 1000000
3858 7717 552
3859 7718 1
3859 7719 801206
3860 7720 954847
3860 7721 544105
3861 7722 367
3861 7723 999146
3862 7724 88
3862 7725 1
3863 7726 234758
3863 7727 1000000
3864 7728 160704
3864 7729 763940
3865 7730 919531
3865 7731 297796
3866 7732 985587
3866 7733 948762
3867 7734 225703
3867 7735 963073
3868 7736 910107
3868 7737 1000000
3869 7738 759316
3869 7739 327609
3870 7740 882
3870 7741 990495
3871 7742 187
3871 7743 632391
3872 7744 1
3872 7745 268
3873 7746 139025
3873 7747 961289
3874 7748 472635
3874 7749 973192
3875 7750 991101
3875 7751 1000000
3876 7752 630913
3876 7753 981737
3877 7754 469188
3877 7755 791892
3878 7756 964275
3878 7757 60
3879 7758 982513
3879 7759 888194
3880 7760 1000000
3880 7761 906799
3881 7762 1
3881 7763 935714
3882 7764 997443
3882 7765 1000000
3883 7766 993496
3883 7767 1000000
3884 7768 560332
3884 7769 20070
3885 7770 887
3885 7771 916193
3886 7772 970625
3886 7773 1
3887 7774 979358
3887 7775 983097
3888 7776 2306
3888 7777 46063
3889 7778 439751
3889 7779 971980
3890 7780 525981
3890 7781 954
3891 7782 343
3891 7783 113186
3892 7784 715651
3892 7785 971286
3893 7786 1
3893 7787 957991
3894 7788 674
3894 7789 76
3895 7790 724
3895 7791 805
3896 7792 826453
3896 7793 777
3897 7794 1000000
3897 7795 953160
3898 7796 956459
3898 7797 247265
3899 7798 1
3899 7799 928365
3900 7800 649903
3900 7801 909121
3901 7802 705996
3901 7803 660855
3902 7804 961856
3902 7805 211
3903 7806 583134
3903 7807 907301
3904 7808 580615
3904 7809 176
3905 7810 902496
3905 7811 485
3906 7812 1000000
3906 7813 265381
3907 7814 342207
3907 7815 909580
3908 7816 98776
3908 7817 599
3909 7818 398
3909 7819 773989
3910 7820 72118
3910 7821 941006
3911 7822 428298
3911 7823 439
3912 7824 25539
3912 7825 911551
3913 7826 946306
3913 7827 490938
3914 7828 205
3914 7829 933898
3915 7830 375664
3915 7831 184512
3916 7832 950467
3916 7833 501893
3917 7834 84716
3917 7835 1000000
3918 7836 902
3918 7837 937937
3919 7838 564
3919 7839 948279
3920 7840 954
3920 7841 1000000
3921 7842 607205
3921 7843 1000000
3922 7844 896
3922 7845 938417
3923 7846 997172
3923 7847 997731
3924 7848 937193
3924 7849 796459
3925 7850 908704
3925 7851 91
3926 7852 505
3926 7853 907364
3927 7854 977121
3927 7855 910390
3928 7856 939306
3928 7857 992811
3929 7858 877397
3929 7859 987113
3930 7860 733619
3930 7861 1000000
3931 7862 996847
3931 7863 546762
3932 7864 933880
3932 7865 298965
3933 7866 921663
3933 7867 817
3934 7868 353764
3934 7869 216
3935 7870 795963
3935 7871 108866
3936 7872 994909
3936 7873 547
3937 7874 932572
3937 7875 532144
3938 7876 850740
3938 7877 940035
3939 7878 34694
3939 7879 682
3940 7880 947865
3940 7881 900876
3941 7882 707910
3941 7883 1000000
3942 7884 926236
3942 7885 945417
3943 7886 177933
3943 7887 96479
3944 7888 917986
3944 7889 878872
3945 7890 1000000
3945 7891 363026
3946 7892 1
3946 7893 985184
3947 7894 751717
3947 7895 1000000
3948 7896 712266
3948 7897 979635
3949 7898 729
3949 7899 903109
3950 7900 627
3950 7901 969857
3951 7902 1
3951 7903 971215
3952 7904 994305
3952 7905 291399
3953 7906 1
3953 7907 1000000
3954 7908 512
3954 7909 1000000
3955 7910 924712
3955 7911 1000000
3956 7912 961148
3956 7913 674
3957 7914 651
3957 7915 162631
3958 7916 921738
3958 7917 399888
3959 7918 953631
3959 7919 182
3960 7920 538174
3960 7921 537
3961 7922 908625
3961 7923 909075
3962 7924 397
3962 7925 947496
3963 7926 879
3963 7927 998483
3964 7928 624231
3964 7929 182
3965 7930 1000000
3965 7931 1000000
3966 7932 762
3966 7933 1000000
3967 7934 977373
3967 7935 1000000
3968 7936 770774
3968 7937 906003
3969 7938 459
3969 7939 898523
3970 7940 349089
3970 7941 164472
3971 7942 972782
3971 7943 306
3972 7944 996263
3972 7945 918050
3973 7946 939075
3973 7947 1000000
3974 7948 836
3974 7949 589574
3975 7950 1
3975 7951 1
3976 7952 486235
3976 7953 997691
3977 7954 968212
3977 7955 985752
3978 7956 139017
3978 7957 384088
3979 7958 34757
3979 7959 823776
3980 7960 685312
3980 7961 573377
3981 7962 906479
3981 7963 984837
3982 7964 1000000
3982 7965 331090
3983 7966 1
3983 7967 398090
3984 7968 1000000
3984 7969 737343
3985 7970 60
3985 7971 901564
3986 7972 614296
3986 7973 218
3987 7974 123716
3987 7975 530632
3988 7976 963802
3988 7977 543759
3989 7978 984404
3989 7979 935983
3990 7980 975087
3990 7981 757261
3991 7982 910308
3991 7983 996585
3992 7984 852910
3992 7985 641643
3993 7986 101870
3993 7987 962153
3994 7988 165497
3994 7989 457675
3995 7990 562
3995 7991 237
3996 7992 244571
3996 7993 761231
3997 7994 1
3997 7995 912130
3998 7996 979422
3998 7997 886769
3999 7998 809104
3999 7999 753
4000 8000 635131
4000 8001 998607
4001 8002 961418
4001 8003 980924
4002 8004 1
4002 8005 4
4003 8006 948601
4003 8007 197346
4004 8008 444
4004 8009 979450
4005 8010 219806
4005 8011 1000000
4006 8012 1000000
4006 8013 1000000
4007 8014 44690
4007 8015 515462
4008 8016 961527
4008 8017 911473
4009 8018 953893
4009 8019 1000000
4010 8020 987429
4010 8021 987911
4011 8022 964139
4011 8023 635860
4012 8024 893839
4012 8025 933549
4013 8026 299352
4013 8027 365529
4014 8028 814199
4014 8029 464643
4015 8030 945125
4015 8031 926250
4016 8032 954316
4016 8033 968982
4017 8034 1000000
4017 8035 908655
4018 8036 956564
4018 8037 937057
4019 8038 304
4019 8039 166
4020 8040 919140
4020 8041 1000000
4021 8042 668
4021 8043 927879
4022 8044 964411
4022 8045 914798
4023 8046 307002
4023 8047 989746
4024 8048 96799
4024 8049 898611
4025 8050 745320
4025 8051 978364
4026 8052 1000000
4026 8053 902552
4027 8054 28
4027 8055 69594
4028 8056 919047
4028 8057 102
4029 8058 916
4029 8059 721928
4030 8060 979090
4030 8061 902433
4031 8062 942200
4031 8063 796
4032 8064 968342
4032 8065 430518
4033 8066 89
4033 8067 328645
4034 8068 921477
4034 8069 855923
4035 8070 224697
4035 8071 571128
4036 8072 147715
4036 8073 937309
4037 8074 448
4037 8075 948635
4038 8076 434338
4038 8077 990928
4039 8078 1
4039 8079 1000000
4040 8080 962768
4040 8081 938
4041 8082 691170
4041 8083 18518
4042 8084 949608
4042 8085 484621
4043 8086 635727
4043 8087 474
4044 8088 954493
4044 8089 328746
4045 8090 30
4045 8091 670932
4046 8092 931437
4046 8093 971283
4047 8094 619
4047 8095 1000000
4048 8096 966812
4048 8097 511
4049 8098 919504
4049 8099 920311
4050 8100 1000000
4050 8101 888923
4051 8102 788
4051 8103 150
4052 8104 987810
4052 8105 336713
4053 8106 964
4053 8107 986808
4054 8108 842283
4054 8109 727
4055 8110 203740
4055 8111 985165
4056 8112 103
4056 8113 934708
4057 8114 832
4057 8115 989415
4058 8116 144461
4058 8117 557702
4059 8118 857566
4059 8119 981191
4060 8120 665
4060 8121 918924
4061 8122 952843
4061 8123 845242
4062 8124 1000000
4062 8125 1
4063 8126 624344
4063 8127 61152
4064 8128 816243
4064 8129 1
4065 8130 46972
4065 8131 562
4066 8132 355
4066 8133 66
4067 8134 966788
4067 8135 393300
4068 8136 632
4068 8137 961683
4069 8138 965167
4069 8139 537
4070 8140 911137
4070 8141 988101
4071 8142 154160
4071 8143 856210
4072 8144 948497
4072 8145 1000000
4073 8146 495
4073 8147 278355
4074 8148 389341
4074 8149 859
4075 8150 433
4075 8151 956306
4076 8152 317924
4076 8153 1000000
4077 8154 982022
4077 8155 995464
4078 8156 911118
4078 8157 343756
4079 8158 866212
4079 8159 531
4080 8160 576573
4080 8161 118442
4081 8162 955769
4081 8163 1000000
4082 8164 960621
4082 8165 946833
4083 8166 904133
4083 8167 947300
4084 8168 915157
4084 8169 42
4085 8170 446251
4085 8171 982406
4086 8172 1000000
4086 8173 348210
4087 8174 261452
4087 8175 937712
4088 8176 957262
4088 8177 310
4089 8178 1000000
4089 8179 908426
4090 8180 996764
4090 8181 955919
4091 8182 919310
4091 8183 855453
4092 8184 962018
4092 8185 307118
4093 8186 1
4093 8187 986191
4094 8188 201787
4094 8189 901905
4095 8190 542
4095 8191 51
4096 8192 458122
4096 8193 969622
4097 8194 532
4097 8195 1000000
4098 8196 960
4098 8197 701102
4099 8198 811583
4099 8199 817699
4100 8200 930603
4100 8201 133499
4101 8202 913798
4101 8203 934825
4102 8204 493379
4102 8205 838618
4103 8206 988926
4103 8207 505
4104 8208 135357
4104 8209 13
4105 8210 937
4105 8211 790592
4106 8212 464393
4106 8213 486
4107 8214 904121
4107 8215 1000000
4108 8216 989477
4108 8217 845347
4109 8218 698
4109 8219 984599
4110 8220 561942
4110 8221 966682
4111 8222 596473
4111 8223 906767
4112 8224 945632
4112 8225 874376
4113 8226 23967
4113 8227 242086
4114 8228 729849
4114 8229 921617
4115 8230 262
4115 8231 544798
4116 8232 939725
4116 8233 183
4117 8234 564553
4117 8235 926124
4118 8236 940342
4118 8237 10
4119 8238 917772
4119 8239 827
4120 8240 175363
4120 8241 307479
4121 8242 83
4121 8243 1000000
4122 8244 948
4122 8245 442671
4123 8246 568
4123 8247 69
4124 8248 928491
4124 8249 513460
4125 8250 1
4125 8251 942660
4126 8252 921348
4126 8253 435420
4127 8254 1
4127 8255 1000000
4128 8256 518059
4128 8257 557
4129 8258 914214
4129 8259 1
4130 8260 908051
4130 8261 750161
4131 8262 980033
4131 8263 615547
4132 8264 475697
4132 8265 909
4133 8266 974849
4133 8267 338652
4134 8268 937890
4134 8269 942142
4135 8270 984124
4135 8271 171167
4136 8272 824043
4136 8273 1000000
4137 8274 955406
4137 8275 908
4138 8276 997837
4138 8277 110088
4139 8278 510108
4139 8279 902881
4140 8280 165
4140 8281 953931
4141 8282 901564
4141 8283 272
4142 8284 25
4142 8285 264327
4143 8286 881815
4143 8287 190
4144 8288 559360
4144 8289 376749
4145 8290 910970
4145 8291 909267
4146 8292 939351
4146 8293 506671
4147 8294 794
4147 8295 752959
4148 8296 22
4148 8297 471923
4149 8298 416476
4149 8299 220923
4150 8300 1000000
4150 8301 1
4151 8302 400011
4151 8303 143369
4152 8304 983119
4152 8305 976283
4153 8306 974500
4153 8307 1
4154 8308 1000000
4154 8309 861141
4155 8310 962284
4155 8311 952600
4156 8312 1
4156 8313 769
4157 8314 1000000
4157 8315 978063
4158 8316 671330
4158 8317 947047
4159 8318 939097
4159 8319 466051
4160 8320 1000000
4160 8321 1000000
4161 8322 951730
4161 8323 200
4162 8324 901518
4162 8325 963822
4163 8326 341
4163 8327 973456
4164 8328 916673
4164 8329 281795
4165 8330 971344
4165 8331 525547
4166 8332 1000000
4166 8333 687940
4167 8334 1000000
4167 8335 85655
4168 8336 1000000
4168 8337 991174
4169 8338 278699
4169 8339 1
4170 8340 924030
4170 8341 332551
4171 8342 947373
4171 8343 1000000
4172 8344 944469
4172 8345 1000000
4173 8346 166200
4173 8347 943
4174 8348 930752
4174 8349 249830
4175 8350 156722
4175 8351 1000000
4176 8352 1
4176 8353 965873
4177 8354 1000000
4177 8355 1000000
4178 8356 681042
4178 8357 266910
4179 8358 169262
4179 8359 901334
4180 8360 631493
4180 8361 706
4181 8362 608
4181 8363 949021
4182 8364 970042
4182 8365 221122
4183 8366 246
4183 8367 987878
4184 8368 957058
4184 8369 511807
4185 8370 680051
4185 8371 718
4186 8372 274427
4186 8373 177835
4187 8374 123271
4187 8375 1000000
4188 8376 1000000
4188 8377 154075
4189 8378 1
4189 8379 995786
4190 8380 988239
4190 8381 659059
4191 8382 959535
4191 8383 1000000
4192 8384 956417
4192 8385 653869
4193 8386 954454
4193 8387 909505
4194 8388 308
4194 8389 85543
4195 8390 1000000
4195 8391 295864
4196 8392 264048
4196 8393 987530
4197 8394 860943
4197 8395 101319
4198 8396 495
4198 8397 206
4199 8398 962071
4199 8399 624292
4200 8400 932605
4200 8401 216637
4201 8402 38
4201 8403 940727
4202 8404 982822
4202 8405 756810
4203 8406 968745
4203 8407 913813
4204 8408 920432
4204 8409 21304
4205 8410 479267
4205 8411 992751
4206 8412 1000000
4206 8413 947794
4207 8414 403248
4207 8415 965690
4208 8416 508
4208 8417 344744
4209 8418 860
4209 8419 1000000
4210 8420 905940
4210 8421 852934
4211 8422 47068
4211 8423 1
4212 8424 971961
4212 8425 970114
4213 8426 930
4213 8427 182437
4214 8428 847831
4214 8429 927
4215 8430 985859
4215 8431 1000000
4216 8432 193870
4216 8433 1
4217 8434 213
4217 8435 694742
4218 8436 965382
4218 8437 387930
4219 8438 966389
4219 8439 298
4220 8440 431
4220 8441 1000000
4221 8442 516
4221 8443 1000000
4222 8444 977206
4222 8445 211
4223 8446 278114
4223 8447 23709
4224 8448 972196
4224 8449 945881
4225 8450 1
4225 8451 601565
4226 8452 796759
4226 8453 986018
4227 8454 231
4227 8455 275425
4228 8456 427
4228 8457 450711
4229 8458 676
4229 8459 935506
4230 8460 937209
4230 8461 913082
4231 8462 990257
4231 8463 513380
4232 8464 1
4232 8465 1
4233 8466 921480
4233 8467 160382
4234 8468 115153
4234 8469 938119
4235 8470 325778
4235 8471 977468
4236 8472 179593
4236 8473 818
4237 8474 1000000
4237 8475 917377
4238 8476 915250
4238 8477 667860
4239 8478 1000000
4239 8479 721
4240 8480 996
4240 8481 1000000
4241 8482 500
4241 8483 344424
4242 8484 998035
4242 8485 517
4243 8486 27416
4243 8487 913670
4244 8488 98979
4244 8489 1
4245 8490 243
4245 8491 600
4246 8492 138916
4246 8493 115001
4247 8494 44992
4247 8495 1000000
4248 8496 241
4248 8497 222
4249 8498 927249
4249 8499 938482
4250 8500 1
4250 8501 100496
4251 8502 190273
4251 8503 150187
4252 8504 972315
4252 8505 610242
4253 8506 812
4253 8507 786469
4254 8508 1000000
4254 8509 550
4255 8510 1
4255 8511 803257
4256 8512 962
4256 8513 1000000
4257 8514 926700
4257 8515 242492
4258 8516 268150
4258 8517 819393
4259 8518 932771
4259 8519 453569
4260 8520 144
4260 8521 1000000
4261 8522 1
4261 8523 299995
4262 8524 1000000
4262 8525 570
4263 8526 262
4263 8527 147
4264 8528 1000000
4264 8529 912083
4265 8530 38842
4265 8531 414511
4266 8532 998855
4266 8533 530873
4267 8534 773239
4267 8535 13
4268 8536 943079
4268 8537 925534
4269 8538 956882
4269 8539 749379
4270 8540 388616
4270 8541 974252
4271 8542 181776
4271 8543 1000000
4272 8544 924976
4272 8545 850346
4273 8546 560
4273 8547 926628
4274 8548 150359
4274 8549 1
4275 8550 923869
4275 8551 250284
4276 8552 409346
4276 8553 933590
4277 8554 81898
4277 8555 986486
4278 8556 398584
4278 8557 117875
4279 8558 896869
4279 8559 63335
4280 8560 94912
4280 8561 383528
4281 8562 955943
4281 8563 972872
4282 8564 816209
4282 8565 693133
4283 8566 895275
4283 8567 862558
4284 8568 652
4284 8569 970284
4285 8570 927225
4285 8571 735
4286 8572 378
4286 8573 896420
4287 8574 959827
4287 8575 239
4288 8576 288
4288 8577 113437
4289 8578 1
4289 8579 253774
4290 8580 987925
4290 8581 955060
4291 8582 999809
4291 8583 962332
4292 8584 953463
4292 8585 979726
4293 8586 1000000
4293 8587 586
4294 8588 979305
4294 8589 970713
4295 8590 791842
4295 8591 68056
4296 8592 519657
4296 8593 903925
4297 8594 715
4297 8595 387256
4298 8596 447635
4298 8597 918895
4299 8598 976630
4299 8599 1
4300 8600 907181
4300 8601 901585
4301 8602 424
4301 8603 963474
4302 8604 998723
4302 8605 952327
4303 8606 825238
4303 8607 959517
4304 8608 456009
4304 8609 923300
4305 8610 814331
4305 8611 568930
4306 8612 937340
4306 8613 1
4307 8614 932001
4307 8615 213566
4308 8616 176
4308 8617 948749
4309 8618 24616
4309 8619 1000000
4310 8620 952923
4310 8621 172
4311 8622 962066
4311 8623 856977
4312 8624 916137
4312 8625 1000000
4313 8626 196473
4313 8627 936861
4314 8628 37144
4314 8629 1
4315 8630 348613
4315 8631 568
4316 8632 921643
4316 8633 916665
4317 8634 554
4317 8635 938623
4318 8636 1000000
4318 8637 376
4319 8638 975510
4319 8639 919277
4320 8640 411463
4320 8641 936103
4321 8642 795961
4321 8643 290881
4322 8644 1000000
4322 8645 391672
4323 8646 997471
4323 8647 1000000
4324 8648 568
4324 8649 998
4325 8650 537
4325 8651 988876
4326 8652 232026
4326 8653 991437
4327 8654 906468
4327 8655 223058
4328 8656 922407
4328 8657 729
4329 8658 998285
4329 8659 1000000
4330 8660 912756
4330 8661 980197
4331 8662 938439
4331 8663 961297
4332 8664 305367
4332 8665 977322
4333 8666 1000000
4333 8667 916246
4334 8668 1000000
4334 8669 450
4335 8670 815064
4335 8671 1000000
4336 8672 939633
4336 8673 1000000
4337 8674 946449
4337 8675 975941
4338 8676 983406
4338 8677 447
4339 8678 62
4339 8679 963797
4340 8680 375
4340 8681 982401
4341 8682 98612
4341 8683 17
4342 8684 941385
4342 8685 688823
4343 8686 592269
4343 8687 1000000
4344 8688 1000000
4344 8689 982273
4345 8690 64
4345 8691 1000000
4346 8692 705647
4346 8693 930154
4347 8694 577262
4347 8695 13
4348 8696 1000000
4348 8697 1
4349 8698 24202
4349 8699 874
4350 8700 976862
4350 8701 916176
4351 8702 1000000
4351 8703 402669
4352 8704 915308
4352 8705 905
4353 8706 465550
4353 8707 166
4354 8708 1
4354 8709 1
4355 8710 1000000
4355 8711 70414
4356 8712 84220
4356 8713 532881
4357 8714 797924
4357 8715 977439
4358 8716 661849
4358 8717 712814
4359 8718 807263
4359 8719 666832
4360 8720 990002
4360 8721 972640
4361 8722 865368
4361 8723 734
4362 8724 342673
4362 8725 607403
4363 8726 384199
4363 8727 395261
4364 8728 981244
4364 8729 389
4365 8730 752129
4365 8731 926646
4366 8732 102720
4366 8733 797051
4367 8734 480156
4367 8735 935005
4368 8736 928877
4368 8737 552549
4369 8738 937734
4369 8739 977606
4370 8740 1000000
4370 8741 383
4371 8742 725220
4371 8743 907773
4372 8744 966684
4372 8745 917287
4373 8746 631634
4373 8747 959557
4374 8748 427
4374 8749 136807
4375 8750 567032
4375 8751 644370
4376 8752 129
4376 8753 964949
4377 8754 510810
4377 8755 587
4378 8756 951529
4378 8757 656431
4379 8758 925919
4379 8759 357331
4380 8760 913344
4380 8761 359814
4381 8762 627866
4381 8763 218
4382 8764 967487
4382 8765 964756
4383 8766 960133
4383 8767 178
4384 8768 1000000
4384 8769 302349
4385 8770 256379
4385 8771 969596
4386 8772 941789
4386 8773 1000000
4387 8774 213928
4387 8775 225
4388 8776 970704
4388 8777 1
4389 8778 923330
4389 8779 727
4390 8780 933046
4390 8781 950780
4391 8782 240806
4391 8783 1000000
4392 8784 1000000
4392 8785 1000000
4393 8786 1
4393 8787 922192
4394 8788 977359
4394 8789 808
4395 8790 641
4395 8791 997539
4396 8792 1
4396 8793 952314
4397 8794 996142
4397 8795 370180
4398 8796 588269
4398 8797 22
4399 8798 951527
4399 8799 910216
4400 8800 133783
4400 8801 116541
4401 8802 193347
4401 8803 960584
4402 8804 1
4402 8805 59
4403 8806 966794
4403 8807 576
4404 8808 329640
4404 8809 1000000
4405 8810 931650
4405 8811 941911
4406 8812 821
4406 8813 649
4407 8814 935600
4407 8815 262
4408 8816 806
4408 8817 966477
4409 8818 912
4409 8819 340
4410 8820 941263
4410 8821 670956
4411 8822 902854
4411 8823 766
4412 8824 962362
4412 8825 266
4413 8826 1000000
4413 8827 953639
4414 8828 1000000
4414 8829 411161
4415 8830 661
4415 8831 210
4416 8832 821193
4416 8833 948141
4417 8834 877286
4417 8835 944607
4418 8836 871842
4418 8837 502492
4419 8838 981814
4419 8839 979800
4420 8840 268
4420 8841 353
4421 8842 965249
4421 8843 1
4422 8844 1
4422 8845 1000000
4423 8846 992748
4423 8847 932994
4424 8848 524
4424 8849 980145
4425 8850 503531
4425 8851 925882
4426 8852 447836
4426 8853 966999
4427 8854 647886
4427 8855 998601
4428 8856 918454
4428 8857 1
4429 8858 818665
4429 8859 134949
4430 8860 927
4430 8861 1000000
4431 8862 567
4431 8863 463
4432 8864 133
4432 8865 935611
4433 8866 1
4433 8867 1
4434 8868 990861
4434 8869 922423
4435 8870 903069
4435 8871 998680
4436 8872 2
4436 8873 519
4437 8874 614
4437 8875 842
4438 8876 355
4438 8877 401819
4439 8878 335266
4439 8879 1000000
4440 8880 180167
4440 8881 1000000
4441 8882 322768
4441 8883 976915
4442 8884 469
4442 8885 960576
4443 8886 884859
4443 8887 157508
4444 8888 1
4444 8889 279239
4445 8890 940165
4445 8891 904892
4446 8892 706450
4446 8893 746980
4447 8894 955792
4447 8895 23
4448 8896 646
4448 8897 974862
4449 8898 961
4449 8899 447878
4450 8900 326949
4450 8901 974137
4451 8902 925914
4451 8903 1
4452 8904 314931
4452 8905 978101
4453 8906 752820
4453 8907 119
4454 8908 688
4454 8909 1000000
4455 8910 255
4455 8911 298468
4456 8912 389630
4456 8913 27727
4457 8914 2434
4457 8915 823262
4458 8916 265800
4458 8917 1000000
4459 8918 969293
4459 8919 948358
4460 8920 937856
4460 8921 476049
4461 8922 954889
4461 8923 1000000
4462 8924 216218
4462 8925 82131
4463 8926 364715
4463 8927 244670
4464 8928 237702
4464 8929 838784
4465 8930 994672
4465 8931 981345
4466 8932 361
4466 8933 55624
4467 8934 966625
4467 8935 42703
4468 8936 152637
4468 8937 748888
4469 8938 283105
4469 8939 532197
4470 8940 1
4470 8941 996516
4471 8942 694
4471 8943 85
4472 8944 473343
4472 8945 101874
4473 8946 329432
4473 8947 161927
4474 8948 599
4474 8949 922194
4475 8950 933920
4475 8951 49
4476 8952 320433
4476 8953 451
4477 8954 376
4477 8955 677
4478 8956 227
4478 8957 987573
4479 8958 1000000
4479 8959 900837
4480 8960 974295
4480 8961 206803
4481 8962 905098
4481 8963 93122
4482 8964 1
4482 8965 190577
4483 8966 988670
4483 8967 757198
4484 8968 789
4484 8969 709
4485 8970 1000000
4485 8971 191699
4486 8972 709354
4486 8973 874433
4487 8974 879
4487 8975 675
4488 8976 89772
4488 8977 909645
4489 8978 961093
4489 8979 918957
4490 8980 951622
4490 8981 910495
4491 8982 748084
4491 8983 13007
4492 8984 259853
4492 8985 112674
4493 8986 677886
4493 8987 704
4494 8988 932155
4494 8989 990287
4495 8990 631261
4495 8991 319
4496 8992 1000000
4496 8993 1
4497 8994 545724
4497 8995 4814
4498 8996 912019
4498 8997 702
4499 8998 949855
4499 8999 548255
4500 9000 936
4500 9001 875
4501 9002 711
4501 9003 891213
4502 9004 941216
4502 9005 590
4503 9006 191433
4503 9007 1000000
4504 9008 31065
4504 9009 909651
4505 9010 583807
4505 9011 955487
4506 9012 1
4506 9013 104239
4507 9014 906012
4507 9015 946285
4508 9016 549209
4508 9017 776822
4509 9018 1
4509 9019 854699
4510 9020 610841
4510 9021 677548
4511 9022 1
4511 9023 486
4512 9024 86493
4512 9025 788681
4513 9026 954611
4513 9027 480062
4514 9028 879603
4514 9029 911783
4515 9030 658115
4515 9031 911283
4516 9032 1
4516 9033 146
4517 9034 878
4517 9035 953856
4518 9036 994573
4518 9037 546504
4519 9038 635
4519 9039 1000000
4520 9040 707013
4520 9041 473
4521 9042 124
4521 9043 1000000
4522 9044 528356
4522 9045 146203
4523 9046 976305
4523 9047 1
4524 9048 137
4524 9049 1000000
4525 9050 478
4525 9051 484893
4526 9052 402304
4526 9053 1000000
4527 9054 1000000
4527 9055 909391
4528 9056 768700
4528 9057 578934
4529 9058 445
4529 9059 934477
4530 9060 319803
4530 9061 906000
4531 9062 910050
4531 9063 920332
4532 9064 1000000
4532 9065 912966
4533 9066 731
4533 9067 936066
4534 9068 975629
4534 9069 853879
4535 9070 947057
4535 9071 864056
4536 9072 824370
4536 9073 955242
4537 9074 903811
4537 9075 1000000
4538 9076 1
4538 9077 396051
4539 9078 917969
4539 9079 984920
4540 9080 672
4540 9081 962815
4541 9082 765965
4541 9083 497
4542 9084 946128
4542 9085 146
4543 9086 396521
4543 9087 542
4544 9088 842086
4544 9089 641320
4545 9090 153962
4545 9091 914998
4546 9092 1
4546 9093 1
4547 9094 364622
4547 9095 931230
4548 9096 660
4548 9097 946047
4549 9098 738581
4549 9099 1
4550 9100 1000000
4550 9101 398347
4551 9102 1000000
4551 9103 23
4552 9104 1000000
4552 9105 241992
4553 9106 1000000
4553 9107 936646
4554 9108 1000000
4554 9109 905776
4555 9110 1
4555 9111 415421
4556 9112 963474
4556 9113 794
4557 9114 291
4557 9115 865244
4558 9116 923372
4558 9117 902626
4559 9118 47
4559 9119 265279
4560 9120 857354
4560 9121 889423
4561 9122 957123
4561 9123 1000000
4562 9124 916649
4562 9125 78728
4563 9126 563053
4563 9127 1000000
4564 9128 829997
4564 9129 994500
4565 9130 563
4565 9131 943736
4566 9132 797
4566 9133 974576
4567 9134 160
4567 9135 942102
4568 9136 8
4568 9137 621512
4569 9138 1000000
4569 9139 474289
4570 9140 779547
4570 9141 1000000
4571 9142 916604
4571 9143 628
4572 9144 286992
4572 9145 940947
4573 9146 814277
4573 9147 1000000
4574 9148 650
4574 9149 864721
4575 9150 491
4575 9151 961303
4576 9152 932380
4576 9153 833434
4577 9154 578
4577 9155 274
4578 9156 969546
4578 9157 105336
4579 9158 959996
4579 9159 939360
4580 9160 960537
4580 9161 50
4581 9162 936589
4581 9163 488529
4582 9164 961516
4582 9165 240
4583 9166 831
4583 9167 983497
4584 9168 961826
4584 9169 999649
4585 9170 806273
4585 9171 910330
4586 9172 949319
4586 9173 1000000
4587 9174 460711
4587 9175 920389
4588 9176 523
4588 9177 1000000
4589 9178 139440
4589 9179 914607
4590 9180 683038
4590 9181 1000000
4591 9182 79960
4591 9183 125487
4592 9184 930618
4592 9185 193523
4593 9186 468
4593 9187 985984
4594 9188 242992
4594 9189 1000000
4595 9190 783252
4595 9191 956988
4596 9192 53
4596 9193 987954
4597 9194 587
4597 9195 947713
4598 9196 182554
4598 9197 1000000
4599 9198 913055
4599 9199 1000000
4600 9200 931761
4600 9201 348825
4601 9202 900935
4601 9203 1
4602 9204 184360
4602 9205 106046
4603 9206 493991
4603 9207 900012
4604 9208 929
4604 9209 595
4605 9210 682
4605 9211 391
4606 9212 216
4606 9213 60
4607 9214 252133
4607 9215 160
4608 9216 526840
4608 9217 1000000
4609 9218 181484
4609 9219 197582
4610 9220 478096
4610 9221 1
4611 9222 993648
4611 9223 916795
4612 9224 948521
4612 9225 1
4613 9226 917
4613 9227 990927
4614 9228 243419
4614 9229 893240
4615 9230 682
4615 9231 16505
4616 9232 100831
4616 9233 966865
4617 9234 888
4617 9235 340404
4618 9236 562
4618 9237 1000000
4619 9238 282
4619 9239 1000000
4620 9240 809307
4620 9241 131
4621 9242 918031
4621 9243 930
4622 9244 165092
4622 9245 347446
4623 9246 1000000
4623 9247 961397
4624 9248 928452
4624 9249 1000000
4625 9250 934282
4625 9251 565779
4626 9252 830670
4626 9253 893889
4627 9254 967914
4627 9255 726947
4628 9256 1000000
4628 9257 1000000
4629 9258 951699
4629 9259 899221
4630 9260 196746
4630 9261 1
4631 9262 976451
4631 9263 538326
4632 9264 441
4632 9265 617
4633 9266 978143
4633 9267 945188
4634 9268 1
4634 9269 274948
4635 9270 249
4635 9271 1000000
4636 9272 930574
4636 9273 179095
4637 9274 883
4637 9275 533
4638 9276 982
4638 9277 1000000
4639 9278 160
4639 9279 218609
4640 9280 440747
4640 9281 51472
4641 9282 959611
4641 9283 900371
4642 9284 921296
4642 9285 505351
4643 9286 903505
4643 9287 387026
4644 9288 145004
4644 9289 983076
4645 9290 1000000
4645 9291 970813
4646 9292 792
4646 9293 200
4647 9294 1000000
4647 9295 1000000
4648 9296 240
4648 9297 48735
4649 9298 1000000
4649 9299 333
4650 9300 365932
4650 9301 306
4651 9302 349
4651 9303 969
4652 9304 851
4652 9305 1000000
4653 9306 534594
4653 9307 491354
4654 9308 988567
4654 9309 978483
4655 9310 785
4655 9311 976665
4656 9312 1000000
4656 9313 281577
4657 9314 495
4657 9315 1
4658 9316 685
4658 9317 1000000
4659 9318 530407
4659 9319 633622
4660 9320 487
4660 9321 201283
4661 9322 372
4661 9323 923456
4662 9324 499991
4662 9325 9
4663 9326 99084
4663 9327 265033
4664 9328 857149
4664 9329 381
4665 9330 1000000
4665 9331 1000000
4666 9332 985081
4666 9333 768936
4667 9334 604830
4667 9335 940107
4668 9336 957754
4668 9337 892567
4669 9338 974580
4669 9339 932034
4670 9340 934838
4670 9341 759
4671 9342 948402
4671 9343 906461
4672 9344 949
4672 9345 1000000
4673 9346 863
4673 9347 333794
4674 9348 1000000
4674 9349 411
4675 9350 901575
4675 9351 243258
4676 9352 1000000
4676 9353 4939
4677 9354 964748
4677 9355 989344
4678 9356 112670
4678 9357 799966
4679 9358 761
4679 9359 959997
4680 9360 943655
4680 9361 74020
4681 9362 161
4681 9363 913705
4682 9364 7240
4682 9365 304463
4683 9366 35951
4683 9367 800356
4684 9368 1000000
4684 9369 914536
4685 9370 902370
4685 9371 1000000
4686 9372 871622
4686 9373 759
4687 9374 1
4687 9375 949448
4688 9376 1000000
4688 9377 969
4689 9378 495211
4689 9379 262833
4690 9380 668738
4690 9381 195598
4691 9382 237
4691 9383 942712
4692 9384 723646
4692 9385 900065
4693 9386 216927
4693 9387 46089
4694 9388 1000000
4694 9389 941626
4695 9390 967460
4695 9391 947805
4696 9392 91237
4696 9393 450787
4697 9394 932739
4697 9395 540992
4698 9396 1000000
4698 9397 944790
4699 9398 583
4699 9399 1000000
4700 9400 1000000
4700 9401 282236
4701 9402 979992
4701 9403 691753
4702 9404 599
4702 9405 983950
4703 9406 972891
4703 9407 913206
4704 9408 933606
4704 9409 989535
4705 9410 968966
4705 9411 827618
4706 9412 47
4706 9413 964333
4707 9414 989580
4707 9415 167810
4708 9416 964914
4708 9417 973768
4709 9418 949871
4709 9419 1000000
4710 9420 72166
4710 9421 934362
4711 9422 676
4711 9423 964
4712 9424 975624
4712 9425 913562
4713 9426 1000000
4713 9427 111750
4714 9428 937906
4714 9429 951724
4715 9430 1000000
4715 9431 812
4716 9432 20
4716 9433 997534
4717 9434 919325
4717 9435 1
4718 9436 78442
4718 9437 942436
4719 9438 836725
4719 9439 930935
4720 9440 1
4720 9441 325
4721 9442 357255
4721 9443 942311
4722 9444 139
4722 9445 945239
4723 9446 989537
4723 9447 1
4724 9448 506
4724 9449 904342
4725 9450 582544
4725 9451 824705
4726 9452 943348
4726 9453 913747
4727 9454 902619
4727 9455 975083
4728 9456 937600
4728 9457 987604
4729 9458 571772
4729 9459 1000000
4730 9460 255842
4730 9461 110257
4731 9462 912157
4731 9463 969516
4732 9464 965052
4732 9465 629671
4733 9466 990443
4733 9467 432886
4734 9468 964736
4734 9469 219
4735 9470 1000000
4735 9471 125
4736 9472 1000000
4736 9473 322164
4737 9474 34788
4737 9475 910344
4738 9476 1
4738 9477 268261
4739 9478 1000000
4739 9479 674
4740 9480 492477
4740 9481 772660
4741 9482 409
4741 9483 324
4742 9484 1000000
4742 9485 296916
4743 9486 386
4743 9487 941113
4744 9488 705651
4744 9489 928639
4745 9490 934715
4745 9491 298765
4746 9492 958726
4746 9493 138
4747 9494 1000000
4747 9495 720063
4748 9496 913498
4748 9497 247
4749 9498 474354
4749 9499 1
4750 9500 978563
4750 9501 152523
4751 9502 935224
4751 9503 1000000
4752 9504 896
4752 9505 739
4753 9506 33563
4753 9507 109
4754 9508 242221
4754 9509 971
4755 9510 1000000
4755 9511 932305
4756 9512 943939
4756 9513 234683
4757 9514 552863
4757 9515 734144
4758 9516 984330
4758 9517 885353
4759 9518 184932
4759 9519 947240
4760 9520 914
4760 9521 952777
4761 9522 965251
4761 9523 977612
4762 9524 874431
4762 9525 913993
4763 9526 967105
4763 9527 902002
4764 9528 975106
4764 9529 293922
4765 9530 579184
4765 9531 246760
4766 9532 936596
4766 9533 968233
4767 9534 585364
4767 9535 312
4768 9536 1000000
4768 9537 900319
4769 9538 929441
4769 9539 925797
4770 9540 617
4770 9541 1000000
4771 9542 869
4771 9543 321167
4772 9544 556132
4772 9545 473837
4773 9546 850040
4773 9547 974106
4774 9548 789967
4774 9549 746169
4775 9550 1000000
4775 9551 892915
4776 9552 867066
4776 9553 202764
4777 9554 103617
4777 9555 913903
4778 9556 1000000
4778 9557 370615
4779 9558 986647
4779 9559 511287
4780 9560 897920
4780 9561 989565
4781 9562 376311
4781 9563 1000000
4782 9564 697891
4782 9565 1000000
4783 9566 1
4783 9567 880358
4784 9568 154256
4784 9569 1000000
4785 9570 993009
4785 9571 742777
4786 9572 93
4786 9573 936
4787 9574 411
4787 9575 341878
4788 9576 337129
4788 9577 937438
4789 9578 117275
4789 9579 991875
4790 9580 427515
4790 9581 787825
4791 9582 903838
4791 9583 429094
4792 9584 604
4792 9585 971444
4793 9586 752
4793 9587 994680
4794 9588 931314
4794 9589 414912
4795 9590 56038
4795 9591 87622
4796 9592 117465
4796 9593 777179
4797 9594 938812
4797 9595 971455
4798 9596 110
4798 9597 1000000
4799 9598 1000000
4799 9599 948424
4800 9600 71950
4800 9601 493770
4801 9602 284685
4801 9603 985273
4802 9604 753325
4802 9605 908132
4803 9606 990297
4803 9607 995701
4804 9608 603950
4804 9609 623
4805 9610 480264
4805 9611 1
4806 9612 1
4806 9613 378
4807 9614 912781
4807 9615 985537
4808 9616 657336
4808 9617 368137
4809 9618 465919
4809 9619 979135
4810 9620 931875
4810 9621 951496
4811 9622 746237
4811 9623 487037
4812 9624 969162
4812 9625 413916
4813 9626 920720
4813 9627 1000000
4814 9628 910898
4814 9629 380845
4815 9630 1
4815 9631 1
4816 9632 9
4816 9633 959403
4817 9634 628004
4817 9635 648740
4818 9636 901504
4818 9637 953903
4819 9638 563766
4819 9639 1
4820 9640 430560
4820 9641 122166
4821 9642 876999
4821 9643 958103
4822 9644 881660
4822 9645 949740
4823 9646 955038
4823 9647 910544
4824 9648 389508
4824 9649 953011
4825 9650 503
4825 9651 904599
4826 9652 120857
4826 9653 994234
4827 9654 491946
4827 9655 258
4828 9656 1
4828 9657 715129
4829 9658 547544
4829 9659 289977
4830 9660 778571
4830 9661 571618
4831 9662 1000000
4831 9663 562
4832 9664 531
4832 9665 381875
4833 9666 687973
4833 9667 646347
4834 9668 1000000
4834 9669 984782
4835 9670 1000000
4835 9671 856
4836 9672 993
4836 9673 902656
4837 9674 969125
4837 9675 1000000
4838 9676 507
4838 9677 92
4839 9678 1000000
4839 9679 4681
4840 9680 966820
4840 9681 230980
4841 9682 972953
4841 9683 994555
4842 9684 309
4842 9685 159612
4843 9686 914719
4843 9687 700
4844 9688 806755
4844 9689 1000000
4845 9690 901485
4845 9691 968744
4846 9692 613037
4846 9693 910342
4847 9694 906031
4847 9695 609280
4848 9696 1000000
4848 9697 754885
4849 9698 936951
4849 9699 941792
4850 9700 910553
4850 9701 1
4851 9702 424530
4851 9703 915751
4852 9704 915378
4852 9705 918587
4853 9706 635336
4853 9707 563162
4854 9708 981279
4854 9709 1000000
4855 9710 706
4855 9711 580555
4856 9712 984944
4856 9713 598300
4857 9714 293868
4857 9715 582
4858 9716 982592
4858 9717 157561
4859 9718 968106
4859 9719 947664
4860 9720 66
4860 9721 967167
4861 9722 975243
4861 9723 969248
4862 9724 342221
4862 9725 671
4863 9726 942520
4863 9727 477873
4864 9728 1000000
4864 9729 931531
4865 9730 980260
4865 9731 914592
4866 9732 958704
4866 9733 1000000
4867 9734 609426
4867 9735 1
4868 9736 965958
4868 9737 1000000
4869 9738 936758
4869 9739 464188
4870 9740 846422
4870 9741 1000000
4871 9742 166218
4871 9743 408284
4872 9744 966915
4872 9745 123581
4873 9746 546484
4873 9747 39349
4874 9748 940130
4874 9749 1000000
4875 9750 415859
4875 9751 396460
4876 9752 1000000
4876 9753 365
4877 9754 523771
4877 9755 492313
4878 9756 140215
4878 9757 1000000
4879 9758 1
4879 9759 1
4880 9760 1000000
4880 9761 1000000
4881 9762 935863
4881 9763 115419
4882 9764 254909
4882 9765 975706
4883 9766 992146
4883 9767 173223
4884 9768 1054
4884 9769 572
4885 9770 973219
4885 9771 536653
4886 9772 688762
4886 9773 332318
4887 9774 960135
4887 9775 10259
4888 9776 910782
4888 9777 187034
4889 9778 1000000
4889 9779 918489
4890 9780 545
4890 9781 998961
4891 9782 394143
4891 9783 1
4892 9784 401698
4892 9785 693
4893 9786 914190
4893 9787 967945
4894 9788 898792
4894 9789 944999
4895 9790 639122
4895 9791 924091
4896 9792 564387
4896 9793 775
4897 9794 1000000
4897 9795 633
4898 9796 669460
4898 9797 535
4899 9798 707484
4899 9799 80957
4900 9800 891179
4900 9801 751
4901 9802 799
4901 9803 860307
4902 9804 906763
4902 9805 954591
4903 9806 1000000
4903 9807 472
4904 9808 617
4904 9809 51
4905 9810 909733
4905 9811 169
4906 9812 264659
4906 9813 93235
4907 9814 369
4907 9815 923191
4908 9816 1000000
4908 9817 936102
4909 9818 700
4909 9819 447
4910 9820 1000000
4910 9821 539230
4911 9822 985842
4911 9823 240947
4912 9824 1
4912 9825 908822
4913 9826 976945
4913 9827 1000000
4914 9828 950191
4914 9829 1
4915 9830 541248
4915 9831 1000000
4916 9832 997128
4916 9833 986470
4917 9834 1000000
4917 9835 929390
4918 9836 515
4918 9837 1000000
4919 9838 356871
4919 9839 22248
4920 9840 286328
4920 9841 839552
4921 9842 1000000
4921 9843 290876
4922 9844 939445
4922 9845 900414
4923 9846 958
4923 9847 979726
4924 9848 169
4924 9849 1
4925 9850 60901
4925 9851 934475
4926 9852 738
4926 9853 630
4927 9854 209439
4927 9855 988805
4928 9856 683
4928 9857 989243
4929 9858 1000000
4929 9859 1
4930 9860 923947
4930 9861 959689
4931 9862 905612
4931 9863 987403
4932 9864 1000000
4932 9865 413521
4933 9866 852042
4933 9867 956138
4934 9868 736089
4934 9869 35
4935 9870 1000000
4935 9871 954186
4936 9872 993051
4936 9873 940840
4937 9874 648333
4937 9875 957848
4938 9876 673
4938 9877 962773
4939 9878 1000000
4939 9879 1000000
4940 9880 853909
4940 9881 468
4941 9882 1
4941 9883 1000000
4942 9884 49
4942 9885 915701
4943 9886 1
4943 9887 166
4944 9888 917211
4944 9889 958548
4945 9890 268
4945 9891 482
4946 9892 1
4946 9893 243
4947 9894 1000000
4947 9895 981661
4948 9896 969808
4948 9897 1000000
4949 9898 360588
4949 9899 242075
4950 9900 971604
4950 9901 948986
4951 9902 1
4951 9903 790846
4952 9904 932632
4952 9905 1000000
4953 9906 915832
4953 9907 1000000
4954 9908 926247
4954 9909 846447
4955 9910 114875
4955 9911 70030
4956 9912 84
4956 9913 499527
4957 9914 915011
4957 9915 861075
4958 9916 955234
4958 9917 954595
4959 9918 18
4959 9919 948326
4960 9920 774295
4960 9921 326829
4961 9922 993547
4961 9923 514
4962 9924 880129
4962 9925 782874
4963 9926 418277
4963 9927 236
4964 9928 227813
4964 9929 504349
4965 9930 188511
4965 9931 958344
4966 9932 258
4966 9933 793477
4967 9934 43
4967 9935 946005
4968 9936 822666
4968 9937 1000000
4969 9938 935702
4969 9939 12373
4970 9940 926388
4970 9941 1
4971 9942 903675
4971 9943 931168
4972 9944 984884
4972 9945 464121
4973 9946 1
4973 9947 823488
4974 9948 650918
4974 9949 950279
4975 9950 2273
4975 9951 510
4976 9952 168961
4976 9953 511
4977 9954 918298
4977 9955 1000000
4978 9956 914062
4978 9957 976235
4979 9958 495
4979 9959 979105
4980 9960 961789
4980 9961 928758
4981 9962 1000000
4981 9963 403
4982 9964 664813
4982 9965 435704
4983 9966 963522
4983 9967 974068
4984 9968 901017
4984 9969 946
4985 9970 70
4985 9971 966383
4986 9972 261198
4986 9973 913465
4987 9974 1000000
4987 9975 1000000
4988 9976 994002
4988 9977 519
4989 9978 868
4989 9979 873528
4990 9980 966064
4990 9981 114621
4991 9982 1000000
4991 9983 995037
4992 9984 996
4992 9985 976436
4993 9986 775
4993 9987 852409
4994 9988 186639
4994 9989 981472
4995 9990 72930
4995 9991 730
4996 9992 713
4996 9993 714
4997 9994 161242
4997 9995 910656
4998 9996 954115
4998 9997 1
4999 9998 945091
4999 9999 324
5000 10000 911762
5000 10001 1000000
5001 10002 121
5001 10003 125
5002 10004 1
5002 10005 958492
5003 10006 1000000
5003 10007 705953
5004 10008 1
5004 10009 153409
5005 10010 935569
5005 10011 971523
5006 10012 1000000
5006 10013 307664
5007 10014 295
5007 10015 594
5008 10016 977606
5008 10017 993446
5009 10018 995870
5009 10019 516
5010 10020 929
5010 10021 790627
5011 10022 962802
5011 10023 932
5012 10024 637
5012 10025 634
5013 10026 183369
5013 10027 909320
5014 10028 976
5014 10029 141843
5015 10030 633
5015 10031 975
5016 10032 550
5016 10033 984296
5017 10034 160
5017 10035 99
5018 10036 590
5018 10037 1000000
5019 10038 511214
5019 10039 992434
5020 10040 1
5020 10041 940440
5021 10042 5274
5021 10043 1
5022 10044 542115
5022 10045 1
5023 10046 990466
5023 10047 924
5024 10048 1000000
5024 10049 910734
5025 10050 589387
5025 10051 402894
5026 10052 969833
5026 10053 732970
5027 10054 275116
5027 10055 945927
5028 10056 940794
5028 10057 959956
5029 10058 954773
5029 10059 708423
5030 10060 506
5030 10061 1000000
5031 10062 949656
5031 10063 901596
5032 10064 959718
5032 10065 509760
5033 10066 827303
5033 10067 240978
5034 10068 926764
5034 10069 848365
5035 10070 724572
5035 10071 265
5036 10072 999044
5036 10073 402
5037 10074 171
5037 10075 222610
5038 10076 722
5038 10077 298
5039 10078 962708
5039 10079 309
5040 10080 33841
5040 10081 1000000
5041 10082 693524
5041 10083 720470
5042 10084 942292
5042 10085 906224
5043 10086 1000000
5043 10087 495631
5044 10088 983127
5044 10089 918
5045 10090 911944
5045 10091 17788
5046 10092 990660
5046 10093 1000000
5047 10094 933451
5047 10095 659
5048 10096 725893
5048 10097 426140
5049 10098 1
5049 10099 675026
5050 10100 581
5050 10101 926905
5051 10102 955439
5051 10103 962631
5052 10104 422922
5052 10105 995585
5053 10106 72542
5053 10107 1000000
5054 10108 277
5054 10109 987857
5055 10110 906861
5055 10111 967426
5056 10112 876024
5056 10113 965165
5057 10114 1
5057 10115 696
5058 10116 954349
5058 10117 846730
5059 10118 1000000
5059 10119 947375
5060 10120 957382
5060 10121 991233
5061 10122 245850
5061 10123 962434
5062 10124 1000000
5062 10125 630
5063 10126 287
5063 10127 975885
5064 10128 724
5064 10129 272
5065 10130 288
5065 10131 901865
5066 10132 266224
5066 10133 633798
5067 10134 911797
5067 10135 289851
5068 10136 958168
5068 10137 939984
5069 10138 927833
5069 10139 998901
5070 10140 1000000
5070 10141 867936
5071 10142 502046
5071 10143 449864
5072 10144 141
5072 10145 925125
5073 10146 945064
5073 10147 950128
5074 10148 902374
5074 10149 1000000
5075 10150 1000000
5075 10151 816
5076 10152 992348
5076 10153 503
5077 10154 559228
5077 10155 994845
5078 10156 317971
5078 10157 903092
5079 10158 1
5079 10159 1
5080 10160 964769
5080 10161 987827
5081 10162 932497
5081 10163 286
5082 10164 939815
5082 10165 564219
5083 10166 1000000
5083 10167 977269
5084 10168 937066
5084 10169 510905
5085 10170 479751
5085 10171 972367
5086 10172 651594
5086 10173 925961
5087 10174 748
5087 10175 952732
5088 10176 947021
5088 10177 1000000
5089 10178 140540
5089 10179 1000000
5090 10180 1
5090 10181 795899
5091 10182 1000000
5091 10183 805
5092 10184 94943
5092 10185 840
5093 10186 504874
5093 10187 815983
5094 10188 479263
5094 10189 1
5095 10190 988026
5095 10191 900273
5096 10192 968298
5096 10193 986502
5097 10194 982008
5097 10195 756159
5098 10196 991032
5098 10197 415669
5099 10198 631
5099 10199 1000000
5100 10200 935732
5100 10201 1000000
5101 10202 914483
5101 10203 936337
5102 10204 920541
5102 10205 999102
5103 10206 691032
5103 10207 1000000
5104 10208 911542
5104 10209 1
5105 10210 1000000
5105 10211 171
5106 10212 894988
5106 10213 396210
5107 10214 939757
5107 10215 602
5108 10216 915598
5108 10217 17907
5109 10218 430
5109 10219 955395
5110 10220 937032
5110 10221 973977
5111 10222 150604
5111 10223 611042
5112 10224 569729
5112 10225 142
5113 10226 671887
5113 10227 88376
5114 10228 1
5114 10229 956648
5115 10230 348655
5115 10231 441789
5116 10232 490
5116 10233 385071
5117 10234 674365
5117 10235 291
5118 10236 834888
5118 10237 1
5119 10238 970507
5119 10239 458
5120 10240 104500
5120 10241 979503
5121 10242 471978
5121 10243 294
5122 10244 183114
5122 10245 1
5123 10246 226785
5123 10247 917260
5124 10248 1
5124 10249 161
5125 10250 1
5125 10251 900092
5126 10252 669182
5126 10253 71066
5127 10254 843
5127 10255 902281
5128 10256 183974
5128 10257 460
5129 10258 66
5129 10259 255
5130 10260 910883
5130 10261 630
5131 10262 979237
5131 10263 506065
5132 10264 995402
5132 10265 729535
5133 10266 944710
5133 10267 993412
5134 10268 542947
5134 10269 1000000
5135 10270 984808
5135 10271 135
5136 10272 948472
5136 10273 634592
5137 10274 971463
5137 10275 979864
5138 10276 987997
5138 10277 351801
5139 10278 989938
5139 10279 914987
5140 10280 76752
5140 10281 80030
5141 10282 854992
5141 10283 626402
5142 10284 957048
5142 10285 878751
5143 10286 37407
5143 10287 984580
5144 10288 933016
5144 10289 770
5145 10290 386189
5145 10291 657948
5146 10292 657260
5146 10293 519502
5147 10294 919538
5147 10295 997981
5148 10296 968838
5148 10297 937991
5149 10298 958768
5149 10299 1
5150 10300 995648
5150 10301 960061
5151 10302 304576
5151 10303 269
5152 10304 30310
5152 10305 722
5153 10306 896588
5153 10307 1000000
5154 10308 990503
5154 10309 524
5155 10310 185
5155 10311 1000000
5156 10312 68
5156 10313 1000000
5157 10314 304319
5157 10315 989961
5158 10316 1000000
5158 10317 1000000
5159 10318 1
5159 10319 971457
5160 10320 1000000
5160 10321 944996
5161 10322 1000000
5161 10323 980805
5162 10324 52880
5162 10325 1
5163 10326 931694
5163 10327 930710
5164 10328 1000000
5164 10329 1
5165 10330 1000000
5165 10331 35986
5166 10332 1
5166 10333 1
5167 10334 1000000
5167 10335 67877
5168 10336 380178
5168 10337 981798
5169 10338 485243
5169 10339 987403
5170 10340 977935
5170 10341 716299
5171 10342 999672
5171 10343 455343
5172 10344 1000000
5172 10345 761
5173 10346 929648
5173 10347 944372
5174 10348 219869
5174 10349 994507
5175 10350 944578
5175 10351 83
5176 10352 1000000
5176 10353 993236
5177 10354 940483
5177 10355 605804
5178 10356 943041
5178 10357 368
5179 10358 1000000
5179 10359 1
5180 10360 679
5180 10361 968686
5181 10362 945289
5181 10363 922051
5182 10364 929200
5182 10365 1000000
5183 10366 934
5183 10367 908853
5184 10368 1000000
5184 10369 957971
5185 10370 963984
5185 10371 991408
5186 10372 359044
5186 10373 975670
5187 10374 629
5187 10375 934370
5188 10376 928157
5188 10377 941339
5189 10378 901416
5189 10379 1000000
5190 10380 919945
5190 10381 536
5191 10382 358
5191 10383 622
5192 10384 1
5192 10385 993162
5193 10386 959847
5193 10387 817
5194 10388 227517
5194 10389 914301
5195 10390 942427
5195 10391 816654
5196 10392 711576
5196 10393 201191
5197 10394 908626
5197 10395 528
5198 10396 723570
5198 10397 930286
5199 10398 709087
5199 10399 783
5200 10400 948013
5200 10401 937780
5201 10402 132
5201 10403 145
5202 10404 243
5202 10405 402824
5203 10406 277745
5203 10407 70
5204 10408 927700
5204 10409 398
5205 10410 999088
5205 10411 304
5206 10412 687428
5206 10413 1000000
5207 10414 966806
5207 10415 1000000
5208 10416 174
5208 10417 97304
5209 10418 1000000
5209 10419 118
5210 10420 1
5210 10421 959612
5211 10422 910426
5211 10423 931899
5212 10424 478350
5212 10425 678
5213 10426 1000000
5213 10427 819407
5214 10428 596178
5214 10429 481583
5215 10430 125
5215 10431 759
5216 10432 138
5216 10433 297470
5217 10434 1000000
5217 10435 170
5218 10436 523
5218 10437 962712
5219 10438 918215
5219 10439 305398
5220 10440 933729
5220 10441 902740
5221 10442 910846
5221 10443 613530
5222 10444 139272
5222 10445 625
5223 10446 426604
5223 10447 450
5224 10448 338
5224 10449 966085
5225 10450 966931
5225 10451 1000000
5226 10452 82
5226 10453 802557
5227 10454 980103
5227 10455 462782
5228 10456 171528
5228 10457 1000000
5229 10458 1000000
5229 10459 930880
5230 10460 574329
5230 10461 1000000
5231 10462 473
5231 10463 458
5232 10464 617428
5232 10465 902071
5233 10466 1000000
5233 10467 955657
5234 10468 968783
5234 10469 949214
5235 10470 173808
5235 10471 287
5236 10472 632540
5236 10473 1000000
5237 10474 588
5237 10475 579
5238 10476 383
5238 10477 934408
5239 10478 962235
5239 10479 830
5240 10480 934501
5240 10481 874
5241 10482 847910
5241 10483 1000000
5242 10484 153
5242 10485 939321
5243 10486 434111
5243 10487 955354
5244 10488 252934
5244 10489 921760
5245 10490 82345
5245 10491 161
5246 10492 907184
5246 10493 240
5247 10494 906588
5247 10495 1
5248 10496 965408
5248 10497 786
5249 10498 275080
5249 10499 951899
5250 10500 489695
5250 10501 1
5251 10502 936243
5251 10503 567
5252 10504 228
5252 10505 748
5253 10506 966765
5253 10507 1
5254 10508 950388
5254 10509 970501
5255 10510 1
5255 10511 935958
5256 10512 347
5256 10513 291045
5257 10514 635184
5257 10515 1000000
5258 10516 861934
5258 10517 211626
5259 10518 679470
5259 10519 1000000
5260 10520 972211
5260 10521 982174
5261 10522 491620
5261 10523 900563
5262 10524 948267
5262 10525 1000000
5263 10526 511008
5263 10527 993699
5264 10528 1000000
5264 10529 295518
5265 10530 931703
5265 10531 902794
5266 10532 116506
5266 10533 977416
5267 10534 694115
5267 10535 1
5268 10536 882337
5268 10537 1
5269 10538 446816
5269 10539 757297
5270 10540 988386
5270 10541 5
5271 10542 419354
5271 10543 405827
5272 10544 952453
5272 10545 925245
5273 10546 534420
5273 10547 1
5274 10548 911655
5274 10549 955770
5275 10550 730286
5275 10551 996115
5276 10552 1000000
5276 10553 318828
5277 10554 11
5277 10555 937602
5278 10556 667050
5278 10557 1000000
5279 10558 1
5279 10559 919327
5280 10560 546
5280 10561 1
5281 10562 901388
5281 10563 246475
5282 10564 986947
5282 10565 34541
5283 10566 562581
5283 10567 567925
5284 10568 931171
5284 10569 11200
5285 10570 996945
5285 10571 626
5286 10572 496826
5286 10573 907844
5287 10574 959671
5287 10575 674602
5288 10576 625
5288 10577 676795
5289 10578 510
5289 10579 993076
5290 10580 1000000
5290 10581 239
5291 10582 231
5291 10583 456646
5292 10584 954028
5292 10585 285368
5293 10586 999968
5293 10587 1000000
5294 10588 986003
5294 10589 338730
5295 10590 992799
5295 10591 866279
5296 10592 923699
5296 10593 1
5297 10594 1000000
5297 10595 12
5298 10596 995388
5298 10597 1000000
5299 10598 847
5299 10599 139834
5300 10600 243311
5300 10601 174780
5301 10602 949237
5301 10603 814
5302 10604 1000000
5302 10605 228137
5303 10606 932222
5303 10607 940334
5304 10608 1000000
5304 10609 594904
5305 10610 440063
5305 10611 1000000
5306 10612 656389
5306 10613 796
5307 10614 656
5307 10615 941503
5308 10616 1000000
5308 10617 994580
5309 10618 607
5309 10619 1
5310 10620 45476
5310 10621 957074
5311 10622 995434
5311 10623 517
5312 10624 1000000
5312 10625 999189
5313 10626 1000000
5313 10627 949937
5314 10628 682058
5314 10629 902072
5315 10630 191326
5315 10631 215686
5316 10632 377227
5316 10633 18
5317 10634 997
5317 10635 987237
5318 10636 917774
5318 10637 891226
5319 10638 1
5319 10639 971420
5320 10640 229232
5320 10641 1
5321 10642 146
5321 10643 974831
5322 10644 103209
5322 10645 1
5323 10646 941872
5323 10647 106313
5324 10648 574
5324 10649 1000000
5325 10650 1000000
5325 10651 947944
5326 10652 504
5326 10653 678707
5327 10654 945245
5327 10655 1000000
5328 10656 1
5328 10657 966486
5329 10658 186167
5329 10659 115
5330 10660 914746
5330 10661 675813
5331 10662 668110
5331 10663 904054
5332 10664 989521
5332 10665 441990
5333 10666 684036
5333 10667 918065
5334 10668 963
5334 10669 965114
5335 10670 36791
5335 10671 223701
5336 10672 30506
5336 10673 1000000
5337 10674 1
5337 10675 644132
5338 10676 969024
5338 10677 763467
5339 10678 753271
5339 10679 981336
5340 10680 519604
5340 10681 643040
5341 10682 602033
5341 10683 984422
5342 10684 600560
5342 10685 1
5343 10686 976208
5343 10687 964282
5344 10688 731537
5344 10689 144
5345 10690 135659
5345 10691 139
5346 10692 547666
5346 10693 917944
5347 10694 716411
5347 10695 946423
5348 10696 48301
5348 10697 615
5349 10698 999097
5349 10699 571051
5350 10700 953119
5350 10701 917704
5351 10702 75616
5351 10703 975953
5352 10704 999
5352 10705 988752
5353 10706 478
5353 10707 614470
5354 10708 664801
5354 10709 985067
5355 10710 278428
5355 10711 455622
5356 10712 922289
5356 10713 1000000
5357 10714 582259
5357 10715 601504
5358 10716 1000000
5358 10717 959030
5359 10718 943161
5359 10719 986866
5360 10720 912876
5360 10721 971910
5361 10722 992778
5361 10723 979552
5362 10724 943349
5362 10725 935384
5363 10726 695
5363 10727 355576
5364 10728 902881
5364 10729 3517
5365 10730 915402
5365 10731 953081
5366 10732 985623
5366 10733 482644
5367 10734 516513
5367 10735 1000000
5368 10736 72
5368 10737 505
5369 10738 906529
5369 10739 933333
5370 10740 990782
5370 10741 691
5371 10742 140976
5371 10743 563
5372 10744 374
5372 10745 563
5373 10746 544264
5373 10747 1000000
5374 10748 1000000
5374 10749 922130
5375 10750 438937
5375 10751 981887
5376 10752 1
5376 10753 489762
5377 10754 376237
5377 10755 684794
5378 10756 483255
5378 10757 993089
5379 10758 965451
5379 10759 928396
5380 10760 917474
5380 10761 266321
5381 10762 292159
5381 10763 972401
5382 10764 953106
5382 10765 297090
5383 10766 900689
5383 10767 796209
5384 10768 975868
5384 10769 925612
5385 10770 1000000
5385 10771 959753
5386 10772 208459
5386 10773 441819
5387 10774 608879
5387 10775 999341
5388 10776 239982
5388 10777 960728
5389 10778 652
5389 10779 1000000
5390 10780 524054
5390 10781 1
5391 10782 563312
5391 10783 142680
5392 10784 996671
5392 10785 373
5393 10786 912269
5393 10787 896713
5394 10788 589
5394 10789 1
5395 10790 1000000
5395 10791 964
5396 10792 243
5396 10793 1000000
5397 10794 956220
5397 10795 195352
5398 10796 76247
5398 10797 1
5399 10798 105088
5399 10799 980765
5400 10800 1000000
5400 10801 782
5401 10802 759
5401 10803 223796
5402 10804 1000000
5402 10805 1
5403 10806 710
5403 10807 976196
5404 10808 263561
5404 10809 1
5405 10810 969425
5405 10811 924382
5406 10812 143081
5406 10813 443
5407 10814 979184
5407 10815 933565
5408 10816 554
5408 10817 924046
5409 10818 352943
5409 10819 575651
5410 10820 971064
5410 10821 901160
5411 10822 974520
5411 10823 1
5412 10824 993448
5412 10825 198707
5413 10826 757
5413 10827 139688
5414 10828 933094
5414 10829 255777
5415 10830 603918
5415 10831 1000000
5416 10832 572
5416 10833 1000000
5417 10834 974712
5417 10835 962848
5418 10836 315
5418 10837 176
5419 10838 976318
5419 10839 786607
5420 10840 1
5420 10841 76
5421 10842 976145
5421 10843 950782
5422 10844 984980
5422 10845 520
5423 10846 325031
5423 10847 1000000
5424 10848 615811
5424 10849 266676
5425 10850 671
5425 10851 353305
5426 10852 957622
5426 10853 172345
5427 10854 523202
5427 10855 1
5428 10856 1000000
5428 10857 1000000
5429 10858 911947
5429 10859 1
5430 10860 964486
5430 10861 1
5431 10862 556
5431 10863 499
5432 10864 671264
5432 10865 991758
5433 10866 155178
5433 10867 709
5434 10868 517
5434 10869 545400
5435 10870 867
5435 10871 278778
5436 10872 563673
5436 10873 762
5437 10874 603173
5437 10875 14432
5438 10876 1
5438 10877 988616
5439 10878 328084
5439 10879 962
5440 10880 988585
5440 10881 169016
5441 10882 991
5441 10883 977815
5442 10884 549
5442 10885 926583
5443 10886 68249
5443 10887 380965
5444 10888 934741
5444 10889 192
5445 10890 1000000
5445 10891 969932
5446 10892 1
5446 10893 401
5447 10894 250986
5447 10895 993338
5448 10896 942244
5448 10897 82035
5449 10898 467003
5449 10899 391867
5450 10900 981495
5450 10901 500
5451 10902 684328
5451 10903 1
5452 10904 959699
5452 10905 540
5453 10906 956453
5453 10907 407613
5454 10908 956
5454 10909 711689
5455 10910 371693
5455 10911 1000000
5456 10912 485568
5456 10913 934152
5457 10914 931720
5457 10915 178542
5458 10916 1000000
5458 10917 129
5459 10918 944341
5459 10919 873
5460 10920 911992
5460 10921 1000000
5461 10922 901807
5461 10923 942930
5462 10924 1000000
5462 10925 929527
5463 10926 278206
5463 10927 333387
5464 10928 78076
5464 10929 454684
5465 10930 234584
5465 10931 929318
5466 10932 270
5466 10933 965615
5467 10934 1
5467 10935 435
5468 10936 593032
5468 10937 971810
5469 10938 1000000
5469 10939 909163
5470 10940 791222
5470 10941 910452
5471 10942 74
5471 10943 948199
5472 10944 421216
5472 10945 968513
5473 10946 742584
5473 10947 1000000
5474 10948 292137
5474 10949 492462
5475 10950 648656
5475 10951 381659
5476 10952 1000000
5476 10953 786077
5477 10954 158
5477 10955 517
5478 10956 855
5478 10957 101339
5479 10958 337509
5479 10959 499712
5480 10960 111609
5480 10961 910818
5481 10962 547029
5481 10963 70
5482 10964 71
5482 10965 915129
5483 10966 112
5483 10967 946732
5484 10968 212789
5484 10969 935098
5485 10970 739230
5485 10971 1000000
5486 10972 961
5486 10973 49677
5487 10974 241927
5487 10975 1
5488 10976 589
5488 10977 228732
5489 10978 1000000
5489 10979 478848
5490 10980 985013
5490 10981 881066
5491 10982 939623
5491 10983 273305
5492 10984 1
5492 10985 104598
5493 10986 1000000
5493 10987 1
5494 10988 132427
5494 10989 929781
5495 10990 972
5495 10991 1000000
5496 10992 993795
5496 10993 69
5497 10994 1000000
5497 10995 979964
5498 10996 441653
5498 10997 800767
5499 10998 1000000
5499 10999 972782
5500 11000 831063
5500 11001 253962
5501 11002 653
5501 11003 976323
5502 11004 918433
5502 11005 889
5503 11006 279
5503 11007 97917
5504 11008 937189
5504 11009 921894
5505 11010 927625
5505 11011 287027
5506 11012 919682
5506 11013 145
5507 11014 922247
5507 11015 961026
5508 11016 336
5508 11017 644
5509 11018 953327
5509 11019 96
5510 11020 986693
5510 11021 18
5511 11022 914242
5511 11023 428
5512 11024 1
5512 11025 144704
5513 11026 1000000
5513 11027 713
5514 11028 936635
5514 11029 16027
5515 11030 965807
5515 11031 905067
5516 11032 807
5516 11033 910
5517 11034 1000000
5517 11035 937
5518 11036 1000000
5518 11037 981948
5519 11038 1000000
5519 11039 914671
5520 11040 925655
5520 11041 531
5521 11042 696246
5521 11043 236
5522 11044 1000000
5522 11045 967858
5523 11046 870
5523 11047 440340
5524 11048 476
5524 11049 942146
5525 11050 969927
5525 11051 64440
5526 11052 1
5526 11053 366142
5527 11054 822
5527 11055 1000000
5528 11056 840
5528 11057 1
5529 11058 1000000
5529 11059 167
5530 11060 976710
5530 11061 616506
5531 11062 853370
5531 11063 944143
5532 11064 398
5532 11065 749884
5533 11066 978151
5533 11067 1
5534 11068 960255
5534 11069 356
5535 11070 576
5535 11071 975346
5536 11072 511407
5536 11073 972777
5537 11074 78737
5537 11075 962963
5538 11076 677007
5538 11077 957709
5539 11078 485
5539 11079 798366
5540 11080 937617
5540 11081 975871
5541 11082 121804
5541 11083 947708
5542 11084 939707
5542 11085 1
5543 11086 958
5543 11087 1
5544 11088 97183
5544 11089 946287
5545 11090 931241
5545 11091 975011
5546 11092 963834
5546 11093 229340
5547 11094 952245
5547 11095 912924
5548 11096 989358
5548 11097 409065
5549 11098 744021
5549 11099 821388
5550 11100 685
5550 11101 590
5551 11102 967746
5551 11103 956092
5552 11104 1
5552 11105 917786
5553 11106 299
5553 11107 380
5554 11108 1000000
5554 11109 267044
5555 11110 986096
5555 11111 991348
5556 11112 998002
5556 11113 991133
5557 11114 957649
5557 11115 781055
5558 11116 819
5558 11117 1
5559 11118 952893
5559 11119 987387
5560 11120 6
5560 11121 769772
5561 11122 167670
5561 11123 939342
5562 11124 432059
5562 11125 576
5563 11126 130864
5563 11127 42126
5564 11128 1000000
5564 11129 914586
5565 11130 440432
5565 11131 61013
5566 11132 983451
5566 11133 23
5567 11134 946014
5567 11135 17
5568 11136 216043
5568 11137 1000000
5569 11138 600247
5569 11139 94749
5570 11140 1000000
5570 11141 901673
5571 11142 398560
5571 11143 890550
5572 11144 918687
5572 11145 1000000
5573 11146 950107
5573 11147 1000000
5574 11148 197289
5574 11149 989383
5575 11150 175315
5575 11151 999354
5576 11152 926607
5576 11153 369154
5577 11154 588995
5577 11155 263585
5578 11156 930798
5578 11157 957222
5579 11158 1000000
5579 11159 566695
5580 11160 997665
5580 11161 651139
5581 11162 199
5581 11163 141593
5582 11164 944187
5582 11165 335276
5583 11166 95
5583 11167 822840
5584 11168 442257
5584 11169 909159
5585 11170 1000000
5585 11171 692
5586 11172 11
5586 11173 951322
5587 11174 903751
5587 11175 952
5588 11176 981370
5588 11177 85042
5589 11178 377910
5589 11179 917545
5590 11180 260
5590 11181 970790
5591 11182 1000000
5591 11183 284180
5592 11184 1000000
5592 11185 958279
5593 11186 1000000
5593 11187 694517
5594 11188 908968
5594 11189 471
5595 11190 809866
5595 11191 824612
5596 11192 984384
5596 11193 932848
5597 11194 1
5597 11195 933119
5598 11196 968917
5598 11197 1000000
5599 11198 998015
5599 11199 979314
5600 11200 773
5600 11201 1000000
5601 11202 922141
5601 11203 990265
5602 11204 337401
5602 11205 59
5603 11206 958665
5603 11207 1000000
5604 11208 981240
5604 11209 950881
5605 11210 1000000
5605 11211 603042
5606 11212 916693
5606 11213 1000000
5607 11214 998236
5607 11215 900000
5608 11216 26279
5608 11217 556522
5609 11218 972887
5609 11219 1000000
5610 11220 976713
5610 11221 907666
5611 11222 43359
5611 11223 806034
5612 11224 988448
5612 11225 613
5613 11226 939648
5613 11227 790110
5614 11228 925535
5614 11229 787
5615 11230 784508
5615 11231 964395
5616 11232 400910
5616 11233 913151
5617 11234 627
5617 11235 1
5618 11236 144565
5618 11237 918723
5619 11238 927584
5619 11239 585923
5620 11240 684
5620 11241 51808
5621 11242 939
5621 11243 1000000
5622 11244 985
5622 11245 1000000
5623 11246 21129
5623 11247 336210
5624 11248 726
5624 11249 423
5625 11250 699654
5625 11251 991913
5626 11252 926240
5626 11253 287176
5627 11254 949977
5627 11255 976089
5628 11256 931235
5628 11257 958429
5629 11258 112348
5629 11259 441359
5630 11260 978745
5630 11261 803
5631 11262 935539
5631 11263 68
5632 11264 367
5632 11265 696495
5633 11266 950503
5633 11267 938075
5634 11268 690918
5634 11269 929720
5635 11270 676493
5635 11271 301
5636 11272 304034
5636 11273 994197
5637 11274 952844
5637 11275 937737
5638 11276 995710
5638 11277 970503
5639 11278 558573
5639 11279 916890
5640 11280 314633
5640 11281 965448
5641 11282 652201
5641 11283 581
5642 11284 949696
5642 11285 910981
5643 11286 994
5643 11287 714426
5644 11288 940090
5644 11289 477811
5645 11290 1
5645 11291 1000000
5646 11292 755
5646 11293 926498
5647 11294 935647
5647 11295 265
5648 11296 437759
5648 11297 224035
5649 11298 941320
5649 11299 900598
5650 11300 945640
5650 11301 421464
5651 11302 928580
5651 11303 429154
5652 11304 1
5652 11305 790234
5653 11306 1
5653 11307 902486
5654 11308 995992
5654 11309 1000000
5655 11310 835
5655 11311 968775
5656 11312 928458
5656 11313 259
5657 11314 945679
5657 11315 665844
5658 11316 916349
5658 11317 538128
5659 11318 915316
5659 11319 983
5660 11320 943260
5660 11321 923846
5661 11322 317481
5661 11323 686
5662 11324 964531
5662 11325 104254
5663 11326 949986
5663 11327 679318
5664 11328 960850
5664 11329 330436
5665 11330 907644
5665 11331 1000000
5666 11332 677612
5666 11333 106132
5667 11334 1000000
5667 11335 857
5668 11336 967749
5668 11337 947234
5669 11338 353136
5669 11339 966058
5670 11340 256633
5670 11341 513
5671 11342 1000000
5671 11343 878
5672 11344 455
5672 11345 927690
5673 11346 911788
5673 11347 903322
5674 11348 1
5674 11349 943186
5675 11350 625706
5675 11351 763215
5676 11352 374829
5676 11353 922329
5677 11354 956791
5677 11355 557522
5678 11356 374310
5678 11357 958690
5679 11358 571
5679 11359 352899
5680 11360 951261
5680 11361 920782
5681 11362 999746
5681 11363 987794
5682 11364 821844
5682 11365 988916
5683 11366 602654
5683 11367 954389
5684 11368 297
5684 11369 1000
5685 11370 239310
5685 11371 396
5686 11372 944082
5686 11373 511529
5687 11374 619702
5687 11375 856556
5688 11376 353223
5688 11377 514577
5689 11378 348903
5689 11379 367906
5690 11380 390
5690 11381 231589
5691 11382 568511
5691 11383 884844
5692 11384 429790
5692 11385 968776
5693 11386 958304
5693 11387 985886
5694 11388 701877
5694 11389 400
5695 11390 535852
5695 11391 994353
5696 11392 775805
5696 11393 910607
5697 11394 1
5697 11395 806245
5698 11396 186791
5698 11397 904309
5699 11398 927175
5699 11399 379178
5700 11400 1
5700 11401 954431
5701 11402 1000000
5701 11403 21171
5702 11404 912701
5702 11405 785
5703 11406 171352
5703 11407 396
5704 11408 373784
5704 11409 1
5705 11410 638185
5705 11411 926824
5706 11412 603393
5706 11413 921931
5707 11414 451498
5707 11415 1000000
5708 11416 43
5708 11417 901536
5709 11418 486447
5709 11419 65
5710 11420 1000000
5710 11421 1000000
5711 11422 603811
5711 11423 782371
5712 11424 324774
5712 11425 341
5713 11426 896162
5713 11427 941
5714 11428 678063
5714 11429 1000000
5715 11430 961276
5715 11431 508886
5716 11432 449639
5716 11433 989326
5717 11434 1
5717 11435 919687
5718 11436 1000000
5718 11437 969861
5719 11438 1
5719 11439 967455
5720 11440 947846
5720 11441 928584
5721 11442 605
5721 11443 836
5722 11444 1
5722 11445 990764
5723 11446 996967
5723 11447 936737
5724 11448 395542
5724 11449 844254
5725 11450 200262
5725 11451 930219
5726 11452 925596
5726 11453 1
5727 11454 391549
5727 11455 934810
5728 11456 211
5728 11457 208
5729 11458 927189
5729 11459 950332
5730 11460 992
5730 11461 542456
5731 11462 624
5731 11463 551978
5732 11464 241088
5732 11465 99
5733 11466 943849
5733 11467 80000
5734 11468 351353
5734 11469 1000000
5735 11470 934134
5735 11471 998780
5736 11472 998598
5736 11473 444426
5737 11474 913385
5737 11475 909170
5738 11476 942795
5738 11477 900075
5739 11478 1
5739 11479 144067
5740 11480 1000000
5740 11481 904743
5741 11482 1000000
5741 11483 1000000
5742 11484 949537
5742 11485 431457
5743 11486 952332
5743 11487 901127
5744 11488 758
5744 11489 1000000
5745 11490 194296
5745 11491 350031
5746 11492 904198
5746 11493 998228
5747 11494 1
5747 11495 933344
5748 11496 25
5748 11497 959225
5749 11498 956770
5749 11499 943392
5750 11500 1
5750 11501 692
5751 11502 961160
5751 11503 556756
5752 11504 934352
5752 11505 971762
5753 11506 904536
5753 11507 250
5754 11508 921912
5754 11509 259631
5755 11510 1
5755 11511 590175
5756 11512 921365
5756 11513 992005
5757 11514 1
5757 11515 525641
5758 11516 1
5758 11517 722316
5759 11518 1
5759 11519 542617
5760 11520 734
5760 11521 716
5761 11522 1000000
5761 11523 836
5762 11524 262375
5762 11525 1000000
5763 11526 1
5763 11527 915649
5764 11528 65879
5764 11529 707586
5765 11530 998085
5765 11531 937107
5766 11532 442558
5766 11533 228621
5767 11534 2568
5767 11535 727
5768 11536 943735
5768 11537 967543
5769 11538 751602
5769 11539 399985
5770 11540 26
5770 11541 37477
5771 11542 212714
5771 11543 755623
5772 11544 103046
5772 11545 1
5773 11546 1000000
5773 11547 404
5774 11548 127298
5774 11549 919546
5775 11550 15447
5775 11551 994483
5776 11552 18393
5776 11553 1000000
5777 11554 999722
5777 11555 994708
5778 11556 663
5778 11557 1000000
5779 11558 987377
5779 11559 1
5780 11560 927122
5780 11561 904303
5781 11562 89747
5781 11563 773763
5782 11564 949014
5782 11565 462166
5783 11566 1000000
5783 11567 1
5784 11568 222
5784 11569 812986
5785 11570 748
5785 11571 959625
5786 11572 903742
5786 11573 589
5787 11574 486439
5787 11575 939919
5788 11576 159
5788 11577 996835
5789 11578 1000000
5789 11579 954174
5790 11580 963389
5790 11581 939278
5791 11582 709675
5791 11583 979707
5792 11584 980427
5792 11585 739578
5793 11586 920283
5793 11587 857386
5794 11588 976292
5794 11589 991009
5795 11590 509
5795 11591 569196
5796 11592 801924
5796 11593 390
5797 11594 1000000
5797 11595 924110
5798 11596 1
5798 11597 327253
5799 11598 925
5799 11599 166
5800 11600 697727
5800 11601 109434
5801 11602 826886
5801 11603 1000000
5802 11604 975256
5802 11605 880050
5803 11606 302
5803 11607 954734
5804 11608 1000000
5804 11609 13
5805 11610 155
5805 11611 952538
5806 11612 787840
5806 11613 817756
5807 11614 964383
5807 11615 561924
5808 11616 612841
5808 11617 1000000
5809 11618 798961
5809 11619 996108
5810 11620 945319
5810 11621 771754
5811 11622 974656
5811 11623 936587
5812 11624 416531
5812 11625 985265
5813 11626 640755
5813 11627 963270
5814 11628 1000000
5814 11629 887
5815 11630 952311
5815 11631 911866
5816 11632 982100
5816 11633 370
5817 11634 94008
5817 11635 915324
5818 11636 633
5818 11637 952550
5819 11638 327
5819 11639 346
5820 11640 769866
5820 11641 1
5821 11642 444978
5821 11643 955730
5822 11644 230816
5822 11645 958355
5823 11646 999364
5823 11647 946497
5824 11648 998141
5824 11649 47913
5825 11650 861268
5825 11651 963202
5826 11652 907716
5826 11653 911723
5827 11654 982408
5827 11655 455829
5828 11656 950211
5828 11657 67701
5829 11658 331254
5829 11659 1000000
5830 11660 411
5830 11661 921607
5831 11662 933071
5831 11663 1
5832 11664 4
5832 11665 912963
5833 11666 1000000
5833 11667 948706
5834 11668 2
5834 11669 107313
5835 11670 406
5835 11671 1000000
5836 11672 895
5836 11673 954645
5837 11674 252900
5837 11675 906132
5838 11676 705365
5838 11677 754908
5839 11678 902762
5839 11679 1000000
5840 11680 917431
5840 11681 1000000
5841 11682 190803
5841 11683 416288
5842 11684 782941
5842 11685 923
5843 11686 25704
5843 11687 110
5844 11688 948767
5844 11689 990648
5845 11690 592
5845 11691 980959
5846 11692 1000000
5846 11693 410766
5847 11694 1000000
5847 11695 470595
5848 11696 1000000
5848 11697 921477
5849 11698 763246
5849 11699 191977
5850 11700 728880
5850 11701 153459
5851 11702 123185
5851 11703 477895
5852 11704 725263
5852 11705 208078
5853 11706 1
5853 11707 797
5854 11708 997575
5854 11709 972812
5855 11710 212331
5855 11711 256
5856 11712 231780
5856 11713 948555
5857 11714 174450
5857 11715 925988
5858 11716 1000000
5858 11717 994856
5859 11718 951566
5859 11719 934363
5860 11720 237734
5860 11721 927215
5861 11722 1
5861 11723 972970
5862 11724 1000000
5862 11725 600
5863 11726 994687
5863 11727 389729
5864 11728 958438
5864 11729 308888
5865 11730 964057
5865 11731 917236
5866 11732 845
5866 11733 994355
5867 11734 983805
5867 11735 1000000
5868 11736 1
5868 11737 399148
5869 11738 293959
5869 11739 964
5870 11740 1000000
5870 11741 926537
5871 11742 907881
5871 11743 206
5872 11744 943264
5872 11745 359422
5873 11746 407225
5873 11747 959737
5874 11748 1000000
5874 11749 706304
5875 11750 838
5875 11751 451082
5876 11752 910539
5876 11753 568689
5877 11754 905197
5877 11755 919
5878 11756 978638
5878 11757 961264
5879 11758 953882
5879 11759 354494
5880 11760 27351
5880 11761 200
5881 11762 994819
5881 11763 437871
5882 11764 457424
5882 11765 1000000
5883 11766 964846
5883 11767 1
5884 11768 960517
5884 11769 1
5885 11770 995201
5885 11771 753442
5886 11772 890
5886 11773 924660
5887 11774 1000000
5887 11775 998933
5888 11776 818856
5888 11777 69355
5889 11778 616478
5889 11779 945481
5890 11780 904014
5890 11781 973338
5891 11782 920082
5891 11783 541165
5892 11784 899452
5892 11785 631
5893 11786 195
5893 11787 1
5894 11788 16392
5894 11789 310392
5895 11790 945922
5895 11791 593343
5896 11792 131001
5896 11793 835
5897 11794 46
5897 11795 752932
5898 11796 884
5898 11797 904600
5899 11798 241585
5899 11799 1
5900 11800 1
5900 11801 218420
5901 11802 1000000
5901 11803 995
5902 11804 972237
5902 11805 903247
5903 11806 1000000
5903 11807 921389
5904 11808 1000000
5904 11809 830915
5905 11810 829
5905 11811 667888
5906 11812 1000000
5906 11813 980310
5907 11814 1
5907 11815 931034
5908 11816 170644
5908 11817 900948
5909 11818 975618
5909 11819 1000000
5910 11820 978269
5910 11821 180
5911 11822 999794
5911 11823 905913
5912 11824 660
5912 11825 498095
5913 11826 235390
5913 11827 266
5914 11828 974
5914 11829 496652
5915 11830 552397
5915 11831 190057
5916 11832 11554
5916 11833 1000000
5917 11834 169194
5917 11835 679
5918 11836 951342
5918 11837 928359
5919 11838 856
5919 11839 926916
5920 11840 969603
5920 11841 1000000
5921 11842 952595
5921 11843 771987
5922 11844 177088
5922 11845 461
5923 11846 622
5923 11847 938532
5924 11848 569513
5924 11849 813247
5925 11850 257
5925 11851 901382
5926 11852 345737
5926 11853 514
5927 11854 588274
5927 11855 909797
5928 11856 921428
5928 11857 1000000
5929 11858 924061
5929 11859 365
5930 11860 24
5930 11861 1000000
5931 11862 1000000
5931 11863 960
5932 11864 942850
5932 11865 437932
5933 11866 1000000
5933 11867 968085
5934 11868 1
5934 11869 925000
5935 11870 726617
5935 11871 491
5936 11872 954384
5936 11873 51218
5937 11874 434
5937 11875 883
5938 11876 1
5938 11877 999486
5939 11878 877725
5939 11879 840668
5940 11880 728807
5940 11881 1000000
5941 11882 237
5941 11883 77
5942 11884 865238
5942 11885 840003
5943 11886 861574
5943 11887 158460
5944 11888 916191
5944 11889 506004
5945 11890 485
5945 11891 1000000
5946 11892 976262
5946 11893 974157
5947 11894 952083
5947 11895 903408
5948 11896 1
5948 11897 413194
5949 11898 800066
5949 11899 243
5950 11900 34
5950 11901 974443
5951 11902 903936
5951 11903 999628
5952 11904 301085
5952 11905 263087
5953 11906 719061
5953 11907 1000000
5954 11908 979412
5954 11909 1000000
5955 11910 986672
5955 11911 920881
5956 11912 975008
5956 11913 981546
5957 11914 908046
5957 11915 645548
5958 11916 318
5958 11917 947041
5959 11918 689255
5959 11919 998669
5960 11920 335
5960 11921 1000000
5961 11922 30630
5961 11923 1000000
5962 11924 1
5962 11925 964560
5963 11926 801827
5963 11927 388687
5964 11928 424787
5964 11929 24
5965 11930 33744
5965 11931 338716
5966 11932 784998
5966 11933 800
5967 11934 1000000
5967 11935 813784
5968 11936 721
5968 11937 976866
5969 11938 1000000
5969 11939 1
5970 11940 924201
5970 11941 300195
5971 11942 363303
5971 11943 461
5972 11944 995887
5972 11945 289
5973 11946 822
5973 11947 1000000
5974 11948 348542
5974 11949 630762
5975 11950 54
5975 11951 260108
5976 11952 454864
5976 11953 353098
5977 11954 900344
5977 11955 592891
5978 11956 1000000
5978 11957 113661
5979 11958 747
5979 11959 973343
5980 11960 717447
5980 11961 989922
5981 11962 971377
5981 11963 930370
5982 11964 835354
5982 11965 1000000
5983 11966 901825
5983 11967 366
5984 11968 266689
5984 11969 384379
5985 11970 1
5985 11971 1000000
5986 11972 957202
5986 11973 1
5987 11974 380
5987 11975 959053
5988 11976 949654
5988 11977 802855
5989 11978 959321
5989 11979 927274
5990 11980 1000000
5990 11981 362
5991 11982 685
5991 11983 477
5992 11984 470
5992 11985 377510
5993 11986 235663
5993 11987 1000000
5994 11988 139531
5994 11989 840555
5995 11990 890024
5995 11991 616592
5996 11992 982242
5996 11993 267302
5997 11994 289653
5997 11995 754
5998 11996 1000000
5998 11997 962202
5999 11998 1
5999 11999 966879
6000 12000 640
6000 12001 976808
6001 12002 1000000
6001 12003 949735
6002 12004 197
6002 12005 678553
6003 12006 906460
6003 12007 956022
6004 12008 597889
6004 12009 919180
6005 12010 32
6005 12011 742541
6006 12012 1000000
6006 12013 926964
6007 12014 972201
6007 12015 256
6008 12016 88462
6008 12017 968280
6009 12018 58
6009 12019 900386
6010 12020 103772
6010 12021 995847
6011 12022 532792
6011 12023 129
6012 12024 802998
6012 12025 922899
6013 12026 910423
6013 12027 410
6014 12028 945997
6014 12029 940792
6015 12030 971215
6015 12031 240
6016 12032 657378
6016 12033 1
6017 12034 700
6017 12035 755014
6018 12036 913365
6018 12037 934062
6019 12038 990025
6019 12039 676395
6020 12040 664809
6020 12041 923160
6021 12042 575372
6021 12043 977516
6022 12044 910875
6022 12045 931238
6023 12046 215
6023 12047 753552
6024 12048 937093
6024 12049 442625
6025 12050 325076
6025 12051 795
6026 12052 922392
6026 12053 692
6027 12054 944009
6027 12055 1000
6028 12056 828
6028 12057 1000000
6029 12058 1000000
6029 12059 589674
6030 12060 930666
6030 12061 71792
6031 12062 961789
6031 12063 700049
6032 12064 1000000
6032 12065 459172
6033 12066 721
6033 12067 834738
6034 12068 957
6034 12069 466837
6035 12070 913331
6035 12071 101
6036 12072 917654
6036 12073 972933
6037 12074 299589
6037 12075 793
6038 12076 621776
6038 12077 954513
6039 12078 527021
6039 12079 1
6040 12080 519222
6040 12081 929573
6041 12082 852
6041 12083 159
6042 12084 959394
6042 12085 934106
6043 12086 387707
6043 12087 937153
6044 12088 928643
6044 12089 1000000
6045 12090 1000000
6045 12091 1
6046 12092 186114
6046 12093 1000000
6047 12094 1000000
6047 12095 855742
6048 12096 1
6048 12097 924343
6049 12098 641
6049 12099 414120
6050 12100 372
6050 12101 928217
6051 12102 694654
6051 12103 985676
6052 12104 497292
6052 12105 202195
6053 12106 245
6053 12107 756
6054 12108 926743
6054 12109 901539
6055 12110 792028
6055 12111 892715
6056 12112 998146
6056 12113 1
6057 12114 1000000
6057 12115 955357
6058 12116 871705
6058 12117 497313
6059 12118 985423
6059 12119 19
6060 12120 904653
6060 12121 988
6061 12122 987270
6061 12123 857349
6062 12124 644281
6062 12125 987936
6063 12126 789
6063 12127 939
6064 12128 1
6064 12129 196542
6065 12130 719840
6065 12131 447629
6066 12132 630278
6066 12133 795157
6067 12134 962484
6067 12135 597
6068 12136 990705
6068 12137 872094
6069 12138 965899
6069 12139 1000000
6070 12140 642108
6070 12141 918802
6071 12142 53983
6071 12143 540183
6072 12144 927002
6072 12145 782543
6073 12146 913314
6073 12147 314601
6074 12148 1000000
6074 12149 1000000
6075 12150 501152
6075 12151 900699
6076 12152 245
6076 12153 583
6077 12154 951192
6077 12155 982076
6078 12156 921229
6078 12157 980376
6079 12158 892640
6079 12159 1000000
6080 12160 540683
6080 12161 899373
6081 12162 269
6081 12163 995251
6082 12164 410
6082 12165 185
6083 12166 95578
6083 12167 654691
6084 12168 23693
6084 12169 951
6085 12170 1000000
6085 12171 1000000
6086 12172 426673
6086 12173 1000000
6087 12174 19
6087 12175 139121
6088 12176 927990
6088 12177 763
6089 12178 606
6089 12179 370
6090 12180 546625
6090 12181 919174
6091 12182 993727
6091 12183 272
6092 12184 21
6092 12185 955237
6093 12186 1000000
6093 12187 989022
6094 12188 770
6094 12189 373754
6095 12190 909435
6095 12191 571865
6096 12192 61758
6096 12193 85129
6097 12194 1000000
6097 12195 981813
6098 12196 943282
6098 12197 17750
6099 12198 349640
6099 12199 295
6100 12200 425944
6100 12201 197765
6101 12202 639685
6101 12203 412
6102 12204 198056
6102 12205 620
6103 12206 161
6103 12207 909881
6104 12208 534532
6104 12209 100214
6105 12210 281
6105 12211 979807
6106 12212 967989
6106 12213 977654
6107 12214 933248
6107 12215 828
6108 12216 1
6108 12217 869389
6109 12218 869
6109 12219 986844
6110 12220 250
6110 12221 707987
6111 12222 248592
6111 12223 960592
6112 12224 140941
6112 12225 1000000
6113 12226 922161
6113 12227 369526
6114 12228 257192
6114 12229 120
6115 12230 778873
6115 12231 950257
6116 12232 1000000
6116 12233 1000000
6117 12234 834997
6117 12235 924978
6118 12236 163837
6118 12237 967132
6119 12238 1000000
6119 12239 609047
6120 12240 962812
6120 12241 585765
6121 12242 1000000
6121 12243 381179
6122 12244 1000000
6122 12245 955620
6123 12246 958739
6123 12247 372
6124 12248 1000000
6124 12249 907101
6125 12250 174243
6125 12251 971606
6126 12252 63
6126 12253 326167
6127 12254 237
6127 12255 1000000
6128 12256 989
6128 12257 932783
6129 12258 316248
6129 12259 1000000
6130 12260 922004
6130 12261 185
6131 12262 1000000
6131 12263 930557
6132 12264 798190
6132 12265 536320
6133 12266 264821
6133 12267 918147
6134 12268 472850
6134 12269 311493
6135 12270 1000000
6135 12271 982566
6136 12272 275
6136 12273 941012
6137 12274 415
6137 12275 937023
6138 12276 915856
6138 12277 634293
6139 12278 964096
6139 12279 180645
6140 12280 396749
6140 12281 970690
6141 12282 573605
6141 12283 480829
6142 12284 944520
6142 12285 949493
6143 12286 958872
6143 12287 965472
6144 12288 842637
6144 12289 392131
6145 12290 479812
6145 12291 227
6146 12292 940304
6146 12293 416
6147 12294 622955
6147 12295 912521
6148 12296 1
6148 12297 278
6149 12298 912796
6149 12299 817
6150 12300 493
6150 12301 990765
6151 12302 115
6151 12303 1000000
6152 12304 984503
6152 12305 760154
6153 12306 892576
6153 12307 601
6154 12308 268504
6154 12309 968683
6155 12310 1000000
6155 12311 981017
6156 12312 81
6156 12313 981960
6157 12314 726
6157 12315 947580
6158 12316 374548
6158 12317 34378
6159 12318 1
6159 12319 1000000
6160 12320 543141
6160 12321 983951
6161 12322 911175
6161 12323 210402
6162 12324 561149
6162 12325 355977
6163 12326 938057
6163 12327 691209
6164 12328 1000000
6164 12329 901100
6165 12330 916
6165 12331 728
6166 12332 173
6166 12333 818514
6167 12334 550
6167 12335 975601
6168 12336 964349
6168 12337 1
6169 12338 1000000
6169 12339 672
6170 12340 225089
6170 12341 94659
6171 12342 975
6171 12343 771653
6172 12344 376212
6172 12345 1
6173 12346 621325
6173 12347 995224
6174 12348 946933
6174 12349 911727
6175 12350 91022
6175 12351 1000000
6176 12352 270
6176 12353 1000000
6177 12354 881057
6177 12355 36888
6178 12356 593
6178 12357 964951
6179 12358 1
6179 12359 31
6180 12360 1000000
6180 12361 972190
6181 12362 638
6181 12363 903939
6182 12364 377108
6182 12365 107461
6183 12366 399057
6183 12367 272758
6184 12368 997046
6184 12369 306
6185 12370 551
6185 12371 354105
6186 12372 48
6186 12373 1000000
6187 12374 807
6187 12375 216753
6188 12376 1000000
6188 12377 424524
6189 12378 581325
6189 12379 140521
6190 12380 796
6190 12381 338027
6191 12382 949
6191 12383 1
6192 12384 1000000
6192 12385 547
6193 12386 982941
6193 12387 534
6194 12388 988090
6194 12389 959436
6195 12390 920113
6195 12391 1
6196 12392 950630
6196 12393 932924
6197 12394 969719
6197 12395 202
6198 12396 907783
6198 12397 208866
6199 12398 429774
6199 12399 460472
6200 12400 605699
6200 12401 918609
6201 12402 30
6201 12403 953637
6202 12404 1000000
6202 12405 411
6203 12406 639
6203 12407 1
6204 12408 1
6204 12409 875719
6205 12410 912189
6205 12411 1000000
6206 12412 277010
6206 12413 925036
6207 12414 1
6207 12415 937274
6208 12416 938512
6208 12417 362
6209 12418 176970
6209 12419 379
6210 12420 870995
6210 12421 20
6211 12422 659
6211 12423 39404
6212 12424 244466
6212 12425 1000000
6213 12426 919928
6213 12427 456167
6214 12428 437058
6214 12429 322331
6215 12430 1000000
6215 12431 938954
6216 12432 1
6216 12433 986550
6217 12434 790409
6217 12435 86652
6218 12436 767409
6218 12437 969666
6219 12438 1000000
6219 12439 416
6220 12440 784022
6220 12441 1000000
6221 12442 1000000
6221 12443 841910
6222 12444 820188
6222 12445 1000000
6223 12446 956445
6223 12447 1000000
6224 12448 266
6224 12449 1000000
6225 12450 945634
6225 12451 973780
6226 12452 802689
6226 12453 512992
6227 12454 942955
6227 12455 851
6228 12456 980546
6228 12457 1000000
6229 12458 344
6229 12459 832101
6230 12460 332
6230 12461 804373
6231 12462 977678
6231 12463 925414
6232 12464 670227
6232 12465 812
6233 12466 938150
6233 12467 992565
6234 12468 831495
6234 12469 320
6235 12470 255204
6235 12471 548260
6236 12472 965820
6236 12473 1000000
6237 12474 553942
6237 12475 909890
6238 12476 960523
6238 12477 455170
6239 12478 580576
6239 12479 682
6240 12480 169129
6240 12481 807470
6241 12482 321
6241 12483 1000000
6242 12484 98
6242 12485 513
6243 12486 665
6243 12487 1000000
6244 12488 378167
6244 12489 902567
6245 12490 307
6245 12491 908843
6246 12492 887
6246 12493 974024
6247 12494 1000000
6247 12495 924102
6248 12496 340248
6248 12497 940769
6249 12498 918416
6249 12499 983894
6250 12500 950416
6250 12501 484
6251 12502 991308
6251 12503 549324
6252 12504 1000000
6252 12505 1000000
6253 12506 786
6253 12507 768558
6254 12508 218602
6254 12509 928388
6255 12510 1000000
6255 12511 973611
6256 12512 961626
6256 12513 676538
6257 12514 1000000
6257 12515 63665
6258 12516 921821
6258 12517 969244
6259 12518 1000000
6259 12519 517619
6260 12520 1000000
6260 12521 437076
6261 12522 469
6261 12523 510
6262 12524 997
6262 12525 253
6263 12526 583453
6263 12527 960329
6264 12528 28214
6264 12529 513
6265 12530 497
6265 12531 914012
6266 12532 952891
6266 12533 1000000
6267 12534 1
6267 12535 940917
6268 12536 46
6268 12537 946976
6269 12538 964096
6269 12539 991542
6270 12540 928383
6270 12541 378184
6271 12542 930483
6271 12543 26978
6272 12544 1
6272 12545 934856
6273 12546 736
6273 12547 961353
6274 12548 91047
6274 12549 661693
6275 12550 43177
6275 12551 998305
6276 12552 90768
6276 12553 1000000
6277 12554 762001
6277 12555 455
6278 12556 929663
6278 12557 239674
6279 12558 572589
6279 12559 75
6280 12560 951091
6280 12561 931298
6281 12562 505
6281 12563 360477
6282 12564 533789
6282 12565 211812
6283 12566 123
6283 12567 937673
6284 12568 997027
6284 12569 943312
6285 12570 380384
6285 12571 987510
6286 12572 795
6286 12573 637728
6287 12574 907976
6287 12575 150736
6288 12576 511
6288 12577 1
6289 12578 1000000
6289 12579 627
6290 12580 58565
6290 12581 943290
6291 12582 485903
6291 12583 445
6292 12584 903037
6292 12585 922482
6293 12586 940807
6293 12587 318901
6294 12588 548398
6294 12589 903122
6295 12590 782
6295 12591 382
6296 12592 284721
6296 12593 33
6297 12594 337
6297 12595 992611
6298 12596 146
6298 12597 849694
6299 12598 103901
6299 12599 959345
6300 12600 35824
6300 12601 913192
6301 12602 940635
6301 12603 661716
6302 12604 598096
6302 12605 924018
6303 12606 1000000
6303 12607 240813
6304 12608 159659
6304 12609 1000000
6305 12610 1000000
6305 12611 821400
6306 12612 517
6306 12613 950259
6307 12614 995767
6307 12615 848609
6308 12616 661629
6308 12617 53
6309 12618 691
6309 12619 959296
6310 12620 306
6310 12621 984359
6311 12622 389082
6311 12623 346
6312 12624 412688
6312 12625 968297
6313 12626 1
6313 12627 990
6314 12628 1000000
6314 12629 708307
6315 12630 950766
6315 12631 984728
6316 12632 424
6316 12633 800
6317 12634 1
6317 12635 901096
6318 12636 551
6318 12637 673955
6319 12638 964104
6319 12639 992740
6320 12640 1000000
6320 12641 811560
6321 12642 66
6321 12643 927863
6322 12644 923759
6322 12645 712
6323 12646 1000000
6323 12647 50
6324 12648 978236
6324 12649 958775
6325 12650 910550
6325 12651 944789
6326 12652 1000000
6326 12653 707568
6327 12654 994266
6327 12655 943505
6328 12656 1
6328 12657 908138
6329 12658 417152
6329 12659 834
6330 12660 1000000
6330 12661 1000000
6331 12662 950762
6331 12663 421
6332 12664 644944
6332 12665 645813
6333 12666 999539
6333 12667 902990
6334 12668 901
6334 12669 466
6335 12670 731601
6335 12671 535
6336 12672 5900
6336 12673 742472
6337 12674 725093
6337 12675 458
6338 12676 320754
6338 12677 958726
6339 12678 869569
6339 12679 911641
6340 12680 970820
6340 12681 84455
6341 12682 296
6341 12683 960641
6342 12684 1000000
6342 12685 521
6343 12686 669764
6343 12687 943791
6344 12688 225
6344 12689 569196
6345 12690 23
6345 12691 930949
6346 12692 1000000
6346 12693 1000000
6347 12694 974957
6347 12695 710304
6348 12696 909090
6348 12697 466
6349 12698 907187
6349 12699 979028
6350 12700 197
6350 12701 66009
6351 12702 943360
6351 12703 497314
6352 12704 958210
6352 12705 593004
6353 12706 477466
6353 12707 151365
6354 12708 912100
6354 12709 515117
6355 12710 174004
6355 12711 956823
6356 12712 918
6356 12713 559
6357 12714 1000000
6357 12715 1000000
6358 12716 579339
6358 12717 581434
6359 12718 1000000
6359 12719 664
6360 12720 255239
6360 12721 458
6361 12722 376041
6361 12723 955
6362 12724 1000000
6362 12725 1000000
6363 12726 972
6363 12727 504998
6364 12728 261
6364 12729 233361
6365 12730 927311
6365 12731 988561
6366 12732 965515
6366 12733 877496
6367 12734 699993
6367 12735 1000000
6368 12736 966165
6368 12737 921969
6369 12738 933862
6369 12739 242
6370 12740 872
6370 12741 474272
6371 12742 629317
6371 12743 968
6372 12744 931936
6372 12745 1000000
6373 12746 787070
6373 12747 939694
6374 12748 140805
6374 12749 430
6375 12750 274174
6375 12751 922708
6376 12752 904269
6376 12753 1000000
6377 12754 1000000
6377 12755 712665
6378 12756 811643
6378 12757 540
6379 12758 918
6379 12759 1000000
6380 12760 284
6380 12761 1000000
6381 12762 166
6381 12763 665478
6382 12764 661795
6382 12765 903125
6383 12766 800945
6383 12767 309
6384 12768 987213
6384 12769 474311
6385 12770 548436
6385 12771 928314
6386 12772 203815
6386 12773 733295
6387 12774 580548
6387 12775 808663
6388 12776 961505
6388 12777 955306
6389 12778 414337
6389 12779 920
6390 12780 960331
6390 12781 957873
6391 12782 389029
6391 12783 566
6392 12784 544298
6392 12785 334
6393 12786 1000000
6393 12787 30873
6394 12788 146
6394 12789 986005
6395 12790 914850
6395 12791 272705
6396 12792 1000000
6396 12793 353672
6397 12794 1000000
6397 12795 980059
6398 12796 428
6398 12797 711692
6399 12798 489466
6399 12799 968301
6400 12800 965370
6400 12801 1000000
6401 12802 771175
6401 12803 984346
6402 12804 993446
6402 12805 924713
6403 12806 921804
6403 12807 934031
6404 12808 1
6404 12809 972495
6405 12810 286591
6405 12811 1
6406 12812 175609
6406 12813 1000000
6407 12814 682
6407 12815 982434
6408 12816 132
6408 12817 993171
6409 12818 553814
6409 12819 866420
6410 12820 930549
6410 12821 930568
6411 12822 913130
6411 12823 22
6412 12824 368473
6412 12825 1
6413 12826 197
6413 12827 949073
6414 12828 222
6414 12829 918621
6415 12830 916120
6415 12831 953130
6416 12832 149317
6416 12833 588661
6417 12834 1000000
6417 12835 908665
6418 12836 942201
6418 12837 913863
6419 12838 676783
6419 12839 526
6420 12840 1
6420 12841 272422
6421 12842 941208
6421 12843 704
6422 12844 863567
6422 12845 933252
6423 12846 948268
6423 12847 940722
6424 12848 976897
6424 12849 840839
6425 12850 1000000
6425 12851 1000000
6426 12852 933886
6426 12853 758159
6427 12854 872108
6427 12855 284025
6428 12856 965228
6428 12857 1
6429 12858 258094
6429 12859 997520
6430 12860 433
6430 12861 955505
6431 12862 913050
6431 12863 817736
6432 12864 980027
6432 12865 992228
6433 12866 1
6433 12867 982492
6434 12868 1000000
6434 12869 987007
6435 12870 256563
6435 12871 1000000
6436 12872 236923
6436 12873 852726
6437 12874 969318
6437 12875 982815
6438 12876 234294
6438 12877 560062
6439 12878 323
6439 12879 938898
6440 12880 861
6440 12881 1
6441 12882 1000000
6441 12883 976405
6442 12884 568192
6442 12885 917810
6443 12886 1000000
6443 12887 964858
6444 12888 174
6444 12889 1000000
6445 12890 768
6445 12891 1
6446 12892 942797
6446 12893 108055
6447 12894 861111
6447 12895 969000
6448 12896 955
6448 12897 493082
6449 12898 389484
6449 12899 965
6450 12900 1000000
6450 12901 869
6451 12902 944972
6451 12903 532930
6452 12904 742179
6452 12905 961683
6453 12906 1000000
6453 12907 145429
6454 12908 1000000
6454 12909 987853
6455 12910 924396
6455 12911 215019
6456 12912 967295
6456 12913 1000000
6457 12914 920466
6457 12915 970491
6458 12916 962925
6458 12917 945934
6459 12918 986924
6459 12919 1000000
6460 12920 954662
6460 12921 44774
6461 12922 1000000
6461 12923 456
6462 12924 506645
6462 12925 372
6463 12926 744237
6463 12927 348
6464 12928 116
6464 12929 961952
6465 12930 577925
6465 12931 846573
6466 12932 450028
6466 12933 622743
6467 12934 931218
6467 12935 71720
6468 12936 962196
6468 12937 987807
6469 12938 466870
6469 12939 810
6470 12940 253957
6470 12941 945133
6471 12942 958615
6471 12943 711533
6472 12944 917743
6472 12945 521626
6473 12946 1000000
6473 12947 1000000
6474 12948 176976
6474 12949 956389
6475 12950 365022
6475 12951 960025
6476 12952 1
6476 12953 911111
6477 12954 909356
6477 12955 839
6478 12956 386750
6478 12957 1000000
6479 12958 37510
6479 12959 573
6480 12960 383951
6480 12961 2173
6481 12962 1
6481 12963 302082
6482 12964 1000000
6482 12965 719741
6483 12966 936489
6483 12967 905373
6484 12968 1000000
6484 12969 895165
6485 12970 745
6485 12971 700176
6486 12972 19267
6486 12973 945268
6487 12974 1000000
6487 12975 824767
6488 12976 592902
6488 12977 573
6489 12978 947742
6489 12979 1
6490 12980 967711
6490 12981 823733
6491 12982 33767
6491 12983 938190
6492 12984 930095
6492 12985 980950
6493 12986 24071
6493 12987 214
6494 12988 981
6494 12989 760
6495 12990 1000000
6495 12991 965907
6496 12992 1000000
6496 12993 933507
6497 12994 950564
6497 12995 429256
6498 12996 1000000
6498 12997 22
6499 12998 957505
6499 12999 126842
6500 13000 2
6500 13001 240413
6501 13002 162
6501 13003 803975
6502 13004 727932
6502 13005 218
6503 13006 145174
6503 13007 995768
6504 13008 977346
6504 13009 686299
6505 13010 102104
6505 13011 1
6506 13012 966649
6506 13013 911958
6507 13014 925901
6507 13015 749
6508 13016 1
6508 13017 1000000
6509 13018 966
6509 13019 993296
6510 13020 373
6510 13021 297111
6511 13022 294
6511 13023 967811
6512 13024 58
6512 13025 996461
6513 13026 909937
6513 13027 708367
6514 13028 957648
6514 13029 615924
6515 13030 461688
6515 13031 1
6516 13032 1000000
6516 13033 750072
6517 13034 942317
6517 13035 385
6518 13036 904
6518 13037 1000000
6519 13038 929614
6519 13039 983881
6520 13040 992133
6520 13041 512601
6521 13042 651
6521 13043 671487
6522 13044 423827
6522 13045 682
6523 13046 944035
6523 13047 585611
6524 13048 913587
6524 13049 958
6525 13050 611
6525 13051 124
6526 13052 441364
6526 13053 925999
6527 13054 605866
6527 13055 910601
6528 13056 138879
6528 13057 1000000
6529 13058 904
6529 13059 31
6530 13060 443805
6530 13061 1000000
6531 13062 107700
6531 13063 941964
6532 13064 642390
6532 13065 113374
6533 13066 282601
6533 13067 981986
6534 13068 994
6534 13069 992881
6535 13070 767422
6535 13071 1000000
6536 13072 826322
6536 13073 283108
6537 13074 1
6537 13075 942330
6538 13076 980785
6538 13077 1000000
6539 13078 152834
6539 13079 719
6540 13080 923194
6540 13081 413
6541 13082 980191
6541 13083 951570
6542 13084 679523
6542 13085 213121
6543 13086 1000000
6543 13087 923526
6544 13088 167103
6544 13089 918940
6545 13090 45894
6545 13091 939243
6546 13092 903325
6546 13093 995684
6547 13094 1000000
6547 13095 1000000
6548 13096 5322
6548 13097 982273
6549 13098 848182
6549 13099 462
6550 13100 947979
6550 13101 937614
6551 13102 1000000
6551 13103 113
6552 13104 591
6552 13105 1000000
6553 13106 967604
6553 13107 949011
6554 13108 512
6554 13109 377977
6555 13110 926561
6555 13111 698061
6556 13112 299101
6556 13113 996552
6557 13114 908264
6557 13115 543826
6558 13116 290140
6558 13117 1000000
6559 13118 971454
6559 13119 238
6560 13120 1000000
6560 13121 110
6561 13122 118091
6561 13123 196077
6562 13124 982065
6562 13125 972914
6563 13126 1000000
6563 13127 924731
6564 13128 645205
6564 13129 900938
6565 13130 1000000
6565 13131 214247
6566 13132 962768
6566 13133 916844
6567 13134 522477
6567 13135 1
6568 13136 904014
6568 13137 919068
6569 13138 561776
6569 13139 974476
6570 13140 442
6570 13141 1
6571 13142 957922
6571 13143 934301
6572 13144 1000000
6572 13145 381281
6573 13146 938830
6573 13147 607
6574 13148 281
6574 13149 998100
6575 13150 916235
6575 13151 982971
6576 13152 941595
6576 13153 360
6577 13154 546396
6577 13155 659279
6578 13156 1000000
6578 13157 915937
6579 13158 909358
6579 13159 1000000
6580 13160 936023
6580 13161 907238
6581 13162 1
6581 13163 1
6582 13164 988177
6582 13165 761535
6583 13166 445378
6583 13167 566
6584 13168 701
6584 13169 297534
6585 13170 983768
6585 13171 571275
6586 13172 336797
6586 13173 184472
6587 13174 163144
6587 13175 941336
6588 13176 994006
6588 13177 684495
6589 13178 103675
6589 13179 737
6590 13180 458630
6590 13181 741896
6591 13182 678930
6591 13183 922178
6592 13184 997621
6592 13185 937307
6593 13186 1000000
6593 13187 1
6594 13188 1000000
6594 13189 665
6595 13190 562
6595 13191 1000000
6596 13192 226237
6596 13193 1000000
6597 13194 844
6597 13195 854297
6598 13196 441681
6598 13197 912
6599 13198 928089
6599 13199 1000000
6600 13200 387229
6600 13201 936857
6601 13202 905434
6601 13203 735010
6602 13204 904270
6602 13205 996231
6603 13206 1
6603 13207 909740
6604 13208 987451
6604 13209 363217
6605 13210 957580
6605 13211 681763
6606 13212 920550
6606 13213 927197
6607 13214 902859
6607 13215 148
6608 13216 634192
6608 13217 1000000
6609 13218 956540
6609 13219 520401
6610 13220 478
6610 13221 220864
6611 13222 987345
6611 13223 494
6612 13224 670512
6612 13225 940486
6613 13226 1
6613 13227 59
6614 13228 971794
6614 13229 1
6615 13230 445
6615 13231 559596
6616 13232 1000000
6616 13233 528542
6617 13234 907975
6617 13235 935489
6618 13236 107952
6618 13237 904368
6619 13238 909648
6619 13239 991806
6620 13240 1000000
6620 13241 991639
6621 13242 1
6621 13243 916971
6622 13244 965846
6622 13245 1000000
6623 13246 117670
6623 13247 420478
6624 13248 728398
6624 13249 1000000
6625 13250 936336
6625 13251 942468
6626 13252 955302
6626 13253 1000000
6627 13254 998939
6627 13255 727
6628 13256 1000000
6628 13257 730498
6629 13258 1000000
6629 13259 528868
6630 13260 1000000
6630 13261 910323
6631 13262 996958
6631 13263 1
6632 13264 778752
6632 13265 958105
6633 13266 652217
6633 13267 385388
6634 13268 913043
6634 13269 1000000
6635 13270 739862
6635 13271 1000000
6636 13272 610810
6636 13273 712814
6637 13274 1
6637 13275 363184
6638 13276 862301
6638 13277 1000000
6639 13278 937018
6639 13279 1000000
6640 13280 569901
6640 13281 8350
6641 13282 941078
6641 13283 1
6642 13284 804568
6642 13285 902433
6643 13286 174603
6643 13287 935570
6644 13288 411
6644 13289 1
6645 13290 907733
6645 13291 790
6646 13292 1
6646 13293 952549
6647 13294 950240
6647 13295 1000000
6648 13296 203
6648 13297 215
6649 13298 464
6649 13299 1000000
6650 13300 785
6650 13301 246
6651 13302 62830
6651 13303 937975
6652 13304 943886
6652 13305 487346
6653 13306 563
6653 13307 499
6654 13308 1000000
6654 13309 658
6655 13310 860
6655 13311 139623
6656 13312 371718
6656 13313 283
6657 13314 615
6657 13315 1000000
6658 13316 1000000
6658 13317 762038
6659 13318 986330
6659 13319 915990
6660 13320 899861
6660 13321 903258
6661 13322 960
6661 13323 1000000
6662 13324 980929
6662 13325 628255
6663 13326 956467
6663 13327 908116
6664 13328 406850
6664 13329 991506
6665 13330 1000000
6665 13331 961210
6666 13332 965424
6666 13333 947044
6667 13334 206993
6667 13335 1
6668 13336 854398
6668 13337 1000000
6669 13338 406
6669 13339 1
6670 13340 955319
6670 13341 893
6671 13342 818227
6671 13343 831080
6672 13344 903588
6672 13345 970925
6673 13346 913940
6673 13347 714033
6674 13348 954404
6674 13349 924158
6675 13350 1000000
6675 13351 175248
6676 13352 933398
6676 13353 950498
6677 13354 905769
6677 13355 70088
6678 13356 339
6678 13357 915428
6679 13358 96248
6679 13359 959471
6680 13360 875
6680 13361 987518
6681 13362 933777
6681 13363 998271
6682 13364 944599
6682 13365 1000000
6683 13366 925887
6683 13367 961822
6684 13368 742829
6684 13369 992135
6685 13370 903919
6685 13371 417
6686 13372 478
6686 13373 821781
6687 13374 914215
6687 13375 1000000
6688 13376 957714
6688 13377 904832
6689 13378 270187
6689 13379 778561
6690 13380 725
6690 13381 873
6691 13382 782520
6691 13383 600
6692 13384 83
6692 13385 113002
6693 13386 443775
6693 13387 61
6694 13388 980259
6694 13389 218
6695 13390 772
6695 13391 360406
6696 13392 243
6696 13393 557
6697 13394 132438
6697 13395 929168
6698 13396 927181
6698 13397 926864
6699 13398 915379
6699 13399 851
6700 13400 1000000
6700 13401 663395
6701 13402 900069
6701 13403 389169
6702 13404 441820
6702 13405 860752
6703 13406 1
6703 13407 988832
6704 13408 846
6704 13409 972676
6705 13410 973896
6705 13411 986062
6706 13412 1
6706 13413 959021
6707 13414 849201
6707 13415 546
6708 13416 949819
6708 13417 954
6709 13418 140947
6709 13419 950522
6710 13420 907910
6710 13421 918461
6711 13422 966
6711 13423 527
6712 13424 644468
6712 13425 30
6713 13426 902
6713 13427 628
6714 13428 920140
6714 13429 140
6715 13430 945851
6715 13431 934639
6716 13432 667
6716 13433 998258
6717 13434 989171
6717 13435 903000
6718 13436 934463
6718 13437 803289
6719 13438 367142
6719 13439 902634
6720 13440 741555
6720 13441 957931
6721 13442 935520
6721 13443 974315
6722 13444 505
6722 13445 765
6723 13446 1
6723 13447 332592
6724 13448 265
6724 13449 1
6725 13450 1000000
6725 13451 577921
6726 13452 475
6726 13453 325
6727 13454 1000000
6727 13455 921602
6728 13456 1
6728 13457 1000000
6729 13458 777
6729 13459 132188
6730 13460 930020
6730 13461 58
6731 13462 920
6731 13463 915287
6732 13464 934485
6732 13465 741653
6733 13466 985491
6733 13467 955745
6734 13468 318011
6734 13469 583138
6735 13470 499953
6735 13471 910436
6736 13472 989382
6736 13473 228233
6737 13474 146
6737 13475 952216
6738 13476 771708
6738 13477 770
6739 13478 1000000
6739 13479 973657
6740 13480 8
6740 13481 993752
6741 13482 652
6741 13483 989711
6742 13484 760118
6742 13485 828241
6743 13486 125784
6743 13487 120
6744 13488 756815
6744 13489 364608
6745 13490 1
6745 13491 910
6746 13492 992165
6746 13493 934334
6747 13494 918263
6747 13495 981163
6748 13496 913384
6748 13497 792597
6749 13498 985467
6749 13499 944689
6750 13500 990788
6750 13501 1000000
6751 13502 850689
6751 13503 991111
6752 13504 960407
6752 13505 1000000
6753 13506 582703
6753 13507 1
6754 13508 95
6754 13509 953889
6755 13510 924501
6755 13511 751231
6756 13512 909032
6756 13513 844068
6757 13514 851405
6757 13515 568
6758 13516 970300
6758 13517 436863
6759 13518 940348
6759 13519 70
6760 13520 980169
6760 13521 1000000
6761 13522 183
6761 13523 945690
6762 13524 1000000
6762 13525 885405
6763 13526 905486
6763 13527 328107
6764 13528 711996
6764 13529 525922
6765 13530 1
6765 13531 546933
6766 13532 431838
6766 13533 990515
6767 13534 463
6767 13535 930400
6768 13536 940170
6768 13537 196
6769 13538 953364
6769 13539 1
6770 13540 943174
6770 13541 1
6771 13542 774907
6771 13543 386097
6772 13544 1000000
6772 13545 1000000
6773 13546 414
6773 13547 1000000
6774 13548 994925
6774 13549 27121
6775 13550 902046
6775 13551 972288
6776 13552 1000000
6776 13553 412
6777 13554 322570
6777 13555 1
6778 13556 946372
6778 13557 965515
6779 13558 53
6779 13559 235284
6780 13560 1000000
6780 13561 481433
6781 13562 401
6781 13563 1000000
6782 13564 118087
6782 13565 64476
6783 13566 2781
6783 13567 971048
6784 13568 45
6784 13569 940338
6785 13570 275151
6785 13571 1000000
6786 13572 920989
6786 13573 626128
6787 13574 760072
6787 13575 25997
6788 13576 984971
6788 13577 144036
6789 13578 695718
6789 13579 830749
6790 13580 222719
6790 13581 935924
6791 13582 22603
6791 13583 930038
6792 13584 946
6792 13585 982804
6793 13586 106
6793 13587 983989
6794 13588 430408
6794 13589 990218
6795 13590 220722
6795 13591 705
6796 13592 965438
6796 13593 1
6797 13594 900643
6797 13595 721855
6798 13596 963315
6798 13597 947144
6799 13598 599564
6799 13599 934164
6800 13600 561428
6800 13601 842175
6801 13602 345960
6801 13603 1
6802 13604 963453
6802 13605 926
6803 13606 996263
6803 13607 491831
6804 13608 608309
6804 13609 95984
6805 13610 67
6805 13611 71
6806 13612 987363
6806 13613 966744
6807 13614 305526
6807 13615 975601
6808 13616 1
6808 13617 926383
6809 13618 749
6809 13619 564
6810 13620 1
6810 13621 610
6811 13622 80434
6811 13623 976239
6812 13624 989497
6812 13625 937205
6813 13626 928487
6813 13627 1000000
6814 13628 863
6814 13629 803561
6815 13630 518
6815 13631 753
6816 13632 998
6816 13633 918679
6817 13634 981199
6817 13635 960478
6818 13636 503596
6818 13637 961752
6819 13638 906811
6819 13639 665
6820 13640 918672
6820 13641 1000000
6821 13642 908184
6821 13643 925821
6822 13644 585146
6822 13645 930440
6823 13646 836
6823 13647 995425
6824 13648 666282
6824 13649 992532
6825 13650 538
6825 13651 820
6826 13652 948582
6826 13653 159952
6827 13654 953363
6827 13655 776642
6828 13656 336
6828 13657 1000000
6829 13658 162
6829 13659 24174
6830 13660 445
6830 13661 210029
6831 13662 540426
6831 13663 952784
6832 13664 928090
6832 13665 608291
6833 13666 152428
6833 13667 821338
6834 13668 940
6834 13669 945870
6835 13670 86172
6835 13671 876
6836 13672 381
6836 13673 1000000
6837 13674 349834
6837 13675 929625
6838 13676 542
6838 13677 922191
6839 13678 431299
6839 13679 938310
6840 13680 725810
6840 13681 913076
6841 13682 1000000
6841 13683 461
6842 13684 42692
6842 13685 992022
6843 13686 124170
6843 13687 378384
6844 13688 213890
6844 13689 961559
6845 13690 982074
6845 13691 1000000
6846 13692 798
6846 13693 498835
6847 13694 995506
6847 13695 931577
6848 13696 912546
6848 13697 990083
6849 13698 903174
6849 13699 169965
6850 13700 921
6850 13701 911748
6851 13702 418293
6851 13703 750
6852 13704 979827
6852 13705 235858
6853 13706 168126
6853 13707 329740
6854 13708 985597
6854 13709 576
6855 13710 589982
6855 13711 1000000
6856 13712 70449
6856 13713 851
6857 13714 342897
6857 13715 887576
6858 13716 964936
6858 13717 1000000
6859 13718 290045
6859 13719 562
6860 13720 220
6860 13721 495674
6861 13722 774604
6861 13723 985
6862 13724 784
6862 13725 922758
6863 13726 227867
6863 13727 294764
6864 13728 212
6864 13729 295110
6865 13730 479718
6865 13731 913760
6866 13732 992841
6866 13733 872893
6867 13734 1
6867 13735 558371
6868 13736 86378
6868 13737 919479
6869 13738 958393
6869 13739 996121
6870 13740 942162
6870 13741 104989
6871 13742 937637
6871 13743 38651
6872 13744 219878
6872 13745 981910
6873 13746 1000000
6873 13747 925922
6874 13748 926701
6874 13749 941882
6875 13750 582007
6875 13751 619
6876 13752 977084
6876 13753 818704
6877 13754 537740
6877 13755 993826
6878 13756 900919
6878 13757 939214
6879 13758 473
6879 13759 404558
6880 13760 321476
6880 13761 923472
6881 13762 462611
6881 13763 991129
6882 13764 1000000
6882 13765 795
6883 13766 46081
6883 13767 1000000
6884 13768 423
6884 13769 271
6885 13770 894521
6885 13771 931680
6886 13772 931061
6886 13773 437
6887 13774 1
6887 13775 673114
6888 13776 991889
6888 13777 347311
6889 13778 758
6889 13779 958095
6890 13780 181673
6890 13781 379904
6891 13782 454
6891 13783 548621
6892 13784 728
6892 13785 477708
6893 13786 278
6893 13787 556
6894 13788 971194
6894 13789 943
6895 13790 1000000
6895 13791 174364
6896 13792 1000000
6896 13793 15797
6897 13794 914522
6897 13795 904459
6898 13796 949006
6898 13797 248
6899 13798 1000000
6899 13799 896877
6900 13800 939298
6900 13801 315433
6901 13802 881826
6901 13803 964124
6902 13804 775
6902 13805 426857
6903 13806 10474
6903 13807 943
6904 13808 196539
6904 13809 710
6905 13810 980917
6905 13811 1000000
6906 13812 936116
6906 13813 962317
6907 13814 509570
6907 13815 958080
6908 13816 211991
6908 13817 953810
6909 13818 634
6909 13819 143
6910 13820 196290
6910 13821 938638
6911 13822 711037
6911 13823 959064
6912 13824 1
6912 13825 982894
6913 13826 282811
6913 13827 884151
6914 13828 948063
6914 13829 982234
6915 13830 82
6915 13831 412400
6916 13832 374053
6916 13833 261007
6917 13834 996807
6917 13835 147
6918 13836 619289
6918 13837 113615
6919 13838 987203
6919 13839 977132
6920 13840 823
6920 13841 931108
6921 13842 697188
6921 13843 948056
6922 13844 171561
6922 13845 205977
6923 13846 617
6923 13847 706430
6924 13848 111
6924 13849 445378
6925 13850 967515
6925 13851 992888
6926 13852 985987
6926 13853 947232
6927 13854 510
6927 13855 904635
6928 13856 986602
6928 13857 1000000
6929 13858 764
6929 13859 911037
6930 13860 1000000
6930 13861 50
6931 13862 963
6931 13863 1000000
6932 13864 1
6932 13865 259033
6933 13866 1000000
6933 13867 119
6934 13868 935013
6934 13869 345
6935 13870 130
6935 13871 465721
6936 13872 664115
6936 13873 466
6937 13874 912361
6937 13875 98
6938 13876 427
6938 13877 179584
6939 13878 900247
6939 13879 134954
6940 13880 412315
6940 13881 1
6941 13882 994856
6941 13883 86078
6942 13884 123
6942 13885 901333
6943 13886 335
6943 13887 1000000
6944 13888 926082
6944 13889 957002
6945 13890 513
6945 13891 578895
6946 13892 980711
6946 13893 672522
6947 13894 946619
6947 13895 747
6948 13896 939037
6948 13897 311346
6949 13898 916599
6949 13899 5827
6950 13900 862088
6950 13901 1000000
6951 13902 994905
6951 13903 107631
6952 13904 881862
6952 13905 1
6953 13906 776686
6953 13907 928203
6954 13908 946096
6954 13909 914315
6955 13910 969920
6955 13911 986159
6956 13912 343092
6956 13913 936009
6957 13914 869237
6957 13915 1000000
6958 13916 750857
6958 13917 233
6959 13918 240640
6959 13919 170
6960 13920 482
6960 13921 755790
6961 13922 84846
6961 13923 1000000
6962 13924 898655
6962 13925 936710
6963 13926 669
6963 13927 818672
6964 13928 634140
6964 13929 916670
6965 13930 1
6965 13931 921054
6966 13932 371120
6966 13933 247
6967 13934 277175
6967 13935 1
6968 13936 997370
6968 13937 775341
6969 13938 950696
6969 13939 663641
6970 13940 21469
6970 13941 521948
6971 13942 1000000
6971 13943 223753
6972 13944 165946
6972 13945 256322
6973 13946 1
6973 13947 1000000
6974 13948 952661
6974 13949 984673
6975 13950 957965
6975 13951 129713
6976 13952 971148
6976 13953 997797
6977 13954 143
6977 13955 778850
6978 13956 1000000
6978 13957 946540
6979 13958 952504
6979 13959 599360
6980 13960 950593
6980 13961 973802
6981 13962 826
6981 13963 421775
6982 13964 979347
6982 13965 986935
6983 13966 865
6983 13967 226742
6984 13968 381408
6984 13969 998184
6985 13970 973887
6985 13971 382
6986 13972 977902
6986 13973 977706
6987 13974 634256
6987 13975 201992
6988 13976 903681
6988 13977 1000000
6989 13978 966655
6989 13979 416151
6990 13980 980978
6990 13981 281
6991 13982 803678
6991 13983 152
6992 13984 953000
6992 13985 982349
6993 13986 931159
6993 13987 1
6994 13988 957
6994 13989 961267
6995 13990 920
6995 13991 623452
6996 13992 371384
6996 13993 763
6997 13994 941
6997 13995 162298
6998 13996 997774
6998 13997 373603
6999 13998 849750
6999 13999 918816
7000 14000 903939
7000 14001 608
7001 14002 926737
7001 14003 901252
7002 14004 999
7002 14005 587778
7003 14006 318
7003 14007 947586
7004 14008 611
7004 14009 372030
7005 14010 970247
7005 14011 918425
7006 14012 584
7006 14013 20
7007 14014 938821
7007 14015 908064
7008 14016 983589
7008 14017 983750
7009 14018 154112
7009 14019 1000000
7010 14020 692208
7010 14021 940288
7011 14022 962836
7011 14023 176
7012 14024 1000000
7012 14025 25442
7013 14026 883
7013 14027 184360
7014 14028 996844
7014 14029 567
7015 14030 427
7015 14031 873711
7016 14032 1000000
7016 14033 924172
7017 14034 162
7017 14035 822981
7018 14036 488245
7018 14037 975933
7019 14038 997774
7019 14039 903623
7020 14040 1000000
7020 14041 917901
7021 14042 672830
7021 14043 1000000
7022 14044 20269
7022 14045 536659
7023 14046 913311
7023 14047 1000000
7024 14048 986239
7024 14049 656235
7025 14050 671549
7025 14051 195259
7026 14052 575
7026 14053 760
7027 14054 954705
7027 14055 912560
7028 14056 660669
7028 14057 934
7029 14058 1000000
7029 14059 213387
7030 14060 888
7030 14061 462409
7031 14062 982728
7031 14063 1
7032 14064 917156
7032 14065 196735
7033 14066 933585
7033 14067 929
7034 14068 124049
7034 14069 922701
7035 14070 651
7035 14071 157
7036 14072 927715
7036 14073 377519
7037 14074 389593
7037 14075 952123
7038 14076 950057
7038 14077 1
7039 14078 988516
7039 14079 771
7040 14080 419
7040 14081 671
7041 14082 936308
7041 14083 973924
7042 14084 1000000
7042 14085 1
7043 14086 862
7043 14087 160
7044 14088 17
7044 14089 359529
7045 14090 497
7045 14091 113014
7046 14092 249167
7046 14093 910155
7047 14094 999456
7047 14095 926824
7048 14096 308970
7048 14097 912451
7049 14098 131148
7049 14099 554713
7050 14100 1000000
7050 14101 440
7051 14102 986452
7051 14103 950764
7052 14104 948988
7052 14105 502590
7053 14106 500192
7053 14107 432517
7054 14108 664606
7054 14109 146654
7055 14110 479650
7055 14111 929367
7056 14112 916554
7056 14113 558852
7057 14114 852015
7057 14115 125
7058 14116 216
7058 14117 813847
7059 14118 106155
7059 14119 466623
7060 14120 286
7060 14121 951809
7061 14122 942441
7061 14123 956
7062 14124 84634
7062 14125 448651
7063 14126 800
7063 14127 946704
7064 14128 914806
7064 14129 790224
7065 14130 1000000
7065 14131 799
7066 14132 675137
7066 14133 756
7067 14134 724222
7067 14135 638
7068 14136 977240
7068 14137 966515
7069 14138 924779
7069 14139 766
7070 14140 438571
7070 14141 989144
7071 14142 973109
7071 14143 710
7072 14144 908323
7072 14145 48698
7073 14146 1000000
7073 14147 985011
7074 14148 403338
7074 14149 269613
7075 14150 978868
7075 14151 189120
7076 14152 913579
7076 14153 945613
7077 14154 919044
7077 14155 829197
7078 14156 794374
7078 14157 970054
7079 14158 729
7079 14159 580079
7080 14160 1000000
7080 14161 437851
7081 14162 726069
7081 14163 384957
7082 14164 1
7082 14165 465222
7083 14166 1000000
7083 14167 908007
7084 14168 919048
7084 14169 805358
7085 14170 280
7085 14171 826133
7086 14172 902973
7086 14173 1000000
7087 14174 470211
7087 14175 115
7088 14176 196280
7088 14177 67129
7089 14178 428289
7089 14179 635
7090 14180 238958
7090 14181 144287
7091 14182 25
7091 14183 778888
7092 14184 505294
7092 14185 945314
7093 14186 147
7093 14187 947187
7094 14188 701305
7094 14189 1
7095 14190 1
7095 14191 368559
7096 14192 1000000
7096 14193 355669
7097 14194 271372
7097 14195 1000000
7098 14196 512
7098 14197 1
7099 14198 69156
7099 14199 1000000
7100 14200 964509
7100 14201 834005
7101 14202 518978
7101 14203 210
7102 14204 76529
7102 14205 1000000
7103 14206 987030
7103 14207 999522
7104 14208 836792
7104 14209 1
7105 14210 1000000
7105 14211 922
7106 14212 1
7106 14213 1
7107 14214 943821
7107 14215 960438
7108 14216 938309
7108 14217 991786
7109 14218 1
7109 14219 1
7110 14220 94769
7110 14221 951635
7111 14222 122679
7111 14223 943703
7112 14224 240
7112 14225 318634
7113 14226 904984
7113 14227 1000000
7114 14228 711832
7114 14229 1
7115 14230 908181
7115 14231 1000000
7116 14232 1
7116 14233 940376
7117 14234 1000000
7117 14235 1000000
7118 14236 925758
7118 14237 1000000
7119 14238 42
7119 14239 232546
7120 14240 295285
7120 14241 855
7121 14242 1000000
7121 14243 78
7122 14244 932
7122 14245 1000000
7123 14246 833
7123 14247 993120
7124 14248 966703
7124 14249 981876
7125 14250 917057
7125 14251 72
7126 14252 606515
7126 14253 321029
7127 14254 178538
7127 14255 87
7128 14256 997687
7128 14257 36714
7129 14258 961667
7129 14259 979571
7130 14260 82443
7130 14261 37907
7131 14262 963
7131 14263 809
7132 14264 1000000
7132 14265 771223
7133 14266 1000000
7133 14267 968
7134 14268 90611
7134 14269 965887
7135 14270 217226
7135 14271 714020
7136 14272 130
7136 14273 744065
7137 14274 723094
7137 14275 1000000
7138 14276 101212
7138 14277 926631
7139 14278 477959
7139 14279 990836
7140 14280 918395
7140 14281 977644
7141 14282 505
7141 14283 73
7142 14284 1
7142 14285 1000000
7143 14286 863
7143 14287 16
7144 14288 1000000
7144 14289 88
7145 14290 1000000
7145 14291 1
7146 14292 1000000
7146 14293 839
7147 14294 948090
7147 14295 11
7148 14296 914524
7148 14297 966651
7149 14298 1
7149 14299 737637
7150 14300 989448
7150 14301 766859
7151 14302 939856
7151 14303 1000000
7152 14304 948753
7152 14305 247340
7153 14306 932497
7153 14307 1
7154 14308 1000000
7154 14309 1
7155 14310 470235
7155 14311 600
7156 14312 754215
7156 14313 75333
7157 14314 843
7157 14315 54465
7158 14316 875372
7158 14317 872
7159 14318 185
7159 14319 228214
7160 14320 562731
7160 14321 1000000
7161 14322 1000000
7161 14323 925503
7162 14324 1
7162 14325 814419
7163 14326 1
7163 14327 328
7164 14328 700123
7164 14329 966682
7165 14330 1
7165 14331 917950
7166 14332 980891
7166 14333 901910
7167 14334 578624
7167 14335 42083
7168 14336 966058
7168 14337 987608
7169 14338 620
7169 14339 979945
7170 14340 786848
7170 14341 617
7171 14342 1000000
7171 14343 247299
7172 14344 29
7172 14345 852914
7173 14346 969408
7173 14347 921696
7174 14348 25726
7174 14349 943928
7175 14350 982603
7175 14351 460197
7176 14352 798
7176 14353 930516
7177 14354 956352
7177 14355 1000000
7178 14356 918563
7178 14357 812666
7179 14358 764
7179 14359 210
7180 14360 120527
7180 14361 959252
7181 14362 52382
7181 14363 596905
7182 14364 806535
7182 14365 962635
7183 14366 911808
7183 14367 728800
7184 14368 1000000
7184 14369 998
7185 14370 919034
7185 14371 1
7186 14372 947246
7186 14373 945933
7187 14374 2339
7187 14375 693514
7188 14376 906780
7188 14377 424950
7189 14378 1000000
7189 14379 946885
7190 14380 784057
7190 14381 295
7191 14382 1
7191 14383 1000000
7192 14384 796
7192 14385 1000000
7193 14386 387
7193 14387 391637
7194 14388 738859
7194 14389 167741
7195 14390 493476
7195 14391 389846
7196 14392 1
7196 14393 205255
7197 14394 567
7197 14395 983601
7198 14396 573405
7198 14397 580
7199 14398 960302
7199 14399 904070
7200 14400 565519
7200 14401 910045
7201 14402 1000000
7201 14403 402
7202 14404 988442
7202 14405 990039
7203 14406 919133
7203 14407 763
7204 14408 516830
7204 14409 363
7205 14410 1000000
7205 14411 138898
7206 14412 309487
7206 14413 929723
7207 14414 969292
7207 14415 913797
7208 14416 913033
7208 14417 501252
7209 14418 1000000
7209 14419 1
7210 14420 529982
7210 14421 421128
7211 14422 936245
7211 14423 991533
7212 14424 1000000
7212 14425 967460
7213 14426 977055
7213 14427 1000000
7214 14428 979169
7214 14429 601
7215 14430 936839
7215 14431 1000000
7216 14432 860
7216 14433 890016
7217 14434 975521
7217 14435 376328
7218 14436 943637
7218 14437 933661
7219 14438 605
7219 14439 722982
7220 14440 981814
7220 14441 821
7221 14442 519582
7221 14443 249482
7222 14444 700
7222 14445 904678
7223 14446 535124
7223 14447 1000
7224 14448 900030
7224 14449 7973
7225 14450 64958
7225 14451 862022
7226 14452 38
7226 14453 660979
7227 14454 703
7227 14455 938158
7228 14456 795838
7228 14457 1000000
7229 14458 257991
7229 14459 936125
7230 14460 983524
7230 14461 125
7231 14462 368
7231 14463 978036
7232 14464 971247
7232 14465 1000000
7233 14466 207810
7233 14467 610
7234 14468 494463
7234 14469 975168
7235 14470 379
7235 14471 908717
7236 14472 1
7236 14473 280314
7237 14474 191145
7237 14475 946629
7238 14476 968
7238 14477 991791
7239 14478 11760
7239 14479 670334
7240 14480 1000000
7240 14481 975774
7241 14482 957006
7241 14483 665618
7242 14484 888246
7242 14485 1000000
7243 14486 445487
7243 14487 714
7244 14488 888
7244 14489 993876
7245 14490 50197
7245 14491 192
7246 14492 959591
7246 14493 321797
7247 14494 998588
7247 14495 903034
7248 14496 914713
7248 14497 742
7249 14498 988036
7249 14499 901642
7250 14500 697673
7250 14501 1
7251 14502 49737
7251 14503 139256
7252 14504 752276
7252 14505 1000000
7253 14506 937100
7253 14507 1
7254 14508 1
7254 14509 943964
7255 14510 999896
7255 14511 915833
7256 14512 170722
7256 14513 1000000
7257 14514 906245
7257 14515 1
7258 14516 912083
7258 14517 191
7259 14518 862405
7259 14519 467
7260 14520 772
7260 14521 547001
7261 14522 652
7261 14523 973112
7262 14524 431583
7262 14525 968312
7263 14526 209095
7263 14527 168986
7264 14528 532676
7264 14529 846
7265 14530 4
7265 14531 942366
7266 14532 933939
7266 14533 1000000
7267 14534 984904
7267 14535 901197
7268 14536 9
7268 14537 971227
7269 14538 929608
7269 14539 743835
7270 14540 451313
7270 14541 1
7271 14542 923833
7271 14543 1000000
7272 14544 332030
7272 14545 253719
7273 14546 1
7273 14547 846005
7274 14548 947896
7274 14549 524116
7275 14550 496445
7275 14551 274
7276 14552 414506
7276 14553 973136
7277 14554 194238
7277 14555 736453
7278 14556 1
7278 14557 469039
7279 14558 924139
7279 14559 974954
7280 14560 463
7280 14561 774
7281 14562 530617
7281 14563 982394
7282 14564 198066
7282 14565 902525
7283 14566 1000000
7283 14567 1000000
7284 14568 1
7284 14569 538371
7285 14570 1
7285 14571 922
7286 14572 963339
7286 14573 936965
7287 14574 998825
7287 14575 973939
7288 14576 922824
7288 14577 263
7289 14578 470073
7289 14579 983737
7290 14580 998660
7290 14581 1
7291 14582 335506
7291 14583 971905
7292 14584 874979
7292 14585 917303
7293 14586 1
7293 14587 831328
7294 14588 508
7294 14589 996758
7295 14590 152
7295 14591 950068
7296 14592 832
7296 14593 1
7297 14594 988666
7297 14595 1000000
7298 14596 1000000
7298 14597 914411
7299 14598 13
7299 14599 912516
7300 14600 273162
7300 14601 1
7301 14602 356641
7301 14603 637392
7302 14604 992250
7302 14605 731
7303 14606 919525
7303 14607 202866
7304 14608 702588
7304 14609 555771
7305 14610 984584
7305 14611 806783
7306 14612 390198
7306 14613 280
7307 14614 390789
7307 14615 915198
7308 14616 101
7308 14617 100
7309 14618 938827
7309 14619 9367
7310 14620 951495
7310 14621 217
7311 14622 738928
7311 14623 425523
7312 14624 892072
7312 14625 995275
7313 14626 907517
7313 14627 1
7314 14628 9
7314 14629 274029
7315 14630 903407
7315 14631 1000000
7316 14632 227440
7316 14633 949431
7317 14634 930734
7317 14635 946850
7318 14636 57
7318 14637 123179
7319 14638 978925
7319 14639 1
7320 14640 441008
7320 14641 979329
7321 14642 964772
7321 14643 1000000
7322 14644 850952
7322 14645 923560
7323 14646 997582
7323 14647 1000000
7324 14648 470
7324 14649 972179
7325 14650 921128
7325 14651 5675
7326 14652 591
7326 14653 821936
7327 14654 1000000
7327 14655 442
7328 14656 1000000
7328 14657 919416
7329 14658 989897
7329 14659 995200
7330 14660 719808
7330 14661 1000000
7331 14662 991665
7331 14663 985003
7332 14664 1
7332 14665 924683
7333 14666 379376
7333 14667 1000000
7334 14668 984797
7334 14669 190186
7335 14670 914158
7335 14671 658
7336 14672 911811
7336 14673 947675
7337 14674 491244
7337 14675 913639
7338 14676 212
7338 14677 917973
7339 14678 861768
7339 14679 309911
7340 14680 911935
7340 14681 153007
7341 14682 163126
7341 14683 1000000
7342 14684 596365
7342 14685 1
7343 14686 801
7343 14687 354831
7344 14688 940883
7344 14689 943823
7345 14690 761317
7345 14691 1000000
7346 14692 691548
7346 14693 919566
7347 14694 965481
7347 14695 1000000
7348 14696 987723
7348 14697 1000000
7349 14698 920257
7349 14699 1000000
7350 14700 57924
7350 14701 906928
7351 14702 996295
7351 14703 969595
7352 14704 978834
7352 14705 500910
7353 14706 1000000
7353 14707 1000000
7354 14708 969744
7354 14709 1
7355 14710 371347
7355 14711 934781
7356 14712 931669
7356 14713 1000000
7357 14714 788629
7357 14715 908660
7358 14716 918244
7358 14717 940
7359 14718 579634
7359 14719 157
7360 14720 896645
7360 14721 963943
7361 14722 170176
7361 14723 984211
7362 14724 934662
7362 14725 1000000
7363 14726 1
7363 14727 1
7364 14728 1000000
7364 14729 947265
7365 14730 1
7365 14731 929005
7366 14732 880001
7366 14733 709280
7367 14734 765240
7367 14735 623935
7368 14736 1
7368 14737 312595
7369 14738 905
7369 14739 231893
7370 14740 993673
7370 14741 927106
7371 14742 982135
7371 14743 1000000
7372 14744 1000000
7372 14745 639
7373 14746 974469
7373 14747 330244
7374 14748 363
7374 14749 55761
7375 14750 84
7375 14751 920815
7376 14752 880768
7376 14753 325
7377 14754 979
7377 14755 363
7378 14756 639584
7378 14757 960586
7379 14758 925445
7379 14759 683
7380 14760 733
7380 14761 1000000
7381 14762 935110
7381 14763 844053
7382 14764 955
7382 14765 885081
7383 14766 1
7383 14767 512227
7384 14768 453
7384 14769 974719
7385 14770 1000000
7385 14771 467
7386 14772 19796
7386 14773 615353
7387 14774 1
7387 14775 1
7388 14776 842254
7388 14777 771136
7389 14778 598
7389 14779 902
7390 14780 656869
7390 14781 908463
7391 14782 807
7391 14783 857
7392 14784 959252
7392 14785 979146
7393 14786 747
7393 14787 919407
7394 14788 1000000
7394 14789 974628
7395 14790 177119
7395 14791 502643
7396 14792 129
7396 14793 508747
7397 14794 1
7397 14795 67
7398 14796 371746
7398 14797 147339
7399 14798 907742
7399 14799 736962
7400 14800 991350
7400 14801 931080
7401 14802 310429
7401 14803 1000000
7402 14804 1000000
7402 14805 621870
7403 14806 746
7403 14807 949371
7404 14808 804414
7404 14809 300
7405 14810 964627
7405 14811 1
7406 14812 3514
7406 14813 993717
7407 14814 24
7407 14815 730925
7408 14816 970250
7408 14817 985367
7409 14818 905439
7409 14819 281571
7410 14820 310636
7410 14821 974249
7411 14822 340048
7411 14823 919714
7412 14824 8
7412 14825 1000000
7413 14826 177159
7413 14827 1
7414 14828 173629
7414 14829 197039
7415 14830 76
7415 14831 633973
7416 14832 1000000
7416 14833 138318
7417 14834 979818
7417 14835 908475
7418 14836 944609
7418 14837 9
7419 14838 916528
7419 14839 993598
7420 14840 941537
7420 14841 167
7421 14842 27680
7421 14843 906966
7422 14844 956879
7422 14845 741637
7423 14846 1000000
7423 14847 914853
7424 14848 1000000
7424 14849 429
7425 14850 341194
7425 14851 701
7426 14852 774
7426 14853 957856
7427 14854 1000000
7427 14855 936087
7428 14856 1000000
7428 14857 947103
7429 14858 935927
7429 14859 710
7430 14860 1000000
7430 14861 882019
7431 14862 961964
7431 14863 933315
7432 14864 159
7432 14865 945099
7433 14866 127754
7433 14867 948654
7434 14868 802
7434 14869 786907
7435 14870 84463
7435 14871 436981
7436 14872 864
7436 14873 975779
7437 14874 927976
7437 14875 993588
7438 14876 955926
7438 14877 972789
7439 14878 972195
7439 14879 990192
7440 14880 139043
7440 14881 1000000
7441 14882 1000000
7441 14883 925465
7442 14884 907854
7442 14885 1000000
7443 14886 1000000
7443 14887 1000000
7444 14888 921464
7444 14889 930599
7445 14890 694
7445 14891 100197
7446 14892 264959
7446 14893 1
7447 14894 6186
7447 14895 979201
7448 14896 210001
7448 14897 985084
7449 14898 946929
7449 14899 338142
7450 14900 1000000
7450 14901 460
7451 14902 938950
7451 14903 1000000
7452 14904 255109
7452 14905 967145
7453 14906 1000000
7453 14907 797506
7454 14908 1000000
7454 14909 914408
7455 14910 708519
7455 14911 907609
7456 14912 987
7456 14913 950306
7457 14914 933570
7457 14915 997490
7458 14916 991572
7458 14917 651486
7459 14918 282
7459 14919 212
7460 14920 526
7460 14921 978903
7461 14922 968435
7461 14923 956054
7462 14924 554
7462 14925 166538
7463 14926 984428
7463 14927 819682
7464 14928 815456
7464 14929 277
7465 14930 1
7465 14931 372797
7466 14932 804
7466 14933 924072
7467 14934 1000000
7467 14935 902697
7468 14936 890
7468 14937 451
7469 14938 1000000
7469 14939 970122
7470 14940 934797
7470 14941 961
7471 14942 939784
7471 14943 28
7472 14944 1
7472 14945 955010
7473 14946 918374
7473 14947 121
7474 14948 971848
7474 14949 367710
7475 14950 79268
7475 14951 1000000
7476 14952 931917
7476 14953 946561
7477 14954 910702
7477 14955 1000000
7478 14956 590
7478 14957 571417
7479 14958 1000000
7479 14959 88
7480 14960 971160
7480 14961 915
7481 14962 988462
7481 14963 985605
7482 14964 1
7482 14965 723
7483 14966 985963
7483 14967 1000000
7484 14968 804518
7484 14969 918911
7485 14970 922852
7485 14971 244618
7486 14972 454013
7486 14973 764
7487 14974 505
7487 14975 964
7488 14976 959329
7488 14977 986965
7489 14978 1000000
7489 14979 976
7490 14980 24413
7490 14981 995789
7491 14982 938741
7491 14983 922229
7492 14984 895
7492 14985 449420
7493 14986 144
7493 14987 989578
7494 14988 764463
7494 14989 397530
7495 14990 273633
7495 14991 847
7496 14992 462
7496 14993 203574
7497 14994 927625
7497 14995 929172
7498 14996 914327
7498 14997 1000000
7499 14998 509954
7499 14999 985833
7500 15000 950086
7500 15001 929
7501 15002 938497
7501 15003 113518
7502 15004 1000000
7502 15005 559
7503 15006 57411
7503 15007 437
7504 15008 985756
7504 15009 1000000
7505 15010 967631
7505 15011 281272
7506 15012 46
7506 15013 315
7507 15014 930910
7507 15015 154
7508 15016 1
7508 15017 989967
7509 15018 236056
7509 15019 119
7510 15020 104018
7510 15021 971498
7511 15022 961972
7511 15023 1
7512 15024 985731
7512 15025 485934
7513 15026 927860
7513 15027 881512
7514 15028 969
7514 15029 98
7515 15030 239
7515 15031 964737
7516 15032 212
7516 15033 834
7517 15034 135452
7517 15035 304939
7518 15036 786
7518 15037 1000000
7519 15038 201144
7519 15039 749840
7520 15040 400087
7520 15041 525937
7521 15042 971092
7521 15043 530
7522 15044 303
7522 15045 888864
7523 15046 2494
7523 15047 819635
7524 15048 727327
7524 15049 269517
7525 15050 573671
7525 15051 997351
7526 15052 909749
7526 15053 1000000
7527 15054 890065
7527 15055 733578
7528 15056 1
7528 15057 928086
7529 15058 972122
7529 15059 1000000
7530 15060 360
7530 15061 1000000
7531 15062 946029
7531 15063 469116
7532 15064 919271
7532 15065 1000000
7533 15066 26046
7533 15067 234
7534 15068 442
7534 15069 167417
7535 15070 1000000
7535 15071 916073
7536 15072 890
7536 15073 256549
7537 15074 939708
7537 15075 637
7538 15076 975242
7538 15077 1
7539 15078 896558
7539 15079 919967
7540 15080 399967
7540 15081 935329
7541 15082 406
7541 15083 247
7542 15084 635768
7542 15085 498418
7543 15086 611745
7543 15087 956182
7544 15088 287
7544 15089 441403
7545 15090 315
7545 15091 904054
7546 15092 905130
7546 15093 239
7547 15094 379
7547 15095 955743
7548 15096 730043
7548 15097 97362
7549 15098 601
7549 15099 339126
7550 15100 851985
7550 15101 944296
7551 15102 487
7551 15103 568
7552 15104 437562
7552 15105 913252
7553 15106 6
7553 15107 262
7554 15108 975772
7554 15109 831
7555 15110 960080
7555 15111 609559
7556 15112 1
7556 15113 1
7557 15114 139118
7557 15115 1000000
7558 15116 1
7558 15117 57
7559 15118 144714
7559 15119 149004
7560 15120 177728
7560 15121 948752
7561 15122 185
7561 15123 1
7562 15124 516233
7562 15125 946153
7563 15126 942795
7563 15127 75774
7564 15128 909831
7564 15129 588721
7565 15130 785403
7565 15131 1
7566 15132 274418
7566 15133 892177
7567 15134 586280
7567 15135 6766
7568 15136 673419
7568 15137 1000000
7569 15138 960440
7569 15139 976209
7570 15140 900863
7570 15141 913543
7571 15142 930712
7571 15143 300131
7572 15144 935
7572 15145 1000000
7573 15146 517942
7573 15147 960552
7574 15148 46
7574 15149 991747
7575 15150 975921
7575 15151 435
7576 15152 747267
7576 15153 970732
7577 15154 136364
7577 15155 905957
7578 15156 944595
7578 15157 936018
7579 15158 955126
7579 15159 890507
7580 15160 1000000
7580 15161 434813
7581 15162 927221
7581 15163 296917
7582 15164 216901
7582 15165 1
7583 15166 940742
7583 15167 997848
7584 15168 695764
7584 15169 432
7585 15170 559
7585 15171 957813
7586 15172 567
7586 15173 1000000
7587 15174 706274
7587 15175 97610
7588 15176 789600
7588 15177 954518
7589 15178 311355
7589 15179 946059
7590 15180 959942
7590 15181 985353
7591 15182 1
7591 15183 911421
7592 15184 678301
7592 15185 182
7593 15186 1000000
7593 15187 900829
7594 15188 138
7594 15189 1000000
7595 15190 968242
7595 15191 477741
7596 15192 965692
7596 15193 1
7597 15194 260
7597 15195 276
7598 15196 941786
7598 15197 376
7599 15198 943640
7599 15199 724356
7600 15200 899793
7600 15201 1000000
7601 15202 742331
7601 15203 1000000
7602 15204 346090
7602 15205 1
7603 15206 776209
7603 15207 1000000
7604 15208 1
7604 15209 493292
7605 15210 48628
7605 15211 610
7606 15212 916910
7606 15213 1
7607 15214 312344
7607 15215 980517
7608 15216 905885
7608 15217 906821
7609 15218 173466
7609 15219 730
7610 15220 965007
7610 15221 961728
7611 15222 919753
7611 15223 869
7612 15224 970767
7612 15225 225343
7613 15226 952274
7613 15227 1000000
7614 15228 930863
7614 15229 368843
7615 15230 1
7615 15231 782
7616 15232 284970
7616 15233 490668
7617 15234 275
7617 15235 1
7618 15236 118405
7618 15237 967517
7619 15238 915161
7619 15239 1000000
7620 15240 585
7620 15241 1000000
7621 15242 110176
7621 15243 916119
7622 15244 1
7622 15245 926961
7623 15246 953709
7623 15247 941266
7624 15248 746054
7624 15249 401824
7625 15250 1
7625 15251 1
7626 15252 1000000
7626 15253 541261
7627 15254 1
7627 15255 917563
7628 15256 243
7628 15257 792491
7629 15258 969161
7629 15259 963
7630 15260 938904
7630 15261 807637
7631 15262 1000000
7631 15263 932679
7632 15264 610242
7632 15265 998960
7633 15266 949079
7633 15267 953730
7634 15268 902246
7634 15269 752774
7635 15270 802529
7635 15271 493116
7636 15272 986826
7636 15273 636027
7637 15274 410622
7637 15275 61
7638 15276 994056
7638 15277 942402
7639 15278 303
7639 15279 506
7640 15280 901678
7640 15281 323
7641 15282 952935
7641 15283 512431
7642 15284 921638
7642 15285 1
7643 15286 563681
7643 15287 981555
7644 15288 209192
7644 15289 614802
7645 15290 230831
7645 15291 566840
7646 15292 946299
7646 15293 683
7647 15294 915307
7647 15295 918
7648 15296 274202
7648 15297 1000000
7649 15298 1000000
7649 15299 271943
7650 15300 364817
7650 15301 1
7651 15302 954316
7651 15303 919107
7652 15304 927445
7652 15305 1
7653 15306 907092
7653 15307 1
7654 15308 719268
7654 15309 165127
7655 15310 906013
7655 15311 266961
7656 15312 714
7656 15313 200488
7657 15314 747554
7657 15315 165381
7658 15316 786794
7658 15317 1000000
7659 15318 523135
7659 15319 678
7660 15320 1
7660 15321 271560
7661 15322 210
7661 15323 953966
7662 15324 1000000
7662 15325 946074
7663 15326 238212
7663 15327 955564
7664 15328 973235
7664 15329 929736
7665 15330 636895
7665 15331 955213
7666 15332 516268
7666 15333 832659
7667 15334 943561
7667 15335 976742
7668 15336 389664
7668 15337 1000000
7669 15338 541865
7669 15339 468
7670 15340 934118
7670 15341 285
7671 15342 789
7671 15343 324192
7672 15344 128967
7672 15345 92467
7673 15346 1000000
7673 15347 56150
7674 15348 676
7674 15349 929945
7675 15350 78
7675 15351 871051
7676 15352 1000000
7676 15353 101871
7677 15354 718627
7677 15355 1000000
7678 15356 924507
7678 15357 913868
7679 15358 421603
7679 15359 246
7680 15360 908545
7680 15361 485378
7681 15362 968223
7681 15363 731589
7682 15364 132285
7682 15365 824
7683 15366 1000000
7683 15367 530
7684 15368 241
7684 15369 1000000
7685 15370 215798
7685 15371 1000000
7686 15372 1000000
7686 15373 1000000
7687 15374 1000000
7687 15375 590
7688 15376 839
7688 15377 361957
7689 15378 1
7689 15379 1000000
7690 15380 53078
7690 15381 588
7691 15382 953794
7691 15383 914842
7692 15384 905662
7692 15385 518673
7693 15386 1000000
7693 15387 1000000
7694 15388 1000000
7694 15389 900349
7695 15390 1
7695 15391 921440
7696 15392 947972
7696 15393 994413
7697 15394 736900
7697 15395 71465
7698 15396 928526
7698 15397 453939
7699 15398 1000000
7699 15399 808909
7700 15400 1
7700 15401 1
7701 15402 192
7701 15403 833
7702 15404 135940
7702 15405 140
7703 15406 911961
7703 15407 908079
7704 15408 906032
7704 15409 965533
7705 15410 926046
7705 15411 539556
7706 15412 164
7706 15413 958534
7707 15414 920139
7707 15415 906
7708 15416 535693
7708 15417 413187
7709 15418 1000000
7709 15419 912945
7710 15420 687003
7710 15421 856
7711 15422 939194
7711 15423 17135
7712 15424 371871
7712 15425 991086
7713 15426 34
7713 15427 930678
7714 15428 46
7714 15429 949611
7715 15430 465828
7715 15431 723377
7716 15432 2752
7716 15433 726355
7717 15434 934510
7717 15435 1000000
7718 15436 909912
7718 15437 943841
7719 15438 462
7719 15439 942998
7720 15440 462
7720 15441 976241
7721 15442 195196
7721 15443 635
7722 15444 375
7722 15445 341002
7723 15446 352510
7723 15447 977262
7724 15448 640
7724 15449 955110
7725 15450 92
7725 15451 671
7726 15452 520
7726 15453 1000000
7727 15454 901014
7727 15455 838
7728 15456 235
7728 15457 965633
7729 15458 932805
7729 15459 187132
7730 15460 1000000
7730 15461 818
7731 15462 949755
7731 15463 292
7732 15464 32431
7732 15465 428
7733 15466 961852
7733 15467 47
7734 15468 1000000
7734 15469 952
7735 15470 967975
7735 15471 795051
7736 15472 954102
7736 15473 648
7737 15474 668
7737 15475 983012
7738 15476 837297
7738 15477 80726
7739 15478 994321
7739 15479 220
7740 15480 279
7740 15481 817262
7741 15482 969207
7741 15483 1000000
7742 15484 952614
7742 15485 984959
7743 15486 1000000
7743 15487 93979
7744 15488 98
7744 15489 767
7745 15490 740077
7745 15491 742505
7746 15492 96
7746 15493 1
7747 15494 382792
7747 15495 979649
7748 15496 986173
7748 15497 716603
7749 15498 997578
7749 15499 1000000
7750 15500 946659
7750 15501 967546
7751 15502 584621
7751 15503 976
7752 15504 938663
7752 15505 906272
7753 15506 205
7753 15507 1
7754 15508 538837
7754 15509 321
7755 15510 1000000
7755 15511 584
7756 15512 383625
7756 15513 987
7757 15514 990158
7757 15515 598510
7758 15516 916066
7758 15517 993854
7759 15518 931303
7759 15519 600
7760 15520 891
7760 15521 657442
7761 15522 808918
7761 15523 309992
7762 15524 341399
7762 15525 402835
7763 15526 1000000
7763 15527 971344
7764 15528 111446
7764 15529 1000000
7765 15530 849557
7765 15531 1000000
7766 15532 667813
7766 15533 789374
7767 15534 274
7767 15535 395235
7768 15536 1000000
7768 15537 903231
7769 15538 1000000
7769 15539 206512
7770 15540 943
7770 15541 934728
7771 15542 1000000
7771 15543 187
7772 15544 944122
7772 15545 944930
7773 15546 754852
7773 15547 904180
7774 15548 95160
7774 15549 525102
7775 15550 933525
7775 15551 950069
7776 15552 66064
7776 15553 643934
7777 15554 900856
7777 15555 753
7778 15556 976815
7778 15557 805565
7779 15558 648
7779 15559 78798
7780 15560 594
7780 15561 902654
7781 15562 1000000
7781 15563 1000000
7782 15564 289
7782 15565 779
7783 15566 680146
7783 15567 908838
7784 15568 1
7784 15569 983301
7785 15570 654550
7785 15571 693784
7786 15572 715
7786 15573 203028
7787 15574 4
7787 15575 936778
7788 15576 915318
7788 15577 920020
7789 15578 980864
7789 15579 1
7790 15580 1000000
7790 15581 982640
7791 15582 926169
7791 15583 1
7792 15584 824
7792 15585 647
7793 15586 436
7793 15587 608928
7794 15588 974266
7794 15589 1
7795 15590 945251
7795 15591 242511
7796 15592 505
7796 15593 504
7797 15594 581
7797 15595 952478
7798 15596 768170
7798 15597 911506
7799 15598 989572
7799 15599 770
7800 15600 974941
7800 15601 209024
7801 15602 1000000
7801 15603 907995
7802 15604 598516
7802 15605 1
7803 15606 926163
7803 15607 962049
7804 15608 767
7804 15609 994933
7805 15610 77
7805 15611 965458
7806 15612 972071
7806 15613 981952
7807 15614 925644
7807 15615 188
7808 15616 1
7808 15617 19010
7809 15618 1000000
7809 15619 945966
7810 15620 266
7810 15621 915837
7811 15622 971758
7811 15623 293904
7812 15624 958264
7812 15625 933025
7813 15626 902903
7813 15627 945009
7814 15628 972699
7814 15629 497
7815 15630 980291
7815 15631 964367
7816 15632 127373
7816 15633 368
7817 15634 676133
7817 15635 984063
7818 15636 619464
7818 15637 934729
7819 15638 870174
7819 15639 742099
7820 15640 915785
7820 15641 1000000
7821 15642 691965
7821 15643 542
7822 15644 883057
7822 15645 976753
7823 15646 903111
7823 15647 286311
7824 15648 822366
7824 15649 952943
7825 15650 73847
7825 15651 1000000
7826 15652 114082
7826 15653 309749
7827 15654 218567
7827 15655 943668
7828 15656 930372
7828 15657 218898
7829 15658 959945
7829 15659 1
7830 15660 900048
7830 15661 260872
7831 15662 1000000
7831 15663 317642
7832 15664 924906
7832 15665 959616
7833 15666 1
7833 15667 1000000
7834 15668 982
7834 15669 19236
7835 15670 952206
7835 15671 572365
7836 15672 919759
7836 15673 936
7837 15674 23
7837 15675 691
7838 15676 12603
7838 15677 987525
7839 15678 14
7839 15679 934725
7840 15680 993302
7840 15681 983190
7841 15682 431601
7841 15683 973206
7842 15684 675
7842 15685 471910
7843 15686 996
7843 15687 1
7844 15688 914438
7844 15689 955724
7845 15690 911040
7845 15691 82947
7846 15692 902425
7846 15693 977392
7847 15694 1000000
7847 15695 933290
7848 15696 974209
7848 15697 917118
7849 15698 941423
7849 15699 505502
7850 15700 884583
7850 15701 963298
7851 15702 491995
7851 15703 955320
7852 15704 999062
7852 15705 1000000
7853 15706 253998
7853 15707 740
7854 15708 721
7854 15709 932356
7855 15710 344
7855 15711 872863
7856 15712 909416
7856 15713 955877
7857 15714 180458
7857 15715 691032
7858 15716 952507
7858 15717 800192
7859 15718 293596
7859 15719 236
7860 15720 813601
7860 15721 1000000
7861 15722 1
7861 15723 1000000
7862 15724 233
7862 15725 963708
7863 15726 137551
7863 15727 1000000
7864 15728 358703
7864 15729 923371
7865 15730 829534
7865 15731 1000000
7866 15732 487
7866 15733 987212
7867 15734 308421
7867 15735 448245
7868 15736 414856
7868 15737 962637
7869 15738 684
7869 15739 553800
7870 15740 421116
7870 15741 993946
7871 15742 755393
7871 15743 450286
7872 15744 1
7872 15745 598
7873 15746 301988
7873 15747 945027
7874 15748 123
7874 15749 504673
7875 15750 950522
7875 15751 956933
7876 15752 447866
7876 15753 943745
7877 15754 815595
7877 15755 968
7878 15756 835
7878 15757 879994
7879 15758 454
7879 15759 692876
7880 15760 918457
7880 15761 981002
7881 15762 1000000
7881 15763 1000000
7882 15764 954665
7882 15765 894992
7883 15766 999460
7883 15767 1000000
7884 15768 1000000
7884 15769 951577
7885 15770 872612
7885 15771 219880
7886 15772 957872
7886 15773 808570
7887 15774 849
7887 15775 371
7888 15776 910564
7888 15777 758495
7889 15778 496
7889 15779 1000000
7890 15780 1
7890 15781 912507
7891 15782 145897
7891 15783 493
7892 15784 754
7892 15785 302964
7893 15786 224642
7893 15787 430
7894 15788 569
7894 15789 944397
7895 15790 372
7895 15791 914292
7896 15792 903068
7896 15793 993643
7897 15794 920644
7897 15795 1000000
7898 15796 518235
7898 15797 1000000
7899 15798 966842
7899 15799 931559
7900 15800 994612
7900 15801 932918
7901 15802 741645
7901 15803 1000000
7902 15804 902823
7902 15805 971495
7903 15806 309678
7903 15807 237800
7904 15808 902105
7904 15809 798
7905 15810 559135
7905 15811 53980
7906 15812 286938
7906 15813 953484
7907 15814 213492
7907 15815 927
7908 15816 325963
7908 15817 1000000
7909 15818 341
7909 15819 971203
7910 15820 1000000
7910 15821 1000000
7911 15822 889864
7911 15823 938746
7912 15824 901171
7912 15825 953869
7913 15826 832108
7913 15827 49
7914 15828 1000000
7914 15829 934458
7915 15830 346
7915 15831 41591
7916 15832 429
7916 15833 623
7917 15834 458038
7917 15835 661
7918 15836 350
7918 15837 965054
7919 15838 1000000
7919 15839 948819
7920 15840 515421
7920 15841 923875
7921 15842 138807
7921 15843 933079
7922 15844 1000000
7922 15845 999966
7923 15846 302526
7923 15847 265
7924 15848 623478
7924 15849 741868
7925 15850 482
7925 15851 1
7926 15852 188
7926 15853 912038
7927 15854 969763
7927 15855 986878
7928 15856 960251
7928 15857 78647
7929 15858 717226
7929 15859 989178
7930 15860 551712
7930 15861 20602
7931 15862 1
7931 15863 1
7932 15864 930579
7932 15865 750751
7933 15866 898
7933 15867 259996
7934 15868 984991
7934 15869 919620
7935 15870 1000000
7935 15871 172317
7936 15872 146
7936 15873 200369
7937 15874 131
7937 15875 371098
7938 15876 1
7938 15877 944943
7939 15878 510657
7939 15879 877192
7940 15880 850459
7940 15881 1000000
7941 15882 1000000
7941 15883 368462
7942 15884 955302
7942 15885 400
7943 15886 680286
7943 15887 990
7944 15888 902668
7944 15889 1000000
7945 15890 226487
7945 15891 1000000
7946 15892 928833
7946 15893 1000000
7947 15894 647904
7947 15895 84491
7948 15896 993642
7948 15897 636675
7949 15898 914532
7949 15899 991841
7950 15900 986454
7950 15901 955
7951 15902 106
7951 15903 364531
7952 15904 860
7952 15905 1
7953 15906 256549
7953 15907 376
7954 15908 961163
7954 15909 150890
7955 15910 701
7955 15911 943076
7956 15912 1
7956 15913 1000000
7957 15914 833689
7957 15915 753309
7958 15916 167639
7958 15917 958564
7959 15918 509
7959 15919 479702
7960 15920 473
7960 15921 926932
7961 15922 929482
7961 15923 143
7962 15924 224
7962 15925 554
7963 15926 945081
7963 15927 728816
7964 15928 517
7964 15929 979840
7965 15930 998821
7965 15931 345459
7966 15932 999262
7966 15933 639
7967 15934 143172
7967 15935 364261
7968 15936 611
7968 15937 927232
7969 15938 831
7969 15939 484
7970 15940 72
7970 15941 917784
7971 15942 938305
7971 15943 818
7972 15944 985891
7972 15945 192
7973 15946 950564
7973 15947 958283
7974 15948 1000000
7974 15949 227
7975 15950 133
7975 15951 494091
7976 15952 1000000
7976 15953 173307
7977 15954 601
7977 15955 607811
7978 15956 207665
7978 15957 979097
7979 15958 901408
7979 15959 79980
7980 15960 942317
7980 15961 438
7981 15962 109196
7981 15963 558267
7982 15964 997705
7982 15965 1
7983 15966 902074
7983 15967 938688
7984 15968 1000000
7984 15969 967
7985 15970 982704
7985 15971 16600
7986 15972 770368
7986 15973 604
7987 15974 217
7987 15975 759930
7988 15976 1
7988 15977 1000000
7989 15978 1000000
7989 15979 245233
7990 15980 357959
7990 15981 362
7991 15982 229566
7991 15983 936469
7992 15984 332
7992 15985 818045
7993 15986 205
7993 15987 923479
7994 15988 785
7994 15989 1
7995 15990 948900
7995 15991 1000000
7996 15992 990482
7996 15993 956013
7997 15994 946379
7997 15995 931284
7998 15996 379
7998 15997 149223
7999 15998 1000000
7999 15999 332
8000 16000 388963
8000 16001 754013
8001 16002 729020
8001 16003 969676
8002 16004 934013
8002 16005 694
8003 16006 942105
8003 16007 658222
8004 16008 386
8004 16009 1000000
8005 16010 973624
8005 16011 921611
8006 16012 309004
8006 16013 739310
8007 16014 830
8007 16015 390
8008 16016 919067
8008 16017 534527
8009 16018 382614
8009 16019 152758
8010 16020 962
8010 16021 5900
8011 16022 949173
8011 16023 191029
8012 16024 673
8012 16025 994968
8013 16026 995297
8013 16027 942263
8014 16028 53145
8014 16029 85870
8015 16030 675571
8015 16031 986428
8016 16032 399
8016 16033 814
8017 16034 1000000
8017 16035 302
8018 16036 1000000
8018 16037 1000000
8019 16038 763420
8019 16039 522464
8020 16040 982427
8020 16041 946597
8021 16042 975736
8021 16043 829680
8022 16044 458
8022 16045 941976
8023 16046 938787
8023 16047 985181
8024 16048 5698
8024 16049 676418
8025 16050 973323
8025 16051 844
8026 16052 120902
8026 16053 965334
8027 16054 557441
8027 16055 811477
8028 16056 60547
8028 16057 273168
8029 16058 946689
8029 16059 939989
8030 16060 1000000
8030 16061 153631
8031 16062 1
8031 16063 952898
8032 16064 923063
8032 16065 136
8033 16066 653174
8033 16067 966
8034 16068 358389
8034 16069 264456
8035 16070 1000000
8035 16071 1000000
8036 16072 28
8036 16073 967520
8037 16074 1
8037 16075 171849
8038 16076 469
8038 16077 936865
8039 16078 974619
8039 16079 984046
8040 16080 949434
8040 16081 1000000
8041 16082 529
8041 16083 223163
8042 16084 286
8042 16085 182
8043 16086 490923
8043 16087 940450
8044 16088 199639
8044 16089 388402
8045 16090 12579
8045 16091 971389
8046 16092 1000000
8046 16093 693890
8047 16094 29
8047 16095 1000000
8048 16096 424313
8048 16097 997818
8049 16098 823543
8049 16099 283282
8050 16100 39
8050 16101 501537
8051 16102 447946
8051 16103 743673
8052 16104 839
8052 16105 172537
8053 16106 942043
8053 16107 321
8054 16108 493561
8054 16109 987590
8055 16110 994958
8055 16111 4713
8056 16112 50336
8056 16113 200222
8057 16114 436375
8057 16115 934514
8058 16116 174234
8058 16117 930096
8059 16118 270096
8059 16119 979
8060 16120 966568
8060 16121 1000000
8061 16122 896
8061 16123 966782
8062 16124 1000000
8062 16125 612
8063 16126 188667
8063 16127 292
8064 16128 953
8064 16129 976986
8065 16130 971033
8065 16131 193571
8066 16132 908023
8066 16133 908241
8067 16134 335367
8067 16135 146195
8068 16136 975642
8068 16137 960143
8069 16138 979
8069 16139 574959
8070 16140 973
8070 16141 315
8071 16142 337578
8071 16143 999450
8072 16144 499
8072 16145 786
8073 16146 449904
8073 16147 247053
8074 16148 200
8074 16149 415786
8075 16150 501
8075 16151 1000000
8076 16152 1000000
8076 16153 528
8077 16154 1
8077 16155 913
8078 16156 1000000
8078 16157 585
8079 16158 612014
8079 16159 312163
8080 16160 99119
8080 16161 743
8081 16162 983036
8081 16163 685350
8082 16164 1000000
8082 16165 973743
8083 16166 948831
8083 16167 139651
8084 16168 981974
8084 16169 692393
8085 16170 799338
8085 16171 962022
8086 16172 956534
8086 16173 629483
8087 16174 962231
8087 16175 777
8088 16176 920552
8088 16177 988
8089 16178 688
8089 16179 1000000
8090 16180 52
8090 16181 827486
8091 16182 377
8091 16183 664721
8092 16184 1000000
8092 16185 304829
8093 16186 945692
8093 16187 998262
8094 16188 394364
8094 16189 639803
8095 16190 1
8095 16191 900203
8096 16192 137
8096 16193 1
8097 16194 515559
8097 16195 113544
8098 16196 1
8098 16197 431655
8099 16198 947749
8099 16199 925102
8100 16200 947284
8100 16201 1
8101 16202 148
8101 16203 932897
8102 16204 1000000
8102 16205 1
8103 16206 995859
8103 16207 37319
8104 16208 569990
8104 16209 775
8105 16210 321636
8105 16211 914179
8106 16212 1000000
8106 16213 955178
8107 16214 1000000
8107 16215 220151
8108 16216 1000000
8108 16217 465956
8109 16218 911553
8109 16219 1
8110 16220 654
8110 16221 982789
8111 16222 283605
8111 16223 394
8112 16224 1000000
8112 16225 765807
8113 16226 887278
8113 16227 912375
8114 16228 745
8114 16229 858
8115 16230 935
8115 16231 987195
8116 16232 275006
8116 16233 954347
8117 16234 977701
8117 16235 893
8118 16236 1000000
8118 16237 150571
8119 16238 222
8119 16239 447108
8120 16240 895
8120 16241 913885
8121 16242 67867
8121 16243 94712
8122 16244 210
8122 16245 1000000
8123 16246 886272
8123 16247 905245
8124 16248 920692
8124 16249 318968
8125 16250 944595
8125 16251 1000000
8126 16252 1000000
8126 16253 438802
8127 16254 1
8127 16255 840509
8128 16256 984477
8128 16257 204
8129 16258 1000000
8129 16259 1000000
8130 16260 238669
8130 16261 923120
8131 16262 975628
8131 16263 1
8132 16264 920858
8132 16265 373570
8133 16266 468
8133 16267 928002
8134 16268 926737
8134 16269 836439
8135 16270 927120
8135 16271 999474
8136 16272 958440
8136 16273 574510
8137 16274 208219
8137 16275 542355
8138 16276 1000000
8138 16277 1000000
8139 16278 294280
8139 16279 677919
8140 16280 1000000
8140 16281 435298
8141 16282 612911
8141 16283 982794
8142 16284 995425
8142 16285 572284
8143 16286 938944
8143 16287 544469
8144 16288 103
8144 16289 211880
8145 16290 965716
8145 16291 993179
8146 16292 978005
8146 16293 1000000
8147 16294 581184
8147 16295 872235
8148 16296 904737
8148 16297 165590
8149 16298 953519
8149 16299 509
8150 16300 740
8150 16301 1
8151 16302 993094
8151 16303 413257
8152 16304 946452
8152 16305 997705
8153 16306 904059
8153 16307 1
8154 16308 541219
8154 16309 902260
8155 16310 913925
8155 16311 428679
8156 16312 1
8156 16313 989
8157 16314 1000000
8157 16315 170907
8158 16316 955760
8158 16317 254847
8159 16318 997719
8159 16319 6
8160 16320 941898
8160 16321 909871
8161 16322 984841
8161 16323 473
8162 16324 84278
8162 16325 944054
8163 16326 917809
8163 16327 905791
8164 16328 52
8164 16329 280417
8165 16330 905587
8165 16331 988360
8166 16332 852847
8166 16333 879
8167 16334 614357
8167 16335 85651
8168 16336 115
8168 16337 422
8169 16338 904628
8169 16339 654
8170 16340 926567
8170 16341 1000000
8171 16342 930079
8171 16343 549
8172 16344 79309
8172 16345 973431
8173 16346 428678
8173 16347 1
8174 16348 1000000
8174 16349 490
8175 16350 37127
8175 16351 144550
8176 16352 1
8176 16353 910
8177 16354 768078
8177 16355 364408
8178 16356 681
8178 16357 335
8179 16358 538
8179 16359 989582
8180 16360 664356
8180 16361 1
8181 16362 69263
8181 16363 989570
8182 16364 518
8182 16365 906430
8183 16366 1000000
8183 16367 30
8184 16368 138
8184 16369 958996
8185 16370 69975
8185 16371 919729
8186 16372 923
8186 16373 687922
8187 16374 1000000
8187 16375 916715
8188 16376 1000000
8188 16377 520
8189 16378 809385
8189 16379 955419
8190 16380 396
8190 16381 640416
8191 16382 932063
8191 16383 995816
8192 16384 1000000
8192 16385 758
8193 16386 882007
8193 16387 908699
8194 16388 419598
8194 16389 1000000
8195 16390 30795
8195 16391 923294
8196 16392 1
8196 16393 941677
8197 16394 494
8197 16395 165265
8198 16396 1000000
8198 16397 391229
8199 16398 280368
8199 16399 244419
8200 16400 96400
8200 16401 404
8201 16402 455633
8201 16403 974763
8202 16404 583978
8202 16405 505
8203 16406 355
8203 16407 928205
8204 16408 648912
8204 16409 263
8205 16410 793
8205 16411 991412
8206 16412 965484
8206 16413 974498
8207 16414 958477
8207 16415 22512
8208 16416 965397
8208 16417 380646
8209 16418 648
8209 16419 114
8210 16420 153667
8210 16421 72955
8211 16422 169877
8211 16423 1
8212 16424 1
8212 16425 629
8213 16426 1000000
8213 16427 995114
8214 16428 993
8214 16429 311179
8215 16430 661964
8215 16431 907688
8216 16432 1000000
8216 16433 955439
8217 16434 539247
8217 16435 198233
8218 16436 944716
8218 16437 561157
8219 16438 264484
8219 16439 721
8220 16440 1000000
8220 16441 936098
8221 16442 513966
8221 16443 451
8222 16444 460740
8222 16445 950666
8223 16446 1000000
8223 16447 947314
8224 16448 1000000
8224 16449 967588
8225 16450 687332
8225 16451 1
8226 16452 300
8226 16453 687425
8227 16454 803090
8227 16455 552857
8228 16456 360410
8228 16457 395506
8229 16458 292
8229 16459 745481
8230 16460 312067
8230 16461 1000000
8231 16462 925683
8231 16463 1000000
8232 16464 969541
8232 16465 1000000
8233 16466 1
8233 16467 971866
8234 16468 888378
8234 16469 684547
8235 16470 1000000
8235 16471 212912
8236 16472 980909
8236 16473 188290
8237 16474 920072
8237 16475 981078
8238 16476 932727
8238 16477 926144
8239 16478 972241
8239 16479 597742
8240 16480 984731
8240 16481 984718
8241 16482 909529
8241 16483 949887
8242 16484 222483
8242 16485 2167
8243 16486 967770
8243 16487 1
8244 16488 704581
8244 16489 944124
8245 16490 83524
8245 16491 266
8246 16492 973843
8246 16493 840
8247 16494 909840
8247 16495 700
8248 16496 989964
8248 16497 910054
8249 16498 759
8249 16499 1000000
8250 16500 981563
8250 16501 140
8251 16502 940245
8251 16503 57
8252 16504 274081
8252 16505 509
8253 16506 678708
8253 16507 343
8254 16508 68558
8254 16509 960254
8255 16510 938000
8255 16511 1000000
8256 16512 961477
8256 16513 17112
8257 16514 139
8257 16515 952716
8258 16516 668878
8258 16517 626
8259 16518 5989
8259 16519 435248
8260 16520 652
8260 16521 131853
8261 16522 1000000
8261 16523 412
8262 16524 342
8262 16525 202
8263 16526 927400
8263 16527 993365
8264 16528 906417
8264 16529 416989
8265 16530 264
8265 16531 938280
8266 16532 986736
8266 16533 908265
8267 16534 307927
8267 16535 159626
8268 16536 646344
8268 16537 46
8269 16538 966095
8269 16539 629051
8270 16540 574118
8270 16541 976202
8271 16542 936661
8271 16543 460711
8272 16544 882210
8272 16545 1
8273 16546 992505
8273 16547 948584
8274 16548 135149
8274 16549 987769
8275 16550 111751
8275 16551 806
8276 16552 980021
8276 16553 528
8277 16554 803
8277 16555 925401
8278 16556 592014
8278 16557 997496
8279 16558 914701
8279 16559 582134
8280 16560 561
8280 16561 14904
8281 16562 892969
8281 16563 913063
8282 16564 970172
8282 16565 1000000
8283 16566 978175
8283 16567 585
8284 16568 1
8284 16569 805432
8285 16570 989229
8285 16571 959193
8286 16572 947202
8286 16573 682666
8287 16574 16
8287 16575 933784
8288 16576 892986
8288 16577 665822
8289 16578 443754
8289 16579 910712
8290 16580 1000000
8290 16581 689
8291 16582 99
8291 16583 1000000
8292 16584 1
8292 16585 1000000
8293 16586 1000000
8293 16587 959320
8294 16588 909031
8294 16589 822
8295 16590 753
8295 16591 891
8296 16592 978274
8296 16593 1000000
8297 16594 316850
8297 16595 935642
8298 16596 973700
8298 16597 1
8299 16598 909706
8299 16599 928525
8300 16600 965240
8300 16601 743
8301 16602 720892
8301 16603 479582
8302 16604 910637
8302 16605 1000000
8303 16606 979
8303 16607 629412
8304 16608 589503
8304 16609 326161
8305 16610 990571
8305 16611 758564
8306 16612 978760
8306 16613 971292
8307 16614 968104
8307 16615 1000000
8308 16616 955220
8308 16617 941333
8309 16618 62
8309 16619 1
8310 16620 454
8310 16621 1000000
8311 16622 1000000
8311 16623 301444
8312 16624 14832
8312 16625 1
8313 16626 692
8313 16627 1
8314 16628 254
8314 16629 877
8315 16630 1
8315 16631 340873
8316 16632 925907
8316 16633 904547
8317 16634 954249
8317 16635 1
8318 16636 878900
8318 16637 442673
8319 16638 960708
8319 16639 977475
8320 16640 173563
8320 16641 1000000
8321 16642 914
8321 16643 736148
8322 16644 835004
8322 16645 200
8323 16646 1000000
8323 16647 1
8324 16648 1
8324 16649 535
8325 16650 646557
8325 16651 693498
8326 16652 60161
8326 16653 64948
8327 16654 925747
8327 16655 212161
8328 16656 994618
8328 16657 937035
8329 16658 702948
8329 16659 901126
8330 16660 1000000
8330 16661 1000000
8331 16662 1000000
8331 16663 466
8332 16664 939
8332 16665 1000000
8333 16666 986624
8333 16667 914735
8334 16668 640690
8334 16669 376337
8335 16670 363576
8335 16671 206
8336 16672 918374
8336 16673 711682
8337 16674 949240
8337 16675 259884
8338 16676 356650
8338 16677 755
8339 16678 665598
8339 16679 941952
8340 16680 1
8340 16681 985253
8341 16682 86069
8341 16683 39824
8342 16684 918944
8342 16685 1000000
8343 16686 954029
8343 16687 924760
8344 16688 130043
8344 16689 919479
8345 16690 976975
8345 16691 752299
8346 16692 800359
8346 16693 570788
8347 16694 823001
8347 16695 884888
8348 16696 515
8348 16697 973260
8349 16698 961309
8349 16699 901084
8350 16700 999
8350 16701 934940
8351 16702 28616
8351 16703 352198
8352 16704 1
8352 16705 700
8353 16706 1000000
8353 16707 1000000
8354 16708 808801
8354 16709 177245
8355 16710 1000000
8355 16711 668
8356 16712 89871
8356 16713 957322
8357 16714 473211
8357 16715 576
8358 16716 992348
8358 16717 390
8359 16718 972127
8359 16719 532471
8360 16720 936273
8360 16721 905438
8361 16722 930723
8361 16723 57
8362 16724 957
8362 16725 370201
8363 16726 958555
8363 16727 393861
8364 16728 946196
8364 16729 608751
8365 16730 994692
8365 16731 485
8366 16732 701006
8366 16733 792255
8367 16734 970111
8367 16735 300
8368 16736 477912
8368 16737 223
8369 16738 937646
8369 16739 1
8370 16740 1000000
8370 16741 1000000
8371 16742 555
8371 16743 533264
8372 16744 931708
8372 16745 982427
8373 16746 285574
8373 16747 483
8374 16748 1
8374 16749 933
8375 16750 38
8375 16751 614
8376 16752 170806
8376 16753 894
8377 16754 1
8377 16755 800
8378 16756 1000000
8378 16757 934133
8379 16758 576183
8379 16759 258174
8380 16760 1000000
8380 16761 1000000
8381 16762 590189
8381 16763 438649
8382 16764 989610
8382 16765 950871
8383 16766 951651
8383 16767 36605
8384 16768 450
8384 16769 997315
8385 16770 290576
8385 16771 732436
8386 16772 995733
8386 16773 911558
8387 16774 987362
8387 16775 992802
8388 16776 997926
8388 16777 996819
8389 16778 727
8389 16779 334983
8390 16780 967335
8390 16781 953524
8391 16782 948072
8391 16783 423469
8392 16784 956172
8392 16785 1000000
8393 16786 73002
8393 16787 613102
8394 16788 694
8394 16789 459
8395 16790 994468
8395 16791 23
8396 16792 909
8396 16793 943779
8397 16794 659742
8397 16795 870
8398 16796 1000000
8398 16797 1
8399 16798 1000000
8399 16799 972195
8400 16800 388947
8400 16801 1
8401 16802 656353
8401 16803 925118
8402 16804 925142
8402 16805 29
8403 16806 428
8403 16807 1000000
8404 16808 266618
8404 16809 478
8405 16810 939019
8405 16811 60
8406 16812 1000000
8406 16813 693
8407 16814 909341
8407 16815 944244
8408 16816 922179
8408 16817 1000000
8409 16818 187847
8409 16819 1000000
8410 16820 417512
8410 16821 967735
8411 16822 175543
8411 16823 806
8412 16824 978776
8412 16825 563
8413 16826 588
8413 16827 932319
8414 16828 395
8414 16829 249
8415 16830 885279
8415 16831 924324
8416 16832 1000000
8416 16833 1
8417 16834 1000000
8417 16835 910130
8418 16836 919284
8418 16837 1
8419 16838 1000000
8419 16839 740
8420 16840 37714
8420 16841 918142
8421 16842 60269
8421 16843 985549
8422 16844 1000000
8422 16845 169
8423 16846 210
8423 16847 612628
8424 16848 938417
8424 16849 24323
8425 16850 923894
8425 16851 996904
8426 16852 902386
8426 16853 996296
8427 16854 1
8427 16855 482
8428 16856 584
8428 16857 791
8429 16858 404
8429 16859 393380
8430 16860 1
8430 16861 120368
8431 16862 1
8431 16863 1000000
8432 16864 757406
8432 16865 605
8433 16866 1000000
8433 16867 1000000
8434 16868 830
8434 16869 948003
8435 16870 421964
8435 16871 999714
8436 16872 147525
8436 16873 113604
8437 16874 990719
8437 16875 42102
8438 16876 830538
8438 16877 925094
8439 16878 1
8439 16879 611087
8440 16880 606582
8440 16881 911053
8441 16882 1000000
8441 16883 970493
8442 16884 968236
8442 16885 640737
8443 16886 973360
8443 16887 940251
8444 16888 1000000
8444 16889 972181
8445 16890 392490
8445 16891 971579
8446 16892 731337
8446 16893 459
8447 16894 1
8447 16895 364
8448 16896 630742
8448 16897 893
8449 16898 247
8449 16899 932064
8450 16900 947383
8450 16901 265374
8451 16902 772325
8451 16903 389749
8452 16904 85998
8452 16905 919983
8453 16906 1000000
8453 16907 123
8454 16908 404
8454 16909 1000000
8455 16910 972465
8455 16911 509
8456 16912 729
8456 16913 933350
8457 16914 516
8457 16915 984
8458 16916 933108
8458 16917 376
8459 16918 939522
8459 16919 957602
8460 16920 230
8460 16921 946586
8461 16922 670450
8461 16923 994622
8462 16924 482
8462 16925 391864
8463 16926 945445
8463 16927 22
8464 16928 986649
8464 16929 761834
8465 16930 664801
8465 16931 904903
8466 16932 734402
8466 16933 911181
8467 16934 906157
8467 16935 828945
8468 16936 481854
8468 16937 1000000
8469 16938 996144
8469 16939 481358
8470 16940 718718
8470 16941 937360
8471 16942 935593
8471 16943 20
8472 16944 400280
8472 16945 78991
8473 16946 984060
8473 16947 502
8474 16948 491759
8474 16949 949889
8475 16950 930150
8475 16951 564067
8476 16952 1000000
8476 16953 913645
8477 16954 966873
8477 16955 601685
8478 16956 546220
8478 16957 922071
8479 16958 153898
8479 16959 937832
8480 16960 930084
8480 16961 958072
8481 16962 758
8481 16963 651668
8482 16964 511304
8482 16965 986855
8483 16966 179
8483 16967 86266
8484 16968 250642
8484 16969 1000000
8485 16970 974485
8485 16971 680265
8486 16972 72
8486 16973 116428
8487 16974 563474
8487 16975 998335
8488 16976 271444
8488 16977 930639
8489 16978 201338
8489 16979 908976
8490 16980 934597
8490 16981 399
8491 16982 234435
8491 16983 1000000
8492 16984 159
8492 16985 930535
8493 16986 47691
8493 16987 221127
8494 16988 946953
8494 16989 669535
8495 16990 992240
8495 16991 937086
8496 16992 243989
8496 16993 973476
8497 16994 988501
8497 16995 575158
8498 16996 345003
8498 16997 679
8499 16998 987501
8499 16999 104
8500 17000 282
8500 17001 433
8501 17002 1
8501 17003 939
8502 17004 962054
8502 17005 47780
8503 17006 473
8503 17007 77546
8504 17008 189328
8504 17009 443310
8505 17010 507
8505 17011 1000000
8506 17012 967335
8506 17013 917993
8507 17014 942912
8507 17015 1000000
8508 17016 426
8508 17017 946
8509 17018 677844
8509 17019 983604
8510 17020 208105
8510 17021 999369
8511 17022 232
8511 17023 249381
8512 17024 591
8512 17025 483945
8513 17026 1
8513 17027 443740
8514 17028 1000000
8514 17029 976111
8515 17030 57025
8515 17031 969299
8516 17032 916549
8516 17033 418
8517 17034 909426
8517 17035 925841
8518 17036 1000000
8518 17037 918821
8519 17038 717852
8519 17039 912412
8520 17040 838
8520 17041 973701
8521 17042 945240
8521 17043 999961
8522 17044 1
8522 17045 696
8523 17046 766
8523 17047 911061
8524 17048 191325
8524 17049 656
8525 17050 923352
8525 17051 601
8526 17052 1000000
8526 17053 219
8527 17054 972744
8527 17055 1000000
8528 17056 256
8528 17057 1000000
8529 17058 588
8529 17059 783
8530 17060 440
8530 17061 961860
8531 17062 943756
8531 17063 988
8532 17064 953439
8532 17065 366
8533 17066 366887
8533 17067 954388
8534 17068 169
8534 17069 934084
8535 17070 82903
8535 17071 945796
8536 17072 946194
8536 17073 916472
8537 17074 905529
8537 17075 536
8538 17076 399616
8538 17077 121
8539 17078 1
8539 17079 1
8540 17080 137453
8540 17081 957061
8541 17082 906264
8541 17083 946036
8542 17084 952001
8542 17085 958146
8543 17086 974235
8543 17087 922947
8544 17088 296195
8544 17089 938328
8545 17090 871460
8545 17091 911538
8546 17092 959627
8546 17093 971884
8547 17094 104261
8547 17095 970963
8548 17096 1000000
8548 17097 944850
8549 17098 194616
8549 17099 436417
8550 17100 462979
8550 17101 953445
8551 17102 954954
8551 17103 980099
8552 17104 676
8552 17105 937671
8553 17106 913312
8553 17107 989395
8554 17108 557
8554 17109 766882
8555 17110 1000000
8555 17111 930905
8556 17112 4862
8556 17113 925570
8557 17114 120701
8557 17115 806787
8558 17116 976113
8558 17117 931993
8559 17118 933172
8559 17119 390065
8560 17120 955815
8560 17121 918156
8561 17122 1000000
8561 17123 410924
8562 17124 762832
8562 17125 554493
8563 17126 149319
8563 17127 67
8564 17128 920275
8564 17129 478129
8565 17130 650568
8565 17131 967703
8566 17132 709461
8566 17133 707971
8567 17134 970168
8567 17135 304
8568 17136 1000000
8568 17137 991056
8569 17138 901761
8569 17139 1000000
8570 17140 562628
8570 17141 946
8571 17142 283446
8571 17143 302552
8572 17144 262908
8572 17145 948178
8573 17146 15802
8573 17147 917513
8574 17148 730
8574 17149 180384
8575 17150 729
8575 17151 135201
8576 17152 984250
8576 17153 683566
8577 17154 958095
8577 17155 900295
8578 17156 998407
8578 17157 754831
8579 17158 1000000
8579 17159 1
8580 17160 741470
8580 17161 569515
8581 17162 847821
8581 17163 242718
8582 17164 917312
8582 17165 722222
8583 17166 530311
8583 17167 616422
8584 17168 586545
8584 17169 901140
8585 17170 904975
8585 17171 944132
8586 17172 759530
8586 17173 316648
8587 17174 947180
8587 17175 381907
8588 17176 987343
8588 17177 129455
8589 17178 907187
8589 17179 838132
8590 17180 1
8590 17181 437
8591 17182 949443
8591 17183 416
8592 17184 840
8592 17185 956535
8593 17186 3800
8593 17187 1
8594 17188 811092
8594 17189 938552
8595 17190 8211
8595 17191 531905
8596 17192 95561
8596 17193 936552
8597 17194 985674
8597 17195 1
8598 17196 327320
8598 17197 957561
8599 17198 919188
8599 17199 1000000
8600 17200 501896
8600 17201 388
8601 17202 958665
8601 17203 974115
8602 17204 701
8602 17205 972
8603 17206 802
8603 17207 976683
8604 17208 37931
8604 17209 799
8605 17210 416522
8605 17211 186860
8606 17212 627295
8606 17213 911988
8607 17214 959379
8607 17215 996258
8608 17216 785331
8608 17217 1000000
8609 17218 959173
8609 17219 572026
8610 17220 964878
8610 17221 698
8611 17222 1
8611 17223 984408
8612 17224 942677
8612 17225 644060
8613 17226 1
8613 17227 413
8614 17228 281877
8614 17229 27
8615 17230 953264
8615 17231 1
8616 17232 566987
8616 17233 749419
8617 17234 908987
8617 17235 496
8618 17236 504410
8618 17237 905522
8619 17238 196
8619 17239 306241
8620 17240 316
8620 17241 607556
8621 17242 1000000
8621 17243 1
8622 17244 785891
8622 17245 909606
8623 17246 921259
8623 17247 944678
8624 17248 805
8624 17249 1000000
8625 17250 916624
8625 17251 996707
8626 17252 339
8626 17253 453450
8627 17254 270
8627 17255 999980
8628 17256 971673
8628 17257 679966
8629 17258 1000000
8629 17259 552715
8630 17260 433124
8630 17261 253
8631 17262 552430
8631 17263 917658
8632 17264 662
8632 17265 43
8633 17266 972129
8633 17267 482574
8634 17268 975279
8634 17269 256
8635 17270 1
8635 17271 780
8636 17272 607
8636 17273 1000000
8637 17274 727
8637 17275 930154
8638 17276 665
8638 17277 927775
8639 17278 946034
8639 17279 932682
8640 17280 493361
8640 17281 906
8641 17282 886
8641 17283 935726
8642 17284 963345
8642 17285 1000000
8643 17286 535430
8643 17287 1000000
8644 17288 932049
8644 17289 501744
8645 17290 657
8645 17291 764411
8646 17292 1000000
8646 17293 564013
8647 17294 145
8647 17295 665299
8648 17296 1000000
8648 17297 481
8649 17298 148590
8649 17299 609
8650 17300 1000000
8650 17301 1000000
8651 17302 102
8651 17303 74533
8652 17304 903084
8652 17305 986615
8653 17306 404
8653 17307 83
8654 17308 810928
8654 17309 901213
8655 17310 994239
8655 17311 845
8656 17312 1000000
8656 17313 795
8657 17314 244184
8657 17315 530199
8658 17316 909414
8658 17317 1000000
8659 17318 990176
8659 17319 938370
8660 17320 979632
8660 17321 188
8661 17322 908966
8661 17323 964981
8662 17324 513553
8662 17325 1
8663 17326 560701
8663 17327 988747
8664 17328 469009
8664 17329 398978
8665 17330 134842
8665 17331 415563
8666 17332 738636
8666 17333 1000000
8667 17334 948424
8667 17335 928470
8668 17336 734196
8668 17337 255
8669 17338 863044
8669 17339 1000000
8670 17340 1000000
8670 17341 633720
8671 17342 987639
8671 17343 274114
8672 17344 475287
8672 17345 975616
8673 17346 984602
8673 17347 408142
8674 17348 934808
8674 17349 931758
8675 17350 46672
8675 17351 340308
8676 17352 951854
8676 17353 425795
8677 17354 264
8677 17355 914823
8678 17356 1000000
8678 17357 982726
8679 17358 908856
8679 17359 975094
8680 17360 974578
8680 17361 1000000
8681 17362 903700
8681 17363 917471
8682 17364 669
8682 17365 589
8683 17366 1000000
8683 17367 484311
8684 17368 970260
8684 17369 736
8685 17370 142
8685 17371 490095
8686 17372 931455
8686 17373 1000000
8687 17374 974508
8687 17375 27367
8688 17376 1000000
8688 17377 259
8689 17378 697
8689 17379 316594
8690 17380 1
8690 17381 951582
8691 17382 278
8691 17383 662
8692 17384 319602
8692 17385 488
8693 17386 1000000
8693 17387 350761
8694 17388 981049
8694 17389 70
8695 17390 953724
8695 17391 672803
8696 17392 925165
8696 17393 243
8697 17394 1000000
8697 17395 989665
8698 17396 968326
8698 17397 955790
8699 17398 169215
8699 17399 1000000
8700 17400 1
8700 17401 1
8701 17402 925578
8701 17403 60537
8702 17404 992
8702 17405 319836
8703 17406 479062
8703 17407 856667
8704 17408 115887
8704 17409 331
8705 17410 16994
8705 17411 283
8706 17412 958862
8706 17413 956215
8707 17414 473
8707 17415 711881
8708 17416 994866
8708 17417 853546
8709 17418 230
8709 17419 914892
8710 17420 920014
8710 17421 382944
8711 17422 923776
8711 17423 977244
8712 17424 953582
8712 17425 923157
8713 17426 994256
8713 17427 951016
8714 17428 958067
8714 17429 963933
8715 17430 1000000
8715 17431 923672
8716 17432 812381
8716 17433 782
8717 17434 975270
8717 17435 663590
8718 17436 793699
8718 17437 511
8719 17438 686035
8719 17439 732525
8720 17440 119374
8720 17441 779
8721 17442 170655
8721 17443 221
8722 17444 1
8722 17445 143649
8723 17446 211170
8723 17447 1000000
8724 17448 1000000
8724 17449 1000000
8725 17450 818530
8725 17451 449800
8726 17452 937121
8726 17453 258827
8727 17454 154315
8727 17455 1000000
8728 17456 916029
8728 17457 685033
8729 17458 49
8729 17459 1
8730 17460 617063
8730 17461 101047
8731 17462 121804
8731 17463 1000000
8732 17464 1
8732 17465 819196
8733 17466 917468
8733 17467 998555
8734 17468 926260
8734 17469 911752
8735 17470 169
8735 17471 962525
8736 17472 540502
8736 17473 947666
8737 17474 246768
8737 17475 913744
8738 17476 952161
8738 17477 885951
8739 17478 198163
8739 17479 947563
8740 17480 969025
8740 17481 951621
8741 17482 205747
8741 17483 678
8742 17484 312939
8742 17485 946191
8743 17486 922255
8743 17487 974008
8744 17488 949965
8744 17489 654
8745 17490 931279
8745 17491 385733
8746 17492 1000000
8746 17493 979557
8747 17494 676234
8747 17495 1000000
8748 17496 136809
8748 17497 577988
8749 17498 1000000
8749 17499 941
8750 17500 1
8750 17501 975121
8751 17502 954706
8751 17503 301
8752 17504 973762
8752 17505 990670
8753 17506 378180
8753 17507 277
8754 17508 301
8754 17509 956640
8755 17510 1000000
8755 17511 960791
8756 17512 461121
8756 17513 933209
8757 17514 1000000
8757 17515 985568
8758 17516 929560
8758 17517 915
8759 17518 13120
8759 17519 863224
8760 17520 851
8760 17521 1000000
8761 17522 939
8761 17523 604030
8762 17524 303584
8762 17525 114537
8763 17526 975049
8763 17527 579324
8764 17528 253070
8764 17529 638449
8765 17530 473917
8765 17531 735888
8766 17532 921798
8766 17533 774544
8767 17534 929677
8767 17535 874878
8768 17536 280
8768 17537 916697
8769 17538 212508
8769 17539 915191
8770 17540 482848
8770 17541 190167
8771 17542 968510
8771 17543 1
8772 17544 600587
8772 17545 332956
8773 17546 666021
8773 17547 1000000
8774 17548 908
8774 17549 1
8775 17550 949007
8775 17551 445976
8776 17552 374
8776 17553 201262
8777 17554 938057
8777 17555 796
8778 17556 270
8778 17557 1000000
8779 17558 267125
8779 17559 562
8780 17560 778
8780 17561 907076
8781 17562 784816
8781 17563 954702
8782 17564 1000000
8782 17565 1037
8783 17566 967875
8783 17567 253169
8784 17568 322
8784 17569 287
8785 17570 334
8785 17571 950
8786 17572 930760
8786 17573 904470
8787 17574 129
8787 17575 987244
8788 17576 277
8788 17577 603262
8789 17578 906737
8789 17579 902740
8790 17580 994744
8790 17581 71
8791 17582 706096
8791 17583 946377
8792 17584 918021
8792 17585 990162
8793 17586 965682
8793 17587 940712
8794 17588 771
8794 17589 1000000
8795 17590 779007
8795 17591 1
8796 17592 637643
8796 17593 995292
8797 17594 929574
8797 17595 322
8798 17596 943333
8798 17597 915993
8799 17598 300232
8799 17599 307278
8800 17600 984426
8800 17601 62
8801 17602 658359
8801 17603 917238
8802 17604 1
8802 17605 913400
8803 17606 549633
8803 17607 501817
8804 17608 38
8804 17609 1000000
8805 17610 960512
8805 17611 1000000
8806 17612 939494
8806 17613 393902
8807 17614 7012
8807 17615 85465
8808 17616 442
8808 17617 714681
8809 17618 60
8809 17619 1000000
8810 17620 477471
8810 17621 254
8811 17622 217257
8811 17623 629
8812 17624 993522
8812 17625 1000000
8813 17626 898
8813 17627 164
8814 17628 393
8814 17629 913533
8815 17630 538
8815 17631 1000000
8816 17632 998226
8816 17633 841379
8817 17634 1
8817 17635 1
8818 17636 942019
8818 17637 961057
8819 17638 1000000
8819 17639 765
8820 17640 397474
8820 17641 142
8821 17642 170
8821 17643 1000000
8822 17644 990860
8822 17645 1000000
8823 17646 999452
8823 17647 846594
8824 17648 829
8824 17649 140
8825 17650 1000000
8825 17651 1000000
8826 17652 279224
8826 17653 997601
8827 17654 990536
8827 17655 943220
8828 17656 1000000
8828 17657 262636
8829 17658 355388
8829 17659 965287
8830 17660 416677
8830 17661 611560
8831 17662 703926
8831 17663 52456
8832 17664 767
8832 17665 914883
8833 17666 815
8833 17667 1000000
8834 17668 301
8834 17669 226947
8835 17670 1000000
8835 17671 874
8836 17672 1000000
8836 17673 1
8837 17674 709
8837 17675 729
8838 17676 365680
8838 17677 984847
8839 17678 233443
8839 17679 877
8840 17680 4618
8840 17681 966387
8841 17682 959283
8841 17683 592
8842 17684 911640
8842 17685 981
8843 17686 1000000
8843 17687 893934
8844 17688 612196
8844 17689 995343
8845 17690 417
8845 17691 351
8846 17692 417823
8846 17693 577
8847 17694 1000000
8847 17695 471177
8848 17696 1000000
8848 17697 994553
8849 17698 431
8849 17699 948
8850 17700 999055
8850 17701 285
8851 17702 184
8851 17703 964
8852 17704 139571
8852 17705 1000000
8853 17706 51
8853 17707 598235
8854 17708 1
8854 17709 537
8855 17710 1000000
8855 17711 747095
8856 17712 920905
8856 17713 1000000
8857 17714 1000000
8857 17715 616917
8858 17716 385708
8858 17717 813
8859 17718 614
8859 17719 180
8860 17720 963499
8860 17721 950788
8861 17722 654
8861 17723 1
8862 17724 940549
8862 17725 489833
8863 17726 905
8863 17727 26
8864 17728 1
8864 17729 940768
8865 17730 775
8865 17731 941642
8866 17732 544223
8866 17733 1000000
8867 17734 258
8867 17735 1
8868 17736 475728
8868 17737 943050
8869 17738 905685
8869 17739 1
8870 17740 479425
8870 17741 1000000
8871 17742 983099
8871 17743 957471
8872 17744 952109
8872 17745 253270
8873 17746 606384
8873 17747 202
8874 17748 1000000
8874 17749 39
8875 17750 1000000
8875 17751 499557
8876 17752 227289
8876 17753 547055
8877 17754 372999
8877 17755 1000000
8878 17756 1000000
8878 17757 941246
8879 17758 978212
8879 17759 949321
8880 17760 973320
8880 17761 830
8881 17762 645985
8881 17763 1000000
8882 17764 67808
8882 17765 1000000
8883 17766 960018
8883 17767 969335
8884 17768 308300
8884 17769 1000000
8885 17770 984645
8885 17771 1000000
8886 17772 1000000
8886 17773 983974
8887 17774 905903
8887 17775 931498
8888 17776 997800
8888 17777 518
8889 17778 992300
8889 17779 889
8890 17780 939758
8890 17781 1000000
8891 17782 446
8891 17783 256406
8892 17784 983006
8892 17785 951
8893 17786 142102
8893 17787 995880
8894 17788 916546
8894 17789 445
8895 17790 894735
8895 17791 1000000
8896 17792 115279
8896 17793 926890
8897 17794 464006
8897 17795 770262
8898 17796 911709
8898 17797 655
8899 17798 993536
8899 17799 241421
8900 17800 1000000
8900 17801 915331
8901 17802 231
8901 17803 715733
8902 17804 596412
8902 17805 903486
8903 17806 991591
8903 17807 1000000
8904 17808 1000000
8904 17809 985981
8905 17810 1000000
8905 17811 888
8906 17812 997970
8906 17813 587279
8907 17814 921876
8907 17815 976354
8908 17816 976190
8908 17817 996822
8909 17818 979002
8909 17819 722812
8910 17820 146008
8910 17821 968488
8911 17822 924212
8911 17823 585251
8912 17824 242
8912 17825 685
8913 17826 212
8913 17827 1000000
8914 17828 972048
8914 17829 955866
8915 17830 902397
8915 17831 900950
8916 17832 987218
8916 17833 1000000
8917 17834 972350
8917 17835 981
8918 17836 368
8918 17837 283
8919 17838 1000000
8919 17839 362915
8920 17840 924817
8920 17841 981816
8921 17842 572
8921 17843 349338
8922 17844 933807
8922 17845 959118
8923 17846 228903
8923 17847 1000000
8924 17848 23727
8924 17849 82190
8925 17850 216
8925 17851 945643
8926 17852 44662
8926 17853 349
8927 17854 417406
8927 17855 941015
8928 17856 283
8928 17857 922595
8929 17858 798305
8929 17859 129642
8930 17860 962134
8930 17861 1000000
8931 17862 1000000
8931 17863 943048
8932 17864 80984
8932 17865 887
8933 17866 978921
8933 17867 903681
8934 17868 419
8934 17869 951240
8935 17870 1000000
8935 17871 1
8936 17872 820121
8936 17873 971829
8937 17874 139
8937 17875 36377
8938 17876 916932
8938 17877 914044
8939 17878 975206
8939 17879 634331
8940 17880 1000000
8940 17881 485257
8941 17882 405
8941 17883 1
8942 17884 840
8942 17885 667
8943 17886 754
8943 17887 911647
8944 17888 906
8944 17889 1000000
8945 17890 969323
8945 17891 990677
8946 17892 380
8946 17893 264083
8947 17894 961065
8947 17895 968891
8948 17896 903668
8948 17897 980513
8949 17898 1000000
8949 17899 250827
8950 17900 950371
8950 17901 338
8951 17902 564
8951 17903 86
8952 17904 210938
8952 17905 994776
8953 17906 19037
8953 17907 947513
8954 17908 965706
8954 17909 972564
8955 17910 1000000
8955 17911 751502
8956 17912 1
8956 17913 910611
8957 17914 1
8957 17915 904205
8958 17916 453
8958 17917 909980
8959 17918 494
8959 17919 1000000
8960 17920 146785
8960 17921 921705
8961 17922 958
8961 17923 298
8962 17924 902949
8962 17925 982247
8963 17926 809
8963 17927 655
8964 17928 686394
8964 17929 244758
8965 17930 1000000
8965 17931 1000000
8966 17932 1
8966 17933 278324
8967 17934 929027
8967 17935 449
8968 17936 754304
8968 17937 822377
8969 17938 46
8969 17939 912107
8970 17940 978140
8970 17941 339067
8971 17942 44579
8971 17943 171
8972 17944 939949
8972 17945 970
8973 17946 1000000
8973 17947 303980
8974 17948 905
8974 17949 604389
8975 17950 606
8975 17951 619
8976 17952 746807
8976 17953 933833
8977 17954 947
8977 17955 981914
8978 17956 214024
8978 17957 299104
8979 17958 1000000
8979 17959 48
8980 17960 93653
8980 17961 1000000
8981 17962 914531
8981 17963 1
8982 17964 818374
8982 17965 900393
8983 17966 177
8983 17967 922537
8984 17968 970199
8984 17969 948
8985 17970 940533
8985 17971 75146
8986 17972 983412
8986 17973 392564
8987 17974 910616
8987 17975 992104
8988 17976 197994
8988 17977 807
8989 17978 939284
8989 17979 301001
8990 17980 971731
8990 17981 1
8991 17982 159441
8991 17983 931
8992 17984 1000000
8992 17985 17032
8993 17986 953773
8993 17987 951003
8994 17988 904192
8994 17989 914177
8995 17990 443517
8995 17991 467936
8996 17992 885544
8996 17993 510200
8997 17994 208336
8997 17995 1000000
8998 17996 940982
8998 17997 200029
8999 17998 1
8999 17999 241
9000 18000 982163
9000 18001 1000000
9001 18002 966330
9001 18003 994735
9002 18004 919093
9002 18005 50885
9003 18006 134
9003 18007 965924
9004 18008 744391
9004 18009 953174
9005 18010 990181
9005 18011 539
9006 18012 822
9006 18013 694
9007 18014 936177
9007 18015 726974
9008 18016 940252
9008 18017 931203
9009 18018 909561
9009 18019 830751
9010 18020 397377
9010 18021 1000000
9011 18022 24522
9011 18023 902805
9012 18024 58
9012 18025 972276
9013 18026 169371
9013 18027 971013
9014 18028 1000000
9014 18029 1
9015 18030 979928
9015 18031 84342
9016 18032 935439
9016 18033 1000000
9017 18034 1
9017 18035 260403
9018 18036 920372
9018 18037 564226
9019 18038 165
9019 18039 921189
9020 18040 99
9020 18041 989718
9021 18042 914354
9021 18043 793091
9022 18044 1000000
9022 18045 978450
9023 18046 835716
9023 18047 193611
9024 18048 996120
9024 18049 1000000
9025 18050 1000000
9025 18051 357
9026 18052 963391
9026 18053 987183
9027 18054 1000000
9027 18055 881095
9028 18056 420
9028 18057 565991
9029 18058 783242
9029 18059 1000000
9030 18060 281
9030 18061 1000000
9031 18062 944205
9031 18063 941345
9032 18064 1
9032 18065 681
9033 18066 98559
9033 18067 968370
9034 18068 782886
9034 18069 389409
9035 18070 85
9035 18071 441
9036 18072 931610
9036 18073 721
9037 18074 969292
9037 18075 973499
9038 18076 365437
9038 18077 901728
9039 18078 576526
9039 18079 982606
9040 18080 462079
9040 18081 1
9041 18082 969823
9041 18083 311
9042 18084 425974
9042 18085 699
9043 18086 404200
9043 18087 285
9044 18088 369956
9044 18089 1000000
9045 18090 1000000
9045 18091 936026
9046 18092 361135
9046 18093 610
9047 18094 21478
9047 18095 664
9048 18096 406
9048 18097 626518
9049 18098 960050
9049 18099 914565
9050 18100 1
9050 18101 1000000
9051 18102 934322
9051 18103 934932
9052 18104 988682
9052 18105 13
9053 18106 853
9053 18107 911934
9054 18108 985012
9054 18109 1000000
9055 18110 4130
9055 18111 995421
9056 18112 1000000
9056 18113 391962
9057 18114 936103
9057 18115 71870
9058 18116 694270
9058 18117 931
9059 18118 945084
9059 18119 885338
9060 18120 241169
9060 18121 593
9061 18122 1
9061 18123 923718
9062 18124 729015
9062 18125 1000000
9063 18126 644336
9063 18127 998141
9064 18128 870
9064 18129 932867
9065 18130 998141
9065 18131 935474
9066 18132 951580
9066 18133 390651
9067 18134 28
9067 18135 476879
9068 18136 533853
9068 18137 958215
9069 18138 936
9069 18139 442107
9070 18140 12200
9070 18141 881690
9071 18142 922444
9071 18143 8341
9072 18144 963380
9072 18145 780072
9073 18146 901
9073 18147 405
9074 18148 837
9074 18149 1000000
9075 18150 1000000
9075 18151 575011
9076 18152 964
9076 18153 971081
9077 18154 1
9077 18155 1000000
9078 18156 77167
9078 18157 570857
9079 18158 603846
9079 18159 935793
9080 18160 1000000
9080 18161 724727
9081 18162 930288
9081 18163 923981
9082 18164 835282
9082 18165 1000000
9083 18166 936049
9083 18167 528693
9084 18168 958570
9084 18169 1000000
9085 18170 676864
9085 18171 558859
9086 18172 541937
9086 18173 387
9087 18174 211718
9087 18175 428202
9088 18176 921201
9088 18177 194
9089 18178 934423
9089 18179 947372
9090 18180 790022
9090 18181 956090
9091 18182 1000000
9091 18183 1000000
9092 18184 848346
9092 18185 942612
9093 18186 753061
9093 18187 1
9094 18188 912911
9094 18189 944826
9095 18190 1000000
9095 18191 728015
9096 18192 123
9096 18193 915841
9097 18194 566038
9097 18195 355567
9098 18196 457
9098 18197 195507
9099 18198 1000000
9099 18199 901398
9100 18200 806
9100 18201 954187
9101 18202 963959
9101 18203 987452
9102 18204 677022
9102 18205 986
9103 18206 1000000
9103 18207 911357
9104 18208 97475
9104 18209 904681
9105 18210 950736
9105 18211 1000000
9106 18212 207011
9106 18213 308085
9107 18214 621575
9107 18215 451
9108 18216 373115
9108 18217 805030
9109 18218 229658
9109 18219 326016
9110 18220 1000000
9110 18221 973678
9111 18222 1000000
9111 18223 306642
9112 18224 201207
9112 18225 293
9113 18226 946
9113 18227 270
9114 18228 547
9114 18229 936305
9115 18230 1
9115 18231 655471
9116 18232 981223
9116 18233 649
9117 18234 969261
9117 18235 531703
9118 18236 955894
9118 18237 397674
9119 18238 480317
9119 18239 991693
9120 18240 690
9120 18241 470963
9121 18242 949139
9121 18243 913528
9122 18244 925
9122 18245 936845
9123 18246 858865
9123 18247 911372
9124 18248 316
9124 18249 964951
9125 18250 657
9125 18251 31140
9126 18252 500249
9126 18253 226254
9127 18254 988455
9127 18255 685210
9128 18256 920350
9128 18257 608207
9129 18258 1000000
9129 18259 258
9130 18260 1000000
9130 18261 264925
9131 18262 921052
9131 18263 986108
9132 18264 921238
9132 18265 916739
9133 18266 470
9133 18267 969823
9134 18268 919
9134 18269 926953
9135 18270 907359
9135 18271 5
9136 18272 1000000
9136 18273 428
9137 18274 950317
9137 18275 229357
9138 18276 934736
9138 18277 782164
9139 18278 1000000
9139 18279 753
9140 18280 77
9140 18281 611
9141 18282 472861
9141 18283 1000000
9142 18284 76980
9142 18285 801625
9143 18286 981644
9143 18287 592
9144 18288 483
9144 18289 935
9145 18290 416027
9145 18291 539192
9146 18292 444
9146 18293 918630
9147 18294 267418
9147 18295 1
9148 18296 949719
9148 18297 411
9149 18298 139
9149 18299 1
9150 18300 984341
9150 18301 828859
9151 18302 968712
9151 18303 964819
9152 18304 855
9152 18305 901954
9153 18306 951223
9153 18307 747743
9154 18308 585406
9154 18309 1000000
9155 18310 1
9155 18311 957344
9156 18312 922913
9156 18313 918462
9157 18314 689
9157 18315 1000000
9158 18316 983563
9158 18317 120895
9159 18318 421815
9159 18319 772
9160 18320 985142
9160 18321 950101
9161 18322 670926
9161 18323 214158
9162 18324 1000000
9162 18325 289
9163 18326 543816
9163 18327 1000000
9164 18328 978262
9164 18329 754152
9165 18330 975791
9165 18331 270
9166 18332 329798
9166 18333 582
9167 18334 1000000
9167 18335 85021
9168 18336 322669
9168 18337 1
9169 18338 781911
9169 18339 168
9170 18340 871235
9170 18341 675
9171 18342 582662
9171 18343 326289
9172 18344 987871
9172 18345 266172
9173 18346 163780
9173 18347 85514
9174 18348 359
9174 18349 972
9175 18350 994506
9175 18351 193738
9176 18352 791
9176 18353 1000000
9177 18354 971460
9177 18355 954866
9178 18356 86
9178 18357 1000000
9179 18358 954962
9179 18359 835238
9180 18360 868677
9180 18361 998
9181 18362 376888
9181 18363 902115
9182 18364 229
9182 18365 960043
9183 18366 552
9183 18367 809489
9184 18368 536263
9184 18369 901542
9185 18370 587
9185 18371 840416
9186 18372 920934
9186 18373 1000000
9187 18374 691
9187 18375 917060
9188 18376 968246
9188 18377 443
9189 18378 6006
9189 18379 996217
9190 18380 917581
9190 18381 926141
9191 18382 733786
9191 18383 535
9192 18384 468485
9192 18385 323975
9193 18386 953374
9193 18387 898
9194 18388 994177
9194 18389 943267
9195 18390 940112
9195 18391 536054
9196 18392 983131
9196 18393 960189
9197 18394 834
9197 18395 433695
9198 18396 112388
9198 18397 228
9199 18398 819145
9199 18399 983591
9200 18400 1
9200 18401 624703
9201 18402 433
9201 18403 937963
9202 18404 944681
9202 18405 593396
9203 18406 940000
9203 18407 527
9204 18408 823
9204 18409 821
9205 18410 428471
9205 18411 971891
9206 18412 223974
9206 18413 470266
9207 18414 48478
9207 18415 853604
9208 18416 231850
9208 18417 973866
9209 18418 512253
9209 18419 908786
9210 18420 1000000
9210 18421 993465
9211 18422 964664
9211 18423 686699
9212 18424 5851
9212 18425 968
9213 18426 772
9213 18427 1000000
9214 18428 957044
9214 18429 973
9215 18430 960803
9215 18431 908387
9216 18432 858
9216 18433 961829
9217 18434 986362
9217 18435 202533
9218 18436 930
9218 18437 944284
9219 18438 1000000
9219 18439 460363
9220 18440 976942
9220 18441 461
9221 18442 868
9221 18443 958698
9222 18444 1
9222 18445 661147
9223 18446 975811
9223 18447 135098
9224 18448 616898
9224 18449 939
9225 18450 473283
9225 18451 1000000
9226 18452 920149
9226 18453 997705
9227 18454 232
9227 18455 574290
9228 18456 1
9228 18457 733
9229 18458 868238
9229 18459 944
9230 18460 969
9230 18461 741034
9231 18462 671626
9231 18463 973620
9232 18464 470
9232 18465 885994
9233 18466 68845
9233 18467 902769
9234 18468 968025
9234 18469 1000000
9235 18470 967197
9235 18471 710613
9236 18472 921
9236 18473 913936
9237 18474 258635
9237 18475 942220
9238 18476 922198
9238 18477 956203
9239 18478 957771
9239 18479 466753
9240 18480 1000000
9240 18481 54248
9241 18482 999141
9241 18483 1
9242 18484 1000000
9242 18485 508704
9243 18486 292
9243 18487 26220
9244 18488 784831
9244 18489 980456
9245 18490 1000000
9245 18491 983787
9246 18492 540145
9246 18493 913660
9247 18494 949694
9247 18495 1
9248 18496 943
9248 18497 788808
9249 18498 1
9249 18499 742566
9250 18500 907246
9250 18501 1000000
9251 18502 972899
9251 18503 781
9252 18504 332
9252 18505 911968
9253 18506 914066
9253 18507 499482
9254 18508 494
9254 18509 7358
9255 18510 667549
9255 18511 413
9256 18512 261975
9256 18513 1000000
9257 18514 334
9257 18515 989898
9258 18516 967266
9258 18517 732203
9259 18518 136771
9259 18519 345074
9260 18520 67
9260 18521 871142
9261 18522 961477
9261 18523 1000000
9262 18524 908708
9262 18525 560138
9263 18526 911887
9263 18527 1
9264 18528 1000000
9264 18529 454072
9265 18530 817172
9265 18531 602
9266 18532 997251
9266 18533 296
9267 18534 1000000
9267 18535 789625
9268 18536 740
9268 18537 510556
9269 18538 1000000
9269 18539 991915
9270 18540 364734
9270 18541 994311
9271 18542 956718
9271 18543 350034
9272 18544 943349
9272 18545 1
9273 18546 1000000
9273 18547 900562
9274 18548 1000000
9274 18549 281
9275 18550 800505
9275 18551 532433
9276 18552 652059
9276 18553 304
9277 18554 421691
9277 18555 391
9278 18556 400
9278 18557 928
9279 18558 1
9279 18559 400578
9280 18560 1000000
9280 18561 1000000
9281 18562 787193
9281 18563 904777
9282 18564 1
9282 18565 948658
9283 18566 580920
9283 18567 189
9284 18568 833498
9284 18569 156793
9285 18570 39796
9285 18571 269824
9286 18572 1000000
9286 18573 730650
9287 18574 681195
9287 18575 551156
9288 18576 1
9288 18577 744025
9289 18578 783696
9289 18579 918136
9290 18580 932
9290 18581 454344
9291 18582 623
9291 18583 956352
9292 18584 798354
9292 18585 594
9293 18586 650555
9293 18587 770384
9294 18588 1000000
9294 18589 983876
9295 18590 662604
9295 18591 823784
9296 18592 902389
9296 18593 946861
9297 18594 921317
9297 18595 991237
9298 18596 726550
9298 18597 1000000
9299 18598 913575
9299 18599 948776
9300 18600 942665
9300 18601 1000000
9301 18602 65859
9301 18603 150911
9302 18604 979960
9302 18605 699739
9303 18606 292703
9303 18607 695733
9304 18608 665343
9304 18609 967100
9305 18610 935545
9305 18611 740
9306 18612 1000000
9306 18613 976951
9307 18614 734
9307 18615 968432
9308 18616 594117
9308 18617 927454
9309 18618 1
9309 18619 275586
9310 18620 38
9310 18621 101
9311 18622 825
9311 18623 952793
9312 18624 999305
9312 18625 957373
9313 18626 100316
9313 18627 987097
9314 18628 947199
9314 18629 910001
9315 18630 958964
9315 18631 925052
9316 18632 956252
9316 18633 933716
9317 18634 798
9317 18635 715368
9318 18636 979659
9318 18637 1000000
9319 18638 977
9319 18639 714
9320 18640 607447
9320 18641 995230
9321 18642 41357
9321 18643 463124
9322 18644 976494
9322 18645 997874
9323 18646 817300
9323 18647 965197
9324 18648 541
9324 18649 942878
9325 18650 1000000
9325 18651 80021
9326 18652 1000000
9326 18653 315
9327 18654 770
9327 18655 979461
9328 18656 579908
9328 18657 122
9329 18658 922690
9329 18659 896767
9330 18660 347775
9330 18661 828
9331 18662 987845
9331 18663 563846
9332 18664 1
9332 18665 9158
9333 18666 949997
9333 18667 969633
9334 18668 888265
9334 18669 963515
9335 18670 971750
9335 18671 348281
9336 18672 979197
9336 18673 909
9337 18674 923215
9337 18675 656547
9338 18676 791002
9338 18677 938
9339 18678 504
9339 18679 971906
9340 18680 986157
9340 18681 953499
9341 18682 965153
9341 18683 1000000
9342 18684 452476
9342 18685 915268
9343 18686 957198
9343 18687 449237
9344 18688 1
9344 18689 836601
9345 18690 989606
9345 18691 869945
9346 18692 270607
9346 18693 1
9347 18694 309
9347 18695 789
9348 18696 1000000
9348 18697 909454
9349 18698 240187
9349 18699 1
9350 18700 230413
9350 18701 979872
9351 18702 1000000
9351 18703 500359
9352 18704 236
9352 18705 1
9353 18706 830
9353 18707 318673
9354 18708 967854
9354 18709 74252
9355 18710 888
9355 18711 543006
9356 18712 1000000
9356 18713 508673
9357 18714 139812
9357 18715 101
9358 18716 932424
9358 18717 599680
9359 18718 964224
9359 18719 993
9360 18720 738983
9360 18721 539841
9361 18722 266364
9361 18723 281570
9362 18724 1000000
9362 18725 940049
9363 18726 928306
9363 18727 18
9364 18728 872419
9364 18729 189
9365 18730 469
9365 18731 984846
9366 18732 700
9366 18733 1
9367 18734 1000000
9367 18735 281684
9368 18736 730742
9368 18737 708573
9369 18738 926034
9369 18739 980480
9370 18740 1000000
9370 18741 825
9371 18742 1
9371 18743 1000000
9372 18744 1
9372 18745 856
9373 18746 1
9373 18747 1000000
9374 18748 989437
9374 18749 973786
9375 18750 989799
9375 18751 247422
9376 18752 1000000
9376 18753 1
9377 18754 534701
9377 18755 8
9378 18756 1000000
9378 18757 1
9379 18758 696003
9379 18759 961832
9380 18760 519326
9380 18761 964
9381 18762 394632
9381 18763 310
9382 18764 1
9382 18765 975627
9383 18766 961612
9383 18767 572511
9384 18768 910501
9384 18769 216
9385 18770 990
9385 18771 929515
9386 18772 316808
9386 18773 537
9387 18774 780267
9387 18775 966976
9388 18776 824788
9388 18777 18855
9389 18778 660654
9389 18779 387143
9390 18780 575625
9390 18781 714700
9391 18782 1000000
9391 18783 313
9392 18784 718339
9392 18785 228501
9393 18786 1000000
9393 18787 608353
9394 18788 626212
9394 18789 1000000
9395 18790 943478
9395 18791 558130
9396 18792 741
9396 18793 1000000
9397 18794 921
9397 18795 1
9398 18796 61761
9398 18797 1
9399 18798 996049
9399 18799 936126
9400 18800 672948
9400 18801 912716
9401 18802 139177
9401 18803 978696
9402 18804 299223
9402 18805 217
9403 18806 49114
9403 18807 608
9404 18808 231589
9404 18809 966010
9405 18810 155
9405 18811 1000000
9406 18812 947
9406 18813 928049
9407 18814 912910
9407 18815 1000000
9408 18816 970521
9408 18817 903853
9409 18818 1
9409 18819 931095
9410 18820 984834
9410 18821 912177
9411 18822 392
9411 18823 298120
9412 18824 176744
9412 18825 855
9413 18826 638935
9413 18827 303
9414 18828 708365
9414 18829 905041
9415 18830 921390
9415 18831 488098
9416 18832 1000000
9416 18833 70652
9417 18834 1
9417 18835 511667
9418 18836 1
9418 18837 77
9419 18838 1000000
9419 18839 13517
9420 18840 1
9420 18841 915327
9421 18842 563519
9421 18843 949300
9422 18844 992257
9422 18845 929756
9423 18846 964287
9423 18847 1000000
9424 18848 885
9424 18849 382
9425 18850 972444
9425 18851 681233
9426 18852 292
9426 18853 921121
9427 18854 974495
9427 18855 111028
9428 18856 954222
9428 18857 983435
9429 18858 923593
9429 18859 994161
9430 18860 984277
9430 18861 462
9431 18862 449
9431 18863 732902
9432 18864 935591
9432 18865 911498
9433 18866 272
9433 18867 275252
9434 18868 546090
9434 18869 943858
9435 18870 741
9435 18871 134966
9436 18872 574174
9436 18873 402749
9437 18874 975756
9437 18875 876454
9438 18876 1000000
9438 18877 920896
9439 18878 921815
9439 18879 21
9440 18880 913120
9440 18881 170
9441 18882 1
9441 18883 912966
9442 18884 962984
9442 18885 1000000
9443 18886 982750
9443 18887 958087
9444 18888 884
9444 18889 987354
9445 18890 11087
9445 18891 685
9446 18892 904101
9446 18893 1000000
9447 18894 921288
9447 18895 33
9448 18896 373
9448 18897 960081
9449 18898 1000000
9449 18899 941810
9450 18900 1000000
9450 18901 952610
9451 18902 998945
9451 18903 977273
9452 18904 166
9452 18905 823
9453 18906 331053
9453 18907 954340
9454 18908 682086
9454 18909 977637
9455 18910 964433
9455 18911 696163
9456 18912 991135
9456 18913 984256
9457 18914 999628
9457 18915 907253
9458 18916 945716
9458 18917 147041
9459 18918 924184
9459 18919 1000000
9460 18920 198
9460 18921 917504
9461 18922 986714
9461 18923 571139
9462 18924 1000000
9462 18925 395
9463 18926 939093
9463 18927 621
9464 18928 328021
9464 18929 955299
9465 18930 366
9465 18931 933246
9466 18932 907422
9466 18933 936515
9467 18934 910171
9467 18935 936895
9468 18936 990875
9468 18937 889
9469 18938 951323
9469 18939 968719
9470 18940 918551
9470 18941 966838
9471 18942 528
9471 18943 112
9472 18944 891287
9472 18945 940400
9473 18946 1000000
9473 18947 639202
9474 18948 506089
9474 18949 466
9475 18950 901651
9475 18951 98774
9476 18952 919
9476 18953 1
9477 18954 224
9477 18955 969121
9478 18956 207919
9478 18957 904749
9479 18958 125209
9479 18959 659017
9480 18960 925685
9480 18961 700
9481 18962 487
9481 18963 914080
9482 18964 1000000
9482 18965 750
9483 18966 974312
9483 18967 1
9484 18968 740464
9484 18969 626800
9485 18970 1000000
9485 18971 993239
9486 18972 967017
9486 18973 499590
9487 18974 367819
9487 18975 515877
9488 18976 479937
9488 18977 364354
9489 18978 1000000
9489 18979 615
9490 18980 1000000
9490 18981 932740
9491 18982 909288
9491 18983 923972
9492 18984 334
9492 18985 970156
9493 18986 664
9493 18987 79
9494 18988 906134
9494 18989 923908
9495 18990 438634
9495 18991 998599
9496 18992 959692
9496 18993 246
9497 18994 546185
9497 18995 994
9498 18996 986691
9498 18997 952269
9499 18998 1000000
9499 18999 896258
9500 19000 972741
9500 19001 637818
9501 19002 7
9501 19003 976
9502 19004 190075
9502 19005 978794
9503 19006 12321
9503 19007 954894
9504 19008 999907
9504 19009 783
9505 19010 294
9505 19011 968260
9506 19012 955340
9506 19013 951852
9507 19014 539611
9507 19015 106
9508 19016 208
9508 19017 229
9509 19018 990468
9509 19019 999184
9510 19020 860662
9510 19021 930334
9511 19022 971
9511 19023 1
9512 19024 157991
9512 19025 447407
9513 19026 990379
9513 19027 991606
9514 19028 95
9514 19029 125
9515 19030 923901
9515 19031 1
9516 19032 1
9516 19033 815
9517 19034 200710
9517 19035 1
9518 19036 988065
9518 19037 227145
9519 19038 73069
9519 19039 985085
9520 19040 1000000
9520 19041 914899
9521 19042 937530
9521 19043 226
9522 19044 937522
9522 19045 486
9523 19046 151866
9523 19047 992560
9524 19048 1
9524 19049 978082
9525 19050 694304
9525 19051 176840
9526 19052 923300
9526 19053 911396
9527 19054 586
9527 19055 502448
9528 19056 967574
9528 19057 1000000
9529 19058 1
9529 19059 1000000
9530 19060 663
9530 19061 349
9531 19062 229135
9531 19063 1000000
9532 19064 1000000
9532 19065 593203
9533 19066 376019
9533 19067 810
9534 19068 216
9534 19069 403
9535 19070 1000000
9535 19071 547481
9536 19072 969874
9536 19073 322
9537 19074 1000000
9537 19075 943
9538 19076 756
9538 19077 952517
9539 19078 852
9539 19079 352
9540 19080 1000000
9540 19081 991226
9541 19082 514245
9541 19083 1000000
9542 19084 969784
9542 19085 533587
9543 19086 762255
9543 19087 929980
9544 19088 914805
9544 19089 833
9545 19090 916911
9545 19091 827
9546 19092 947094
9546 19093 1000000
9547 19094 738
9547 19095 21513
9548 19096 50
9548 19097 402
9549 19098 976213
9549 19099 919717
9550 19100 131360
9550 19101 965540
9551 19102 938520
9551 19103 1000000
9552 19104 862115
9552 19105 972
9553 19106 235542
9553 19107 1000000
9554 19108 954165
9554 19109 750765
9555 19110 678496
9555 19111 349
9556 19112 1
9556 19113 931565
9557 19114 958183
9557 19115 474452
9558 19116 669858
9558 19117 968807
9559 19118 631286
9559 19119 81314
9560 19120 949460
9560 19121 841
9561 19122 204
9561 19123 312951
9562 19124 957210
9562 19125 14
9563 19126 50110
9563 19127 752268
9564 19128 458302
9564 19129 956546
9565 19130 506856
9565 19131 677
9566 19132 920656
9566 19133 68
9567 19134 436214
9567 19135 565
9568 19136 904278
9568 19137 276231
9569 19138 996593
9569 19139 754456
9570 19140 1000000
9570 19141 1
9571 19142 1000000
9571 19143 689963
9572 19144 166094
9572 19145 56823
9573 19146 920709
9573 19147 951477
9574 19148 1
9574 19149 595
9575 19150 1000000
9575 19151 1000000
9576 19152 1000000
9576 19153 378
9577 19154 958816
9577 19155 1000000
9578 19156 611086
9578 19157 126022
9579 19158 433
9579 19159 1
9580 19160 1000000
9580 19161 237
9581 19162 1000000
9581 19163 18501
9582 19164 974645
9582 19165 1000000
9583 19166 948
9583 19167 1
9584 19168 993730
9584 19169 954039
9585 19170 539065
9585 19171 844
9586 19172 35
9586 19173 14
9587 19174 975382
9587 19175 944088
9588 19176 467158
9588 19177 202003
9589 19178 1000000
9589 19179 310
9590 19180 901346
9590 19181 38348
9591 19182 815
9591 19183 950683
9592 19184 263941
9592 19185 502951
9593 19186 1000000
9593 19187 801928
9594 19188 1000000
9594 19189 140
9595 19190 445
9595 19191 929108
9596 19192 445749
9596 19193 208
9597 19194 1000000
9597 19195 171139
9598 19196 980161
9598 19197 914252
9599 19198 845151
9599 19199 583
9600 19200 988862
9600 19201 361
9601 19202 650819
9601 19203 908771
9602 19204 134
9602 19205 1
9603 19206 275591
9603 19207 657
9604 19208 258092
9604 19209 665703
9605 19210 1000000
9605 19211 389733
9606 19212 1000000
9606 19213 901652
9607 19214 1000000
9607 19215 431
9608 19216 923963
9608 19217 930427
9609 19218 926038
9609 19219 162
9610 19220 1
9610 19221 625302
9611 19222 1000000
9611 19223 934839
9612 19224 929628
9612 19225 959105
9613 19226 926708
9613 19227 978920
9614 19228 1000000
9614 19229 1000000
9615 19230 382
9615 19231 121914
9616 19232 1000000
9616 19233 397312
9617 19234 862168
9617 19235 916342
9618 19236 1
9618 19237 984
9619 19238 955812
9619 19239 927203
9620 19240 394352
9620 19241 920188
9621 19242 948
9621 19243 571295
9622 19244 944267
9622 19245 857034
9623 19246 1000000
9623 19247 395210
9624 19248 220
9624 19249 1000000
9625 19250 412441
9625 19251 1000000
9626 19252 924483
9626 19253 321
9627 19254 1000000
9627 19255 73
9628 19256 955464
9628 19257 102410
9629 19258 160
9629 19259 10
9630 19260 977175
9630 19261 907831
9631 19262 491608
9631 19263 963004
9632 19264 124865
9632 19265 469791
9633 19266 810483
9633 19267 905903
9634 19268 1000000
9634 19269 1000000
9635 19270 256679
9635 19271 489988
9636 19272 565021
9636 19273 1
9637 19274 944568
9637 19275 562
9638 19276 999817
9638 19277 707010
9639 19278 126942
9639 19279 905
9640 19280 265264
9640 19281 293
9641 19282 933300
9641 19283 537
9642 19284 1000000
9642 19285 887114
9643 19286 343442
9643 19287 926326
9644 19288 1000000
9644 19289 591744
9645 19290 169279
9645 19291 916448
9646 19292 852
9646 19293 1000000
9647 19294 957980
9647 19295 234273
9648 19296 671012
9648 19297 1000000
9649 19298 22376
9649 19299 105005
9650 19300 983891
9650 19301 1000000
9651 19302 961975
9651 19303 436
9652 19304 821501
9652 19305 827755
9653 19306 265
9653 19307 993036
9654 19308 124755
9654 19309 160486
9655 19310 1000000
9655 19311 1
9656 19312 946935
9656 19313 664
9657 19314 933046
9657 19315 784
9658 19316 534133
9658 19317 726171
9659 19318 477850
9659 19319 1000000
9660 19320 652095
9660 19321 940799
9661 19322 827
9661 19323 779
9662 19324 893612
9662 19325 778
9663 19326 1000
9663 19327 813376
9664 19328 1000000
9664 19329 562390
9665 19330 926913
9665 19331 546
9666 19332 570
9666 19333 1
9667 19334 811
9667 19335 969586
9668 19336 975121
9668 19337 958386
9669 19338 109
9669 19339 1
9670 19340 578497
9670 19341 968505
9671 19342 783418
9671 19343 1000000
9672 19344 288057
9672 19345 649242
9673 19346 921096
9673 19347 353436
9674 19348 919310
9674 19349 908053
9675 19350 926030
9675 19351 632289
9676 19352 993324
9676 19353 1000000
9677 19354 272880
9677 19355 239
9678 19356 615345
9678 19357 1000000
9679 19358 501
9679 19359 436045
9680 19360 804
9680 19361 152
9681 19362 956570
9681 19363 1000000
9682 19364 217847
9682 19365 921730
9683 19366 49884
9683 19367 989997
9684 19368 900733
9684 19369 919867
9685 19370 1
9685 19371 937475
9686 19372 705
9686 19373 982915
9687 19374 1000000
9687 19375 1000000
9688 19376 1000000
9688 19377 903860
9689 19378 923669
9689 19379 915519
9690 19380 107
9690 19381 448
9691 19382 311
9691 19383 403507
9692 19384 213102
9692 19385 733944
9693 19386 637
9693 19387 575496
9694 19388 905797
9694 19389 457
9695 19390 1000000
9695 19391 864999
9696 19392 309974
9696 19393 1
9697 19394 417102
9697 19395 566856
9698 19396 1
9698 19397 1
9699 19398 832633
9699 19399 929391
9700 19400 180
9700 19401 336
9701 19402 316922
9701 19403 259782
9702 19404 390773
9702 19405 411
9703 19406 738824
9703 19407 533667
9704 19408 1000000
9704 19409 177396
9705 19410 956180
9705 19411 411012
9706 19412 953386
9706 19413 816910
9707 19414 990834
9707 19415 1000000
9708 19416 977165
9708 19417 932565
9709 19418 960848
9709 19419 399943
9710 19420 923421
9710 19421 1
9711 19422 189348
9711 19423 703
9712 19424 195
9712 19425 940774
9713 19426 328692
9713 19427 957484
9714 19428 818
9714 19429 52
9715 19430 58100
9715 19431 37165
9716 19432 973794
9716 19433 974877
9717 19434 111295
9717 19435 485044
9718 19436 843
9718 19437 956280
9719 19438 986123
9719 19439 909484
9720 19440 345957
9720 19441 1000000
9721 19442 1000000
9721 19443 943101
9722 19444 657
9722 19445 900763
9723 19446 726970
9723 19447 896771
9724 19448 786892
9724 19449 995511
9725 19450 1
9725 19451 997859
9726 19452 161
9726 19453 54
9727 19454 928438
9727 19455 943062
9728 19456 785677
9728 19457 915266
9729 19458 353344
9729 19459 1000000
9730 19460 259424
9730 19461 938706
9731 19462 184367
9731 19463 999046
9732 19464 1000000
9732 19465 495
9733 19466 798032
9733 19467 261732
9734 19468 1000000
9734 19469 586
9735 19470 223288
9735 19471 1000000
9736 19472 931049
9736 19473 734
9737 19474 955406
9737 19475 685412
9738 19476 146104
9738 19477 1000000
9739 19478 717
9739 19479 412
9740 19480 375396
9740 19481 1000000
9741 19482 951283
9741 19483 1000000
9742 19484 964862
9742 19485 394954
9743 19486 1000000
9743 19487 1000000
9744 19488 986530
9744 19489 938219
9745 19490 914537
9745 19491 915953
9746 19492 829982
9746 19493 941400
9747 19494 982678
9747 19495 692736
9748 19496 70217
9748 19497 970043
9749 19498 906752
9749 19499 237
9750 19500 460
9750 19501 928681
9751 19502 912
9751 19503 357
9752 19504 353
9752 19505 1000000
9753 19506 941551
9753 19507 1000000
9754 19508 907105
9754 19509 412136
9755 19510 996394
9755 19511 384918
9756 19512 941269
9756 19513 947140
9757 19514 92409
9757 19515 506322
9758 19516 125648
9758 19517 928171
9759 19518 766910
9759 19519 904865
9760 19520 741
9760 19521 1
9761 19522 735
9761 19523 246927
9762 19524 77
9762 19525 978821
9763 19526 918772
9763 19527 911775
9764 19528 1000000
9764 19529 743
9765 19530 736
9765 19531 217531
9766 19532 448010
9766 19533 286647
9767 19534 924884
9767 19535 959799
9768 19536 948783
9768 19537 782215
9769 19538 607
9769 19539 653559
9770 19540 99267
9770 19541 978447
9771 19542 247
9771 19543 457
9772 19544 911249
9772 19545 938147
9773 19546 573
9773 19547 299
9774 19548 638359
9774 19549 929088
9775 19550 771
9775 19551 510163
9776 19552 478820
9776 19553 858637
9777 19554 903717
9777 19555 469
9778 19556 404
9778 19557 922527
9779 19558 346
9779 19559 987959
9780 19560 572291
9780 19561 175847
9781 19562 762
9781 19563 692
9782 19564 749710
9782 19565 1000000
9783 19566 427537
9783 19567 1000000
9784 19568 911207
9784 19569 498512
9785 19570 1000000
9785 19571 71498
9786 19572 991589
9786 19573 956051
9787 19574 85585
9787 19575 513842
9788 19576 969819
9788 19577 943280
9789 19578 686559
9789 19579 967424
9790 19580 351208
9790 19581 941712
9791 19582 263577
9791 19583 765240
9792 19584 974938
9792 19585 1000000
9793 19586 914268
9793 19587 173672
9794 19588 4
9794 19589 1000000
9795 19590 139422
9795 19591 951012
9796 19592 969903
9796 19593 346364
9797 19594 984325
9797 19595 414845
9798 19596 1
9798 19597 1000000
9799 19598 1000000
9799 19599 1000000
9800 19600 220
9800 19601 808838
9801 19602 977199
9801 19603 1000000
9802 19604 954707
9802 19605 386
9803 19606 213122
9803 19607 983660
9804 19608 925664
9804 19609 914618
9805 19610 903600
9805 19611 966
9806 19612 168497
9806 19613 901230
9807 19614 939343
9807 19615 607
9808 19616 666
9808 19617 1000000
9809 19618 851
9809 19619 974763
9810 19620 998087
9810 19621 217527
9811 19622 491523
9811 19623 292721
9812 19624 232
9812 19625 543
9813 19626 220218
9813 19627 1
9814 19628 75
9814 19629 779699
9815 19630 553926
9815 19631 368210
9816 19632 914854
9816 19633 332255
9817 19634 949492
9817 19635 204
9818 19636 970560
9818 19637 908495
9819 19638 979611
9819 19639 470
9820 19640 269
9820 19641 22
9821 19642 905020
9821 19643 907792
9822 19644 1000000
9822 19645 462139
9823 19646 915611
9823 19647 1000000
9824 19648 912526
9824 19649 918573
9825 19650 1000000
9825 19651 989949
9826 19652 929
9826 19653 812144
9827 19654 265031
9827 19655 1000000
9828 19656 625
9828 19657 1000000
9829 19658 1000000
9829 19659 1000000
9830 19660 332839
9830 19661 125885
9831 19662 743721
9831 19663 989576
9832 19664 978058
9832 19665 882
9833 19666 991427
9833 19667 419
9834 19668 967116
9834 19669 112
9835 19670 810929
9835 19671 497604
9836 19672 965070
9836 19673 980717
9837 19674 967970
9837 19675 955661
9838 19676 552
9838 19677 123211
9839 19678 733
9839 19679 865429
9840 19680 1000000
9840 19681 971711
9841 19682 998519
9841 19683 968031
9842 19684 486146
9842 19685 176475
9843 19686 167548
9843 19687 981717
9844 19688 949401
9844 19689 982249
9845 19690 1
9845 19691 624
9846 19692 912678
9846 19693 135188
9847 19694 905
9847 19695 961237
9848 19696 1000000
9848 19697 713753
9849 19698 593290
9849 19699 913942
9850 19700 888501
9850 19701 1000000
9851 19702 89050
9851 19703 1
9852 19704 895
9852 19705 436247
9853 19706 355464
9853 19707 993079
9854 19708 952486
9854 19709 927409
9855 19710 296809
9855 19711 1
9856 19712 909798
9856 19713 453945
9857 19714 922795
9857 19715 962530
9858 19716 543
9858 19717 241958
9859 19718 419631
9859 19719 926788
9860 19720 79671
9860 19721 684
9861 19722 67971
9861 19723 905726
9862 19724 388673
9862 19725 594850
9863 19726 1000000
9863 19727 122455
9864 19728 934880
9864 19729 289157
9865 19730 962328
9865 19731 285664
9866 19732 984028
9866 19733 996
9867 19734 777
9867 19735 686
9868 19736 886535
9868 19737 940225
9869 19738 400263
9869 19739 1000000
9870 19740 11813
9870 19741 396
9871 19742 414277
9871 19743 1000000
9872 19744 903161
9872 19745 741407
9873 19746 933326
9873 19747 33659
9874 19748 924095
9874 19749 455
9875 19750 191937
9875 19751 149787
9876 19752 1
9876 19753 748
9877 19754 394809
9877 19755 947684
9878 19756 190398
9878 19757 993062
9879 19758 82542
9879 19759 1
9880 19760 903194
9880 19761 709309
9881 19762 942708
9881 19763 987777
9882 19764 353873
9882 19765 924956
9883 19766 763
9883 19767 929735
9884 19768 847789
9884 19769 341784
9885 19770 921891
9885 19771 137797
9886 19772 917974
9886 19773 912498
9887 19774 998579
9887 19775 934
9888 19776 1
9888 19777 176
9889 19778 638117
9889 19779 974518
9890 19780 901919
9890 19781 644
9891 19782 950534
9891 19783 986011
9892 19784 982521
9892 19785 566
9893 19786 989081
9893 19787 977036
9894 19788 907219
9894 19789 1000000
9895 19790 901708
9895 19791 231546
9896 19792 924259
9896 19793 1000000
9897 19794 286453
9897 19795 1000000
9898 19796 716491
9898 19797 128103
9899 19798 300
9899 19799 993714
9900 19800 1000000
9900 19801 1000000
9901 19802 134010
9901 19803 920542
9902 19804 940049
9902 19805 635
9903 19806 527292
9903 19807 100918
9904 19808 966273
9904 19809 805641
9905 19810 988078
9905 19811 594163
9906 19812 909532
9906 19813 1000000
9907 19814 906352
9907 19815 460716
9908 19816 1000000
9908 19817 626756
9909 19818 952632
9909 19819 1000000
9910 19820 506883
9910 19821 774109
9911 19822 1
9911 19823 1000000
9912 19824 1
9912 19825 185805
9913 19826 311188
9913 19827 1
9914 19828 920246
9914 19829 1
9915 19830 667591
9915 19831 1
9916 19832 1
9916 19833 756912
9917 19834 409
9917 19835 469870
9918 19836 7480
9918 19837 610
9919 19838 437780
9919 19839 929901
9920 19840 1000000
9920 19841 700
9921 19842 903640
9921 19843 973826
9922 19844 553
9922 19845 928162
9923 19846 982935
9923 19847 769
9924 19848 753021
9924 19849 921835
9925 19850 51
9925 19851 192505
9926 19852 613017
9926 19853 600973
9927 19854 948874
9927 19855 1000000
9928 19856 366073
9928 19857 521
9929 19858 628521
9929 19859 988633
9930 19860 1
9930 19861 851056
9931 19862 178
9931 19863 993991
9932 19864 963110
9932 19865 990702
9933 19866 932053
9933 19867 941310
9934 19868 952928
9934 19869 605
9935 19870 904344
9935 19871 906322
9936 19872 974145
9936 19873 336
9937 19874 1000000
9937 19875 779061
9938 19876 932268
9938 19877 901331
9939 19878 430025
9939 19879 907
9940 19880 311966
9940 19881 603
9941 19882 1
9941 19883 926740
9942 19884 375196
9942 19885 269936
9943 19886 807323
9943 19887 989718
9944 19888 813491
9944 19889 964665
9945 19890 990663
9945 19891 1000000
9946 19892 941525
9946 19893 928956
9947 19894 814526
9947 19895 150
9948 19896 909166
9948 19897 877107
9949 19898 920804
9949 19899 937071
9950 19900 754858
9950 19901 981250
9951 19902 929811
9951 19903 181476
9952 19904 1000000
9952 19905 57
9953 19906 219
9953 19907 274
9954 19908 590379
9954 19909 938201
9955 19910 662457
9955 19911 1000000
9956 19912 708753
9956 19913 456574
9957 19914 284998
9957 19915 348
9958 19916 1
9958 19917 269
9959 19918 71944
9959 19919 1000000
9960 19920 682
9960 19921 667624
9961 19922 949070
9961 19923 1000000
9962 19924 857
9962 19925 1000000
9963 19926 962975
9963 19927 1995
9964 19928 181458
9964 19929 8231
9965 19930 755
9965 19931 979892
9966 19932 93236
9966 19933 1
9967 19934 980423
9967 19935 1000000
9968 19936 1000000
9968 19937 1000000
9969 19938 21420
9969 19939 475
9970 19940 873
9970 19941 721568
9971 19942 863
9971 19943 558
9972 19944 985955
9972 19945 1
9973 19946 955751
9973 19947 105
9974 19948 812490
9974 19949 989417
9975 19950 172134
9975 19951 782
9976 19952 254149
9976 19953 932889
9977 19954 747
9977 19955 245146
9978 19956 911607
9978 19957 906983
9979 19958 1000000
9979 19959 948955
9980 19960 811892
9980 19961 748104
9981 19962 137728
9981 19963 957911
9982 19964 962605
9982 19965 970162
9983 19966 1000000
9983 19967 807990
9984 19968 997696
9984 19969 132855
9985 19970 962489
9985 19971 1
9986 19972 978190
9986 19973 465440
9987 19974 1
9987 19975 1
9988 19976 295260
9988 19977 819346
9989 19978 173442
9989 19979 915608
9990 19980 973998
9990 19981 389782
9991 19982 335
9991 19983 52784
9992 19984 686796
9992 19985 968
9993 19986 369241
9993 19987 915237
9994 19988 600854
9994 19989 718514
9995 19990 430223
9995 19991 663668
9996 19992 978212
9996 19993 958494
9997 19994 538716
9997 19995 563049
9998 19996 960296
9998 19997 51856
9999 19998 968916
9999 19999 967147
10000 20000 1000000
10000 20001 917323
10001 20002 221
10001 20003 1000000
10002 20004 422645
10002 20005 959228
10003 20006 565149
10003 20007 919377
10004 20008 244677
10004 20009 700423
10005 20010 793275
10005 20011 1000000
10006 20012 1000000
10006 20013 1
10007 20014 908222
10007 20015 685
10008 20016 915618
10008 20017 917956
10009 20018 886966
10009 20019 975385
10010 20020 995276
10010 20021 963493
10011 20022 498567
10011 20023 83489
10012 20024 984792
10012 20025 952430
10013 20026 291921
10013 20027 923893
10014 20028 326082
10014 20029 999548
10015 20030 988053
10015 20031 430546
10016 20032 997174
10016 20033 1000000
10017 20034 636
10017 20035 654245
10018 20036 973266
10018 20037 537513
10019 20038 982
10019 20039 501
10020 20040 1000000
10020 20041 221342
10021 20042 951999
10021 20043 950
10022 20044 131055
10022 20045 664920
10023 20046 536565
10023 20047 905912
10024 20048 986672
10024 20049 508
10025 20050 975748
10025 20051 924677
10026 20052 721929
10026 20053 103378
10027 20054 327
10027 20055 551
10028 20056 380206
10028 20057 1000000
10029 20058 913171
10029 20059 966284
10030 20060 1
10030 20061 993544
10031 20062 791
10031 20063 309540
10032 20064 947865
10032 20065 234362
10033 20066 313627
10033 20067 790207
10034 20068 954233
10034 20069 976401
10035 20070 998
10035 20071 941017
10036 20072 995791
10036 20073 999
10037 20074 994104
10037 20075 916132
10038 20076 94
10038 20077 921716
10039 20078 925912
10039 20079 983059
10040 20080 967394
10040 20081 760978
10041 20082 1000000
10041 20083 1000000
10042 20084 498489
10042 20085 940235
10043 20086 101
10043 20087 929502
10044 20088 29
10044 20089 1000000
10045 20090 557264
10045 20091 465648
10046 20092 990718
10046 20093 1000000
10047 20094 1
10047 20095 926700
10048 20096 182743
10048 20097 871704
10049 20098 910556
10049 20099 334
10050 20100 989993
10050 20101 895639
10051 20102 1
10051 20103 992236
10052 20104 579703
10052 20105 40080
10053 20106 450714
10053 20107 1000000
10054 20108 936423
10054 20109 28117
10055 20110 509813
10055 20111 923232
10056 20112 1000000
10056 20113 626
10057 20114 584031
10057 20115 1000000
10058 20116 364405
10058 20117 409519
10059 20118 811663
10059 20119 921473
10060 20120 1
10060 20121 775
10061 20122 700917
10061 20123 967325
10062 20124 657828
10062 20125 333
10063 20126 967
10063 20127 627907
10064 20128 991518
10064 20129 71602
10065 20130 974419
10065 20131 473120
10066 20132 664867
10066 20133 954590
10067 20134 917874
10067 20135 347181
10068 20136 388
10068 20137 924560
10069 20138 1000000
10069 20139 538771
10070 20140 788
10070 20141 1000000
10071 20142 752
10071 20143 991179
10072 20144 1
10072 20145 990976
10073 20146 1
10073 20147 361
10074 20148 61797
10074 20149 877757
10075 20150 929200
10075 20151 414
10076 20152 1000000
10076 20153 253788
10077 20154 1000000
10077 20155 536
10078 20156 706232
10078 20157 108
10079 20158 636544
10079 20159 901053
10080 20160 122
10080 20161 394711
10081 20162 968876
10081 20163 827
10082 20164 937741
10082 20165 366309
10083 20166 994135
10083 20167 464976
10084 20168 993097
10084 20169 343
10085 20170 982229
10085 20171 903233
10086 20172 508021
10086 20173 970916
10087 20174 711618
10087 20175 970434
10088 20176 5
10088 20177 1
10089 20178 540190
10089 20179 993168
10090 20180 93
10090 20181 91910
10091 20182 850
10091 20183 936975
10092 20184 119491
10092 20185 769361
10093 20186 961442
10093 20187 973658
10094 20188 1000000
10094 20189 948352
10095 20190 606711
10095 20191 789
10096 20192 893
10096 20193 754708
10097 20194 906536
10097 20195 1000000
10098 20196 461110
10098 20197 436
10099 20198 153946
10099 20199 988709
10100 20200 555857
10100 20201 993863
10101 20202 579722
10101 20203 1000000
10102 20204 706626
10102 20205 686594
10103 20206 985565
10103 20207 1000000
10104 20208 339
10104 20209 987920
10105 20210 277009
10105 20211 995159
10106 20212 970157
10106 20213 273386
10107 20214 672
10107 20215 868
10108 20216 603161
10108 20217 971477
10109 20218 972838
10109 20219 369
10110 20220 1
10110 20221 65798
10111 20222 394
10111 20223 619
10112 20224 809336
10112 20225 939436
10113 20226 290160
10113 20227 650883
10114 20228 983062
10114 20229 945595
10115 20230 993777
10115 20231 1000000
10116 20232 887424
10116 20233 553472
10117 20234 448057
10117 20235 873
10118 20236 548008
10118 20237 947219
10119 20238 1000000
10119 20239 259
10120 20240 1
10120 20241 1000000
10121 20242 945265
10121 20243 430
10122 20244 994334
10122 20245 553
10123 20246 438642
10123 20247 995966
10124 20248 167119
10124 20249 934970
10125 20250 418
10125 20251 969917
10126 20252 780
10126 20253 1000000
10127 20254 946587
10127 20255 998513
10128 20256 1
10128 20257 934830
10129 20258 962068
10129 20259 46343
10130 20260 627379
10130 20261 1000000
10131 20262 926898
10131 20263 995804
10132 20264 331
10132 20265 908937
10133 20266 972510
10133 20267 168990
10134 20268 980046
10134 20269 969449
10135 20270 935974
10135 20271 929243
10136 20272 1000000
10136 20273 901
10137 20274 944348
10137 20275 922
10138 20276 909067
10138 20277 609
10139 20278 3223
10139 20279 1
10140 20280 17
10140 20281 578157
10141 20282 108280
10141 20283 937845
10142 20284 1000000
10142 20285 910106
10143 20286 392
10143 20287 909908
10144 20288 531031
10144 20289 969947
10145 20290 446
10145 20291 387
10146 20292 971352
10146 20293 1000000
10147 20294 904693
10147 20295 355432
10148 20296 106301
10148 20297 857027
10149 20298 744
10149 20299 923194
10150 20300 870
10150 20301 967992
10151 20302 117855
10151 20303 960569
10152 20304 989256
10152 20305 238725
10153 20306 953900
10153 20307 632
10154 20308 970491
10154 20309 1000000
10155 20310 960484
10155 20311 617428
10156 20312 988811
10156 20313 202
10157 20314 993968
10157 20315 873492
10158 20316 901143
10158 20317 259527
10159 20318 3
10159 20319 461
10160 20320 950965
10160 20321 598046
10161 20322 989437
10161 20323 109
10162 20324 1000000
10162 20325 602748
10163 20326 703
10163 20327 928596
10164 20328 906441
10164 20329 629
10165 20330 1000000
10165 20331 1
10166 20332 479275
10166 20333 802532
10167 20334 511
10167 20335 1000000
10168 20336 131
10168 20337 467717
10169 20338 449992
10169 20339 695313
10170 20340 379978
10170 20341 904791
10171 20342 1
10171 20343 238058
10172 20344 867153
10172 20345 956991
10173 20346 961960
10173 20347 510
10174 20348 919315
10174 20349 600
10175 20350 690
10175 20351 998418
10176 20352 120
10176 20353 452784
10177 20354 557748
10177 20355 950441
10178 20356 965285
10178 20357 939481
10179 20358 250
10179 20359 980325
10180 20360 797668
10180 20361 803641
10181 20362 751178
10181 20363 909519
10182 20364 71454
10182 20365 471107
10183 20366 47437
10183 20367 833
10184 20368 915159
10184 20369 459699
10185 20370 247
10185 20371 400133
10186 20372 58844
10186 20373 983921
10187 20374 1000000
10187 20375 480393
10188 20376 249894
10188 20377 905632
10189 20378 1000000
10189 20379 136669
10190 20380 623816
10190 20381 753014
10191 20382 407571
10191 20383 595668
10192 20384 1000000
10192 20385 914578
10193 20386 121700
10193 20387 947932
10194 20388 974788
10194 20389 75742
10195 20390 36170
10195 20391 789
10196 20392 947115
10196 20393 1000000
10197 20394 824633
10197 20395 975136
10198 20396 944781
10198 20397 1
10199 20398 926659
10199 20399 961805
10200 20400 30
10200 20401 923987
10201 20402 693
10201 20403 624
10202 20404 121423
10202 20405 308
10203 20406 947891
10203 20407 958346
10204 20408 248359
10204 20409 946849
10205 20410 958271
10205 20411 16331
10206 20412 1
10206 20413 992728
10207 20414 167618
10207 20415 700
10208 20416 210924
10208 20417 1
10209 20418 979651
10209 20419 857307
10210 20420 947725
10210 20421 611
10211 20422 928302
10211 20423 204209
10212 20424 927784
10212 20425 987433
10213 20426 824
10213 20427 36
10214 20428 902352
10214 20429 962794
10215 20430 826468
10215 20431 991086
10216 20432 364144
10216 20433 915314
10217 20434 893
10217 20435 1000000
10218 20436 488
10218 20437 944841
10219 20438 572430
10219 20439 968920
10220 20440 605693
10220 20441 61133
10221 20442 987
10221 20443 903999
10222 20444 1000000
10222 20445 502
10223 20446 468014
10223 20447 835
10224 20448 1000000
10224 20449 90707
10225 20450 1
10225 20451 1000000
10226 20452 1
10226 20453 931286
10227 20454 972722
10227 20455 951574
10228 20456 938304
10228 20457 66
10229 20458 451942
10229 20459 1000000
10230 20460 1000000
10230 20461 154063
10231 20462 476780
10231 20463 1000000
10232 20464 999006
10232 20465 1000000
10233 20466 945183
10233 20467 817
10234 20468 756376
10234 20469 927125
10235 20470 914
10235 20471 699748
10236 20472 1
10236 20473 122895
10237 20474 993519
10237 20475 977
10238 20476 1
10238 20477 933829
10239 20478 951505
10239 20479 707
10240 20480 782683
10240 20481 933185
10241 20482 499
10241 20483 173
10242 20484 977453
10242 20485 421662
10243 20486 948007
10243 20487 173226
10244 20488 308
10244 20489 732531
10245 20490 324991
10245 20491 913864
10246 20492 909690
10246 20493 820
10247 20494 992297
10247 20495 811996
10248 20496 189
10248 20497 1000000
10249 20498 130416
10249 20499 942281
10250 20500 635451
10250 20501 923115
10251 20502 683867
10251 20503 984463
10252 20504 830519
10252 20505 936908
10253 20506 31376
10253 20507 176993
10254 20508 927113
10254 20509 1000000
10255 20510 913
10255 20511 910749
10256 20512 1000000
10256 20513 75
10257 20514 954988
10257 20515 408
10258 20516 977630
10258 20517 718
10259 20518 388
10259 20519 277
10260 20520 791
10260 20521 521781
10261 20522 1
10261 20523 1000000
10262 20524 278535
10262 20525 966120
10263 20526 619
10263 20527 914563
10264 20528 926458
10264 20529 356
10265 20530 956020
10265 20531 649
10266 20532 1000000
10266 20533 640007
10267 20534 915511
10267 20535 1000000
10268 20536 949315
10268 20537 896015
10269 20538 750641
10269 20539 908723
10270 20540 133011
10270 20541 78
10271 20542 266
10271 20543 330
10272 20544 331
10272 20545 929151
10273 20546 958
10273 20547 948044
10274 20548 810778
10274 20549 888824
10275 20550 1
10275 20551 678273
10276 20552 897
10276 20553 626275
10277 20554 157777
10277 20555 1000000
10278 20556 261190
10278 20557 848
10279 20558 211
10279 20559 917680
10280 20560 298
10280 20561 536
10281 20562 340050
10281 20563 1000000
10282 20564 936932
10282 20565 859591
10283 20566 934199
10283 20567 1000000
10284 20568 964
10284 20569 929540
10285 20570 968882
10285 20571 623502
10286 20572 1
10286 20573 770
10287 20574 911104
10287 20575 437
10288 20576 1000000
10288 20577 953717
10289 20578 995049
10289 20579 988618
10290 20580 952379
10290 20581 979622
10291 20582 526451
10291 20583 53
10292 20584 245511
10292 20585 966587
10293 20586 375484
10293 20587 1
10294 20588 338502
10294 20589 960561
10295 20590 190761
10295 20591 763
10296 20592 15
10296 20593 991755
10297 20594 24787
10297 20595 214
10298 20596 242194
10298 20597 978897
10299 20598 503241
10299 20599 943723
10300 20600 1
10300 20601 658
10301 20602 630269
10301 20603 954849
10302 20604 984605
10302 20605 972326
10303 20606 643148
10303 20607 136
10304 20608 410703
10304 20609 1
10305 20610 963546
10305 20611 713769
10306 20612 31
10306 20613 685
10307 20614 921399
10307 20615 172233
10308 20616 203238
10308 20617 922472
10309 20618 1468
10309 20619 621592
10310 20620 704644
10310 20621 700016
10311 20622 976616
10311 20623 913877
10312 20624 871140
10312 20625 980912
10313 20626 691924
10313 20627 995200
10314 20628 185558
10314 20629 987308
10315 20630 959496
10315 20631 989094
10316 20632 78740
10316 20633 825
10317 20634 596968
10317 20635 880399
10318 20636 333184
10318 20637 418449
10319 20638 413
10319 20639 444
10320 20640 637912
10320 20641 470
10321 20642 899053
10321 20643 668049
10322 20644 286
10322 20645 965478
10323 20646 195548
10323 20647 953321
10324 20648 446564
10324 20649 956532
10325 20650 989238
10325 20651 1000000
10326 20652 588152
10326 20653 82250
10327 20654 975547
10327 20655 953478
10328 20656 939811
10328 20657 966843
10329 20658 1
10329 20659 714
10330 20660 84963
10330 20661 1000000
10331 20662 1000000
10331 20663 1000000
10332 20664 1
10332 20665 477
10333 20666 973299
10333 20667 1000000
10334 20668 271
10334 20669 961096
10335 20670 233578
10335 20671 257
10336 20672 112
10336 20673 296
10337 20674 394
10337 20675 6
10338 20676 923319
10338 20677 380
10339 20678 915545
10339 20679 391916
10340 20680 233406
10340 20681 413223
10341 20682 950549
10341 20683 587
10342 20684 979
10342 20685 943
10343 20686 999
10343 20687 766262
10344 20688 230258
10344 20689 981207
10345 20690 533
10345 20691 336170
10346 20692 62262
10346 20693 928334
10347 20694 902408
10347 20695 623166
10348 20696 640722
10348 20697 381203
10349 20698 730325
10349 20699 1000000
10350 20700 988545
10350 20701 50
10351 20702 252
10351 20703 1000000
10352 20704 986691
10352 20705 532520
10353 20706 950556
10353 20707 275018
10354 20708 980382
10354 20709 1000000
10355 20710 503
10355 20711 943479
10356 20712 946851
10356 20713 991411
10357 20714 852024
10357 20715 966420
10358 20716 1
10358 20717 1000000
10359 20718 544
10359 20719 241914
10360 20720 889
10360 20721 1
10361 20722 981049
10361 20723 985947
10362 20724 947274
10362 20725 901401
10363 20726 1
10363 20727 169545
10364 20728 960303
10364 20729 900794
10365 20730 38
10365 20731 960716
10366 20732 957707
10366 20733 961524
10367 20734 921516
10367 20735 773067
10368 20736 934267
10368 20737 885974
10369 20738 834969
10369 20739 902370
10370 20740 537
10370 20741 956553
10371 20742 18
10371 20743 43
10372 20744 997335
10372 20745 639325
10373 20746 941659
10373 20747 980341
10374 20748 1000000
10374 20749 302
10375 20750 784889
10375 20751 476279
10376 20752 9750
10376 20753 923
10377 20754 457387
10377 20755 165
10378 20756 944690
10378 20757 143
10379 20758 926765
10379 20759 989419
10380 20760 914642
10380 20761 590
10381 20762 744
10381 20763 1000000
10382 20764 839196
10382 20765 1000000
10383 20766 487
10383 20767 657846
10384 20768 919676
10384 20769 5919
10385 20770 29411
10385 20771 874646
10386 20772 908919
10386 20773 624356
10387 20774 39661
10387 20775 338
10388 20776 596
10388 20777 446017
10389 20778 844259
10389 20779 975661
10390 20780 907424
10390 20781 926137
10391 20782 137134
10391 20783 901
10392 20784 1000000
10392 20785 664513
10393 20786 153487
10393 20787 119
10394 20788 431553
10394 20789 960536
10395 20790 50971
10395 20791 705
10396 20792 980211
10396 20793 942009
10397 20794 303
10397 20795 941
10398 20796 533035
10398 20797 976
10399 20798 943816
10399 20799 906047
10400 20800 950996
10400 20801 981309
10401 20802 954280
10401 20803 921015
10402 20804 183625
10402 20805 949187
10403 20806 972729
10403 20807 964721
10404 20808 918900
10404 20809 994851
10405 20810 964446
10405 20811 1000000
10406 20812 967398
10406 20813 538531
10407 20814 8
10407 20815 24
10408 20816 630
10408 20817 433
10409 20818 952128
10409 20819 158417
10410 20820 606
10410 20821 560
10411 20822 917089
10411 20823 414898
10412 20824 1
10412 20825 182764
10413 20826 332296
10413 20827 21811
10414 20828 752
10414 20829 474670
10415 20830 391781
10415 20831 234924
10416 20832 167
10416 20833 938616
10417 20834 983143
10417 20835 14858
10418 20836 67552
10418 20837 1000000
10419 20838 918227
10419 20839 185
10420 20840 955
10420 20841 508549
10421 20842 105
10421 20843 229811
10422 20844 726105
10422 20845 762480
10423 20846 278
10423 20847 1000000
10424 20848 997366
10424 20849 1000000
10425 20850 315606
10425 20851 904301
10426 20852 955482
10426 20853 269911
10427 20854 590438
10427 20855 419
10428 20856 769
10428 20857 158
10429 20858 160
10429 20859 109443
10430 20860 294130
10430 20861 1000000
10431 20862 939878
10431 20863 201985
10432 20864 135112
10432 20865 906271
10433 20866 922
10433 20867 908142
10434 20868 1000000
10434 20869 996721
10435 20870 243686
10435 20871 839784
10436 20872 990108
10436 20873 975066
10437 20874 1
10437 20875 432381
10438 20876 1
10438 20877 986985
10439 20878 44567
10439 20879 661218
10440 20880 983961
10440 20881 951039
10441 20882 402565
10441 20883 398572
10442 20884 377
10442 20885 1000000
10443 20886 1000000
10443 20887 423025
10444 20888 1000000
10444 20889 180
10445 20890 306598
10445 20891 992177
10446 20892 993184
10446 20893 439671
10447 20894 934244
10447 20895 145093
10448 20896 646610
10448 20897 933912
10449 20898 697972
10449 20899 111955
10450 20900 947142
10450 20901 637594
10451 20902 476
10451 20903 958718
10452 20904 744120
10452 20905 641811
10453 20906 7090
10453 20907 373728
10454 20908 972638
10454 20909 412040
10455 20910 14078
10455 20911 457
10456 20912 977343
10456 20913 1000000
10457 20914 958110
10457 20915 364990
10458 20916 1000000
10458 20917 938265
10459 20918 981351
10459 20919 1000000
10460 20920 1000000
10460 20921 511313
10461 20922 181515
10461 20923 935158
10462 20924 84940
10462 20925 984877
10463 20926 875837
10463 20927 623929
10464 20928 964797
10464 20929 1000000
10465 20930 507
10465 20931 448349
10466 20932 960923
10466 20933 326
10467 20934 984877
10467 20935 883465
10468 20936 644248
10468 20937 305622
10469 20938 1
10469 20939 41
10470 20940 449590
10470 20941 230
10471 20942 996807
10471 20943 789770
10472 20944 44558
10472 20945 1000000
10473 20946 984952
10473 20947 917
10474 20948 663241
10474 20949 934609
10475 20950 1000000
10475 20951 461716
10476 20952 844119
10476 20953 689
10477 20954 632737
10477 20955 942875
10478 20956 551
10478 20957 943115
10479 20958 865
10479 20959 985
10480 20960 675
10480 20961 994462
10481 20962 928541
10481 20963 900893
10482 20964 814476
10482 20965 930805
10483 20966 394989
10483 20967 902137
10484 20968 121
10484 20969 971489
10485 20970 901207
10485 20971 762
10486 20972 1000000
10486 20973 69389
10487 20974 1
10487 20975 974116
10488 20976 499235
10488 20977 1
10489 20978 413225
10489 20979 645
10490 20980 974328
10490 20981 971938
10491 20982 72549
10491 20983 959671
10492 20984 920330
10492 20985 936296
10493 20986 984947
10493 20987 604934
10494 20988 966237
10494 20989 535612
10495 20990 955398
10495 20991 971
10496 20992 1000000
10496 20993 924951
10497 20994 990111
10497 20995 1
10498 20996 931343
10498 20997 1
10499 20998 797
10499 20999 970522
10500 21000 465
10500 21001 908588
10501 21002 681371
10501 21003 993999
10502 21004 1000000
10502 21005 928375
10503 21006 538
10503 21007 973117
10504 21008 975220
10504 21009 1000000
10505 21010 987
10505 21011 315291
10506 21012 31905
10506 21013 114780
10507 21014 574
10507 21015 396
10508 21016 14634
10508 21017 935604
10509 21018 624938
10509 21019 852429
10510 21020 471339
10510 21021 463777
10511 21022 850515
10511 21023 1000000
10512 21024 949541
10512 21025 917576
10513 21026 694095
10513 21027 983070
10514 21028 856
10514 21029 1
10515 21030 128304
10515 21031 763347
10516 21032 1000000
10516 21033 293768
10517 21034 456256
10517 21035 983090
10518 21036 267516
10518 21037 857
10519 21038 83
10519 21039 112
10520 21040 788212
10520 21041 905749
10521 21042 995211
10521 21043 811
10522 21044 913102
10522 21045 324526
10523 21046 905040
10523 21047 203570
10524 21048 469750
10524 21049 912630
10525 21050 383275
10525 21051 920751
10526 21052 940493
10526 21053 1
10527 21054 329658
10527 21055 919415
10528 21056 148771
10528 21057 991195
10529 21058 926878
10529 21059 754
10530 21060 923116
10530 21061 112867
10531 21062 917216
10531 21063 948784
10532 21064 453695
10532 21065 980527
10533 21066 600094
10533 21067 968376
10534 21068 924193
10534 21069 82
10535 21070 734797
10535 21071 950928
10536 21072 342635
10536 21073 83
10537 21074 751158
10537 21075 965958
10538 21076 949662
10538 21077 171393
10539 21078 684633
10539 21079 74
10540 21080 345842
10540 21081 928825
10541 21082 882610
10541 21083 781
10542 21084 639
10542 21085 395
10543 21086 959102
10543 21087 994578
10544 21088 516
10544 21089 935587
10545 21090 629387
10545 21091 144266
10546 21092 658
10546 21093 970120
10547 21094 38
10547 21095 565502
10548 21096 954005
10548 21097 78046
10549 21098 532622
10549 21099 288895
10550 21100 997642
10550 21101 478945
10551 21102 916508
10551 21103 901789
10552 21104 260513
10552 21105 993787
10553 21106 939787
10553 21107 853
10554 21108 827
10554 21109 177
10555 21110 902529
10555 21111 902290
10556 21112 302833
10556 21113 319792
10557 21114 939248
10557 21115 341791
10558 21116 983696
10558 21117 952373
10559 21118 1000000
10559 21119 259759
10560 21120 94
10560 21121 181862
10561 21122 859
10561 21123 377385
10562 21124 894701
10562 21125 1000000
10563 21126 991659
10563 21127 1
10564 21128 1000000
10564 21129 421776
10565 21130 909236
10565 21131 852
10566 21132 984491
10566 21133 281348
10567 21134 767533
10567 21135 1000000
10568 21136 334300
10568 21137 802
10569 21138 930548
10569 21139 914293
10570 21140 1000000
10570 21141 22696
10571 21142 349045
10571 21143 925517
10572 21144 974
10572 21145 962526
10573 21146 1000000
10573 21147 129
10574 21148 1000000
10574 21149 993968
10575 21150 964231
10575 21151 1000000
10576 21152 905845
10576 21153 1000000
10577 21154 105534
10577 21155 858356
10578 21156 910931
10578 21157 982489
10579 21158 250303
10579 21159 374
10580 21160 1000000
10580 21161 960097
10581 21162 1000000
10581 21163 134
10582 21164 938835
10582 21165 173
10583 21166 999794
10583 21167 94110
10584 21168 985265
10584 21169 407
10585 21170 206532
10585 21171 995178
10586 21172 574251
10586 21173 837
10587 21174 890
10587 21175 912822
10588 21176 707430
10588 21177 1
10589 21178 175696
10589 21179 107
10590 21180 962849
10590 21181 977221
10591 21182 44566
10591 21183 839
10592 21184 926068
10592 21185 66412
10593 21186 1
10593 21187 947069
10594 21188 987090
10594 21189 417012
10595 21190 980
10595 21191 1
10596 21192 246
10596 21193 1000000
10597 21194 517
10597 21195 989016
10598 21196 449189
10598 21197 1
10599 21198 791973
10599 21199 320759
10600 21200 91
10600 21201 991
10601 21202 999635
10601 21203 558740
10602 21204 916520
10602 21205 932254
10603 21206 1
10603 21207 1000000
10604 21208 1000000
10604 21209 758135
10605 21210 417
10605 21211 605
10606 21212 902356
10606 21213 676433
10607 21214 380253
10607 21215 691
10608 21216 77814
10608 21217 479833
10609 21218 787
10609 21219 497
10610 21220 977127
10610 21221 445461
10611 21222 209058
10611 21223 297429
10612 21224 975142
10612 21225 957630
10613 21226 186412
10613 21227 37988
10614 21228 276017
10614 21229 916940
10615 21230 1
10615 21231 1000000
10616 21232 391
10616 21233 705468
10617 21234 230774
10617 21235 964162
10618 21236 982032
10618 21237 1000000
10619 21238 210
10619 21239 753
10620 21240 336495
10620 21241 966543
10621 21242 1
10621 21243 765064
10622 21244 747
10622 21245 238
10623 21246 18387
10623 21247 908483
10624 21248 756919
10624 21249 755578
10625 21250 928371
10625 21251 356016
10626 21252 383
10626 21253 551755
10627 21254 599731
10627 21255 391
10628 21256 777
10628 21257 698397
10629 21258 1000000
10629 21259 953330
10630 21260 928720
10630 21261 951460
10631 21262 919955
10631 21263 45
10632 21264 971735
10632 21265 164
10633 21266 996225
10633 21267 942395
10634 21268 1000000
10634 21269 948933
10635 21270 1000000
10635 21271 974115
10636 21272 961902
10636 21273 717796
10637 21274 1
10637 21275 939230
10638 21276 989191
10638 21277 981936
10639 21278 536414
10639 21279 795660
10640 21280 933323
10640 21281 598
10641 21282 940088
10641 21283 427316
10642 21284 481338
10642 21285 1000000
10643 21286 119
10643 21287 472
10644 21288 1000000
10644 21289 777233
10645 21290 42
10645 21291 707
10646 21292 160434
10646 21293 996861
10647 21294 915570
10647 21295 999444
10648 21296 963611
10648 21297 491452
10649 21298 930733
10649 21299 870597
10650 21300 810025
10650 21301 524924
10651 21302 374692
10651 21303 978
10652 21304 929177
10652 21305 508
10653 21306 251131
10653 21307 19795
10654 21308 901542
10654 21309 1000000
10655 21310 974917
10655 21311 70998
10656 21312 155
10656 21313 972304
10657 21314 211
10657 21315 598
10658 21316 975036
10658 21317 108849
10659 21318 949618
10659 21319 172079
10660 21320 166360
10660 21321 600634
10661 21322 931396
10661 21323 958805
10662 21324 113
10662 21325 750
10663 21326 902254
10663 21327 909883
10664 21328 994
10664 21329 979059
10665 21330 914727
10665 21331 995273
10666 21332 735515
10666 21333 923602
10667 21334 544965
10667 21335 85550
10668 21336 1000000
10668 21337 1
10669 21338 1000000
10669 21339 993178
10670 21340 92889
10670 21341 392929
10671 21342 202288
10671 21343 956602
10672 21344 1000000
10672 21345 882555
10673 21346 386489
10673 21347 924096
10674 21348 939142
10674 21349 774934
10675 21350 918057
10675 21351 654617
10676 21352 647226
10676 21353 1000000
10677 21354 775110
10677 21355 376985
10678 21356 914554
10678 21357 955039
10679 21358 920
10679 21359 559096
10680 21360 1000000
10680 21361 739
10681 21362 980
10681 21363 955983
10682 21364 103648
10682 21365 193
10683 21366 658744
10683 21367 950953
10684 21368 911149
10684 21369 1000000
10685 21370 951310
10685 21371 941929
10686 21372 864240
10686 21373 225
10687 21374 877847
10687 21375 354
10688 21376 386481
10688 21377 1
10689 21378 892163
10689 21379 990276
10690 21380 981291
10690 21381 1
10691 21382 69619
10691 21383 1000000
10692 21384 381198
10692 21385 1
10693 21386 215
10693 21387 980539
10694 21388 1
10694 21389 1000000
10695 21390 847
10695 21391 735
10696 21392 322316
10696 21393 966007
10697 21394 429767
10697 21395 178510
10698 21396 969946
10698 21397 990756
10699 21398 1
10699 21399 770
10700 21400 926000
10700 21401 920770
10701 21402 982501
10701 21403 160
10702 21404 935678
10702 21405 1000000
10703 21406 186
10703 21407 284
10704 21408 598101
10704 21409 1
10705 21410 929191
10705 21411 105923
10706 21412 63887
10706 21413 911668
10707 21414 946844
10707 21415 510038
10708 21416 101180
10708 21417 242
10709 21418 262766
10709 21419 355324
10710 21420 706782
10710 21421 355967
10711 21422 536
10711 21423 942093
10712 21424 119394
10712 21425 1000000
10713 21426 241957
10713 21427 910459
10714 21428 988096
10714 21429 932755
10715 21430 863868
10715 21431 1
10716 21432 584839
10716 21433 395710
10717 21434 835908
10717 21435 58
10718 21436 924242
10718 21437 911172
10719 21438 1000000
10719 21439 977408
10720 21440 965116
10720 21441 102166
10721 21442 302372
10721 21443 941442
10722 21444 969444
10722 21445 511274
10723 21446 571412
10723 21447 980157
10724 21448 936
10724 21449 77832
10725 21450 20
10725 21451 903162
10726 21452 957266
10726 21453 67757
10727 21454 1000000
10727 21455 1
10728 21456 1000000
10728 21457 184106
10729 21458 377
10729 21459 510034
10730 21460 1
10730 21461 940569
10731 21462 411476
10731 21463 150
10732 21464 537640
10732 21465 1000000
10733 21466 930334
10733 21467 128381
10734 21468 936139
10734 21469 964604
10735 21470 745183
10735 21471 661162
10736 21472 1000000
10736 21473 839
10737 21474 927705
10737 21475 471342
10738 21476 948
10738 21477 804731
10739 21478 941465
10739 21479 938308
10740 21480 948892
10740 21481 1000000
10741 21482 974707
10741 21483 750
10742 21484 922699
10742 21485 931657
10743 21486 913971
10743 21487 741
10744 21488 438
10744 21489 1000000
10745 21490 1
10745 21491 335076
10746 21492 1000000
10746 21493 549
10747 21494 967671
10747 21495 902098
10748 21496 276
10748 21497 979597
10749 21498 1000000
10749 21499 937019
10750 21500 928114
10750 21501 547545
10751 21502 992730
10751 21503 1000000
10752 21504 995001
10752 21505 1000000
10753 21506 403065
10753 21507 336680
10754 21508 1000000
10754 21509 500293
10755 21510 1
10755 21511 782803
10756 21512 36529
10756 21513 1
10757 21514 261043
10757 21515 433215
10758 21516 918432
10758 21517 939565
10759 21518 583
10759 21519 658
10760 21520 188
10760 21521 584
10761 21522 952336
10761 21523 932457
10762 21524 86
10762 21525 906793
10763 21526 937368
10763 21527 854
10764 21528 407169
10764 21529 594844
10765 21530 497199
10765 21531 375516
10766 21532 244
10766 21533 1000000
10767 21534 925203
10767 21535 152
10768 21536 205745
10768 21537 756
10769 21538 961890
10769 21539 901061
10770 21540 1
10770 21541 1
10771 21542 472504
10771 21543 867359
10772 21544 1000000
10772 21545 84110
10773 21546 143240
10773 21547 1000000
10774 21548 646474
10774 21549 986558
10775 21550 495836
10775 21551 943501
10776 21552 815356
10776 21553 958835
10777 21554 264875
10777 21555 750949
10778 21556 86
10778 21557 905045
10779 21558 943
10779 21559 928370
10780 21560 203888
10780 21561 657528
10781 21562 213175
10781 21563 923107
10782 21564 338034
10782 21565 1000000
10783 21566 138611
10783 21567 1000000
10784 21568 518413
10784 21569 1000000
10785 21570 448917
10785 21571 887975
10786 21572 81165
10786 21573 169325
10787 21574 921736
10787 21575 1000000
10788 21576 927957
10788 21577 927084
10789 21578 83
10789 21579 975119
10790 21580 200088
10790 21581 72483
10791 21582 810943
10791 21583 999946
10792 21584 972005
10792 21585 972
10793 21586 997020
10793 21587 918513
10794 21588 1
10794 21589 23
10795 21590 164633
10795 21591 273
10796 21592 526
10796 21593 439
10797 21594 1
10797 21595 443956
10798 21596 1
10798 21597 963850
10799 21598 261845
10799 21599 3771
10800 21600 1000000
10800 21601 8123
10801 21602 1
10801 21603 453
10802 21604 596655
10802 21605 884218
10803 21606 984854
10803 21607 530602
10804 21608 991884
10804 21609 481544
10805 21610 272
10805 21611 568985
10806 21612 359892
10806 21613 658681
10807 21614 323
10807 21615 916411
10808 21616 142856
10808 21617 981173
10809 21618 912847
10809 21619 978637
10810 21620 1000000
10810 21621 1000000
10811 21622 946936
10811 21623 907881
10812 21624 905646
10812 21625 632767
10813 21626 984183
10813 21627 989873
10814 21628 435060
10814 21629 172356
10815 21630 129
10815 21631 958812
10816 21632 974541
10816 21633 829
10817 21634 100989
10817 21635 976742
10818 21636 981683
10818 21637 172
10819 21638 139
10819 21639 973757
10820 21640 918134
10820 21641 345
10821 21642 978718
10821 21643 982077
10822 21644 728340
10822 21645 921372
10823 21646 438
10823 21647 901784
10824 21648 930129
10824 21649 988
10825 21650 986683
10825 21651 595123
10826 21652 256590
10826 21653 926637
10827 21654 728
10827 21655 995454
10828 21656 403
10828 21657 904164
10829 21658 786878
10829 21659 599
10830 21660 901200
10830 21661 449453
10831 21662 167798
10831 21663 937915
10832 21664 958273
10832 21665 978284
10833 21666 973198
10833 21667 942135
10834 21668 451387
10834 21669 728930
10835 21670 146558
10835 21671 627618
10836 21672 983046
10836 21673 959737
10837 21674 51452
10837 21675 917826
10838 21676 790
10838 21677 970464
10839 21678 376
10839 21679 991279
10840 21680 799
10840 21681 293986
10841 21682 200684
10841 21683 240
10842 21684 942374
10842 21685 443394
10843 21686 904016
10843 21687 550117
10844 21688 263
10844 21689 739
10845 21690 948112
10845 21691 1000000
10846 21692 1000000
10846 21693 1
10847 21694 266978
10847 21695 741908
10848 21696 1000000
10848 21697 978687
10849 21698 1
10849 21699 907532
10850 21700 1000000
10850 21701 1000000
10851 21702 983985
10851 21703 745
10852 21704 1000000
10852 21705 978858
10853 21706 970303
10853 21707 907861
10854 21708 976246
10854 21709 176
10855 21710 928842
10855 21711 3
10856 21712 512391
10856 21713 950072
10857 21714 866
10857 21715 1539
10858 21716 990028
10858 21717 953221
10859 21718 792
10859 21719 1000000
10860 21720 449849
10860 21721 959483
10861 21722 535495
10861 21723 970697
10862 21724 387553
10862 21725 77
10863 21726 299946
10863 21727 787690
10864 21728 977317
10864 21729 787
10865 21730 974288
10865 21731 515206
10866 21732 922277
10866 21733 1
10867 21734 1
10867 21735 319787
10868 21736 238125
10868 21737 1000000
10869 21738 4953
10869 21739 583
10870 21740 848817
10870 21741 926213
10871 21742 910313
10871 21743 1
10872 21744 206921
10872 21745 948980
10873 21746 967191
10873 21747 968267
10874 21748 153017
10874 21749 988410
10875 21750 489658
10875 21751 508581
10876 21752 933499
10876 21753 276725
10877 21754 984217
10877 21755 817
10878 21756 24219
10878 21757 1000000
10879 21758 344094
10879 21759 909451
10880 21760 83042
10880 21761 611728
10881 21762 1000000
10881 21763 922
10882 21764 1000000
10882 21765 961
10883 21766 272
10883 21767 64
10884 21768 217867
10884 21769 936118
10885 21770 620836
10885 21771 181
10886 21772 621227
10886 21773 939614
10887 21774 572843
10887 21775 764819
10888 21776 1000000
10888 21777 316298
10889 21778 927235
10889 21779 915605
10890 21780 1
10890 21781 521568
10891 21782 1
10891 21783 912494
10892 21784 236
10892 21785 833583
10893 21786 388338
10893 21787 226069
10894 21788 943302
10894 21789 947334
10895 21790 969791
10895 21791 240703
10896 21792 262869
10896 21793 909214
10897 21794 70974
10897 21795 1
10898 21796 773
10898 21797 365144
10899 21798 229733
10899 21799 668590
10900 21800 958648
10900 21801 993423
10901 21802 132156
10901 21803 989420
10902 21804 997573
10902 21805 836506
10903 21806 1000000
10903 21807 1000000
10904 21808 363
10904 21809 978840
10905 21810 968100
10905 21811 940618
10906 21812 904554
10906 21813 72091
10907 21814 479145
10907 21815 972219
10908 21816 1
10908 21817 197
10909 21818 730825
10909 21819 1
10910 21820 568348
10910 21821 476
10911 21822 1000000
10911 21823 875027
10912 21824 960720
10912 21825 906348
10913 21826 914387
10913 21827 1000000
10914 21828 1000000
10914 21829 548
10915 21830 1000000
10915 21831 963656
10916 21832 913853
10916 21833 754913
10917 21834 1
10917 21835 45482
10918 21836 948594
10918 21837 1000000
10919 21838 615
10919 21839 1000000
10920 21840 934974
10920 21841 1000000
10921 21842 981095
10921 21843 973695
10922 21844 217139
10922 21845 313500
10923 21846 939507
10923 21847 926711
10924 21848 1000000
10924 21849 1000000
10925 21850 130
10925 21851 787
10926 21852 493
10926 21853 1
10927 21854 211979
10927 21855 1000000
10928 21856 480989
10928 21857 232692
10929 21858 483
10929 21859 1000000
10930 21860 992383
10930 21861 1000000
10931 21862 711
10931 21863 826
10932 21864 975804
10932 21865 693
10933 21866 990779
10933 21867 83248
10934 21868 779
10934 21869 306000
10935 21870 929323
10935 21871 924797
10936 21872 859714
10936 21873 97725
10937 21874 901984
10937 21875 995974
10938 21876 355
10938 21877 779647
10939 21878 276
10939 21879 820
10940 21880 659861
10940 21881 125762
10941 21882 1000000
10941 21883 605505
10942 21884 496021
10942 21885 296209
10943 21886 1000000
10943 21887 903709
10944 21888 975384
10944 21889 171
10945 21890 325
10945 21891 994711
10946 21892 969228
10946 21893 956355
10947 21894 281
10947 21895 924945
10948 21896 567
10948 21897 948256
10949 21898 919440
10949 21899 673
10950 21900 947369
10950 21901 924281
10951 21902 512364
10951 21903 971993
10952 21904 462025
10952 21905 1000000
10953 21906 206126
10953 21907 75816
10954 21908 979511
10954 21909 85
10955 21910 1000000
10955 21911 1
10956 21912 1
10956 21913 18
10957 21914 934878
10957 21915 981416
10958 21916 101
10958 21917 942259
10959 21918 775516
10959 21919 1
10960 21920 602
10960 21921 45664
10961 21922 822368
10961 21923 91
10962 21924 626
10962 21925 965883
10963 21926 718666
10963 21927 5108
10964 21928 975425
10964 21929 1000000
10965 21930 678386
10965 21931 564416
10966 21932 110
10966 21933 935102
10967 21934 188
10967 21935 618775
10968 21936 967958
10968 21937 691928
10969 21938 455497
10969 21939 16745
10970 21940 956708
10970 21941 204432
10971 21942 1000000
10971 21943 895846
10972 21944 1
10972 21945 919794
10973 21946 282542
10973 21947 57
10974 21948 1000000
10974 21949 1
10975 21950 951269
10975 21951 1
10976 21952 1000000
10976 21953 421603
10977 21954 755559
10977 21955 958029
10978 21956 128377
10978 21957 91
10979 21958 407
10979 21959 640917
10980 21960 899649
10980 21961 175654
10981 21962 171
10981 21963 353
10982 21964 905990
10982 21965 731
10983 21966 976292
10983 21967 743
10984 21968 958603
10984 21969 915819
10985 21970 588
10985 21971 39
10986 21972 377787
10986 21973 433852
10987 21974 176038
10987 21975 1000000
10988 21976 972727
10988 21977 902281
10989 21978 935623
10989 21979 1
10990 21980 998052
10990 21981 285
10991 21982 282
10991 21983 938483
10992 21984 1
10992 21985 993266
10993 21986 950206
10993 21987 38251
10994 21988 219463
10994 21989 979939
10995 21990 940604
10995 21991 653
10996 21992 775
10996 21993 642
10997 21994 641692
10997 21995 278
10998 21996 938561
10998 21997 50515
10999 21998 357062
10999 21999 978614
11000 22000 490948
11000 22001 928402
11001 22002 969863
11001 22003 150
11002 22004 80544
11002 22005 1
11003 22006 403662
11003 22007 960391
11004 22008 333
11004 22009 927060
11005 22010 979256
11005 22011 962
11006 22012 918452
11006 22013 205228
11007 22014 919067
11007 22015 1000000
11008 22016 968003
11008 22017 1000000
11009 22018 591
11009 22019 942409
11010 22020 852735
11010 22021 956329
11011 22022 704
11011 22023 838604
11012 22024 1
11012 22025 175
11013 22026 51098
11013 22027 1000000
11014 22028 917250
11014 22029 1000000
11015 22030 573
11015 22031 638
11016 22032 934154
11016 22033 918458
11017 22034 304719
11017 22035 885769
11018 22036 656444
11018 22037 1
11019 22038 828
11019 22039 961922
11020 22040 993777
11020 22041 350258
11021 22042 194949
11021 22043 260
11022 22044 996007
11022 22045 234019
11023 22046 854577
11023 22047 96709
11024 22048 957666
11024 22049 366
11025 22050 1000000
11025 22051 973137
11026 22052 628284
11026 22053 993184
11027 22054 98300
11027 22055 992004
11028 22056 988420
11028 22057 974934
11029 22058 999771
11029 22059 345463
11030 22060 1000000
11030 22061 982391
11031 22062 985565
11031 22063 476917
11032 22064 903169
11032 22065 1000000
11033 22066 901628
11033 22067 183132
11034 22068 693675
11034 22069 977809
11035 22070 595
11035 22071 120
11036 22072 906815
11036 22073 37214
11037 22074 925663
11037 22075 850362
11038 22076 975161
11038 22077 1000000
11039 22078 428503
11039 22079 939882
11040 22080 76
11040 22081 913861
11041 22082 844
11041 22083 816652
11042 22084 919527
11042 22085 1000000
11043 22086 647
11043 22087 23
11044 22088 920420
11044 22089 994952
11045 22090 1000000
11045 22091 945438
11046 22092 989818
11046 22093 971655
11047 22094 222
11047 22095 386
11048 22096 184765
11048 22097 1000000
11049 22098 1
11049 22099 941294
11050 22100 986267
11050 22101 950360
11051 22102 252
11051 22103 458
11052 22104 973771
11052 22105 921347
11053 22106 315
11053 22107 905676
11054 22108 614
11054 22109 536
11055 22110 925519
11055 22111 234
11056 22112 928504
11056 22113 941918
11057 22114 601665
11057 22115 617
11058 22116 101
11058 22117 153986
11059 22118 756864
11059 22119 925679
11060 22120 195250
11060 22121 73
11061 22122 977560
11061 22123 506954
11062 22124 876901
11062 22125 851370
11063 22126 970286
11063 22127 937
11064 22128 547304
11064 22129 919
11065 22130 1
11065 22131 967599
11066 22132 78
11066 22133 1000000
11067 22134 254
11067 22135 957064
11068 22136 217586
11068 22137 933
11069 22138 595
11069 22139 936033
11070 22140 941337
11070 22141 580204
11071 22142 994048
11071 22143 913882
11072 22144 936179
11072 22145 990758
11073 22146 294
11073 22147 972223
11074 22148 1
11074 22149 1000000
11075 22150 385
11075 22151 974929
11076 22152 771
11076 22153 1000000
11077 22154 957638
11077 22155 276
11078 22156 754006
11078 22157 1000000
11079 22158 34339
11079 22159 494830
11080 22160 1000000
11080 22161 986142
11081 22162 1000000
11081 22163 930436
11082 22164 1000000
11082 22165 749
11083 22166 982996
11083 22167 971686
11084 22168 623
11084 22169 916034
11085 22170 1000000
11085 22171 149
11086 22172 469436
11086 22173 922466
11087 22174 414349
11087 22175 1
11088 22176 543147
11088 22177 935637
11089 22178 568449
11089 22179 884222
11090 22180 925962
11090 22181 175
11091 22182 946396
11091 22183 169
11092 22184 58
11092 22185 913298
11093 22186 909621
11093 22187 11435
11094 22188 996554
11094 22189 984870
11095 22190 180390
11095 22191 1000000
11096 22192 55
11096 22193 955916
11097 22194 994189
11097 22195 722410
11098 22196 24
11098 22197 545
11099 22198 408427
11099 22199 768370
11100 22200 941035
11100 22201 61819
11101 22202 480948
11101 22203 665340
11102 22204 1000000
11102 22205 452
11103 22206 134478
11103 22207 624053
11104 22208 1000000
11104 22209 54
11105 22210 185
11105 22211 885298
11106 22212 741840
11106 22213 970364
11107 22214 733687
11107 22215 1000000
11108 22216 695825
11108 22217 998581
11109 22218 961047
11109 22219 484288
11110 22220 464
11110 22221 1000000
11111 22222 415160
11111 22223 165
11112 22224 711742
11112 22225 986341
11113 22226 179140
11113 22227 919630
11114 22228 577265
11114 22229 830937
11115 22230 958130
11115 22231 987568
11116 22232 679811
11116 22233 391000
11117 22234 542071
11117 22235 1000000
11118 22236 991029
11118 22237 21
11119 22238 991408
11119 22239 1000000
11120 22240 518105
11120 22241 221515
11121 22242 592
11121 22243 397153
11122 22244 797
11122 22245 1
11123 22246 220
11123 22247 918348
11124 22248 1000000
11124 22249 1
11125 22250 957338
11125 22251 444957
11126 22252 926660
11126 22253 955687
11127 22254 1
11127 22255 890167
11128 22256 980321
11128 22257 439753
11129 22258 600905
11129 22259 1000000
11130 22260 453854
11130 22261 203429
11131 22262 893277
11131 22263 146134
11132 22264 74
11132 22265 972903
11133 22266 1000000
11133 22267 1
11134 22268 974602
11134 22269 642306
11135 22270 933113
11135 22271 150625
11136 22272 926201
11136 22273 1000000
11137 22274 981672
11137 22275 1000000
11138 22276 962
11138 22277 1
11139 22278 691773
11139 22279 768
11140 22280 979293
11140 22281 1
11141 22282 997326
11141 22283 1000000
11142 22284 624504
11142 22285 1
11143 22286 937
11143 22287 976558
11144 22288 76556
11144 22289 220
11145 22290 1000000
11145 22291 458325
11146 22292 366296
11146 22293 181
11147 22294 1000000
11147 22295 1
11148 22296 146119
11148 22297 981293
11149 22298 511003
11149 22299 1000000
11150 22300 885179
11150 22301 987770
11151 22302 671
11151 22303 562547
11152 22304 555451
11152 22305 964
11153 22306 5577
11153 22307 287978
11154 22308 775938
11154 22309 337065
11155 22310 139873
11155 22311 816952
11156 22312 85
11156 22313 978031
11157 22314 711
11157 22315 383836
11158 22316 632848
11158 22317 60
11159 22318 999019
11159 22319 56
11160 22320 563174
11160 22321 920000
11161 22322 448
11161 22323 1000000
11162 22324 693380
11162 22325 642062
11163 22326 980702
11163 22327 497076
11164 22328 710
11164 22329 464563
11165 22330 947
11165 22331 640287
11166 22332 1
11166 22333 905625
11167 22334 947178
11167 22335 957164
11168 22336 704
11168 22337 673046
11169 22338 1
11169 22339 1000000
11170 22340 79
11170 22341 767116
11171 22342 359357
11171 22343 677374
11172 22344 525355
11172 22345 928533
11173 22346 459598
11173 22347 296981
11174 22348 905416
11174 22349 889
11175 22350 379
11175 22351 768
11176 22352 13
11176 22353 841245
11177 22354 879000
11177 22355 106600
11178 22356 958173
11178 22357 1
11179 22358 362999
11179 22359 442442
11180 22360 1000000
11180 22361 1000000
11181 22362 252630
11181 22363 106727
11182 22364 940837
11182 22365 813985
11183 22366 681
11183 22367 397111
11184 22368 425475
11184 22369 762084
11185 22370 635482
11185 22371 534859
11186 22372 232121
11186 22373 678709
11187 22374 546
11187 22375 606
11188 22376 412
11188 22377 728438
11189 22378 960630
11189 22379 26
11190 22380 1000000
11190 22381 683
11191 22382 936636
11191 22383 1000000
11192 22384 981937
11192 22385 244789
11193 22386 852
11193 22387 667
11194 22388 1000000
11194 22389 1000000
11195 22390 932664
11195 22391 962019
11196 22392 342219
11196 22393 926755
11197 22394 964671
11197 22395 714426
11198 22396 511623
11198 22397 574995
11199 22398 1000000
11199 22399 985739
11200 22400 987061
11200 22401 961586
11201 22402 360
11201 22403 992761
11202 22404 745
11202 22405 616675
11203 22406 571241
11203 22407 1
11204 22408 502388
11204 22409 546262
11205 22410 949935
11205 22411 320
11206 22412 845140
11206 22413 515860
11207 22414 131
11207 22415 913499
11208 22416 1
11208 22417 965420
11209 22418 243618
11209 22419 903875
11210 22420 190498
11210 22421 463
11211 22422 20587
11211 22423 1
11212 22424 1
11212 22425 951946
11213 22426 445
11213 22427 1
11214 22428 1000000
11214 22429 80992
11215 22430 976471
11215 22431 860919
11216 22432 1
11216 22433 396719
11217 22434 333195
11217 22435 317031
11218 22436 476617
11218 22437 142854
11219 22438 132
11219 22439 979756
11220 22440 197
11220 22441 855266
11221 22442 72740
11221 22443 939969
11222 22444 953
11222 22445 657896
11223 22446 362317
11223 22447 954618
11224 22448 968712
11224 22449 858654
11225 22450 994624
11225 22451 981
11226 22452 916
11226 22453 963556
11227 22454 999055
11227 22455 906667
11228 22456 817
11228 22457 500
11229 22458 115
11229 22459 119107
11230 22460 981096
11230 22461 305975
11231 22462 163
11231 22463 208
11232 22464 965313
11232 22465 937290
11233 22466 431
11233 22467 180067
11234 22468 301932
11234 22469 55915
11235 22470 976350
11235 22471 931157
11236 22472 936491
11236 22473 937340
11237 22474 1000000
11237 22475 365721
11238 22476 960470
11238 22477 516838
11239 22478 90330
11239 22479 910024
11240 22480 590388
11240 22481 423164
11241 22482 378761
11241 22483 910972
11242 22484 1000000
11242 22485 132
11243 22486 338
11243 22487 124386
11244 22488 1000000
11244 22489 931117
11245 22490 163
11245 22491 905
11246 22492 956618
11246 22493 56
11247 22494 694925
11247 22495 244809
11248 22496 118
11248 22497 924801
11249 22498 285
11249 22499 696901
11250 22500 1000000
11250 22501 953
11251 22502 995368
11251 22503 215
11252 22504 623711
11252 22505 950109
11253 22506 967168
11253 22507 301343
11254 22508 1000000
11254 22509 265608
11255 22510 1000000
11255 22511 1000000
11256 22512 1000000
11256 22513 1000000
11257 22514 1000000
11257 22515 489
11258 22516 817642
11258 22517 962030
11259 22518 923031
11259 22519 947880
11260 22520 207
11260 22521 841
11261 22522 985229
11261 22523 428
11262 22524 149717
11262 22525 971952
11263 22526 954478
11263 22527 181688
11264 22528 1
11264 22529 1000000
11265 22530 940095
11265 22531 849349
11266 22532 921704
11266 22533 48309
11267 22534 624
11267 22535 279381
11268 22536 491945
11268 22537 573
11269 22538 252
11269 22539 958374
11270 22540 270
11270 22541 955
11271 22542 914995
11271 22543 949024
11272 22544 572
11272 22545 179403
11273 22546 528536
11273 22547 912554
11274 22548 408094
11274 22549 654
11275 22550 919910
11275 22551 955800
11276 22552 255
11276 22553 111751
11277 22554 943432
11277 22555 810307
11278 22556 905
11278 22557 882
11279 22558 63358
11279 22559 803661
11280 22560 909379
11280 22561 992578
11281 22562 919096
11281 22563 1000000
11282 22564 905577
11282 22565 1
11283 22566 1000000
11283 22567 149
11284 22568 34592
11284 22569 939656
11285 22570 986563
11285 22571 1000000
11286 22572 1
11286 22573 489667
11287 22574 760926
11287 22575 587
11288 22576 988095
11288 22577 874127
11289 22578 725932
11289 22579 646763
11290 22580 895822
11290 22581 662
11291 22582 1000000
11291 22583 945748
11292 22584 218666
11292 22585 610392
11293 22586 360348
11293 22587 930450
11294 22588 395
11294 22589 22
11295 22590 962190
11295 22591 538
11296 22592 192677
11296 22593 1000000
11297 22594 1000000
11297 22595 529
11298 22596 716
11298 22597 915609
11299 22598 479
11299 22599 1000000
11300 22600 1
11300 22601 1000000
11301 22602 870002
11301 22603 944
11302 22604 157227
11302 22605 965948
11303 22606 1000000
11303 22607 923590
11304 22608 612
11304 22609 642880
11305 22610 978872
11305 22611 909694
11306 22612 1
11306 22613 987981
11307 22614 428
11307 22615 1000000
11308 22616 974662
11308 22617 871
11309 22618 164774
11309 22619 422937
11310 22620 564
11310 22621 1
11311 22622 887
11311 22623 569290
11312 22624 918645
11312 22625 921361
11313 22626 942777
11313 22627 955803
11314 22628 727446
11314 22629 489712
11315 22630 950404
11315 22631 688
11316 22632 9
11316 22633 919849
11317 22634 616
11317 22635 1000000
11318 22636 746
11318 22637 950020
11319 22638 970563
11319 22639 729181
11320 22640 304
11320 22641 937732
11321 22642 1
11321 22643 207
11322 22644 970399
11322 22645 394457
11323 22646 290405
11323 22647 904874
11324 22648 363557
11324 22649 870008
11325 22650 247
11325 22651 472
11326 22652 983237
11326 22653 912846
11327 22654 968686
11327 22655 616143
11328 22656 992682
11328 22657 580765
11329 22658 39970
11329 22659 591137
11330 22660 33834
11330 22661 947379
11331 22662 61189
11331 22663 1000000
11332 22664 574577
11332 22665 1000000
11333 22666 716
11333 22667 965458
11334 22668 973898
11334 22669 991229
11335 22670 747
11335 22671 46
11336 22672 1000000
11336 22673 463144
11337 22674 1
11337 22675 985891
11338 22676 65383
11338 22677 552813
11339 22678 935
11339 22679 923
11340 22680 929340
11340 22681 1
11341 22682 34368
11341 22683 161
11342 22684 997963
11342 22685 591
11343 22686 998688
11343 22687 882332
11344 22688 998803
11344 22689 846
11345 22690 167
11345 22691 945299
11346 22692 1000000
11346 22693 993
11347 22694 1000000
11347 22695 432615
11348 22696 430
11348 22697 196215
11349 22698 1000000
11349 22699 914325
11350 22700 472
11350 22701 852
11351 22702 239541
11351 22703 857860
11352 22704 772
11352 22705 993322
11353 22706 594726
11353 22707 1
11354 22708 915975
11354 22709 933124
11355 22710 557488
11355 22711 904490
11356 22712 947409
11356 22713 821
11357 22714 132
11357 22715 843
11358 22716 617215
11358 22717 107593
11359 22718 315939
11359 22719 1000000
11360 22720 342
11360 22721 987231
11361 22722 225
11361 22723 903933
11362 22724 987055
11362 22725 556371
11363 22726 989905
11363 22727 399210
11364 22728 297
11364 22729 940243
11365 22730 954235
11365 22731 1
11366 22732 923336
11366 22733 97317
11367 22734 1000000
11367 22735 904681
11368 22736 821236
11368 22737 965
11369 22738 963920
11369 22739 133844
11370 22740 210399
11370 22741 1
11371 22742 1000000
11371 22743 413
11372 22744 193
11372 22745 990912
11373 22746 638
11373 22747 957003
11374 22748 635367
11374 22749 1000000
11375 22750 667
11375 22751 798
11376 22752 941873
11376 22753 1000000
11377 22754 973798
11377 22755 905811
11378 22756 904588
11378 22757 242
11379 22758 505810
11379 22759 535
11380 22760 1000000
11380 22761 972547
11381 22762 1
11381 22763 188722
11382 22764 771079
11382 22765 273414
11383 22766 930249
11383 22767 794721
11384 22768 951666
11384 22769 1000000
11385 22770 246147
11385 22771 760555
11386 22772 911372
11386 22773 593555
11387 22774 961918
11387 22775 799359
11388 22776 932848
11388 22777 766501
11389 22778 1000000
11389 22779 911016
11390 22780 703
11390 22781 319967
11391 22782 964646
11391 22783 970056
11392 22784 986185
11392 22785 172677
11393 22786 995452
11393 22787 976734
11394 22788 315
11394 22789 1000000
11395 22790 952700
11395 22791 817
11396 22792 902880
11396 22793 32049
11397 22794 598351
11397 22795 1000000
11398 22796 987515
11398 22797 1000000
11399 22798 349426
11399 22799 678704
11400 22800 950809
11400 22801 383
11401 22802 332
11401 22803 955432
11402 22804 140370
11402 22805 658439
11403 22806 984099
11403 22807 381666
11404 22808 717327
11404 22809 374877
11405 22810 1000000
11405 22811 497353
11406 22812 597
11406 22813 827941
11407 22814 360850
11407 22815 1000000
11408 22816 990754
11408 22817 185418
11409 22818 1000000
11409 22819 465690
11410 22820 509320
11410 22821 980615
11411 22822 21
11411 22823 948383
11412 22824 911533
11412 22825 883884
11413 22826 33284
11413 22827 659111
11414 22828 909788
11414 22829 1000000
11415 22830 180677
11415 22831 1
11416 22832 203468
11416 22833 989133
11417 22834 802271
11417 22835 911737
11418 22836 858
11418 22837 935229
11419 22838 729
11419 22839 977604
11420 22840 982906
11420 22841 448038
11421 22842 994146
11421 22843 820529
11422 22844 426
11422 22845 625719
11423 22846 60
11423 22847 37692
11424 22848 920496
11424 22849 942677
11425 22850 778
11425 22851 1000000
11426 22852 989971
11426 22853 938172
11427 22854 980557
11427 22855 937240
11428 22856 948503
11428 22857 918944
11429 22858 44708
11429 22859 940533
11430 22860 359896
11430 22861 962123
11431 22862 282624
11431 22863 962
11432 22864 455
11432 22865 927994
11433 22866 734875
11433 22867 942554
11434 22868 573752
11434 22869 155113
11435 22870 757
11435 22871 991785
11436 22872 947685
11436 22873 958522
11437 22874 592740
11437 22875 900261
11438 22876 613514
11438 22877 443800
11439 22878 936150
11439 22879 555
11440 22880 996251
11440 22881 939953
11441 22882 80558
11441 22883 1000000
11442 22884 469387
11442 22885 701
11443 22886 503708
11443 22887 182951
11444 22888 149277
11444 22889 1
11445 22890 466
11445 22891 874
11446 22892 565133
11446 22893 965685
11447 22894 920879
11447 22895 900079
11448 22896 1000000
11448 22897 987605
11449 22898 187449
11449 22899 154574
11450 22900 319530
11450 22901 114242
11451 22902 939774
11451 22903 1000000
11452 22904 998095
11452 22905 1
11453 22906 561710
11453 22907 908470
11454 22908 302721
11454 22909 490702
11455 22910 294716
11455 22911 710168
11456 22912 197551
11456 22913 909745
11457 22914 206638
11457 22915 596118
11458 22916 291
11458 22917 920249
11459 22918 1
11459 22919 1
11460 22920 900310
11460 22921 906771
11461 22922 468881
11461 22923 997788
11462 22924 816
11462 22925 468923
11463 22926 612
11463 22927 66374
11464 22928 538711
11464 22929 905490
11465 22930 103478
11465 22931 1
11466 22932 714
11466 22933 903817
11467 22934 759
11467 22935 662
11468 22936 998232
11468 22937 784155
11469 22938 984639
11469 22939 1000000
11470 22940 900304
11470 22941 981365
11471 22942 1000000
11471 22943 1000000
11472 22944 1000000
11472 22945 275246
11473 22946 21457
11473 22947 933993
11474 22948 367
11474 22949 134033
11475 22950 972086
11475 22951 616
11476 22952 1000000
11476 22953 1000000
11477 22954 953080
11477 22955 996772
11478 22956 320350
11478 22957 23
11479 22958 1
11479 22959 220
11480 22960 998418
11480 22961 945
11481 22962 97
11481 22963 922679
11482 22964 930240
11482 22965 1000000
11483 22966 931737
11483 22967 425
11484 22968 69
11484 22969 402631
11485 22970 317355
11485 22971 588656
11486 22972 1000000
11486 22973 475947
11487 22974 747531
11487 22975 979333
11488 22976 973287
11488 22977 932838
11489 22978 246671
11489 22979 639
11490 22980 139120
11490 22981 972707
11491 22982 421729
11491 22983 285851
11492 22984 637976
11492 22985 943432
11493 22986 441348
11493 22987 694
11494 22988 989267
11494 22989 399993
11495 22990 934598
11495 22991 122889
11496 22992 582
11496 22993 986348
11497 22994 1000000
11497 22995 1000000
11498 22996 834
11498 22997 913466
11499 22998 470146
11499 22999 1000000
11500 23000 903660
11500 23001 384
11501 23002 674749
11501 23003 990819
11502 23004 964746
11502 23005 929693
11503 23006 335654
11503 23007 960
11504 23008 369
11504 23009 857
11505 23010 32161
11505 23011 958948
11506 23012 791
11506 23013 617795
11507 23014 742737
11507 23015 950187
11508 23016 1000000
11508 23017 721
11509 23018 991164
11509 23019 1000000
11510 23020 32
11510 23021 947399
11511 23022 1000000
11511 23023 84554
11512 23024 1000000
11512 23025 412
11513 23026 364784
11513 23027 5
11514 23028 423
11514 23029 990294
11515 23030 1
11515 23031 992136
11516 23032 947147
11516 23033 111536
11517 23034 203306
11517 23035 525280
11518 23036 820
11518 23037 1000000
11519 23038 635472
11519 23039 1
11520 23040 303635
11520 23041 611283
11521 23042 552487
11521 23043 425471
11522 23044 980956
11522 23045 36449
11523 23046 933048
11523 23047 984547
11524 23048 301703
11524 23049 974341
11525 23050 476
11525 23051 1
11526 23052 395
11526 23053 1000000
11527 23054 366384
11527 23055 913317
11528 23056 1000000
11528 23057 296809
11529 23058 364
11529 23059 640
11530 23060 1000000
11530 23061 994297
11531 23062 1000000
11531 23063 901960
11532 23064 365
11532 23065 1000000
11533 23066 695757
11533 23067 951878
11534 23068 553827
11534 23069 811234
11535 23070 291627
11535 23071 588
11536 23072 923529
11536 23073 903115
11537 23074 435598
11537 23075 939169
11538 23076 910030
11538 23077 597253
11539 23078 1
11539 23079 703877
11540 23080 928359
11540 23081 884171
11541 23082 482063
11541 23083 424
11542 23084 975589
11542 23085 622
11543 23086 1
11543 23087 690
11544 23088 680080
11544 23089 921827
11545 23090 6
11545 23091 1000000
11546 23092 985856
11546 23093 789766
11547 23094 573361
11547 23095 988632
11548 23096 567299
11548 23097 653407
11549 23098 1
11549 23099 939758
11550 23100 922761
11550 23101 918643
11551 23102 903547
11551 23103 207466
11552 23104 289
11552 23105 1000000
11553 23106 727864
11553 23107 976241
11554 23108 146515
11554 23109 998017
11555 23110 170098
11555 23111 550769
11556 23112 918941
11556 23113 563093
11557 23114 1000000
11557 23115 506
11558 23116 661
11558 23117 512562
11559 23118 178
11559 23119 757
11560 23120 334
11560 23121 683186
11561 23122 911314
11561 23123 935526
11562 23124 718
11562 23125 236699
11563 23126 923329
11563 23127 952017
11564 23128 897
11564 23129 960557
11565 23130 900392
11565 23131 932
11566 23132 626
11566 23133 308505
11567 23134 1
11567 23135 786
11568 23136 639
11568 23137 958921
11569 23138 994305
11569 23139 773
11570 23140 620
11570 23141 921535
11571 23142 772515
11571 23143 354583
11572 23144 1
11572 23145 925120
11573 23146 940252
11573 23147 920709
11574 23148 1000000
11574 23149 934
11575 23150 392
11575 23151 444
11576 23152 1000000
11576 23153 1
11577 23154 749372
11577 23155 957960
11578 23156 900014
11578 23157 927617
11579 23158 108295
11579 23159 172620
11580 23160 1000000
11580 23161 52827
11581 23162 309428
11581 23163 574620
11582 23164 997442
11582 23165 766
11583 23166 676
11583 23167 780312
11584 23168 541
11584 23169 654687
11585 23170 971577
11585 23171 567629
11586 23172 544898
11586 23173 137
11587 23174 435554
11587 23175 1000000
11588 23176 835357
11588 23177 658373
11589 23178 625
11589 23179 980546
11590 23180 682891
11590 23181 28226
11591 23182 584
11591 23183 975803
11592 23184 107
11592 23185 932315
11593 23186 515696
11593 23187 100
11594 23188 905822
11594 23189 910323
11595 23190 963558
11595 23191 966860
11596 23192 411
11596 23193 702910
11597 23194 780319
11597 23195 923712
11598 23196 625
11598 23197 1000000
11599 23198 968256
11599 23199 1
11600 23200 1
11600 23201 805926
11601 23202 260175
11601 23203 1000000
11602 23204 219706
11602 23205 802197
11603 23206 1000000
11603 23207 947962
11604 23208 974483
11604 23209 926949
11605 23210 1000000
11605 23211 557556
11606 23212 523
11606 23213 978312
11607 23214 394139
11607 23215 937026
11608 23216 1000000
11608 23217 447146
11609 23218 1000000
11609 23219 884
11610 23220 575
11610 23221 910098
11611 23222 868
11611 23223 376209
11612 23224 285681
11612 23225 717
11613 23226 972158
11613 23227 1
11614 23228 968004
11614 23229 62581
11615 23230 44384
11615 23231 965443
11616 23232 504
11616 23233 725418
11617 23234 142
11617 23235 205970
11618 23236 943415
11618 23237 1
11619 23238 667619
11619 23239 482760
11620 23240 610
11620 23241 959993
11621 23242 1000000
11621 23243 805
11622 23244 296185
11622 23245 970640
11623 23246 86796
11623 23247 837667
11624 23248 162
11624 23249 999953
11625 23250 931411
11625 23251 983674
11626 23252 926225
11626 23253 982197
11627 23254 952526
11627 23255 625515
11628 23256 183201
11628 23257 205520
11629 23258 939252
11629 23259 971712
11630 23260 926700
11630 23261 932895
11631 23262 710808
11631 23263 1000000
11632 23264 983060
11632 23265 789
11633 23266 994321
11633 23267 729975
11634 23268 517
11634 23269 310375
11635 23270 297
11635 23271 1000000
11636 23272 917
11636 23273 963330
11637 23274 148216
11637 23275 1000000
11638 23276 941097
11638 23277 866
11639 23278 391131
11639 23279 972783
11640 23280 83
11640 23281 166063
11641 23282 904458
11641 23283 787136
11642 23284 932691
11642 23285 824
11643 23286 87792
11643 23287 256841
11644 23288 1
11644 23289 560650
11645 23290 624
11645 23291 903
11646 23292 913862
11646 23293 950400
11647 23294 917531
11647 23295 440794
11648 23296 1000000
11648 23297 900519
11649 23298 956672
11649 23299 1000000
11650 23300 980234
11650 23301 70063
11651 23302 544
11651 23303 394445
11652 23304 211557
11652 23305 32278
11653 23306 659
11653 23307 291060
11654 23308 991236
11654 23309 238
11655 23310 375648
11655 23311 469
11656 23312 1000000
11656 23313 967284
11657 23314 914949
11657 23315 946801
11658 23316 731048
11658 23317 75643
11659 23318 520349
11659 23319 927499
11660 23320 949505
11660 23321 277408
11661 23322 922126
11661 23323 680542
11662 23324 929650
11662 23325 461
11663 23326 957099
11663 23327 916364
11664 23328 197619
11664 23329 1000000
11665 23330 963011
11665 23331 495692
11666 23332 947679
11666 23333 904489
11667 23334 165
11667 23335 990236
11668 23336 987666
11668 23337 915453
11669 23338 943166
11669 23339 218770
11670 23340 1000000
11670 23341 970441
11671 23342 563507
11671 23343 899
11672 23344 972013
11672 23345 368258
11673 23346 1000000
11673 23347 1
11674 23348 943334
11674 23349 901463
11675 23350 1000000
11675 23351 914378
11676 23352 179
11676 23353 358206
11677 23354 359123
11677 23355 911
11678 23356 927177
11678 23357 577926
11679 23358 909385
11679 23359 704690
11680 23360 843
11680 23361 932437
11681 23362 318431
11681 23363 808
11682 23364 989506
11682 23365 999642
11683 23366 756
11683 23367 68127
11684 23368 998302
11684 23369 464
11685 23370 236314
11685 23371 1
11686 23372 228321
11686 23373 2798
11687 23374 410
11687 23375 933428
11688 23376 84935
11688 23377 317123
11689 23378 875123
11689 23379 685083
11690 23380 476
11690 23381 984820
11691 23382 1
11691 23383 352638
11692 23384 162147
11692 23385 401511
11693 23386 595703
11693 23387 936826
11694 23388 995276
11694 23389 932198
11695 23390 976
11695 23391 1000000
11696 23392 945917
11696 23393 938326
11697 23394 1
11697 23395 566074
11698 23396 917069
11698 23397 954783
11699 23398 921146
11699 23399 950008
11700 23400 894510
11700 23401 1000000
11701 23402 382782
11701 23403 908954
11702 23404 636002
11702 23405 383
11703 23406 645
11703 23407 294614
11704 23408 224498
11704 23409 963156
11705 23410 975848
11705 23411 911
11706 23412 398332
11706 23413 1000000
11707 23414 1000000
11707 23415 994958
11708 23416 40
11708 23417 508238
11709 23418 979479
11709 23419 176
11710 23420 1000000
11710 23421 819731
11711 23422 417
11711 23423 888
11712 23424 882
11712 23425 1
11713 23426 925525
11713 23427 374219
11714 23428 943293
11714 23429 932255
11715 23430 950387
11715 23431 35909
11716 23432 923252
11716 23433 982952
11717 23434 100
11717 23435 995597
11718 23436 598605
11718 23437 1000000
11719 23438 832639
11719 23439 1000000
11720 23440 972188
11720 23441 289
11721 23442 681977
11721 23443 691353
11722 23444 936856
11722 23445 964266
11723 23446 790431
11723 23447 917972
11724 23448 913419
11724 23449 364019
11725 23450 972254
11725 23451 927060
11726 23452 1
11726 23453 997461
11727 23454 952973
11727 23455 63206
11728 23456 866453
11728 23457 857784
11729 23458 1000000
11729 23459 805265
11730 23460 902717
11730 23461 830134
11731 23462 536733
11731 23463 753
11732 23464 439
11732 23465 985326
11733 23466 565918
11733 23467 618643
11734 23468 1000000
11734 23469 346772
11735 23470 706384
11735 23471 671363
11736 23472 57
11736 23473 812
11737 23474 374
11737 23475 953037
11738 23476 983
11738 23477 597098
11739 23478 988759
11739 23479 888371
11740 23480 1000000
11740 23481 714
11741 23482 907405
11741 23483 161835
11742 23484 944990
11742 23485 222321
11743 23486 995931
11743 23487 955331
11744 23488 1
11744 23489 1000000
11745 23490 902993
11745 23491 164
11746 23492 943263
11746 23493 16845
11747 23494 924013
11747 23495 930656
11748 23496 535
11748 23497 944401
11749 23498 985808
11749 23499 967980
11750 23500 989077
11750 23501 389082
11751 23502 196073
11751 23503 827
11752 23504 721
11752 23505 39628
11753 23506 924785
11753 23507 157
11754 23508 58326
11754 23509 980254
11755 23510 544
11755 23511 893
11756 23512 518819
11756 23513 929531
11757 23514 914934
11757 23515 918225
11758 23516 990325
11758 23517 73154
11759 23518 908392
11759 23519 908167
11760 23520 353
11760 23521 552686
11761 23522 97608
11761 23523 190251
11762 23524 995828
11762 23525 692698
11763 23526 917840
11763 23527 570350
11764 23528 997725
11764 23529 608012
11765 23530 851
11765 23531 352458
11766 23532 185
11766 23533 941154
11767 23534 803
11767 23535 996064
11768 23536 844805
11768 23537 905039
11769 23538 762
11769 23539 966836
11770 23540 576
11770 23541 351
11771 23542 635
11771 23543 944628
11772 23544 423642
11772 23545 900079
11773 23546 985460
11773 23547 88020
11774 23548 1000000
11774 23549 618271
11775 23550 998388
11775 23551 991016
11776 23552 745
11776 23553 181
11777 23554 883006
11777 23555 609
11778 23556 967831
11778 23557 906854
11779 23558 980027
11779 23559 73632
11780 23560 492661
11780 23561 200
11781 23562 636
11781 23563 205
11782 23564 916930
11782 23565 970044
11783 23566 913040
11783 23567 981495
11784 23568 938464
11784 23569 994136
11785 23570 1000000
11785 23571 279404
11786 23572 421276
11786 23573 988054
11787 23574 129405
11787 23575 668
11788 23576 927024
11788 23577 521998
11789 23578 930273
11789 23579 441
11790 23580 937551
11790 23581 574100
11791 23582 921211
11791 23583 987961
11792 23584 1
11792 23585 597852
11793 23586 99
11793 23587 1
11794 23588 874
11794 23589 422
11795 23590 1
11795 23591 786
11796 23592 874476
11796 23593 602
11797 23594 924
11797 23595 736036
11798 23596 464
11798 23597 996410
11799 23598 302
11799 23599 93426
11800 23600 905112
11800 23601 254897
11801 23602 459
11801 23603 814305
11802 23604 999838
11802 23605 1000000
11803 23606 1000000
11803 23607 778066
11804 23608 930351
11804 23609 1
11805 23610 973974
11805 23611 975
11806 23612 363498
11806 23613 515371
11807 23614 1
11807 23615 919
11808 23616 1000000
11808 23617 964894
11809 23618 1
11809 23619 746286
11810 23620 915915
11810 23621 1000000
11811 23622 945041
11811 23623 217328
11812 23624 860797
11812 23625 515
11813 23626 518
11813 23627 919501
11814 23628 585215
11814 23629 192247
11815 23630 1000000
11815 23631 954459
11816 23632 688154
11816 23633 967835
11817 23634 110478
11817 23635 286228
11818 23636 736013
11818 23637 875481
11819 23638 933513
11819 23639 942830
11820 23640 685412
11820 23641 974606
11821 23642 714423
11821 23643 909100
11822 23644 901843
11822 23645 932428
11823 23646 854
11823 23647 873500
11824 23648 981448
11824 23649 528
11825 23650 33826
11825 23651 157
11826 23652 635
11826 23653 426
11827 23654 930233
11827 23655 1000000
11828 23656 7000
11828 23657 691
11829 23658 984735
11829 23659 1
11830 23660 359566
11830 23661 910772
11831 23662 961404
11831 23663 586
11832 23664 142634
11832 23665 1000000
11833 23666 896883
11833 23667 911635
11834 23668 910934
11834 23669 427
11835 23670 238435
11835 23671 1000000
11836 23672 185877
11836 23673 889512
11837 23674 966744
11837 23675 961465
11838 23676 933916
11838 23677 1000000
11839 23678 909443
11839 23679 821719
11840 23680 362
11840 23681 1000000
11841 23682 954335
11841 23683 912287
11842 23684 523132
11842 23685 1000000
11843 23686 957293
11843 23687 900008
11844 23688 5189
11844 23689 689350
11845 23690 238
11845 23691 208306
11846 23692 577
11846 23693 664486
11847 23694 1000000
11847 23695 932946
11848 23696 575
11848 23697 912928
11849 23698 994241
11849 23699 911235
11850 23700 968748
11850 23701 259
11851 23702 976403
11851 23703 990798
11852 23704 118
11852 23705 460418
11853 23706 910264
11853 23707 1000000
11854 23708 938759
11854 23709 802004
11855 23710 1
11855 23711 545913
11856 23712 481302
11856 23713 561993
11857 23714 956595
11857 23715 649300
11858 23716 811157
11858 23717 993742
11859 23718 74103
11859 23719 911463
11860 23720 940630
11860 23721 1
11861 23722 934747
11861 23723 1000000
11862 23724 436
11862 23725 915601
11863 23726 941769
11863 23727 769391
11864 23728 304242
11864 23729 770
11865 23730 681594
11865 23731 939850
11866 23732 980723
11866 23733 957534
11867 23734 523
11867 23735 986
11868 23736 865
11868 23737 445
11869 23738 914
11869 23739 837
11870 23740 599049
11870 23741 768
11871 23742 986736
11871 23743 198592
11872 23744 977631
11872 23745 1000000
11873 23746 849652
11873 23747 918979
11874 23748 626196
11874 23749 1000000
11875 23750 974198
11875 23751 412548
11876 23752 1000000
11876 23753 952224
11877 23754 1000000
11877 23755 327487
11878 23756 120
11878 23757 582581
11879 23758 963756
11879 23759 809
11880 23760 267450
11880 23761 947777
11881 23762 949227
11881 23763 989131
11882 23764 636
11882 23765 287105
11883 23766 1000000
11883 23767 306
11884 23768 984758
11884 23769 131149
11885 23770 919341
11885 23771 1
11886 23772 956183
11886 23773 754693
11887 23774 993726
11887 23775 685671
11888 23776 194352
11888 23777 718
11889 23778 1000000
11889 23779 921
11890 23780 204076
11890 23781 903012
11891 23782 930444
11891 23783 116217
11892 23784 264
11892 23785 971644
11893 23786 974000
11893 23787 957551
11894 23788 928481
11894 23789 2077
11895 23790 440174
11895 23791 200880
11896 23792 362
11896 23793 715118
11897 23794 609534
11897 23795 927109
11898 23796 41841
11898 23797 1
11899 23798 856
11899 23799 681050
11900 23800 1000000
11900 23801 955189
11901 23802 262897
11901 23803 439
11902 23804 1
11902 23805 483
11903 23806 989835
11903 23807 562
11904 23808 966548
11904 23809 1
11905 23810 1
11905 23811 964698
11906 23812 749642
11906 23813 265
11907 23814 1000000
11907 23815 583
11908 23816 1
11908 23817 979632
11909 23818 987044
11909 23819 656637
11910 23820 928899
11910 23821 912626
11911 23822 360285
11911 23823 700939
11912 23824 966574
11912 23825 275293
11913 23826 148
11913 23827 126206
11914 23828 981794
11914 23829 640705
11915 23830 925833
11915 23831 1000000
11916 23832 944356
11916 23833 1000000
11917 23834 833225
11917 23835 931723
11918 23836 906668
11918 23837 820
11919 23838 427
11919 23839 912185
11920 23840 937128
11920 23841 843
11921 23842 1000000
11921 23843 21
11922 23844 527
11922 23845 437972
11923 23846 911726
11923 23847 253634
11924 23848 964761
11924 23849 650
11925 23850 667593
11925 23851 493526
11926 23852 1000000
11926 23853 688
11927 23854 934122
11927 23855 986046
11928 23856 614537
11928 23857 927558
11929 23858 1000000
11929 23859 473
11930 23860 514935
11930 23861 377913
11931 23862 834
11931 23863 181
11932 23864 1000000
11932 23865 1
11933 23866 955777
11933 23867 905699
11934 23868 176483
11934 23869 484
11935 23870 918311
11935 23871 288383
11936 23872 944017
11936 23873 565316
11937 23874 940023
11937 23875 969173
11938 23876 949994
11938 23877 1
11939 23878 121
11939 23879 910283
11940 23880 360276
11940 23881 714790
11941 23882 1
11941 23883 1000000
11942 23884 923594
11942 23885 1000000
11943 23886 857443
11943 23887 15955
11944 23888 961673
11944 23889 600698
11945 23890 402277
11945 23891 987021
11946 23892 908589
11946 23893 931040
11947 23894 173
11947 23895 1000000
11948 23896 1
11948 23897 460268
11949 23898 943748
11949 23899 380
11950 23900 1000000
11950 23901 970584
11951 23902 631
11951 23903 1000000
11952 23904 443334
11952 23905 562934
11953 23906 728828
11953 23907 969727
11954 23908 413
11954 23909 189868
11955 23910 131926
11955 23911 533467
11956 23912 215524
11956 23913 936593
11957 23914 904997
11957 23915 1000
11958 23916 144316
11958 23917 729
11959 23918 1
11959 23919 911724
11960 23920 997368
11960 23921 508
11961 23922 967218
11961 23923 630
11962 23924 189
11962 23925 369
11963 23926 887358
11963 23927 923010
11964 23928 1
11964 23929 991723
11965 23930 655388
11965 23931 605704
11966 23932 967568
11966 23933 630168
11967 23934 639
11967 23935 646820
11968 23936 381683
11968 23937 998
11969 23938 323
11969 23939 190
11970 23940 947325
11970 23941 965031
11971 23942 562
11971 23943 960137
11972 23944 829613
11972 23945 500
11973 23946 1000000
11973 23947 800
11974 23948 77
11974 23949 235567
11975 23950 901522
11975 23951 212
11976 23952 967893
11976 23953 1
11977 23954 287759
11977 23955 935265
11978 23956 984075
11978 23957 1000000
11979 23958 657
11979 23959 989788
11980 23960 1000000
11980 23961 645924
11981 23962 1000000
11981 23963 709745
11982 23964 903336
11982 23965 560326
11983 23966 19146
11983 23967 945775
11984 23968 189275
11984 23969 165
11985 23970 561545
11985 23971 899
11986 23972 992619
11986 23973 988066
11987 23974 958087
11987 23975 1000000
11988 23976 921739
11988 23977 1000000
11989 23978 667181
11989 23979 995738
11990 23980 903055
11990 23981 934865
11991 23982 829436
11991 23983 589
11992 23984 943350
11992 23985 401
11993 23986 68
11993 23987 989954
11994 23988 1000000
11994 23989 349
11995 23990 954589
11995 23991 1000000
11996 23992 733
11996 23993 277110
11997 23994 604
11997 23995 239002
11998 23996 672005
11998 23997 789072
11999 23998 124833
11999 23999 929953
12000 24000 903462
12000 24001 134979
12001 24002 449
12001 24003 328
12002 24004 939565
12002 24005 148
12003 24006 282469
12003 24007 300216
12004 24008 308
12004 24009 210667
12005 24010 422621
12005 24011 969110
12006 24012 1
12006 24013 950008
12007 24014 848135
12007 24015 1000000
12008 24016 368730
12008 24017 990936
12009 24018 1000000
12009 24019 1000000
12010 24020 737887
12010 24021 931338
12011 24022 995892
12011 24023 932965
12012 24024 955368
12012 24025 196662
12013 24026 585637
12013 24027 1000000
12014 24028 913031
12014 24029 733
12015 24030 966160
12015 24031 931824
12016 24032 985986
12016 24033 914038
12017 24034 331
12017 24035 151490
12018 24036 659
12018 24037 684826
12019 24038 798356
12019 24039 266318
12020 24040 301
12020 24041 1000000
12021 24042 256847
12021 24043 990258
12022 24044 296939
12022 24045 960681
12023 24046 23
12023 24047 911073
12024 24048 949477
12024 24049 1000000
12025 24050 872780
12025 24051 929128
12026 24052 147017
12026 24053 858255
12027 24054 423
12027 24055 915037
12028 24056 853
12028 24057 942865
12029 24058 101827
12029 24059 999262
12030 24060 375
12030 24061 1000000
12031 24062 619272
12031 24063 647341
12032 24064 907653
12032 24065 487389
12033 24066 904927
12033 24067 429
12034 24068 362136
12034 24069 958593
12035 24070 96
12035 24071 998103
12036 24072 960369
12036 24073 992123
12037 24074 1000000
12037 24075 992351
12038 24076 945669
12038 24077 148
12039 24078 136
12039 24079 602
12040 24080 999434
12040 24081 309965
12041 24082 705470
12041 24083 925175
12042 24084 1000000
12042 24085 173527
12043 24086 1000000
12043 24087 19
12044 24088 792369
12044 24089 147163
12045 24090 697981
12045 24091 176
12046 24092 647
12046 24093 360994
12047 24094 171
12047 24095 336221
12048 24096 117
12048 24097 934503
12049 24098 713
12049 24099 936710
12050 24100 558023
12050 24101 957656
12051 24102 594
12051 24103 1000000
12052 24104 973841
12052 24105 1000000
12053 24106 942557
12053 24107 909816
12054 24108 320
12054 24109 436636
12055 24110 907293
12055 24111 419488
12056 24112 1000000
12056 24113 996189
12057 24114 414449
12057 24115 122219
12058 24116 1
12058 24117 1000000
12059 24118 600880
12059 24119 848360
12060 24120 963458
12060 24121 906725
12061 24122 689
12061 24123 978579
12062 24124 956562
12062 24125 918378
12063 24126 969740
12063 24127 741
12064 24128 416918
12064 24129 293
12065 24130 465
12065 24131 472325
12066 24132 1
12066 24133 1000000
12067 24134 758841
12067 24135 395967
12068 24136 904012
12068 24137 931443
12069 24138 971610
12069 24139 1000000
12070 24140 227
12070 24141 849
12071 24142 397
12071 24143 885
12072 24144 1000000
12072 24145 918992
12073 24146 1000000
12073 24147 963167
12074 24148 508
12074 24149 970619
12075 24150 768849
12075 24151 956621
12076 24152 918677
12076 24153 330272
12077 24154 880
12077 24155 934045
12078 24156 1
12078 24157 203
12079 24158 976936
12079 24159 47
12080 24160 993351
12080 24161 921525
12081 24162 995840
12081 24163 968004
12082 24164 907740
12082 24165 114325
12083 24166 290
12083 24167 950393
12084 24168 279438
12084 24169 953583
12085 24170 741065
12085 24171 903
12086 24172 583818
12086 24173 974843
12087 24174 41157
12087 24175 985153
12088 24176 354654
12088 24177 738
12089 24178 427
12089 24179 510
12090 24180 916725
12090 24181 594555
12091 24182 257922
12091 24183 956488
12092 24184 401032
12092 24185 881552
12093 24186 1
12093 24187 119
12094 24188 929719
12094 24189 666
12095 24190 947953
12095 24191 987158
12096 24192 825516
12096 24193 970946
12097 24194 933603
12097 24195 41
12098 24196 663644
12098 24197 1000000
12099 24198 976107
12099 24199 926965
12100 24200 584
12100 24201 928168
12101 24202 479967
12101 24203 949876
12102 24204 341296
12102 24205 829
12103 24206 521
12103 24207 1000000
12104 24208 810958
12104 24209 534
12105 24210 907280
12105 24211 1000000
12106 24212 814
12106 24213 916075
12107 24214 1
12107 24215 962835
12108 24216 646150
12108 24217 959535
12109 24218 905924
12109 24219 941690
12110 24220 925858
12110 24221 959997
12111 24222 322
12111 24223 759
12112 24224 492844
12112 24225 948077
12113 24226 713
12113 24227 900545
12114 24228 165
12114 24229 1000000
12115 24230 512429
12115 24231 992961
12116 24232 1000000
12116 24233 598
12117 24234 453255
12117 24235 953201
12118 24236 424
12118 24237 378930
12119 24238 957901
12119 24239 227
12120 24240 910914
12120 24241 796943
12121 24242 922306
12121 24243 1
12122 24244 116465
12122 24245 599
12123 24246 943437
12123 24247 18083
12124 24248 1
12124 24249 760479
12125 24250 488800
12125 24251 15220
12126 24252 512
12126 24253 839
12127 24254 171
12127 24255 1000000
12128 24256 848
12128 24257 258
12129 24258 83914
12129 24259 1000000
12130 24260 317524
12130 24261 699
12131 24262 463690
12131 24263 932364
12132 24264 341
12132 24265 1000000
12133 24266 952331
12133 24267 933239
12134 24268 965623
12134 24269 699
12135 24270 979605
12135 24271 186
12136 24272 994577
12136 24273 902286
12137 24274 936165
12137 24275 671
12138 24276 928222
12138 24277 488
12139 24278 1000000
12139 24279 962258
12140 24280 1000
12140 24281 940385
12141 24282 976403
12141 24283 519905
12142 24284 959302
12142 24285 941562
12143 24286 912399
12143 24287 972549
12144 24288 928070
12144 24289 985910
12145 24290 927643
12145 24291 765956
12146 24292 61006
12146 24293 155
12147 24294 564370
12147 24295 158
12148 24296 266
12148 24297 921419
12149 24298 959023
12149 24299 1
12150 24300 180766
12150 24301 979847
12151 24302 968970
12151 24303 937412
12152 24304 271771
12152 24305 1
12153 24306 945891
12153 24307 924919
12154 24308 934
12154 24309 970174
12155 24310 969002
12155 24311 978756
12156 24312 953330
12156 24313 1000000
12157 24314 1
12157 24315 692832
12158 24316 205620
12158 24317 494
12159 24318 922882
12159 24319 1000000
12160 24320 349
12160 24321 720212
12161 24322 900119
12161 24323 612269
12162 24324 449937
12162 24325 957255
12163 24326 953593
12163 24327 1000000
12164 24328 176646
12164 24329 966
12165 24330 916302
12165 24331 829147
12166 24332 1000000
12166 24333 774
12167 24334 960229
12167 24335 21
12168 24336 998679
12168 24337 1
12169 24338 910258
12169 24339 966508
12170 24340 909698
12170 24341 943380
12171 24342 168177
12171 24343 946993
12172 24344 155146
12172 24345 940995
12173 24346 936467
12173 24347 552
12174 24348 907538
12174 24349 951451
12175 24350 968614
12175 24351 564681
12176 24352 716912
12176 24353 918050
12177 24354 670745
12177 24355 578
12178 24356 259
12178 24357 693087
12179 24358 912882
12179 24359 474118
12180 24360 660
12180 24361 907170
12181 24362 114
12181 24363 906142
12182 24364 422579
12182 24365 1
12183 24366 1000000
12183 24367 420
12184 24368 178634
12184 24369 519
12185 24370 938035
12185 24371 1000000
12186 24372 641369
12186 24373 1000000
12187 24374 992147
12187 24375 1
12188 24376 1
12188 24377 646
12189 24378 1000000
12189 24379 1516
12190 24380 54
12190 24381 993127
12191 24382 13
12191 24383 95930
12192 24384 1
12192 24385 939503
12193 24386 1000000
12193 24387 909803
12194 24388 847924
12194 24389 490753
12195 24390 389310
12195 24391 704
12196 24392 150274
12196 24393 154010
12197 24394 949075
12197 24395 987521
12198 24396 1
12198 24397 688087
12199 24398 940803
12199 24399 38069
12200 24400 982930
12200 24401 1
12201 24402 255109
12201 24403 594
12202 24404 827877
12202 24405 443090
12203 24406 573
12203 24407 956861
12204 24408 163992
12204 24409 334
12205 24410 813273
12205 24411 939989
12206 24412 639475
12206 24413 715
12207 24414 1000000
12207 24415 105
12208 24416 303
12208 24417 938327
12209 24418 425779
12209 24419 949575
12210 24420 930727
12210 24421 1000000
12211 24422 544077
12211 24423 202982
12212 24424 972930
12212 24425 942544
12213 24426 719755
12213 24427 173470
12214 24428 46816
12214 24429 1000000
12215 24430 686231
12215 24431 992819
12216 24432 913511
12216 24433 998786
12217 24434 436306
12217 24435 979734
12218 24436 398476
12218 24437 516577
12219 24438 996309
12219 24439 386
12220 24440 660028
12220 24441 835082
12221 24442 903216
12221 24443 359295
12222 24444 949119
12222 24445 585
12223 24446 914132
12223 24447 462
12224 24448 666
12224 24449 503740
12225 24450 980056
12225 24451 910967
12226 24452 944508
12226 24453 80
12227 24454 790605
12227 24455 347440
12228 24456 1
12228 24457 987138
12229 24458 1000000
12229 24459 999309
12230 24460 916940
12230 24461 1000000
12231 24462 981001
12231 24463 944443
12232 24464 313
12232 24465 999393
12233 24466 216365
12233 24467 963560
12234 24468 931931
12234 24469 1
12235 24470 999245
12235 24471 977908
12236 24472 993272
12236 24473 975334
12237 24474 931028
12237 24475 222103
12238 24476 922737
12238 24477 563622
12239 24478 942239
12239 24479 686143
12240 24480 826605
12240 24481 436107
12241 24482 292
12241 24483 790
12242 24484 956344
12242 24485 980449
12243 24486 213
12243 24487 971241
12244 24488 438137
12244 24489 358499
12245 24490 971924
12245 24491 508
12246 24492 709454
12246 24493 606891
12247 24494 987713
12247 24495 152
12248 24496 839242
12248 24497 928303
12249 24498 398660
12249 24499 458623
12250 24500 679
12250 24501 1000000
12251 24502 976591
12251 24503 7555
12252 24504 1000000
12252 24505 974684
12253 24506 931539
12253 24507 376877
12254 24508 1000000
12254 24509 793
12255 24510 925
12255 24511 935647
12256 24512 940625
12256 24513 670877
12257 24514 1000000
12257 24515 32
12258 24516 963326
12258 24517 970
12259 24518 717717
12259 24519 935458
12260 24520 56
12260 24521 693585
12261 24522 689587
12261 24523 987910
12262 24524 1000000
12262 24525 921483
12263 24526 985580
12263 24527 987108
12264 24528 1000000
12264 24529 566725
12265 24530 919740
12265 24531 1
12266 24532 1000000
12266 24533 343
12267 24534 420040
12267 24535 380
12268 24536 983464
12268 24537 113637
12269 24538 926510
12269 24539 426329
12270 24540 607
12270 24541 795456
12271 24542 546927
12271 24543 906577
12272 24544 919628
12272 24545 998321
12273 24546 272768
12273 24547 967609
12274 24548 630480
12274 24549 811038
12275 24550 107018
12275 24551 196407
12276 24552 927744
12276 24553 901796
12277 24554 929585
12277 24555 908
12278 24556 952726
12278 24557 460574
12279 24558 26
12279 24559 118594
12280 24560 700079
12280 24561 241
12281 24562 474
12281 24563 1000000
12282 24564 586054
12282 24565 47448
12283 24566 460
12283 24567 459
12284 24568 87605
12284 24569 867481
12285 24570 1000000
12285 24571 920125
12286 24572 674
12286 24573 945399
12287 24574 943512
12287 24575 1
12288 24576 1000000
12288 24577 1000000
12289 24578 938
12289 24579 970470
12290 24580 565034
12290 24581 964
12291 24582 952424
12291 24583 877
12292 24584 223406
12292 24585 1000000
12293 24586 169806
12293 24587 934966
12294 24588 927428
12294 24589 684627
12295 24590 964042
12295 24591 360820
12296 24592 958
12296 24593 983303
12297 24594 780540
12297 24595 506605
12298 24596 743
12298 24597 923198
12299 24598 213966
12299 24599 1000000
12300 24600 1000000
12300 24601 742
12301 24602 909241
12301 24603 1
12302 24604 519181
12302 24605 656995
12303 24606 404572
12303 24607 997510
12304 24608 932288
12304 24609 328518
12305 24610 1000000
12305 24611 969809
12306 24612 988195
12306 24613 919306
12307 24614 907208
12307 24615 954818
12308 24616 959086
12308 24617 29
12309 24618 949497
12309 24619 208
12310 24620 79125
12310 24621 990053
12311 24622 293
12311 24623 823690
12312 24624 966242
12312 24625 324551
12313 24626 74328
12313 24627 989800
12314 24628 139
12314 24629 276
12315 24630 644
12315 24631 1000000
12316 24632 483793
12316 24633 967873
12317 24634 1000000
12317 24635 784038
12318 24636 729
12318 24637 1000000
12319 24638 995306
12319 24639 916666
12320 24640 918226
12320 24641 1
12321 24642 1000000
12321 24643 910970
12322 24644 812
12322 24645 277603
12323 24646 339852
12323 24647 792
12324 24648 271826
12324 24649 1
12325 24650 934181
12325 24651 168203
12326 24652 1000000
12326 24653 472436
12327 24654 968228
12327 24655 217808
12328 24656 921
12328 24657 1000000
12329 24658 930246
12329 24659 674825
12330 24660 93380
12330 24661 502402
12331 24662 964131
12331 24663 980263
12332 24664 406790
12332 24665 927063
12333 24666 854
12333 24667 382466
12334 24668 908574
12334 24669 921928
12335 24670 341
12335 24671 893797
12336 24672 707
12336 24673 356
12337 24674 368725
12337 24675 245
12338 24676 930232
12338 24677 939022
12339 24678 640837
12339 24679 1000000
12340 24680 942831
12340 24681 990625
12341 24682 586502
12341 24683 988025
12342 24684 1000000
12342 24685 346880
12343 24686 961102
12343 24687 1000000
12344 24688 1
12344 24689 935972
12345 24690 19740
12345 24691 848
12346 24692 1
12346 24693 1
12347 24694 988269
12347 24695 431237
12348 24696 1
12348 24697 264
12349 24698 257318
12349 24699 949100
12350 24700 1
12350 24701 493285
12351 24702 938148
12351 24703 911384
12352 24704 917457
12352 24705 1000000
12353 24706 708726
12353 24707 1
12354 24708 861
12354 24709 929817
12355 24710 512871
12355 24711 930330
12356 24712 1000000
12356 24713 1
12357 24714 955889
12357 24715 244282
12358 24716 1
12358 24717 909213
12359 24718 196170
12359 24719 1
12360 24720 920987
12360 24721 971790
12361 24722 90158
12361 24723 559261
12362 24724 385275
12362 24725 403669
12363 24726 921
12363 24727 758266
12364 24728 673394
12364 24729 971936
12365 24730 56
12365 24731 987733
12366 24732 622830
12366 24733 444
12367 24734 312
12367 24735 787960
12368 24736 835
12368 24737 346
12369 24738 976373
12369 24739 999141
12370 24740 920
12370 24741 741
12371 24742 726685
12371 24743 911237
12372 24744 954923
12372 24745 638692
12373 24746 956603
12373 24747 938803
12374 24748 928182
12374 24749 120348
12375 24750 905011
12375 24751 934723
12376 24752 922387
12376 24753 922975
12377 24754 914157
12377 24755 599755
12378 24756 973730
12378 24757 964205
12379 24758 1000000
12379 24759 622669
12380 24760 154779
12380 24761 947609
12381 24762 1000000
12381 24763 535634
12382 24764 549
12382 24765 540200
12383 24766 905039
12383 24767 541342
12384 24768 679447
12384 24769 337
12385 24770 319
12385 24771 1000000
12386 24772 949727
12386 24773 297
12387 24774 893
12387 24775 1
12388 24776 175
12388 24777 880
12389 24778 926471
12389 24779 1000000
12390 24780 567870
12390 24781 5
12391 24782 691133
12391 24783 958300
12392 24784 304297
12392 24785 318399
12393 24786 987
12393 24787 111667
12394 24788 1
12394 24789 987008
12395 24790 154902
12395 24791 17396
12396 24792 974692
12396 24793 420172
12397 24794 822632
12397 24795 976857
12398 24796 626
12398 24797 991426
12399 24798 965620
12399 24799 953311
12400 24800 954448
12400 24801 943747
12401 24802 987072
12401 24803 1
12402 24804 911965
12402 24805 741661
12403 24806 463308
12403 24807 664564
12404 24808 655283
12404 24809 939560
12405 24810 680339
12405 24811 572877
12406 24812 974624
12406 24813 387847
12407 24814 1
12407 24815 666
12408 24816 972
12408 24817 546156
12409 24818 1
12409 24819 796
12410 24820 682484
12410 24821 267
12411 24822 1
12411 24823 945006
12412 24824 377
12412 24825 929011
12413 24826 744020
12413 24827 908201
12414 24828 759745
12414 24829 377040
12415 24830 521615
12415 24831 563
12416 24832 917376
12416 24833 204059
12417 24834 929100
12417 24835 1000000
12418 24836 929
12418 24837 253930
12419 24838 529162
12419 24839 1000000
12420 24840 1
12420 24841 562
12421 24842 616595
12421 24843 1000000
12422 24844 530
12422 24845 635976
12423 24846 949828
12423 24847 976915
12424 24848 58118
12424 24849 256
12425 24850 927447
12425 24851 354440
12426 24852 705374
12426 24853 811911
12427 24854 880892
12427 24855 932011
12428 24856 396595
12428 24857 148270
12429 24858 830
12429 24859 941773
12430 24860 304003
12430 24861 785915
12431 24862 764103
12431 24863 921185
12432 24864 5
12432 24865 51609
12433 24866 143
12433 24867 787659
12434 24868 995817
12434 24869 559854
12435 24870 49611
12435 24871 1000000
12436 24872 256
12436 24873 615165
12437 24874 933508
12437 24875 44982
12438 24876 802443
12438 24877 123110
12439 24878 767198
12439 24879 943
12440 24880 1000000
12440 24881 750707
12441 24882 1000000
12441 24883 938601
12442 24884 963968
12442 24885 1000000
12443 24886 704877
12443 24887 292954
12444 24888 92
12444 24889 108263
12445 24890 859246
12445 24891 1000000
12446 24892 947619
12446 24893 222718
12447 24894 1
12447 24895 66
12448 24896 904641
12448 24897 927650
12449 24898 992464
12449 24899 445
12450 24900 183
12450 24901 930482
12451 24902 264155
12451 24903 362
12452 24904 1000000
12452 24905 934432
12453 24906 752857
12453 24907 938959
12454 24908 994580
12454 24909 965816
12455 24910 1
12455 24911 293
12456 24912 918716
12456 24913 254211
12457 24914 55
12457 24915 1
12458 24916 716
12458 24917 985252
12459 24918 1000000
12459 24919 964688
12460 24920 1000000
12460 24921 924289
12461 24922 961866
12461 24923 199
12462 24924 945369
12462 24925 948162
12463 24926 924443
12463 24927 990510
12464 24928 1000000
12464 24929 991276
12465 24930 698946
12465 24931 948576
12466 24932 417
12466 24933 956460
12467 24934 1000000
12467 24935 1000000
12468 24936 495564
12468 24937 1000000
12469 24938 915480
12469 24939 936
12470 24940 513191
12470 24941 646893
12471 24942 116347
12471 24943 1
12472 24944 1000000
12472 24945 908989
12473 24946 590
12473 24947 696783
12474 24948 929948
12474 24949 14073
12475 24950 547269
12475 24951 921258
12476 24952 990725
12476 24953 427
12477 24954 598
12477 24955 366
12478 24956 345
12478 24957 314646
12479 24958 998568
12479 24959 561
12480 24960 823
12480 24961 720
12481 24962 938159
12481 24963 762248
12482 24964 1000000
12482 24965 454350
12483 24966 1000000
12483 24967 911424
12484 24968 731
12484 24969 920356
12485 24970 917
12485 24971 981062
12486 24972 902023
12486 24973 383842
12487 24974 904196
12487 24975 295137
12488 24976 910282
12488 24977 209464
12489 24978 616
12489 24979 991267
12490 24980 987518
12490 24981 918673
12491 24982 927981
12491 24983 140788
12492 24984 210342
12492 24985 185
12493 24986 908760
12493 24987 1
12494 24988 15
12494 24989 1000000
12495 24990 933350
12495 24991 1000000
12496 24992 48460
12496 24993 954377
12497 24994 985
12497 24995 927934
12498 24996 245036
12498 24997 437756
12499 24998 614876
12499 24999 966211
12500 25000 809
12500 25001 426
12501 25002 924526
12501 25003 715
12502 25004 1000000
12502 25005 1000000
12503 25006 190082
12503 25007 534
12504 25008 991189
12504 25009 912875
12505 25010 999
12505 25011 902115
12506 25012 722
12506 25013 903389
12507 25014 408
12507 25015 208
12508 25016 590720
12508 25017 29173
12509 25018 823164
12509 25019 78607
12510 25020 928151
12510 25021 354
12511 25022 926
12511 25023 1000000
12512 25024 470
12512 25025 992615
12513 25026 182404
12513 25027 893886
12514 25028 705
12514 25029 107225
12515 25030 951321
12515 25031 923310
12516 25032 249
12516 25033 133
12517 25034 975153
12517 25035 937637
12518 25036 839624
12518 25037 209292
12519 25038 296
12519 25039 694
12520 25040 313151
12520 25041 72
12521 25042 716003
12521 25043 626571
12522 25044 680
12522 25045 680734
12523 25046 401
12523 25047 158586
12524 25048 735
12524 25049 333
12525 25050 1000000
12525 25051 525509
12526 25052 148
12526 25053 553564
12527 25054 960468
12527 25055 1000000
12528 25056 739
12528 25057 259
12529 25058 289
12529 25059 876324
12530 25060 996873
12530 25061 981965
12531 25062 645649
12531 25063 633642
12532 25064 315
12532 25065 1000000
12533 25066 565
12533 25067 511443
12534 25068 20519
12534 25069 683528
12535 25070 462761
12535 25071 983306
12536 25072 914538
12536 25073 258339
12537 25074 961709
12537 25075 1000000
12538 25076 784657
12538 25077 812086
12539 25078 805
12539 25079 930049
12540 25080 246916
12540 25081 152499
12541 25082 221446
12541 25083 1000000
12542 25084 387181
12542 25085 547286
12543 25086 996094
12543 25087 252017
12544 25088 826
12544 25089 912274
12545 25090 273613
12545 25091 112402
12546 25092 1
12546 25093 911
12547 25094 987977
12547 25095 872222
12548 25096 401135
12548 25097 911603
12549 25098 708157
12549 25099 853
12550 25100 293287
12550 25101 1
12551 25102 230
12551 25103 275373
12552 25104 968743
12552 25105 938425
12553 25106 293101
12553 25107 1
12554 25108 214267
12554 25109 1
12555 25110 967914
12555 25111 264
12556 25112 1000000
12556 25113 664
12557 25114 59
12557 25115 974498
12558 25116 336678
12558 25117 1000000
12559 25118 66267
12559 25119 539208
12560 25120 181
12560 25121 194383
12561 25122 569162
12561 25123 1000000
12562 25124 332000
12562 25125 989005
12563 25126 125848
12563 25127 432282
12564 25128 925186
12564 25129 954739
12565 25130 932446
12565 25131 496113
12566 25132 1000000
12566 25133 1000000
12567 25134 935574
12567 25135 858
12568 25136 983809
12568 25137 324
12569 25138 532
12569 25139 479308
12570 25140 546529
12570 25141 953499
12571 25142 405102
12571 25143 247533
12572 25144 28
12572 25145 925294
12573 25146 1000000
12573 25147 673149
12574 25148 991474
12574 25149 967608
12575 25150 69771
12575 25151 957153
12576 25152 240679
12576 25153 429608
12577 25154 168204
12577 25155 1
12578 25156 877872
12578 25157 477442
12579 25158 792
12579 25159 423439
12580 25160 677013
12580 25161 862
12581 25162 1000000
12581 25163 929998
12582 25164 940468
12582 25165 839720
12583 25166 938367
12583 25167 509
12584 25168 974465
12584 25169 296
12585 25170 396274
12585 25171 36710
12586 25172 670764
12586 25173 916420
12587 25174 984
12587 25175 155823
12588 25176 905286
12588 25177 830
12589 25178 591
12589 25179 903249
12590 25180 1000000
12590 25181 1000000
12591 25182 683
12591 25183 5478
12592 25184 1000000
12592 25185 104
12593 25186 108822
12593 25187 141945
12594 25188 953771
12594 25189 935192
12595 25190 989822
12595 25191 934
12596 25192 1000000
12596 25193 673484
12597 25194 936084
12597 25195 643689
12598 25196 978136
12598 25197 917461
12599 25198 989743
12599 25199 239112
12600 25200 934598
12600 25201 797405
12601 25202 118
12601 25203 999947
12602 25204 947656
12602 25205 919631
12603 25206 947005
12603 25207 601
12604 25208 276871
12604 25209 102
12605 25210 839918
12605 25211 1
12606 25212 630
12606 25213 844769
12607 25214 363843
12607 25215 596
12608 25216 633407
12608 25217 375522
12609 25218 1000000
12609 25219 440706
12610 25220 1000000
12610 25221 1000000
12611 25222 184262
12611 25223 907199
12612 25224 683
12612 25225 1
12613 25226 672
12613 25227 904569
12614 25228 873165
12614 25229 983029
12615 25230 988154
12615 25231 336476
12616 25232 924928
12616 25233 921138
12617 25234 832452
12617 25235 210277
12618 25236 249216
12618 25237 684398
12619 25238 801780
12619 25239 736
12620 25240 987736
12620 25241 405653
12621 25242 579
12621 25243 371
12622 25244 1
12622 25245 98879
12623 25246 1
12623 25247 958711
12624 25248 989204
12624 25249 1000000
12625 25250 549
12625 25251 734373
12626 25252 819
12626 25253 100313
12627 25254 195
12627 25255 434004
12628 25256 1000000
12628 25257 323
12629 25258 54850
12629 25259 146818
12630 25260 917578
12630 25261 954157
12631 25262 1000000
12631 25263 975
12632 25264 826
12632 25265 944257
12633 25266 1000000
12633 25267 995661
12634 25268 904909
12634 25269 971075
12635 25270 494953
12635 25271 640
12636 25272 807224
12636 25273 664564
12637 25274 1000000
12637 25275 620970
12638 25276 568
12638 25277 237101
12639 25278 901692
12639 25279 978571
12640 25280 938198
12640 25281 625586
12641 25282 396
12641 25283 522019
12642 25284 912692
12642 25285 908170
12643 25286 843
12643 25287 768580
12644 25288 946279
12644 25289 979944
12645 25290 459
12645 25291 548054
12646 25292 936766
12646 25293 389
12647 25294 561827
12647 25295 645851
12648 25296 487731
12648 25297 1000000
12649 25298 2230
12649 25299 261
12650 25300 1
12650 25301 914884
12651 25302 913231
12651 25303 902960
12652 25304 342
12652 25305 193
12653 25306 774762
12653 25307 910766
12654 25308 513
12654 25309 609
12655 25310 1000000
12655 25311 449
12656 25312 888181
12656 25313 914378
12657 25314 945930
12657 25315 447237
12658 25316 422
12658 25317 726
12659 25318 905722
12659 25319 986003
12660 25320 799170
12660 25321 761
12661 25322 171
12661 25323 939598
12662 25324 949277
12662 25325 649443
12663 25326 954583
12663 25327 339
12664 25328 901359
12664 25329 128797
12665 25330 334561
12665 25331 660
12666 25332 910221
12666 25333 10684
12667 25334 798
12667 25335 325
12668 25336 217453
12668 25337 777419
12669 25338 855
12669 25339 1000000
12670 25340 928041
12670 25341 778
12671 25342 472584
12671 25343 285301
12672 25344 507546
12672 25345 588
12673 25346 2680
12673 25347 512
12674 25348 48939
12674 25349 906553
12675 25350 1
12675 25351 180104
12676 25352 1
12676 25353 56709
12677 25354 1000000
12677 25355 573391
12678 25356 40849
12678 25357 316999
12679 25358 916745
12679 25359 492
12680 25360 1000000
12680 25361 918105
12681 25362 341
12681 25363 1
12682 25364 343463
12682 25365 940631
12683 25366 189230
12683 25367 99
12684 25368 546
12684 25369 976360
12685 25370 1000000
12685 25371 989197
12686 25372 1
12686 25373 491
12687 25374 129
12687 25375 626
12688 25376 1000000
12688 25377 909291
12689 25378 419234
12689 25379 95757
12690 25380 748798
12690 25381 945680
12691 25382 929589
12691 25383 947465
12692 25384 42
12692 25385 601
12693 25386 972014
12693 25387 957531
12694 25388 1000000
12694 25389 494
12695 25390 971503
12695 25391 91050
12696 25392 66076
12696 25393 864939
12697 25394 905830
12697 25395 762
12698 25396 525096
12698 25397 924246
12699 25398 839631
12699 25399 979480
12700 25400 1000000
12700 25401 970878
12701 25402 213287
12701 25403 378332
12702 25404 915469
12702 25405 1000000
12703 25406 282674
12703 25407 540085
12704 25408 929415
12704 25409 921797
12705 25410 973980
12705 25411 909671
12706 25412 523066
12706 25413 408
12707 25414 730024
12707 25415 685
12708 25416 296
12708 25417 132787
12709 25418 21048
12709 25419 942839
12710 25420 763946
12710 25421 801492
12711 25422 590360
12711 25423 1000000
12712 25424 998416
12712 25425 978125
12713 25426 698
12713 25427 930679
12714 25428 936714
12714 25429 385
12715 25430 999139
12715 25431 477
12716 25432 958818
12716 25433 382653
12717 25434 944362
12717 25435 292
12718 25436 909756
12718 25437 714035
12719 25438 136993
12719 25439 898924
12720 25440 924649
12720 25441 980
12721 25442 750
12721 25443 917599
12722 25444 582378
12722 25445 1
12723 25446 601092
12723 25447 700287
12724 25448 922102
12724 25449 939535
12725 25450 906220
12725 25451 584
12726 25452 470001
12726 25453 218839
12727 25454 131
12727 25455 953548
12728 25456 557
12728 25457 751
12729 25458 337812
12729 25459 94290
12730 25460 961018
12730 25461 20
12731 25462 549
12731 25463 138168
12732 25464 991799
12732 25465 902400
12733 25466 645
12733 25467 870
12734 25468 752325
12734 25469 74778
12735 25470 1000000
12735 25471 33
12736 25472 982517
12736 25473 830
12737 25474 1
12737 25475 922171
12738 25476 965925
12738 25477 592994
12739 25478 916885
12739 25479 26839
12740 25480 952518
12740 25481 1
12741 25482 958583
12741 25483 541148
12742 25484 638477
12742 25485 1
12743 25486 751
12743 25487 116
12744 25488 366542
12744 25489 1000000
12745 25490 1000000
12745 25491 1000000
12746 25492 420
12746 25493 926357
12747 25494 495768
12747 25495 254400
12748 25496 908502
12748 25497 658
12749 25498 395
12749 25499 387158
12750 25500 25273
12750 25501 1
12751 25502 969665
12751 25503 667
12752 25504 81111
12752 25505 609628
12753 25506 986410
12753 25507 45
12754 25508 281
12754 25509 270625
12755 25510 1000000
12755 25511 493175
12756 25512 698
12756 25513 979362
12757 25514 919393
12757 25515 1000000
12758 25516 724197
12758 25517 771847
12759 25518 1000000
12759 25519 932183
12760 25520 946742
12760 25521 942448
12761 25522 902291
12761 25523 967407
12762 25524 619
12762 25525 743171
12763 25526 419
12763 25527 971909
12764 25528 912165
12764 25529 1
12765 25530 1000000
12765 25531 179
12766 25532 694291
12766 25533 1000000
12767 25534 939602
12767 25535 964527
12768 25536 535546
12768 25537 638
12769 25538 1000000
12769 25539 40
12770 25540 1
12770 25541 982717
12771 25542 423628
12771 25543 39035
12772 25544 997815
12772 25545 402
12773 25546 805168
12773 25547 922978
12774 25548 964922
12774 25549 418602
12775 25550 1000000
12775 25551 281
12776 25552 1000000
12776 25553 18
12777 25554 1
12777 25555 802786
12778 25556 141
12778 25557 974619
12779 25558 890450
12779 25559 931966
12780 25560 1
12780 25561 1000000
12781 25562 193512
12781 25563 1000000
12782 25564 707
12782 25565 992398
12783 25566 68422
12783 25567 900311
12784 25568 953133
12784 25569 978711
12785 25570 394582
12785 25571 820243
12786 25572 883514
12786 25573 244197
12787 25574 427
12787 25575 780
12788 25576 886926
12788 25577 878808
12789 25578 944
12789 25579 985376
12790 25580 251647
12790 25581 994767
12791 25582 675739
12791 25583 283329
12792 25584 795397
12792 25585 579
12793 25586 629
12793 25587 911671
12794 25588 1000000
12794 25589 492193
12795 25590 812616
12795 25591 403
12796 25592 1000000
12796 25593 221414
12797 25594 773891
12797 25595 913482
12798 25596 479694
12798 25597 981177
12799 25598 1000000
12799 25599 921144
12800 25600 966214
12800 25601 266144
12801 25602 87539
12801 25603 937054
12802 25604 34922
12802 25605 270
12803 25606 576492
12803 25607 191462
12804 25608 846127
12804 25609 212694
12805 25610 912461
12805 25611 1
12806 25612 967953
12806 25613 813
12807 25614 981797
12807 25615 79
12808 25616 170
12808 25617 253406
12809 25618 933572
12809 25619 856786
12810 25620 194418
12810 25621 979007
12811 25622 684
12811 25623 540883
12812 25624 1
12812 25625 966
12813 25626 984572
12813 25627 927837
12814 25628 1000000
12814 25629 1000000
12815 25630 980132
12815 25631 357527
12816 25632 1000000
12816 25633 981785
12817 25634 284422
12817 25635 953623
12818 25636 597723
12818 25637 979600
12819 25638 362769
12819 25639 975129
12820 25640 783
12820 25641 931253
12821 25642 810
12821 25643 545245
12822 25644 988971
12822 25645 265
12823 25646 262
12823 25647 389256
12824 25648 615505
12824 25649 817
12825 25650 935952
12825 25651 372
12826 25652 922081
12826 25653 760331
12827 25654 587471
12827 25655 971916
12828 25656 353
12828 25657 932819
12829 25658 714
12829 25659 1
12830 25660 174
12830 25661 708
12831 25662 946209
12831 25663 1
12832 25664 903404
12832 25665 944814
12833 25666 19189
12833 25667 924756
12834 25668 906
12834 25669 443556
12835 25670 903576
12835 25671 182506
12836 25672 1000000
12836 25673 458592
12837 25674 939952
12837 25675 916930
12838 25676 951663
12838 25677 1000000
12839 25678 976028
12839 25679 434234
12840 25680 906778
12840 25681 1000000
12841 25682 362
12841 25683 965585
12842 25684 536698
12842 25685 139448
12843 25686 186
12843 25687 969514
12844 25688 311
12844 25689 953897
12845 25690 523
12845 25691 493197
12846 25692 961
12846 25693 460
12847 25694 173
12847 25695 139160
12848 25696 1000000
12848 25697 342840
12849 25698 556014
12849 25699 615578
12850 25700 488653
12850 25701 807
12851 25702 1000000
12851 25703 509
12852 25704 946009
12852 25705 92
12853 25706 767
12853 25707 148676
12854 25708 579705
12854 25709 707004
12855 25710 950225
12855 25711 158
12856 25712 232
12856 25713 627121
12857 25714 190667
12857 25715 1000000
12858 25716 1000000
12858 25717 266
12859 25718 931469
12859 25719 892249
12860 25720 1000000
12860 25721 297
12861 25722 974989
12861 25723 941227
12862 25724 507800
12862 25725 931612
12863 25726 468
12863 25727 887033
12864 25728 926
12864 25729 678
12865 25730 991279
12865 25731 947530
12866 25732 704576
12866 25733 950620
12867 25734 616155
12867 25735 956459
12868 25736 85
12868 25737 934461
12869 25738 925997
12869 25739 908552
12870 25740 946052
12870 25741 683585
12871 25742 110733
12871 25743 771192
12872 25744 235711
12872 25745 261803
12873 25746 228
12873 25747 984926
12874 25748 442
12874 25749 1
12875 25750 902434
12875 25751 859
12876 25752 975368
12876 25753 770423
12877 25754 908796
12877 25755 952981
12878 25756 1
12878 25757 95128
12879 25758 457542
12879 25759 998266
12880 25760 988105
12880 25761 258524
12881 25762 893415
12881 25763 910733
12882 25764 73958
12882 25765 945721
12883 25766 666291
12883 25767 1000000
12884 25768 328827
12884 25769 255
12885 25770 119243
12885 25771 1000000
12886 25772 588573
12886 25773 980572
12887 25774 973615
12887 25775 946461
12888 25776 979019
12888 25777 285690
12889 25778 1
12889 25779 420
12890 25780 732
12890 25781 913348
12891 25782 31
12891 25783 1000000
12892 25784 361189
12892 25785 554943
12893 25786 981003
12893 25787 834761
12894 25788 328285
12894 25789 929463
12895 25790 901537
12895 25791 1000000
12896 25792 233041
12896 25793 335731
12897 25794 919971
12897 25795 1
12898 25796 962858
12898 25797 907608
12899 25798 921322
12899 25799 957356
12900 25800 180
12900 25801 951960
12901 25802 190861
12901 25803 807023
12902 25804 735002
12902 25805 981884
12903 25806 971848
12903 25807 938
12904 25808 919206
12904 25809 762743
12905 25810 1000000
12905 25811 665
12906 25812 46
12906 25813 188342
12907 25814 745877
12907 25815 604087
12908 25816 963891
12908 25817 705802
12909 25818 904278
12909 25819 392929
12910 25820 900910
12910 25821 1000000
12911 25822 588685
12911 25823 939271
12912 25824 967805
12912 25825 965415
12913 25826 184
12913 25827 667518
12914 25828 565
12914 25829 30424
12915 25830 913033
12915 25831 700555
12916 25832 420
12916 25833 938267
12917 25834 996049
12917 25835 863
12918 25836 925983
12918 25837 922332
12919 25838 920236
12919 25839 1000000
12920 25840 740352
12920 25841 365655
12921 25842 943630
12921 25843 769534
12922 25844 908819
12922 25845 970463
12923 25846 224205
12923 25847 268
12924 25848 993153
12924 25849 978233
12925 25850 986789
12925 25851 159
12926 25852 932
12926 25853 1000000
12927 25854 943850
12927 25855 521852
12928 25856 156982
12928 25857 117018
12929 25858 935970
12929 25859 667599
12930 25860 989551
12930 25861 770
12931 25862 596
12931 25863 517400
12932 25864 920644
12932 25865 1000000
12933 25866 349793
12933 25867 368
12934 25868 135531
12934 25869 817
12935 25870 906313
12935 25871 914885
12936 25872 281411
12936 25873 536
12937 25874 312
12937 25875 992538
12938 25876 540715
12938 25877 600
12939 25878 439
12939 25879 162103
12940 25880 954129
12940 25881 994180
12941 25882 759382
12941 25883 987851
12942 25884 367793
12942 25885 975585
12943 25886 374890
12943 25887 565661
12944 25888 1000000
12944 25889 745902
12945 25890 1000000
12945 25891 924298
12946 25892 735238
12946 25893 1000000
12947 25894 984852
12947 25895 913
12948 25896 935915
12948 25897 1000000
12949 25898 910921
12949 25899 970
12950 25900 430232
12950 25901 971522
12951 25902 934654
12951 25903 741951
12952 25904 973965
12952 25905 273523
12953 25906 923397
12953 25907 955090
12954 25908 864005
12954 25909 903375
12955 25910 479134
12955 25911 226819
12956 25912 75341
12956 25913 645582
12957 25914 952217
12957 25915 919154
12958 25916 968482
12958 25917 988757
12959 25918 700241
12959 25919 922731
12960 25920 907942
12960 25921 848510
12961 25922 265
12961 25923 990418
12962 25924 217803
12962 25925 937300
12963 25926 20
12963 25927 280
12964 25928 901068
12964 25929 494244
12965 25930 911124
12965 25931 397
12966 25932 1000000
12966 25933 916479
12967 25934 661371
12967 25935 542
12968 25936 903337
12968 25937 952064
12969 25938 814827
12969 25939 965877
12970 25940 966597
12970 25941 995
12971 25942 908329
12971 25943 973728
12972 25944 986121
12972 25945 907911
12973 25946 156694
12973 25947 917038
12974 25948 151490
12974 25949 52619
12975 25950 365657
12975 25951 1
12976 25952 972560
12976 25953 366
12977 25954 939919
12977 25955 109305
12978 25956 908501
12978 25957 1000000
12979 25958 515213
12979 25959 810
12980 25960 406
12980 25961 796
12981 25962 152555
12981 25963 1
12982 25964 1
12982 25965 1
12983 25966 273575
12983 25967 85391
12984 25968 384723
12984 25969 15
12985 25970 933755
12985 25971 919466
12986 25972 403061
12986 25973 974146
12987 25974 226643
12987 25975 530253
12988 25976 979134
12988 25977 684275
12989 25978 993650
12989 25979 971940
12990 25980 91466
12990 25981 943343
12991 25982 999211
12991 25983 1
12992 25984 906718
12992 25985 465027
12993 25986 944466
12993 25987 1000000
12994 25988 860805
12994 25989 1
12995 25990 466001
12995 25991 61
12996 25992 1000000
12996 25993 893788
12997 25994 986596
12997 25995 264218
12998 25996 578
12998 25997 1
12999 25998 851
12999 25999 15448
13000 26000 1000000
13000 26001 66781
13001 26002 502840
13001 26003 937140
13002 26004 1000000
13002 26005 171
13003 26006 360963
13003 26007 231
13004 26008 1
13004 26009 94404
13005 26010 942567
13005 26011 54033
13006 26012 963089
13006 26013 1000000
13007 26014 964064
13007 26015 128
13008 26016 347637
13008 26017 970
13009 26018 741994
13009 26019 964379
13010 26020 861261
13010 26021 986067
13011 26022 301662
13011 26023 327
13012 26024 962332
13012 26025 905531
13013 26026 707894
13013 26027 953699
13014 26028 115376
13014 26029 985
13015 26030 568297
13015 26031 977104
13016 26032 988611
13016 26033 918689
13017 26034 992978
13017 26035 955693
13018 26036 802081
13018 26037 920439
13019 26038 893296
13019 26039 978876
13020 26040 1000000
13020 26041 939110
13021 26042 1000000
13021 26043 17
13022 26044 980558
13022 26045 654
13023 26046 856174
13023 26047 594163
13024 26048 131
13024 26049 259360
13025 26050 439149
13025 26051 13792
13026 26052 39907
13026 26053 187
13027 26054 1000000
13027 26055 836209
13028 26056 507639
13028 26057 971624
13029 26058 1
13029 26059 964127
13030 26060 475
13030 26061 376580
13031 26062 1000000
13031 26063 991987
13032 26064 175314
13032 26065 808
13033 26066 33
13033 26067 976918
13034 26068 24
13034 26069 925233
13035 26070 939
13035 26071 981372
13036 26072 768
13036 26073 960952
13037 26074 903031
13037 26075 1000000
13038 26076 1000000
13038 26077 973894
13039 26078 903096
13039 26079 896
13040 26080 981839
13040 26081 573
13041 26082 200
13041 26083 460
13042 26084 802754
13042 26085 1000000
13043 26086 973686
13043 26087 941600
13044 26088 21254
13044 26089 948965
13045 26090 339
13045 26091 883072
13046 26092 343
13046 26093 495635
13047 26094 369604
13047 26095 183263
13048 26096 954899
13048 26097 1
13049 26098 925451
13049 26099 430507
13050 26100 22425
13050 26101 920923
13051 26102 1000000
13051 26103 681
13052 26104 1
13052 26105 324159
13053 26106 229640
13053 26107 1000000
13054 26108 483
13054 26109 363522
13055 26110 969357
13055 26111 1000000
13056 26112 282919
13056 26113 429819
13057 26114 626
13057 26115 1000000
13058 26116 403329
13058 26117 1
13059 26118 770
13059 26119 1000000
13060 26120 309576
13060 26121 735
13061 26122 662454
13061 26123 1000000
13062 26124 94
13062 26125 413120
13063 26126 1000
13063 26127 530
13064 26128 961043
13064 26129 649076
13065 26130 161393
13065 26131 944001
13066 26132 162
13066 26133 655
13067 26134 396
13067 26135 604570
13068 26136 679951
13068 26137 982987
13069 26138 1000000
13069 26139 388685
13070 26140 963144
13070 26141 971
13071 26142 983478
13071 26143 992587
13072 26144 971958
13072 26145 694986
13073 26146 507115
13073 26147 842958
13074 26148 973175
13074 26149 970652
13075 26150 992123
13075 26151 923109
13076 26152 995998
13076 26153 1000000
13077 26154 564834
13077 26155 1
13078 26156 968790
13078 26157 1
13079 26158 921719
13079 26159 1000000
13080 26160 996667
13080 26161 401
13081 26162 648433
13081 26163 924892
13082 26164 933374
13082 26165 921733
13083 26166 103
13083 26167 71836
13084 26168 309803
13084 26169 923650
13085 26170 940
13085 26171 89049
13086 26172 635380
13086 26173 997990
13087 26174 369693
13087 26175 1000000
13088 26176 20
13088 26177 968878
13089 26178 1000000
13089 26179 1
13090 26180 196
13090 26181 903644
13091 26182 380195
13091 26183 1000000
13092 26184 964161
13092 26185 299571
13093 26186 1
13093 26187 14
13094 26188 1000000
13094 26189 1000000
13095 26190 932681
13095 26191 1000000
13096 26192 1000000
13096 26193 1
13097 26194 1000000
13097 26195 909
13098 26196 99
13098 26197 910688
13099 26198 978675
13099 26199 593254
13100 26200 408697
13100 26201 752065
13101 26202 963534
13101 26203 237711
13102 26204 1
13102 26205 935813
13103 26206 196497
13103 26207 1000000
13104 26208 791825
13104 26209 56531
13105 26210 847
13105 26211 510841
13106 26212 208
13106 26213 475485
13107 26214 284722
13107 26215 673487
13108 26216 573920
13108 26217 1
13109 26218 1000000
13109 26219 128
13110 26220 908148
13110 26221 675433
13111 26222 164
13111 26223 63845
13112 26224 960651
13112 26225 600280
13113 26226 170
13113 26227 135
13114 26228 327133
13114 26229 32
13115 26230 586740
13115 26231 621488
13116 26232 978344
13116 26233 855
13117 26234 909
13117 26235 1000000
13118 26236 358
13118 26237 601108
13119 26238 1000000
13119 26239 967335
13120 26240 661113
13120 26241 495055
13121 26242 1
13121 26243 160447
13122 26244 29185
13122 26245 1000000
13123 26246 903
13123 26247 1000000
13124 26248 1
13124 26249 14909
13125 26250 882
13125 26251 1000000
13126 26252 320131
13126 26253 116595
13127 26254 922122
13127 26255 572
13128 26256 109
13128 26257 986259
13129 26258 948672
13129 26259 108865
13130 26260 924413
13130 26261 969337
13131 26262 949909
13131 26263 943371
13132 26264 635956
13132 26265 1000000
13133 26266 924014
13133 26267 1000000
13134 26268 255
13134 26269 924226
13135 26270 1
13135 26271 888079
13136 26272 1
13136 26273 561
13137 26274 918465
13137 26275 999966
13138 26276 912977
13138 26277 1000000
13139 26278 901055
13139 26279 930733
13140 26280 776666
13140 26281 945929
13141 26282 107089
13141 26283 334
13142 26284 108383
13142 26285 1000000
13143 26286 184
13143 26287 596173
13144 26288 952532
13144 26289 908576
13145 26290 1000000
13145 26291 285
13146 26292 634987
13146 26293 375906
13147 26294 436796
13147 26295 420
13148 26296 26
13148 26297 312
13149 26298 904
13149 26299 361138
13150 26300 1
13150 26301 1000000
13151 26302 1000000
13151 26303 406
13152 26304 744247
13152 26305 452170
13153 26306 1000000
13153 26307 45
13154 26308 409
13154 26309 977166
13155 26310 229
13155 26311 1
13156 26312 103985
13156 26313 949626
13157 26314 929757
13157 26315 829260
13158 26316 960832
13158 26317 1000000
13159 26318 141
13159 26319 271
13160 26320 729186
13160 26321 824353
13161 26322 327724
13161 26323 117
13162 26324 987429
13162 26325 1000000
13163 26326 544
13163 26327 915522
13164 26328 762
13164 26329 388
13165 26330 140
13165 26331 995140
13166 26332 943390
13166 26333 906997
13167 26334 241721
13167 26335 927369
13168 26336 8
13168 26337 205
13169 26338 904514
13169 26339 1
13170 26340 933319
13170 26341 952870
13171 26342 1
13171 26343 958052
13172 26344 1
13172 26345 226249
13173 26346 931189
13173 26347 925956
13174 26348 74038
13174 26349 957664
13175 26350 984487
13175 26351 438
13176 26352 522697
13176 26353 992982
13177 26354 922
13177 26355 497
13178 26356 882117
13178 26357 916953
13179 26358 710445
13179 26359 152766
13180 26360 1000000
13180 26361 819293
13181 26362 600856
13181 26363 947252
13182 26364 984450
13182 26365 306286
13183 26366 1
13183 26367 983190
13184 26368 802186
13184 26369 173397
13185 26370 888
13185 26371 752859
13186 26372 1000000
13186 26373 551515
13187 26374 529104
13187 26375 596504
13188 26376 985822
13188 26377 458624
13189 26378 727660
13189 26379 967893
13190 26380 970335
13190 26381 693153
13191 26382 639276
13191 26383 918
13192 26384 724003
13192 26385 377840
13193 26386 989051
13193 26387 728203
13194 26388 78550
13194 26389 17090
13195 26390 942447
13195 26391 546120
13196 26392 952305
13196 26393 324861
13197 26394 221
13197 26395 763905
13198 26396 904955
13198 26397 864
13199 26398 1
13199 26399 990475
13200 26400 998054
13200 26401 861964
13201 26402 227
13201 26403 572119
13202 26404 1
13202 26405 292746
13203 26406 977129
13203 26407 89
13204 26408 348478
13204 26409 628093
13205 26410 1
13205 26411 153521
13206 26412 1000000
13206 26413 961652
13207 26414 981110
13207 26415 417078
13208 26416 993410
13208 26417 253471
13209 26418 935489
13209 26419 371
13210 26420 937533
13210 26421 161204
13211 26422 1
13211 26423 816212
13212 26424 607234
13212 26425 480
13213 26426 962318
13213 26427 790906
13214 26428 979180
13214 26429 1
13215 26430 593033
13215 26431 949
13216 26432 795877
13216 26433 910886
13217 26434 357073
13217 26435 908386
13218 26436 907
13218 26437 975216
13219 26438 27646
13219 26439 937471
13220 26440 900411
13220 26441 991804
13221 26442 203712
13221 26443 945597
13222 26444 917477
13222 26445 320
13223 26446 965
13223 26447 977279
13224 26448 677019
13224 26449 592520
13225 26450 216860
13225 26451 903553
13226 26452 900136
13226 26453 917101
13227 26454 902226
13227 26455 1000000
13228 26456 1
13228 26457 953511
13229 26458 918334
13229 26459 821066
13230 26460 955797
13230 26461 815
13231 26462 1000000
13231 26463 465
13232 26464 970834
13232 26465 489347
13233 26466 921965
13233 26467 791
13234 26468 979808
13234 26469 434647
13235 26470 345995
13235 26471 882257
13236 26472 110129
13236 26473 814849
13237 26474 958972
13237 26475 39626
13238 26476 389251
13238 26477 897105
13239 26478 1000000
13239 26479 880782
13240 26480 968196
13240 26481 141609
13241 26482 99069
13241 26483 972167
13242 26484 900225
13242 26485 692101
13243 26486 923856
13243 26487 924599
13244 26488 251372
13244 26489 1
13245 26490 629906
13245 26491 84453
13246 26492 944880
13246 26493 637567
13247 26494 200467
13247 26495 828787
13248 26496 774891
13248 26497 266729
13249 26498 424473
13249 26499 978609
13250 26500 472666
13250 26501 260478
13251 26502 74980
13251 26503 967379
13252 26504 217510
13252 26505 959282
13253 26506 904977
13253 26507 308
13254 26508 669018
13254 26509 457287
13255 26510 1000000
13255 26511 66447
13256 26512 227263
13256 26513 249
13257 26514 491268
13257 26515 148925
13258 26516 972132
13258 26517 921468
13259 26518 489362
13259 26519 796461
13260 26520 362745
13260 26521 920509
13261 26522 1
13261 26523 936999
13262 26524 559715
13262 26525 1000000
13263 26526 928112
13263 26527 912787
13264 26528 996769
13264 26529 1
13265 26530 623
13265 26531 1000000
13266 26532 993632
13266 26533 284
13267 26534 736953
13267 26535 973098
13268 26536 956
13268 26537 559217
13269 26538 977869
13269 26539 934798
13270 26540 1000000
13270 26541 974895
13271 26542 983066
13271 26543 968208
13272 26544 833642
13272 26545 267
13273 26546 1
13273 26547 977386
13274 26548 137540
13274 26549 946132
13275 26550 502
13275 26551 1
13276 26552 318
13276 26553 814
13277 26554 1000000
13277 26555 1000000
13278 26556 1000000
13278 26557 628
13279 26558 231
13279 26559 575452
13280 26560 940083
13280 26561 986944
13281 26562 1
13281 26563 1000000
13282 26564 1000000
13282 26565 985519
13283 26566 1000000
13283 26567 353
13284 26568 934759
13284 26569 790
13285 26570 1000000
13285 26571 634838
13286 26572 958707
13286 26573 136517
13287 26574 505494
13287 26575 996496
13288 26576 686145
13288 26577 981168
13289 26578 166
13289 26579 997840
13290 26580 905297
13290 26581 952968
13291 26582 981149
13291 26583 946482
13292 26584 976
13292 26585 434
13293 26586 588278
13293 26587 139
13294 26588 763991
13294 26589 434473
13295 26590 915000
13295 26591 1000000
13296 26592 1000000
13296 26593 946150
13297 26594 1000000
13297 26595 801681
13298 26596 862250
13298 26597 232
13299 26598 32
13299 26599 1000000
13300 26600 974356
13300 26601 1000000
13301 26602 650590
13301 26603 922547
13302 26604 162
13302 26605 1000000
13303 26606 474
13303 26607 940988
13304 26608 102924
13304 26609 758272
13305 26610 941506
13305 26611 37055
13306 26612 111
13306 26613 542497
13307 26614 178
13307 26615 1
13308 26616 931712
13308 26617 419702
13309 26618 300329
13309 26619 951208
13310 26620 361
13310 26621 639772
13311 26622 838691
13311 26623 933327
13312 26624 774438
13312 26625 938909
13313 26626 177170
13313 26627 963271
13314 26628 921594
13314 26629 954983
13315 26630 970
13315 26631 1000000
13316 26632 922753
13316 26633 669394
13317 26634 272647
13317 26635 1000000
13318 26636 993178
13318 26637 144712
13319 26638 941002
13319 26639 1000000
13320 26640 443851
13320 26641 552
13321 26642 99630
13321 26643 264453
13322 26644 969134
13322 26645 27634
13323 26646 995190
13323 26647 313
13324 26648 976358
13324 26649 1000000
13325 26650 929817
13325 26651 794293
13326 26652 909773
13326 26653 170
13327 26654 995525
13327 26655 552121
13328 26656 674373
13328 26657 533893
13329 26658 466632
13329 26659 1000000
13330 26660 968979
13330 26661 261457
13331 26662 1000000
13331 26663 142671
13332 26664 594
13332 26665 746290
13333 26666 837370
13333 26667 1000000
13334 26668 231330
13334 26669 996982
13335 26670 720
13335 26671 877634
13336 26672 999826
13336 26673 958757
13337 26674 990467
13337 26675 906898
13338 26676 207987
13338 26677 354899
13339 26678 954
13339 26679 890505
13340 26680 1
13340 26681 523179
13341 26682 992
13341 26683 1
13342 26684 923820
13342 26685 1000000
13343 26686 928440
13343 26687 999967
13344 26688 955478
13344 26689 1000000
13345 26690 827119
13345 26691 66920
13346 26692 822
13346 26693 202
13347 26694 904418
13347 26695 952971
13348 26696 901628
13348 26697 923414
13349 26698 980726
13349 26699 26570
13350 26700 1
13350 26701 911709
13351 26702 215792
13351 26703 914016
13352 26704 939347
13352 26705 995070
13353 26706 722205
13353 26707 941239
13354 26708 956397
13354 26709 379
13355 26710 952437
13355 26711 1000000
13356 26712 942554
13356 26713 120777
13357 26714 64803
13357 26715 964647
13358 26716 780853
13358 26717 982991
13359 26718 185800
13359 26719 996797
13360 26720 961611
13360 26721 1000000
13361 26722 993508
13361 26723 593314
13362 26724 1000000
13362 26725 241160
13363 26726 1
13363 26727 591551
13364 26728 216
13364 26729 705724
13365 26730 345
13365 26731 960866
13366 26732 704005
13366 26733 50188
13367 26734 340322
13367 26735 927854
13368 26736 351
13368 26737 911055
13369 26738 981203
13369 26739 331048
13370 26740 906711
13370 26741 942167
13371 26742 490477
13371 26743 1000000
13372 26744 277216
13372 26745 946572
13373 26746 840661
13373 26747 299
13374 26748 1000000
13374 26749 965312
13375 26750 439084
13375 26751 960858
13376 26752 276
13376 26753 912281
13377 26754 590
13377 26755 920173
13378 26756 273089
13378 26757 107365
13379 26758 550
13379 26759 91378
13380 26760 735607
13380 26761 958918
13381 26762 957385
13381 26763 580958
13382 26764 567
13382 26765 944412
13383 26766 17
13383 26767 983701
13384 26768 915200
13384 26769 952889
13385 26770 1000000
13385 26771 594
13386 26772 910582
13386 26773 321957
13387 26774 131898
13387 26775 199919
13388 26776 926880
13388 26777 988191
13389 26778 1
13389 26779 991257
13390 26780 973052
13390 26781 7421
13391 26782 966036
13391 26783 587
13392 26784 1
13392 26785 739
13393 26786 999478
13393 26787 80120
13394 26788 1000000
13394 26789 445067
13395 26790 933111
13395 26791 37937
13396 26792 539791
13396 26793 338362
13397 26794 969468
13397 26795 980347
13398 26796 968778
13398 26797 960625
13399 26798 958906
13399 26799 427427
13400 26800 930696
13400 26801 461958
13401 26802 985125
13401 26803 567779
13402 26804 701924
13402 26805 924132
13403 26806 991047
13403 26807 1000000
13404 26808 946081
13404 26809 1000000
13405 26810 345421
13405 26811 70
13406 26812 572794
13406 26813 1000000
13407 26814 1000000
13407 26815 129197
13408 26816 907530
13408 26817 445667
13409 26818 975
13409 26819 320423
13410 26820 696
13410 26821 955274
13411 26822 949365
13411 26823 802638
13412 26824 1000000
13412 26825 1000000
13413 26826 807
13413 26827 979926
13414 26828 731054
13414 26829 960111
13415 26830 1
13415 26831 125608
13416 26832 42915
13416 26833 346612
13417 26834 948456
13417 26835 509833
13418 26836 710046
13418 26837 5999
13419 26838 1000000
13419 26839 855
13420 26840 939
13420 26841 986484
13421 26842 927316
13421 26843 912523
13422 26844 909349
13422 26845 658972
13423 26846 467509
13423 26847 1
13424 26848 284244
13424 26849 879047
13425 26850 1000000
13425 26851 52055
13426 26852 1000000
13426 26853 209466
13427 26854 87648
13427 26855 622894
13428 26856 379013
13428 26857 597
13429 26858 984954
13429 26859 193401
13430 26860 1
13430 26861 894755
13431 26862 468294
13431 26863 695726
13432 26864 957511
13432 26865 953750
13433 26866 1
13433 26867 1000000
13434 26868 978085
13434 26869 444803
13435 26870 1
13435 26871 840
13436 26872 60576
13436 26873 177
13437 26874 568482
13437 26875 917398
13438 26876 1000000
13438 26877 874
13439 26878 378439
13439 26879 912882
13440 26880 336341
13440 26881 901385
13441 26882 1000000
13441 26883 146900
13442 26884 925660
13442 26885 923767
13443 26886 602814
13443 26887 966693
13444 26888 909
13444 26889 904766
13445 26890 905920
13445 26891 236470
13446 26892 987035
13446 26893 1000000
13447 26894 861
13447 26895 980755
13448 26896 921303
13448 26897 997370
13449 26898 346757
13449 26899 608651
13450 26900 916493
13450 26901 980780
13451 26902 68257
13451 26903 1000000
13452 26904 939996
13452 26905 1
13453 26906 772175
13453 26907 1000000
13454 26908 990923
13454 26909 945
13455 26910 217
13455 26911 700781
13456 26912 161852
13456 26913 830
13457 26914 1000000
13457 26915 205
13458 26916 344
13458 26917 951759
13459 26918 488
13459 26919 119
13460 26920 940469
13460 26921 105868
13461 26922 949741
13461 26923 1000000
13462 26924 607140
13462 26925 1000000
13463 26926 807293
13463 26927 933182
13464 26928 1
13464 26929 932287
13465 26930 1
13465 26931 718255
13466 26932 995842
13466 26933 11748
13467 26934 767529
13467 26935 46261
13468 26936 961753
13468 26937 390
13469 26938 1000000
13469 26939 245
13470 26940 952
13470 26941 1000000
13471 26942 113675
13471 26943 232412
13472 26944 998016
13472 26945 1
13473 26946 133730
13473 26947 16120
13474 26948 55
13474 26949 1
13475 26950 1000000
13475 26951 530280
13476 26952 996094
13476 26953 939326
13477 26954 961609
13477 26955 928920
13478 26956 383
13478 26957 640839
13479 26958 993190
13479 26959 999014
13480 26960 909032
13480 26961 207090
13481 26962 454795
13481 26963 577
13482 26964 914157
13482 26965 606603
13483 26966 720586
13483 26967 389842
13484 26968 859526
13484 26969 29
13485 26970 824
13485 26971 238360
13486 26972 215383
13486 26973 596880
13487 26974 236186
13487 26975 992145
13488 26976 804558
13488 26977 296
13489 26978 270
13489 26979 1000000
13490 26980 937023
13490 26981 1
13491 26982 622180
13491 26983 1000000
13492 26984 918023
13492 26985 844027
13493 26986 1000000
13493 26987 955111
13494 26988 989062
13494 26989 914700
13495 26990 944261
13495 26991 906310
13496 26992 977227
13496 26993 988656
13497 26994 310248
13497 26995 791225
13498 26996 909875
13498 26997 298
13499 26998 953047
13499 26999 94452
13500 27000 922487
13500 27001 331175
13501 27002 831
13501 27003 925
13502 27004 158748
13502 27005 953792
13503 27006 956636
13503 27007 961014
13504 27008 22541
13504 27009 915404
13505 27010 911786
13505 27011 247689
13506 27012 1000000
13506 27013 112183
13507 27014 837900
13507 27015 912388
13508 27016 430
13508 27017 633781
13509 27018 665900
13509 27019 360
13510 27020 665346
13510 27021 973619
13511 27022 66
13511 27023 680
13512 27024 1
13512 27025 358
13513 27026 247760
13513 27027 905108
13514 27028 980192
13514 27029 926962
13515 27030 399
13515 27031 1000000
13516 27032 990456
13516 27033 525599
13517 27034 974403
13517 27035 611469
13518 27036 971290
13518 27037 170309
13519 27038 289
13519 27039 1000000
13520 27040 298538
13520 27041 983860
13521 27042 190362
13521 27043 984490
13522 27044 277378
13522 27045 805
13523 27046 420401
13523 27047 234576
13524 27048 926591
13524 27049 208
13525 27050 980049
13525 27051 929562
13526 27052 1
13526 27053 240649
13527 27054 566644
13527 27055 1
13528 27056 405981
13528 27057 879310
13529 27058 1000000
13529 27059 987803
13530 27060 1000000
13530 27061 1000000
13531 27062 960863
13531 27063 322976
13532 27064 899
13532 27065 916876
13533 27066 1000000
13533 27067 562093
13534 27068 964293
13534 27069 1000000
13535 27070 936068
13535 27071 114701
13536 27072 987211
13536 27073 921624
13537 27074 865333
13537 27075 925083
13538 27076 989106
13538 27077 964859
13539 27078 588541
13539 27079 984304
13540 27080 284546
13540 27081 1000000
13541 27082 904157
13541 27083 101
13542 27084 139
13542 27085 613
13543 27086 998
13543 27087 1
13544 27088 712678
13544 27089 697
13545 27090 907017
13545 27091 830
13546 27092 1000000
13546 27093 136421
13547 27094 103
13547 27095 1
13548 27096 1000000
13548 27097 200288
13549 27098 1
13549 27099 234767
13550 27100 909567
13550 27101 201
13551 27102 248432
13551 27103 928460
13552 27104 786655
13552 27105 1000000
13553 27106 988904
13553 27107 931514
13554 27108 913264
13554 27109 958801
13555 27110 968127
13555 27111 134181
13556 27112 1000000
13556 27113 434
13557 27114 462
13557 27115 989711
13558 27116 1000000
13558 27117 369205
13559 27118 1000000
13559 27119 912218
13560 27120 959171
13560 27121 213634
13561 27122 1000000
13561 27123 99446
13562 27124 722
13562 27125 812113
13563 27126 945537
13563 27127 649246
13564 27128 803285
13564 27129 747
13565 27130 758
13565 27131 579675
13566 27132 914325
13566 27133 984771
13567 27134 284
13567 27135 898075
13568 27136 614424
13568 27137 302855
13569 27138 653
13569 27139 1000000
13570 27140 136
13570 27141 902865
13571 27142 476420
13571 27143 400
13572 27144 330660
13572 27145 263697
13573 27146 27
13573 27147 955495
13574 27148 877286
13574 27149 998413
13575 27150 719
13575 27151 928012
13576 27152 729822
13576 27153 982540
13577 27154 556908
13577 27155 932122
13578 27156 379508
13578 27157 400578
13579 27158 913934
13579 27159 453078
13580 27160 985860
13580 27161 968144
13581 27162 527853
13581 27163 467432
13582 27164 958806
13582 27165 296726
13583 27166 265140
13583 27167 368512
13584 27168 247
13584 27169 1000000
13585 27170 878245
13585 27171 157
13586 27172 947683
13586 27173 911
13587 27174 632763
13587 27175 991418
13588 27176 553000
13588 27177 487817
13589 27178 975013
13589 27179 970984
13590 27180 529148
13590 27181 903979
13591 27182 1
13591 27183 974101
13592 27184 460
13592 27185 472
13593 27186 865
13593 27187 305626
13594 27188 926592
13594 27189 763
13595 27190 355
13595 27191 1000000
13596 27192 6380
13596 27193 97244
13597 27194 1000000
13597 27195 572490
13598 27196 943121
13598 27197 950596
13599 27198 918
13599 27199 990525
13600 27200 366046
13600 27201 335
13601 27202 636393
13601 27203 728039
13602 27204 242144
13602 27205 975470
13603 27206 392735
13603 27207 913890
13604 27208 953359
13604 27209 914523
13605 27210 123
13605 27211 758258
13606 27212 931375
13606 27213 880
13607 27214 985040
13607 27215 308260
13608 27216 373
13608 27217 326630
13609 27218 969024
13609 27219 993607
13610 27220 1000000
13610 27221 770723
13611 27222 1
13611 27223 553857
13612 27224 445571
13612 27225 1000000
13613 27226 1
13613 27227 808781
13614 27228 1
13614 27229 868795
13615 27230 57837
13615 27231 975868
13616 27232 403
13616 27233 228432
13617 27234 940114
13617 27235 962042
13618 27236 981287
13618 27237 954183
13619 27238 934207
13619 27239 920753
13620 27240 36366
13620 27241 440676
13621 27242 22
13621 27243 941655
13622 27244 824
13622 27245 923303
13623 27246 1
13623 27247 1
13624 27248 990864
13624 27249 294859
13625 27250 833
13625 27251 457
13626 27252 945094
13626 27253 771420
13627 27254 280600
13627 27255 983863
13628 27256 576779
13628 27257 876345
13629 27258 1000000
13629 27259 403676
13630 27260 992
13630 27261 174589
13631 27262 940512
13631 27263 242
13632 27264 1000000
13632 27265 258513
13633 27266 1000000
13633 27267 353
13634 27268 122
13634 27269 411
13635 27270 995065
13635 27271 985796
13636 27272 19304
13636 27273 272850
13637 27274 996511
13637 27275 727470
13638 27276 133
13638 27277 969426
13639 27278 932897
13639 27279 644590
13640 27280 814892
13640 27281 1000000
13641 27282 279988
13641 27283 466
13642 27284 926035
13642 27285 583
13643 27286 712184
13643 27287 998856
13644 27288 75969
13644 27289 1000000
13645 27290 553
13645 27291 994840
13646 27292 996109
13646 27293 330284
13647 27294 815
13647 27295 515
13648 27296 309569
13648 27297 97626
13649 27298 470273
13649 27299 943435
13650 27300 915555
13650 27301 959303
13651 27302 899445
13651 27303 914908
13652 27304 605567
13652 27305 744685
13653 27306 428
13653 27307 1
13654 27308 201
13654 27309 960
13655 27310 176298
13655 27311 955572
13656 27312 934309
13656 27313 998
13657 27314 796769
13657 27315 10102
13658 27316 978010
13658 27317 617151
13659 27318 184
13659 27319 371599
13660 27320 1000000
13660 27321 332414
13661 27322 900439
13661 27323 328500
13662 27324 907250
13662 27325 795600
13663 27326 573
13663 27327 49851
13664 27328 1000000
13664 27329 633512
13665 27330 620
13665 27331 943311
13666 27332 1
13666 27333 992499
13667 27334 613560
13667 27335 904307
13668 27336 1000000
13668 27337 1000000
13669 27338 981102
13669 27339 1000000
13670 27340 918526
13670 27341 977819
13671 27342 912916
13671 27343 754380
13672 27344 909066
13672 27345 960093
13673 27346 903356
13673 27347 792930
13674 27348 626440
13674 27349 955
13675 27350 821038
13675 27351 485823
13676 27352 1000000
13676 27353 1
13677 27354 598
13677 27355 868420
13678 27356 1000000
13678 27357 515746
13679 27358 575071
13679 27359 602310
13680 27360 9
13680 27361 925556
13681 27362 989487
13681 27363 886329
13682 27364 727346
13682 27365 961123
13683 27366 844489
13683 27367 692697
13684 27368 1
13684 27369 1000000
13685 27370 553975
13685 27371 937754
13686 27372 925289
13686 27373 993376
13687 27374 361
13687 27375 946911
13688 27376 519005
13688 27377 1
13689 27378 989023
13689 27379 126
13690 27380 583030
13690 27381 960
13691 27382 909800
13691 27383 1000000
13692 27384 33
13692 27385 1
13693 27386 1000000
13693 27387 216
13694 27388 906117
13694 27389 161698
13695 27390 1000000
13695 27391 92
13696 27392 743490
13696 27393 932607
13697 27394 923241
13697 27395 221
13698 27396 942291
13698 27397 422
13699 27398 406
13699 27399 903012
13700 27400 971582
13700 27401 187
13701 27402 498
13701 27403 1000000
13702 27404 934944
13702 27405 823
13703 27406 219314
13703 27407 1000000
13704 27408 910265
13704 27409 957593
13705 27410 668778
13705 27411 630
13706 27412 950528
13706 27413 684
13707 27414 457401
13707 27415 902883
13708 27416 395679
13708 27417 900595
13709 27418 1000000
13709 27419 911624
13710 27420 728
13710 27421 720
13711 27422 913632
13711 27423 912328
13712 27424 607029
13712 27425 996174
13713 27426 931354
13713 27427 1000000
13714 27428 1
13714 27429 6440
13715 27430 801973
13715 27431 621202
13716 27432 924
13716 27433 968161
13717 27434 953749
13717 27435 904826
13718 27436 535033
13718 27437 802177
13719 27438 1000000
13719 27439 128814
13720 27440 957615
13720 27441 514
13721 27442 921011
13721 27443 689
13722 27444 37212
13722 27445 715465
13723 27446 968679
13723 27447 908706
13724 27448 963908
13724 27449 130
13725 27450 987
13725 27451 933626
13726 27452 55577
13726 27453 923109
13727 27454 846921
13727 27455 752
13728 27456 762389
13728 27457 704090
13729 27458 885
13729 27459 1000000
13730 27460 799
13730 27461 605071
13731 27462 5
13731 27463 932286
13732 27464 645425
13732 27465 981417
13733 27466 952631
13733 27467 851
13734 27468 919
13734 27469 343
13735 27470 1
13735 27471 997786
13736 27472 1000000
13736 27473 248
13737 27474 1000000
13737 27475 539
13738 27476 1
13738 27477 1
13739 27478 240
13739 27479 942042
13740 27480 907753
13740 27481 929234
13741 27482 238
13741 27483 1000000
13742 27484 414312
13742 27485 657277
13743 27486 100971
13743 27487 612021
13744 27488 929926
13744 27489 928566
13745 27490 917407
13745 27491 106881
13746 27492 338641
13746 27493 471980
13747 27494 70396
13747 27495 13
13748 27496 916130
13748 27497 994701
13749 27498 1000000
13749 27499 408
13750 27500 953424
13750 27501 711812
13751 27502 197771
13751 27503 363919
13752 27504 960325
13752 27505 989518
13753 27506 105
13753 27507 377956
13754 27508 1000000
13754 27509 46424
13755 27510 581994
13755 27511 953332
13756 27512 632
13756 27513 975304
13757 27514 910035
13757 27515 965677
13758 27516 581780
13758 27517 696360
13759 27518 482641
13759 27519 1000000
13760 27520 998124
13760 27521 1000000
13761 27522 371
13761 27523 908601
13762 27524 517075
13762 27525 383533
13763 27526 995460
13763 27527 515
13764 27528 297977
13764 27529 226
13765 27530 990391
13765 27531 427754
13766 27532 983352
13766 27533 981322
13767 27534 913020
13767 27535 975953
13768 27536 920526
13768 27537 797351
13769 27538 74807
13769 27539 981939
13770 27540 108
13770 27541 80678
13771 27542 911777
13771 27543 951045
13772 27544 579653
13772 27545 162457
13773 27546 973129
13773 27547 881980
13774 27548 919656
13774 27549 900250
13775 27550 931860
13775 27551 653519
13776 27552 543271
13776 27553 617
13777 27554 753
13777 27555 1000000
13778 27556 991320
13778 27557 1000000
13779 27558 970049
13779 27559 44
13780 27560 970902
13780 27561 1000000
13781 27562 901285
13781 27563 928493
13782 27564 316880
13782 27565 664791
13783 27566 964457
13783 27567 379021
13784 27568 565973
13784 27569 952685
13785 27570 944901
13785 27571 940509
13786 27572 1000000
13786 27573 1
13787 27574 742
13787 27575 939139
13788 27576 454
13788 27577 977917
13789 27578 107480
13789 27579 955887
13790 27580 345604
13790 27581 929916
13791 27582 382929
13791 27583 333241
13792 27584 692551
13792 27585 1000000
13793 27586 533
13793 27587 594205
13794 27588 566412
13794 27589 990195
13795 27590 486388
13795 27591 671002
13796 27592 922393
13796 27593 1000000
13797 27594 365770
13797 27595 330
13798 27596 1
13798 27597 807
13799 27598 309137
13799 27599 960214
13800 27600 1
13800 27601 949544
13801 27602 509897
13801 27603 1
13802 27604 404
13802 27605 268
13803 27606 904989
13803 27607 28270
13804 27608 1
13804 27609 986
13805 27610 143547
13805 27611 912988
13806 27612 319149
13806 27613 788505
13807 27614 957067
13807 27615 780
13808 27616 295144
13808 27617 200
13809 27618 290
13809 27619 139115
13810 27620 716905
13810 27621 1000000
13811 27622 234062
13811 27623 1000000
13812 27624 1000000
13812 27625 943009
13813 27626 72004
13813 27627 175150
13814 27628 1000000
13814 27629 997259
13815 27630 1
13815 27631 968233
13816 27632 327416
13816 27633 96513
13817 27634 939178
13817 27635 122
13818 27636 955665
13818 27637 1
13819 27638 633937
13819 27639 205
13820 27640 386
13820 27641 975
13821 27642 951161
13821 27643 475
13822 27644 902340
13822 27645 1000000
13823 27646 442317
13823 27647 777505
13824 27648 930146
13824 27649 1
13825 27650 362370
13825 27651 906457
13826 27652 384322
13826 27653 731499
13827 27654 587
13827 27655 757
13828 27656 824151
13828 27657 261766
13829 27658 940044
13829 27659 521
13830 27660 577611
13830 27661 261
13831 27662 226707
13831 27663 958655
13832 27664 388352
13832 27665 994406
13833 27666 856
13833 27667 272240
13834 27668 1000000
13834 27669 127
13835 27670 923336
13835 27671 513126
13836 27672 955843
13836 27673 177814
13837 27674 276363
13837 27675 1000000
13838 27676 370704
13838 27677 992924
13839 27678 936485
13839 27679 903513
13840 27680 574608
13840 27681 621165
13841 27682 914813
13841 27683 549
13842 27684 305996
13842 27685 196490
13843 27686 557329
13843 27687 645127
13844 27688 616741
13844 27689 1000000
13845 27690 1
13845 27691 1
13846 27692 183011
13846 27693 991223
13847 27694 870583
13847 27695 941471
13848 27696 951722
13848 27697 929675
13849 27698 1
13849 27699 967664
13850 27700 387563
13850 27701 977530
13851 27702 1
13851 27703 548
13852 27704 742074
13852 27705 161745
13853 27706 948974
13853 27707 718590
13854 27708 87261
13854 27709 931974
13855 27710 687029
13855 27711 1
13856 27712 938377
13856 27713 446
13857 27714 961604
13857 27715 146
13858 27716 379
13858 27717 974811
13859 27718 679
13859 27719 920182
13860 27720 1
13860 27721 929549
13861 27722 144512
13861 27723 921440
13862 27724 859542
13862 27725 1000000
13863 27726 594766
13863 27727 183
13864 27728 316
13864 27729 420
13865 27730 1
13865 27731 306750
13866 27732 194
13866 27733 1000000
13867 27734 951896
13867 27735 496082
13868 27736 51
13868 27737 1
13869 27738 830
13869 27739 900190
13870 27740 906
13870 27741 725368
13871 27742 941551
13871 27743 98
13872 27744 986581
13872 27745 342521
13873 27746 811937
13873 27747 772715
13874 27748 930845
13874 27749 785
13875 27750 709
13875 27751 993435
13876 27752 952700
13876 27753 906160
13877 27754 941602
13877 27755 989
13878 27756 852
13878 27757 903523
13879 27758 907333
13879 27759 535
13880 27760 64
13880 27761 906935
13881 27762 352101
13881 27763 923385
13882 27764 758
13882 27765 558275
13883 27766 757723
13883 27767 934432
13884 27768 919490
13884 27769 924337
13885 27770 481383
13885 27771 944536
13886 27772 846027
13886 27773 927215
13887 27774 952
13887 27775 870
13888 27776 919
13888 27777 1000000
13889 27778 1
13889 27779 901511
13890 27780 368
13890 27781 959558
13891 27782 48128
13891 27783 906453
13892 27784 987573
13892 27785 693732
13893 27786 128927
13893 27787 959929
13894 27788 822321
13894 27789 140108
13895 27790 946399
13895 27791 55027
13896 27792 612
13896 27793 617137
13897 27794 878834
13897 27795 966926
13898 27796 679791
13898 27797 924862
13899 27798 1
13899 27799 178623
13900 27800 809
13900 27801 324624
13901 27802 1
13901 27803 477267
13902 27804 1000000
13902 27805 164323
13903 27806 949870
13903 27807 567330
13904 27808 931
13904 27809 946153
13905 27810 612
13905 27811 601
13906 27812 943036
13906 27813 499682
13907 27814 1
13907 27815 683043
13908 27816 995102
13908 27817 55
13909 27818 953432
13909 27819 215282
13910 27820 1000000
13910 27821 213
13911 27822 964668
13911 27823 936094
13912 27824 1000000
13912 27825 532
13913 27826 999709
13913 27827 1000000
13914 27828 906522
13914 27829 835827
13915 27830 1000000
13915 27831 924019
13916 27832 942166
13916 27833 938608
13917 27834 249572
13917 27835 526
13918 27836 487621
13918 27837 1000000
13919 27838 292655
13919 27839 986236
13920 27840 1000000
13920 27841 611441
13921 27842 1000000
13921 27843 583407
13922 27844 729124
13922 27845 540082
13923 27846 918797
13923 27847 954628
13924 27848 1000000
13924 27849 916165
13925 27850 631529
13925 27851 935831
13926 27852 958598
13926 27853 933219
13927 27854 152719
13927 27855 233167
13928 27856 1000000
13928 27857 1000000
13929 27858 929676
13929 27859 1000000
13930 27860 764
13930 27861 933
13931 27862 968595
13931 27863 1
13932 27864 972290
13932 27865 595537
13933 27866 998431
13933 27867 755014
13934 27868 975
13934 27869 876741
13935 27870 1000000
13935 27871 16561
13936 27872 985875
13936 27873 975579
13937 27874 1
13937 27875 161380
13938 27876 939276
13938 27877 1000000
13939 27878 513827
13939 27879 1
13940 27880 509519
13940 27881 1000000
13941 27882 972294
13941 27883 49730
13942 27884 637069
13942 27885 992791
13943 27886 562480
13943 27887 67
13944 27888 947655
13944 27889 63538
13945 27890 1000000
13945 27891 313408
13946 27892 911943
13946 27893 432868
13947 27894 994
13947 27895 1
13948 27896 906449
13948 27897 914535
13949 27898 903763
13949 27899 378320
13950 27900 835205
13950 27901 1000000
13951 27902 496871
13951 27903 558101
13952 27904 146
13952 27905 919309
13953 27906 942552
13953 27907 1000000
13954 27908 1000000
13954 27909 656914
13955 27910 498625
13955 27911 949858
13956 27912 1000000
13956 27913 995453
13957 27914 32
13957 27915 838
13958 27916 1000000
13958 27917 443
13959 27918 526350
13959 27919 903645
13960 27920 572049
13960 27921 988189
13961 27922 376186
13961 27923 418
13962 27924 476256
13962 27925 718980
13963 27926 896894
13963 27927 159553
13964 27928 669362
13964 27929 187849
13965 27930 987207
13965 27931 729
13966 27932 1000000
13966 27933 904
13967 27934 934350
13967 27935 1000000
13968 27936 881142
13968 27937 944468
13969 27938 1000000
13969 27939 951569
13970 27940 428295
13970 27941 1000000
13971 27942 965340
13971 27943 939
13972 27944 948961
13972 27945 478
13973 27946 967182
13973 27947 953036
13974 27948 315463
13974 27949 996042
13975 27950 194227
13975 27951 988941
13976 27952 69276
13976 27953 218
13977 27954 942201
13977 27955 738116
13978 27956 982426
13978 27957 470993
13979 27958 867130
13979 27959 1000000
13980 27960 316519
13980 27961 462573
13981 27962 660
13981 27963 217
13982 27964 965083
13982 27965 928516
13983 27966 820
13983 27967 199691
13984 27968 948627
13984 27969 104512
13985 27970 574297
13985 27971 982013
13986 27972 1000000
13986 27973 762
13987 27974 100062
13987 27975 988195
13988 27976 905929
13988 27977 942808
13989 27978 1000000
13989 27979 1000000
13990 27980 986947
13990 27981 976903
13991 27982 114170
13991 27983 844
13992 27984 909698
13992 27985 334
13993 27986 457327
13993 27987 859
13994 27988 327313
13994 27989 952778
13995 27990 727
13995 27991 1000000
13996 27992 989662
13996 27993 1000000
13997 27994 615
13997 27995 129
13998 27996 91031
13998 27997 819
13999 27998 109
13999 27999 1
14000 28000 326147
14000 28001 930174
14001 28002 922073
14001 28003 104
14002 28004 826
14002 28005 565729
14003 28006 446810
14003 28007 162773
14004 28008 90
14004 28009 254153
14005 28010 1000000
14005 28011 149548
14006 28012 582956
14006 28013 1000000
14007 28014 1
14007 28015 939006
14008 28016 232127
14008 28017 645
14009 28018 997376
14009 28019 1
14010 28020 964912
14010 28021 990009
14011 28022 984852
14011 28023 490964
14012 28024 988755
14012 28025 941373
14013 28026 933626
14013 28027 963384
14014 28028 101728
14014 28029 217344
14015 28030 944571
14015 28031 960906
14016 28032 209
14016 28033 163134
14017 28034 1000000
14017 28035 6173
14018 28036 784482
14018 28037 916362
14019 28038 1000000
14019 28039 1000000
14020 28040 806325
14020 28041 925392
14021 28042 962220
14021 28043 1
14022 28044 3859
14022 28045 936527
14023 28046 979244
14023 28047 710
14024 28048 937954
14024 28049 934185
14025 28050 677834
14025 28051 805
14026 28052 40292
14026 28053 991625
14027 28054 903086
14027 28055 939791
14028 28056 919507
14028 28057 980526
14029 28058 82697
14029 28059 968218
14030 28060 748626
14030 28061 952904
14031 28062 1000000
14031 28063 965496
14032 28064 954
14032 28065 318096
14033 28066 1000000
14033 28067 888528
14034 28068 871
14034 28069 931902
14035 28070 993686
14035 28071 966969
14036 28072 950154
14036 28073 943722
14037 28074 181
14037 28075 535
14038 28076 512056
14038 28077 31
14039 28078 799
14039 28079 416
14040 28080 904541
14040 28081 963046
14041 28082 927831
14041 28083 887066
14042 28084 929974
14042 28085 981221
14043 28086 805662
14043 28087 1000000
14044 28088 49
14044 28089 1000000
14045 28090 951753
14045 28091 982474
14046 28092 998812
14046 28093 137121
14047 28094 46369
14047 28095 958019
14048 28096 749926
14048 28097 1
14049 28098 47571
14049 28099 1000000
14050 28100 324426
14050 28101 828
14051 28102 564
14051 28103 1
14052 28104 91935
14052 28105 187039
14053 28106 457454
14053 28107 1
14054 28108 437524
14054 28109 225
14055 28110 945948
14055 28111 733
14056 28112 1
14056 28113 652891
14057 28114 1000000
14057 28115 1000000
14058 28116 645083
14058 28117 682161
14059 28118 209345
14059 28119 950
14060 28120 415206
14060 28121 52
14061 28122 889756
14061 28123 647987
14062 28124 1
14062 28125 1000000
14063 28126 153749
14063 28127 117
14064 28128 979631
14064 28129 669
14065 28130 136598
14065 28131 211085
14066 28132 917045
14066 28133 941408
14067 28134 149763
14067 28135 44
14068 28136 1000000
14068 28137 944
14069 28138 1000000
14069 28139 930130
14070 28140 423870
14070 28141 488815
14071 28142 932296
14071 28143 969512
14072 28144 1000000
14072 28145 749
14073 28146 995044
14073 28147 505
14074 28148 731
14074 28149 119657
14075 28150 360
14075 28151 565
14076 28152 60166
14076 28153 789081
14077 28154 976264
14077 28155 906509
14078 28156 967821
14078 28157 962511
14079 28158 736
14079 28159 1000000
14080 28160 725
14080 28161 1000000
14081 28162 1000000
14081 28163 1000000
14082 28164 999243
14082 28165 938750
14083 28166 988790
14083 28167 942438
14084 28168 26824
14084 28169 967088
14085 28170 916093
14085 28171 1000000
14086 28172 955901
14086 28173 243
14087 28174 931843
14087 28175 81862
14088 28176 94250
14088 28177 940522
14089 28178 282569
14089 28179 937116
14090 28180 876
14090 28181 157190
14091 28182 1000000
14091 28183 900684
14092 28184 930916
14092 28185 128102
14093 28186 996628
14093 28187 970593
14094 28188 287
14094 28189 791
14095 28190 929342
14095 28191 987904
14096 28192 921238
14096 28193 231
14097 28194 497187
14097 28195 811406
14098 28196 967052
14098 28197 420895
14099 28198 938750
14099 28199 219140
14100 28200 791
14100 28201 113
14101 28202 969603
14101 28203 996221
14102 28204 1
14102 28205 986435
14103 28206 1
14103 28207 1000000
14104 28208 687
14104 28209 759102
14105 28210 916469
14105 28211 206653
14106 28212 911356
14106 28213 551
14107 28214 201997
14107 28215 919283
14108 28216 383
14108 28217 705296
14109 28218 1000000
14109 28219 1000000
14110 28220 45
14110 28221 943775
14111 28222 747141
14111 28223 909453
14112 28224 1
14112 28225 1000000
14113 28226 888844
14113 28227 29569
14114 28228 1
14114 28229 1000000
14115 28230 963222
14115 28231 847966
14116 28232 882426
14116 28233 948861
14117 28234 942345
14117 28235 918577
14118 28236 1
14118 28237 904
14119 28238 318288
14119 28239 982316
14120 28240 128061
14120 28241 422
14121 28242 380
14121 28243 1000000
14122 28244 990009
14122 28245 410302
14123 28246 900414
14123 28247 961
14124 28248 49981
14124 28249 451
14125 28250 184016
14125 28251 286491
14126 28252 814957
14126 28253 116
14127 28254 387573
14127 28255 345310
14128 28256 275347
14128 28257 934937
14129 28258 170075
14129 28259 371571
14130 28260 1000000
14130 28261 95408
14131 28262 174187
14131 28263 1000000
14132 28264 912041
14132 28265 761831
14133 28266 682953
14133 28267 357074
14134 28268 804054
14134 28269 926119
14135 28270 995
14135 28271 984907
14136 28272 1
14136 28273 159853
14137 28274 52588
14137 28275 460282
14138 28276 959
14138 28277 914726
14139 28278 932779
14139 28279 992693
14140 28280 940805
14140 28281 904491
14141 28282 916152
14141 28283 903619
14142 28284 965510
14142 28285 994271
14143 28286 993513
14143 28287 759674
14144 28288 1000000
14144 28289 1000000
14145 28290 417770
14145 28291 922552
14146 28292 1
14146 28293 912910
14147 28294 792
14147 28295 360
14148 28296 828408
14148 28297 124370
14149 28298 957586
14149 28299 1
14150 28300 379
14150 28301 1000000
14151 28302 185213
14151 28303 1
14152 28304 950027
14152 28305 699183
14153 28306 799764
14153 28307 974920
14154 28308 915710
14154 28309 273
14155 28310 921586
14155 28311 961090
14156 28312 979278
14156 28313 284248
14157 28314 1000000
14157 28315 289588
14158 28316 439
14158 28317 422450
14159 28318 1000000
14159 28319 51193
14160 28320 956451
14160 28321 20
14161 28322 925103
14161 28323 22187
14162 28324 1000000
14162 28325 895722
14163 28326 425
14163 28327 311999
14164 28328 943612
14164 28329 1000000
14165 28330 1000000
14165 28331 955344
14166 28332 959397
14166 28333 896618
14167 28334 926863
14167 28335 981791
14168 28336 994834
14168 28337 1000000
14169 28338 394919
14169 28339 303812
14170 28340 920829
14170 28341 531035
14171 28342 453678
14171 28343 931162
14172 28344 983369
14172 28345 661973
14173 28346 496
14173 28347 517157
14174 28348 939039
14174 28349 1
14175 28350 925655
14175 28351 773474
14176 28352 924152
14176 28353 962550
14177 28354 990352
14177 28355 1000000
14178 28356 594
14178 28357 949041
14179 28358 924
14179 28359 568
14180 28360 8652
14180 28361 1000000
14181 28362 940138
14181 28363 212
14182 28364 968142
14182 28365 943
14183 28366 957460
14183 28367 1000000
14184 28368 936684
14184 28369 408028
14185 28370 930567
14185 28371 1000000
14186 28372 186872
14186 28373 914435
14187 28374 354
14187 28375 749
14188 28376 918618
14188 28377 962083
14189 28378 327
14189 28379 44722
14190 28380 998682
14190 28381 718491
14191 28382 855838
14191 28383 459890
14192 28384 943552
14192 28385 388
14193 28386 941720
14193 28387 441
14194 28388 507629
14194 28389 92055
14195 28390 962893
14195 28391 622231
14196 28392 539125
14196 28393 428709
14197 28394 1000000
14197 28395 983134
14198 28396 865
14198 28397 503
14199 28398 886255
14199 28399 954221
14200 28400 847695
14200 28401 421785
14201 28402 566782
14201 28403 998412
14202 28404 912135
14202 28405 920808
14203 28406 632657
14203 28407 913851
14204 28408 1000000
14204 28409 970970
14205 28410 1000000
14205 28411 104
14206 28412 933204
14206 28413 261860
14207 28414 271258
14207 28415 932312
14208 28416 916562
14208 28417 669416
14209 28418 964762
14209 28419 965782
14210 28420 992913
14210 28421 1000000
14211 28422 990491
14211 28423 49
14212 28424 671
14212 28425 369
14213 28426 214258
14213 28427 986570
14214 28428 979416
14214 28429 42984
14215 28430 1000000
14215 28431 330
14216 28432 949662
14216 28433 910176
14217 28434 992538
14217 28435 984506
14218 28436 904445
14218 28437 987250
14219 28438 983900
14219 28439 888298
14220 28440 876
14220 28441 925320
14221 28442 993021
14221 28443 865417
14222 28444 917283
14222 28445 973164
14223 28446 1
14223 28447 1000000
14224 28448 427
14224 28449 319200
14225 28450 903823
14225 28451 238595
14226 28452 980000
14226 28453 555
14227 28454 928952
14227 28455 1000000
14228 28456 1000000
14228 28457 755198
14229 28458 1
14229 28459 920
14230 28460 1000000
14230 28461 935315
14231 28462 1000000
14231 28463 852
14232 28464 942650
14232 28465 946721
14233 28466 620884
14233 28467 976787
14234 28468 953471
14234 28469 965032
14235 28470 345465
14235 28471 934631
14236 28472 938032
14236 28473 835
14237 28474 777
14237 28475 356
14238 28476 1000000
14238 28477 410798
14239 28478 993489
14239 28479 987524
14240 28480 887262
14240 28481 970925
14241 28482 1000000
14241 28483 615199
14242 28484 945934
14242 28485 5
14243 28486 859281
14243 28487 479137
14244 28488 1
14244 28489 943
14245 28490 626365
14245 28491 630
14246 28492 506747
14246 28493 1000000
14247 28494 954976
14247 28495 398210
14248 28496 980325
14248 28497 635
14249 28498 939418
14249 28499 876745
14250 28500 894
14250 28501 982167
14251 28502 715
14251 28503 949869
14252 28504 931816
14252 28505 983605
14253 28506 1000000
14253 28507 914703
14254 28508 1
14254 28509 954640
14255 28510 931271
14255 28511 66
14256 28512 591
14256 28513 704482
14257 28514 570177
14257 28515 1000000
14258 28516 796
14258 28517 953
14259 28518 504
14259 28519 954819
14260 28520 964475
14260 28521 200
14261 28522 662076
14261 28523 932738
14262 28524 397
14262 28525 982013
14263 28526 1000000
14263 28527 235291
14264 28528 998
14264 28529 937739
14265 28530 165603
14265 28531 1000000
14266 28532 971047
14266 28533 924628
14267 28534 904674
14267 28535 321276
14268 28536 941484
14268 28537 978312
14269 28538 977164
14269 28539 133
14270 28540 923346
14270 28541 768
14271 28542 56887
14271 28543 1000000
14272 28544 869
14272 28545 501653
14273 28546 933354
14273 28547 1000000
14274 28548 978617
14274 28549 995718
14275 28550 952861
14275 28551 385
14276 28552 941779
14276 28553 539815
14277 28554 932818
14277 28555 422164
14278 28556 214326
14278 28557 1000000
14279 28558 1000000
14279 28559 459844
14280 28560 123360
14280 28561 890652
14281 28562 956
14281 28563 1000000
14282 28564 987016
14282 28565 924358
14283 28566 924089
14283 28567 997337
14284 28568 925
14284 28569 797
14285 28570 48279
14285 28571 1000000
14286 28572 6478
14286 28573 908270
14287 28574 366030
14287 28575 939910
14288 28576 979182
14288 28577 971723
14289 28578 156
14289 28579 996
14290 28580 135
14290 28581 57
14291 28582 143
14291 28583 989079
14292 28584 1000000
14292 28585 1
14293 28586 1000000
14293 28587 310674
14294 28588 1
14294 28589 603
14295 28590 565
14295 28591 973
14296 28592 528
14296 28593 993151
14297 28594 971187
14297 28595 59329
14298 28596 999875
14298 28597 1000000
14299 28598 957677
14299 28599 904463
14300 28600 985599
14300 28601 358
14301 28602 491
14301 28603 1000000
14302 28604 1000000
14302 28605 427539
14303 28606 580678
14303 28607 985463
14304 28608 1000000
14304 28609 920
14305 28610 36604
14305 28611 998077
14306 28612 419
14306 28613 989676
14307 28614 459363
14307 28615 1
14308 28616 947520
14308 28617 1000000
14309 28618 1000000
14309 28619 1000000
14310 28620 648
14310 28621 48
14311 28622 775969
14311 28623 473336
14312 28624 980361
14312 28625 902836
14313 28626 944
14313 28627 962541
14314 28628 8710
14314 28629 944740
14315 28630 935499
14315 28631 637795
14316 28632 814832
14316 28633 654761
14317 28634 11815
14317 28635 966363
14318 28636 1000000
14318 28637 955161
14319 28638 338015
14319 28639 135101
14320 28640 996848
14320 28641 676289
14321 28642 734
14321 28643 38675
14322 28644 431
14322 28645 874073
14323 28646 939288
14323 28647 948570
14324 28648 944378
14324 28649 44
14325 28650 499472
14325 28651 439507
14326 28652 646939
14326 28653 786273
14327 28654 997546
14327 28655 950360
14328 28656 977529
14328 28657 1000000
14329 28658 911
14329 28659 589276
14330 28660 990370
14330 28661 710
14331 28662 323614
14331 28663 789926
14332 28664 885
14332 28665 1
14333 28666 824
14333 28667 986868
14334 28668 37
14334 28669 616
14335 28670 987352
14335 28671 447056
14336 28672 902532
14336 28673 1000000
14337 28674 899
14337 28675 211
14338 28676 1000000
14338 28677 753
14339 28678 319743
14339 28679 383641
14340 28680 927452
14340 28681 953285
14341 28682 1000000
14341 28683 1000000
14342 28684 920339
14342 28685 490
14343 28686 139730
14343 28687 955565
14344 28688 766658
14344 28689 671851
14345 28690 936491
14345 28691 900753
14346 28692 954475
14346 28693 422924
14347 28694 365374
14347 28695 944514
14348 28696 1000000
14348 28697 847768
14349 28698 926211
14349 28699 52113
14350 28700 644504
14350 28701 985452
14351 28702 1000000
14351 28703 974509
14352 28704 998285
14352 28705 577173
14353 28706 757789
14353 28707 828088
14354 28708 808
14354 28709 923921
14355 28710 989238
14355 28711 817
14356 28712 930875
14356 28713 924616
14357 28714 210961
14357 28715 450
14358 28716 963272
14358 28717 995
14359 28718 478533
14359 28719 62108
14360 28720 930594
14360 28721 92899
14361 28722 557161
14361 28723 1000000
14362 28724 795
14362 28725 857
14363 28726 1000000
14363 28727 932380
14364 28728 623609
14364 28729 904614
14365 28730 662
14365 28731 929687
14366 28732 775015
14366 28733 1000000
14367 28734 650988
14367 28735 1
14368 28736 443
14368 28737 982669
14369 28738 323
14369 28739 896
14370 28740 641
14370 28741 925411
14371 28742 908807
14371 28743 930601
14372 28744 260
14372 28745 666
14373 28746 995565
14373 28747 973800
14374 28748 300
14374 28749 940529
14375 28750 1000000
14375 28751 45
14376 28752 976659
14376 28753 278594
14377 28754 933612
14377 28755 939785
14378 28756 675
14378 28757 989823
14379 28758 683
14379 28759 968293
14380 28760 110329
14380 28761 996269
14381 28762 233951
14381 28763 707
14382 28764 646366
14382 28765 170063
14383 28766 939909
14383 28767 1
14384 28768 987016
14384 28769 412000
14385 28770 995827
14385 28771 928023
14386 28772 420177
14386 28773 940360
14387 28774 553
14387 28775 1000000
14388 28776 1000000
14388 28777 991715
14389 28778 955571
14389 28779 570
14390 28780 565245
14390 28781 1000000
14391 28782 937399
14391 28783 920145
14392 28784 1000000
14392 28785 1000000
14393 28786 1
14393 28787 991017
14394 28788 972505
14394 28789 853
14395 28790 740044
14395 28791 957999
14396 28792 308709
14396 28793 296
14397 28794 944256
14397 28795 667
14398 28796 684329
14398 28797 910873
14399 28798 991013
14399 28799 962945
14400 28800 1
14400 28801 650719
14401 28802 861
14401 28803 992559
14402 28804 689
14402 28805 746
14403 28806 996772
14403 28807 904253
14404 28808 932389
14404 28809 763
14405 28810 613736
14405 28811 945943
14406 28812 961929
14406 28813 1000000
14407 28814 980118
14407 28815 917415
14408 28816 152120
14408 28817 618561
14409 28818 126867
14409 28819 156
14410 28820 963350
14410 28821 927873
14411 28822 915
14411 28823 921535
14412 28824 907783
14412 28825 905061
14413 28826 975188
14413 28827 969304
14414 28828 372
14414 28829 61461
14415 28830 1
14415 28831 382
14416 28832 1000000
14416 28833 587476
14417 28834 904
14417 28835 939513
14418 28836 346720
14418 28837 523808
14419 28838 940735
14419 28839 117367
14420 28840 999520
14420 28841 945090
14421 28842 873
14421 28843 1
14422 28844 928733
14422 28845 1000000
14423 28846 999234
14423 28847 975900
14424 28848 1
14424 28849 584
14425 28850 1000000
14425 28851 316081
14426 28852 543
14426 28853 759
14427 28854 939824
14427 28855 97957
14428 28856 916355
14428 28857 44
14429 28858 627034
14429 28859 1000000
14430 28860 1000000
14430 28861 592
14431 28862 795
14431 28863 1000000
14432 28864 766291
14432 28865 653
14433 28866 812
14433 28867 1000000
14434 28868 1
14434 28869 769462
14435 28870 904888
14435 28871 331
14436 28872 974780
14436 28873 961722
14437 28874 612955
14437 28875 277893
14438 28876 1
14438 28877 897918
14439 28878 818
14439 28879 969195
14440 28880 927325
14440 28881 988
14441 28882 904034
14441 28883 1000000
14442 28884 713847
14442 28885 919481
14443 28886 995192
14443 28887 914457
14444 28888 967479
14444 28889 1
14445 28890 943139
14445 28891 123
14446 28892 229
14446 28893 30
14447 28894 975768
14447 28895 127177
14448 28896 861871
14448 28897 1000000
14449 28898 936792
14449 28899 572
14450 28900 918766
14450 28901 862369
14451 28902 117
14451 28903 927806
14452 28904 1000000
14452 28905 319
14453 28906 949262
14453 28907 989608
14454 28908 474675
14454 28909 942263
14455 28910 991761
14455 28911 325019
14456 28912 985811
14456 28913 906384
14457 28914 258509
14457 28915 932529
14458 28916 927268
14458 28917 13376
14459 28918 866879
14459 28919 932166
14460 28920 911248
14460 28921 478
14461 28922 52
14461 28923 910420
14462 28924 1000000
14462 28925 980852
14463 28926 140
14463 28927 549159
14464 28928 362
14464 28929 1000000
14465 28930 658
14465 28931 173749
14466 28932 663158
14466 28933 750
14467 28934 435567
14467 28935 987419
14468 28936 372
14468 28937 900619
14469 28938 601
14469 28939 824
14470 28940 1000000
14470 28941 797957
14471 28942 945903
14471 28943 908299
14472 28944 907869
14472 28945 336308
14473 28946 116
14473 28947 162331
14474 28948 984422
14474 28949 304926
14475 28950 925462
14475 28951 692
14476 28952 1
14476 28953 921461
14477 28954 38
14477 28955 392
14478 28956 981313
14478 28957 345195
14479 28958 700
14479 28959 409145
14480 28960 950673
14480 28961 406183
14481 28962 1000000
14481 28963 904275
14482 28964 378074
14482 28965 351199
14483 28966 703
14483 28967 902829
14484 28968 1
14484 28969 971265
14485 28970 973012
14485 28971 939586
14486 28972 991335
14486 28973 603207
14487 28974 174852
14487 28975 1000000
14488 28976 736
14488 28977 869
14489 28978 948774
14489 28979 910120
14490 28980 717688
14490 28981 472963
14491 28982 76063
14491 28983 703803
14492 28984 1000000
14492 28985 900739
14493 28986 159
14493 28987 1000000
14494 28988 900235
14494 28989 978445
14495 28990 1000000
14495 28991 475276
14496 28992 849592
14496 28993 998275
14497 28994 787030
14497 28995 492
14498 28996 936558
14498 28997 357888
14499 28998 917939
14499 28999 909100
14500 29000 98275
14500 29001 917180
14501 29002 724513
14501 29003 282028
14502 29004 979713
14502 29005 234
14503 29006 672520
14503 29007 1
14504 29008 1000000
14504 29009 1000000
14505 29010 271
14505 29011 34
14506 29012 1000000
14506 29013 92336
14507 29014 230126
14507 29015 244
14508 29016 446469
14508 29017 985536
14509 29018 1000000
14509 29019 966860
14510 29020 992536
14510 29021 731
14511 29022 423085
14511 29023 970634
14512 29024 947455
14512 29025 283
14513 29026 904926
14513 29027 916361
14514 29028 904625
14514 29029 921771
14515 29030 725
14515 29031 1
14516 29032 75393
14516 29033 989529
14517 29034 144
14517 29035 966017
14518 29036 1000000
14518 29037 160993
14519 29038 1
14519 29039 1000000
14520 29040 1000000
14520 29041 201301
14521 29042 91
14521 29043 1000000
14522 29044 924410
14522 29045 991235
14523 29046 1000000
14523 29047 976097
14524 29048 792160
14524 29049 956089
14525 29050 905158
14525 29051 438
14526 29052 468842
14526 29053 1000000
14527 29054 449475
14527 29055 23762
14528 29056 525728
14528 29057 904165
14529 29058 1000000
14529 29059 767461
14530 29060 206654
14530 29061 961285
14531 29062 996220
14531 29063 757
14532 29064 915699
14532 29065 200814
14533 29066 509004
14533 29067 148
14534 29068 520
14534 29069 944663
14535 29070 646168
14535 29071 465167
14536 29072 467316
14536 29073 742
14537 29074 965742
14537 29075 537
14538 29076 552764
14538 29077 137449
14539 29078 905508
14539 29079 991666
14540 29080 1
14540 29081 998649
14541 29082 965028
14541 29083 808715
14542 29084 487
14542 29085 1
14543 29086 484944
14543 29087 291
14544 29088 589
14544 29089 361
14545 29090 909555
14545 29091 940536
14546 29092 1000000
14546 29093 220259
14547 29094 969039
14547 29095 955485
14548 29096 999393
14548 29097 900656
14549 29098 683840
14549 29099 278601
14550 29100 918205
14550 29101 439143
14551 29102 1000000
14551 29103 1
14552 29104 435771
14552 29105 574
14553 29106 926563
14553 29107 955056
14554 29108 1000000
14554 29109 493
14555 29110 931330
14555 29111 968600
14556 29112 1000000
14556 29113 1000000
14557 29114 875008
14557 29115 98811
14558 29116 924264
14558 29117 629
14559 29118 1
14559 29119 671660
14560 29120 710478
14560 29121 625679
14561 29122 942743
14561 29123 1000000
14562 29124 1000000
14562 29125 250117
14563 29126 920
14563 29127 499338
14564 29128 63372
14564 29129 134296
14565 29130 62
14565 29131 238493
14566 29132 885752
14566 29133 954246
14567 29134 254
14567 29135 321196
14568 29136 120254
14568 29137 1000000
14569 29138 508964
14569 29139 632246
14570 29140 777493
14570 29141 286
14571 29142 304
14571 29143 259620
14572 29144 952279
14572 29145 914592
14573 29146 921931
14573 29147 627792
14574 29148 1000000
14574 29149 913742
14575 29150 705936
14575 29151 1000000
14576 29152 980314
14576 29153 230499
14577 29154 931243
14577 29155 302
14578 29156 937174
14578 29157 1
14579 29158 909986
14579 29159 896399
14580 29160 466118
14580 29161 985596
14581 29162 333965
14581 29163 908100
14582 29164 385963
14582 29165 905211
14583 29166 1
14583 29167 572
14584 29168 1
14584 29169 917261
14585 29170 26556
14585 29171 1000000
14586 29172 50
14586 29173 1
14587 29174 1
14587 29175 982192
14588 29176 997482
14588 29177 571
14589 29178 124747
14589 29179 849190
14590 29180 1000000
14590 29181 945862
14591 29182 869
14591 29183 284
14592 29184 667399
14592 29185 1000000
14593 29186 39891
14593 29187 412334
14594 29188 109595
14594 29189 1000000
14595 29190 629009
14595 29191 938883
14596 29192 797000
14596 29193 929307
14597 29194 404655
14597 29195 978638
14598 29196 971865
14598 29197 412440
14599 29198 601414
14599 29199 1000000
14600 29200 956546
14600 29201 1
14601 29202 1
14601 29203 585601
14602 29204 931808
14602 29205 979258
14603 29206 188471
14603 29207 984045
14604 29208 944311
14604 29209 747373
14605 29210 917419
14605 29211 901
14606 29212 799
14606 29213 968287
14607 29214 906176
14607 29215 185
14608 29216 478435
14608 29217 1000000
14609 29218 95680
14609 29219 1000000
14610 29220 240561
14610 29221 962574
14611 29222 998818
14611 29223 382
14612 29224 992324
14612 29225 938595
14613 29226 568415
14613 29227 889499
14614 29228 334082
14614 29229 240592
14615 29230 661
14615 29231 19
14616 29232 849
14616 29233 541253
14617 29234 939259
14617 29235 162548
14618 29236 927305
14618 29237 758741
14619 29238 905962
14619 29239 908901
14620 29240 1
14620 29241 524878
14621 29242 172123
14621 29243 176959
14622 29244 268
14622 29245 739629
14623 29246 920121
14623 29247 1000000
14624 29248 792387
14624 29249 919848
14625 29250 927496
14625 29251 994009
14626 29252 38922
14626 29253 935072
14627 29254 924147
14627 29255 272
14628 29256 492600
14628 29257 626147
14629 29258 1
14629 29259 23385
14630 29260 907636
14630 29261 979863
14631 29262 937993
14631 29263 480985
14632 29264 1000000
14632 29265 1000000
14633 29266 931443
14633 29267 131097
14634 29268 250005
14634 29269 110
14635 29270 978761
14635 29271 989896
14636 29272 75715
14636 29273 916538
14637 29274 936296
14637 29275 928061
14638 29276 951029
14638 29277 1
14639 29278 170
14639 29279 1
14640 29280 1000000
14640 29281 867967
14641 29282 950141
14641 29283 592136
14642 29284 1000000
14642 29285 883205
14643 29286 417
14643 29287 369746
14644 29288 1
14644 29289 889
14645 29290 212
14645 29291 920216
14646 29292 8
14646 29293 165
14647 29294 907727
14647 29295 980153
14648 29296 1000000
14648 29297 962076
14649 29298 949772
14649 29299 539133
14650 29300 926711
14650 29301 818100
14651 29302 948811
14651 29303 598671
14652 29304 874186
14652 29305 517731
14653 29306 760
14653 29307 922
14654 29308 563
14654 29309 516
14655 29310 965303
14655 29311 1
14656 29312 225447
14656 29313 933620
14657 29314 720
14657 29315 184602
14658 29316 1
14658 29317 901858
14659 29318 810
14659 29319 27
14660 29320 959883
14660 29321 923878
14661 29322 983720
14661 29323 4
14662 29324 647597
14662 29325 673
14663 29326 1000000
14663 29327 755
14664 29328 950372
14664 29329 906220
14665 29330 92346
14665 29331 932407
14666 29332 873601
14666 29333 614
14667 29334 851
14667 29335 957889
14668 29336 944042
14668 29337 973802
14669 29338 1000000
14669 29339 985101
14670 29340 387336
14670 29341 1000000
14671 29342 1
14671 29343 755874
14672 29344 125458
14672 29345 1000000
14673 29346 833032
14673 29347 930568
14674 29348 1000000
14674 29349 994546
14675 29350 743
14675 29351 108
14676 29352 1
14676 29353 722
14677 29354 94375
14677 29355 520
14678 29356 98630
14678 29357 627111
14679 29358 262143
14679 29359 955751
14680 29360 962426
14680 29361 1000000
14681 29362 515540
14681 29363 943
14682 29364 1000000
14682 29365 955554
14683 29366 505087
14683 29367 713
14684 29368 1
14684 29369 914820
14685 29370 986458
14685 29371 22
14686 29372 423008
14686 29373 961218
14687 29374 72
14687 29375 1
14688 29376 953019
14688 29377 685186
14689 29378 40951
14689 29379 359038
14690 29380 315010
14690 29381 1000000
14691 29382 912468
14691 29383 937803
14692 29384 794
14692 29385 653
14693 29386 588
14693 29387 918383
14694 29388 463266
14694 29389 853
14695 29390 994356
14695 29391 431434
14696 29392 958472
14696 29393 632
14697 29394 280047
14697 29395 999094
14698 29396 994926
14698 29397 906253
14699 29398 920929
14699 29399 1000000
14700 29400 919
14700 29401 709
14701 29402 372423
14701 29403 972452
14702 29404 424380
14702 29405 570445
14703 29406 992054
14703 29407 64
14704 29408 1000000
14704 29409 623
14705 29410 721805
14705 29411 935012
14706 29412 907415
14706 29413 1000000
14707 29414 375
14707 29415 905626
14708 29416 65085
14708 29417 773
14709 29418 986668
14709 29419 1000000
14710 29420 366745
14710 29421 788275
14711 29422 982479
14711 29423 555
14712 29424 446359
14712 29425 920218
14713 29426 1
14713 29427 49081
14714 29428 638
14714 29429 700055
14715 29430 956
14715 29431 789
14716 29432 1000000
14716 29433 977103
14717 29434 1
14717 29435 548689
14718 29436 249402
14718 29437 750
14719 29438 1000000
14719 29439 961431
14720 29440 1000000
14720 29441 953459
14721 29442 261803
14721 29443 937200
14722 29444 980339
14722 29445 100706
14723 29446 725
14723 29447 163
14724 29448 920255
14724 29449 913135
14725 29450 957418
14725 29451 896
14726 29452 927259
14726 29453 1000000
14727 29454 945343
14727 29455 97987
14728 29456 518570
14728 29457 483496
14729 29458 1000000
14729 29459 140
14730 29460 175698
14730 29461 967888
14731 29462 925779
14731 29463 951300
14732 29464 463497
14732 29465 913351
14733 29466 230624
14733 29467 936318
14734 29468 341104
14734 29469 426079
14735 29470 1000000
14735 29471 935126
14736 29472 960290
14736 29473 1000000
14737 29474 1000000
14737 29475 1000000
14738 29476 979215
14738 29477 253100
14739 29478 191
14739 29479 902759
14740 29480 999396
14740 29481 917475
14741 29482 994044
14741 29483 929567
14742 29484 91730
14742 29485 949454
14743 29486 528421
14743 29487 944176
14744 29488 232884
14744 29489 997068
14745 29490 137450
14745 29491 62
14746 29492 1000000
14746 29493 871396
14747 29494 243144
14747 29495 1000000
14748 29496 903995
14748 29497 970516
14749 29498 1
14749 29499 70167
14750 29500 280
14750 29501 83667
14751 29502 52707
14751 29503 48353
14752 29504 951505
14752 29505 555785
14753 29506 213491
14753 29507 917046
14754 29508 923546
14754 29509 1000000
14755 29510 934955
14755 29511 959912
14756 29512 143937
14756 29513 912170
14757 29514 88
14757 29515 299099
14758 29516 965161
14758 29517 998934
14759 29518 638439
14759 29519 476728
14760 29520 235470
14760 29521 942226
14761 29522 1000000
14761 29523 393706
14762 29524 1000000
14762 29525 15540
14763 29526 581703
14763 29527 912679
14764 29528 583184
14764 29529 4
14765 29530 966953
14765 29531 981627
14766 29532 244902
14766 29533 591
14767 29534 296267
14767 29535 874
14768 29536 763
14768 29537 902850
14769 29538 959311
14769 29539 1000000
14770 29540 959731
14770 29541 1000000
14771 29542 986684
14771 29543 652
14772 29544 238647
14772 29545 988917
14773 29546 227137
14773 29547 680
14774 29548 356255
14774 29549 893056
14775 29550 1000000
14775 29551 789860
14776 29552 793984
14776 29553 973741
14777 29554 164439
14777 29555 925798
14778 29556 826489
14778 29557 909007
14779 29558 450189
14779 29559 961803
14780 29560 915419
14780 29561 793330
14781 29562 945283
14781 29563 678585
14782 29564 920644
14782 29565 738932
14783 29566 913967
14783 29567 947026
14784 29568 225
14784 29569 911115
14785 29570 258472
14785 29571 1000000
14786 29572 976299
14786 29573 179
14787 29574 269521
14787 29575 643351
14788 29576 1
14788 29577 31
14789 29578 524237
14789 29579 423422
14790 29580 909610
14790 29581 185228
14791 29582 808318
14791 29583 943233
14792 29584 76014
14792 29585 1000000
14793 29586 924933
14793 29587 1
14794 29588 227488
14794 29589 418911
14795 29590 919119
14795 29591 76736
14796 29592 918259
14796 29593 172183
14797 29594 966
14797 29595 936755
14798 29596 1000000
14798 29597 1000000
14799 29598 903709
14799 29599 912014
14800 29600 281
14800 29601 416373
14801 29602 758566
14801 29603 81710
14802 29604 641052
14802 29605 13
14803 29606 387
14803 29607 757270
14804 29608 175337
14804 29609 1000000
14805 29610 941063
14805 29611 914310
14806 29612 1000000
14806 29613 51069
14807 29614 1000000
14807 29615 981102
14808 29616 295
14808 29617 443322
14809 29618 798
14809 29619 380
14810 29620 952084
14810 29621 999221
14811 29622 395919
14811 29623 934685
14812 29624 1000000
14812 29625 996278
14813 29626 612530
14813 29627 606887
14814 29628 980119
14814 29629 989677
14815 29630 985
14815 29631 768
14816 29632 1000000
14816 29633 841
14817 29634 930443
14817 29635 821240
14818 29636 836411
14818 29637 914
14819 29638 867718
14819 29639 230
14820 29640 752177
14820 29641 909369
14821 29642 49853
14821 29643 332581
14822 29644 78756
14822 29645 142005
14823 29646 1
14823 29647 871499
14824 29648 853327
14824 29649 972374
14825 29650 760546
14825 29651 949810
14826 29652 33134
14826 29653 991267
14827 29654 945520
14827 29655 985701
14828 29656 426
14828 29657 43834
14829 29658 169
14829 29659 874609
14830 29660 345
14830 29661 956945
14831 29662 1000000
14831 29663 983447
14832 29664 834
14832 29665 887108
14833 29666 726104
14833 29667 589461
14834 29668 647693
14834 29669 926559
14835 29670 1
14835 29671 1000000
14836 29672 736
14836 29673 992917
14837 29674 377392
14837 29675 979931
14838 29676 682548
14838 29677 974917
14839 29678 937243
14839 29679 258979
14840 29680 21668
14840 29681 949430
14841 29682 165492
14841 29683 1000000
14842 29684 747
14842 29685 294518
14843 29686 925722
14843 29687 1000000
14844 29688 926203
14844 29689 415985
14845 29690 1000000
14845 29691 993100
14846 29692 926406
14846 29693 41435
14847 29694 6
14847 29695 982222
14848 29696 1000000
14848 29697 1
14849 29698 977866
14849 29699 398
14850 29700 414142
14850 29701 101138
14851 29702 907662
14851 29703 908
14852 29704 1000000
14852 29705 67830
14853 29706 292
14853 29707 721353
14854 29708 249152
14854 29709 202822
14855 29710 199502
14855 29711 474
14856 29712 330
14856 29713 939176
14857 29714 593341
14857 29715 958205
14858 29716 514037
14858 29717 934786
14859 29718 1000000
14859 29719 978831
14860 29720 1
14860 29721 916508
14861 29722 962171
14861 29723 939194
14862 29724 290840
14862 29725 1000000
14863 29726 885788
14863 29727 985777
14864 29728 446
14864 29729 1000000
14865 29730 964663
14865 29731 986437
14866 29732 984454
14866 29733 998
14867 29734 539
14867 29735 958886
14868 29736 936340
14868 29737 189122
14869 29738 953867
14869 29739 845637
14870 29740 716971
14870 29741 947051
14871 29742 973044
14871 29743 998
14872 29744 944712
14872 29745 799204
14873 29746 59862
14873 29747 1000000
14874 29748 535
14874 29749 1000000
14875 29750 960620
14875 29751 954266
14876 29752 241703
14876 29753 1
14877 29754 949173
14877 29755 284064
14878 29756 1
14878 29757 993868
14879 29758 815211
14879 29759 915825
14880 29760 156908
14880 29761 237
14881 29762 306
14881 29763 802971
14882 29764 894384
14882 29765 388965
14883 29766 185956
14883 29767 472
14884 29768 918352
14884 29769 467
14885 29770 36
14885 29771 919279
14886 29772 1000000
14886 29773 907
14887 29774 540
14887 29775 513765
14888 29776 981965
14888 29777 1000000
14889 29778 969257
14889 29779 1000000
14890 29780 1
14890 29781 915275
14891 29782 1000000
14891 29783 900136
14892 29784 502
14892 29785 862847
14893 29786 942589
14893 29787 250
14894 29788 962386
14894 29789 641
14895 29790 999968
14895 29791 1000000
14896 29792 706442
14896 29793 943088
14897 29794 480752
14897 29795 273311
14898 29796 983570
14898 29797 1000000
14899 29798 902296
14899 29799 950852
14900 29800 948197
14900 29801 353851
14901 29802 461576
14901 29803 1
14902 29804 1000000
14902 29805 1
14903 29806 57
14903 29807 519030
14904 29808 656
14904 29809 1
14905 29810 55
14905 29811 986076
14906 29812 108995
14906 29813 1
14907 29814 968643
14907 29815 844528
14908 29816 991086
14908 29817 1000000
14909 29818 646
14909 29819 638
14910 29820 946677
14910 29821 962551
14911 29822 919083
14911 29823 972143
14912 29824 971225
14912 29825 709545
14913 29826 398518
14913 29827 582450
14914 29828 969406
14914 29829 265590
14915 29830 363588
14915 29831 757397
14916 29832 888964
14916 29833 337183
14917 29834 969184
14917 29835 901829
14918 29836 1000000
14918 29837 1
14919 29838 277382
14919 29839 970035
14920 29840 71
14920 29841 921076
14921 29842 1000000
14921 29843 1
14922 29844 353677
14922 29845 1
14923 29846 902079
14923 29847 331
14924 29848 1000000
14924 29849 783722
14925 29850 162444
14925 29851 644095
14926 29852 951791
14926 29853 706925
14927 29854 24630
14927 29855 992763
14928 29856 989289
14928 29857 917500
14929 29858 921741
14929 29859 462316
14930 29860 259326
14930 29861 963767
14931 29862 462609
14931 29863 941725
14932 29864 415
14932 29865 969788
14933 29866 796
14933 29867 721
14934 29868 131
14934 29869 929060
14935 29870 397
14935 29871 593533
14936 29872 942704
14936 29873 175439
14937 29874 900071
14937 29875 679860
14938 29876 715
14938 29877 998803
14939 29878 747909
14939 29879 611799
14940 29880 924730
14940 29881 921930
14941 29882 829
14941 29883 515611
14942 29884 848089
14942 29885 743408
14943 29886 1
14943 29887 984228
14944 29888 934326
14944 29889 1
14945 29890 1000000
14945 29891 252
14946 29892 173
14946 29893 347
14947 29894 980453
14947 29895 981747
14948 29896 999726
14948 29897 144079
14949 29898 829
14949 29899 991396
14950 29900 944181
14950 29901 519414
14951 29902 1
14951 29903 772996
14952 29904 907623
14952 29905 1000000
14953 29906 249990
14953 29907 416859
14954 29908 978792
14954 29909 359120
14955 29910 480163
14955 29911 928041
14956 29912 1000000
14956 29913 923207
14957 29914 475781
14957 29915 315
14958 29916 855614
14958 29917 1000000
14959 29918 379
14959 29919 868465
14960 29920 965893
14960 29921 627143
14961 29922 1
14961 29923 665135
14962 29924 616
14962 29925 694
14963 29926 1000000
14963 29927 587096
14964 29928 921774
14964 29929 960647
14965 29930 349
14965 29931 303
14966 29932 919467
14966 29933 961466
14967 29934 939989
14967 29935 921853
14968 29936 426
14968 29937 98345
14969 29938 896
14969 29939 1000000
14970 29940 915123
14970 29941 277352
14971 29942 1000000
14971 29943 67
14972 29944 475
14972 29945 983233
14973 29946 1
14973 29947 219
14974 29948 1000000
14974 29949 974486
14975 29950 1000000
14975 29951 960991
14976 29952 901663
14976 29953 915651
14977 29954 724
14977 29955 62790
14978 29956 996670
14978 29957 447797
14979 29958 750
14979 29959 999050
14980 29960 974615
14980 29961 839484
14981 29962 1000000
14981 29963 22410
14982 29964 947730
14982 29965 367
14983 29966 999177
14983 29967 977290
14984 29968 621134
14984 29969 386049
14985 29970 957587
14985 29971 1
14986 29972 811
14986 29973 372
14987 29974 992
14987 29975 345109
14988 29976 712824
14988 29977 942378
14989 29978 291574
14989 29979 987638
14990 29980 293498
14990 29981 527033
14991 29982 986697
14991 29983 1
14992 29984 930717
14992 29985 862
14993 29986 44795
14993 29987 989741
14994 29988 1000000
14994 29989 747
14995 29990 967811
14995 29991 43608
14996 29992 41445
14996 29993 925834
14997 29994 934321
14997 29995 234389
14998 29996 940676
14998 29997 935217
14999 29998 638
14999 29999 947526
15000 30000 315463
15000 30001 76960
15001 30002 205202
15001 30003 666175
15002 30004 1000000
15002 30005 214944
15003 30006 961826
15003 30007 983208
15004 30008 566347
15004 30009 494
15005 30010 790
15005 30011 986119
15006 30012 975123
15006 30013 407561
15007 30014 1000000
15007 30015 994592
15008 30016 843440
15008 30017 788958
15009 30018 981067
15009 30019 1
15010 30020 716324
15010 30021 327200
15011 30022 89
15011 30023 956138
15012 30024 908421
15012 30025 912833
15013 30026 854295
15013 30027 993712
15014 30028 441855
15014 30029 977083
15015 30030 420488
15015 30031 174705
15016 30032 192
15016 30033 913250
15017 30034 1
15017 30035 948954
15018 30036 242159
15018 30037 845752
15019 30038 983916
15019 30039 683
15020 30040 915765
15020 30041 310
15021 30042 797222
15021 30043 975139
15022 30044 914742
15022 30045 214777
15023 30046 581
15023 30047 731932
15024 30048 905502
15024 30049 1000000
15025 30050 979069
15025 30051 133623
15026 30052 1
15026 30053 11856
15027 30054 888125
15027 30055 55122
15028 30056 1
15028 30057 940949
15029 30058 1000000
15029 30059 103
15030 30060 828557
15030 30061 1
15031 30062 467
15031 30063 882
15032 30064 931849
15032 30065 798950
15033 30066 208
15033 30067 935
15034 30068 863154
15034 30069 358866
15035 30070 1
15035 30071 824
15036 30072 695751
15036 30073 925697
15037 30074 435567
15037 30075 791449
15038 30076 909681
15038 30077 935964
15039 30078 970709
15039 30079 527542
15040 30080 1000000
15040 30081 580835
15041 30082 755329
15041 30083 347
15042 30084 221244
15042 30085 510046
15043 30086 673036
15043 30087 1
15044 30088 1000000
15044 30089 919148
15045 30090 1000000
15045 30091 940915
15046 30092 918161
15046 30093 149
15047 30094 859283
15047 30095 380919
15048 30096 557
15048 30097 1
15049 30098 316633
15049 30099 284386
15050 30100 306
15050 30101 500057
15051 30102 1000000
15051 30103 219154
15052 30104 193688
15052 30105 854490
15053 30106 936101
15053 30107 879222
15054 30108 585
15054 30109 977480
15055 30110 951272
15055 30111 236792
15056 30112 214786
15056 30113 121502
15057 30114 995943
15057 30115 780840
15058 30116 238698
15058 30117 1000000
15059 30118 1
15059 30119 960000
15060 30120 1000000
15060 30121 1000000
15061 30122 469908
15061 30123 207
15062 30124 484343
15062 30125 665303
15063 30126 821
15063 30127 832
15064 30128 997742
15064 30129 969764
15065 30130 82285
15065 30131 928612
15066 30132 401804
15066 30133 917619
15067 30134 1000000
15067 30135 990322
15068 30136 991234
15068 30137 1000000
15069 30138 913731
15069 30139 834521
15070 30140 730591
15070 30141 961194
15071 30142 24606
15071 30143 560108
15072 30144 672
15072 30145 954648
15073 30146 16
15073 30147 1000000
15074 30148 920251
15074 30149 987747
15075 30150 861488
15075 30151 949378
15076 30152 788357
15076 30153 163916
15077 30154 1000000
15077 30155 197036
15078 30156 539086
15078 30157 923363
15079 30158 484671
15079 30159 1000000
15080 30160 289911
15080 30161 1000000
15081 30162 641623
15081 30163 925978
15082 30164 903212
15082 30165 911194
15083 30166 900043
15083 30167 632825
15084 30168 951496
15084 30169 927732
15085 30170 205776
15085 30171 910444
15086 30172 920973
15086 30173 961919
15087 30174 902127
15087 30175 964741
15088 30176 1000000
15088 30177 175047
15089 30178 874030
15089 30179 1000000
15090 30180 1000000
15090 30181 934941
15091 30182 978176
15091 30183 245
15092 30184 430
15092 30185 187
15093 30186 87204
15093 30187 948972
15094 30188 949194
15094 30189 1000000
15095 30190 36
15095 30191 330955
15096 30192 123874
15096 30193 956
15097 30194 1000000
15097 30195 939934
15098 30196 893494
15098 30197 335
15099 30198 524817
15099 30199 130391
15100 30200 57
15100 30201 1000000
15101 30202 970827
15101 30203 487
15102 30204 884
15102 30205 290410
15103 30206 947555
15103 30207 792
15104 30208 575833
15104 30209 956560
15105 30210 827
15105 30211 900130
15106 30212 936820
15106 30213 284
15107 30214 360008
15107 30215 910459
15108 30216 1000000
15108 30217 946805
15109 30218 955315
15109 30219 1000000
15110 30220 1000000
15110 30221 905698
15111 30222 964766
15111 30223 867
15112 30224 946158
15112 30225 1000000
15113 30226 541878
15113 30227 849342
15114 30228 982488
15114 30229 581207
15115 30230 894743
15115 30231 622324
15116 30232 955884
15116 30233 1000000
15117 30234 584
15117 30235 1000000
15118 30236 997455
15118 30237 67
15119 30238 657743
15119 30239 760614
15120 30240 970719
15120 30241 1
15121 30242 61563
15121 30243 31
15122 30244 915002
15122 30245 1000000
15123 30246 675
15123 30247 995891
15124 30248 996329
15124 30249 1000000
15125 30250 535981
15125 30251 948417
15126 30252 968227
15126 30253 174
15127 30254 923549
15127 30255 1000000
15128 30256 951081
15128 30257 960987
15129 30258 1000000
15129 30259 924757
15130 30260 235878
15130 30261 347
15131 30262 931368
15131 30263 913874
15132 30264 1000000
15132 30265 544912
15133 30266 565466
15133 30267 992822
15134 30268 877
15134 30269 524562
15135 30270 909703
15135 30271 919283
15136 30272 170377
15136 30273 673185
15137 30274 982774
15137 30275 975089
15138 30276 1
15138 30277 1000000
15139 30278 281821
15139 30279 1000000
15140 30280 1
15140 30281 959499
15141 30282 96145
15141 30283 917921
15142 30284 773401
15142 30285 764281
15143 30286 992500
15143 30287 926972
15144 30288 941358
15144 30289 999076
15145 30290 84659
15145 30291 589
15146 30292 937886
15146 30293 923478
15147 30294 355369
15147 30295 924525
15148 30296 358
15148 30297 947972
15149 30298 978603
15149 30299 544639
15150 30300 257
15150 30301 955194
15151 30302 939423
15151 30303 951635
15152 30304 1000000
15152 30305 668009
15153 30306 340802
15153 30307 940526
15154 30308 910170
15154 30309 1000000
15155 30310 1000000
15155 30311 814732
15156 30312 367753
15156 30313 828679
15157 30314 905030
15157 30315 1000000
15158 30316 996223
15158 30317 403055
15159 30318 910802
15159 30319 1
15160 30320 1
15160 30321 972369
15161 30322 927958
15161 30323 1000000
15162 30324 1000000
15162 30325 930091
15163 30326 718
15163 30327 911257
15164 30328 876350
15164 30329 693776
15165 30330 908405
15165 30331 947516
15166 30332 713624
15166 30333 123
15167 30334 914100
15167 30335 788592
15168 30336 366
15168 30337 915587
15169 30338 601798
15169 30339 266784
15170 30340 365
15170 30341 1000000
15171 30342 583
15171 30343 630573
15172 30344 911675
15172 30345 216396
15173 30346 1000000
15173 30347 457824
15174 30348 917679
15174 30349 93732
15175 30350 628
15175 30351 1000000
15176 30352 955261
15176 30353 224831
15177 30354 16
15177 30355 655
15178 30356 759
15178 30357 955783
15179 30358 945686
15179 30359 291598
15180 30360 1
15180 30361 187471
15181 30362 812875
15181 30363 983267
15182 30364 1000000
15182 30365 1000000
15183 30366 633936
15183 30367 1000000
15184 30368 1904
15184 30369 1000000
15185 30370 969265
15185 30371 517954
15186 30372 958642
15186 30373 198831
15187 30374 316113
15187 30375 241897
15188 30376 1000000
15188 30377 382196
15189 30378 989322
15189 30379 640700
15190 30380 384
15190 30381 74371
15191 30382 958222
15191 30383 1
15192 30384 903211
15192 30385 298579
15193 30386 938235
15193 30387 938356
15194 30388 200
15194 30389 946071
15195 30390 951748
15195 30391 929107
15196 30392 258
15196 30393 893347
15197 30394 934614
15197 30395 1
15198 30396 969557
15198 30397 811193
15199 30398 732
15199 30399 72
15200 30400 997281
15200 30401 975840
15201 30402 790758
15201 30403 990895
15202 30404 639670
15202 30405 276438
15203 30406 952575
15203 30407 1000000
15204 30408 814
15204 30409 513
15205 30410 984726
15205 30411 656808
15206 30412 969846
15206 30413 977384
15207 30414 848431
15207 30415 933215
15208 30416 927857
15208 30417 782
15209 30418 454203
15209 30419 937785
15210 30420 463136
15210 30421 676872
15211 30422 381434
15211 30423 1
15212 30424 919731
15212 30425 1000000
15213 30426 901957
15213 30427 1000000
15214 30428 105
15214 30429 87236
15215 30430 36
15215 30431 991125
15216 30432 1000000
15216 30433 1000000
15217 30434 963435
15217 30435 908965
15218 30436 988257
15218 30437 709071
15219 30438 266663
15219 30439 994232
15220 30440 1000000
15220 30441 909574
15221 30442 963376
15221 30443 962935
15222 30444 914103
15222 30445 915075
15223 30446 924977
15223 30447 217370
15224 30448 78089
15224 30449 414833
15225 30450 614742
15225 30451 967024
15226 30452 992013
15226 30453 901739
15227 30454 132
15227 30455 1
15228 30456 912234
15228 30457 985350
15229 30458 1000000
15229 30459 515
15230 30460 951732
15230 30461 421428
15231 30462 534391
15231 30463 1
15232 30464 116
15232 30465 1000000
15233 30466 953656
15233 30467 849344
15234 30468 943747
15234 30469 429
15235 30470 503793
15235 30471 910191
15236 30472 1000000
15236 30473 303405
15237 30474 919271
15237 30475 331
15238 30476 406843
15238 30477 635676
15239 30478 1000000
15239 30479 959440
15240 30480 403936
15240 30481 683
15241 30482 913920
15241 30483 307970
15242 30484 954492
15242 30485 13
15243 30486 359964
15243 30487 1
15244 30488 940961
15244 30489 937494
15245 30490 969872
15245 30491 1000000
15246 30492 703120
15246 30493 911300
15247 30494 199
15247 30495 928140
15248 30496 932922
15248 30497 1
15249 30498 940029
15249 30499 967321
15250 30500 905177
15250 30501 919174
15251 30502 62692
15251 30503 869749
15252 30504 542418
15252 30505 61799
15253 30506 719824
15253 30507 450347
15254 30508 952
15254 30509 315
15255 30510 1000000
15255 30511 359982
15256 30512 294587
15256 30513 878
15257 30514 903792
15257 30515 273
15258 30516 1000000
15258 30517 7
15259 30518 775
15259 30519 988
15260 30520 616
15260 30521 358874
15261 30522 301
15261 30523 885
15262 30524 113354
15262 30525 534
15263 30526 1000000
15263 30527 565
15264 30528 900834
15264 30529 958138
15265 30530 691557
15265 30531 964879
15266 30532 984761
15266 30533 1000000
15267 30534 1
15267 30535 927975
15268 30536 735031
15268 30537 909772
15269 30538 150103
15269 30539 574
15270 30540 82828
15270 30541 1000000
15271 30542 565577
15271 30543 712
15272 30544 841650
15272 30545 199732
15273 30546 204
15273 30547 265871
15274 30548 131539
15274 30549 1000000
15275 30550 656
15275 30551 995152
15276 30552 1000000
15276 30553 918091
15277 30554 607
15277 30555 764758
15278 30556 950361
15278 30557 951531
15279 30558 1
15279 30559 938374
15280 30560 217
15280 30561 851
15281 30562 1
15281 30563 986889
15282 30564 804206
15282 30565 73597
15283 30566 650897
15283 30567 50253
15284 30568 1000000
15284 30569 900979
15285 30570 944
15285 30571 1000000
15286 30572 930176
15286 30573 898646
15287 30574 577
15287 30575 260
15288 30576 214605
15288 30577 947117
15289 30578 1
15289 30579 930835
15290 30580 976102
15290 30581 1
15291 30582 1
15291 30583 1
15292 30584 840434
15292 30585 844619
15293 30586 648305
15293 30587 960
15294 30588 533
15294 30589 571514
15295 30590 529
15295 30591 770264
15296 30592 920631
15296 30593 937327
15297 30594 1000000
15297 30595 232029
15298 30596 943615
15298 30597 1000000
15299 30598 232
15299 30599 469547
15300 30600 914078
15300 30601 994577
15301 30602 828
15301 30603 714298
15302 30604 332
15302 30605 780926
15303 30606 953542
15303 30607 696754
15304 30608 843840
15304 30609 549956
15305 30610 949627
15305 30611 1000000
15306 30612 910482
15306 30613 1
15307 30614 867
15307 30615 960276
15308 30616 938113
15308 30617 750
15309 30618 914967
15309 30619 1
15310 30620 955868
15310 30621 5
15311 30622 943098
15311 30623 937975
15312 30624 787150
15312 30625 797
15313 30626 1000000
15313 30627 673
15314 30628 917766
15314 30629 627970
15315 30630 862520
15315 30631 213
15316 30632 999458
15316 30633 943221
15317 30634 941818
15317 30635 157887
15318 30636 990324
15318 30637 954939
15319 30638 904385
15319 30639 1
15320 30640 37633
15320 30641 149
15321 30642 96949
15321 30643 973069
15322 30644 277
15322 30645 428
15323 30646 851750
15323 30647 943986
15324 30648 976901
15324 30649 317426
15325 30650 859907
15325 30651 1
15326 30652 292571
15326 30653 632
15327 30654 1
15327 30655 8
15328 30656 637470
15328 30657 142499
15329 30658 983955
15329 30659 277552
15330 30660 992688
15330 30661 594224
15331 30662 189
15331 30663 57993
15332 30664 282947
15332 30665 1000000
15333 30666 1000000
15333 30667 982362
15334 30668 982592
15334 30669 670
15335 30670 813406
15335 30671 150
15336 30672 913283
15336 30673 693333
15337 30674 896361
15337 30675 993011
15338 30676 942749
15338 30677 905389
15339 30678 143631
15339 30679 827
15340 30680 958547
15340 30681 972109
15341 30682 728022
15341 30683 784
15342 30684 971746
15342 30685 402
15343 30686 704103
15343 30687 267726
15344 30688 658
15344 30689 942675
15345 30690 443196
15345 30691 729511
15346 30692 929719
15346 30693 828739
15347 30694 749
15347 30695 974083
15348 30696 139564
15348 30697 953550
15349 30698 362526
15349 30699 24211
15350 30700 943823
15350 30701 651773
15351 30702 411798
15351 30703 1000000
15352 30704 927664
15352 30705 978133
15353 30706 195
15353 30707 462310
15354 30708 1000000
15354 30709 114256
15355 30710 741288
15355 30711 940882
15356 30712 959088
15356 30713 300681
15357 30714 722708
15357 30715 921821
15358 30716 588
15358 30717 963461
15359 30718 328589
15359 30719 18
15360 30720 998202
15360 30721 592424
15361 30722 1
15361 30723 990837
15362 30724 409
15362 30725 415618
15363 30726 783499
15363 30727 1000000
15364 30728 919350
15364 30729 580085
15365 30730 334
15365 30731 1000000
15366 30732 930657
15366 30733 315
15367 30734 943137
15367 30735 911870
15368 30736 629331
15368 30737 916434
15369 30738 1000000
15369 30739 913632
15370 30740 807
15370 30741 980883
15371 30742 687117
15371 30743 384538
15372 30744 930134
15372 30745 992632
15373 30746 922256
15373 30747 1000000
15374 30748 18
15374 30749 511038
15375 30750 202
15375 30751 467554
15376 30752 929873
15376 30753 854134
15377 30754 880
15377 30755 984507
15378 30756 682
15378 30757 1
15379 30758 142056
15379 30759 1
15380 30760 1
15380 30761 994225
15381 30762 251
15381 30763 235
15382 30764 637
15382 30765 942867
15383 30766 991524
15383 30767 68
15384 30768 1
15384 30769 178609
15385 30770 1000000
15385 30771 505
15386 30772 974486
15386 30773 713
15387 30774 988311
15387 30775 442
15388 30776 967
15388 30777 59439
15389 30778 904163
15389 30779 905693
15390 30780 957451
15390 30781 612554
15391 30782 264
15391 30783 292948
15392 30784 972414
15392 30785 1000000
15393 30786 665999
15393 30787 527
15394 30788 884242
15394 30789 925141
15395 30790 919177
15395 30791 707
15396 30792 1000000
15396 30793 906351
15397 30794 927
15397 30795 996727
15398 30796 955313
15398 30797 970894
15399 30798 503913
15399 30799 570059
15400 30800 587483
15400 30801 1
15401 30802 820
15401 30803 406556
15402 30804 1000000
15402 30805 989445
15403 30806 982288
15403 30807 1000000
15404 30808 1000000
15404 30809 817278
15405 30810 1000000
15405 30811 934
15406 30812 580
15406 30813 484572
15407 30814 757
15407 30815 579
15408 30816 1000000
15408 30817 974182
15409 30818 459819
15409 30819 569972
15410 30820 914791
15410 30821 905974
15411 30822 93173
15411 30823 453384
15412 30824 956949
15412 30825 952240
15413 30826 1000000
15413 30827 18
15414 30828 870328
15414 30829 958235
15415 30830 551383
15415 30831 407593
15416 30832 328967
15416 30833 982023
15417 30834 957172
15417 30835 518
15418 30836 1
15418 30837 911420
15419 30838 951491
15419 30839 529477
15420 30840 926375
15420 30841 953795
15421 30842 439708
15421 30843 983807
15422 30844 1000000
15422 30845 784498
15423 30846 906711
15423 30847 94740
15424 30848 1000000
15424 30849 449656
15425 30850 844787
15425 30851 923001
15426 30852 85778
15426 30853 983581
15427 30854 233
15427 30855 980254
15428 30856 806318
15428 30857 123205
15429 30858 942351
15429 30859 989009
15430 30860 4
15430 30861 997880
15431 30862 295
15431 30863 656598
15432 30864 421
15432 30865 959485
15433 30866 169115
15433 30867 926179
15434 30868 898624
15434 30869 904595
15435 30870 1000000
15435 30871 237
15436 30872 192788
15436 30873 969672
15437 30874 959473
15437 30875 491
15438 30876 1
15438 30877 997711
15439 30878 853
15439 30879 1000000
15440 30880 503
15440 30881 860781
15441 30882 904287
15441 30883 928870
15442 30884 928950
15442 30885 948732
15443 30886 1000000
15443 30887 974091
15444 30888 908373
15444 30889 844803
15445 30890 907979
15445 30891 143
15446 30892 78
15446 30893 390851
15447 30894 981396
15447 30895 930003
15448 30896 560
15448 30897 157
15449 30898 974444
15449 30899 922753
15450 30900 994653
15450 30901 192
15451 30902 121
15451 30903 1000000
15452 30904 64
15452 30905 232364
15453 30906 1000000
15453 30907 981121
15454 30908 962326
15454 30909 138267
15455 30910 906548
15455 30911 965720
15456 30912 923919
15456 30913 338515
15457 30914 972606
15457 30915 955251
15458 30916 561578
15458 30917 998721
15459 30918 140682
15459 30919 968523
15460 30920 45868
15460 30921 1000000
15461 30922 382810
15461 30923 1000000
15462 30924 420174
15462 30925 984432
15463 30926 918482
15463 30927 997192
15464 30928 198455
15464 30929 1000000
15465 30930 85
15465 30931 607685
15466 30932 1000000
15466 30933 966
15467 30934 19677
15467 30935 986225
15468 30936 148440
15468 30937 892
15469 30938 458438
15469 30939 1
15470 30940 212693
15470 30941 918645
15471 30942 65416
15471 30943 929984
15472 30944 907303
15472 30945 630948
15473 30946 1000000
15473 30947 515945
15474 30948 663604
15474 30949 916539
15475 30950 783
15475 30951 60260
15476 30952 717714
15476 30953 705440
15477 30954 907991
15477 30955 627
15478 30956 903586
15478 30957 79112
15479 30958 249117
15479 30959 314668
15480 30960 1
15480 30961 835
15481 30962 877
15481 30963 1000000
15482 30964 955039
15482 30965 905
15483 30966 908694
15483 30967 705886
15484 30968 601678
15484 30969 613839
15485 30970 718555
15485 30971 458668
15486 30972 747789
15486 30973 1
15487 30974 298927
15487 30975 963320
15488 30976 1
15488 30977 798
15489 30978 901514
15489 30979 793370
15490 30980 395
15490 30981 948168
15491 30982 310
15491 30983 991755
15492 30984 911728
15492 30985 902355
15493 30986 965831
15493 30987 913274
15494 30988 447456
15494 30989 507252
15495 30990 881288
15495 30991 982793
15496 30992 998249
15496 30993 480
15497 30994 869885
15497 30995 967040
15498 30996 54
15498 30997 972444
15499 30998 534322
15499 30999 911032
15500 31000 949111
15500 31001 154
15501 31002 783839
15501 31003 719599
15502 31004 991744
15502 31005 203969
15503 31006 196
15503 31007 108
15504 31008 1
15504 31009 418
15505 31010 931468
15505 31011 965487
15506 31012 1000000
15506 31013 699969
15507 31014 934660
15507 31015 969697
15508 31016 429482
15508 31017 236985
15509 31018 965982
15509 31019 596
15510 31020 974276
15510 31021 992120
15511 31022 1000000
15511 31023 611569
15512 31024 49
15512 31025 557897
15513 31026 897004
15513 31027 271220
15514 31028 940321
15514 31029 963545
15515 31030 363
15515 31031 974570
15516 31032 972400
15516 31033 1000000
15517 31034 960708
15517 31035 658592
15518 31036 998717
15518 31037 956729
15519 31038 934346
15519 31039 16348
15520 31040 1
15520 31041 939230
15521 31042 939605
15521 31043 357714
15522 31044 957316
15522 31045 937725
15523 31046 642902
15523 31047 496551
15524 31048 663
15524 31049 949945
15525 31050 937083
15525 31051 993296
15526 31052 916233
15526 31053 778740
15527 31054 33
15527 31055 946
15528 31056 906642
15528 31057 656
15529 31058 516691
15529 31059 974433
15530 31060 732603
15530 31061 998996
15531 31062 239791
15531 31063 993
15532 31064 1000000
15532 31065 1000000
15533 31066 426568
15533 31067 253256
15534 31068 194982
15534 31069 185986
15535 31070 996540
15535 31071 198220
15536 31072 630
15536 31073 957641
15537 31074 612163
15537 31075 139607
15538 31076 1000000
15538 31077 980777
15539 31078 596087
15539 31079 73587
15540 31080 911453
15540 31081 942352
15541 31082 104
15541 31083 982944
15542 31084 876863
15542 31085 929562
15543 31086 1000000
15543 31087 918703
15544 31088 1000000
15544 31089 937735
15545 31090 892
15545 31091 761093
15546 31092 714
15546 31093 957291
15547 31094 795
15547 31095 796
15548 31096 265
15548 31097 946197
15549 31098 157
15549 31099 1000000
15550 31100 1000000
15550 31101 993361
15551 31102 977099
15551 31103 954988
15552 31104 971791
15552 31105 292
15553 31106 683147
15553 31107 313737
15554 31108 935997
15554 31109 927912
15555 31110 725072
15555 31111 1000000
15556 31112 1000000
15556 31113 1000000
15557 31114 962
15557 31115 79048
15558 31116 996505
15558 31117 979101
15559 31118 969318
15559 31119 967680
15560 31120 946873
15560 31121 960082
15561 31122 995064
15561 31123 132006
15562 31124 926
15562 31125 936480
15563 31126 97562
15563 31127 1000000
15564 31128 964108
15564 31129 1000000
15565 31130 987392
15565 31131 981917
15566 31132 1000000
15566 31133 924396
15567 31134 786
15567 31135 1
15568 31136 1000000
15568 31137 1
15569 31138 986998
15569 31139 192977
15570 31140 669
15570 31141 975982
15571 31142 786050
15571 31143 696
15572 31144 946985
15572 31145 27
15573 31146 117919
15573 31147 201
15574 31148 964560
15574 31149 989765
15575 31150 1000000
15575 31151 923742
15576 31152 972905
15576 31153 1000000
15577 31154 44
15577 31155 106
15578 31156 317
15578 31157 1000000
15579 31158 1000000
15579 31159 931457
15580 31160 860
15580 31161 47
15581 31162 973343
15581 31163 1000000
15582 31164 1000000
15582 31165 312772
15583 31166 871
15583 31167 1000000
15584 31168 686780
15584 31169 169984
15585 31170 37285
15585 31171 988015
15586 31172 612506
15586 31173 255804
15587 31174 907879
15587 31175 1
15588 31176 999790
15588 31177 494
15589 31178 927833
15589 31179 29
15590 31180 346
15590 31181 245670
15591 31182 916180
15591 31183 542575
15592 31184 981945
15592 31185 32
15593 31186 1
15593 31187 95630
15594 31188 1000000
15594 31189 875437
15595 31190 902945
15595 31191 166460
15596 31192 1000000
15596 31193 946613
15597 31194 997331
15597 31195 441
15598 31196 927438
15598 31197 934709
15599 31198 906523
15599 31199 648
15600 31200 179
15600 31201 91
15601 31202 960665
15601 31203 972388
15602 31204 913526
15602 31205 826108
15603 31206 288725
15603 31207 958126
15604 31208 857
15604 31209 771968
15605 31210 1
15605 31211 941716
15606 31212 958501
15606 31213 986208
15607 31214 160653
15607 31215 986775
15608 31216 494124
15608 31217 931701
15609 31218 999421
15609 31219 905
15610 31220 24347
15610 31221 854670
15611 31222 135
15611 31223 321
15612 31224 130
15612 31225 6
15613 31226 804
15613 31227 96
15614 31228 45874
15614 31229 969304
15615 31230 971
15615 31231 686224
15616 31232 134605
15616 31233 926903
15617 31234 191
15617 31235 595687
15618 31236 547
15618 31237 96863
15619 31238 930893
15619 31239 968
15620 31240 975842
15620 31241 999362
15621 31242 803228
15621 31243 16
15622 31244 833504
15622 31245 1
15623 31246 131330
15623 31247 746271
15624 31248 837987
15624 31249 653285
15625 31250 1000000
15625 31251 932681
15626 31252 936566
15626 31253 159796
15627 31254 948498
15627 31255 1000000
15628 31256 1000000
15628 31257 1000000
15629 31258 218
15629 31259 812
15630 31260 913080
15630 31261 90520
15631 31262 925258
15631 31263 232774
15632 31264 586880
15632 31265 313300
15633 31266 916901
15633 31267 1000000
15634 31268 905723
15634 31269 825148
15635 31270 1000000
15635 31271 591491
15636 31272 532
15636 31273 624749
15637 31274 72
15637 31275 902000
15638 31276 887
15638 31277 630
15639 31278 646401
15639 31279 284781
15640 31280 772
15640 31281 940581
15641 31282 445866
15641 31283 517713
15642 31284 219
15642 31285 962306
15643 31286 118
15643 31287 592
15644 31288 65381
15644 31289 653
15645 31290 949871
15645 31291 906640
15646 31292 1000000
15646 31293 63331
15647 31294 320833
15647 31295 288367
15648 31296 924
15648 31297 24409
15649 31298 117
15649 31299 614359
15650 31300 1000000
15650 31301 661034
15651 31302 930066
15651 31303 634373
15652 31304 987652
15652 31305 997152
15653 31306 760734
15653 31307 1
15654 31308 548397
15654 31309 946454
15655 31310 944292
15655 31311 158
15656 31312 542
15656 31313 865968
15657 31314 1000000
15657 31315 902583
15658 31316 924922
15658 31317 964136
15659 31318 1
15659 31319 913679
15660 31320 292
15660 31321 34937
15661 31322 928718
15661 31323 551325
15662 31324 597
15662 31325 53977
15663 31326 1000000
15663 31327 362561
15664 31328 118
15664 31329 342554
15665 31330 972569
15665 31331 997923
15666 31332 657
15666 31333 944015
15667 31334 962140
15667 31335 1000000
15668 31336 785872
15668 31337 956435
15669 31338 32
15669 31339 159967
15670 31340 1
15670 31341 185
15671 31342 948689
15671 31343 970
15672 31344 131760
15672 31345 812549
15673 31346 932549
15673 31347 391
15674 31348 617
15674 31349 910713
15675 31350 1000000
15675 31351 904822
15676 31352 19707
15676 31353 681096
15677 31354 972446
15677 31355 145509
15678 31356 253180
15678 31357 574649
15679 31358 122449
15679 31359 980368
15680 31360 998270
15680 31361 942393
15681 31362 120
15681 31363 921269
15682 31364 976072
15682 31365 943589
15683 31366 867871
15683 31367 903662
15684 31368 993121
15684 31369 999164
15685 31370 937219
15685 31371 970296
15686 31372 99262
15686 31373 219078
15687 31374 1
15687 31375 911865
15688 31376 178764
15688 31377 211604
15689 31378 924853
15689 31379 288
15690 31380 699
15690 31381 1000000
15691 31382 1000000
15691 31383 1000000
15692 31384 491
15692 31385 931807
15693 31386 917988
15693 31387 1000000
15694 31388 457294
15694 31389 980494
15695 31390 418
15695 31391 941902
15696 31392 1000000
15696 31393 240779
15697 31394 994006
15697 31395 726130
15698 31396 1000000
15698 31397 479060
15699 31398 1000000
15699 31399 80
15700 31400 560904
15700 31401 975888
15701 31402 1000000
15701 31403 625463
15702 31404 879291
15702 31405 4
15703 31406 344497
15703 31407 712
15704 31408 808090
15704 31409 913664
15705 31410 960717
15705 31411 970143
15706 31412 907055
15706 31413 958381
15707 31414 1000000
15707 31415 915
15708 31416 636
15708 31417 939959
15709 31418 1
15709 31419 807686
15710 31420 997753
15710 31421 759022
15711 31422 985288
15711 31423 436
15712 31424 859096
15712 31425 351211
15713 31426 954
15713 31427 513427
15714 31428 945057
15714 31429 308245
15715 31430 827711
15715 31431 926672
15716 31432 929795
15716 31433 961057
15717 31434 683
15717 31435 1
15718 31436 1000000
15718 31437 942528
15719 31438 761657
15719 31439 199192
15720 31440 505794
15720 31441 958585
15721 31442 963926
15721 31443 825
15722 31444 941299
15722 31445 339987
15723 31446 991373
15723 31447 1
15724 31448 869
15724 31449 915872
15725 31450 981461
15725 31451 1000000
15726 31452 311
15726 31453 913033
15727 31454 930706
15727 31455 1
15728 31456 696017
15728 31457 645
15729 31458 800040
15729 31459 911374
15730 31460 396610
15730 31461 946654
15731 31462 907570
15731 31463 943068
15732 31464 1
15732 31465 945313
15733 31466 924311
15733 31467 349
15734 31468 921999
15734 31469 975817
15735 31470 634136
15735 31471 1000000
15736 31472 954980
15736 31473 900623
15737 31474 242968
15737 31475 348
15738 31476 93819
15738 31477 1000000
15739 31478 506372
15739 31479 793138
15740 31480 947969
15740 31481 851735
15741 31482 1000000
15741 31483 990951
15742 31484 908897
15742 31485 153402
15743 31486 929852
15743 31487 398137
15744 31488 313
15744 31489 1000000
15745 31490 904843
15745 31491 989446
15746 31492 959115
15746 31493 905904
15747 31494 931422
15747 31495 1
15748 31496 33249
15748 31497 1
15749 31498 938051
15749 31499 950937
15750 31500 937615
15750 31501 912282
15751 31502 485
15751 31503 912353
15752 31504 941191
15752 31505 306219
15753 31506 916553
15753 31507 931281
15754 31508 65010
15754 31509 997562
15755 31510 937768
15755 31511 550941
15756 31512 1
15756 31513 183857
15757 31514 976364
15757 31515 1000000
15758 31516 471044
15758 31517 186
15759 31518 987551
15759 31519 969049
15760 31520 274789
15760 31521 954681
15761 31522 1000000
15761 31523 680116
15762 31524 964170
15762 31525 997858
15763 31526 96179
15763 31527 456044
15764 31528 942141
15764 31529 925980
15765 31530 234
15765 31531 1000000
15766 31532 928486
15766 31533 972730
15767 31534 969551
15767 31535 220
15768 31536 1000000
15768 31537 331493
15769 31538 920950
15769 31539 910836
15770 31540 976155
15770 31541 907555
15771 31542 915171
15771 31543 328642
15772 31544 149270
15772 31545 938809
15773 31546 368
15773 31547 938077
15774 31548 743
15774 31549 20932
15775 31550 864
15775 31551 974863
15776 31552 273361
15776 31553 81
15777 31554 991022
15777 31555 838362
15778 31556 357
15778 31557 1000000
15779 31558 551
15779 31559 901292
15780 31560 243947
15780 31561 294066
15781 31562 1000000
15781 31563 720282
15782 31564 1000000
15782 31565 1000000
15783 31566 963242
15783 31567 939827
15784 31568 1000000
15784 31569 903005
15785 31570 219971
15785 31571 975155
15786 31572 955222
15786 31573 751657
15787 31574 1000000
15787 31575 909862
15788 31576 325
15788 31577 996295
15789 31578 331
15789 31579 82894
15790 31580 965977
15790 31581 803816
15791 31582 633153
15791 31583 974597
15792 31584 217059
15792 31585 844642
15793 31586 949856
15793 31587 948594
15794 31588 355624
15794 31589 48320
15795 31590 960801
15795 31591 1
15796 31592 963408
15796 31593 938465
15797 31594 974813
15797 31595 988514
15798 31596 938583
15798 31597 501966
15799 31598 193130
15799 31599 935395
15800 31600 645
15800 31601 968646
15801 31602 1000000
15801 31603 970618
15802 31604 917910
15802 31605 383
15803 31606 285245
15803 31607 45565
15804 31608 463830
15804 31609 517785
15805 31610 798
15805 31611 670311
15806 31612 12396
15806 31613 1000000
15807 31614 924663
15807 31615 8
15808 31616 426605
15808 31617 1000000
15809 31618 935904
15809 31619 930913
15810 31620 900990
15810 31621 520964
15811 31622 509620
15811 31623 646194
15812 31624 233210
15812 31625 955695
15813 31626 1000000
15813 31627 999751
15814 31628 993902
15814 31629 468
15815 31630 1000000
15815 31631 900357
15816 31632 18104
15816 31633 969501
15817 31634 451741
15817 31635 992542
15818 31636 617
15818 31637 94792
15819 31638 1
15819 31639 62445
15820 31640 995289
15820 31641 908979
15821 31642 912308
15821 31643 972445
15822 31644 835251
15822 31645 449
15823 31646 956270
15823 31647 972323
15824 31648 159177
15824 31649 139140
15825 31650 912734
15825 31651 94
15826 31652 348930
15826 31653 799175
15827 31654 666
15827 31655 924121
15828 31656 947622
15828 31657 924394
15829 31658 789676
15829 31659 997314
15830 31660 966494
15830 31661 968242
15831 31662 249
15831 31663 955762
15832 31664 968881
15832 31665 916311
15833 31666 1
15833 31667 1000000
15834 31668 1000000
15834 31669 1
15835 31670 582
15835 31671 1
15836 31672 721486
15836 31673 111521
15837 31674 448000
15837 31675 954995
15838 31676 920095
15838 31677 971829
15839 31678 838218
15839 31679 953845
15840 31680 963980
15840 31681 658271
15841 31682 824381
15841 31683 941190
15842 31684 979553
15842 31685 624450
15843 31686 287147
15843 31687 941683
15844 31688 1000000
15844 31689 92567
15845 31690 1000000
15845 31691 643041
15846 31692 541818
15846 31693 807
15847 31694 930984
15847 31695 1000000
15848 31696 960
15848 31697 889098
15849 31698 917328
15849 31699 973697
15850 31700 989077
15850 31701 443561
15851 31702 1000000
15851 31703 995640
15852 31704 761306
15852 31705 654930
15853 31706 995122
15853 31707 938958
15854 31708 1
15854 31709 1000000
15855 31710 960351
15855 31711 941755
15856 31712 147471
15856 31713 939
15857 31714 974257
15857 31715 956865
15858 31716 1000000
15858 31717 624
15859 31718 875913
15859 31719 614553
15860 31720 994402
15860 31721 777682
15861 31722 1
15861 31723 901889
15862 31724 924754
15862 31725 903893
15863 31726 919020
15863 31727 963242
15864 31728 967808
15864 31729 394
15865 31730 627
15865 31731 62
15866 31732 431233
15866 31733 937503
15867 31734 903453
15867 31735 309692
15868 31736 672
15868 31737 954445
15869 31738 532778
15869 31739 918761
15870 31740 564
15870 31741 937001
15871 31742 547314
15871 31743 998716
15872 31744 679466
15872 31745 1000000
15873 31746 932110
15873 31747 106446
15874 31748 118579
15874 31749 940834
15875 31750 915023
15875 31751 605277
15876 31752 585100
15876 31753 935485
15877 31754 200464
15877 31755 1
15878 31756 742
15878 31757 986261
15879 31758 1000000
15879 31759 991593
15880 31760 410378
15880 31761 76420
15881 31762 980448
15881 31763 921742
15882 31764 506970
15882 31765 181642
15883 31766 958689
15883 31767 994933
15884 31768 946713
15884 31769 908575
15885 31770 903341
15885 31771 729729
15886 31772 1000000
15886 31773 351128
15887 31774 945601
15887 31775 161705
15888 31776 983339
15888 31777 43022
15889 31778 642440
15889 31779 935925
15890 31780 617076
15890 31781 373254
15891 31782 1000000
15891 31783 368
15892 31784 1
15892 31785 1000000
15893 31786 413435
15893 31787 1000000
15894 31788 664045
15894 31789 450
15895 31790 369
15895 31791 964834
15896 31792 992699
15896 31793 765
15897 31794 1000000
15897 31795 938
15898 31796 1
15898 31797 976823
15899 31798 630
15899 31799 840
15900 31800 789084
15900 31801 167
15901 31802 281038
15901 31803 911392
15902 31804 1000000
15902 31805 876636
15903 31806 976006
15903 31807 272926
15904 31808 563353
15904 31809 989893
15905 31810 907903
15905 31811 934186
15906 31812 1
15906 31813 613
15907 31814 94027
15907 31815 915159
15908 31816 953449
15908 31817 668
15909 31818 1000000
15909 31819 999981
15910 31820 394997
15910 31821 286728
15911 31822 952217
15911 31823 511824
15912 31824 422
15912 31825 472
15913 31826 501373
15913 31827 385
15914 31828 495203
15914 31829 969804
15915 31830 54718
15915 31831 989354
15916 31832 947237
15916 31833 1000000
15917 31834 998360
15917 31835 990047
15918 31836 980610
15918 31837 682570
15919 31838 1000000
15919 31839 996798
15920 31840 963597
15920 31841 121563
15921 31842 993816
15921 31843 902575
15922 31844 992509
15922 31845 853
15923 31846 968107
15923 31847 1000000
15924 31848 365391
15924 31849 513466
15925 31850 450
15925 31851 615
15926 31852 986724
15926 31853 823923
15927 31854 637755
15927 31855 235502
15928 31856 962878
15928 31857 831946
15929 31858 921732
15929 31859 763924
15930 31860 857271
15930 31861 34
15931 31862 824014
15931 31863 619556
15932 31864 1000000
15932 31865 958400
15933 31866 963513
15933 31867 985225
15934 31868 153331
15934 31869 964890
15935 31870 990217
15935 31871 915238
15936 31872 546
15936 31873 537
15937 31874 1000000
15937 31875 708132
15938 31876 1000000
15938 31877 172
15939 31878 1000000
15939 31879 904962
15940 31880 927795
15940 31881 995462
15941 31882 194
15941 31883 234872
15942 31884 994777
15942 31885 504566
15943 31886 890563
15943 31887 938464
15944 31888 489521
15944 31889 484
15945 31890 948844
15945 31891 949965
15946 31892 261096
15946 31893 127443
15947 31894 907524
15947 31895 711144
15948 31896 43509
15948 31897 904451
15949 31898 884
15949 31899 914
15950 31900 383
15950 31901 494
15951 31902 474673
15951 31903 351783
15952 31904 963212
15952 31905 1000000
15953 31906 1
15953 31907 399943
15954 31908 675
15954 31909 568
15955 31910 1000000
15955 31911 325274
15956 31912 969778
15956 31913 961932
15957 31914 333970
15957 31915 421804
15958 31916 908168
15958 31917 1000000
15959 31918 962996
15959 31919 916563
15960 31920 459508
15960 31921 972057
15961 31922 1
15961 31923 128
15962 31924 251943
15962 31925 1000000
15963 31926 439466
15963 31927 210369
15964 31928 1
15964 31929 823364
15965 31930 768778
15965 31931 417
15966 31932 924625
15966 31933 909010
15967 31934 952939
15967 31935 661
15968 31936 647698
15968 31937 12
15969 31938 1000000
15969 31939 971712
15970 31940 403
15970 31941 878852
15971 31942 627
15971 31943 87146
15972 31944 943039
15972 31945 956737
15973 31946 950
15973 31947 928863
15974 31948 1000000
15974 31949 918826
15975 31950 766659
15975 31951 553980
15976 31952 1000000
15976 31953 998139
15977 31954 919644
15977 31955 903225
15978 31956 629058
15978 31957 25
15979 31958 524053
15979 31959 662178
15980 31960 929528
15980 31961 912310
15981 31962 999493
15981 31963 150038
15982 31964 848
15982 31965 129651
15983 31966 998153
15983 31967 1
15984 31968 88709
15984 31969 24
15985 31970 922101
15985 31971 229947
15986 31972 1
15986 31973 474
15987 31974 976676
15987 31975 308124
15988 31976 830813
15988 31977 989968
15989 31978 447
15989 31979 243
15990 31980 1000000
15990 31981 578374
15991 31982 303867
15991 31983 1000000
15992 31984 914386
15992 31985 54404
15993 31986 699939
15993 31987 60157
15994 31988 303766
15994 31989 975472
15995 31990 631249
15995 31991 923235
15996 31992 462485
15996 31993 846980
15997 31994 953128
15997 31995 739859
15998 31996 568
15998 31997 930594
15999 31998 110
15999 31999 1000000
16000 32000 563837
16000 32001 339973
16001 32002 912281
16001 32003 1000000
16002 32004 30
16002 32005 160
16003 32006 984
16003 32007 906341
16004 32008 1000000
16004 32009 1
16005 32010 515784
16005 32011 955473
16006 32012 567041
16006 32013 969
16007 32014 956506
16007 32015 975903
16008 32016 958071
16008 32017 507965
16009 32018 119704
16009 32019 718
16010 32020 888
16010 32021 282
16011 32022 648587
16011 32023 582
16012 32024 505
16012 32025 12
16013 32026 431968
16013 32027 928540
16014 32028 926334
16014 32029 1000000
16015 32030 612
16015 32031 666731
16016 32032 265587
16016 32033 979627
16017 32034 910090
16017 32035 932242
16018 32036 54
16018 32037 974436
16019 32038 669
16019 32039 92086
16020 32040 992710
16020 32041 934285
16021 32042 974030
16021 32043 1000000
16022 32044 1
16022 32045 1000000
16023 32046 88917
16023 32047 469723
16024 32048 951734
16024 32049 913105
16025 32050 322251
16025 32051 582
16026 32052 148675
16026 32053 1000000
16027 32054 913231
16027 32055 968641
16028 32056 491578
16028 32057 922333
16029 32058 491174
16029 32059 248118
16030 32060 83120
16030 32061 294911
16031 32062 346339
16031 32063 547856
16032 32064 860
16032 32065 1
16033 32066 759292
16033 32067 911791
16034 32068 367585
16034 32069 495
16035 32070 988234
16035 32071 276
16036 32072 914678
16036 32073 938800
16037 32074 622261
16037 32075 1000000
16038 32076 590911
16038 32077 913974
16039 32078 911588
16039 32079 789239
16040 32080 1000000
16040 32081 314528
16041 32082 557273
16041 32083 732269
16042 32084 73
16042 32085 661
16043 32086 885
16043 32087 737799
16044 32088 939446
16044 32089 905881
16045 32090 983954
16045 32091 36
16046 32092 36489
16046 32093 779693
16047 32094 35096
16047 32095 993396
16048 32096 1000000
16048 32097 57
16049 32098 194759
16049 32099 841
16050 32100 823868
16050 32101 949503
16051 32102 385
16051 32103 857
16052 32104 999320
16052 32105 899064
16053 32106 19686
16053 32107 389090
16054 32108 914274
16054 32109 344
16055 32110 668981
16055 32111 612
16056 32112 725528
16056 32113 921258
16057 32114 994835
16057 32115 405097
16058 32116 783456
16058 32117 5885
16059 32118 1000000
16059 32119 997856
16060 32120 1000000
16060 32121 907722
16061 32122 1000000
16061 32123 1000000
16062 32124 601830
16062 32125 511
16063 32126 908437
16063 32127 77036
16064 32128 955697
16064 32129 860613
16065 32130 32
16065 32131 942383
16066 32132 589
16066 32133 979751
16067 32134 970731
16067 32135 994875
16068 32136 1000000
16068 32137 381606
16069 32138 342352
16069 32139 918430
16070 32140 927797
16070 32141 1000000
16071 32142 1000000
16071 32143 548
16072 32144 1000000
16072 32145 852141
16073 32146 1000000
16073 32147 384888
16074 32148 605634
16074 32149 614
16075 32150 941162
16075 32151 308917
16076 32152 984892
16076 32153 173978
16077 32154 855
16077 32155 369
16078 32156 123922
16078 32157 935667
16079 32158 305745
16079 32159 862783
16080 32160 894577
16080 32161 534
16081 32162 554
16081 32163 856
16082 32164 662127
16082 32165 635
16083 32166 426
16083 32167 10397
16084 32168 936434
16084 32169 159659
16085 32170 986193
16085 32171 937708
16086 32172 407962
16086 32173 116723
16087 32174 320
16087 32175 637881
16088 32176 941164
16088 32177 1
16089 32178 913383
16089 32179 927260
16090 32180 791042
16090 32181 992520
16091 32182 394937
16091 32183 990916
16092 32184 954323
16092 32185 967171
16093 32186 494742
16093 32187 546813
16094 32188 956388
16094 32189 574358
16095 32190 933993
16095 32191 65
16096 32192 652801
16096 32193 906747
16097 32194 1
16097 32195 752228
16098 32196 1000000
16098 32197 621
16099 32198 774099
16099 32199 976671
16100 32200 633701
16100 32201 795230
16101 32202 980823
16101 32203 995933
16102 32204 409850
16102 32205 331
16103 32206 268808
16103 32207 991670
16104 32208 231754
16104 32209 852
16105 32210 197
16105 32211 914319
16106 32212 926990
16106 32213 420293
16107 32214 923022
16107 32215 498
16108 32216 1
16108 32217 955039
16109 32218 468
16109 32219 600
16110 32220 968198
16110 32221 983134
16111 32222 944575
16111 32223 230
16112 32224 385658
16112 32225 249
16113 32226 953089
16113 32227 299531
16114 32228 906189
16114 32229 22046
16115 32230 398472
16115 32231 923526
16116 32232 934646
16116 32233 144099
16117 32234 729229
16117 32235 939705
16118 32236 953445
16118 32237 346
16119 32238 911937
16119 32239 950449
16120 32240 1
16120 32241 307680
16121 32242 923944
16121 32243 989993
16122 32244 191811
16122 32245 681053
16123 32246 10434
16123 32247 930737
16124 32248 119474
16124 32249 1000000
16125 32250 130715
16125 32251 181268
16126 32252 986382
16126 32253 527937
16127 32254 713862
16127 32255 970468
16128 32256 176282
16128 32257 642
16129 32258 488612
16129 32259 189
16130 32260 1000000
16130 32261 240517
16131 32262 506378
16131 32263 791
16132 32264 940364
16132 32265 922331
16133 32266 191
16133 32267 677165
16134 32268 1000000
16134 32269 925608
16135 32270 906486
16135 32271 392354
16136 32272 1
16136 32273 543
16137 32274 957690
16137 32275 756
16138 32276 912499
16138 32277 1000000
16139 32278 967205
16139 32279 959860
16140 32280 1000000
16140 32281 1000000
16141 32282 1000000
16141 32283 954912
16142 32284 757
16142 32285 46140
16143 32286 955824
16143 32287 925581
16144 32288 905631
16144 32289 354
16145 32290 917898
16145 32291 934
16146 32292 354594
16146 32293 451992
16147 32294 48327
16147 32295 664085
16148 32296 940815
16148 32297 735
16149 32298 978055
16149 32299 1000000
16150 32300 963318
16150 32301 546682
16151 32302 784
16151 32303 1000000
16152 32304 1000000
16152 32305 282779
16153 32306 971723
16153 32307 435
16154 32308 363647
16154 32309 1000000
16155 32310 995726
16155 32311 705001
16156 32312 150
16156 32313 967796
16157 32314 982768
16157 32315 990906
16158 32316 1000000
16158 32317 218636
16159 32318 714
16159 32319 971450
16160 32320 854092
16160 32321 932439
16161 32322 458
16161 32323 947755
16162 32324 1
16162 32325 910611
16163 32326 172434
16163 32327 951702
16164 32328 981112
16164 32329 620512
16165 32330 611927
16165 32331 889903
16166 32332 541
16166 32333 912169
16167 32334 1000000
16167 32335 624454
16168 32336 859346
16168 32337 634
16169 32338 830
16169 32339 943015
16170 32340 430404
16170 32341 638778
16171 32342 14886
16171 32343 866
16172 32344 8
16172 32345 959
16173 32346 143160
16173 32347 187
16174 32348 273942
16174 32349 947158
16175 32350 981817
16175 32351 1
16176 32352 1
16176 32353 575
16177 32354 967182
16177 32355 675110
16178 32356 534527
16178 32357 716106
16179 32358 215
16179 32359 675941
16180 32360 736954
16180 32361 930527
16181 32362 870557
16181 32363 941058
16182 32364 777592
16182 32365 978373
16183 32366 206
16183 32367 894909
16184 32368 976797
16184 32369 586
16185 32370 900754
16185 32371 1000000
16186 32372 838
16186 32373 511324
16187 32374 65228
16187 32375 991206
16188 32376 390762
16188 32377 953552
16189 32378 239
16189 32379 1
16190 32380 979569
16190 32381 994490
16191 32382 414
16191 32383 989039
16192 32384 464147
16192 32385 905464
16193 32386 471791
16193 32387 1000000
16194 32388 1000000
16194 32389 1000000
16195 32390 186274
16195 32391 927862
16196 32392 1
16196 32393 168
16197 32394 428605
16197 32395 958870
16198 32396 374421
16198 32397 948919
16199 32398 366
16199 32399 916479
16200 32400 777684
16200 32401 1000000
16201 32402 970908
16201 32403 877
16202 32404 273956
16202 32405 950
16203 32406 416186
16203 32407 14187
16204 32408 678
16204 32409 124438
16205 32410 1
16205 32411 936876
16206 32412 960435
16206 32413 962805
16207 32414 915640
16207 32415 508500
16208 32416 875404
16208 32417 1000000
16209 32418 902539
16209 32419 132
16210 32420 837521
16210 32421 943987
16211 32422 889796
16211 32423 1000000
16212 32424 1000000
16212 32425 1000000
16213 32426 930625
16213 32427 969740
16214 32428 108373
16214 32429 903457
16215 32430 1000000
16215 32431 931149
16216 32432 1
16216 32433 912322
16217 32434 206061
16217 32435 966665
16218 32436 968728
16218 32437 693603
16219 32438 1000000
16219 32439 38
16220 32440 931582
16220 32441 973668
16221 32442 917549
16221 32443 1
16222 32444 142586
16222 32445 922810
16223 32446 831777
16223 32447 979464
16224 32448 912696
16224 32449 663768
16225 32450 976873
16225 32451 949179
16226 32452 178769
16226 32453 917875
16227 32454 514497
16227 32455 312
16228 32456 235857
16228 32457 462
16229 32458 973833
16229 32459 904971
16230 32460 702
16230 32461 63
16231 32462 976224
16231 32463 932
16232 32464 952120
16232 32465 280677
16233 32466 97696
16233 32467 915601
16234 32468 882319
16234 32469 590
16235 32470 955861
16235 32471 485604
16236 32472 600390
16236 32473 430229
16237 32474 463255
16237 32475 1000000
16238 32476 191
16238 32477 379
16239 32478 914943
16239 32479 444912
16240 32480 871330
16240 32481 365708
16241 32482 904136
16241 32483 135
16242 32484 674742
16242 32485 70466
16243 32486 931766
16243 32487 935159
16244 32488 919475
16244 32489 924072
16245 32490 918867
16245 32491 960060
16246 32492 1000000
16246 32493 285
16247 32494 946224
16247 32495 91
16248 32496 31
16248 32497 994231
16249 32498 746254
16249 32499 451419
16250 32500 40
16250 32501 737576
16251 32502 998796
16251 32503 331077
16252 32504 1000000
16252 32505 901150
16253 32506 551
16253 32507 995415
16254 32508 554507
16254 32509 956998
16255 32510 93717
16255 32511 238
16256 32512 63
16256 32513 790230
16257 32514 72444
16257 32515 974157
16258 32516 1
16258 32517 638
16259 32518 799360
16259 32519 896
16260 32520 921585
16260 32521 968671
16261 32522 957210
16261 32523 990271
16262 32524 377468
16262 32525 973689
16263 32526 9246
16263 32527 1000000
16264 32528 148
16264 32529 461586
16265 32530 204648
16265 32531 944510
16266 32532 836668
16266 32533 610
16267 32534 117368
16267 32535 1000000
16268 32536 75015
16268 32537 882
16269 32538 1
16269 32539 1
16270 32540 860374
16270 32541 1000000
16271 32542 923876
16271 32543 996999
16272 32544 382458
16272 32545 1000000
16273 32546 975596
16273 32547 931492
16274 32548 8994
16274 32549 597
16275 32550 649479
16275 32551 954696
16276 32552 643287
16276 32553 425
16277 32554 995796
16277 32555 947856
16278 32556 1000000
16278 32557 819163
16279 32558 292084
16279 32559 619
16280 32560 994422
16280 32561 505
16281 32562 57216
16281 32563 934924
16282 32564 402
16282 32565 939269
16283 32566 962151
16283 32567 905298
16284 32568 886125
16284 32569 1
16285 32570 950
16285 32571 303155
16286 32572 947415
16286 32573 984059
16287 32574 964255
16287 32575 1
16288 32576 1000000
16288 32577 1000000
16289 32578 1000000
16289 32579 1
16290 32580 817
16290 32581 940589
16291 32582 1000000
16291 32583 110
16292 32584 103593
16292 32585 923465
16293 32586 796082
16293 32587 1000000
16294 32588 919591
16294 32589 921100
16295 32590 415165
16295 32591 178851
16296 32592 1000000
16296 32593 481
16297 32594 940277
16297 32595 930330
16298 32596 913001
16298 32597 705525
16299 32598 94111
16299 32599 1
16300 32600 897
16300 32601 906900
16301 32602 762274
16301 32603 478765
16302 32604 970832
16302 32605 387771
16303 32606 808
16303 32607 979542
16304 32608 1
16304 32609 994628
16305 32610 932420
16305 32611 677074
16306 32612 915645
16306 32613 538
16307 32614 961779
16307 32615 100274
16308 32616 981411
16308 32617 126389
16309 32618 121
16309 32619 985484
16310 32620 949132
16310 32621 943523
16311 32622 1000000
16311 32623 960795
16312 32624 871
16312 32625 929199
16313 32626 923935
16313 32627 82
16314 32628 990467
16314 32629 937130
16315 32630 791842
16315 32631 1000000
16316 32632 984873
16316 32633 918218
16317 32634 495
16317 32635 689851
16318 32636 352303
16318 32637 512748
16319 32638 988209
16319 32639 150675
16320 32640 910467
16320 32641 977627
16321 32642 409
16321 32643 506449
16322 32644 117958
16322 32645 916936
16323 32646 934397
16323 32647 222
16324 32648 960982
16324 32649 1000000
16325 32650 1
16325 32651 919583
16326 32652 536
16326 32653 929492
16327 32654 102
16327 32655 991678
16328 32656 989
16328 32657 418150
16329 32658 575077
16329 32659 779082
16330 32660 1
16330 32661 46473
16331 32662 863588
16331 32663 971146
16332 32664 957994
16332 32665 498070
16333 32666 559
16333 32667 981379
16334 32668 809
16334 32669 274365
16335 32670 930291
16335 32671 1000000
16336 32672 551155
16336 32673 957949
16337 32674 286651
16337 32675 916128
16338 32676 654558
16338 32677 933774
16339 32678 915682
16339 32679 838492
16340 32680 972
16340 32681 331
16341 32682 1000000
16341 32683 989599
16342 32684 132084
16342 32685 1000000
16343 32686 443297
16343 32687 942957
16344 32688 915832
16344 32689 979337
16345 32690 823
16345 32691 1
16346 32692 969310
16346 32693 1000000
16347 32694 1
16347 32695 51138
16348 32696 19
16348 32697 913605
16349 32698 605
16349 32699 624
16350 32700 420110
16350 32701 672227
16351 32702 671727
16351 32703 1
16352 32704 329287
16352 32705 556930
16353 32706 948213
16353 32707 17710
16354 32708 260527
16354 32709 890
16355 32710 780
16355 32711 1000000
16356 32712 952083
16356 32713 1
16357 32714 806481
16357 32715 21
16358 32716 1000000
16358 32717 457984
16359 32718 808077
16359 32719 165184
16360 32720 932484
16360 32721 73
16361 32722 384687
16361 32723 315909
16362 32724 1000000
16362 32725 1000000
16363 32726 483
16363 32727 548383
16364 32728 984212
16364 32729 957798
16365 32730 631453
16365 32731 313
16366 32732 1
16366 32733 776424
16367 32734 226
16367 32735 733796
16368 32736 921600
16368 32737 918306
16369 32738 1000000
16369 32739 172319
16370 32740 545
16370 32741 979108
16371 32742 998375
16371 32743 1
16372 32744 399169
16372 32745 984729
16373 32746 906630
16373 32747 318810
16374 32748 988938
16374 32749 483515
16375 32750 471
16375 32751 306812
16376 32752 273693
16376 32753 711
16377 32754 765922
16377 32755 236076
16378 32756 548155
16378 32757 833591
16379 32758 980317
16379 32759 1
16380 32760 1000000
16380 32761 1000000
16381 32762 842670
16381 32763 972288
16382 32764 959316
16382 32765 349767
16383 32766 894365
16383 32767 917565
16384 32768 339279
16384 32769 625171
16385 32770 1
16385 32771 942783
16386 32772 973546
16386 32773 905763
16387 32774 349266
16387 32775 1
16388 32776 75769
16388 32777 937803
16389 32778 17802
16389 32779 972880
16390 32780 691
16390 32781 942199
16391 32782 129373
16391 32783 172513
16392 32784 534562
16392 32785 991188
16393 32786 953648
16393 32787 962648
16394 32788 664944
16394 32789 911277
16395 32790 416655
16395 32791 693095
16396 32792 932937
16396 32793 225
16397 32794 139678
16397 32795 934143
16398 32796 978
16398 32797 925184
16399 32798 518
16399 32799 1000000
16400 32800 568
16400 32801 29
16401 32802 1000000
16401 32803 1
16402 32804 956886
16402 32805 347
16403 32806 108824
16403 32807 875
16404 32808 935871
16404 32809 201
16405 32810 908879
16405 32811 254476
16406 32812 667
16406 32813 631934
16407 32814 995098
16407 32815 924307
16408 32816 983881
16408 32817 900865
16409 32818 917308
16409 32819 800064
16410 32820 931062
16410 32821 175669
16411 32822 160231
16411 32823 1000000
16412 32824 947662
16412 32825 358
16413 32826 502398
16413 32827 78
16414 32828 660312
16414 32829 993934
16415 32830 1000000
16415 32831 945414
16416 32832 984643
16416 32833 498
16417 32834 951568
16417 32835 391938
16418 32836 1000000
16418 32837 552918
16419 32838 1000
16419 32839 943701
16420 32840 902948
16420 32841 870995
16421 32842 1
16421 32843 729596
16422 32844 1000000
16422 32845 915133
16423 32846 920750
16423 32847 962611
16424 32848 958591
16424 32849 793338
16425 32850 958190
16425 32851 915455
16426 32852 460698
16426 32853 960166
16427 32854 892014
16427 32855 835974
16428 32856 989377
16428 32857 365356
16429 32858 993401
16429 32859 981433
16430 32860 715
16430 32861 1000000
16431 32862 1
16431 32863 991995
16432 32864 932222
16432 32865 123353
16433 32866 542
16433 32867 928228
16434 32868 194054
16434 32869 1
16435 32870 901146
16435 32871 974767
16436 32872 939966
16436 32873 133
16437 32874 1000000
16437 32875 372862
16438 32876 1000000
16438 32877 981523
16439 32878 619533
16439 32879 141
16440 32880 939717
16440 32881 888233
16441 32882 493
16441 32883 984624
16442 32884 67
16442 32885 74814
16443 32886 934379
16443 32887 758240
16444 32888 875
16444 32889 817
16445 32890 590
16445 32891 965118
16446 32892 586
16446 32893 498860
16447 32894 709
16447 32895 1
16448 32896 844
16448 32897 272
16449 32898 589167
16449 32899 198894
16450 32900 898183
16450 32901 948427
16451 32902 950370
16451 32903 584
16452 32904 994677
16452 32905 276507
16453 32906 129
16453 32907 662362
16454 32908 188191
16454 32909 528331
16455 32910 653
16455 32911 942023
16456 32912 965842
16456 32913 245955
16457 32914 1000000
16457 32915 350133
16458 32916 217051
16458 32917 961702
16459 32918 936952
16459 32919 994590
16460 32920 947752
16460 32921 1000000
16461 32922 798
16461 32923 904078
16462 32924 1
16462 32925 424770
16463 32926 995648
16463 32927 1000000
16464 32928 940523
16464 32929 735433
16465 32930 913375
16465 32931 153073
16466 32932 651287
16466 32933 936981
16467 32934 334789
16467 32935 4211
16468 32936 283246
16468 32937 908051
16469 32938 444
16469 32939 938151
16470 32940 18113
16470 32941 938595
16471 32942 798360
16471 32943 913855
16472 32944 156229
16472 32945 964
16473 32946 974306
16473 32947 352798
16474 32948 727813
16474 32949 367
16475 32950 285088
16475 32951 1000000
16476 32952 671093
16476 32953 344226
16477 32954 31178
16477 32955 1
16478 32956 912699
16478 32957 954825
16479 32958 154999
16479 32959 959844
16480 32960 498410
16480 32961 986462
16481 32962 136558
16481 32963 1000000
16482 32964 586642
16482 32965 958
16483 32966 952388
16483 32967 914458
16484 32968 945512
16484 32969 988508
16485 32970 1000000
16485 32971 997272
16486 32972 930181
16486 32973 967550
16487 32974 252
16487 32975 987542
16488 32976 945302
16488 32977 925521
16489 32978 215922
16489 32979 579
16490 32980 1000000
16490 32981 1000000
16491 32982 996018
16491 32983 965
16492 32984 944018
16492 32985 828159
16493 32986 508883
16493 32987 905920
16494 32988 247
16494 32989 962729
16495 32990 345463
16495 32991 255241
16496 32992 911314
16496 32993 513232
16497 32994 655172
16497 32995 985913
16498 32996 214416
16498 32997 491769
16499 32998 935
16499 32999 688892
16500 33000 910181
16500 33001 944152
16501 33002 461952
16501 33003 689276
16502 33004 923929
16502 33005 886719
16503 33006 981532
16503 33007 238392
16504 33008 1000000
16504 33009 552065
16505 33010 902934
16505 33011 125
16506 33012 650655
16506 33013 968690
16507 33014 973352
16507 33015 314292
16508 33016 226
16508 33017 779724
16509 33018 504
16509 33019 840
16510 33020 1
16510 33021 798943
16511 33022 1000000
16511 33023 546148
16512 33024 262
16512 33025 993703
16513 33026 494104
16513 33027 1000000
16514 33028 712
16514 33029 386923
16515 33030 524
16515 33031 1000000
16516 33032 215
16516 33033 1000000
16517 33034 99909
16517 33035 234391
16518 33036 900
16518 33037 769089
16519 33038 831423
16519 33039 640
16520 33040 352603
16520 33041 1000000
16521 33042 511061
16521 33043 989571
16522 33044 965994
16522 33045 375653
16523 33046 629
16523 33047 998352
16524 33048 1000000
16524 33049 934852
16525 33050 282693
16525 33051 478
16526 33052 258
16526 33053 547136
16527 33054 605
16527 33055 196714
16528 33056 931272
16528 33057 1
16529 33058 712
16529 33059 447106
16530 33060 370
16530 33061 927238
16531 33062 929809
16531 33063 1
16532 33064 449
16532 33065 687
16533 33066 1000000
16533 33067 918139
16534 33068 924755
16534 33069 484
16535 33070 764
16535 33071 386856
16536 33072 832422
16536 33073 418610
16537 33074 96157
16537 33075 1000000
16538 33076 952436
16538 33077 469
16539 33078 908301
16539 33079 985077
16540 33080 1000000
16540 33081 256
16541 33082 569
16541 33083 493
16542 33084 935773
16542 33085 714403
16543 33086 800
16543 33087 968539
16544 33088 1
16544 33089 21232
16545 33090 236664
16545 33091 59
16546 33092 691193
16546 33093 322
16547 33094 985834
16547 33095 1
16548 33096 6252
16548 33097 263
16549 33098 951997
16549 33099 463785
16550 33100 1000000
16550 33101 963942
16551 33102 356236
16551 33103 930885
16552 33104 1000000
16552 33105 625865
16553 33106 507953
16553 33107 591651
16554 33108 764
16554 33109 23541
16555 33110 411968
16555 33111 189
16556 33112 906982
16556 33113 231
16557 33114 1000000
16557 33115 933751
16558 33116 677
16558 33117 69
16559 33118 944510
16559 33119 913389
16560 33120 693
16560 33121 716
16561 33122 422
16561 33123 731833
16562 33124 926
16562 33125 949044
16563 33126 378128
16563 33127 457873
16564 33128 995057
16564 33129 52909
16565 33130 35276
16565 33131 576891
16566 33132 364734
16566 33133 30655
16567 33134 938583
16567 33135 972060
16568 33136 1000000
16568 33137 148934
16569 33138 968232
16569 33139 941
16570 33140 955346
16570 33141 917873
16571 33142 903849
16571 33143 993036
16572 33144 139650
16572 33145 946633
16573 33146 994257
16573 33147 497335
16574 33148 902262
16574 33149 180152
16575 33150 905486
16575 33151 955856
16576 33152 263
16576 33153 292283
16577 33154 164869
16577 33155 883
16578 33156 502490
16578 33157 702690
16579 33158 1000000
16579 33159 596720
16580 33160 423
16580 33161 949928
16581 33162 462043
16581 33163 601631
16582 33164 759159
16582 33165 559
16583 33166 955528
16583 33167 900696
16584 33168 920194
16584 33169 420271
16585 33170 1000000
16585 33171 854
16586 33172 937630
16586 33173 718
16587 33174 1
16587 33175 912760
16588 33176 1000000
16588 33177 935266
16589 33178 930221
16589 33179 554509
16590 33180 668069
16590 33181 240381
16591 33182 931303
16591 33183 279587
16592 33184 655247
16592 33185 337232
16593 33186 969770
16593 33187 623
16594 33188 988452
16594 33189 1
16595 33190 930192
16595 33191 681
16596 33192 1
16596 33193 1000000
16597 33194 1
16597 33195 941160
16598 33196 306
16598 33197 1
16599 33198 928101
16599 33199 854
16600 33200 521124
16600 33201 87
16601 33202 738
16601 33203 192472
16602 33204 944197
16602 33205 847350
16603 33206 1000000
16603 33207 348561
16604 33208 943758
16604 33209 1
16605 33210 975254
16605 33211 966576
16606 33212 873536
16606 33213 573006
16607 33214 931715
16607 33215 1000000
16608 33216 447204
16608 33217 678690
16609 33218 999996
16609 33219 18
16610 33220 975326
16610 33221 537178
16611 33222 397679
16611 33223 915395
16612 33224 519141
16612 33225 413
16613 33226 878059
16613 33227 879
16614 33228 1
16614 33229 942549
16615 33230 921
16615 33231 969952
16616 33232 931759
16616 33233 444763
16617 33234 626044
16617 33235 538
16618 33236 1000000
16618 33237 939829
16619 33238 85
16619 33239 991939
16620 33240 170
16620 33241 699720
16621 33242 639
16621 33243 932
16622 33244 1000000
16622 33245 627
16623 33246 993779
16623 33247 327796
16624 33248 422340
16624 33249 1000000
16625 33250 979930
16625 33251 126004
16626 33252 1000000
16626 33253 1000000
16627 33254 574251
16627 33255 993150
16628 33256 919083
16628 33257 764140
16629 33258 907
16629 33259 975417
16630 33260 930761
16630 33261 985446
16631 33262 957742
16631 33263 341508
16632 33264 805177
16632 33265 1
16633 33266 902031
16633 33267 360409
16634 33268 981541
16634 33269 190287
16635 33270 996728
16635 33271 1000000
16636 33272 994920
16636 33273 918215
16637 33274 450
16637 33275 16
16638 33276 904740
16638 33277 677601
16639 33278 1000000
16639 33279 928560
16640 33280 479939
16640 33281 527770
16641 33282 472
16641 33283 1000000
16642 33284 953184
16642 33285 54
16643 33286 1000000
16643 33287 998
16644 33288 364748
16644 33289 500004
16645 33290 971846
16645 33291 949111
16646 33292 509091
16646 33293 965863
16647 33294 933083
16647 33295 777
16648 33296 1
16648 33297 360295
16649 33298 449
16649 33299 923863
16650 33300 990677
16650 33301 439
16651 33302 958713
16651 33303 879829
16652 33304 997798
16652 33305 816
16653 33306 969463
16653 33307 379549
16654 33308 1000000
16654 33309 1
16655 33310 911529
16655 33311 1
16656 33312 423
16656 33313 570
16657 33314 948447
16657 33315 249
16658 33316 956203
16658 33317 964749
16659 33318 1
16659 33319 893641
16660 33320 1
16660 33321 371166
16661 33322 532662
16661 33323 936764
16662 33324 212
16662 33325 734
16663 33326 550770
16663 33327 701845
16664 33328 946314
16664 33329 917252
16665 33330 1000000
16665 33331 107151
16666 33332 953545
16666 33333 1000000
16667 33334 2563
16667 33335 1
16668 33336 56814
16668 33337 957227
16669 33338 952161
16669 33339 1000000
16670 33340 436747
16670 33341 311
16671 33342 917340
16671 33343 221165
16672 33344 810541
16672 33345 867536
16673 33346 263109
16673 33347 865844
16674 33348 290
16674 33349 86
16675 33350 1000000
16675 33351 995936
16676 33352 384
16676 33353 341137
16677 33354 26468
16677 33355 973
16678 33356 747
16678 33357 923489
16679 33358 1000000
16679 33359 936670
16680 33360 917943
16680 33361 908442
16681 33362 1000000
16681 33363 999976
16682 33364 380408
16682 33365 699332
16683 33366 363708
16683 33367 970853
16684 33368 778308
16684 33369 1000000
16685 33370 1000000
16685 33371 835
16686 33372 705
16686 33373 77458
16687 33374 169698
16687 33375 919029
16688 33376 380247
16688 33377 889923
16689 33378 712454
16689 33379 974091
16690 33380 983146
16690 33381 704
16691 33382 1000000
16691 33383 220060
16692 33384 1
16692 33385 959988
16693 33386 82
16693 33387 1
16694 33388 900
16694 33389 715543
16695 33390 1000000
16695 33391 936338
16696 33392 792
16696 33393 972
16697 33394 940448
16697 33395 402206
16698 33396 753742
16698 33397 1000000
16699 33398 882
16699 33399 711896
16700 33400 928971
16700 33401 963952
16701 33402 39282
16701 33403 118
16702 33404 936
16702 33405 907142
16703 33406 936264
16703 33407 158
16704 33408 222926
16704 33409 994271
16705 33410 973236
16705 33411 968566
16706 33412 230
16706 33413 516425
16707 33414 77236
16707 33415 906741
16708 33416 512382
16708 33417 555
16709 33418 921366
16709 33419 855
16710 33420 1000000
16710 33421 259010
16711 33422 986752
16711 33423 614
16712 33424 110681
16712 33425 950501
16713 33426 908016
16713 33427 1
16714 33428 931006
16714 33429 595454
16715 33430 78158
16715 33431 929933
16716 33432 576952
16716 33433 969428
16717 33434 708
16717 33435 940573
16718 33436 750063
16718 33437 1000000
16719 33438 941642
16719 33439 1000000
16720 33440 569
16720 33441 754107
16721 33442 981215
16721 33443 17942
16722 33444 942500
16722 33445 925173
16723 33446 1000000
16723 33447 387
16724 33448 508
16724 33449 91887
16725 33450 1
16725 33451 291686
16726 33452 575
16726 33453 938970
16727 33454 917239
16727 33455 65
16728 33456 912631
16728 33457 927618
16729 33458 1
16729 33459 1000000
16730 33460 219247
16730 33461 693451
16731 33462 538877
16731 33463 972974
16732 33464 1000000
16732 33465 1
16733 33466 781905
16733 33467 209
16734 33468 1000000
16734 33469 937953
16735 33470 1000000
16735 33471 638947
16736 33472 706186
16736 33473 221
16737 33474 829519
16737 33475 926278
16738 33476 986921
16738 33477 604
16739 33478 457435
16739 33479 615
16740 33480 936213
16740 33481 906968
16741 33482 968190
16741 33483 330
16742 33484 968156
16742 33485 710945
16743 33486 411390
16743 33487 125715
16744 33488 477
16744 33489 69238
16745 33490 529874
16745 33491 922775
16746 33492 963420
16746 33493 958728
16747 33494 295362
16747 33495 850065
16748 33496 929322
16748 33497 666345
16749 33498 989
16749 33499 299831
16750 33500 948692
16750 33501 309201
16751 33502 39924
16751 33503 1
16752 33504 1000000
16752 33505 252339
16753 33506 340
16753 33507 901181
16754 33508 767457
16754 33509 941981
16755 33510 585226
16755 33511 727
16756 33512 973612
16756 33513 896
16757 33514 918550
16757 33515 1
16758 33516 73
16758 33517 998646
16759 33518 978246
16759 33519 930659
16760 33520 772591
16760 33521 51110
16761 33522 1000000
16761 33523 945872
16762 33524 276309
16762 33525 701738
16763 33526 1000000
16763 33527 914164
16764 33528 1000000
16764 33529 471837
16765 33530 440819
16765 33531 908
16766 33532 720263
16766 33533 1000000
16767 33534 1
16767 33535 817959
16768 33536 966258
16768 33537 992685
16769 33538 976861
16769 33539 1000000
16770 33540 831653
16770 33541 1000000
16771 33542 901633
16771 33543 27
16772 33544 788898
16772 33545 233453
16773 33546 473624
16773 33547 1000000
16774 33548 988
16774 33549 101083
16775 33550 928657
16775 33551 805897
16776 33552 115714
16776 33553 555393
16777 33554 865
16777 33555 573470
16778 33556 488889
16778 33557 962680
16779 33558 700616
16779 33559 996888
16780 33560 18096
16780 33561 84
16781 33562 1000000
16781 33563 939202
16782 33564 946250
16782 33565 24714
16783 33566 145
16783 33567 1000000
16784 33568 280351
16784 33569 340
16785 33570 955647
16785 33571 911063
16786 33572 303529
16786 33573 688671
16787 33574 809
16787 33575 739
16788 33576 917391
16788 33577 662
16789 33578 1
16789 33579 975198
16790 33580 661966
16790 33581 911212
16791 33582 806640
16791 33583 392
16792 33584 1000000
16792 33585 705
16793 33586 974219
16793 33587 319379
16794 33588 914
16794 33589 1000000
16795 33590 954579
16795 33591 187
16796 33592 510779
16796 33593 973266
16797 33594 758
16797 33595 713
16798 33596 26687
16798 33597 804
16799 33598 411
16799 33599 639508
16800 33600 944815
16800 33601 93
16801 33602 124558
16801 33603 616122
16802 33604 35357
16802 33605 485359
16803 33606 948421
16803 33607 705009
16804 33608 957986
16804 33609 1000000
16805 33610 219418
16805 33611 164725
16806 33612 54578
16806 33613 939888
16807 33614 953237
16807 33615 694
16808 33616 947898
16808 33617 760352
16809 33618 981266
16809 33619 930909
16810 33620 961445
16810 33621 972500
16811 33622 191
16811 33623 126
16812 33624 1000000
16812 33625 76755
16813 33626 675051
16813 33627 952665
16814 33628 669
16814 33629 156774
16815 33630 28687
16815 33631 919473
16816 33632 1000000
16816 33633 134390
16817 33634 883366
16817 33635 918597
16818 33636 912640
16818 33637 986881
16819 33638 1000000
16819 33639 969969
16820 33640 945491
16820 33641 174223
16821 33642 906235
16821 33643 318376
16822 33644 1000
16822 33645 1000000
16823 33646 980566
16823 33647 923483
16824 33648 981965
16824 33649 942993
16825 33650 973174
16825 33651 301
16826 33652 597883
16826 33653 933058
16827 33654 328614
16827 33655 153975
16828 33656 150690
16828 33657 652384
16829 33658 911186
16829 33659 1000000
16830 33660 757789
16830 33661 1000000
16831 33662 908385
16831 33663 924
16832 33664 8
16832 33665 911853
16833 33666 353721
16833 33667 726
16834 33668 1
16834 33669 980521
16835 33670 343083
16835 33671 1
16836 33672 902
16836 33673 8
16837 33674 910012
16837 33675 920663
16838 33676 989886
16838 33677 557356
16839 33678 67513
16839 33679 993117
16840 33680 1
16840 33681 316
16841 33682 167863
16841 33683 1000000
16842 33684 956946
16842 33685 425
16843 33686 207
16843 33687 951130
16844 33688 669696
16844 33689 759239
16845 33690 371726
16845 33691 1000000
16846 33692 650722
16846 33693 918985
16847 33694 936915
16847 33695 1000000
16848 33696 440064
16848 33697 733
16849 33698 805614
16849 33699 900
16850 33700 577291
16850 33701 1000000
16851 33702 920990
16851 33703 450311
16852 33704 926144
16852 33705 748
16853 33706 910371
16853 33707 930890
16854 33708 647
16854 33709 1
16855 33710 1000000
16855 33711 994172
16856 33712 541
16856 33713 904239
16857 33714 462141
16857 33715 914099
16858 33716 737485
16858 33717 406646
16859 33718 612
16859 33719 1
16860 33720 932864
16860 33721 856559
16861 33722 817141
16861 33723 855
16862 33724 236894
16862 33725 780
16863 33726 925976
16863 33727 513398
16864 33728 924662
16864 33729 155
16865 33730 770
16865 33731 964488
16866 33732 331665
16866 33733 913035
16867 33734 1000000
16867 33735 803460
16868 33736 37663
16868 33737 966270
16869 33738 1000000
16869 33739 908977
16870 33740 999532
16870 33741 293
16871 33742 1000000
16871 33743 984521
16872 33744 231
16872 33745 465
16873 33746 967872
16873 33747 994
16874 33748 902567
16874 33749 1
16875 33750 351
16875 33751 814115
16876 33752 941151
16876 33753 654
16877 33754 783035
16877 33755 956304
16878 33756 1000000
16878 33757 932731
16879 33758 26576
16879 33759 937642
16880 33760 43476
16880 33761 162683
16881 33762 428277
16881 33763 709360
16882 33764 912561
16882 33765 981184
16883 33766 491049
16883 33767 110
16884 33768 958198
16884 33769 933944
16885 33770 390717
16885 33771 638
16886 33772 72568
16886 33773 984898
16887 33774 986824
16887 33775 964425
16888 33776 974913
16888 33777 971241
16889 33778 356
16889 33779 988862
16890 33780 400488
16890 33781 693262
16891 33782 631
16891 33783 1000000
16892 33784 1000000
16892 33785 959870
16893 33786 989151
16893 33787 996410
16894 33788 295195
16894 33789 989565
16895 33790 792638
16895 33791 67661
16896 33792 138166
16896 33793 860320
16897 33794 961817
16897 33795 947901
16898 33796 928086
16898 33797 844802
16899 33798 157516
16899 33799 1000000
16900 33800 914
16900 33801 452923
16901 33802 203345
16901 33803 110
16902 33804 447961
16902 33805 960147
16903 33806 475
16903 33807 653305
16904 33808 994299
16904 33809 958632
16905 33810 1000000
16905 33811 911700
16906 33812 983016
16906 33813 923416
16907 33814 868466
16907 33815 960836
16908 33816 81976
16908 33817 986218
16909 33818 974586
16909 33819 980764
16910 33820 930639
16910 33821 1000000
16911 33822 131
16911 33823 941286
16912 33824 985307
16912 33825 987359
16913 33826 386502
16913 33827 1000000
16914 33828 513963
16914 33829 254614
16915 33830 545
16915 33831 977784
16916 33832 1000000
16916 33833 180
16917 33834 705858
16917 33835 898290
16918 33836 677409
16918 33837 485720
16919 33838 943
16919 33839 978
16920 33840 933403
16920 33841 935105
16921 33842 1000000
16921 33843 910499
16922 33844 906378
16922 33845 941
16923 33846 234
16923 33847 331
16924 33848 982515
16924 33849 968020
16925 33850 984
16925 33851 1000000
16926 33852 265
16926 33853 169
16927 33854 1
16927 33855 4
16928 33856 1000000
16928 33857 999284
16929 33858 555126
16929 33859 367
16930 33860 718321
16930 33861 691
16931 33862 909451
16931 33863 966565
16932 33864 931686
16932 33865 951381
16933 33866 617
16933 33867 510198
16934 33868 950051
16934 33869 979971
16935 33870 335485
16935 33871 705547
16936 33872 955584
16936 33873 568018
16937 33874 991070
16937 33875 290
16938 33876 948435
16938 33877 253436
16939 33878 946320
16939 33879 586
16940 33880 421
16940 33881 1
16941 33882 509531
16941 33883 298
16942 33884 323847
16942 33885 217
16943 33886 968251
16943 33887 68
16944 33888 1
16944 33889 908
16945 33890 1
16945 33891 232
16946 33892 976015
16946 33893 46
16947 33894 521850
16947 33895 346270
16948 33896 48124
16948 33897 603388
16949 33898 1
16949 33899 622083
16950 33900 250791
16950 33901 784062
16951 33902 983593
16951 33903 800
16952 33904 1000000
16952 33905 996856
16953 33906 981009
16953 33907 641812
16954 33908 945
16954 33909 939408
16955 33910 498
16955 33911 979044
16956 33912 1000000
16956 33913 986513
16957 33914 340
16957 33915 958261
16958 33916 989503
16958 33917 1
16959 33918 943013
16959 33919 1000000
16960 33920 194
16960 33921 366146
16961 33922 558140
16961 33923 20967
16962 33924 938671
16962 33925 580894
16963 33926 656609
16963 33927 720683
16964 33928 344
16964 33929 952643
16965 33930 1000000
16965 33931 376
16966 33932 976033
16966 33933 274
16967 33934 692186
16967 33935 1000000
16968 33936 978967
16968 33937 16
16969 33938 919364
16969 33939 5185
16970 33940 993282
16970 33941 972555
16971 33942 922725
16971 33943 604314
16972 33944 738
16972 33945 986041
16973 33946 997135
16973 33947 210
16974 33948 98111
16974 33949 956099
16975 33950 1
16975 33951 956013
16976 33952 468388
16976 33953 923736
16977 33954 975198
16977 33955 459665
16978 33956 338
16978 33957 824
16979 33958 962973
16979 33959 422026
16980 33960 1000000
16980 33961 925
16981 33962 933081
16981 33963 328438
16982 33964 992
16982 33965 973085
16983 33966 945340
16983 33967 642
16984 33968 540
16984 33969 951055
16985 33970 362429
16985 33971 884
16986 33972 473570
16986 33973 396427
16987 33974 567483
16987 33975 717534
16988 33976 956819
16988 33977 965135
16989 33978 349144
16989 33979 166
16990 33980 46363
16990 33981 916847
16991 33982 932314
16991 33983 603171
16992 33984 993344
16992 33985 949119
16993 33986 825988
16993 33987 1000000
16994 33988 955
16994 33989 977341
16995 33990 365304
16995 33991 5423
16996 33992 537
16996 33993 553
16997 33994 959727
16997 33995 1000000
16998 33996 312
16998 33997 319382
16999 33998 914891
16999 33999 973269
17000 34000 956270
17000 34001 534234
17001 34002 916333
17001 34003 136
17002 34004 789027
17002 34005 1000000
17003 34006 787
17003 34007 851822
17004 34008 831
17004 34009 147948
17005 34010 1000000
17005 34011 149535
17006 34012 138851
17006 34013 1000000
17007 34014 964426
17007 34015 989765
17008 34016 822975
17008 34017 600
17009 34018 982595
17009 34019 418300
17010 34020 420108
17010 34021 1000000
17011 34022 27360
17011 34023 1
17012 34024 105
17012 34025 1
17013 34026 1
17013 34027 900492
17014 34028 844546
17014 34029 372662
17015 34030 650611
17015 34031 441449
17016 34032 944024
17016 34033 1000000
17017 34034 910757
17017 34035 355895
17018 34036 204212
17018 34037 594527
17019 34038 339565
17019 34039 323
17020 34040 1000000
17020 34041 957351
17021 34042 638028
17021 34043 1000000
17022 34044 820987
17022 34045 397764
17023 34046 314
17023 34047 56493
17024 34048 927928
17024 34049 446770
17025 34050 981161
17025 34051 42912
17026 34052 220
17026 34053 907825
17027 34054 1000000
17027 34055 982735
17028 34056 775341
17028 34057 987522
17029 34058 43
17029 34059 287
17030 34060 907473
17030 34061 975856
17031 34062 345521
17031 34063 650679
17032 34064 987092
17032 34065 964
17033 34066 957725
17033 34067 124
17034 34068 806
17034 34069 930935
17035 34070 990109
17035 34071 248876
17036 34072 92
17036 34073 288
17037 34074 1000000
17037 34075 692572
17038 34076 1
17038 34077 1000000
17039 34078 980677
17039 34079 407049
17040 34080 1000000
17040 34081 1000000
17041 34082 1000000
17041 34083 1
17042 34084 20
17042 34085 971108
17043 34086 457
17043 34087 906486
17044 34088 1000000
17044 34089 922610
17045 34090 905266
17045 34091 448
17046 34092 261883
17046 34093 645
17047 34094 74120
17047 34095 729785
17048 34096 760296
17048 34097 1000000
17049 34098 963366
17049 34099 1000000
17050 34100 956709
17050 34101 921743
17051 34102 1000000
17051 34103 113
17052 34104 1
17052 34105 846136
17053 34106 974416
17053 34107 537717
17054 34108 972590
17054 34109 911161
17055 34110 1000000
17055 34111 491344
17056 34112 1000000
17056 34113 986614
17057 34114 654
17057 34115 976327
17058 34116 1
17058 34117 989531
17059 34118 1000000
17059 34119 1000000
17060 34120 925431
17060 34121 987642
17061 34122 934338
17061 34123 990525
17062 34124 717068
17062 34125 397566
17063 34126 938958
17063 34127 64583
17064 34128 1000000
17064 34129 987681
17065 34130 902834
17065 34131 172301
17066 34132 1000000
17066 34133 304470
17067 34134 907932
17067 34135 127
17068 34136 946452
17068 34137 860830
17069 34138 798
17069 34139 719176
17070 34140 170898
17070 34141 169208
17071 34142 687860
17071 34143 684
17072 34144 686779
17072 34145 991679
17073 34146 1000000
17073 34147 842818
17074 34148 958935
17074 34149 317444
17075 34150 926
17075 34151 988395
17076 34152 1000000
17076 34153 971553
17077 34154 174
17077 34155 952607
17078 34156 121
17078 34157 919676
17079 34158 1000000
17079 34159 57
17080 34160 895875
17080 34161 931561
17081 34162 41
17081 34163 236
17082 34164 364
17082 34165 295
17083 34166 1000000
17083 34167 924973
17084 34168 927028
17084 34169 91
17085 34170 973
17085 34171 968566
17086 34172 948243
17086 34173 939052
17087 34174 253171
17087 34175 96705
17088 34176 392811
17088 34177 803
17089 34178 330747
17089 34179 69179
17090 34180 768592
17090 34181 982826
17091 34182 1
17091 34183 1000000
17092 34184 1000000
17092 34185 1
17093 34186 992610
17093 34187 775
17094 34188 974798
17094 34189 942182
17095 34190 1
17095 34191 283330
17096 34192 912015
17096 34193 965580
17097 34194 261839
17097 34195 1
17098 34196 344463
17098 34197 926190
17099 34198 1
17099 34199 929021
17100 34200 329432
17100 34201 195708
17101 34202 913688
17101 34203 973760
17102 34204 948104
17102 34205 994516
17103 34206 464
17103 34207 978561
17104 34208 550
17104 34209 965498
17105 34210 994106
17105 34211 40
17106 34212 131191
17106 34213 931907
17107 34214 947775
17107 34215 773576
17108 34216 1
17108 34217 1
17109 34218 985970
17109 34219 986844
17110 34220 923423
17110 34221 122
17111 34222 389
17111 34223 984864
17112 34224 1
17112 34225 957507
17113 34226 901900
17113 34227 921024
17114 34228 478
17114 34229 723822
17115 34230 996
17115 34231 997014
17116 34232 367533
17116 34233 275286
17117 34234 980560
17117 34235 548992
17118 34236 915039
17118 34237 1000000
17119 34238 232631
17119 34239 463117
17120 34240 1
17120 34241 66024
17121 34242 935419
17121 34243 1000000
17122 34244 984201
17122 34245 923033
17123 34246 268
17123 34247 1
17124 34248 530583
17124 34249 18261
17125 34250 265257
17125 34251 992046
17126 34252 977633
17126 34253 430029
17127 34254 315
17127 34255 1
17128 34256 224805
17128 34257 693
17129 34258 787801
17129 34259 400
17130 34260 809
17130 34261 975686
17131 34262 952799
17131 34263 950526
17132 34264 980120
17132 34265 633676
17133 34266 248606
17133 34267 980295
17134 34268 993036
17134 34269 394662
17135 34270 996505
17135 34271 867364
17136 34272 1000000
17136 34273 959988
17137 34274 168
17137 34275 1000000
17138 34276 35790
17138 34277 310
17139 34278 450888
17139 34279 836406
17140 34280 140833
17140 34281 427252
17141 34282 1000000
17141 34283 1000000
17142 34284 923919
17142 34285 1000000
17143 34286 923119
17143 34287 545992
17144 34288 984425
17144 34289 1
17145 34290 838613
17145 34291 321362
17146 34292 72
17146 34293 1000000
17147 34294 938771
17147 34295 1
17148 34296 970371
17148 34297 335782
17149 34298 931056
17149 34299 951975
17150 34300 926594
17150 34301 93471
17151 34302 454607
17151 34303 177719
17152 34304 1
17152 34305 1000000
17153 34306 694284
17153 34307 1000000
17154 34308 960888
17154 34309 239
17155 34310 323361
17155 34311 1000000
17156 34312 284629
17156 34313 642754
17157 34314 455989
17157 34315 986161
17158 34316 1000000
17158 34317 1
17159 34318 903618
17159 34319 967905
17160 34320 601113
17160 34321 1
17161 34322 1
17161 34323 426798
17162 34324 471
17162 34325 973947
17163 34326 960325
17163 34327 468
17164 34328 951691
17164 34329 950732
17165 34330 988098
17165 34331 1
17166 34332 963331
17166 34333 937368
17167 34334 828383
17167 34335 946137
17168 34336 937613
17168 34337 17265
17169 34338 948461
17169 34339 355916
17170 34340 911027
17170 34341 605773
17171 34342 123198
17171 34343 882
17172 34344 1
17172 34345 1000000
17173 34346 336
17173 34347 773
17174 34348 979
17174 34349 1000000
17175 34350 950
17175 34351 212
17176 34352 1
17176 34353 1000000
17177 34354 1000000
17177 34355 1000000
17178 34356 456871
17178 34357 291737
17179 34358 689870
17179 34359 944
17180 34360 978885
17180 34361 929439
17181 34362 144
17181 34363 906050
17182 34364 928948
17182 34365 1000000
17183 34366 947
17183 34367 961172
17184 34368 989204
17184 34369 988147
17185 34370 807343
17185 34371 107388
17186 34372 923830
17186 34373 951470
17187 34374 217845
17187 34375 777176
17188 34376 1000000
17188 34377 195056
17189 34378 1000000
17189 34379 801
17190 34380 631351
17190 34381 260468
17191 34382 1000000
17191 34383 1000000
17192 34384 571526
17192 34385 679635
17193 34386 211979
17193 34387 972167
17194 34388 995848
17194 34389 1000000
17195 34390 289
17195 34391 976951
17196 34392 447
17196 34393 813545
17197 34394 991973
17197 34395 285272
17198 34396 635750
17198 34397 442725
17199 34398 949932
17199 34399 978041
17200 34400 265
17200 34401 976922
17201 34402 854597
17201 34403 28529
17202 34404 1000000
17202 34405 631
17203 34406 951819
17203 34407 908506
17204 34408 114
17204 34409 684
17205 34410 309
17205 34411 327
17206 34412 155
17206 34413 407051
17207 34414 907163
17207 34415 348
17208 34416 385
17208 34417 1000000
17209 34418 919029
17209 34419 819341
17210 34420 292
17210 34421 984227
17211 34422 321232
17211 34423 962089
17212 34424 1
17212 34425 439426
17213 34426 465183
17213 34427 311780
17214 34428 178
17214 34429 990930
17215 34430 928702
17215 34431 965503
17216 34432 990220
17216 34433 983781
17217 34434 314
17217 34435 532
17218 34436 945625
17218 34437 221
17219 34438 409209
17219 34439 977994
17220 34440 95465
17220 34441 768
17221 34442 178731
17221 34443 1
17222 34444 303
17222 34445 1
17223 34446 779517
17223 34447 994
17224 34448 255907
17224 34449 564
17225 34450 872839
17225 34451 940925
17226 34452 955517
17226 34453 353
17227 34454 1000000
17227 34455 1
17228 34456 619153
17228 34457 664185
17229 34458 964565
17229 34459 936724
17230 34460 143231
17230 34461 909349
17231 34462 57
17231 34463 1
17232 34464 981334
17232 34465 1
17233 34466 976662
17233 34467 558898
17234 34468 914322
17234 34469 1000000
17235 34470 296
17235 34471 599119
17236 34472 929480
17236 34473 802954
17237 34474 79015
17237 34475 315448
17238 34476 685457
17238 34477 955163
17239 34478 974708
17239 34479 961736
17240 34480 432853
17240 34481 202342
17241 34482 290
17241 34483 908695
17242 34484 996414
17242 34485 566559
17243 34486 848036
17243 34487 363836
17244 34488 214058
17244 34489 259726
17245 34490 963
17245 34491 914307
17246 34492 601994
17246 34493 961354
17247 34494 269
17247 34495 1000000
17248 34496 74
17248 34497 337
17249 34498 327
17249 34499 763
17250 34500 978442
17250 34501 745
17251 34502 958
17251 34503 961048
17252 34504 1000000
17252 34505 1
17253 34506 964865
17253 34507 367
17254 34508 907616
17254 34509 985626
17255 34510 987493
17255 34511 206733
17256 34512 163747
17256 34513 1000000
17257 34514 52
17257 34515 966432
17258 34516 327914
17258 34517 300055
17259 34518 52581
17259 34519 909454
17260 34520 980723
17260 34521 927048
17261 34522 288
17261 34523 423934
17262 34524 291061
17262 34525 1000000
17263 34526 974406
17263 34527 572349
17264 34528 1000000
17264 34529 889245
17265 34530 527747
17265 34531 945
17266 34532 670
17266 34533 617817
17267 34534 701117
17267 34535 34019
17268 34536 329
17268 34537 1000000
17269 34538 923021
17269 34539 944247
17270 34540 191417
17270 34541 968962
17271 34542 762377
17271 34543 288
17272 34544 920333
17272 34545 209
17273 34546 214107
17273 34547 995873
17274 34548 281
17274 34549 831
17275 34550 1000000
17275 34551 977656
17276 34552 666899
17276 34553 564217
17277 34554 591990
17277 34555 661
17278 34556 24
17278 34557 860549
17279 34558 575645
17279 34559 734
17280 34560 360
17280 34561 876294
17281 34562 491619
17281 34563 1000000
17282 34564 917570
17282 34565 1000000
17283 34566 899866
17283 34567 850829
17284 34568 110401
17284 34569 1000000
17285 34570 819
17285 34571 69887
17286 34572 1
17286 34573 132
17287 34574 292768
17287 34575 677422
17288 34576 979
17288 34577 647
17289 34578 581147
17289 34579 546
17290 34580 980661
17290 34581 982025
17291 34582 366158
17291 34583 1
17292 34584 1000000
17292 34585 850580
17293 34586 932027
17293 34587 995089
17294 34588 6
17294 34589 624988
17295 34590 1000000
17295 34591 963938
17296 34592 953064
17296 34593 1000000
17297 34594 760763
17297 34595 324
17298 34596 976530
17298 34597 118
17299 34598 940443
17299 34599 686083
17300 34600 630597
17300 34601 45
17301 34602 993917
17301 34603 604785
17302 34604 919730
17302 34605 575472
17303 34606 924115
17303 34607 1
17304 34608 513545
17304 34609 750395
17305 34610 977954
17305 34611 622396
17306 34612 1000000
17306 34613 614755
17307 34614 74
17307 34615 663
17308 34616 754865
17308 34617 765029
17309 34618 691701
17309 34619 239522
17310 34620 692056
17310 34621 686600
17311 34622 1000000
17311 34623 1
17312 34624 455
17312 34625 1
17313 34626 934068
17313 34627 1000000
17314 34628 942260
17314 34629 198
17315 34630 1000000
17315 34631 281
17316 34632 621653
17316 34633 970316
17317 34634 778936
17317 34635 249
17318 34636 404656
17318 34637 115766
17319 34638 984166
17319 34639 696193
17320 34640 102
17320 34641 674485
17321 34642 221452
17321 34643 943566
17322 34644 506
17322 34645 640
17323 34646 191855
17323 34647 677
17324 34648 1000000
17324 34649 1000000
17325 34650 1000000
17325 34651 991841
17326 34652 1
17326 34653 259652
17327 34654 871293
17327 34655 7
17328 34656 414746
17328 34657 926397
17329 34658 990289
17329 34659 920124
17330 34660 983
17330 34661 802325
17331 34662 982577
17331 34663 952276
17332 34664 965113
17332 34665 947807
17333 34666 644
17333 34667 910
17334 34668 138518
17334 34669 1
17335 34670 941985
17335 34671 1000000
17336 34672 918407
17336 34673 945571
17337 34674 782355
17337 34675 539732
17338 34676 628
17338 34677 552665
17339 34678 905969
17339 34679 339127
17340 34680 267948
17340 34681 681
17341 34682 338094
17341 34683 333
17342 34684 977166
17342 34685 1000000
17343 34686 1
17343 34687 432716
17344 34688 946794
17344 34689 1
17345 34690 900392
17345 34691 525
17346 34692 936219
17346 34693 962765
17347 34694 25811
17347 34695 782705
17348 34696 908438
17348 34697 990464
17349 34698 348
17349 34699 210292
17350 34700 93393
17350 34701 1000000
17351 34702 256264
17351 34703 703834
17352 34704 944922
17352 34705 106
17353 34706 484950
17353 34707 171043
17354 34708 1000000
17354 34709 755500
17355 34710 945426
17355 34711 980874
17356 34712 959529
17356 34713 990856
17357 34714 927306
17357 34715 1000000
17358 34716 809849
17358 34717 619
17359 34718 71
17359 34719 560
17360 34720 483454
17360 34721 777269
17361 34722 61079
17361 34723 233
17362 34724 937123
17362 34725 163
17363 34726 1000000
17363 34727 559250
17364 34728 1000000
17364 34729 996569
17365 34730 967564
17365 34731 256212
17366 34732 967269
17366 34733 85111
17367 34734 153
17367 34735 1000000
17368 34736 337288
17368 34737 176126
17369 34738 974072
17369 34739 934992
17370 34740 1
17370 34741 503
17371 34742 860
17371 34743 970093
17372 34744 638834
17372 34745 930713
17373 34746 990798
17373 34747 802411
17374 34748 744345
17374 34749 129
17375 34750 1
17375 34751 451601
17376 34752 484369
17376 34753 956280
17377 34754 954775
17377 34755 819993
17378 34756 915901
17378 34757 979958
17379 34758 220934
17379 34759 1
17380 34760 521330
17380 34761 234671
17381 34762 993836
17381 34763 140
17382 34764 269744
17382 34765 852
17383 34766 997384
17383 34767 449
17384 34768 955562
17384 34769 1
17385 34770 902377
17385 34771 269445
17386 34772 229
17386 34773 919500
17387 34774 1
17387 34775 900392
17388 34776 110505
17388 34777 908233
17389 34778 119183
17389 34779 501369
17390 34780 1000000
17390 34781 619979
17391 34782 574
17391 34783 431420
17392 34784 1000000
17392 34785 247498
17393 34786 1
17393 34787 946535
17394 34788 954101
17394 34789 972053
17395 34790 1
17395 34791 1000000
17396 34792 976666
17396 34793 1
17397 34794 655190
17397 34795 989068
17398 34796 515
17398 34797 900132
17399 34798 710
17399 34799 226703
17400 34800 991190
17400 34801 253326
17401 34802 697139
17401 34803 116
17402 34804 277
17402 34805 1000000
17403 34806 951478
17403 34807 1
17404 34808 1000000
17404 34809 961910
17405 34810 951373
17405 34811 930318
17406 34812 911546
17406 34813 359830
17407 34814 905159
17407 34815 553889
17408 34816 950149
17408 34817 762479
17409 34818 1000000
17409 34819 933131
17410 34820 980340
17410 34821 919540
17411 34822 276836
17411 34823 915636
17412 34824 993055
17412 34825 970
17413 34826 988078
17413 34827 956302
17414 34828 431
17414 34829 979720
17415 34830 721598
17415 34831 996261
17416 34832 996293
17416 34833 649195
17417 34834 949538
17417 34835 310
17418 34836 242
17418 34837 1000000
17419 34838 314
17419 34839 712889
17420 34840 693
17420 34841 3786
17421 34842 947986
17421 34843 393342
17422 34844 150036
17422 34845 909047
17423 34846 1000000
17423 34847 1000000
17424 34848 942670
17424 34849 1000000
17425 34850 748397
17425 34851 638102
17426 34852 1000000
17426 34853 303583
17427 34854 424538
17427 34855 168439
17428 34856 877242
17428 34857 984545
17429 34858 1
17429 34859 932270
17430 34860 151
17430 34861 1000000
17431 34862 236
17431 34863 47202
17432 34864 973366
17432 34865 941196
17433 34866 42629
17433 34867 982483
17434 34868 570
17434 34869 433
17435 34870 996708
17435 34871 993891
17436 34872 612
17436 34873 925507
17437 34874 874
17437 34875 737
17438 34876 978081
17438 34877 334
17439 34878 87243
17439 34879 397
17440 34880 983673
17440 34881 544108
17441 34882 1000000
17441 34883 777155
17442 34884 612
17442 34885 694700
17443 34886 1000000
17443 34887 952157
17444 34888 1000000
17444 34889 922
17445 34890 647
17445 34891 231359
17446 34892 909324
17446 34893 916436
17447 34894 123606
17447 34895 794852
17448 34896 968829
17448 34897 273547
17449 34898 505833
17449 34899 987906
17450 34900 1000000
17450 34901 331107
17451 34902 924
17451 34903 812
17452 34904 1000000
17452 34905 591080
17453 34906 1
17453 34907 555
17454 34908 927358
17454 34909 998676
17455 34910 976550
17455 34911 977871
17456 34912 954670
17456 34913 609393
17457 34914 975904
17457 34915 264
17458 34916 730263
17458 34917 195
17459 34918 450783
17459 34919 927324
17460 34920 932688
17460 34921 835872
17461 34922 1000000
17461 34923 387
17462 34924 786324
17462 34925 1000000
17463 34926 12401
17463 34927 988983
17464 34928 999905
17464 34929 166
17465 34930 987158
17465 34931 562
17466 34932 1000000
17466 34933 984868
17467 34934 998669
17467 34935 951082
17468 34936 958610
17468 34937 1
17469 34938 189275
17469 34939 900563
17470 34940 987118
17470 34941 936234
17471 34942 915038
17471 34943 1
17472 34944 998818
17472 34945 330
17473 34946 674333
17473 34947 1000000
17474 34948 992075
17474 34949 1
17475 34950 383641
17475 34951 691268
17476 34952 666
17476 34953 912758
17477 34954 1
17477 34955 1000000
17478 34956 970727
17478 34957 454124
17479 34958 381
17479 34959 921031
17480 34960 960400
17480 34961 996447
17481 34962 192
17481 34963 962243
17482 34964 257
17482 34965 934237
17483 34966 876942
17483 34967 926928
17484 34968 1000000
17484 34969 933160
17485 34970 687162
17485 34971 536247
17486 34972 79
17486 34973 1
17487 34974 993090
17487 34975 951083
17488 34976 885
17488 34977 941
17489 34978 377
17489 34979 976797
17490 34980 279
17490 34981 1000000
17491 34982 500284
17491 34983 589411
17492 34984 822416
17492 34985 986630
17493 34986 740150
17493 34987 23090
17494 34988 244
17494 34989 966748
17495 34990 977
17495 34991 1000000
17496 34992 741
17496 34993 928655
17497 34994 50
17497 34995 1000000
17498 34996 1000000
17498 34997 768338
17499 34998 995435
17499 34999 149085
17500 35000 911036
17500 35001 675572
17501 35002 1000000
17501 35003 946167
17502 35004 978604
17502 35005 983507
17503 35006 1000000
17503 35007 503419
17504 35008 510
17504 35009 962465
17505 35010 642
17505 35011 987334
17506 35012 375899
17506 35013 401093
17507 35014 26028
17507 35015 973738
17508 35016 459313
17508 35017 953911
17509 35018 205930
17509 35019 931936
17510 35020 903450
17510 35021 905
17511 35022 903920
17511 35023 973279
17512 35024 962982
17512 35025 485966
17513 35026 942880
17513 35027 1000000
17514 35028 987248
17514 35029 723999
17515 35030 973583
17515 35031 625106
17516 35032 972705
17516 35033 2
17517 35034 314415
17517 35035 379577
17518 35036 369869
17518 35037 521576
17519 35038 903788
17519 35039 1000000
17520 35040 988009
17520 35041 924594
17521 35042 408
17521 35043 774041
17522 35044 942348
17522 35045 273
17523 35046 958
17523 35047 332315
17524 35048 1000000
17524 35049 579541
17525 35050 1
17525 35051 841108
17526 35052 487192
17526 35053 419668
17527 35054 928349
17527 35055 887846
17528 35056 929929
17528 35057 395434
17529 35058 926173
17529 35059 961753
17530 35060 562
17530 35061 1000000
17531 35062 270
17531 35063 498813
17532 35064 91
17532 35065 4133
17533 35066 931627
17533 35067 924364
17534 35068 1
17534 35069 947344
17535 35070 1000000
17535 35071 552
17536 35072 978173
17536 35073 376
17537 35074 997138
17537 35075 971898
17538 35076 1
17538 35077 648
17539 35078 799
17539 35079 1000000
17540 35080 673869
17540 35081 1
17541 35082 969463
17541 35083 896541
17542 35084 954
17542 35085 1000000
17543 35086 999490
17543 35087 953627
17544 35088 950649
17544 35089 1000000
17545 35090 1000000
17545 35091 996424
17546 35092 1
17546 35093 419
17547 35094 1000000
17547 35095 986431
17548 35096 405481
17548 35097 940473
17549 35098 197754
17549 35099 1000000
17550 35100 1
17550 35101 704844
17551 35102 928432
17551 35103 909016
17552 35104 1000000
17552 35105 1000000
17553 35106 1000000
17553 35107 918354
17554 35108 1000000
17554 35109 97031
17555 35110 964271
17555 35111 590289
17556 35112 363179
17556 35113 332932
17557 35114 954625
17557 35115 933092
17558 35116 1000000
17558 35117 943022
17559 35118 572
17559 35119 301822
17560 35120 1000000
17560 35121 967928
17561 35122 987632
17561 35123 978109
17562 35124 1
17562 35125 933462
17563 35126 927459
17563 35127 949131
17564 35128 944986
17564 35129 923023
17565 35130 891528
17565 35131 120929
17566 35132 969455
17566 35133 1
17567 35134 720808
17567 35135 895039
17568 35136 1000000
17568 35137 931912
17569 35138 696610
17569 35139 467
17570 35140 969938
17570 35141 1000000
17571 35142 622
17571 35143 90515
17572 35144 398
17572 35145 1000000
17573 35146 799715
17573 35147 979189
17574 35148 102265
17574 35149 964090
17575 35150 643
17575 35151 1
17576 35152 971553
17576 35153 952447
17577 35154 938294
17577 35155 1
17578 35156 1000000
17578 35157 25
17579 35158 413461
17579 35159 948973
17580 35160 989745
17580 35161 946354
17581 35162 958816
17581 35163 46696
17582 35164 895
17582 35165 982318
17583 35166 533670
17583 35167 786575
17584 35168 305413
17584 35169 937532
17585 35170 924472
17585 35171 389
17586 35172 968916
17586 35173 997375
17587 35174 942276
17587 35175 472502
17588 35176 436198
17588 35177 349286
17589 35178 1000000
17589 35179 89
17590 35180 793
17590 35181 111201
17591 35182 975
17591 35183 905
17592 35184 236473
17592 35185 913120
17593 35186 975458
17593 35187 947419
17594 35188 924618
17594 35189 1
17595 35190 917114
17595 35191 304
17596 35192 953717
17596 35193 153612
17597 35194 372
17597 35195 444658
17598 35196 520
17598 35197 951635
17599 35198 566
17599 35199 928155
17600 35200 1000000
17600 35201 923500
17601 35202 905902
17601 35203 338157
17602 35204 444
17602 35205 885585
17603 35206 723510
17603 35207 979661
17604 35208 728774
17604 35209 3586
17605 35210 928158
17605 35211 246
17606 35212 1
17606 35213 515264
17607 35214 173
17607 35215 986579
17608 35216 992352
17608 35217 963817
17609 35218 325
17609 35219 1000000
17610 35220 389
17610 35221 598089
17611 35222 733
17611 35223 875991
17612 35224 989375
17612 35225 948541
17613 35226 916050
17613 35227 960198
17614 35228 189854
17614 35229 903639
17615 35230 1000000
17615 35231 288010
17616 35232 362884
17616 35233 692073
17617 35234 1000000
17617 35235 970493
17618 35236 663523
17618 35237 1000000
17619 35238 802542
17619 35239 82623
17620 35240 599685
17620 35241 955052
17621 35242 170327
17621 35243 984
17622 35244 895
17622 35245 929079
17623 35246 75147
17623 35247 941026
17624 35248 306353
17624 35249 424059
17625 35250 249876
17625 35251 992692
17626 35252 242570
17626 35253 910296
17627 35254 969456
17627 35255 1
17628 35256 834530
17628 35257 627
17629 35258 665
17629 35259 1000000
17630 35260 956927
17630 35261 1000000
17631 35262 1
17631 35263 669
17632 35264 1000000
17632 35265 168339
17633 35266 370878
17633 35267 274913
17634 35268 580818
17634 35269 261
17635 35270 1000000
17635 35271 980720
17636 35272 966634
17636 35273 109163
17637 35274 872751
17637 35275 278423
17638 35276 115
17638 35277 263261
17639 35278 954350
17639 35279 652890
17640 35280 866211
17640 35281 1000000
17641 35282 276780
17641 35283 482
17642 35284 1000000
17642 35285 799
17643 35286 1000000
17643 35287 901096
17644 35288 962219
17644 35289 1000000
17645 35290 924886
17645 35291 913786
17646 35292 481556
17646 35293 670007
17647 35294 772
17647 35295 283813
17648 35296 187899
17648 35297 1000000
17649 35298 549
17649 35299 718004
17650 35300 1
17650 35301 1000000
17651 35302 445
17651 35303 329
17652 35304 916219
17652 35305 423
17653 35306 1
17653 35307 192568
17654 35308 552643
17654 35309 259
17655 35310 1
17655 35311 981925
17656 35312 455159
17656 35313 1
17657 35314 239
17657 35315 51358
17658 35316 1000000
17658 35317 967771
17659 35318 999989
17659 35319 74
17660 35320 1000000
17660 35321 1000000
17661 35322 133639
17661 35323 927773
17662 35324 955628
17662 35325 928984
17663 35326 440
17663 35327 823009
17664 35328 887
17664 35329 975874
17665 35330 967550
17665 35331 728078
17666 35332 194
17666 35333 1000000
17667 35334 109
17667 35335 1000000
17668 35336 155
17668 35337 1
17669 35338 70673
17669 35339 355
17670 35340 931780
17670 35341 971167
17671 35342 624
17671 35343 1
17672 35344 133
17672 35345 610
17673 35346 965596
17673 35347 411022
17674 35348 481111
17674 35349 1000000
17675 35350 947723
17675 35351 86976
17676 35352 902609
17676 35353 896174
17677 35354 945310
17677 35355 965964
17678 35356 884914
17678 35357 587863
17679 35358 669884
17679 35359 1000000
17680 35360 913
17680 35361 225341
17681 35362 929544
17681 35363 397841
17682 35364 1000000
17682 35365 900842
17683 35366 582885
17683 35367 972617
17684 35368 1000000
17684 35369 902927
17685 35370 78659
17685 35371 908833
17686 35372 852224
17686 35373 451021
17687 35374 850174
17687 35375 575
17688 35376 1000000
17688 35377 1000000
17689 35378 907279
17689 35379 943478
17690 35380 493700
17690 35381 698676
17691 35382 925330
17691 35383 1
17692 35384 1000000
17692 35385 1
17693 35386 93
17693 35387 180651
17694 35388 970038
17694 35389 1000000
17695 35390 927060
17695 35391 1000000
17696 35392 938633
17696 35393 973
17697 35394 1
17697 35395 999548
17698 35396 652478
17698 35397 811822
17699 35398 991695
17699 35399 580
17700 35400 224241
17700 35401 86504
17701 35402 996091
17701 35403 292743
17702 35404 202197
17702 35405 900097
17703 35406 1000000
17703 35407 951134
17704 35408 374265
17704 35409 236123
17705 35410 911055
17705 35411 1000000
17706 35412 503
17706 35413 276107
17707 35414 1000000
17707 35415 193490
17708 35416 296
17708 35417 1
17709 35418 262683
17709 35419 834
17710 35420 955992
17710 35421 1000000
17711 35422 959878
17711 35423 217
17712 35424 930786
17712 35425 981895
17713 35426 907176
17713 35427 538755
17714 35428 966509
17714 35429 982509
17715 35430 768
17715 35431 978606
17716 35432 154334
17716 35433 477680
17717 35434 974491
17717 35435 168
17718 35436 969177
17718 35437 919157
17719 35438 943076
17719 35439 586
17720 35440 968016
17720 35441 1000000
17721 35442 540521
17721 35443 983
17722 35444 969013
17722 35445 892255
17723 35446 977111
17723 35447 1000000
17724 35448 964
17724 35449 729098
17725 35450 1000000
17725 35451 33605
17726 35452 1000000
17726 35453 266103
17727 35454 569554
17727 35455 923754
17728 35456 938928
17728 35457 977480
17729 35458 390750
17729 35459 104
17730 35460 601026
17730 35461 679512
17731 35462 639167
17731 35463 249753
17732 35464 228330
17732 35465 159
17733 35466 1000000
17733 35467 932775
17734 35468 771088
17734 35469 987698
17735 35470 976399
17735 35471 961862
17736 35472 249766
17736 35473 995510
17737 35474 810956
17737 35475 457406
17738 35476 91333
17738 35477 951942
17739 35478 198
17739 35479 833092
17740 35480 426715
17740 35481 1000000
17741 35482 538569
17741 35483 73432
17742 35484 980641
17742 35485 912
17743 35486 60805
17743 35487 443
17744 35488 982724
17744 35489 904163
17745 35490 937
17745 35491 122
17746 35492 962848
17746 35493 616493
17747 35494 464
17747 35495 950881
17748 35496 346044
17748 35497 231
17749 35498 586851
17749 35499 686
17750 35500 957407
17750 35501 203
17751 35502 26
17751 35503 948482
17752 35504 1
17752 35505 933412
17753 35506 775715
17753 35507 8
17754 35508 411
17754 35509 543586
17755 35510 970054
17755 35511 354219
17756 35512 945327
17756 35513 914
17757 35514 967586
17757 35515 395450
17758 35516 304642
17758 35517 742246
17759 35518 807975
17759 35519 672
17760 35520 361419
17760 35521 958778
17761 35522 889161
17761 35523 570903
17762 35524 1000000
17762 35525 1000000
17763 35526 983233
17763 35527 1
17764 35528 306
17764 35529 964230
17765 35530 909057
17765 35531 962298
17766 35532 965796
17766 35533 991959
17767 35534 887
17767 35535 115299
17768 35536 876879
17768 35537 178273
17769 35538 114315
17769 35539 96
17770 35540 1000000
17770 35541 970233
17771 35542 397
17771 35543 529274
17772 35544 282768
17772 35545 1
17773 35546 456
17773 35547 740005
17774 35548 22457
17774 35549 652157
17775 35550 918828
17775 35551 611724
17776 35552 973666
17776 35553 805747
17777 35554 920
17777 35555 924489
17778 35556 635
17778 35557 961919
17779 35558 637557
17779 35559 971691
17780 35560 917269
17780 35561 23423
17781 35562 1000000
17781 35563 495381
17782 35564 1000000
17782 35565 910703
17783 35566 480
17783 35567 108518
17784 35568 688008
17784 35569 935489
17785 35570 123
17785 35571 109406
17786 35572 980679
17786 35573 924057
17787 35574 967435
17787 35575 833111
17788 35576 435302
17788 35577 999439
17789 35578 946092
17789 35579 355897
17790 35580 1
17790 35581 954
17791 35582 1000000
17791 35583 128276
17792 35584 923165
17792 35585 1
17793 35586 914886
17793 35587 972760
17794 35588 963911
17794 35589 1
17795 35590 972
17795 35591 756476
17796 35592 844259
17796 35593 968359
17797 35594 995082
17797 35595 973561
17798 35596 326
17798 35597 721229
17799 35598 373512
17799 35599 954289
17800 35600 394275
17800 35601 966222
17801 35602 252091
17801 35603 133206
17802 35604 499426
17802 35605 974483
17803 35606 566537
17803 35607 972317
17804 35608 908164
17804 35609 358000
17805 35610 26
17805 35611 312909
17806 35612 298275
17806 35613 1
17807 35614 1000000
17807 35615 981976
17808 35616 270874
17808 35617 93365
17809 35618 985523
17809 35619 955958
17810 35620 902413
17810 35621 914310
17811 35622 306
17811 35623 951130
17812 35624 975523
17812 35625 1000000
17813 35626 629
17813 35627 932251
17814 35628 992145
17814 35629 949619
17815 35630 641600
17815 35631 905
17816 35632 1
17816 35633 467
17817 35634 950671
17817 35635 204
17818 35636 551
17818 35637 759530
17819 35638 669
17819 35639 1000000
17820 35640 484
17820 35641 361018
17821 35642 7
17821 35643 507479
17822 35644 1
17822 35645 933771
17823 35646 909923
17823 35647 161872
17824 35648 428721
17824 35649 148493
17825 35650 709
17825 35651 845518
17826 35652 928327
17826 35653 984347
17827 35654 199570
17827 35655 1
17828 35656 970999
17828 35657 847287
17829 35658 567706
17829 35659 375377
17830 35660 639347
17830 35661 1000000
17831 35662 291772
17831 35663 1
17832 35664 905133
17832 35665 221924
17833 35666 917249
17833 35667 418
17834 35668 694
17834 35669 232148
17835 35670 55984
17835 35671 635897
17836 35672 305
17836 35673 1000000
17837 35674 254709
17837 35675 978505
17838 35676 573896
17838 35677 554273
17839 35678 991360
17839 35679 444
17840 35680 605453
17840 35681 1000000
17841 35682 1
17841 35683 394
17842 35684 36717
17842 35685 755446
17843 35686 910585
17843 35687 1000000
17844 35688 495
17844 35689 590
17845 35690 1
17845 35691 410819
17846 35692 229
17846 35693 823
17847 35694 921961
17847 35695 973649
17848 35696 966472
17848 35697 899799
17849 35698 702214
17849 35699 1
17850 35700 917725
17850 35701 1000000
17851 35702 992929
17851 35703 943995
17852 35704 988032
17852 35705 417
17853 35706 470605
17853 35707 974820
17854 35708 905374
17854 35709 1000000
17855 35710 99615
17855 35711 972526
17856 35712 207432
17856 35713 970603
17857 35714 193515
17857 35715 94182
17858 35716 592746
17858 35717 97559
17859 35718 516966
17859 35719 774847
17860 35720 262969
17860 35721 1
17861 35722 1
17861 35723 980108
17862 35724 737
17862 35725 81830
17863 35726 969939
17863 35727 966405
17864 35728 149587
17864 35729 602
17865 35730 360700
17865 35731 441858
17866 35732 376863
17866 35733 1000000
17867 35734 1000000
17867 35735 1000000
17868 35736 793
17868 35737 920377
17869 35738 623305
17869 35739 855
17870 35740 253
17870 35741 252054
17871 35742 215489
17871 35743 941334
17872 35744 1000000
17872 35745 523
17873 35746 909622
17873 35747 596166
17874 35748 935989
17874 35749 633130
17875 35750 1
17875 35751 821
17876 35752 757227
17876 35753 966316
17877 35754 415
17877 35755 727663
17878 35756 971836
17878 35757 959228
17879 35758 664
17879 35759 256
17880 35760 217006
17880 35761 3434
17881 35762 1
17881 35763 763874
17882 35764 938764
17882 35765 687
17883 35766 1
17883 35767 893
17884 35768 307216
17884 35769 974394
17885 35770 1000000
17885 35771 1
17886 35772 801921
17886 35773 1000000
17887 35774 321418
17887 35775 696537
17888 35776 87
17888 35777 1000000
17889 35778 1
17889 35779 618883
17890 35780 867
17890 35781 784
17891 35782 29
17891 35783 1000000
17892 35784 988944
17892 35785 1000000
17893 35786 939373
17893 35787 630251
17894 35788 1000000
17894 35789 619619
17895 35790 949621
17895 35791 739364
17896 35792 635
17896 35793 550
17897 35794 933674
17897 35795 950503
17898 35796 960481
17898 35797 1000000
17899 35798 926659
17899 35799 973172
17900 35800 1000000
17900 35801 179
17901 35802 922896
17901 35803 633764
17902 35804 996028
17902 35805 129
17903 35806 956
17903 35807 909170
17904 35808 796733
17904 35809 193995
17905 35810 902530
17905 35811 791988
17906 35812 30184
17906 35813 182029
17907 35814 801510
17907 35815 982579
17908 35816 963932
17908 35817 456300
17909 35818 52
17909 35819 956860
17910 35820 191671
17910 35821 949065
17911 35822 957349
17911 35823 948601
17912 35824 988245
17912 35825 695
17913 35826 400030
17913 35827 1000000
17914 35828 533769
17914 35829 717688
17915 35830 757176
17915 35831 514
17916 35832 1000000
17916 35833 897
17917 35834 267477
17917 35835 445208
17918 35836 436865
17918 35837 927703
17919 35838 1000000
17919 35839 918535
17920 35840 221415
17920 35841 39
17921 35842 529963
17921 35843 599032
17922 35844 962462
17922 35845 737
17923 35846 222510
17923 35847 978587
17924 35848 996459
17924 35849 663713
17925 35850 831145
17925 35851 1000000
17926 35852 618
17926 35853 774
17927 35854 275
17927 35855 1
17928 35856 959069
17928 35857 1000000
17929 35858 1000000
17929 35859 1
17930 35860 841
17930 35861 971030
17931 35862 922664
17931 35863 568454
17932 35864 906145
17932 35865 156113
17933 35866 964598
17933 35867 593
17934 35868 914769
17934 35869 958090
17935 35870 990450
17935 35871 786309
17936 35872 975659
17936 35873 994374
17937 35874 331
17937 35875 216557
17938 35876 1000000
17938 35877 978983
17939 35878 985704
17939 35879 839
17940 35880 518575
17940 35881 852393
17941 35882 973
17941 35883 467
17942 35884 951466
17942 35885 1000000
17943 35886 134
17943 35887 1000000
17944 35888 1000000
17944 35889 118455
17945 35890 564249
17945 35891 948545
17946 35892 715441
17946 35893 334013
17947 35894 980624
17947 35895 275
17948 35896 483645
17948 35897 1000000
17949 35898 980880
17949 35899 61
17950 35900 965958
17950 35901 167668
17951 35902 843939
17951 35903 989383
17952 35904 316384
17952 35905 269873
17953 35906 1000000
17953 35907 921387
17954 35908 319086
17954 35909 233885
17955 35910 430177
17955 35911 1
17956 35912 902338
17956 35913 985
17957 35914 911754
17957 35915 907751
17958 35916 1000000
17958 35917 977171
17959 35918 982553
17959 35919 624
17960 35920 1000000
17960 35921 975974
17961 35922 946613
17961 35923 934252
17962 35924 265102
17962 35925 878
17963 35926 813640
17963 35927 832008
17964 35928 983043
17964 35929 943358
17965 35930 448230
17965 35931 393397
17966 35932 1000000
17966 35933 876807
17967 35934 961565
17967 35935 1000000
17968 35936 772796
17968 35937 1000000
17969 35938 1000000
17969 35939 122
17970 35940 526954
17970 35941 939187
17971 35942 926825
17971 35943 567550
17972 35944 408516
17972 35945 592
17973 35946 938411
17973 35947 388065
17974 35948 20
17974 35949 1000000
17975 35950 669748
17975 35951 85611
17976 35952 53076
17976 35953 984043
17977 35954 924245
17977 35955 327760
17978 35956 961747
17978 35957 1000000
17979 35958 901896
17979 35959 903844
17980 35960 1
17980 35961 948143
17981 35962 370823
17981 35963 946985
17982 35964 982282
17982 35965 307
17983 35966 12
17983 35967 794
17984 35968 253368
17984 35969 965606
17985 35970 1000000
17985 35971 1000000
17986 35972 973933
17986 35973 302
17987 35974 910414
17987 35975 908789
17988 35976 13
17988 35977 377
17989 35978 39
17989 35979 290019
17990 35980 957263
17990 35981 882683
17991 35982 887643
17991 35983 1000000
17992 35984 537327
17992 35985 363225
17993 35986 609
17993 35987 983512
17994 35988 989447
17994 35989 305
17995 35990 1000000
17995 35991 1
17996 35992 983395
17996 35993 940053
17997 35994 761050
17997 35995 648577
17998 35996 1
17998 35997 1
17999 35998 1000000
17999 35999 622691
18000 36000 211819
18000 36001 902967
18001 36002 322883
18001 36003 930268
18002 36004 1000000
18002 36005 865581
18003 36006 798600
18003 36007 908672
18004 36008 376
18004 36009 976776
18005 36010 303
18005 36011 916
18006 36012 151866
18006 36013 948196
18007 36014 940760
18007 36015 1000000
18008 36016 958
18008 36017 982236
18009 36018 18
18009 36019 1000000
18010 36020 665
18010 36021 937053
18011 36022 971
18011 36023 961846
18012 36024 912335
18012 36025 1000000
18013 36026 991133
18013 36027 848474
18014 36028 974889
18014 36029 999796
18015 36030 1000000
18015 36031 367135
18016 36032 620209
18016 36033 1
18017 36034 287536
18017 36035 686183
18018 36036 406
18018 36037 1000000
18019 36038 483875
18019 36039 388
18020 36040 878
18020 36041 970968
18021 36042 936532
18021 36043 113776
18022 36044 342080
18022 36045 837
18023 36046 246502
18023 36047 337792
18024 36048 1
18024 36049 914367
18025 36050 928198
18025 36051 289
18026 36052 325626
18026 36053 956273
18027 36054 996847
18027 36055 1000000
18028 36056 556
18028 36057 586
18029 36058 500631
18029 36059 967121
18030 36060 944451
18030 36061 910646
18031 36062 1000000
18031 36063 143374
18032 36064 1000000
18032 36065 224694
18033 36066 963235
18033 36067 1000000
18034 36068 515607
18034 36069 610289
18035 36070 925984
18035 36071 448574
18036 36072 986128
18036 36073 23
18037 36074 954352
18037 36075 383601
18038 36076 997329
18038 36077 964308
18039 36078 1000000
18039 36079 693454
18040 36080 725
18040 36081 1
18041 36082 897
18041 36083 488634
18042 36084 837
18042 36085 31291
18043 36086 535258
18043 36087 2581
18044 36088 645709
18044 36089 210912
18045 36090 937739
18045 36091 480
18046 36092 903626
18046 36093 1000000
18047 36094 1000000
18047 36095 259941
18048 36096 580779
18048 36097 29618
18049 36098 970939
18049 36099 345051
18050 36100 470316
18050 36101 972243
18051 36102 488538
18051 36103 145996
18052 36104 900967
18052 36105 459292
18053 36106 980066
18053 36107 956382
18054 36108 935631
18054 36109 1
18055 36110 1000000
18055 36111 65619
18056 36112 911338
18056 36113 1
18057 36114 964623
18057 36115 358
18058 36116 29079
18058 36117 980459
18059 36118 325862
18059 36119 554383
18060 36120 1000000
18060 36121 990495
18061 36122 991888
18061 36123 917578
18062 36124 931
18062 36125 119590
18063 36126 382
18063 36127 775913
18064 36128 464648
18064 36129 962376
18065 36130 381903
18065 36131 126991
18066 36132 68
18066 36133 400268
18067 36134 1000000
18067 36135 421
18068 36136 846055
18068 36137 366260
18069 36138 744
18069 36139 941728
18070 36140 1000000
18070 36141 464409
18071 36142 73089
18071 36143 68707
18072 36144 97756
18072 36145 214
18073 36146 798680
18073 36147 936232
18074 36148 582566
18074 36149 721837
18075 36150 55273
18075 36151 983085
18076 36152 946
18076 36153 954226
18077 36154 913359
18077 36155 1000000
18078 36156 1
18078 36157 838
18079 36158 968664
18079 36159 335211
18080 36160 992092
18080 36161 581102
18081 36162 909542
18081 36163 947609
18082 36164 313232
18082 36165 939473
18083 36166 921036
18083 36167 322477
18084 36168 1000000
18084 36169 914561
18085 36170 689611
18085 36171 997635
18086 36172 909047
18086 36173 910472
18087 36174 326279
18087 36175 939131
18088 36176 914182
18088 36177 1000000
18089 36178 938818
18089 36179 6
18090 36180 1
18090 36181 901907
18091 36182 954
18091 36183 352725
18092 36184 989763
18092 36185 910609
18093 36186 935880
18093 36187 916071
18094 36188 323878
18094 36189 961789
18095 36190 13
18095 36191 1000000
18096 36192 68765
18096 36193 494
18097 36194 90089
18097 36195 914902
18098 36196 998540
18098 36197 843105
18099 36198 943606
18099 36199 974987
18100 36200 934856
18100 36201 907746
18101 36202 485
18101 36203 211962
18102 36204 993087
18102 36205 981275
18103 36206 141340
18103 36207 592721
18104 36208 540939
18104 36209 622
18105 36210 1
18105 36211 307196
18106 36212 284552
18106 36213 621599
18107 36214 564243
18107 36215 1
18108 36216 900055
18108 36217 1
18109 36218 966761
18109 36219 967581
18110 36220 901311
18110 36221 280
18111 36222 142
18111 36223 1
18112 36224 451680
18112 36225 244306
18113 36226 820934
18113 36227 97175
18114 36228 1000000
18114 36229 303
18115 36230 434
18115 36231 928839
18116 36232 107182
18116 36233 927695
18117 36234 916414
18117 36235 486
18118 36236 981
18118 36237 993260
18119 36238 1000000
18119 36239 925612
18120 36240 1
18120 36241 966625
18121 36242 932038
18121 36243 263468
18122 36244 986839
18122 36245 82
18123 36246 969842
18123 36247 43
18124 36248 1000000
18124 36249 884
18125 36250 938475
18125 36251 915316
18126 36252 320664
18126 36253 1
18127 36254 1
18127 36255 383110
18128 36256 502
18128 36257 1800
18129 36258 456260
18129 36259 1000000
18130 36260 931237
18130 36261 924715
18131 36262 943984
18131 36263 933560
18132 36264 935487
18132 36265 298
18133 36266 13266
18133 36267 1000000
18134 36268 1000000
18134 36269 665167
18135 36270 934338
18135 36271 607571
18136 36272 1000000
18136 36273 973700
18137 36274 17
18137 36275 942572
18138 36276 202531
18138 36277 791829
18139 36278 867
18139 36279 926871
18140 36280 235808
18140 36281 973871
18141 36282 402989
18141 36283 192151
18142 36284 925598
18142 36285 500231
18143 36286 954841
18143 36287 954584
18144 36288 794749
18144 36289 350789
18145 36290 426012
18145 36291 22
18146 36292 917010
18146 36293 933446
18147 36294 179960
18147 36295 242235
18148 36296 577531
18148 36297 903753
18149 36298 999691
18149 36299 1
18150 36300 841231
18150 36301 966669
18151 36302 406
18151 36303 47670
18152 36304 932501
18152 36305 425
18153 36306 507750
18153 36307 165053
18154 36308 191821
18154 36309 514236
18155 36310 65999
18155 36311 910453
18156 36312 739703
18156 36313 796
18157 36314 429173
18157 36315 559908
18158 36316 63424
18158 36317 873587
18159 36318 408711
18159 36319 1000000
18160 36320 1000000
18160 36321 620550
18161 36322 957370
18161 36323 926312
18162 36324 466097
18162 36325 955715
18163 36326 972924
18163 36327 914911
18164 36328 271217
18164 36329 1000000
18165 36330 349
18165 36331 923462
18166 36332 159817
18166 36333 779234
18167 36334 556493
18167 36335 610784
18168 36336 743180
18168 36337 201144
18169 36338 911803
18169 36339 435
18170 36340 12
18170 36341 921156
18171 36342 908655
18171 36343 153728
18172 36344 966425
18172 36345 270129
18173 36346 504
18173 36347 314
18174 36348 1000000
18174 36349 1000000
18175 36350 913328
18175 36351 608
18176 36352 998392
18176 36353 960528
18177 36354 928308
18177 36355 698622
18178 36356 1000000
18178 36357 467188
18179 36358 331894
18179 36359 916829
18180 36360 928106
18180 36361 1000000
18181 36362 550396
18181 36363 734032
18182 36364 919
18182 36365 980667
18183 36366 1000000
18183 36367 281
18184 36368 466380
18184 36369 72842
18185 36370 931617
18185 36371 96
18186 36372 942382
18186 36373 925028
18187 36374 979416
18187 36375 1
18188 36376 1
18188 36377 781358
18189 36378 175465
18189 36379 968706
18190 36380 1000000
18190 36381 681
18191 36382 1000000
18191 36383 996588
18192 36384 405259
18192 36385 993104
18193 36386 920239
18193 36387 996733
18194 36388 920120
18194 36389 8613
18195 36390 776
18195 36391 47597
18196 36392 684929
18196 36393 124485
18197 36394 252047
18197 36395 737540
18198 36396 637332
18198 36397 882
18199 36398 121022
18199 36399 1
18200 36400 515
18200 36401 991957
18201 36402 986058
18201 36403 23806
18202 36404 1
18202 36405 913621
18203 36406 923167
18203 36407 942420
18204 36408 623
18204 36409 800
18205 36410 1000000
18205 36411 848004
18206 36412 510245
18206 36413 455118
18207 36414 205
18207 36415 937014
18208 36416 1000000
18208 36417 1000000
18209 36418 809778
18209 36419 997543
18210 36420 973339
18210 36421 67271
18211 36422 984
18211 36423 951206
18212 36424 960743
18212 36425 146
18213 36426 908015
18213 36427 563583
18214 36428 994759
18214 36429 1000000
18215 36430 217
18215 36431 1
18216 36432 969774
18216 36433 351452
18217 36434 116
18217 36435 81
18218 36436 348
18218 36437 987985
18219 36438 954591
18219 36439 500204
18220 36440 1000000
18220 36441 289209
18221 36442 992037
18221 36443 1
18222 36444 992862
18222 36445 193178
18223 36446 934956
18223 36447 980580
18224 36448 1000000
18224 36449 594636
18225 36450 509816
18225 36451 501
18226 36452 1
18226 36453 975904
18227 36454 821
18227 36455 335220
18228 36456 361
18228 36457 722755
18229 36458 967480
18229 36459 396706
18230 36460 165
18230 36461 1
18231 36462 554897
18231 36463 1000000
18232 36464 1
18232 36465 964
18233 36466 950138
18233 36467 1000000
18234 36468 59
18234 36469 921032
18235 36470 996596
18235 36471 213456
18236 36472 927748
18236 36473 860751
18237 36474 275
18237 36475 988933
18238 36476 344
18238 36477 963741
18239 36478 542861
18239 36479 804
18240 36480 1
18240 36481 905578
18241 36482 919000
18241 36483 964049
18242 36484 1000
18242 36485 844288
18243 36486 903650
18243 36487 1000000
18244 36488 123902
18244 36489 922917
18245 36490 982281
18245 36491 873
18246 36492 522
18246 36493 984799
18247 36494 926574
18247 36495 978353
18248 36496 909923
18248 36497 802199
18249 36498 907452
18249 36499 913431
18250 36500 250665
18250 36501 968825
18251 36502 920127
18251 36503 1000000
18252 36504 628
18252 36505 1000000
18253 36506 980156
18253 36507 913780
18254 36508 1000000
18254 36509 1000000
18255 36510 314
18255 36511 916539
18256 36512 1000000
18256 36513 191
18257 36514 745262
18257 36515 83779
18258 36516 921978
18258 36517 920292
18259 36518 699
18259 36519 505620
18260 36520 954059
18260 36521 367666
18261 36522 930986
18261 36523 901520
18262 36524 145234
18262 36525 719384
18263 36526 842
18263 36527 722613
18264 36528 322200
18264 36529 997933
18265 36530 1000000
18265 36531 1
18266 36532 396299
18266 36533 1000000
18267 36534 955432
18267 36535 1
18268 36536 543528
18268 36537 948696
18269 36538 987570
18269 36539 270725
18270 36540 664
18270 36541 629886
18271 36542 978118
18271 36543 222952
18272 36544 1000000
18272 36545 27
18273 36546 984286
18273 36547 949132
18274 36548 266453
18274 36549 337585
18275 36550 1000000
18275 36551 904370
18276 36552 924880
18276 36553 920941
18277 36554 968
18277 36555 986279
18278 36556 933401
18278 36557 921073
18279 36558 377201
18279 36559 1000000
18280 36560 897117
18280 36561 146671
18281 36562 162140
18281 36563 681496
18282 36564 1000000
18282 36565 592035
18283 36566 122267
18283 36567 976302
18284 36568 888147
18284 36569 1000000
18285 36570 888
18285 36571 1000000
18286 36572 1000000
18286 36573 993
18287 36574 444443
18287 36575 969107
18288 36576 835084
18288 36577 1000000
18289 36578 967449
18289 36579 186257
18290 36580 968205
18290 36581 1000000
18291 36582 994803
18291 36583 989932
18292 36584 959027
18292 36585 1000000
18293 36586 4919
18293 36587 186909
18294 36588 685
18294 36589 510
18295 36590 923974
18295 36591 940684
18296 36592 1000000
18296 36593 377
18297 36594 976581
18297 36595 462047
18298 36596 968156
18298 36597 1000000
18299 36598 922156
18299 36599 884893
18300 36600 135204
18300 36601 1
18301 36602 376958
18301 36603 33854
18302 36604 166634
18302 36605 866523
18303 36606 969143
18303 36607 736
18304 36608 587892
18304 36609 766
18305 36610 383
18305 36611 590462
18306 36612 63
18306 36613 318283
18307 36614 227527
18307 36615 953577
18308 36616 891611
18308 36617 574
18309 36618 1000000
18309 36619 989960
18310 36620 525
18310 36621 993112
18311 36622 76205
18311 36623 953173
18312 36624 290048
18312 36625 843
18313 36626 129
18313 36627 284
18314 36628 922985
18314 36629 964282
18315 36630 1000000
18315 36631 987738
18316 36632 908515
18316 36633 948686
18317 36634 603092
18317 36635 272280
18318 36636 693660
18318 36637 955253
18319 36638 987458
18319 36639 806
18320 36640 759933
18320 36641 996
18321 36642 696
18321 36643 174464
18322 36644 848114
18322 36645 143980
18323 36646 926335
18323 36647 443
18324 36648 995532
18324 36649 584
18325 36650 975328
18325 36651 950669
18326 36652 549546
18326 36653 192520
18327 36654 922655
18327 36655 962954
18328 36656 948886
18328 36657 987110
18329 36658 286359
18329 36659 737321
18330 36660 1
18330 36661 1
18331 36662 872
18331 36663 977294
18332 36664 791
18332 36665 955733
18333 36666 806773
18333 36667 1
18334 36668 1
18334 36669 800
18335 36670 316
18335 36671 136321
18336 36672 833168
18336 36673 948657
18337 36674 986839
18337 36675 1000000
18338 36676 11
18338 36677 1000000
18339 36678 938854
18339 36679 791475
18340 36680 215659
18340 36681 273509
18341 36682 975372
18341 36683 1000000
18342 36684 948381
18342 36685 991
18343 36686 858260
18343 36687 921623
18344 36688 926
18344 36689 995200
18345 36690 594695
18345 36691 1
18346 36692 731
18346 36693 881143
18347 36694 930606
18347 36695 836811
18348 36696 1000000
18348 36697 424314
18349 36698 938561
18349 36699 973469
18350 36700 904647
18350 36701 1
18351 36702 994410
18351 36703 401
18352 36704 320259
18352 36705 1000000
18353 36706 672843
18353 36707 998601
18354 36708 661
18354 36709 965947
18355 36710 906863
18355 36711 834
18356 36712 414880
18356 36713 86630
18357 36714 205773
18357 36715 975194
18358 36716 722694
18358 36717 981841
18359 36718 488912
18359 36719 569032
18360 36720 1
18360 36721 120
18361 36722 1
18361 36723 964452
18362 36724 507
18362 36725 990950
18363 36726 991811
18363 36727 470358
18364 36728 907025
18364 36729 142310
18365 36730 185210
18365 36731 172
18366 36732 1000000
18366 36733 933730
18367 36734 624770
18367 36735 1
18368 36736 2652
18368 36737 157972
18369 36738 911203
18369 36739 180
18370 36740 291
18370 36741 657
18371 36742 720
18371 36743 91
18372 36744 461564
18372 36745 234
18373 36746 918150
18373 36747 241375
18374 36748 38941
18374 36749 987624
18375 36750 952982
18375 36751 527551
18376 36752 432536
18376 36753 1
18377 36754 175
18377 36755 80691
18378 36756 1000000
18378 36757 236375
18379 36758 1
18379 36759 994583
18380 36760 762
18380 36761 797
18381 36762 441
18381 36763 915812
18382 36764 918140
18382 36765 973824
18383 36766 491434
18383 36767 977852
18384 36768 973510
18384 36769 1000000
18385 36770 8153
18385 36771 967876
18386 36772 492
18386 36773 168
18387 36774 966770
18387 36775 715
18388 36776 1
18388 36777 82075
18389 36778 971290
18389 36779 1000000
18390 36780 940437
18390 36781 29799
18391 36782 1000000
18391 36783 937205
18392 36784 914100
18392 36785 871
18393 36786 1000000
18393 36787 772615
18394 36788 975258
18394 36789 986514
18395 36790 63311
18395 36791 1000000
18396 36792 170
18396 36793 956442
18397 36794 1
18397 36795 908563
18398 36796 937203
18398 36797 483554
18399 36798 949369
18399 36799 102789
18400 36800 897
18400 36801 249611
18401 36802 1000000
18401 36803 981470
18402 36804 658275
18402 36805 181
18403 36806 11487
18403 36807 401
18404 36808 126220
18404 36809 513200
18405 36810 930902
18405 36811 78925
18406 36812 975573
18406 36813 672957
18407 36814 960612
18407 36815 1000000
18408 36816 149
18408 36817 1000000
18409 36818 978284
18409 36819 976092
18410 36820 309187
18410 36821 620
18411 36822 294
18411 36823 560392
18412 36824 372279
18412 36825 934697
18413 36826 633163
18413 36827 353346
18414 36828 210840
18414 36829 1000000
18415 36830 588
18415 36831 203787
18416 36832 916349
18416 36833 927072
18417 36834 925973
18417 36835 182
18418 36836 162341
18418 36837 1000000
18419 36838 1
18419 36839 669
18420 36840 631246
18420 36841 1000000
18421 36842 922777
18421 36843 625954
18422 36844 78814
18422 36845 850
18423 36846 1000000
18423 36847 976
18424 36848 497
18424 36849 1
18425 36850 222691
18425 36851 821823
18426 36852 938910
18426 36853 476471
18427 36854 78248
18427 36855 994030
18428 36856 981833
18428 36857 811
18429 36858 343731
18429 36859 517405
18430 36860 335523
18430 36861 767201
18431 36862 1000000
18431 36863 702
18432 36864 1000000
18432 36865 473
18433 36866 1000000
18433 36867 664969
18434 36868 920646
18434 36869 978467
18435 36870 934479
18435 36871 608026
18436 36872 383
18436 36873 954506
18437 36874 472
18437 36875 740
18438 36876 908358
18438 36877 427758
18439 36878 997428
18439 36879 910609
18440 36880 467
18440 36881 943
18441 36882 682541
18441 36883 771811
18442 36884 553199
18442 36885 970775
18443 36886 14747
18443 36887 979129
18444 36888 392264
18444 36889 1000000
18445 36890 151
18445 36891 711126
18446 36892 94298
18446 36893 964282
18447 36894 1000000
18447 36895 957346
18448 36896 392808
18448 36897 442971
18449 36898 427191
18449 36899 209396
18450 36900 757129
18450 36901 924318
18451 36902 949024
18451 36903 691104
18452 36904 1
18452 36905 437
18453 36906 918000
18453 36907 111385
18454 36908 350
18454 36909 997091
18455 36910 544
18455 36911 911949
18456 36912 499773
18456 36913 908512
18457 36914 1000000
18457 36915 960071
18458 36916 904995
18458 36917 495348
18459 36918 231
18459 36919 981688
18460 36920 911085
18460 36921 1000000
18461 36922 444
18461 36923 1000000
18462 36924 990465
18462 36925 1000000
18463 36926 911102
18463 36927 1000000
18464 36928 958590
18464 36929 211
18465 36930 963754
18465 36931 963974
18466 36932 990965
18466 36933 995277
18467 36934 293608
18467 36935 14647
18468 36936 926565
18468 36937 700031
18469 36938 1000000
18469 36939 999
18470 36940 879239
18470 36941 195218
18471 36942 808556
18471 36943 80
18472 36944 927386
18472 36945 629431
18473 36946 1000000
18473 36947 1000000
18474 36948 254622
18474 36949 139800
18475 36950 1000000
18475 36951 1000000
18476 36952 900
18476 36953 676
18477 36954 954161
18477 36955 989306
18478 36956 592938
18478 36957 334336
18479 36958 222195
18479 36959 1000000
18480 36960 305
18480 36961 67682
18481 36962 945
18481 36963 456
18482 36964 1000000
18482 36965 900944
18483 36966 905928
18483 36967 937960
18484 36968 1000000
18484 36969 661
18485 36970 933434
18485 36971 488261
18486 36972 911975
18486 36973 1000000
18487 36974 104848
18487 36975 329741
18488 36976 874904
18488 36977 236731
18489 36978 958279
18489 36979 934450
18490 36980 969136
18490 36981 126
18491 36982 949469
18491 36983 993493
18492 36984 330812
18492 36985 917387
18493 36986 1
18493 36987 437
18494 36988 961146
18494 36989 983403
18495 36990 1
18495 36991 596209
18496 36992 703488
18496 36993 652882
18497 36994 953045
18497 36995 936178
18498 36996 432634
18498 36997 903884
18499 36998 1000000
18499 36999 989873
18500 37000 280
18500 37001 267646
18501 37002 585255
18501 37003 1
18502 37004 1
18502 37005 261043
18503 37006 996
18503 37007 182890
18504 37008 961310
18504 37009 695453
18505 37010 636452
18505 37011 952775
18506 37012 1
18506 37013 180
18507 37014 667526
18507 37015 1000000
18508 37016 927659
18508 37017 172882
18509 37018 16
18509 37019 309
18510 37020 933232
18510 37021 951583
18511 37022 75
18511 37023 612464
18512 37024 936860
18512 37025 932075
18513 37026 1000000
18513 37027 24146
18514 37028 1000000
18514 37029 743
18515 37030 142994
18515 37031 945674
18516 37032 534909
18516 37033 522081
18517 37034 270991
18517 37035 830254
18518 37036 539376
18518 37037 958063
18519 37038 975284
18519 37039 984465
18520 37040 524727
18520 37041 454541
18521 37042 900200
18521 37043 988621
18522 37044 944965
18522 37045 1000000
18523 37046 970619
18523 37047 940179
18524 37048 133745
18524 37049 942279
18525 37050 965212
18525 37051 1000000
18526 37052 996079
18526 37053 1000000
18527 37054 375335
18527 37055 363
18528 37056 987779
18528 37057 968699
18529 37058 532490
18529 37059 663
18530 37060 126
18530 37061 484323
18531 37062 83909
18531 37063 937185
18532 37064 155496
18532 37065 289
18533 37066 1000000
18533 37067 967960
18534 37068 940165
18534 37069 245131
18535 37070 76
18535 37071 638986
18536 37072 805473
18536 37073 649
18537 37074 602
18537 37075 506
18538 37076 103036
18538 37077 433324
18539 37078 1
18539 37079 1000000
18540 37080 972451
18540 37081 556234
18541 37082 532
18541 37083 953739
18542 37084 584079
18542 37085 551884
18543 37086 453
18543 37087 903508
18544 37088 533795
18544 37089 127
18545 37090 936278
18545 37091 1000000
18546 37092 1000000
18546 37093 45
18547 37094 39134
18547 37095 1000000
18548 37096 615335
18548 37097 942283
18549 37098 219
18549 37099 888314
18550 37100 1000000
18550 37101 934554
18551 37102 982343
18551 37103 616
18552 37104 1
18552 37105 950383
18553 37106 957692
18553 37107 150726
18554 37108 1000000
18554 37109 27529
18555 37110 795103
18555 37111 263915
18556 37112 704003
18556 37113 1000000
18557 37114 1
18557 37115 965
18558 37116 724483
18558 37117 928287
18559 37118 317460
18559 37119 926226
18560 37120 984018
18560 37121 988453
18561 37122 966076
18561 37123 525846
18562 37124 978703
18562 37125 1
18563 37126 910436
18563 37127 1
18564 37128 817464
18564 37129 1
18565 37130 991658
18565 37131 1
18566 37132 1000000
18566 37133 924194
18567 37134 493
18567 37135 1000000
18568 37136 343940
18568 37137 1
18569 37138 195922
18569 37139 915975
18570 37140 988682
18570 37141 155
18571 37142 1000000
18571 37143 859690
18572 37144 240
18572 37145 967305
18573 37146 305129
18573 37147 167367
18574 37148 1000000
18574 37149 969479
18575 37150 484
18575 37151 477
18576 37152 1000000
18576 37153 998669
18577 37154 983023
18577 37155 641
18578 37156 524904
18578 37157 197458
18579 37158 839214
18579 37159 521287
18580 37160 1000000
18580 37161 120197
18581 37162 954013
18581 37163 927574
18582 37164 148456
18582 37165 990667
18583 37166 1
18583 37167 164915
18584 37168 213944
18584 37169 982024
18585 37170 488
18585 37171 234779
18586 37172 563031
18586 37173 924571
18587 37174 936754
18587 37175 908607
18588 37176 1
18588 37177 921257
18589 37178 481
18589 37179 687818
18590 37180 539180
18590 37181 649642
18591 37182 963666
18591 37183 701
18592 37184 940821
18592 37185 137262
18593 37186 345098
18593 37187 251513
18594 37188 269
18594 37189 537763
18595 37190 976164
18595 37191 824
18596 37192 958188
18596 37193 952119
18597 37194 955140
18597 37195 76
18598 37196 900710
18598 37197 1000000
18599 37198 48312
18599 37199 976972
18600 37200 949976
18600 37201 186595
18601 37202 941914
18601 37203 327
18602 37204 59
18602 37205 651335
18603 37206 994668
18603 37207 680760
18604 37208 945470
18604 37209 204551
18605 37210 997850
18605 37211 492014
18606 37212 118
18606 37213 938063
18607 37214 407791
18607 37215 700
18608 37216 956322
18608 37217 198
18609 37218 714
18609 37219 1
18610 37220 909792
18610 37221 84346
18611 37222 305
18611 37223 380881
18612 37224 801193
18612 37225 836637
18613 37226 952949
18613 37227 964743
18614 37228 511363
18614 37229 1000000
18615 37230 359804
18615 37231 721
18616 37232 649
18616 37233 598
18617 37234 368478
18617 37235 1
18618 37236 993510
18618 37237 439083
18619 37238 904036
18619 37239 699454
18620 37240 487848
18620 37241 979158
18621 37242 975059
18621 37243 935729
18622 37244 828010
18622 37245 112449
18623 37246 935043
18623 37247 911990
18624 37248 436889
18624 37249 1
18625 37250 1000000
18625 37251 437845
18626 37252 940607
18626 37253 986971
18627 37254 498
18627 37255 967216
18628 37256 1
18628 37257 352652
18629 37258 314179
18629 37259 931664
18630 37260 930802
18630 37261 914304
18631 37262 932471
18631 37263 47
18632 37264 522215
18632 37265 72
18633 37266 603
18633 37267 10796
18634 37268 915936
18634 37269 377
18635 37270 973847
18635 37271 934303
18636 37272 941634
18636 37273 335774
18637 37274 419493
18637 37275 1000000
18638 37276 935324
18638 37277 997761
18639 37278 750
18639 37279 746
18640 37280 1000000
18640 37281 932699
18641 37282 1
18641 37283 906793
18642 37284 633201
18642 37285 937545
18643 37286 923
18643 37287 9415
18644 37288 1
18644 37289 864610
18645 37290 663094
18645 37291 412
18646 37292 377
18646 37293 834338
18647 37294 515536
18647 37295 955834
18648 37296 477957
18648 37297 1000000
18649 37298 956213
18649 37299 731
18650 37300 148
18650 37301 331
18651 37302 939240
18651 37303 120550
18652 37304 695071
18652 37305 235767
18653 37306 874520
18653 37307 96343
18654 37308 929
18654 37309 934407
18655 37310 444625
18655 37311 868045
18656 37312 346702
18656 37313 193075
18657 37314 862460
18657 37315 959189
18658 37316 233242
18658 37317 976382
18659 37318 1
18659 37319 983738
18660 37320 936885
18660 37321 990509
18661 37322 450588
18661 37323 434677
18662 37324 956338
18662 37325 951920
18663 37326 944234
18663 37327 940511
18664 37328 644549
18664 37329 415
18665 37330 284100
18665 37331 266
18666 37332 17840
18666 37333 684165
18667 37334 237
18667 37335 702610
18668 37336 1000000
18668 37337 905944
18669 37338 164811
18669 37339 715619
18670 37340 904167
18670 37341 252875
18671 37342 537342
18671 37343 550017
18672 37344 992451
18672 37345 442
18673 37346 969719
18673 37347 1000000
18674 37348 944850
18674 37349 982320
18675 37350 971296
18675 37351 924049
18676 37352 1000000
18676 37353 200
18677 37354 57419
18677 37355 934990
18678 37356 288847
18678 37357 1000000
18679 37358 920111
18679 37359 1000000
18680 37360 1
18680 37361 541
18681 37362 14034
18681 37363 953449
18682 37364 939459
18682 37365 931773
18683 37366 966648
18683 37367 904582
18684 37368 1000000
18684 37369 333705
18685 37370 176719
18685 37371 964201
18686 37372 39469
18686 37373 12954
18687 37374 696967
18687 37375 850694
18688 37376 584
18688 37377 1
18689 37378 990772
18689 37379 906878
18690 37380 910118
18690 37381 881051
18691 37382 921
18691 37383 884554
18692 37384 543154
18692 37385 743590
18693 37386 393599
18693 37387 1000000
18694 37388 897454
18694 37389 385349
18695 37390 630257
18695 37391 684915
18696 37392 962937
18696 37393 1
18697 37394 83329
18697 37395 950613
18698 37396 1
18698 37397 1
18699 37398 547809
18699 37399 1000000
18700 37400 1
18700 37401 985199
18701 37402 197538
18701 37403 988393
18702 37404 1000000
18702 37405 1000000
18703 37406 938274
18703 37407 277185
18704 37408 447582
18704 37409 547
18705 37410 972662
18705 37411 366
18706 37412 221154
18706 37413 610582
18707 37414 901768
18707 37415 2
18708 37416 18750
18708 37417 549795
18709 37418 210252
18709 37419 226
18710 37420 764061
18710 37421 862
18711 37422 414268
18711 37423 521291
18712 37424 774447
18712 37425 1
18713 37426 1000000
18713 37427 956385
18714 37428 341098
18714 37429 1
18715 37430 1000000
18715 37431 729089
18716 37432 133659
18716 37433 921016
18717 37434 914597
18717 37435 104828
18718 37436 614927
18718 37437 41358
18719 37438 926139
18719 37439 556040
18720 37440 955468
18720 37441 904434
18721 37442 918548
18721 37443 169342
18722 37444 954192
18722 37445 822
18723 37446 401978
18723 37447 732
18724 37448 792663
18724 37449 902599
18725 37450 945117
18725 37451 671
18726 37452 879
18726 37453 1000000
18727 37454 386524
18727 37455 936851
18728 37456 680494
18728 37457 575309
18729 37458 902546
18729 37459 436680
18730 37460 944256
18730 37461 948929
18731 37462 1
18731 37463 990517
18732 37464 5
18732 37465 309347
18733 37466 591
18733 37467 971029
18734 37468 1
18734 37469 764
18735 37470 289159
18735 37471 920002
18736 37472 920869
18736 37473 947559
18737 37474 927972
18737 37475 793192
18738 37476 1000000
18738 37477 213
18739 37478 1000000
18739 37479 283886
18740 37480 55139
18740 37481 320773
18741 37482 163
18741 37483 973364
18742 37484 1000000
18742 37485 928790
18743 37486 984549
18743 37487 4315
18744 37488 3
18744 37489 483748
18745 37490 917312
18745 37491 926583
18746 37492 914313
18746 37493 1
18747 37494 605
18747 37495 1000000
18748 37496 588
18748 37497 1000000
18749 37498 1000000
18749 37499 335687
18750 37500 131577
18750 37501 238929
18751 37502 974859
18751 37503 992946
18752 37504 282420
18752 37505 1
18753 37506 897
18753 37507 907403
18754 37508 967691
18754 37509 992721
18755 37510 461404
18755 37511 943493
18756 37512 1
18756 37513 918389
18757 37514 982904
18757 37515 379284
18758 37516 517478
18758 37517 522704
18759 37518 1
18759 37519 1
18760 37520 948297
18760 37521 597
18761 37522 31447
18761 37523 961918
18762 37524 970766
18762 37525 919808
18763 37526 736311
18763 37527 956646
18764 37528 1000000
18764 37529 960093
18765 37530 1000000
18765 37531 969530
18766 37532 692
18766 37533 1
18767 37534 190
18767 37535 939246
18768 37536 481
18768 37537 688
18769 37538 234
18769 37539 91
18770 37540 912949
18770 37541 907401
18771 37542 539743
18771 37543 1
18772 37544 1
18772 37545 1
18773 37546 180275
18773 37547 1
18774 37548 344
18774 37549 1000000
18775 37550 657854
18775 37551 647867
18776 37552 989612
18776 37553 1000000
18777 37554 1
18777 37555 1000000
18778 37556 554695
18778 37557 60189
18779 37558 935961
18779 37559 927488
18780 37560 913100
18780 37561 931989
18781 37562 146
18781 37563 944361
18782 37564 663
18782 37565 970846
18783 37566 818399
18783 37567 557664
18784 37568 926178
18784 37569 1
18785 37570 160664
18785 37571 178907
18786 37572 979728
18786 37573 878
18787 37574 534749
18787 37575 658
18788 37576 635187
18788 37577 230162
18789 37578 912654
18789 37579 266
18790 37580 940436
18790 37581 948678
18791 37582 77677
18791 37583 560091
18792 37584 395
18792 37585 938246
18793 37586 942538
18793 37587 835
18794 37588 867
18794 37589 247
18795 37590 980382
18795 37591 942102
18796 37592 776
18796 37593 954624
18797 37594 976599
18797 37595 323727
18798 37596 907163
18798 37597 1000000
18799 37598 1
18799 37599 979473
18800 37600 625203
18800 37601 481258
18801 37602 1000000
18801 37603 589
18802 37604 912620
18802 37605 867
18803 37606 503921
18803 37607 585
18804 37608 1000000
18804 37609 869801
18805 37610 1000000
18805 37611 350307
18806 37612 176
18806 37613 973605
18807 37614 435
18807 37615 849455
18808 37616 915427
18808 37617 916578
18809 37618 553
18809 37619 1000000
18810 37620 1
18810 37621 304
18811 37622 997147
18811 37623 965021
18812 37624 88443
18812 37625 386
18813 37626 715827
18813 37627 46650
18814 37628 70
18814 37629 152
18815 37630 535482
18815 37631 978582
18816 37632 167086
18816 37633 942070
18817 37634 640
18817 37635 1
18818 37636 984138
18818 37637 117110
18819 37638 255493
18819 37639 948965
18820 37640 1000000
18820 37641 402806
18821 37642 964746
18821 37643 279572
18822 37644 769
18822 37645 975194
18823 37646 690
18823 37647 917453
18824 37648 473966
18824 37649 335463
18825 37650 962679
18825 37651 419640
18826 37652 967372
18826 37653 1
18827 37654 987929
18827 37655 478836
18828 37656 945327
18828 37657 442834
18829 37658 888880
18829 37659 944275
18830 37660 1
18830 37661 951482
18831 37662 1
18831 37663 567085
18832 37664 340
18832 37665 997904
18833 37666 954859
18833 37667 80
18834 37668 920538
18834 37669 907190
18835 37670 1000000
18835 37671 1000000
18836 37672 956090
18836 37673 961406
18837 37674 697383
18837 37675 752574
18838 37676 994084
18838 37677 926808
18839 37678 995916
18839 37679 981169
18840 37680 890319
18840 37681 800
18841 37682 265
18841 37683 1
18842 37684 751
18842 37685 741697
18843 37686 876
18843 37687 929086
18844 37688 916324
18844 37689 656
18845 37690 989735
18845 37691 937991
18846 37692 938
18846 37693 1000000
18847 37694 638500
18847 37695 234
18848 37696 931130
18848 37697 160933
18849 37698 1
18849 37699 466093
18850 37700 768
18850 37701 205578
18851 37702 336886
18851 37703 130324
18852 37704 735
18852 37705 844
18853 37706 498384
18853 37707 1000000
18854 37708 397792
18854 37709 914180
18855 37710 924
18855 37711 371
18856 37712 1
18856 37713 936933
18857 37714 175
18857 37715 977447
18858 37716 943144
18858 37717 389
18859 37718 581404
18859 37719 64776
18860 37720 659
18860 37721 1
18861 37722 905991
18861 37723 1
18862 37724 765807
18862 37725 426
18863 37726 1
18863 37727 940279
18864 37728 263990
18864 37729 1000000
18865 37730 1
18865 37731 908129
18866 37732 352001
18866 37733 769705
18867 37734 1
18867 37735 747358
18868 37736 921889
18868 37737 436
18869 37738 23070
18869 37739 375
18870 37740 885307
18870 37741 947779
18871 37742 724
18871 37743 498
18872 37744 1000000
18872 37745 633
18873 37746 486589
18873 37747 285616
18874 37748 911
18874 37749 911315
18875 37750 757
18875 37751 1
18876 37752 988256
18876 37753 189568
18877 37754 275
18877 37755 909271
18878 37756 1
18878 37757 452
18879 37758 1000000
18879 37759 914249
18880 37760 980433
18880 37761 943707
18881 37762 927040
18881 37763 48
18882 37764 971793
18882 37765 939648
18883 37766 13
18883 37767 740279
18884 37768 344
18884 37769 934935
18885 37770 992375
18885 37771 921952
18886 37772 926287
18886 37773 999678
18887 37774 930906
18887 37775 839118
18888 37776 995064
18888 37777 38981
18889 37778 920910
18889 37779 227588
18890 37780 710
18890 37781 45
18891 37782 955275
18891 37783 985538
18892 37784 905858
18892 37785 1000000
18893 37786 1
18893 37787 630820
18894 37788 195
18894 37789 680726
18895 37790 956142
18895 37791 772194
18896 37792 966088
18896 37793 922203
18897 37794 970
18897 37795 912398
18898 37796 358
18898 37797 772468
18899 37798 963763
18899 37799 922958
18900 37800 992556
18900 37801 910985
18901 37802 967238
18901 37803 629592
18902 37804 904413
18902 37805 206781
18903 37806 967766
18903 37807 954482
18904 37808 442900
18904 37809 707
18905 37810 1
18905 37811 1000000
18906 37812 1
18906 37813 1000000
18907 37814 985628
18907 37815 662
18908 37816 25193
18908 37817 1000000
18909 37818 928572
18909 37819 1
18910 37820 742487
18910 37821 734208
18911 37822 547
18911 37823 876
18912 37824 557
18912 37825 994344
18913 37826 433
18913 37827 1000000
18914 37828 936381
18914 37829 491137
18915 37830 346425
18915 37831 961253
18916 37832 325199
18916 37833 952956
18917 37834 445890
18917 37835 286661
18918 37836 949951
18918 37837 135947
18919 37838 204159
18919 37839 996697
18920 37840 985548
18920 37841 919468
18921 37842 942624
18921 37843 974324
18922 37844 1
18922 37845 960876
18923 37846 150492
18923 37847 939980
18924 37848 699565
18924 37849 121398
18925 37850 934919
18925 37851 1
18926 37852 800801
18926 37853 910822
18927 37854 711
18927 37855 328
18928 37856 1000000
18928 37857 776562
18929 37858 947885
18929 37859 822
18930 37860 921076
18930 37861 503129
18931 37862 952731
18931 37863 581942
18932 37864 1
18932 37865 1000000
18933 37866 930127
18933 37867 958971
18934 37868 286880
18934 37869 180171
18935 37870 534421
18935 37871 145399
18936 37872 270329
18936 37873 988796
18937 37874 1000000
18937 37875 1000000
18938 37876 234645
18938 37877 251
18939 37878 906047
18939 37879 549
18940 37880 896610
18940 37881 175
18941 37882 870
18941 37883 1000000
18942 37884 505
18942 37885 141
18943 37886 619
18943 37887 920558
18944 37888 476
18944 37889 1000000
18945 37890 912964
18945 37891 1000000
18946 37892 717
18946 37893 51
18947 37894 598878
18947 37895 374500
18948 37896 449
18948 37897 560517
18949 37898 1000000
18949 37899 478950
18950 37900 907719
18950 37901 983651
18951 37902 371
18951 37903 150
18952 37904 277
18952 37905 964329
18953 37906 942244
18953 37907 1000000
18954 37908 1000000
18954 37909 397795
18955 37910 69491
18955 37911 823789
18956 37912 241281
18956 37913 952465
18957 37914 544698
18957 37915 968890
18958 37916 946370
18958 37917 665
18959 37918 1000000
18959 37919 322513
18960 37920 412
18960 37921 412607
18961 37922 947396
18961 37923 1
18962 37924 57707
18962 37925 345549
18963 37926 338
18963 37927 231263
18964 37928 17963
18964 37929 951270
18965 37930 954691
18965 37931 424941
18966 37932 376631
18966 37933 71
18967 37934 1
18967 37935 801680
18968 37936 14867
18968 37937 509100
18969 37938 966501
18969 37939 919
18970 37940 948764
18970 37941 936287
18971 37942 908129
18971 37943 481
18972 37944 816
18972 37945 3014
18973 37946 950184
18973 37947 419498
18974 37948 1000000
18974 37949 573
18975 37950 724684
18975 37951 154809
18976 37952 929394
18976 37953 939680
18977 37954 906058
18977 37955 290959
18978 37956 946974
18978 37957 550601
18979 37958 587755
18979 37959 746
18980 37960 83
18980 37961 348556
18981 37962 940387
18981 37963 4899
18982 37964 597
18982 37965 938216
18983 37966 955032
18983 37967 945455
18984 37968 1000000
18984 37969 912493
18985 37970 326933
18985 37971 987
18986 37972 971
18986 37973 1000000
18987 37974 1000000
18987 37975 671046
18988 37976 313
18988 37977 251069
18989 37978 937326
18989 37979 688795
18990 37980 900183
18990 37981 851794
18991 37982 928006
18991 37983 995453
18992 37984 463113
18992 37985 902912
18993 37986 916696
18993 37987 753
18994 37988 560785
18994 37989 908843
18995 37990 152
18995 37991 805
18996 37992 991712
18996 37993 945137
18997 37994 195215
18997 37995 492907
18998 37996 991705
18998 37997 901406
18999 37998 974130
18999 37999 984948
19000 38000 681961
19000 38001 50269
19001 38002 938853
19001 38003 993437
19002 38004 719225
19002 38005 939843
19003 38006 1000000
19003 38007 708476
19004 38008 998104
19004 38009 533813
19005 38010 891164
19005 38011 899651
19006 38012 563
19006 38013 1
19007 38014 134212
19007 38015 994651
19008 38016 1
19008 38017 150468
19009 38018 910195
19009 38019 941340
19010 38020 955928
19010 38021 933213
19011 38022 1000000
19011 38023 981579
19012 38024 1000000
19012 38025 1000000
19013 38026 992932
19013 38027 993169
19014 38028 981945
19014 38029 695737
19015 38030 685187
19015 38031 48356
19016 38032 505353
19016 38033 935598
19017 38034 56
19017 38035 381
19018 38036 1000000
19018 38037 943282
19019 38038 77858
19019 38039 36214
19020 38040 413232
19020 38041 991334
19021 38042 252330
19021 38043 964644
19022 38044 379249
19022 38045 1000000
19023 38046 463556
19023 38047 986858
19024 38048 913086
19024 38049 347217
19025 38050 132970
19025 38051 21
19026 38052 805854
19026 38053 938759
19027 38054 1000000
19027 38055 310739
19028 38056 976069
19028 38057 1
19029 38058 953374
19029 38059 332
19030 38060 939807
19030 38061 781369
19031 38062 916040
19031 38063 989418
19032 38064 1
19032 38065 1000000
19033 38066 290214
19033 38067 912683
19034 38068 980
19034 38069 935222
19035 38070 204171
19035 38071 1000000
19036 38072 1000000
19036 38073 536860
19037 38074 555145
19037 38075 932321
19038 38076 933461
19038 38077 973411
19039 38078 503181
19039 38079 598390
19040 38080 940387
19040 38081 1000000
19041 38082 542764
19041 38083 638837
19042 38084 275999
19042 38085 1000000
19043 38086 947774
19043 38087 898868
19044 38088 573254
19044 38089 944165
19045 38090 913789
19045 38091 321587
19046 38092 205514
19046 38093 945379
19047 38094 363394
19047 38095 981754
19048 38096 961757
19048 38097 758115
19049 38098 937754
19049 38099 946530
19050 38100 939865
19050 38101 336441
19051 38102 1
19051 38103 630
19052 38104 340
19052 38105 366829
19053 38106 532
19053 38107 412769
19054 38108 999156
19054 38109 563
19055 38110 1000000
19055 38111 737
19056 38112 1000000
19056 38113 271129
19057 38114 953959
19057 38115 935177
19058 38116 1000000
19058 38117 470763
19059 38118 1000000
19059 38119 597008
19060 38120 260
19060 38121 856
19061 38122 430069
19061 38123 953767
19062 38124 927751
19062 38125 931579
19063 38126 173
19063 38127 993446
19064 38128 981665
19064 38129 743774
19065 38130 787428
19065 38131 667
19066 38132 940385
19066 38133 988580
19067 38134 300327
19067 38135 424
19068 38136 903347
19068 38137 1000000
19069 38138 497492
19069 38139 924202
19070 38140 272245
19070 38141 1
19071 38142 996359
19071 38143 674
19072 38144 1000000
19072 38145 954703
19073 38146 716
19073 38147 571
19074 38148 921309
19074 38149 958330
19075 38150 931183
19075 38151 923936
19076 38152 222402
19076 38153 255624
19077 38154 969936
19077 38155 134238
19078 38156 926298
19078 38157 96
19079 38158 257477
19079 38159 997
19080 38160 503083
19080 38161 674842
19081 38162 1000000
19081 38163 641387
19082 38164 876477
19082 38165 910876
19083 38166 937094
19083 38167 42213
19084 38168 788
19084 38169 990364
19085 38170 926844
19085 38171 289134
19086 38172 778
19086 38173 958974
19087 38174 914524
19087 38175 216002
19088 38176 706612
19088 38177 131
19089 38178 291555
19089 38179 914732
19090 38180 228
19090 38181 942103
19091 38182 935086
19091 38183 75654
19092 38184 957591
19092 38185 108
19093 38186 910203
19093 38187 916961
19094 38188 149921
19094 38189 458601
19095 38190 984742
19095 38191 74118
19096 38192 807372
19096 38193 977424
19097 38194 966368
19097 38195 857572
19098 38196 375
19098 38197 358227
19099 38198 1000000
19099 38199 203464
19100 38200 921539
19100 38201 1000000
19101 38202 599991
19101 38203 1000000
19102 38204 578950
19102 38205 822
19103 38206 918568
19103 38207 923005
19104 38208 920547
19104 38209 908998
19105 38210 321840
19105 38211 1
19106 38212 1
19106 38213 941977
19107 38214 925691
19107 38215 853580
19108 38216 1000000
19108 38217 979663
19109 38218 338298
19109 38219 543
19110 38220 63
19110 38221 1
19111 38222 1
19111 38223 678
19112 38224 1000000
19112 38225 977681
19113 38226 984154
19113 38227 1
19114 38228 54
19114 38229 960812
19115 38230 638421
19115 38231 105613
19116 38232 481914
19116 38233 949769
19117 38234 683384
19117 38235 971089
19118 38236 738162
19118 38237 444550
19119 38238 922944
19119 38239 926908
19120 38240 209
19120 38241 889062
19121 38242 997195
19121 38243 905148
19122 38244 769622
19122 38245 1000000
19123 38246 929129
19123 38247 933832
19124 38248 784
19124 38249 1000000
19125 38250 969896
19125 38251 585719
19126 38252 644115
19126 38253 394450
19127 38254 631522
19127 38255 568150
19128 38256 1
19128 38257 449267
19129 38258 552653
19129 38259 532920
19130 38260 839
19130 38261 702
19131 38262 1000000
19131 38263 249753
19132 38264 981875
19132 38265 341722
19133 38266 983214
19133 38267 1000000
19134 38268 861923
19134 38269 1
19135 38270 48694
19135 38271 871
19136 38272 1000000
19136 38273 943244
19137 38274 1
19137 38275 1000000
19138 38276 1
19138 38277 932614
19139 38278 230983
19139 38279 297
19140 38280 999397
19140 38281 118433
19141 38282 1000000
19141 38283 923846
19142 38284 778039
19142 38285 729884
19143 38286 1000000
19143 38287 372725
19144 38288 1000000
19144 38289 1000000
19145 38290 781830
19145 38291 574
19146 38292 845316
19146 38293 1000000
19147 38294 883467
19147 38295 272
19148 38296 556409
19148 38297 904881
19149 38298 816071
19149 38299 114180
19150 38300 960739
19150 38301 866360
19151 38302 220434
19151 38303 989477
19152 38304 347
19152 38305 1000000
19153 38306 92249
19153 38307 342148
19154 38308 1000000
19154 38309 943017
19155 38310 328644
19155 38311 169849
19156 38312 1000000
19156 38313 705056
19157 38314 970475
19157 38315 920354
19158 38316 1000000
19158 38317 495
19159 38318 1
19159 38319 225
19160 38320 804
19160 38321 911043
19161 38322 959508
19161 38323 927131
19162 38324 759
19162 38325 993520
19163 38326 254071
19163 38327 695506
19164 38328 119
19164 38329 358015
19165 38330 976282
19165 38331 971647
19166 38332 708341
19166 38333 612473
19167 38334 515180
19167 38335 850855
19168 38336 1
19168 38337 95
19169 38338 298
19169 38339 912276
19170 38340 1
19170 38341 1000000
19171 38342 956880
19171 38343 651871
19172 38344 1000000
19172 38345 992279
19173 38346 245330
19173 38347 748431
19174 38348 1000000
19174 38349 1
19175 38350 975533
19175 38351 520017
19176 38352 857
19176 38353 978806
19177 38354 411819
19177 38355 972116
19178 38356 356782
19178 38357 367706
19179 38358 918212
19179 38359 671
19180 38360 44
19180 38361 878
19181 38362 845
19181 38363 985632
19182 38364 903487
19182 38365 971912
19183 38366 1000000
19183 38367 928219
19184 38368 906389
19184 38369 1000000
19185 38370 1000000
19185 38371 990645
19186 38372 209965
19186 38373 611694
19187 38374 1000000
19187 38375 436
19188 38376 902416
19188 38377 151
19189 38378 916884
19189 38379 641543
19190 38380 952611
19190 38381 571745
19191 38382 540561
19191 38383 180908
19192 38384 965597
19192 38385 418
19193 38386 973546
19193 38387 918359
19194 38388 873623
19194 38389 236859
19195 38390 929660
19195 38391 982665
19196 38392 903735
19196 38393 998750
19197 38394 903412
19197 38395 452801
19198 38396 877369
19198 38397 931
19199 38398 876802
19199 38399 523245
19200 38400 939019
19200 38401 875655
19201 38402 963120
19201 38403 273447
19202 38404 41013
19202 38405 1000000
19203 38406 932342
19203 38407 908417
19204 38408 956817
19204 38409 185
19205 38410 502
19205 38411 249
19206 38412 193
19206 38413 320
19207 38414 901672
19207 38415 98448
19208 38416 81
19208 38417 924419
19209 38418 598285
19209 38419 192995
19210 38420 982939
19210 38421 484
19211 38422 989526
19211 38423 432572
19212 38424 965022
19212 38425 1000000
19213 38426 564540
19213 38427 920748
19214 38428 911358
19214 38429 973245
19215 38430 757719
19215 38431 263
19216 38432 897081
19216 38433 873401
19217 38434 997273
19217 38435 376072
19218 38436 385573
19218 38437 1
19219 38438 663263
19219 38439 1000000
19220 38440 903713
19220 38441 492652
19221 38442 947018
19221 38443 920203
19222 38444 978569
19222 38445 597
19223 38446 456
19223 38447 2911
19224 38448 890411
19224 38449 921125
19225 38450 916134
19225 38451 946586
19226 38452 946969
19226 38453 971314
19227 38454 366
19227 38455 183565
19228 38456 829386
19228 38457 1
19229 38458 994933
19229 38459 831
19230 38460 248
19230 38461 308150
19231 38462 1000000
19231 38463 995101
19232 38464 982540
19232 38465 397
19233 38466 1000000
19233 38467 381786
19234 38468 934487
19234 38469 954810
19235 38470 1000000
19235 38471 954077
19236 38472 924934
19236 38473 994657
19237 38474 317
19237 38475 938231
19238 38476 582
19238 38477 956375
19239 38478 237107
19239 38479 736
19240 38480 295707
19240 38481 867035
19241 38482 326459
19241 38483 315222
19242 38484 92
19242 38485 995831
19243 38486 133218
19243 38487 974772
19244 38488 920056
19244 38489 903706
19245 38490 987496
19245 38491 668
19246 38492 918848
19246 38493 952488
19247 38494 3
19247 38495 954171
19248 38496 253
19248 38497 316892
19249 38498 954847
19249 38499 254891
19250 38500 85
19250 38501 810
19251 38502 272
19251 38503 729
19252 38504 947989
19252 38505 365844
19253 38506 78
19253 38507 930498
19254 38508 869468
19254 38509 942563
19255 38510 730052
19255 38511 947352
19256 38512 73453
19256 38513 1000000
19257 38514 471933
19257 38515 399062
19258 38516 191340
19258 38517 406
19259 38518 1000000
19259 38519 349572
19260 38520 1
19260 38521 914739
19261 38522 979417
19261 38523 251039
19262 38524 1000000
19262 38525 949862
19263 38526 1000000
19263 38527 962782
19264 38528 943516
19264 38529 940299
19265 38530 1
19265 38531 942439
19266 38532 1000000
19266 38533 94986
19267 38534 918698
19267 38535 1
19268 38536 102
19268 38537 748480
19269 38538 671855
19269 38539 526
19270 38540 981702
19270 38541 138525
19271 38542 901618
19271 38543 651
19272 38544 996436
19272 38545 909107
19273 38546 982803
19273 38547 1000000
19274 38548 970
19274 38549 606
19275 38550 1
19275 38551 993842
19276 38552 858497
19276 38553 988295
19277 38554 918984
19277 38555 372
19278 38556 922034
19278 38557 93
19279 38558 730660
19279 38559 1000000
19280 38560 111040
19280 38561 976978
19281 38562 977833
19281 38563 975050
19282 38564 180513
19282 38565 547003
19283 38566 1000000
19283 38567 608
19284 38568 1000000
19284 38569 246754
19285 38570 909565
19285 38571 1000000
19286 38572 1000000
19286 38573 949741
19287 38574 157769
19287 38575 641
19288 38576 909180
19288 38577 348
19289 38578 56
19289 38579 416221
19290 38580 960597
19290 38581 956617
19291 38582 112831
19291 38583 478905
19292 38584 984528
19292 38585 316
19293 38586 485
19293 38587 921336
19294 38588 183
19294 38589 911622
19295 38590 771284
19295 38591 454
19296 38592 1
19296 38593 356
19297 38594 688
19297 38595 1000000
19298 38596 975351
19298 38597 960160
19299 38598 646
19299 38599 1000000
19300 38600 818582
19300 38601 916300
19301 38602 140582
19301 38603 1000000
19302 38604 941088
19302 38605 88
19303 38606 969982
19303 38607 975711
19304 38608 1000000
19304 38609 1000000
19305 38610 337334
19305 38611 923776
19306 38612 977127
19306 38613 692
19307 38614 574521
19307 38615 913021
19308 38616 975135
19308 38617 987113
19309 38618 1000000
19309 38619 216
19310 38620 952266
19310 38621 916297
19311 38622 327368
19311 38623 948313
19312 38624 510290
19312 38625 709
19313 38626 739
19313 38627 282954
19314 38628 944876
19314 38629 749712
19315 38630 1
19315 38631 293
19316 38632 221140
19316 38633 517585
19317 38634 936058
19317 38635 919762
19318 38636 1000000
19318 38637 946654
19319 38638 803066
19319 38639 866668
19320 38640 237674
19320 38641 998
19321 38642 516568
19321 38643 87
19322 38644 909365
19322 38645 602841
19323 38646 718
19323 38647 53
19324 38648 925191
19324 38649 923739
19325 38650 966721
19325 38651 951204
19326 38652 1000000
19326 38653 908058
19327 38654 1
19327 38655 827387
19328 38656 1
19328 38657 1000000
19329 38658 995583
19329 38659 1000000
19330 38660 939492
19330 38661 1
19331 38662 912881
19331 38663 508561
19332 38664 619963
19332 38665 945126
19333 38666 992799
19333 38667 348602
19334 38668 423993
19334 38669 707208
19335 38670 34964
19335 38671 971513
19336 38672 311
19336 38673 155512
19337 38674 934097
19337 38675 901830
19338 38676 951015
19338 38677 834
19339 38678 251399
19339 38679 309233
19340 38680 612023
19340 38681 959595
19341 38682 922680
19341 38683 941373
19342 38684 833158
19342 38685 847
19343 38686 730319
19343 38687 183
19344 38688 968308
19344 38689 181918
19345 38690 911419
19345 38691 910661
19346 38692 1
19346 38693 95550
19347 38694 981218
19347 38695 993046
19348 38696 969872
19348 38697 222465
19349 38698 369794
19349 38699 1
19350 38700 859370
19350 38701 78065
19351 38702 941640
19351 38703 933525
19352 38704 903027
19352 38705 720988
19353 38706 777250
19353 38707 904369
19354 38708 584148
19354 38709 131944
19355 38710 995961
19355 38711 1000000
19356 38712 1000000
19356 38713 921056
19357 38714 764
19357 38715 1000000
19358 38716 1000000
19358 38717 968663
19359 38718 921693
19359 38719 74857
19360 38720 95546
19360 38721 959
19361 38722 540613
19361 38723 662
19362 38724 1
19362 38725 669
19363 38726 1000000
19363 38727 959532
19364 38728 966027
19364 38729 962611
19365 38730 907294
19365 38731 978635
19366 38732 574226
19366 38733 425
19367 38734 944749
19367 38735 360
19368 38736 994
19368 38737 992210
19369 38738 562
19369 38739 975869
19370 38740 463358
19370 38741 893475
19371 38742 978677
19371 38743 149914
19372 38744 365
19372 38745 309753
19373 38746 204
19373 38747 953932
19374 38748 645
19374 38749 567770
19375 38750 968812
19375 38751 736773
19376 38752 934422
19376 38753 929219
19377 38754 415274
19377 38755 2
19378 38756 422432
19378 38757 1
19379 38758 1
19379 38759 684240
19380 38760 353
19380 38761 426911
19381 38762 899067
19381 38763 1000000
19382 38764 597993
19382 38765 708881
19383 38766 972604
19383 38767 660
19384 38768 584
19384 38769 56207
19385 38770 856
19385 38771 941103
19386 38772 237016
19386 38773 559647
19387 38774 940970
19387 38775 225793
19388 38776 44877
19388 38777 968206
19389 38778 955730
19389 38779 1000000
19390 38780 171890
19390 38781 673
19391 38782 953136
19391 38783 842
19392 38784 696
19392 38785 515
19393 38786 912536
19393 38787 924413
19394 38788 992627
19394 38789 1000000
19395 38790 439
19395 38791 667444
19396 38792 432
19396 38793 989045
19397 38794 925240
19397 38795 1000000
19398 38796 990
19398 38797 1000000
19399 38798 263
19399 38799 963463
19400 38800 924091
19400 38801 1000000
19401 38802 1000000
19401 38803 804518
19402 38804 386309
19402 38805 922701
19403 38806 968418
19403 38807 1
19404 38808 958218
19404 38809 957952
19405 38810 1000000
19405 38811 87597
19406 38812 1000000
19406 38813 604
19407 38814 160
19407 38815 1000000
19408 38816 158
19408 38817 191138
19409 38818 33
19409 38819 522800
19410 38820 59012
19410 38821 4
19411 38822 34456
19411 38823 956474
19412 38824 594487
19412 38825 902054
19413 38826 712632
19413 38827 844
19414 38828 746609
19414 38829 231
19415 38830 921050
19415 38831 956409
19416 38832 65
19416 38833 1
19417 38834 420
19417 38835 1000000
19418 38836 922360
19418 38837 931272
19419 38838 48343
19419 38839 306669
19420 38840 916
19420 38841 825806
19421 38842 328
19421 38843 228370
19422 38844 657
19422 38845 747
19423 38846 1
19423 38847 1
19424 38848 1
19424 38849 906
19425 38850 996594
19425 38851 517525
19426 38852 947034
19426 38853 294540
19427 38854 1
19427 38855 671
19428 38856 165
19428 38857 1
19429 38858 40560
19429 38859 876229
19430 38860 926520
19430 38861 988410
19431 38862 310
19431 38863 941837
19432 38864 1000000
19432 38865 935233
19433 38866 457180
19433 38867 1000000
19434 38868 912419
19434 38869 970310
19435 38870 1
19435 38871 951863
19436 38872 702893
19436 38873 648494
19437 38874 764003
19437 38875 1
19438 38876 255188
19438 38877 902462
19439 38878 881
19439 38879 947987
19440 38880 141
19440 38881 956467
19441 38882 810
19441 38883 923313
19442 38884 1
19442 38885 486699
19443 38886 838400
19443 38887 524796
19444 38888 909329
19444 38889 335
19445 38890 939708
19445 38891 996483
19446 38892 924396
19446 38893 555249
19447 38894 141
19447 38895 140
19448 38896 633481
19448 38897 987424
19449 38898 559
19449 38899 855629
19450 38900 974349
19450 38901 1000000
19451 38902 1000000
19451 38903 357327
19452 38904 928504
19452 38905 963107
19453 38906 988509
19453 38907 919925
19454 38908 813900
19454 38909 1
19455 38910 698244
19455 38911 991416
19456 38912 926789
19456 38913 988428
19457 38914 1
19457 38915 250801
19458 38916 623627
19458 38917 115030
19459 38918 822
19459 38919 260
19460 38920 899676
19460 38921 242983
19461 38922 139
19461 38923 125805
19462 38924 743970
19462 38925 242
19463 38926 625
19463 38927 876
19464 38928 403632
19464 38929 1
19465 38930 1000000
19465 38931 759
19466 38932 1000000
19466 38933 952844
19467 38934 997746
19467 38935 965833
19468 38936 939958
19468 38937 1000000
19469 38938 969597
19469 38939 65
19470 38940 536278
19470 38941 824011
19471 38942 707
19471 38943 972515
19472 38944 1000000
19472 38945 961605
19473 38946 889935
19473 38947 1000000
19474 38948 385770
19474 38949 965397
19475 38950 294848
19475 38951 882340
19476 38952 543
19476 38953 309039
19477 38954 505
19477 38955 1000000
19478 38956 687
19478 38957 904869
19479 38958 934622
19479 38959 119390
19480 38960 1000000
19480 38961 989089
19481 38962 591169
19481 38963 685521
19482 38964 772794
19482 38965 294747
19483 38966 762
19483 38967 310571
19484 38968 927983
19484 38969 312808
19485 38970 174961
19485 38971 897
19486 38972 1000000
19486 38973 88282
19487 38974 930593
19487 38975 1
19488 38976 990660
19488 38977 957455
19489 38978 918
19489 38979 979983
19490 38980 941059
19490 38981 1000000
19491 38982 972195
19491 38983 109151
19492 38984 1000000
19492 38985 172227
19493 38986 202
19493 38987 332251
19494 38988 199797
19494 38989 841869
19495 38990 919516
19495 38991 912905
19496 38992 1000000
19496 38993 917846
19497 38994 80834
19497 38995 935086
19498 38996 928
19498 38997 898705
19499 38998 1
19499 38999 610317
19500 39000 979015
19500 39001 237636
19501 39002 1000000
19501 39003 931987
19502 39004 824
19502 39005 752607
19503 39006 980121
19503 39007 211
19504 39008 1
19504 39009 984593
19505 39010 1
19505 39011 585
19506 39012 425
19506 39013 1000000
19507 39014 628289
19507 39015 1000000
19508 39016 979423
19508 39017 937
19509 39018 225379
19509 39019 942349
19510 39020 77
19510 39021 1000000
19511 39022 36998
19511 39023 934557
19512 39024 950737
19512 39025 1000000
19513 39026 792
19513 39027 971934
19514 39028 1
19514 39029 179072
19515 39030 993752
19515 39031 959989
19516 39032 956883
19516 39033 1000000
19517 39034 64009
19517 39035 1000000
19518 39036 939333
19518 39037 1000000
19519 39038 957680
19519 39039 975743
19520 39040 900865
19520 39041 919134
19521 39042 905816
19521 39043 811
19522 39044 668273
19522 39045 358294
19523 39046 479
19523 39047 796
19524 39048 630
19524 39049 1
19525 39050 724906
19525 39051 57
19526 39052 926280
19526 39053 607
19527 39054 949
19527 39055 985760
19528 39056 73
19528 39057 952038
19529 39058 906187
19529 39059 930709
19530 39060 874
19530 39061 905705
19531 39062 426
19531 39063 1
19532 39064 1000000
19532 39065 1000000
19533 39066 997727
19533 39067 982512
19534 39068 973298
19534 39069 1000000
19535 39070 1000000
19535 39071 971517
19536 39072 911525
19536 39073 338683
19537 39074 490960
19537 39075 995939
19538 39076 641
19538 39077 1000000
19539 39078 234
19539 39079 1000000
19540 39080 133
19540 39081 775797
19541 39082 252458
19541 39083 946728
19542 39084 481
19542 39085 993333
19543 39086 951608
19543 39087 612656
19544 39088 1000000
19544 39089 884
19545 39090 930115
19545 39091 397761
19546 39092 711914
19546 39093 902657
19547 39094 1590
19547 39095 1000000
19548 39096 904238
19548 39097 978942
19549 39098 908334
19549 39099 174
19550 39100 905233
19550 39101 883
19551 39102 252070
19551 39103 795099
19552 39104 975665
19552 39105 538670
19553 39106 526
19553 39107 995390
19554 39108 926785
19554 39109 1000000
19555 39110 649
19555 39111 934632
19556 39112 359
19556 39113 996250
19557 39114 798273
19557 39115 429
19558 39116 954738
19558 39117 39
19559 39118 908171
19559 39119 952822
19560 39120 967962
19560 39121 1000000
19561 39122 340
19561 39123 904622
19562 39124 1
19562 39125 833717
19563 39126 1000000
19563 39127 973420
19564 39128 358981
19564 39129 1000000
19565 39130 361827
19565 39131 19
19566 39132 990
19566 39133 982745
19567 39134 1000000
19567 39135 916313
19568 39136 728
19568 39137 363
19569 39138 639
19569 39139 903387
19570 39140 1
19570 39141 786
19571 39142 856922
19571 39143 362
19572 39144 1000000
19572 39145 472
19573 39146 29556
19573 39147 943656
19574 39148 985183
19574 39149 1
19575 39150 952678
19575 39151 590157
19576 39152 954433
19576 39153 118
19577 39154 570392
19577 39155 639534
19578 39156 331345
19578 39157 602
19579 39158 1000000
19579 39159 963815
19580 39160 78768
19580 39161 1000000
19581 39162 1000000
19581 39163 1
19582 39164 851126
19582 39165 1000000
19583 39166 960323
19583 39167 917197
19584 39168 580
19584 39169 228382
19585 39170 1000000
19585 39171 884192
19586 39172 1
19586 39173 914536
19587 39174 345944
19587 39175 920
19588 39176 984740
19588 39177 929762
19589 39178 913045
19589 39179 906144
19590 39180 341
19590 39181 251547
19591 39182 393
19591 39183 926475
19592 39184 2723
19592 39185 986
19593 39186 998022
19593 39187 925258
19594 39188 792
19594 39189 915845
19595 39190 739294
19595 39191 1000000
19596 39192 176
19596 39193 924
19597 39194 865939
19597 39195 921187
19598 39196 299532
19598 39197 949021
19599 39198 957780
19599 39199 590769
19600 39200 840270
19600 39201 1000000
19601 39202 975196
19601 39203 29829
19602 39204 271555
19602 39205 1
19603 39206 940
19603 39207 153304
19604 39208 240
19604 39209 678
19605 39210 915
19605 39211 493
19606 39212 433
19606 39213 898717
19607 39214 966550
19607 39215 867
19608 39216 543780
19608 39217 273
19609 39218 5629
19609 39219 410784
19610 39220 435
19610 39221 599688
19611 39222 1
19611 39223 736033
19612 39224 215962
19612 39225 987867
19613 39226 943626
19613 39227 923789
19614 39228 767175
19614 39229 962254
19615 39230 328229
19615 39231 1
19616 39232 744687
19616 39233 145295
19617 39234 507
19617 39235 981476
19618 39236 508
19618 39237 934936
19619 39238 984
19619 39239 378033
19620 39240 755
19620 39241 1000000
19621 39242 991309
19621 39243 933857
19622 39244 355703
19622 39245 482
19623 39246 938621
19623 39247 965995
19624 39248 232802
19624 39249 982726
19625 39250 912526
19625 39251 160365
19626 39252 513958
19626 39253 1000000
19627 39254 545794
19627 39255 1000000
19628 39256 935142
19628 39257 205410
19629 39258 207
19629 39259 764
19630 39260 927173
19630 39261 186
19631 39262 823506
19631 39263 478
19632 39264 962654
19632 39265 344447
19633 39266 910830
19633 39267 169980
19634 39268 361120
19634 39269 793692
19635 39270 983248
19635 39271 621
19636 39272 952997
19636 39273 935737
19637 39274 969496
19637 39275 669723
19638 39276 701349
19638 39277 923851
19639 39278 1000000
19639 39279 950622
19640 39280 932085
19640 39281 741838
19641 39282 943025
19641 39283 795
19642 39284 184944
19642 39285 735
19643 39286 711
19643 39287 929326
19644 39288 954090
19644 39289 906117
19645 39290 927135
19645 39291 831214
19646 39292 648308
19646 39293 925402
19647 39294 976003
19647 39295 906379
19648 39296 912363
19648 39297 957489
19649 39298 131
19649 39299 980506
19650 39300 1000000
19650 39301 297996
19651 39302 555111
19651 39303 607320
19652 39304 855033
19652 39305 904366
19653 39306 211127
19653 39307 983698
19654 39308 298
19654 39309 660
19655 39310 997213
19655 39311 701
19656 39312 423541
19656 39313 965885
19657 39314 955502
19657 39315 992477
19658 39316 815215
19658 39317 417141
19659 39318 1000000
19659 39319 994064
19660 39320 975729
19660 39321 130509
19661 39322 122663
19661 39323 856
19662 39324 929152
19662 39325 1
19663 39326 146412
19663 39327 922414
19664 39328 901693
19664 39329 79
19665 39330 499135
19665 39331 583572
19666 39332 1
19666 39333 980288
19667 39334 354
19667 39335 942235
19668 39336 960373
19668 39337 935371
19669 39338 1000000
19669 39339 904149
19670 39340 852915
19670 39341 918664
19671 39342 1
19671 39343 246210
19672 39344 945910
19672 39345 1000000
19673 39346 980691
19673 39347 950901
19674 39348 268
19674 39349 947365
19675 39350 981793
19675 39351 921046
19676 39352 259328
19676 39353 611880
19677 39354 364
19677 39355 614
19678 39356 66958
19678 39357 154047
19679 39358 975542
19679 39359 980599
19680 39360 928672
19680 39361 644048
19681 39362 61892
19681 39363 988500
19682 39364 902456
19682 39365 996269
19683 39366 103
19683 39367 509
19684 39368 353
19684 39369 921853
19685 39370 1000000
19685 39371 781684
19686 39372 129106
19686 39373 227040
19687 39374 1000000
19687 39375 957480
19688 39376 286
19688 39377 916575
19689 39378 64
19689 39379 732
19690 39380 1000000
19690 39381 999053
19691 39382 721891
19691 39383 970471
19692 39384 440
19692 39385 999805
19693 39386 1000000
19693 39387 33592
19694 39388 737613
19694 39389 864597
19695 39390 169453
19695 39391 394686
19696 39392 740
19696 39393 682
19697 39394 101
19697 39395 1000000
19698 39396 1000000
19698 39397 901656
19699 39398 909185
19699 39399 967249
19700 39400 958917
19700 39401 667685
19701 39402 937698
19701 39403 90192
19702 39404 84068
19702 39405 990424
19703 39406 922863
19703 39407 934446
19704 39408 196
19704 39409 1
19705 39410 770237
19705 39411 971080
19706 39412 997233
19706 39413 909105
19707 39414 1000000
19707 39415 945352
19708 39416 940888
19708 39417 993837
19709 39418 1000000
19709 39419 359890
19710 39420 52872
19710 39421 997661
19711 39422 822
19711 39423 314927
19712 39424 810323
19712 39425 692244
19713 39426 673820
19713 39427 1000000
19714 39428 604
19714 39429 401
19715 39430 661791
19715 39431 894
19716 39432 194
19716 39433 775610
19717 39434 180
19717 39435 482998
19718 39436 1000000
19718 39437 1000000
19719 39438 673718
19719 39439 1
19720 39440 1000000
19720 39441 1
19721 39442 387
19721 39443 911
19722 39444 1
19722 39445 954865
19723 39446 1000000
19723 39447 198969
19724 39448 967785
19724 39449 825
19725 39450 934976
19725 39451 826165
19726 39452 485072
19726 39453 896627
19727 39454 59125
19727 39455 708731
19728 39456 752397
19728 39457 122
19729 39458 471
19729 39459 911389
19730 39460 900665
19730 39461 1000000
19731 39462 911
19731 39463 937108
19732 39464 998009
19732 39465 389056
19733 39466 998449
19733 39467 971161
19734 39468 213655
19734 39469 933326
19735 39470 254266
19735 39471 522088
19736 39472 436
19736 39473 867638
19737 39474 108704
19737 39475 175298
19738 39476 572
19738 39477 452570
19739 39478 995595
19739 39479 901738
19740 39480 990854
19740 39481 996741
19741 39482 212324
19741 39483 407487
19742 39484 956654
19742 39485 525136
19743 39486 958251
19743 39487 734
19744 39488 69299
19744 39489 951082
19745 39490 510765
19745 39491 151016
19746 39492 305777
19746 39493 940601
19747 39494 954100
19747 39495 997788
19748 39496 526460
19748 39497 909797
19749 39498 927812
19749 39499 228
19750 39500 906500
19750 39501 1000000
19751 39502 961776
19751 39503 247966
19752 39504 107
19752 39505 966064
19753 39506 452
19753 39507 979995
19754 39508 566423
19754 39509 843698
19755 39510 913694
19755 39511 481803
19756 39512 1000000
19756 39513 285
19757 39514 632
19757 39515 348
19758 39516 1000000
19758 39517 667374
19759 39518 470
19759 39519 1
19760 39520 996230
19760 39521 919863
19761 39522 757735
19761 39523 996935
19762 39524 927573
19762 39525 324561
19763 39526 645993
19763 39527 417736
19764 39528 834900
19764 39529 907657
19765 39530 398
19765 39531 1000000
19766 39532 701
19766 39533 663975
19767 39534 266780
19767 39535 103
19768 39536 1000000
19768 39537 716
19769 39538 905124
19769 39539 914
19770 39540 931576
19770 39541 479344
19771 39542 222328
19771 39543 555
19772 39544 321745
19772 39545 151
19773 39546 919764
19773 39547 1000000
19774 39548 634
19774 39549 536
19775 39550 993217
19775 39551 946
19776 39552 1000000
19776 39553 27346
19777 39554 429620
19777 39555 664466
19778 39556 901871
19778 39557 955141
19779 39558 46617
19779 39559 530
19780 39560 201
19780 39561 1000000
19781 39562 915642
19781 39563 364828
19782 39564 979820
19782 39565 1
19783 39566 370773
19783 39567 354
19784 39568 947290
19784 39569 944571
19785 39570 1
19785 39571 911824
19786 39572 974036
19786 39573 876458
19787 39574 933856
19787 39575 983737
19788 39576 689
19788 39577 904779
19789 39578 740381
19789 39579 839404
19790 39580 100395
19790 39581 925731
19791 39582 714
19791 39583 20
19792 39584 1000000
19792 39585 526468
19793 39586 1000000
19793 39587 636408
19794 39588 232656
19794 39589 360
19795 39590 77
19795 39591 189
19796 39592 947647
19796 39593 950811
19797 39594 919910
19797 39595 969142
19798 39596 568584
19798 39597 1000000
19799 39598 978987
19799 39599 929491
19800 39600 694638
19800 39601 504
19801 39602 919479
19801 39603 509771
19802 39604 925184
19802 39605 912723
19803 39606 770
19803 39607 1
19804 39608 867406
19804 39609 704748
19805 39610 296
19805 39611 839
19806 39612 311634
19806 39613 861
19807 39614 237643
19807 39615 951590
19808 39616 230228
19808 39617 901684
19809 39618 846
19809 39619 941953
19810 39620 921524
19810 39621 986109
19811 39622 282651
19811 39623 970617
19812 39624 916657
19812 39625 971339
19813 39626 183
19813 39627 1
19814 39628 646
19814 39629 791802
19815 39630 344508
19815 39631 212064
19816 39632 175
19816 39633 941537
19817 39634 944689
19817 39635 1
19818 39636 900
19818 39637 596334
19819 39638 329306
19819 39639 550
19820 39640 360
19820 39641 880306
19821 39642 362428
19821 39643 1
19822 39644 951996
19822 39645 961256
19823 39646 557734
19823 39647 901342
19824 39648 988547
19824 39649 47265
19825 39650 1000000
19825 39651 815
19826 39652 1000000
19826 39653 913653
19827 39654 1000000
19827 39655 1000000
19828 39656 957144
19828 39657 39
19829 39658 931516
19829 39659 705
19830 39660 478
19830 39661 934511
19831 39662 477899
19831 39663 929431
19832 39664 998979
19832 39665 732257
19833 39666 1000000
19833 39667 474
19834 39668 461633
19834 39669 1000000
19835 39670 606
19835 39671 936144
19836 39672 228
19836 39673 906127
19837 39674 984394
19837 39675 295
19838 39676 991632
19838 39677 904941
19839 39678 203627
19839 39679 971784
19840 39680 951392
19840 39681 939941
19841 39682 961
19841 39683 968476
19842 39684 640
19842 39685 125
19843 39686 979007
19843 39687 625889
19844 39688 938041
19844 39689 846179
19845 39690 665143
19845 39691 129
19846 39692 980333
19846 39693 435611
19847 39694 911881
19847 39695 1
19848 39696 431333
19848 39697 911279
19849 39698 966
19849 39699 5
19850 39700 935396
19850 39701 948011
19851 39702 1000000
19851 39703 666328
19852 39704 805276
19852 39705 406
19853 39706 966607
19853 39707 572
19854 39708 472658
19854 39709 172959
19855 39710 1000000
19855 39711 917712
19856 39712 207
19856 39713 258399
19857 39714 606
19857 39715 931463
19858 39716 452
19858 39717 167751
19859 39718 1
19859 39719 937457
19860 39720 770
19860 39721 418
19861 39722 191
19861 39723 919945
19862 39724 635828
19862 39725 891
19863 39726 423
19863 39727 243
19864 39728 27644
19864 39729 235
19865 39730 209
19865 39731 959884
19866 39732 113
19866 39733 203375
19867 39734 1
19867 39735 914539
19868 39736 500362
19868 39737 902477
19869 39738 23966
19869 39739 937892
19870 39740 983828
19870 39741 928368
19871 39742 276286
19871 39743 30408
19872 39744 77
19872 39745 1
19873 39746 1000000
19873 39747 998545
19874 39748 940640
19874 39749 1
19875 39750 164937
19875 39751 939819
19876 39752 652
19876 39753 951991
19877 39754 812702
19877 39755 104065
19878 39756 924642
19878 39757 541284
19879 39758 909983
19879 39759 935833
19880 39760 929485
19880 39761 178
19881 39762 447396
19881 39763 979987
19882 39764 850
19882 39765 324
19883 39766 120097
19883 39767 889
19884 39768 1
19884 39769 1
19885 39770 959345
19885 39771 586003
19886 39772 693
19886 39773 713
19887 39774 102803
19887 39775 772323
19888 39776 653043
19888 39777 920578
19889 39778 1000000
19889 39779 1000000
19890 39780 119
19890 39781 1
19891 39782 175251
19891 39783 1
19892 39784 965708
19892 39785 1
19893 39786 271061
19893 39787 916186
19894 39788 845114
19894 39789 997497
19895 39790 324
19895 39791 548860
19896 39792 921865
19896 39793 234508
19897 39794 924803
19897 39795 486
19898 39796 849
19898 39797 977142
19899 39798 687
19899 39799 513
19900 39800 918128
19900 39801 1000000
19901 39802 121288
19901 39803 421749
19902 39804 964561
19902 39805 912523
19903 39806 1000000
19903 39807 94
19904 39808 227272
19904 39809 719798
19905 39810 950990
19905 39811 1000000
19906 39812 979943
19906 39813 925604
19907 39814 1
19907 39815 979271
19908 39816 697945
19908 39817 1
19909 39818 984665
19909 39819 440292
19910 39820 98034
19910 39821 870457
19911 39822 795513
19911 39823 989616
19912 39824 50
19912 39825 760
19913 39826 214777
19913 39827 862719
19914 39828 1
19914 39829 1000000
19915 39830 185364
19915 39831 878653
19916 39832 1000000
19916 39833 792
19917 39834 865
19917 39835 155583
19918 39836 1000000
19918 39837 263248
19919 39838 910095
19919 39839 268
19920 39840 932550
19920 39841 102
19921 39842 666
19921 39843 214431
19922 39844 521594
19922 39845 515202
19923 39846 812
19923 39847 1000000
19924 39848 763829
19924 39849 583265
19925 39850 1000000
19925 39851 127
19926 39852 970875
19926 39853 931514
19927 39854 331849
19927 39855 1000000
19928 39856 434567
19928 39857 837147
19929 39858 613024
19929 39859 973182
19930 39860 1000000
19930 39861 1000000
19931 39862 1
19931 39863 516239
19932 39864 304089
19932 39865 1000000
19933 39866 1000000
19933 39867 917332
19934 39868 1000000
19934 39869 262885
19935 39870 1
19935 39871 678521
19936 39872 767
19936 39873 306989
19937 39874 1
19937 39875 930158
19938 39876 147
19938 39877 923073
19939 39878 919180
19939 39879 199574
19940 39880 921651
19940 39881 6012
19941 39882 906008
19941 39883 671719
19942 39884 989171
19942 39885 988576
19943 39886 869708
19943 39887 964102
19944 39888 1
19944 39889 320031
19945 39890 1000000
19945 39891 191
19946 39892 533
19946 39893 109545
19947 39894 936944
19947 39895 228585
19948 39896 1
19948 39897 952826
19949 39898 385310
19949 39899 999122
19950 39900 663
19950 39901 378694
19951 39902 476984
19951 39903 73526
19952 39904 689
19952 39905 482066
19953 39906 1000000
19953 39907 1
19954 39908 85
19954 39909 709
19955 39910 450
19955 39911 953466
19956 39912 589254
19956 39913 815
19957 39914 1000000
19957 39915 765705
19958 39916 462
19958 39917 883
19959 39918 917844
19959 39919 979907
19960 39920 472
19960 39921 279774
19961 39922 949348
19961 39923 785
19962 39924 970845
19962 39925 471167
19963 39926 1000
19963 39927 1000000
19964 39928 590445
19964 39929 76
19965 39930 89282
19965 39931 266288
19966 39932 55
19966 39933 488
19967 39934 926855
19967 39935 597855
19968 39936 920319
19968 39937 1
19969 39938 119
19969 39939 1000000
19970 39940 370
19970 39941 56
19971 39942 823381
19971 39943 1000000
19972 39944 991706
19972 39945 1000000
19973 39946 1000000
19973 39947 967
19974 39948 177714
19974 39949 331691
19975 39950 690041
19975 39951 1000000
19976 39952 453545
19976 39953 636
19977 39954 785978
19977 39955 993736
19978 39956 275274
19978 39957 818827
19979 39958 953128
19979 39959 1
19980 39960 273964
19980 39961 954858
19981 39962 974005
19981 39963 16541
19982 39964 1000000
19982 39965 546660
19983 39966 1000000
19983 39967 254542
19984 39968 699
19984 39969 917688
19985 39970 316019
19985 39971 886218
19986 39972 101
19986 39973 815
19987 39974 896325
19987 39975 634812
19988 39976 1000000
19988 39977 972
19989 39978 478
19989 39979 980978
19990 39980 990135
19990 39981 642208
19991 39982 1000000
19991 39983 540851
19992 39984 821411
19992 39985 454
19993 39986 21958
19993 39987 109143
19994 39988 891184
19994 39989 93044
19995 39990 955379
19995 39991 910026
19996 39992 70
19996 39993 312491
19997 39994 661
19997 39995 698
19998 39996 177807
19998 39997 742
19999 39998 946235
19999 39999 995972
20000 40000 770944
20000 40001 1000000
20001 40002 316574
20001 40003 169
20002 40004 979798
20002 40005 963811
20003 40006 752
20003 40007 1000000
20004 40008 909894
20004 40009 799630
20005 40010 916259
20005 40011 424247
20006 40012 1000000
20006 40013 973787
20007 40014 916439
20007 40015 1000000
20008 40016 934832
20008 40017 564536
20009 40018 437488
20009 40019 617171
20010 40020 238153
20010 40021 705189
20011 40022 1000000
20011 40023 987831
20012 40024 923873
20012 40025 816398
20013 40026 403881
20013 40027 1000000
20014 40028 998673
20014 40029 97158
20015 40030 1000000
20015 40031 776
20016 40032 188380
20016 40033 1000000
20017 40034 959949
20017 40035 527530
20018 40036 844989
20018 40037 905439
20019 40038 303104
20019 40039 974605
20020 40040 336194
20020 40041 754235
20021 40042 328
20021 40043 981961
20022 40044 1000000
20022 40045 88834
20023 40046 801944
20023 40047 999531
20024 40048 968324
20024 40049 994971
20025 40050 583039
20025 40051 989721
20026 40052 1
20026 40053 1
20027 40054 816490
20027 40055 697778
20028 40056 797121
20028 40057 947518
20029 40058 952
20029 40059 810552
20030 40060 910769
20030 40061 1000000
20031 40062 976852
20031 40063 206236
20032 40064 964585
20032 40065 938992
20033 40066 942562
20033 40067 929223
20034 40068 995170
20034 40069 1000000
20035 40070 283006
20035 40071 209831
20036 40072 172
20036 40073 397
20037 40074 948187
20037 40075 921421
20038 40076 972979
20038 40077 967392
20039 40078 964593
20039 40079 960276
20040 40080 736
20040 40081 528
20041 40082 258527
20041 40083 946715
20042 40084 591599
20042 40085 242007
20043 40086 348953
20043 40087 1
20044 40088 929412
20044 40089 770
20045 40090 832837
20045 40091 939704
20046 40092 55789
20046 40093 119
20047 40094 446786
20047 40095 1000000
20048 40096 230110
20048 40097 236
20049 40098 991080
20049 40099 432338
20050 40100 900631
20050 40101 666263
20051 40102 21
20051 40103 505279
20052 40104 890
20052 40105 1000000
20053 40106 850
20053 40107 1
20054 40108 764803
20054 40109 919973
20055 40110 708712
20055 40111 989837
20056 40112 1
20056 40113 1
20057 40114 583148
20057 40115 983762
20058 40116 902
20058 40117 415
20059 40118 304926
20059 40119 843348
20060 40120 995711
20060 40121 964184
20061 40122 216636
20061 40123 903562
20062 40124 757
20062 40125 921248
20063 40126 1000000
20063 40127 34140
20064 40128 313
20064 40129 42439
20065 40130 592
20065 40131 1000000
20066 40132 766
20066 40133 729811
20067 40134 997882
20067 40135 487
20068 40136 860590
20068 40137 1
20069 40138 504
20069 40139 994013
20070 40140 607
20070 40141 29011
20071 40142 519915
20071 40143 788301
20072 40144 798
20072 40145 1000000
20073 40146 929997
20073 40147 689091
20074 40148 906040
20074 40149 177
20075 40150 283218
20075 40151 512127
20076 40152 959239
20076 40153 742818
20077 40154 984453
20077 40155 386567
20078 40156 823
20078 40157 1000000
20079 40158 426769
20079 40159 901627
20080 40160 68316
20080 40161 438
20081 40162 65804
20081 40163 415824
20082 40164 1
20082 40165 110127
20083 40166 778501
20083 40167 598
20084 40168 682
20084 40169 1000000
20085 40170 411206
20085 40171 922356
20086 40172 55375
20086 40173 527429
20087 40174 956900
20087 40175 1000000
20088 40176 1000000
20088 40177 878379
20089 40178 783661
20089 40179 1000000
20090 40180 951451
20090 40181 944928
20091 40182 959394
20091 40183 253
20092 40184 1
20092 40185 967245
20093 40186 1000000
20093 40187 929024
20094 40188 998
20094 40189 275
20095 40190 991485
20095 40191 659619
20096 40192 202
20096 40193 1000000
20097 40194 711133
20097 40195 264428
20098 40196 611
20098 40197 1000000
20099 40198 1000000
20099 40199 154209
20100 40200 655243
20100 40201 903
20101 40202 543
20101 40203 207819
20102 40204 1000000
20102 40205 580843
20103 40206 817729
20103 40207 962289
20104 40208 302561
20104 40209 333260
20105 40210 939946
20105 40211 888
20106 40212 999142
20106 40213 528
20107 40214 945298
20107 40215 933
20108 40216 822
20108 40217 262818
20109 40218 563413
20109 40219 990138
20110 40220 954663
20110 40221 441174
20111 40222 468488
20111 40223 990818
20112 40224 369
20112 40225 986631
20113 40226 267154
20113 40227 1
20114 40228 252
20114 40229 918466
20115 40230 1000000
20115 40231 444028
20116 40232 530
20116 40233 419
20117 40234 1000000
20117 40235 305
20118 40236 376879
20118 40237 1000000
20119 40238 46
20119 40239 946150
20120 40240 880758
20120 40241 297987
20121 40242 956089
20121 40243 1000000
20122 40244 935614
20122 40245 89
20123 40246 905672
20123 40247 483839
20124 40248 930738
20124 40249 922326
20125 40250 291
20125 40251 980133
20126 40252 1000000
20126 40253 683782
20127 40254 993356
20127 40255 933870
20128 40256 920743
20128 40257 326
20129 40258 1
20129 40259 351287
20130 40260 396978
20130 40261 541640
20131 40262 1
20131 40263 50913
20132 40264 939875
20132 40265 980174
20133 40266 520434
20133 40267 148
20134 40268 80
20134 40269 758
20135 40270 949989
20135 40271 948982
20136 40272 666577
20136 40273 968001
20137 40274 169964
20137 40275 843333
20138 40276 821
20138 40277 994565
20139 40278 932584
20139 40279 1000000
20140 40280 916
20140 40281 990771
20141 40282 830408
20141 40283 667
20142 40284 451500
20142 40285 205
20143 40286 309445
20143 40287 979465
20144 40288 1
20144 40289 361931
20145 40290 1000000
20145 40291 930691
20146 40292 907128
20146 40293 995290
20147 40294 1000000
20147 40295 941663
20148 40296 1000000
20148 40297 1000000
20149 40298 999535
20149 40299 1000000
20150 40300 937136
20150 40301 109375
20151 40302 660090
20151 40303 920228
20152 40304 872
20152 40305 560618
20153 40306 194598
20153 40307 918111
20154 40308 970172
20154 40309 536641
20155 40310 20794
20155 40311 1000000
20156 40312 1
20156 40313 169537
20157 40314 1000000
20157 40315 401756
20158 40316 911754
20158 40317 545305
20159 40318 192549
20159 40319 292
20160 40320 23
20160 40321 984808
20161 40322 922488
20161 40323 902759
20162 40324 843058
20162 40325 989458
20163 40326 956795
20163 40327 540390
20164 40328 936342
20164 40329 1000000
20165 40330 1
20165 40331 948144
20166 40332 1000000
20166 40333 79147
20167 40334 601451
20167 40335 1000000
20168 40336 955541
20168 40337 706
20169 40338 577122
20169 40339 695
20170 40340 970356
20170 40341 808630
20171 40342 922842
20171 40343 903081
20172 40344 1000000
20172 40345 1000000
20173 40346 775510
20173 40347 978730
20174 40348 631
20174 40349 70
20175 40350 43070
20175 40351 1000000
20176 40352 766920
20176 40353 968356
20177 40354 193786
20177 40355 401138
20178 40356 287589
20178 40357 616
20179 40358 116
20179 40359 8123
20180 40360 385
20180 40361 367
20181 40362 818
20181 40363 976403
20182 40364 832021
20182 40365 948053
20183 40366 445626
20183 40367 1000000
20184 40368 202
20184 40369 340
20185 40370 718
20185 40371 972
20186 40372 969273
20186 40373 113732
20187 40374 1000000
20187 40375 912373
20188 40376 904130
20188 40377 980907
20189 40378 59243
20189 40379 920786
20190 40380 701401
20190 40381 414
20191 40382 666590
20191 40383 927860
20192 40384 951347
20192 40385 587492
20193 40386 1
20193 40387 999863
20194 40388 181798
20194 40389 827550
20195 40390 18544
20195 40391 487869
20196 40392 1
20196 40393 733
20197 40394 996174
20197 40395 1
20198 40396 454
20198 40397 1000000
20199 40398 612528
20199 40399 1
20200 40400 635374
20200 40401 212711
20201 40402 781739
20201 40403 940442
20202 40404 964216
20202 40405 457
20203 40406 148
20203 40407 984519
20204 40408 628258
20204 40409 911754
20205 40410 984541
20205 40411 912358
20206 40412 1000000
20206 40413 123891
20207 40414 1
20207 40415 600301
20208 40416 941377
20208 40417 662548
20209 40418 946605
20209 40419 109279
20210 40420 675
20210 40421 928142
20211 40422 779
20211 40423 978355
20212 40424 164112
20212 40425 934425
20213 40426 4713
20213 40427 347
20214 40428 487073
20214 40429 175173
20215 40430 976323
20215 40431 1000000
20216 40432 1000000
20216 40433 684826
20217 40434 1
20217 40435 545
20218 40436 840512
20218 40437 331
20219 40438 308
20219 40439 590786
20220 40440 352
20220 40441 1000000
20221 40442 714362
20221 40443 1000000
20222 40444 619367
20222 40445 1000000
20223 40446 1
20223 40447 971976
20224 40448 953362
20224 40449 238510
20225 40450 491
20225 40451 156473
20226 40452 1
20226 40453 852770
20227 40454 968175
20227 40455 970220
20228 40456 297359
20228 40457 465098
20229 40458 621662
20229 40459 998039
20230 40460 984813
20230 40461 953149
20231 40462 929176
20231 40463 963227
20232 40464 304030
20232 40465 268609
20233 40466 618696
20233 40467 993940
20234 40468 723891
20234 40469 683647
20235 40470 1
20235 40471 921
20236 40472 1000000
20236 40473 973675
20237 40474 594
20237 40475 966969
20238 40476 998425
20238 40477 487203
20239 40478 498
20239 40479 969025
20240 40480 20
20240 40481 96019
20241 40482 609557
20241 40483 694032
20242 40484 932253
20242 40485 901881
20243 40486 981251
20243 40487 470962
20244 40488 29072
20244 40489 919189
20245 40490 495271
20245 40491 8528
20246 40492 9265
20246 40493 923815
20247 40494 969122
20247 40495 831631
20248 40496 347
20248 40497 903231
20249 40498 951068
20249 40499 972
20250 40500 961702
20250 40501 1000000
20251 40502 624679
20251 40503 80
20252 40504 229307
20252 40505 925475
20253 40506 974095
20253 40507 788310
20254 40508 926543
20254 40509 71526
20255 40510 93559
20255 40511 164
20256 40512 437058
20256 40513 1000000
20257 40514 1000000
20257 40515 665934
20258 40516 942646
20258 40517 916131
20259 40518 1
20259 40519 994521
20260 40520 920734
20260 40521 1
20261 40522 970865
20261 40523 554
20262 40524 879
20262 40525 550883
20263 40526 367
20263 40527 933158
20264 40528 1
20264 40529 941131
20265 40530 960110
20265 40531 962784
20266 40532 557573
20266 40533 1000000
20267 40534 906667
20267 40535 935488
20268 40536 732
20268 40537 988927
20269 40538 578399
20269 40539 563486
20270 40540 925178
20270 40541 744
20271 40542 983069
20271 40543 900121
20272 40544 328482
20272 40545 177
20273 40546 50788
20273 40547 1000000
20274 40548 873839
20274 40549 662951
20275 40550 1
20275 40551 1
20276 40552 82
20276 40553 163
20277 40554 895303
20277 40555 996316
20278 40556 907194
20278 40557 832139
20279 40558 1000000
20279 40559 977381
20280 40560 927157
20280 40561 766383
20281 40562 935620
20281 40563 927024
20282 40564 223
20282 40565 945263
20283 40566 378917
20283 40567 941970
20284 40568 1
20284 40569 114996
20285 40570 977901
20285 40571 566003
20286 40572 949084
20286 40573 323
20287 40574 242041
20287 40575 979118
20288 40576 985448
20288 40577 989233
20289 40578 905771
20289 40579 979196
20290 40580 993795
20290 40581 11056
20291 40582 160161
20291 40583 958182
20292 40584 724477
20292 40585 353590
20293 40586 971816
20293 40587 940598
20294 40588 227
20294 40589 475
20295 40590 454
20295 40591 934
20296 40592 122686
20296 40593 409691
20297 40594 728715
20297 40595 902992
20298 40596 193116
20298 40597 199
20299 40598 870
20299 40599 921985
20300 40600 1000000
20300 40601 977224
20301 40602 823328
20301 40603 1000000
20302 40604 443
20302 40605 915358
20303 40606 294986
20303 40607 576
20304 40608 324215
20304 40609 966402
20305 40610 991903
20305 40611 1732
20306 40612 997912
20306 40613 947
20307 40614 948858
20307 40615 950123
20308 40616 991222
20308 40617 1000000
20309 40618 556792
20309 40619 137
20310 40620 895
20310 40621 79454
20311 40622 718
20311 40623 574107
20312 40624 952450
20312 40625 360
20313 40626 961354
20313 40627 981637
20314 40628 908
20314 40629 818
20315 40630 415411
20315 40631 1
20316 40632 993410
20316 40633 1000000
20317 40634 85
20317 40635 760419
20318 40636 444511
20318 40637 993357
20319 40638 981783
20319 40639 971411
20320 40640 999884
20320 40641 929048
20321 40642 578
20321 40643 1000000
20322 40644 402455
20322 40645 1
20323 40646 4016
20323 40647 936710
20324 40648 777492
20324 40649 85
20325 40650 185157
20325 40651 1000000
20326 40652 758
20326 40653 510
20327 40654 512796
20327 40655 29376
20328 40656 1000000
20328 40657 912992
20329 40658 391
20329 40659 572811
20330 40660 371736
20330 40661 940124
20331 40662 1
20331 40663 1000000
20332 40664 272675
20332 40665 952937
20333 40666 933907
20333 40667 974614
20334 40668 489804
20334 40669 987136
20335 40670 982449
20335 40671 989008
20336 40672 1000000
20336 40673 381672
20337 40674 959384
20337 40675 195112
20338 40676 900638
20338 40677 723757
20339 40678 1
20339 40679 940848
20340 40680 809817
20340 40681 993818
20341 40682 913403
20341 40683 469650
20342 40684 318
20342 40685 1000000
20343 40686 167149
20343 40687 629613
20344 40688 964987
20344 40689 822267
20345 40690 774
20345 40691 966486
20346 40692 971525
20346 40693 443
20347 40694 924346
20347 40695 985949
20348 40696 943617
20348 40697 580835
20349 40698 638
20349 40699 963280
20350 40700 963366
20350 40701 981274
20351 40702 947249
20351 40703 231987
20352 40704 53632
20352 40705 930062
20353 40706 1
20353 40707 958261
20354 40708 370450
20354 40709 1000000
20355 40710 57222
20355 40711 242563
20356 40712 929633
20356 40713 691
20357 40714 848
20357 40715 978
20358 40716 921051
20358 40717 989140
20359 40718 540692
20359 40719 939316
20360 40720 971816
20360 40721 194
20361 40722 95252
20361 40723 999831
20362 40724 998504
20362 40725 29
20363 40726 1000000
20363 40727 916811
20364 40728 78201
20364 40729 946181
20365 40730 289500
20365 40731 985016
20366 40732 1000000
20366 40733 621828
20367 40734 905109
20367 40735 338
20368 40736 965980
20368 40737 933018
20369 40738 940281
20369 40739 360796
20370 40740 953495
20370 40741 1000000
20371 40742 1000000
20371 40743 290631
20372 40744 891753
20372 40745 881848
20373 40746 223507
20373 40747 607500
20374 40748 945433
20374 40749 626
20375 40750 161107
20375 40751 904834
20376 40752 905
20376 40753 1
20377 40754 973289
20377 40755 994877
20378 40756 324685
20378 40757 972386
20379 40758 691
20379 40759 1000000
20380 40760 205
20380 40761 979269
20381 40762 898244
20381 40763 618
20382 40764 285
20382 40765 922962
20383 40766 816
20383 40767 961421
20384 40768 928904
20384 40769 251897
20385 40770 1000000
20385 40771 1000000
20386 40772 276336
20386 40773 502738
20387 40774 675752
20387 40775 371851
20388 40776 147
20388 40777 662443
20389 40778 1
20389 40779 984282
20390 40780 998709
20390 40781 935860
20391 40782 659990
20391 40783 957137
20392 40784 146
20392 40785 958213
20393 40786 157
20393 40787 651601
20394 40788 268
20394 40789 951289
20395 40790 839274
20395 40791 201346
20396 40792 906522
20396 40793 960061
20397 40794 969008
20397 40795 469
20398 40796 695
20398 40797 991617
20399 40798 1000000
20399 40799 532
20400 40800 900762
20400 40801 297
20401 40802 683
20401 40803 1
20402 40804 806764
20402 40805 922318
20403 40806 814
20403 40807 632
20404 40808 368786
20404 40809 930447
20405 40810 1
20405 40811 999134
20406 40812 844451
20406 40813 485357
20407 40814 53
20407 40815 465
20408 40816 110
20408 40817 21344
20409 40818 572588
20409 40819 237647
20410 40820 1
20410 40821 1000000
20411 40822 1
20411 40823 999534
20412 40824 926002
20412 40825 233
20413 40826 1000000
20413 40827 1000000
20414 40828 401897
20414 40829 1000000
20415 40830 810088
20415 40831 354246
20416 40832 282435
20416 40833 580636
20417 40834 1000000
20417 40835 790
20418 40836 985005
20418 40837 904845
20419 40838 1000000
20419 40839 243
20420 40840 906034
20420 40841 964904
20421 40842 1000000
20421 40843 33
20422 40844 981473
20422 40845 758401
20423 40846 712
20423 40847 108662
20424 40848 250
20424 40849 1000000
20425 40850 990
20425 40851 487574
20426 40852 973372
20426 40853 1000000
20427 40854 198820
20427 40855 886568
20428 40856 120570
20428 40857 23833
20429 40858 249
20429 40859 39576
20430 40860 881937
20430 40861 959039
20431 40862 682692
20431 40863 1000000
20432 40864 967432
20432 40865 382
20433 40866 596345
20433 40867 309296
20434 40868 952042
20434 40869 954247
20435 40870 603
20435 40871 1000000
20436 40872 1000000
20436 40873 160
20437 40874 1000000
20437 40875 972598
20438 40876 104
20438 40877 132
20439 40878 55
20439 40879 1000000
20440 40880 904310
20440 40881 1000000
20441 40882 811273
20441 40883 628526
20442 40884 1
20442 40885 921414
20443 40886 61019
20443 40887 290835
20444 40888 832695
20444 40889 382
20445 40890 1
20445 40891 500
20446 40892 487411
20446 40893 247
20447 40894 489
20447 40895 919798
20448 40896 142776
20448 40897 998318
20449 40898 907071
20449 40899 766327
20450 40900 93641
20450 40901 278
20451 40902 1000000
20451 40903 901742
20452 40904 1
20452 40905 1000000
20453 40906 797573
20453 40907 466742
20454 40908 585
20454 40909 907
20455 40910 906232
20455 40911 408214
20456 40912 768215
20456 40913 136
20457 40914 955658
20457 40915 896
20458 40916 922116
20458 40917 997713
20459 40918 920486
20459 40919 972884
20460 40920 1000000
20460 40921 905806
20461 40922 868
20461 40923 514
20462 40924 993740
20462 40925 938106
20463 40926 367673
20463 40927 975156
20464 40928 925828
20464 40929 293
20465 40930 913059
20465 40931 917767
20466 40932 940533
20466 40933 933978
20467 40934 977400
20467 40935 946845
20468 40936 74
20468 40937 899885
20469 40938 939013
20469 40939 994581
20470 40940 906666
20470 40941 98
20471 40942 460227
20471 40943 1000000
20472 40944 812
20472 40945 929170
20473 40946 924134
20473 40947 745
20474 40948 944687
20474 40949 1000000
20475 40950 999533
20475 40951 410322
20476 40952 517655
20476 40953 922702
20477 40954 984396
20477 40955 392
20478 40956 804153
20478 40957 820692
20479 40958 1
20479 40959 856638
20480 40960 1
20480 40961 643
20481 40962 950394
20481 40963 799169
20482 40964 959231
20482 40965 708206
20483 40966 963618
20483 40967 215
20484 40968 951454
20484 40969 432342
20485 40970 733596
20485 40971 932
20486 40972 979482
20486 40973 784
20487 40974 937712
20487 40975 971292
20488 40976 1000000
20488 40977 425052
20489 40978 916541
20489 40979 618074
20490 40980 928592
20490 40981 949548
20491 40982 955526
20491 40983 655658
20492 40984 172140
20492 40985 970
20493 40986 951565
20493 40987 994923
20494 40988 216471
20494 40989 1000000
20495 40990 993125
20495 40991 959905
20496 40992 967789
20496 40993 130860
20497 40994 938983
20497 40995 974741
20498 40996 921661
20498 40997 1
20499 40998 166
20499 40999 22
20500 41000 620879
20500 41001 620
20501 41002 1
20501 41003 909979
20502 41004 973119
20502 41005 953916
20503 41006 990336
20503 41007 962777
20504 41008 634278
20504 41009 913610
20505 41010 983130
20505 41011 1000000
20506 41012 109
20506 41013 37
20507 41014 956915
20507 41015 1000000
20508 41016 121936
20508 41017 21152
20509 41018 949861
20509 41019 359749
20510 41020 815606
20510 41021 985673
20511 41022 406
20511 41023 1000000
20512 41024 926984
20512 41025 78118
20513 41026 498166
20513 41027 86929
20514 41028 610
20514 41029 33
20515 41030 981895
20515 41031 521006
20516 41032 984
20516 41033 1000000
20517 41034 219
20517 41035 989058
20518 41036 1
20518 41037 515734
20519 41038 982248
20519 41039 595216
20520 41040 915912
20520 41041 996201
20521 41042 567937
20521 41043 271065
20522 41044 1
20522 41045 465
20523 41046 954423
20523 41047 929464
20524 41048 1
20524 41049 946877
20525 41050 854833
20525 41051 828505
20526 41052 955
20526 41053 851
20527 41054 975304
20527 41055 952551
20528 41056 621011
20528 41057 1000000
20529 41058 1
20529 41059 344
20530 41060 40
20530 41061 741
20531 41062 542
20531 41063 947409
20532 41064 212
20532 41065 455
20533 41066 344
20533 41067 787
20534 41068 934142
20534 41069 737
20535 41070 919086
20535 41071 937376
20536 41072 1
20536 41073 998640
20537 41074 367363
20537 41075 873465
20538 41076 202368
20538 41077 986101
20539 41078 502377
20539 41079 968778
20540 41080 1000000
20540 41081 921638
20541 41082 771
20541 41083 1
20542 41084 708705
20542 41085 299686
20543 41086 988397
20543 41087 987
20544 41088 136
20544 41089 573544
20545 41090 962584
20545 41091 234686
20546 41092 512
20546 41093 1000000
20547 41094 1
20547 41095 1
20548 41096 1000000
20548 41097 964170
20549 41098 225830
20549 41099 539
20550 41100 929475
20550 41101 957462
20551 41102 524173
20551 41103 1000000
20552 41104 29631
20552 41105 833
20553 41106 391
20553 41107 344
20554 41108 999836
20554 41109 78
20555 41110 815
20555 41111 684470
20556 41112 1
20556 41113 612
20557 41114 917730
20557 41115 329
20558 41116 235
20558 41117 714
20559 41118 94129
20559 41119 530
20560 41120 777878
20560 41121 436
20561 41122 969588
20561 41123 924474
20562 41124 131
20562 41125 922041
20563 41126 1000000
20563 41127 1000000
20564 41128 105658
20564 41129 1
20565 41130 1000000
20565 41131 918509
20566 41132 936166
20566 41133 752369
20567 41134 950449
20567 41135 972452
20568 41136 987836
20568 41137 996546
20569 41138 283
20569 41139 973718
20570 41140 932
20570 41141 1000000
20571 41142 940353
20571 41143 272
20572 41144 924659
20572 41145 972777
20573 41146 485431
20573 41147 1000000
20574 41148 940662
20574 41149 1
20575 41150 992374
20575 41151 1000000
20576 41152 921178
20576 41153 366294
20577 41154 243701
20577 41155 569411
20578 41156 507
20578 41157 490
20579 41158 765447
20579 41159 921372
20580 41160 1000000
20580 41161 964516
20581 41162 1000000
20581 41163 905276
20582 41164 576047
20582 41165 835826
20583 41166 1
20583 41167 963021
20584 41168 907754
20584 41169 1000000
20585 41170 960420
20585 41171 943335
20586 41172 65852
20586 41173 259491
20587 41174 993990
20587 41175 320714
20588 41176 823
20588 41177 1000000
20589 41178 160202
20589 41179 945143
20590 41180 995363
20590 41181 976
20591 41182 846
20591 41183 347417
20592 41184 926646
20592 41185 1000000
20593 41186 261599
20593 41187 20
20594 41188 920010
20594 41189 901120
20595 41190 748412
20595 41191 811425
20596 41192 918267
20596 41193 642
20597 41194 948115
20597 41195 925922
20598 41196 46
20598 41197 370710
20599 41198 976302
20599 41199 258
20600 41200 925290
20600 41201 657
20601 41202 1000000
20601 41203 339
20602 41204 271244
20602 41205 286134
20603 41206 994283
20603 41207 158
20604 41208 1
20604 41209 515214
20605 41210 928433
20605 41211 155
20606 41212 975910
20606 41213 904661
20607 41214 251178
20607 41215 907830
20608 41216 647371
20608 41217 915925
20609 41218 562040
20609 41219 666817
20610 41220 1000000
20610 41221 1000000
20611 41222 946379
20611 41223 1000000
20612 41224 687919
20612 41225 299
20613 41226 621
20613 41227 640714
20614 41228 992169
20614 41229 342652
20615 41230 1
20615 41231 927293
20616 41232 997083
20616 41233 824925
20617 41234 275190
20617 41235 902824
20618 41236 989773
20618 41237 597
20619 41238 722977
20619 41239 739001
20620 41240 904320
20620 41241 990125
20621 41242 772188
20621 41243 766575
20622 41244 307689
20622 41245 962334
20623 41246 948914
20623 41247 617432
20624 41248 929206
20624 41249 998582
20625 41250 42556
20625 41251 694044
20626 41252 762
20626 41253 935814
20627 41254 873
20627 41255 288
20628 41256 673561
20628 41257 772
20629 41258 1000000
20629 41259 941822
20630 41260 169699
20630 41261 114
20631 41262 130242
20631 41263 254
20632 41264 527528
20632 41265 966821
20633 41266 750
20633 41267 976910
20634 41268 438733
20634 41269 332
20635 41270 968413
20635 41271 1000000
20636 41272 882
20636 41273 782
20637 41274 354
20637 41275 1000000
20638 41276 738
20638 41277 988519
20639 41278 385224
20639 41279 952894
20640 41280 978763
20640 41281 193574
20641 41282 1
20641 41283 989759
20642 41284 264392
20642 41285 226050
20643 41286 659457
20643 41287 896606
20644 41288 1000000
20644 41289 506
20645 41290 1000000
20645 41291 953428
20646 41292 338108
20646 41293 1
20647 41294 626606
20647 41295 254178
20648 41296 954648
20648 41297 668
20649 41298 834
20649 41299 649324
20650 41300 755
20650 41301 880099
20651 41302 664807
20651 41303 1000000
20652 41304 500915
20652 41305 477
20653 41306 932
20653 41307 182582
20654 41308 121502
20654 41309 192056
20655 41310 960884
20655 41311 914591
20656 41312 551
20656 41313 969
20657 41314 949971
20657 41315 1000000
20658 41316 830864
20658 41317 650
20659 41318 1000000
20659 41319 65712
20660 41320 936773
20660 41321 970692
20661 41322 1000000
20661 41323 587569
20662 41324 955475
20662 41325 982058
20663 41326 790014
20663 41327 1000000
20664 41328 995779
20664 41329 361305
20665 41330 924635
20665 41331 987
20666 41332 986795
20666 41333 1000000
20667 41334 179461
20667 41335 962346
20668 41336 901269
20668 41337 968120
20669 41338 286916
20669 41339 925054
20670 41340 78407
20670 41341 1000000
20671 41342 550831
20671 41343 912550
20672 41344 695
20672 41345 1000000
20673 41346 760941
20673 41347 354
20674 41348 242916
20674 41349 587198
20675 41350 390
20675 41351 753397
20676 41352 919484
20676 41353 404
20677 41354 254388
20677 41355 450
20678 41356 922378
20678 41357 939237
20679 41358 624
20679 41359 423
20680 41360 427704
20680 41361 196
20681 41362 414
20681 41363 968365
20682 41364 943829
20682 41365 911593
20683 41366 906663
20683 41367 363
20684 41368 636
20684 41369 793
20685 41370 684456
20685 41371 1000000
20686 41372 1000000
20686 41373 550
20687 41374 91
20687 41375 336
20688 41376 1000000
20688 41377 698498
20689 41378 915280
20689 41379 974216
20690 41380 632629
20690 41381 690665
20691 41382 589514
20691 41383 103458
20692 41384 87555
20692 41385 964715
20693 41386 1000000
20693 41387 479738
20694 41388 205342
20694 41389 903938
20695 41390 387
20695 41391 639
20696 41392 388
20696 41393 152
20697 41394 315
20697 41395 932712
20698 41396 181
20698 41397 880544
20699 41398 11
20699 41399 23869
20700 41400 928
20700 41401 949883
20701 41402 197
20701 41403 959223
20702 41404 149860
20702 41405 344430
20703 41406 109
20703 41407 909935
20704 41408 918483
20704 41409 942223
20705 41410 625350
20705 41411 924623
20706 41412 629835
20706 41413 907208
20707 41414 985479
20707 41415 952667
20708 41416 900538
20708 41417 948523
20709 41418 84
20709 41419 938191
20710 41420 965963
20710 41421 1
20711 41422 915644
20711 41423 740848
20712 41424 1
20712 41425 749
20713 41426 464
20713 41427 167160
20714 41428 966268
20714 41429 1000000
20715 41430 304441
20715 41431 502
20716 41432 925094
20716 41433 980951
20717 41434 927949
20717 41435 991400
20718 41436 360
20718 41437 477
20719 41438 819712
20719 41439 1000000
20720 41440 113
20720 41441 901683
20721 41442 1000000
20721 41443 935163
20722 41444 175
20722 41445 887
20723 41446 154
20723 41447 982106
20724 41448 240383
20724 41449 364907
20725 41450 799096
20725 41451 1000000
20726 41452 955718
20726 41453 469042
20727 41454 977563
20727 41455 165449
20728 41456 934894
20728 41457 857037
20729 41458 388
20729 41459 816904
20730 41460 934224
20730 41461 555946
20731 41462 996277
20731 41463 176738
20732 41464 502
20732 41465 471744
20733 41466 914596
20733 41467 919522
20734 41468 838405
20734 41469 982902
20735 41470 1
20735 41471 705358
20736 41472 974245
20736 41473 1000000
20737 41474 1
20737 41475 923500
20738 41476 957832
20738 41477 996894
20739 41478 290536
20739 41479 822742
20740 41480 1000000
20740 41481 967205
20741 41482 933011
20741 41483 560748
20742 41484 960933
20742 41485 768860
20743 41486 962498
20743 41487 1000000
20744 41488 955036
20744 41489 48
20745 41490 957133
20745 41491 635455
20746 41492 380043
20746 41493 543289
20747 41494 412
20747 41495 903838
20748 41496 46818
20748 41497 919131
20749 41498 401989
20749 41499 1000000
20750 41500 431303
20750 41501 807560
20751 41502 784015
20751 41503 702265
20752 41504 995159
20752 41505 990808
20753 41506 970443
20753 41507 467482
20754 41508 1000000
20754 41509 981822
20755 41510 980406
20755 41511 953350
20756 41512 945026
20756 41513 991838
20757 41514 913382
20757 41515 940154
20758 41516 985291
20758 41517 928148
20759 41518 919604
20759 41519 1000000
20760 41520 157
20760 41521 631205
20761 41522 769646
20761 41523 1000000
20762 41524 518346
20762 41525 1
20763 41526 969028
20763 41527 413
20764 41528 332897
20764 41529 653012
20765 41530 951264
20765 41531 1
20766 41532 985
20766 41533 954308
20767 41534 62172
20767 41535 1
20768 41536 974925
20768 41537 730
20769 41538 807
20769 41539 946097
20770 41540 962998
20770 41541 133846
20771 41542 912677
20771 41543 659607
20772 41544 151558
20772 41545 993516
20773 41546 935661
20773 41547 256436
20774 41548 1000000
20774 41549 921619
20775 41550 988202
20775 41551 809
20776 41552 996293
20776 41553 1
20777 41554 932815
20777 41555 445
20778 41556 933348
20778 41557 904441
20779 41558 16843
20779 41559 179079
20780 41560 922880
20780 41561 460413
20781 41562 901260
20781 41563 935825
20782 41564 971366
20782 41565 111
20783 41566 661
20783 41567 992258
20784 41568 221148
20784 41569 1000000
20785 41570 1
20785 41571 315955
20786 41572 313766
20786 41573 1000000
20787 41574 922386
20787 41575 1
20788 41576 103067
20788 41577 755
20789 41578 1
20789 41579 994327
20790 41580 1000000
20790 41581 998785
20791 41582 478190
20791 41583 280270
20792 41584 908091
20792 41585 922
20793 41586 746
20793 41587 31659
20794 41588 911460
20794 41589 1000000
20795 41590 408
20795 41591 678
20796 41592 1
20796 41593 674436
20797 41594 958512
20797 41595 1000000
20798 41596 917930
20798 41597 253
20799 41598 422
20799 41599 1
20800 41600 319109
20800 41601 576
20801 41602 888913
20801 41603 969596
20802 41604 718656
20802 41605 2
20803 41606 998384
20803 41607 482036
20804 41608 490695
20804 41609 1
20805 41610 941525
20805 41611 928856
20806 41612 914701
20806 41613 387
20807 41614 926854
20807 41615 138019
20808 41616 918975
20808 41617 367799
20809 41618 209
20809 41619 572
20810 41620 669712
20810 41621 965188
20811 41622 969789
20811 41623 89862
20812 41624 969283
20812 41625 959252
20813 41626 919434
20813 41627 92550
20814 41628 906870
20814 41629 1
20815 41630 1
20815 41631 641835
20816 41632 1
20816 41633 405
20817 41634 939862
20817 41635 267
20818 41636 980969
20818 41637 98132
20819 41638 26
20819 41639 930736
20820 41640 920381
20820 41641 938917
20821 41642 957142
20821 41643 50
20822 41644 915481
20822 41645 1
20823 41646 738735
20823 41647 644
20824 41648 1000000
20824 41649 585300
20825 41650 143843
20825 41651 933531
20826 41652 705
20826 41653 986
20827 41654 904389
20827 41655 705666
20828 41656 217
20828 41657 635707
20829 41658 1000000
20829 41659 483
20830 41660 512076
20830 41661 984803
20831 41662 906419
20831 41663 1000000
20832 41664 996118
20832 41665 70
20833 41666 968
20833 41667 1000000
20834 41668 981178
20834 41669 1000000
20835 41670 1
20835 41671 942259
20836 41672 823
20836 41673 977122
20837 41674 646633
20837 41675 1000000
20838 41676 145
20838 41677 961738
20839 41678 931894
20839 41679 969183
20840 41680 433174
20840 41681 29525
20841 41682 213369
20841 41683 863578
20842 41684 967540
20842 41685 71
20843 41686 995331
20843 41687 59810
20844 41688 930631
20844 41689 732
20845 41690 956226
20845 41691 533
20846 41692 102376
20846 41693 1000000
20847 41694 1
20847 41695 1
20848 41696 1
20848 41697 460574
20849 41698 486
20849 41699 32225
20850 41700 718479
20850 41701 746247
20851 41702 1000000
20851 41703 909679
20852 41704 946666
20852 41705 908210
20853 41706 81947
20853 41707 898
20854 41708 934741
20854 41709 49102
20855 41710 157761
20855 41711 850
20856 41712 651
20856 41713 371715
20857 41714 1000000
20857 41715 1000000
20858 41716 87258
20858 41717 701122
20859 41718 1000000
20859 41719 962090
20860 41720 966427
20860 41721 1000000
20861 41722 239196
20861 41723 203
20862 41724 917982
20862 41725 990198
20863 41726 463538
20863 41727 954571
20864 41728 273
20864 41729 914615
20865 41730 769
20865 41731 151937
20866 41732 548963
20866 41733 72777
20867 41734 924609
20867 41735 464500
20868 41736 644170
20868 41737 712481
20869 41738 1000000
20869 41739 427924
20870 41740 1000000
20870 41741 1000000
20871 41742 1000000
20871 41743 486
20872 41744 260
20872 41745 860269
20873 41746 61186
20873 41747 398869
20874 41748 677
20874 41749 990697
20875 41750 947056
20875 41751 301914
20876 41752 963814
20876 41753 462601
20877 41754 916561
20877 41755 962241
20878 41756 995476
20878 41757 976980
20879 41758 627263
20879 41759 628100
20880 41760 992461
20880 41761 759
20881 41762 347501
20881 41763 136765
20882 41764 827
20882 41765 309321
20883 41766 91978
20883 41767 857747
20884 41768 1
20884 41769 970365
20885 41770 621282
20885 41771 593745
20886 41772 775
20886 41773 991960
20887 41774 999054
20887 41775 378348
20888 41776 927496
20888 41777 900379
20889 41778 981621
20889 41779 1
20890 41780 757
20890 41781 774030
20891 41782 246692
20891 41783 951913
20892 41784 1000000
20892 41785 558
20893 41786 474
20893 41787 39
20894 41788 907899
20894 41789 981515
20895 41790 981233
20895 41791 912617
20896 41792 1
20896 41793 224110
20897 41794 940011
20897 41795 920662
20898 41796 655769
20898 41797 178
20899 41798 45
20899 41799 1000000
20900 41800 597
20900 41801 1000000
20901 41802 1000000
20901 41803 627584
20902 41804 932889
20902 41805 977544
20903 41806 486397
20903 41807 983943
20904 41808 231135
20904 41809 972585
20905 41810 523791
20905 41811 964818
20906 41812 1000000
20906 41813 651473
20907 41814 840005
20907 41815 129390
20908 41816 273
20908 41817 245
20909 41818 337014
20909 41819 922194
20910 41820 837017
20910 41821 921313
20911 41822 967948
20911 41823 96201
20912 41824 927532
20912 41825 1000000
20913 41826 825905
20913 41827 1
20914 41828 1
20914 41829 382484
20915 41830 36251
20915 41831 232
20916 41832 949680
20916 41833 552
20917 41834 962642
20917 41835 734747
20918 41836 1
20918 41837 912444
20919 41838 985037
20919 41839 942913
20920 41840 780347
20920 41841 273
20921 41842 1000000
20921 41843 981413
20922 41844 236339
20922 41845 960
20923 41846 516951
20923 41847 709600
20924 41848 1
20924 41849 355
20925 41850 585709
20925 41851 991444
20926 41852 60353
20926 41853 403826
20927 41854 75
20927 41855 938947
20928 41856 183118
20928 41857 72839
20929 41858 969509
20929 41859 870239
20930 41860 274410
20930 41861 122
20931 41862 161
20931 41863 63193
20932 41864 1
20932 41865 694901
20933 41866 291
20933 41867 453807
20934 41868 959940
20934 41869 773
20935 41870 587618
20935 41871 1000000
20936 41872 963965
20936 41873 1000000
20937 41874 635003
20937 41875 1000000
20938 41876 53562
20938 41877 973559
20939 41878 903
20939 41879 883586
20940 41880 904663
20940 41881 1000000
20941 41882 1000000
20941 41883 937785
20942 41884 305188
20942 41885 1
20943 41886 911785
20943 41887 962
20944 41888 996025
20944 41889 934512
20945 41890 755
20945 41891 7
20946 41892 972657
20946 41893 1000000
20947 41894 2
20947 41895 719
20948 41896 943819
20948 41897 1000000
20949 41898 178782
20949 41899 648667
20950 41900 912305
20950 41901 275350
20951 41902 134
20951 41903 47660
20952 41904 1
20952 41905 200
20953 41906 992779
20953 41907 410471
20954 41908 938624
20954 41909 283
20955 41910 252740
20955 41911 1000000
20956 41912 972149
20956 41913 976531
20957 41914 902870
20957 41915 352259
20958 41916 264746
20958 41917 842
20959 41918 928672
20959 41919 878
20960 41920 454180
20960 41921 375
20961 41922 962080
20961 41923 857
20962 41924 930740
20962 41925 629
20963 41926 466
20963 41927 483620
20964 41928 1000000
20964 41929 720
20965 41930 291948
20965 41931 955198
20966 41932 1000000
20966 41933 1000000
20967 41934 904018
20967 41935 234907
20968 41936 1000000
20968 41937 926278
20969 41938 298
20969 41939 947111
20970 41940 168059
20970 41941 1000000
20971 41942 523
20971 41943 168111
20972 41944 841
20972 41945 518549
20973 41946 869893
20973 41947 933271
20974 41948 887
20974 41949 457334
20975 41950 1000000
20975 41951 782490
20976 41952 600237
20976 41953 893
20977 41954 703529
20977 41955 992340
20978 41956 935548
20978 41957 32
20979 41958 1
20979 41959 663878
20980 41960 926794
20980 41961 955857
20981 41962 493021
20981 41963 426
20982 41964 722811
20982 41965 171
20983 41966 1000000
20983 41967 61271
20984 41968 183
20984 41969 321599
20985 41970 299214
20985 41971 488
20986 41972 998136
20986 41973 267969
20987 41974 932836
20987 41975 960117
20988 41976 916933
20988 41977 1
20989 41978 918831
20989 41979 486
20990 41980 675114
20990 41981 949618
20991 41982 306672
20991 41983 1
20992 41984 903457
20992 41985 233474
20993 41986 203
20993 41987 1000000
20994 41988 976479
20994 41989 384
20995 41990 939315
20995 41991 925352
20996 41992 781
20996 41993 920260
20997 41994 1
20997 41995 1000000
20998 41996 372
20998 41997 628
20999 41998 581
20999 41999 1
21000 42000 130
21000 42001 906764
21001 42002 1000000
21001 42003 994962
21002 42004 1000000
21002 42005 1000000
21003 42006 10
21003 42007 390
21004 42008 131013
21004 42009 923
21005 42010 468
21005 42011 979528
21006 42012 932068
21006 42013 915561
21007 42014 914840
21007 42015 1
21008 42016 719
21008 42017 230
21009 42018 433389
21009 42019 621
21010 42020 762
21010 42021 546671
21011 42022 1000000
21011 42023 868
21012 42024 262
21012 42025 993569
21013 42026 981327
21013 42027 1
21014 42028 1000000
21014 42029 938239
21015 42030 847
21015 42031 991521
21016 42032 938134
21016 42033 93
21017 42034 1000000
21017 42035 907471
21018 42036 331489
21018 42037 921464
21019 42038 166
21019 42039 417910
21020 42040 558551
21020 42041 849166
21021 42042 1
21021 42043 976
21022 42044 953999
21022 42045 271442
21023 42046 492702
21023 42047 965402
21024 42048 731
21024 42049 585714
21025 42050 1000000
21025 42051 937281
21026 42052 285
21026 42053 414627
21027 42054 809761
21027 42055 468199
21028 42056 964054
21028 42057 929487
21029 42058 754
21029 42059 916632
21030 42060 1
21030 42061 945121
21031 42062 999160
21031 42063 1000000
21032 42064 532023
21032 42065 957392
21033 42066 982
21033 42067 1000000
21034 42068 988495
21034 42069 809829
21035 42070 1000000
21035 42071 640271
21036 42072 405693
21036 42073 989017
21037 42074 1000000
21037 42075 911800
21038 42076 1000000
21038 42077 337773
21039 42078 643831
21039 42079 898
21040 42080 286
21040 42081 212
21041 42082 118371
21041 42083 1000000
21042 42084 373446
21042 42085 225426
21043 42086 371287
21043 42087 951604
21044 42088 627135
21044 42089 868557
21045 42090 951250
21045 42091 1
21046 42092 142
21046 42093 919581
21047 42094 998468
21047 42095 907894
21048 42096 57262
21048 42097 518551
21049 42098 636076
21049 42099 961
21050 42100 970685
21050 42101 953077
21051 42102 387
21051 42103 1000000
21052 42104 30455
21052 42105 964374
21053 42106 223
21053 42107 1000000
21054 42108 993649
21054 42109 295024
21055 42110 507
21055 42111 1000
21056 42112 142475
21056 42113 18530
21057 42114 295987
21057 42115 1000000
21058 42116 951792
21058 42117 524891
21059 42118 465
21059 42119 1000000
21060 42120 547511
21060 42121 1000000
21061 42122 1
21061 42123 908147
21062 42124 958707
21062 42125 307
21063 42126 1
21063 42127 972524
21064 42128 1000000
21064 42129 368631
21065 42130 648192
21065 42131 605684
21066 42132 1000000
21066 42133 1000000
21067 42134 952822
21067 42135 212008
21068 42136 992576
21068 42137 721773
21069 42138 1
21069 42139 944235
21070 42140 1000000
21070 42141 1
21071 42142 605
21071 42143 816768
21072 42144 429948
21072 42145 775930
21073 42146 943916
21073 42147 317
21074 42148 952755
21074 42149 942780
21075 42150 958775
21075 42151 918422
21076 42152 1000000
21076 42153 788453
21077 42154 274422
21077 42155 1000000
21078 42156 936728
21078 42157 801598
21079 42158 150
21079 42159 937045
21080 42160 692604
21080 42161 1
21081 42162 941180
21081 42163 534890
21082 42164 492057
21082 42165 955586
21083 42166 1
21083 42167 964208
21084 42168 152792
21084 42169 1
21085 42170 965738
21085 42171 514088
21086 42172 443485
21086 42173 441416
21087 42174 995387
21087 42175 174145
21088 42176 1000000
21088 42177 992833
21089 42178 534193
21089 42179 959898
21090 42180 339
21090 42181 946074
21091 42182 424771
21091 42183 972580
21092 42184 825617
21092 42185 705805
21093 42186 421894
21093 42187 161
21094 42188 177175
21094 42189 448427
21095 42190 906027
21095 42191 252
21096 42192 967099
21096 42193 906199
21097 42194 995726
21097 42195 813
21098 42196 1
21098 42197 1
21099 42198 429
21099 42199 67
21100 42200 826
21100 42201 379566
21101 42202 114626
21101 42203 548787
21102 42204 369813
21102 42205 516566
21103 42206 129
21103 42207 609777
21104 42208 927864
21104 42209 380320
21105 42210 903937
21105 42211 862517
21106 42212 608749
21106 42213 461
21107 42214 805778
21107 42215 993743
21108 42216 929658
21108 42217 330176
21109 42218 933032
21109 42219 980804
21110 42220 498114
21110 42221 955711
21111 42222 400067
21111 42223 401
21112 42224 469579
21112 42225 22511
21113 42226 950792
21113 42227 269
21114 42228 211
21114 42229 895948
21115 42230 1
21115 42231 921994
21116 42232 947165
21116 42233 1000000
21117 42234 1
21117 42235 724888
21118 42236 1
21118 42237 807845
21119 42238 1
21119 42239 125
21120 42240 1000000
21120 42241 514
21121 42242 386860
21121 42243 657
21122 42244 720267
21122 42245 316569
21123 42246 888673
21123 42247 12
21124 42248 426621
21124 42249 989385
21125 42250 188
21125 42251 934690
21126 42252 779162
21126 42253 834791
21127 42254 366
21127 42255 1
21128 42256 931041
21128 42257 744918
21129 42258 169981
21129 42259 993297
21130 42260 800295
21130 42261 1000000
21131 42262 1000000
21131 42263 925995
21132 42264 5
21132 42265 957695
21133 42266 1
21133 42267 372634
21134 42268 904050
21134 42269 154060
21135 42270 953502
21135 42271 997064
21136 42272 970
21136 42273 963420
21137 42274 1000000
21137 42275 70665
21138 42276 562
21138 42277 29175
21139 42278 943043
21139 42279 975956
21140 42280 241
21140 42281 920155
21141 42282 805258
21141 42283 958273
21142 42284 960567
21142 42285 948973
21143 42286 933496
21143 42287 926464
21144 42288 1000000
21144 42289 1000000
21145 42290 722496
21145 42291 134555
21146 42292 1
21146 42293 399
21147 42294 786763
21147 42295 905448
21148 42296 1000000
21148 42297 496
21149 42298 985093
21149 42299 695581
21150 42300 854139
21150 42301 977648
21151 42302 511
21151 42303 154512
21152 42304 113
21152 42305 106584
21153 42306 1000000
21153 42307 972896
21154 42308 666099
21154 42309 427
21155 42310 581914
21155 42311 586
21156 42312 974005
21156 42313 337834
21157 42314 578871
21157 42315 225435
21158 42316 779
21158 42317 1000000
21159 42318 565639
21159 42319 1
21160 42320 917626
21160 42321 991473
21161 42322 1000000
21161 42323 75789
21162 42324 368308
21162 42325 193283
21163 42326 961132
21163 42327 41253
21164 42328 1
21164 42329 532344
21165 42330 168
21165 42331 973354
21166 42332 978676
21166 42333 972767
21167 42334 914636
21167 42335 127048
21168 42336 980576
21168 42337 61
21169 42338 589
21169 42339 1
21170 42340 936207
21170 42341 1000000
21171 42342 923961
21171 42343 1000000
21172 42344 966073
21172 42345 935879
21173 42346 1000000
21173 42347 946823
21174 42348 973534
21174 42349 430
21175 42350 930942
21175 42351 108757
21176 42352 977
21176 42353 165352
21177 42354 916503
21177 42355 1000000
21178 42356 988881
21178 42357 514
21179 42358 929910
21179 42359 779
21180 42360 402056
21180 42361 230515
21181 42362 490260
21181 42363 999313
21182 42364 1000000
21182 42365 431725
21183 42366 901602
21183 42367 1000000
21184 42368 205
21184 42369 904894
21185 42370 1000000
21185 42371 220362
21186 42372 184020
21186 42373 909173
21187 42374 972200
21187 42375 892584
21188 42376 431
21188 42377 680872
21189 42378 946507
21189 42379 889
21190 42380 945463
21190 42381 214249
21191 42382 370950
21191 42383 918215
21192 42384 493
21192 42385 911807
21193 42386 993219
21193 42387 896630
21194 42388 967593
21194 42389 885
21195 42390 508416
21195 42391 642549
21196 42392 328545
21196 42393 219597
21197 42394 923025
21197 42395 141268
21198 42396 425785
21198 42397 963722
21199 42398 918680
21199 42399 1000000
21200 42400 991349
21200 42401 88363
21201 42402 324
21201 42403 336435
21202 42404 912786
21202 42405 205399
21203 42406 164807
21203 42407 325454
21204 42408 497134
21204 42409 918291
21205 42410 1000000
21205 42411 940254
21206 42412 974574
21206 42413 972359
21207 42414 962727
21207 42415 1
21208 42416 799
21208 42417 947184
21209 42418 799
21209 42419 353
21210 42420 342228
21210 42421 936022
21211 42422 907437
21211 42423 1000000
21212 42424 1
21212 42425 966864
21213 42426 980422
21213 42427 944956
21214 42428 952340
21214 42429 376
21215 42430 956952
21215 42431 1000000
21216 42432 995
21216 42433 227
21217 42434 926744
21217 42435 970811
21218 42436 730175
21218 42437 315889
21219 42438 969
21219 42439 780
21220 42440 771481
21220 42441 655
21221 42442 963113
21221 42443 931147
21222 42444 908925
21222 42445 585021
21223 42446 1000000
21223 42447 15360
21224 42448 387052
21224 42449 1000000
21225 42450 933224
21225 42451 995514
21226 42452 736713
21226 42453 960292
21227 42454 1000000
21227 42455 923178
21228 42456 522
21228 42457 93
21229 42458 516318
21229 42459 772341
21230 42460 928717
21230 42461 310924
21231 42462 933122
21231 42463 943640
21232 42464 944116
21232 42465 925
21233 42466 924373
21233 42467 978623
21234 42468 278938
21234 42469 1
21235 42470 917737
21235 42471 498813
21236 42472 945583
21236 42473 631778
21237 42474 140
21237 42475 210
21238 42476 267
21238 42477 957131
21239 42478 488
21239 42479 434
21240 42480 673
21240 42481 1
21241 42482 661
21241 42483 290077
21242 42484 903398
21242 42485 570
21243 42486 386105
21243 42487 943201
21244 42488 346
21244 42489 910805
21245 42490 171691
21245 42491 182
21246 42492 528
21246 42493 460331
21247 42494 979745
21247 42495 1000000
21248 42496 118440
21248 42497 965000
21249 42498 983053
21249 42499 916997
21250 42500 907439
21250 42501 755269
21251 42502 909487
21251 42503 63017
21252 42504 92
21252 42505 2
21253 42506 948
21253 42507 719
21254 42508 921473
21254 42509 300318
21255 42510 747
21255 42511 986025
21256 42512 901741
21256 42513 1000000
21257 42514 1000000
21257 42515 168823
21258 42516 954441
21258 42517 1
21259 42518 814706
21259 42519 873292
21260 42520 860
21260 42521 610116
21261 42522 170626
21261 42523 440
21262 42524 227948
21262 42525 781
21263 42526 974732
21263 42527 908139
21264 42528 26457
21264 42529 954419
21265 42530 910781
21265 42531 204039
21266 42532 938757
21266 42533 300679
21267 42534 985129
21267 42535 336
21268 42536 970451
21268 42537 588298
21269 42538 686489
21269 42539 952759
21270 42540 927744
21270 42541 18019
21271 42542 1000000
21271 42543 731667
21272 42544 827069
21272 42545 984807
21273 42546 173
21273 42547 953756
21274 42548 588013
21274 42549 1
21275 42550 179453
21275 42551 1000000
21276 42552 922541
21276 42553 996917
21277 42554 927933
21277 42555 706
21278 42556 649690
21278 42557 958782
21279 42558 978974
21279 42559 147874
21280 42560 917190
21280 42561 306876
21281 42562 962094
21281 42563 245252
21282 42564 907318
21282 42565 382261
21283 42566 382632
21283 42567 1000000
21284 42568 921078
21284 42569 835
21285 42570 969530
21285 42571 968051
21286 42572 843150
21286 42573 412190
21287 42574 906557
21287 42575 381549
21288 42576 884
21288 42577 977766
21289 42578 951449
21289 42579 859
21290 42580 31
21290 42581 7765
21291 42582 241027
21291 42583 456194
21292 42584 843
21292 42585 599001
21293 42586 158
21293 42587 777706
21294 42588 435
21294 42589 588038
21295 42590 1
21295 42591 118
21296 42592 925253
21296 42593 504893
21297 42594 998
21297 42595 359062
21298 42596 54669
21298 42597 1
21299 42598 987695
21299 42599 439
21300 42600 808232
21300 42601 287
21301 42602 982445
21301 42603 990003
21302 42604 917337
21302 42605 1000000
21303 42606 771288
21303 42607 1000000
21304 42608 1000000
21304 42609 915933
21305 42610 968906
21305 42611 419
21306 42612 967
21306 42613 625
21307 42614 1
21307 42615 1000000
21308 42616 1000000
21308 42617 925461
21309 42618 227387
21309 42619 1000000
21310 42620 960010
21310 42621 904566
21311 42622 975
21311 42623 862673
21312 42624 906001
21312 42625 851080
21313 42626 378966
21313 42627 923281
21314 42628 1000000
21314 42629 20908
21315 42630 553777
21315 42631 925901
21316 42632 1000000
21316 42633 624081
21317 42634 710632
21317 42635 1000000
21318 42636 69561
21318 42637 972236
21319 42638 956993
21319 42639 348
21320 42640 915620
21320 42641 645200
21321 42642 151
21321 42643 1000000
21322 42644 1000000
21322 42645 854864
21323 42646 37
21323 42647 306566
21324 42648 408
21324 42649 919198
21325 42650 948579
21325 42651 537146
21326 42652 1000000
21326 42653 1
21327 42654 886
21327 42655 835466
21328 42656 903079
21328 42657 808096
21329 42658 344536
21329 42659 931383
21330 42660 77
21330 42661 1000000
21331 42662 994252
21331 42663 142517
21332 42664 966661
21332 42665 993555
21333 42666 439549
21333 42667 596961
21334 42668 1000000
21334 42669 487211
21335 42670 669918
21335 42671 944958
21336 42672 965850
21336 42673 1000000
21337 42674 1
21337 42675 722528
21338 42676 580029
21338 42677 1
21339 42678 1
21339 42679 58264
21340 42680 973898
21340 42681 958667
21341 42682 312
21341 42683 1000000
21342 42684 866062
21342 42685 776
21343 42686 1
21343 42687 522
21344 42688 953663
21344 42689 922692
21345 42690 987938
21345 42691 905902
21346 42692 124593
21346 42693 990744
21347 42694 955722
21347 42695 459764
21348 42696 386954
21348 42697 755213
21349 42698 117522
21349 42699 812
21350 42700 1
21350 42701 495945
21351 42702 266478
21351 42703 959633
21352 42704 954463
21352 42705 965370
21353 42706 1000000
21353 42707 938423
21354 42708 907
21354 42709 1000000
21355 42710 333279
21355 42711 936719
21356 42712 483578
21356 42713 22353
21357 42714 875
21357 42715 963643
21358 42716 723020
21358 42717 1
21359 42718 604467
21359 42719 172852
21360 42720 547962
21360 42721 1000000
21361 42722 783509
21361 42723 910080
21362 42724 60688
21362 42725 1000000
21363 42726 917572
21363 42727 1000000
21364 42728 995143
21364 42729 181784
21365 42730 915278
21365 42731 913518
21366 42732 91532
21366 42733 370614
21367 42734 102
21367 42735 304534
21368 42736 235207
21368 42737 473093
21369 42738 115020
21369 42739 892099
21370 42740 68882
21370 42741 939619
21371 42742 374
21371 42743 1000000
21372 42744 41396
21372 42745 993662
21373 42746 361239
21373 42747 963061
21374 42748 955604
21374 42749 265755
21375 42750 943255
21375 42751 925661
21376 42752 116822
21376 42753 117136
21377 42754 318483
21377 42755 954075
21378 42756 1000000
21378 42757 1
21379 42758 942994
21379 42759 965705
21380 42760 1000000
21380 42761 112993
21381 42762 1000000
21381 42763 169
21382 42764 916905
21382 42765 1
21383 42766 983704
21383 42767 382
21384 42768 919111
21384 42769 956006
21385 42770 919467
21385 42771 746
21386 42772 971731
21386 42773 741
21387 42774 187798
21387 42775 1000000
21388 42776 923806
21388 42777 357
21389 42778 104835
21389 42779 223410
21390 42780 1
21390 42781 1
21391 42782 822021
21391 42783 1000000
21392 42784 786938
21392 42785 943685
21393 42786 126266
21393 42787 478879
21394 42788 1000000
21394 42789 1000000
21395 42790 950904
21395 42791 1000000
21396 42792 1000000
21396 42793 1000000
21397 42794 963922
21397 42795 960892
21398 42796 986790
21398 42797 1000000
21399 42798 1
21399 42799 1000000
21400 42800 28454
21400 42801 72
21401 42802 915558
21401 42803 909092
21402 42804 12009
21402 42805 202
21403 42806 1000000
21403 42807 961727
21404 42808 918954
21404 42809 735976
21405 42810 92
21405 42811 990484
21406 42812 917777
21406 42813 1000000
21407 42814 993984
21407 42815 1000000
21408 42816 986221
21408 42817 943616
21409 42818 420549
21409 42819 89
21410 42820 497807
21410 42821 630856
21411 42822 110
21411 42823 204163
21412 42824 528044
21412 42825 54900
21413 42826 811507
21413 42827 293354
21414 42828 925367
21414 42829 519
21415 42830 334826
21415 42831 995584
21416 42832 974224
21416 42833 443539
21417 42834 984451
21417 42835 499752
21418 42836 883810
21418 42837 990
21419 42838 3
21419 42839 915191
21420 42840 908181
21420 42841 466423
21421 42842 954382
21421 42843 1000000
21422 42844 1000000
21422 42845 901052
21423 42846 38418
21423 42847 261
21424 42848 996641
21424 42849 607
21425 42850 919115
21425 42851 919061
21426 42852 697639
21426 42853 16
21427 42854 934184
21427 42855 230
21428 42856 67539
21428 42857 917796
21429 42858 217649
21429 42859 928
21430 42860 910194
21430 42861 971345
21431 42862 937212
21431 42863 939193
21432 42864 1
21432 42865 954810
21433 42866 980150
21433 42867 852057
21434 42868 965256
21434 42869 877
21435 42870 1
21435 42871 490
21436 42872 321210
21436 42873 1000000
21437 42874 2
21437 42875 942002
21438 42876 960051
21438 42877 993792
21439 42878 144079
21439 42879 987456
21440 42880 948574
21440 42881 992107
21441 42882 937
21441 42883 925027
21442 42884 464207
21442 42885 111015
21443 42886 963292
21443 42887 938440
21444 42888 320502
21444 42889 950
21445 42890 988408
21445 42891 870081
21446 42892 247
21446 42893 516
21447 42894 185868
21447 42895 617195
21448 42896 910374
21448 42897 936775
21449 42898 1000000
21449 42899 835177
21450 42900 933181
21450 42901 953912
21451 42902 931544
21451 42903 998960
21452 42904 930150
21452 42905 275191
21453 42906 185966
21453 42907 1
21454 42908 720934
21454 42909 349086
21455 42910 380911
21455 42911 929567
21456 42912 959635
21456 42913 619
21457 42914 958818
21457 42915 91
21458 42916 901754
21458 42917 454299
21459 42918 501577
21459 42919 808225
21460 42920 823545
21460 42921 310
21461 42922 284
21461 42923 1
21462 42924 910417
21462 42925 117
21463 42926 831960
21463 42927 1000000
21464 42928 933159
21464 42929 11777
21465 42930 943404
21465 42931 1
21466 42932 1000000
21466 42933 924731
21467 42934 971449
21467 42935 68
21468 42936 1000000
21468 42937 968542
21469 42938 418
21469 42939 977
21470 42940 957284
21470 42941 816
21471 42942 937050
21471 42943 1000000
21472 42944 3
21472 42945 78
21473 42946 956252
21473 42947 925092
21474 42948 270904
21474 42949 1
21475 42950 706
21475 42951 950549
21476 42952 596453
21476 42953 968561
21477 42954 980955
21477 42955 954686
21478 42956 958265
21478 42957 533
21479 42958 1
21479 42959 1
21480 42960 114178
21480 42961 981060
21481 42962 928440
21481 42963 585
21482 42964 232584
21482 42965 637
21483 42966 911191
21483 42967 1
21484 42968 223
21484 42969 940567
21485 42970 546631
21485 42971 501
21486 42972 39656
21486 42973 489609
21487 42974 932328
21487 42975 1000000
21488 42976 1000000
21488 42977 214744
21489 42978 917632
21489 42979 33
21490 42980 895772
21490 42981 623285
21491 42982 312
21491 42983 963042
21492 42984 985300
21492 42985 8401
21493 42986 1000000
21493 42987 1
21494 42988 809050
21494 42989 1000000
21495 42990 294344
21495 42991 966637
21496 42992 948354
21496 42993 985479
21497 42994 944841
21497 42995 745018
21498 42996 500337
21498 42997 25
21499 42998 950146
21499 42999 941
21500 43000 814645
21500 43001 961548
21501 43002 713748
21501 43003 101
21502 43004 1000000
21502 43005 955957
21503 43006 1000000
21503 43007 680
21504 43008 983174
21504 43009 1
21505 43010 422903
21505 43011 490378
21506 43012 994677
21506 43013 928172
21507 43014 732243
21507 43015 911039
21508 43016 750654
21508 43017 332418
21509 43018 975837
21509 43019 995401
21510 43020 527850
21510 43021 80401
21511 43022 962940
21511 43023 917940
21512 43024 253141
21512 43025 902
21513 43026 554
21513 43027 968737
21514 43028 380478
21514 43029 9834
21515 43030 988674
21515 43031 1000000
21516 43032 908625
21516 43033 915734
21517 43034 804593
21517 43035 984403
21518 43036 323584
21518 43037 555274
21519 43038 971
21519 43039 894029
21520 43040 93462
21520 43041 1
21521 43042 953259
21521 43043 408696
21522 43044 1000000
21522 43045 724602
21523 43046 439839
21523 43047 1000000
21524 43048 913706
21524 43049 508
21525 43050 1000000
21525 43051 951361
21526 43052 323225
21526 43053 1000000
21527 43054 772739
21527 43055 989857
21528 43056 933984
21528 43057 1
21529 43058 944
21529 43059 1000000
21530 43060 889401
21530 43061 591683
21531 43062 906169
21531 43063 841
21532 43064 956859
21532 43065 203
21533 43066 332479
21533 43067 938210
21534 43068 393873
21534 43069 1
21535 43070 906929
21535 43071 953307
21536 43072 857618
21536 43073 664375
21537 43074 281399
21537 43075 774933
21538 43076 207
21538 43077 447
21539 43078 77594
21539 43079 1
21540 43080 792
21540 43081 129727
21541 43082 978231
21541 43083 917640
21542 43084 927772
21542 43085 1000000
21543 43086 151409
21543 43087 722814
21544 43088 906599
21544 43089 534
21545 43090 922837
21545 43091 575715
21546 43092 491261
21546 43093 704881
21547 43094 1000000
21547 43095 386
21548 43096 134180
21548 43097 975292
21549 43098 1000000
21549 43099 912210
21550 43100 785925
21550 43101 487098
21551 43102 999413
21551 43103 733819
21552 43104 951625
21552 43105 909218
21553 43106 754
21553 43107 988
21554 43108 916398
21554 43109 838717
21555 43110 967976
21555 43111 936257
21556 43112 852860
21556 43113 931527
21557 43114 975941
21557 43115 875396
21558 43116 445192
21558 43117 310872
21559 43118 712758
21559 43119 1000000
21560 43120 1000000
21560 43121 1
21561 43122 704
21561 43123 992208
21562 43124 1000000
21562 43125 1000000
21563 43126 958204
21563 43127 173435
21564 43128 981861
21564 43129 789950
21565 43130 441
21565 43131 170
21566 43132 975959
21566 43133 1
21567 43134 144198
21567 43135 1000000
21568 43136 1000000
21568 43137 1000000
21569 43138 966260
21569 43139 956541
21570 43140 832
21570 43141 916705
21571 43142 922308
21571 43143 959488
21572 43144 170408
21572 43145 982366
21573 43146 946775
21573 43147 842
21574 43148 757
21574 43149 922947
21575 43150 76570
21575 43151 451
21576 43152 127119
21576 43153 635451
21577 43154 681644
21577 43155 969957
21578 43156 385
21578 43157 990748
21579 43158 665371
21579 43159 296208
21580 43160 659822
21580 43161 665634
21581 43162 886
21581 43163 759212
21582 43164 974955
21582 43165 987534
21583 43166 1
21583 43167 511030
21584 43168 107
21584 43169 395
21585 43170 37
21585 43171 930079
21586 43172 1000000
21586 43173 996064
21587 43174 971521
21587 43175 959364
21588 43176 479
21588 43177 907017
21589 43178 1000000
21589 43179 940666
21590 43180 913
21590 43181 1
21591 43182 908409
21591 43183 690279
21592 43184 902977
21592 43185 1
21593 43186 1000000
21593 43187 376990
21594 43188 664148
21594 43189 502517
21595 43190 969515
21595 43191 39
21596 43192 58
21596 43193 810823
21597 43194 97
21597 43195 903326
21598 43196 630326
21598 43197 517255
21599 43198 323
21599 43199 153
21600 43200 524523
21600 43201 901118
21601 43202 260517
21601 43203 1000000
21602 43204 958744
21602 43205 972541
21603 43206 399
21603 43207 485696
21604 43208 652
21604 43209 852687
21605 43210 952878
21605 43211 122598
21606 43212 382812
21606 43213 116380
21607 43214 621652
21607 43215 819
21608 43216 652529
21608 43217 954907
21609 43218 1
21609 43219 1000000
21610 43220 913836
21610 43221 900351
21611 43222 545187
21611 43223 963097
21612 43224 189
21612 43225 1000000
21613 43226 966588
21613 43227 1000000
21614 43228 965939
21614 43229 835073
21615 43230 75577
21615 43231 904548
21616 43232 397
21616 43233 934563
21617 43234 947422
21617 43235 965528
21618 43236 942885
21618 43237 87104
21619 43238 323618
21619 43239 419783
21620 43240 141795
21620 43241 965437
21621 43242 919104
21621 43243 825
21622 43244 990711
21622 43245 479
21623 43246 48
21623 43247 929370
21624 43248 166738
21624 43249 658753
21625 43250 522503
21625 43251 53728
21626 43252 913272
21626 43253 1000000
21627 43254 550393
21627 43255 964092
21628 43256 412303
21628 43257 140
21629 43258 617284
21629 43259 925974
21630 43260 979595
21630 43261 968897
21631 43262 191116
21631 43263 495934
21632 43264 437331
21632 43265 690853
21633 43266 901
21633 43267 311838
21634 43268 113
21634 43269 1000000
21635 43270 983175
21635 43271 670073
21636 43272 696393
21636 43273 948454
21637 43274 90023
21637 43275 263
21638 43276 198
21638 43277 296433
21639 43278 944337
21639 43279 958372
21640 43280 459209
21640 43281 735655
21641 43282 1000000
21641 43283 378678
21642 43284 991549
21642 43285 850
21643 43286 966988
21643 43287 944947
21644 43288 978977
21644 43289 271708
21645 43290 964616
21645 43291 424
21646 43292 288278
21646 43293 864541
21647 43294 320
21647 43295 1000000
21648 43296 457447
21648 43297 998184
21649 43298 932708
21649 43299 269
21650 43300 722028
21650 43301 999598
21651 43302 908292
21651 43303 786
21652 43304 769
21652 43305 396104
21653 43306 996257
21653 43307 589653
21654 43308 971175
21654 43309 1
21655 43310 836
21655 43311 96918
21656 43312 841504
21656 43313 523766
21657 43314 807
21657 43315 926645
21658 43316 918074
21658 43317 1
21659 43318 246810
21659 43319 970797
21660 43320 651120
21660 43321 999233
21661 43322 1
21661 43323 1000000
21662 43324 307479
21662 43325 335
21663 43326 368030
21663 43327 977960
21664 43328 96795
21664 43329 912353
21665 43330 338377
21665 43331 148636
21666 43332 973531
21666 43333 40527
21667 43334 943435
21667 43335 896
21668 43336 1
21668 43337 942240
21669 43338 298294
21669 43339 827456
21670 43340 1
21670 43341 658
21671 43342 950799
21671 43343 252
21672 43344 1
21672 43345 903658
21673 43346 579606
21673 43347 295496
21674 43348 980704
21674 43349 995114
21675 43350 797
21675 43351 265203
21676 43352 540
21676 43353 143
21677 43354 970002
21677 43355 243
21678 43356 956796
21678 43357 935862
21679 43358 726
21679 43359 913339
21680 43360 910781
21680 43361 438395
21681 43362 568
21681 43363 917640
21682 43364 199521
21682 43365 653
21683 43366 974629
21683 43367 495961
21684 43368 991681
21684 43369 979929
21685 43370 959398
21685 43371 726878
21686 43372 1
21686 43373 848
21687 43374 961
21687 43375 1000000
21688 43376 1000000
21688 43377 989719
21689 43378 151554
21689 43379 58532
21690 43380 537811
21690 43381 1000000
21691 43382 902267
21691 43383 927
21692 43384 20
21692 43385 136925
21693 43386 567907
21693 43387 921122
21694 43388 1000000
21694 43389 149644
21695 43390 931829
21695 43391 1
21696 43392 377
21696 43393 515
21697 43394 945557
21697 43395 1000000
21698 43396 156364
21698 43397 123
21699 43398 896
21699 43399 435977
21700 43400 18614
21700 43401 1
21701 43402 328592
21701 43403 978637
21702 43404 975032
21702 43405 700499
21703 43406 694260
21703 43407 977464
21704 43408 948303
21704 43409 141866
21705 43410 948370
21705 43411 706
21706 43412 854836
21706 43413 989724
21707 43414 941490
21707 43415 1000000
21708 43416 91690
21708 43417 2
21709 43418 409
21709 43419 30881
21710 43420 640164
21710 43421 359463
21711 43422 620751
21711 43423 731758
21712 43424 975172
21712 43425 606
21713 43426 521736
21713 43427 1000000
21714 43428 795
21714 43429 960718
21715 43430 991893
21715 43431 692807
21716 43432 782622
21716 43433 1
21717 43434 767664
21717 43435 1000000
21718 43436 917260
21718 43437 890
21719 43438 1000000
21719 43439 545896
21720 43440 981182
21720 43441 646499
21721 43442 296
21721 43443 170270
21722 43444 823
21722 43445 1000000
21723 43446 1000000
21723 43447 991251
21724 43448 970248
21724 43449 972991
21725 43450 524
21725 43451 1000000
21726 43452 277925
21726 43453 980548
21727 43454 831
21727 43455 835
21728 43456 1000000
21728 43457 199
21729 43458 911739
21729 43459 974280
21730 43460 1
21730 43461 605
21731 43462 964
21731 43463 1000000
21732 43464 30654
21732 43465 938515
21733 43466 409058
21733 43467 236
21734 43468 905411
21734 43469 981
21735 43470 562093
21735 43471 408
21736 43472 1
21736 43473 974690
21737 43474 269863
21737 43475 1000000
21738 43476 970708
21738 43477 776607
21739 43478 998558
21739 43479 905598
21740 43480 190
21740 43481 351
21741 43482 316004
21741 43483 925049
21742 43484 194342
21742 43485 872023
21743 43486 284801
21743 43487 1
21744 43488 945086
21744 43489 939529
21745 43490 929496
21745 43491 998542
21746 43492 443
21746 43493 966954
21747 43494 755
21747 43495 925408
21748 43496 930665
21748 43497 843
21749 43498 304857
21749 43499 948
21750 43500 913810
21750 43501 909
21751 43502 154
21751 43503 967565
21752 43504 333798
21752 43505 885019
21753 43506 337760
21753 43507 957321
21754 43508 479
21754 43509 398754
21755 43510 936587
21755 43511 915
21756 43512 914364
21756 43513 421
21757 43514 954
21757 43515 709219
21758 43516 976627
21758 43517 856327
21759 43518 666295
21759 43519 555262
21760 43520 916098
21760 43521 324966
21761 43522 923
21761 43523 937504
21762 43524 998537
21762 43525 408255
21763 43526 545103
21763 43527 310870
21764 43528 905851
21764 43529 942946
21765 43530 675179
21765 43531 257230
21766 43532 973611
21766 43533 971367
21767 43534 697632
21767 43535 993365
21768 43536 472318
21768 43537 222002
21769 43538 960151
21769 43539 77539
21770 43540 946862
21770 43541 29290
21771 43542 926410
21771 43543 983855
21772 43544 938255
21772 43545 458
21773 43546 930
21773 43547 902551
21774 43548 989699
21774 43549 1000000
21775 43550 999358
21775 43551 677403
21776 43552 980420
21776 43553 294034
21777 43554 435882
21777 43555 948206
21778 43556 995521
21778 43557 1854
21779 43558 978884
21779 43559 961050
21780 43560 984202
21780 43561 671056
21781 43562 867
21781 43563 224033
21782 43564 975405
21782 43565 159
21783 43566 504060
21783 43567 282
21784 43568 57507
21784 43569 494476
21785 43570 633670
21785 43571 959185
21786 43572 930403
21786 43573 1000000
21787 43574 191
21787 43575 61943
21788 43576 403
21788 43577 918743
21789 43578 1000000
21789 43579 1000000
21790 43580 960803
21790 43581 946153
21791 43582 178043
21791 43583 198
21792 43584 468
21792 43585 913802
21793 43586 1000000
21793 43587 141
21794 43588 305292
21794 43589 855294
21795 43590 531175
21795 43591 743
21796 43592 677687
21796 43593 527648
21797 43594 827049
21797 43595 307
21798 43596 804
21798 43597 187449
21799 43598 911104
21799 43599 214
21800 43600 21
21800 43601 275464
21801 43602 169086
21801 43603 854
21802 43604 464077
21802 43605 933387
21803 43606 329340
21803 43607 3696
21804 43608 964526
21804 43609 1000000
21805 43610 623805
21805 43611 967359
21806 43612 362
21806 43613 142669
21807 43614 195
21807 43615 392659
21808 43616 968274
21808 43617 883486
21809 43618 922892
21809 43619 943244
21810 43620 1000000
21810 43621 932881
21811 43622 310410
21811 43623 360
21812 43624 21551
21812 43625 826
21813 43626 400159
21813 43627 892724
21814 43628 873372
21814 43629 976133
21815 43630 961815
21815 43631 903243
21816 43632 1000000
21816 43633 415167
21817 43634 1000000
21817 43635 979637
21818 43636 915028
21818 43637 983395
21819 43638 724368
21819 43639 208898
21820 43640 910029
21820 43641 903892
21821 43642 444389
21821 43643 889
21822 43644 986599
21822 43645 621347
21823 43646 499651
21823 43647 976226
21824 43648 185412
21824 43649 511
21825 43650 1
21825 43651 313824
21826 43652 189
21826 43653 75
21827 43654 1
21827 43655 1
21828 43656 996317
21828 43657 248890
21829 43658 288
21829 43659 508462
21830 43660 929318
21830 43661 989238
21831 43662 907159
21831 43663 324
21832 43664 923803
21832 43665 263
21833 43666 778659
21833 43667 931302
21834 43668 768560
21834 43669 917249
21835 43670 69
21835 43671 385199
21836 43672 508418
21836 43673 891702
21837 43674 996784
21837 43675 526625
21838 43676 250
21838 43677 572711
21839 43678 22
21839 43679 763750
21840 43680 123861
21840 43681 959354
21841 43682 961050
21841 43683 221181
21842 43684 995047
21842 43685 975
21843 43686 525747
21843 43687 1000000
21844 43688 995098
21844 43689 417253
21845 43690 977707
21845 43691 271
21846 43692 483405
21846 43693 900881
21847 43694 124
21847 43695 935917
21848 43696 983808
21848 43697 381253
21849 43698 950319
21849 43699 571561
21850 43700 978389
21850 43701 959845
21851 43702 722997
21851 43703 992697
21852 43704 1000000
21852 43705 902678
21853 43706 921041
21853 43707 31
21854 43708 388
21854 43709 1000000
21855 43710 254654
21855 43711 209
21856 43712 352030
21856 43713 906604
21857 43714 367398
21857 43715 714
21858 43716 403
21858 43717 1000000
21859 43718 659
21859 43719 1000000
21860 43720 297278
21860 43721 954688
21861 43722 545
21861 43723 993442
21862 43724 747
21862 43725 384012
21863 43726 14813
21863 43727 909439
21864 43728 654673
21864 43729 938171
21865 43730 918820
21865 43731 408
21866 43732 860975
21866 43733 906266
21867 43734 901020
21867 43735 951851
21868 43736 710761
21868 43737 159
21869 43738 216066
21869 43739 1000000
21870 43740 953402
21870 43741 1
21871 43742 776481
21871 43743 953639
21872 43744 942892
21872 43745 289
21873 43746 102571
21873 43747 849
21874 43748 923901
21874 43749 483576
21875 43750 808291
21875 43751 972283
21876 43752 961700
21876 43753 363066
21877 43754 691
21877 43755 993033
21878 43756 184017
21878 43757 925567
21879 43758 512308
21879 43759 635451
21880 43760 667119
21880 43761 656
21881 43762 1000000
21881 43763 322558
21882 43764 525399
21882 43765 885319
21883 43766 1000000
21883 43767 900
21884 43768 920928
21884 43769 930838
21885 43770 1
21885 43771 981297
21886 43772 1000000
21886 43773 1
21887 43774 825180
21887 43775 915908
21888 43776 928
21888 43777 481648
21889 43778 314
21889 43779 937295
21890 43780 83
21890 43781 1000000
21891 43782 997794
21891 43783 631547
21892 43784 919726
21892 43785 961805
21893 43786 996976
21893 43787 673328
21894 43788 593772
21894 43789 203
21895 43790 845
21895 43791 922034
21896 43792 1000000
21896 43793 939121
21897 43794 948546
21897 43795 679
21898 43796 954416
21898 43797 975828
21899 43798 82
21899 43799 1
21900 43800 1000000
21900 43801 1000000
21901 43802 290050
21901 43803 55
21902 43804 926700
21902 43805 854
21903 43806 254134
21903 43807 245647
21904 43808 948035
21904 43809 913567
21905 43810 436467
21905 43811 990334
21906 43812 345
21906 43813 675
21907 43814 921999
21907 43815 1
21908 43816 443142
21908 43817 1000000
21909 43818 994723
21909 43819 918401
21910 43820 944636
21910 43821 1000000
21911 43822 934329
21911 43823 972103
21912 43824 326831
21912 43825 809718
21913 43826 920403
21913 43827 306
21914 43828 760950
21914 43829 1000000
21915 43830 503
21915 43831 334
21916 43832 756
21916 43833 1
21917 43834 966
21917 43835 406
21918 43836 392
21918 43837 714316
21919 43838 325812
21919 43839 460
21920 43840 700017
21920 43841 718015
21921 43842 418372
21921 43843 1000000
21922 43844 957146
21922 43845 982422
21923 43846 600420
21923 43847 854041
21924 43848 761179
21924 43849 913359
21925 43850 354
21925 43851 958224
21926 43852 99292
21926 43853 1000000
21927 43854 874
21927 43855 974531
21928 43856 982226
21928 43857 410182
21929 43858 886486
21929 43859 26696
21930 43860 1000000
21930 43861 951401
21931 43862 1000000
21931 43863 934377
21932 43864 858384
21932 43865 945328
21933 43866 1000000
21933 43867 464032
21934 43868 737
21934 43869 763
21935 43870 848171
21935 43871 905856
21936 43872 813549
21936 43873 941665
21937 43874 909402
21937 43875 970766
21938 43876 1000000
21938 43877 922012
21939 43878 948435
21939 43879 1000000
21940 43880 966892
21940 43881 491
21941 43882 495486
21941 43883 885916
21942 43884 954
21942 43885 562442
21943 43886 931236
21943 43887 801
21944 43888 920480
21944 43889 1
21945 43890 968139
21945 43891 994105
21946 43892 974263
21946 43893 617874
21947 43894 919972
21947 43895 925857
21948 43896 930851
21948 43897 65787
21949 43898 1000000
21949 43899 588295
21950 43900 215302
21950 43901 360224
21951 43902 923002
21951 43903 476800
21952 43904 307
21952 43905 920
21953 43906 206
21953 43907 1000000
21954 43908 742
21954 43909 1000000
21955 43910 1
21955 43911 1000000
21956 43912 948741
21956 43913 966076
21957 43914 915112
21957 43915 990
21958 43916 496
21958 43917 908819
21959 43918 241
21959 43919 1000000
21960 43920 831428
21960 43921 928935
21961 43922 245
21961 43923 966219
21962 43924 952833
21962 43925 823
21963 43926 614
21963 43927 813
21964 43928 1000000
21964 43929 1
21965 43930 726
21965 43931 951719
21966 43932 618410
21966 43933 909729
21967 43934 919295
21967 43935 352540
21968 43936 901640
21968 43937 1000000
21969 43938 242
21969 43939 754567
21970 43940 472839
21970 43941 944526
21971 43942 1
21971 43943 568018
21972 43944 956604
21972 43945 32797
21973 43946 934737
21973 43947 984054
21974 43948 930972
21974 43949 923715
21975 43950 908900
21975 43951 828576
21976 43952 998584
21976 43953 985764
21977 43954 959942
21977 43955 1000000
21978 43956 946466
21978 43957 325
21979 43958 994
21979 43959 1
21980 43960 1
21980 43961 1
21981 43962 986455
21981 43963 47
21982 43964 447666
21982 43965 731
21983 43966 1000000
21983 43967 347088
21984 43968 937579
21984 43969 945171
21985 43970 1
21985 43971 632500
21986 43972 1000000
21986 43973 1000000
21987 43974 246344
21987 43975 466
21988 43976 949838
21988 43977 900215
21989 43978 18224
21989 43979 913171
21990 43980 143956
21990 43981 907
21991 43982 1
21991 43983 996908
21992 43984 753609
21992 43985 1
21993 43986 946270
21993 43987 979310
21994 43988 704413
21994 43989 972171
21995 43990 961129
21995 43991 921235
21996 43992 1000000
21996 43993 1000000
21997 43994 1
21997 43995 404
21998 43996 837
21998 43997 294
21999 43998 936
21999 43999 1000000
22000 44000 981
22000 44001 845
22001 44002 630511
22001 44003 601427
22002 44004 993009
22002 44005 810
22003 44006 765921
22003 44007 902961
22004 44008 510
22004 44009 296
22005 44010 588
22005 44011 821613
22006 44012 971969
22006 44013 1000000
22007 44014 145708
22007 44015 937
22008 44016 78757
22008 44017 977830
22009 44018 119
22009 44019 383467
22010 44020 795372
22010 44021 131660
22011 44022 803
22011 44023 553531
22012 44024 57347
22012 44025 998282
22013 44026 959653
22013 44027 174
22014 44028 757231
22014 44029 593857
22015 44030 436959
22015 44031 1
22016 44032 987711
22016 44033 126
22017 44034 716
22017 44035 725176
22018 44036 32677
22018 44037 41274
22019 44038 921015
22019 44039 388336
22020 44040 858922
22020 44041 277
22021 44042 70
22021 44043 180
22022 44044 1
22022 44045 427281
22023 44046 939129
22023 44047 954784
22024 44048 716285
22024 44049 375012
22025 44050 791941
22025 44051 1000000
22026 44052 166
22026 44053 854328
22027 44054 859305
22027 44055 409043
22028 44056 571
22028 44057 792848
22029 44058 684536
22029 44059 921240
22030 44060 947346
22030 44061 969673
22031 44062 971607
22031 44063 900202
22032 44064 905459
22032 44065 43164
22033 44066 906
22033 44067 993341
22034 44068 1000000
22034 44069 901
22035 44070 823849
22035 44071 987311
22036 44072 919815
22036 44073 1000000
22037 44074 586603
22037 44075 507654
22038 44076 3
22038 44077 987880
22039 44078 1
22039 44079 1
22040 44080 958202
22040 44081 916187
22041 44082 405552
22041 44083 958464
22042 44084 210709
22042 44085 333
22043 44086 736443
22043 44087 59264
22044 44088 906202
22044 44089 72
22045 44090 102654
22045 44091 189
22046 44092 584787
22046 44093 370750
22047 44094 914902
22047 44095 929
22048 44096 983362
22048 44097 938668
22049 44098 842170
22049 44099 1000000
22050 44100 858751
22050 44101 1000000
22051 44102 724
22051 44103 716
22052 44104 947035
22052 44105 416
22053 44106 180431
22053 44107 1000000
22054 44108 516013
22054 44109 923856
22055 44110 467
22055 44111 422379
22056 44112 655
22056 44113 973223
22057 44114 439690
22057 44115 999950
22058 44116 150662
22058 44117 795
22059 44118 941226
22059 44119 275
22060 44120 862
22060 44121 931514
22061 44122 1000000
22061 44123 1
22062 44124 423319
22062 44125 319809
22063 44126 76005
22063 44127 646
22064 44128 757740
22064 44129 453586
22065 44130 1000000
22065 44131 769987
22066 44132 106
22066 44133 334
22067 44134 914871
22067 44135 429
22068 44136 1
22068 44137 996755
22069 44138 925758
22069 44139 1000000
22070 44140 947120
22070 44141 515210
22071 44142 978865
22071 44143 328455
22072 44144 967924
22072 44145 257947
22073 44146 997942
22073 44147 1
22074 44148 1000000
22074 44149 667509
22075 44150 992462
22075 44151 868154
22076 44152 42457
22076 44153 981189
22077 44154 950888
22077 44155 662
22078 44156 933690
22078 44157 989125
22079 44158 997954
22079 44159 504
22080 44160 930573
22080 44161 976924
22081 44162 218
22081 44163 987626
22082 44164 535953
22082 44165 456967
22083 44166 654983
22083 44167 938101
22084 44168 1
22084 44169 983789
22085 44170 834
22085 44171 938
22086 44172 736389
22086 44173 383408
22087 44174 800409
22087 44175 880447
22088 44176 150
22088 44177 966054
22089 44178 536
22089 44179 324
22090 44180 503919
22090 44181 1000000
22091 44182 298
22091 44183 253103
22092 44184 1000000
22092 44185 1000000
22093 44186 963821
22093 44187 235766
22094 44188 1000000
22094 44189 822
22095 44190 623551
22095 44191 995162
22096 44192 953691
22096 44193 852495
22097 44194 124523
22097 44195 921106
22098 44196 996988
22098 44197 930977
22099 44198 534155
22099 44199 638731
22100 44200 903640
22100 44201 970687
22101 44202 974055
22101 44203 465194
22102 44204 521402
22102 44205 996808
22103 44206 398689
22103 44207 659
22104 44208 927798
22104 44209 969607
22105 44210 517
22105 44211 332845
22106 44212 472342
22106 44213 1000000
22107 44214 912890
22107 44215 380534
22108 44216 102
22108 44217 303
22109 44218 949876
22109 44219 944612
22110 44220 922159
22110 44221 305
22111 44222 267847
22111 44223 669427
22112 44224 730832
22112 44225 995927
22113 44226 81883
22113 44227 554809
22114 44228 171
22114 44229 916567
22115 44230 461
22115 44231 995651
22116 44232 964452
22116 44233 998436
22117 44234 878611
22117 44235 396012
22118 44236 973295
22118 44237 1000000
22119 44238 346520
22119 44239 1000000
22120 44240 961491
22120 44241 938162
22121 44242 259160
22121 44243 960045
22122 44244 945170
22122 44245 463877
22123 44246 947838
22123 44247 1000000
22124 44248 919121
22124 44249 572869
22125 44250 218883
22125 44251 1000000
22126 44252 931542
22126 44253 900215
22127 44254 949942
22127 44255 958806
22128 44256 177751
22128 44257 815527
22129 44258 344
22129 44259 762207
22130 44260 959578
22130 44261 271321
22131 44262 392739
22131 44263 913599
22132 44264 790983
22132 44265 200885
22133 44266 974208
22133 44267 951809
22134 44268 900378
22134 44269 904
22135 44270 3
22135 44271 124
22136 44272 830682
22136 44273 120425
22137 44274 993007
22137 44275 738236
22138 44276 105631
22138 44277 448280
22139 44278 68395
22139 44279 795669
22140 44280 142053
22140 44281 1
22141 44282 980887
22141 44283 930874
22142 44284 904312
22142 44285 245948
22143 44286 37
22143 44287 1000000
22144 44288 634742
22144 44289 1000000
22145 44290 956
22145 44291 496510
22146 44292 932678
22146 44293 648335
22147 44294 1000000
22147 44295 748
22148 44296 977380
22148 44297 999028
22149 44298 944594
22149 44299 1000000
22150 44300 804
22150 44301 358526
22151 44302 588734
22151 44303 969872
22152 44304 784
22152 44305 1
22153 44306 1
22153 44307 1000000
22154 44308 102134
22154 44309 974755
22155 44310 955969
22155 44311 927
22156 44312 915866
22156 44313 996679
22157 44314 924831
22157 44315 154962
22158 44316 518338
22158 44317 967439
22159 44318 864593
22159 44319 743200
22160 44320 1000000
22160 44321 777
22161 44322 908724
22161 44323 966678
22162 44324 960764
22162 44325 1000000
22163 44326 591805
22163 44327 978980
22164 44328 917367
22164 44329 142665
22165 44330 904663
22165 44331 1000000
22166 44332 996302
22166 44333 794339
22167 44334 810403
22167 44335 603
22168 44336 1
22168 44337 983
22169 44338 332116
22169 44339 450
22170 44340 1000000
22170 44341 976155
22171 44342 543
22171 44343 289
22172 44344 990158
22172 44345 83
22173 44346 946200
22173 44347 1
22174 44348 967002
22174 44349 1000000
22175 44350 957989
22175 44351 752636
22176 44352 921428
22176 44353 971415
22177 44354 1
22177 44355 846451
22178 44356 1000000
22178 44357 125045
22179 44358 1000000
22179 44359 953246
22180 44360 487
22180 44361 428092
22181 44362 918367
22181 44363 1000000
22182 44364 932261
22182 44365 907630
22183 44366 907799
22183 44367 249506
22184 44368 928836
22184 44369 955939
22185 44370 600577
22185 44371 903361
22186 44372 310905
22186 44373 248
22187 44374 1000000
22187 44375 328
22188 44376 365624
22188 44377 251917
22189 44378 740797
22189 44379 231
22190 44380 450501
22190 44381 403951
22191 44382 987796
22191 44383 954435
22192 44384 100
22192 44385 713
22193 44386 939595
22193 44387 755
22194 44388 945998
22194 44389 900353
22195 44390 923319
22195 44391 912636
22196 44392 936293
22196 44393 954225
22197 44394 103439
22197 44395 1000000
22198 44396 881805
22198 44397 962996
22199 44398 994552
22199 44399 234300
22200 44400 806147
22200 44401 1
22201 44402 278510
22201 44403 470564
22202 44404 983263
22202 44405 910031
22203 44406 826
22203 44407 956098
22204 44408 111934
22204 44409 975530
22205 44410 979130
22205 44411 1000000
22206 44412 239411
22206 44413 1
22207 44414 1
22207 44415 836022
22208 44416 87279
22208 44417 296782
22209 44418 621453
22209 44419 993271
22210 44420 580000
22210 44421 393
22211 44422 968015
22211 44423 578
22212 44424 986633
22212 44425 584
22213 44426 291465
22213 44427 971454
22214 44428 1000000
22214 44429 984
22215 44430 950094
22215 44431 71745
22216 44432 900184
22216 44433 817185
22217 44434 930332
22217 44435 99241
22218 44436 917415
22218 44437 982458
22219 44438 977139
22219 44439 306818
22220 44440 603500
22220 44441 969662
22221 44442 723
22221 44443 937751
22222 44444 338198
22222 44445 503893
22223 44446 254
22223 44447 954184
22224 44448 703
22224 44449 422237
22225 44450 750
22225 44451 304220
22226 44452 160198
22226 44453 424
22227 44454 525
22227 44455 1
22228 44456 978048
22228 44457 790840
22229 44458 917866
22229 44459 978823
22230 44460 932508
22230 44461 136022
22231 44462 965855
22231 44463 125713
22232 44464 961
22232 44465 1
22233 44466 1000000
22233 44467 967350
22234 44468 925933
22234 44469 1000000
22235 44470 917761
22235 44471 1
22236 44472 847382
22236 44473 317108
22237 44474 78
22237 44475 949406
22238 44476 453203
22238 44477 7970
22239 44478 727
22239 44479 232
22240 44480 1000000
22240 44481 442
22241 44482 1000000
22241 44483 745
22242 44484 927471
22242 44485 970248
22243 44486 988571
22243 44487 917663
22244 44488 572652
22244 44489 958067
22245 44490 1
22245 44491 940376
22246 44492 13
22246 44493 980979
22247 44494 928113
22247 44495 359
22248 44496 523
22248 44497 571414
22249 44498 929548
22249 44499 926731
22250 44500 1
22250 44501 37252
22251 44502 924184
22251 44503 959
22252 44504 665366
22252 44505 979
22253 44506 1
22253 44507 1000000
22254 44508 1
22254 44509 980200
22255 44510 963498
22255 44511 369
22256 44512 523310
22256 44513 945738
22257 44514 575
22257 44515 15468
22258 44516 468
22258 44517 764
22259 44518 1
22259 44519 713885
22260 44520 981822
22260 44521 964475
22261 44522 14497
22261 44523 317641
22262 44524 939281
22262 44525 992867
22263 44526 933165
22263 44527 761
22264 44528 144187
22264 44529 41066
22265 44530 790
22265 44531 982342
22266 44532 928736
22266 44533 1000000
22267 44534 989205
22267 44535 949933
22268 44536 908484
22268 44537 1721
22269 44538 916452
22269 44539 124598
22270 44540 928155
22270 44541 8271
22271 44542 1000000
22271 44543 16
22272 44544 228831
22272 44545 682294
22273 44546 964213
22273 44547 215
22274 44548 672877
22274 44549 313892
22275 44550 156977
22275 44551 912
22276 44552 742559
22276 44553 979276
22277 44554 929531
22277 44555 188370
22278 44556 623456
22278 44557 970806
22279 44558 919
22279 44559 932
22280 44560 357100
22280 44561 43082
22281 44562 925178
22281 44563 341674
22282 44564 354048
22282 44565 1000000
22283 44566 673084
22283 44567 987017
22284 44568 988
22284 44569 1000000
22285 44570 178
22285 44571 647006
22286 44572 813
22286 44573 197385
22287 44574 314553
22287 44575 470506
22288 44576 975757
22288 44577 1
22289 44578 365618
22289 44579 1000000
22290 44580 1
22290 44581 1
22291 44582 310888
22291 44583 943908
22292 44584 961115
22292 44585 1
22293 44586 125026
22293 44587 929800
22294 44588 949494
22294 44589 959604
22295 44590 1
22295 44591 904756
22296 44592 126
22296 44593 131407
22297 44594 1000000
22297 44595 413085
22298 44596 995292
22298 44597 957693
22299 44598 678237
22299 44599 272
22300 44600 263
22300 44601 1000000
22301 44602 960622
22301 44603 994560
22302 44604 909822
22302 44605 1000000
22303 44606 104
22303 44607 946
22304 44608 492544
22304 44609 905985
22305 44610 674642
22305 44611 129870
22306 44612 1
22306 44613 989911
22307 44614 584638
22307 44615 55
22308 44616 768
22308 44617 1000000
22309 44618 971977
22309 44619 1000000
22310 44620 974656
22310 44621 1000000
22311 44622 926823
22311 44623 944374
22312 44624 965125
22312 44625 990685
22313 44626 932785
22313 44627 998923
22314 44628 4
22314 44629 85
22315 44630 576
22315 44631 1000000
22316 44632 1000000
22316 44633 61
22317 44634 328541
22317 44635 835898
22318 44636 1000000
22318 44637 901451
22319 44638 777908
22319 44639 936114
22320 44640 51025
22320 44641 969817
22321 44642 909758
22321 44643 958438
22322 44644 988364
22322 44645 588919
22323 44646 599356
22323 44647 519044
22324 44648 1
22324 44649 983
22325 44650 1
22325 44651 997255
22326 44652 1000000
22326 44653 812588
22327 44654 372915
22327 44655 985078
22328 44656 478465
22328 44657 663
22329 44658 800
22329 44659 917957
22330 44660 279330
22330 44661 351908
22331 44662 984693
22331 44663 596543
22332 44664 871391
22332 44665 323857
22333 44666 943756
22333 44667 427
22334 44668 785979
22334 44669 552
22335 44670 935661
22335 44671 596454
22336 44672 930949
22336 44673 910061
22337 44674 429
22337 44675 919446
22338 44676 1000000
22338 44677 927579
22339 44678 48
22339 44679 388
22340 44680 362
22340 44681 999713
22341 44682 891220
22341 44683 914189
22342 44684 1000000
22342 44685 971607
22343 44686 305
22343 44687 322
22344 44688 547
22344 44689 910181
22345 44690 990547
22345 44691 1000000
22346 44692 1000000
22346 44693 966053
22347 44694 965
22347 44695 695
22348 44696 1000000
22348 44697 93258
22349 44698 1000000
22349 44699 559520
22350 44700 847664
22350 44701 927020
22351 44702 930858
22351 44703 757
22352 44704 962385
22352 44705 820487
22353 44706 255
22353 44707 934690
22354 44708 927826
22354 44709 743163
22355 44710 304
22355 44711 613731
22356 44712 927
22356 44713 990021
22357 44714 963509
22357 44715 600
22358 44716 447
22358 44717 276713
22359 44718 1000000
22359 44719 584712
22360 44720 1000000
22360 44721 926743
22361 44722 716701
22361 44723 999871
22362 44724 410128
22362 44725 261
22363 44726 560982
22363 44727 71
22364 44728 957
22364 44729 922156
22365 44730 901690
22365 44731 251
22366 44732 949657
22366 44733 152454
22367 44734 322551
22367 44735 995314
22368 44736 401
22368 44737 968031
22369 44738 920931
22369 44739 314
22370 44740 359
22370 44741 1000000
22371 44742 995269
22371 44743 1
22372 44744 703
22372 44745 745790
22373 44746 403087
22373 44747 984441
22374 44748 570614
22374 44749 1
22375 44750 1000000
22375 44751 948149
22376 44752 680
22376 44753 1
22377 44754 949387
22377 44755 150188
22378 44756 156
22378 44757 1000000
22379 44758 699
22379 44759 111965
22380 44760 1000000
22380 44761 27294
22381 44762 938192
22381 44763 346
22382 44764 960321
22382 44765 1000000
22383 44766 37
22383 44767 926446
22384 44768 267
22384 44769 294384
22385 44770 33
22385 44771 48239
22386 44772 907
22386 44773 905745
22387 44774 900151
22387 44775 365
22388 44776 904840
22388 44777 434
22389 44778 30538
22389 44779 333
22390 44780 909374
22390 44781 923985
22391 44782 724980
22391 44783 87800
22392 44784 824051
22392 44785 1000000
22393 44786 356
22393 44787 346
22394 44788 130333
22394 44789 991200
22395 44790 1000000
22395 44791 41265
22396 44792 1
22396 44793 211
22397 44794 1000000
22397 44795 938811
22398 44796 943335
22398 44797 689252
22399 44798 955693
22399 44799 802411
22400 44800 337757
22400 44801 971813
22401 44802 842
22401 44803 1
22402 44804 961721
22402 44805 72623
22403 44806 880330
22403 44807 1000000
22404 44808 647539
22404 44809 690368
22405 44810 745186
22405 44811 201382
22406 44812 873959
22406 44813 926930
22407 44814 249577
22407 44815 991368
22408 44816 117854
22408 44817 1
22409 44818 905710
22409 44819 1
22410 44820 286
22410 44821 928960
22411 44822 1000000
22411 44823 998850
22412 44824 991981
22412 44825 524
22413 44826 964502
22413 44827 865232
22414 44828 458
22414 44829 372
22415 44830 904461
22415 44831 1000000
22416 44832 506445
22416 44833 507
22417 44834 553596
22417 44835 745
22418 44836 73359
22418 44837 236935
22419 44838 963289
22419 44839 972
22420 44840 903702
22420 44841 486
22421 44842 31
22421 44843 1000000
22422 44844 1000000
22422 44845 78
22423 44846 596636
22423 44847 133836
22424 44848 994171
22424 44849 978012
22425 44850 984614
22425 44851 1000000
22426 44852 907824
22426 44853 933835
22427 44854 976287
22427 44855 92
22428 44856 1000000
22428 44857 61
22429 44858 428741
22429 44859 312780
22430 44860 985693
22430 44861 515313
22431 44862 302
22431 44863 943109
22432 44864 870369
22432 44865 575257
22433 44866 905074
22433 44867 79827
22434 44868 328693
22434 44869 687136
22435 44870 966519
22435 44871 329099
22436 44872 951571
22436 44873 795513
22437 44874 546982
22437 44875 147454
22438 44876 430722
22438 44877 1000000
22439 44878 128588
22439 44879 893834
22440 44880 456044
22440 44881 376020
22441 44882 970254
22441 44883 365
22442 44884 616886
22442 44885 262
22443 44886 946383
22443 44887 930738
22444 44888 219655
22444 44889 76581
22445 44890 1000000
22445 44891 794623
22446 44892 16
22446 44893 325141
22447 44894 415015
22447 44895 670332
22448 44896 347
22448 44897 651
22449 44898 1000000
22449 44899 1000000
22450 44900 1000000
22450 44901 982838
22451 44902 1000000
22451 44903 695954
22452 44904 996591
22452 44905 986015
22453 44906 1000000
22453 44907 356272
22454 44908 235
22454 44909 145
22455 44910 986660
22455 44911 125
22456 44912 982198
22456 44913 327
22457 44914 522685
22457 44915 904245
22458 44916 966176
22458 44917 460
22459 44918 269971
22459 44919 412756
22460 44920 997899
22460 44921 917421
22461 44922 1000000
22461 44923 1000000
22462 44924 1000000
22462 44925 1000000
22463 44926 928429
22463 44927 937329
22464 44928 1000000
22464 44929 126
22465 44930 933891
22465 44931 1
22466 44932 123979
22466 44933 598
22467 44934 670
22467 44935 680
22468 44936 926826
22468 44937 980217
22469 44938 991847
22469 44939 1
22470 44940 404814
22470 44941 385393
22471 44942 922173
22471 44943 957577
22472 44944 795
22472 44945 996
22473 44946 124840
22473 44947 819
22474 44948 983654
22474 44949 1000000
22475 44950 991277
22475 44951 211973
22476 44952 1000000
22476 44953 1000000
22477 44954 922826
22477 44955 937243
22478 44956 858148
22478 44957 900809
22479 44958 779679
22479 44959 818
22480 44960 75697
22480 44961 872630
22481 44962 987661
22481 44963 121
22482 44964 1000000
22482 44965 1000000
22483 44966 561087
22483 44967 984643
22484 44968 742
22484 44969 937291
22485 44970 968273
22485 44971 1000000
22486 44972 372
22486 44973 299460
22487 44974 635386
22487 44975 986709
22488 44976 106482
22488 44977 448370
22489 44978 995653
22489 44979 890980
22490 44980 294827
22490 44981 904822
22491 44982 759874
22491 44983 920386
22492 44984 361181
22492 44985 618356
22493 44986 1000000
22493 44987 949771
22494 44988 910244
22494 44989 1000000
22495 44990 915429
22495 44991 956755
22496 44992 1000000
22496 44993 60
22497 44994 965483
22497 44995 962181
22498 44996 653
22498 44997 1000000
22499 44998 1
22499 44999 891
22500 45000 454886
22500 45001 412701
22501 45002 740
22501 45003 991172
22502 45004 944231
22502 45005 931857
22503 45006 267
22503 45007 869
22504 45008 153
22504 45009 557
22505 45010 886257
22505 45011 688
22506 45012 961769
22506 45013 964797
22507 45014 619681
22507 45015 1
22508 45016 837145
22508 45017 951615
22509 45018 949380
22509 45019 147
22510 45020 965755
22510 45021 884
22511 45022 1
22511 45023 125
22512 45024 707191
22512 45025 12174
22513 45026 834681
22513 45027 153797
22514 45028 1
22514 45029 3701
22515 45030 147
22515 45031 184
22516 45032 569
22516 45033 292796
22517 45034 940181
22517 45035 97070
22518 45036 256260
22518 45037 153980
22519 45038 192800
22519 45039 571571
22520 45040 966
22520 45041 55459
22521 45042 280018
22521 45043 286
22522 45044 963233
22522 45045 981849
22523 45046 1000000
22523 45047 1
22524 45048 521
22524 45049 171
22525 45050 1000
22525 45051 940
22526 45052 681863
22526 45053 860676
22527 45054 977922
22527 45055 404440
22528 45056 744411
22528 45057 57
22529 45058 1
22529 45059 995623
22530 45060 479867
22530 45061 378243
22531 45062 862
22531 45063 929591
22532 45064 941170
22532 45065 107
22533 45066 904
22533 45067 473125
22534 45068 989
22534 45069 1000000
22535 45070 829373
22535 45071 924298
22536 45072 1
22536 45073 980
22537 45074 509
22537 45075 502
22538 45076 960092
22538 45077 946826
22539 45078 121898
22539 45079 63456
22540 45080 619830
22540 45081 931264
22541 45082 338542
22541 45083 1
22542 45084 973111
22542 45085 159959
22543 45086 872
22543 45087 917956
22544 45088 991047
22544 45089 949296
22545 45090 962479
22545 45091 937925
22546 45092 1000000
22546 45093 356
22547 45094 285
22547 45095 662969
22548 45096 941773
22548 45097 1
22549 45098 662735
22549 45099 972691
22550 45100 236385
22550 45101 89
22551 45102 954124
22551 45103 414
22552 45104 1000000
22552 45105 1000000
22553 45106 1
22553 45107 944114
22554 45108 355909
22554 45109 908072
22555 45110 915148
22555 45111 979829
22556 45112 144
22556 45113 96082
22557 45114 991090
22557 45115 936710
22558 45116 1000000
22558 45117 939184
22559 45118 118
22559 45119 358
22560 45120 854
22560 45121 910338
22561 45122 1000000
22561 45123 995646
22562 45124 498025
22562 45125 952265
22563 45126 1000000
22563 45127 34
22564 45128 371777
22564 45129 927300
22565 45130 965519
22565 45131 514135
22566 45132 685
22566 45133 462833
22567 45134 1
22567 45135 131321
22568 45136 267675
22568 45137 1000000
22569 45138 767
22569 45139 892324
22570 45140 949895
22570 45141 141
22571 45142 401627
22571 45143 911171
22572 45144 918678
22572 45145 943295
22573 45146 924102
22573 45147 544
22574 45148 1000000
22574 45149 418531
22575 45150 823181
22575 45151 1000000
22576 45152 392
22576 45153 265772
22577 45154 71318
22577 45155 921110
22578 45156 1000000
22578 45157 1
22579 45158 325
22579 45159 628
22580 45160 1
22580 45161 940489
22581 45162 102
22581 45163 324744
22582 45164 913322
22582 45165 889805
22583 45166 978366
22583 45167 1000000
22584 45168 1000000
22584 45169 997973
22585 45170 926656
22585 45171 933323
22586 45172 1000000
22586 45173 1000000
22587 45174 906187
22587 45175 257289
22588 45176 550
22588 45177 16815
22589 45178 890396
22589 45179 360183
22590 45180 233
22590 45181 954782
22591 45182 1
22591 45183 991609
22592 45184 960346
22592 45185 930010
22593 45186 981952
22593 45187 40395
22594 45188 370727
22594 45189 707370
22595 45190 238087
22595 45191 1
22596 45192 486
22596 45193 576224
22597 45194 683
22597 45195 795
22598 45196 320015
22598 45197 393
22599 45198 980864
22599 45199 607419
22600 45200 233819
22600 45201 400
22601 45202 433410
22601 45203 233673
22602 45204 810733
22602 45205 75547
22603 45206 907639
22603 45207 996763
22604 45208 950418
22604 45209 949300
22605 45210 331
22605 45211 919613
22606 45212 987653
22606 45213 982
22607 45214 1
22607 45215 690552
22608 45216 1
22608 45217 945637
22609 45218 380361
22609 45219 184309
22610 45220 913360
22610 45221 933259
22611 45222 71
22611 45223 902842
22612 45224 12
22612 45225 376492
22613 45226 258195
22613 45227 115
22614 45228 818377
22614 45229 194922
22615 45230 564
22615 45231 371812
22616 45232 220
22616 45233 680425
22617 45234 966728
22617 45235 946209
22618 45236 185797
22618 45237 964592
22619 45238 938324
22619 45239 88257
22620 45240 957804
22620 45241 990480
22621 45242 329969
22621 45243 901619
22622 45244 1000000
22622 45245 742112
22623 45246 955064
22623 45247 143
22624 45248 967468
22624 45249 826776
22625 45250 453
22625 45251 1
22626 45252 944285
22626 45253 352554
22627 45254 981214
22627 45255 281
22628 45256 957704
22628 45257 282580
22629 45258 929393
22629 45259 484203
22630 45260 982983
22630 45261 586
22631 45262 869427
22631 45263 960528
22632 45264 558059
22632 45265 1000000
22633 45266 786
22633 45267 915338
22634 45268 1000000
22634 45269 581330
22635 45270 1000000
22635 45271 212475
22636 45272 144496
22636 45273 938845
22637 45274 1
22637 45275 981640
22638 45276 972698
22638 45277 72538
22639 45278 779112
22639 45279 271553
22640 45280 595
22640 45281 776216
22641 45282 485860
22641 45283 153
22642 45284 331631
22642 45285 908809
22643 45286 60514
22643 45287 1000000
22644 45288 1
22644 45289 904952
22645 45290 994150
22645 45291 578932
22646 45292 902214
22646 45293 982296
22647 45294 952041
22647 45295 947985
22648 45296 872
22648 45297 406692
22649 45298 847790
22649 45299 998145
22650 45300 1000000
22650 45301 960173
22651 45302 564
22651 45303 149138
22652 45304 932026
22652 45305 216418
22653 45306 962744
22653 45307 921045
22654 45308 950056
22654 45309 983476
22655 45310 130961
22655 45311 1
22656 45312 964329
22656 45313 937796
22657 45314 902016
22657 45315 1000000
22658 45316 1000000
22658 45317 1000000
22659 45318 927278
22659 45319 87
22660 45320 655
22660 45321 915742
22661 45322 531
22661 45323 834019
22662 45324 694
22662 45325 901584
22663 45326 947810
22663 45327 48190
22664 45328 711576
22664 45329 459
22665 45330 537696
22665 45331 919786
22666 45332 971514
22666 45333 78613
22667 45334 972921
22667 45335 810
22668 45336 915259
22668 45337 758862
22669 45338 481475
22669 45339 936490
22670 45340 745
22670 45341 100552
22671 45342 339249
22671 45343 476496
22672 45344 171655
22672 45345 1000000
22673 45346 1000000
22673 45347 848571
22674 45348 620179
22674 45349 1
22675 45350 643159
22675 45351 969028
22676 45352 696874
22676 45353 18110
22677 45354 902047
22677 45355 294
22678 45356 746251
22678 45357 986945
22679 45358 928417
22679 45359 657816
22680 45360 315
22680 45361 884971
22681 45362 72935
22681 45363 932503
22682 45364 162
22682 45365 803
22683 45366 922820
22683 45367 1000000
22684 45368 401
22684 45369 920774
22685 45370 116699
22685 45371 1000000
22686 45372 21
22686 45373 14465
22687 45374 407045
22687 45375 908530
22688 45376 986852
22688 45377 682825
22689 45378 939935
22689 45379 195047
22690 45380 1000000
22690 45381 777315
22691 45382 845829
22691 45383 250302
22692 45384 107744
22692 45385 490
22693 45386 903258
22693 45387 1
22694 45388 60
22694 45389 103921
22695 45390 391369
22695 45391 452
22696 45392 942264
22696 45393 554
22697 45394 924462
22697 45395 1000000
22698 45396 982382
22698 45397 47527
22699 45398 169
22699 45399 940103
22700 45400 121072
22700 45401 483467
22701 45402 1
22701 45403 958669
22702 45404 985526
22702 45405 903882
22703 45406 1000000
22703 45407 1000000
22704 45408 193188
22704 45409 39
22705 45410 427729
22705 45411 957094
22706 45412 487
22706 45413 973116
22707 45414 26481
22707 45415 47911
22708 45416 949623
22708 45417 1
22709 45418 969281
22709 45419 1000000
22710 45420 920867
22710 45421 942301
22711 45422 1000000
22711 45423 162
22712 45424 969253
22712 45425 1000000
22713 45426 4
22713 45427 838
22714 45428 972176
22714 45429 639
22715 45430 441257
22715 45431 532949
22716 45432 178793
22716 45433 290688
22717 45434 261
22717 45435 606735
22718 45436 990834
22718 45437 994927
22719 45438 456249
22719 45439 426255
22720 45440 925181
22720 45441 993289
22721 45442 485
22721 45443 121591
22722 45444 974514
22722 45445 919409
22723 45446 897
22723 45447 949487
22724 45448 833
22724 45449 917655
22725 45450 280
22725 45451 499
22726 45452 948073
22726 45453 46409
22727 45454 611916
22727 45455 49
22728 45456 701112
22728 45457 525034
22729 45458 956722
22729 45459 1
22730 45460 724
22730 45461 538409
22731 45462 1
22731 45463 896
22732 45464 543813
22732 45465 353322
22733 45466 1
22733 45467 726055
22734 45468 259522
22734 45469 815997
22735 45470 1000000
22735 45471 900936
22736 45472 136157
22736 45473 949
22737 45474 164640
22737 45475 891481
22738 45476 24321
22738 45477 940248
22739 45478 1000000
22739 45479 840690
22740 45480 883795
22740 45481 840442
22741 45482 954328
22741 45483 805317
22742 45484 1000000
22742 45485 189788
22743 45486 1000000
22743 45487 480045
22744 45488 77
22744 45489 853293
22745 45490 387
22745 45491 1
22746 45492 111308
22746 45493 1000000
22747 45494 616436
22747 45495 209364
22748 45496 928987
22748 45497 1
22749 45498 971964
22749 45499 924
22750 45500 1
22750 45501 934
22751 45502 298107
22751 45503 930780
22752 45504 919127
22752 45505 826354
22753 45506 366448
22753 45507 43741
22754 45508 1000000
22754 45509 953315
22755 45510 1
22755 45511 972661
22756 45512 989208
22756 45513 51360
22757 45514 954990
22757 45515 652584
22758 45516 100
22758 45517 270626
22759 45518 826435
22759 45519 1
22760 45520 424372
22760 45521 1
22761 45522 985074
22761 45523 466482
22762 45524 856
22762 45525 38
22763 45526 139323
22763 45527 929682
22764 45528 903000
22764 45529 730993
22765 45530 450104
22765 45531 927941
22766 45532 1
22766 45533 912690
22767 45534 1000000
22767 45535 108075
22768 45536 1
22768 45537 489
22769 45538 116
22769 45539 982653
22770 45540 945986
22770 45541 596
22771 45542 921682
22771 45543 49846
22772 45544 1
22772 45545 167117
22773 45546 470294
22773 45547 654821
22774 45548 660
22774 45549 61
22775 45550 902090
22775 45551 1000000
22776 45552 778792
22776 45553 911237
22777 45554 1
22777 45555 925499
22778 45556 455435
22778 45557 237
22779 45558 900323
22779 45559 964476
22780 45560 198781
22780 45561 938087
22781 45562 1
22781 45563 302436
22782 45564 269261
22782 45565 973454
22783 45566 1000000
22783 45567 657783
22784 45568 1000000
22784 45569 209078
22785 45570 964664
22785 45571 979845
22786 45572 325625
22786 45573 42
22787 45574 353587
22787 45575 1
22788 45576 980585
22788 45577 581369
22789 45578 922721
22789 45579 805
22790 45580 273
22790 45581 625470
22791 45582 984427
22791 45583 786
22792 45584 786635
22792 45585 212437
22793 45586 334409
22793 45587 5397
22794 45588 293904
22794 45589 326
22795 45590 962039
22795 45591 1
22796 45592 1000000
22796 45593 1
22797 45594 950
22797 45595 1000000
22798 45596 492105
22798 45597 313
22799 45598 73994
22799 45599 938353
22800 45600 968686
22800 45601 933092
22801 45602 675113
22801 45603 943567
22802 45604 112
22802 45605 923728
22803 45606 981923
22803 45607 1
22804 45608 939278
22804 45609 70273
22805 45610 922598
22805 45611 355728
22806 45612 949183
22806 45613 307
22807 45614 995699
22807 45615 8766
22808 45616 906142
22808 45617 951158
22809 45618 1000000
22809 45619 816812
22810 45620 924617
22810 45621 649322
22811 45622 74461
22811 45623 907865
22812 45624 1
22812 45625 972882
22813 45626 338672
22813 45627 975700
22814 45628 153191
22814 45629 947316
22815 45630 154460
22815 45631 984420
22816 45632 608
22816 45633 173102
22817 45634 264545
22817 45635 21857
22818 45636 377
22818 45637 944462
22819 45638 994313
22819 45639 222567
22820 45640 986479
22820 45641 713543
22821 45642 921892
22821 45643 625
22822 45644 504063
22822 45645 871600
22823 45646 305
22823 45647 1000000
22824 45648 456650
22824 45649 360936
22825 45650 93194
22825 45651 795929
22826 45652 966822
22826 45653 968559
22827 45654 605
22827 45655 925
22828 45656 543
22828 45657 1000000
22829 45658 1
22829 45659 956571
22830 45660 1000000
22830 45661 1000000
22831 45662 1000000
22831 45663 772689
22832 45664 122
22832 45665 927484
22833 45666 1
22833 45667 936356
22834 45668 569
22834 45669 1
22835 45670 701
22835 45671 109233
22836 45672 1000000
22836 45673 150296
22837 45674 990435
22837 45675 328931
22838 45676 996158
22838 45677 887683
22839 45678 387450
22839 45679 912855
22840 45680 90799
22840 45681 1000000
22841 45682 927205
22841 45683 1000000
22842 45684 985715
22842 45685 819
22843 45686 518015
22843 45687 542359
22844 45688 1000000
22844 45689 957305
22845 45690 1000000
22845 45691 1000000
22846 45692 934339
22846 45693 1000000
22847 45694 389406
22847 45695 922755
22848 45696 907884
22848 45697 590280
22849 45698 854130
22849 45699 212642
22850 45700 244711
22850 45701 929910
22851 45702 332846
22851 45703 990501
22852 45704 858928
22852 45705 552726
22853 45706 922527
22853 45707 957463
22854 45708 961244
22854 45709 1
22855 45710 72089
22855 45711 903357
22856 45712 263958
22856 45713 948577
22857 45714 954540
22857 45715 253
22858 45716 982908
22858 45717 119068
22859 45718 1000000
22859 45719 327607
22860 45720 987140
22860 45721 414308
22861 45722 328951
22861 45723 470
22862 45724 622872
22862 45725 916006
22863 45726 250
22863 45727 1
22864 45728 901351
22864 45729 168
22865 45730 550221
22865 45731 234806
22866 45732 16373
22866 45733 20
22867 45734 918793
22867 45735 936104
22868 45736 870717
22868 45737 938053
22869 45738 121234
22869 45739 949412
22870 45740 833790
22870 45741 936
22871 45742 527
22871 45743 270775
22872 45744 896996
22872 45745 633554
22873 45746 458
22873 45747 722
22874 45748 775495
22874 45749 947341
22875 45750 674480
22875 45751 227002
22876 45752 1000000
22876 45753 366028
22877 45754 1000000
22877 45755 741621
22878 45756 1000000
22878 45757 986489
22879 45758 506284
22879 45759 965787
22880 45760 482
22880 45761 940
22881 45762 903274
22881 45763 61396
22882 45764 323
22882 45765 929103
22883 45766 500
22883 45767 735
22884 45768 974356
22884 45769 860
22885 45770 956
22885 45771 1000000
22886 45772 1
22886 45773 982601
22887 45774 979294
22887 45775 569
22888 45776 488575
22888 45777 168
22889 45778 342
22889 45779 864059
22890 45780 283228
22890 45781 38126
22891 45782 201
22891 45783 954574
22892 45784 996689
22892 45785 247114
22893 45786 616019
22893 45787 935836
22894 45788 274
22894 45789 981205
22895 45790 953142
22895 45791 1000000
22896 45792 811
22896 45793 940558
22897 45794 503368
22897 45795 927586
22898 45796 1
22898 45797 1
22899 45798 716408
22899 45799 174
22900 45800 102887
22900 45801 754327
22901 45802 343332
22901 45803 278
22902 45804 299
22902 45805 1000000
22903 45806 997444
22903 45807 29
22904 45808 549
22904 45809 33
22905 45810 943246
22905 45811 513326
22906 45812 937627
22906 45813 481505
22907 45814 1000000
22907 45815 325282
22908 45816 966160
22908 45817 977
22909 45818 503533
22909 45819 287587
22910 45820 274401
22910 45821 682
22911 45822 1000000
22911 45823 355608
22912 45824 943098
22912 45825 230
22913 45826 959213
22913 45827 394
22914 45828 921986
22914 45829 1000000
22915 45830 787856
22915 45831 950252
22916 45832 88570
22916 45833 70148
22917 45834 332834
22917 45835 980529
22918 45836 978967
22918 45837 921485
22919 45838 1000000
22919 45839 779886
22920 45840 971088
22920 45841 957850
22921 45842 1
22921 45843 923833
22922 45844 191120
22922 45845 348483
22923 45846 994685
22923 45847 1000000
22924 45848 514950
22924 45849 1
22925 45850 988318
22925 45851 1
22926 45852 16308
22926 45853 917075
22927 45854 524279
22927 45855 536
22928 45856 606
22928 45857 576
22929 45858 40
22929 45859 907207
22930 45860 902716
22930 45861 131089
22931 45862 994399
22931 45863 921038
22932 45864 317
22932 45865 28
22933 45866 189
22933 45867 223
22934 45868 725
22934 45869 892
22935 45870 316
22935 45871 978617
22936 45872 801258
22936 45873 1
22937 45874 1
22937 45875 969706
22938 45876 1000000
22938 45877 604
22939 45878 1
22939 45879 417
22940 45880 374704
22940 45881 985741
22941 45882 281
22941 45883 924171
22942 45884 393814
22942 45885 979860
22943 45886 603
22943 45887 604
22944 45888 1
22944 45889 662228
22945 45890 1000000
22945 45891 598572
22946 45892 378
22946 45893 300920
22947 45894 1000000
22947 45895 962477
22948 45896 905592
22948 45897 959788
22949 45898 501265
22949 45899 1000000
22950 45900 1000000
22950 45901 979730
22951 45902 1000000
22951 45903 578787
22952 45904 920954
22952 45905 173
22953 45906 947
22953 45907 996490
22954 45908 696587
22954 45909 489357
22955 45910 908712
22955 45911 839
22956 45912 900667
22956 45913 992255
22957 45914 962062
22957 45915 859
22958 45916 239
22958 45917 927655
22959 45918 848
22959 45919 1000000
22960 45920 1000000
22960 45921 629359
22961 45922 100748
22961 45923 977740
22962 45924 939558
22962 45925 921455
22963 45926 827
22963 45927 920740
22964 45928 928566
22964 45929 955729
22965 45930 784
22965 45931 475
22966 45932 955627
22966 45933 993962
22967 45934 344
22967 45935 929391
22968 45936 902941
22968 45937 269408
22969 45938 368
22969 45939 167830
22970 45940 405874
22970 45941 475
22971 45942 149
22971 45943 659
22972 45944 441
22972 45945 919743
22973 45946 450
22973 45947 1
22974 45948 1
22974 45949 994
22975 45950 516335
22975 45951 1000000
22976 45952 736798
22976 45953 1000000
22977 45954 433058
22977 45955 913528
22978 45956 431
22978 45957 206
22979 45958 495919
22979 45959 242456
22980 45960 70455
22980 45961 978606
22981 45962 1000000
22981 45963 903112
22982 45964 912994
22982 45965 824386
22983 45966 996735
22983 45967 959119
22984 45968 965301
22984 45969 285
22985 45970 185
22985 45971 1000000
22986 45972 397168
22986 45973 1000000
22987 45974 408586
22987 45975 11
22988 45976 997659
22988 45977 978358
22989 45978 826856
22989 45979 824840
22990 45980 955329
22990 45981 295333
22991 45982 65346
22991 45983 69148
22992 45984 489
22992 45985 955561
22993 45986 956893
22993 45987 202317
22994 45988 47708
22994 45989 972004
22995 45990 996702
22995 45991 525735
22996 45992 929018
22996 45993 352
22997 45994 1
22997 45995 209868
22998 45996 385
22998 45997 1000000
22999 45998 1
22999 45999 939120
23000 46000 1000000
23000 46001 1
23001 46002 1
23001 46003 478986
23002 46004 156801
23002 46005 271248
23003 46006 834060
23003 46007 151885
23004 46008 447329
23004 46009 975552
23005 46010 427920
23005 46011 363675
23006 46012 449948
23006 46013 998
23007 46014 230411
23007 46015 1
23008 46016 989433
23008 46017 51
23009 46018 933154
23009 46019 801641
23010 46020 299476
23010 46021 852228
23011 46022 150
23011 46023 50548
23012 46024 736
23012 46025 134504
23013 46026 975903
23013 46027 530
23014 46028 1
23014 46029 945744
23015 46030 1
23015 46031 995767
23016 46032 645530
23016 46033 1000000
23017 46034 817169
23017 46035 110
23018 46036 980375
23018 46037 561139
23019 46038 1000000
23019 46039 919273
23020 46040 1000000
23020 46041 939935
23021 46042 663601
23021 46043 838479
23022 46044 1000000
23022 46045 991383
23023 46046 749
23023 46047 1000000
23024 46048 767
23024 46049 453561
23025 46050 1
23025 46051 737016
23026 46052 927111
23026 46053 952306
23027 46054 251
23027 46055 1000000
23028 46056 152
23028 46057 993811
23029 46058 402866
23029 46059 904128
23030 46060 975152
23030 46061 325732
23031 46062 939965
23031 46063 900186
23032 46064 994218
23032 46065 680
23033 46066 1000000
23033 46067 199753
23034 46068 512184
23034 46069 432102
23035 46070 926214
23035 46071 920431
23036 46072 691
23036 46073 733849
23037 46074 187
23037 46075 941637
23038 46076 1000000
23038 46077 369
23039 46078 211071
23039 46079 697
23040 46080 44970
23040 46081 87
23041 46082 85252
23041 46083 996400
23042 46084 1000000
23042 46085 511349
23043 46086 1
23043 46087 961585
23044 46088 936
23044 46089 974997
23045 46090 877
23045 46091 1
23046 46092 918600
23046 46093 1000000
23047 46094 982388
23047 46095 976429
23048 46096 921959
23048 46097 370302
23049 46098 491649
23049 46099 902020
23050 46100 916051
23050 46101 719760
23051 46102 985312
23051 46103 1000000
23052 46104 905616
23052 46105 1000000
23053 46106 1000000
23053 46107 955549
23054 46108 471
23054 46109 986373
23055 46110 977870
23055 46111 595963
23056 46112 656
23056 46113 38087
23057 46114 478932
23057 46115 624536
23058 46116 530066
23058 46117 992442
23059 46118 1000000
23059 46119 679
23060 46120 21295
23060 46121 953496
23061 46122 903384
23061 46123 1000000
23062 46124 971846
23062 46125 948148
23063 46126 969354
23063 46127 928950
23064 46128 936186
23064 46129 1
23065 46130 949
23065 46131 51
23066 46132 145
23066 46133 540493
23067 46134 988517
23067 46135 909860
23068 46136 701254
23068 46137 653
23069 46138 798
23069 46139 946687
23070 46140 891915
23070 46141 734119
23071 46142 945503
23071 46143 947217
23072 46144 755
23072 46145 964895
23073 46146 566308
23073 46147 352
23074 46148 1000000
23074 46149 1
23075 46150 1000000
23075 46151 994
23076 46152 1000000
23076 46153 482035
23077 46154 446415
23077 46155 767
23078 46156 972657
23078 46157 860291
23079 46158 945957
23079 46159 464732
23080 46160 416629
23080 46161 502
23081 46162 923018
23081 46163 187320
23082 46164 377200
23082 46165 1000000
23083 46166 6
23083 46167 843325
23084 46168 95
23084 46169 465091
23085 46170 939558
23085 46171 1
23086 46172 399250
23086 46173 909004
23087 46174 970536
23087 46175 942
23088 46176 954066
23088 46177 1
23089 46178 1
23089 46179 222484
23090 46180 250739
23090 46181 987894
23091 46182 146
23091 46183 996167
23092 46184 480
23092 46185 978885
23093 46186 1
23093 46187 947079
23094 46188 946401
23094 46189 942952
23095 46190 152102
23095 46191 910060
23096 46192 1000000
23096 46193 877
23097 46194 1000000
23097 46195 669
23098 46196 866535
23098 46197 917896
23099 46198 383758
23099 46199 1000000
23100 46200 1
23100 46201 1
23101 46202 969663
23101 46203 576260
23102 46204 405
23102 46205 61492
23103 46206 950
23103 46207 215584
23104 46208 294250
23104 46209 696809
23105 46210 918129
23105 46211 907399
23106 46212 987001
23106 46213 493
23107 46214 985326
23107 46215 968872
23108 46216 13094
23108 46217 1
23109 46218 926353
23109 46219 1000000
23110 46220 748438
23110 46221 500
23111 46222 444
23111 46223 950150
23112 46224 987911
23112 46225 132378
23113 46226 771
23113 46227 710985
23114 46228 841
23114 46229 898
23115 46230 341
23115 46231 244
23116 46232 939662
23116 46233 900028
23117 46234 463250
23117 46235 14007
23118 46236 920734
23118 46237 976865
23119 46238 957017
23119 46239 483372
23120 46240 286871
23120 46241 804651
23121 46242 86985
23121 46243 922743
23122 46244 754697
23122 46245 920
23123 46246 981
23123 46247 1000000
23124 46248 352507
23124 46249 914803
23125 46250 799369
23125 46251 652
23126 46252 562425
23126 46253 909074
23127 46254 452
23127 46255 955541
23128 46256 970572
23128 46257 872274
23129 46258 301205
23129 46259 998768
23130 46260 474287
23130 46261 938431
23131 46262 566510
23131 46263 538549
23132 46264 670086
23132 46265 404867
23133 46266 778312
23133 46267 1000000
23134 46268 994976
23134 46269 28142
23135 46270 986196
23135 46271 159
23136 46272 1
23136 46273 710
23137 46274 477
23137 46275 219
23138 46276 871082
23138 46277 942846
23139 46278 351
23139 46279 892947
23140 46280 969220
23140 46281 926863
23141 46282 1000000
23141 46283 565
23142 46284 926
23142 46285 145
23143 46286 486705
23143 46287 942253
23144 46288 1000000
23144 46289 970
23145 46290 242609
23145 46291 957892
23146 46292 267390
23146 46293 1651
23147 46294 979836
23147 46295 999615
23148 46296 1000000
23148 46297 49
23149 46298 948374
23149 46299 968741
23150 46300 1
23150 46301 947583
23151 46302 636360
23151 46303 462553
23152 46304 64515
23152 46305 1
23153 46306 1000000
23153 46307 356
23154 46308 966164
23154 46309 234485
23155 46310 976644
23155 46311 747800
23156 46312 1000000
23156 46313 631783
23157 46314 730
23157 46315 1000000
23158 46316 1
23158 46317 1
23159 46318 579966
23159 46319 942992
23160 46320 96
23160 46321 962410
23161 46322 448
23161 46323 117
23162 46324 960441
23162 46325 938839
23163 46326 1
23163 46327 299024
23164 46328 206285
23164 46329 901448
23165 46330 849
23165 46331 913295
23166 46332 1000000
23166 46333 842
23167 46334 359891
23167 46335 947657
23168 46336 1000000
23168 46337 906964
23169 46338 64
23169 46339 934298
23170 46340 923289
23170 46341 1000000
23171 46342 471482
23171 46343 278716
23172 46344 344781
23172 46345 485480
23173 46346 656733
23173 46347 590556
23174 46348 327318
23174 46349 968
23175 46350 350952
23175 46351 928322
23176 46352 329
23176 46353 947210
23177 46354 995016
23177 46355 337
23178 46356 419
23178 46357 991
23179 46358 905
23179 46359 1000000
23180 46360 1000000
23180 46361 243547
23181 46362 147286
23181 46363 568200
23182 46364 1
23182 46365 287527
23183 46366 271
23183 46367 117
23184 46368 72
23184 46369 962465
23185 46370 533
23185 46371 956488
23186 46372 624
23186 46373 959491
23187 46374 700396
23187 46375 70926
23188 46376 733579
23188 46377 972099
23189 46378 1
23189 46379 440184
23190 46380 230826
23190 46381 1000000
23191 46382 907612
23191 46383 906594
23192 46384 1
23192 46385 695500
23193 46386 1
23193 46387 958157
23194 46388 1000000
23194 46389 180092
23195 46390 970053
23195 46391 1
23196 46392 906552
23196 46393 942964
23197 46394 951977
23197 46395 1
23198 46396 747452
23198 46397 697431
23199 46398 1000000
23199 46399 966730
23200 46400 443040
23200 46401 171
23201 46402 956152
23201 46403 833
23202 46404 948178
23202 46405 993161
23203 46406 920279
23203 46407 381682
23204 46408 1000000
23204 46409 596617
23205 46410 1000000
23205 46411 998962
23206 46412 1000000
23206 46413 809882
23207 46414 969087
23207 46415 189
23208 46416 539
23208 46417 818639
23209 46418 529
23209 46419 903443
23210 46420 1
23210 46421 1000000
23211 46422 623777
23211 46423 573466
23212 46424 1
23212 46425 991362
23213 46426 970834
23213 46427 786796
23214 46428 301
23214 46429 867
23215 46430 772
23215 46431 965202
23216 46432 883606
23216 46433 829279
23217 46434 1000000
23217 46435 183663
23218 46436 163
23218 46437 1000000
23219 46438 513307
23219 46439 175
23220 46440 1000000
23220 46441 911992
23221 46442 971760
23221 46443 1
23222 46444 45
23222 46445 428436
23223 46446 294032
23223 46447 998969
23224 46448 936743
23224 46449 907
23225 46450 671
23225 46451 932256
23226 46452 581
23226 46453 1000000
23227 46454 683
23227 46455 76546
23228 46456 917471
23228 46457 903160
23229 46458 538
23229 46459 1000000
23230 46460 115
23230 46461 997014
23231 46462 938771
23231 46463 553820
23232 46464 931
23232 46465 967912
23233 46466 705287
23233 46467 513534
23234 46468 477334
23234 46469 920302
23235 46470 269294
23235 46471 951882
23236 46472 906759
23236 46473 95003
23237 46474 1
23237 46475 917351
23238 46476 1
23238 46477 176282
23239 46478 945201
23239 46479 630545
23240 46480 1000000
23240 46481 914668
23241 46482 909947
23241 46483 1000000
23242 46484 198
23242 46485 986359
23243 46486 1000000
23243 46487 962731
23244 46488 117592
23244 46489 3858
23245 46490 637253
23245 46491 405
23246 46492 345
23246 46493 719
23247 46494 529
23247 46495 972641
23248 46496 593057
23248 46497 965170
23249 46498 1000000
23249 46499 1
23250 46500 1000000
23250 46501 970519
23251 46502 211
23251 46503 1000000
23252 46504 425490
23252 46505 1000000
23253 46506 420
23253 46507 1
23254 46508 6888
23254 46509 756749
23255 46510 60783
23255 46511 916348
23256 46512 1000000
23256 46513 402924
23257 46514 939992
23257 46515 1
23258 46516 973
23258 46517 984161
23259 46518 947439
23259 46519 879367
23260 46520 766226
23260 46521 975452
23261 46522 686653
23261 46523 456768
23262 46524 967175
23262 46525 1000000
23263 46526 219617
23263 46527 38
23264 46528 959306
23264 46529 452808
23265 46530 666
23265 46531 991964
23266 46532 994303
23266 46533 701610
23267 46534 1000000
23267 46535 369505
23268 46536 949508
23268 46537 108389
23269 46538 610451
23269 46539 641
23270 46540 1000000
23270 46541 980853
23271 46542 61924
23271 46543 1000000
23272 46544 700
23272 46545 57056
23273 46546 402
23273 46547 1000000
23274 46548 978831
23274 46549 920488
23275 46550 863
23275 46551 700129
23276 46552 937307
23276 46553 56
23277 46554 242458
23277 46555 952787
23278 46556 91319
23278 46557 240060
23279 46558 79223
23279 46559 1000000
23280 46560 820
23280 46561 289356
23281 46562 962
23281 46563 1000000
23282 46564 913501
23282 46565 495165
23283 46566 441549
23283 46567 950180
23284 46568 910578
23284 46569 1
23285 46570 999524
23285 46571 361
23286 46572 409872
23286 46573 988057
23287 46574 439
23287 46575 996295
23288 46576 927144
23288 46577 1000000
23289 46578 555
23289 46579 916
23290 46580 854
23290 46581 906559
23291 46582 918857
23291 46583 937397
23292 46584 987
23292 46585 674329
23293 46586 1
23293 46587 585
23294 46588 641527
23294 46589 993943
23295 46590 982170
23295 46591 52
23296 46592 646
23296 46593 720841
23297 46594 574740
23297 46595 1000000
23298 46596 902306
23298 46597 120
23299 46598 949
23299 46599 1000000
23300 46600 486168
23300 46601 994
23301 46602 952209
23301 46603 225068
23302 46604 529
23302 46605 806835
23303 46606 840247
23303 46607 591
23304 46608 1000000
23304 46609 716411
23305 46610 901777
23305 46611 955137
23306 46612 261
23306 46613 883499
23307 46614 604078
23307 46615 1000000
23308 46616 1000000
23308 46617 212046
23309 46618 289487
23309 46619 990961
23310 46620 315497
23310 46621 379439
23311 46622 914651
23311 46623 1000000
23312 46624 356
23312 46625 573083
23313 46626 599
23313 46627 1
23314 46628 190
23314 46629 1
23315 46630 291210
23315 46631 199
23316 46632 663920
23316 46633 913642
23317 46634 752444
23317 46635 931195
23318 46636 894100
23318 46637 700406
23319 46638 264873
23319 46639 914393
23320 46640 46
23320 46641 171156
23321 46642 958535
23321 46643 927216
23322 46644 755861
23322 46645 1
23323 46646 967766
23323 46647 925802
23324 46648 914497
23324 46649 471
23325 46650 901051
23325 46651 976274
23326 46652 943282
23326 46653 1000000
23327 46654 974930
23327 46655 713958
23328 46656 951366
23328 46657 824
23329 46658 911968
23329 46659 234
23330 46660 970
23330 46661 997144
23331 46662 999000
23331 46663 642
23332 46664 824953
23332 46665 947738
23333 46666 1000000
23333 46667 453
23334 46668 956730
23334 46669 949384
23335 46670 456
23335 46671 171584
23336 46672 945229
23336 46673 959091
23337 46674 957610
23337 46675 1000000
23338 46676 935044
23338 46677 913056
23339 46678 1000000
23339 46679 333864
23340 46680 467764
23340 46681 34
23341 46682 930747
23341 46683 984599
23342 46684 912233
23342 46685 50
23343 46686 442900
23343 46687 956059
23344 46688 838574
23344 46689 492
23345 46690 920895
23345 46691 978262
23346 46692 277
23346 46693 982340
23347 46694 991703
23347 46695 94192
23348 46696 261437
23348 46697 559437
23349 46698 876465
23349 46699 918849
23350 46700 948384
23350 46701 928961
23351 46702 903281
23351 46703 910805
23352 46704 1
23352 46705 950019
23353 46706 752453
23353 46707 423486
23354 46708 946770
23354 46709 1000000
23355 46710 977872
23355 46711 906236
23356 46712 887004
23356 46713 931413
23357 46714 977989
23357 46715 930824
23358 46716 451
23358 46717 983330
23359 46718 980068
23359 46719 17277
23360 46720 356380
23360 46721 964
23361 46722 556
23361 46723 848016
23362 46724 915533
23362 46725 933262
23363 46726 934287
23363 46727 1000000
23364 46728 903471
23364 46729 1000000
23365 46730 937709
23365 46731 911566
23366 46732 954385
23366 46733 623842
23367 46734 54990
23367 46735 1000000
23368 46736 981976
23368 46737 947618
23369 46738 977601
23369 46739 1000000
23370 46740 359
23370 46741 336242
23371 46742 417
23371 46743 934987
23372 46744 950072
23372 46745 1000000
23373 46746 935
23373 46747 965905
23374 46748 295
23374 46749 900511
23375 46750 948
23375 46751 1
23376 46752 375945
23376 46753 96
23377 46754 930494
23377 46755 927068
23378 46756 1000000
23378 46757 942240
23379 46758 920583
23379 46759 942717
23380 46760 1000000
23380 46761 246
23381 46762 946225
23381 46763 855909
23382 46764 9978
23382 46765 996297
23383 46766 67540
23383 46767 991512
23384 46768 313
23384 46769 516
23385 46770 992572
23385 46771 937761
23386 46772 952957
23386 46773 1
23387 46774 964219
23387 46775 556
23388 46776 954807
23388 46777 936262
23389 46778 963067
23389 46779 347216
23390 46780 981635
23390 46781 196344
23391 46782 399
23391 46783 351482
23392 46784 868883
23392 46785 935971
23393 46786 106843
23393 46787 1
23394 46788 1
23394 46789 929241
23395 46790 416
23395 46791 496
23396 46792 1
23396 46793 1
23397 46794 626673
23397 46795 984622
23398 46796 96
23398 46797 1000000
23399 46798 993485
23399 46799 1
23400 46800 909653
23400 46801 1000000
23401 46802 351
23401 46803 1000000
23402 46804 1000000
23402 46805 401714
23403 46806 1000000
23403 46807 1000000
23404 46808 345
23404 46809 842553
23405 46810 953898
23405 46811 989340
23406 46812 962136
23406 46813 840071
23407 46814 1000000
23407 46815 819
23408 46816 1000000
23408 46817 981935
23409 46818 1000000
23409 46819 473496
23410 46820 167
23410 46821 935258
23411 46822 494
23411 46823 996009
23412 46824 275795
23412 46825 61
23413 46826 1000000
23413 46827 225
23414 46828 961607
23414 46829 2036
23415 46830 772
23415 46831 836
23416 46832 184615
23416 46833 948377
23417 46834 536418
23417 46835 969502
23418 46836 381345
23418 46837 1
23419 46838 996068
23419 46839 917894
23420 46840 578919
23420 46841 603
23421 46842 980436
23421 46843 1
23422 46844 1
23422 46845 312629
23423 46846 914908
23423 46847 532979
23424 46848 409
23424 46849 981459
23425 46850 971039
23425 46851 142512
23426 46852 305815
23426 46853 1
23427 46854 293535
23427 46855 1000000
23428 46856 1000000
23428 46857 898984
23429 46858 422
23429 46859 1000000
23430 46860 988257
23430 46861 817148
23431 46862 903100
23431 46863 925893
23432 46864 307524
23432 46865 323658
23433 46866 908883
23433 46867 1000000
23434 46868 1000000
23434 46869 902676
23435 46870 917905
23435 46871 303174
23436 46872 930877
23436 46873 77004
23437 46874 947361
23437 46875 946
23438 46876 1000000
23438 46877 1000000
23439 46878 974353
23439 46879 135
23440 46880 955901
23440 46881 245278
23441 46882 917692
23441 46883 918183
23442 46884 1000000
23442 46885 907571
23443 46886 61413
23443 46887 54493
23444 46888 879681
23444 46889 186091
23445 46890 1000000
23445 46891 967846
23446 46892 981974
23446 46893 945908
23447 46894 1000000
23447 46895 248896
23448 46896 259673
23448 46897 954352
23449 46898 78
23449 46899 243126
23450 46900 192
23450 46901 1000000
23451 46902 1000000
23451 46903 71275
23452 46904 974
23452 46905 537
23453 46906 916502
23453 46907 543490
23454 46908 1
23454 46909 913968
23455 46910 913009
23455 46911 217713
23456 46912 370
23456 46913 932269
23457 46914 49654
23457 46915 984977
23458 46916 145297
23458 46917 1000000
23459 46918 781
23459 46919 356562
23460 46920 950977
23460 46921 229909
23461 46922 27131
23461 46923 335201
23462 46924 951589
23462 46925 935636
23463 46926 994900
23463 46927 488
23464 46928 965968
23464 46929 918578
23465 46930 293777
23465 46931 1
23466 46932 932124
23466 46933 945137
23467 46934 1000000
23467 46935 20385
23468 46936 904055
23468 46937 948194
23469 46938 292
23469 46939 22779
23470 46940 922688
23470 46941 234123
23471 46942 202977
23471 46943 996231
23472 46944 952991
23472 46945 1
23473 46946 917508
23473 46947 42516
23474 46948 957980
23474 46949 966221
23475 46950 835804
23475 46951 984787
23476 46952 158381
23476 46953 987982
23477 46954 967229
23477 46955 125135
23478 46956 935256
23478 46957 478239
23479 46958 972256
23479 46959 957213
23480 46960 1000000
23480 46961 513
23481 46962 88593
23481 46963 915135
23482 46964 576091
23482 46965 490
23483 46966 996513
23483 46967 700454
23484 46968 938285
23484 46969 951125
23485 46970 387
23485 46971 915057
23486 46972 1
23486 46973 254
23487 46974 395085
23487 46975 986887
23488 46976 918239
23488 46977 432482
23489 46978 1000000
23489 46979 681897
23490 46980 931190
23490 46981 382966
23491 46982 274610
23491 46983 703
23492 46984 819407
23492 46985 240835
23493 46986 250
23493 46987 999726
23494 46988 950
23494 46989 1000000
23495 46990 915474
23495 46991 1000000
23496 46992 1000000
23496 46993 420
23497 46994 971591
23497 46995 594
23498 46996 562
23498 46997 870938
23499 46998 258915
23499 46999 228983
23500 47000 87250
23500 47001 923943
23501 47002 283537
23501 47003 1
23502 47004 912
23502 47005 951923
23503 47006 194
23503 47007 991883
23504 47008 512900
23504 47009 606164
23505 47010 220987
23505 47011 1
23506 47012 646
23506 47013 822422
23507 47014 1000000
23507 47015 113955
23508 47016 939818
23508 47017 966503
23509 47018 1
23509 47019 411162
23510 47020 934692
23510 47021 342654
23511 47022 418765
23511 47023 462924
23512 47024 925716
23512 47025 11418
23513 47026 961673
23513 47027 340
23514 47028 545835
23514 47029 144406
23515 47030 780
23515 47031 995445
23516 47032 986341
23516 47033 915982
23517 47034 901630
23517 47035 1000000
23518 47036 900804
23518 47037 575
23519 47038 933487
23519 47039 273851
23520 47040 23428
23520 47041 971857
23521 47042 982724
23521 47043 1000000
23522 47044 1000000
23522 47045 879291
23523 47046 522397
23523 47047 655255
23524 47048 1
23524 47049 51245
23525 47050 991404
23525 47051 687237
23526 47052 106865
23526 47053 1000000
23527 47054 430703
23527 47055 378072
23528 47056 995035
23528 47057 1000000
23529 47058 948437
23529 47059 920279
23530 47060 215087
23530 47061 43679
23531 47062 962958
23531 47063 272
23532 47064 631
23532 47065 677
23533 47066 1000000
23533 47067 507821
23534 47068 154
23534 47069 1000000
23535 47070 929382
23535 47071 1000000
23536 47072 965780
23536 47073 319701
23537 47074 1000000
23537 47075 874365
23538 47076 776645
23538 47077 648328
23539 47078 1000000
23539 47079 1000000
23540 47080 956067
23540 47081 875
23541 47082 2249
23541 47083 976807
23542 47084 958899
23542 47085 967915
23543 47086 353
23543 47087 923974
23544 47088 668329
23544 47089 59
23545 47090 205
23545 47091 1000000
23546 47092 963084
23546 47093 907757
23547 47094 635099
23547 47095 978065
23548 47096 1000000
23548 47097 942344
23549 47098 719766
23549 47099 348398
23550 47100 948449
23550 47101 540342
23551 47102 764
23551 47103 1000000
23552 47104 915110
23552 47105 961628
23553 47106 234174
23553 47107 593817
23554 47108 726
23554 47109 84
23555 47110 68818
23555 47111 973983
23556 47112 948594
23556 47113 991352
23557 47114 1000000
23557 47115 206788
23558 47116 979262
23558 47117 920962
23559 47118 224
23559 47119 982498
23560 47120 961421
23560 47121 651257
23561 47122 656
23561 47123 997036
23562 47124 886
23562 47125 466535
23563 47126 978103
23563 47127 199
23564 47128 873
23564 47129 1000000
23565 47130 948816
23565 47131 374427
23566 47132 916639
23566 47133 228325
23567 47134 235
23567 47135 224208
23568 47136 421
23568 47137 928615
23569 47138 984993
23569 47139 541
23570 47140 771
23570 47141 917623
23571 47142 1000000
23571 47143 292531
23572 47144 76320
23572 47145 330160
23573 47146 449789
23573 47147 613224
23574 47148 1000000
23574 47149 933135
23575 47150 345950
23575 47151 985022
23576 47152 618090
23576 47153 1
23577 47154 261
23577 47155 993792
23578 47156 939250
23578 47157 929088
23579 47158 949786
23579 47159 314
23580 47160 625897
23580 47161 917827
23581 47162 979337
23581 47163 997474
23582 47164 348780
23582 47165 819
23583 47166 865411
23583 47167 577732
23584 47168 112150
23584 47169 370
23585 47170 243
23585 47171 549035
23586 47172 46
23586 47173 920019
23587 47174 305
23587 47175 918344
23588 47176 541497
23588 47177 402
23589 47178 1000000
23589 47179 1000000
23590 47180 680807
23590 47181 1000000
23591 47182 839
23591 47183 918078
23592 47184 958658
23592 47185 170272
23593 47186 243
23593 47187 90069
23594 47188 961874
23594 47189 1000000
23595 47190 624
23595 47191 458535
23596 47192 287477
23596 47193 919071
23597 47194 8958
23597 47195 402
23598 47196 994650
23598 47197 78
23599 47198 965989
23599 47199 936684
23600 47200 915015
23600 47201 215139
23601 47202 338817
23601 47203 603636
23602 47204 986206
23602 47205 990833
23603 47206 955178
23603 47207 230831
23604 47208 457398
23604 47209 557981
23605 47210 406
23605 47211 992433
23606 47212 176206
23606 47213 645138
23607 47214 711
23607 47215 909185
23608 47216 105684
23608 47217 224626
23609 47218 702807
23609 47219 1000000
23610 47220 419691
23610 47221 940684
23611 47222 531242
23611 47223 421424
23612 47224 927378
23612 47225 965550
23613 47226 1000000
23613 47227 834
23614 47228 444091
23614 47229 357078
23615 47230 951009
23615 47231 952493
23616 47232 832697
23616 47233 920702
23617 47234 975095
23617 47235 377
23618 47236 1000000
23618 47237 982275
23619 47238 116
23619 47239 1
23620 47240 902380
23620 47241 356
23621 47242 798697
23621 47243 437
23622 47244 836519
23622 47245 51643
23623 47246 285
23623 47247 1
23624 47248 1
23624 47249 904501
23625 47250 87255
23625 47251 991948
23626 47252 41126
23626 47253 960302
23627 47254 140
23627 47255 248744
23628 47256 241381
23628 47257 909656
23629 47258 991163
23629 47259 981911
23630 47260 950912
23630 47261 977624
23631 47262 514934
23631 47263 993327
23632 47264 979393
23632 47265 661569
23633 47266 935332
23633 47267 902456
23634 47268 950085
23634 47269 742
23635 47270 533
23635 47271 683944
23636 47272 609062
23636 47273 430196
23637 47274 1000000
23637 47275 925529
23638 47276 167895
23638 47277 1000000
23639 47278 81617
23639 47279 384
23640 47280 1000000
23640 47281 599004
23641 47282 293901
23641 47283 914440
23642 47284 39
23642 47285 922665
23643 47286 525891
23643 47287 977470
23644 47288 704
23644 47289 937137
23645 47290 770660
23645 47291 224254
23646 47292 925539
23646 47293 28146
23647 47294 1000000
23647 47295 1000000
23648 47296 94
23648 47297 935016
23649 47298 1
23649 47299 919576
23650 47300 962547
23650 47301 115982
23651 47302 328
23651 47303 374269
23652 47304 474166
23652 47305 550709
23653 47306 996147
23653 47307 959827
23654 47308 677385
23654 47309 900242
23655 47310 90178
23655 47311 565193
23656 47312 994555
23656 47313 409074
23657 47314 653
23657 47315 970966
23658 47316 522
23658 47317 916389
23659 47318 651339
23659 47319 914096
23660 47320 480
23660 47321 595545
23661 47322 84209
23661 47323 916192
23662 47324 485968
23662 47325 601
23663 47326 34929
23663 47327 606
23664 47328 992265
23664 47329 908722
23665 47330 1000000
23665 47331 571
23666 47332 951644
23666 47333 921670
23667 47334 912187
23667 47335 821
23668 47336 219288
23668 47337 122
23669 47338 990607
23669 47339 721466
23670 47340 90
23670 47341 983768
23671 47342 730071
23671 47343 1000000
23672 47344 352599
23672 47345 159727
23673 47346 1
23673 47347 822215
23674 47348 924108
23674 47349 961275
23675 47350 469819
23675 47351 223975
23676 47352 427733
23676 47353 903032
23677 47354 583878
23677 47355 914386
23678 47356 492
23678 47357 116
23679 47358 1000000
23679 47359 92147
23680 47360 941089
23680 47361 714
23681 47362 188
23681 47363 1
23682 47364 86340
23682 47365 247
23683 47366 656858
23683 47367 1
23684 47368 541644
23684 47369 958663
23685 47370 411
23685 47371 965260
23686 47372 1
23686 47373 208249
23687 47374 184
23687 47375 360936
23688 47376 104605
23688 47377 111947
23689 47378 841779
23689 47379 1000000
23690 47380 433387
23690 47381 1000000
23691 47382 1000000
23691 47383 1
23692 47384 864
23692 47385 827432
23693 47386 902536
23693 47387 816
23694 47388 1000000
23694 47389 923014
23695 47390 954410
23695 47391 750593
23696 47392 791
23696 47393 974831
23697 47394 721052
23697 47395 417220
23698 47396 919160
23698 47397 42
23699 47398 1
23699 47399 523
23700 47400 945971
23700 47401 947032
23701 47402 975275
23701 47403 970521
23702 47404 413
23702 47405 1000000
23703 47406 636
23703 47407 458268
23704 47408 956887
23704 47409 603
23705 47410 1000000
23705 47411 419911
23706 47412 70
23706 47413 191520
23707 47414 983525
23707 47415 727783
23708 47416 238658
23708 47417 1000000
23709 47418 963731
23709 47419 938439
23710 47420 942733
23710 47421 1000000
23711 47422 837
23711 47423 1
23712 47424 305049
23712 47425 932
23713 47426 1
23713 47427 958147
23714 47428 876986
23714 47429 1
23715 47430 235442
23715 47431 307
23716 47432 516
23716 47433 927268
23717 47434 1000000
23717 47435 907841
23718 47436 1
23718 47437 378
23719 47438 491
23719 47439 576
23720 47440 1000000
23720 47441 910753
23721 47442 931728
23721 47443 392612
23722 47444 944716
23722 47445 482
23723 47446 1000000
23723 47447 784
23724 47448 1
23724 47449 958897
23725 47450 148663
23725 47451 736
23726 47452 53295
23726 47453 595
23727 47454 120388
23727 47455 429916
23728 47456 989
23728 47457 311
23729 47458 926310
23729 47459 1000000
23730 47460 166
23730 47461 97353
23731 47462 1000000
23731 47463 256113
23732 47464 1000000
23732 47465 307280
23733 47466 997829
23733 47467 1000000
23734 47468 720041
23734 47469 362329
23735 47470 936965
23735 47471 960757
23736 47472 963830
23736 47473 493642
23737 47474 950067
23737 47475 54671
23738 47476 489
23738 47477 279
23739 47478 926708
23739 47479 916346
23740 47480 809279
23740 47481 1
23741 47482 642019
23741 47483 980144
23742 47484 960223
23742 47485 584128
23743 47486 1000000
23743 47487 951807
23744 47488 317
23744 47489 946886
23745 47490 308254
23745 47491 289
23746 47492 1
23746 47493 809284
23747 47494 958154
23747 47495 743
23748 47496 340453
23748 47497 192189
23749 47498 998456
23749 47499 352369
23750 47500 613
23750 47501 94821
23751 47502 979201
23751 47503 970663
23752 47504 565891
23752 47505 922457
23753 47506 48602
23753 47507 914080
23754 47508 705015
23754 47509 58
23755 47510 963101
23755 47511 1000000
23756 47512 982434
23756 47513 433780
23757 47514 978856
23757 47515 943234
23758 47516 914214
23758 47517 54703
23759 47518 929460
23759 47519 926773
23760 47520 973664
23760 47521 379
23761 47522 949684
23761 47523 282442
23762 47524 628
23762 47525 223378
23763 47526 1
23763 47527 669946
23764 47528 572
23764 47529 1000000
23765 47530 851340
23765 47531 988161
23766 47532 653
23766 47533 778
23767 47534 1000000
23767 47535 901137
23768 47536 573665
23768 47537 450
23769 47538 946530
23769 47539 946158
23770 47540 1000000
23770 47541 478315
23771 47542 993027
23771 47543 599868
23772 47544 859698
23772 47545 789441
23773 47546 320267
23773 47547 909781
23774 47548 584
23774 47549 717941
23775 47550 153414
23775 47551 868476
23776 47552 412
23776 47553 446507
23777 47554 955338
23777 47555 959860
23778 47556 166
23778 47557 623195
23779 47558 723310
23779 47559 906936
23780 47560 793
23780 47561 570
23781 47562 152457
23781 47563 1
23782 47564 450
23782 47565 234098
23783 47566 25
23783 47567 977231
23784 47568 987161
23784 47569 354389
23785 47570 747
23785 47571 975283
23786 47572 330995
23786 47573 147
23787 47574 540762
23787 47575 937461
23788 47576 453
23788 47577 1
23789 47578 655
23789 47579 238431
23790 47580 956498
23790 47581 800862
23791 47582 650886
23791 47583 978029
23792 47584 973343
23792 47585 1000000
23793 47586 652
23793 47587 268073
23794 47588 999661
23794 47589 514087
23795 47590 91
23795 47591 312493
23796 47592 221
23796 47593 957434
23797 47594 921294
23797 47595 429090
23798 47596 987811
23798 47597 932919
23799 47598 1
23799 47599 276293
23800 47600 793743
23800 47601 886216
23801 47602 990080
23801 47603 719
23802 47604 436
23802 47605 1000000
23803 47606 959205
23803 47607 921897
23804 47608 1000000
23804 47609 911990
23805 47610 132176
23805 47611 780557
23806 47612 98126
23806 47613 946689
23807 47614 995796
23807 47615 953219
23808 47616 480333
23808 47617 279735
23809 47618 978929
23809 47619 675050
23810 47620 667048
23810 47621 948846
23811 47622 921974
23811 47623 216466
23812 47624 917514
23812 47625 578
23813 47626 543397
23813 47627 575421
23814 47628 970978
23814 47629 938012
23815 47630 504
23815 47631 912157
23816 47632 947833
23816 47633 939452
23817 47634 787513
23817 47635 233
23818 47636 854763
23818 47637 915777
23819 47638 135556
23819 47639 469676
23820 47640 1000000
23820 47641 282502
23821 47642 983659
23821 47643 404
23822 47644 622786
23822 47645 1000000
23823 47646 99
23823 47647 901843
23824 47648 846
23824 47649 917680
23825 47650 555
23825 47651 371590
23826 47652 936274
23826 47653 977066
23827 47654 984392
23827 47655 757626
23828 47656 1000000
23828 47657 1000000
23829 47658 294
23829 47659 1000000
23830 47660 921030
23830 47661 904104
23831 47662 994
23831 47663 261
23832 47664 647
23832 47665 995092
23833 47666 955130
23833 47667 1000000
23834 47668 691338
23834 47669 924640
23835 47670 917709
23835 47671 954052
23836 47672 993650
23836 47673 924626
23837 47674 1000000
23837 47675 1000000
23838 47676 1000000
23838 47677 60136
23839 47678 827
23839 47679 86288
23840 47680 911321
23840 47681 104591
23841 47682 974860
23841 47683 564
23842 47684 549383
23842 47685 284251
23843 47686 39618
23843 47687 979346
23844 47688 1
23844 47689 1000000
23845 47690 531673
23845 47691 279
23846 47692 46039
23846 47693 1000000
23847 47694 24653
23847 47695 941693
23848 47696 712340
23848 47697 828074
23849 47698 1
23849 47699 957
23850 47700 944217
23850 47701 927330
23851 47702 920043
23851 47703 808652
23852 47704 120
23852 47705 334251
23853 47706 1000000
23853 47707 968343
23854 47708 918033
23854 47709 1000000
23855 47710 954122
23855 47711 961606
23856 47712 835474
23856 47713 251962
23857 47714 1000000
23857 47715 122
23858 47716 1000000
23858 47717 588
23859 47718 1000000
23859 47719 886573
23860 47720 976722
23860 47721 953704
23861 47722 486
23861 47723 999138
23862 47724 962869
23862 47725 364902
23863 47726 953114
23863 47727 412
23864 47728 283744
23864 47729 177950
23865 47730 105044
23865 47731 941274
23866 47732 706574
23866 47733 999723
23867 47734 597859
23867 47735 391
23868 47736 95263
23868 47737 261
23869 47738 78961
23869 47739 986889
23870 47740 984998
23870 47741 161068
23871 47742 706904
23871 47743 977307
23872 47744 178924
23872 47745 645
23873 47746 770024
23873 47747 934721
23874 47748 377004
23874 47749 233221
23875 47750 961687
23875 47751 847
23876 47752 904674
23876 47753 595866
23877 47754 226329
23877 47755 625
23878 47756 967926
23878 47757 1
23879 47758 541451
23879 47759 821146
23880 47760 968032
23880 47761 827
23881 47762 150403
23881 47763 1000000
23882 47764 869129
23882 47765 1000000
23883 47766 974189
23883 47767 1000000
23884 47768 1000000
23884 47769 411711
23885 47770 82
23885 47771 299
23886 47772 998678
23886 47773 260
23887 47774 978208
23887 47775 977116
23888 47776 974214
23888 47777 961337
23889 47778 1000000
23889 47779 655
23890 47780 915455
23890 47781 1000000
23891 47782 1
23891 47783 183
23892 47784 65
23892 47785 896
23893 47786 993966
23893 47787 37
23894 47788 939433
23894 47789 12
23895 47790 595723
23895 47791 544982
23896 47792 1
23896 47793 913928
23897 47794 550535
23897 47795 494099
23898 47796 457
23898 47797 405078
23899 47798 157775
23899 47799 990586
23900 47800 854536
23900 47801 922275
23901 47802 185
23901 47803 930758
23902 47804 903159
23902 47805 826783
23903 47806 344
23903 47807 336278
23904 47808 938220
23904 47809 385
23905 47810 977207
23905 47811 960529
23906 47812 952974
23906 47813 629290
23907 47814 1000000
23907 47815 369
23908 47816 240493
23908 47817 721900
23909 47818 279389
23909 47819 184026
23910 47820 909110
23910 47821 713792
23911 47822 679
23911 47823 748428
23912 47824 757380
23912 47825 1000000
23913 47826 523
23913 47827 475878
23914 47828 1000000
23914 47829 991391
23915 47830 291336
23915 47831 909748
23916 47832 39098
23916 47833 590345
23917 47834 550
23917 47835 679
23918 47836 818
23918 47837 945036
23919 47838 330396
23919 47839 904552
23920 47840 997534
23920 47841 228022
23921 47842 912994
23921 47843 997767
23922 47844 920819
23922 47845 989846
23923 47846 1000000
23923 47847 1000000
23924 47848 564875
23924 47849 109
23925 47850 947766
23925 47851 973229
23926 47852 997185
23926 47853 962572
23927 47854 935648
23927 47855 883318
23928 47856 983061
23928 47857 445
23929 47858 996140
23929 47859 244726
23930 47860 952559
23930 47861 902511
23931 47862 929254
23931 47863 914108
23932 47864 334
23932 47865 742529
23933 47866 273
23933 47867 403182
23934 47868 95863
23934 47869 80849
23935 47870 445381
23935 47871 644
23936 47872 906529
23936 47873 889207
23937 47874 163415
23937 47875 1000000
23938 47876 1000000
23938 47877 962816
23939 47878 735557
23939 47879 80694
23940 47880 62
23940 47881 510153
23941 47882 1
23941 47883 85567
23942 47884 353525
23942 47885 965049
23943 47886 624397
23943 47887 944837
23944 47888 953215
23944 47889 907815
23945 47890 1000000
23945 47891 919049
23946 47892 448495
23946 47893 916122
23947 47894 991004
23947 47895 194
23948 47896 808649
23948 47897 892
23949 47898 91
23949 47899 576
23950 47900 172556
23950 47901 104
23951 47902 843417
23951 47903 472648
23952 47904 922735
23952 47905 917364
23953 47906 963
23953 47907 969503
23954 47908 641866
23954 47909 674
23955 47910 1000000
23955 47911 1000000
23956 47912 933179
23956 47913 1000000
23957 47914 311256
23957 47915 601306
23958 47916 692
23958 47917 294577
23959 47918 962977
23959 47919 998071
23960 47920 986700
23960 47921 937309
23961 47922 708
23961 47923 964526
23962 47924 901475
23962 47925 1000000
23963 47926 998849
23963 47927 821
23964 47928 205992
23964 47929 365277
23965 47930 513858
23965 47931 257743
23966 47932 832368
23966 47933 203514
23967 47934 635575
23967 47935 839299
23968 47936 972900
23968 47937 1000000
23969 47938 97041
23969 47939 645
23970 47940 1000000
23970 47941 937090
23971 47942 646
23971 47943 906029
23972 47944 1
23972 47945 1000000
23973 47946 921313
23973 47947 352745
23974 47948 876207
23974 47949 964234
23975 47950 305
23975 47951 233
23976 47952 976571
23976 47953 1000000
23977 47954 305547
23977 47955 53445
23978 47956 76
23978 47957 429579
23979 47958 919826
23979 47959 1000000
23980 47960 960425
23980 47961 910763
23981 47962 905839
23981 47963 712826
23982 47964 60
23982 47965 603
23983 47966 929283
23983 47967 10356
23984 47968 1000000
23984 47969 558
23985 47970 256
23985 47971 1000000
23986 47972 127234
23986 47973 1
23987 47974 981014
23987 47975 740921
23988 47976 938552
23988 47977 761973
23989 47978 478
23989 47979 1000000
23990 47980 1000000
23990 47981 955010
23991 47982 401
23991 47983 853516
23992 47984 438274
23992 47985 749
23993 47986 1
23993 47987 1000000
23994 47988 1000000
23994 47989 914823
23995 47990 431425
23995 47991 925570
23996 47992 371991
23996 47993 372689
23997 47994 789
23997 47995 888
23998 47996 349705
23998 47997 944936
23999 47998 306218
23999 47999 936478
24000 48000 205412
24000 48001 987
24001 48002 1000000
24001 48003 390329
24002 48004 916309
24002 48005 967322
24003 48006 994351
24003 48007 979257
24004 48008 809345
24004 48009 927525
24005 48010 1000000
24005 48011 121
24006 48012 152
24006 48013 974842
24007 48014 943348
24007 48015 792
24008 48016 1000000
24008 48017 582
24009 48018 828364
24009 48019 1000000
24010 48020 35263
24010 48021 835482
24011 48022 991057
24011 48023 966288
24012 48024 233884
24012 48025 638761
24013 48026 614
24013 48027 792955
24014 48028 739
24014 48029 587009
24015 48030 910141
24015 48031 477
24016 48032 935349
24016 48033 4623
24017 48034 932267
24017 48035 250466
24018 48036 1
24018 48037 220781
24019 48038 945080
24019 48039 414
24020 48040 958
24020 48041 1000000
24021 48042 20300
24021 48043 773285
24022 48044 616944
24022 48045 901589
24023 48046 958165
24023 48047 1000000
24024 48048 909697
24024 48049 918210
24025 48050 958380
24025 48051 176
24026 48052 52
24026 48053 364
24027 48054 917348
24027 48055 974081
24028 48056 89195
24028 48057 907880
24029 48058 937526
24029 48059 658393
24030 48060 1000000
24030 48061 950967
24031 48062 905431
24031 48063 922582
24032 48064 584815
24032 48065 942737
24033 48066 958260
24033 48067 663113
24034 48068 997813
24034 48069 995759
24035 48070 905618
24035 48071 1000000
24036 48072 921223
24036 48073 983574
24037 48074 1000000
24037 48075 213365
24038 48076 931661
24038 48077 592
24039 48078 774565
24039 48079 1000000
24040 48080 875
24040 48081 1
24041 48082 881
24041 48083 219
24042 48084 951847
24042 48085 369118
24043 48086 913664
24043 48087 945640
24044 48088 198
24044 48089 933893
24045 48090 953162
24045 48091 1000000
24046 48092 984839
24046 48093 985919
24047 48094 964252
24047 48095 960100
24048 48096 78
24048 48097 605
24049 48098 946981
24049 48099 989023
24050 48100 968164
24050 48101 243636
24051 48102 1000000
24051 48103 987195
24052 48104 1000000
24052 48105 259837
24053 48106 963412
24053 48107 1
24054 48108 1000000
24054 48109 960
24055 48110 963737
24055 48111 1000000
24056 48112 645
24056 48113 78
24057 48114 998140
24057 48115 960338
24058 48116 963501
24058 48117 119
24059 48118 1
24059 48119 935556
24060 48120 924124
24060 48121 931042
24061 48122 977012
24061 48123 924950
24062 48124 989914
24062 48125 1000000
24063 48126 546005
24063 48127 226191
24064 48128 891
24064 48129 799056
24065 48130 78969
24065 48131 844969
24066 48132 448
24066 48133 479515
24067 48134 693147
24067 48135 764882
24068 48136 1000000
24068 48137 938668
24069 48138 629726
24069 48139 567557
24070 48140 1000000
24070 48141 936389
24071 48142 920909
24071 48143 947410
24072 48144 953955
24072 48145 1
24073 48146 963864
24073 48147 344888
24074 48148 946281
24074 48149 901278
24075 48150 424576
24075 48151 779726
24076 48152 1000000
24076 48153 408406
24077 48154 207421
24077 48155 1000000
24078 48156 927372
24078 48157 946858
24079 48158 116408
24079 48159 1000000
24080 48160 739
24080 48161 936508
24081 48162 1000000
24081 48163 555796
24082 48164 975372
24082 48165 125901
24083 48166 940765
24083 48167 410941
24084 48168 998619
24084 48169 1000000
24085 48170 991074
24085 48171 462
24086 48172 663102
24086 48173 517772
24087 48174 24123
24087 48175 248
24088 48176 874998
24088 48177 1
24089 48178 1
24089 48179 1
24090 48180 910152
24090 48181 1
24091 48182 937080
24091 48183 241667
24092 48184 22
24092 48185 795949
24093 48186 959986
24093 48187 250
24094 48188 163
24094 48189 375
24095 48190 922296
24095 48191 140343
24096 48192 629604
24096 48193 1000000
24097 48194 996622
24097 48195 178246
24098 48196 210691
24098 48197 835686
24099 48198 907748
24099 48199 935225
24100 48200 967856
24100 48201 515951
24101 48202 936542
24101 48203 971624
24102 48204 768
24102 48205 922542
24103 48206 719549
24103 48207 450602
24104 48208 578
24104 48209 935487
24105 48210 991411
24105 48211 935982
24106 48212 912759
24106 48213 632926
24107 48214 75273
24107 48215 884
24108 48216 1000000
24108 48217 786219
24109 48218 950955
24109 48219 444919
24110 48220 655
24110 48221 913067
24111 48222 974813
24111 48223 920562
24112 48224 1000000
24112 48225 562108
24113 48226 924309
24113 48227 1
24114 48228 703
24114 48229 184785
24115 48230 925
24115 48231 1000000
24116 48232 504
24116 48233 896618
24117 48234 282
24117 48235 1
24118 48236 555
24118 48237 1000000
24119 48238 725271
24119 48239 963882
24120 48240 968616
24120 48241 977695
24121 48242 914883
24121 48243 952562
24122 48244 1
24122 48245 210
24123 48246 573674
24123 48247 128
24124 48248 967724
24124 48249 1000000
24125 48250 307268
24125 48251 67
24126 48252 726175
24126 48253 95
24127 48254 929805
24127 48255 627853
24128 48256 1
24128 48257 343761
24129 48258 906342
24129 48259 1000000
24130 48260 910941
24130 48261 120
24131 48262 991145
24131 48263 986590
24132 48264 923443
24132 48265 989056
24133 48266 927806
24133 48267 266963
24134 48268 26
24134 48269 976408
24135 48270 622424
24135 48271 930021
24136 48272 1000000
24136 48273 251506
24137 48274 951694
24137 48275 920514
24138 48276 977122
24138 48277 461149
24139 48278 311
24139 48279 1000000
24140 48280 1000
24140 48281 356727
24141 48282 222274
24141 48283 937406
24142 48284 628
24142 48285 143922
24143 48286 639762
24143 48287 366
24144 48288 962606
24144 48289 675353
24145 48290 88418
24145 48291 376656
24146 48292 1000000
24146 48293 936826
24147 48294 934100
24147 48295 903380
24148 48296 671773
24148 48297 949
24149 48298 947463
24149 48299 837689
24150 48300 137
24150 48301 1000000
24151 48302 20
24151 48303 990584
24152 48304 813021
24152 48305 1
24153 48306 913683
24153 48307 960094
24154 48308 969115
24154 48309 927961
24155 48310 1
24155 48311 469700
24156 48312 956867
24156 48313 385
24157 48314 442778
24157 48315 1
24158 48316 322
24158 48317 299610
24159 48318 958583
24159 48319 768990
24160 48320 1728
24160 48321 226157
24161 48322 982604
24161 48323 430
24162 48324 614008
24162 48325 82
24163 48326 933293
24163 48327 911849
24164 48328 1
24164 48329 974554
24165 48330 735
24165 48331 1
24166 48332 883488
24166 48333 66127
24167 48334 964317
24167 48335 380540
24168 48336 1000000
24168 48337 935076
24169 48338 176
24169 48339 947513
24170 48340 325953
24170 48341 957
24171 48342 237177
24171 48343 717725
24172 48344 960127
24172 48345 239834
24173 48346 147
24173 48347 942844
24174 48348 934458
24174 48349 870178
24175 48350 547373
24175 48351 117880
24176 48352 4
24176 48353 127
24177 48354 867625
24177 48355 774577
24178 48356 539531
24178 48357 140
24179 48358 1000000
24179 48359 1000000
24180 48360 345
24180 48361 1000000
24181 48362 985185
24181 48363 997003
24182 48364 322129
24182 48365 217
24183 48366 1
24183 48367 813
24184 48368 947570
24184 48369 1
24185 48370 751918
24185 48371 310983
24186 48372 598
24186 48373 949456
24187 48374 977764
24187 48375 884915
24188 48376 682
24188 48377 962438
24189 48378 1000000
24189 48379 1000000
24190 48380 904088
24190 48381 921245
24191 48382 396363
24191 48383 853884
24192 48384 922312
24192 48385 764145
24193 48386 425
24193 48387 299
24194 48388 263
24194 48389 928181
24195 48390 960725
24195 48391 199430
24196 48392 313320
24196 48393 27923
24197 48394 972984
24197 48395 485
24198 48396 932159
24198 48397 954959
24199 48398 766938
24199 48399 972683
24200 48400 957901
24200 48401 945996
24201 48402 998577
24201 48403 949474
24202 48404 197450
24202 48405 960939
24203 48406 925452
24203 48407 313551
24204 48408 490
24204 48409 277310
24205 48410 104554
24205 48411 507010
24206 48412 451995
24206 48413 917857
24207 48414 1
24207 48415 910127
24208 48416 909224
24208 48417 193270
24209 48418 1000000
24209 48419 929819
24210 48420 9
24210 48421 146945
24211 48422 1000000
24211 48423 1
24212 48424 942983
24212 48425 336131
24213 48426 1000000
24213 48427 897828
24214 48428 1000000
24214 48429 39323
24215 48430 1000000
24215 48431 966
24216 48432 329
24216 48433 190041
24217 48434 1000000
24217 48435 987056
24218 48436 835259
24218 48437 644432
24219 48438 5746
24219 48439 1000000
24220 48440 503135
24220 48441 747600
24221 48442 13513
24221 48443 179421
24222 48444 180762
24222 48445 5
24223 48446 494000
24223 48447 1000000
24224 48448 914736
24224 48449 801
24225 48450 680530
24225 48451 594
24226 48452 993780
24226 48453 976486
24227 48454 985642
24227 48455 652
24228 48456 807
24228 48457 991934
24229 48458 733
24229 48459 934190
24230 48460 421
24230 48461 1
24231 48462 967395
24231 48463 988259
24232 48464 481713
24232 48465 248101
24233 48466 543
24233 48467 954267
24234 48468 6078
24234 48469 924767
