492781836
601810116
585405180
549140311
639401119
523638543
613793952
558218118
565583353
581847097
575161055
529065784
585338162
544683561
633941897
526204351
595939084
654207994
612094857
600648874
545038571
606412507
638360582
592798246
443656756
612245356
647401197
620563469
596711440
642956007
665613163
624610846
551860116
610867686
588375664
535944250
579075509
626410845
635407493
621262168
611555489
546914107
599098987
537574895
595707625
653236256
617864309
579215966
531605848
644690265
601259798
508735420
653662139
565546898
602831394
665120276
489911776
638416008
618202091
620330008
630880082
540917481
609260822
533249545
553197721
525879504
593382782
639172181
606015784
565731855
601807449
628111951
590104590
587186104
527316932
520717534
575290005
504225343
652764646
435938280
618052489
503546294
599769723
583945421
612524248
657918129
660080527
549283508
538776905
561045542
640921200
571951355
565186543
621633100
565583353
618105957
582303841
645295065
634532564
569693059
497187295
630304583
619138248
660219296
634328235
583635958
597110234
654141652
638366504
665059456
537971428
474856007
631494737
568496018
519962200
517529018
616566990
657193580
581445737
565838014
523472466
652037311
566875438
636291751
622462896
634111837
560641773
586590299
585860015
568627963
533924156
657802686
565731855
571003248
516577800
565546898
600536546
465460875
664725002
538309647
554516906
546886648
582688123
650019807
533541428
650702195
641210234
594598874
639172181
551706596
582673681
648551226
509726197
625612842
603796771
563536829
650074986
662779879
496106591
532302584
546053284
647374756
618163953
603581243
542113813
627681665
618496401
665939530
574410530
645809351
582905781
544643186
570858198
554083719
541899170
664151202
551095166
618048087
657631656
642252576
543683101
563764233
595305614
664751832
498769585
636648663
638649876
532141668
534244803
602126647
627602740
658371448
487925430
585405180
578947990
561376259
583612420
581566459
555907303
600020989
647553265
635654178
592332407
659482637
567414183
606950941
652785298
582998693
579158080
646474459
638476370
584491398
575475888
575000869
665683059
574369751
587438303
622496656
474188308
464501623
621516119
651746664
655414833
619998201
661682901
582608930
523471891
654596597
522704976
560346045
570844881
604853893
643910042
659299610
548378314
544146520
578247633
570787796
544177194
598772770
589454190
483080230
568917485
599841453
658681728
536185467
585498323
605240034
612300093
575606000
665198060
599737534
644169652
655751884
568815876
657035928
620034463
555037943
516842890
616547873
585109266
633276266
597802007
582782764
495799480
636925743
502992147
572267410
652446010
515698174
556274217
569774936
607627647
618059473
523295064
589139234
512677146
664098700
463488047
571381015
527765523
585182153
587438303
660969951
530955242
584104494
650053237
553033900
557974615
550131811
597535175
637183203
646023623
454681736
655641060
606315437
655884267
589909980
580071641
557024789
593115855
618318855
500611698
591145528
609642255
571482938
656886922
666405191
649078953
635734602
666268567
269666896
569233768
529770530
616376150
603872522
506314592
530882972
657156661
647309916
520446297
536607559
662251917
658253761
590284880
534863229
615050490
550793396
615942981
599610887
664159308
546601232
588770637
639187633
553033900
566336077
513768775
580397264
512954693
517873685
633767092
535944250
664030028
611406148
617124519
543882944
616730175
625557686
626093334
466777463
665001232
571583988
618984723
648903277
558725519
540644783
645079348
537978982
649247758
495297295
450677493
502966387
588380743
541140861
541380259
529980424
658263941
645102370
462651844
639515030
660876971
571637259
504307735
640929563
562616897
430747943
638804298
535398114
556544200
565353519
583603632
557158784
570177526
658401421
562254855
506804534
652101306
547328224
615402136
616518646
592297014
581566459
502458059
618577914
642378870
621762550
583943650
616982424
658934592
451972485
632331650
548768324
610067945
635979834
601090349
585454482
633019637
578212545
663962085
626368509
520688959
517098723
585586081
621706194
533724004
616216823
575027058
504533784
460815212
549166415
620012133
655858021
557608907
656312556
625819909
557120268
602383957
646082961
597027943
656312556
593063483
661508763
539398712
535096379
658622695
608678545
593112664
597011938
625713738
595590556
532830800
463161320
522403617
624062794
586168076
615764630
536436806
602452027
508585180
627060699
648072204
582886808
639870549
633640679
524449686
574844795
634767788
607169185
551495125
574098188
593254733
579929157
638325025
652964248
573143895
544250771
541376729
643347123
654476523
590790769
618000996
666544844
598597336
516053619
560533601
587245880
502496974
522056069
573647451
508137345
605386770
564420441
626020056
576152189
527462318
474751903
634359589
660407506
664422098
538835772
556165608
660969951
634690312
660562734
650011411
617631673
487367668
523395255
540335058
634359589
481553665
663050172
457645458
503607570
567178142
603458783
592383695
511180313
577395873
520827503
571748739
649423558
507103276
572524360
651897948
597460243
651285484
619327469
542174717
536233103
654123740
634690312
457184922
537893056
631270574
566491672
515296649
663338840
556099526
589025468
633854176
626271501
506840825
658589366
397470230
566604040
541903097
644512656
634225393
557639940
640517308
617731275
639171485
531390160
564082954
662725182
654038663
519568276
588674456
541380259
562371855
574765183
611580487
632985379
543134287
579977909
641723961
527913620
630924852
573665963
568216277
661270783
569765252
656504166
605077274
623367986
597019055
478419765
513899378
648220826
652903594
638230927
551119471
613647618
555924442
528870246
597774827
656136646
563119096
552787900
563875579
624110754
547847407
461136042
566221448
565014194
555919296
566913406
563780111
584443322
589464278
550812947
629126827
600380794
580415671
597011938
525879733
438397939
529346383
661113259
663596776
552143353
516498275
539322197
616550645
533232743
644813904
543225375
660512752
606511945
528414523
577802529
552195105
632869200
618588827
577563225
558068711
593369225
626160677
652730018
632286122
631051441
559879341
531317717
653309305
664725002
552521127
588165855
453018029
609629004
566387459
523792580
610025018
656623310
537409862
615165772
510489020
590896869
604005125
615638585
547344421
650360636
607497180
507060789
633922457
651079100
467361431
643098552
517074030
654597673
610578355
542520793
474058117
484213407
585699242
538300041
634233759
632371813
523481139
570146215
555657982
586237185
568629843
647520902
626233126
544241190
535927498
635969763
544595014
666432678
661209814
526804203
582750365
512125939
490498828
623223481
561414882
664279677
526782989
600318057
627030699
570344587
608852854
628019493
660969951
629315255
643251996
661086241
664176175
520865025
573967554
549363819
524047026
664644187
591604251
612813149
618739928
578775255
515734046
529649081
654494631
511994952
601648306
601458924
645198811
511301842
534275628
637816440
612658385
568610381
633541280
568921570
658401421
608835746
658408951
598456258
638743397
551754439
567646079
594616777
655884267
612151170
644930713
572137982
543202519
571137580
616038248
566369395
664615116
357796161
630115731
509159326
557144169
659858818
627544200
652677806
658962701
527526139
610507929
515919626
530182929
496587733
558650844
632819568
559922808
637398247
519568276
629559561
643462691
645000663
661304140
547059825
530563087
513801413
626458512
636721336
647271682
543666251
529268296
428754281
665198060
642689073
585484004
544199583
532835270
447541350
551273602
564110452
648647726
595774977
531648901
666646985
619465395
377519217
631414329
556122128
620981684
549357931
562822720
547933777
612151170
600273610
571069866
640425490
545028682
666500483
657620597
610385375
561189533
578987643
655414833
657054041
595571393
659414945
514022203
605686381
644501975
644220771
642956007
563755436
643953409
523770165
564225044
622303970
606947538
655821470
579002081
665446079
596738430
613518288
531108011
652903594
578080776
534951632
615014302
627726318
586049797
616151100
510957689
538309647
489813898
552482402
587529560
535106911
576847680
584326796
542526087
566671500
545094059
634880950
524393062
550122438
593412387
589085115
643430508
664098700
530129990
648125434
658096373
635148692
595445903
536922610
516552175
553368000
452642941
554867108
536206568
631019534
538058633
649964595
646400007
501225737
535927498
563852195
541076831
522151919
584182766
552823564
626947884
592557358
593985479
610035431
638187233
595062695
577092386
665884456
519827340
651746664
564077576
522159105
629796074
661874896
589100521
608391209
546650528
535557733
634359589
573188808
570769550
604250443
594109556
586020799
662338965
634709157
555714262
548188887
634179723
576847680
592076923
574834412
565176723
570757877
581519198
635959560
644244358
304696350
637943341
617403529
614697225
632160398
584094165
613479684
594066065
553846311
583965569
552743303
425129163
552595845
561206653
640421520
666022441
647917543
636132043
458053722
664176175
567559281
505912153
540508830
586211663
573271841
554516906
560533601
660542787
588416625
592344460
614425819
504658291
569832571
542396325
549244791
628677333
651980131
666500483
611267933
492999865
606454854
556100255
642791304
635951279
523581609
508018980
550572945
618903765
453307199
598808755
636196220
572232110
639160568
518077099
529770020
606308822
616730175
501802318
606042055
518967604
523427486
666409329
493687671
560821609
596609654
543445924
499774729
639288588
564430026
559616975
665258112
566395173
541140861
660151199
648072204
605367892
662868229
611602203
657022645
597011938
648232676
506421495
504522672
628917085
546681153
535336142
495075219
606852717
588514878
543980806
638743577
486900819
633828825
591982648
590911431
528030990
640421520
545125770
634211798
528657328
542122873
534129153
652293357
554709673
575064986
565504940
548250253
583991190
657348004
572087997
548357353
666405191
469162588
547318973
571611915
513294632
663142367
584768902
523589826
572137982
510846902
536025177
570445255
592447697
555006796
592341070
609455327
436665372
651647913
512946059
491439394
584709688
536776044
523650064
571637259
564636835
549046939
516158558
658810344
592019293
590555802
593386039
541593847
545028682
624275912
555961976
527785771
497146444
526574577
658178727
610614089
548863077
604448035
511193208
541551270
642397233
581445737
517697936
586974362
665117317
597011938
657156661
509574212
633681004
449086667
556623071
525911264
477231196
659072057
638126028
529195784
619583228
612664961
525245149
597995857
645158836
525470464
632156459
527431942
637115397
526571445
577107212
559164253
510449703
595319781
553233906
657375626
496467947
665310087
628814042
657325417
572583255
550558759
533616527
584855768
568496018
601863286
658510463
637294685
565666270
599800720
661113259
608275293
649818320
643783529
592066680
577251857
639551992
558324658
563841070
645541659
659858818
665923681
530593663
666059443
588858635
558871197
632367586
593838031
610426728
647583976
651356362
519199852
582629998
661580518
625659565
586068787
543617511
460506455
609845006
649738495
664538586
648108288
549705550
619035330
612993063
527215090
572121770
608625072
602692270
211882852
660588075
586996258
583843913
588964008
650076521
563346537
538776905
495664268
569757294
503339460
561493230
617781645
604521522
552133310
608635673
602354140
574541299
612342287
606716998
606125934
477949338
533431887
596460276
550156472
660070609
666646985
567829720
564513916
652032245
600442290
578810242
612127987
519130475
561039982
645816070
521176375
653178489
572089161
666554456
656043561
601685909
565055022
562171021
606987717
648232676
563073979
486522766
610906346
518221671
600508500
522610266
552521127
620052841
528054070
549953073
482104297
507438863
618737657
547011246
629510702
521727261
546310674
506956447
640421520
647565280
612654603
564561523
521607572
619697171
617125593
644480133
568241116
530771701
628922739
464290396
665269845
640433421
485059674
581931394
612063143
600070115
634906321
644623061
664854604
653689510
493956710
649738794
525720601
556672115
559442833
650215989
601472324
657248146
641112813
558045410
660498326
510586085
544066088
564495213
658102539
642083060
663993709
642410522
647315625
535435433
664743343
558775894
430228940
659699568
637582602
643998706
527431942
664870100
564712280
640282707
584167033
489412413
658096373
560649384
524510839
498652751
661708899
532880342
659175557
657495092
507336407
616388936
475919159
593063483
628631545
661268960
524218879
525721888
557880456
513768775
514143073
665025614
603790994
556859193
583683540
596004991
636002474
643461521
637745636
617506016
636280345
612352466
658244923
563974589
646721442
664862268
532380023
456238823
616916500
661715368
601701986
635816752
637026599
617844046
623613765
590858203
534306942
647625497
649827977
622472029
506421495
554812764
647271682
659271122
378190914
573311830
527655558
539106312
561694248
625236477
567663773
583900327
572450781
539090568
587321106
486900819
547847407
654969788
657828453
599895785
590421457
495434238
629969367
538584235
441717085
516066079
599107784
539089472
657119331
596158733
570018637
519827340
614589376
637542246
501395922
534053607
561045542
618234554
483651124
634355892
640010494
659417926
582082887
640753761
535259785
583821241
665608992
548593701
461602761
585795714
636967743
571868841
508923934
510123208
535172772
639616500
613291356
511328829
536911310
620322505
605887034
582905781
592019293
551360308
555735403
636803990
581977555
592370636
645429106
590421457
527937998
666263575
533616527
611267933
606012560
569764367
620810809
540641279
582905781
554709673
581161458
606956508
651416075
559481208
570330178
633245651
582092429
591045607
605827659
621729700
600318057
624769052
486595539
473413803
548848447
567360229
606042055
538901621
510121712
658759617
663002359
613473693
571381015
478379706
604125787
587857497
666576198
601247709
659414945
542797140
469487877
612933083
536881432
637406825
526561118
655858021
470514913
646175796
525035111
503138813
663916571
664806224
608339087
661168696
642083060
583403960
615580714
533552834
587386536
517485528
610385375
640702209
665745559
582401231
606412507
562802544
588385713
531258740
535376195
577814270
465849424
636347452
629128694
617110298
642658317
656873984
648818150
647300800
572528684
610935872
472173321
539749507
523575816
523453453
651415726
587738113
512438730
509768024
578271224
487873448
666618625
599098987
567193533
492715877
593910419
620363377
645027582
533049910
643341404
537612544
627573276
604002008
501254050
628088614
534559337
577921286
619980786
601769398
614537975
522146039
577337165
496290078
588589997
649321105
664842182
630974820
646710424
644296706
536206568
622027031
666007352
608852854
644783174
623537878
655731658
635025840
547783900
573862364
566223549
644690265
662151640
533290661
557244164
665474313
603666549
583843913
652675048
547749178
612243307
623946792
522161627
615942981
655733639
528524025
611829733
606412507
612031956
660124456
628075542
651246890
588866536
464119336
637548552
534674593
620312641
652783982
561826962
532614045
578524138
659952219
583263891
637488309
597995857
557412580
663050172
512961534
489496324
475283840
658063548
647309916
666449426
662775065
515816040
652976142
622269985
613685672
590279145
568839667
661539230
565494717
596689357
586732797
607739765
663517656
480490737
571676021
589813540
500009412
554695218
500437095
484213407
576039856
580417740
657156661
588224404
542123718
561993361
595133890
644613070
593648652
541551270
557974615
466873865
659858818
506946002
606756702
624121480
629073958
605953578
528646771
540337098
658380767
590002969
512303022
523790835
538622216
613000231
582593560
527413506
547187763
475113797
657624473
521307867
626505379
576386575
644623061
639572966
552697717
588394196
480660341
652699672
520025526
591246696
594616777
604770513
661472247
638365998
655301893
611729477
665827519
484990208
617403397
493371415
657979921
598942820
624096159
565504940
427775251
641691677
514897792
581491415
619980786
503069351
572219367
550882861
534199193
573253613
521176375
560866402
580523477
539749507
655860080
554325611
648025704
543676587
663282097
513639645
583991190
643909343
597027943
489478372
484702644
564323267
515780205
587166504
616651947
608695920
618475142
555006796
613223781
585498323
602941270
636337474
477904163
664725002
522242103
609145181
634704256
655884267
552482402
623268562
629764765
584744581
520754370
599647598
586293514
644921289
638138461
544755116
557846809
598879493
546310674
665198060
522703460
510448640
660738869
566859551
662142288
632756801
550431467
630877978
606886756
581478487
582905781
579993010
522066138
528418812
647008565
616730175
650912062
610145670
559495065
547344421
517546963
648882216
647917543
509650787
665656831
549244791
537586931
574438737
583991190
595238352
660969951
649179571
518423656
491441188
588026156
666158491
570183373
601739495
629350202
640425490
556292349
618492808
551747334
468917770
547227040
549919967
556477935
641250299
651986570
591466683
635657313
600752126
525446324
642338159
643789280
512062355
258073401
515364308
523041323
577107212
662940501
582520345
605539478
617506016
535478420
578145294
655689422
626154138
556195845
662484887
564141453
576666071
658263941
519152867
648470736
521294900
532284170
583673484
628824589
630854739
643027247
666268567
509914756
470881403
666353138
646340722
614229121
509195083
666463592
658061622
648843543
629186954
608860102
646721956
611830732
544499029
613685672
632284948
533664582
561679640
631984983
622050596
662627582
649324268
482127118
602243938
576195226
483768584
639745930
649321105
662200026
639940045
627467845
622946793
568492425
577743070
565927645
565827274
573310324
639925442
605131242
562442870
557947756
558795307
597587922
646259463
552628142
642450187
561967689
485902732
427773734
591433141
564045243
577963349
479804966
519050281
649321105
517279364
389336390
508319890
460124010
547585128
601584912
584129504
616096572
635511743
583870094
611602203
587718581
636336485
645858665
661708899
564757822
465291752
636967743
573287349
514276544
487463849
567829720
654560621
540776673
547783811
612119894
656103269
612636051
589415683
554529221
647401197
666646985
666442422
611051378
578134230
519827340
459668705
513294632
649432937
480046881
644958643
627620410
520890402
592130361
499813471
574112594
565830304
625917544
470428112
485322528
642324441
664093117
663436585
495075219
581933484
620388688
605837281
541668185
589462480
498405075
608117125
541845421
553460409
659166676
630803128
531964116
640742900
630700773
521971507
531018137
607497514
629078928
413147486
532637858
594262060
557835563
658499391
659184753
608754478
472211488
590904473
662969349
639653965
655692316
572340568
526585209
632286122
504924423
657979022
652741043
524145836
519254602
521994728
623103191
475295512
616250700
573547637
606987717
625236477
621851701
659432766
543521381
547548480
505922553
645809351
643088835
608521024
565186543
537855434
525910315
513365751
651593902
556421411
591671085
539940768
600015232
641164830
652524912
599043373
596455362
619468971
453978253
648882216
586482439
550739650
604192263
596711440
576100796
578998453
530847422
534604913
624300487
586896822
589512017
638070742
666646985
662465844
564956508
576402216
526436087
635654178
665683059
616303318
665269845
579307391
568921570
592886068
541931828
549493597
585454334
618496401
583041551
561497362
571583988
482610136
533232743
518056213
630456401
584104494
588375664
530034790
654509053
657662092
634815621
661753993
521938972
600592722
578969723
658563266
541634888
599894823
612636051
666500483
621531237
665425313
665296083
403709830
639094704
606602244
632794650
615638585
556247722
523638543
543231761
587321106
647038968
660137114
530589349
495599344
546316748
664819468
585552730
526585209
532284855
652469202
568496018
516299577
664159308
652293357
593035331
471710568
610616004
570195076
584624313
647930897
623383236
545213270
515481539
599895785
632076364
633122785
590903762
602354140
479989334
614656508
524294228
417635384
601689393
592104505
666252939
610241309
536920143
534508045
599069706
647232856
650716099
663523332
605386770
596458166
584995021
662076205
553416978
566864107
522527054
454382012
635859261
539921933
660213632
615480246
665317363
612797745
542574411
588194860
584142823
555377508
651190719
481553665
552823289
564911714
663033111
653926589
555274787
563256017
646251748
629764219
564110452
601648306
526288893
483309600
606700736
594998788
519891344
564407082
616509433
610301645
547036086
558916344
521840055
578558144
550045737
594999870
610744599
595972644
554325611
633627611
487519510
539964138
569666858
594097249
614599559
614259963
474620368
658353465
652119231
611557885
646619774
634678835
529121735
656775732
553811710
599351027
597730323
624919509
533384740
660262998
502966387
651021742
566871017
560349798
560641773
536852456
604989428
537072821
513768775
643560547
664176175
591995964
525863778
546047878
492846482
655622171
552823289
529459850
514524971
578961452
458551241
632048111
593635488
579572122
532780403
547783811
531545691
594382758
576123405
638239500
491286398
534532787
561286848
573033931
547408651
622809071
626410845
587383571
651267195
464991426
627167101
664457561
552204444
513104944
519533315
524086487
529346383
505343233
448488956
630525606
591466683
536158831
620556455
661808745
584182766
572999928
652553128
584645542
591687862
522704976
579507999
529485942
655193776
410355441
666350627
636617430
617582223
464500728
536860147
624159295
616916500
630237327
658962701
601898843
621701076
607351945
549919967
606950941
489496324
616657989
567408636
581141708
648687318
614555831
581452027
614625857
647577206
560924726
589527506
637675726
650636566
648882216
530606989
657067805
539273542
493898757
560530029
603545638
597011938
561110661
595337252
628022681
587015723
507050266
576311496
631718380
553612616
607497180
562006600
577769333
566336077
612836935
606863940
641250299
627869596
623918041
636320562
449881941
603977293
554981697
603322815
626945819
520825679
496831089
554529221
570090960
600380794
484582669
638806188
602558866
546351379
571987799
650335456
641221527
662791817
600786637
565866583
587163924
552649966
663206397
646845604
614425819
539260559
493333509
544606823
563851818
610812414
662583644
639223210
662338965
609341765
570577277
597036313
648789410
526533679
655846473
571873873
664644187
564252869
664538586
576893074
545028682
662288731
601261818
653869518
614582769
523445008
576119321
535022745
565337245
554278458
485320678
586023638
659284150
501319680
656574180
560809192
516220709
564014250
564664050
619958960
542712017
608864272
577822327
643686380
543948617
453910860
537612544
633593871
613494778
474729854
651746664
647271682
601863286
600478194
640596221
660819638
523067947
618951610
645230171
568437230
512295671
621640743
428707274
491341884
534646294
664791014
564267105
584901318
662501620
650416733
596597092
589652757
537364373
508714202
514684628
666066710
635951279
608466256
536881432
642710791
600174042
660219296
566200005
558166111
588094997
635187062
589831974
564700711
600379822
472292376
548820571
560072118
562751480
487418483
615283113
598142363
536781051
597799532
579859867
663904032
585027276
656886922
656028761
656958533
604011400
562033943
559845505
649111056
588909308
656804973
532186414
643450308
536381035
580240570
629221815
590184865
608104570
469900590
534480607
585498323
498898394
659952219
635423812
522203182
661865524
556100255
584584904
548421162
505350535
484990208
615994228
582885395
497277388
566430497
606740254
454790224
591010910
651077826
651746664
572878229
419112909
416644068
661682901
533117216
618942466
642822991
555802205
553364330
594941822
536523650
633927464
601972768
584104494
581301302
652498551
534382229
593543188
655002407
594619381
556022798
340858829
482757149
659048634
558850765
608635673
651593902
658147017
639172181
525620922
658676061
533952616
514738880
582343554
558450237
528559703
649168779
618495574
527694739
618156538
638260154
521560974
542130697
578180489
535336142
594278930
522066138
654222690
592217714
613395882
584744581
531585424
523976731
665715203
560161756
514815928
659176204
598701717
566267744
654669470
543957547
605073312
637488665
542227454
616488176
557230304
596004116
499757066
630240954
643656374
518250796
615051438
642020057
541286582
551137140
656448126
605621411
656804973
433212695
657738221
648509072
544199583
499817792
519332755
572878239
612352466
566590850
613951087
593928257
584531306
641526310
567981540
475806847
625617456
503725767
609341765
642083060
662338965
556691288
613862941
642791304
574417697
537576884
635622733
648072204
663721789
509207964
611580487
650912393
627324764
661526024
555919296
648282339
585185672
615553968
526485018
493210126
649116863
606689635
642406096
614386966
596711440
505117324
472462524
574992568
583021359
561485445
489496324
578591072
615269083
480614715
499587912
445873833
603007314
498405075
538123280
450970111
594675215
551407131
459185716
665198060
529980321
591168138
527103041
633063108
635082071
662465844
610578355
618315774
518140749
536551989
591404654
530034790
615255492
615769061
585952278
577662251
590421457
597318059
649321105
616885972
591503551
659500978
591664864
600832490
656295878
544058818
558218118
620239928
639531206
586476167
633500128
581351511
666268567
506590860
564968315
591872846
507060789
589245438
606412507
464290396
606028549
643165006
514059361
470397722
563851818
616047873
622019920
624110754
529318538
631984983
653649914
574542633
596711440
498225442
584709688
662501620
524636458
635187062
562481946
611331836
539122139
547936584
508559565
590642036
563415010
662779879
652553128
546032718
597297496
573774825
626769856
514818124
595973596
508923934
590555802
648596141
562176497
639945109
543706090
601305862
555542823
552000578
573945145
506529243
626135554
592734260
641112813
534168371
587412215
562046177
571652733
567789946
660562734
550793396
640596221
612813149
570086133
587068335
637488665
663436585
656505517
659946750
554386057
616674169
545456976
536787117
480090572
662869552
561563718
601531585
581492863
615181737
629345868
575849002
489158630
563631815
609754513
646907542
562967063
424312039
524633244
608275293
607888924
629904755
640421520
637914698
518962932
664824401
629004203
634120668
537591743
496539324
613113518
642378870
492378199
581867684
514247803
496290078
571947408
468083067
568230560
603761949
649321105
540034824
652888985
664915317
519827340
568839667
637270555
564731812
627620410
589865229
643783529
600130565
526840343
540614523
603033324
452061137
512764268
515347904
660144790
576350647
661794831
602051870
615981950
555681350
544146520
524973217
592498321
575088723
662142288
596112550
647060828
610067945
563530112
570054061
646815069
569349044
632735916
579266544
570777835
510252040
596427635
569982088
452645540
631270574
571637259
563883926
660461572
630166960
663517656
578767145
601952312
629907851
656590866
658096373
647589018
527866422
665939530
529453797
529076264
622134070
646453350
663304784
528529050
535435433
575365722
518934625
635014827
616047873
553651351
592484507
549759120
655193776
512062355
538624897
631051441
658277839
535266020
530331267
588886354
548791787
574716056
546675251
421668690
517994614
661708899
664791014
557187040
530366337
598905214
594283431
636132043
625755947
652597764
549950077
508714202
635558687
643967563
579440936
513972799
664539549
521736252
657689822
624835154
665699763
492125678
644613070
618287385
553759036
630544567
601685909
619958960
587009865
638325025
411933518
574238146
571951355
588514878
654916670
591517824
585930818
626104863
572383702
634419291
656586026
571471971
542081805
605655004
542865380
574221577
662338965
636859469
489263216
538656402
467467572
442905524
601268666
611310832
493362111
486630400
518655482
493112237
518884237
431770572
549225350
518250796
551860116
537102105
590372797
542910304
662779879
657686937
642410522
550223029
605967248
640421520
610786669
611379529
576509932
617996713
658408951
649569971
577921286
592730055
560533601
636455632
524520762
528627531
551018727
555802205
478425126
628471482
644523056
564406869
531332225
396911154
652352986
659436021
534040805
641254174
662032932
400830960
470325810
631554338
632127405
638372178
610074695
584620853
640272223
643747886
541850626
546461240
511205349
538448385
490900262
593838370
645514583
590202874
539026385
508593035
448346871
608263293
648136651
614534781
483292688
550557727
585498323
580739968
644762093
645897214
569349044
595581038
654431424
639513422
545195234
514276544
664003266
381610789
570320168
605269653
628915187
574987931
557787615
627106356
579773150
572460736
661794831
520902526
543357750
585417327
662288731
617774523
547854835
628972915
611753562
599968704
600020989
581366308
640310323
470325810
506280800
524832473
580943510
532380023
569602615
664824401
545340014
621287160
560660217
556656966
666268567
547325632
543948617
591804667
476372671
661587635
553759036
656384116
530331267
629821959
523384942
544103338
403498216
661818274
564289542
562481946
554317032
661194432
611948311
623019959
640538758
614180296
542910304
511976005
573914509
520847226
512931407
649146409
513183180
666268567
644534066
609551322
503616853
581124386
619138248
497316988
655636224
496373399
639172181
585030023
662766806
573561347
660219296
533545358
631003632
569972271
583329823
593513361
637320744
518564240
626825667
537162738
644594957
481446543
605769975
574694846
578396303
555097492
651746664
646387268
660055098
541354882
659764688
520498102
472672357
567509182
642689073
663338840
547202012
634997448
622505474
524026714
526370374
605131242
528529050
611602718
522485969
590421274
624553384
591975122
657689822
596627527
594372378
591525134
481887402
584624313
615009120
567158112
612589085
545469091
606412507
475251208
631469687
455033815
535259295
519607205
608960846
528030756
619035250
664034700
518385486
559802687
638781796
543348333
660602058
607441387
623069804
537971428
593743571
546520908
501477901
611948311
516550814
560216431
647304626
598440571
616038248
567170144
561892416
497262347
661611083
464740358
534450577
535944250
634668856
586958504
632451533
646453350
520949780
617125593
532524155
643854030
542012133
514285473
612363979
548612628
485085517
614180296
583617075
573308980
626396212
659272569
547612323
638964604
597324180
665025614
451846966
644455793
643130046
528956773
613282574
586715025
503282514
624408546
641486814
582105728
512325608
592209710
506466782
571003248
551860116
620012133
562159375
662632618
587327862
561814296
478446962
582748991
566864107
598898803
542218346
568451711
533432156
619583228
642735972
638743577
569972271
507708781
549879723
535478420
646413360
619852589
598879493
616709437
533972045
656754667
571381015
640750101
651407403
614121648
577583419
649247758
660159377
608209869
492810101
499540382
571947408
484431631
657353556
648420636
666442422
536649388
582884785
500188902
552519607
568510998
559588253
599490828
612300093
656253194
483787461
512813887
533804609
568470787
604604374
619583228
611829733
607150946
666300898
511800465
543982231
552482402
536846611
579075509
292209808
558481388
604879514
574753930
660219296
623537878
582471199
473178561
645429106
607497514
596187043
625236477
519349446
607497514
633906650
584059637
507555151
634211826
532282857
644020083
647520902
659432766
615279795
523688348
521146530
530452608
655882815
549319828
665480801
655810760
562164057
524612541
519827340
651362049
567734253
551193905
565754750
552895678
559692073
542610364
610786669
475785472
584684730
562859533
635511743
614000420
616798763
639916980
661261258
567084272
587121987
656816964
642895919
504276048
655810760
566332880
495700867
616524927
482784935
642210867
591322657
618248599
486343195
540508830
620330008
551802416
529419704
591876032
644613070
548476452
487338114
575027058
574098188
452645540
650152534
537274776
591466683
530626391
642672382
581491258
592484507
654186124
627486815
586124558
478516872
508319890
524512996
640433676
611018337
644778406
536767406
579075509
493210126
533800531
517232250
543816260
605837281
490234477
592066680
641148584
448810081
510185545
625713738
411933518
506828001
618940363
560641773
532436314
609145181
634532564
544647161
655733639
530398518
494943008
555097492
525721888
625334772
621050644
659482637
628861317
606879683
654087300
597995857
632952634
517992075
591692878
464839792
652248336
648232676
615050490
564316769
524393062
659759412
544175910
536436806
546215475
664989800
520978100
620398145
662217919
555172602
565754750
574080554
620562182
661003054
569621006
519799868
658371448
582607202
544019122
548685458
588834883
662362727
574224014
599981712
526719417
558926603
643165006
519798609
531079936
647930897
537384963
581292796
662671206
536889733
564561523
636011532
610640751
540794502
530789416
553479595
610376890
582787709
413480850
664854604
572702516
550385483
536282500
606042055
624670673
593017682
599105796
617240507
608429256
622664983
533048782
644947040
541357671
608894421
634347765
537733529
657479215
553656605
504701534
571069866
533644243
565583353
515772639
609118669
506828133
632337375
495599344
482487478
514267600
629915847
576195226
588866536
663463399
659779426
470715357
549032164
642324441
623119202
658499391
659284150
555041276
547119887
619958960
511671900
642252576
607497180
640737252
563943140
427593321
536129254
529216525
551971916
651055193
602509350
531964116
653068741
564225044
482487478
522927363
612243307
574288818
531304343
490795105
602537410
578969723
653235592
579718379
434817464
657495092
524706548
520119265
538716904
522240534
428707274
565504940
627167101
632340404
665296083
641432575
549283508
529980424
660969951
633906650
635951279
542121234
514250818
620055820
655388502
581308456
589646738
552895678
511381744
547763452
599579921
664034700
659866272
647987951
570151647
546195583
659212333
573287349
559481208
649437303
487873448
436635059
652903594
538939096
658371448
537794660
543202828
577682704
602537410
530387258
481887402
642378870
594311450
593039619
534022656
535927498
587398989
646906510
638948628
584775762
650548749
389600648
622247862
646966108
538558229
588921707
638948628
565494717
529073439
587015723
559376918
360896887
408864216
597363417
462014523
594191581
544241190
642776073
587512288
616129442
614191418
596295580
656494303
664771219
601606812
556428910
664367416
629494794
616930385
652764646
477437761
580599695
665656831
566559307
628186116
622715430
528997446
633541280
515669183
580196856
631827186
539498965
666288496
665975446
642121581
545472543
662753755
556496419
501612998
601648306
662583644
566827175
575214563
642199141
604160058
628429096
566744910
617268714
585168345
534048016
660993154
540215119
588972949
599980751
615717156
619138248
520754370
596874281
656708730
528983484
575451039
658759617
601937244
493687671
475478629
592317582
643656083
562679169
545416022
442771764
464883357
658151919
621640743
513645947
590592256
562827880
652191183
548378805
634170170
530589349
655160761
614582769
493407305
665439713
466873865
548916861
614649202
511306526
587985200
550134275
618900070
623590477
637723772
643558628
662191556
533972045
535106911
642673516
603473208
510387496
585508940
568496018
332567504
628633006
519430202
633828825
542910304
493755544
604142861
522144863
485624161
517279364
532389278
530901527
530559644
515611877
526603255
579866430
542341937
578020360
573589005
574738914
530017702
527941538
519753075
530116863
593306432
579728435
626320909
532060815
593910419
490391200
613924157
606236640
577484190
664539549
601230213
628291694
420332934
517232250
545270441
450832461
653395281
505178832
565731855
543321279
537853205
592581648
549759120
527056281
582781622
649321105
627299875
512921737
657495092
484702644
629128694
665820064
582578275
619772938
538085615
580684955
610640751
607497514
546360978
572289675
665939530
524871963
615849297
658846380
552758963
579859867
635852126
655636224
556284194
530182929
565186543
650101904
509195083
652785298
519531310
664260099
649179571
541025043
451694834
612630733
511397207
646315033
640522738
529426024
665069607
590187750
475047550
547175964
653896244
296580179
595510290
543437329
544916215
573675249
655443960
610849106
484012139
530129990
609021430
469190029
623643556
521176375
539879509
537920647
518655482
581352995
637948167
494990807
618276879
605162661
562525105
628643326
660993154
652587753
566711015
629969367
532140684
623533346
526574577
511900300
591841169
628908243
658561526
533627783
574724159
533545548
544064026
527405613
645844210
436375603
505726808
642635104
659092286
560751297
538911277
544778827
502586264
634120668
637121015
542243485
592418448
628861317
542273145
530771701
568216277
469633441
657689822
537706245
542769982
637745636
493205388
602831394
518499466
548019444
579716494
591431143
568216277
641146863
515796434
651077826
632371813
654145588
618984723
615711208
597685757
560166030
554808517
659414945
589744947
639384010
626660679
522979983
633163355
522233034
575027058
536386367
618624385
653869518
573448326
600536546
597795211
427285648
574401991
635495517
603536184
595972644
554083719
582886808
627375445
659640209
609856342
640914528
636519389
440550129
530981178
644385869
620661347
651992029
460205883
629375069
594311450
536085497
611241010
460596618
596603646
581366308
614994283
601261081
539905930
637325590
651270398
453118599
587946093
583021359
666196703
567304329
660661596
530398518
504412108
497741166
652378827
582380534
659955295
550304830
666646985
584562670
515969883
536605381
531964116
594553763
663891702
437010230
593139436
646532109
543107800
615942981
655689422
461365586
633122785
599647598
533257101
507788394
542832685
656896621
652354886
572939156
587679078
544755116
639256878
495426892
663821500
627241272
624455489
644690265
559800151
556898400
619583228
661472247
599351027
607939393
601701986
510379137
544960898
625396928
497258629
529138609
447387953
581384278
655170147
548390980
629126827
529073439
601033801
521150262
649934568
563530112
557215328
529606802
413809627
616047873
551726708
628751635
664176175
600336924
599189958
538448385
583821241
626143508
593144009
564700711
661708899
577047515
503392335
478059751
533804609
522918959
524139688
550463809
432900788
461217403
629063363
573967554
550862998
453910860
592498026
566559307
643261623
575218816
506514738
454228575
503562830
648882216
535592925
653316102
509138005
642822009
572369162
566199399
604005125
544316843
542574411
545021652
627366901
665688035
564712280
544993297
463105893
634401265
664791014
592623818
633906650
541382425
638201731
656146044
600336924
588194860
613203110
563100671
572135655
649574383
524324843
543872636
657979921
543882944
571254687
641354483
502542055
586069008
631469687
522964402
601648306
638860477
635014827
558752685
452743682
474761679
617506016
610301645
505509640
561853060
461978495
614148370
543202519
657662092
564669482
596623097
465543909
550495548
654123740
655911471
517279364
593052243
582206048
506635391
588106908
592235200
547986978
543816260
555097492
622374620
652119231
502484827
595525068
530017702
605411756
505896780
574844795
463344199
604853268
555802205
511101342
523380322
541876190
566754758
657979921
628350883
600379822
616047873
591404654
657916400
587826529
633941897
619501127
637785986
653645088
473413803
585465132
507962101
524266271
509138005
566332880
536792225
638395747
612119894
520827503
546604864
583403606
561789613
585699742
547305248
663761225
514524971
563931745
524468915
505959326
518357927
589245438
638155637
494790755
611401852
529716191
582568557
656892214
639458733
586072444
549650936
569781675
556682246
591872846
581464449
612625018
547189366
584404916
505844509
613806481
503443460
654046960
635511743
631863549
531438589
566454815
639645276
578998453
574417697
567926759
635119023
612630733
652668892
578582922
537970671
643918585
559116185
581439249
522773741
615885680
582605521
586974362
598665533
630184565
666646985
508261132
647566732
625534590
593268235
629764172
559525115
438273159
566875438
469270539
502542055
650360636
462651844
544129920
635014827
572676606
546941884
475488059
606573132
544586088
587880892
515384367
583316839
605837281
503696282
648112644
652901102
506338421
552708086
501349086
585243735
595761439
568230116
481289244
590421457
590187750
653966909
515724318
619907969
647401197
495791039
571487711
601689393
620949788
578516747
482452793
487824893
651416075
524915854
660702264
486846582
639475638
639329068
604604374
615645394
509674362
615419060
623438004
652587753
564766770
537971428
569149341
659958408
542544856
551802416
623331747
582159813
566213537
564528648
560821609
523353119
607946788
545692199
637547849
554521725
650569466
664393792
444103768
435460726
652741043
601739495
640596221
583617075
655596251
592066680
640914528
537894212
662364280
586159336
665475363
665683059
549225350
652352986
565077709
666268567
552050371
659289934
522476514
595525068
565580362
648765330
666565601
418034679
626998051
516303718
560866402
661951153
439936515
666544844
590421274
591301809
626727758
478419765
609842160
643549585
608140115
504482843
519938518
663851069
526903491
612254456
615195186
619601903
562146813
534961412
579623873
561189533
657677841
540196434
527214292
650206494
639396694
598898803
649741781
593063483
423887542
657495092
539181357
659392732
608275293
633730791
533814856
308508233
623777273
616498233
550563763
591987491
507142567
579204229
474938718
651575201
550431467
649541405
527654615
607732610
526942578
526436087
571385722
446417729
643580783
456479066
633259404
519239093
664838825
661436072
661971290
585493150
623367986
607143223
330509806
653235592
565731855
549188171
626434190
650608391
619179740
494265107
534363151
468004924
626410845
580432300
649921744
583283331
650696284
512010895
662465844
564205052
660219296
549935186
560930439
665466569
557682205
656022374
638138461
574616553
530981178
530901527
526917602
524350379
641494390
485902732
582555646
662465844
465543909
568095063
614228139
628493898
608894421
538927697
659858818
575451039
558324658
628922739
535469669
606409061
562778367
662074083
618990893
528364840
482282467
647917543
586842830
577780948
622804739
584266134
538652099
571951355
617317560
661968459
552649966
662750491
534275628
510476785
601247709
650912393
604698245
560859924
593050821
588894017
550495842
612625018
431903939
593828786
532263596
530017702
640596221
665283112
665899503
643944258
512295671
530828359
536873158
609592152
608467335
600222774
589733753
538762104
536294564
535358923
636455632
566336077
574220284
633123124
665474313
583843913
609145181
634752729
614642999
533217764
584119123
513079914
462320057
595585940
539415137
545396828
504998404
574542633
629269293
503339460
559530807
618000996
603017113
546837848
581575061
483337986
565504940
664010112
581366308
523859458
608140115
546716868
643199031
416244757
512954693
527635707
566454815
493752901
614603221
647309916
496566775
537586931
658510463
663932793
632284948
622374620
659092286
583035563
643589796
526436087
597652249
665068133
514021686
534652278
521713271
662671206
559105416
519863334
651320747
662779879
563943140
460839098
601976322
554444706
478829678
593647153
647401197
564012233
662875297
546681153
596427635
617091288
612119894
654365971
632286122
664854604
540610822
552444248
610640751
665025614
637115397
607471031
532811541
584167033
587238136
625982229
516603186
611948311
572267410
618942466
538291073
566350926
541137638
641246596
519798609
659532351
521101526
633913055
527233858
666449426
578062877
587221083
644266737
536970717
584856083
596711440
547075682
530955242
573865803
643863052
512122284
420255558
662465844
616550645
514250818
540192783
514897792
533915417
540072818
530182929
639166316
520888239
359445151
529983990
624098720
617523027
544680015
644680146
571471971
580757814
526293270
631469687
629000778
427799820
547413222
502780167
528696552
663003128
653235592
644506960
479111052
666479967
640121768
577705293
579913365
597458956
591127321
551747334
644645990
503547298
644313805
641998762
547627039
479834085
479311358
483768584
615942981
629907851
567829720
562809021
583617075
599189958
648271165
530589349
536815642
630953537
652597764
632819568
658085232
651501383
515854872
525091895
658089093
503198759
618105957
535397232
627366901
583271886
659191009
548136895
599964058
643871235
524198100
603192239
646390552
617105237
575185975
573768295
619760998
597882840
653316102
607497514
525548167
625764858
535358923
614855841
597841157
599711993
615805644
470397722
647697029
528425012
600948287
600794612
635299699
549744699
535398114
517095590
644969640
556623071
616461725
631462025
496523848
541375330
574666886
538554751
571487711
659205197
624089343
474652684
660516064
642047109
585541512
571069866
623383236
662779879
513801413
631636952
550935224
639478241
523529769
626759697
631019534
608864272
635425358
573253613
555802205
617092157
544680015
652903594
552635142
584375410
551971916
644523056
617506016
513956564
616864943
632076364
599379323
533837288
597480005
583991190
659763116
476429502
615627814
538652099
546024745
509379992
521831203
591404654
662950482
523575816
537591707
576847680
621672029
635014827
515706220
666461169
489464791
597995857
522769957
519444889
535137454
660410003
535927498
643944258
657495092
634263295
581428482
563367242
653063022
544301800
652597764
622530989
518399032
590187750
567478847
469162588
661166985
563764233
586847737
628458319
622042484
628064122
562439506
615978087
542796280
650824639
642689073
656615414
528524025
564212778
552246132
602335821
588094997
530261070
579287111
655286568
610849106
600015232
660080527
651429550
594256831
571565977
609593704
495607417
604005125
641246596
632402600
666523945
652927919
523660803
593052243
529387157
589292470
636048800
599713620
534860996
445118082
506019500
659522321
537338320
579931003
625639080
551860116
589449377
535927498
533664582
558298743
601413255
655424812
622659130
625460601
469886852
591982132
579216996
608658009
650912062
632160398
584709688
589428160
534398816
566311297
551329132
574139442
577333440
542765531
558166111
595289751
631186763
562171021
656908517
597841637
382372713
650300299
468469282
475975438
538939096
519430202
625710357
513616394
616657989
457157854
613157475
549244791
516169832
652101306
592689503
655884267
631051441
646907542
522157521
521627642
535140877
512705028
616047873
615942981
664771219
649207774
542725487
622977847
515224054
514404676
565731855
623866867
615849297
636323833
635025840
530859947
652306063
530771701
575667856
654672054
502221948
643447160
626719344
473039944
622904199
575125557
642338159
630071201
659532351
612654603
594999738
634359589
530377486
485223137
608393213
647083819
554625611
653058583
555147612
647970263
639916980
635900220
514326217
530703365
635511743
564462257
627337643
575451039
572021219
536935532
293459441
621106954
515795903
653467370
559411878
622789163
656059887
643882831
484832474
661024155
618276879
665191914
396564084
533627783
496509175
632371813
533983403
544683561
580934626
545456976
560166030
665908700
569390693
564885634
652927919
496193191
580090367
556387078
596557866
651750273
515208023
599145754
627060699
616813747
650532051
519516914
554602095
632350996
577447277
594964426
609992298
636609462
649969155
485965470
663455282
596872494
439041460
610812414
652225528
533800531
637675726
595463178
556045538
666544844
622192273
528514279
639005529
551706596
418020443
491755245
586739402
618496401
551754439
596402970
490774255
564049124
633102918
523230193
513100302
600799449
645437416
603033938
657460464
546540251
664744989
496028322
580185002
665371496
612350996
498405075
470724605
523737729
664068479
468382538
542589160
605726738
574904343
541076831
657984847
484543020
652053730
615244786
573647451
605972505
546089998
516037127
652462423
512117362
599095583
572467183
666500483
486669532
645419030
539047580
595525068
560756070
590519717
432891141
432370088
525185789
510313783
604908046
666500483
544992647
583539598
512212683
615050490
649230942
622192273
524026714
543073753
658353465
572782574
594104499
427295432
594334893
607528392
468458804
662672849
624062794
658521990
549330315
666158491
666294035
552743303
567640116
652640869
634709157
574760720
563050075
656804973
574370335
585508940
634668977
602335821
649724394
537084718
509650787
563522687
657703892
521813274
613862941
666554456
474652684
583843913
657495648
660410003
537945480
606367070
592015617
663081340
597027943
592882258
546520399
654824677
601770676
516475873
554051967
595449640
583991190
630820679
602781959
649321105
576653170
572676606
512848578
652927919
528102505
632653188
565986588
647940174
451455006
658521990
552195105
527937998
575124119
655925774
517232250
560223150
469886852
598142363
629447255
653200720
662465844
608452368
630157579
564340259
628429096
619802137
611555302
555886190
639187633
543176910
618215566
651868100
566583889
642816173
598642487
648143951
528154329
575451039
606412507
569640314
534532787
608466256
585699242
545202490
606125934
555269260
603147978
616440796
612783732
581480800
600051287
545856822
499735830
504482843
623358522
473362633
518137173
529323871
600181676
432172726
640425490
511306526
531304343
649948805
660574828
486343195
651722116
531531161
515424054
607946788
653954981
656556291
649911101
498964237
393775398
549928328
647824498
600325901
639916980
547548480
575719423
583843913
636133308
664367416
621168570
580926999
582165004
551647769
595221619
634562444
463105893
549199823
647300800
515244534
547867913
507509919
518942090
527890486
554542975
543892662
568449117
490888288
541936315
503539434
597458956
596607313
545928189
618492808
563705107
571637259
595718805
634075099
663523332
503138813
559897443
504033082
638407822
526745832
542207008
537384963
569731854
561061040
496800937
600944766
609189144
558081805
572834532
652804570
636573122
657348004
498397215
550739650
656906412
645809351
568917485
654705201
565546898
574561032
525735562
606314195
511293017
599676907
641995771
549245132
544586088
572462517
614656508
604182273
663436585
588514878
548258088
560161756
639549326
608894421
593826731
469900590
650300299
565731855
606061243
639832330
519533315
612300093
645243733
580090324
559530807
666472165
526370937
627468784
606412507
595550299
610616004
487925025
518313932
470642919
528550398
563054549
654566277
619277227
629648747
664123113
549334636
616821942
631393473
466926417
600077036
620949788
648894293
530771701
468978547
515474692
595209612
548007229
537853205
661771180
643993197
592347361
620519378
573865803
656312556
634097592
608293109
573697113
550935224
660534930
656816964
454228575
523380322
556418565
597012654
598682429
551220709
576339106
607928314
623119202
593738308
551860116
549879723
646858188
461199614
613657200
619760963
534286809
649321105
666544844
628922739
587068250
541357671
542364617
536693605
558850625
652782004
540136861
563737596
657305585
469487877
574080554
651320747
622943761
498296339
527201275
627722519
621740286
536373556
662338965
539408909
650101904
539142208
559751344
583271886
615849297
594355125
570151647
650363678
624337301
559897443
659414945
602874413
636202280
602537410
559802687
603506345
633627611
591061553
593828786
544586088
542856582
541268599
606131622
654123740
626606287
624450340
623161745
627194241
565957890
608004996
527040925
549199823
438853310
588188457
553565558
650646604
559800151
661099224
590421457
579579948
396570082
622472029
403218468
602954961
510313783
522610266
598126170
658781699
546649265
492272221
594002737
560859924
519827340
473544107
572593768
550119198
585182153
616989656
541319268
609956059
611345489
553390123
539090568
632499472
532335146
620852571
598682320
656737436
620388688
659594783
636196220
554474579
620362056
572714323
665000377
637582602
470901997
660949845
584373610
605537945
540240261
466347967
485956377
541670262
547987983
664023192
605386770
552635142
537072821
646082961
535111058
572121770
583161045
538983322
493750702
649060463
531819384
560649384
527146472
502659755
658371448
591570882
642463883
603612722
622943761
631239306
553419205
520256017
608466256
628088548
547408651
513875785
507807223
590366965
646648502
526198524
633815090
473962100
616344940
599490828
629181713
626558278
650363678
615142426
637426992
590421457
660456046
586484349
582673681
568856159
536612626
627693195
616719268
534054866
612645479
599465113
509521374
515053764
595990153
592066680
663888394
415085263
582814233
571960389
559065397
591664864
665820064
611545608
586901107
611525382
627041439
597822890
618739928
605524286
597900148
553360861
589733753
623514483
644096024
570400328
544199583
498968062
517099195
564316769
587299162
493205388
534002591
665474313
577682704
453118599
523638543
635701819
550330716
620250458
547623891
585477242
649624405
549560260
510009947
564757499
560143527
531108011
612151170
519686525
627637864
519302299
554682647
563968236
514479566
611690969
657790861
571918808
663045012
633364231
602369469
557787615
589438489
633848305
572265038
650760475
658095404
580473842
586153132
215844704
575214563
584671731
596803187
572632341
508033484
622752550
644523056
566131297
647940174
632812485
569279541
536009217
637582602
616047873
585488129
663235869
474823533
652494832
581892423
577936447
474652684
579346345
535114003
662971181
531238654
552563808
529949024
663371660
572232110
549448339
492249819
644169652
660996962
582159813
652038240
442963760
621106954
462188286
573623660
656028761
524384084
563536829
527964065
563504884
637848493
652498551
632489813
540196434
576477453
657193580
584671731
469190029
560920031
542303383
661317265
600334164
647275171
539090568
538378234
637456410
640914528
617162484
642085500
626502681
578062877
523151714
585475628
593143377
504412108
595289751
609145181
571917423
506515665
542011933
612040740
650300299
568586124
586595899
479310980
578093209
628180038
655832225
535927498
585498323
537816779
592291735
633057149
627367214
612757052
577780948
649701098
541076831
640128096
666646985
481651069
453978253
513905106
482254731
468458804
573274839
552649966
625677200
550994203
502280633
662465844
653880796
584146231
612524248
510148416
566105530
656867203
460896712
608463690
574987931
478950061
611948311
648538583
506610328
536297480
652903594
593369225
666500483
614296487
450563110
489603047
605453696
640294350
634527251
651407403
595928694
646907542
663338840
601053157
527446485
582143986
510787189
540954244
592678047
652046485
558660654
640988087
615753547
563025542
448910936
534238593
584584904
635162526
469271281
578044979
632864044
583974711
584856083
540670921
612081044
617317560
553159666
614958453
661682901
626410845
545100862
600688001
622465308
647059625
638075370
536612561
634628412
603880429
498802650
523471891
579859867
561672346
541357671
608852854
615267889
592021640
621475045
571296240
664791014
618318855
545835754
618897440
612630733
618523077
566429385
588699233
561539337
611625632
536457821
643804580
532985699
555511375
604011400
658838869
652225528
493690186
525023773
530398518
643271348
657375626
584542919
563266326
550497064
640421520
615975879
557951216
469624287
563149987
620239866
657664065
572369162
551095166
633820262
476516462
473874940
622038359
527078391
623975455
632989867
554290211
534088879
591064160
548658717
606556102
483541555
603872522
527575552
639531206
648672533
608879369
595869959
664003399
583369032
615994228
560930439
661828217
521281376
599711993
625268876
619005250
594326027
601247709
609030145
631984983
626153630
526960311
497101468
606498951
586049797
587677462
533049910
485288283
658172995
582105728
531101442
557602925
603643472
664872797
639794476
604540917
501928988
607815214
637500822
527635707
637086038
653235592
516603186
604694563
621096717
522820243
586159336
601372689
650416733
531964116
630526142
584443322
656295878
539694963
592004616
605726738
628019493
487367668
545045858
655286568
597254715
611740298
657984847
552995458
544103338
594478058
577272632
500673935
664791014
623287073
659432766
664342257
604694563
532284170
601640106
470146398
509169957
583723955
597881405
606920694
562767864
660456046
503937544
565553810
614382599
571045271
572362168
586160133
646453350
569785865
473413803
572087997
608140115
657857306
601089620
618336697
615916311
607441387
538175666
595926003
654163707
615084249
545759108
532323342
545971859
493752901
628955211
664934200
538168248
495335073
600020989
643742264
538981435
594553553
657697258
464481179
618276879
615849297
479166461
629647250
656538151
659092286
552462593
568160968
589553221
581292796
617125364
495127827
615311351
541899170
540994208
658231098
520379582
560974075
624496203
448143279
662845777
632337375
529755222
457157854
560230886
579112574
551100307
656505517
527375724
565186543
495708766
528524025
558059448
585364261
581324838
647315625
591334516
642087241
624069811
609686725
640712991
514246179
611412447
629535304
560866402
660516064
659532351
601496017
532585832
606987717
461217403
563860618
497887480
649321105
644015234
662779879
660949845
606859955
577395873
618139836
592910436
659522321
642689073
536802462
558795307
538624897
622303970
500790021
535376195
541440093
618342719
631060003
583191869
576935369
533634328
517044626
656213725
655144380
609129342
501532815
544837437
503179821
455209201
622977847
502541146
602464550
526917602
629025327
596946654
511642534
633736143
565442676
665918766
640160961
660765649
638569681
633018397
584355257
504701534
657054041
564911714
526439177
653543770
546784927
639945109
628916367
649324268
519531310
644147653
532218238
622943761
503958168
616255935
539026385
492207378
653260695
561835238
445728414
549923080
644778406
572796371
635423812
528102505
537191499
584491398
574319541
566350926
573786315
656883468
582859419
623592758
498643342
624450340
610587205
611620964
611630906
665139761
665899347
593838031
665699986
609145181
469497786
547587065
562150092
623124763
603699549
665025614
654059834
435923085
660980395
574599933
608373296
533279370
608635673
616198248
512460615
424441645
500866290
563402481
515816040
639827744
548930318
573884811
579216996
527150380
597900148
542910304
583851423
663033111
616376150
458240456
453978253
584023594
620437863
525033347
665844964
639478241
614569933
655810760
632371813
579232615
658096373
654596597
573701545
646860562
607309542
543546866
548935305
511800465
517816683
491888288
555405998
647769015
484990208
616047873
549537942
609604956
500640451
564565276
568917485
546445272
550242699
662500559
620973726
574288818
639616500
652809859
582520345
498582506
591255865
588095435
529793826
658401421
627285140
584449861
665912372
656153550
647315625
641250299
597080793
593369225
665656831
533290661
666033084
556691288
572978914
528844139
504998404
593254733
622976530
664367416
652741043
632499472
636336485
666284232
611709241
550286228
561032783
535850487
649147535
644165230
544180818
650495935
618879641
663754514
518449733
582355892
532192395
505350535
534616004
622029960
509521374
546675251
550912661
561814296
530563087
512172298
654596597
531106487
592130361
570547595
626758168
640294350
570923191
568230116
535029079
563261722
559432213
472036176
514677973
521332080
652072061
572247707
559525055
495049383
615885680
663956017
445167375
595365256
550385483
594472583
662144631
650117543
562037807
535431928
557605880
604524737
567509182
549199823
657896406
521839153
650155837
520688959
535435433
491633238
647309916
561973264
655269137
657153030
564968315
546443891
565329527
587166504
540636845
584298161
655286568
602044829
666007352
613747928
593253961
545956991
657806872
563163573
541099635
559616975
581099176
554709673
664725002
608823923
492557934
654911117
602046632
526485018
634238172
627775688
653235592
492132651
479163412
661623938
605636861
452778311
657479215
662200026
612630733
623027174
522363934
554456798
527890486
546109507
609373603
658510463
638622840
658962701
567193024
522001352
607702881
624196635
568268878
572023375
523859458
537262981
654976355
608463690
521098993
610376890
516940747
544901384
545610481
580090324
464094079
516054766
537438314
555329771
552520890
643653035
573409328
554887597
546461240
611513243
551747334
584020692
496482610
655286568
583943650
645897214
609044316
486019702
540182446
571016684
633249116
590784291
630459217
577887806
512117362
574224014
636323833
651593902
618897440
658681728
587484064
546776190
608518665
640453737
603473208
647318697
619989077
654690157
521091583
646532109
565396586
594346355
644873666
425255302
532380023
643146402
621191083
605588773
608275293
611557885
640157470
527964065
631270574
654003010
655690633
532879198
497437892
543038526
666284232
542592699
582395356
509379992
514392522
536153966
625320577
501371450
499986113
632068878
536165718
658846380
609513576
568268878
640889718
585498323
512677146
599964058
604814040
658448303
559746930
650401744
605178856
536970717
512961534
599737534
623214847
601918466
609845006
614092099
628472907
633922457
605386770
555591330
557041065
633150819
532921152
493687671
565186543
537733529
564236603
618880493
575904943
660245978
556159708
532380023
582979365
569334892
624069811
632968349
560923057
665317363
554321692
629708729
599527573
530779944
571631019
573650388
610130640
612515195
646532109
522216875
617124519
640009484
568839667
614191418
558871197
654683112
638743577
575214563
550495548
589527506
611481650
641711969
633665263
665143274
588410686
617403397
643031101
638293397
569271556
641303387
655810760
648682898
352272547
638983890
656596384
567011392
654739055
487449261
612783732
490360397
600273610
519827340
647917543
553439334
545616562
510176963
438045784
574098188
544565687
644628255
623697964
623703883
583706312
566213537
597011938
515965771
514466905
589095572
604182273
593635488
566131297
641809835
454234380
536009217
632002184
583539598
617702980
607497514
588738888
564110452
567241769
647518467
608864272
649871537
613806481
614603221
565553810
541668185
641165599
595146036
550129118
526878694
627461377
616767679
568189599
637158251
515216724
662791817
542400131
505709879
638804298
524640629
622465308
554325611
522673681
557880478
630066185
563432954
660137114
552517775
634662740
647315625
604034889
574283194
619958960
659354867
650363678
555916852
460207996
641148584
599795378
592297014
490508295
565197827
612176198
663721789
577045779
508499839
654123740
660661596
666161404
502992147
659388316
527803419
520478421
447433651
615205044
528461106
641955404
662338965
660144790
652248336
631276622
599417168
580681829
611317885
586980357
564097053
662501620
555924442
511008873
593268028
592692476
661951153
593926741
608852854
476387858
567158112
567478847
589454709
536779762
570080754
542898522
666268567
528036926
550767871
656295878
522085602
580739968
566552307
665198060
662583644
585668027
659420477
545456976
516716564
598665533
575856724
645809351
598291292
508761241
613051232
580684955
548646734
660456046
639947503
489935608
583019499
662288731
546685141
649432937
529806772
488407733
598115398
633665263
646924685
566882823
556097866
560510331
426882930
654355832
594631566
563001363
601863286
571762220
554922902
555924442
521698597
565693054
606788019
482861006
592447219
620819458
567543654
605162661
664644187
572878229
595973627
652540398
547890917
517279364
574666886
663596776
659750232
543948617
577262665
637192443
639975199
620661347
559879341
640425490
660456046
561814296
532962266
656908517
592133613
616826146
523143336
534024089
625926597
665480801
563000355
507807223
514404676
655643690
569086570
495011201
629764172
650300299
480123001
597458956
591883771
532322028
568313974
644665166
528524025
566589100
596070948
599189958
652699672
571381015
611864520
500979665
660300745
613713668
614582769
614164293
589545899
530415080
552563808
584919547
534129153
664791014
660819638
537208576
601607992
575337980
516054766
449831829
504243038
487449261
491286398
530398518
595610965
597036313
591741500
562135468
542377294
530889103
562104192
640522738
563943140
418262373
631186763
557779163
628993225
665901940
643549585
662940501
659759412
544253010
563043575
573685659
522085602
534363151
457622025
663636762
615582371
449884358
442078470
618984723
501323074
563806357
471710568
596620681
574388011
540733549
642038625
570633036
666394850
554366557
637943341
491633238
590765048
460163440
624159295
546968297
491741137
594326027
583447134
521557049
454120584
457184922
330398279
637326843
624838794
509976242
593139436
572971652
572955863
538300041
548175293
660562734
529092409
521426351
602567709
603570023
558270916
552050371
505578656
626187705
625291471
640310323
644020083
582885395
504466423
650561713
615974157
578969723
593108721
649436529
665025614
493362111
652389662
544586088
533804609
472047953
648437959
651856306
530626391
544660730
608104570
613633928
628350883
567230833
494967841
557602925
605972505
557784540
562159375
627353405
490376944
551706596
660262998
589099085
566711015
542122873
565077709
551305127
639737933
598541851
609761617
464883357
652456564
616047873
660819638
509714251
517279364
567101922
610578355
464575145
575777317
485646025
564927085
506804534
662926645
558238461
647148390
563211370
599165139
572187243
448521457
606863940
605661354
532418358
616129442
545280025
600916040
658401421
661441718
541985410
552063330
555069840
547548480
662338965
511170128
602354140
636629593
472455505
474938718
523067947
652431686
564451409
548935305
563806357
591285112
548816141
549046939
541708880
424965934
643681220
566467384
600574295
640618480
507913969
517419973
657635423
522769957
561232355
652861004
556771924
626399467
542227454
631736902
606689635
625919890
605837281
563504165
530771701
530511255
515856521
619907969
566604040
644045959
649871537
530939391
522363934
601863286
523503028
660856063
518449733
551819089
602954961
605537945
624096159
618507739
665682589
555924442
536240086
527596205
591638672
502966387
527785771
615514142
658344080
613601983
600292948
656033845
657248146
596070948
637582602
630388546
578093209
646660869
604005125
590991482
488431286
559456338
551290849
593386039
540536983
664342257
628471482
512416254
513031996
625148637
628180038
545928189
562826378
594044640
498225442
518017213
655606711
661829022
563073979
586375678
497741545
552697717
573862364
498643342
615071386
528113981
597450857
646818402
613850900
641250299
631561081
638279740
570171742
610849106
663338208
466133066
613037712
666404121
543073753
663618449
541380259
660410003
599334637
618828691
581893364
625983032
601932380
528938522
664176175
554686702
650363678
659436021
654274606
625405115
610849106
425002687
580428870
614958453
570722118
629188676
638319698
583658538
581626108
660661596
552595845
619958960
505562085
664151202
616978251
550667431
398255470
579307391
569375188
614582769
547569208
480266144
665311323
657681129
551273602
619583228
552578803
519509699
569162871
616047873
507344419
616540873
655731658
553189133
610759688
623304595
547408651
498370501
503479633
637654622
525602478
641983728
582957546
506068229
474725354
540055021
657214891
649321105
544155616
615917736
609955385
666544844
603172473
519525004
590306183
586595899
485590029
479726828
618066667
555961976
584775762
655359922
612658385
546520908
634328235
664367416
502286715
618798795
516196759
595402127
462821840
451719407
612590817
656028761
603092630
573924200
666350842
591388059
665683059
643783529
630772317
651555032
577908685
652927919
579507999
578109860
569116432
638743577
631599698
469918955
640111801
625710357
515263480
652927919
602505602
568878444
608270693
540678683
566859551
277673295
660819638
601287274
592736158
662288731
490734299
464108491
666350842
661782709
536935123
638866580
594107181
488936922
650543777
623975455
629126827
638178669
425167398
524652451
558488057
581867684
553543052
653756801
551106321
658146410
652785298
572323189
627060699
530762156
525763880
655893815
545038571
615638585
591818581
597209838
522927363
527214292
611948311
657183267
467361431
634562444
618539501
619264886
634564506
536206568
664252406
552635142
660410003
528966179
656898160
608161605
622206004
493939292
664176175
605837281
516054766
642960222
536233103
587569277
562168848
507313254
657689822
652764646
494211533
591805684
629969367
533262924
661333323
594529690
553933644
584416231
550497064
543099645
611325671
390357318
469270539
638816112
252685100
634512625
538541006
537920647
489158630
562231574
520453006
571060907
632985379
615990464
601261818
583172186
661308244
615898955
559192039
558304259
593321128
639288588
627366901
616730175
540213869
538839685
633697600
555399594
491856839
527281287
618513522
576468248
542227054
605524286
634697382
534002591
661308244
482487478
577262665
551553061
618940363
645311775
557642654
564000782
563536829
616517754
664791014
584822844
590041188
561014455
552779746
634179723
554966981
592130361
657916400
663596776
662766806
507509919
522992365
650548749
661585090
547075682
665474313
524317913
493664732
514276544
480843806
607527478
635215408
537612544
663142367
657916400
510958089
423351160
540994208
529980424
571917423
576136935
661308244
547783811
581292796
573409328
608868459
596242737
659858818
658937374
532592633
598176611
636609462
541638057
533332501
488208897
481954092
610507929
601689393
595005949
565583353
573510443
555179478
563050075
545928189
582629998
623213252
642463883
572820297
591910755
600004628
513027738
606932750
640988087
583824221
512705028
533685426
620627246
596414023
476414500
632284948
593393709
557355218
643747886
546716868
539533433
620541743
530440083
636702214
542396325
658102539
635951279
553386798
543872636
648665866
577023960
665697552
520462801
655326820
614132560
657515433
494813544
658846380
648977404
609955385
655535206
585841687
539278598
569994018
637559302
339986651
610799730
540022805
621037440
610640751
577780948
511145092
537900329
534125445
540230022
635816752
614996157
560731561
487418483
652741043
586085457
592452545
521813274
554325611
642038625
543937680
604794807
661558780
569543936
659759412
640702209
556045538
662032932
504485087
652509878
651285484
619795253
593096197
651647913
552334893
640666373
653395281
663019023
641521981
620588763
528414523
614132560
565804955
465477185
535830563
593306432
573287349
661602000
558504793
500503034
535593427
404082634
615753547
541792589
641303542
492140941
497544300
624743968
594346355
640236815
521896604
569349044
575451039
633500128
608706294
566064988
625934607
657979921
548454790
640971348
521932207
642505792
501932518
664936265
550398303
542003749
624196635
661164430
564293854
575211927
593748527
632653188
545139781
505211508
614649522
665025614
506823722
461602761
646804445
559845505
427550089
487611140
549627949
657703892
481530706
637200222
605837281
505663170
622596560
583595942
572181272
591604251
606323541
647279813
633832576
597027943
593394553
530794832
660253987
519014868
609580122
607577132
484767528
645809351
501281644
646721956
550125084
638366274
575218816
648689263
580263880
543661451
565546898
615849297
635951279
611999390
597027943
574715417
513875785
550588556
597799532
643098552
487912660
479311358
567531359
653840096
552063330
543073890
518421095
516264367
637406825
527785771
472617805
547117839
610936259
612083487
655834361
522558080
639916980
612630733
606108553
516597988
640874245
541380259
569261760
579082360
519303459
505343233
510019333
436327107
461919956
591562058
597011938
547305248
514485943
581432574
578276508
635202231
594567934
605537945
530518729
542341937
609493545
616982424
597011938
656561511
617478769
652927919
581739066
588464618
643634726
612711988
623348972
530771701
664345732
606556102
653966909
584020692
569972271
533545358
652462423
640078261
597297496
609845006
613152677
657745156
604325593
496028322
600948287
554682647
665480801
580185002
626015383
631232387
655911471
518499466
644056384
586847737
613193682
590202874
556104222
578983714
660570792
631245126
564082954
629969367
663677305
492818258
622352440
593346670
569746312
630878364
494536346
522610266
635951279
430337574
540182446
657193580
609139815
643987453
523523237
530182929
583595942
589783742
643626557
602157839
666624733
559664447
535106911
609845006
575606000
632381542
536093645
534005285
589188006
584624313
538385562
505117324
617910122
485189557
577780948
497251094
539350690
527242784
558394187
563261722
450836523
644665166
567030616
657165795
530154877
561853609
555328465
660079014
640878971
630264843
544241190
635069451
585544377
594343618
646765881
596977679
526712071
641355840
536551989
516743302
482982066
532980377
662465844
592922281
649921744
616781339
662106059
617745893
554709673
606950941
540239734
566105530
573383288
530007100
554709673
554554181
660977460
533514336
373746460
592600890
602044829
603373358
665745559
563346537
577262665
556600176
658061622
588938349
621409726
551385370
556600176
652509878
604458799
537671498
554447284
561329177
581110871
482332387
590492606
657689822
654123740
661682901
662151640
557923493
555924442
573967554
512414589
496397831
511149631
491057963
530116863
481429694
587811585
559450111
663721789
595795902
584020692
555035081
660456398
637326843
640221816
550913587
627637864
626506641
593306432
598049675
522066138
565494717
633618683
666544844
523380322
574731433
534993271
551811901
641651497
603906578
664003399
586590299
524900803
621546479
551100307
608345363
636801992
565759121
508499839
628676473
608658009
461365586
645269961
499986113
598898803
552195105
641494390
601739495
546601232
664615116
510967455
631185505
617774523
597140807
519031562
613141187
606151319
646719510
418335401
550739650
615963223
539905930
601261081
575027058
547783811
648647726
597872423
527756419
598596706
599105796
598979652
493671789
495198219
586072444
658329768
656146117
590909131
648069812
490193960
617585406
520604176
588471376
595110428
592742659
547975105
585498323
663050172
665025614
659354867
651077826
630285010
511205349
585477242
662886523
626434190
544946837
607382395
641464921
598526410
591525134
622604305
567306030
666268567
643944258
575610386
633839138
537621445
587718581
546147754
579075509
560974075
646388564
577433911
585030023
643611971
635951279
579363054
573020787
542108763
559975116
461141687
598605796
540749573
503937544
590025375
654469759
604794807
531106487
435460726
635148692
642641402
580561702
570179044
563367617
539939226
518192644
596711440
607402161
567840730
574401991
586590299
656103269
631373261
647279813
597011938
468033729
576366126
654363036
612633466
597186918
526228177
530182929
633680044
663338840
635729178
567013194
532723837
565731855
531819384
507225503
453978253
617694135
572782574
660562734
645498427
510219286
629345868
625982229
634359589
666180334
563333057
536873158
542341937
645809351
539017808
594056194
556850062
616709437
519827340
617313774
547854835
524900803
581318193
572598834
640362618
607534526
628088614
634616968
612043410
658473449
524973217
554709673
618679043
569152042
643496209
409387618
600819128
466812344
469886852
587522754
599803505
558065253
604389630
562231574
559286697
577633094
659321027
618696046
579579948
594390385
639251235
487625475
649016488
559208517
616766307
412479516
666544844
593052243
597011938
655310060
617344478
547731731
643783529
536158831
652699672
599957049
645858665
534322588
569994018
611399653
602048418
557849670
518250796
534519940
592133613
572898153
594376839
625653915
586020799
481877763
665279978
601701986
557430500
500611698
509169957
637158251
627375445
636171942
597841637
547942347
545928189
594528938
612438309
579545941
657979921
568917485
574666886
654297744
654123740
618880493
594376839
651253636
513294632
632959419
467766731
531258740
590925796
642378870
597127235
666463592
526712071
522251368
640421520
613179935
632868122
641455298
525450630
453018029
565731855
516261920
423804574
606456400
580643242
659093135
508761241
509785275
574513822
489464791
658186459
662465844
545270441
528966179
622527113
506314592
627511473
552318920
645442763
663414036
642956007
556327464
638968203
509222597
572440442
625236477
538505277
650912062
581346505
533273845
656898160
518212451
527785771
646660869
607150946
650416733
509143326
631051441
534330170
636450315
616145815
666268567
550385483
514303146
566756061
582129538
531734723
622486782
573120180
654651244
556200188
658096373
569279541
663706074
624638240
535592925
601287274
511800465
608373296
557772360
530630845
548140168
530440083
495708766
573120180
597254715
666059443
419799046
512131284
583875380
567084272
618058657
638464869
630798964
629481734
621287160
551397178
581161458
613911152
571724822
529162597
643164559
623907902
571281720
470514913
618880493
545983410
616038248
533804609
539003155
630086278
460826192
657979022
664260099
519827340
554085724
650304838
554516906
519568276
602335821
665820064
420211541
584620853
605276682
623124763
554906060
635951279
504257724
569037685
618614281
508088328
588771950
609390122
607499214
464575145
666646985
451167949
566064988
618060858
640221816
573321511
541025043
652293357
653406077
641249108
524952547
662151640
530182929
663517656
526530977
632334225
565504940
593487308
570234799
518138496
544299015
641115761
508307932
636056560
623433050
589476495
564700711
533664582
626329195
627518476
555216160
626506641
620736889
631821106
645243733
515613631
594099396
665068133
598753862
510775351
616209832
600091296
599295721
490560202
656124268
476717344
627194241
635951279
621851701
620541743
496673701
529426024
491308196
547000922
556749871
552174543
594342803
654141652
506719540
624399866
602831394
606334030
546739886
545021652
539278598
550989014
618496401
522678641
620500955
556085022
593052243
631204270
627284535
524266271
658903295
603790994
543902899
541202390
626597321
636163886
488906015
629181713
533198809
594326027
561616475
660208680
513079914
522769957
542122873
468442646
609581763
663388745
515537754
605837281
647026965
558488057
614738721
549950077
581751013
508096443
576434940
580332717
530588274
545717253
655733639
612813149
654319904
560496655
609845006
665575051
635685984
496831089
638948125
577262825
559456338
662465844
659758053
525138243
501659594
561691953
658900966
601296498
639469825
656124268
581757913
463831178
524331103
551025131
575667856
588399783
585791843
507768148
467565259
628654712
567709193
616047873
549031105
574542633
543134287
606913657
558381640
608860102
654690157
468458804
595973627
495266914
572161622
554449874
539996643
660424317
642210867
465270078
519709817
630182043
532141668
578395981
554709673
550893031
640128096
577652962
561045542
596112550
523035575
631176189
616524927
508923934
575181716
580439257
560567344
566671500
647053088
637582602
652156175
511549509
540844264
612414005
532302584
524591685
629068750
666449426
504276048
574248044
603179260
489467878
528113981
578109860
514097790
580304674
504332295
621891753
643223265
659851558
546432618
654123740
543976185
536088906
544300497
575606000
554386057
621336448
572382553
640018345
511401705
662671206
582139819
651004894
655217586
500926324
620852571
584182766
462484215
554605560
572121770
649207774
566864107
532323342
624039336
593052243
551647769
635187062
619601903
595365256
550385483
661602000
471117198
575027058
531270153
656472599
588077928
611222904
594311450
552018417
506265352
584737000
630022902
511293017
479304644
515079895
640675022
570362424
665480801
559845505
545021652
603172473
523483837
578810242
646041874
558904495
656322905
529077916
602831394
638698014
660439120
532563253
623006266
619760963
650335456
566336077
601972768
482588474
645809351
545275465
630036145
478991857
433353070
629937129
548651736
609021430
551566379
632538367
440550129
562390607
508593035
565362618
627816686
524317913
606894963
507720845
570862855
623071971
575524871
664594236
640796756
584233639
520811715
562035549
564566377
510587313
665912372
660449885
634818393
666646985
660534930
626606287
629629259
660407506
507578401
501645231
657193580
493752901
521133553
540644783
635740601
623438004
577399778
612476622
585182153
568451711
642338159
656312556
659414945
531277327
605837281
641112813
519831415
661304140
635150194
636196220
635745243
633716552
630740678
598759868
666300898
562098718
609551322
483918070
550695442
588375664
628824589
550793396
657689822
526819613
585905238
632066940
648643989
664068479
542520797
541786527
600878881
576247240
666449426
516491460
662517133
587908967
614229121
525070571
432639603
586049797
619109827
585700576
637767591
637171730
657984847
601972768
661308244
528258383
663528889
619659830
622767566
473505592
595419161
657703892
546601232
537223326
630955424
659956968
522704976
621336448
635439235
589462480
503243879
647632953
602766261
597297496
547490498
620581151
613025326
644665166
541354057
640541116
503939940
614687870
483815578
602044829
527165139
554325611
553293892
538762104
598832023
526395649
523792580
662779879
542612715
601374464
654255947
632756801
541551270
624825486
666353138
574339874
536900588
584283351
498216019
579471135
648232676
562696683
612633878
519349446
536387782
652903594
562159375
666646985
522099436
523009125
569693953
592383695
642743796
638948125
494242841
608835746
568878444
620973726
556749871
609845006
600616541
584624313
601247709
624835154
591404654
618207878
544643186
618861653
635014827
567084272
632361506
666350627
537945480
638325025
540004989
643165006
597881405
625271054
568368317
623304595
609341765
413147486
609191535
536206568
599655380
597822890
651253636
569375188
524982011
659453598
560734737
650053237
612491548
620604093
458752718
569832571
564421615
587097184
619958960
550658555
596421813
511576851
665683059
644613070
665303323
633828825
539630918
595604187
652054382
571479678
663753714
502365571
574200169
622757838
647162260
601698275
558923760
561563718
584246338
524612541
662142288
609528182
568209712
604236350
568282847
543435419
642735972
566604040
625607055
532550500
569279541
654409733
589245438
486410616
652306063
619845584
643296625
595615927
639805123
648882216
533972045
598854366
596597092
458029542
592212306
578987643
652927919
547731015
648232676
505847771
640999513
611924793
520255102
654003010
623165500
545325257
646407432
529806772
660410003
586491824
588231524
530018559
616376150
532142987
568268878
580967814
559227616
665602857
632286122
605077274
650573806
541357671
634359589
654003010
516932485
620208196
588399783
617224875
597922247
484990208
560349364
610271890
552174543
638804298
569924172
562203140
615981950
565315213
652553128
559780811
652046485
569157574
660512752
575993215
566105530
663754514
550402566
666268567
561175279
533619469
523737729
638743577
526536866
603899269
491950479
557810347
549270170
638230927
620054980
472173321
596711440
593816855
559517273
571873873
603786516
549480650
563139375
645897214
615942981
555385228
632627324
537970671
566105530
637650584
573143895
632371813
609194238
571124765
647162260
604373945
639276489
649324268
650827732
588886354
562050724
589950190
558270916
569743405
562106535
564890284
588627558
556600176
548227721
548250229
555115916
509379992
596946654
642788625
601863286
506688630
579318568
619907969
474652684
582441903
457667430
557968518
601180238
645440702
628837643
628188808
555097492
512477487
566665320
542794244
589546776
644797426
408120968
607179347
664974459
566766779
602600999
613951087
642182469
628659901
548848447
653655958
662501620
648139939
586606399
616796635
332263487
631060003
512024198
493553092
594034554
599895785
663329634
600442290
550394795
532389278
553010804
595869959
519988121
564633587
666180334
589864270
556721682
564516880
666142574
666482367
604250443
541092747
509532413
655499399
502345876
540291097
488213377
620245605
599046798
568268878
628671568
464290396
563839355
665198060
526776400
522867068
478036391
608644527
616177441
615285775
599261062
560054495
546735396
482860856
536041412
593647153
570146215
638135502
557790961
478230971
556421411
436066678
549705550
662393360
584719879
637776850
490285611
519782580
629714502
585704961
617582223
621992862
653966909
639531206
634263295
549705550
512431718
638528287
565206438
618641455
591169996
542345208
660949845
608879369
608864272
548616092
597995857
657738221
568268878
529814544
643199031
492284157
639558628
610481315
584059637
659551315
566807563
534000576
572572049
585702737
552195105
610067945
632440454
585145572
632433315
628032648
429008235
533713734
660562734
548258088
351375266
608852854
532793550
566921286
584225065
543957547
644276206
570777835
530269001
626410845
544841964
544175910
621050644
603386860
648220826
664594236
535822039
629181713
601403114
586987103
607954805
665480801
646532109
647263110
595615927
532515778
550068113
553235368
643691716
422943114
657153030
563536829
630737698
529806772
641577889
655326820
662501620
530722268
557719902
439921125
561157330
567709514
550739650
567112469
612630733
522031365
643845300
645198811
650156011
486080629
540806680
593454952
484147947
602299608
597973594
543809402
557307620
580643242
541012040
642378870
605335038
511766944
613219696
512175944
666033084
554542975
647442757
564565276
658846975
543377682
536109122
608660122
543435419
528415694
586081453
654469759
665656831
642020057
475416507
608103381
583824221
588886354
557880456
547996137
536366211
593120444
516053619
572087997
549839344
563215951
549330315
603506423
664936265
561814296
554709673
621895213
577456838
593200051
515053764
516378496
538685103
542633983
521967474
648448531
572502941
504243038
601449896
661556029
528030756
572232110
504652482
664156279
520084243
526942578
566957438
480330428
593245785
605661354
514479566
591201932
556496419
611620964
660271514
638523107
521015811
622622844
658900966
662330782
590957223
636196220
540391237
470428112
524018808
620742885
528415694
471156844
559280849
655640002
546919996
664968919
573351725
494790755
556045538
541758617
655690633
578810242
549180939
559220938
563852195
546649265
647561645
587882757
584709688
614261553
554788274
582005013
458196780
562171021
662517133
610067945
589512017
658783468
664081873
620712543
545717253
660516064
650248741
608521024
530280273
542372755
626410845
643235051
545971859
564293854
539714811
578391604
558068711
477389292
535435433
654900689
548820571
633848305
529349438
608864272
593340373
575254672
647038968
664539549
549923080
637294685
618138741
643993197
548430188
589895817
581648466
581292796
441529262
648423688
655793777
484614185
651285484
562837130
528524025
622820710
489158630
587221083
553794874
663517656
514021686
579075509
526322821
666496361
588416625
545094059
599417168
656406917
636378594
659629809
522992365
498405075
512175944
651276496
572161622
641139276
633848305
660351658
602588313
522407218
494215192
615032543
554844033
538357482
614855841
524973217
646336755
661145174
595972644
502780167
553792662
538280892
514452930
534173754
583402025
627620410
537997625
657456669
523380322
597011938
610067945
546432399
616216823
627773992
577553841
520736718
573623660
572308674
643626557
528986097
603458783
544128637
622491746
604373945
479413478
616566990
600091296
652374031
639200510
664791014
545625605
454931281
664728096
504243038
503092849
548727646
530891986
561683347
599895785
660351658
535939962
631599698
661284733
596075984
532375456
536366211
490581108
641250299
663285204
503906752
520888239
623223481
610067945
615717156
542123467
491796406
628314939
551706596
606065295
538220747
535172772
654790175
529753274
562174651
589851293
643716915
638720594
630965870
586585167
595879631
550797919
532218238
554628918
655348135
576366126
528454680
575856724
565903464
621467755
637039267
539334608
640421520
638230927
656720048
513294632
595795902
587544039
541841203
658473743
571144275
595990153
572598834
538579059
633541280
572702516
602409789
537576884
522391482
637031911
661795540
573590573
584363718
576485196
620239928
612286605
485624161
588921707
641210234
549270518
647886123
431969169
520379582
601972768
610492963
510144636
637398247
587748131
651167350
617462378
567255602
602014565
627544200
609730112
601648306
657336053
602800772
524449686
482497465
512189942
566081654
536583199
661794831
491585788
665656831
624722365
509243888
479834085
546443891
566081654
656295878
601474130
488906015
619138248
561832942
639571163
636573122
592692476
627637864
563527253
638070742
506237104
530940138
605386770
485508720
648161037
651118550
542396325
631264392
547997245
641627877
553251241
610783375
578822674
650335456
589376627
648395506
636378594
650360842
624656487
553852797
590993783
486699555
659648502
664744989
579161023
534004593
516506330
587396896
522421566
618577914
570234799
568451711
628653735
628653735
640018345
567804641
630495080
433761079
514275398
274677545
612683650
531964116
615732394
519568276
570978239
627801673
565315172
595435205
619907969
518390450
488752292
499014812
608835746
650912393
647309916
604301356
476797570
525001260
525972081
634333499
661434817
639702384
632004657
639288588
631156535
665039012
657148770
589454709
583991190
629018498
594771196
579391572
526292292
655325631
649008000
562394617
600008355
480216814
337124726
613552527
624265290
603910814
638319698
618897440
558163498
659960038
499348884
553543052
558522732
523865244
664539549
409387618
535828762
663315469
490745836
514956326
643882831
545128820
649321105
544399173
625239166
608900720
477771918
663119228
507551157
563883926
608635673
603815531
602941270
550003426
513635757
605837281
527811887
523405968
501890848
607527478
635055319
549537942
478433312
565927645
561032783
582859419
601748081
574666886
565804955
657353556
494144526
578062877
635979834
561814296
648161037
620139260
632284948
638467707
613075590
562936438
648437959
526719417
617403397
569952451
618515626
565462703
553205155
629535304
525470464
616047873
547616084
614271853
625168685
582295114
590658631
566168036
618052489
467767640
595835398
648448531
630829446
626597321
655810760
647605826
572460736
512385552
638467707
597891970
634690312
596427635
621867438
535259295
563100671
555657982
530867915
599231458
590703870
647309916
607497514
631975340
571381015
604843599
602126647
444423284
528955367
640869851
396870047
616058837
609260822
649538131
498049179
664034700
564731812
660219296
624722906
648407171
660793086
661207676
561967689
651270398
461029755
602170187
496316323
604198726
666015124
524520762
627611775
622943761
664539549
542910304
530916480
532301970
516519694
581860367
533356186
641205893
661168696
560821609
459260323
584459292
490914217
563851818
586211663
615115930
663847231
618686880
619013909
648161037
548050687
566191545
589376627
534177571
616494381
574358713
509347148
493112237
666409329
617996713
485520165
535106911
580997054
653984255
661602000
565555371
542821333
527084935
548456819
662886523
546601232
650335456
628429096
623165500
602348664
652699672
663003128
642956007
641955404
512920198
526932608
622549045
665120276
615071386
613922746
659099420
609416932
639172181
586020478
605678138
524331103
522054819
598526410
506764785
590154231
650266930
542093844
663706074
627504842
556496419
651407403
536158831
474245254
460795897
613959045
514393354
619601903
658900966
584200499
571920929
633848305
594996013
532509869
429379288
594002775
661811981
586571125
545690039
604578513
592509361
624322005
529263047
625607890
448559053
450677493
650070800
575790940
630695575
506861319
566267847
659093135
553819515
547783900
664923028
507788394
547569208
612813149
598753862
652462423
505940948
579136423
626204721
647917543
468917770
560974034
600380794
519831415
663033111
662632618
631477545
616047873
522363934
636528232
657375626
616939171
579471135
546855131
592547320
648072204
579931003
562390607
556497696
498029189
617781645
510958089
619327469
664579874
665198060
628898678
641352097
623719157
630900141
537174436
507142567
638927473
496291630
623103191
535882424
666268567
634835231
571875375
647309916
574738914
563133671
542177580
609124254
652699672
658329768
626990095
612241837
597027943
584409103
664771219
612530118
552649966
646400007
516358747
550534683
602157839
597822890
588972949
528817417
469270539
557085374
631241797
599768278
554796712
524177612
658561526
603296531
375101402
644926525
592582082
658900966
519533315
463556556
596326758
624829124
568679239
559879341
620363377
588858635
640750101
533254383
593064703
551860116
618336697
571471971
512189942
624069811
497516385
505248918
648956014
524561957
542452237
573660380
583855642
643430508
581099176
658408951
540567387
533182946
570774972
444968281
497807684
621109275
666449426
460428147
565315172
638528287
545928189
570753774
565781221
478295961
600427676
652117267
657885855
604908046
643648467
537974053
630844809
644594957
579601969
551494282
570934914
665826047
665292417
652131193
509143326
565285060
504924423
648843543
548998832
523373343
594066065
564565276
511709149
637542246
666276654
640512869
604557747
543419522
634629264
522602243
563024293
600354977
609528182
633556414
523792580
561782798
586158736
554887597
493098882
557812042
662632618
593039619
469988045
604985272
662288731
578349538
481980140
501371450
534959763
522066138
654874201
633903958
616386025
655286568
590152426
572563992
662291069
581352995
608165414
525861326
586829985
580263880
536481425
615732394
577203824
641246596
662698744
613552527
524524108
508923934
628388721
642378870
561110661
629902163
551267329
619297434
638471911
584104494
664367416
591404654
602602658
650363678
533203292
639684901
663517656
493139509
591638672
654024724
510321805
615638585
584883981
523774005
633477025
572308674
562607786
474452784
642689073
491378643
609105119
657960036
555006796
622551512
615942981
647315625
606125934
509982789
559896091
438397939
569078041
663810590
474907114
576809557
663651661
551447106
386980514
536294564
602941270
494520086
509837035
502496974
547173335
596711440
658282337
620763328
591322657
569423633
624825486
665807785
571265149
589546776
606679165
631054808
593645866
444208777
633025500
561347631
663891702
553811710
593200051
540897331
438511563
600148292
499529249
476332832
453307199
528524025
615115930
519130475
591964018
572137982
467347149
615753547
663891702
661951153
552909501
554317032
657153030
600020989
572494031
662509363
595972940
572121770
612342287
600222170
644377915
660424317
496733837
640629737
637488665
650372025
508319890
564528648
478087804
658650991
652072061
602126647
540620939
617798648
439145513
512674821
480123001
586020478
561497362
569378417
645655566
586017145
644778406
606679165
638860477
542012133
586410173
560702162
632634213
524431364
490940289
594311450
531809874
557192814
614043067
511775356
540175371
566639169
610246913
614229121
452061137
646532109
588136083
532583380
540056860
649543874
599655380
640753761
447425069
552635142
589476495
577023960
609513576
640310323
584008624
562013157
652431686
529263047
523067947
629559561
626989160
638138461
513956564
660819638
607412683
605767978
559391610
648072204
568279155
530889103
665439713
588311877
628653735
555924442
591127321
601974997
648072204
576847680
599968704
665000936
601808549
525721767
666059443
644479650
607549809
487925430
491995088
633057149
632371813
611948311
565693054
530000290
651626909
493362111
500624652
570132029
597140807
546492821
534961412
554051967
511626123
547036086
662074083
631984983
642085500
562353548
598964191
662465844
512495691
569666858
516158558
534647175
598322165
608635673
639460012
596827803
646752991
664093117
581191430
527890486
538324593
526185350
527242784
544146520
486793557
555902251
573018559
609880808
550234804
516867131
447541350
602602658
657298947
565520976
622977847
635633087
520983553
588514878
525784081
663754514
544578668
536408696
640596221
440092510
645490328
540701088
609063541
625515870
660765649
578969723
622050596
620974915
526210614
624495085
627232546
584415513
635070888
644512656
467361431
520498102
648470736
565781221
534785868
558795307
501399999
624495085
592736748
530595197
557779163
659670236
487274785
565136676
594186334
640596221
641303387
645849114
663318592
586756291
628490712
568279155
636305145
638746524
492460034
392470499
554325611
543892662
657703892
602572936
561993361
632065670
558624720
497598920
485624161
383463900
655731658
526322821
499757066
566811854
627744740
462325499
572267410
545456976
586958504
556984045
600294253
619565018
606405251
640121768
541153635
584775762
583109021
648681418
644523056
611869045
600856070
600958956
556567456
548045656
663523332
623006491
645809351
569349044
477949338
645264326
650912393
649847491
582159813
643308420
634334279
537883547
664729615
617614116
591455020
501324348
521439168
406822065
610744599
563410191
625157907
605938576
661951153
533159051
562601119
576953627
635951279
578852760
603682052
665988787
588380743
532574467
661811981
567478847
514524971
647026965
568268878
545727481
655596251
517529018
616122269
658781699
632371813
661682901
606708352
579468643
572918864
593321128
590788902
546374076
554325611
630829446
664118139
666408157
463161320
660562734
568379401
664034044
571137580
569781675
646243703
574073982
650635189
518444099
540536983
591168138
599989041
501702669
653449496
542122873
643871235
657495092
593454952
454234380
452061137
618496401
513988288
569015922
622248022
663338208
618066667
621252338
636519389
522438057
494165066
629907851
612783732
445828659
628659901
560649384
519391434
655810760
662884219
592569766
542648023
544241190
663003128
621242275
600878881
522748983
542668710
544869269
596469913
637103424
635979834
636519389
614405089
543357750
526395649
516332506
652719065
571354256
643031101
594115773
638909042
615234129
529092409
576923682
568162329
628764887
590873928
575027058
595152708
523590338
654087300
631270574
622038359
514392522
585182153
564885634
617585406
594390385
527787953
597126247
640487523
649964595
620362056
502264744
653087833
527811637
556497696
552482402
650543777
642641402
598682429
529205363
662706685
581452027
501781452
550572945
521085580
601305862
544146520
647315625
642895919
607527478
576188969
572545900
530794832
575052300
504466423
656033845
610688271
540337098
529770530
449831829
554516906
540815693
556159807
661611083
576119321
530626391
574200169
663517656
536436877
491698271
540240261
530129990
665678943
592136569
468314986
587440280
657375626
527589590
581009125
520453006
481384202
539265781
512062355
599628904
518089708
487542311
568878444
572137982
662739286
546941884
598808755
626684999
549599214
491995088
545308871
652922217
516378496
663942520
582174814
660486616
608835746
654024724
662940501
663571747
576313738
556097866
564225044
629277586
535274771
533398315
660055098
634809891
656028761
576488828
599263738
595972644
469270539
601739495
615638585
546540496
639767527
542113813
544103338
550195588
644784942
594186334
610864290
635984769
616766307
649987587
651076922
526089771
600379822
480053424
506033842
631217297
631984983
580327708
574616553
633930231
496556015
547623891
622038359
561967689
521098993
589454709
527654615
580944574
606104496
665283112
650248741
666268567
597610192
487576865
565186543
576123405
580185002
547480615
580967814
492608975
587020799
658962701
547089529
647553265
565583353
576927579
608860468
655119609
533384740
616047873
624375254
628075542
507080689
574920866
632065670
646259700
650372025
664974459
302666108
563054549
536860147
509056956
628458319
449885365
574129931
660661596
572654325
547024877
628366669
564977668
606155438
648436791
572232110
536030738
642788625
524612541
505181550
631240938
524384084
564236603
648423688
552710058
597995857
598041256
525070571
631270574
661099224
633663029
634978426
539008940
544125867
564561523
618940363
634709157
650299446
621071789
633977329
590298844
415085263
513642929
638948125
514288715
573513335
576488828
544407102
546432618
602923089
553251241
623103191
447602767
623099664
506948595
525155243
518962932
555711835
644803501
663338840
632284948
608238187
556721682
579471135
643156982
598854366
572367674
580684955
566766779
591982648
652942930
666059443
500747528
574640223
661207676
462535636
584415513
532141668
529511810
652804484
660271514
573383288
651076922
570379867
590167987
644971825
520743059
610640751
663851069
658582229
533804609
661495555
542236382
544019122
480429154
549283508
527380383
450101657
590421457
562970490
662418446
660098724
649718884
554849747
635729178
561408230
655001533
620949788
612286605
577583419
584584904
647734044
605483563
474794097
632427917
641271771
555735403
653703686
559981078
519758042
578793209
537455459
657495092
572528684
548886911
569764367
501125712
652927919
550282252
533257101
546117367
568258231
606028549
628037235
653428267
568524992
475718166
637723772
617581083
499774729
627910932
520428683
454228575
665276554
658329768
570151647
656806745
466073066
574592330
646899501
648125434
665296083
560072118
628428723
577563225
526074069
608868459
526317409
643653035
519109713
617523027
531500607
575492773
534656882
447638153
595292166
537306564
574320909
534946858
559511228
647309916
665656831
574098188
621109275
666158491
591384372
643711746
579967290
635215408
658004451
496732767
588599123
628421002
565517114
659866272
451755022
639805575
602641364
550100513
663956017
497828628
635951279
572103448
536119324
433976576
591061553
600054235
581352995
489158630
572024507
522789366
587370214
532263707
570917213
661811503
619980786
527431942
657193580
567232109
574073982
660219296
623142306
564697194
664854604
611342955
536141506
579507999
547960772
576523172
500352818
598144895
603300150
576329943
540095096
481128181
633384281
612488022
652191183
529276561
523539352
584416231
636597246
493767284
658835501
516169832
548436587
566007271
507096913
556369561
451871299
530589349
530589349
465671160
538245704
558071008
615753547
656312556
549448339
447433651
596516630
641303387
658857185
633686210
636378594
612352466
612245356
595319781
610783375
516053619
664655564
589523131
623634805
452061137
545096710
486468443
489556787
500532922
666007352
627984635
595005949
555946924
544146520
600751320
587763704
663517656
601247709
664342257
656708730
453600231
599465113
649873565
648395506
666544844
512117362
562826378
662465844
561529074
596242737
608343044
529806772
587398989
521708615
604373945
480266144
651416075
580439257
514466905
662126748
544175910
655361117
515529389
624375254
662671206
608660122
609063541
567084272
520560813
546675975
645297269
483542947
534321423
651467926
660542787
533221348
615849297
551349423
663599760
550989014
524165940
657728499
604032515
614733929
615942981
664030028
591756269
546432618
632756801
593770292
656487601
534445672
622530989
558760044
606556102
500025328
636859469
543871938
607255334
633411214
561327592
466679352
520949780
574443690
643251996
653166940
530129990
585627547
638260154
655636224
480046881
661265032
646336755
659708848
642930136
536158831
563943140
615285775
515919626
664200409
659670236
533800531
531783567
526840343
492657719
660994658
559459584
664151202
593705696
568897193
480660341
578247633
533552834
546753038
550552564
485551652
593828557
554223057
519105982
665884456
515364308
552227561
630274333
521722639
615753547
544241190
532192395
588452365
558218423
570864833
450563110
483112213
653966909
656804973
600991837
541583267
561778556
657248146
536469141
620007442
586590299
643681220
597242506
567478847
538747247
531174947
538416598
651150317
525602478
659699568
562965139
609593704
574112572
658900966
527686389
655301893
613157475
522710600
657916400
563348742
595964497
607261037
547059825
641651497
596402970
529980424
560072118
553860445
524612541
575856724
503635020
524612541
595435205
627990168
656312556
613819080
519525004
661526024
638746524
656494303
612375786
642441406
651366459
505522073
623090483
472211488
608254079
525690276
492702959
544755116
406022268
595133967
640193449
660977460
651150317
612083487
623268562
576434940
531317717
647490469
453581500
559181737
436066678
608467335
475993400
522714975
560072118
510282135
577349553
543892662
641651497
582886808
533103910
561814296
510081740
618059473
599295125
554009465
610614089
518032410
630456401
562231574
575914227
635704618
573815483
612836935
551267329
542155484
550755198
558649226
613419677
568260819
609249803
565315172
538668863
656816964
570844881
560747582
645897214
489342804
593306432
593327475
565866583
631414329
506908840
633848305
521164365
532759463
609341765
610067945
618191233
644234124
653896244
634697382
639767527
439825401
530872411
639251235
650019807
545928189
587832374
658835501
584937792
650053237
638833758
652306063
520172995
573433770
605235989
539554043
640121768
601325326
527807808
519409422
642382893
639991157
641538979
663598458
503282514
555097492
658942302
631019534
575694540
659532351
560521909
624559584
530646843
610067945
606042055
546560748
627030699
586590299
510711873
653991351
624121480
566372536
652888985
580943510
666106540
662151640
523911707
526634959
552932409
612960749
517998786
535783135
643307370
600211382
617373701
641955404
548138488
545051186
578840693
576425601
563839355
613364965
535944250
664156279
548436587
605386770
528805446
662782550
573113388
565315172
609999758
622564678
611315610
666158491
617692286
607171333
586340672
541871640
610935872
522885608
633848305
579621330
633686210
492272221
657378302
594279315
530182929
483870682
619721104
584775762
600222774
558270916
541903097
607169185
540307734
588663196
650053237
616250700
616798763
538220747
637187440
455601397
632451533
634690312
574668496
592484507
644234124
553759036
578254047
471904298
585702737
583991190
661508763
654048982
603759487
573697113
657875467
621375189
662362727
520694861
628314939
646935799
535069780
477650772
660516064
637488665
638467707
659432766
526585209
581264460
602578655
504035300
589863452
657959002
605178856
633906650
661912115
620067156
646860562
613579962
550739650
648755665
587522754
663042645
601863286
657375626
612286907
658282337
647605826
501164119
650730380
571655811
527298103
628972915
519349446
615638585
628995318
660137114
560413969
585650337
560349364
553641278
582998693
616657989
548935305
538119613
645649957
554887597
547305248
351640369
495799480
617092157
564697194
620497912
555172602
387980607
665656831
529980424
527127659
642658317
602494515
633132273
651593902
586769379
640070343
586432809
497277388
665912372
610191416
516888539
491165473
629570907
566935434
545392201
585740369
608238187
663145763
657416066
617403397
622761131
584883981
630817422
604236350
620891523
532667056
571656870
472292376
541343606
589449377
661782709
575492773
579395821
482665977
627620410
642289131
537274776
573945145
653058583
665939530
628557817
654158391
623124763
514022203
519568276
584775762
522927363
532954223
648739757
550282252
584302389
630947912
484903879
520177459
546492821
546886648
586391068
652431686
610935872
543473232
519080344
504243038
665923681
592903266
586049797
558162590
653662139
584419425
583997086
632625805
620250458
583412191
582401231
523719537
579864648
666382929
585860015
519203130
561511609
650912393
542487701
605743814
538685103
571980913
548892270
642466397
515945275
666544844
648363430
645437416
631217297
541655889
500673935
610578355
609209744
501612998
535172772
536294564
666500483
635951279
573895340
642893589
656465206
645987579
535466784
511474208
636196220
623085022
654498079
614721615
529998006
442963760
660070609
600878881
387988262
489935608
651315157
540776673
542423847
590385318
625817035
660486616
640914528
651378675
580475444
592019293
564956508
475199470
510587313
615805644
530867915
589245438
562802544
564255313
542888914
556137251
553927842
529364435
500673935
489520191
450563110
665139761
631051441
614582769
660851729
519899005
634039106
569666858
646035506
572282897
665901940
558904495
517873685
653200849
602299608
603300150
560154424
536206568
642020057
538325287
483542947
633927464
565927645
582782764
577630116
535465238
537422568
585338162
554325611
504625964
619958960
536922356
617731275
547171306
557880478
486586000
566387459
619795253
620208196
617977575
650012946
594708908
659858818
507770797
538309647
544390369
617124519
604524737
657621775
647769015
579549816
517099195
565462703
620497912
520428683
641303387
666021618
535245753
554625611
628557817
619435275
557602925
468357404
563346537
503069351
606736391
656816964
506764785
657482611
630766392
550134275
597042902
588514878
483815578
634628412
574666886
655170147
590814659
592235200
646484679
618822621
635951279
544183055
605011079
537772916
501702669
595118391
573779799
482610136
637741748
518159383
608068329
592208594
464094618
555681350
529065784
593925011
573823832
558216755
510789756
659738396
655925774
591848351
517850951
524166212
614537975
647374994
629481734
664393442
624722365
563369891
560157279
663436585
512431718
544715206
538705528
457374276
520716231
606468048
664594236
653200720
520501698
636901031
633514236
574580023
631176189
646858188
635329468
584409103
564911714
660377872
641179594
449302264
586437805
661708899
661621551
568160968
548456819
561511609
624057327
581292796
560866402
637121015
519577290
640796756
516420869
530586290
546842963
558872960
630756689
664771219
648407171
620330008
559645878
507313254
506033842
590294423
573604836
619110891
666529128
644266737
532380023
575987024
660602058
539086814
530182929
662191556
646899501
610759688
562098308
475478959
608450936
641148584
637722760
563574300
622037509
617636616
657979022
547548480
582593560
541236234
637026599
600064425
605011870
556445848
621640743
616709437
553404544
601648306
480053424
511671900
559588253
637115397
634662740
496566775
612849427
658277839
479311358
549563658
581432574
647401197
597458956
617464073
581352995
530589349
594343618
640613528
612566088
636698358
621892894
594341669
522773589
492810101
646010649
609592152
661708899
638178669
563450390
511401847
662706685
582053321
520640859
546968297
564792787
626439943
650455097
641494390
661742763
592678047
659532351
546776190
558624720
491779439
649796353
638948125
572632341
588867640
560271139
520497550
522714975
647871346
529917181
614425819
542218346
491513359
665474313
501928988
542526087
602126647
546675975
580722477
551267329
551534254
477771918
497585138
644032142
510123208
587174721
538245704
481635424
585330219
586779170
553499224
652540398
615503893
593200051
616781339
578634128
608860468
595804285
541108831
560649384
480049248
508033484
566337917
657223145
646858188
603759487
551878351
599762059
607288043
495991419
567515818
614738721
649179571
498582506
632208110
634773009
643910042
597360340
540230022
562353548
498022645
550398303
570596324
641580401
610578355
425514811
601530696
663338840
589082547
566589100
660516064
588531593
451552360
630798964
441924960
575546516
571315851
659430314
481877763
536436806
577614929
619566681
550119198
655286568
630811466
663596776
602831394
665474313
597587922
592981347
645809351
638500378
567607134
657916400
521736252
664690363
541823100
554709673
601739495
628706270
621729700
514285473
620156394
512280115
666500483
575214563
551706596
554249204
554262739
564927085
492272221
624192945
578511951
645437416
647930897
601445129
559039688
525392528
656505517
629096228
519130475
544399173
581352995
544818321
657495648
469624287
632076364
655241256
551860116
578395981
626329195
653543770
566583889
485085517
530512326
543320648
526100155
586312990
662504647
542041573
569952451
601247709
476080598
519055258
615484768
574844795
560143527
561648071
624864183
558372024
590421274
513725736
529917181
508615921
605597576
611999390
573152628
663980517
654449336
645858665
624825486
550192274
564700711
616614114
593928257
489464791
592483517
641070345
639699733
657182171
601863286
568593819
548227721
648437959
560072118
559329141
636617430
649987587
626054348
560346045
520754370
565186543
596874281
568496018
581161542
501089078
627968163
578008609
650241833
644778406
520247373
624825486
596738614
524774427
646804445
416100129
595973627
643845300
587338919
545390737
638366504
541227813
582586878
666500483
571487711
645897214
525911264
577579013
610653480
600427676
540794502
564462257
653966909
577963349
658244923
554501488
531332225
551385370
601247709
595761439
562147998
653962981
559004546
554619315
623181644
560257697
660219296
655820026
650117543
556159708
637914698
555915127
524977152
541374094
597447377
543978717
571896516
558111512
534005285
452940073
531712867
637500822
660120095
493504228
568980001
657495648
550998916
609592152
634392610
660975484
601863286
630408977
615238903
530801848
499562420
646142776
555069840
640889718
527910084
629269293
598274197
560740120
613398460
637383368
666142574
653249510
652802468
550125084
535927498
660407506
608129432
597274311
657250238
650311877
481996473
586482439
533273845
564127294
538705528
525929898
540170058
626811535
559208517
562837130
517642424
526074069
576653170
612602996
252685100
595604187
481429694
656406917
531719984
637723772
608099353
612094857
546673022
606042055
615817269
525879733
535184672
502834438
522966345
574542633
526840343
521701679
480912159
653984255
506688630
595401710
635187062
469927403
618060858
554709673
663649189
548250253
491471990
627869596
533235574
604428713
653689510
594998788
561271414
624492753
658171014
657375626
651467926
619560119
662338965
517307513
549319828
574654086
583020534
545094059
502992070
626616547
615050490
577327895
594186334
496193191
619543463
564643215
532380023
532135549
624324610
613364965
492697977
559896091
515132768
633541280
571717030
620862188
621331786
642320107
609493545
534951632
652741043
590202874
533344829
635701819
447433651
594129876
639288588
650641628
586158736
577974386
645858665
554516906
526777926
546601232
644970600
529459850
604694563
644628255
604524737
560230886
595622674
632208110
650912393
663371660
653235592
665683059
506546194
647271682
566590850
543468488
496804366
512303022
638743577
559588253
559403778
606303997
629114288
525292879
661194432
573862364
545610481
562297921
529216525
554709673
591664864
592341070
554926032
617012597
597799532
666544844
608140115
511474208
578133537
539047580
606405251
661112206
632371813
557120268
646858188
588224404
482001041
552895678
586049797
550176296
642776073
609389918
614816898
663533558
576940726
621242275
473212848
530465241
657806872
565186543
514267600
583861565
542204133
624229806
613808319
529217468
593838031
537853205
580861276
584584904
660456046
519617917
558481388
603128181
664594236
590284880
662465844
516741209
610812414
497258629
548979813
638399543
571611915
646907542
531474718
619965878
658171014
602211931
592245355
599579921
488185659
530771701
639031247
651289599
633538632
561573950
624229806
575876925
664095532
564517810
519988121
592807539
632951726
615849297
599451390
489791868
542648023
583019499
649321105
565081299
609856342
582885395
641303387
609173659
581460142
568850119
528696552
635946273
565546898
581949778
636323833
529217468
629902163
623542183
561891920
473704496
653058583
657651271
495416920
508923934
586284927
653508565
581757398
611722299
484940084
566073677
528415694
456238823
592021640
566552307
649964595
567784755
590948706
584027926
613727698
533923119
533804609
611576612
522747503
641303387
618276879
512408644
595709709
635014827
575397687
531964116
655968808
580270617
577413557
653107946
608161605
640664257
525052165
643909343
658900966
637442507
505678995
643130046
518241626
542041573
561027796
559896091
551333896
617403397
468004924
601701986
664743343
617702980
514479566
631345858
588685096
522634575
594598874
565186543
603710817
589553221
478516872
582886808
544368377
633411214
542791308
553660273
524241674
538645560
643191130
613306434
585618135
556727899
519203130
523670311
603629863
604524737
643871235
628774498
557595968
665411786
494967841
604005125
660985359
540636845
490193960
530563087
572796371
661113259
653373574
530182929
631144173
522304212
626329195
538123280
627980749
530729738
552546186
625762097
536032629
554325611
617124519
644067473
664151202
578062877
656906412
618880493
573862364
558734443
513451252
648298625
571646698
539630918
615325483
519460041
578349538
584298161
564400245
645809351
533800531
595897125
622163469
658927562
638046193
583623919
500515086
643967563
523456438
636163886
538608249
608004996
533594866
544129920
554516906
571637259
574731433
541073029
617582223
526212699
608635673
500433396
600981371
471117198
643910042
537455459
662364280
639916980
453537988
640453737
597292838
606663530
650147654
640525294
608129432
659079069
539505617
573871304
630022902
564236603
623462142
638399543
518023663
641612552
575168319
529373067
536009217
523673173
529910294
657916400
570171742
519831415
612045383
652389662
502935169
647490469
611620964
551860116
579674366
520424606
575088723
626600302
649995214
505704012
643226287
537621445
650206494
527486793
638964604
555097492
573865803
501324348
526317684
553858681
598481557
559525055
506612100
527233858
588514878
613143929
568980001
578570928
635951279
621541505
555593214
594390385
597011938
635148692
558372024
510416247
651315157
519709817
665212732
564697194
520386626
524156370
656561511
531898579
606599463
651694153
478087804
641338486
592689503
491698271
591301809
603738928
591562058
594560383
577046068
590763117
531253575
525929938
500135167
655586187
583389263
572663281
613793952
514471698
547724601
518715052
537948794
537208576
567279840
583991190
542547807
553859729
561045542
597140807
625050939
535420647
643461521
496326826
569731854
506696059
652444436
619845584
566526207
608413786
594655511
584721714
584453175
471117198
577367788
640547531
596956932
549528873
461849386
540363448
601261081
634359589
620067156
519962200
523243328
552525385
609341765
596666137
659272569
561537126
666503537
588886354
654870968
654557467
536803096
662288731
590466596
666059443
509137579
519753075
554709673
653813523
600137045
649507659
655627198
575660228
467427747
521727261
585878635
614656508
573547637
584023594
611201077
521294900
519831415
571281720
595957697
605678138
550893031
599647598
579600166
617843297
648423688
544268773
556387218
620717610
657375626
518921653
630989703
586454031
618080720
600379822
634820238
592019293
578611039
651285484
638523107
594553763
632894087
629181713
572598834
536935123
576031319
650561713
563916382
493407305
558904495
522927363
565957890
647309916
550795420
648739757
625762097
461196910
595089841
629181713
593717340
538993652
614382599
593820452
454234380
647232856
540841409
615226136
569390693
584104494
597426942
570151647
641998762
507112605
522435592
600140072
612630733
567424048
483918070
552131195
507189515
523038604
662178689
604005125
583329823
647023159
656295878
552588148
637773028
664112106
607797064
647457648
611363713
665619418
507344419
650416733
665085867
553205155
574640380
545516886
516787599
538309647
640736856
664151202
624722906
557602925
530847422
651107698
649932149
571275173
582679705
645142226
660304988
592582082
455946509
643944258
517955203
640921200
556652805
623438004
610053519
537591707
535850487
609492331
475478959
586081453
563916382
651593902
600616541
590903245
625963858
600091226
641355840
541763634
543271445
570864833
577734106
549046939
619772938
560442415
629432684
497850320
629733727
608867458
571381015
562085890
595754615
648596141
581933484
520627697
579977909
626742746
561853609
493504228
536877773
581929938
578133537
493112237
624000103
663523332
572796371
592674815
646860562
621740286
621841675
559845505
595649753
660895962
599443815
488239372
621587923
597324180
587014581
530771701
523486584
518564240
597258025
574191712
575451039
622037509
643528657
599165139
608263293
598905214
594567934
590553674
576931468
519533315
562132153
634401265
585699742
510586085
656623746
564730384
640446114
489473190
644302249
662501620
625119019
640737252
648933797
656690579
656919195
533048782
652937857
626373024
662072968
608860468
482282467
625762097
543683838
432639603
582005013
488906015
552346968
607738024
622433459
661623034
643953409
569774936
529980424
541804478
492140941
529028009
655170937
613757357
526204351
530398518
499986645
571381015
580217241
657193580
544586088
502855102
586211663
627447564
605768517
592852928
633059140
570324030
521989615
629540373
483768584
515244534
665474313
604853268
597535175
535172772
539523138
637845466
569065123
592408403
577123023
657896406
596946654
477949338
596583897
587321106
656657393
569279541
621593420
633815090
626021630
488586685
599981712
572467183
656708212
600294253
556691288
658920505
568806161
465962600
525032569
652960244
585182153
623746377
525879733
552482402
661576076
661829022
526776400
571637259
654105546
520428683
474576623
510452977
640236815
580926999
632190960
557134027
589909980
501802318
637488665
518775067
550739650
556335524
655981951
665683059
610145670
508761241
538159488
623184661
612902352
611131271
620818671
662706685
542633983
522207416
565731855
654785738
519165868
572714323
549046939
501645231
586769379
510452977
586482617
585905238
591521128
563883926
569808979
589863452
654123740
635100933
575195215
626769856
561793322
546310674
548820571
492989644
657979921
612491548
652587753
571599608
547960772
508569909
645311775
596409469
645429106
390839164
599145754
656028761
574666886
657234454
595869959
536889733
564289542
482109437
564516001
616645917
530593663
621475045
637862094
572137982
658650991
623453488
601981990
506436724
604236350
632869200
522773589
574295341
567090780
647553265
584320973
665899503
479311358
638927473
651558462
588970580
502818649
610849106
580063538
563391014
604440804
602372293
627467845
649296975
650521606
624553384
645722860
559915812
505408949
547094970
652340806
631978311
570549237
480843806
654141652
647337890
594484850
538058633
579446689
610067945
645809351
631630549
486837616
523778111
664667408
566467384
589527506
531474718
661708994
514206522
555343936
482106947
468382538
567659300
628335334
613639712
628421002
500921869
608770950
464948453
585856490
516741209
557595968
596861918
571611471
618798795
507229250
584846748
664098700
614230045
642864574
638360582
528559703
644056384
526326355
637031911
652273395
557091312
594170496
640433676
616275283
575218816
628505044
569144373
524362039
553481257
521597252
554146141
516586733
540030863
614764083
555246325
561077907
653477450
624825486
589245620
637115397
615638585
652741043
643626557
511729338
620744448
642085500
535716721
663103939
608860468
528779929
546914107
621623569
549629897
584251565
604908046
514940517
610415829
666544844
606950941
568494137
571102625
624039336
532141668
541374094
533713734
415861108
520005757
523258903
534788249
554321692
577918105
648072204
574516755
588375664
657814603
622163469
619760963
620012133
592076923
658147017
492070130
571637259
616191741
505053304
663596776
511873114
556387078
464500728
541604110
606466865
603864087
580643242
578349538
580648002
618287385
641037613
633828825
493563674
617953764
645243733
620091652
596221171
663810590
599818616
624838794
569378417
622472029
648931781
556327464
489811418
609384827
541558758
625270871
519120421
440920846
530714028
659092286
633209611
635511743
560161756
666479967
573623660
571370877
513157485
651655978
564731812
628917400
536961478
535650284
547234255
544725836
521133553
536607559
640029874
665474313
661250919
664068479
602661235
585364261
495264209
559219021
634823538
597027943
541406361
547412787
651476754
546346620
664908381
618058657
591671085
537971428
612222523
638743577
476568944
579900273
583274632
652802468
595610965
431644288
526548220
656253194
640967460
492849616
582777856
660616486
657979022
661285802
516362057
511065722
592689503
609985496
557639940
523417834
542999983
662338965
634668977
601449896
535022029
506844469
592746057
574468000
554887597
478282582
665296083
570319347
537733529
631111178
564082954
605547907
565186543
628257886
526817749
650569466
554374864
538344284
582849007
612308807
537576884
553386798
657327279
522482571
652553128
656233774
572152790
539682191
596607313
632433315
525524975
661828217
487708739
496880773
509023074
537129904
608754478
597246166
638534329
545717253
528664243
476866317
656816964
615711208
618270318
620742885
588472291
653896244
634985310
534186803
562481946
586590299
573074296
615380513
532409013
663003128
496671058
570119439
658900966
661308244
658781699
570549237
637543622
523719537
442707011
508178541
666276654
639832330
561015582
620226799
561814296
665025614
528454680
510875755
547706880
640421520
642526969
518691890
657939557
664974459
552482402
575820887
619465395
577633094
665012808
665439713
455037532
660863210
566230727
652352986
583271886
643303148
500025328
549360064
616086029
662940501
551142553
663932793
652945263
610067945
608223361
630955424
619958960
406823170
621892894
618507739
642378870
611037640
643656083
589311856
617506016
594305633
641287947
575334121
563006013
574666886
489092450
648911475
605056542
602274983
578597365
661448359
594531186
619419395
596158733
533727629
583600259
585508940
552482402
545971859
642505792
597254715
624043974
532010754
613552527
509960094
609043559
632037027
563839355
626332364
632743628
537384963
644778406
601265910
452521898
583632098
552573073
553656605
594770554
657765212
588964008
519568276
612007567
592408403
519081264
605276682
551257707
526824603
649207774
583821241
565546898
591995964
572023375
625046687
665901940
644371830
589100521
628922739
606456400
631373261
655301893
607497514
558409251
585445038
597011938
559282940
529062468
606061243
511772503
566690002
609845006
638321708
530729738
538263150
634539696
544818321
521332080
521176375
608864272
559525115
566665294
632848823
631469687
617105237
503243879
595525068
486144943
630955424
511582491
663528889
666047408
485244636
637745636
489478372
658397266
560401305
568450763
517955203
582160867
638983890
562694511
580757814
640310323
583017350
549939754
444706531
661284733
563785440
565401859
558743225
551360308
488510344
626135554
608485118
609145181
591466683
501440148
574017900
510966771
657896406
536935123
546355974
623123701
643130046
579687029
637793878
495677277
652719065
486597536
614857556
560094125
544778827
657703892
620363377
637158251
487798372
565731855
634818393
653236256
638968203
494790755
533713734
595250066
559556339
639665412
608393213
531929306
454790224
497198221
560622409
512983122
653200720
662054325
618798875
637767401
566875438
592212306
634359589
582979365
605235989
451552360
570720788
561087619
661811981
566887898
628739269
555946924
588375664
635729178
658371448
542396325
589337413
640547531
454228575
561112399
664624844
612361557
567090780
648501467
526903491
611948311
552649966
654752593
601648306
519577290
645940137
469101006
590162843
539115611
472455505
664176175
629570907
619560119
529323871
628557817
488179937
539461372
510958089
632928751
629784253
603759487
618236650
564730384
597874321
575027058
666158491
530366337
642641402
562831764
652903594
566105530
623975455
655160761
649111056
516220709
507626461
554609126
578349538
546935660
596609654
657979921
570741404
550495548
609341765
655499399
658146410
626941264
606419996
597776907
572796371
629068750
606886756
645844210
566105530
658922008
542227454
530802242
599968704
538515526
530325421
514562845
587857497
629069064
623383236
593834709
591756269
637452140
600126170
322529045
652037311
598393937
617788169
614746703
620712543
533664582
640921200
478548046
641910531
575514562
435938280
428880121
479682043
666500483
620562182
600207537
657375626
634114886
553123400
522927363
510324763
580439257
571873873
540942414
510014297
616730175
617240507
485508720
543948617
623515705
590187750
538104964
491341884
638138461
560756070
664176175
665602857
522338951
575839931
650248741
505881878
515945275
662779879
615753547
634464738
659532351
526712071
527559598
602019213
598965515
617090941
555385691
513635757
643634726
558832431
585574682
530977492
511940742
622551512
543978717
616970613
538329976
656312556
591708801
666268567
525721767
612441189
563943140
520983553
586049797
666059443
558298743
459890363
574098188
660410003
653733487
649116863
557158784
587412215
664624844
640750101
566105530
643845300
478208506
524982011
549244791
590834674
579859867
656919195
590521733
503937544
637862741
611869045
650583173
549223560
593098631
614521638
524270953
577395873
660271514
561694248
627683574
506651559
659532351
623071971
551461857
557799349
398192998
471774574
572450781
511381744
597474114
567967588
611287259
453053248
622551512
542376570
466681041
611624651
654683112
508236266
572265038
583148561
537467164
603790994
584233639
663844854
598173373
613879783
564239140
642338159
626143508
529889155
473755174
592736748
663533558
565546898
548261142
540391237
543706090
564734164
598617550
614820898
569291723
650569466
557144169
590589591
561497362
641691677
531964116
663033111
661602000
558980775
649740505
626758168
565583353
554709673
520497498
466133066
645000663
555352501
603771694
614476498
599105796
600944766
523134168
665656831
482588474
649359721
614996157
584161578
655616982
587478882
634225393
520453006
530398518
601247709
589138122
513052333
615402278
622715430
625880927
541845421
665656831
564669482
607928314
630369605
544925572
611602718
611555489
623383236
554325611
534328974
538541006
660969951
653966909
615942981
633303381
554239986
550045737
564561523
576737920
648108288
567193176
550495842
512487680
617504645
624498945
666200453
562455200
595959236
662791817
529459850
602685800
492199767
664791014
643909343
647605826
463461412
546601232
583019499
530017702
576242067
569425306
632952634
658893194
430337574
585027276
557873406
522714975
629559561
622232751
664342257
611904383
591741500
628421002
638743577
592742659
588894017
641112813
570725635
490372720
519577290
631177350
633296372
650548749
618276879
579112574
572494031
506529243
641340348
646351795
556552926
573871304
650796881
652306063
523483837
583654425
599381652
617317560
502997509
645311775
583092689
583006773
644958643
521833019
521294900
601403114
634422921
655217879
579468643
556600176
583412809
502544705
471389141
643918804
604373945
581346505
631007169
561694248
608366270
580071641
571486461
481651069
624838794
608450045
544241190
613870614
615330110
522827603
634111837
565005432
603506423
558730553
643882831
559751344
610744599
548045656
505211508
528086889
516162148
643871235
637403992
620398145
642710791
631978311
636859469
521971507
549631208
634604984
540714440
557923493
523380322
556159708
614400509
531338253
471389141
599207732
430054639
600354977
505842212
566226993
544066088
623972573
494654271
586924723
604588689
562275803
659858818
600380794
608270693
646899501
594346355
647309916
509525382
561258451
564532556
572971652
574055314
607888924
622522219
654409733
595005949
664444345
465460875
571307391
626916914
597313951
463942010
649277413
624492753
591137970
618624385
602660414
655846473
637690282
645809351
642858362
514473144
642121581
614254805
665240736
626329195
629146634
514393354
529966421
469127908
660080527
544299015
522066138
666059443
573251403
624906900
666023813
505628009
649330872
539596371
589009620
553438799
529195784
645897214
463105893
564253641
550987164
523792580
582174814
501645935
659343569
611999390
612813149
569908882
535704306
478997225
585062491
530130072
604373945
665371496
564353677
644371830
653102462
529272957
594107181
641250299
636550898
632066940
526346977
633627611
525233526
645513538
540387473
548273677
609380517
442923063
603771694
661912115
652553128
515694473
664684533
638366274
584136133
559525055
658371448
645142226
620163076
537455459
650954190
528805653
643389203
461196910
584826139
565167996
494209293
619377357
615603838
639744505
477384447
639172181
509080069
599953858
607581158
625843948
568748256
665656831
660456398
571583988
581332174
651315996
665602857
636337474
655689422
481023281
636419443
538098151
435074760
597254715
571068790
582331840
649538131
484033516
555329771
572796371
513768775
666007352
617210002
644820199
600126170
528030756
527010721
598321572
571064527
566583889
562787353
643349785
554709673
616559899
508559784
546675251
470724605
613740999
508178541
569849831
602126647
635745243
652891736
634021121
602494515
571873873
612245356
598440571
634562238
500303415
651443835
610868609
601935789
513616394
664098700
590139510
606663530
645987579
516867131
595610965
560641773
566105530
611568021
503925692
581278589
531108011
581186884
535822039
654870968
568496018
583418200
622133930
519799868
625982229
535465238
661308244
646388564
563000355
498225442
644783174
548972733
661708899
621475045
591876032
518399032
575849002
611023496
515415580
652903594
516968862
582870722
551744976
599647598
663721789
612263587
554898289
579859867
565186543
476186857
648232676
563271023
661682901
654672054
661357740
576402216
495049383
554818927
545139781
573530212
579936648
584163735
535828762
585477242
556621896
550809958
573623660
660410003
444144439
549046939
447741294
625814073
618052146
487873448
550572945
486080629
525761510
593115855
538474441
541354882
616047873
664247174
665656831
633384281
589207787
478446962
654164957
616730175
557908603
640102917
542396325
490795105
663847573
554249204
602051870
642020057
537470243
520991242
583595942
632152558
664302770
626708944
606744790
621188992
615553968
631345858
641112813
583635958
575160725
622192273
649498266
585837462
535231473
516938753
648978923
608691871
662338965
597002884
622247862
659432766
527785771
512921737
660424317
599465113
623199322
511480148
648911475
636202280
664219510
585668027
489208544
534168371
658774959
469162588
664302770
663312518
501802318
590179386
650300299
600140072
658096373
596924871
665317363
470571544
538541006
604005125
638743577
618276879
514437368
524431364
551383952
602439735
605812565
546935660
662338965
371786415
515862389
556011729
560484079
594403933
515816040
643178136
650449187
645649957
623990940
555530232
665575051
538750052
509559823
481901194
643349785
522166338
618185755
451333000
649321105
540749573
434583937
433353070
530916480
647886123
512182426
560866402
550375941
659430314
659917199
489268202
579301535
562994942
606845207
635870980
650748740
558530191
664955060
489263673
556691288
595089841
554027659
555635347
588834883
498848277
594792129
530340611
576313915
634300371
542396325
488566249
545928189
640914528
541747373
570412993
589710909
610067945
649321105
578254047
633903958
478310643
656816964
596522700
561967689
643882831
519349446
629078928
606117895
569765252
484147947
616930385
651473278
559453920
652699672
640236815
635439108
565504940
529606802
627968163
506782547
652306063
608103048
565583353
576488828
579674366
663528889
515231243
510872248
464108491
588711276
560533601
573510443
521472359
528425012
565018253
659283217
657482611
640310323
595959922
540300378
529485942
460788608
476717344
552482402
600442290
605837281
611564153
624495085
494925618
545819397
573037653
513100302
591741500
552823564
657457224
610145670
466046319
586851151
527937998
520856093
646387268
638927473
592536829
643120815
629188676
633830378
659191009
568839667
635762005
594597323
551744976
577743070
666544844
591818581
589545899
634428990
535113474
577743070
550981341
642338159
521971507
474856007
597967523
619282115
624797910
509650787
530340611
554554181
531057150
583612420
661439887
519862672
620233966
571265149
481992529
637147104
657375626
652857842
659205197
593648652
526776400
631469687
623323628
564507859
495532131
601887319
589813540
579623873
613113518
467427747
578832029
554590561
575577530
532759463
647605826
605453696
654345810
544253010
569385539
638890132
595127877
603906578
664059719
596736067
664923028
605837281
544183055
641250299
589733753
466494128
462942980
635984769
640433421
620581151
644455114
551897617
641521981
642716678
601449896
619273771
664098700
491513359
585668027
658700514
626600302
647930897
649324268
550330716
467467572
567887042
642536808
651167350
555405998
605837281
616290051
619583228
601064957
650708417
469167872
663993709
644971825
657649485
568619273
541610315
615127710
532993134
454054581
629432684
590421457
628669135
601247709
629743720
649146409
637442507
612625348
587641622
616466875
520498102
530387258
653321058
588983210
587174721
577629001
652699672
638544643
590031757
499535125
625762097
664743343
525655595
631217297
562037807
636378594
508558438
592850562
586084223
494006138
647565280
536970925
442778312
543948617
524426648
446608231
533720515
512189942
654622624
629186954
648059982
631925343
543073890
537191499
588078456
639661942
612300093
610859075
633019637
621252338
644690265
574438737
593043506
570400328
545928189
546837502
534604913
566556155
632591696
591982132
665435137
527553203
602912019
630264843
618984723
595185450
642382383
653478049
534342410
478948534
514194053
628861317
525524746
647553265
618364303
620208196
583595942
555802205
593909152
549270518
638046193
500345073
567232109
665656831
542376570
591404654
627974376
622520341
644455793
584645542
609810666
541375330
544352480
646256211
567268685
582564376
632371813
564559133
628111951
467587747
568160968
514875811
637183203
657728499
602982372
604648900
649740505
524986783
467565259
663267331
508188259
572023375
552109155
634359589
557215328
559181737
525377280
539398712
614656508
544680015
664854604
596711440
504412108
638927473
563755436
616376150
636336485
531681145
522753869
593394553
555802205
658085232
607815214
509674362
606338310
500863439
606573132
625653915
574753930
523769502
611948311
569693953
608004996
657440675
622555673
567756509
618874464
589950190
610882098
626278291
522859419
535783207
620981684
380811211
622886481
634573483
628814042
581411056
586081453
620233966
481992529
617313774
644501990
577220299
553641469
409870269
579318568
594920763
608835746
626140116
595401710
566332880
573865803
568268878
648647726
629830436
603092630
527446485
635014827
619697171
659858818
555735403
615942981
649321105
529485942
654194648
658521990
632388470
619980168
538309647
568268878
510957689
634703438
638476370
657916400
611904541
634269170
664539549
553068442
666263575
664655564
451394466
453307199
622486782
589545899
543629613
652431686
624543390
576188969
642988031
633239668
590691095
528106237
658522635
567360004
653416691
620239928
631138859
575933682
598274197
538309647
636925743
503796899
564731812
558068711
525280990
661611083
589950190
506808054
650912393
453537988
604814040
665807785
569693953
613580763
640410433
623922070
639665412
579449552
551592048
577107972
544125352
539408909
662217919
639172181
575185975
512487680
558274477
511081599
525714159
618866225
547975105
578253270
598798388
560428158
508096443
619583228
559511228
582555646
596026420
582763062
551006336
653689510
601640654
533384740
511709149
555725798
600544115
592749031
627602740
600055267
665939530
599113121
623423517
599127026
608378653
661708899
585699242
604524737
465876970
600577502
528167847
581867684
641723961
665683059
592856416
542888914
662288501
549839344
596603646
603026022
650590353
538274224
565504940
645649957
596004991
565186543
655074598
640421520
647583976
645513538
543097964
577629001
628719870
654406303
504393273
644820381
605825744
569133841
540391237
594996013
604318882
597900148
561648071
662791817
484860794
508329126
544493579
543321279
558752814
568494137
607497180
619985601
663023267
620541743
537659580
357751959
665474313
512431718
533026372
601974997
637736216
552634672
622472029
579623873
611023496
598040317
626410845
572323189
533013556
556122128
626410845
511145092
545355285
550552564
589574594
656028761
543435419
473413803
524900803
649008000
620599168
485059674
534959763
624494977
497731808
550735805
620581151
574116859
563898035
623165500
516577800
661951153
658186459
503138813
593346670
659062218
542081927
644501975
612783732
609845006
551105295
565528192
534002591
469988045
567241769
646951427
577141837
546658503
509143326
601395397
590202874
633631065
583623919
586482439
547227040
656631355
565077709
539669815
519891344
503282514
594115773
663338840
530901527
589813540
617421477
636268700
490391200
595133967
447990764
550628799
531449785
661436072
661508763
606711859
623119202
583277484
525655595
597027943
644523056
551860116
578112831
644249270
584029188
511293017
609301593
543556682
528514279
537816779
534430999
665656831
611131271
630875094
494209293
563044963
648515267
538329976
655733639
629683665
436066678
584856083
618912729
565186543
662779879
648974533
652859117
601807449
597799532
501712792
587383571
468585710
461849386
605269653
620969800
641634283
588416625
570234799
623063075
571658533
502458059
661526024
546560748
634359589
601879241
623071971
567923864
510586085
527446485
666582926
563737596
640921200
581346505
535912551
629025327
634359589
641205893
513988288
543948617
662517133
529744227
590790769
481429694
517756825
516787599
626410845
665656831
632952634
561535757
506019500
556247722
547480615
495799480
533781723
488773916
544250771
537853205
644454654
514944713
558304259
538058633
566935434
589745022
551094545
535592925
524468915
611924793
642988031
618156538
555802205
569133841
626092890
595649753
652268182
562231574
643676793
616614114
559423620
604232658
665795403
629403801
544434882
650959785
615203519
627620410
610529710
555179478
550174981
516550814
474646241
633225150
657495092
647315625
619405775
596892227
635299699
550184813
513094250
563527253
593910419
542910304
649921744
542865380
473413803
562525105
589979954
420602820
663581355
561272690
548071679
664791014
527298103
505955649
592730055
640525294
575451039
632284948
613735225
661621551
624559584
586590299
614519050
661357740
496141191
567255606
571637259
663002359
614092099
613763704
550812947
585118502
530965643
622761131
600944766
522062799
597685757
466427970
665000936
586049797
551631331
519907700
589085115
603046428
614525459
633900876
538037111
634333499
575849002
586980357
615050135
614254805
515145029
596664220
644969640
657336053
591521128
634823538
554516906
489016507
593483226
663036306
574017900
589865229
464290396
559616975
635351946
579075509
637736216
565018253
663956017
581162225
663601136
560548529
638138461
552482402
528454680
482997873
600177351
578080776
558895378
556567456
553460409
666007352
545928189
556782564
498680852
573113388
568263982
589652757
548543262
529792797
658846975
639157497
536379209
406234647
503979108
636564814
495198219
555902251
568970831
540192783
648377348
511642534
556161690
644711427
638823586
502345876
599671738
518575527
605386770
492557327
626157432
538685103
607534526
511081599
585634712
589476495
659482637
574224014
483346480
548612628
649637498
663388745
591975122
477569452
515796434
564627726
533432156
561182657
572796371
663003128
518776357
633686210
589082547
513875785
643501272
657416066
600318057
639413166
564075594
634864179
466679352
612238685
533048535
614758902
597019055
647271682
617806592
517242976
563406261
492284157
512062355
666413982
532574467
665656831
596389082
606852717
517873685
474590563
542793588
584225065
536922610
570402823
576823992
569731854
536281845
378060100
485239178
514782035
453569448
453018029
496523848
647271682
584624313
609513576
566859551
600765323
457651560
522403617
503937544
625236477
653477450
573623660
652463522
572981276
473030389
633848305
543470099
505955649
458551241
472462524
660219296
573623660
504658291
657298947
578987853
585367910
647917543
438376041
587386536
665198060
628926611
518655482
578275922
604122152
647309916
567543654
519891344
551401826
574222625
591383828
640712991
628111951
640909350
563755436
642406096
611932071
545880766
574438737
527553395
654543044
588441564
585594382
601937244
538717410
660271514
504614779
523134168
530269001
623441543
573116019
468913679
608121028
595326980
585084085
511616977
663528889
633303381
610133041
568495672
572978914
494820682
489263673
653886796
533552834
607430129
664260099
508971725
600464076
599527573
505237807
635951279
575218816
584584904
508315314
602051870
660980395
501726158
663744913
627467845
519827340
662940501
620723822
614260517
550599139
440226501
526569676
665939530
516199041
592600890
664302770
501099707
536149951
623181644
521338471
637703414
617012597
544700855
646575128
573025093
617105237
658920505
525052165
647686745
565895046
599760104
619781739
637171730
565740776
571487711
480684253
560468525
628546365
546699319
611709241
634328235
647561645
575451039
544764915
652741043
642120510
618879641
666250419
620007442
548497766
559511228
522979983
568496018
505502332
626506641
449618364
594128371
504482843
579301430
589545899
632048111
551374770
562254855
657429132
604198726
615050490
633686210
608864272
653756801
581142052
621706194
514208949
586284927
517586192
654003010
632627324
532517280
604908046
665480801
567424048
617462378
539523138
590421457
494276515
615722204
665939530
536771126
543928145
507720845
657703892
490394597
555725798
664318005
662338965
524538327
515734046
545469375
531719984
557846809
645447168
577769333
462551002
634109877
644178588
634233759
586566142
579112574
653062534
643130046
666079013
522603615
608658009
656662341
647026965
622523700
559645878
526043177
567037136
666268567
491888288
657631656
582631417
609642255
589095572
530017702
584409103
499817792
556369185
549582107
561045542
522773589
565866583
624192822
618276879
665120276
382539301
603506423
598596706
580236515
532332110
530182929
485189557
658253761
632719112
541964782
581491258
617403397
576838010
551385370
611160364
637086038
500437095
460163440
544717720
563839355
554625611
551819089
652942930
633883647
575908428
659519163
522859419
599851383
597841157
522421566
557085374
582082887
558309909
639369010
629290906
626990095
612308807
598596706
547616084
568496018
585482815
500632450
539796585
604373945
662583644
634328235
612491548
518358211
571122737
654436640
540488262
525720601
546523377
614180296
662940501
518655482
555343936
560359754
526298126
578799885
659033974
640572309
634359589
649507659
597891935
648501467
523194477
628679779
609840314
590335911
544683561
539336313
642182469
541804478
498802785
591235717
518710814
661439887
577273032
641071778
610241309
590026094
556159807
456427108
661708899
571951355
579208405
401252449
494394367
663651661
616344040
587709643
648405567
534313090
580643242
603721643
666033084
625653915
555920762
601167603
440409284
541016387
449273805
507962101
622789163
612164298
549879723
578349538
501715272
616614114
663780376
666079013
598280681
507982680
642387900
632756801
559249411
526585209
577960904
632128100
623918041
580997054
590492606
639645276
616611089
511345467
649203536
622715627
633150819
596653083
628111951
561318634
611363713
637776850
523475297
657364388
462593544
639502755
547484345
593826731
660993154
565731855
660432582
533344502
593052243
623261813
512813887
565494717
585488129
427775251
570633036
575639538
648276371
578190806
453448393
524885770
554377642
538685103
532143515
572079722
656623310
537097548
603643472
615753547
593052243
607398807
515485021
657305585
468585710
523719537
665998240
648090175
663912315
565895046
666544844
533119152
493563674
666268567
524939626
595292166
501612998
459512377
534604913
522128836
664176175
607421631
605077274
492530845
639478241
600515729
617982161
633019637
519444889
601851913
564293854
524431364
533015390
547059825
629181713
615175896
549031105
609390122
564261737
612630733
570804274
532323342
529062468
656295878
632628722
536612626
659083740
562176497
600009618
643871235
664151202
625814073
560533601
627974376
576726050
604586079
514684628
452778311
658781699
574443690
655995922
556237699
642378870
587179754
599628904
609145181
605920466
662338965
632331650
656940102
646538903
659858818
562050724
557314488
575088723
660271514
620886421
522381162
598542621
457651560
499317083
666158491
624039336
525774824
535510046
617697740
571003248
655689422
575758871
581099176
585597322
579395821
582092429
512018915
516351067
622385834
597354212
557149029
450512718
617182075
631803566
652053730
633500128
662465844
525721888
558180045
542552638
540239734
388682393
603790994
596378664
607497514
648420721
552173334
525177020
620398145
539996643
539678240
658522361
591872846
629181713
590612347
591164816
613747928
584338927
492154533
650248741
622795104
592477536
597021873
603506423
664744648
506828133
611102927
615115930
574216067
558752685
568260819
576152189
588635307
601702502
614470964
509762661
663285204
602126647
530794832
655794146
650832370
485504397
652594354
564636835
665912372
621370949
602831394
599001090
556623071
606740254
501680369
506421495
656775732
519798609
603069881
637813514
556122128
518775067
585079365
656186325
614191418
513451252
577780948
468314986
540034824
586927847
654141652
619327469
453978253
579208405
602044829
558431030
643871235
525945316
631387127
561327592
638293397
551296223
628866348
597027943
647162260
416644068
527792832
615285775
617523027
539813575
584944841
494104081
516158558
592019293
608864272
590421457
549599214
512920198
658846380
646670390
558850625
633815090
547763452
666158491
520433396
551095166
596767523
636564814
594109556
479593444
552578803
570864833
664176175
666646985
622134070
597995857
653880796
612445604
440064069
504152623
603856305
541236234
602800296
591388059
487028882
544199504
624069811
529726797
546195583
628557817
495384621
649498266
584719879
631991050
552995458
555735403
647008565
583843913
614682424
660949845
632568140
665939530
637741748
615942981
652225528
529770530
609718454
535672899
589834832
423076221
578391604
518655482
529818599
567020075
574666886
575654313
660562734
633735514
536970925
666646985
657689822
580821712
597458956
636859469
654369140
482318240
559896091
589950190
556402316
565005432
616876916
451871299
563040694
425260616
659414945
666576198
577780948
657959002
609384827
522979983
576894731
576809557
513923199
527765523
487001717
474806557
460890532
563859608
597799532
564293854
583288437
602299608
648282339
615849297
664116540
517741730
562203140
623333221
638603516
651170531
600334164
554818927
650156011
592822039
631282409
640362618
614148370
435273222
571370920
557383525
443185321
554273092
526436087
583271886
531270153
591664864
610587205
647148390
640427414
543882944
551647769
533982050
577545014
540098809
636566232
540532157
445010831
567967588
604403343
594964426
643164559
571714581
623261813
542910304
640421520
557149029
621475045
518358211
596498971
522363934
581301302
599490828
628081633
599011537
595068112
648882216
565337245
598322165
615638585
665240736
468917770
525721888
497478265
541967089
539398712
492422569
635871197
643618513
645649957
521481428
482617313
666158491
536379209
494230314
605046108
633296843
639551992
571637259
643967563
551312170
631085477
569982088
604853268
469127908
615942981
666571691
648843543
628366669
634181523
495266914
652903594
606475689
489473190
523748973
640745052
588375664
660562734
589527506
590348494
589527506
323151091
445584758
585182153
653235592
641580401
579579948
551329132
655285138
650372025
610067945
622863628
619958960
556152300
592798246
613582109
436366498
655315179
545650336
562290535
432639603
625239166
654124275
591236455
660993154
557605880
644217178
664539549
530801848
539596371
541567175
567179965
600645648
652783982
530449847
656596384
618812479
564759895
589701765
454101387
634809891
594160671
536129254
635685984
661808745
588756795
545983410
558263965
615753547
616149614
633848305
562832524
639428161
514194053
585030023
660055098
626719344
557880478
666174459
455601397
597458956
651150317
628082498
596498573
581575061
617224875
558631362
643929651
589974895
657668366
542638084
559556339
566105530
605812565
503323108
577743070
604805550
583419082
549188581
567640116
640633921
500979665
644671469
577405111
460598298
657722796
631802996
572528684
606744790
605104460
561526213
627637864
640572309
664853081
652903594
536935123
539855237
581134353
527182755
626371837
493404612
557903786
570722118
622052477
637570060
662465844
578766505
520379582
615942981
531012354
659749521
572369162
651647913
641179594
658510463
533897283
440840017
577433911
492528204
629969367
558231165
604966315
492070130
530666875
643716915
492999865
512677146
586020478
656623746
649964595
506529243
518847976
657035928
529770020
666544844
538263150
602044829
525487095
532880342
661195957
558872960
504001196
551447106
619958960
570106314
664252406
592341070
531719984
547997245
615457215
612350996
606412507
598933108
581640251
648136958
482678109
467363035
630216908
661326837
589909314
572593768
610868609
619583228
558835413
632524305
589085115
645301930
601244476
497805840
485567369
589909980
520717534
653166940
613272120
567244051
577392646
630229363
475295512
542376570
646035506
566567076
533115256
569731854
607471031
635423812
633057149
584671731
559645878
537855434
611932071
522773589
645403868
587522754
538948702
553433713
532412687
652767258
606314195
627816686
523016855
647309916
516303718
607794718
535376195
522992365
461370446
622182351
544725836
530775105
570761023
525524975
589092129
573037653
590592256
603207712
534480607
565731855
640504245
590971646
660851729
621530517
542689807
617349215
633798699
530801848
632697145
659432766
656804973
620239866
565979615
592114339
539363002
545983410
430054639
485223137
479407452
549180939
584673565
640340500
539965619
607946788
664771219
567013194
476379385
540527765
615917736
563696237
524139688
655968808
660219296
606894963
619555358
643681220
555593214
463217801
523315805
534177571
584347962
657697258
555405998
531270153
560257697
634359589
604198726
665273749
510875755
643618513
523438026
571315851
629796074
522435238
654123740
595581038
583362633
613512050
486206381
664204568
665988787
558012777
654436640
651055193
664279677
183489276
584944841
582363214
522270009
607810304
545456976
555097492
334536454
559775147
563100671
508735420
665807785
609593704
544899351
535376195
574541299
569781675
563549378
566566906
538325287
651152632
557370376
536206568
566491672
562098308
643783529
621370949
660055098
516671324
480610533
646341482
618029310
571873873
614425819
475199470
596763587
588311877
608521024
531531161
580266919
625236477
661829022
633384281
581860367
542887753
648643989
522581506
602578655
576434940
530595197
663980517
539152789
572676606
469162588
510252040
550330716
641112813
481352935
550758754
635851902
630953537
638923554
651356362
640421520
662338965
640612795
483363445
534196652
537742286
585025919
663523332
560664480
564845198
607700915
520829527
539776890
547548535
532408077
517994614
525721888
612180965
653062534
546469293
532380023
635150194
598095604
631630549
513875785
561286848
608852854
503031068
422054065
607094216
634422921
483520337
522258048
496753765
633123124
540022805
449212532
506111566
623124763
526569676
512848578
605438286
542081805
552521127
629455346
528086889
600091296
629798454
599490828
615849297
513526469
658903295
610640751
544241190
654406852
516643188
577176254
653655958
638544643
657377507
576981914
607059319
581292796
629494794
606108553
524166212
576100796
587121987
666544844
610849106
471904298
634238172
565176723
647309916
657626095
531304343
653409325
611580487
651415726
546787134
536282500
522527810
592678047
503226808
519944715
568496018
620007442
619583228
664539549
647015149
481314428
570086133
612630733
661971290
618779745
648436791
616744978
626660679
602448685
565830304
596427635
624069811
664342257
588090689
562638585
470925239
638823586
523151714
532027083
601981990
637147104
608678545
544058818
549375217
621153215
560223150
585905238
625653915
499774729
635704618
528043702
492507988
558710436
547102546
541286582
666075390
586015667
529387157
622472029
551860116
608678545
506984523
504466423
580327708
657651271
473204680
502049451
605337541
660151199
650912393
555502932
578391604
499412120
581191430
530398518
522054819
655911471
490954824
606440976
621685076
660407506
561892416
537235511
559145686
665656831
579707542
645198811
553671116
618185755
582905781
575218816
656885226
581162225
591525134
527559598
475742211
554586735
577928466
590649034
572878229
559386795
552995458
604361688
564407082
600427676
664247174
665057822
476372671
530182929
595987896
623268562
665901940
648655253
649330872
594004799
557779163
524224454
539523138
575104247
586158736
664302770
541558758
647309916
530292169
615258519
501839736
528342350
628082498
582568557
521713271
602000109
511401705
605278258
632959419
596767523
656027565
620556455
539799446
563368054
660793086
605972505
548238427
630953537
642500778
618105188
594290795
514901398
654543044
645674171
615645394
488960658
641651497
600177351
554102085
611335471
647309916
618798875
548061079
491369670
528147193
489791038
537800384
577337165
538385562
483787461
535029079
573037653
638569070
666158491
665608992
497828628
585930818
601981990
606028549
578963351
630264718
643777996
602508577
665480801
599281184
647026965
574668496
657810445
609310104
505955649
560263126
555819713
502006451
534264080
535140877
639172181
530977492
523016855
562859533
570545504
628557817
583997086
635951279
666394850
597042902
619297434
605686381
520717534
625297893
566863992
602941270
656906412
578799885
605756128
578133537
559879341
593820452
661602000
547331554
605999180
611317885
618668681
632160398
666271721
601504575
664098700
509195083
593144009
566689244
620208196
612919216
566711015
536715335
666544844
562552102
618190042
593815574
450972067
584632789
594035660
652431686
483768584
563025542
571325461
660055098
518221671
603506423
494379193
603996553
613306434
602206719
634864557
618507739
497250500
610902086
452272306
513052550
616749762
646898496
606412507
515437617
660661596
641995771
590407293
528558006
519199852
643251352
573335319
599207732
528524025
597802007
547659895
640425490
620870423
517246894
486144943
504148436
613138218
512560086
499817792
633303381
476001824
544368377
557642654
652741043
581366308
579116144
612109425
598211785
665775213
604110045
647277416
584161578
449831829
613272120
454228575
532418358
571137580
588920578
582071710
424111451
589545899
597345606
529623177
643308420
534859921
534330170
516573259
651481586
560641987
493752901
389452128
636196220
524350379
579563836
487798372
661920221
575218816
632337375
593412387
605953578
552833086
557048302
650657960
636573122
537102105
614376720
616870346
471080736
610529710
615962585
664423416
545928189
587186104
564127610
525714159
623273894
499352602
583591262
597011938
483423633
512068765
639916980
631327359
574216789
534222392
619336717
560692133
621733588
650956149
658096373
566665294
440092510
559893678
493868066
518921653
632869200
663596776
645041505
596415168
553202650
645079348
655636224
588760445
607862216
527796521
549403431
549244791
500433396
525962975
580116685
656047847
582782764
658408862
584161578
665552188
597039519
617403397
623032264
497516385
550572945
622715430
536373556
594544897
570179044
652509878
599107784
653984255
625203728
666646985
568658248
538104964
557081373
514897792
583149726
582790901
533392303
609880808
533808243
456848821
653375209
570438221
564712608
553115102
613808319
654743237
641139276
595718805
661087102
664159308
577202438
582301844
640916805
569266013
541162513
530586290
524520762
526101077
665683059
639840322
647195524
658263941
657916400
593346670
618903765
574274398
550893031
626223256
575804411
510967455
534038306
646587106
545925086
664539549
601265910
499214582
652784237
613485757
656737436
449683536
553792662
638833758
475742211
484054964
561679640
615942981
530182929
564731812
609845006
577633094
638866580
665469540
641127725
631796129
620094473
632959419
666646985
530847422
570800544
550000808
663956017
485239178
601932380
451812430
618366119
544853781
479854411
580971019
509528986
580495962
573275346
584995021
584104494
639454666
527532266
637115397
665908700
553489412
557400241
553785746
663436585
593926741
536171702
555591330
594326027
606708352
533980423
548465886
574732902
468458804
635979834
589449377
652553128
642652479
634780463
561511609
453636008
580203939
568806662
606863940
469411568
454347601
571495188
537942538
666387800
576434940
643618513
608678545
653984255
652383711
618350228
554223369
658401421
666158491
602685800
546675975
620507649
645297269
552444248
591767135
602298027
547863400
633296372
526441345
514670791
575195215
576152189
606886756
536935123
519827340
636132043
589464278
557880456
639469825
618984723
540749573
534053607
650532051
577705293
567084272
601863286
499865485
651575201
563363679
604588689
550572945
637873069
565186543
521038741
646504917
515427851
660122875
572782574
593926631
429008235
663754514
638138461
614656508
622715627
657870723
548932429
523279464
526985499
661682901
604540917
637187440
571873873
561814296
529038214
639200510
578144999
665998240
548989664
575610386
529360310
522146039
566105530
582814233
621530517
626434190
491888288
585430525
611222904
527785771
525524746
560072118
537214716
591980295
492015085
559481208
647401197
520379582
606560630
625251508
508261132
561016918
491016825
601064957
664934200
530280273
596218193
565463043
581710727
642822009
619683778
556291205
597126247
567904017
549537942
519165868
548523629
565593516
603826825
523295064
522066138
609384827
514677973
577563225
602044829
536481425
568521060
633941897
485965470
654520154
632337375
569030863
607004665
558274477
576931468
529387157
570864833
575451039
535672916
648057186
583617075
506086223
666500483
600413492
621365130
593039619
633529314
666449426
548823154
578190806
612633878
631051441
657814603
572087997
650954190
507163408
553927842
589138122
529716191
584750799
644363925
584944841
524266271
517608333
498556838
551860116
574105407
544666190
507509919
583843913
581455594
601863286
638432669
648655253
628351477
665602857
605269653
624043974
664034700
565102796
624495085
592066680
588307239
616503729
637862741
643096165
524898360
552649966
513947958
612977505
665198060
457184922
549763055
554766682
635363576
490909926
624904085
575052300
519709817
611009025
640117839
556386157
665712471
640737252
632217747
592759036
537675845
514065206
544755116
582605521
566336077
583233958
640354024
657377507
582799571
609139815
614486338
639031247
628019493
645085151
532302584
535593427
593389681
564430026
570324030
634357968
595615927
626601563
641112813
643871235
655995922
543560362
577285168
658690304
645437416
665678943
666158491
555681350
623656945
613685672
564462257
602796751
528770466
479559098
664367416
591570882
583591262
584829293
623533346
650569466
590909131
507084885
654743237
617982161
614386476
502645779
593978349
602796751
571495188
561826962
562104192
579318568
617478769
566131297
539975875
510957689
626758168
579446689
645649957
640421520
516597988
579087879
545021652
531689794
583763827
548175293
659414945
560235685
447425069
627309362
604298716
634750047
506515665
658920505
542668710
529511810
553948287
665108527
600948287
525172613
599961361
515977440
547430177
578631703
636862998
604835778
599488402
520535959
643653035
626233827
601920874
541495761
618253900
617268714
543790571
575950262
584704486
529455597
595543548
570379867
632005311
536436806
595541258
634690312
608563501
555717488
621530517
517604651
527785771
621475045
519531310
620728525
663517656
562859533
584298161
639384010
633296372
658900966
535503567
653649914
546601232
481897457
637294685
606050014
652033740
545465582
635148692
571275173
542452237
533119692
649247758
661742763
556045538
645847424
608864272
634334279
537579690
562035549
615722204
607497514
664202316
541786527
611728589
565061553
603921465
633411214
549162002
619363607
665012808
577467063
433233380
521098993
658900966
576087025
649111056
532418358
513972799
650914549
527242784
546906833
614307501
634662740
572367674
577045779
527799759
657664065
643096165
553033900
594472583
590421457
646936359
524612541
589950190
474118644
577262825
561271414
517279364
633848305
606136349
631244947
560138133
609798338
592509361
644280808
664367416
610668456
633757769
665002374
529033150
527594533
522926512
663388745
475385791
491019719
556369185
546045337
572087997
622192166
608154195
520694861
558795307
560072118
597606883
629114288
582631417
449831829
556721682
518399032
618315536
629345868
628630869
592537132
647277286
551647769
605906849
606476957
654870968
572137982
542268369
603194861
483542947
540086796
642499579
610074695
647315625
585488129
545298249
480843806
519906136
618710412
612746191
594484850
572219367
565731855
656258466
536607027
609742763
613708512
556788377
612316235
490564986
535358923
579929157
656615414
562544515
597922247
574904343
645809351
503031068
507913969
630789771
462131586
623099664
544199583
569666858
627788787
579075509
571373581
508714202
626135554
597826032
666288496
616645917
642895919
642113343
592208594
535466784
565045347
573421944
622472029
603241935
660516064
571487711
584584904
491057963
640282707
582715614
661472247
623165500
573779799
579174225
559391610
602096940
580599027
494394552
606012560
660702264
535113474
607577132
493843865
572059971
635685984
593176771
527150380
555670476
605837281
666544844
655717742
655846473
570563908
613708512
549763055
662671206
561120412
540678683
542985635
538558229
553344966
595964505
536270970
494951557
579993010
518221671
564759895
505896780
655286568
533612362
621054596
513635757
592850157
615685909
588416625
626410845
665508648
536551576
561778556
652782004
472211488
661250919
527937998
664634071
534199193
540365287
493139509
665656831
559756132
503524314
560982013
661086241
567179965
628528869
598665533
599722389
666007352
640121768
557135573
592922281
612151170
579600166
663033111
561967689
547196520
571003248
565962069
665956931
496587733
583422900
639384010
631960945
593597628
598440571
582506810
554849747
625845910
614863435
521176375
620541743
634359589
547783811
654509053
616038248
605767978
653514523
534773109
587438303
604743637
623052191
466812344
615712407
564516001
495532131
482588474
596803187
552904927
597140807
631863549
549448339
664156279
622496656
560161756
641494390
666500483
601176146
593256507
464119336
568216206
630388546
664247174
578268894
494555459
413525854
490371248
532637858
624121480
604142861
548581609
535672916
575834696
601233006
588193245
592208594
657375626
540644783
487639770
579674366
518399032
572310543
525052165
520978100
473755174
614548793
643521013
449881941
640421520
552758963
645996205
571487711
560866402
526439015
577780948
534450577
560223150
612636051
456593419
632628722
521472359
648672533
584584904
542648023
608864272
593743571
574105407
600148292
648232676
650416733
617124519
558464655
470146398
473429915
549939754
613223781
560117082
428778111
660407506
516587446
505343233
552583026
643742264
552909501
637776850
606412507
629403801
489872193
537264255
563943140
603770737
657030376
515613631
542985635
549639953
521722639
597042902
575365722
654338030
550893031
619914198
649203536
522867068
560166030
561846793
618086154
540110772
574666886
596830649
658244923
658401421
515116418
613259477
325744864
583422900
546523377
632153824
412786493
574949406
647279813
512295671
653880796
515919626
566191545
524591685
646519132
527476099
555593214
657857306
567476925
662969349
664486120
429758474
627602287
462111067
658418958
645844210
595795902
529479259
572834532
615203519
473032665
514956326
529753274
617380112
590421457
598865875
645084307
485029253
530729738
502533697
605524286
526606040
453362653
500266894
656618609
623071971
519431951
146986155
551226587
592483517
643626557
660151199
629970519
609339260
516506330
593838031
565504940
631468288
559277136
603173655
538263150
652462423
539363002
548158000
620562182
645079348
577246342
657609043
466873865
565941081
531964116
592536829
586595899
498029189
539089472
533198809
600354977
563367617
576827808
526548220
623367986
658950447
574819117
583991190
556099526
563054549
600427676
649739757
622520341
639916980
583402025
640945749
569354448
623223481
564406869
647309916
528485115
652663349
559249411
644873666
548283325
468062432
633295298
633687008
666500483
634111837
624101389
572367674
587233108
616047873
594122888
613909231
665474313
582163375
532412687
498652751
586571125
524610261
512994054
632331650
615685909
541265163
576847680
612669958
600367920
557639940
527875133
576039856
651249132
541638057
145448358
651315157
597258025
535575883
529256943
524449686
608678545
554880227
616122269
633443872
453246405
604389630
575994720
660456046
578695889
566387459
520498102
575334121
602556271
663454565
573036560
639384010
591502232
556165608
658900966
627098747
646631601
625119019
556159807
631366751
664024316
666088769
644623061
564000782
643367988
529268296
530432350
594343618
574320909
527431942
551220709
554898289
579072482
461821376
539534779
524047026
663523332
556238700
476018902
638860477
587847299
580218838
637776850
395830489
582885395
575628075
455113040
610849106
656039281
598126170
600008355
573355876
620233966
563304176
555657982
547011928
557595968
480640346
665361968
620808874
536165718
527630995
504998404
528878625
578268894
622596560
499211614
520497550
556350906
593827710
658371448
570925665
666007352
631173091
656312556
600137045
665745939
544399173
572545900
643043377
513052550
571403187
518964393
445167375
582092429
657979022
662478490
455958716
593082181
645972923
368620933
480495653
664342257
542975552
562399706
654123740
574630072
628955211
662791817
551486802
492070130
551706596
506306785
560166030
442771764
603995778
630173675
631264392
586980357
532284170
532637858
544088214
603818003
650604090
522927363
632296530
510071335
628930750
582295114
657409454
537527432
610988529
474646241
646901077
621252338
580722477
609580122
642893589
545759108
451719407
594097249
579623873
570632387
505457112
640421520
545129302
601100088
642397233
665480801
516765873
645078320
590241497
625236477
619109827
619077210
650142087
522270009
610130640
552444248
571811869
593838370
544899351
519593281
567603478
534275628
568917485
605438286
611390025
666449426
533654160
557670174
641146863
657263081
524736950
564091208
602920996
516283089
571102625
648470736
641512550
573703225
544847352
494179464
562826378
651588555
633913055
530398518
538068804
583035563
659050742
589055014
532322028
456348821
574716056
512062355
601648306
584298161
599762059
528524025
623367986
595972644
624039336
512188650
544851586
593838031
548430188
574422000
664156279
574098188
478433312
505896313
534785868
545664188
506086223
652802468
630700773
654123740
544241190
626685875
586153132
520399167
613075590
607169185
565186543
650884616
564045243
527431942
516491460
572878229
603109102
554223057
569149341
649964595
588416625
661951153
552654496
604241384
612246308
599991905
650481000
592856416
633941897
511638805
586212649
570438221
655539722
655733639
566105530
564451409
641612552
535886109
387819479
575214563
565055022
538694217
629165747
561526125
617162484
562618628
601863286
562970490
546991881
560974075
514437368
632499472
519827340
609954887
593940341
536062354
439813153
609551322
549919967
648187775
628350883
628388721
650969428
566387459
577979716
524262151
646752991
606663530
592452545
630281756
561878961
609139815
495384621
640310323
640745052
666449426
583603632
601259798
499235692
648818150
645513538
609845006
595331843
622453141
541375330
656868966
565186543
665480801
556784634
578349538
653478049
579960047
615942981
647148390
539357434
620756103
511136074
618270318
616440796
612081044
595525068
610260431
543495816
633019637
653081380
466073066
603303461
561184324
604005628
509207414
464300161
532550994
648052628
661592303
657193580
515208023
575810388
656892214
487249771
455946509
549006110
638391064
519175971
547600365
616692303
575699005
659414945
596318413
662142288
598901174
540610686
653373574
648437959
603733470
598846153
554325611
580294211
500135167
560094125
630772317
558270916
545856822
571821106
612993063
572687468
523230193
593529359
613935089
542597661
567581308
660562734
587597139
630820679
539086814
495082693
563277266
654003010
597254715
551736915
578668673
516028424
524885770
540136861
570151647
489288761
620536208
657021668
539677062
549448339
655884267
593200051
627105359
507775065
566875438
575628075
608678545
577974386
531208542
621849672
520231759
611924793
565790607
627870904
650481000
601166151
610133041
652891736
555097492
516857978
654560621
580439257
663282097
420396814
652903594
580360891
566105530
467347149
620736889
598534486
525433493
624089343
449884358
635633087
636690702
612813149
538045742
538757225
590889731
543556682
491755245
558650844
632499472
629789202
619338697
621331786
583757548
574513136
603033938
620388688
652675048
640572309
575052300
536860147
487747954
588920578
599334637
560926330
510802987
607169185
606770644
651733719
552195105
666106540
666662432
633102918
665540382
514375669
585668027
560712904
612858806
602936030
541315403
628654712
654210531
661811981
555735403
502002925
551860116
665296083
592844604
523694032
618737657
538579157
577743070
536583199
533616527
537811802
623489371
663338840
585952278
599069706
518967604
601584912
653592387
586574453
564430026
657283966
471056041
483146584
521164365
614021018
525032569
621153232
621188992
666544844
459881977
663473179
593144009
630166960
519470735
616762894
579327163
608635673
605799528
570067986
618680460
611726541
598979652
652434815
657664065
625268876
500345073
464630039
503550333
638239500
628490712
565504940
601128267
640572309
575451039
556161690
459621029
576815694
665198060
551494282
541655889
572796371
526194735
613427328
575451039
652096465
533800531
369581918
570917213
646532109
599105796
632381542
573139651
529455597
648655253
516332506
632351574
562679169
559707254
632229270
596493091
466690250
618097272
473869537
571877853
556045538
665602857
598542621
570054061
593800293
478947427
532141668
617403397
659856567
637398247
538668863
569378417
580327708
505704012
593245785
657885855
665269845
646650226
612768174
650248741
519827340
583459262
643967563
665860419
660532780
525172613
559403352
662151640
507115790
602812669
550000808
544164543
565353519
481737253
636859469
600515729
638698014
614098516
571091526
545616562
561426861
661703049
555179478
636337474
583441530
659973001
578365470
663956017
628790451
627461377
515919626
649779406
647401197
471117198
574335330
655160761
585493150
637028763
579075509
657353556
636383612
648436271
594553763
530094172
638456224
620517458
604966315
647315625
547305248
663810590
641250299
551215484
444144439
658700514
561238204
529806772
555831356
627936972
564516880
636196220
507438863
584937792
522291701
643782767
627820861
608877608
616047873
555735403
493210126
559196996
589523087
583673484
522714975
622943761
653235592
564863471
634334279
529195784
428880121
652960244
620588189
566336077
539152789
603580337
596362830
535927498
610935872
634616968
533810192
631469687
620054980
633541280
574900087
540569897
598009372
525177020
553764545
509023074
617477594
481635424
553080409
636925743
573433770
592734260
618048087
602654363
593064703
553439334
609527230
409386353
502254849
566766779
565186543
526370374
635982246
520888239
556652805
525548167
638367350
502992147
549730170
593268028
517302542
546552931
487925430
662971240
622042484
474716668
533846598
562254855
511065722
601305862
577802529
542810075
500673935
540979781
509458709
551797689
665988787
632066940
561158937
643656083
593648652
495441756
512414589
631110485
513719163
657578665
596566361
627471569
642901625
453537988
573044875
647930897
542810075
571583988
633820262
531097363
651588555
564495213
580433741
666023813
474188308
601445129
642752731
562802544
508363985
480425853
591322657
643226287
453978253
554325611
650620892
572369162
539694963
622192273
615717156
493533725
569785128
624205233
621492537
580304674
638948628
511626123
662338965
589337413
543666251
608635673
609492331
519525004
498964237
657814603
560235685
556223052
563824047
593990892
588464618
518358211
619336717
614534781
654790175
517998786
504375774
528498865
652903594
626065691
471904298
603605133
625680199
572121770
594240199
650227867
521133553
583283331
485427751
574355966
647315625
643871235
661829022
582905781
586958504
529752025
634903047
552656047
602954961
656775732
634737267
590925796
508178766
577722004
518410169
596505852
572369162
565466894
664862268
663980517
664725002
497598920
651537788
652306063
615753547
537541153
662018847
652191183
613685306
605420125
623703883
495982292
657353556
510449703
552334893
654123740
470320286
661912115
641179594
608622300
574495623
638138461
618248599
640354024
640572309
651473278
595005949
493687671
596207879
568268878
610100195
590592256
456315076
532583236
592778779
543729039
652741043
566982205
642804542
552654496
608635673
557787615
662583644
542211744
622596560
524885770
484864305
589512017
621530517
546658503
654356624
586996258
597546166
553499224
500570767
631643723
522527054
643462691
552904927
659477352
533426298
593981988
584404916
602335821
635423812
571676021
389336390
585777040
647917543
652352986
605396637
561362170
581138161
461969497
652804484
547227040
516842890
539008940
649339293
638624536
457270011
559664447
503049873
663760034
560054495
655586873
624337301
650796806
549105066
549188171
525394614
524640629
562462166
656487601
658510463
558980775
591388059
565186543
534068886
557382602
412968610
664854604
634269170
642505792
641418894
617092157
503198759
620470950
578318243
662453441
477989372
587985200
510203862
660516064
596865910
603098016
554052060
609513576
663962085
645844210
533203292
602692270
531338253
635654178
566897207
655884267
578743022
648232676
502345876
539054022
654042741
518776357
567646079
624192822
444735938
586087677
476169417
640909350
571137580
606844455
601296498
616730175
558850765
620330008
456793661
512215400
444233626
521932207
565546898
658510463
540610686
653221432
660993154
604862554
647271682
536551989
591517824
554377642
492272221
574073982
538685103
597505632
610810070
666059443
633185751
619909246
522363934
506956447
655038218
552948031
627648039
572640833
658650991
539965619
658937374
605837281
510416247
540175371
618880493
466133066
571951355
603498172
509829065
602034043
565941081
570650954
563258013
507050266
591972978
620723822
608590348
521070831
619511711
561529074
609203451
471134179
602537410
550304830
606770644
530960199
567709193
580704881
478087804
508650420
641995771
657037408
589147381
595972644
545125770
638239500
505896313
593940341
521098993
648882216
626947884
612664961
595521416
615942981
603980536
642371988
597297496
630497663
663002359
585275126
493097061
596211485
570747962
568944065
584298161
548071679
581151869
579731480
566203398
655706240
550329187
540291097
614215545
595805554
598126170
526152613
592074431
622943761
573871304
613911152
533963740
527728627
640596221
612779560
489479594
588970580
665939530
559249411
477370129
664214646
656028761
618897440
382539301
449212532
527306390
495589878
560974034
658781699
647886123
604373945
649321105
580212965
574103529
449618364
662098668
645809351
485031530
586769379
641809835
581764985
618874464
492347822
571348178
572074321
624337301
499540382
637043345
523208014
511616977
626329195
599579921
543926252
594879440
585873323
574933269
598612375
440064494
569385539
557415909
557242830
509207414
572102538
584700828
617728490
550087901
664912161
659387819
652940586
605220208
442963760
663673218
657689822
620736889
635452561
638239500
528092445
593838370
544368377
546601232
638229389
499014812
539008940
594879440
554619315
618086154
603143677
647309916
549952861
541406361
488407733
556004433
611525382
660219296
523529769
485492968
549928328
608635673
559065397
511118359
521932207
526461002
646858188
660219296
659092286
528696552
600700039
571295889
544268773
550635820
601089620
596985788
503069351
646259700
517998786
570962858
649530858
659779426
584298161
602831394
584829293
603017113
617582223
634605010
558733809
625826761
620506323
570324030
617317560
569666858
528550398
635851902
644244358
625845910
408120968
526112800
539834002
504407296
632286122
592291735
624399866
626434190
581439249
663033111
659708143
584768902
522327709
643501272
629982795
552195105
571360495
563841070
527785771
660616486
546681153
580861276
585822662
520991242
547059825
555530232
554102085
643251996
352802134
612994886
593705696
595463178
657495092
577047515
615942981
659866272
524068766
664156279
646976206
563343166
616130862
651429550
589055014
582550476
592483517
642844433
517836398
567408636
549738936
573685659
574370335
490193960
566387459
584584904
637378311
597589202
548992137
483309600
528102505
629798454
620014238
523068003
503817708
666408157
596324109
657495092
610368623
665656831
519666711
601261081
646244102
623367986
512408644
654635492
596788307
472617805
585454334
635710526
640750101
627788787
521095435
583774601
572103448
525543297
614421840
560756070
605178856
507344419
577780948
565553810
581739066
481369768
415085263
623719157
584182766
525721888
587447019
437075548
657193580
639916980
593052243
662779879
653406077
532000835
508031998
616369725
557880456
589246994
566105530
511203269
618000996
661920221
570292777
561663090
637873069
556433261
612246308
538911277
626684999
509982789
486699555
584829293
589617620
518808575
591397639
559249411
622472029
632066940
639816094
662983916
636378594
658934592
666405191
634347765
645359709
623516188
546026125
652553128
559403352
656919195
658371448
656908517
551329132
648291318
477370129
578766505
531942184
627060699
494790755
485059674
539481254
591995964
565546898
549223560
481635424
625818801
619297434
622001698
548569189
569994663
563000355
546176645
616382649
540776673
627027651
627559266
646439047
657697258
541162513
652587753
543902899
586049797
652903594
600334164
622988744
583432889
530432350
516061335
570146215
621733588
628314939
515721948
626143508
611974031
649207774
598322165
554317032
640737252
605659883
638467707
485599277
666413982
549528873
518585750
618880493
604373945
594792129
664302770
610906346
552753579
601918466
578631703
589085115
553119432
645513538
665480801
530847422
638046193
467347149
564218325
482586441
571381015
658199128
597011938
503068332
585185672
559751344
491888695
616022043
438541237
489911776
472374435
615285775
631019534
583389263
545139781
658253761
585182153
577979716
618523077
625438295
584347962
552710058
536119324
545599462
571243432
596004991
537359917
601607992
574508682
534655502
648436791
573174714
554051967
620293245
450874455
598753862
592674815
629969367
554102085
538348788
634815621
589617620
659584967
654998494
484733275
629629259
579956065
629708729
630497663
639767527
643914282
524612282
665474313
651626909
519239939
663023267
480330428
622037509
589954112
569746312
563278086
536605381
537364333
647309916
609341765
605678138
545819397
649207774
594050307
505502638
647824498
520194556
650053237
596493091
631580721
542155484
551397178
519709817
545819397
623473511
528728089
554501488
565613535
609658803
628795860
639947503
659072057
663721789
624688261
528184865
661086241
596623097
544869269
511638805
661113259
565462703
547318973
522271326
605386770
528579174
652553128
603771694
622280151
521038741
279566133
571583988
564117883
599205462
666479967
530847422
547173335
562476044
476915581
654194648
665354286
518921977
642734201
515079895
579579111
629144411
619760963
550242699
616916500
658428761
585488129
643031101
506087529
663412968
649339293
576655490
637675726
625380467
648655253
625817035
616864943
643558628
597860266
576386575
615272802
479513906
579935688
535526868
554290211
543557801
530116863
657153030
483736994
638467707
594964426
655038218
599189958
618048087
525589939
666254927
620208196
587929268
553779385
538448385
520040279
519132599
546520399
653409325
605098056
651926764
585740369
664579874
597841979
472508311
626410845
607497514
557485952
543590231
504476726
577726919
460896712
522073533
524520762
502075915
576332720
652921053
595022071
652891736
612148217
506358104
615141385
636757607
518390450
646519132
530658366
610859075
513303006
602014565
643681220
608033609
638185263
564176178
531719984
582905781
525593855
562481946
647985749
597546166
480671236
537893056
569320899
478036391
602135663
595181588
580934626
644735611
571325461
453058664
620163076
568229366
525580932
558163498
601648306
601702502
508528463
665025614
633906650
665276554
616781339
645194803
498964237
596427635
599875333
637943341
579864991
501659594
661682901
615942981
539014892
622192273
614857797
568510156
619958960
505558542
531633216
553543052
538416598
664260099
602391972
588867640
661308244
547879231
596075984
589147381
620312641
573815483
633913055
621358988
606804853
507645904
540136861
540110772
589160470
537759219
564270850
649179571
654141652
652903594
523529769
601685909
605812565
549705550
597258025
528813790
514250818
490142166
552833086
620933205
593233652
552482402
649819039
529121735
646907542
536171702
591521128
565504940
632263923
574694846
524449686
600753180
628474707
637442507
544039908
608635673
599107784
535263210
578474195
660219296
637654672
540614523
639502755
665025614
627283438
512125939
593200051
602494515
594532924
546816219
554818927
656561511
664725002
650796881
527799759
595110428
644153200
480053424
532921152
654141652
526569676
607928314
658061622
547486361
562822720
584104494
516773267
637456410
663267331
595610965
580585752
563228535
622192166
469886852
632190960
658781699
663534766
507336407
572995472
569781675
623161745
529890658
640362618
574224014
657375626
662671206
553481257
532767443
599388102
578324228
559858901
565018253
625804894
439869141
608852854
546265845
557314488
495971647
500611698
649321105
594528938
656501209
523453453
565176723
534363855
568959911
556327464
659300261
540213869
578349538
656295878
650549763
646532109
503547298
635948725
604411927
554880227
582064745
618913998
642338159
555946924
502264744
641112813
653689510
663315469
587786059
618248599
512298198
424542153
521560391
612240569
645078320
529716191
655810760
624849311
661195957
569145103
500611698
604448035
656923224
574303805
505291787
513947958
507913969
620073508
592430243
631580721
616730175
642072564
542694905
640421520
491341884
615990464
595132069
653178489
581264460
530418712
663850538
597011938
647886123
553811710
537591707
569157574
665474313
621279921
480775857
530387258
610693557
610786669
625992141
514684628
558238461
497330774
470325810
544807510
584029188
505075264
644969640
658371448
611948311
542668304
511671900
665317363
610783375
588674456
591064160
624057327
545217291
620384656
585547523
640078261
571583988
663754514
547965810
631431724
559530807
607238588
643993197
575027058
653238476
654790255
543926252
665656831
564479689
533217764
582387372
608467335
569731854
627990168
620689175
620896047
642101090
665939530
533924156
567232109
446761130
519130475
649932149
644015234
652594354
549078806
565443591
483369025
555097492
580433741
584575023
648470736
544778827
622190525
543520740
560866402
607497180
546376115
524473526
529980321
575777317
482665977
661313464
539996643
547932799
610378471
514135011
542633983
576100796
527264039
665048215
608481433
534785868
623981038
607143223
550912661
563410191
646315033
629411750
430823941
659283233
633736143
608864272
503282514
542122873
640095374
375777422
658846975
650311877
570577277
598073228
582689943
554207170
579277095
631158067
486995996
564318586
653409325
663721789
652462423
558698862
501612998
570107187
477648450
545928189
632989495
533273845
635242115
566223549
554898289
656850494
631821106
662074083
615330110
566105530
492674823
655731658
651011961
637950452
508074064
619134801
609145181
599735163
562290535
609771937
592235200
634702878
538119613
457022730
626941264
594097249
527952420
593063483
502207154
555592508
523384942
547983133
610416181
627045157
605539478
450168896
660969951
632331650
524992920
531277327
498280723
501099707
456601886
500352818
534735057
638319698
554849747
595512068
622530425
578112831
620756103
492948105
585977965
528504747
590025375
569496388
484641510
405011054
529205363
560094125
591776484
628344949
490377155
592130361
613500689
650696284
524512996
488235897
655689422
611602718
645987579
519254602
555037943
555398141
634709157
628873190
524982011
567546269
610868609
565186543
557176906
619721104
488042417
554294461
511136074
584023594
503092849
622192273
555743431
519827340
657689822
484832474
556350906
603790994
595987896
649874602
507509919
587327862
606886871
599533812
597685757
546235645
537364333
497456231
658146410
508033484
550928836
664302770
613336298
666576198
654566277
655858021
555329771
539984436
544006957
656253194
648298625
513513365
611342955
588154531
616236015
578631703
603612722
603288451
453118599
601607992
612630733
589912207
493999892
663912315
547318973
528888062
630829446
650266930
604202664
664302770
654010189
629969367
634419291
536007641
597006311
566859551
580997054
547408651
607261037
539012281
504482843
652983525
666158491
542514053
528886050
579517848
533897283
503906752
629025327
537621445
662971181
581583555
665618629
560641773
631276622
589449377
567084272
596814831
654790255
559208517
589449377
633563823
630783050
530418712
632106390
605837281
648059982
568571091
531270153
551273602
604197642
657677841
612876525
585952278
462651844
640050201
554366557
513875785
654319904
590858203
630229363
457645458
666252939
479334499
635294380
568368317
544586088
654141652
574781942
562679169
597011938
598456258
639369010
596803187
567623585
551930804
556351290
569279541
577420219
580034494
488885905
618496401
552823564
631462025
584542919
661354127
508802092
559829228
519827340
636803990
643944258
577532646
513354354
490360397
657375626
640314190
536860147
525490447
576638880
619256847
593052243
479429359
629889926
664444345
526569676
625334018
514288715
618248599
579447778
506865354
565653558
538269344
619583228
618414569
612783732
662074083
624039336
545228452
628520339
577107972
549978823
521301697
560735849
540794502
619775923
636967743
581452027
556369561
585257198
636859469
506828001
569952451
522949879
541380259
560784027
602796751
549283508
587099453
659343551
453307199
511176229
457645458
433861199
646587106
572467183
551971916
541315403
539140727
641303387
604373945
474259483
543957547
523151714
549130358
540110772
552697717
620291460
666288496
663463399
658900966
525972081
624490745
590790769
666544844
654087300
629137443
652150743
665025614
629510702
498139176
497544300
568162329
655352536
648461526
565983569
560271139
602831394
633906650
521736252
616272793
512233294
621851701
526326329
631327359
540717955
554239986
648818150
652191183
616047873
559456338
623719157
467766731
600616541
559491014
539152789
622192273
597995857
518017213
664151202
545745101
596666137
581218744
653655958
616022043
614000420
645339191
611709241
523438026
666449426
634211122
657331823
663810590
663436585
630772317
662288731
549912834
591604251
506840825
647266203
653107946
638046193
650354556
573544040
630789771
594472583
588598306
605837281
606019867
565186543
518962932
649321105
581345491
665552188
519152867
661795540
621784051
572481824
526986262
565557346
652352986
531366640
491234655
509910634
503367402
511136074
524973217
533727629
638610621
594528938
501612998
619935676
619792821
525920580
489496324
591803330
633541280
488773916
520888239
610578355
599968704
613862941
449869487
664444345
598049675
551860116
562371855
509947828
609126496
568610381
650300299
580958421
548227721
611924793
558298743
564788341
530847422
572494031
634568526
656804973
507913969
577579013
646453350
661621551
643341404
535172772
583369032
646721956
511119944
664068479
603628013
527233858
645000663
545928189
621252338
512062355
562231574
469291448
666059443
563974589
589245620
537671498
531026397
618276879
551444417
524298678
532573199
424923543
666350627
545928189
575088723
545619058
641432575
530939391
610759688
572369162
408373760
642823788
652431686
529349438
631720686
595590556
631975340
474061572
537574397
562679169
509525382
623071971
546900711
575333562
623907902
633840682
538274224
616709437
609063541
632371813
597036313
578706148
639048911
660219296
368746693
652223950
496587733
607417039
554709673
635445664
479811372
530536412
604192263
611657134
599083298
565731855
629184155
536935123
625926597
658925258
618880493
604583142
462325499
632959419
660055098
562253341
521176375
544966030
591982648
634628412
632495901
521531446
521834678
639102789
651407403
653166940
433776059
539799446
544680015
539089782
576485661
632190960
637899454
619118780
559403778
626570663
590891079
515620550
602299782
521133553
608413786
642500778
519827340
570757877
491282107
571003248
618163953
642289973
571917423
646360832
657457224
539694963
597237629
619759850
657916400
613149556
651750273
631387127
610416181
514060180
628490712
618342719
535069780
603580337
629511587
615419060
529028009
601008877
522482571
542265538
486574407
665304646
545249576
612022077
633681004
550809958
649028195
567959313
597967523
600367920
575027058
497431117
631469687
570476728
567478847
576535812
537218624
490508295
595880178
595525068
546658503
491929308
644406968
656186325
638823586
571265149
665000936
563375794
652946255
554808517
573018559
639737933
639975199
574602741
542200969
622192166
529286514
573033931
612768174
421703717
580339570
469411568
654003010
628974349
561814296
522234334
662136469
504924423
658501146
582441903
554325611
658942302
464863446
486995996
610640751
648643989
619327469
469624287
487741122
659522321
559814113
543321279
555586323
619811537
562231574
520453006
569133841
586924723
655689422
593978349
488752292
520256017
621477247
665012808
582905781
617692286
579052565
665317363
463831178
496800937
628861317
594066065
580757814
631821106
565362618
659149664
633913055
643783529
657960036
550385483
659436021
624101389
629078928
545717253
542020588
567546269
651904004
654596597
570292777
570720788
560072118
627233667
558904495
594129876
449884358
560974034
616645917
652787892
616599858
659758053
577045779
520247373
557642654
536776044
508569909
643130046
657703892
537214716
590948706
618180901
541380259
593765843
453214931
654598428
643871235
499181137
537733529
575218816
547415944
533800531
540335058
647405515
663580083
615882737
498405075
627375040
652352986
593118769
536852857
655286568
641352097
516261920
625157907
647309916
551267329
557302959
602692270
612783732
497096777
571370920
569621006
485189557
589527506
537294495
550699593
641215633
659584967
572834532
474620368
520688959
654522595
627602287
588840360
574864863
659092286
558768233
609593704
653495174
546540496
545456976
666294035
504482843
587747289
593112664
540442397
622446539
604411927
636533393
537208576
532143515
518314035
534036346
658243649
530034790
531206759
666646985
432246873
631953161
491779439
554554181
662370045
466873865
548768324
525844932
633906650
518970409
511205349
573098316
563137468
574731433
613747928
656615414
637736216
474879259
550809958
531964116
654255947
608512513
491471990
556045538
595315085
546784927
600177351
547621754
639251235
609528182
492533624
608020839
535575883
596892227
590243827
579674366
635816752
554880227
475111051
485972552
624838794
616344040
557598454
656590866
640914528
585699242
512189942
591404654
656295878
653693530
660410003
649637498
588842790
615226136
655316727
638126028
486586910
652804570
567090780
609078403
515955542
665656831
532505061
579160949
640477988
664367416
611580487
641303387
586124558
548427611
594879440
556847262
589945408
596736067
550935224
658510463
533595192
576247240
580630535
616058837
635187062
666150257
657979921
532985699
478516872
579075509
647871346
588970580
630817422
566807563
618215566
543229568
638788032
612342287
513626076
528247655
455672634
514827254
570844881
624825486
630173675
589476495
639863245
533640474
654969788
575254672
629543495
607497514
639589929
643882831
556057466
635558687
540004989
549768959
617851653
529459850
619909246
665108527
616695792
554317032
659092286
652729249
358269389
523151714
653221432
484471090
574541299
563927749
630966983
610325895
496373399
511991984
600832490
563367242
609384468
628705284
633541280
603301004
483542947
492846718
628472907
535106911
654274606
607471031
567195745
550223622
573113388
565463043
521713271
633815090
579075509
530418712
609907168
664170098
645158836
612630733
536171702
567360004
530094172
606405251
649741781
545861228
661626777
532917139
433212695
582607202
530652362
501329553
574926134
617998609
554408895
625762097
579238310
642658317
630829446
647266203
558065253
610232493
572775598
623918041
560442415
660219296
598144895
516274315
579931003
554880227
622726475
553338027
547881360
648643989
597704034
544963138
572773645
521512659
550187213
606740254
633482804
657940548
618472086
569982088
597036313
486080629
556428910
618105957
643993197
517310543
575451039
532734336
664791014
601176146
660219296
651575201
650213343
519827340
626020056
547953915
605756128
663338840
647027417
569785865
600051287
466176576
516381383
596672397
576188969
612674306
608275293
611882197
591652348
648437959
645359709
471101014
614729129
634343624
595365256
541904937
601287274
665656831
623466874
599443815
653693530
578145294
663760034
519203181
663095064
616209832
646400007
455202385
510712682
532409013
585699742
635014827
501399999
554009465
491856839
635026384
569781675
645722860
554239986
508096443
552195105
657500238
557995762
496106591
550867051
596830649
473013185
609384827
532412687
621151373
565186543
654560621
568593819
511117025
627543348
639571163
578109860
631960945
528221032
567233229
605827659
521146530
606041557
524703989
518250796
601247709
662364280
610578355
512018915
601623650
581668613
484221410
546935660
557846809
609528182
514131770
523427486
539106312
607169185
572018046
555924442
582723104
604314235
642020057
533049153
522216875
634564506
565186543
502254849
565699959
489092450
593687122
491755245
533182946
592297014
615645394
664989800
657722796
469624287
592241677
602941270
567408636
570225583
509808645
583733941
521772132
659759412
655035539
591503551
556011729
663033111
663517656
596218193
492997262
584023594
607497514
502982044
567408636
658353465
583412191
641112813
661708899
665085867
655689422
558584002
544969921
662671206
623592758
623099664
520025526
516434198
630264718
588375664
577908685
616088371
631144173
537752370
589207787
657844450
536562864
577743764
558980775
554346725
564428089
452645540
589527506
655144380
579075509
586467110
627544200
637736216
645050064
610191416
640675022
640036543
563929756
541708880
515734046
651992029
655286568
523194247
572878239
518094542
560601415
450486321
595080521
518077099
579449552
618084805
586987103
584491398
535929594
500020363
636163886
615753547
638367350
543809402
628474707
659092286
610376890
540576887
538119613
665269845
661682901
471641627
527559598
600832490
492473234
610133041
544435246
404082634
568601385
544586088
553386798
593513361
615638585
544125867
656501209
562290535
617124519
577921286
536970717
516687439
526317684
559450111
485953669
560583387
560319475
521833019
648845238
589950190
615175896
663338840
546877246
540249435
539408909
498964237
449418227
556204352
646693526
585367910
487642593
569515415
473378367
624825486
663371660
598592954
599842963
541016387
478282582
601243470
499441580
549283508
490999739
613993336
589055014
519827340
564730384
640278357
471641627
616105530
614261553
531926732
518577588
609145181
610578355
579563836
509159326
654003010
614160036
599894823
448563903
657334759
563119096
573865803
632065612
653166940
565583353
524740865
490598621
584704486
653316102
510712682
588428511
572674841
503654529
658510463
591886928
545390737
579232615
526903491
660927154
644628255
612361557
590896869
499675872
603194861
659856567
562425977
539689586
474391797
629078928
506844469
550183830
610067945
628974349
605726012
503249371
521184703
664219510
562859533
387641930
400695452
579507999
659288495
648689263
645639428
571091526
506828133
597995857
601261081
652117267
647275171
556652805
620627246
547108674
516595769
615994228
629221815
612159896
631978311
661951153
629221815
573025093
514267600
579277095
606886871
539749240
550928836
643656083
581161458
631144173
364538416
646413360
566336077
543654418
644377915
617403397
652060914
588138873
647309916
567784755
613353024
531101442
608894421
666304955
487912660
511657426
511401847
478134156
558324658
655586187
647279813
646400007
518564240
632001198
629696358
591587232
532318287
564407553
657495648
642406096
644239441
512487680
566168036
664025767
455787952
664888495
579773150
657196097
659092286
658096373
578611039
498280723
608835746
626555709
500185810
548890931
513882979
593115855
548111258
523456438
653166940
663050172
617504645
630878364
541130802
665667729
651077826
656682278
665656831
515016758
649911196
442771764
575214563
601244476
586590299
628471482
550102615
647401197
523791166
532380023
563211370
567623585
546919996
495031258
662671206
554709673
567546269
552444248
609845006
488042714
585711203
629332177
646127630
503044130
562503068
661145174
519152867
550796603
507112605
566073040
609063541
608129432
645236003
453636008
536781051
510808697
562035549
477370129
504833411
637834391
541871640
528646771
525913158
596034294
620208196
624069811
641653175
623071971
566097313
576034419
657353556
504225343
492154533
589856654
527698520
653200849
664345732
572654325
524329357
636648663
606894963
603506423
619396895
585930818
639515030
575492773
522446591
533036413
573810592
622761131
572593768
581232177
497805840
596711440
538385562
507142567
620728525
596607313
545619058
554709673
634422921
562231574
652378827
572103448
532921152
600577502
514485943
648843543
554223369
665699763
477994383
552723397
601739495
658371448
622818532
582207167
519431951
598005216
596112550
642020057
629570907
534398873
661973701
652025325
541483549
455225687
591433141
514613314
560866402
661434817
483309600
566105530
542122873
626410845
636474560
658522361
572849910
594901806
460163440
492292354
548456819
620033650
586469608
517604651
511101342
660219296
577743764
521133553
585841687
624338345
610798237
492507988
550484357
495599344
470546156
581626108
659321027
657375626
609021893
661951153
531279023
614667803
600204069
641580401
561258451
640914528
516671324
632387494
580185002
491341884
636617430
632076364
634359589
621064755
657635423
603977293
648681418
607928288
636472643
541040976
493664732
666449426
461538136
550063437
657940548
634818393
608635673
589531171
642734201
622551512
587738113
593339660
505578656
640421520
558111512
589463770
590130703
629447255
641486814
575088723
609063541
613512050
559220938
658253761
518357738
613508120
630498016
559381375
549759120
595652323
557849670
588380743
632128960
637115397
577241847
552779746
595761439
584584904
647985749
641679632
531955991
633685143
595110428
657156661
579274683
533049153
627974376
571122737
600878881
542880734
606338310
607823138
647232856
539694963
527785771
509207414
599795378
578199776
618059473
523590338
478516872
603870374
610067945
643308420
552656047
563321695
625710357
521813274
509031474
557598454
656028761
598617687
522031365
532380023
517279364
495131177
578840693
563839355
666007352
566105530
505959326
609191535
549744699
621019133
655858021
606412507
633062956
521436837
565930914
643004185
666196703
604515731
607172450
615415481
515434997
506956447
554325611
542452237
547946300
602206719
556159708
524612541
477448019
666482367
484582669
666646985
596537967
637675726
572663281
608114831
616286075
619969260
657916400
539939226
566105530
622789163
482781638
580599027
527413506
634697382
636419443
650696284
557639940
615942981
513450258
627788787
471725169
623391277
654258904
665884456
618984723
536860147
628669135
612638482
664791014
618048087
658033300
631464221
571860882
662443210
544368377
621564968
646571082
597881405
581626108
565804955
585860015
486151230
551494282
588761592
586777831
548456819
447541350
645706376
575786773
591779269
504475551
536233103
666609935
646070507
554102085
526531314
559411878
656896621
594598809
570754502
635851902
620497912
467706954
610067945
610992612
662362727
638293397
572161622
532140684
608784697
554880227
557766059
603996553
531235543
635148692
647926723
625639080
643863052
653221432
639645276
665699986
587412215
564559133
594616777
523151714
592709431
563025542
510123208
450729034
596739514
487001717
624825486
598530877
660245978
641132878
651832292
541551186
608864272
603628013
615942981
544853781
520888239
628186116
597415722
663528889
539749240
602859274
562145567
623124763
598274197
573967554
537286905
661708899
598542621
554076595
567678176
606042055
616058837
489275503
397531947
421475273
604051718
598009372
645972923
660219296
576723450
604382280
600693021
655625802
656631355
623971562
519753075
644958643
581064376
569260047
540213869
519289189
656153550
621168570
608270693
641691677
660415613
604479941
652374031
619261212
611334622
542689807
582849321
640282707
601128979
659414945
577705293
490056478
649407694
495257973
505592090
498370501
603612722
485002125
612746191
614740874
544435957
558003404
572834532
634595254
575599441
579075509
416644068
524939626
620851976
619653681
521567082
595973596
605897088
557048302
569509236
566105530
522128836
647401197
543948617
664367416
558268850
548136342
547530188
628630869
614910986
597458956
594516168
625268876
658147017
647059625
616798763
514864283
633886440
650773671
581885431
602549696
579931003
528256794
494694339
547867913
512303022
524271415
649345953
549179424
535550668
628915187
565401859
652903594
211882852
520049945
570682246
528767718
456735442
549928328
641072342
565804955
583821241
537945480
661114751
558481388
663517656
539122139
638632609
664423416
603069881
592019293
498582929
589476495
574607777
566260297
620239928
659759412
543728592
569390693
537779135
548685458
658622695
625755947
584584904
526135166
518385486
625407051
649008000
649247758
654596597
648672533
643691716
533899572
583593878
574224014
648752458
558045410
522363934
621285326
618183053
575027058
637690282
591386423
544388074
656028761
508137345
474493120
543445924
640077408
597564848
629025327
578643454
654127467
608228302
549169195
615990464
647589018
607497180
664200409
631736902
558003404
643349785
579296194
573253613
522124356
620208196
501324348
637723772
601974997
578054833
647930897
596711440
627599437
655986980
649847491
599441286
585582018
545877225
530771701
579693615
562037807
609063541
662178689
473053420
616310586
601261081
626840857
539012281
618048087
588464618
647886123
665082503
615127710
492846718
592631243
637582602
615764630
553527534
639369010
631129722
642367114
574401991
607135809
638880364
528962882
545166805
570917213
542880734
599443768
655893815
661682901
656075903
562104192
552482402
521436924
574850729
590041188
636721336
536964771
519827340
537886965
555094161
656499065
454228575
529323871
537129604
661682901
564516880
559004546
492608975
517604651
513875785
628932718
658857185
523450301
544006957
567306030
540189722
659708848
573248194
657429132
555670476
625515870
507645904
543804679
556721682
602395149
558884888
466812344
512625539
480013299
525496651
657703892
466133066
549188171
525784081
547530188
626652193
408053372
584491398
480873773
596158733
588375664
537218624
661951153
517307513
587208793
539975937
642400199
474245254
659670236
558298743
610616004
565546898
498802785
569693059
583870094
560641773
408013885
506610328
596874281
638367350
662032932
535452906
644888422
481887402
520888239
633001365
526938603
490598621
579864648
635823564
555924442
563911309
598617687
666449426
500352818
532901809
605655004
579859867
604989692
573020787
578349538
589950190
602000109
563000355
631747973
665198060
664367416
640421520
521436837
578142604
519611787
489432781
535106911
639527250
665683059
564664965
578977677
644156962
492557934
656152584
648931781
562679169
530657745
633832341
587283039
648599845
652025325
535672916
645987579
516491460
644930819
485085517
509207414
648247455
528675073
666268567
593041538
646752991
663338840
556721682
583019499
479360003
596075984
495643873
582043118
556178419
527941538
580401795
651588555
590023964
580432048
542266005
555735403
572103448
513467279
642020057
566875438
541593847
652462423
631448249
566105530
664744648
521994728
637115397
538252343
571875375
621740286
564255313
661326837
480049248
508650420
631158067
646781821
642168308
611335471
609845006
653316102
644296706
632819568
541951785
666195916
518182169
657495092
533384740
657495092
658104578
585741914
657703892
650335456
521698597
621541505
666142574
601976322
645021697
524335398
562231574
557784540
665198060
652933344
635363576
556045538
534196652
628387491
198323273
662501620
578852760
589627901
453569448
457084033
612813149
600174302
623333221
546681153
594879440
579307391
528845261
658475611
535209634
473506019
658329768
523633161
645905339
623533346
554325611
650561713
593033273
588380743
584575023
637741748
568258231
583263891
608635673
536922356
647101862
568160968
663706074
547847407
660702264
559922808
508645712
658904979
540240261
665469540
618336697
593597628
455946509
591804667
519944715
540944760
618798795
610849106
551419934
595652323
567172170
640477988
628669135
665474313
590152426
629969367
646372044
545337031
584027926
632066940
652585645
595378297
622943761
558760044
664156279
601629935
604160058
549045557
584883981
593838031
648136651
595133967
558584002
659562083
568268878
614746703
498083333
545469375
545925086
555435877
549244791
590294423
607528392
635242115
642347745
634823538
528391629
591293024
611278203
537189122
492332420
613113518
528817417
480046881
628188808
661874896
665682589
619468971
635951279
542236382
625766247
615942981
645809351
554808517
512226691
619752024
565504940
571211734
497828628
658510463
624825486
508569909
550758754
501349086
544265499
579468643
623268562
639589181
552895678
565273938
527783977
564462257
543339405
611829733
589865229
622767566
511084760
476423941
530589349
658846975
627545989
658781699
426682099
517290781
580294211
562439506
665273749
476791988
612081044
572103448
636102227
622348774
597011938
654814080
615147368
502782585
514542114
576100796
639827744
652393402
641949614
554516906
506897537
632001198
621252338
588542725
479407452
519377623
593838031
655764349
640914528
590603563
534000576
453978253
580817633
550616419
547318973
654123740
658900966
580997054
665317363
424217389
534023124
635734602
649741781
586585167
570234799
638279740
564702932
483462392
591155380
663528889
523312062
593032606
599043373
569261760
630283021
475148016
664302770
604588689
631487351
543872636
551267329
590348494
647309916
496790916
567178142
647635601
537586893
498022645
592021640
549904293
542397179
573310324
630766392
587769826
555578118
509900732
642182469
646453350
527728627
535933713
572308674
520886125
619583228
562476044
583620738
664842182
526634959
657620597
533685426
632756801
578853399
654874201
492347822
563119096
506865354
594266243
597031027
579072482
480912591
588713815
665296083
632959419
520498102
593064217
657193580
593643114
561891920
530867915
619760963
641546929
659750232
523767362
515427851
599114852
616547873
615238140
643218291
626096108
599737534
615805644
582782764
520627697
579507999
524612541
646400007
623367986
661587994
579357083
660219296
537733529
662465844
469886852
564682393
636797332
576471840
509190345
661326837
664260099
443833958
595331843
660410003
661682901
619760963
649619406
624825486
634750047
572087997
656406917
618798795
621531237
537684306
546521986
513642929
550572945
551227018
610321805
629137443
623740771
543341031
456957328
605972505
533545548
526257153
661539230
665656831
596711440
513826906
625515870
658436191
647734044
560922015
513972799
553527534
453978253
644239441
605726738
502221948
550989014
661708899
460163440
655556148
495536351
603302947
642672382
648339338
579468643
660271514
586340672
665292929
594129876
574948484
506529243
559391610
395222409
615963223
630456401
503454730
523151714
637406825
596711440
616524927
605610381
599490828
536935123
570410248
580290897
604002008
551698292
539965619
633913055
567112469
558630978
545114855
608394636
666033084
650360636
631007169
634595254
454234380
664539549
649983877
657814603
659522321
505663170
664367416
467285445
507914939
581183163
635580179
560442025
608934293
661611083
521713271
505490594
589512017
657659060
453307199
566267847
635701819
501132701
584391055
609513576
506436724
427799820
559879341
583161045
433212695
474652684
614516599
588756937
622189852
560601415
652901102
552401976
626695828
476910137
541322876
597480005
548957654
574268715
589974895
564183855
535704306
651007576
511401705
634111837
605335038
617937747
563073004
595344703
655884267
526745832
432696651
644234124
600377252
519527842
650759353
662621938
513052333
665120276
654105546
576341887
619543463
642378870
657193580
594731604
642441406
661682901
570086133
552579492
599465113
512117362
492930176
616047873
600832490
609381536
662288731
527675033
627375040
651958215
642641402
575218816
576010326
481530706
638230927
532985699
659079069
465625126
616440796
612619075
622192166
597345606
593082181
622472029
649436529
535590455
463962532
595888716
565641006
542108763
623391277
555657982
572126092
639702384
636432291
645726634
606015784
639857381
568510998
568258231
589627901
520983553
631517767
622664983
562159375
550755198
540897933
587896350
552195105
636011532
482228388
566336077
555452716
483768584
615942981
552053074
633727358
571082744
594164285
578109860
646668003
640427414
603303461
633848305
567009557
592736748
559366622
554880227
619958960
621640743
596711440
550581361
538535591
647583976
541153635
621414061
666015124
637390735
563367242
569731854
634773009
408926521
650912062
657677841
665317363
595939084
611401852
636656474
613579889
575011868
611576612
662151640
510416247
432900788
471904298
636474720
538474441
621242275
637098615
610902086
567531359
551706596
641691677
599127919
558871197
587051905
593938813
612177570
532380023
545981977
602395149
605170882
513193057
454832500
607924969
662501620
632558985
562481946
521516501
490231459
587438303
660923391
556392831
571920929
596034294
618047062
585905238
502431083
555137498
555365436
571265149
636163886
559814113
484940084
542526087
571637259
538301112
563343166
625236477
634359589
538119613
537470243
620363377
600502008
650198990
577913854
595934674
550757325
492846482
596981378
555097492
612876525
517901220
529121735
634359589
544925572
547890917
494514389
527778276
628782915
594552376
630173675
611951721
595964497
490350294
534877934
584225065
520440514
658900966
631186763
552753579
579301430
636378594
632136431
664539549
614150630
583823967
568951350
619581024
520379582
530452608
515750043
581853654
634818393
653959636
494301396
552498679
626104863
415085263
556898400
639172181
593052243
620727881
637548552
608894421
522166338
630428198
661250919
510450748
602831394
510188289
587369678
581009125
609492331
517586192
577662251
550078033
536787117
506019500
490745836
574926134
555257136
572056693
579318568
601689393
639329068
569666858
622052477
629345868
623181644
580722477
524317913
591045607
616191741
576491223
623688949
665083095
570234799
616991241
611241010
642791304
461602761
577525003
631494737
609390122
646660869
508761241
563100671
550616419
652431686
590112139
495365129
602444590
561493230
575851406
592569766
533232743
662465844
659136131
663888394
485400210
589950190
523405968
553189133
572782574
558924020
662671206
506861319
539550011
573185453
662453441
642072564
655144380
612831779
541315403
513875785
585668027
640421520
560230886
525655595
632812199
650716099
449902726
620497912
542888914
420480335
503213711
523660869
607588815
550119198
604967618
593926741
654369140
657338054
550616419
573862364
540337098
444208777
652741043
664279677
559366622
639456371
545301693
664034044
621106954
635951279
564672132
566754758
565546898
542887934
633364231
627283438
271248979
659858818
575088723
609845006
564865040
592678047
535066993
541979525
663338840
547932799
652903594
654874201
531995060
431418377
556022798
635055319
583603632
597358488
556497696
505181456
570344587
530867915
650416733
505455394
593838031
622622844
643742858
654623778
519203181
520256017
566350926
603771694
641741025
506083603
660816930
576100796
633411214
604448035
557731279
574666886
660410003
505092505
628770602
492196669
609043559
473869537
658253761
516550814
450563110
633204850
663329634
656501209
476587672
658783468
625119019
549006110
559438062
655636224
583774601
578804807
638641476
627699875
590421457
527867418
616440796
551494282
361205223
578832029
659432766
586590299
520304048
575218816
524198100
522753869
542910304
617403397
462320057
593052243
486080629
665317363
574224014
535259295
589476495
539596371
598440571
580217241
607497514
619787169
625407051
615942981
530847422
664791014
495974047
594478058
584129504
570320168
555578118
537235511
552874565
649585618
574238146
571652733
501968543
658900966
510324763
658061622
588261995
576503029
542725487
643995474
610053519
542041573
596218193
630819315
528111883
471056041
524166212
631241797
635133478
554087015
620073508
528696552
616518646
598258659
524139688
530586290
554585615
548933372
544586088
612530118
465543909
527954561
594372378
634532564
598865875
595805554
581162225
579301430
569731854
601420185
472426633
547305248
625236477
639593458
524156370
564323267
468913679
505750261
641139276
530398518
508643873
557908603
631051441
532901809
634265388
551220709
621859983
518293823
665233519
587832374
548916861
606250408
663598458
613883147
659738396
642735972
611390025
519944715
650490112
534224596
611201077
593849800
587132176
544578668
537591707
577333440
468033729
629830436
527375724
517604651
637570060
557285636
569746312
666549607
645987579
646907542
589006769
637817313
665361968
602660414
591779269
522435592
661700408
526635980
581640251
650147654
509187116
583936338
467766731
597011938
658759617
580397264
468248910
598600587
664176175
608466256
583843913
522714975
605677268
530190476
586595899
593820452
565186543
567011392
624498945
543774753
615285775
563527253
420602820
659283217
608864272
564075594
632451533
603552499
460506145
582905781
642970187
600413492
632634213
613582450
660661596
484147947
581833790
601791831
532380023
614017523
556159708
657348004
572719549
536226235
526438991
583974711
655239230
473137783
659558928
665795403
571055536
585681313
662739286
534005285
639916980
507103276
575719423
592378291
587099453
576931468
663598458
506993036
539398712
614254805
505737820
579426732
506294336
663573348
549620248
620717610
661971290
526694850
551744976
607497514
640362618
649296975
634414447
581161542
662753755
635762005
606466865
590589591
650284616
509931785
643224577
570564272
647629236
555738620
499990531
635148692
463371339
567542265
552626734
653321058
640421520
631960945
554346725
649159273
548427611
564528648
584404916
646336755
524317913
543882944
647315625
615638585
661708899
649423558
654623778
583673484
513801413
616730175
612746191
605841632
623302459
512018915
589745022
520754370
605077274
623256561
564075594
577769333
646110538
663888394
622191761
665025614
653105240
604050960
665683059
578977677
564565276
555775097
640421520
486112214
529300237
489614089
662465844
574055314
528956773
609513576
570577277
534532787
562898055
529613851
537671498
653655958
596242737
648232676
446419480
627106356
637140426
485400210
563743014
595319781
648282339
592104505
599847121
445303892
617403397
639840322
569719455
637449460
589376627
609809354
609810666
532585832
621892894
550656523
666618625
587885327
522593301
639545466
601296498
554675929
544535417
538058633
554816752
613552527
655995922
485809590
663338840
635025840
520888239
578611039
635077167
511381744
581850080
546520908
583412191
510441634
506865354
647315625
640354024
598551418
464948453
502645779
557862537
605726738
549528873
516932485
530867915
600616541
616209832
463009967
595974972
414413508
568258231
516560035
564252500
608289333
626423652
654042741
507112605
665918766
548270800
659835965
602941270
657495648
562696683
562159375
665474313
556274217
606857718
559222866
647886123
619958960
511101342
645442763
638505991
643236374
630203385
565136676
576444664
430463414
649314882
555802205
662338965
589009620
619435275
564968315
665683059
643462691
539630918
648797375
516434198
651551613
538691744
513365751
566105530
626271501
528098259
578292819
523373343
643415670
493187297
660151199
417747434
632538367
402324342
646619774
666544844
563363679
647315625
634628412
596026420
524255413
556159708
526585209
531396488
544399173
662791817
610597506
515927015
581933484
636669480
534785868
580943510
527178783
656662341
568470787
554211279
542396325
633978046
510998032
651593902
534049856
554031851
560216431
498652751
522214476
624743968
572308674
575749698
640160961
658656506
664342257
584620853
589456651
647520902
612240448
638700032
571917423
644032142
644770401
629345868
645051531
562013157
663844854
651402934
530916480
530559644
646082961
614440379
543882944
590202874
498769585
598933108
520439999
594262060
633970384
600008355
666022441
623563384
533049910
565504940
460163440
558384630
567241769
632288849
523472466
525827148
659594783
552628142
602641364
515762695
634328235
641823182
491286398
590784291
584449861
653154443
478950061
575682447
565315172
547680579
644506960
595843990
631393473
543383002
535944250
567349938
659300261
626410845
599872082
576931468
523262697
565056116
628458319
641246596
527201275
578977677
597158268
580093220
663178839
666409329
588034197
662791817
501860422
526298126
640354024
652927919
643243600
530401038
645264326
634359589
664888495
655380695
662501620
635318908
636056560
541268599
594311450
663596776
639688713
586709089
642073260
610100195
648437959
577743764
556363575
629794541
552895678
600616541
500135167
516047152
598280681
535503567
593910419
516863327
464108491
516671324
649321105
486494995
609683606
570790885
485965470
612633878
553482160
608481433
585096879
629350202
599145754
539092522
625263611
593940341
590774259
558636521
529980424
591255865
594771196
569666858
566044071
534652278
549978823
574200169
458029542
533601578
504768298
627486815
588866536
562547392
621591812
633686210
556402316
405716793
509900732
520535959
563827524
533203292
660055098
592936032
564972912
582993133
541274294
611904541
498556838
629708729
602831394
641995771
457080315
612361557
650455097
607825982
463580228
559814113
560803417
656312556
566647101
504257724
638105473
589950190
519799868
544298854
514267600
540806680
524199422
581218744
642855088
637899454
566430497
548628410
649324268
618641455
494671633
539012281
636967743
600594285
593611614
535172772
596923996
548045656
661912115
537274776
477661407
542865380
528646771
600515729
641465946
651362049
542668304
645998256
633930231
519344398
606412507
537733529
487028882
560428446
664342257
619583228
572382553
583593878
575908428
604853268
595315085
559391610
516632741
665884456
573590573
491341884
578329405
590834674
622530425
554749255
537378300
450113133
518449733
522292435
663285228
536803096
590149159
579967290
659453598
572702516
664842182
622192273
543948617
530525693
640596221
624490745
530061047
639470524
614816898
584775762
576699612
497776979
523290055
580439257
597995857
521701679
635740601
609551322
656365531
652852574
590363277
506863871
662869552
546681153
512946059
468913679
639172181
507859737
641112813
665343785
663775844
656039281
660219296
532734336
622269985
492846718
520185398
470715357
638046193
560438235
567612841
652851349
561120412
581433210
637200222
623066155
624101389
663312518
653200720
561846793
654274606
579260368
633514236
593460847
588292215
520155600
522066138
498802785
532322028
620183218
607699048
658900966
591980412
656028761
512223350
637421424
506529243
621866675
657960036
649330872
616028399
601863286
491755245
550928836
508717908
513357296
652306063
431835304
664176175
480216814
583325036
547810934
491221760
618215566
633123124
509169957
627055011
511402851
602578655
564993284
619327469
466494128
550123263
628498971
592736748
657193580
619583228
540797344
573815483
595118391
615226136
629481734
527882625
637582602
595013722
661753993
584750799
581878864
525784081
618576358
659973001
652306063
657193580
497828628
527201275
642917974
580548656
666618625
579179025
653935365
509023074
463659364
634422921
608387833
601640654
517850951
653674329
596711440
573123988
628082498
594044640
592856416
598009177
628814042
495982292
517936920
603396897
608660122
637943341
598783324
636472643
607946788
601191774
579072482
657703892
639975199
571917423
506607883
606915504
653166940
653689510
651407403
495061023
660407506
626107696
665988787
518221671
595562875
541149087
659205197
605164384
524790604
554885220
590553674
564734164
629982350
510787189
583654425
568937567
649336923
565018253
525052165
549060493
486144943
651249132
571122737
503539434
651746664
574819117
661265032
616645917
550539899
292592175
620034463
587163924
493371415
638743577
544828788
661843630
520256017
662106059
575858407
463580228
542633983
543683838
622167698
577220299
619958960
573630963
655286568
588380743
559517273
521932207
593032606
648882216
635127448
617240507
600856070
546688852
624858416
433976576
639840322
661708899
486343195
665712471
658900966
589546776
582129538
536605381
665317363
571720319
606339409
587051905
635654178
605228787
519196799
665193914
650083547
515669183
636859469
565315172
654874201
660969951
600252768
647401197
425479341
610759688
608658009
490360397
471641627
478588888
571370920
477674555
553386798
546824758
585704961
565223580
492082667
456601886
592087818
531531161
593457642
491562188
461540721
632331650
538227670
658253761
521350786
578331805
646519132
463280782
656906412
519533315
653991351
517529018
509947828
544388074
465849424
624638240
661708899
631821106
649562363
652462423
601701986
594151940
516434198
554032806
655286568
664176175
548928993
527785771
453307199
635187062
523807743
577563225
481365134
477943501
509919537
662779879
487912660
626998051
614721615
446608231
646532109
572092469
639369010
594311450
526815002
581638958
657193580
584818971
601863286
656561511
522634575
608960846
487001717
657631656
634906321
603386003
577981110
572135655
632743628
499220652
631821106
575027058
598753862
530717291
484199861
572137982
508033484
543816260
491417958
460163440
584443322
596827803
451719407
656014668
663523332
601090349
634628412
529473022
585750528
618048087
508710224
651385711
663318592
552888652
539415137
523149348
602569127
585520478
615311351
664342257
528660589
589553221
590641798
544241190
646360832
588834883
476928670
574103529
617697740
653373574
552945014
481992529
626373024
523130224
564316769
567424048
574268084
618866225
510284455
634359589
638138461
643547170
645972923
662179935
559525115
473413803
549403431
564218325
609455327
626065691
547587065
659532351
662583644
518575527
464094618
662191556
593778919
560674674
627309362
662465844
606770644
483224941
632337375
633681004
637812538
642647523
593564625
635851902
582550476
605162661
561175279
463371339
548619801
578946609
372927540
609754513
605386770
644778406
665908700
568610381
647917543
579718379
563331257
510734920
563828606
600592722
571122737
666195916
554934636
584171397
553527534
649724394
560689710
584744581
565315213
605621411
608635673
512832615
573427627
640914528
491888288
506083603
618509604
634401265
581967839
632756801
634263295
491755245
655248293
524917467
663706074
583148561
658521378
621153232
661780285
631925343
565528192
653655958
664025767
646781821
484092274
651270398
601247709
645264326
663956017
603192239
590202874
510711873
584142823
570225583
578569065
533254383
616645917
608770950
661172693
654363036
656295878
659532351
647697029
579075509
633239668
661920221
552904927
629481734
587946093
596881623
644613070
617182075
534529733
642788625
561694248
475790217
608117125
665198060
513031996
566982205
622192273
615002843
632756801
567553938
655011745
623383236
516158558
508183867
626757793
559391610
523770110
623103191
571158865
622943761
466133066
647589018
585454334
478230971
616318276
558081805
549319828
611201077
527413412
490089148
579859867
574017900
665656831
542163856
658063548
564528648
565573963
577668697
618890435
626410845
656115252
523792580
632371813
594004799
591708801
520717534
591404654
566325812
664202316
566350926
533654160
557942130
563922423
529323871
622491746
583600259
646693526
566711015
655286568
620470950
586589257
628087096
643605954
531277327
527381551
547484345
641354483
523030677
661439887
584027926
607379358
540240261
533675500
643974806
593052243
551532827
605677268
416644068
662671206
551119471
662013388
534048016
643349785
513079914
532263596
556097866
554087015
615898661
568496018
664098700
539524073
651181186
626204721
666449426
579277095
623923627
621316153
473869537
587895585
471479772
600119718
557670174
591910755
479360003
631111178
601098661
496106591
624743968
663775844
556782564
513052333
612783732
515019883
629238992
509379992
554880227
520155108
661284733
493157817
610587205
456183026
393294876
633906650
591388059
639072622
654062900
582031870
604002008
660702264
638544643
554042634
619134801
647309916
601247709
536085497
662465844
566864107
593176771
551402961
588938349
656528779
653711605
592695777
625573302
580221207
554195086
627451071
651302535
658676061
577392646
566827175
647561645
618798795
522703460
656146044
559879341
566864107
662671206
597480005
615942981
599737534
610786669
577743070
575758871
515862389
579601969
554366557
557215328
602175817
572651415
514956326
547327183
548581609
556045538
511800465
666646985
636424474
528938522
463942010
665139761
640421520
539523138
633239668
539965619
584203455
587135032
603818003
589950190
537533088
505092505
623759331
548430188
567543654
276701706
570722118
615638585
593144009
595845626
499352602
427442456
574771985
664854604
456348821
561539337
571471971
568216206
542041573
605972505
595718805
633592829
604009401
645198811
568685320
583427773
537470243
539363002
560054495
617403397
474590563
625967909
596112550
659738396
502280633
548045656
625268876
525245149
656028761
513467279
575610386
602796751
547184773
569994018
657334759
652903594
519923723
593028688
518655482
602641364
540997998
524703989
595972644
629915847
584443322
648136958
542685690
507509919
520564614
588375664
450512718
653508565
499549018
517955349
559813001
574222625
646032352
656465206
596427635
505038572
612977505
657728499
653873598
538329976
537409862
655193776
550793396
519827340
623634805
639401119
633529314
479351215
553499224
654520154
553235368
573971706
532759463
653063022
641181654
634023872
537733529
585112009
624687428
554052060
633681004
542910304
655193776
530377486
562481946
641146863
636002474
613862941
593985479
554352255
570632387
666254927
588886354
533103910
551819089
530182929
480266144
596557866
660219296
525735562
481123595
643547170
530867915
582673681
549245132
538608249
629708729
649008000
574142643
596500548
599263738
664260099
520256017
638603516
512116946
618779745
427626204
662999930
476379385
490715361
599384345
569614653
604618424
494507737
542272204
660523032
614603221
609238465
507438863
566350926
630300931
648203955
508188259
646009651
583661767
543799949
536119324
513959296
473146092
614855841
546232830
613205741
601287274
576847680
655606711
637834391
625236477
495409780
581064376
539799446
656690579
537129904
608770950
651910269
660980395
464119336
612577357
648436791
518648356
583263891
512674821
598348671
567193024
470320286
554709673
524139688
508315314
579859867
644680146
659532351
597995857
544778827
645722860
666088769
592493054
568917485
568944065
664791014
450874455
642689073
602372293
647373285
662338965
594004799
643993197
647520902
572099362
547881360
594376839
639545358
627283438
653058583
590227099
624991580
568917485
575434039
495816259
563045582
515945275
552753579
654003010
592569766
640512869
663338840
661829022
612630733
584129504
636244330
613883147
658007463
396007178
532142987
526669379
641371861
482228388
505120412
659759412
553811710
567024071
662837619
553481257
470049686
663329634
660424317
637812956
523016855
541151554
573576752
634269170
518921977
594044640
607497180
646009651
503707033
580739968
586284927
592235200
584104494
553543052
581040687
535927498
526210614
633064387
553811710
643431994
662288731
613205741
574731433
552320153
471156844
612151170
574369751
576188969
600379822
538608249
558602791
547623494
651654858
532218238
607497514
649001767
513079914
661448243
579862467
510429196
666529128
574855490
605537945
533049153
562568974
659245992
564462257
519400111
519470735
620256063
624825486
530511255
606466865
610811960
466873865
610398389
585500584
540391237
614215545
565731855
666644825
625534590
658089093
660351658
581428482
567559281
591404654
608275293
590374039
569375188
563119914
544241190
625612842
587020799
665820291
518250270
656047689
611852203
625339700
637449460
577087185
598979652
621090961
658260532
560516692
439942874
494733801
523056269
663002359
613809073
579255342
534432528
596438340
546842963
505824330
537920647
500379451
619077210
538776905
639216352
595585940
567232109
618000996
526574577
546346620
529458359
664791014
556041665
648055532
621746391
627602287
523784736
521436924
544368377
611131271
590746986
648437959
661708899
544039908
504738363
509229331
573074296
653645435
545296118
613806481
452645540
573421944
646388564
642020057
574864863
543539159
633743154
591466683
619277120
518733419
544550241
664034700
637253013
646566114
557333758
444208777
607810304
569423633
665688035
631803566
589733753
619644359
665712471
548930318
636935533
662719560
536881432
527178783
586049797
633102918
591293024
659757347
657262859
404343063
567180688
513508018
644178588
570962858
598353094
502221948
647479615
615805644
666544844
645987579
661284733
612919216
634981930
648056801
631051441
480067455
591525134
653514523
478230971
519601506
553266953
592981347
449212532
492948105
403304475
540802050
568496018
551997179
593346670
606679165
557846809
666523945
554887597
655733639
652553128
661951153
661602000
527796521
632747925
553205155
652060914
502286715
636383612
664539549
657896406
657495092
544680015
565315172
653235592
431866174
654785738
657156661
611948311
660410003
662465844
585840340
554590561
487890064
665480801
459223821
532780403
490371248
665474313
616709437
578939070
657916400
505265819
565949323
611557885
501645231
458556325
641468433
466873865
614656508
526186030
515715010
648903277
578816742
491261666
595585940
468796502
627273253
628944546
630166960
594290497
576307726
536373556
554816752
527233858
543937680
551496426
574760720
626329195
640133160
630737698
659847870
515833572
478435759
544684746
642388630
630875094
635014827
562013157
655840379
605837281
660982631
615238903
532923441
665858171
634605010
547439697
550123263
652225528
638001904
543016553
585594382
664725002
655193776
535704306
525609131
570362424
560094125
663315469
509814431
651626909
625405115
627041439
550000808
644778406
528524025
537274776
597973594
626189437
661448243
665683059
635879902
535927498
636859469
656028761
571126073
600693021
659738396
657353556
564451409
643944258
571873873
588414941
512438730
584182766
580870672
530182929
663267331
578725179
615942981
664791014
636424474
556195845
635951279
648072204
642978413
660080527
577246342
543799949
509023074
506764785
536232672
554432976
633364231
630262846
601974997
496482610
568601385
612233461
573589005
665648350
553068442
526436087
569330944
557642654
575988804
627974376
460890532
606511945
572350768
618342719
610429512
636132043
657844450
571960389
652785298
619583228
659532351
530452608
558163316
654933207
665908700
530336913
618903765
544535244
546988168
666294035
531964116
535471519
653592387
503972335
635223151
515162104
535468584
510219286
609124254
579929157
615645394
501065841
612160323
583411616
610290993
657479215
639653965
639896904
586574453
531783567
588380743
623071971
637767591
666300898
604373945
664302770
625236477
575260991
662338305
535231473
586019408
529360310
513303006
536106037
482678321
624498945
575027058
585856490
559208517
638138461
525490447
659858818
496598741
521851072
502609458
665901940
630071201
541092747
636056560
612355366
621071789
544434882
540154437
482487478
647707283
653662139
571873873
633866043
556161690
570294578
625236477
647849157
542941309
561814296
598753862
573623660
583632098
610507929
579471135
587327862
653166940
522967188
644182608
447901175
608864272
497258629
479269584
606852717
577046068
615942981
590834674
515193084
652764646
498397215
554422959
637696524
567789946
666007352
652927919
554812764
625607055
551720421
569666858
514022203
513094250
647553265
655655691
518250270
614799199
634359589
657495648
496777166
521560974
629982350
631162177
487418483
659763116
579266544
490089148
577743070
608712002
521146530
529485942
598854366
510489020
538317581
526212699
554818927
603027664
610481315
493161816
619760963
631984983
576718006
561967689
640421520
599533812
588970580
451552360
611664717
570123727
657179996
611580487
645158836
651746664
651746664
486630400
481902929
603927933
603786516
521436837
535476211
600077036
546998603
609528182
654469759
666646985
586974362
495708766
598759868
484471090
551975665
518094542
588056745
658903295
584104494
649723422
666353425
655794146
532780403
612589085
544680015
519196799
594980694
648535885
535557733
639251235
659738396
650827732
601265910
464863446
550384424
555058952
427773734
588894017
448101705
560575506
560792179
665180300
533132377
522753869
496575355
538685103
563330259
665139761
620497912
574930084
536776044
665068133
657482611
618496401
657651271
659300160
541092747
634690312
639080201
614950093
635550169
611941364
518499466
502286715
634709157
656623746
554309853
586491824
503986506
485590029
614253584
633296372
623339486
516493452
545955297
637873069
514613314
665312162
629454713
642536808
657738221
549661137
577705293
555819713
647605826
561993361
595939084
542075033
566754758
550912661
659758053
492635470
544103338
578881129
595585940
539014892
577569516
633618683
495982292
550581361
556292349
547108674
610593909
580944574
565731855
647930897
528404632
527630995
558739195
612589186
515384367
653062534
661086241
661829022
448001359
496346894
526569676
576991869
535984604
627637864
627968675
660410003
424312039
587455381
659394648
652903594
559735044
558850625
602193628
591397639
585454482
552256382
594999870
643599987
654506548
571952739
644501990
600944766
593137189
247542813
439145513
559845505
647309916
620846343
505930806
606716998
555416799
662510822
642095262
638743577
526194735
520888239
581266472
506355398
551860116
608456142
574105407
622433459
557999370
485230235
542999983
595052361
411700339
654164957
644711427
641303387
610849106
624743968
455946509
601247709
447638153
542898522
544135547
492598976
596739514
650006035
617910122
565731855
530867915
512020502
480439876
529073439
592844604
513094250
629481734
520498102
536972757
641634283
643944258
622523700
665683059
583839954
649940718
664176175
502699612
645451240
557134027
527405613
526135166
550539899
653055064
657575466
561098312
642323938
612654603
618798795
523262697
540717955
563916382
501514312
516842890
635984769
666544844
665139761
558850765
618523077
650989110
589463770
666523945
581739066
602812669
638105473
559468340
650300299
540022805
590788902
661291529
538911277
655846473
647521256
523649752
509159326
490508295
609131912
566907867
655663475
563119096
522748983
546065348
521560974
655038218
657482611
637140426
665683059
655884267
665480801
657975157
649619406
620604093
520304048
621640743
616498233
656028761
664118139
532284855
662443589
656103139
557787615
517056709
618890435
597589202
666276654
586498683
463105893
633482804
570067986
589851293
652306063
629375069
546346620
633431172
620312641
542272204
508178766
623510755
492999865
506529243
512298198
543470099
624229806
606707242
447490473
656505517
512698163
616038248
582886808
631051540
566564488
544303557
578349538
546969717
658783468
624069811
584624313
547458759
567709193
628350883
563278086
516047152
536009217
526439015
520108611
541662737
520691822
665172527
527811637
643993197
557158784
591741500
570757877
573024136
506609425
499817792
548685458
595972644
626348205
585162135
648002421
574666886
643501272
581435291
630154607
532551927
666544844
569375188
563040694
596924871
564734164
495643873
636702214
649028195
559664447
517741730
553527534
573623660
543948617
612993063
552195105
595217820
570706585
543524970
607946788
519719011
593820452
650266930
514393354
656027565
603473208
575218816
614788950
595869959
501065841
581491258
571211734
598262117
550537294
566671500
664010112
572924157
592484507
539630918
652831300
646641917
617774523
609063541
507982680
568279155
664302770
664915317
594376839
652764646
635740537
652431686
530182929
552482402
666180334
638790339
566105530
650142311
614656508
636004393
570572132
645508767
614180296
554325611
569614653
583412191
548521515
662465844
614132560
483080230
538983322
589950190
651519230
532580578
666165140
643783529
558710436
518917211
651167350
500371695
510587313
618336697
592439723
595974972
591985541
608860102
574112594
562616897
553282069
574080554
589454709
505343233
572900898
506546194
546026125
633057149
469270539
594560383
646504917
587369678
492530845
519782580
613357378
618861653
560463738
615084249
609260822
534959763
523199623
535469669
612625018
564261737
543310708
526917824
542063926
648818150
662501620
658564130
548497766
665745559
644480133
636323833
545717253
466419502
610067945
607497514
563450390
655832225
561485445
664912161
572187243
660702264
640999410
616657989
546432618
482753789
626054348
558081805
530334184
547530188
502049451
536611550
505429581
663024999
570294578
620154307
538663540
577575971
529373796
450677493
638562886
639460012
627820861
544680015
594290795
661014731
476169417
530859947
567452644
556910895
621040554
619454435
666529128
641651497
552142963
551592048
598753862
594115773
654597673
609043559
628774498
546951335
512931407
567543654
601228426
648695192
531338253
555802205
563841070
577262665
511117025
615942981
556041665
639616744
630229363
648271165
610616004
572528684
654469759
578480281
581366308
658146410
570804274
612176198
664342257
602556271
640512869
646936359
539458995
659264766
572288404
441717085
559399422
541642733
607430640
503364203
529138609
664156279
653592387
522610266
506083603
568510998
629144411
523427486
541345233
659531990
627284535
651557058
640736856
591521128
603699549
565546898
650070800
551647769
528524025
517232250
591771171
659453598
629982795
603475796
571576599
537286905
597458956
619261212
640562863
637115397
651378675
584347962
512512307
571234165
542668304
478963687
620434860
665918766
573601137
530801848
643871235
582105728
601305862
584170933
529387157
535111058
665317054
643910042
538348788
601932380
641112813
413547182
609907168
568938020
534739416
506079988
576188969
527303026
594612481
546243584
629830436
550739650
542648393
546766551
506086223
590167987
664690363
558962966
539596371
601823325
658650991
660661596
606582908
497741545
597511514
583471229
657179996
646504917
626460141
639916980
555961976
657916400
530398518
602578655
481289244
644032142
603790994
623099664
543144970
545275465
524317913
640477988
666405191
619907969
501324348
663596776
660219296
587929268
634251941
655840379
564870875
586020478
657503012
517998786
608864272
566007271
535510046
662054325
502776909
598901174
643130046
595062695
603826825
660466975
598682320
622433841
562503068
587258864
609943839
608204798
629510702
583987358
576847680
481553665
563333057
642378870
607642621
519827340
605247547
571487711
576242067
615638585
520559407
644521166
578743022
647271682
560689710
647871346
595217820
642893589
466679352
601334722
623261813
536338114
457022730
650912062
665775213
552190048
518776357
551153605
579095068
587163924
577743070
575994720
605757762
552895678
576367706
563780111
625119019
551385370
542265538
642893589
576815694
555705380
574073982
644501990
480775857
653247755
493027591
559196996
581141708
584596500
600545354
575027058
659092286
566850420
609845006
633027612
608099353
660969951
639916980
628490712
543202828
487183691
658061622
640921200
651473278
544183055
556213950
530292169
521176375
514375669
542122873
533132377
593160568
585112009
574200169
562965139
468219909
547119464
651593902
640121768
526978549
593926741
584136133
647531036
632331650
554325611
652157082
595049476
494843488
532284855
556223052
508593570
625236477
596681766
640713791
619501127
610246913
577387056
552684782
580747451
555907303
608658009
628350883
615258519
522446591
585488129
664176175
623796132
527396038
565163934
598617687
574666886
583617075
651647913
545217291
548175293
665068133
528526297
565300499
635242115
588154531
567052724
621709310
504795973
617268714
550739650
554502330
570234799
526776400
529217468
568519924
641612552
592235200
653235592
525517600
601100088
481737253
662465844
653406077
530182929
630574325
631345858
567640116
651378675
554709673
637873069
622802101
639699733
657916400
588416625
633517960
560649384
647309916
649779406
311728281
552758963
647479615
659989025
597358488
542227454
460738262
649289707
650636566
528696552
635363576
591804667
533217764
539129637
654123740
645972923
655325631
657689822
585027276
496804366
662178689
579287111
600174042
646073677
585118502
491569987
594261264
659522321
521567082
634179723
639256878
659354867
570362424
506541420
575826587
426118790
517586192
638700032
642121581
625936778
601648306
525490447
544578668
632985379
571243432
575647826
654933207
622622844
542526087
628814042
457312244
520559407
605084337
612566088
623537878
616518646
500185810
577705293
651170531
589454709
553115102
588682642
575988804
630854739
551402961
661623034
275124286
523094632
648125434
645844210
549032164
522435592
485578089
657620597
593245785
641432575
541406361
530891986
656816964
468033729
611869045
664539549
658900966
539398712
533713734
615002843
659092286
622050596
571487711
560660217
460207996
614296487
658625971
666544844
520888239
520754370
517279364
656505517
631561081
582688123
461326560
657193580
627884170
664638596
576710566
639805575
588200743
561081617
588094997
565521608
587099453
530387258
607747134
661708899
632756801
600377252
643618513
620627246
586590299
563929756
561694248
628866348
613155906
609513576
631259104
576847680
638229389
529360310
635558687
530589349
627375040
665680868
578516747
462014523
499402187
571135200
582483445
646532109
653416691
512658768
623184661
481992529
594266243
640278357
560094125
620052841
565504940
512122284
652662146
564757499
541850626
573685659
602549696
618097272
660793848
506823722
531108011
666353138
509333722
606125934
634690312
658033300
567904017
589863452
480015524
656406917
512062355
656347360
574224014
652540398
499014812
555377508
539498965
546919996
638405263
654123740
559932916
571637259
651075641
534229892
639072622
654059834
618060858
618668977
654222690
660942731
631930298
532380023
506436724
538175666
665939530
492422569
489813898
570234799
522753368
600442290
622275804
530472000
584059637
637452140
538939096
527728627
512051818
594406080
644244358
505842212
642641402
628490712
579623873
643944258
629181713
554501488
660432582
567470713
579623873
595339842
662779879
629878024
618509604
526089771
619499448
567967588
648271165
581292796
633435030
546235645
559879341
666250419
666544844
490596815
594290494
646702409
572310543
573794603
430823941
529346383
639899566
541151554
546681153
557553686
663003128
579687029
460598298
665939530
557787615
630281756
635531613
536776044
648357015
474190612
622050596
553235368
570663159
507409215
608955847
633508045
556045538
609560601
533287747
661682901
588416625
591301809
573024136
650311877
628915187
658849564
489911776
606964034
551631331
638178669
602146978
469167872
608393213
666409329
633906650
646815069
640425490
641071778
624364616
464996661
520754370
599968936
445827753
521294900
593926741
543713134
600148292
462131586
569271556
521938972
568230116
631554338
606599463
648112644
659750232
556691288
582295114
577563225
568310193
604507527
499587912
648437959
634265388
580502333
592887499
659145544
578019966
581566459
576059261
572367674
644455114
486900819
654003010
550327061
607187820
524270953
560230886
551025131
587174721
610426728
657703892
558362346
584593209
606250408
526210614
597011938
480333261
665745559
665608992
571064527
544666190
537897077
525816478
643909343
517216065
569137696
396717026
572314195
611345489
634720214
560826258
564471959
592741763
524156370
515019883
594170496
533924156
581352995
656540844
520827503
601785332
650300299
540086796
616897250
657916400
638927473
591664864
658229371
566330594
633529314
586811372
553655188
540053838
653896244
408298090
559120933
512153729
581492863
535398114
660055098
618959326
483918949
605336152
657156661
508199883
592019293
495049383
519841098
653453342
550367231
618523077
660271514
534430999
652073657
590348494
562751480
629902163
531456211
540733549
629345868
538901621
560216431
541016387
615796794
535306517
595957697
544355512
529106226
514488544
648689263
538069345
544866213
649146409
640916805
518399032
606041557
570086133
616759632
657223145
552758963
449618364
600944766
528034108
593043506
450972067
565504940
655217586
618739928
606782618
618369819
641580401
581460142
664539549
589545899
645236003
632628722
526840343
633057149
543948617
666268567
575694540
488148417
607261037
514022203
575546516
521486568
653235592
622402021
575214563
649898412
645996205
532980377
631561081
540641279
649111056
590729337
595378297
571243432
556041665
543790564
664342257
610292790
485270167
626879458
517850640
585182153
590592256
536888325
642087241
613155906
576963085
628840622
566766779
650761466
483787461
529403241
622761131
594382758
501839736
666404121
503545012
525279581
559197641
547490498
652741043
650954190
467671258
612159896
573623660
496575355
537895463
602296783
626104863
593153850
584995021
630974820
616864943
564682393
651593902
542526087
625982229
619792167
538789410
487066427
652060914
449532716
580943510
595089841
596681766
528498865
657664065
655616982
535808440
437164037
650311877
477648450
528092445
509195083
540917481
615459657
440240548
514947601
637488665
544299015
519014868
656294374
520364635
606350218
641651497
637582602
632296530
555831356
524900803
568485350
596601709
561967689
603302947
552895678
496254126
498712225
511527016
601648306
579208405
577246342
545539012
598530877
645295065
595339842
627345706
542267910
540636845
610054353
592221880
622551512
583723955
547408651
620588573
445552572
518739648
558270916
526417938
604557747
587971016
631980546
594964426
573021343
623271539
579507999
596977679
590612347
609131912
560319733
544725836
615480246
572893897
565285060
655217586
610640751
628366669
522733505
497598920
640421520
433861199
509650787
515613631
527654615
543348333
529300237
581136282
525725064
647302810
649911101
475295512
537576884
514864283
594311450
612043410
538554751
555919296
647520902
474652684
574666886
552665778
665656831
613782188
526243640
631259104
538515526
662465844
584251565
526660818
612530118
524026714
649060463
580870710
630806931
562254855
619893459
513988288
582787709
591521128
664176175
589464278
635187062
623019959
587946093
666646985
514021686
527785771
636862998
496566775
609528182
618248599
556284194
568748256
630694537
579674366
571211734
572137982
646669082
655846473
539533433
587186104
569413132
635878500
624919509
582823886
622555673
497373314
644970600
544778827
664318005
619242141
564430026
578033363
652741043
643098552
557085374
577960904
596234835
551647769
496554429
575610386
559896091
661242518
624857369
568473962
505287058
554239986
650827732
621453036
581764985
610750003
665296083
472834743
507509919
448001359
622472029
583277484
560054495
551025131
614825075
503524314
565347506
639031247
648220826
587709643
516061335
638743577
634333499
411933518
655170147
539965619
543445924
544595372
530234058
656898160
528827440
572162385
614191418
495592924
590227099
559893678
646407432
495266914
590649034
629830436
529779215
532390410
523633161
589739935
601374464
563367617
568275676
631467865
586694511
642020057
666544844
609683606
481651069
641612552
636472643
650549763
546044879
590994412
511301842
636170839
625607890
617805828
586211663
552482402
601648306
599454627
643511375
666300898
519509699
617586177
605162661
644783174
530256700
654297744
492507988
575307607
496316323
607534526
608345363
613808319
647046134
565315172
635104650
557787615
468272465
635299699
568229366
514059361
603345585
607497514
546411782
609513576
652961995
637943341
515613631
524524108
533036413
648882216
614721615
533356186
553080409
529099391
664740425
620312641
639870549
662465844
444123865
613025326
652957761
604318882
509159826
560926330
489811418
492657719
666142574
546839910
562275803
528529050
568038436
457184922
609021430
460598298
491369670
663285228
565186543
571295889
577308346
657940548
599311424
622269985
583600259
599127026
310837300
663523332
618364232
519463416
656421237
524266271
659532351
525524746
458029542
658096373
654123740
491282107
612983513
438416374
543282268
501387379
518739648
544241190
574169911
519753075
566105530
664830192
633185751
664302770
452754614
585364261
524188981
587166504
540170058
649321105
514130905
565399421
666350842
624091257
609675046
637723772
478458075
660410003
623006266
665858171
652730018
569279541
664634071
656028761
491047847
665123818
631217297
596075984
629165747
539799446
585666635
598618769
655834361
617125364
549179424
499529249
551860116
475797176
538307126
647441333
528669846
609992298
580739968
543107800
522710600
612654603
663338840
478991966
655535206
604005125
576188969
576980087
662465844
662415541
602831394
616659878
516914439
658783468
592087818
535984604
662671206
527992739
494667493
663956017
506685747
606909899
569754093
619263530
633568211
604610982
492154533
653966909
549879996
570742433
652730018
561045542
269368130
529673442
596036109
632894087
572545900
649911196
625599438
666500483
659973001
479111052
601287274
495204041
640547531
664264775
571495188
594115773
146366336
574402044
622795104
569482900
607522348
665699763
564619379
642499579
610949962
666268567
663528889
571951355
623069804
622242075
602135663
612783732
601863286
664247174
654264437
597606883
498848277
494967841
532759463
557787615
497808172
645079348
633913055
620839194
550385483
586590299
620256378
591562058
632433315
491259177
451356683
655636224
658522635
652462423
662671206
584584904
657234454
555735403
620689175
629257911
657689822
537258259
524054524
662983344
660098724
531028556
657790861
506984523
646212178
616730175
662779879
601247709
609840314
525070571
554659332
526571445
537621445
648587626
532923441
601395397
660257189
508923934
553205155
664151202
473204680
649874602
541092747
636859469
489900923
564260428
491633238
663721789
652960244
632737917
593645866
556623071
517757182
528696552
524298678
625043588
577668697
650296746
651167350
608784697
542011933
537971428
502997509
656136646
648461526
660410003
527589590
520557159
665198060
660562734
593052243
488213377
498280723
646453350
557415909
566756061
607048015
647442757
527728627
640711527
602391972
568917485
643694273
624262849
580185002
649008000
613883147
535114003
613758018
652117267
593351307
663754514
589009620
550757325
638781796
662338965
454347601
531964116
651814883
537523541
647401197
633832576
524612541
611580487
575300039
586124216
662200026
482228388
569279541
585185672
623599118
471937906
622465308
608393213
494298247
526888703
476367761
562787353
552923068
644711427
498848277
649619406
565721166
488597001
647163131
651069479
651519230
666268567
585977965
617092157
488185659
409582845
490013148
664176175
597874535
582455623
600478194
600377252
552195105
527078391
638418843
626570663
625934607
665474313
590603563
636378594
637590676
648459377
563025542
619969260
618933063
659640209
665975446
536158831
611555302
563119096
625339700
587908967
646815069
665025614
609845006
531253575
653858742
515239978
645078320
505766743
612561237
543758016
537199504
603069881
531531161
662288731
642469942
555343936
635511743
604250443
649995214
532759463
642981704
641354483
517099195
601972768
564239140
473030389
537733529
632825539
570741404
626998051
561529074
527882625
641246596
555593214
616129442
604410969
664771219
662465844
592882258
530241930
580926999
657703892
488213377
650455097
547175964
542396325
661155566
586606399
614656508
514452930
652849404
595964497
626187705
521727261
573182315
516759398
549426968
665396953
481651069
632284948
612783732
617506016
577743735
593770292
521919523
564091208
643554969
462658507
485957199
506696059
642020057
571716429
599762059
627415041
599809697
646532109
615796794
573074296
521176575
547975105
492989664
630495080
616547873
544241190
599244271
589527506
490013148
608275293
660589902
632296530
655286568
656384116
564872028
550329187
625236477
645882581
650959785
662632618
539089472
659048634
589565430
644598548
552723397
514819382
547907414
474334659
634148428
530729738
614160036
565271201
616129442
530977492
603580337
481343876
586589257
602464550
626131381
538069345
498044118
609992298
597254715
616826146
636419443
624134811
560533601
644778406
505408949
589245620
586159336
529980424
635654178
662200026
648077192
554709673
586081453
565501344
533804609
496368766
568917485
641612552
619883414
542544856
582782764
589748519
548848447
617142603
574765183
566556155
663706074
562104192
552823289
633514236
536775413
652621826
621021435
631925343
661086241
520888239
600427676
633798699
594079792
624069811
581312065
494560677
643582279
609238465
662178689
420211541
630483234
625271054
593052243
654394695
596356948
573794603
633922457
573284075
651588555
545469091
537373894
625074143
586595899
641741025
551619207
636336485
664034044
523151714
641165599
506863871
662178689
479383372
478988979
566604040
567154331
619424079
660949845
559845505
565731855
522207416
625934607
586756291
550548631
550989014
620055625
532780403
590730809
589092129
580338277
560641773
659166676
471071428
564011196
564225044
521095435
654696951
547119887
624492727
586739402
651786955
622183469
326701838
594472583
611722299
497841178
611946670
553648448
627573276
478458075
545100862
648232676
562254855
503751819
542797140
644665166
569144373
562159375
580934626
636212104
582605521
653251372
621473596
569666858
657896406
543282268
552245532
616730175
449380739
538155846
641250299
536373556
660574828
590149159
603069881
573967554
485059674
636337474
653543929
650401744
565754750
642906605
664302770
583288437
652930382
644266737
541861366
531208542
648843543
623391277
642557177
616915725
526710707
522216875
645987579
629290906
463632051
557880456
596623097
582092429
662007165
514285473
546601232
556223052
658102539
557105000
648298625
586943465
447471860
554844033
512183246
483768584
563450390
535259785
662791817
664870100
665745939
566754758
610067945
663810590
606608073
655846473
627995039
533273845
615179530
633927464
574224014
572817470
602299782
615942981
660456398
639515030
538668863
610481315
578603726
608852854
662338965
587244643
561814296
597254715
525910315
619980786
580116685
566097313
594472583
588756795
635162526
603880429
574541299
614207254
580410288
551706596
583878422
577324777
656708730
562106535
635951279
469101006
534322588
563325972
665263827
640433421
583146539
649496241
637002631
652699672
563883926
588375664
595289751
619907969
618866225
578365470
585292541
601261081
579075509
548226398
632190960
633677283
654143290
594334893
478134156
625586839
537274776
475111051
571265149
548784221
545456976
666449426
665439713
602692270
514326217
646988941
547612323
641246596
615753547
602076740
576152189
550402566
610385375
585700576
530620051
523748973
540034824
573604836
633468223
596619329
504438041
634668856
549214914
665656831
642658317
532700833
570292777
520888239
527178783
519611787
626310075
630158425
515977440
659946750
596946654
522527054
620656529
556859193
463009967
621867438
643341404
537102105
642960222
666092938
539026385
588674456
470564808
596627527
568496018
652223950
568804219
607642621
507112605
609592152
666101696
635439235
627569612
603506423
579471135
560353550
511741286
583087508
593910419
606211347
597799532
541375330
536085497
614537975
499118003
633132273
657348004
523438026
612254456
615918441
539137255
511932365
629126827
574339874
651897948
664302770
491938841
545051186
579674366
510192633
559280849
601739495
648689263
654747143
585292541
634704256
656728812
647849157
507067779
302416510
655568955
571069866
622163469
511180313
606852717
544828788
636859469
603759487
607497514
544373583
583851423
499181137
528498865
618156538
576023537
380768325
529511810
545195234
663761225
653123311
661708994
651320747
567306030
493772358
574691283
558710304
584584904
621467755
634109877
556392831
522085602
626611594
476201131
587738113
409386353
538055919
519105982
605610381
665682589
608635673
660562734
580380741
549559591
649324268
639737933
640999410
664852211
557024789
553360189
576737920
526355596
638571382
643130046
435938280
637383368
659858818
587067865
642689073
636600238
643107231
597606883
658244923
582174814
554294461
575856724
524302252
569952451
648437959
452061137
609211077
571394512
651362049
587208793
578597365
489603047
610640751
657609043
546164843
641287947
544241190
615942981
535772085
564407553
565972417
575610386
582550476
562132153
598753862
581370173
576980087
666544844
604011400
593543188
578474195
566639169
552888652
490056478
553505335
577107212
608266783
614996157
552319084
580332717
648575403
616047873
563045582
495076711
548823154
640541116
628913621
546168537
650561713
530398518
505408949
549582107
473225228
505704012
591152942
565315213
628993225
553360189
496927442
643871235
631643723
665474313
576641588
565546898
612101815
665172527
524973217
473053420
495532131
567035609
637115397
432323722
618523077
482487478
576195226
614764083
655208596
525893147
503924904
666496361
520902526
608635673
597834870
514131770
647279813
559645878
566348882
625334684
528696552
524166212
532804692
583271886
522714975
549537942
595674728
526494076
544778827
507161557
555365436
482119969
587398989
620519378
606042055
651593902
647849157
640736856
557598454
658146410
654003010
559321221
600174042
631960945
529980424
658783468
554239986
572796371
545835754
536448377
621201348
604848107
542633983
586020478
510875755
641651497
571265149
510452270
561573950
531964116
666252939
512188650
604011400
640712991
625814373
579449552
609995904
539363002
662711953
652587753
530901527
506019500
577753277
548264414
487974794
572450781
630497663
563764233
532793382
642324441
589085115
569746312
581218744
554051967
565504940
572269033
543882944
624857369
581464449
593767683
588416625
527954561
528966179
497598920
639827744
536620511
571917423
544373583
648359611
642380480
650299446
556721682
537579690
576605763
645706376
556320670
580599695
652156175
508841474
545756789
556349975
562150092
593008023
579623873
544985477
569574938
570225583
565941081
642320107
478950061
514194053
612949852
533544171
542880734
557355218
624664281
649530858
388682393
522499371
538901506
572409685
636132043
474794097
551142553
586498683
586342425
608635673
590178823
514276544
547408651
617403397
557787615
555735403
473874940
655911471
631517583
642960222
558904495
568740010
593306432
572796371
648830202
470881403
599413417
602831394
631476360
641535722
580681829
634328235
544595372
617697740
625428820
578998453
576901855
527807808
656775732
629969367
634690312
607048015
586694511
562254855
571122737
616928996
611545608
542303383
616047873
568127519
510872248
544355512
518250270
507578401
543445924
529806772
643533675
577963349
655811881
610882249
613643285
561967689
564049124
633906650
583591262
665177186
492625677
508375104
552769796
652903594
626015383
654452383
518655482
584274640
552319084
485902732
592019293
450972067
607169185
590111193
540310413
575324851
565658238
523380322
564081474
544812694
613552527
592021640
614254805
553933644
572314195
518435960
546026125
522031365
631863549
650684815
602781959
518826993
560289160
539921933
567543654
643845300
590130703
594609600
507913969
598280681
650569466
612638482
525245149
577087185
598440571
623023396
545665458
580401795
650156011
575451039
660080527
567193176
663338840
524917467
628087096
662971181
552109069
639747040
503547298
600616541
641354483
663850538
622987593
599964058
656448126
634359589
520755240
650152534
640889718
640596221
548156628
641464921
633443872
657686020
602969781
574222905
636774444
480053424
505429581
633001365
566337917
531118037
628429096
544583843
534450577
450110818
645442763
601089620
572900898
603506423
531079936
553115102
665317363
510846618
642085500
599441286
611102927
645883703
506231381
664751832
602178865
535830563
650956149
646976206
589415683
661829022
628346228
526100155
556284194
560198974
637488665
661951153
585825267
660562734
488405192
662971240
634773009
601702502
624192822
661708899
597458956
621358243
562817292
565186543
517852866
609593704
506421495
566754758
563368054
656312556
575904943
552018417
643845300
546601232
567112469
598965515
549032164
600318057
605812565
528529050
528098259
514021686
577583202
612286605
525655595
619601903
619327469
579112574
500135167
518137173
596469913
609260822
597019055
636650938
644969640
625804894
539595538
478567680
542081927
509674362
614017523
542236603
452550603
579346345
600238768
626410845
592053575
506104239
616730175
551860116
565287657
665975446
546842963
609145181
515750043
517610982
524827337
528498865
649541405
615608229
620556455
638880364
583161045
604125787
530418712
541709692
642289973
545909102
532115510
600616541
534382229
593910419
595427609
645043249
626093334
652621826
659758053
588367295
587946093
512438730
637776850
610053519
585627547
494031471
636212104
523067947
632868122
640827934
598942820
637270555
574438737
579395821
646400007
532443787
631984983
648551226
556544200
430882430
586732797
620588189
591872846
524612541
578020360
587832374
660351658
604298716
623946792
647309916
601719084
607256115
555879274
535106911
595525068
658054981
535503567
543957547
559445332
567696101
602479923
652277353
645513538
566131297
532323342
550755198
616524927
533808243
646815069
640121768
608635673
486415431
620679524
633459985
622042484
534114489
535526868
651325244
550327061
647769015
416747976
552654496
580470817
591982132
643389203
551494282
510324763
631960945
593101855
625251508
495663372
597937702
548943791
438376041
613357378
500979665
658774959
648052628
476866317
463831178
577998195
488235897
596620681
551647769
665975446
520827503
541375330
544700855
645998256
634880950
599999689
599490828
637140426
524068766
450874455
574580023
500699389
650042190
605386770
611131271
532499256
581324838
561537126
604862554
594980694
585498323
639256878
538162277
489473190
639513422
601315211
562455200
665939530
585501009
558850765
647309916
521932838
461365586
624148016
660949845
632778318
608635673
570682246
664367416
556097866
618824101
455033815
517098723
651593902
642534507
582993133
664728096
608223361
660303756
545928189
639384010
560286494
591604251
625203728
597006543
570892227
626719344
586049797
503972335
503539434
606511945
630262846
378350754
498405075
518372436
612045383
532380023
589553221
610598297
570400328
526585209
581445732
588894820
597036313
615942981
497277388
507084885
648655253
660724226
639172181
640547531
625927063
621733588
543339405
660993154
525784081
536716231
578279881
644220771
638781796
615647692
559570687
592536829
662779879
645941090
548998832
609145181
491482008
579623873
616730175
664098700
619419395
592117408
553410683
522927363
523670311
529251390
582874906
640596221
549206197
551706596
646532109
635984769
620736889
578987643
567057555
656816964
647580724
522292435
570278490
642450877
567241769
633019637
636323833
625843948
581161542
662940501
564759895
591168138
652119231
612636051
590421457
648072204
524270953
625587464
525893147
527698520
588430689
252213925
593041538
633906650
661808745
550739650
612222964
615753547
640750101
605621411
610750003
428707274
535627787
521183001
641651497
622977847
649082367
524587222
526606040
639699318
610067945
666007352
594266243
480425853
578212545
446617773
655689422
535496884
545114855
555924442
502542055
438419923
554749255
613116557
656312556
664176175
583773811
603796771
537527432
646046076
569753599
568669044
606412507
604325593
537733529
665480801
660523032
593838370
591798356
564487096
466873865
447541350
604604374
582395356
636898278
591876032
583945421
510967455
662393360
526648466
519303459
566756061
584640833
660792344
601550848
486575753
585645549
632812485
611953333
624825486
578109860
563025542
605098056
630880082
665656831
633123124
582005013
654274606
651366459
664302770
538777425
642959558
558304259
471117198
639653965
602941270
517955203
554625611
638360582
506273390
565504940
642791304
646400007
546764270
556350906
621531237
470397722
562448141
577630116
666423999
665656831
628459824
660169538
634111837
647315625
531719984
565315213
657214891
596711440
573433770
529799452
651315996
576980087
616547873
659758053
484066600
616876916
635445664
596402970
595957697
522703460
563343166
557880456
549046939
529121735
551164134
572545900
568403493
611753562
563806408
652903594
634251941
614261553
648187775
532505061
580643984
629025327
522927363
596458166
627415041
661211469
485166210
626938676
571608147
616826146
557158784
592439306
519899005
558273868
427799820
571265149
595068777
631366751
488597001
656465206
656775732
635363576
550989014
589909314
551025131
584359295
520049945
665683059
658263941
628037235
634354750
491822982
515283368
632286122
656692423
416747976
509022682
615862281
634328235
588380743
506861319
583149726
643199031
576187801
538346937
650311877
582331840
501802318
502872433
619437741
608635673
652191183
649964595
665993692
663912315
596070948
569764367
611267933
588428511
534088879
618880493
658206629
657880163
641246596
664667408
578675251
538554751
581825012
549225350
533257101
566387459
634605010
616547873
658625971
490745836
540091633
584251565
606679165
521713271
480123001
565494717
550555460
549620248
644665166
641583489
662327987
623343795
546509925
626906124
529613851
575365722
580090324
651170531
641634283
592855051
560641773
577265468
642788625
666059443
613951087
640967460
660602058
572702516
540888086
594266243
638948125
633979742
654832986
588414941
651519230
568804219
637026599
661682901
657979022
626187705
524917467
562809021
546346620
619958960
578349538
650631562
568917485
657823282
599762059
644820199
569385539
556100255
575487218
658096373
575307607
664260099
641413551
601976322
557415909
554844033
605547907
663312518
657916400
458538281
538851068
596681766
538911277
513771069
432014894
586974362
563527253
582042090
649921744
544680015
642917974
648136651
642020057
657482611
561940337
550620994
641118948
524838438
509494734
620449723
565546898
628557817
656816964
530588274
572752791
540867037
508925059
503049873
624843854
595365256
550106562
661283143
542420836
657960036
588394431
555924442
520052557
628421002
651321305
650372025
663127302
530398518
617611619
525233526
584775762
525721888
549928328
514393354
461549710
605621411
630820679
592341070
664098700
643882831
578695889
536833662
556392831
525879504
508528463
504974235
650360636
586769379
578349538
524166212
548916861
557400241
494991246
577104804
651786955
473755174
666195916
590227099
601345143
582688123
627237473
536935123
426682099
597324180
563448180
593139436
570234799
509877228
535814510
524270739
585681313
597480005
549188581
535466784
554818927
547421037
664771219
544390369
611095895
620239866
553819515
568268878
665939530
546540251
596004290
544316843
659738396
653512876
657916400
544725836
645784491
481289244
664367416
589950190
587370214
572545900
581309450
525534903
552573073
591580897
573518846
621867438
622192166
633686210
624785359
634233759
581566459
641522808
665469540
638268252
504097429
612200336
532102494
486144943
538001044
654870968
544368377
666059443
637298149
613533886
650031134
586980357
662969349
532141668
658448303
601863286
573539243
648647726
591980295
553311367
634974643
557355218
522527810
630174193
627788787
531800986
660151199
627334943
573859707
578313310
637398247
551809781
594279315
623333221
599711993
618276879
585700576
553919165
463659364
533392303
609384827
617738391
523770165
557799349
642020057
664151202
508925059
652946255
586158736
575195215
608709224
480495653
655884267
595622674
510700070
663517656
608466256
648535885
542941309
523151714
652587753
478425126
617910122
576297048
619743360
537262981
515433144
481194939
492154533
661087102
564956508
557892725
649738495
596427635
583194218
535503567
588416625
571430524
647926723
562809021
530292169
622955643
656775732
563149987
525725064
600648874
661570787
538939096
492846482
629269688
524329357
606447110
519758042
572267410
605143343
592239608
515936370
463569767
489496324
523660869
585627547
535266020
665198060
590497135
663473179
450677493
498216019
490391200
602508577
564045243
593059007
571126073
504701534
552595845
622943761
570330178
655689422
651285484
544924379
555831356
658178727
660927154
652553128
488458939
651519230
509080069
574765183
634612302
550912661
597574865
435734367
564062500
583422900
510711873
483025720
580926999
620424813
662504647
632367586
557553686
406984318
564783902
634602796
558372024
377415450
642844433
550830934
608450045
616088371
331019915
523855108
608852854
655394416
659300261
485223137
662671206
559858901
560166030
595845626
581421258
595761439
519132599
592594101
548581609
513635757
508329126
395032524
557100543
578324228
554232317
578840693
594261264
636450315
656504166
659757347
649111056
530771701
561967689
583617075
569515415
649827977
513106374
559329141
478458075
663285228
620388688
632864044
584409103
488563450
615753547
662719560
663033111
562638585
513526469
497585138
623703883
532563253
587135032
652900681
563050075
665826047
658263941
536032629
493157817
640999410
562607786
654509053
489056013
655846473
658329768
561155936
499118003
580042979
543290965
556386157
506529243
451356683
660661596
557787615
641250299
546024745
591322657
654258904
607358694
611953333
634109877
657355023
650549763
593143377
664819468
665000936
646907542
638070742
564757822
620341015
666507723
613485757
551402961
498918897
640745132
563348742
360676095
666268567
608864272
581064376
583334624
603852617
662338965
647629236
481384202
559044439
578587043
576726050
665296083
661087102
623736325
591876032
555591330
621706194
568230116
615195186
506861319
552659688
584020692
486522766
524468915
585280766
644665166
624644859
538946793
537733529
502254849
620655340
627569612
569157574
485492968
661811981
575861763
567640116
637115397
651746664
599968704
512438478
516067669
655183057
520158213
647589018
573815483
646400007
633903958
526152613
640128096
617344478
657664713
665480801
556859193
454571409
558552246
608864272
652891736
495384621
556387078
643004185
452645540
547421037
539596371
533639585
605756128
660969951
583019499
562413812
560649384
462147992
536481425
597132690
538119613
475409288
602381206
532574467
657662092
498216019
592282521
525032569
517518371
487632958
493563674
618879641
586340672
654739055
594984051
641179594
598965515
652699672
528113981
564495213
564967166
539669815
588464618
546346620
632176192
657677841
569614653
519938518
637488665
548928993
377519217
662999930
653729882
387820784
581346505
633057149
663528889
614017523
574283194
466690250
538291073
588972949
618622706
513972799
637179095
548508732
633102918
566766779
649507659
609528182
604645822
593139436
574694610
581455594
631144173
599443768
615732394
486669532
542514053
489092450
666544844
544550241
659430314
620139260
661742763
586980357
640909350
628546365
652903594
585032383
547219871
614164293
550174981
489884640
646175796
587292314
500005412
665440937
636377630
651429550
567084272
657916400
554887597
563671885
537733529
623473511
491995088
637488665
657916400
625405115
601097738
522338951
622242075
537057430
666544844
511775356
578977677
662191556
643891072
650912062
639515030
447990764
572995472
560641773
633900876
585498323
605247547
663312518
656775732
554239986
564619379
563929756
662465844
541558758
503478780
583774601
614950093
664367416
489521970
477490532
576157554
522927363
587049816
559958435
653449496
503042986
577262665
556984045
535303939
511496118
567233229
597318059
566911150
473869537
554709673
534401486
652225528
576847680
617344478
533804609
565777405
536877773
525070483
656421237
552173334
612222523
516964381
576601342
646400007
596827803
656540844
519443887
616105530
659284150
650309480
647174396
524199422
522558482
575381289
565700112
663517656
654623778
637813772
585477242
493362111
608635673
655987613
530714028
592217714
596498573
589950190
581324838
560082258
662339252
647707283
638325025
600713769
485166210
546601232
469900590
542200969
594771196
657429132
652054382
568847855
623287073
546842963
568496018
601449896
534403061
612200336
654651244
414478796
655286568
654832986
654158391
568136393
523649752
663003128
546523377
634269170
539898575
636967743
630166960
577395873
504033082
507636926
558136128
479951560
517716352
579971436
531075496
612193156
625043588
550074893
642803774
633149575
610233226
649321105
552195105
646907542
652621826
582348527
536583199
589463770
545856822
525914483
524612541
626998051
578884172
621279921
626570663
612313517
589070321
602149195
607497514
544241190
575451039
612524248
488906015
653409325
608521024
588810540
529318538
619907969
469270539
537294495
665602857
645809351
657487412
661682901
635133478
526636406
657870723
506609637
620384656
631714438
634815621
657495092
660816930
539874808
507084885
588952614
625845910
564308175
639401119
615942981
504081578
612085566
646669082
634903047
595005949
608860102
515320649
566882823
662475285
593549880
631177350
571617882
518499466
544666190
516612860
629330017
577202438
555385691
412574534
590612347
572126092
554325611
466612920
630209278
642978413
591982648
561694248
524384084
657021668
584266134
620504251
586779170
628774498
622551512
546492821
534002591
622269985
519858777
569666858
575639538
650827732
536436257
619138248
628498971
558464655
529121735
655556148
634300371
515715010
654124275
538263150
517608333
516863327
545456976
612633878
606663530
513231859
508199883
604883213
503249371
632284948
528909107
627306443
664034700
555924442
642020057
661155566
526461002
600536546
637347402
509808645
597460243
602149195
500188902
665083095
615415481
581379935
583600259
633036010
618086154
555446054
482102257
588416625
547548480
525589939
554682647
384241694
493389507
521472359
578969723
486612634
640427414
517994480
543892662
654356624
587709643
597011938
551860116
589865229
531855322
578144999
528955367
606104496
556045538
665000936
539003155
658092464
635745243
524949474
573094189
561592203
547144314
660407506
635951279
651519230
574694610
633064387
582817967
555295381
631731529
640596221
499757066
568451711
561967689
563073979
528228632
663036306
546445272
533846598
568981626
543016553
662671206
596498971
599490828
599186668
553199153
633249116
536576679
585030023
651647913
579867415
570835938
605795691
572995472
634815621
614733929
578977677
624722281
521176375
646251748
560359754
613708512
496804366
500135167
632153824
505680421
561629678
616766307
562554997
603864087
554223057
662632618
666646985
632634213
641941766
578524138
613657769
588394431
663754514
661472247
591590383
585878635
601449896
570320168
474576623
612949852
561814296
600318057
506828133
632638244
569832571
622248022
578570928
525001260
657660961
641352097
483230077
411524320
528086889
527133812
630495080
455202385
524538327
634422530
665899503
611131271
609145181
657355023
572137982
537306679
590385318
554966981
498712225
600328301
662999930
544704868
532192395
478907764
563119096
588834883
639094704
538421100
613167873
661354127
584787047
503226879
592074445
570864833
430747943
491755245
583945421
652509878
631111178
628429096
524379501
542452237
650363678
567101922
627741285
556721682
575218816
518023663
540532157
613047967
530212900
628459668
558733429
618832697
619583228
594478058
521932207
545444902
570412993
542685690
485322528
605972505
598854366
614140639
544241190
532570598
626445205
627284535
573510443
558872960
523660803
547409389
609145181
551631331
592235200
522927974
591739465
596112550
549031596
594334893
658690304
530916480
596224346
575088723
594964426
563156547
536141506
549935186
657635423
583019499
617585406
624670673
577583419
580669776
634420501
597027943
666529128
614260450
552948031
665474313
527859299
474652684
638700032
648551226
664098700
537579690
530182929
583177192
484727556
490715361
647769015
617461180
515345573
599964058
545114855
635704618
664824401
605953578
513639645
560807406
519391434
511136074
644523056
581312065
546509925
597575455
555223190
607906543
604365802
637230772
302663332
586153132
645336286
597020211
624857369
562596449
631393473
605457580
499977311
610812414
631270574
608852854
620507649
651746664
650152534
549738936
656355704
610429512
570234799
622189852
559522567
631658601
530472000
557105000
639057963
585992286
662671206
552769796
543073890
635025840
631261261
597254715
632190960
600736940
568677762
631327359
662018847
641546929
615608229
582699388
512068765
632988227
517371760
511994952
452645540
576726050
524321957
557485952
648948057
556100255
628180038
559897443
582885395
612222523
644803167
567923864
617977575
540239734
572087997
584119123
565362618
663335753
554031851
507859737
631208735
644534066
491817797
635025840
502645779
587027477
659432766
665884456
579822939
655119609
612390081
521101526
620517458
614687870
512609281
625814073
659993444
479623430
618890435
623367986
472223842
547763452
664059719
636859469
588972949
566007271
619793577
559189894
607238588
623367986
666007352
522082374
564471959
425357327
516587446
660169538
590763117
512560039
528221032
553922156
544399173
618048087
652903594
574616553
545665458
651285484
439869141
623383236
653733487
652054382
512992852
588385713
579266544
524591685
583151769
636648663
645584678
570800544
601422092
558632673
548957654
565197827
612387979
650304838
627544200
643341404
567084272
659750232
664791014
547195457
520825679
512223350
629969367
520827503
546346620
657495092
523807743
642004100
387820784
615753547
546099311
655750532
581910127
535368024
528102505
664156279
666644825
562037807
580246591
632229270
658453180
563764233
564462257
663533558
562234567
600616541
581445737
656775732
573865803
534872732
587166504
537612544
564045243
646293625
573823832
606104496
550298598
620361872
647053088
613883263
530398518
538573363
549631208
505248918
660456046
538544919
527010367
510451333
561814296
584856083
542685690
549879723
562171710
639187633
619980786
563916382
520524004
639699733
609792266
616559899
549919967
515216724
641711969
579977909
492630309
575218816
614296198
646563954
519827340
528909107
639487922
659858818
631051441
654596597
571126073
597995857
639082790
492507988
491521059
634333108
550424064
533507912
521831203
538971438
539122139
623719157
581885431
547586918
566761737
482282467
626373024
573770903
485902732
626719344
567452644
575311667
547543249
666382929
658900966
575563609
528504747
545472543
591155380
609845006
581379935
485400210
599221852
639815435
662509363
625766247
620852571
535526868
556004433
522067500
555902251
639896904
661441718
498558831
614440379
531118037
615050490
544399173
664842182
556224506
586540720
584995021
451333000
509243888
656295878
548427611
556045538
660415613
635119023
551726708
602588313
598009372
653186973
540281957
609995904
565057914
605809933
659046365
637785986
595810758
666106540
503770482
558270916
598262117
547975105
638279740
625701873
591671085
640668456
602600214
572796371
490864346
568672103
504924423
584719879
619377357
528504030
608293109
567408636
583617075
537072821
591397639
635187062
491856839
494209293
483795275
516857978
662442351
532380023
550380697
521294900
581136282
578109860
558775894
519260598
632966102
494573555
533545781
624110754
435368397
658253761
567057555
584094165
522880442
616719268
517586957
443289469
456479066
560652455
588090689
609083827
559599016
514870303
587068335
565309385
550537294
651511181
646719510
424217389
628915187
579002081
660819638
603092630
643648467
559802687
620250458
449212532
567090780
541545791
526619506
620852571
665454245
614555831
609742763
655884267
457184922
491148237
513875785
654424579
613282574
589055014
576048585
631276622
511976005
608860102
497831111
601191774
460815212
644613070
608278698
612630733
513923199
594655511
639216352
502842664
619208133
559366622
656421237
515401471
619277227
547243776
641352097
491398239
600377252
664098700
654431424
666405191
593324580
661313464
555435877
549705550
646429531
581899073
655663475
616250700
519050281
599449074
532102494
567193176
435273222
496587733
640572309
568679239
624825486
664600498
572972538
629915847
662359172
563215951
571243432
644220771
557772360
548867945
661113259
521607572
576031319
632989867
657250238
551534254
561358694
499641029
610864290
584632789
615638585
537031632
647699615
554102085
496831089
559556339
641979475
662779879
572494031
520557159
603033324
644632282
596803187
523633161
652383711
595525068
622761131
657077527
608756990
555329771
517156558
642895919
662465844
594792129
477432087
527278991
665899347
459516820
602505602
577107212
605938121
600294253
606909899
601097738
554442776
658521990
554031851
633209611
541495761
666646985
644930819
622182351
665475363
629821959
573143895
480684253
663598458
523664739
651555032
485730463
656499065
554031851
587166504
653235592
641139276
454931281
628690818
612654603
560271139
612263587
635187062
630229363
652054382
495384621
590421457
618105188
579158080
590763117
511397207
618931686
619539113
492379816
553859991
552932409
569649597
551447106
488853098
622486782
625880927
610074695
626746426
561967689
470504892
547907414
661951153
511704054
590506613
608737089
567904017
660219296
636573122
592903266
565186543
597438927
658371448
605767978
631051441
556421411
618097272
621285954
620139260
475011604
647583976
657183267
606338310
556466425
622163469
595118391
630483234
563331257
501349086
619583228
640421520
618079003
514393354
651407403
599681418
631792100
486961898
606911700
604586079
594346355
524636458
648436271
621239183
626558278
653449496
607258070
657500238
564381264
642960477
494934977
501387379
632963665
568610381
648247455
655689422
610074697
547490498
644847520
635984769
638217830
565835987
601908191
570445255
517563993
663980517
594382758
478230971
556560635
557382602
523647664
578349538
623983733
602126647
639597745
589745022
354838212
614296487
527298103
527242932
618049461
517586192
490940289
538971438
596389312
622063472
569982088
514905066
648843543
625917544
471117198
553473945
555944194
644234124
627375040
537855434
633364231
644671469
633057149
513365751
592936032
563578793
620154307
586996657
536379209
528742013
601974997
529723269
597254715
595463178
609593704
644778406
628908243
560257697
557425173
562218113
601087814
659640209
516901992
578828036
622453141
659763116
648143951
545441876
619396895
560660217
664539549
571611915
443545327
538776905
539759811
665656831
665120276
604043855
647561645
660516064
569602615
645078320
591137970
549031105
607274871
552649966
558163316
618276879
484038094
577802529
495982292
539093990
580439257
662209826
510397555
622303970
554031851
537883547
574850729
632634213
487367668
575694082
628861317
512414589
608228302
622977847
601008877
484968553
664854604
571583988
565273938
656816964
541151554
595713232
529917181
565528192
597831747
627816686
633883647
601422092
660151199
659553895
525476077
499529249
609683606
648635489
474851621
595209612
633839138
609191535
663003128
524156370
565700112
473874940
524510346
532412687
660187660
593053025
571495188
503751819
516288035
666268567
647026965
509688936
506421495
572902643
547350162
646341482
666271721
544123768
530516197
627030699
646719510
575333463
594472583
532418358
638293397
557602925
477648450
532718927
576838010
617774523
482119969
664059719
519568276
661939400
642378870
580270442
422596076
529998006
610096017
659758053
647441333
634601241
534426494
633132273
546649265
622691012
567531359
640446114
397413931
600919019
505881878
568748256
484940084
592582082
525720601
567709193
597011938
613580763
508593035
482689116
538416598
606823505
602296783
646845604
632229270
591298675
591061553
480123001
666500483
632296530
578840693
509143326
549582107
662509363
498405075
641246596
555161100
484454800
659858818
514208949
633539304
603337339
663033111
530889103
479263951
552578803
518077099
583595942
503085900
657193580
630112377
515444409
625390020
542379624
571487711
663912315
505502332
594305633
638239500
594066065
584146231
622133930
555026916
535489623
563073979
505075264
632286122
608877608
540157665
538438582
657375626
647171651
664342257
654879975
572187243
626976734
625125062
620156394
604182273
644455793
605588773
571623911
598217617
651407403
589545899
542885126
540806680
621851701
525771746
594131965
545779375
520829973
643255321
618287385
640421520
544758163
539811386
638378302
561120412
577780948
518715052
511474208
584104494
658860782
516158558
589527506
659758053
652553128
663669446
595339842
500135167
546658503
628459824
657620597
662766806
658846380
647580724
486151230
584129504
602452027
511872476
509960094
531800986
457713522
654240507
588370300
598682320
604011400
589082547
638603516
552224939
478036391
596566361
563851818
646453702
513540043
602660414
600388231
611114793
632433746
604440804
550988728
648291318
502345876
596326758
633019637
651641693
469512983
578324228
503336144
652553128
639157497
661951153
544715206
665699763
583774601
560583387
622757838
582698813
569982088
505250498
571873873
510081740
641071778
615638585
588699233
591433141
569982088
637773028
557787615
546734277
579307391
650053237
565990525
663003128
598551418
434378291
655846473
592370781
645264326
573756126
604005125
567454682
612630733
602126647
567276499
616250700
563929756
630069913
527510197
662338965
643967563
532159001
544241190
565583353
550184813
594609600
574580023
608625072
530867915
602868060
625534590
623052191
598041256
624769182
496346894
654141652
588074197
538068804
549179424
575181716
603864087
535435433
557242830
560072118
507509919
528394915
661410072
551447106
520428683
582139819
622248022
498225442
480660341
545881826
662868229
522634575
439192890
439145513
537733529
557406670
580643242
563743070
619424079
608581644
490774255
550599139
631051441
652463522
652446010
485029253
556327464
630804590
496507640
597704034
640914528
632128100
582578275
508842378
628188808
470105586
579136423
617268714
539047580
567011392
600427676
613358100
599762059
647520902
663338840
525575322
630694537
526367107
610783375
577395873
562473918
663672974
633848305
657703892
476826917
628677333
610106937
501065841
551728002
521810779
620239928
565102796
590421457
603786516
638070742
485972552
601191774
649911101
594888326
526152613
546601232
533804609
542468723
527553395
646587106
504375774
611582850
581210150
430882430
597830409
535022745
650372025
596258669
511480148
525720601
559975116
614495654
560289160
653508565
628719870
540170058
565365139
657664065
530589349
573865803
542633983
462379913
545217291
634414447
511645492
648187775
591804667
659738396
528504030
525929898
636659341
578740328
506280800
530847422
547548480
621461107
633529314
516053619
600177351
647401197
636455204
532872061
551956420
659738525
596711440
568627963
531940399
639288588
531783567
567546269
597587922
519254602
652621826
515762695
594567934
553069635
627569612
632959419
646943025
551860116
648100652
657960036
569693953
653140119
624644987
563633677
483870682
592798246
587665294
547227040
616096572
648843543
616198248
580539201
600996244
579084076
469624287
488152424
533846598
620803114
505264803
591798356
471085781
649008000
577337165
554644260
643243600
641419564
664842182
542113813
654771138
522733505
566086861
514613314
588380743
656456393
589545899
659723364
579555440
533048782
593139436
583595942
621587923
583617075
565329527
472173321
651593902
554325611
657862704
665901940
646907542
593052243
608151894
620973726
566827175
577220299
573554400
588886354
527756419
529473022
601089620
601325326
509880152
534054866
663249826
595289751
597297496
565504940
545919213
655834361
598541851
577146969
634359589
541025043
523151714
664870100
558896662
552895678
496482610
594099396
601548981
530589349
538818687
616047873
588106908
531012354
633060480
526346977
634668856
524063360
643218400
441153346
586340672
658900966
596827803
645223807
651007576
608868459
623978881
652741043
659763116
439936515
651501383
511136074
480370233
660198258
633970384
632493484
589095572
541108831
657437836
597277544
564045243
510808697
474498938
534186803
531456211
663596776
521038741
588380743
505360004
601863286
554239986
558098249
589523087
651321305
645844210
572135655
552133310
555592893
662840348
643783529
595214180
529889155
643993197
601191774
582046333
633541280
592691386
411933518
552563808
581933791
599107784
532380023
578962915
529323871
536620511
511671900
518934625
602387081
641583489
624769052
608373296
611352386
634690312
623323628
462651844
572174794
534655502
548430188
666015124
594739599
662671206
638743577
666646985
625236477
607816076
617731275
657035928
628861317
491805531
609513576
520256017
626187705
509658600
578396303
608835746
624089343
596767523
514288715
604002008
536607027
520564614
613897866
528438256
644234124
643967563
544265499
582129906
560974075
516169832
536149951
629114288
544535417
591779269
509910634
664175960
515320843
617313774
653406077
655217850
664422098
537621445
587408691
546346620
502295736
492154533
503478780
622551512
495791039
551119471
566671500
630150449
485166210
619419395
539090568
663285204
534040805
642073260
542885126
646709709
633922457
603300150
552482402
578349538
655884267
464500728
659629809
647602217
666158491
542204133
666382929
621516119
508188880
550518102
621591812
584333179
661708899
630071201
528524025
267505900
549457076
510148416
533804609
555883901
662671206
620556455
635275230
499549018
581099188
640914528
646400007
663533558
515437617
475742211
665680868
546776190
568268878
488013731
538520981
662671206
617045673
626947884
510183792
597318059
547195834
645849114
541964782
540196434
561814296
652587753
599735163
526606040
633411214
643653035
528498865
499587912
528696552
658096373
498556838
664176175
608864272
609880808
562751480
657686020
489016507
616058837
503906752
619454435
660602058
568917485
523134168
614148370
661587635
588911868
484033516
525258669
603790994
597020211
562601670
559829228
522602243
632625805
549244791
663162923
559746930
658779545
648535885
501612998
478233613
477437761
561694248
640909350
469497786
614656508
580391650
616550645
590991446
534275628
665123818
508903686
561087619
586237185
584826139
559249411
620856472
523589826
599263738
659956968
626600302
536970925
615753547
531136618
529387099
577107972
614857797
460896712
568981626
623071971
470514913
520890402
638319698
640421520
531097363
518094542
637115397
519827340
574542633
606683483
469512983
569952451
574209997
572288404
596711440
523038604
639469825
587068335
607700915
644266737
648655253
613552527
588200743
648090175
548019444
618000996
533544171
582285105
624656487
636474720
520119208
551319338
606859955
547059825
561878961
532574467
539992172
551461857
605908911
554083719
477083483
559044439
563549378
518917211
555098189
562150092
623275790
556413657
614021018
494813544
650677264
615399361
637232018
662583644
389336390
659387819
644523056
558872960
566081654
518009128
567090780
602941270
601496017
613500689
634568526
573035682
515945275
408864216
659751479
492140941
655846473
544241190
485166210
596456667
573623660
566967670
568980001
560649384
646619774
524026714
637899454
562098718
559259343
586138462
642371988
651166319
633122785
528696552
626906124
524468915
526846236
567546269
549032164
614382599
471117198
666549607
574580023
475334294
457645458
588635307
509951173
649028195
609308561
593351307
556045538
602654363
552195105
608635673
588292215
611557885
577107212
576247240
573914509
594074620
624904085
555946924
558924020
578637267
657156661
640193449
582490874
584775762
455113040
606412507
602768400
639644029
656014668
657193580
599926586
482332387
579773150
645849114
575348585
493362111
462651844
640283694
587946093
665172527
657353556
555924442
523660869
583843913
295288032
656295878
628915187
440409284
529216525
572161622
446608231
485633428
518077099
641723961
545856822
598618769
640260883
591982132
575660228
588034925
588209136
506529243
625416213
588375664
572369162
653966909
633149575
550045737
542372755
581566459
584020692
587895585
452645540
488773916
538962227
615916311
628824589
649321105
581977555
659482637
519162879
595221619
638187233
618890435
640029874
663338840
660219296
650684815
489187580
656913573
597504227
605938121
512131284
527811887
620824703
564702932
621358243
526439177
538946793
640421520
621071002
609560601
600736940
652191183
525589939
536436257
520453006
532115510
599314163
559813001
538460052
574910434
493157817
663338840
572641899
612592151
591164816
532985699
433212695
645726634
633941897
632156459
415629716
531702372
493381625
506688630
659708143
506828133
660661596
664791014
575120890
495599344
574557174
645858665
568268878
619583228
617293041
623634805
474646241
518684679
656623746
641723961
641250299
660920185
654522595
563649502
596799308
620949788
478230971
530955242
597928365
629889926
590030387
645584678
631622896
532563253
475621263
621859983
594879440
607577132
612630733
664725002
501065841
657620597
631468288
603520367
657348004
597606883
628459668
663599760
537010976
510304833
647769015
609809354
630284138
620562469
516031260
642073260
490193960
569731854
624490745
626410845
663754514
475566279
534962623
552131195
550431467
615885680
579545941
577504500
658783468
533644243
645437416
542810075
585182153
597019055
664098700
637140426
580960339
650416733
524898360
632371813
616155637
625236477
617694135
636377630
590467169
565102796
496800937
499402187
579158080
620470950
613500689
565546898
487700449
523480273
536620511
601898843
635704618
528696552
661829022
590601762
547166549
660219296
614375301
522849035
661448243
610849106
569350444
564236603
568658248
603395342
634496072
522221282
591553896
624218841
537439001
605384518
659858818
535302423
661284733
657984847
485235629
638743577
659738396
572103448
544680015
659033974
612783732
608852854
569994018
554749255
631129722
524054524
565731855
558270916
533713734
601863286
500673935
596402970
556097866
473669405
616730175
583823967
613157475
621623569
666413982
520444978
524625917
641651497
659092286
658846380
608204798
524025319
643967563
660941057
465849424
666631286
512580495
606788019
559268422
540569897
495664268
527859299
526436087
584989354
618568616
594115773
633427607
642779292
645051531
604440804
643993197
541357671
530755460
633001365
476019426
635951279
529889155
574731433
661087102
571328356
538981435
514903672
595745288
665656831
598321371
612387979
596860436
642825571
650227867
565315213
600009618
665939530
600076563
584268922
568521060
577262665
655884267
595525068
586769379
414825124
593838031
632985379
534383805
659551495
650328576
578349538
551345078
595590556
624631293
600174042
651824152
638365998
430823941
652927919
617876188
534196481
526531314
612300093
566724833
658900810
509084122
662504647
647824498
584645542
551496426
606131622
666449426
626990742
528971595
560940291
663304784
481651069
511987873
615394221
595378297
661939400
565866583
483868366
569693953
654705201
648461526
568601385
612991370
655702902
581764985
297361239
585231228
662501620
598783324
617996713
482828300
603033938
590243827
536715335
633027612
499056592
532608442
451719407
606863940
647930897
665123818
653733487
620055625
606663530
611999390
537752370
538558229
657153030
612746191
659166676
510416247
533800531
557608907
575451039
475295512
656312556
587245880
645223807
562399706
658080743
526585209
615332628
592208594
641112813
510957689
576514043
623438004
499120810
461602761
545392201
474259483
652587753
536961478
595137455
563450390
614649522
660407506
568968982
543026177
663956017
603386860
562817292
455043216
550377890
444273652
616047873
539115611
422528179
654494631
538263150
611335471
638239500
486206381
593767683
594318187
666644825
633908139
393215216
540365287
582043118
655119609
591442095
538438582
641462802
584434333
565557346
635951279
604446563
666646985
621841113
607497514
608391209
534196652
551819089
576931468
519827340
556497840
559975116
537621445
610067945
530398518
526533679
584531306
583263891
467734505
562817292
653966909
488586685
582092429
533804609
617977575
604043855
542648393
536415326
546024745
585182153
537895412
546053284
623071971
663993709
654123740
460821483
631186763
643634726
623590477
571487711
643308420
554325611
569719455
657801833
537933244
561485445
490581108
581322505
626410845
532218238
658371448
625239166
575434039
519827340
549426968
580929271
544512414
594343618
568937567
637121015
589292470
564261737
573036560
620054980
573857606
584104494
542397179
609021430
566754758
507067779
652498551
641303387
615796794
561347631
527811637
555591330
539686111
626093334
546611313
647632953
485511300
544091919
665939530
636337474
495050376
657916400
572598834
582730328
640967460
567581308
561208788
583617075
638593598
544073303
590979847
523151714
652044509
663267331
586049797
552823564
609384827
587991218
611570063
597036313
594346355
546469293
521098993
421275442
350099650
594531186
609845006
662672849
560166030
526530977
663760034
519444889
551676930
531524302
652903594
547586918
489432781
533640474
535814510
455202385
646837303
635729178
554102085
519753075
619958960
513954783
548612628
599647598
660410003
608447963
654431424
627483267
545456976
666544844
485320678
591643531
598717299
659503132
517812615
637103424
608004996
621928436
591754399
538911277
515433144
555913894
657182171
539398712
609039318
576509932
635187062
612670431
661308244
596404676
645338587
570596870
555502932
565838014
470425260
479124307
489187580
642258748
647442757
538265640
653543929
547957501
632595194
565287657
657402206
623429875
618048087
597610192
660562734
490968205
601230213
537883547
527913620
664342257
643783529
491476701
635657313
641413551
548258088
527807808
612160323
583706312
642004100
582665032
568246132
592347361
603121272
572135655
614143353
594034554
519162879
514058095
521689544
483309600
546685844
504482843
595524041
554926032
574155073
662671206
473030389
585700576
641352097
639737933
550539899
509080069
580648002
561347631
474265015
581016006
631636952
653221432
615638585
655539722
650792768
490925002
655077718
528781958
533630540
500282923
532379423
574570581
550242699
646721956
530981178
634359589
579216996
461602761
542396325
513231859
462320480
630150079
616775123
650381787
545100862
622655258
599113121
622555673
642338159
545727481
640664257
615014302
586558342
565018253
483787461
628022681
501376288
656236167
500979665
632048111
552401976
602444590
654743237
514022203
588165855
579687029
530182929
558978268
568496018
564672132
553927842
635148692
544088492
541153635
663380592
661708899
536607987
521176375
567509182
496254126
564483027
513100302
571724822
661738674
622402021
641112813
609203451
610849106
614180296
590925796
433861199
531955991
657979921
621370949
523208014
544146520
652830563
616238561
541076831
630829446
608955847
652225528
658895289
518250796
505955649
586515105
551257707
581324838
616344940
594406080
621050644
591975122
565731855
334140394
594346355
592922281
523427486
601972768
557787615
588375664
526804203
628254993
624722281
664010112
551819089
479082563
442574963
596711440
523133110
624722281
633815090
658922008
601863286
631019534
572846132
599627959
518962932
523766779
646244102
597085460
651325244
611620964
546876871
654985377
568657597
627972421
499549018
546045337
486612634
659847870
472988207
518094542
658540495
664034700
497258629
618276879
477370129
657348004
476692973
548727080
579863093
662338965
565399421
557218594
603868067
535113474
582295114
664367416
636481805
614286854
549759120
497206638
548768324
649982828
597505632
606042055
608293109
569279541
539129637
521564045
662465844
648121685
606117895
562013157
568496018
534559337
595249566
605457580
542648023
566907867
552823564
537129904
556041665
604068897
602602658
652767258
556857989
643944258
544758163
608104570
650543777
527913620
657440675
650796881
546426544
576661562
628958718
525893147
665678943
553582852
594532924
634170170
481343876
624769052
593529359
555207764
608466256
450110818
493112237
538685103
633913055
640695495
618523077
583811596
664302770
424559891
653752511
647886123
601311028
558271527
534129153
578391604
460749133
644523056
578144999
615086269
577047515
592461739
515825717
636002474
523384942
501395922
481907940
604298716
574541299
527431942
494790755
646400007
649874602
625857982
654743237
518017213
571875375
397812324
437085024
574443690
640914528
556204352
654454456
562254855
608898290
606012560
545038571
513079827
576366126
596796565
552923613
574580023
496193191
529980424
597011938
423540718
657626095
652374031
644534066
566022975
617125518
595068777
604543572
488889303
492557934
622192273
518902807
560413969
641627877
597841157
664260099
636550898
549763055
620208196
660793086
557302959
609390122
522979983
663050172
606278802
658253761
652119231
592852928
533437836
502049451
576548266
537970671
535095381
574034962
524898360
603699731
503925692
586922604
597358488
537671498
622943761
555621253
475148016
657156661
471857839
629238992
521932838
629000778
585182153
584632789
637442507
575214563
528088344
566105530
522927363
601689393
573623660
498898394
562965139
514687114
636589609
552837944
567543654
639916980
488458939
544146520
630624952
462379913
575790940
525062607
513511600
556159708
663178839
654560621
606475689
650631562
627375445
577928466
540249435
577633094
459881977
614656508
605322375
535069780
628618590
617506016
653543929
571211734
645709436
599926586
553764541
555179478
551860116
666449426
647315625
660072696
617692286
609840314
664176175
634263295
589950190
552195105
562353548
657068071
556898400
640477988
492999865
549911333
488752292
566336077
587946093
560533601
616540873
486615890
533385082
547331554
577652962
489487900
658371448
497277388
642378870
581352995
532170448
535358923
562970490
666554456
554052060
662557519
546998603
604588689
580141192
656186325
512920198
594115773
559813001
522769957
590041188
641340348
611496621
527160031
601261081
522992365
565504940
646917835
656169472
489092450
552050371
647232856
518399032
585027276
663562634
626964764
645858665
513801413
537223440
572902643
565315172
574741501
641583489
633913055
532380023
657668366
651626909
623533346
566827175
612240448
617210262
559599016
632027454
650716099
643521013
566168036
625677200
567967588
574438737
566230727
537208576
651647913
565409726
630766392
658096373
562154009
596342674
604055811
661708899
628471482
646988941
652553128
553438799
611797557
589138122
648665866
580304674
609885546
481552896
590102752
513193057
553460409
583706312
659946750
464500728
597900148
661145174
644613070
626652193
533392303
582793224
633089625
627869596
589895817
611740163
591841169
523575816
612375786
646858188
557799349
559459584
449884358
602537410
570777835
469624287
599895785
658510463
506764785
633685143
604298716
582730328
596493091
616318276
483086043
520108705
568473962
532278405
650835240
572545900
657575986
532302584
480370233
539092157
500178748
510397555
515795903
450874455
582355892
580270442
522282825
526817749
537772098
484439540
509525382
640929563
589813540
566372536
625534590
666646985
592002009
612630733
620519378
583339012
554625611
564420441
661508763
639172181
514275398
542012133
566864107
530847422
545129302
478446962
539092157
628659901
595100079
519831415
628186116
657508895
646200355
535351441
622158876
579623873
555635347
536935123
541227813
535650284
600148292
628618590
614950093
533860125
659858818
648072204
554325611
605837281
596150325
519568276
560866402
657677841
652393402
468365624
511776848
660407506
568627963
591201932
661240639
506989232
616766307
500782369
578881129
581933484
584182766
611932071
523563750
533541946
572687468
617357839
555398141
522927363
595292166
604004067
553565323
552109069
613911152
571947408
658690304
642893589
546520908
640821215
572369162
634697382
579177676
616896288
655730469
650827732
584019339
565315213
640929563
571873873
665084548
492846482
627330993
650975123
659079069
559481208
605757762
642649995
623708756
625515870
656606697
650956149
665575051
547430177
644244358
478047379
465543909
581099176
559259343
661024155
534961412
611932071
660949845
598597336
585725905
570319347
544133182
533538463
640914528
588923895
644371830
661912115
559813001
632812485
642083060
514028965
563984860
660798251
603796771
628900914
542648393
597354212
616047873
550739650
626233827
522845546
450512718
581024547
647940174
543892662
465962600
607497180
469886852
586343638
650457313
656039281
638126028
657979022
522714975
498520163
606314195
597036313
634333499
511328567
580020908
586811372
472047953
666479967
641303387
479973535
525245149
648818150
663708070
562765276
558632673
663023267
526648466
512601966
623288686
612414005
565731855
632952634
653200720
544680015
648448531
596402970
623367986
656816964
504701534
659759412
660055098
491962970
539054022
565494717
563333057
545579132
547749178
542648023
650989110
559893678
605904156
644403701
586958504
540442397
292955085
548436587
621841113
583658538
530775105
566859551
590149159
569390693
583403960
643626557
499757945
593743571
552649966
538120221
644981012
638571382
626233126
654143290
497251094
609373603
650106617
567543654
662200026
615942981
613203110
635156573
578391604
555532524
604588689
654696951
622190525
622303970
642788625
557779163
588894820
574038829
485394119
659924391
657940548
627471569
593386039
587208793
511709149
608104570
526326355
561045542
652782004
628653735
575027058
584584904
630843300
516196759
544684746
542204133
661708899
547166549
617251152
647699615
663867123
619419395
647059625
616461725
546764270
601546081
618525509
601008877
545456976
653966909
524177612
596224346
476001824
489657597
654141652
567678176
539129637
639057963
519899005
545301693
631991050
619230358
554887597
579458724
557787615
555097492
603997768
562254855
619242141
665230194
553293892
593052243
571820832
603473208
586045228
597458956
594129876
627699875
594619381
577743764
636305145
633906650
660080527
637406825
543156980
632937929
661240639
621071789
554325611
518385486
633411214
587036856
552109069
566671500
636425195
516587446
595292166
649321105
650300299
512889967
524179194
614733929
634111837
636639143
513052550
551094545
588752384
637607211
570722118
638464869
646154601
594392334
655248293
537347374
518140749
665656831
510269183
634326519
602789967
654141652
607534526
593647153
609604956
613157475
626107696
593200051
554887597
647315625
578690506
660927154
595463178
651270398
566583889
568258231
626998051
634912480
611755514
641303387
534430999
549330315
660985359
623643556
608402319
641127725
485454920
625701873
610398389
610616004
461764865
659347739
645932643
557651449
559381375
654476523
553819515
515292431
523660869
622042484
518410169
482665977
533249545
647547421
646702409
638360582
642168308
572099362
621140474
591470565
589449377
534959763
641250299
622374620
637547849
633820262
562159375
581301302
597011938
599431701
623383236
578279881
604218079
464188488
666500483
658089093
641370647
605837281
564757499
653689510
606412507
578176001
498049179
557209459
592742659
444440194
664219510
554027659
542494332
633665263
622761131
587946093
545550060
662359172
566864107
645051531
583177192
640283694
515945275
618276879
539191476
583936338
542888914
591065073
580304674
641989573
527992739
644220771
581064376
593101855
555274787
471117198
647229737
608711340
518358211
470397722
542376570
646986260
585498323
552895678
458828885
542227054
664258547
599114852
615753547
573296269
561832942
631051441
661436072
567035609
664725002
475011604
522773589
664791014
614858019
655641060
639251235
645785032
470813412
533310049
632634213
606440976
596456667
634172072
652119231
658282337
597042902
474245254
590102752
618060858
632819568
530398518
615942981
666449426
578130893
610130640
637582602
563256281
648672533
627284535
652378827
532550500
580643242
505343233
528844139
654123740
665480801
531783567
623383236
596402970
610035431
570610153
596653083
503939940
550913587
659554931
646390552
605678138
638407822
660055098
535772085
654123740
622242075
494083712
561014711
586049797
663338840
427773734
645639428
469971083
562231574
556051985
540601154
648592944
659708143
473869537
623367986
577709093
517463738
595289751
626396212
654971801
486415431
565295411
638325025
495690326
497687443
628472907
603856305
647917543
616303318
530116863
644177841
547946300
665908700
573816827
666544844
591236455
644178588
549599214
587077895
450563110
571495188
510658264
660253987
657689822
601648306
535113474
500484326
652649367
449946143
634773009
514208949
519990592
587412215
484546253
595217820
576723450
496311676
600454346
620541743
657979921
530955242
628933144
592383695
523778111
595402127
615975879
559190482
579693615
595435205
524199422
521588088
647917543
633686210
633978046
611487498
512215400
559879341
588921707
407754503
606367070
632371813
501881554
588920578
656384116
655241256
522393190
603526109
605335038
608635673
629025327
424923543
635951279
665296083
532419110
666131460
618451098
662753755
622099829
662484887
613747928
628459824
431835304
574737021
581776499
544006957
551975665
539064494
577960904
608460492
592594101
579177016
645856583
602409789
585962053
595259289
501399999
605827659
547783811
622820710
574542633
606072556
587383571
431770572
562231574
559219021
603666549
663523332
594491975
652037311
636732944
636757607
539142208
520052557
501726158
630369605
609207179
585111410
630955424
596324109
643966274
662465844
586340672
560359754
498351227
542633983
588375664
579923316
539694963
592689503
562696143
630237327
520052557
552654496
539501457
562552102
546906833
519568276
516691927
648882216
571676021
504276048
560442415
665745939
493385366
661240639
530589928
570564272
535850487
618336697
569849831
637270555
585634712
581191430
666544844
657179996
617998609
532987750
473440367
601648306
481897457
651394353
627620410
636735908
556185183
601334722
539398712
652903594
541899170
542880734
587880892
660927154
656913573
634773009
658353465
591638672
593911392
633209611
570107187
635187062
640914528
657030376
611482707
619601903
618971955
637171730
566875438
569137696
535557733
661127111
531964116
546848909
584584904
652191183
535850487
662217919
591972978
613776786
527937998
610668456
523790835
504065191
612363979
571655811
639256878
589084112
632387494
474907114
461602761
654141652
588200743
630667814
643178136
559120933
469497786
533552834
610802365
654010667
551961976
556203777
529884923
596977016
597964933
530757412
553364330
596334186
547219871
591065073
567057555
547227040
588367295
499270071
622757838
549896984
530802242
658799500
644885455
581024547
573701545
641823182
572152790
661682901
614764083
534656882
569515415
592844604
666503537
415178678
559525055
641691677
504212528
645437416
587820407
664638596
566260297
651869337
521981111
570294578
526837350
627602287
656059887
607497514
550375941
630611006
588034925
564091208
648882216
486607521
547631323
660949845
590739090
548775426
524045658
529323871
642073260
634723154
583623919
516177644
491936781
574303805
608428142
485029253
621719434
631045518
530771701
628186116
638607864
634749221
619454435
519827340
511613708
646532109
466873865
564759895
610678029
539447278
621242275
589553221
596609654
584593209
647309916
572553923
650335456
581379935
544683561
628458319
658522361
583623919
646532109
601983111
664771219
547015598
551860116
629982795
561482207
303724880
642323938
608154195
647083715
611042813
659092199
604758146
523807743
533432156
564559133
550539899
527589590
548430188
538981435
528338211
635187062
650072519
634021121
518808575
165481597
643331467
577504500
464240232
653207600
557302959
588034925
613883147
548497766
612222523
615805644
476429502
664791014
543683838
542244960
512099871
514375669
665656831
474590563
557037908
589311856
531343045
634595254
567193533
605178856
577614929
614406751
647309916
574741501
541076831
622789163
650266930
553859991
553852797
652431686
588460645
562601670
616440796
565542429
555161100
588311877
508768538
663850538
561789613
501532815
560575506
647396271
527089066
578313776
571122737
622863628
515309805
580548656
568610605
665795403
555099838
518357927
579859867
621492537
654307178
607412683
666449426
612238685
563536829
545371854
627096892
486968241
564528648
645651026
651394353
545716852
530771701
505117324
523151714
492000634
455946509
484221410
521426351
661715368
662191685
628528869
664854604
639081688
495075219
595379400
530885832
550893031
658676061
589462480
661467710
569666858
504409036
661708899
506514738
588375664
578643454
502966387
647553265
543282268
640180807
582797772
545129302
662370045
574992568
655424812
614993742
631658601
661947225
628075542
500570767
633640679
561616475
618984723
657068071
653316102
579728435
662465844
654127467
469918955
597830409
624825486
529286514
502413834
549374264
494006138
655197353
499530669
622424631
499412120
654123740
551094545
526574577
662338965
625042725
605375525
522520673
570362424
654141652
663517656
535904447
520119208
561045542
567255606
599311424
584829293
599381652
633685143
548932401
559372428
544268773
518873634
589950190
599274071
656153550
633089625
511031263
529073439
583879931
660219296
604160058
615942981
475055499
560235685
601356029
553205155
656708730
490029254
587386536
508707100
444920421
563976302
646845604
494733801
622190525
589950190
666408157
658096373
578093209
663304784
616058837
452645540
556178419
587544039
522556623
655858021
536583199
566226993
666276654
530588274
640421520
649321105
527756419
530588274
651501383
661816536
628958718
536712343
597822890
583288437
656365531
516054766
639744505
597822890
586769379
590202874
584020692
662971240
547586918
640095374
583455109
589139234
586565683
515216855
612729877
637082859
532443787
657497728
633027612
663596776
529753274
528966179
550744592
590821132
542852725
543026177
514074764
513457804
622192273
613883147
652903594
547051856
527386995
602654577
650646604
546360978
590750867
615238140
562425977
549330315
535595030
547015598
519915143
581332174
625428820
609203451
566807563
587336718
664023192
656347360
604160058
663371660
422251175
541636973
595100079
605588773
606307767
574224014
522927363
535257626
592341070
523336545
621365130
582005013
575694082
609043559
645223807
531532604
499118003
658095404
505080425
582355892
566007271
643656083
523130224
665198060
555008020
556238700
572995472
547801269
578675251
474139048
560757127
583617075
571126073
627990168
535199007
659551315
537742141
548848447
566112489
654222690
602508577
508416972
552310145
523133110
586571274
624069811
547413222
614136401
553012237
607382395
450486321
446761130
501726158
579545941
553202650
617090941
535257626
562970490
554849747
590904473
608575597
554516906
557903786
572103448
597482135
614746703
643589796
651746664
523622688
563333057
566350926
648282339
508199883
601261081
532879198
583875380
604389630
600698671
629403801
609389918
574238146
578112831
662620325
425397828
527222990
544316843
498025587
530916480
648752458
589163610
650222451
662501620
545021652
590421457
515509043
510872488
634013119
661951153
518435960
515481539
643303148
451320354
574716056
530891986
596620118
595089841
557553686
544066088
584584904
561511609
620952714
495434238
537970671
574607777
600217578
585597322
518329084
593826731
611940140
546443891
616985304
632128100
650157889
575307607
632769583
541345233
585112009
648882216
608134751
567145211
638217830
562140714
551383952
632286122
593765843
541068376
583997086
584704486
643346150
662583644
650561713
559588253
428790078
540532157
575160725
628958128
655077718
592498026
554818927
554325611
575142067
601530696
572494031
657179996
477569452
632433315
529349438
597841979
631468288
600204069
646710139
632160398
601360094
622715627
524740865
529028009
634612302
584404916
510529844
620328060
632371813
567543654
654286122
638993447
581776499
662632618
651276496
621375189
632874361
614633507
631431724
647703269
649277413
527281813
600878881
509808645
551706596
657348004
518137173
665748821
549738936
575211927
639369010
574402044
570706585
566552307
535302423
527811637
655286568
627486815
501712792
526112800
586732075
647315625
548848447
620933205
623343795
568990578
512931407
551018727
589476495
535077120
599449074
652037311
560974034
590784291
629275288
618287385
639597745
607430129
657051245
618668681
608373296
608289333
468219909
557974615
494265107
545779375
656590866
430747943
503906752
614315574
582717468
579864991
485322528
538624897
485400210
571608147
632066940
566754758
559120933
555675224
532827998
546935660
637147104
568279155
525524975
645243733
508923934
552245532
665656831
642106374
441583315
602289383
632066940
551335158
651992029
638467707
618737657
645844210
509190345
592079515
580870672
596498971
523529769
547246801
533514336
486523223
537721434
593532551
596075984
546065348
624192822
490925002
582585731
624039336
571075699
560652455
654114574
613375384
560649384
595615927
565399421
538309647
623383236
542810075
510846902
633662666
592208594
573924200
610106937
614517765
557022496
591803330
587946093
530182929
504652482
636656474
615275390
633001365
524512996
638366504
652374031
662779879
595608580
641271771
652033740
565504940
556276219
654752593
543892662
615849297
612577357
631270574
514794683
583811596
620403468
577958121
655927879
503972335
489935608
618185755
647309916
531709591
658096373
553481257
657801833
523472466
631270574
654560621
554922902
502264744
577780948
571646698
655352536
534383805
531719984
567035609
514948868
598401038
610266309
606716998
641521981
557149029
603495014
548775426
585076308
534907442
536141506
657913439
540701088
657193580
573576752
636448997
574339874
660765649
644523056
662321563
544641833
546842963
654286122
544241190
546443891
666284232
609845006
489268202
627504842
584277211
626759697
644778406
584458525
588983210
631953161
643431994
624043974
641179594
500352818
628332894
647401197
556221013
533741620
542303383
665682589
595133967
644523056
652842114
519862672
580090324
549470824
666549607
597165640
568496018
596091871
509900732
602324208
630875094
572978914
534593606
644165256
651588555
649574383
538747247
506590860
635816752
561286848
594326027
600336924
663721789
647162260
597011938
606475689
584491398
649964595
657196097
621640743
642378870
558733809
662980036
609043559
654087300
619272824
620758917
663054095
601247709
570757877
596827803
563040694
554554181
619697171
577047515
636925743
621841113
652785298
636132043
650773671
665552188
520256017
548273677
570841357
582370757
567024071
557091312
543683838
502542055
492323174
529323871
561175279
525592902
532610467
610106937
559411878
627637864
526186030
658085232
647985749
626730444
587544039
550987164
505943770
636629593
506764785
642020057
518390450
660949845
547627039
549935186
616783332
546601232
640610958
662360332
503654529
527559598
663690783
522602243
624265290
636862998
497742673
645643289
558768233
483768584
643224577
646966108
579579948
564495213
483080230
560636812
514074764
657624473
538777425
657722796
565580362
589974895
518212451
649538131
622551512
525155243
657250238
463447184
623561993
652431686
581345491
446608231
634553573
589010143
603007314
640444197
657250238
622770933
584274640
627620410
572289675
600048710
560276461
486112214
554818927
588382933
543948617
611183845
620345198
642378870
601972768
515959966
482971601
664854604
592297014
666059443
546228168
608852854
556672115
573675249
644501990
530000290
602569127
648755665
633828825
584298161
595482915
556152300
555915127
564293854
611471303
560533601
646315033
638263529
531118037
623866867
556749871
506281404
632106390
586590299
642166808
630438393
580684955
633828825
522274971
657844450
608635673
577633094
661099224
500265354
518921653
545877225
489643496
554880227
650053237
512088716
580960339
567663773
608565463
619556203
605686381
555802205
489258614
589463770
631925343
633832576
588692557
479682043
594616777
581983324
623071971
631622896
565186543
632076364
639171485
653966909
622085058
654785738
628782915
572021219
494144526
623142306
552578803
623275790
639984594
577780948
577023960
537591743
599769723
550000808
462325499
641823182
523143336
585185672
560866402
498848277
455202385
608806588
646532109
620862188
662196295
654010667
644534066
652927919
582064745
582129538
578349538
589438489
666131460
578180489
585162135
528498865
604966315
438209875
556224506
470971437
632208110
651075641
615849297
620078380
650300299
539090568
644778406
571381015
655999727
641150627
651473278
618048087
510557634
640745132
637813514
525470464
627147294
646200355
632076364
662869552
659432766
597474114
572021219
498280723
581186884
591779269
517529018
568540739
645312776
591800043
576414773
635816624
528184592
601325326
633644428
619327469
530646843
660523032
579621330
615990464
604325593
514736011
549879996
546854697
536085497
633663029
584620853
612783732
520755240
647605826
585618135
666544844
526985499
618585083
601972768
509169957
658893194
599189958
592745447
592600890
626916914
515620550
589627901
564967166
600878881
506546129
621606710
665480801
665844964
556504621
471156844
490728216
541475802
652957761
449945210
554223369
603738928
629078928
609845006
547828953
524067712
648276371
507112605
532443787
658096373
522949879
504412108
481109395
618724761
450847952
545690039
628472907
553927842
646032352
658277839
655840379
661127111
645269961
658243649
533860125
329309597
658096373
632284948
596402970
656495209
564407553
598487998
491856839
565504940
510734920
495791039
582269563
662355574
594066065
523453453
630817422
584993844
608852854
510192633
591927074
665619233
659166676
650300299
571789240
508780875
666268567
521856450
638816112
663318592
606358822
616047873
578634128
542975552
576119321
573623660
658510463
535465238
636455204
656606697
503068332
176934854
357645652
613512050
518443526
537579690
593926741
558775894
572834532
574541299
534328112
581437845
654345810
575214563
533232743
644480133
648695192
619273771
628803085
629837894
638061066
565463043
661467710
506948713
536803096
526194735
577333963
622726475
519472447
569152042
625880927
590658631
646960646
579545941
511480148
666500483
574694846
539090260
626357887
606894963
661611083
595972644
588946250
621316153
468333056
594731604
498520163
659551048
503562830
639857381
511613708
658186459
615917736
495264209
643681220
547195457
627995708
508842378
654059834
647951711
530589349
581218744
562085890
587747289
538344284
593268235
556191017
633064387
645429106
565542429
596242737
626759697
633627611
563076107
579859867
586153132
665474313
450157031
564528648
508761241
516420869
664539549
618742502
537675845
637162195
620562469
639516834
660512752
549244791
618154273
631809475
617181283
646453702
427674283
661087102
652053730
636715898
571637259
634564506
530559644
601689393
527964065
570409459
544686198
591333056
634359589
541315403
598407180
610906346
637488665
625919890
589512017
653524218
661587635
583017350
563331257
555097492
483462392
577553841
552543386
638467707
484860794
644613070
500690173
575195215
639745930
610301645
547385668
655793777
530212900
565895046
648658712
530666875
472426633
468272465
609063541
515481539
556200188
631469687
541364372
556178419
526840343
530847422
469927403
528258383
648404144
586958504
549582107
430747943
542396325
471056041
555831356
583843913
528454680
651626909
609906872
656708730
588991411
664098700
369052825
619907969
614164293
470428112
528696552
506314592
514059811
591301809
530801848
508096443
553189133
475425785
632799753
611114793
621867438
601648306
565546898
496204470
647561645
532263707
584542919
588473875
547219871
633848305
663614166
546682009
651519230
528102505
561853609
535326273
659532351
662076205
541951785
444103768
660923391
543026177
566913406
581571360
550862998
568162329
550793396
645440702
626104863
535465238
530729738
567923864
521713271
507788394
645236003
526043177
515500602
628869896
584298161
587718581
653062534
616106914
658092464
590933738
630953537
527675033
596026420
536025177
503049873
504498972
660055098
597011938
568268878
536206568
548453605
562164881
516362057
486152498
638654063
629570907
484147947
601983111
605384518
533016903
610067945
477929543
647162260
557135573
542657839
611342955
519568276
571656870
465849424
542720379
488235897
663338840
609145181
466690250
542396325
579960047
577743764
532159001
552195105
612729877
593765843
624769052
594371595
564236856
519617917
555230030
478947427
528156848
586185315
531018137
572593768
595238352
530867915
622137667
568260819
530891986
665198060
660151199
649423558
578743022
598618769
574098188
642087241
613657200
643716915
549629897
575647826
647929499
484919283
640914528
559525115
512068765
524450723
559897443
560346045
410030469
629982350
665025614
592239994
641250299
646400007
580432048
546784927
512495691
655349045
553973565
469512983
651007576
660219296
509169957
636564814
557370376
657030376
611728589
549046939
611032357
614405089
597027943
586391068
489911776
580926999
634005537
569303728
649818320
566467384
627869596
618710412
558515218
555295381
574850729
575719423
537364333
635389618
550129118
505844509
377451676
595939084
646315033
621130190
541375330
520890402
571122737
514905066
621653724
640878971
644045959
610292790
593369225
612043410
560463738
490394597
666382929
663916571
659584967
452940073
615147368
641112813
609593704
507103276
524241674
666500483
595990153
536158831
577780948
663142367
582129538
534168371
664098700
536605381
525532888
579859867
528239303
540387473
640824063
606708352
658253761
602391972
665180196
624339138
596493091
615942981
642734201
528081547
408823974
657875467
599953858
633767092
621841113
639747040
612783732
462014523
442935358
589147381
540675049
586606399
652900681
614582769
613314518
530001022
604415074
662632618
608548263
595990153
570727716
530182929
505476723
662558468
644316678
612630733
653395281
599505074
523529769
513452905
577577467
664098700
542372755
576213247
525984487
474794097
640745132
605539478
585162135
568658248
643656083
627712668
634795636
634595254
570018360
627974376
514461466
447293968
573747601
524591685
579277095
566081654
528239303
461549710
588894820
561526213
661775758
583870094
547325632
633848305
588923895
605887034
593039619
611507199
655636224
518808575
660949845
541137638
566175865
589527506
636432291
646315033
618984723
666616035
613582109
604120497
563044963
612352466
664176175
591741500
536992496
653508565
611253375
661780214
648423688
657416066
620388688
557149029
552443863
598753862
558304259
643303148
647038968
629982350
505343233
570223885
534559337
656406917
655794146
606814400
607238588
573188422
571069866
643226287
661912115
508261132
643626557
591470565
533982050
540110772
596799308
559845505
665172527
626104863
558980775
546546892
608135643
646721956
532811541
572087997
608004996
655840379
576268699
483795275
623071971
547997245
642252576
515216724
469101006
549480650
638221014
584775762
561526213
630069913
628064122
524045658
596516630
600066580
514728787
575160725
633556414
504805110
654123740
595089841
634359589
660653458
621729700
658371448
658700514
511772503
491482008
538309647
634723154
583044079
579045343
599417168
662969349
590112139
657353556
579913365
608399144
562473715
582248211
653966909
463831178
634021121
640811675
621326059
641823182
599490828
549978823
576188969
568806662
637723772
548358305
656146044
600794612
598321572
539749507
559249411
505558542
653715573
559854561
466525613
586927847
656623310
563119096
597795211
647401197
500863439
663517656
649432937
586483398
646386607
636690702
637963057
623497859
594266243
640596221
637115397
502254849
583576417
618185755
604160058
586049797
514762783
656775732
655361117
652191183
628203792
570864833
565986588
581292796
614900483
535066438
512215400
515577882
566350926
663666074
607356749
652379355
545280025
595005949
552579492
663338840
469545045
544368377
523792580
562626333
666479967
553419205
560039257
561347631
613850900
512571320
575009182
602831394
523481139
660407506
516506330
658263941
516618726
474873863
584775762
567870600
567084272
560807406
548733076
552948031
589763190
416713065
618664655
584019339
645809351
506338421
543976185
469662923
538344284
496266817
653495174
640421520
660793086
522446591
599215765
427295432
542514053
583617075
547731731
557880478
638365998
441153346
574738914
665198060
582139819
533507912
629830436
624069811
493371415
599379323
617504645
545727481
658329768
634154740
602614390
666268567
568451711
324991496
649964595
573623660
623634805
631714438
623918041
576187801
608779559
662671206
503957007
549919967
637421424
440409284
525029914
598665533
664025767
577433911
550575705
456460035
494843488
665172527
474794097
544125352
626998051
653485651
575861763
561366458
574268084
526326355
507220567
520478421
656586026
570720788
583974711
639209735
509674362
598301246
578917938
583402025
628429096
610802365
641179594
594731604
540225126
563828606
622192273
601247709
543495816
602193628
571637259
511458180
533014004
609171741
568279155
593017682
606905496
605825744
664264775
623756769
591310039
657375626
665656831
650300299
629063363
585025919
616547873
573623660
571265149
603303461
555592508
611869045
537571408
659532351
638075370
599186668
620179560
508137345
616038248
605757762
550134275
594570529
533545548
650684205
586020478
632226514
657030376
656708212
605636861
500968259
546432618
617844046
612316235
552723397
617090941
583010629
662517133
614525226
537129604
616531353
642252576
645301930
538227670
628933144
595610965
639916980
513365751
518140749
648687318
521546430
528404632
496423078
570412993
565731855
511313218
665884456
570599503
614476498
625967909
592066680
504001196
637449460
517290781
557514898
568658248
657305585
488235897
508572170
552566284
542633983
612245356
565546898
643871235
592066680
642803774
588514878
512512307
521607572
508735420
605953578
646315033
653508565
533552834
562679169
637812538
542227454
517310543
636378594
600222774
538652099
524298678
505237807
549046939
497326053
621365130
585817030
620328060
663329634
543882944
649247758
511970621
643043377
587258864
554709673
596711440
581264460
576931468
530182929
655846473
479587201
537900329
563054549
637654622
606915504
563363679
656295878
533899572
509207964
633192670
589476495
529092409
565186543
599054540
545270441
612783732
618668681
603506423
625653915
532767443
541315403
573715479
664870100
619056024
625701873
527371936
475071123
644056384
502538425
573181793
588209136
552319084
552690532
598557273
504974235
648461526
503282514
643156982
615285775
558270916
633839138
587208793
514864283
588875055
657162702
605276682
464696905
661127111
653069923
598456258
652409249
562965139
555690308
664367416
584027926
576307726
560463738
557220172
627601465
597480005
482634539
523638543
539780250
491308196
580439257
577285168
528342350
597327235
523133110
616524927
515185752
539260559
595238352
593139436
606412507
643914282
523757082
466926417
663338208
556351290
583006773
586284927
601606812
520868308
571487711
565520976
630388257
519326541
463962532
591643531
665025614
536032737
447387953
523777165
527686389
570859497
524288004
493268303
651181186
650309480
573701545
662950482
638743577
513674029
583372628
456238823
647917543
568917485
654528410
638138461
643953409
494790755
656033845
643676793
664743343
528113981
624101389
525177020
533808243
549528873
666479967
511873114
660219296
632127405
643871235
607738024
665792284
596874281
625088991
537004702
536221997
506529243
615175896
528113981
641354483
512832615
598753862
453018029
653991351
578744398
603172473
578395981
618984723
628653735
534430999
589652757
213931060
614519050
583824221
651407403
519543188
509877228
659640209
622977847
630766392
577487298
488405192
592012930
508903686
623485494
316131070
614885924
574319541
585185098
639209735
560735849
538155846
533356186
577753277
579447778
508814434
530017702
522773741
622242075
596977016
590649034
565941081
666544844
608238187
521922231
665939530
654622624
589909314
649058814
515444409
489813898
624722365
551592048
654009865
553282069
635187062
459395125
521338471
646709709
652785298
661682901
574017900
570225583
649765401
665230194
513027738
530017702
489643496
505291787
584298161
546346620
572446795
654141652
646681783
662178689
556898400
556122128
604944557
662779879
493718284
618645350
608467335
527785771
622795104
646752991
570656354
662288731
531964116
534959763
665358081
539595538
532921152
559845505
556481534
579623873
558636521
660939343
552904927
571873873
612583228
551754439
597661510
547953915
568672103
566350926
599644677
454234380
620742885
535435433
636708118
435734367
623817955
531206759
629181713
573152628
592594101
511775356
649543874
591303884
545275465
644241346
663534766
640574736
635851902
507812163
461602761
571917423
550572945
654675560
528030990
663754514
593082181
572687468
628770602
658473743
544241190
583576417
609384827
548775426
590031757
513826906
597480005
615050490
574273238
549166415
568162329
562802544
666263575
493139509
408373760
660271514
568748256
663436585
574694846
451719407
524612541
559947062
498808872
612994886
657686937
578881129
589476495
637337100
616547873
588561039
620067156
536776044
588385713
659866272
494507737
568275676
640477988
610054353
464740358
562098718
384295372
596711440
609955385
586945912
590907477
659946750
653166940
623071971
574098188
567623585
621128039
577504500
555675224
578349538
614260517
661585090
664624844
640988087
546736264
628630869
665180297
529323871
652553128
547765774
563549378
475774563
567628382
609030145
595250066
598481557
478433312
665025614
536206568
595652323
589527506
612438309
558298743
643031101
530767728
551267329
523151714
643910042
655837969
627936972
661168696
643226287
633856788
608103048
614996157
612119894
478842379
656189861
578725179
521206408
558003404
640121768
642463883
665048076
650832370
547153319
551106321
530398518
662750491
580032614
567013194
582905781
550885975
534119370
664302770
582005013
649028195
638948125
614024336
489643496
544066088
431835304
489042445
609845006
657823282
537911980
594164285
642126071
632371813
622052477
577614929
623256561
665025614
648752458
379881293
510019333
578373841
557846809
642168308
553610464
554031851
560974075
611409112
552725208
607844272
594372378
556859193
588375664
588034925
663517656
599875333
564956508
589804875
604222108
608223361
593454952
604607606
622348774
513366039
649330872
551997179
628627233
453307199
654010667
540806680
666286942
655860080
503339460
541638872
621591812
537851155
659093135
665820291
461849386
617581083
455946509
531897108
625880927
513452905
579773150
601939719
662200026
610915796
649538131
533800531
565740776
635489347
545610481
613657769
546599727
607274871
517423871
631494737
595181588
594731604
585182153
578109860
563737596
661979109
655882539
505842212
519962200
648232676
600427676
510121712
504754680
646860562
636288242
437567683
610878052
538797798
588810540
659956968
483361899
660219296
464948453
485223137
515983979
596402970
653894342
664151202
560674674
619958960
568510998
590130703
655348135
577780948
535886109
621280189
587917050
534604913
591137970
638746524
558304259
566387459
508923934
638366274
633887204
608278698
609145181
666022441
585417327
537684306
608393213
661829022
658371448
620328060
642647523
657503012
565658238
453307199
492608975
605056542
627060699
570018360
578062877
657319201
622789163
626246986
514677973
664955060
628955211
661195957
660410003
646351795
457184922
571873873
514392522
556481534
620519378
612977505
549650936
650248741
629063876
650053237
637736444
593765843
612858806
512580495
571536141
516710248
514022203
520679153
544901384
651843753
566859551
603643472
527386995
643782767
486080629
559456338
571565977
505842212
573542222
632156459
623445696
565186543
662758105
656421237
536935532
528781958
579318568
509205520
651746664
593454952
638279740
630953537
612181381
595315085
563119096
626434190
662671206
568230116
626685875
602941270
497590000
562371855
507348156
581352995
578743022
587174721
557415909
642981704
522260582
543511742
595869959
608678545
558104705
632334225
657319201
651593902
589463770
525594471
504412108
496391250
479351215
619907969
622804739
647676007
490992679
525200527
577682704
570892227
630740678
651519230
649665222
566875438
658962701
531745385
529458359
563633677
650543777
555924442
520888239
523110476
585977965
534450577
550385483
529394937
583285424
586438727
530729016
663002359
529393796
649008000
649995214
547604640
545301693
620974915
584775762
527386978
570362424
601233006
660219296
619721104
666449426
544302933
524350379
521133553
454639925
652793414
577921286
587398989
602335821
623383236
628669135
597995857
530440083
543892662
554625611
602874413
615179530
569785865
521708615
604139441
582125493
521919523
494179168
517279364
524740865
619683778
600782987
576710566
612972503
474897276
663282097
643882831
645269961
602048418
588095435
581237436
558304259
530885832
574129931
619501127
589245620
547749178
613747928
614014685
493949463
656146117
588410686
640095374
506456738
530801848
530847422
472160665
665123818
646032352
629743720
651511181
637711184
544717720
664615116
509023074
664936265
595562875
642644634
596711440
626656193
615285775
498714713
569932503
646351795
660055098
653055064
514652829
663673218
547173335
614375301
564712280
582885395
580747451
558012777
632625805
527760030
518921977
656505517
584624313
665908700
632989867
648687318
640323356
648882216
495049383
568917485
605837281
515734046
604298716
640279400
536935123
582165004
427773734
635104650
653308905
627620410
558068711
578145294
540641279
610578355
597928723
532412687
506529243
530336913
529787308
516429973
666015124
662200026
513642929
635786210
585650337
507151192
583032618
602383957
528192450
629345868
449481591
594107181
593838031
565504940
528696552
613116557
666059443
632472715
562174651
647518467
568268878
509688936
509619286
545114855
608635673
598273179
648108288
505940948
594097249
636660409
618739928
427799820
535282891
580739968
551860116
629510702
650360636
490234477
521704087
558393829
656804973
518138496
503049873
625982229
590948706
616303318
580032614
579215966
593223116
644018292
661585090
555452716
648395506
625607890
525458659
657664065
492605373
534330170
657703892
555681350
597750779
422915305
666449426
561258451
612654603
558045410
510872488
600765323
658096373
650011411
547995677
625104426
632869200
577248499
642338159
650012946
570761023
552578803
581312065
556041665
624835154
580599695
600379822
529387157
601983111
648882216
599881327
596493091
657940548
663338840
583751757
569144373
574526419
602874413
659749521
657979921
551217362
601097738
548021141
625814373
651992029
557430500
533009304
509574212
664791014
512931407
513511600
535022745
653062534
636455204
565542429
613582109
634799552
619175342
541780365
559074647
474652684
572137982
659432766
663517656
634662740
622530425
543463990
476098229
531456211
596664220
489722188
514596323
653166940
563883926
538622216
646429531
599490828
619923473
454723455
612119894
609145181
663142367
540678683
597297496
536282500
666503537
498802785
656406917
638332673
619980786
618523077
654560621
652248336
453636008
629290906
655286568
585102640
572714323
616440796
550385483
555343936
589512017
559060332
657437836
569928264
634796318
513452905
661539230
539975875
649099618
622132802
583991190
640282707
647309916
631803566
516261920
657130189
589545899
539458995
550010335
584119123
648470736
566097313
579929157
602096940
546794438
556789041
529623177
570858198
613679454
658942302
662758105
594004799
643987453
600020989
586590299
607382395
458215855
530234058
573701545
597606883
583593878
515345573
650914549
486343195
518023663
658783468
641303387
508183867
623367986
637026599
637096895
611869045
657429132
633303381
530847422
663285228
513300983
520760627
552895678
601640106
651557058
506036326
590691095
513508018
629969367
660661596
635014827
643798992
637812538
530340611
519525004
521085580
646504917
648830202
631111178
642378870
587135032
581264460
530708668
547015598
662739286
542063926
635511743
603439464
586565683
455601397
665699763
441153346
600616541
611946670
608635673
638375001
591756269
591756269
477929543
538544919
576152189
637698909
662465844
627936972
651555032
665172527
601972768
632286122
583554021
525039091
536221997
634690312
611317885
564147902
665212732
561526213
575142067
507720845
652587753
431761474
658774714
639231953
587486508
569829610
651558462
593139436
517184693
646413360
559947062
661308244
642038625
657844450
554501488
639187633
543099645
579266544
520886125
528870246
595341497
645905339
531719984
586590299
581478487
601640106
597080793
627176447
540888086
470971437
605457580
662338965
503198759
591433141
604588689
519500925
665480801
648407171
530241930
590154231
639645276
513673719
647401197
538939096
663706074
575088723
435554914
630854739
634709157
519938518
544373583
523589826
644628255
601087814
579913365
572995472
482318240
642564808
544002912
652719065
661955982
665699986
657334759
542123467
607497514
565922685
572796371
666075390
647309916
649530858
535636272
608385425
627375445
559145686
652431686
590243827
532010754
600616541
557880478
560533601
613512050
585102640
589527506
456183026
534024205
522066138
462379913
536787117
563330259
564003024
532170448
540231809
480912591
597011938
548628410
618933063
508552350
664159756
629708729
564353677
580817633
640111801
623697964
642463883
634817237
587188750
560428158
544595372
659284150
413897659
565261696
554501488
665820064
640711527
597830409
532263596
572878229
622548497
527992739
609389918
650156011
624090076
657375626
648423688
631217297
584409103
570549237
605757762
554385056
565903464
404192538
552649966
562132153
523110476
565731855
537286905
590385318
559073340
614405089
650300299
593926741
531776466
646573347
512020773
666500483
643626557
657315996
626684999
563922423
610742442
457547168
501225737
498643342
641303387
440779167
644371830
450972067
641500391
609900593
547089529
652191183
593822454
366069492
614885924
659851558
532418358
643503318
525580932
602047741
648903277
630283021
536802462
579623873
635187062
639870549
599205462
524827337
657689822
594879440
503049873
494790755
546969717
593115855
664367416
640029874
645820759
577697558
624322005
483520337
549483891
623515705
490524054
606511945
662971181
654976355
654123740
478433312
522974914
586211663
518963334
496509175
571495188
612583228
538058633
569779656
657689822
587386536
636305145
603980536
646899501
663904032
617317560
662547183
569390693
507060789
664279677
537130491
618262632
646429531
439041460
666618625
586211663
663033111
573865803
652527489
638794388
539137255
636133161
657626095
528956773
495619115
498712225
663533558
654795469
452205806
594735001
456935829
583561977
487418483
496804366
524094644
521206408
490739142
630700773
659388316
567084272
531079936
645987579
615942981
466812344
661611083
508923934
572978914
543292019
535336142
504998404
614180296
456848821
664393792
595439267
563780111
656540844
652903594
606412507
647561645
600753180
554560915
488393161
471237044
587946093
615231989
634595254
512215400
665683059
545456976
631239306
559829228
618066667
606358822
657916400
657703892
523149348
542797140
623752226
510019333
561814296
544135547
640421520
652431686
663596776
601261081
585540438
536970717
508307932
623184661
595293364
510727940
646082961
651870852
527386995
440409284
596815687
609083827
479310980
651746664
666350842
633906650
662561518
610849106
641154988
639513422
626410845
464981878
590763117
472403323
585905238
657979921
643547170
636036839
647553265
592569766
531702372
597589202
648108288
521426351
659522321
564471959
466522909
533800531
605098056
570151647
472211488
665688035
618080720
655286568
547783811
665258112
589512017
662632618
459881977
626093334
590421274
493956710
552224939
648232676
154138476
624548508
515772370
535704306
624825486
538501124
544799519
537621445
643905712
597834870
525292879
634605010
654087300
597939948
646620634
631177350
519827340
524612541
662725182
609604956
488853098
623367986
633342484
555714262
652585177
615874316
583797422
520640859
588375664
483086043
517485528
577642051
622037509
484641510
609900593
554537968
581452027
519105982
602126647
546784927
605837281
636323833
660784042
642499579
451871299
575719423
545693286
582605521
583402025
599628904
498184445
529806772
608506629
658277839
544758163
522476514
579859867
486367978
579185362
487632958
647930897
519431951
509584744
613155906
632106390
569423633
663673218
508088328
561539252
666646985
627968163
606136349
549939754
626727758
483380641
542910304
551226587
515364308
633019637
446617773
632425967
572148847
509982789
662969349
598753862
489464791
557790961
653477450
610288574
509837035
602713039
664318005
512487680
612368672
590911431
632331650
633541280
639818882
586092836
618315536
575790940
596500548
660410003
610191416
567174391
533044148
551971916
664478535
636398912
578634128
570804718
633541280
534196481
609145181
571243432
514670791
657631656
666449426
582138212
644170019
666268567
640433676
665807785
549311685
618097272
666556102
543871938
539921933
643694273
516820754
551647769
429008235
617694135
656355704
550078033
654240507
537262981
588428511
576583283
571265149
528653094
604604374
661780214
489614089
633685143
664744989
536607987
628627233
576387041
662779879
570228663
550553199
335504901
599281184
571003248
665683059
618959326
531399572
652553128
529706314
611102927
619792821
568451711
622220353
467903065
597324180
569837503
534508045
530867915
606041557
608336267
603217602
320538637
507188596
653406077
660516064
625125062
644632282
565353519
660055098
655846473
650416733
648271165
539855237
571637259
567431001
584246338
646402089
596711440
562259765
633994614
581346505
606958394
659640209
523843670
624101389
579426732
622316700
664025767
574904343
664900411
618397074
619785179
474188308
555276718
659432766
505592090
565902042
597011938
497869355
660271514
550987164
534006910
651365906
661920221
526185350
504412108
589082547
562473715
618234554
610693557
526416973
513690469
564956508
621841113
622132802
602682957
591241321
519055819
665258112
622717256
604005125
589609788
613025326
665602857
656022374
556238700
563368054
608678545
628653735
563806408
608864272
588834883
597011938
495736822
575606000
643783529
485239178
590904473
497590000
530584288
539796585
609301593
644671469
609845006
599968936
657416915
508923934
592066680
536562452
507112605
602096940
646917835
580967814
645809351
613358100
566330594
539129637
520478421
527127659
649339293
504243038
638321708
648843543
559616975
640839852
569666858
590102752
538321905
653703686
559746930
647271682
626371837
664260099
644838454
546316748
662465844
604908046
595957697
622943761
583006773
645338587
629837894
406680812
481365134
531783567
660977460
659109811
658700514
500285921
660980395
518449733
630624952
639216352
555735403
520461368
595005949
493385366
535184672
497258629
567232109
645429106
633057149
491286398
604389354
549975899
594597323
531925383
656253194
568492425
648695192
565186543
661780285
533980423
569621006
517955203
616206406
551592048
637043345
596421813
663754514
571658760
613312902
543463990
527578336
632495901
635445664
581366308
581885431
617957601
656028761
662465844
596544212
582787709
643862294
446694584
653395281
660098724
638468976
526533679
526719417
611317885
549375217
589763190
664912161
599535223
655731658
532092543
609145181
519470735
526646557
665120276
579623873
597297496
559277136
591065073
596623097
501460673
583991190
609039318
622642093
492605373
584709688
570663159
512994054
641250299
566754758
597011938
511800465
648276371
638399543
615226024
636600238
639172181
570670741
539523138
592689503
488407733
617232474
601739495
512036378
619261212
515345573
543809402
662307129
610865994
654409733
575719423
615717156
553481257
606886871
610734693
519175971
642378870
547089529
565583353
595534699
608366270
564548237
473146092
566859551
558734443
634709157
661145174
611722299
597080793
666449426
585374677
521831203
497850320
634553573
624289080
625917544
571265149
570682246
545094059
573185453
628005068
520119265
545983410
641250299
459621659
560866402
664373620
537482203
610849106
615849297
494144526
549188260
501046904
478089039
613152677
525721888
518655482
563410191
537087811
562525105
663326880
626955857
642020057
626093334
637426658
660562734
584409103
587946093
559845505
598541851
657703892
556302450
634662740
536945046
566864107
535358923
558431030
640821215
564077576
619759850
567129571
583264001
518047974
606336618
657880163
635816752
618765797
664151202
490089148
544468238
542941309
643967563
596557866
630174193
555377508
547325632
663706074
656075903
591818581
442078470
662620325
581210150
561366681
628974349
599872082
515263480
658095404
470518733
522927363
607939393
577780948
462325499
532811541
641413551
529917181
662191685
523778671
497022540
635951279
571873873
664302770
661738674
520025526
596966372
650372025
559450111
656919195
629345868
641659654
511970621
582165004
634271567
546951335
621680575
570195891
534430999
542075033
589553221
646360832
519827340
556369185
658229371
651004894
664302770
619893459
597535175
658096373
545925086
661114751
527242784
623983733
506400625
536708937
587292314
559411878
525784056
558850765
561280942
646935799
528038237
620239928
573185453
564757499
637543622
659432766
595805554
449195480
632440454
633194432
640128096
564289542
489726748
549879723
485320678
626104863
659960038
623383236
477490532
543310708
483868366
576100796
660303756
515445832
511084760
522867068
541137148
497933682
572265038
446761130
656919195
546432618
601739495
572714323
549225350
387820784
522693954
516618726
635657313
489884640
657171589
570330509
598979652
663162923
520005757
473869537
530182929
625241196
561362170
643038248
598664187
546279910
652509878
500135167
582031870
543073890
496733837
618507739
522363934
543107800
568509438
658253761
656312556
587539374
527654615
511401847
503393306
635389618
586855085
513247655
648902421
622767566
585594382
429608095
522036780
498520163
625742676
523290055
629907851
581491415
467922485
543091225
483588918
595378297
631232387
518934625
663338840
514390244
664098700
539118573
651626909
608413786
557024789
599314163
577780948
574443690
549046939
594376841
617998609
551860116
664176175
601261081
608711340
567826072
607738024
651910269
463371339
581478487
576386575
526814567
665602857
587188750
569994018
546998603
512295671
584298161
545155573
547166549
636056560
650311877
561717608
568677762
555592508
643777996
468219909
656590866
575307607
663517656
538412952
547604640
552319084
645722860
568310193
583821241
508923934
461740436
534430999
627610197
594346355
542910304
583843913
658900966
547119887
576583283
554325611
604767697
620981684
599809697
614400509
621280189
611447223
649921744
515734046
661874896
547085763
608635673
547189366
649871537
585930818
660219296
474683567
601247709
574087143
600592722
659670400
619191577
575168319
618364303
534023768
454956740
575483060
552190048
569646820
541075444
525763880
637582602
497330774
541545791
531964116
540888086
657375626
641979475
528184865
583706312
598677035
617590360
554031851
616547873
643939662
517743203
596479305
618880493
495599344
661682901
641303387
645844210
594983141
550739650
554009465
553509332
651321305
556022798
596972464
577438196
633798699
612829045
620581151
586996657
513079914
550533603
649314882
537897364
505648970
528696552
583617075
585498323
606987717
587882757
654158657
600567749
650437884
650142087
540442397
525914483
383781518
527774727
581867684
666503537
620055820
492781836
638046193
499655516
519638936
575195215
512832615
569731854
617477594
519525004
587334947
631051539
543282111
621128039
586590299
644455114
548158000
575027058
611709241
634815621
582679705
649344919
623719157
570107187
658253761
618624385
639551992
659946750
624098720
449618364
634535741
562627312
639513422
632429809
647664900
656618609
548071679
572494031
597458956
621021435
572654325
618267552
616298662
640421520
468585710
557820328
604440804
649911196
591680104
625680199
660512752
566665294
487925430
519430202
530398518
531438589
585632951
623525162
468335343
582905781
637026599
493139509
660661596
634709157
595590556
537671498
586896822
623907902
662671206
534443068
566988766
563839355
450677493
645513538
564420441
654543044
634568526
547189366
559974736
512010895
664025767
572598834
564406869
516618726
520256017
522294983
585905238
635622733
558093508
640753761
626423652
619852589
577738776
664740425
656775732
596549219
559073340
498643342
556238700
652927919
529485942
637320744
637442507
577908685
633245651
519633511
636660409
637082859
594279315
527785771
556221013
646495160
554009465
558924020
555802205
577214000
663050172
646907542
532130256
657916400
647271682
638781796
495441756
642538764
584671731
543232827
563044963
563194793
633618683
602975098
599655380
582365681
665683059
641246596
664318005
577780948
601261081
647401197
642106374
563304176
634359589
664260099
539694963
584329818
583861565
662753755
623514483
601449896
652223950
473506019
618984723
650543777
629674309
531945443
639072622
659432766
502316191
637183203
600592722
485504397
483795275
644671469
604005628
626684999
627041439
628032648
583204391
478446962
666059443
516362057
629647250
508650420
657153030
542648393
641205893
521597035
657876215
645809351
611869045
535022745
644784942
581817393
647401197
600648874
625762097
545599462
511397207
570769550
652649367
569649597
555916852
607928314
617224875
537684306
528909107
556392831
586110435
474391797
594311450
503137935
584584904
665312162
495779006
542608889
634251941
511145092
466828246
573675249
470397722
472988207
591010910
571102625
656775732
543338309
523123537
596415168
417747434
608466256
545396828
603017113
565164090
491796406
641355840
638187233
481289244
524156728
633798699
615332628
649321105
615942981
638226828
598677035
645066411
637690282
498643342
537921070
605636861
640310323
587067865
639545358
568601385
602831394
650311877
597826032
523791555
534014106
635073911
608575597
573914509
626447653
487998084
587946093
642595226
659982647
624069811
554263054
648977404
521531446
485719493
567784755
569509236
601445129
631051441
510026794
581698761
588416625
582092429
476972696
563180677
657916400
514250818
601863286
551228362
610133041
567255606
561529074
564834613
653991351
662971240
431770572
564956508
623438004
591065073
518975497
538515526
565542429
558256647
653966909
662501620
560587260
583716627
566064988
520256017
510978111
649765401
571403187
598274197
537591707
605098681
641303387
549952861
567531359
582998693
574666886
555591330
578516747
613033443
586482439
661682901
564757822
532221850
646721956
666180334
481369768
664791014
504768298
642121581
606131622
483024019
661808745
663329634
522020546
573701545
613523002
633906650
570106314
566807563
605164384
611664717
593126211
541756153
613747928
654025223
498964237
610421796
653926589
540841409
541099635
515057980
639737933
496363623
624069811
485029253
543436401
541502225
593039619
596977016
597882840
662940501
502834438
612858806
520247373
578631703
564619379
510688269
500322202
561429698
563574300
337124726
617525813
588416625
606498951
513247655
536930243
551444417
569279541
611023496
551374770
594751654
640007760
665306233
657703892
646023623
615849297
478433312
581566459
560757127
559813001
502235045
547952719
586072444
534173754
663338840
511269312
567499529
541343606
526777926
559178951
503547298
522964402
550988728
532980377
610057079
644516261
554087015
556544200
654967194
556363575
597358488
661708899
517945553
556237699
570339759
598775015
648247455
608223361
530182929
564757822
643223265
566864107
577705293
551335158
528043702
605322375
547331554
566350926
637745636
569754093
580230473
502992147
528415694
609642255
646532109
666442422
561027796
545146841
535376195
528760133
481352935
549733477
616524927
637337100
588514878
579623873
663388745
637101574
492082667
540806680
564516001
532879198
649982828
498545986
556097866
634512625
450512718
579545941
563266326
586847737
544129920
629543495
508375104
651832292
611948311
601701986
532700833
567090780
554325611
574691283
624656487
508888812
632337375
625680199
635329468
581389278
567663773
588635307
509650787
572308674
387820784
645873151
523865244
589415683
603039031
501539412
542810075
565731855
661818274
638794388
606339409
598322165
612783732
614656508
606108553
637002631
654651244
621867438
552759525
605972505
516550814
554625611
572898153
540110772
661708994
647401197
584298161
622943761
539273542
620007442
579936648
589512017
660993154
581561815
627105359
368290458
530767728
535375454
666500483
650101904
596324109
584624313
552895678
596402970
461830875
510429196
586777831
409542061
632168910
575654313
601739495
537081372
642844433
526346977
635511743
520155600
628971852
620679524
649203536
491686891
652003102
532759463
491936781
619792167
564209439
539577260
452778311
578324228
517630990
506651559
644480133
631984983
657497728
593647153
665458758
641612552
648359611
639916980
595152708
556213950
523790835
637690282
562652303
664118139
655183057
646131739
604382280
641387171
562694511
538535591
478947427
638698014
647232856
521831203
583271886
533804609
517098723
605170882
571752014
630624952
581433210
622884790
662775065
642895919
630875094
508925059
589259021
621326729
577108458
517148417
611687559
639369010
623069804
651285484
589950190
661602000
622596560
542757464
601920874
595581038
547403506
626020056
585112009
536852456
657375626
633314748
664098700
569152042
591770042
623369183
625236477
662753755
623907902
661127111
594376839
646575128
613312188
591580897
603386860
626410845
655986980
648974533
503624033
542163856
616730175
631327359
500979665
468033729
560866402
582684294
646947948
513947958
621530517
585911136
598322165
565731855
618984723
562104192
489496324
535672899
512188650
581968370
660424317
626811535
511065722
528955367
661794831
516158558
630173675
541946622
588523360
615898955
531689794
617752660
605837281
592940508
587365410
659671477
503092849
612060496
493139509
613051232
626788542
634720214
644516261
633563823
527589590
666257766
601230213
630819315
601445129
457364497
589006769
535068358
588756795
620470155
447387953
662671206
549571751
597928723
595330820
579866430
562037807
622472029
665304646
583412191
559391610
613152677
611287259
655689422
628291694
524045658
482465422
624420600
555097492
630069913
478592847
603210301
552875744
610311286
613808319
611487498
612783732
599803505
557425173
612602996
664302770
604002008
521281376
512416254
574443690
628180038
501482849
626373024
625680199
619454435
544256059
647907360
642672382
626906124
496556015
548227721
654509053
591804667
594561263
583991190
578058340
617781645
650054201
543816260
545928189
613500689
614816898
647309916
588866536
666507723
588858635
465699473
473351382
578631703
571354256
666088769
628009006
553811710
665371496
566678725
636573122
620676901
524677058
506990958
654141652
459890363
556820855
454639925
531702372
490694840
612240569
509914756
511293017
637773028
601823325
521722639
543948617
591145528
552758963
623918041
519831415
648665866
594983141
544657649
657495648
639258402
603948947
620208196
495049383
561093334
663463399
590202874
524838438
663517656
665656831
647309916
493407305
495982292
571960389
510802078
567543654
620388688
657703892
469840150
561883934
599189958
462379913
654141652
545512091
466525613
611709241
663528889
665680868
536706870
546540251
494276515
611580487
514684628
597036313
548863077
618645350
645844210
650070800
557037908
631111178
592155192
547219871
486841037
155952571
566278078
531097363
513303006
623067994
602982372
589733753
595571393
644598548
654683112
624218841
647930897
509584744
544778827
527807808
633828825
529138609
495619115
598660954
474541334
439950188
636132043
584531306
661829022
499628966
551744976
379699856
636736811
641526310
588894820
610053519
572087997
557501496
655820026
624039336
633295298
633930231
615817269
598677035
610859075
648404144
616730175
645297269
624688261
649324268
654345810
572345309
664175960
557938670
543107800
462325499
511370896
646907542
635187062
611576612
586996657
549455816
629982795
590688075
572308674
539965619
566768259
659347824
587747289
588635307
550497064
498802785
566754758
604011400
640824063
618496401
613075590
611948311
531277327
657689822
558987770
632168910
637098615
529716191
647575909
466873865
639832330
536047142
629702989
496754474
657578665
537635901
655706240
660949845
643626557
629804189
509650787
554325611
633245651
607946788
567193176
534002591
649207774
454234380
657495092
645726634
583851423
632268005
568959911
559004546
592760289
526322821
644595417
660257189
512831623
616022043
636642939
519568276
643870486
658229371
651007576
582905781
550398303
600492931
593928257
627299875
619907969
552224939
591771171
606072556
647315625
562098308
664059719
509880152
549953073
539523138
568230116
592019293
615179530
593151885
547243776
493755544
519870783
574666886
579693615
665656831
500611698
528226410
538670115
589546776
528461106
639991157
466644793
653166940
665258112
542130697
442935358
542633983
569445031
545096710
516632211
603528415
532283446
617654215
648647726
404595906
588375664
505678995
513828797
522309737
509574212
492557934
630712754
662779879
619965878
482634539
537586893
599449074
577958121
590553674
521338471
536023927
579655355
522805251
479269584
597575455
638571382
564788341
552678549
519827340
652922217
583723955
601550848
603337339
642906605
517353670
481571991
605164384
647309916
635014827
591942480
637859502
525069464
596767523
624085867
584443322
597108018
625050939
653248749
590071086
501387379
663178839
524320450
624039336
596183903
653256847
651315996
663050172
567349938
646495160
530986362
618276879
661682901
631397392
588435836
653100922
662500559
567686210
660562734
665258112
643428724
541881056
538554751
653321058
552836024
527298103
527028491
579507999
581166559
546658503
622757838
456238823
546456196
474391797
558092674
617734023
642378870
558098249
638743577
666624733
599964058
490745836
610598569
526574577
530017702
644455793
584142823
573219666
628019493
651655978
513899378
644932488
508761241
634709157
526634959
468004924
520236102
519109713
485320678
628019493
582905781
616198248
577780948
623124763
643783529
534655502
533479669
306951579
640629737
634300371
563525613
643993197
548226398
555216160
622402021
594729742
494067020
568990578
539363002
621841113
536244451
660469224
325964654
665474313
651503598
612180357
528696552
661526024
542633983
637043345
596739514
618097272
551335158
616870346
656775732
649437303
598197135
666442422
632226514
449327302
477633402
598112561
581232177
588026156
659708848
600508500
463576347
618060858
485957199
586467110
664667408
653235592
595888716
647501378
619277120
567255606
556045894
535397232
632288849
652903594
503635020
515550618
556369185
658561526
534049856
603217602
661240639
626852700
463595375
614649522
556097866
544434882
562675490
592019293
578582922
572185914
525968201
623485494
510069389
466690250
666268567
623773722
605460942
648420636
525138243
598049675
640332360
660219296
589476495
491312549
605837281
516491460
550045737
598505017
660949845
666284232
615796794
552007922
529856517
537059601
633686210
574704080
643783529
562822720
640102917
626223256
629281986
613935089
569279541
531069697
556284194
592936032
602146978
630498016
566491672
545928189
647401197
556898400
452940073
647769015
553251241
660575990
636196220
658510463
602114501
572316579
535140877
551511261
504418935
541668185
578199776
627620410
506408128
550539899
571637259
591255865
664176175
508371700
565186543
587186104
660451834
658253761
645359709
591293024
666449426
538579157
655556148
650072519
640745052
519906136
597011938
657862126
666123960
515698174
572369162
615179530
510846902
664373620
541674138
595939084
574098188
491817797
521426351
471641627
643547170
545371854
630880082
628111951
586590299
586855085
570210888
639187633
548916861
630112377
536846611
601648306
577262665
531338253
549760622
546228168
521828988
634496072
564049124
655884267
468314986
665306233
592841530
664098700
541861366
655884267
573033931
604524737
585508940
376289591
610616004
663033111
503044130
547402745
661951153
615942981
659092286
617125593
570179044
623367986
656867203
621859983
552743303
585666635
518537922
523151714
581638958
642954527
544997801
606412507
572528684
569588040
556606505
627284535
496556015
432514812
627237473
649873565
525782433
492154396
519799868
564183855
585182153
558630978
620661347
638260154
622433459
650142311
521531446
664176175
634915167
664824401
654003010
602739353
620717549
521922231
623438004
650072519
489791038
526317684
557787615
557382602
523757082
665258112
645809351
512215400
575214563
665001232
532830800
647652433
666544844
585338594
546764270
582460966
588209136
567696101
568610381
590202874
635150194
594066065
577646560
555586323
599968936
569580523
562679169
588410686
543470099
648916160
652783982
513938295
583843913
529195784
652764646
599099705
520827503
631186763
579363054
493553092
345929566
490350294
491512569
643156982
504998404
644523056
549892828
547327183
495663372
525524975
520865025
509714251
548070617
571102625
548145544
656189861
635951279
643845300
524612541
558218118
638446048
519531310
609384827
573623660
660072696
532767585
549470824
544565687
596681766
560072118
649995214
543114739
532759463
609406346
452778839
531136618
597881405
574666886
524068766
607258070
608575597
661207676
665807785
664728096
535452906
620497912
500433396
572137982
559893678
610878052
544243894
539996643
610949962
558895378
590641798
647401197
665474313
576953627
487198601
654454074
536646433
641995771
600204069
619419395
541502225
520754370
633019637
562765276
618051364
411011735
659284150
620325820
587015723
503604733
629069933
594079792
542852706
639645276
529300237
605908911
650064770
522634575
542227454
558298743
652587753
502992070
587895585
615942981
664764450
550184813
566785245
576311496
658329768
553419205
512934435
628643326
638105473
487135955
662191556
565546898
582125493
482282467
589036911
571889942
626015383
638476881
590041188
617240507
499419797
524591685
476201131
530017702
640427414
571987799
574169911
651285484
568451711
575514562
585594382
617947038
479894035
611241010
524426648
665296083
623132972
595049476
528226410
548916861
507217905
649289707
550809958
522242103
664854604
488752292
648077192
664098700
657375626
586340672
577087185
624069811
466046319
472326356
525470464
357141872
622530425
530981178
548070617
636011532
638386327
601098680
632361506
557155465
622596560
538694217
661308244
477300981
598642487
549763055
544399173
486004908
534532787
666449426
591872846
537364373
664854604
532284855
574904343
550000808
666405191
595319781
643513164
666544844
628719870
644971825
544199583
526942578
641303387
475617907
520236102
538663540
589449377
537087811
533594866
598301246
538622216
567709193
622052477
598942820
464991426
621743488
618624385
567158112
634553573
521394276
588414941
623978881
523575816
532678814
573287349
560359754
555446054
406546885
664791014
633321278
618903652
623972573
661293169
512223350
663438617
633209611
532380023
505455394
573849328
619581024
638325025
655858021
608031813
641071778
635729178
569621006
660889209
600879376
571658533
513094250
510009947
564863471
604051718
536922610
652066012
548616092
558162590
490940289
586491824
205619917
536379209
613282574
497674208
622975428
654506548
490596815
529216525
579867415
654683112
567035609
650956149
571265149
638743577
621859983
531897108
537621445
661708899
553819515
654286122
645996205
618047062
506782547
560751297
472865320
503243879
555735403
596119196
659436021
477231196
664422098
540891331
514956326
590765048
614271327
530182929
552649966
519827340
451719407
494598825
656885226
610100195
616304728
550644384
512832615
658900966
513452905
558618958
467565259
634780463
600222170
663312518
524025319
565186543
618060858
594107181
603786516
571265149
653221775
576241967
541899170
540897933
645996205
638221014
444931128
633364231
565731855
534647175
544586088
529660701
580997054
431770572
656708730
622402021
454101387
645987579
611932071
544586088
439825401
559453920
616915673
602796928
543036654
644045959
546168537
509880152
524218879
640421520
605220208
503292259
554906060
593743571
503524314
573623660
565186543
641254174
646845604
650031134
647374756
585627547
592019293
589160470
520247373
503282514
664275552
651992029
646721442
525024555
648459377
554501488
616930385
525372595
644138976
490134585
616798763
654345810
589138122
423289648
550893031
470719390
545928189
633856788
618276879
645809351
662299293
663036306
565546898
566064988
556045894
565057914
511397207
536294564
562503068
601230213
529403241
663003128
570210888
623383236
647401197
637914698
580467761
602211931
563363679
665939530
637607211
635762005
659532351
618364232
618060858
603771694
530182929
592749031
424246965
664159756
634218794
575011868
574216067
520158213
621176979
510623101
651249132
535140877
529216525
665480801
642073260
625324891
555919296
587946093
528485115
454887815
648271165
543016553
527692049
646899501
655286568
652764646
587270126
624769052
575078138
567233229
510587313
562616897
640914528
533182946
489496324
592582082
550045737
633906650
593112664
547548480
605373746
648574929
547936584
477994383
512931407
567798473
636583497
620541743
664415831
570577277
565504940
526624559
641212972
615818664
637162195
625934607
559219021
650548749
580982344
612630733
512517092
545779375
562142913
660410003
660271514
627324764
633335724
643462691
506688630
643261623
638929399
640236580
629419788
518250270
664842182
629345868
634573483
541076831
605170882
589804875
557849670
650686174
583271886
559879341
665768282
559531377
629886917
558304259
630694776
607497180
413889828
574116947
647520902
620497912
505842212
487824893
514479566
577780948
612977505
512438730
567904017
646010649
571889942
636600238
591598144
550176296
651004894
622133930
576046631
658157954
660280386
644930819
547011246
544241190
453843761
655884267
602941270
551860116
544869269
643223265
568629843
522789366
638760652
495131177
629559561
637488665
542227454
568839667
562817292
522363934
637488665
544241190
522066138
607700915
603721643
628335334
288875189
610096017
574142643
654900689
447541350
643554969
621258642
571487711
545270441
552109069
665683059
553438799
512062355
663178839
494733801
642378870
595401710
646454255
642864574
625880927
630166960
480401016
620712543
533182946
635073911
642743796
564759895
536436257
660219296
651746664
639805575
623367986
588189931
605938121
662338965
521443041
536612561
467559403
547783900
637582602
656850494
511401705
410860084
512460615
512062355
664093117
635816624
638948125
455145555
481920100
627798732
650300299
633906650
541964782
606106189
624546623
430478315
618523077
557923493
600413492
636859469
538966316
558162590
378350754
567020075
618824101
441074144
649722348
659738396
590933738
601783853
654436640
565287657
619191577
564627726
640272223
662940501
587967301
629447255
523143336
598258659
567904017
596923328
489643496
632697145
586350523
622192273
606679165
657375626
514613314
585498323
516587446
615942981
642752731
559751344
622770933
658934592
621279921
642020057
647917543
574691283
538513162
611342955
658846975
574224014
458270441
639832330
660070609
544758163
651007576
595534699
614395465
561539337
586927847
652058946
546658503
543979644
542689807
588866536
663821500
553764541
497713600
637723772
636336485
553794874
659629809
598278175
588375664
625814073
522849035
510123208
599431701
549554780
665474313
526346977
511709149
531321566
610865994
575218816
505663170
633815090
634419291
544088214
463506361
497491083
593743571
610859075
665198060
647309916
599308156
648316249
511255559
537671498
635414366
611201077
595649753
547612323
657703892
617012597
587212913
495409780
487625475
502235045
531626097
630495080
532218238
482254731
384982602
599105796
552895678
578743022
520236102
597891970
634720214
660969951
527575552
565786860
543310708
497316988
645918214
563346537
516759398
640477988
652530793
650631562
581460142
663414036
607699048
575195215
523855108
595512068
665876590
540732331
519349446
609145181
599105796
650300299
556749871
502542055
581352995
582295114
524324843
533685426
633913055
646901077
576935369
614191418
610783375
627237473
520453006
573779799
645843167
652597764
651177733
555738620
640425490
664156279
623383236
618084805
645987579
605972505
587522754
620862188
568571091
572528684
568268878
543321279
571003248
459214310
665683059
578062877
556237699
652725589
665474313
544812694
596218193
548863077
520177459
504334180
640841162
531964116
533232743
604005125
654123740
538652099
503198759
501395922
596402970
651575201
657482611
533544171
661410060
549919967
475742211
630066185
550453877
620604093
508188880
513197001
538558229
624719600
604524737
631270574
538694217
644778406
608852854
631323385
477490532
655337847
609203451
608161605
577151024
577553841
541502225
650620892
528771586
653173545
576935369
447602767
658408951
632229270
593787923
623978881
534121491
644403701
556898400
569849831
490391200
574607777
542075033
644847520
658522635
658783468
612577357
581626108
593052243
577384464
606987717
518017213
663528889
568917485
519882572
625804894
635729178
641014713
548227721
576953627
506948595
663119228
666500483
508962944
541635824
641112813
515244534
549311685
639945109
551860116
533639585
560054495
656816964
594983141
622052477
450270768
527635707
483230077
622433459
577853117
621414061
495971647
548874131
529076264
542377294
627897585
592981347
574248044
595780554
661436072
508014256
664539549
519858777
649008000
481992529
633840682
631204270
571617882
643681220
557382602
568280450
656940102
522859419
530729738
648755665
515433144
646504917
604160058
438397939
666479967
665619590
642689073
621928436
606412507
641500391
468917770
618798795
482254731
514250818
556984045
509022682
654297744
659414945
441726971
544586088
620652772
574668496
571951355
660661596
650929777
545296118
656295878
588938349
608872657
564788341
530879964
589438489
463217801
542345208
510282135
664176175
608402319
518385486
596738430
653543929
554749173
545224414
632005311
569423633
658401421
561045542
575027058
572137982
545498223
649078953
530398518
565546895
614777417
512460615
601259798
616096572
653752511
489464791
506421495
636374535
478134156
576100796
570800544
560442415
586777831
516291879
661753993
618609628
501099707
545465582
537251472
615175896
648423688
574098188
662869552
660410003
538670115
530516197
597589202
644479650
563211370
581421258
507438863
556213950
514624810
614656508
598479252
597881405
564082954
525655595
642289131
641112813
519460041
530589349
658329768
561045542
657336053
556284194
664176175
653058583
542689807
449618364
482489998
528461106
530304488
572545900
636323833
632451533
550935224
511328567
471710568
489722188
565983569
562476044
618577914
464119336
646046076
619543463
591982648
530459273
530898334
512303623
647583976
505250498
625320577
584355257
535950055
620139260
588473875
524396215
665820064
609995904
620239928
597158268
580934626
633663029
521176375
496870477
649321105
640421520
552725208
483369025
609021893
570400328
605757762
484999543
610233226
482830235
510846618
604866014
547175964
619261212
624215689
511869039
618276879
589476495
565504940
572528684
638138461
522381162
552519607
658895289
653689510
567856592
664684533
662191685
637026599
632160398
517457771
497850320
577054095
578365470
594529690
543892662
659993444
653655958
571075699
522479584
506948595
664791014
628421002
533959161
633644428
495816259
646721442
664302770
566387459
665480801
541668185
527844707
615325483
567663773
654573841
541483549
633585637
589097692
666158491
660097574
597354212
591770042
508033484
577780948
519105982
533713734
500626432
609764191
635871197
560734737
574666886
608156836
633186524
503674477
626886473
637633568
638743577
639200510
506956447
581379935
554031851
573813880
593978349
638467707
623866867
615942981
614582769
571003248
649321105
518385486
419057287
645514583
642743796
526585209
638982332
643967563
644244358
642378870
596827803
652921053
568159527
561993361
514267600
563073979
632340404
579555440
539023573
527040925
611932071
548957654
577316727
595482915
509785275
521436924
572148847
651135037
618668681
573187297
544761997
577966433
576192062
582593560
596827803
649841298
578064131
543468488
662395501
549789826
631503265
608864272
553438799
509347148
660399315
575334121
570769550
504033082
664915317
581142052
619828958
528156848
607358694
617582223
656146117
609845006
477437761
532458715
639051676
538309647
639288588
534342410
625982229
574224014
663414036
636898278
642338159
551193905
544493579
548427611
576434940
628186116
542648023
616209832
550327061
560866402
553202650
666150257
644778406
593635488
654528410
511657426
662299293
532703547
629315255
666544844
461602761
544885268
604389630
495791039
522753368
373993268
553404544
301647746
664151202
649982828
597928365
625534590
597027943
649724394
588511874
666268567
648303323
577743070
537733529
620055820
623592758
631675251
507599365
572611317
623514483
542432037
460863152
638467707
592922281
604897718
665807785
666500483
662465844
666624733
499768523
592466112
604524737
561187831
632331650
569764367
553582852
580433741
510787189
644534066
664302770
664302770
649156576
552319084
578611039
510967455
590227099
507060789
634359589
456848821
521176375
657234300
555907303
644469121
514267600
607085769
481897457
626597321
592383695
644971825
506456738
523493735
658658454
662074083
586049797
665656831
596717177
531682405
572137982
542648393
578766505
660596940
660208680
568516132
564845198
498652751
582773784
481737253
623223481
601268666
645987579
612389477
510397555
617403397
659749521
635187062
563343166
566073040
444423284
644595417
615805644
662222969
579693615
538694217
503669486
590025580
488867557
656499065
615638585
615805644
580681829
649314882
659387819
594066065
647337890
542612715
588090689
621541505
621006557
575356654
619958960
617432258
479407452
592566765
575993215
654123740
532141668
537945480
571875375
508199883
646175796
535903759
538416598
564725886
508923934
574738914
491057963
613793952
551823116
531430273
609810856
627726318
553565323
595888716
639172181
526942578
474245254
590385318
618472086
606412507
643891072
463929136
653729882
653382641
630953537
548430188
565293223
651467926
563368054
527952420
566604040
629831268
564702932
505617358
604507527
522166338
567947933
606575263
592004616
657979921
473053420
532218238
611869045
626423998
660949845
550329316
594311450
480783044
523778111
644428384
665381184
586432809
652248336
541502225
269368130
635299699
603738928
515437617
659137945
635299699
611948311
545599462
599364867
581478487
623787713
648551226
319987263
664908381
588842790
596666137
663473179
551193052
532389278
563540527
526569676
568937567
598682429
659284150
560595399
502766202
666646985
586432809
597458956
533804609
495266914
534398191
647917543
565903464
472243265
510416247
528205621
593052243
620045282
507460849
664302770
660271514
656818160
579662461
571873873
620808874
613685672
602232675
584298161
568492425
640427414
593593581
653966909
586307024
615656641
660969951
482828300
492323174
581292796
604540917
545737986
622941867
571265149
564381264
620541743
585594382
500160388
650631562
557787615
643634726
601305862
593369225
623907902
455033815
567193533
518902807
470901997
662250184
643694273
508923934
520865025
643130046
450677493
595435205
636378594
581975978
577705293
598753862
618798795
565546898
659856567
542227454
527992739
550402566
588716250
520564614
640077408
583673484
643998706
557968518
534053647
585745871
566097313
515613631
542345208
650719682
557105000
576551831
610849106
547828953
654123740
420450122
663093374
620164927
637449460
665552188
525763880
597128477
664415831
435774438
593800293
503392335
631718380
528550398
649584085
484641510
529779215
517610982
555530232
542345208
569515415
589553221
530182929
595080521
557412125
529069595
589463770
566105530
659432766
536047142
643782767
630274333
657916400
488883367
571807668
529202625
525052165
570670741
616303318
532632938
458514706
555670476
615235366
580944574
630483234
645336286
626410845
543799949
482677534
666646985
580971019
628730458
646340722
541985410
590279145
522289668
516901992
582885395
615580041
630611006
549620248
539014892
549599214
653655958
545094059
598879493
662971181
520256017
615753547
662338965
663517656
661795540
553390123
666413982
596004116
643891072
596070948
555831356
530304488
484147947
645297269
665975446
568268878
522927363
636250285
514007113
620245605
523181501
618816802
556022798
579866430
512068765
561814296
640133160
532759463
527316932
632371813
561539252
587832374
556085022
588682642
570400328
582471967
498545986
591982132
635685984
441803859
665939530
553985923
499774729
594467301
621741962
583288437
518140749
489791038
588756795
528524025
607004665
660661596
625795646
571875375
616842210
614160036
563536829
553031754
533049910
665480801
507645904
546432618
628210295
574268715
648535885
589527506
542865380
623590477
583427773
608033609
538188624
539408909
653495174
511800465
581949778
664247174
529028009
573251403
518047974
526985499
457883954
529479259
576723450
528660589
536032737
542514053
563859608
663093374
651588555
636196220
542121234
513247655
580203939
504225343
535526868
659048634
547184773
529617082
648407171
554922902
537612544
644523056
540095096
426111448
655183057
609381536
520888239
568485350
601702502
658428761
519444889
620974915
598753862
558584002
564967166
634039106
614017523
625919890
598823396
566785245
624192822
631186763
589531171
635014827
642020057
477083483
612630733
499174499
627990168
543910972
612260868
531964116
608401949
646212178
519460041
636011532
658329768
632331650
647059625
567129571
584200499
537484172
622988744
603147978
631285355
526979937
630304583
581519198
650677264
650912393
520560813
610054353
566892027
624722281
615477207
561444016
647401197
481289244
575313744
546374076
634844241
593908179
654543044
548646734
583006773
549075391
664159308
530672754
610693354
635951279
660516064
590658631
642822009
447726772
572446795
623099664
636532448
664840717
518963334
560583387
472644802
579075509
564548237
600737123
554325611
491506505
573862364
593256507
653173545
559249411
560054495
619175342
529394937
535263210
503539434
593689589
640421520
637741748
562473918
664600498
496566775
631984983
583635958
619282115
510711873
627060699
508922248
543892662
565520976
571325461
543683101
546951335
594764323
656846032
462431063
581883083
468365624
500632450
564019617
525761510
589562665
559219021
547108674
596892227
609063541
648233199
584596500
476815612
612629006
549892828
562050724
537174436
579287111
604848107
663338840
660410003
537794660
644820199
476533412
597891970
518250270
649987587
657375626
642166808
645674171
624275912
643987453
598323813
664176175
532700833
636311262
633331879
624039336
642532174
646924678
559459584
577933871
539278598
505687034
573623660
499859039
540536983
552334893
535575883
556122128
561087619
574601790
642804542
665283112
635187062
629810350
639908878
533664582
577335170
633057149
660257189
630134700
557923493
597841979
574493962
567678176
474794097
662504647
648499726
616047873
662453441
641250299
473869537
658178727
624495085
644376211
622802101
558904495
562399706
643648467
614633507
666646985
625203728
591943899
503654529
511613708
528036926
595112614
548763265
583991190
530094172
565622013
564000782
623287073
551511261
653466588
485166210
578322642
556305416
640633921
582905781
654194648
526819613
624110754
625607890
609629004
581150852
552895678
548597513
651007576
527396038
572087997
531025432
651285484
541823100
659531990
491267727
666359425
495179133
608532115
650912062
660504822
549006110
514562845
528438256
605621411
543914283
666479967
640425490
643618513
653883397
593059244
657916400
662501620
645559614
596736067
530000290
576053234
514782035
638464869
569649597
485127614
658186459
533637213
531929306
446608231
648363430
624825486
666624733
575451732
450101657
565546898
643944258
580965557
594311450
642020057
564531229
554374864
510123208
653235592
564183855
622225203
650912393
579075509
447511553
370158992
535326273
648665866
616036163
645972923
656906412
628188808
596627527
666500483
433130316
589950190
556496419
588385713
553831932
553205155
460163440
507336407
627547982
549225350
597625473
666250419
557120268
562733818
562353548
639916980
617403397
649360625
645809351
561967689
574280679
520983553
651170531
534353112
552543386
591798356
628922739
533664582
523230193
533344502
664302770
615419060
524067712
642538764
627820861
582874906
598481557
585823042
626284003
571126073
489643496
641580401
527698520
648843543
589553221
638571382
607810304
633027612
451356683
632361506
526346977
646032352
605757762
655810760
568485350
617118111
642323938
599311424
514624810
532637858
604160058
574098188
536436806
666268567
645223807
657348004
633811299
547128727
531964116
531955991
568279155
651746664
664098700
591404654
654297744
560401305
600075423
566369395
584416231
534177571
469600668
532380023
583427773
658934592
511842269
638070742
492140941
623152014
629078928
568917485
494209293
626371837
541085578
628022681
492608975
658244923
523770165
529095088
665899503
545625605
591246696
658408951
546681153
483292688
554325611
589652757
581110871
580539201
562481946
485189557
537671498
609384827
516169832
595959236
589950190
578109860
558748616
615399914
614324253
548430188
602299782
621640743
623367986
596004290
578917938
640121768
583161045
642960222
490193960
604814040
651069479
645513538
643218291
594074620
642816173
662465844
556497696
566754758
653221775
633979742
560333328
657857306
619327469
564000782
558274477
607747134
513886452
490897979
578349538
458514706
664253404
614196622
635951279
597511514
624405501
655702902
542130697
563040694
578254047
523151714
644234124
558153043
593143377
533594866
579075509
504033082
652467675
598905214
590154231
562203140
541545791
646845604
591388059
664151202
563346537
511203269
528415694
635162526
593052243
499977311
514728787
574694846
529087035
666328231
548250229
610429512
610133041
658510463
553948287
602335821
643782767
446694584
539106312
642689073
625607890
494671633
660410003
466681041
574724159
522282825
649207774
589795964
665682589
485059674
664302770
531251400
530398518
625647225
539682249
616547873
525176693
551193052
631232387
555913894
662501620
603506423
494265107
631134801
616730175
545717253
558775894
587486508
523151714
563304176
555496960
658510463
628669135
646907542
516506330
590243827
494242834
651558462
573924200
592749031
525914483
604011400
608270693
586645426
543231761
654739055
497843125
579082360
664176175
504412108
551931332
587121987
583900327
556363575
602178865
643944258
657162702
566689184
532284855
553764541
506651966
637543622
529744227
527599045
528524025
532449666
644056384
580926999
544758163
556672115
485055562
572796371
646400007
641355840
519758042
485189557
633335724
630173675
572796371
627472930
547854835
528106237
559856873
556327464
616645917
609145181
518358211
567478847
535582013
604160058
593579004
547600365
554052249
655882539
631714438
632425967
563872109
651285484
556022798
646400007
558614324
491471990
666544844
514021686
382802603
624477392
618624385
640914528
558729449
648407171
662621938
537733529
515772370
486415431
638860477
566859551
593549880
552195105
516932485
558012777
605757762
594283431
620179560
601701986
580270617
590179386
607764857
538300041
615753547
564225044
481429694
521588088
546681153
546650528
496566775
616149614
510974205
588909308
616382649
604698245
555758612
516741209
665231813
487734226
511401847
606183418
562046177
660863210
659532351
559879341
590994412
659594783
607627647
483926777
472173321
515605518
517850951
630817422
650485952
563331257
608391209
662465844
539965619
531964116
479360003
553797971
604563957
504482843
614649202
570836104
595534699
530398518
579426732
485590029
581366308
607497514
536106037
633114156
533637213
538300041
566754758
626397713
547408651
628790451
583723955
638407822
550155912
596424981
612881874
582689943
583617075
644778406
661030699
574369751
622795104
581949778
569009553
513094250
655689422
647401197
621097124
633245651
653221432
628653735
508499839
617716233
519948939
547678948
502963520
479679314
645079348
548508732
642538764
549629897
616618908
511549509
616369725
641546929
656789516
515944767
532380023
539414103
633627611
562104192
613959045
639531206
648672533
511203269
529291323
535592925
514837235
548061079
602369469
489288761
602408939
569144373
560872816
519827340
640121768
637817313
614582769
537081372
533781723
640547531
611740298
664728096
570877795
620952714
617910122
604588689
516166146
505405783
650381787
555006796
641651497
610786669
579728435
624196635
569649597
503339460
495061023
578145294
493718284
494939147
624498945
594039307
644823727
642278442
528228632
518385486
624300487
526846236
576341887
666268567
486510949
516618726
617403397
496490976
558146583
501612998
661087102
664098700
661284733
572494031
506543180
579572122
535984604
610426728
519827340
525494136
601233006
543125921
600167485
579862467
541495761
503478780
654141652
592461739
608102667
596258669
607364628
608104570
521915165
568516661
614090955
509207414
607497514
549457076
579935803
475783881
576460126
566133734
666544844
563261722
527150380
644455114
501712792
664900411
574335330
594290494
611545608
627601465
492598976
511671900
502625383
530532479
531198797
573287349
512920198
562596449
542612715
663033111
551193905
628064122
643226287
533064403
591293024
556284194
629330017
549763055
552561057
608220794
495589878
558955986
603207712
562399706
552195105
618248599
644234124
612674306
637115397
519092217
575232849
644783174
587327862
601326776
534244803
514404676
612022077
631821106
582593560
567603478
611924793
608512513
490711881
630069913
592594101
526585209
602170187
544647161
637183203
649964595
533005275
646046076
523865244
571951355
634233759
662504647
611545608
616591203
378350754
517259937
584138477
627375040
552895678
662364280
590404552
568878444
662725182
534471870
619263530
615638585
540182446
591525134
559588253
501164119
622943761
515856521
617403397
554709673
644921289
562803740
572103448
461595897
632286122
662465844
486080629
545228452
617788169
567193176
665678943
508923934
534646294
584298161
634662740
637121015
660410003
544103338
526346977
616762894
661040327
661404321
586484349
664342257
665240736
648239869
648843543
441924960
632588016
519863334
660661596
592922281
617462378
529407068
536226235
629784253
593039619
577625466
631734695
563031763
558372024
575218816
646341482
564967166
621239183
615711208
636455204
574443472
578743022
628774498
604361688
646899501
633685143
539199348
534173754
642825571
582750365
650284616
499986645
550463809
621640743
530785453
591982648
582920122
664690363
521095435
639515030
532878902
556721682
644885455
614416009
640230940
522710600
550739650
609110100
592443899
611131271
546829618
546540251
565186543
567540564
562145567
639589181
581392079
657862330
561365233
567424048
634359589
661087102
464673877
568850690
574288818
659392732
657037408
608658009
535376195
556335524
624069811
596112550
581983324
578832029
478435759
650735571
628764887
641384677
562504321
534275628
544680015
647886123
643804580
615942981
556221013
656059887
578934940
538835772
579216996
650360636
546736264
590907477
446608231
572103448
646453350
618798795
600008355
603506423
570412993
638467707
494885900
512140654
624496203
619470466
646400007
542763069
660407506
612465175
551142553
612308807
610074697
609101754
507825651
538946793
580332717
605841632
597903365
612636051
569303728
623367986
538541006
455063268
584744581
646669082
630069913
615477207
545456976
580391650
655556148
603937776
547128727
531605848
534403061
643869424
530589349
642289131
517750086
625857982
632928751
634720214
616547873
661829022
652903594
539415137
620398145
655193776
657193580
590746986
417128850
564462257
563330259
605941421
538474441
492292354
627375040
664791014
628376642
623123701
520399167
657162702
630806931
575160725
666033084
492140941
581134353
532767585
664098700
608220794
502221948
646315033
545456976
484473240
652662146
654520154
580509272
647422804
489548468
597995857
547015598
644501975
594160671
502924574
609954887
522610266
653409898
577107212
474835816
633057149
538309647
566754758
522927363
518083703
592490072
542685690
562627312
586049797
599351027
563574300
620345198
576053234
600591597
616591203
555735403
562231574
574864863
488597001
657722796
506036326
657416066
547946300
527028491
658370068
600001554
632371813
653406077
550063437
640856758
658253761
462942980
621028149
569390693
560821609
662338965
659099420
611487498
638948125
620233966
599762059
526317684
620914805
569330944
599616410
546346620
524703989
661708899
560641773
506804534
636691585
572902643
542108763
630953537
629648747
632734368
635657313
539458995
599490828
526100155
651407403
541517813
556544200
627345706
487732130
511134875
600835799
569271556
568470787
607939393
504438041
616547873
602763175
531591217
659952219
542685690
619907969
564528648
498643342
526416973
557903786
347289746
628346228
657806872
621706194
448910936
647309916
655689422
571122737
662725182
665876590
613922746
532583380
666500483
650198990
602941270
557991331
563667950
580270617
566864107
547344421
622976530
487612032
483080230
637115397
551823116
557731279
550187213
614525459
529316674
528516688
536009316
624492753
642870372
598305369
594567934
562261338
537097548
580578552
640070343
592798246
657067805
532141668
664439202
614229121
496467947
485322528
624904085
640914528
515244534
561045542
504033082
537931804
490882839
524324843
580503307
526716778
660661596
574694354
617792832
652741043
543134287
556721682
590466596
628490712
665279978
549919967
665998073
528524025
560751297
493362111
583945421
455113040
580926999
544493579
609384827
651407403
523373343
524591685
637543622
545971859
659594783
503906752
520278521
618668977
454985768
541144127
569764367
662561518
610988529
655625802
508261132
529349438
565613535
585666635
583427773
531209456
656253194
561563718
490614795
609604956
612630733
413480850
640121768
613272120
625762097
579116144
616939171
596711440
592079515
662711953
638649876
420602820
594266243
505687034
448346871
553489412
658172995
493928474
467835055
551374770
603506423
634094688
532574467
586049797
613806481
504248579
544241624
535903759
575011868
634562083
593059007
525245149
549696835
615948006
572056693
615419060
644623061
637654622
513953959
471722882
593052243
546839910
664725002
589553221
493098882
545619058
588152642
609592152
518884237
647027291
560230886
568279155
568627449
615942981
529980321
633318778
459185716
484471090
515283368
623466874
596664220
506863871
530867915
638614957
475113797
538656402
476379385
426014648
570379867
546673022
483230077
610528179
557790961
513985670
665656831
643783529
400340550
617181283
518655482
539813575
532380023
644523056
489521970
568921570
506828133
566671500
577960904
566105530
598159255
572126092
662940501
665656831
664176175
610260431
631241797
606412507
585477242
509959564
549738936
660410003
646388564
654436640
588504374
611342955
567509182
593144009
456593419
568451711
636472643
620507649
495700867
583851423
561093216
608020839
561778556
615978087
555681948
579687029
650053237
595571393
569765252
523312062
640421520
617788169
574666886
630158425
512062355
520868399
637121015
658436191
654145588
572137982
593346670
500160388
627801673
539461372
628472907
554009465
578062877
580648002
574771985
551505071
565018253
573862364
512236275
598753862
523540812
650827732
658188113
546681153
637233850
596623097
590187750
666158491
557302959
633057149
526797295
587099453
571016684
534576117
659092286
553602580
594346355
578743022
485400210
478988979
642710791
572898153
524740865
646532109
583991190
528018442
566781752
541286582
565754750
652462423
508923934
626947884
633364231
496106591
573035682
635439235
596711440
581332174
492557934
618874464
655119609
573433770
506086223
517937060
558832431
619084988
551860116
555802205
499977311
639231953
565583353
664444345
403601611
603910814
512062355
578832029
659779426
581892423
612630733
619501127
594392334
487418483
479189463
555735403
608864272
665712471
495619115
531964116
516940747
629886917
654790175
610812414
603007404
625236477
647242576
558719470
630158425
572632341
613149556
590202874
615818664
579075509
584161578
620055625
584596500
522703460
541861366
551094545
581933484
619581024
605373746
588231524
589974895
554898289
632756801
545734654
579232495
650827732
657030376
583991190
545028682
506610328
572676606
632152558
665860419
660661596
479811372
464679286
585777040
547946300
593032606
657375626
655625802
468004924
629357311
555812068
556644032
454347601
648436791
534674593
639334915
637280510
441924960
469671054
603628013
535140877
559845505
601701986
614017523
534023124
643995474
510414958
659284150
649330872
563163573
518221671
650407788
634605010
653729882
554749255
604372992
512062355
615477207
596956932
562399706
549627949
567201180
660661596
637337100
478751276
575856724
615238903
637813514
612602996
649060463
568268878
666624733
645336286
578582922
526317684
602178865
591322657
638544643
544407102
538983322
610868609
649298806
627375040
663528889
650053237
608847506
552195105
615942981
481617446
665317054
660432582
561366681
552895678
597011938
660851729
567904017
657375626
573779799
651786955
544652845
456793661
489580659
550495842
647917543
615769061
641713091
642022325
516603186
615771083
547327183
652431686
653966909
600958956
518410169
651167350
472865320
664260099
558163316
607000945
664660646
533235113
657035928
586003043
496831089
585860532
523170800
637098615
466459065
635215408
466459065
586342425
646924678
640121768
342100661
539465960
589733753
613708512
587486508
657975157
527214292
531409825
551496426
514624810
640856758
632425967
538307126
576367706
591137970
600442290
634539696
478796199
620872314
552684782
528992891
598440571
593635488
665480801
520535959
662465844
566312890
625963858
604539805
637859502
583566705
615849297
550893031
629221815
655636224
626597321
565023380
575545446
621564968
657916400
600020989
572135655
606782618
556122128
586996258
585330219
630953537
566827175
656867203
551860116
653235592
609742763
538309647
608887596
638360582
524736950
626684999
595972644
637859502
550739650
558650844
545051186
534053647
625653915
651506132
505096489
565494717
643944258
652961995
496568442
522703460
591798356
533536531
571917423
666646985
605220208
397847448
492188453
599215765
626998051
654123740
636163886
620974915
647886123
629184155
649339293
536244451
567276499
522099436
536781051
519130475
654683112
533412220
544885268
584775762
497841178
586003043
639200510
563031763
530828359
474302836
597039519
602391972
659858818
628653735
612387979
606134118
545456976
577908685
394289955
665480801
642323938
654124275
575078138
544901384
522166338
559972711
600958956
650304319
627375445
641368525
642652479
512062355
497117341
568748256
579274683
552142362
564999820
627273253
588034925
505935399
643910042
603173655
662779879
605588773
583617075
634690312
616781339
646845276
540150653
584584904
598677035
583588284
618933063
487812479
564318586
484832474
438102233
606702410
658737512
554709673
665884217
628653735
576020705
609718550
622795104
661019030
665683059
489042445
620689175
629674309
579095068
555802205
659417926
641179594
623453488
554501488
627330993
603870374
666059443
547408651
636378594
660949845
657575466
561493230
639478241
549759120
591803995
600592722
536206568
532380023
626684999
478934466
572310543
550861531
650019807
579516788
591671085
630913455
548916861
563943140
518399032
574542633
496777166
664824401
527178783
578279881
565136676
546376115
619566681
665296083
632284948
570545504
601983111
607702881
594478058
554290211
595062695
501532815
576152189
585952278
397531947
602692270
604689406
496880773
597779118
544596429
596034294
536512991
529503153
520627697
477904163
654469759
469542302
665683059
397970575
522741287
538668863
568521060
647309916
620870423
484919283
519863334
516493452
536605381
627284535
614017523
538852928
600119718
642652479
532637858
626458512
482487478
652933344
588172374
651402934
560533601
572689601
566044071
601780930
619907969
579296159
612985001
528524025
496467947
533601578
543202828
497276943
619419395
582042090
521133553
594186334
587641622
660036029
660219296
640421520
594560383
663580083
424762560
582401231
526417938
629335936
559074647
555274787
579362532
566754758
571296240
602556271
666616035
657862330
428707274
567315258
550045737
651167350
609384827
538966340
652861004
516785195
520811715
530398518
601754516
476367761
616386025
518250796
518684679
571748739
659417926
527589590
595700269
545928189
648111358
586590299
534114677
615332628
579082955
638743577
659858818
585257198
637741748
518385486
646032352
561832942
539834002
608447963
548050687
643993197
576846491
593032606
594964426
531702372
501950091
520025526
525288830
665212732
612636051
548278359
577780948
559556339
544586088
629708729
658740277
646648760
623348972
570294578
621049081
546951335
595238352
586469726
612363979
630694537
523529769
650684205
662072968
629902163
581739066
655208596
631507666
604010148
594482402
580926999
614090955
568015197
555197408
656986970
575914227
469931037
651407403
630740678
656383403
621498947
496628476
578190806
526696096
537625518
508905606
591927074
587946775
633848305
595761439
639286627
627744079
570067985
572369162
614746703
575254672
625148637
576641588
583593878
623214847
518967604
522476514
478458075
540732331
649314882
518094542
636455204
662338965
644239441
643634726
473807751
513635757
627547982
571397473
543872636
511864567
603441966
589246994
439145513
615582371
474245254
568201572
466690250
654498079
602369469
561878961
570151647
496254126
618786977
632862819
657979921
560353550
508158844
474174968
657482611
659723364
549006110
636472643
564533696
586085457
494394552
566369395
630456401
662196295
569157574
666631286
581638958
487367668
562050724
589476495
627573276
621326059
528102505
500178748
556788377
640914528
631063071
655689422
666350842
651249132
665656831
562876234
558871197
572878229
586319490
474541334
652964248
605386770
602612014
618710412
588599123
523453453
595250066
512212683
618933034
541243329
657193580
559655132
551193905
657844450
655201138
598398344
636448997
633342484
504033082
624498945
611373134
613518288
527735043
539682191
609856342
495131177
663717070
542975552
625919890
641246596
590970318
657193580
643691716
587811585
542257704
547724601
650072519
650748740
664175960
575168319
519827340
492335335
416100129
654454456
610865994
552234064
572115589
546951335
603217602
595972644
632286122
638138461
500515086
645639428
659749521
601445129
546346620
557007122
605386770
638050497
549467057
653409898
651467926
634697382
545444902
558163316
554325611
560215163
527133812
518585750
530901527
530333297
605336152
632974314
635329468
555385691
548916861
519615089
598440571
637810376
625582631
523405968
546951335
615942981
593027546
656923224
654141652
628022681
299248016
579275749
555377508
647060828
467529637
500135167
660055098
657375626
665304646
662725182
475146919
534039534
665956931
628186116
541823100
559249411
567542265
579693615
625859230
467565259
657703892
626021630
542668304
653235592
570754502
496880773
556284194
604002008
642656784
665656831
567476925
563828606
568160968
568658248
622192166
611375826
664302770
661708899
640230940
637488665
664302770
593223116
625607055
659526596
574320909
603790994
634690312
560900306
572135655
624656487
638698014
562724372
618737657
661522829
601261081
551333896
664993986
519568276
577583202
548145544
665180297
513526469
656816964
577087185
576188969
522805251
544103338
435288247
571102625
495252929
485322528
588635307
514562845
553361911
544250771
654210531
538021514
488035314
522755847
546601232
659202260
485320678
623808871
530398518
569445031
649541405
644296706
543321279
547953915
493752901
635984769
666646985
644428384
602175817
649321105
580304674
608864272
533140755
589701765
593454952
638467707
642788625
453978253
638293397
572087997
666593203
530325421
508923934
613095235
572079722
652930382
664912161
644239441
647917543
627105359
616145815
481571991
588867640
593200051
664791014
584347962
616047873
620941345
575639538
638259524
634864179
570720788
575914227
484771190
601496017
564619379
649765401
618577914
564757499
533049910
633033877
580090367
652431686
501099707
612919216
584359295
575120890
595869959
619583228
663042645
587208793
593256507
524094644
536992496
650300299
421458721
571003248
267124677
654003010
661715368
629329897
532517280
626692693
636196220
546896072
598862228
610035431
511328567
618897440
621492537
664176175
515694473
646035896
554346725
620562182
646693526
581346505
666066710
598660954
496880773
496754474
518138496
665656831
491990516
532218238
573020787
435067393
649321105
510452977
612336864
657870723
607288043
545041482
571898642
579052565
620034463
658783468
622192166
639513422
593233652
536803096
634359589
645066411
660876971
661951153
604373945
551385370
530398518
613312902
534928514
555645451
652025325
624838794
559599016
542633983
528526297
578977677
571003248
547097112
665480801
586756291
651575201
529349438
576136935
649998669
623107688
631216718
436560653
642538764
652764646
578987643
657689822
476379385
610067945
649314738
633570304
512720698
664900411
585088669
533273845
545274540
657353556
577943713
568917485
574668496
435234005
568905566
506529243
627472930
516351067
586811372
629740542
610067945
661971290
339248709
601247709
568839667
628111951
602660414
501715272
619282115
479682043
513635757
625766247
653690640
452778311
618207024
650053237
549244791
609906872
645079348
515698174
523380322
665682589
655733639
644234124
665480801
605164384
618472086
627402518
648473916
664302770
547897809
578199776
581967839
474590563
617700881
642217607
554521725
563333057
618737657
534369547
664770207
646200355
599579921
654255947
633743154
574502159
627237473
648303323
554808517
601606812
652553128
656775732
591285112
524504920
576087910
508033484
656800682
566590850
566387459
536935123
609629720
658563266
559897443
517586192
497276943
619864032
609558989
585030023
544853781
643096165
553123400
618364303
514940517
320594161
484753835
597817143
566175237
460602927
546532035
653081380
583617075
609145181
638407822
660410003
640421520
528955367
629543495
568260819
626742746
540189722
631196288
582957546
532901809
641139276
597860266
666646985
566191545
533344502
661971290
600379822
585803536
650311877
512125939
624495085
496373399
569279541
479413478
611932071
663045012
645264326
626014147
508698905
586024055
665396953
658329768
565866583
663571747
659858818
661195957
562399706
532560832
524973217
579967290
587280300
654370773
566086861
634111837
597011938
474729854
538747247
504233059
521133553
479463874
540806680
465477185
535599641
540406420
483426333
554818927
522421566
562830402
640419365
551884333
530182929
601607992
576091940
618623456
645301930
502966387
546601232
666263575
665480801
663371660
554516906
602353494
646036419
557220172
546681153
495532131
591793001
550642011
661308244
637582602
548380700
645809351
591598144
595181588
637640662
647315625
585668027
555907303
587462458
660279055
584311619
601606812
481874699
637873069
534863229
503198269
662679108
512487680
557744170
544683561
567306030
657844450
530331267
518962932
514624810
391554585
507390445
649819039
654143290
600164188
661708899
657348004
573623660
509982789
658522361
468272465
529035861
563574300
581853654
501532815
584562670
652032245
601089620
659284150
556468219
660895962
541140861
585475628
431770572
451719407
514624810
659300160
639916980
651007576
513826906
531079936
580829451
520307909
650300299
509379992
570119439
565972417
660124456
656846032
545403900
646532109
655689422
572796371
536667882
478433312
642825571
610133041
588078456
583329823
618600435
663544310
568268878
596681937
590335911
437360071
568368317
562104192
553311367
503069351
630619108
609086144
561485445
626054348
566760749
605607147
539965619
619282115
625992141
455202385
626093334
504476726
542374040
574055314
531855322
654933698
581352995
623590477
607702881
641179594
624582502
575628075
560974075
582763062
659986327
506840825
659099420
588375664
660257189
632427917
613657769
519568276
581352995
548005907
601863286
558003404
643694273
604043855
602589667
663754514
555591330
613485757
579274683
623485494
603506423
664260099
536221997
616744978
581804993
632387494
494951557
659851558
644236302
546374076
652374031
444233626
659738396
640572309
491174106
545983410
568658248
593635488
521070831
657703892
539643879
566855081
486693774
527324174
590799917
518067572
572021219
573037653
661602000
571371640
590909131
637195108
539275296
643967563
666200809
527735043
547932799
533924156
514479566
475617907
535306517
512131284
585858981
499587912
511474208
477069185
634233759
661265032
526043177
584768902
662374498
660068551
642924511
657578665
615084249
413897659
605837281
572314195
581379578
517056709
663095064
523825656
661682901
665269845
577333963
624448210
593053025
539799446
554051967
609416932
665230194
599655380
574358713
664279677
647605826
659932012
612983513
566331923
648271165
656033845
566671500
666158491
567263507
599968704
622019920
650198959
664098700
529806772
533692953
541967089
586293514
665002374
650311877
513094250
550893031
564627726
502413834
643998706
588200743
630285010
520379582
590002969
620067156
506610328
651641693
563050075
633913055
643656083
496905289
557024789
597274311
590614303
549537942
665480801
655135174
598606021
624492727
596603646
525392528
665998073
601701986
608864272
632952634
608289333
597132690
657348004
599186668
580643242
609598786
572680073
626140116
530867915
629181713
564516001
561884880
599098987
549457076
651170531
555385228
584104494
628991099
524473526
653793237
587099453
634767788
532734336
627699875
533804609
615258519
633735514
523149348
642106374
660661596
566556155
509138005
632337375
583723955
560974075
662940501
543202828
529744227
656295878
527787953
579277095
631675251
451552360
603580337
553439334
651958215
662338965
584726331
552837944
631144173
653063022
638743577
518992090
557134027
597011938
536612561
605837281
521432352
520498102
656775732
665939530
601702502
657348004
500442681
664318005
658061622
662338965
569469751
633900876
612160323
579147904
663573348
560271139
616047873
656039281
555575652
655436174
541912766
608512513
472036176
485310127
664538586
611342955
588430689
564081474
455037532
666288496
554031851
610054353
612687072
594802912
504667508
523780582
583455109
518250796
601075557
647026965
509948078
596777895
655269137
557370376
601606812
418306876
515927015
595435205
621618073
615817269
361214382
588385713
591872846
583017350
482610136
601296498
438209875
545456976
543241851
625609226
620245605
634848599
507364192
635622733
525280990
561814296
581853427
647315625
539833590
512431718
522446591
584104494
549760622
451719407
586019408
516820754
500018752
659858818
554377642
554377642
636714765
604005125
657348004
598898803
640421520
653409325
648551226
664367416
565749051
643804826
616096572
591168138
519468273
607053328
619077210
662583644
589271610
569776088
590284880
624420600
522773589
636448997
663315469
660874579
574238146
563367617
625142195
597006311
517172866
662209826
601972768
640421520
529992406
552173334
577780948
521713271
522979983
524068766
665688035
481530706
583418200
655499399
526370937
505959326
562164881
657880163
556213950
545456976
483662877
592745447
664098700
620870423
584775762
536438298
623700637
439905969
506830931
656028761
561081617
634085174
601305862
624056194
663119228
630438506
652903594
508871209
527559598
642754939
657495648
544535417
600492931
648357015
561045542
532959077
594677550
588034925
625582631
628659901
477346302
629269293
487995032
546699319
628653735
544175910
594256831
543468488
553527534
532140684
459178911
546794438
644680146
572796371
644911855
589527506
546839910
615910552
508183867
603046428
616369725
571003248
581640251
616344940
663517656
537920647
559192039
587484064
633057149
591404654
651944103
596487346
561529074
493611085
582228219
612160323
534039534
633426610
575334121
530000290
612200336
613183796
604908046
588074197
499745920
615917736
605544138
649982828
528461106
581411056
570071946
601064957
525690276
578743022
496568442
479360003
489263216
547893615
573253613
644296706
519827340
654003010
571137580
503110904
581016006
664176175
554709673
584719879
604588689
654141652
576039856
614941709
666268567
651320747
537671498
571126073
565986588
497390171
619566681
636859469
587679078
601449896
543016553
598677035
567024071
649741781
525690276
571126073
551997179
650248741
567164213
397411998
564460767
643096165
567727511
646212178
613657200
641205893
587449827
548378805
593223116
571717030
550658555
567360229
565866583
638260154
370419199
615645394
637723772
539265781
532759463
554317032
660775947
603872522
600478194
568132855
296237208
516061335
606986249
583595942
508066122
650521606
656103139
665231813
614508061
422959442
556320044
538624897
522386106
498083333
649468529
549554780
613646542
636424474
501324348
660869873
659300261
516053619
643691716
602324208
534264080
530589349
625236477
601259798
582472588
569765252
505959326
652783982
647309916
637776850
595331843
519302299
657348004
451352756
613203110
579822939
564236856
613698541
598280681
631567492
498296339
562679169
560982013
630766829
571487711
556097866
614519050
448283544
474576623
566669389
564212778
548045656
567569104
581764985
522234334
566859551
636708118
568748256
593543188
579177016
551819089
635423812
564885634
596427635
540170058
624140139
643777996
647401197
560922015
619046573
551706596
493737056
640274504
576313738
587882757
556544200
526043177
525720601
472393218
551329132
624904085
550539899
615238140
512488729
615069719
500640451
652255387
531689794
538505277
640353117
493146841
506436724
602600214
656213725
574402044
514275398
497544300
548876960
608864272
551095166
628930750
598859854
593457642
600222170
583851423
521142081
581346505
454228575
541545791
656295878
558698862
528079642
644598548
566967670
628577025
496880773
525735562
610693710
483462392
618060858
582899367
617199655
503454730
549978823
600536546
564000782
478606237
617364362
549879723
530801848
618594696
627862455
621640743
565061553
522320586
476881489
537671498
606252109
575064986
664176175
585878635
535435433
661811981
635657313
656146044
606575263
539799446
518715052
666142574
629714502
625992141
657348004
582092429
564225044
533044148
548816141
580185002
666092938
600616541
623695931
537900329
559775147
626410845
529203991
582370757
651295028
663003128
599046798
514375669
484743850
615715516
587051905
649911101
579016130
509143326
554157650
511118359
542396325
531079936
587067865
569162871
639384010
620676901
544241190
591800043
481602522
523633161
523688348
634662740
624069811
570106314
401268233
567756509
659723364
641112813
565512885
588428511
658146410
565546898
559762910
580244252
529806772
527030874
548646734
597011938
559800151
600856070
539523138
593052243
641989573
562099327
657960036
510958089
565740776
639413166
522476514
655183057
644671469
612783732
601555906
655840379
544595372
594278930
503539434
559530807
531258740
610067945
577743070
622048718
596149414
645023510
571637259
638230927
576259912
639172181
664116540
560893586
600051287
597132690
655596251
579655355
601640654
520194556
628111951
620891523
534830067
570242040
665198060
565463043
279566133
592019293
563530112
660466975
660151199
536171702
624039336
587946093
649008000
547783811
591517824
605837281
498431404
615419060
661166985
553293892
579072482
585184307
574402044
593838031
619958960
648902421
523757082
469988045
608228302
580739968
590957223
643882831
652389662
660542787
589246994
529272957
563739445
605526228
608450045
606466865
661602000
609683606
596516630
544643186
608331586
616631136
650311877
528461106
636163886
648407171
456315076
582905781
558698862
469900590
617182075
570650954
586842830
597105385
535106911
506610328
515768836
548651736
520890402
622943761
653221775
568737943
523124410
524474142
654123740
584645542
509900732
665683059
628339936
514135011
550667431
649321105
645513538
664908381
645642340
617162484
392251179
534286809
570577277
617181283
590725933
663751064
662739286
606987717
665908700
614960040
616058837
497330774
515581823
436557692
531396488
529387157
553361911
623367986
541040976
475681360
543016553
643910042
519827340
582365681
558871197
551025131
592498026
569015922
524814568
628474707
643871235
485633428
572714323
555331101
589950403
530432350
626758168
616386025
494934977
574268715
639916980
569666858
554239986
583991190
567515818
545587648
574113675
597011938
555812068
626020056
596306931
631711541
522927363
600832490
624919509
566761737
608852854
553582852
664176175
634109877
547932799
596149414
604985272
666624733
583427773
588514878
502242079
651007576
529799452
628917085
655348135
664854604
621097124
661270783
600413492
643389203
516482995
566123121
562109286
583706312
622038359
625795646
605837281
624069811
648948057
535397232
650222451
612630733
481737253
605246994
449001480
637350035
537948794
534478977
616086029
637873069
513365751
662465844
615179530
652553128
641354483
481166309
546836227
461365586
537467164
566665970
610640751
511081599
590202874
564420441
580304674
649008000
564000782
510452270
515854872
522054819
530234058
634039106
611343281
443706312
551494282
604985272
558381640
451352756
664342257
523721518
509982789
568551738
435460726
647967734
427626204
546065348
613222290
481213467
568629843
608485118
562164881
494667493
625642329
652042764
544586088
660432582
645856583
612813149
465102004
505343233
610640751
590130703
549620248
624192822
523633161
521133553
599827867
528760133
581931394
589527506
564261737
658510463
638825049
650490112
628955211
642526969
661265032
661145174
657495092
584584904
632451533
627544200
646924685
589454709
553010804
530859947
570234799
595703466
576023860
559556339
575214563
605170882
550713666
651429550
607700915
652859117
648108288
643909343
615916311
623932731
441726971
599054540
524350379
612630733
537671498
575333463
578349538
533981870
576847680
560641987
636991437
616826146
568610381
571270995
582163375
536206568
555735403
579600166
608397359
539104082
660889209
527107445
644523056
460896712
556363575
666257766
620862188
666404121
522327709
653062534
632756801
614456696
526942578
521332080
561993361
579859867
657703892
580254340
630624952
648298625
656295878
593928257
545745101
516773267
474242820
532550994
532517280
642121581
538076544
546065348
622337886
470397722
647605826
665680868
450512718
647507816
662509363
632756801
651007576
582814233
664098700
626695828
599964058
586683086
613901506
639916980
497813608
628075542
630854739
526100155
566827175
521196948
540181142
586996657
586927847
553266514
570412993
553831592
514536118
550045737
658452710
574607777
664538657
498216019
552667337
638293397
600819128
599626205
663517656
516716564
628814042
548768324
570195891
628171393
511136074
571430524
555924442
662671206
663544310
564462257
643804580
606358822
665656831
659779426
514461466
561526213
626131381
536158831
659584967
653596340
577630116
534328112
571599608
593909152
531235543
610902086
522880442
566337917
493139509
570438221
578524138
551447106
550665747
664791014
658510463
463831178
612316235
636925743
536964771
645297269
586482439
451719407
575337980
496568442
539152789
643696388
566911150
611222904
532574467
432172726
652235564
578695889
651276496
648161037
517485528
533048535
562104192
543978717
554102085
463942010
664842182
602828834
493161816
537970671
552482402
633906650
663721789
611753562
640310323
652293357
530418712
545444902
504833411
552583026
471431966
519391434
599888039
616547873
639172181
564559133
614603221
541092747
622770933
618276879
623921536
602923089
585905238
643747886
649651850
513294632
665198060
507968158
605920466
495536351
633927464
406546885
664367416
524431364
625587464
469927403
533479669
654163707
566369395
565443591
647401197
646988941
493139509
554887597
581847097
510613334
652535319
622715627
571446464
537381897
528674134
510121712
573433770
627105359
477490532
468565872
618668977
526461002
544684746
650157889
599830589
387588654
612636051
608979539
651635056
538069345
612630733
563929756
653966909
596469913
566267847
561365233
609301593
578064131
552948031
635187062
582105728
642450877
522203182
538276320
512350490
505117324
533814856
607946788
473212848
637582602
484543020
645336286
539501457
606412507
530401038
517847773
590366965
519827340
605601144
546915202
543809402
569441600
530891986
531185387
591010910
608467335
626998051
643043377
633149575
489813898
562099327
537576154
522979983
626506641
652764646
544512414
466873865
633057149
532700833
584104494
604588689
549744699
578349538
513942357
665120276
491148237
663847573
622190525
542588327
558923760
638746524
629969367
566883185
645475316
528524025
560161756
523770110
470571544
636196220
538168248
538175666
533982050
637270555
580090324
642020057
637711184
632629307
602439735
663583501
504243038
632653188
575063322
485270167
560054495
659482637
498216019
496193191
657806872
553080409
656028761
609124254
579693615
653966909
572900898
619958960
577633094
620361872
515206508
504097429
632427917
519868297
618600435
598159255
534604913
664176175
536025177
638230927
567581308
541108831
520882724
557787615
534559337
470546156
581638958
546521986
538110449
557772360
565790607
575185975
634092248
666479967
528559703
568677762
560756070
588972949
504243038
348526598
600177351
609384827
620361872
523133110
665000936
526317684
617162484
611201077
598210702
660036029
588673035
556386157
496117595
522499371
519568276
661775758
535934280
588427869
575810388
660516064
508923934
544250771
637723772
536607559
635187062
547783900
538670115
597027943
632735916
642450877
589650000
657035928
595189221
532574467
650372025
611459002
533781723
612919216
629494794
650677264
575160725
665754631
565102796
662627582
619435275
665844964
591386423
592370781
473869537
590298844
638431924
606067569
596627527
631630549
539008940
491019719
486144943
650719682
639172181
635655340
560660217
568601385
457705856
538265640
637859502
540391237
547403506
473146092
547059825
500009412
656295878
617224875
522327709
523486584
598536259
631497670
574513822
599735163
586467110
568268878
564712280
529065167
597830409
539056657
610849106
641303387
548935305
638698014
642469942
534959763
533036413
556369185
565186543
575851406
585777040
664302770
632371813
643905712
634444089
588756795
663002359
590041188
662217919
601501092
512460615
660619213
574694610
660271514
622943761
664854604
557903786
507398082
653729882
639460012
600380794
595118391
612454088
648882216
604853268
578977677
591741500
601546081
492111693
608057464
514870303
536583199
601193355
580439257
655641060
664176175
520256017
664345732
478003377
663329634
619721104
624825486
455991564
661920221
549330315
530589349
664176175
616783332
583527877
659175557
603612722
519460041
629992371
647580724
512236275
610260431
582092429
622220353
648232676
540196434
535646825
581161542
585454482
652366725
533036330
610492963
439825401
566780217
596666137
619828958
633563823
522927363
643998706
659503132
443369679
564495213
582814983
658408951
501125712
571637259
584320973
636492084
557787615
645492953
556369561
619852589
657768010
597480005
512431718
633900876
578466373
505930806
509674362
482452793
406200200
522499371
513094250
653959636
584326796
481538741
508158844
520847226
508761241
616498233
581159561
604862040
657894703
501164119
634864179
558733809
558304259
665273749
593082181
507313473
567454682
618276879
542887753
635318908
629821555
619721104
573859707
544764915
543900420
545369052
542975552
653235592
547660830
559975116
540225475
655286568
655318804
527067712
565866583
491388801
666022441
525589939
664214646
515840144
536373556
418014222
497144694
636967743
634568526
664116540
643944258
633645950
596421813
566581899
500611698
622520341
599127026
643178136
664025767
583021359
570757877
618965997
493553092
551706596
601863286
552649966
647401197
477949338
623445696
605938576
562164881
618276879
563073979
555735403
600318057
665025614
544199583
663397825
549940713
480912591
589834832
464588475
576242067
588471376
558180045
572087997
608463690
571920929
539533433
628255128
639081549
511645492
652374834
642883412
581460142
586081453
540580017
558710304
654520154
604794807
585498323
474590563
565546898
626233827
657305585
584094165
377316633
641512550
516926693
499859039
552050371
607585169
519541177
539501457
442331096
539855237
610640751
627805921
644598548
612664961
567923864
596347137
644076216
534604913
635283488
533663803
548998832
588399783
654409733
548791787
616916500
597480157
532218238
564261737
602096940
534088879
574666886
534121491
644613070
599791604
583600259
536158831
517098723
534088879
530447556
605178856
639369010
524914054
548064117
642906605
569574938
593513361
575102922
621476109
636741022
572121770
538971438
654059834
616614114
627353405
502834438
517099195
542341937
614656508
634170170
657703892
631462025
500570767
663614166
601863286
607810304
326701838
641355840
547102546
619363607
662632618
534048016
658942302
582295114
595510290
465409617
554239986
584104494
518358211
632451533
660449885
546787134
596925414
666544844
572121770
547867913
651519230
546373519
625334772
536935123
603385936
432172726
608852854
607603616
665332479
664966310
612995212
574738914
520379582
580041541
539996643
619969260
594729742
533800531
533198809
605716445
572121770
657790861
612676188
635162526
544680015
661240639
507336407
475797176
567276499
555742698
664367416
562413812
649765401
614816898
575856724
593585306
515306872
592079515
536153966
500673935
520627697
566711015
655731658
665258112
453537988
588375664
579674366
647309916
633906650
508757494
588464618
666413982
594452656
657979022
547173335
433107680
577413557
591404654
617734023
655995922
648912786
581232177
550286358
630611006
618262632
464240232
597874652
589950190
511474208
623367986
659166670
592484507
612352466
530420641
612350996
536049802
635979834
567542265
503479633
662339252
535526868
536415326
624121480
629992371
432172726
629375069
657689822
622659130
645442763
650701354
598660954
597178749
512921817
642689073
653954981
550739650
643783529
510083093
662453441
577023960
590385318
654739055
573918907
614132560
540641279
542113813
513721587
651386060
558733809
456711059
545390737
623634805
659289934
621050644
503138813
556045538
627544200
557787615
601648306
515959966
659858818
665366177
663880687
607748850
516591113
590025580
646936359
631786365
636383612
568748256
580995076
633650033
661354127
625428820
431770572
581464449
600372156
643686380
527010367
539905930
633627611
615625971
662766806
589954112
641453046
646532109
586159336
657375626
565399421
657948037
577467063
582701473
597085460
657323539
622269985
599109056
544755116
556004433
632974314
570754502
554249204
589359283
560649384
655596251
602019213
558955986
549904293
635701819
549950077
383523542
628974349
575348585
507220567
622977847
660941057
615916311
594122888
657979022
666180334
605143343
651021742
654976355
542668304
642227761
562164881
642378870
502966387
635026384
608864272
647531036
550642011
604122152
541758617
549563658
656039281
546053875
512832615
596777895
566864107
641741025
547879231
563652153
612822967
616303318
590118916
664957329
558871197
519152867
614582769
587735509
665379308
633751492
573469805
602724491
616864258
642791304
657437836
642378870
665108527
589454709
632284948
646532109
627767880
449317068
549140311
593112677
553878006
598049675
654785738
587882757
541903097
518921653
601972768
560161756
605908911
617125593
542547807
476533412
655641060
572152790
538837243
534928514
628995318
573794603
522066138
624039336
511420153
593549880
594205089
614929543
441784095
576894731
594570653
582585731
658781699
487734226
578969723
618509604
524841466
576100796
611869045
609126496
525580932
629674309
623165500
575218816
471117198
522082374
497316988
554563830
636648663
642338159
559511228
614014685
632066940
637115397
648139939
553012237
589733753
557415909
609528182
658282337
593256507
576980087
641181654
665901940
610598297
643870486
624638240
623485494
650437884
662671206
556544200
616105530
662739286
649391949
656184431
525155243
600332680
617774523
590788902
575300039
529716191
564407082
582039751
481571991
654417893
622192273
666007352
621064755
663528889
640263683
552360149
534924796
615205044
657575986
616211474
661808745
599114852
521098993
653689510
501726158
653662139
600545354
640596221
663534766
643944258
534321423
471355782
656295878
483337986
477769176
528504747
637899454
635025840
527742122
494621304
582387372
612766327
596711440
596516630
652462423
545889743
662725182
514059380
519152867
640121768
624192822
569859399
586974362
568475717
588842790
594278930
555738620
589701765
581757398
599364867
652553128
489435378
584416231
615638585
489580659
415085263
628669135
529606802
582548818
595541258
507103276
558012777
552195105
593268028
528229474
655689422
530370591
547059825
544301800
600878881
375440137
564420441
591379443
510958778
639396694
406546885
546484430
542372755
588436818
586237185
536935123
566087058
615457215
614996157
534616004
643966274
498652751
610640751
636859469
619704058
620226799
616198248
629481734
585182153
564731812
524591685
635512898
660410003
545779375
586645426
639805575
654916670
558012777
616211474
558146583
665656831
649718884
537523541
649541405
536119324
440448932
528956773
659245992
491263137
662753755
539780250
523770110
664318005
666328231
623071971
611869045
634773009
666500483
636232519
617403397
458828885
654003010
570181083
608103048
519438047
524241674
492625677
557598454
531605848
488967470
555179478
582160867
637337100
547997245
666268567
560807406
593098631
583823967
528955367
558853091
600004628
661708899
664791014
525674683
541151554
552444248
587905151
583606520
522558080
627801673
653466588
529811373
642106374
525595321
491856839
613821378
525280990
666449426
636378594
629144411
478472889
609598786
659354867
638909042
618798795
522363934
498802785
596498971
515083593
579936648
503645077
603811298
658408862
665366177
633743154
636323833
664600498
624069811
660562734
589545899
549571751
640121768
542379624
609145181
613850900
508735420
623485494
664423416
652553128
629004203
578271224
569340311
577319065
475113797
663004220
540740322
660410003
600275171
617407125
594560807
526603255
641303387
597358488
666268567
520627697
558775894
542849762
511976005
530789416
582564376
641250299
612454088
523825656
544298854
644032142
656028761
409219365
631464221
494371896
536935532
556278562
592019293
547810934
563929756
440550129
629419788
564784045
639870549
596672397
513365751
522966345
635014827
648676443
662971240
520442823
612180965
512694294
601265910
596298673
566175865
504248579
619454028
647401197
588094997
651786955
612286605
657034172
522066138
515694892
599107784
657319201
637736216
489263216
611904541
599443768
511474208
626348205
620541743
612636051
644403701
506086223
608635673
618048087
553499224
516549647
517576715
547997245
576931468
643681220
611018337
558795307
536203754
637547849
534559337
474118644
563934382
601244476
590421457
490596815
610290993
545835021
587778424
617268714
561814296
578058340
556336206
620208196
594631566
643265087
593743571
664224201
547344421
531719984
588416625
585231228
569666858
658244923
621325107
483768584
518250270
661155566
648882216
526841264
605897088
660279055
531456211
540770001
580439257
632296530
657365505
594498890
628255128
548521515
585541512
611580487
631437103
662779879
499986113
552743303
534177571
425378101
656720048
612049726
627472930
617789593
526606040
576387041
592403645
584320973
603612722
603396897
650437884
470901997
477543543
571331168
647271682
601053157
571003248
617745893
515694473
646721956
663851069
630803128
635580179
594160671
605164384
510048741
510015853
598600587
578822674
577633094
657353556
661682901
650311877
542218396
642893589
507859737
470715357
650072519
637943341
606494294
623918041
606314195
519908655
569390693
651394353
539523138
533103910
561694248
602043664
561539252
665048215
568658248
480775857
658779098
595652323
534022656
585635361
635629503
595100079
613959045
579287111
459935107
598398344
618832697
495893729
641250299
596604341
528226410
663517656
549879723
456183026
624098720
571265149
656136646
633686210
535095381
541428693
510531514
536767406
536667882
651558462
493952560
559044439
654543255
552573073
525879733
534328112
625666685
647977682
584540938
534472075
564045243
558218118
642395532
659758053
586293514
662926645
640821215
590461560
596736067
661829022
595011363
535358923
602864845
538058633
615732394
543926252
520888239
453192779
650759353
659858818
665068133
535557733
665998240
634903047
553031754
597458956
546346620
558180045
653966909
591322657
519593281
621106954
641369378
553360189
542794244
564127610
542272204
664743343
622465308
658146410
605131242
568469281
665071542
657916400
521133553
666449426
609730112
542852706
659986327
493419355
586683086
495589878
650300299
602892726
601247709
447602767
574087143
611932634
546232830
588174279
634359589
542566619
579516788
511626123
584775762
532585832
587188750
598084668
650300299
637961236
636741022
663912315
605827659
602157839
522363934
577316727
597027943
621849672
536009217
583287670
564516880
647026965
654048982
474851621
602452027
574855490
609210490
592066680
537364333
588432810
568263982
543713134
608452368
605827659
481920100
609380517
503069351
601012572
663178839
646212178
447638153
533682525
495982292
618318855
527796426
569776088
612254456
602335821
646082961
491817797
600008355
420086521
658033300
565223580
596516630
555924442
650021889
610100195
654739055
565677857
446449031
535934280
657722796
508188259
548863077
572181916
519906136
500025328
628746430
644512656
666007352
597011938
607764857
397812324
593765843
635859261
660819638
521597035
532141668
522234334
615717156
649203536
611555302
649314882
519045104
507348156
607928314
662072968
544586088
586211663
564792787
585491719
539026385
598084668
559403352
526658830
649911101
568917485
622955643
607280994
646315033
593053025
566744910
594531186
663023267
633019637
648232676
639832330
650360636
616518646
632090268
478991966
569849831
621841675
487873448
511117025
561045542
525714159
532309724
597006311
406713955
511180313
663475392
529723736
653966909
639644029
599384345
527692049
626360117
490795105
494514389
599628904
489625434
644469121
599311424
524591685
636382235
647053088
665069607
436635059
576034419
624797910
560735849
603210301
608387833
592509361
515927015
620448337
544680015
630069913
604524737
639702384
634773009
560649384
610932694
624644987
656028761
657196097
556022798
632325016
593791076
638293397
578163777
492422569
593254733
528337673
618515626
583287670
647309916
529753274
660816930
515224054
635951279
431770572
602859274
631636952
575861763
642378870
512460615
611602203
654123740
615142426
623273894
592600890
659551495
559403352
650381787
504284442
537671498
576039856
534024205
516743302
540942414
611545608
601594531
659858818
565949323
584856083
460795897
536370611
609043559
622486782
548685458
636377630
612994886
542236382
546784927
627504842
553671116
640477988
533804609
482689116
606573132
589527506
628869896
608635673
621960641
544399173
586153132
604373945
623367986
566387459
601141064
533279370
607946788
591433141
552723397
527078391
459148840
510688269
493898757
544680015
660169538
590111193
629269293
650479646
643783529
624249214
664302770
650631562
658522635
651897948
660151199
540636845
502286715
575454894
511128949
605953578
579346345
659072057
624582502
512889967
599105796
660793848
625701873
603396897
536620511
637932652
608565463
631479547
561670311
633541280
661818274
611625632
533808243
628630869
579923316
481289244
543809402
652101306
558304259
593082181
556302195
639513422
551267329
647479615
583399735
536583199
565401859
640596221
573590573
665276554
536030738
558167003
660410003
500979665
612286605
567232109
606663530
615380513
633941897
542616193
566583889
566567076
623133509
555735403
512088716
637703414
534053833
569385539
527964065
608463690
631162177
542397179
630772317
650360636
551119471
533262924
450563110
599281184
634739940
589139234
629708729
615272802
573037653
640737252
529879875
592775113
665939530
565102796
491286398
586638401
581237167
576838829
530512326
530017702
451719407
603098016
567035609
595062695
486630400
495008844
625936631
511397207
635187062
660080527
612994886
480640346
639470524
606236640
585597322
526346977
655733639
662106059
618933063
564977668
632794650
565804955
521708615
613698541
578349538
665683059
621869739
535140877
620239928
507812163
647583976
666352040
634985310
504908570
600577502
654705201
638909042
571920929
603891983
504688895
652741043
616588175
549169195
481571991
568917485
464429617
543231761
642960222
534656882
566911150
463756455
613763704
633922457
633019637
649298806
628474707
550606362
591639954
664302770
501659594
552319084
657965578
596004991
624098720
600207537
529394937
565293223
613512050
590410534
659432766
562142913
664202316
589476495
538652099
476367761
646619774
630817422
561526213
552895678
624161119
579215966
530365984
633533937
399050801
577337165
614017523
567741412
576387041
618310707
534836226
628111869
567233229
615711208
579724957
551335158
562635847
656657393
539630918
600276304
490344467
660949845
664342257
654476523
656445279
653235592
585477242
638360582
600222170
464119336
533384740
656465206
519593281
634668856
643349785
562455200
661434817
570547595
575339892
633593871
549031105
533804609
543419522
633122785
621414061
490774255
520888239
550134275
488917226
518372436
603520367
639888942
541354057
538505277
541162513
547403506
547148634
525548167
585182153
546854697
527692049
627544200
571611915
583455109
660863210
595581038
582005013
520478421
591975122
554887597
587633711
621467755
515669183
603069881
510366325
636133161
615645394
661602000
513924243
492533624
665656831
634820582
439029772
575000869
590041188
657298947
623808871
548521515
654469759
528043702
614961083
454382012
638155637
533545358
599490828
560941181
577107972
592916694
661126395
643882831
603026022
625680199
638781796
480912591
660253987
516362057
537338320
636449674
567454682
633593871
474498938
616645917
603815531
661682901
468465950
657348004
661808745
634772797
538045742
529980321
475478959
584458525
612300093
633384281
599105796
631599698
513467599
611459002
536009316
621153232
548250253
570769550
593908179
505624946
528498865
606575263
494976565
524939626
572115589
559845505
617224875
657965578
516264367
593489418
665012808
615829893
605904156
604002008
539278598
657454560
530847422
571471971
633556414
577000868
664957329
563984860
663851069
582012754
653729882
665683059
583402025
561184324
664600498
556204352
634605010
627573276
642320107
628653735
529323871
608481433
526797295
632371813
615862281
660523032
589055014
492846718
584298161
593082181
617268714
658563266
596505852
619958960
581191430
534383805
522327709
630141979
487798372
660619213
596498971
639589181
618148230
607497514
638614957
652764646
644496972
591255865
567163669
529216525
523453288
611315610
598798388
549534488
663545720
651823525
585477242
560610688
636212104
629181713
649998669
659532351
656499065
556428816
601972768
649147535
602462937
592348139
552161168
588432810
515384367
618523077
521722639
623590477
553069635
660661596
610882098
583271886
532380023
518293823
647309916
664870100
564507859
600442290
664176175
594376839
647518467
553010804
602549696
531795365
620291672
666500483
557974615
566454815
458240456
574017900
536009217
608811431
543871938
515919070
641250299
526832760
551860116
576943562
531106487
538993652
501592856
578062877
583991190
520535959
594560807
584059637
540597269
639072622
455849696
651746664
546599727
558552246
601701986
573251403
622132802
518094542
618523077
573623660
544301800
537942538
578522851
604361688
486522766
540717955
651746664
546164843
642538764
543320648
492598976
592483517
621531237
610915796
665656831
647401197
594066065
665939530
495643873
556221013
650407788
664854604
654143290
663659316
503939940
664744989
536652286
564293854
664842182
595331843
606716998
659889247
591708801
585445038
494813544
611722299
522693954
515659070
451846966
524612541
500437095
634720214
633927464
651007576
653166940
664302770
662779879
560583387
607738024
579623873
576152189
478181962
584443322
501046904
578845862
572866571
666442422
641246596
618262632
631714438
571275660
659532351
536481425
570179044
663312518
648456015
581764985
484200769
594941822
561677246
591303884
647401197
563549378
514255440
550242699
620661347
566491672
503479633
595615927
631783637
521228872
599165139
588382933
663404941
650835240
531321566
643069017
621109275
555591330
584776408
636698358
644239441
555512146
547600365
657620597
462721707
572534720
559845505
554456315
577316727
533140755
611948311
661682901
511706215
616096572
660765649
589259021
584409103
641127725
606412507
522593301
609604956
490257974
609509753
564451409
519582522
621242275
592021640
526417938
575195215
508761241
548453605
571869518
643783529
661682901
643871235
496754474
556247722
639251235
666646985
638471911
638230927
528771586
596402970
590641798
612285862
587946093
609341765
536779762
460205883
545220312
514126636
508307932
559075285
546650528
513947958
511136074
589188006
620078380
638743577
663002359
562231574
633364231
475478959
599407246
614132560
649078953
535927498
633541280
648207974
627367214
618956853
639794476
595100079
526669379
573253613
576100796
568687345
616916500
644253186
556200188
616767679
538501124
483247680
521436837
537129904
483025365
620245605
477389894
444549786
487824893
563119096
556985854
454234380
520902526
651315996
511401847
516671324
517060598
657375626
529411365
532608442
657620597
517741730
616695792
535066438
543470099
545325257
569543936
591652348
526603255
584687766
628605026
461565199
558584002
503292259
529787308
517074030
591308873
521922231
572467183
532574467
630174193
598041256
648647726
657355023
598197135
620462070
627897585
584768902
459881977
638743577
521622342
570438221
633887204
582777856
648882216
574737021
523481139
659191009
559897962
537895463
491755245
597973594
533982050
481553665
615942981
543107800
637745636
621701076
607284176
661410060
612260928
648161037
613727698
663673218
535358923
569982088
655596251
616709437
520158213
650304838
578109860
610429512
596046614
582163375
590421457
603643472
595718188
600762116
523688348
567335343
474794097
576724497
616531353
609580122
582777856
633512046
587051905
542081805
505117324
653705071
490711881
522527054
574074762
552242520
622192273
632350996
555735403
526317684
525094748
626410845
647553265
601685909
559192039
496566775
469900590
584624313
588870582
532157636
659092286
651835678
488458939
630624952
648986086
537072821
652675048
657880163
582993133
621106954
520535959
549793229
610935872
663338840
536206568
537252226
666646985
665998073
658835501
596258669
634915167
582782764
625919890
586589257
621287617
533804609
566214669
553770732
662632618
511703502
661682901
611042503
563363679
586847737
643804580
491521059
595217820
616695792
532759463
555586323
562587481
507128043
500624652
645078320
623402115
622133930
455037532
615050490
500416124
653662139
551335158
620325820
513467279
482829589
588964008
515485021
625236477
603615041
656043561
503031635
661753341
666616035
631826412
639251235
644613070
606155438
504701534
595972644
408304739
662753755
659513639
583617075
486809898
549837970
542211744
563402481
388007479
482677534
595973596
537294495
570445255
506960444
618513522
571583988
644921289
538085615
569952451
596158733
515698174
574098188
472722581
629345868
609493545
494843488
558274477
477346302
519349446
635187062
658846380
637183203
588427869
506946002
528514279
491019719
608645294
564993284
574224014
621071789
480660341
620014238
559453920
632371813
618060858
640221816
539749240
633663029
528418812
565057914
656028761
544717720
606367070
593327475
557007122
549912834
636455204
663251135
603625959
582585731
580684955
656690579
551736915
537621445
583774601
534430999
475394105
549480650
573116019
545094059
658656506
649797760
660219296
656312556
542268369
603581243
584404916
571281720
591708801
571270995
627461377
503624033
442112909
468458804
616129442
546649265
660798251
496575355
608625072
590553674
533637213
636589609
652741043
575299046
592019293
512813887
517310543
618523077
546346620
641070345
571720319
516037127
575520775
528983484
627610197
589701765
561184324
543292019
539749240
664763603
638743577
592759036
646155108
632381542
651007576
662753755
567193176
600336924
564495213
549046939
629146634
623516188
544799519
611948311
551349423
555087528
594989210
576387041
638743577
663956017
507112605
640914528
505490594
643522994
547266429
575313744
562650734
502858580
522403617
653829037
600422654
518564240
552684768
574099310
508178766
648501467
614512560
643944258
609044316
548497766
549763055
620588189
622190525
617373701
499641029
592291735
568600209
510148416
507720845
658282337
589337413
568495672
564911714
521971507
662291069
552543386
590385318
649541405
588870582
652787892
520256017
594355125
536846611
646858188
532218238
657305585
652903594
660793848
567476925
529259024
610849106
494394552
489158630
550620994
619980168
604224266
527040925
640272766
552431723
500005412
586974362
510285548
572182492
639734913
614425819
584744581
638909042
633913055
453307199
637590676
639396694
563006013
543463990
613906498
578740328
644783174
470969969
581736522
628474707
610576629
543282111
568669757
604604374
537733529
621841113
660977460
633384281
620541743
533049153
616827617
602936030
510586085
634773009
658243649
612190310
464839792
600616541
640675022
663754514
469927403
642120510
504033082
631051441
591466683
502280633
586110435
493371415
637406825
516132651
536066352
626065691
521546430
522820243
601356029
630766392
594452656
561814296
643871235
579075509
633209611
542898522
563527253
552743303
627985288
530563087
654557467
572369162
661682901
544684746
457542199
613259477
539939226
524538327
604202664
533545548
544299015
627746733
563306982
628111951
557810347
572306394
545827715
602654363
612363979
534480607
524982011
591470565
567013194
492323174
557070322
608635673
606042055
567981540
589553221
596872494
635453807
599441286
496575131
538448385
579136423
547236366
589145956
656383403
625557686
553080409
638823586
557037908
664176175
529318538
641653175
662671206
581186884
527954561
577023960
649939936
635215408
550327061
628618590
657482611
563402481
551374770
532380023
658920505
639329068
601089620
604415074
663761225
511345467
658061622
642101090
661746515
584928951
561672346
634931000
492530845
631658601
584937792
644426494
459881977
498280723
651667454
535944250
595462508
516196759
544586088
581910127
664415831
617581083
539749507
597995857
533235113
570596870
643376856
547413222
649498266
657495648
655556148
641651497
497241148
484860794
580656794
648882216
486343195
541981481
589904084
610106937
613097818
545759771
460207996
656014668
506316379
536141506
660738869
530398780
496777166
556045538
645693229
506548318
647309916
627573276
586732797
468314986
624849311
533857841
659284150
658063548
642378870
543202828
350698595
662567531
606974446
529714890
601075557
560859924
490711881
634864179
630112377
606037683
583617075
588110623
656295878
636648663
517994480
655160761
532408936
625210978
612630733
627375040
649619406
623331747
588094997
509207964
599842963
593564625
660738869
618270318
534840794
660876971
638319698
638046193
493558961
647531036
637115397
498423957
578694005
569972271
598173373
649339293
596139323
520119265
562455200
560861037
541551674
666007352
616440796
613808319
636563568
571583988
555098189
655846473
610616004
660977460
491378643
624831321
525774824
567241769
515079895
628913621
603099904
522295089
657630433
594041892
662018847
565504940
657916400
589095572
506567562
644917734
574904343
628547019
458607281
509880152
623006266
544177194
561376259
654123740
511402851
597995857
525721888
612524248
633114156
640433421
606674170
561883934
505562085
519827340
633848305
541380259
524081863
620054980
529980321
528909107
530300584
653063022
661187169
457547168
641150627
409386353
511970621
532318287
628314939
555654998
616058837
493563674
666158491
543320648
655840379
595987896
523380322
650335456
577936447
517936920
639258402
513811529
567829720
558698862
664625632
631276622
543948617
527785771
336907531
609145181
560867165
578597365
623323628
626682960
653477450
483462392
411644686
567233229
559814113
518944401
480425853
650620892
599105796
601265910
655846473
560611563
524199422
608625072
620074339
435460726
555367748
603628013
655352536
529323871
632133849
665474313
493371415
625582631
536030738
665069607
522234334
521133553
587529560
522859419
586082894
563440448
599105796
571583988
593624556
569731854
526571445
455530218
506086223
640983399
512720698
578799885
664888363
593430907
642689073
592933228
544946626
538339680
569765369
526846236
576809557
596324109
626396212
650206494
656027565
588416625
534730409
623978881
576087910
638556466
554325611
637433861
518010164
655568955
657622115
663517656
541655889
593906739
527783977
636460386
603770737
612630733
598753862
603612722
606182232
523865244
542333372
541558758
615981950
625268876
595401710
648011739
484940084
649321105
522438057
621485358
614929543
642754939
620020946
623223481
358464906
661971290
612636051
460890532
566098197
604298716
588756795
614555831
658371448
648902421
636382235
517518371
599364867
615275390
548143762
641112813
616369725
642395532
418020443
600177351
427799820
531711039
532804692
665005344
655285138
626233827
534856295
613283610
633828825
659284150
613026222
611999390
625814373
614495654
597011938
597127235
562898055
532499256
591390398
645338587
647309916
515504775
565462703
663024999
593306432
606367070
643221342
558955986
492507988
618105188
661114751
606599463
538097780
651750273
633830378
626746426
581312065
662711953
612387979
534378651
582105728
571487711
590703870
663805645
659439134
531898579
660410003
628577025
565583353
604563957
466155881
585627547
629827424
542880734
638221014
594764323
620245605
619906234
639513422
648657728
643511375
545266469
617464073
510121712
624462613
599006395
598084668
616730175
612813149
652903594
612630733
479691816
575339892
629840618
610949962
533860125
593597628
549046939
548690294
547666656
661357740
554709673
466308434
650266930
614226038
622863628
464206386
526569676
557602925
657649485
554709673
643871235
644711427
618336697
633541280
560866402
611729477
614582769
638746524
599069706
522435238
605322375
536076794
554052060
525782433
646752991
528094797
607522348
612119894
575719423
609145181
596623097
633089625
599043373
573121021
655160761
649874602
585701895
494668701
628022223
636323833
613364965
611557885
507431708
540196000
632427917
495893729
551349886
524504920
526185350
570869054
663956017
613138218
666352040
576653170
538494287
567904017
633716552
550735805
557048302
631643723
599676907
628323033
552310145
510465252
593082181
486080629
502049451
553811710
524266271
615063210
666500483
661112206
582905781
627699875
634690312
577264271
553361911
642791304
608254079
632048111
597345606
638046193
628770602
591562058
629101848
666300898
601484217
644032142
556723807
665474313
560072118
597802007
631974431
555735403
615063470
658510463
595337252
503137935
537733529
664380509
504285202
665306233
664638596
578511951
601422092
586020799
530703365
601420185
489487900
537129604
506086223
645230171
597881405
644461805
503069351
660151199
631464221
542041573
604591983
580643242
541553080
478991966
660661596
536716231
567893379
545664188
553478203
645102370
467133909
561814296
574438737
521436837
660456046
581159561
650019807
616631136
659175557
601098661
535733318
530398518
629937129
592408403
650457313
553481257
542922682
532622803
524199422
571354256
573865803
553361911
438397939
406713955
631978311
556191017
643341404
610067945
524838438
557639940
524740865
550913587
624039336
497727332
559675068
579655355
660895962
650157889
491513359
641112813
600577502
541092747
623340322
466679352
629345868
559932916
502316191
612630733
652783982
657697258
567543654
518921653
618737657
566105530
509785275
659993444
583288437
575337980
643307370
572796371
646860562
566191545
615942981
535358923
657482611
551897617
526186030
555365436
557091312
655846473
662098668
666142574
608394240
568026520
548412295
512848578
560286494
500515086
635685984
560510331
631051441
554325611
565804955
530000290
590784291
488235897
614259963
597874321
543892662
555725798
593200051
636617430
578409610
478282582
583843913
614733929
639737933
532093436
532692968
654406852
618048087
557081373
536970925
542432037
599394299
569602615
542723332
558228397
533090856
542648393
548050687
489811418
489496324
649321105
663436585
581452027
612783732
615942981
587946093
533781723
451719407
605518084
600140072
529485942
517279364
585574682
627722519
545633917
552519607
595845379
578757106
660969951
664030028
629830436
661708899
588094997
557442253
636132043
663517656
558795307
594702260
521622342
662779879
572024507
618287385
663003128
592490072
664791014
646693526
613644436
552649966
605235989
624275912
653248749
657497728
552142362
546941884
602892726
665480801
575254672
603007314
536423267
657664065
515315239
560861037
639216352
646587106
619231065
620233966
638386327
636797332
564731812
632862819
472173321
530771701
553189133
663689555
657913439
502207154
638649876
521597252
645195595
624462613
601824779
663033111
493112237
638221014
550555460
525720601
650360636
519938518
524610261
650070800
599107784
433861199
565186543
581351511
516591113
577272632
564528648
539357434
604198726
577918105
510441011
653984255
545456976
660410003
655312525
586081453
555276718
551860116
571873873
596977016
486586000
603580337
360419593
633364231
601739495
608678545
544969921
384651991
661265032
560861037
558649226
538610622
495201000
567937466
628587166
571656870
560045208
618507739
626434190
657375626
627569612
532574467
523038604
652903594
606412507
650053237
578349538
642352591
463161320
564682393
568748256
634328235
572834532
645301930
617344478
583506085
648125434
611580487
619338708
511140800
533538463
568132855
511529213
606252109
538378234
530017702
526448256
523394801
594181837
559829228
611999390
630829446
512677146
545452696
607642621
569413132
568268878
639172181
629004203
576847680
469886852
610507929
634265388
665699986
645508767
572565734
578322642
474452784
608518665
505704012
590421457
634628412
562473715
552195105
639536481
644930713
582064745
660415613
596149414
552018417
611991634
573859707
575283478
499655516
521436837
486144943
577424427
575125557
615115930
655359922
642823788
548752403
621106954
504533784
609373603
547674794
514250818
660103081
364538416
581099176
587381680
632284948
556421411
663754514
475879166
619499448
626332364
601983111
608220794
658096373
441924960
661320688
581491258
526317684
625297893
431903939
658253761
620239928
635762005
586049797
660949845
633977329
631177350
586769379
554278458
541483549
558304259
580599027
614426629
628472907
518521527
621153232
571122737
599627959
576813724
654566277
563025542
566213537
646532109
647315625
633060480
540610686
506865354
505750261
615732394
578634128
567408636
536881432
663891702
441314439
664260099
616719268
635633087
527298103
590658631
505237807
504625964
532879198
581571360
585711203
662671206
571069866
666646985
564462257
455275513
525245149
542514053
571166018
625558234
573337429
613579889
538776905
568921570
597254715
639531206
538058633
433761079
532583236
597891935
588818012
561169839
480425853
641612552
601515560
584750799
650348796
554263054
593125849
564993284
591064160
502280633
559282940
590917472
593200051
639478241
588416625
658561526
663956017
542396325
562607786
472292376
635953277
662359172
574616553
654365971
606412507
661114751
534959763
662200026
613047967
608864272
660410003
572980135
516047152
605544138
659432766
571608147
532458715
463461412
575647826
649939936
627041439
619261212
561529074
665258112
543728592
569983078
634359589
590241497
463280782
516261920
554325611
655160761
519799868
620403468
608960846
495982292
564757499
661708899
638781796
575861763
507220567
377060340
542011933
241771957
665079326
603520367
538554751
571920929
606779383
658676061
635734602
633848305
541380259
656896621
586595899
581014866
561184324
660055098
491057963
572522177
636715898
489782688
610953705
547102546
622192273
641221527
573792512
566350926
505709879
515231243
508307932
510219286
657649485
527635707
509650787
645295065
636455632
642020057
431011536
615175896
628987569
548657572
537671498
609063541
630459217
565546898
480843806
544666190
640193449
564682393
614169809
565721166
604236350
515162104
564487156
615753547
490512930
593394553
536203754
657441663
551461857
555015343
337693601
659248942
634767788
512598042
512062355
654557467
557846809
566336077
582370757
612583205
594376839
545968679
577796801
665276554
535066438
457547168
509900732
666294035
640061134
502992147
656487601
633631065
585182153
561333604
558446297
619866208
561525846
632371813
591942480
652903594
609513576
647162260
630166960
651655978
565546898
542852706
572494031
520379582
636757607
554223057
652494832
554495138
580432048
665025614
573697113
657916400
623069804
647399908
630022902
492335335
514562845
647315625
652783982
622348774
576100796
621102721
485972552
568043262
530261070
659202615
589454709
664638596
567024071
661798171
573914509
511355666
571748739
568917485
608635673
545220312
500632450
621841113
546546892
489643496
640236815
565546898
627366901
519175971
588436818
497544300
635531613
653058583
586694511
508623611
587522754
546876871
503645077
647060828
508363985
612911941
588394196
592936032
661738495
489643496
597505632
584775762
615402136
546346620
543948617
558955986
612633878
627041439
510875755
506529243
644501990
470546156
603910814
542612715
636382235
463576347
575218816
585162135
618138741
573871304
659062218
656737436
658085232
660080527
575254672
535777146
664743343
558916344
541257226
654520154
536873158
663754514
497316988
608512513
601739495
582229004
494454227
526712071
666158491
521338471
510789756
641179594
463962532
451719407
662465844
511760609
558530191
503846724
551747334
645027582
584129504
505429581
579346345
546776190
647531036
585257198
659461737
499540382
524198100
580840535
602178865
455530218
655462851
480610533
556195845
533048535
497713600
559182128
650304838
505537082
561108216
574738914
532170448
606475689
579177676
644665166
643147486
572796371
659603997
542725487
636589609
602206719
617041649
594921314
584744581
625639080
487611140
504754680
508725499
530334184
660562734
586293514
482586441
574224014
619405775
600019200
561814296
544300497
578582922
522363934
558045410
612783732
524198100
521095435
515720401
652783982
447063980
642182469
617154822
582748991
664791014
470146398
524379501
655663475
536474216
645000663
633249116
663673218
556847262
532686659
503454730
664342257
475409502
634271567
616645917
579659620
611932071
493956710
651285484
644171303
601974997
660661596
658828403
580332090
645873151
581621747
518182169
579072482
628321365
524384084
486415431
583796518
614425819
555486995
538983322
604440804
665198060
593830411
553671116
647309916
556351290
596218193
550713666
662779879
597132690
619392775
660219296
602941270
616440796
583274632
592798246
593143377
651537788
631871987
650762769
641254174
494745262
615978087
539090260
503906752
533431887
623071971
648882216
536985849
581232177
601138735
652942930
425255302
498545986
650222451
629969367
506567562
527127659
483346480
530269331
640111801
535326273
562231574
578522851
549179424
536846611
561782798
503226808
598905214
529980424
605588773
537733529
588569806
582674097
570577277
566467384
571637259
521473053
567163669
530847422
594771196
665000936
657697258
649874602
642689073
635187062
612636051
488917226
573589005
596623097
591293024
634739940
611207018
538494287
536551989
650696284
638431924
589950190
604814040
549643463
564873154
547587065
638138461
480912159
642289131
596711440
655702902
612674306
634271567
570330509
644671469
538776905
603552499
546492821
624543390
623270105
643073853
629078928
589015297
602588313
550700780
636291751
593611614
614440379
626020056
591562058
621498947
651750273
658660735
621086485
577726919
577569516
608518665
576425601
593910419
542319671
664539549
616047873
489487900
659758053
502966387
612636051
662779879
621928436
565754750
643004185
662250184
565057914
591942480
633883647
550700780
663033111
518655482
651511181
560689710
666409329
618084805
580747451
581929938
514326217
657193580
660410003
552622751
514747895
571126073
509768024
541343606
568980001
591061553
650730380
587946093
523949828
491312549
618679043
526719417
617172816
588542725
605131242
538757225
650725758
618287385
586796548
538544919
564049124
492999865
538544919
567509182
549140311
565522423
649038720
486586000
581668613
537895463
522251368
548250253
572902643
505704012
593052243
631770500
335504901
578324228
483588918
576242067
584941208
652809859
590991482
610876974
664151202
539384237
542526087
530398780
571576112
656923224
486080629
522992365
563574300
551226587
601972768
631978311
606042055
577769333
545692199
533036413
562831764
523405968
516915971
615942981
522753869
566785245
514668885
620461385
614191418
565731855
534427134
660985359
535452906
515780205
651007576
570577277
445185572
524218879
610882249
572939156
663744913
481303214
618261788
582885395
614534781
607471031
525033347
579931003
532141668
653373574
430226026
631104885
597011938
546906833
578331031
545114855
568289193
594346355
608447963
623718542
530512326
601974997
591222472
628057122
620322505
581854681
612033174
487669404
663002359
622396034
548296628
664638596
502496974
577798165
630139254
562413812
648507715
652903594
616547873
662671206
632951726
592452545
586087677
642652479
617957601
629969367
536911310
604182273
617462378
629830436
660516064
645559614
589851293
516915971
651315157
617745893
628866348
558725519
547711961
575987024
642633948
619556203
526712071
504710535
649321105
546095511
665048076
659272569
623261813
663545720
591164816
642323412
605269653
664034700
648247455
603771694
523778111
590748285
652605720
518655482
544925572
535927498
595319781
557642654
552360149
644469121
546520908
588121262
595972644
603815531
620208196
663760034
610786669
650213343
601046621
614885924
520865025
546739886
536930243
661114751
596127065
650912062
665683059
643783529
535557733
665602857
527303026
595701066
527777746
570179044
534297787
590909131
609063541
653966909
640421520
657153030
485599277
661211469
600119034
626788542
601090320
583395517
514608188
632756801
635511743
586211663
501477901
600077036
577769333
538309647
559412479
589368903
625587464
664342257
640753761
597027943
468701235
570816693
570816693
618000996
637542246
548199213
596200830
522363934
424923543
646693526
585292541
505935399
577246342
519827340
630727136
529980424
656445279
613306434
538123280
586589257
591065073
523483837
568451711
505955649
660542787
653406077
553205155
633411214
623634805
516577800
598605796
535029079
637474595
411524320
585878635
612783732
519938518
544002912
574303805
638075370
656248733
549179424
654752593
551736915
584023594
480425853
584142823
629674309
566756061
615942981
588673035
598643277
547997245
544146520
658900966
608516412
559186522
515721948
547015598
471237044
528514279
507513330
561884880
571637259
642450877
530516197
538652099
618318855
579082360
617692286
549046939
646532109
562809021
540599734
557846809
587186104
653662139
573421944
509496702
438397939
475621263
560533601
538474441
594162313
612300093
640421520
665000936
589462480
504248579
660889209
569833670
587036856
516493452
574017900
652273395
593908179
603498172
665812285
506219401
545971859
464108491
580997054
630483234
612839457
652431686
616191741
653752511
565347506
555343936
579764484
516857978
583283331
624098720
588997962
582139819
660080527
640547531
633648742
645647052
539106312
517497300
524068766
559845505
652352986
648436271
666479967
627744740
603217602
648437959
581853427
651167350
559525055
538175666
614132560
560641773
581162225
554981697
573018559
649111056
570433852
576434940
471404660
610744599
520501698
623533346
574765183
645264326
580878206
581379578
549179424
587484064
605513219
531800986
537625518
633245651
661811981
511613708
597254715
485972552
560866402
652260470
571278492
663329634
508923934
536366211
528106237
651246890
601889058
538061360
549839344
614271327
532332110
572782574
643854030
451512013
548270800
500188902
611932071
461538136
606358822
622520341
602299608
619077210
520688959
611545608
522161627
581435291
448521457
602671388
657482611
640070343
602369469
641146863
614426629
511081599
652268182
569157574
532284170
600222774
649008000
556369185
652268182
621640743
638471911
640541116
467136920
564834613
577982399
665198060
567923864
499768523
544438440
634568526
593351307
518221671
664318005
618515626
664030028
588585392
663528889
464500728
628653735
551971916
628458319
542865380
562203140
656103269
568043262
570816693
644244358
660080527
665688035
571583988
498405075
593910419
534430999
443948599
627620410
584584904
633568211
525524975
516037127
568516132
614261553
526204351
654240507
663338840
606314195
602048418
659414945
652431686
571229815
666631286
526416973
654123740
599105796
548428315
479413478
560923057
535830563
508761241
543902899
541593847
647520902
633665263
555216160
481874699
665683059
485354826
559453920
574369751
662327987
532140684
605386770
582885395
558904495
564183855
569991130
526416973
451552360
386163004
539780250
533741620
506529243
642020057
586003043
657806872
624399866
601685909
522927363
654186124
661362336
531251400
597505632
518372436
612592151
610325895
528147193
628547019
624450340
649747204
616122269
610067945
549223560
637773028
665745559
661439887
572310543
617731275
665231813
590553674
630544567
617124519
592483517
650142087
585477242
522161627
573967554
527575552
571360495
403003680
597027943
580032614
626258385
592671501
570663159
573351725
578947990
660889209
520383512
613183796
527655558
515537754
588165855
566807563
636383612
447433651
579655355
589950190
662217919
594050307
603818003
518399032
607585169
577246342
626746426
530717291
603570988
590184865
627897585
616522738
497635395
524871963
589557076
565167867
543948617
628022223
582905781
664342257
296852111
655884267
583606520
552482402
618047062
633244590
643862294
525397847
292955085
613512050
629794541
657196097
587597139
664098700
521938972
581640251
646254089
563859608
649093674
659858818
510324763
533794353
547486361
619926063
574731433
588375664
556544200
643845300
649028195
565546895
559525115
621252338
469900590
612630733
654406852
509696173
523295064
551531864
551407131
582441903
596242737
536038752
548750628
619772938
584375410
603044552
607150946
551137140
584785426
557550585
432639603
654469759
622042484
629708729
629902163
573271841
651593902
464119336
612590817
593826731
584161578
628764887
647520902
588165855
610811960
664725002
575027058
510026794
545827715
530794832
665198060
575254672
617602969
531332225
540055021
497330774
507982680
598526225
544435246
600577502
532723837
635391213
434058018
591910755
498405075
466427970
617010601
625534590
597164667
548071679
660219296
647605826
534701515
623006491
537072821
565443591
547227040
620971727
612040740
520868308
525784081
660562734
512674821
609955885
562203140
623331747
526155452
490324040
661780214
639794476
576548266
596925414
636691631
519938518
548283325
596777895
576723450
542381451
662151640
624872732
661951153
559746930
662274459
655810760
620239928
529268296
555916852
619583228
574335330
637488665
648407171
546509925
560636627
624289080
511976005
648247455
647699615
535592925
261597961
540337098
571637259
665939530
613075590
524872361
450512718
534445672
530182929
611893173
649562363
602549696
658277839
645300118
596306931
655217586
556221795
584449861
574062987
494209293
585338594
583366751
608780246
663754514
653221775
604361688
547783900
500009412
601075557
664825371
615647692
571611471
632734368
566430497
610578355
525879733
562098718
582387372
538002594
659461737
635441757
661811981
609114268
485953669
665683059
535489623
598605796
605537945
543468488
581968370
531409825
552161168
582882176
640421520
628798726
557024789
577045779
595973627
549554780
527756419
531855322
526416973
583623919
632296530
658745697
530561412
519470735
640522738
605537945
528098259
494820682
457920434
654163707
552667337
609044316
662007165
372544974
631802996
583019499
569693953
640180807
586590299
622604305
657049727
538385562
597375566
657054041
662054325
651555032
543310708
588034597
500921869
596711440
662753755
666646985
524045658
515433144
650011411
512068765
571351849
632371813
575307607
506019500
541780365
622789163
549188171
577979716
597872423
653321058
526100155
653015053
510966771
647401197
609381536
654557467
612151170
574248044
614589376
566754758
537306564
593838031
620506323
647917543
535830563
658900966
658900966
563839355
648232676
526569676
637115397
510176963
496106591
654790983
562577616
555694183
565186543
588921707
506552234
547059825
565546898
527031684
618336201
585650337
645297269
610876974
546935660
531270153
542547807
642121581
470518733
533663702
453018029
517279364
564316769
548611640
614098516
572135655
655884267
585700576
659708143
566387459
545337031
577743070
647824498
524094644
613808319
598211785
574765183
593647153
604941072
664740425
593052243
617967255
575610386
511474208
617525813
549075391
507770797
586732075
650716099
656146117
566311297
511474208
637607211
622402021
527992739
620886421
641437144
612286907
581366308
623918041
620239928
585823042
516901992
633680044
585627547
606859955
605841632
641179594
499817792
506552234
658521990
659835965
605367892
642906605
577084921
620689175
551119471
606468048
629063363
454261798
435205507
500160388
662338965
548454790
632296530
550581361
632989495
592689503
642816173
494912757
545456976
522979983
577825064
612530118
536294564
631051441
549333971
507438863
517457771
575435362
552595845
526777926
539535027
605812565
633716552
640712991
461606933
583292246
654123740
665025614
411966920
660562734
622360503
529825455
498029189
646046076
559885939
604236350
603570023
521701679
537886965
513079914
558924020
649414829
600009618
516932485
525893147
609114268
570632387
593063483
526634959
588858635
584584904
517203355
578044979
593200051
499986113
624205233
646845604
659759412
635299699
508593035
494144526
625534590
646400007
612577357
632869200
519782580
545520070
530563087
570761023
652150743
611459002
618879641
610106937
640745052
551706596
521722639
583991190
657228232
618798795
652940586
530334184
577705293
524067712
619772938
639031247
606412507
630766392
642776674
596402970
533692953
557598454
464183776
661602000
535944250
552649966
616047873
529087035
494215192
519827340
508668628
612524248
465573013
633988446
614519050
524612541
593346670
541647309
609030145
615645394
628653735
642883412
528404632
664151202
607497180
660304988
663338840
601810116
622761131
594355125
554709673
561878961
556378170
656027565
527844717
597900148
559525115
537759219
582174814
633209611
635096350
568968982
618287385
532141668
538249423
473869537
664367416
625919890
666544844
485427751
612783732
557070322
596549219
636533393
585701895
530745505
579277095
522714975
572137982
545024308
551997179
633686210
483795275
500790021
657193580
492999865
622977847
581378289
600616541
547952719
579446689
607169185
591404654
560271139
516054766
650912062
657633022
642743796
448780952
621140474
617268714
582674097
654042741
478446962
525292879
644783174
616954918
575104247
476587672
593039619
593053025
347289746
478282582
557091312
618097272
578353857
465460875
664275552
626603589
528813790
656039281
564495213
637449460
355825289
608103048
662671206
559004546
597345606
532130256
602228290
663956017
644613070
541545791
664367416
591692878
610507929
633465564
487824893
560893586
624716656
518994186
426790870
568310193
597830409
548278359
639916980
557598454
548045656
653123311
635951279
540733549
534962623
471389141
547586918
603910814
571637259
560349364
633548123
579696602
562822720
566827175
638632609
534652278
491698271
591137970
596402970
565089908
622809071
494253487
622182351
621492537
644595417
610377173
569601734
655359922
619772938
600379822
571873873
575307607
636801992
662359172
548935305
569972271
655355278
503110904
591201932
575694540
542880734
546998603
496467947
531895500
488917226
665474313
608864272
523486584
515854872
636455204
515115073
580967814
536645584
659858818
498184445
655481216
654690157
572011140
469151436
627233558
547184773
589531171
601087814
559972550
656816964
650912062
635299699
539152789
505350535
658937374
553338027
656846032
583432889
507707443
644479650
656472599
620976721
613138218
633848305
642978413
666544844
571126073
561039982
660144790
545259138
627552486
566226993
609856342
581933484
560703443
608635673
626107696
654222690
584355257
586771800
461365586
440840017
601128267
565583353
492950285
653081380
565186543
663810590
537467164
635871197
610942020
666268567
540240261
663408290
619958960
564528648
469512983
563306982
530847422
561184324
571720319
581883083
592903266
541227813
661194432
625345339
580967814
531897108
538474441
589008422
470715357
518808575
606198676
635984769
446608231
570599968
656186617
626093334
528805653
614881463
593200051
646035506
554966981
598783324
578391604
534616004
612316235
569872055
492428882
632133849
569785865
647734044
657880163
593059244
532460924
557662167
654916670
525995675
592756695
622348774
633922457
516196759
629114288
555591330
631208735
529392196
560583387
607856297
556122128
508137345
634690312
647182837
565176723
635439235
614307501
485127614
525070571
513923199
533804609
570564272
481099409
524426648
650054201
621531237
471710568
560926330
553364330
536582762
551329132
620239866
556369185
620724114
575324851
590002969
571265149
647401197
591840500
565927645
637115397
521582135
521919523
515796434
641303387
597817143
534243131
613883147
580648002
543236969
504248579
652719065
646256211
633364231
652681079
606768720
529601864
527084935
530847422
477490532
637834391
628171393
608864272
663003128
647917543
663810590
643813621
503031635
595774977
620250458
567084272
523130224
427773734
569719455
658371448
633262216
500178748
518212451
592775113
469411568
605336152
611904541
578337400
425357327
658021818
599953858
633529314
604197642
555097492
651519230
502982044
642378870
642450877
533257101
596803187
508650420
653062534
559829228
530847422
531338253
545899112
594129876
459668705
537232060
636566232
484168853
550987164
558093508
618431666
569152042
651519230
626684999
664386187
666268567
659092286
621106183
555402159
520949780
645693229
633245651
661623938
319704437
617602969
617124519
582005013
651746664
620361872
516358747
620448337
560267878
518056213
666007352
616250700
515721948
594491975
541747503
647309916
615050490
620851976
578254047
538378234
614656508
557608907
625701873
658079258
593777053
534748957
591980295
601474130
520250507
473506019
601515560
574280679
644234124
565804955
577630116
664202316
573779799
454228575
606879683
654158391
570800544
617752387
660895962
658522635
500221179
530182929
637115397
470146398
469101006
587188750
508033484
559511228
643031101
566387459
493142216
633832341
525155243
558830211
624670673
521969876
580327708
556238700
593790096
560809192
596788307
625236477
649324268
492015085
610133041
588034925
505448750
497330774
530847422
616047873
619001853
623367986
493755544
599051697
548497766
561493230
618276879
636563568
479930072
532449666
651407403
612860576
541722268
630565598
612670431
585768845
533233465
588716250
583945421
665198060
553460409
613485757
548430188
632864044
523133110
534378651
468565872
631204270
553205155
651473278
489811418
520868399
597080793
551419934
538983322
567515818
604689406
538120221
575254672
615235366
607928314
547175964
522161627
626223256
573770903
627060699
594472583
659093135
511031263
551335158
664968919
570864833
657196097
662497631
597750779
600832490
606879683
634629264
573036560
542372755
524898360
542381451
536961478
640547531
616461725
529157461
645706376
588970580
602941270
592221880
538670115
589650000
559942430
666644825
539414103
658900966
629970519
607738024
577504500
660623241
546095511
599787738
619175342
623304595
638464869
506948595
546682009
473146092
649653023
547953915
565546898
652058946
644234124
574268084
638386327
648678214
628474707
591521128
546991881
640421520
647707283
486595539
568473962
523230193
643251996
660851729
528043702
633080544
516671324
531258740
563011454
634527251
625251508
564627726
638117491
628111951
643909343
624638240
613643285
558218423
516643188
647917543
518137173
648843543
500632450
507623888
592981347
591739465
640596221
650573806
525594471
470320286
585475628
528524025
519130475
484895862
562817292
628339936
633462885
636862998
513106374
505704012
567037136
606042055
636741022
614555831
581351837
517529018
625814373
562168848
665683059
592291692
549935186
595331843
661285802
470546156
587747289
532380023
661114751
660949845
485189557
604005125
428754281
630803128
525995675
634300371
489275503
525960378
486701324
664431057
566491672
538777425
650737697
531585424
614200661
577333963
540213869
484599954
571328356
522877356
502966387
577633094
644778406
476429502
599095583
518385486
637325590
593911392
572137982
558362346
595181588
657703892
605056542
644613070
639899099
601983111
547530188
643783529
546854697
512131284
503744547
471700631
601046621
464883357
664539549
581346505
581640251
582905781
651416075
655846473
608835746
611240607
454228575
580621581
538458220
566332880
603194861
523456438
575659427
664624844
661087102
602494515
510476785
566935434
570917213
578349538
590152426
523181924
556402316
534430999
508033484
558081805
515715010
563934382
571637259
664098700
594529690
613078525
643783529
613223781
525774824
523585227
645651026
664423654
639456371
593082181
602739301
415629716
661920221
640421520
650760475
526569676
638632609
550068113
498216019
653873598
539879509
514677973
543902899
623099664
558748616
650222451
578637267
638370456
648357015
447425069
543107800
658904979
540365287
594560383
657960036
536935532
656708730
616631136
650401744
601128267
617224875
568496018
509540361
556421411
589095572
545227350
626600302
585873551
629096228
545717253
584225065
529407068
592498321
609384827
525879733
617798648
635439108
659738396
622048718
615419060
532380023
604236350
563000355
592053994
544399173
608402319
611589679
567084272
617812379
650702195
536032629
622192273
538123280
554818927
575088723
631240938
532380023
618138741
663003128
664834181
583843913
515854925
562448141
564428089
635187062
515529389
572087997
629165747
652859117
397970575
641112813
616821942
555365436
519162879
575104247
472426633
593340373
530331267
589368903
566807563
570722118
519527842
632495901
615238903
632160398
600051287
507562766
575300039
610935872
636455204
485972552
631643723
571873873
626961784
549706537
489643496
612014502
542803906
499262402
666288496
573143895
521134239
607497514
611131271
608254079
517252998
598009177
639401119
519899005
525593855
569079346
646532109
624849311
560583387
559190482
584099159
473212848
503364203
606412507
665683059
565504940
619230358
534292839
598600587
520252103
546681153
640421520
635951279
604389630
659952219
603296531
645972923
559105416
581134353
564565276
561891920
590746986
560604060
616335053
569881709
649008000
506989232
656406917
433761079
647309916
541153635
613870614
664302770
580246591
628459668
472069311
665977913
666158491
596224346
635851902
600616541
534563499
524827337
564890284
600298433
652764646
609145181
638467707
613155906
659641947
479111052
444440194
624262849
591222472
570892227
508572184
535471519
583148561
620896047
559186522
665172527
637703414
655846473
604004067
590873928
576847680
551698292
557218594
496106591
666500483
532170448
525879733
513626076
659764688
622163469
453978253
619277120
665480801
532600606
610290993
603241935
657971243
611948311
511084760
622206004
559366622
531338253
555916852
663338840
652444436
533924156
634263295
548278359
617781645
541630617
547600365
546787134
576341887
600020989
518047974
666023813
594921314
595628514
503924904
584932308
567689506
664539549
661250919
486595691
601334722
593064217
592844604
607585169
574055222
560649384
618336697
543948617
584829293
580391650
563450390
649206694
455849696
623441543
649147535
665998840
605812565
614148370
656606697
540717955
521698597
451875156
542122873
637859502
584416231
528696552
564225044
570892227
579913365
594989210
518140749
623516188
609191535
572782255
547271330
566233226
620312641
590746986
546776190
610481315
624450340
497788706
522820243
637723772
615492999
499174499
614164293
595152708
617523027
586776045
663312518
660457958
616047873
565804955
601374464
589744947
626060864
622433459
565528192
535358923
611953333
594350646
558081805
614848604
503292259
527950359
564901066
659072057
528454680
650152534
551837531
583612420
632128960
509563777
657495092
572775598
655217586
620398145
540610686
564110452
557355218
640596221
647769015
602600214
601420185
639601882
529673442
589950190
558081805
585043749
620852571
612459045
590030387
604087659
662510822
599803505
635170962
511480148
659603997
535066438
638405263
520627697
574760720
480111729
427593321
567756509
626140690
454639925
556335524
643783529
602383957
393215216
665000377
629096228
528304635
597572409
557400241
573037653
594004799
563256281
648052628
597080793
553189133
495416920
649336923
618276879
577743735
606125934
648695192
600616541
573647451
519701445
503539434
595709709
559249411
610876974
591735222
654370773
664431057
470591096
546906833
659300261
542526087
521736252
567543654
538227670
512416254
636573122
577705293
625804894
539014892
564516001
580819117
652446010
581746183
541233397
616709437
503707033
659858818
597110234
521938972
548727080
629810350
591293024
616047873
554906060
651167350
657870723
539669815
533394038
618798795
534928948
535575883
461740461
664729615
514208949
652248336
588428511
503524314
572197090
635798381
555913894
584161578
550558759
598879493
636803990
585454482
524740865
508188259
454189699
559767661
621676334
559249411
637121015
655690633
556623071
573037653
504908570
616038248
602677270
545364774
566387459
561658815
650074986
595099133
652494832
663206397
656319322
498643342
599735163
581492863
521426351
589138122
532315682
519899005
544175910
552895678
553481257
665901940
589950190
560054495
487912660
629450575
638743577
664098700
652431686
652741043
569764367
474794097
590152426
558733809
664342257
558271527
601629935
565847164
450486321
610248549
633941897
655663475
545456976
595959236
559522567
650490112
606556102
464897060
491888288
619881552
570918766
580263880
658418958
583943650
584635925
553656605
642236146
621124019
622424631
633364231
488344673
642289131
647309916
556382619
612389477
524270953
598102500
610529710
656540844
587985200
520216165
556284194
552318920
643224577
657728499
581141708
576152189
583374769
556224506
545390737
544853781
643656083
485590029
602439735
516857978
663690783
582370757
619056024
573452007
578987853
565830304
660072696
492159075
572367674
623462142
496482610
570720788
579623873
554239986
549188581
577395873
661441718
607382395
655968808
522703460
594802912
575699005
534088879
481429694
574630072
603172473
588604581
612670431
600276304
656023195
649797760
542865380
620250458
569776088
650954190
540575848
516028424
585027276
514065206
650296746
559655132
525548167
575199855
652191183
536370611
601504575
652268182
651832292
602044829
525291521
541268599
585777040
580861276
623453488
606831737
515529389
645541659
500322202
585454482
617585406
505692388
346284163
535302423
593052243
526634959
639216352
588635307
600801952
648284403
520886125
426230162
588923895
639251235
564255313
585275126
554885220
554239986
661308244
600377252
606679165
565061553
644783174
484228832
664853081
504148436
511411648
596187043
533049910
376263598
600075601
637393862
622472029
664791014
606602244
634401265
571917423
629180622
532309724
620020946
597036313
493690186
557100543
556496419
648461526
612633878
666500483
557947756
577023960
489016507
657651223
613793952
553386798
579086224
598753862
492460034
625334772
496568442
618816802
550755198
583204391
526139495
599443815
584750799
575337980
661087102
650759353
666023813
620736889
598849762
575667856
614229121
484116818
575214563
653251372
537251472
584104494
560478078
561967689
455033815
632284948
521098993
510734920
550606362
566911150
544643186
588034197
532686659
519160459
537733529
521873823
557105000
643967563
665079326
537586931
637741748
572775598
650156815
491087702
601193355
562159375
640562863
554031851
578322642
547696830
538263150
634359589
575339892
614900483
625236477
440779167
511626123
578349538
564565276
519113819
534840794
664625632
529998006
642289973
525589939
664594236
612670431
642656784
483086043
576759699
564267991
616047873
567559281
629619225
660137114
565721166
618959326
642036297
654672054
580439257
548972733
633064387
452877462
471710568
603738928
605267305
512088716
594382758
503138813
635445664
476533412
568737943
497598920
448283544
642395532
565804955
644560142
473212848
615916311
529392958
540599734
634359589
600616541
492899640
536767406
543073890
589055014
598617550
512658768
562802544
578044979
632076364
578983714
533064403
641179594
662338965
564420441
529272957
641112813
502645779
570330509
543556682
635069451
532170448
643967563
541571888
528962882
666662432
553311367
644234124
560866402
549888891
562485574
645301930
623165500
657497728
542075033
522805251
564205052
663023267
515796434
614667803
543809402
547854835
490694840
569015922
498022645
590925796
630672166
552444248
583673484
650760475
563447296
646988941
570362424
585488129
512175944
472572324
505558542
611602203
491341884
555385228
633548123
627990168
623590477
472426633
598753862
488597001
598336098
628633006
656028761
572719549
544241190
598174300
655058509
538552025
617977323
575125557
542081927
550665747
516434198
639475418
498044118
464290396
647699615
557880456
646725397
585493150
623268562
609845006
602941270
585185672
574668496
572898153
504111736
525911264
653200849
537816779
462358278
484743850
577743070
629069064
607700915
614092099
484147947
526634959
505291787
624196635
602505602
608789793
643863052
523737729
559105416
578109860
652903594
569693059
663569938
613552527
485223137
578225986
650912062
660920185
604005628
604521522
644778406
548243299
557415909
635187062
533794353
659432766
566105530
597874652
507390445
525784081
605837281
652590514
593200051
652498551
604002008
554659332
566350926
547986978
534363151
519270259
536366211
619263530
615402136
597345606
657659060
658857185
498044118
664791014
604746240
584268922
582684294
556572086
595957697
658453180
655702902
522979983
597995857
651593902
586996657
516434198
536379209
640221816
584593209
551860116
619674250
389742474
480640346
608439011
575727470
468272465
643987453
623565266
614679073
553115102
639105874
664176175
657689822
516779926
501482849
639805575
622099829
563540527
524266271
527654615
497828628
631186763
523130224
633887204
609683606
659092199
637738006
589950190
553655188
530234058
591404654
535777146
546783567
520379582
502049451
635439235
578634128
657348004
545275465
647226603
496671058
609845006
614525459
499757945
567241769
661794831
411524320
626329195
503937544
619907969
650748740
660993154
529604786
618880493
632371813
596414023
609276010
436366498
425167398
560533601
584826139
618105188
591982648
549022990
659856567
653829037
533833414
593815574
528909107
500817566
659092286
664302770
661781402
571940029
597158268
661263605
569574938
574320909
546673022
632747925
522146039
618052146
455228401
618523696
624069811
604125787
622328332
498280268
495599344
535571336
562439506
645844210
654705201
584323288
589950190
665084548
555886190
608345363
549399524
619958960
476204429
648647726
565731855
605686381
496368766
537883547
582250015
567232109
491259177
583252362
615717156
608635673
597458956
555924442
553330016
644671469
603092630
521436837
565895046
481908619
610616004
498184445
542174717
536920143
657651271
524266271
645972923
644684081
497330774
640874245
633122785
538694217
604758146
582777856
633730791
649964595
638825049
517994614
597606883
582607202
575487218
537523541
592946651
659986327
579623873
609845006
534024089
481351577
576641588
574666886
523525847
564462257
589476495
623485494
604202664
527728627
504485087
582550476
649827977
579471135
596711440
646810574
557974615
531366640
567678176
528154329
572079722
524266271
569155825
567709193
560533601
622943761
591927074
638983890
665474313
565564447
516857978
665446019
622715627
553010804
662465844
524538327
522363934
620139260
477949142
612164298
537945480
661828217
585275126
549775000
665002374
621475045
575914227
613390164
549559591
586343638
499550308
564495213
566690002
521701679
527386995
629078928
589095572
566387459
662074083
598456258
502997509
652374031
599351027
647046134
466038636
601937244
600919019
655077718
575660228
560349364
616547873
487995032
557364568
560866402
660159377
510682532
516374434
571144275
638467707
640421520
654222690
532921152
627273253
530589349
663888432
557849670
648722019
518077099
509907089
636901031
587895585
521206408
655170147
611991634
524939626
533601578
566859551
565300499
623099664
648109326
511397207
653105240
512720698
532115510
590642036
450677493
662719560
662779879
530672754
514935906
507336407
549357931
495956400
577456838
604222108
590721704
566105530
521937094
665396953
649423558
540678683
557639940
496423078
520276169
599295721
516603186
621605566
624203633
629330017
498712225
589463770
594050307
572135655
591137970
575849002
571074837
538946793
554555077
609203451
661441718
596234835
511260056
627060699
474652684
570787796
656775732
568897193
649543874
658023107
635156573
615014302
635664656
609683606
581492863
441583315
586049797
634097592
627693195
609341765
661194432
616028399
660407506
589527506
643389203
509650787
591301809
548456819
537224960
627285140
591404654
497258629
591553896
646223299
551647769
656028761
536106037
661410060
644376211
663528889
429712430
499757945
625236477
469400138
530017702
666165140
607888924
525913158
630112377
663285228
518655482
484990208
601836862
651555032
505264803
651450365
633245651
608847506
610067945
556898400
602831394
540101599
598095604
601863286
582285105
653645435
530182929
524774427
622433459
616209832
654743237
657689822
569482900
645236003
544812694
507336407
662465844
608860468
508261132
581621747
506036326
579687029
555907303
521922231
550882861
485288283
611726541
556369185
593098631
547305248
520155600
615380513
598069825
646935799
555645451
617876188
542227454
630700773
503110904
563225000
447387953
590284880
532550994
666646985
645541659
663517656
661003054
639840322
656033845
599443815
543948617
636378594
605335038
558270916
597995857
615071386
578133537
594844993
566533079
554818927
593500402
653087833
624408546
554456315
449831829
560236591
601898843
568268878
516475873
496467947
576548266
515309805
570374179
562754070
643626557
601607992
637488665
598854366
529276561
362127593
504033082
496236232
635116567
500135167
631045518
567408636
625755947
560756070
609870074
539090568
584542919
525548167
548809424
556691288
562006600
591137970
514940517
579621330
563974589
636244330
586996657
532723837
559181737
477633402
598600587
656059887
550867051
536961478
617083731
564049124
563764233
524407568
657689822
498184445
590047981
575365722
597324180
601128267
541162513
516549647
485320678
526721264
598481557
656775732
559574452
568451711
588342178
533552834
555583227
610640751
613756107
561093334
603870374
630829446
482497465
609194238
664156279
636002474
659993444
519152867
610693557
610949962
518017213
562508206
583723955
506456738
544869269
589095572
639916980
620208196
665656831
648843543
601689393
618270318
654792909
508841474
652553128
657664065
591800043
594920763
605607147
637325590
623199322
665998240
601701986
612676188
510048741
556284194
571016684
566430497
551494282
620434860
592341070
546168537
596402970
646707286
602831394
559879341
656846032
527290175
616821942
663315469
530000290
663850538
514596323
547059825
445218619
625859230
586284927
529617082
609964794
524094644
600958956
624096159
512889967
529723736
629706410
580327708
631245126
564944232
637121015
510489020
592235200
593978349
603239149
553159666
538901621
548087873
639572966
582701473
617268714
565546898
566336077
659468663
663388745
524198100
634300371
624196635
475172816
640878971
612630733
564075594
612454088
552667337
624743968
595581038
592795248
534330170
533800531
664957329
591303884
569666858
500926324
658510463
647401197
653166940
635439235
631863549
636305145
611681072
501801633
482021483
664853081
606488036
556004433
520865025
544550241
569693953
521952129
544241190
552195105
597841637
645128860
507103276
532449666
580374193
666500483
520025526
479804966
647863418
612222523
482387891
597458956
645066411
585666635
589909695
602509350
659738396
643993197
571920929
562744770
642484365
519891344
507028635
578977677
638407822
584818971
486976755
198323273
639323107
588756795
527785771
588090689
542648393
546355974
622943761
543809402
635871197
525178703
577308346
665552188
569982088
620689175
571748739
638467707
514247486
482228388
619907969
600148292
546886648
657353556
591433141
619501127
600832490
561677246
451871299
409387618
585185672
512429789
547018018
644613070
628171393
511642534
652804570
442935358
652446010
503198759
578007799
578740328
530017702
593268028
528870246
570210888
628498971
537946144
530589349
659676938
597505632
574038791
519944715
626410845
661708899
537359917
647263110
630737698
534959763
559116185
543271445
554325611
654971801
535137454
631111178
618886827
575088723
586432809
580294772
538585236
620541743
614421840
579177016
600015232
656682278
612986165
656623746
649111056
469931037
647134997
664260099
370419199
634880950
657375626
543134287
621541505
611709241
577963349
551793413
608709224
650372025
609384827
666288496
560649384
629068750
618496401
653711605
660661596
658371448
511136074
572528684
596034294
623006266
524726160
609380517
571536141
603386860
655286568
486144943
495956400
478036391
511549509
602044829
658510463
560747582
492379816
567509182
523068003
660055098
577662251
596711440
618097272
643910042
608104570
532637858
521184703
613552527
611968816
572340568
621762550
646631601
623590477
529392196
458272311
533720515
654520154
482442856
559981078
559893678
481023281
614733929
511585708
491506505
623071971
652933344
604779013
642917272
600565664
561929938
610786669
532849267
571873873
380811211
588435836
666059443
654003010
549046939
610416181
589476495
613551457
549389020
525702612
652306063
648072204
533254383
587270126
603142580
603629863
599490828
562142913
624098720
518250270
537968273
609840314
664112106
656312556
534652278
552482402
644599697
555913894
644613070
445828659
642395532
529411365
529511810
664337519
632282766
597995857
568627963
585475628
552723397
560866402
630740678
591562058
644820199
582679705
630388546
602121445
648136651
556847262
616238561
519593281
601974997
523792580
619640918
530801848
621784051
559845505
568268878
539553485
666033084
593295698
665258112
592778779
603580337
646668003
558584002
526819183
658096373
595608580
640538758
604318882
452521898
576838010
593268235
643905712
654179798
546787134
585443684
628087096
576980087
616618908
651362049
556223052
665901940
500247551
611525382
562554997
635187062
532159001
661608742
593369225
618866225
555097492
535199007
657248146
560533601
609845006
605244919
550974219
565186543
516923067
515308316
503069351
526537864
507788394
659757347
655858021
664302770
617703258
540291097
570294578
595571393
425357327
599098987
566766779
617602969
590909131
626941264
581432574
517574932
489342804
654543255
602014565
588034925
559845505
475740508
653514523
626947884
620935471
623975455
613018453
608481433
625405115
603288451
610750003
639800606
618451098
559459584
560216431
653466669
518385486
455902872
657111279
548884402
531321566
528524025
646484679
508528463
657437836
569849831
625687646
617738391
556274217
531734723
530304488
474061572
617611619
665123818
519827340
527796426
546355974
649432937
574833605
520949780
594729742
547983133
633856788
495201000
560727615
589512017
596218193
550495548
605757762
529879875
506861319
582012754
475823822
473874940
435273222
557662167
561683347
652804484
638185263
598665533
554031851
639172181
443407327
640221816
632982266
629702989
664539549
503882438
481920100
562138343
647008210
595339842
643218400
593143377
597011938
650928548
509877228
643226287
502812490
508569909
661602000
525577243
575856724
593153850
464991426
632371813
648072204
592113723
644970600
642893589
484152222
642538764
589454709
537772916
656296025
504225343
552310145
612445604
540508830
541140861
577285168
589950190
665876590
626946051
475780227
558530191
562399836
600167485
648647726
511328567
532458715
650604090
493690186
521305602
615608229
608107151
592537132
602831394
580817633
645021697
593052243
550913587
571960389
614582769
645388695
557355218
606419996
593019523
665608992
543179254
629000778
579764484
596711440
600981371
558871197
515500602
653821304
529400472
578275922
449195480
594074620
632451533
642664633
638698014
583751757
546101429
639975199
617692286
666015124
618779745
551819089
559522567
603069881
651593902
384241694
546346620
597973594
603373358
555831356
580585401
622486782
633593871
544438440
601983111
612813149
642776674
486995996
641910531
641210234
551193052
601296498
603074953
603790994
553770732
565315172
487418483
629025327
540240261
603872522
578631703
563984860
588834883
660969951
503539434
589950190
617781645
643926759
528113981
645198811
488853098
648755665
596295279
592759036
653858742
576425601
524270953
661782709
615829893
612797745
528081547
652553128
594999738
591226888
572522177
475394105
517423871
508840368
613657880
660702264
576706274
506552234
525245149
624069811
616461725
632076364
628840622
471708782
549140311
604758146
618369819
535944250
504148436
589463770
532039785
542041573
451356683
494733801
554849747
476098229
603379999
594162313
547036086
516577800
565186543
566859551
522949879
610932694
663706074
663523332
608195350
662465844
576641588
608756990
614649202
558068711
651234464
589527506
568748256
633541280
558384630
558775894
507378746
543511186
491492061
511145092
608852854
633150819
552561057
574474389
561175279
596874281
610653480
533601578
556924422
651246890
637115397
592291692
657984847
581640251
536301022
450677493
504332295
614799199
556428910
488967470
619130369
461549710
544299015
532905529
539260559
648436791
578946609
467467572
622433459
635187062
588154531
579859867
483541555
664025767
552932409
630115731
618496401
591442095
634211826
582773784
496940438
543357750
590993783
416644068
646752991
658092464
552063330
487998084
575311667
580433741
547801269
608439011
587885327
583884241
532703547
623275790
624069811
420602820
593382782
605956232
556544200
593017682
588106908
447433651
614017523
622192273
516932485
610593909
581621747
506688630
557085374
663050172
622530989
624364616
661113259
586996258
540030863
532375456
493180731
624825486
563527253
591553896
587729915
632066940
598312184
603864087
616047873
599737534
658846975
666088769
543151168
579277095
477943501
560636812
529126010
634678835
666500483
502542055
539111693
618336697
650311877
605098681
583593878
646400007
530129990
608343044
592128673
573554400
631864168
564956508
572115589
573768295
618903652
618496401
530256700
605636861
620067156
566267847
626104863
514846425
551706596
579954385
626738683
586453253
593767683
632263923
645264326
664842182
644803167
613906498
531304343
479903236
619348417
561526213
492249819
585856978
650773671
536802462
482610136
605412502
567373320
523453453
554516906
594186334
639369460
600544115
625046687
658900966
620052841
660219296
643783529
622269985
483894566
666500483
542243485
541889557
634818393
426882930
583870094
471117198
532570598
659079069
559675068
657857306
636736811
651549917
530771701
658244923
535939962
623690332
614180296
481429694
644440468
635014827
531238654
564730384
664373620
618086154
646587106
540641279
622247862
644521097
528524025
554766682
536779762
538911277
602034043
545928189
658178727
637176802
510387496
533268795
509521374
569776088
623348972
624825486
575337980
583419082
562150092
636455204
656690579
546658503
475113797
601921099
625716708
603300150
497855863
513247655
663338840
585185672
478907764
509195083
661682901
558298743
592461739
630854739
656913573
551592048
543511186
665876590
621090961
602232675
666007352
560575506
530398518
544828788
646669082
513193057
665258112
543073890
576686413
546065348
614582769
598526225
652268182
657979921
651167350
540019847
547863400
584584904
640453737
544373583
535302423
506861319
664342257
542218346
614746703
535927498
594491975
477432087
597891935
549571751
616759632
623975455
575125557
555446054
576188969
575667856
618959326
653256847
534039534
516264367
546829395
608960846
651378675
637115397
647984830
626271501
537893056
536158831
650381787
578634128
466679968
548497766
550117637
657857306
552895678
663178839
516603186
448333614
659640209
599186668
588452365
615908690
530714028
532505061
489092450
652462423
543443719
616047873
553555421
644371830
477437761
649321105
656014668
546776190
666268567
568229352
515162104
600332680
661508763
569822904
639072622
657622115
623181644
584584904
525397847
581933484
552654496
552649966
533544171
519753075
615348618
634505908
666158491
663095064
618080720
562159375
566105530
612190310
561358694
665908700
485633428
576963085
554529221
590612347
574844795
566957438
584443322
662288731
567452644
577810192
620353549
559522567
574781942
522446591
542227454
636013427
519033505
482104297
657979022
597795211
613639712
596681766
591779269
623071971
488588902
664176175
559951479
633828825
636420593
514905066
622659130
516591113
578634128
518241626
572859850
600379822
604557747
583561977
566199399
415646494
552725208
552346968
662971181
500626432
575599441
654059834
519378286
540154437
576152189
638611786
610325895
619109827
654739055
651647913
573120180
522499371
630804590
589207787
581392079
610106937
644234124
653645435
519130475
537007460
563737596
664156279
579927046
568627963
533601578
562476044
618668681
572783354
606072556
625236477
663335753
518017213
489657597
511081599
612632927
429144494
550739650
654506548
561365233
661168696
657984847
652927919
658700514
635799917
514452930
666555653
661087102
508903686
489263216
525172613
664342257
574716056
647315625
549776601
657550940
594099396
492864694
638743577
629329897
565585194
493762779
575027058
648843543
577367788
594034554
638388510
481376236
469988045
602372293
604202664
572137982
607700915
615753547
632756801
576053234
497146444
653321058
656690579
663544310
525720601
568090097
660198258
564700711
549079770
573770903
591818581
555257136
644177841
665310087
637500822
565731855
649964595
582905781
666631286
663338840
559004546
578631703
563984860
626964764
591798356
640596221
657067805
662032932
595972644
530708668
617694135
475301695
528304635
532592633
581069310
620437863
650019807
613179935
605544138
575918812
622052477
617091288
606782618
537850236
533956608
549270518
533814856
634616968
579084076
666367498
533781723
652599177
630237327
623383236
572126092
505053304
542852706
578391604
664302770
663436585
632440454
623067994
544027173
654985694
604298716
641212972
634355892
636455632
590612347
543134287
658530140
591982648
639688713
562817292
588673035
518967604
445303892
659759412
534324025
597535175
603458783
631051441
560428158
532901809
599388102
567101922
500188902
647026965
517074030
518250796
583006657
610385375
554249204
586896822
565337245
510978111
561616506
639258402
645409915
642289131
631643723
518604521
653662139
587913216
619042750
659629809
640841162
581432574
658942302
527078391
508548720
596966372
544721384
473755174
662802604
629708729
552665778
581640251
562817292
654469759
558830643
659219795
511474208
570106314
552622751
627559266
642020057
595005949
540994208
650917895
665656831
607398807
515500602
496732767
597011938
570577277
588699233
634595254
461438025
620388688
573152628
606028549
604202664
572298887
595534699
624526561
518435960
606131622
516603186
554051967
610932694
539689586
596627527
550298598
582365681
652741043
521134239
622977847
600427676
550286349
617585406
666544844
547530188
588818012
500342154
545038571
557846809
563898035
658895289
621784051
634343624
651626909
625843948
555161100
663438617
639649225
543202519
504233059
537318271
620139260
632521271
567612841
533392303
522880442
547587065
590002969
533198809
598905214
664030028
572382553
554474579
620834084
565580362
552195105
573421944
581933484
565045384
497983641
529323871
449884358
605588773
631507666
487135955
606987717
535672916
646413360
566105530
604604374
569601734
552007922
651503598
608864272
613512050
529673442
599795378
625917544
631711369
555401179
558733809
646315033
659606577
593926741
630829446
432639603
634233759
611131271
653200720
657916400
555920677
625339700
433861199
525532888
543754429
551716879
644598548
627620410
638866580
619958960
646907542
662209826
524612541
663338840
575832846
539306295
493157817
644523056
620676901
488885905
480747094
611375826
604240034
609560601
613259477
559616975
520005757
499120810
665745559
666007352
523576095
600148292
608877608
633541280
660219296
641651497
588866080
582885395
638407822
609063541
590891079
593838031
573542222
601701986
632371813
405636462
612630733
534125445
633854176
643626557
538818687
466494128
484999543
523151714
644523056
501463442
576402216
652927919
640959735
643558628
657153030
519349446
589421551
554102085
647580724
566903249
590385318
540391237
629128694
653729882
590612347
663003128
597313951
497831111
562413812
650928548
474452784
493868066
526648466
621741962
649911101
656295878
591308873
657555553
657153030
613314518
413480850
652927919
652911559
590492606
625931293
493696038
577577467
572135655
521179899
545899112
650275881
547236366
659532351
625534590
645996205
511638805
594124410
647580724
660863210
593940341
615397817
505558542
629358067
649921744
576955031
479311358
512062355
632989495
596894351
616695792
530847422
539089782
535068358
580643242
516643188
644762093
554659332
602654363
416644068
640821215
664176175
624056194
553123400
650300299
553648448
626410845
560930439
513452905
441918532
601261081
646721956
633462885
512487680
602796751
588452365
408864216
619454435
465189824
580870710
563331257
646400007
595152708
525070571
664728096
657495092
529806772
600552010
541838404
664265805
622977847
550035017
451719407
660371840
608771277
661708899
549738936
639152910
635762005
584645542
576313738
620239928
666408157
639288588
650300299
523792580
537671498
536607559
542081805
552521127
652191183
555802205
570234799
657193580
632337375
571487711
505844509
607748850
654635492
659952219
545041482
657870723
523438026
563743014
650620892
520868308
635026384
586606399
568658248
602549696
639209735
535927498
585905238
582092429
594491975
625236477
602583369
621591812
546896072
569776088
564985754
556544200
576402216
643307370
506033842
665120276
628958718
641338486
565462703
530939391
505248918
529246466
514022203
480131477
660969951
660975484
637156017
624375254
576152189
544586088
575218816
466690250
623214847
507109371
646453350
649008000
450563110
660661596
530589349
592509361
609513576
592498321
627353405
482795717
647163131
634422921
578174669
528524025
599451390
644665166
581933484
494951557
582993133
662339252
556552866
648207974
468917770
651320747
504651818
603386860
612630733
516137955
587748131
581345491
531929306
527278991
558065253
582849321
608678545
645737879
640562906
638467707
602739301
495409780
632591696
539089782
599968704
620256378
553859991
522963827
662779879
645844210
620974915
555802205
566864107
628203792
552725208
605812565
642528406
594034554
562679169
639045401
462759140
616864943
568423311
477772444
552173334
588094997
543882944
626410392
632337375
610973227
644403701
365307363
618190153
575088723
552656047
646154601
575492773
546699319
542396325
613306434
584283351
497277388
585534667
555724973
661682901
635148692
601748081
597535175
579075509
510009947
557371800
592756695
620437863
652101306
637253013
643430508
455063268
568496018
613209371
658934592
638476881
595972644
565731855
617181283
526985499
622491746
651366459
665602857
617774523
654498079
659092286
526135166
626329195
454054581
555090978
632862819
659436021
655414833
647315625
658676061
578934940
647309916
514856822
577974386
577438196
659973001
663517656
650213343
566604040
657916400
602258299
650549763
605904156
519344398
617268714
595427609
540004989
640821215
579002081
547175964
483346480
514375669
619036550
590241497
660407506
612286907
570577277
655884267
641563135
626396212
652388729
552837944
520559407
589865229
596923328
648056801
642338159
612813149
551368358
530794832
612300093
605621411
594529690
538694217
632402600
601261081
513973305
485223137
593815574
543310708
609542400
558752814
567279840
645064032
552654496
633386584
571917423
559748543
569446614
636564814
564757499
634225923
501395922
523670311
603854937
484599954
485902732
512416254
588094997
617469069
625766247
514390244
661708899
474391797
522234334
661250919
612630733
570404031
597019055
536935123
602369469
559411878
589246994
557799349
555913894
510846902
560045208
566892027
630285010
623331747
638570285
664493965
582440199
550330716
575337980
534129153
566105530
549627610
534856295
521436837
619499448
664771219
538652099
575908428
593926741
557923493
492950285
482318240
564253641
655884267
581764985
633364231
608033609
654038663
638825049
548823154
651366459
615942981
662779879
516759398
657896406
503538251
625762097
640710171
544399173
652352986
544355719
603666549
552656047
601090349
515145285
619907969
656319322
504225343
601701986
577262825
595534699
574222625
654824677
444208777
549180939
580236515
609145181
561526213
546310674
606663530
484012139
526275110
567084272
656312556
610865994
616848206
583991190
527785771
645643289
590925796
628669135
614723276
551439945
569774936
526100155
579431150
599114852
572494031
610067945
575011868
486522766
660969951
648687318
0
644665166
614746703
597572409
617692286
599895785
602729209
494976565
653449496
615325483
581009125
631517583
543016553
656919195
589909314
572702516
666079013
528425012
662980036
498260292
522541407
606104496
638860477
659387819
615942981
609341765
601087814
597928365
601090349
532950487
600336924
523576095
574303805
611829733
580463020
604883213
620328060
643909343
639911227
643918585
588737374
620870423
525879733
610742442
499734838
643417217
647369996
536085497
558871197
623383236
657971243
606679165
629114288
591255865
546373519
548497766
492997262
535245753
551461857
467766731
622943761
546954153
568216277
585545751
531174947
574320909
585594382
599319459
619914198
584822844
578690506
577796801
650300299
524350379
637488665
537081372
591741500
487327646
481618772
664931702
639916980
594311450
542618764
664791014
614148370
566325812
642844433
616304728
571720319
582387372
545015471
515231243
547706880
657035928
534981346
564528648
657578665
545577861
608678545
640999410
632807789
634097592
632744094
583762224
518137173
603342259
654123740
531198797
616848206
535223351
655733639
580739968
654286122
597062777
662500559
650235352
609043559
637026599
514870303
634111837
662940501
638386327
548820571
644970600
532524155
523164669
517604651
511626123
663596776
582129538
488239372
495893729
582691806
648882216
496707036
620384656
608161605
523792580
599924276
587142784
655803557
538045742
418452163
546941884
501659594
666616035
662307129
665172527
647605826
499540382
608136478
611342955
564619379
639251235
608864272
608289333
517847773
611829733
636573122
626104863
593826731
565504940
605164384
467361431
539984436
529346383
638365998
518921653
583019499
533837288
552018417
600036719
663810590
516498275
563139375
587099453
548440226
642395532
657575986
547236366
571611471
656312556
493333509
661168696
564863471
566864107
592221880
568981626
622472029
585088669
581949778
566639169
523353119
602904914
659723364
575660228
599490828
575914227
543436401
652509878
551142553
587365410
440702006
568268878
557824606
544851586
633686210
518385486
622789163
542566619
489042445
572611317
608518665
498280723
653166940
664539549
470715357
620286057
632156459
661308244
620949788
634414447
577399778
634796318
520627697
618287385
512813887
535137454
588090689
552489742
503138813
633209611
648121685
526942578
522753869
521133553
651824152
654145588
598682320
512131284
547015598
572232110
622943761
660449885
525023773
630789771
593306432
663251135
554352255
568132855
582295114
531964116
638239500
656896621
592282521
565922685
624825486
526960311
525023773
485590029
610988529
538818687
575041627
609592152
627573276
618951610
536481425
618990893
601920874
663050172
638405263
636721336
551105295
581770207
633245651
594478058
660523032
568521060
631953161
532574467
659723364
562803740
553764545
500178748
516632741
551164134
666250419
582370757
534275628
585750528
541357671
526823534
481213664
659092286
491148237
576152189
486612634
621640743
521698597
619817991
547266429
597928723
632744094
633541280
652621826
660562734
561596287
561189533
592876027
625582631
660407506
429712430
609389918
588430689
658810344
582550476
618234554
666268567
586590299
635512898
598009372
623688949
461365586
578511951
644316678
559599016
596221171
585491719
660219296
562145567
575311667
427285648
653984255
556045538
603506345
654024724
633364231
660949845
605386770
533860125
646532109
538663540
658282337
564700711
531208542
568917485
645055089
510787189
552823289
590294423
555961976
567709193
644015234
641678417
548427611
481897457
547867913
577921286
599968704
634690312
515581823
640421520
527178783
661127111
648052628
604373945
618696046
566559307
393950049
660786401
552318920
601976322
649847491
592831509
458514706
522332940
665120276
596630721
658903295
559879341
646413360
519697828
578324228
561814296
588436818
543522121
601326776
584104494
520464164
568268878
658172995
501802318
662791817
612797745
664539549
638135502
597831747
537470243
657979022
519568276
640889718
510596616
583654425
612630733
549350381
651750273
584523588
570545504
612630733
570658942
575063322
586124216
596711440
540307734
519868297
657495092
490234477
658371448
585025919
534114489
588414941
564813014
644426494
535113474
614958453
551860116
623485494
627620410
659708848
468442646
639502755
603581243
634750047
596646824
664176175
542051615
518963334
492914081
536436806
611869045
514499903
611582850
594989210
615014302
666576198
530771701
550431467
665292417
562787353
599311424
574200169
608447963
549046939
557120268
642404872
468442646
617124519
597779118
629837894
646936359
622612320
528205621
659810056
641413551
535253375
652804484
576827808
522251368
661781402
639736888
666646985
616766307
542547807
509674362
523807743
492082667
602044829
592689503
613152677
626204721
560807406
590202874
664176175
647053088
581064376
530867915
610949962
612253988
529770020
637314136
640889718
646643988
649637498
628321365
557968518
553610464
582165004
559848136
454347601
625268876
581949778
530017702
605597576
584161578
587709643
619958960
632371813
510450748
581776499
506828133
635014827
662583644
507590788
541227813
563363679
572773645
485259125
513094250
597011938
576953627
652352986
617957601
383781518
608049311
565827274
622955643
588375664
537364333
542941309
571873873
521831203
530626391
524329357
616531353
665480801
530325421
568685320
530340611
554377642
660941057
487708739
515772370
665988787
630965870
599847121
653959636
517850640
666449426
624906900
495075219
597132690
661829022
544985477
567454682
629708729
600001554
643130046
554091269
613149556
553123400
521813274
655344565
529485942
533978533
450512718
563040694
616547873
445822273
637859502
504533784
586606399
464690974
598791363
455421591
663570137
451719407
509688936
629982350
508307932
589553221
572011140
512749088
594567934
542500312
606886871
573275346
533121579
615849297
572087997
547783811
577209229
620852571
629305963
605235989
632230697
657765212
548581609
504872875
508761241
535489623
637098615
654066623
643993197
538608249
535672916
483795275
548385857
647930897
534114489
566332880
661114751
550664922
629432684
622462896
615050490
563368054
593585306
547960772
585330219
583706312
431770572
530867915
646453350
530234058
610292790
549560593
575052300
527848464
607497180
597995857
587188040
482452793
564045243
567531359
616882032
612524248
572502941
588523360
650237170
519882572
640929563
567084272
541354057
578228038
663528889
620272095
585700576
664842182
585699242
530304488
534733661
618798795
554031851
664098700
632900503
574760720
608402319
568917485
562715570
650309480
503604733
540647306
629345868
584542919
650416733
650215989
659758053
655217586
537338320
666123960
618080720
594382758
569015922
649168779
631675251
597110234
539759811
637773028
450681926
623773722
602289383
665439713
571003248
531553536
613552527
593039619
492598976
627472930
562098718
606511945
612465175
578998453
500979665
638743577
542113813
580739968
617403397
560734737
570054061
515433144
615257570
619907969
627030699
629096228
645722860
578743022
556191017
613223781
631314401
543320648
648551226
490193960
550068671
664539549
569781675
480714327
664342257
654141652
452645540
413809627
534363151
638407822
606863940
577921286
654870968
630953537
543099645
582730328
514687114
557670174
650956149
636323833
657375626
600645648
442574963
517955349
538544919
664025767
553852797
633631065
557787615
650300299
535886109
638325025
562104192
605938576
644501975
539151854
468913679
629419788
575654313
662907600
523472466
663956017
493664732
631991050
619792821
581166559
650490112
658900966
637233850
493611085
511800465
631232387
635870980
585330219
650437884
616047873
663706074
587301671
509379992
474729854
516214934
593340373
628577025
556284194
571146364
662983916
584620853
554325611
548436587
507142567
623223481
581141708
560641773
581460142
666180334
631270574
648647726
549940713
591517824
491447742
471053270
496482610
557244164
614148370
559716216
529205363
614682424
539278598
631259104
640477988
652025325
488185659
651285484
570769550
612836935
539090260
636305145
561112399
663754514
616936104
610067945
562231574
610132958
497831111
612858806
634202231
575064986
547275661
521932207
544125867
502842664
500817566
578948768
657916400
556387078
541903097
613808319
624656089
599095583
647309916
656556291
529138609
500921869
558522732
583147486
554032121
559735044
518791594
663312518
532218238
597042902
564972912
533232743
610744599
591521128
579075509
661526024
534559337
532232342
522927363
571724822
597027943
657668366
615002843
518094542
597995857
642020057
469988045
633782642
621109275
579075509
500285921
530182929
637991125
606104496
576931468
570804274
643558628
547189366
448346871
638135502
595897125
583673484
599647598
642672382
511898842
556418565
604966315
541850626
492719878
656690579
612222523
545512091
551333896
510872248
569776088
608521024
491286398
644695526
541558758
594109556
647148390
585488129
660219296
463461412
640180807
546951335
555266239
610398389
492249819
620814742
551329132
650702195
545010969
326913630
584631424
658969681
633541280
530589349
638909042
636378594
588200743
662940501
606852717
631953161
577682704
663706074
639589181
663912315
640201281
562832524
658700514
582005013
650569466
639454666
520856093
631821106
554550847
563040694
548727646
661030699
554449874
588842790
504438041
571487711
656657393
601972768
608635673
647091969
657686937
523230193
575118566
494780343
545028682
648931781
598274197
653793237
520172995
578850740
604440804
660562734
523208014
617982161
485002125
378350754
640741866
657153030
604361688
640796756
594567934
572900898
650549763
550367027
665656831
610932694
545986903
555812068
661354127
622052477
480264321
522789366
514275398
519827340
506400625
656734630
659812323
622491746
603473208
627576720
515359366
590202874
518994186
522001352
596924871
606894963
491574324
654436640
661951153
606782618
601932380
515364308
490094612
537752370
586425710
510252040
654141652
633848305
594162313
651075641
583506085
639187633
524198100
523438026
537523541
452754614
432172726
490720564
510587313
587077895
504908570
552521127
520231759
564516001
562803740
596609654
486586910
635575724
595249566
666010099
546764270
565285060
514525969
561920275
588090689
491009845
584161578
539023573
565613535
547490498
596627527
621168570
612860576
509496702
604543572
622042484
535501867
583508978
556138193
557314488
663119228
615753547
588810540
573113388
666413982
621064755
533344502
658483783
562159375
641150627
658253761
488752292
618577914
653316102
649339293
520865025
479682043
616645917
572878239
581492863
602654363
603856305
651362278
513639645
545502484
665820291
539796585
587166504
544125867
527510197
555373676
508236266
653569222
558730553
663523332
646631601
630428198
664771219
524077332
503789205
591982648
571270995
621685076
468272465
483768584
629144411
447541350
530859947
516549647
637115397
518221671
561967689
635558687
588972949
653894342
588363460
566090726
539522761
545717253
500632450
613314518
565186543
551220709
555435877
573623660
611932071
663436585
589912207
535944250
629274970
633839138
664728096
665480801
591798356
608107151
554516906
656908517
497231094
579864648
658942302
613862941
641355840
640221816
504872875
642378870
596627527
658900966
537364373
540636845
662465844
637230772
470719390
556224506
603241935
477104299
601141064
448310849
553251241
583554021
646372044
655999727
612985001
562809021
494959072
479111052
590149159
373240358
663523332
538608249
507112605
573287349
590731910
620470950
566168036
601033801
537586893
492661309
660653458
583991190
582905781
542574411
606238639
539863203
500926324
618369819
651555032
659482637
603977293
557355218
663754514
583821241
640612795
662343848
638909042
571873873
565186543
583250052
659261300
602941270
505943011
604373945
614169809
503092849
537970671
644523056
567612841
491148237
536436806
486586000
657722796
547108674
655641060
573024136
490882839
511293017
659284150
640914528
464352899
614259963
543902899
548425023
443948599
559366622
567329722
593926741
585823042
584584904
505287058
492948105
557027253
557925895
652927919
660793848
546032718
601875257
558180045
662779879
552516498
664854604
597964933
518918600
513611902
594570653
558752814
659392732
539089472
524917467
589013297
651004894
663517656
612180965
615457215
613870614
663002359
598602412
523430797
440409284
557355218
571583988
654543044
654409733
597274311
650117543
495956400
592439306
527290175
599263738
648072204
573021343
620870423
568748256
561032783
566105530
644426494
545456976
635014827
519891344
568495672
612783732
562859533
576641588
553051249
512648148
579177016
627726318
485965470
528977800
594326023
661912115
557192814
643944258
664098700
643156982
552725208
565721166
586589257
632190960
623634805
614254805
643656083
612636051
633701482
585088669
530771701
645844210
631469687
621636204
507505841
543799949
596158733
600008355
549283508
533544171
551407131
558984603
592068294
605198174
623383236
483735043
559403352
619583228
650063864
599685660
582689943
541668185
575451039
609145181
524952547
637543622
615350850
530182929
542685690
547187763
577285168
502484827
614378221
521176375
554081379
534114489
666500483
544125867
530204841
519113819
643742264
574771985
666544844
556466425
636337474
656873984
656664281
639548719
638698014
503282514
554317032
639396694
627544200
525690276
592360629
532619432
660486616
606863940
541786527
658846975
649321105
582905781
537270972
633608525
569693953
650360842
542369053
635439235
570468444
558530191
588834883
597027943
516787599
456793661
660407506
553264771
619277120
547066861
580236515
633631065
659665842
596607313
654696951
581445732
613512050
499120851
636337474
637398247
538939096
494671633
646407432
572152790
633150819
612650120
585711203
543892662
535828762
566501229
596516630
548433086
563006013
638603516
590241497
604240034
526101077
666432678
482767442
665683059
596481005
512172298
570586828
639502755
614228139
576901855
568310193
510789756
607620679
509540361
584856083
641127725
664936265
646495160
610598297
631171455
545444902
577563914
557430500
589006769
658371448
584721714
550987164
542712017
652809859
644628255
572494031
662779879
579216996
619907969
608293109
633239668
617731275
595221619
525721888
514596323
543948617
513850257
585574682
556100255
534048016
655750054
649871537
636690702
552257651
662501620
648635489
561511609
561967689
532811541
624543390
611834378
599011537
664539549
538002594
612342287
623123701
627602287
535066438
488760640
415883067
602812669
593611614
644371830
550893031
583591262
494394552
582043118
575313744
558481388
605162661
576414773
520498102
621968141
609592152
487747954
591980295
628233721
459346865
660446247
646999529
657515433
652888985
533231129
589454709
555924442
643777996
649008000
607238588
564110452
618060858
496714908
585136825
585498323
657916400
662671206
658900966
650928548
620909774
556221795
641303387
563402481
541881056
574216789
600755649
646885387
522798312
572151179
648473916
480049248
576386575
588585392
648187775
653651277
525288830
636420593
652191183
664112106
566897207
592291735
463165156
608154195
659973001
623343795
474761679
589751518
586606399
499587912
575214563
365946740
661539230
524054524
601983111
624919509
552743303
508066122
632812485
546941884
573035682
644217178
657193580
661585090
479559098
662288731
495115449
509915531
594984051
568777023
575254672
537759219
564289542
657378302
587544039
504533784
594311450
555742698
663206397
601648306
506529243
614164293
521736252
503393306
575307607
638221014
588375664
663033111
495663372
571720319
650234257
658371448
584883374
651904004
655884267
605726738
555635347
610385375
591553896
560866402
620588573
559107791
636132043
615285775
595337252
650702195
633627611
617967255
633913055
651443835
473848872
633538632
458666075
516549647
558544135
406546885
630174193
488035314
647531036
532380023
537004334
657196097
650761466
547108674
641139276
599490828
604698245
662671206
532563253
621239183
662971240
450304076
598898803
640270636
664715804
519834891
558324658
594570529
633798699
544399173
464500728
575669049
647289455
488323721
604794807
612592151
648649545
565315172
559249411
526619506
643804580
647162260
537174436
480671236
521919523
635664656
570790885
579545941
575604726
581886379
486080629
552195105
585878635
538458220
565365139
518326824
568509438
594066065
458551241
609063541
634662740
591061553
558632673
610241309
657916400
608635673
612633878
525746340
626941264
613763704
569759969
568201572
662512688
572796371
511638805
643300120
498848277
568470787
642378870
567663773
547942636
640453737
546935660
546776190
561683347
562104192
573275346
538797798
662465844
633541280
628186116
605483563
523348594
665474313
555735403
613782188
602738551
566590850
635951279
590706787
650075793
588296372
559958435
624218841
650019807
484999543
641418894
552765787
573251403
613149556
665699986
552563808
642847208
665688035
556801748
519568276
616145815
580331448
659284150
550555460
602299608
538263150
605999180
652273395
616096572
596924871
540030863
652119231
630112377
541841203
573869065
649028195
613219696
637849260
632894087
537338320
539160021
646453350
662632618
652597764
643777996
486367978
562440344
637350035
660055098
540091633
489811418
586996657
628630869
530867915
653235592
567543654
629128694
570119439
532830800
592749031
420046969
654123740
654560621
595525068
604373945
627137296
531258740
555452716
656940102
620717610
493687671
469886852
552530071
659414945
664974459
588239393
625388920
652903594
552758963
640655127
542514053
476747296
609021893
530362462
546532035
601326776
550616419
551359196
547015598
560533601
606744790
546855131
563133671
642830955
528351644
665474313
577220299
590298844
571599608
492272221
652530793
655286568
481343876
606700736
646267412
661354127
662739286
541380259
609249803
622522219
601739495
664955060
657703892
614215545
577780948
588078456
546520908
651473278
647820828
643944258
653524218
588154531
444233626
535442896
615805644
633548123
652392821
531940399
625617456
615330110
519827340
652431686
629843639
647309916
581346505
621492537
536141506
646532109
606419996
647553265
583821241
597750779
558871197
591604251
516773267
608373296
661250919
605143343
621498947
508955914
572021219
641112813
547997245
532880342
542880734
589912207
603506423
500265382
592856416
649738495
576152189
529723269
497850320
525995675
508559565
660752857
572864584
505248918
610906346
640712991
589138122
651786955
643967563
599874594
664888495
651167350
528664243
655884267
509982789
561347631
595379400
659738396
623708756
586072444
533140755
593908179
665939530
653524218
638909042
615849297
519827340
553386798
609845006
659986327
620078380
659212333
630829446
453018029
550176296
648682898
630811466
562146813
612881874
654752593
666066710
658033300
515550618
646669082
616936104
636859469
621729700
521281376
664098700
492999865
652903594
619866208
601701986
547119464
599236474
587221083
614382599
573417670
567011392
639251235
664098700
569731854
629969367
608864272
660847916
619130369
563943140
602175817
572878229
630610795
556898400
543255226
504243038
533182739
595152708
634148428
360828722
443323907
664974459
609955385
592004616
526438991
528844139
661448243
580684955
642710791
596252286
519120421
626278291
472455505
480912159
538694217
563133671
632284948
506688630
379574313
582159813
588416625
631138859
582160867
585101987
643634726
562727055
640538758
565401859
651362049
492154396
532509869
652719065
657801833
535650284
527116714
529910294
597165640
578109860
552649966
596788307
575290005
656039281
642376790
492608975
657981759
573831974
665439713
618086154
615402136
651249132
643461521
478435759
614649522
665425313
663338840
552628142
602044829
591982132
445303892
633972997
615818847
652456564
540573736
653966909
650969428
513923199
557571638
649279595
646351795
598617687
565362618
630772317
595439267
578917938
567959313
599569871
612619075
469101006
620686439
544241190
623023396
581757398
618496401
583600259
574105407
554051967
661611083
526888703
623990940
563738017
663338840
650298432
645828468
574771985
664265805
544199583
524988478
636550898
510529844
592439306
533115256
559588253
553607061
505595575
630873938
595238352
578987643
614687870
607699048
665939530
533268795
627060699
375777422
666263575
638239500
632952634
599636544
630036145
527952420
604343942
534002591
622548497
661947225
614633507
565546898
664059719
642595157
601702502
535822039
524068766
624091257
600616541
542174717
656505517
662999930
472047953
495977583
626213223
521164365
479082563
643676793
652595975
413779495
641612552
659532351
533344829
563000355
628898678
552725208
581751013
645490328
493378623
522146039
492846482
665273749
492015085
580971019
570362424
661951153
627353405
623023396
663706074
586739907
560760614
608894421
601852893
642305682
665683059
605812565
470200274
519431951
654123740
614820898
623367986
534924796
485322528
645643289
465460875
511293017
509195565
587438303
509169957
572898153
643447160
598879493
643626557
545021652
639616500
657979022
604966315
498556838
535830563
656923224
592272524
594879440
533233465
530398518
644613070
526804203
601899346
562552102
539550011
612566088
473869537
645919878
632653188
581435291
632974314
584268922
629992371
532574467
660410003
575694540
550988728
637691315
580817633
584937792
561967689
556041665
565504940
586811372
496554429
597011938
544717720
530398518
569375188
577059869
642854511
637488665
479679314
632440454
589710909
542272204
548007229
604762814
517604651
547469016
528524025
660516064
618696046
605467067
630868388
659414945
559255641
481023281
534856893
519152867
635127448
593382782
494276515
510282135
638431924
550000808
644783174
607430129
523862983
571158865
601247709
518250270
561087619
577709093
579395821
544925572
651958215
569785865
591648572
584584904
513247655
564407082
639899566
535263210
570086133
656919195
537508787
591803330
628087096
558270916
565583353
554325611
586590299
532409013
555645451
598859854
586082894
590030387
664744989
519130475
532141668
599295721
609513576
562231574
649921744
643882831
604779013
634359589
664098700
563321695
579993010
554644260
539350690
551802416
522258048
630766392
624091257
601607992
515945275
648143951
490194379
559116185
530122381
443833958
590858203
531445267
632974314
528524025
505726808
477949142
530785453
600742150
641453046
568944065
543320648
514485943
639440834
579296194
635816752
618940363
603520367
611681072
587662774
662465844
448910936
641355840
651575201
598863935
637582602
664176175
628908243
602391972
528451118
556320044
574694846
607497514
579158080
569279541
642893589
590407293
623516188
604607606
618174130
660775947
647520902
607261037
583878422
517948065
572162385
652649367
518775067
599098987
605972505
500522335
538097780
545396828
626371837
540813338
522146039
601932380
636323833
616047873
652741043
604125787
515796434
455946509
663285228
634179723
583576417
547166549
626742746
625236477
531279023
629726644
533794353
491378643
601395397
565827274
534286809
635069451
540240261
577999304
644469121
538119613
505350535
546794438
622996693
566711015
600991837
581892423
563976302
585545751
475620095
604050960
530593663
605621411
641428382
597039519
564117883
557425173
629454713
608033609
660219296
602692270
523649752
663318592
545403900
655968808
609145181
558980775
572265038
612342287
590691095
474897276
654010189
516632741
650311877
543683838
661250919
502573471
462188286
586974362
605544138
631636952
615942981
597972929
570324030
526317684
639661942
541841203
608452368
457542199
570334888
470320286
546935660
594115773
573049190
618943337
578062877
554102085
590246049
651694153
575577530
526606040
640477988
538579196
517172866
663956017
582701473
517994480
586049797
496467947
643218291
532380023
602612014
615238140
582550476
527349829
579507999
662200026
569044235
657965578
526395649
633568211
620388688
657377507
661194432
607261037
553478203
599018185
609845006
603179260
571658533
646154601
489791038
525955776
646400007
663753714
574741501
517074030
641580401
462317968
424246965
560349798
656873984
644623061
641112813
583595942
588275562
587186104
619296911
510450748
542113813
608182741
530182929
661270783
650300299
603098016
622804739
497330774
545485851
531689794
458556325
648357015
655810760
581411056
499856143
595209612
639737933
537176786
460506455
624670673
582651235
506609425
641651497
569378417
642844433
544851586
592098030
565677857
623339486
617692286
633927464
620870423
529300237
604005125
628022223
582885395
652859117
654009865
505490594
570119439
541635824
650300299
609384827
603007314
530771701
631802996
618086154
644018292
519270259
613727698
618683275
532814036
662453441
616614114
598942820
623525162
509350869
623383236
564725886
661781402
530901527
513452905
608238187
574139442
661113259
604373945
618276879
657880163
599046798
643611971
586003043
562525105
551359196
664302770
626990742
568980001
651958215
470229791
547227040
518449733
539265781
613152677
665745559
645559614
471447182
613223781
560584573
514461466
596112550
485492968
656505517
551077657
535672899
662359172
650266930
530261070
521736252
470642919
648459377
525690276
654394695
535850487
646648278
547219871
598394128
600515729
652741043
572219367
581352995
600222774
553878006
554808612
663251135
578109860
507859737
536920143
651593902
511480148
661284733
606412507
661326837
583823967
535106911
594403933
560271139
615638585
596827803
588867640
555578118
640421520
581352995
564641009
637026599
544268773
521305602
585823042
536583199
597891935
538685103
574017900
537176786
658900966
643243600
578939070
599429080
655882539
662646618
498558831
517232250
576021883
542396325
660080527
597011938
564967166
505264803
592002009
569849831
537895463
655301893
656505517
528092445
615084249
494705100
655884267
572796371
623700637
612614336
662983916
425377674
615918441
636073071
653107946
599402066
578603600
633342484
655054779
664342257
618933063
514452930
593938813
620403468
579095068
572659266
619583228
592076923
655217586
665939530
508178541
665317363
527462318
599501064
545114855
474861966
520925382
569983078
454347601
433895672
536605381
567923864
530427427
618742502
656022374
482332387
546411782
464690974
567623585
541758617
640117839
371524087
581949778
526804203
539384484
485189557
603721643
655217586
579575184
523380322
666576198
549166415
652741043
607534526
546675251
637684505
663338840
641437144
529770530
659453598
562164881
522020546
529806772
604310048
632968944
582044860
621849672
504974235
574715417
537627752
649637498
642072564
646721956
561408230
666544844
522294983
516395597
616198248
597474114
626941264
644234124
657844450
530559644
617240507
592565395
551532827
522769957
573251403
663916571
629063876
638628452
509150177
593327475
474391797
648232676
514065206
664302770
564385141
459346257
639171485
568571091
648647726
608373296
646244102
592356273
519444889
567174391
515796434
648207974
609129342
563730696
657495648
660279055
612159896
563577448
552482402
456848821
630829446
564462257
651439271
544901384
568446181
307343700
585136825
573275346
575483060
583991190
583875380
660198258
657375626
665480801
476568944
550463809
591255865
542648393
656146044
662868229
559004546
619775923
555006796
503323108
615638585
666268567
615231989
618183053
522161627
496671058
533977010
535245753
617224875
632425967
649619406
654046960
481446543
542108763
617182075
509195083
601863286
582092429
451020247
581161542
587832374
600944766
551949411
513973305
642978413
500160388
611459002
566105530
496575355
565585194
565830304
606915504
575120890
634111837
632284948
594631566
492657430
651537788
464094618
654753717
593940341
651593902
619338708
622952648
533923119
570747962
528696552
572687468
604448035
597834870
500611698
628958718
576414773
558530191
647507891
534022656
564487156
637776850
594002737
456793661
654024724
582229004
574505242
608625072
519827340
584768902
626135554
618472086
626332364
628653735
511101342
604694563
588416625
605373746
529601828
463161320
651107698
580599695
493270820
612901698
595652323
585566486
539811386
646243703
664265805
522066138
510299064
525720601
553368000
642323938
644665166
660137114
648282339
594879440
508236266
631829929
629821959
553505335
572162385
664302770
609492331
544058818
649321105
592418448
593787923
531940399
554516906
478922835
656501209
515359366
519203130
527655558
585338162
566766779
566332880
537378300
649436529
537733529
653166940
454234380
660562734
547530188
652903594
610786669
526569676
571385722
601689393
624203633
661495555
550606362
572632341
561045542
552246132
579255735
614426629
551496426
538458220
523038604
611709241
577272632
620233966
565504940
627472930
517529018
480660341
622555673
551461857
611131271
557020868
544778827
587208793
638866580
586153132
619862964
651844558
508923934
609063541
527756419
524726160
541774078
651746664
621467755
604232658
431903939
518017213
543358656
642526969
524241271
612746191
530453790
468329709
592133613
642656784
566332880
481780363
523677600
501659594
516787599
511205349
578597365
481429694
535927498
503949624
433032237
539780250
545390737
586855085
495335073
574099310
535672916
660562734
491521059
635622733
608770950
641651497
548315942
512088716
588867640
627447564
644969640
604411927
618509604
549888891
473440367
544268773
660271514
552195105
519203130
528760133
573627261
634419291
588514878
594004799
560413969
648286258
602044829
657880163
588222437
525945316
563011454
632747925
557618233
662671206
564619379
609145181
608864272
632284948
575160725
541144127
524025319
552678549
566105530
635063965
581640251
651170531
506316379
559814113
621541505
617611619
565315172
598597336
561967689
656664281
632065670
569496388
584027926
646032352
602372293
471831111
541406361
623590477
549921940
548050687
660616486
643406883
630069913
506808054
664342257
551706596
648538583
554885220
567543654
628546365
583148561
503049873
567936605
544183055
589945408
530000290
620437863
640635858
632286122
665446019
629619225
525580932
477949338
530789416
531097363
577726919
624825486
552375559
644613070
632433315
578406697
513883658
529318538
558304259
572462193
565396586
560803417
551137064
633443872
595855521
533808243
538085615
616719268
603980536
574933269
631051441
653472198
565986588
622192273
570777835
585728319
602372293
652741043
590415802
651276496
526824603
488563450
597505632
571381015
490596815
587748131
616058837
616209832
643126380
506436724
495049383
548427611
558748616
659417926
514375669
519213852
628351477
573263546
600334164
530859947
619958960
487753643
528030990
522556623
601914108
532218238
528529050
572059971
562159375
615638585
544899351
642004100
655183057
581478487
616034548
562525105
598041256
528138954
535557733
614425819
660851729
610035431
634328235
603980536
604389630
643681220
481216270
551496426
664908381
518077099
613850900
547015598
479682043
664791014
638534329
648586960
522260582
567084272
543804679
657971243
652431686
486012654
559856873
536887244
580304674
582608930
520415061
574264828
528784129
615942981
550346919
618696046
560641987
565388606
612858806
497843125
586467110
596026420
550974219
509159326
665048076
568521060
605098681
526139495
579177016
635133478
586590299
505181550
480660341
545096710
521183001
512313041
546346620
548867945
553438799
571898642
507075284
640301436
533561875
503292259
642906605
545259138
637572312
527316932
656873984
514131770
658900966
664253404
642823788
601257288
646388564
630173675
596487346
582053321
498602449
600076563
625043588
612949852
625592698
532767585
523380322
626015383
587099453
640121768
570545504
581432574
577780948
623904257
491856839
621541505
657334759
540416394
501968543
542257069
547805381
607364628
554325611
520975368
596923328
455958716
600066580
512068765
558636521
556178419
551819089
574069162
497139638
501766714
547059825
663956017
587174721
602381206
565206438
511638805
571265149
536612626
579087879
655436174
611834378
542122873
538971720
641354483
374373079
658371448
626835538
570800544
606412507
494465449
587946093
514856822
623441543
565504940
630268158
569378417
602739036
599314163
661242518
662288731
617403397
519391434
485400210
555097492
641512550
511328567
514194053
510398970
530697755
558710436
556466425
542063926
508559565
493690186
608635673
638075370
587020799
558211584
663388745
559522567
643910042
632327585
571265149
632959419
616503729
406685237
654743237
549919967
632296530
563852195
588231524
533915417
592865825
624339138
635973361
515263480
494507737
602591180
615786467
553069635
655702902
658244923
640878971
646243703
527694739
451552360
628995318
536085497
617582223
535503567
498649814
629969367
599953858
641711969
663371660
614188989
640410433
647703269
490914217
541354882
473869537
555907303
526917602
618624385
452205806
627610197
622977847
570476728
557317334
540284710
559060332
525729777
632257993
629165747
663463399
412850891
598677035
632653188
517494933
588165855
595365256
642020057
657193580
506828133
594560383
548497766
583673484
626906124
542633983
612645479
666288496
565150369
569157574
599964058
552759525
522714975
612238685
514021686
661602000
513771069
650304838
492379816
632065670
503112861
602641364
622462896
595590556
530722268
596224346
624069811
646907542
528813790
612658385
655170147
523038604
459621029
528156848
548581609
566379681
629142766
543073890
563852195
610074697
588514878
666088769
585185672
557595968
582880051
650381787
517348243
520829527
654460113
519524937
569991130
604298716
557091312
545128820
514846425
602206719
444144439
536436806
639470524
571656870
634179723
648324942
639911227
519697828
666382929
565847164
658962701
632296530
628314939
658587831
528043702
612119894
603506423
470428112
606844455
578020360
577046068
568451711
643993197
620034463
572676606
442963760
539014892
630150449
548497766
632128960
533561875
660410003
537364333
647279813
566581899
613518288
606788019
493690186
565759121
330398279
652462423
603528415
510452977
593082181
635638539
585991417
652587753
658344080
640421520
631953161
562455200
634595254
583490307
661283143
506764785
610786669
542633983
597795211
577420219
544241190
665040800
652058946
503085900
618415778
592360629
457622025
662484887
551860116
597474114
632125486
652553128
546109507
553282069
645295065
657668366
643626557
663329634
574238146
514837235
638175533
658473743
570800544
553226840
577780948
542207008
538544919
597750001
628471482
635951279
548427611
503478780
520257832
613644436
625804894
597297496
533273845
616047873
507067779
549005035
610529710
590363277
564634473
560413969
600478194
612602996
471641627
562135468
577123023
606608073
633541280
539228511
564697194
651170531
587807973
548848447
665683059
600009618
562970490
524026714
522927974
554442776
624799928
452321094
580772295
578134230
652639805
619822531
549174344
619601903
627693195
584684730
656868966
494215192
636133161
559044439
577088383
519470735
638370456
582440199
655846473
596872494
663523332
634355892
622389604
552895678
538573363
632027454
577023960
553189133
498979987
666154217
566756061
623323628
652649367
546026125
407301816
546716868
579601969
588154531
547960772
593394553
665826047
659240530
654345810
630456401
586703900
623271539
652783982
544684746
606466865
644665166
630150449
527215090
589744947
523380322
567255606
611932071
588598306
527765523
562254855
657344860
568496018
562525105
632869200
567978072
661795540
664367416
568748256
548874131
553527534
538155846
633856788
661285802
659372032
479811372
584709688
490720564
615311351
588380743
659858818
615608229
491378643
642289973
523525847
581710727
495031258
630069913
484860794
582750365
575214563
615250613
598617687
450168896
665683059
658585160
618798875
588375664
510048741
565186543
625088991
600008355
427799820
547890917
532192395
647309916
600379822
631162177
574098188
534002591
572545900
655689422
539524073
533426298
542526087
644921289
660621863
657440675
502997509
634628412
564127294
569403342
605162661
587058337
567394792
656312556
563133671
515183376
658799500
615849297
648423688
647158056
577202438
610742442
450101657
553205155
656406917
538448385
605235989
633941897
592569766
597303811
635215408
665191914
646532109
622424631
658563266
494661295
599527573
608452368
589454709
654003010
646631601
590970318
661434817
538119613
644501975
614633507
601648306
564183855
590492606
580960339
596672397
568216277
440064494
518138496
665712471
648470736
586683086
585488129
530589349
622192273
634573483
589160470
550453877
552932409
518655482
584146231
548071679
610988529
625459230
621475045
656816964
556204352
600148292
633680629
537621445
545928189
569360172
579238310
518385486
541357671
568701708
546599727
666033084
553811710
488674341
553655188
496108067
587529560
665474313
578349538
546235645
565528192
507509919
567090780
505955649
625963858
498802785
532976812
565462703
594128371
588663196
556672115
589449377
536206568
434378291
618933034
489580659
562106535
638407822
522499371
516351067
549738936
491234655
499986113
568313974
629907851
653756801
570596870
614656508
650684815
582355892
519444889
664159756
625515870
510123208
629638793
522275188
564701657
510784271
651832292
549559591
544680015
598701717
601952312
649584085
541790665
563435114
533630795
613657769
539501457
584542919
482318240
575160180
625927063
446761130
638523107
610367025
631984983
501477901
624838794
498558831
614180296
560756070
468442646
561187831
654024724
629000778
652649367
619792167
614649522
616047873
501802318
635423812
477994383
566332880
564537046
585292541
561846793
613924157
598854366
515424054
640421520
563633677
664824401
581640251
594954432
622530425
559813001
527937998
568201572
565504940
656623746
558274477
522750485
478988979
639554727
525774824
503031635
609211077
503478780
493187297
533713734
560988709
657844450
586606399
537274776
569086570
385158119
636420593
603520367
553293892
637134725
592452545
578983714
633364231
547783811
545456976
647315625
597011938
318814777
631984983
543948617
635951279
629180622
373746460
656186325
584883374
574388138
526619506
663050172
608447963
504974235
635299699
660064954
620896047
560521909
457398893
506280800
578743022
561525564
568510156
545928189
548421162
499757945
602211931
560747582
506764785
565731855
606412507
505622196
507050266
573351725
586631207
586324540
566133154
629864076
465460875
550119198
619566681
481301981
538104964
625592698
659068107
597354212
595703466
658260532
548071679
597900148
566957438
471947438
584744581
641303387
666284232
581352995
576653170
581931394
655846473
523784736
444423284
640453737
563054549
475742211
517743203
620507649
652273395
594640694
566671500
575152475
478433312
531830148
658096373
620233966
666350627
664842182
622551512
657353556
570869054
584355257
589950190
490596815
614261553
600616541
583422900
610865994
623907902
662753755
544241190
484200769
564972912
638743397
618496401
638135502
525292879
574140110
590814659
571478137
563743070
583774601
494555459
646804053
641969635
638948398
489690959
646845604
604604374
656906412
530867915
556672115
657971243
509347148
618248599
635439108
666158491
660271514
553123400
660144790
639832330
632371813
624543390
541823100
605875536
560660217
484065217
557787615
557787615
559735044
564252869
537671498
526439177
548910613
559525115
657575986
499757066
616540873
642020057
582951600
636472643
635229358
636336485
614687870
518357738
588375664
548497766
624134811
531136618
590041188
550131811
506764785
520856093
522289668
476587672
579226631
522203182
599627959
567452644
568160968
636133161
582548818
529485942
473869537
431903939
634075099
612361557
621414061
512477487
601261081
511134875
664700516
655564431
565176723
660029376
462379913
571637259
550620994
565546898
586590299
545038571
554027659
509808645
596150325
638260154
651537788
539498965
543134287
563000355
616344940
586343638
533972045
537174436
531553536
597132690
594346355
560349364
534426494
570754502
581432574
515698174
528504747
535903759
527954561
516597988
653756801
492702959
553036643
565546898
647309916
652849404
654048982
536226235
629069064
595292166
609675046
514390244
616826146
633364231
597458956
532443787
502496974
538776905
627990168
570319347
621102328
665269845
492997262
527635707
559829228
561967689
527150380
530182929
494276515
640737252
601863286
605837281
557611731
593052243
565285745
468314986
605812565
561539337
644523056
664098700
527417205
652469202
498802785
571403187
661587635
537533088
624191059
664025767
514948868
359445151
546855131
658942302
581069310
588375664
636629593
487708739
533522781
565721166
454228575
634758719
646341482
534048016
601701986
432447849
623946792
550739650
613540993
663710388
518449733
530779944
641115761
588093343
522161627
467706954
469963362
566191545
530940138
650300299
632027454
504651818
604415074
536964771
596830649
555907303
596291189
660407506
604994491
555742698
597802007
616466875
664728096
566566906
572676606
664751832
552034465
632591696
561272690
549013916
643783529
570195076
642240956
635871197
596004991
605247547
593200051
650348796
625203728
595701066
521541230
547586918
580203939
552753579
585699242
558445692
664968919
647101862
565927645
473755174
535664179
531258740
539023573
533644243
635951279
594598874
570445255
605246994
568268878
645726634
608695920
597474114
627648039
599083298
445303892
579075509
655689422
652374031
638983890
648461526
553439334
496022083
589745022
507982680
651170531
535106911
649008000
597589202
559689860
525721888
615419060
555738620
666007352
548727080
627968675
603337339
477994383
628388721
596711440
636002474
576136312
662338965
664743343
602243938
476826917
523208014
600454346
594311450
607497514
526417938
648436791
545270441
541553080
621064755
643993197
579072482
472211488
662007165
606125934
530801848
536129254
639661942
532734336
575211927
449618364
567178142
565015332
592936032
503092849
535173742
634309962
598677035
610600846
561679640
515437617
520005757
583870094
659482637
505896780
597774827
560521909
664486120
647399908
538717410
619772938
610133041
570670741
587370214
659881940
530939391
541981481
550298598
536785381
591598144
605943790
604004067
596326758
618624385
592128673
560267878
643580783
554934636
588380743
523784736
551106321
647059625
459185716
600336924
666059443
577270965
591064160
557553686
528034108
551273602
603891983
459621659
624101389
615419060
591201932
663050172
553205155
555802205
508925059
583851423
465107989
632331650
650311877
622715430
533545781
542547807
574224014
573623660
613883147
452645540
638464869
503604733
579471135
555274787
533254383
619005250
549244791
526185350
574904343
654003010
554501488
629970519
573971706
602864845
599454627
567763650
658169668
603891983
547166549
499587912
561835238
594531186
538624897
588972949
638070742
544135547
585699742
666401368
615205044
474620368
614045670
626015383
528813790
636862998
646154601
571338201
662338965
555530232
601247709
476372671
612779560
642113529
620541743
664824401
628245426
562961432
509584744
591431143
661708899
587810621
563100671
602494515
507768148
553205155
643014340
613850900
640612795
664367416
576367706
561910357
613540993
587946093
565749435
535435433
530847422
609480541
646781821
605003804
530340611
578817053
623972573
641250299
519915143
583991190
626131381
569731854
552063330
562373209
626410845
508761241
552725208
565504940
658783468
509056956
580401795
574666886
574216067
520289307
564252869
633364231
648655253
511291944
568496018
624327121
491780060
653966909
576046631
528043702
663528889
607010758
600055267
583432889
560251441
513467279
649418090
643178136
620139260
610868609
495635758
546784927
450677493
629211937
514488544
587806887
617224875
561258451
633123124
577743070
454234380
651429550
651173470
574694610
606125934
519827340
566430497
652553128
647315625
653105240
503798610
582629998
619277227
636378594
617752660
666449426
555735403
582105728
612881874
565018253
406546885
629982350
516288035
583843913
578228038
514948828
545835754
558775894
633913055
623817955
565206438
565746013
554321692
643909343
524270953
510893590
449884358
550758754
559222866
567509182
531605848
662359172
602175817
477231196
652527489
651719261
651104212
632286122
610640751
546855609
651832292
553439334
579318568
531474718
548250229
567070210
570103936
594162313
587166504
587135032
504425011
645726634
614180296
653880796
659461737
491936781
534082577
657802686
579674366
541364372
642158171
592235200
600948287
663528889
583970166
518915229
543276744
612387979
447859364
664539549
584136133
657870723
526417938
582849321
629025327
517056709
567263507
594438433
549879996
617791840
643273193
484895862
641303387
617957601
560703443
531274094
592516292
601972768
541099635
636803990
590179386
626187705
633481580
636323833
443185321
584709688
577395781
559958435
537004172
583843913
599527573
578322642
621279921
647707283
567678176
514285473
426442035
590555802
629969367
588598306
654141652
537574397
665939530
636455204
645437416
555416799
602941270
537671498
656657393
534951632
600737123
650827732
627983135
540942414
529609687
528054070
565504940
663517656
612820565
643549585
652927919
536964771
565329527
535814510
608635673
597546166
585650337
533770872
656312556
602353494
597458956
661708899
577936447
623001747
564731812
586020478
664114344
512125939
601648306
561108216
653713084
588380743
588106908
602014565
550512396
601268666
589055014
572232110
567829720
618024601
656146044
629915847
567696101
519862672
512188650
590925796
666312032
496254126
663338840
582621110
533664582
546469293
603172473
549046939
652859117
533915417
613138218
573123988
595543548
564565276
544119533
640711527
530847422
665480801
579718379
478458075
640221816
584104494
473513505
571381015
600292948
563927749
513959296
514074764
557872520
522949879
581621747
592209710
627569612
652025325
500532922
586812342
582483445
609391448
566105530
519899005
528524025
628618590
567542265
577832340
629969367
584775762
490372720
559879341
584531306
557406670
609593704
650796881
477949142
537286905
525721888
642519183
496664143
643898808
572981276
541903097
601265910
623904257
574288818
556387078
634097592
652849404
485400210
564495213
562448141
592036907
637767401
505364889
621685076
649296975
593820452
632371813
642924511
553266514
249037896
618890435
620403468
447387953
603796771
534173754
555735403
488154643
592536829
453307199
615050490
521588088
660661596
633563823
565186543
596075984
658526179
568909085
582395356
536512991
634181523
652764646
586520932
618364303
518399032
643589796
642844433
645513538
556912974
571779669
649269746
622612320
528962882
543666251
572659266
600380794
519831415
665608992
656295878
636323833
499587912
624794000
627547982
544241190
516759398
610868609
551193905
596508790
635080975
598661556
442923063
532574467
499391503
643648467
618431666
640421520
587946093
663251135
635762005
610067945
561891920
659751479
563633677
538317581
659751479
645844210
636600238
551119471
580071641
489158630
513801413
459264413
488407733
585702737
642106374
657068071
509864848
649765401
597358488
564757499
599098987
584937792
570619647
565315172
540240261
654255947
610925181
576100796
533800531
661602000
594278930
632128960
603738928
453307199
652223950
561648071
545098894
524025319
551193905
571276279
655846473
499757945
579996059
569764367
523926156
663045012
550882861
575514562
663528889
554330802
649116863
656028761
644234124
649998669
600819128
552195105
447741294
652764646
662288731
542865380
553068442
639172181
664478535
638446048
530336913
609298235
569621006
622192273
623703883
557115285
660410003
502834438
634414447
641303387
514613314
638230927
665699986
608104570
287777075
530779944
514536118
579601969
608678545
535069780
544058818
634359589
524241674
626054348
603520367
571583988
665469540
597928365
664422586
641205893
638571382
562164881
545220312
633027612
482492893
552710058
544818321
645429106
566581899
523009125
666268567
599934946
535503567
646545025
627699875
615753547
611018337
502235045
578102998
592066680
580643242
640125382
572651415
530034790
540997998
615994228
440125675
513850257
662779879
562425977
531632702
658371448
544680015
533431887
662620325
651746664
533507912
580861276
541722268
641271771
565731855
579075509
529879875
530771701
552583026
561814296
469886852
656027565
535944250
649321105
641653175
635816752
575993407
663003128
619760963
545228452
656816964
644873666
641246596
322317246
637890923
636803990
617806592
520005757
650959785
580439257
596158733
613152677
603612722
619958960
585728319
489258614
570769550
486080629
596493091
610545322
496568442
566350926
662074083
535667043
630393668
550555460
575914227
638075370
523384942
536158831
632985379
665656831
515613631
584712053
652431686
519130475
514485943
608398479
621316153
664260099
627241272
601261081
580926999
560516692
596537967
623165500
660137114
611762835
564528648
499587912
572553923
538188624
601345143
656958533
659556732
490745836
638890132
479360003
517638562
663523332
608635673
511827249
534168371
506840825
534363151
510081740
663338840
660219296
652783982
599145754
608678545
443294453
493828363
530512326
521410698
556898400
508784955
621928436
627601465
634720214
522363934
644595417
473178561
615415481
578228038
505726808
596767523
506033842
645639428
658092464
587832374
545456976
649008000
655348135
658096373
643993197
560215163
660819638
430882430
579623873
582814983
600020989
662583644
552050371
582159813
600336924
531553536
660120095
530652362
636721336
551754439
582297618
623592758
637813514
531819384
664098700
618679043
633384281
634628412
571381015
573181793
536185467
545600647
533036413
643804580
661541544
569972271
464429617
580331448
538717410
527882625
652469202
664806224
522421566
664740425
508905606
595583943
613149556
644455793
513183180
665283112
489016507
622402021
556200188
546855131
577960904
530767728
543202828
610865994
576341887
633538632
656312556
574273238
570210888
520498102
657250238
501324348
567959313
497850320
623569390
505842212
578709842
639251235
514267600
521098993
530182929
596498573
629073958
588094997
647886123
579216996
597474114
615175896
598942820
575694540
579318568
526417938
534733661
584855768
628679779
620208196
550134275
652903594
639549326
584251565
554058760
637096895
625334772
610849106
550495842
578743022
654255947
663282097
661320688
662940501
601640106
605948881
571315851
587386536
620239928
655568955
579482100
602641364
628428723
651818314
542284448
657959002
579623873
601739495
565983569
596537967
551706596
632286122
568917485
650827732
656804973
590566226
646721956
621153232
662465844
596627527
612189184
634676892
576548266
603628013
537434488
566583889
650193294
662583644
601087814
638468976
648845238
613113518
500848790
666544844
576980087
639727154
595137455
519342043
630237327
550706181
545195234
618179251
629830436
552343775
637183203
658033300
636474720
650157889
634628412
629796074
454397309
602715249
555831356
634502212
562104192
652690002
551703518
651160739
523384942
578817053
566213537
449380739
512188650
566754758
654345810
576023537
635022480
466926417
591770042
592378291
658408951
646315033
646035506
647163131
643263219
508416972
617977575
583151769
442001686
524538327
655846473
498652751
537004334
592689503
598526410
535489623
601976322
656312556
542364617
608467335
589909314
506590860
575160725
610715340
502087216
473565514
514246386
583970166
555735403
512062355
578772132
583818419
542880734
529716191
637121015
576152189
502586264
567696101
630817422
538324593
666500483
523434982
569952451
601422092
597841157
544066088
550068113
524266271
630880082
426682099
537970671
509931785
567798473
516465396
550518102
615981950
638418843
547828953
596252813
632864044
604548709
611999390
522251368
655035539
570107187
585417152
623023396
612636051
506515665
629481734
628022681
661608742
597019055
526343453
622491746
532682131
607169185
649964595
664367416
453978253
657319201
629434600
624364184
595656592
560484079
531136618
479559098
555269260
653966909
525178703
545665458
548514806
508925059
618585083
576048585
453018029
547344421
432370088
578525801
616376150
640572309
564967166
659758053
585991417
538104964
629350202
594346355
624121480
633364231
488981049
527742122
625236477
580509272
531502284
544583843
612633878
533507912
534652278
550192274
554325611
584584904
564045243
601548981
626805868
657971243
474391797
660661596
637228048
559120933
608860102
662453441
510015062
635439235
611545608
634562238
652352986
570892227
662869552
628350883
570319347
602941270
600832490
482127118
600878881
572714323
640433676
527811887
590187750
579318568
642323938
643224577
459112696
613540993
624494977
473255109
519541177
615638585
536300543
557158784
570804274
507404382
637873069
525155243
660847916
532130256
644455793
602549696
587334947
521133553
549046939
661195957
537733529
534251078
639945109
582295114
579808977
527686389
540641279
664224201
665683059
634109877
526185350
539834002
597928723
594802912
633680044
588920578
563211370
391820347
541092747
525589939
664824401
524624864
650146991
566864107
503364203
597685757
566213537
524960025
499986644
583334624
579507999
561015582
622955643
637488665
586081453
507713129
581346505
525914483
133080424
512487680
614763756
598618769
562159375
588416625
642106374
515955542
605678138
630262846
615638585
659503132
650748740
533772142
550916331
479989334
610426728
616096572
596306931
525955776
530465241
488889303
575152475
600236127
510203862
610640751
583148561
529649081
587142784
579116144
509931785
634780463
639589929
531955991
609845006
519162879
657616560
528696552
611032357
644652716
511549509
627283438
639916980
617774523
598665533
592134357
650381787
612286605
640914528
665296083
614548793
640111801
643862294
521560391
646837303
515613631
564218325
597110234
666544844
626758168
622037509
650031134
587985200
568279155
662971240
608658009
547408651
654557467
646422909
611564153
664644187
638948125
527476099
615862545
627375445
554027659
564141453
635055319
567163669
592689503
548078704
658383590
584531306
663888394
600976695
619583228
614017523
653449496
510439689
551220709
493999892
514728787
636859469
625236477
652553128
648649545
641427358
560595399
512215400
507562529
597480005
551115638
565542429
487734226
644234124
535592925
520501698
627974376
652903594
536221997
663761225
580240570
608658009
566131297
576583283
521971507
524610261
648647726
553694460
665000936
515969883
571352306
509919537
605102445
569753599
633239668
537752370
573251403
555378040
611557885
573417670
519577290
565546898
547119887
591793001
531964116
561258451
513900806
529473022
431770572
573180314
618798795
565223580
632963665
521332080
646046076
558372024
646538903
513052550
651407403
618048087
595939084
583870094
560533601
572308674
634605010
555924442
550885975
526569676
582920122
626781926
567967588
543809402
509143326
505364889
666158491
567559281
623304595
463105893
614425819
604358895
623367986
610876974
629494794
663329634
633832341
587718581
665258112
657365505
664098700
527242932
624375254
486349571
522089062
531964116
597438927
563000355
618336697
502049451
523417834
609249803
523230193
536165718
659758053
520108705
666500483
495799480
578109860
439400397
564865040
620717549
629969367
657283966
575575733
579808977
660055098
535106911
609580122
588154531
532879198
559603617
566369395
519055819
569469751
562167660
626746426
481813153
546699319
571243432
531079936
583706312
626371837
519831415
656906412
626233126
641651497
512811459
664170098
515500602
518337400
539350690
665311323
597652249
565693054
572837740
605228787
606689635
660927154
525394614
518808575
511118359
440409284
622192273
538104964
597011938
492533624
561529074
637834391
616550645
625195725
535489623
611753562
558304259
579808977
515721948
641546929
657686020
629830436
640675022
653966909
647278718
646907542
545456976
558180045
493098882
554709673
549738936
593025304
599875333
653207600
602044829
614254805
649911101
572282897
611975879
642906605
576034419
514944713
528524025
542075033
612960749
519026753
556327464
622988744
613643285
547243776
554325611
496159549
529601828
664854604
489131354
466644793
453192779
601701986
589954112
618052146
549264444
619501127
468585710
662725182
581421258
565583353
583576417
635371162
579517848
657916400
606155438
552895678
650300299
591521128
449302264
505263728
644875352
491513359
581764985
545759108
542520797
461179361
588375664
630284138
529065784
637442507
524982011
554966981
606412507
528415694
660985359
618276879
544399173
518399032
651007576
635025840
553770732
638057955
630965870
570525343
565583353
561189533
457774195
528669846
567452644
542880734
553661743
616833934
653316102
601413255
544399173
534962623
537523541
654557467
601648306
518776357
578109860
634265388
554031851
663517656
651362049
500020363
550989014
621252338
505648970
597132690
522203182
514870303
481446543
645098131
580561800
611830732
537252226
611399653
598933108
658979270
534924796
536833662
601932380
605235989
623438004
637845466
614207254
596402970
574694846
661912115
483478216
578365470
643981778
541227813
585750528
565186543
540842817
542618764
510441634
584542919
538411865
620139260
550491715
613138218
592600890
646721956
661526024
556496419
624321238
616985304
520284935
662465844
581352995
593611614
571873873
510009947
563331257
587058337
541140861
548066320
471237044
666059443
547018018
606770644
642883412
648187775
625607055
571397473
557779163
564700711
600944766
645855745
519444889
555592508
608894421
635635486
633019637
516169832
618243252
567623585
571873873
636532448
574080554
542552638
583595942
604448035
603386860
492032190
560734737
509937251
513947958
525580932
660422309
526942578
616335053
579071426
573604836
538385562
595761439
606700736
565804955
665317363
534199193
567696101
662875297
640421520
520158213
546523377
628458319
528081547
494510066
620239928
530771701
552895678
418946204
538245704
566665294
591404654
625685792
656312556
548930318
629315255
478419765
534739416
514870303
574224014
619583228
605767978
663033111
562277889
435272602
655840379
473212848
600111021
525949020
580684955
606125934
536443950
558324658
602941270
574073982
509950563
613282587
661708994
405716793
565545743
545928189
643944258
657196097
650213343
572796371
635580179
591110196
592689503
666554456
504135620
600222774
651961535
589207787
526841264
627726318
525721888
605046108
546951335
606879683
580926999
498802785
554894539
501786852
510282135
664176175
654124275
629078928
531108011
663956017
499817792
524914054
652553128
586293514
634359589
665480801
486510949
632959419
640421520
664791014
595550299
601952312
540917481
661912115
568275676
594887085
557388124
665475363
585500584
501659594
569378417
520108705
601539641
600167485
545038571
572796371
562104192
640421520
644823727
549763055
514404676
557923493
540833741
578062877
552482402
514194053
628087096
615014302
627375445
583606520
617403397
615050490
536040395
517901220
636455204
660512752
593321128
638325025
651537788
545456976
626835538
488752292
579082360
558045410
528498865
575365722
545038571
646388564
519942762
551094545
605686381
597916447
572059971
587738113
570774972
528543626
637570060
612164298
565740776
601685909
665480801
554091269
605502927
503674477
539505617
487473782
620055625
583620738
570869054
608847506
657984847
660080527
601739495
570225583
574570337
639470524
512511295
660562734
496905289
625845910
657377507
571074837
583021359
522240534
630141979
528104072
530977492
492846482
660432582
646860562
605386770
648440427
534345424
454228575
574616553
614548793
593126211
551273602
658263941
639832330
590421457
664176175
657620597
622761131
664003266
665745559
623383236
565057914
613605950
573212476
649008000
429608095
484116818
549559591
529716191
603098016
648894293
488906015
607497180
599165139
577577467
666500483
584584904
568629843
629078928
599069706
660430489
582777856
495441756
526731981
596427635
615975879
599926586
387875831
512429789
560814653
538685103
530440083
547075682
612355366
548456819
664023192
596221171
608852854
604883213
594792129
549569968
530901527
522625233
661816536
582064745
661308244
610949962
630718070
665296083
484641510
574570337
566213537
638266022
536240086
595435205
637379869
514206522
615849297
629708729
659245992
561045542
579075509
585477242
606708352
490882839
627196566
575514562
635055319
541655889
428604697
580401795
620933205
659092286
540594955
661320688
525945316
588375664
619583228
582129538
659414945
510590012
565546898
525784056
593386039
629330017
635148692
580817633
623085022
593082181
664176175
580681829
582082887
654141652
634818393
654506548
624557326
661541950
616058837
545146841
647629236
597458956
481213664
665602857
631953161
649779406
524198100
523486584
657862330
642822991
552053074
641112813
592403645
615942981
637943341
540004989
645223807
532087560
575704560
636323833
534859921
552665778
559664447
581672917
487995032
567663773
622530425
525761510
646858188
619077210
594342803
604002008
536233103
644020083
551267329
482446864
520688959
569279541
646924678
646413360
520551718
522216875
538263150
646351795
659284150
462651844
597841637
658783468
554051967
616369725
601268666
444440194
658781699
614517765
452645540
569985135
637115397
621653724
646175147
660534930
529726797
606284020
662338965
630954474
588414941
642844433
643498315
602460990
642557177
594151940
634422921
508732280
584744581
529716191
563525613
627429401
615283113
575011868
584584904
562098308
552482402
589476495
529426024
644680146
660661596
663517656
664260099
479704752
544969921
508199883
536085497
624631293
512831623
649819039
610096017
530715951
472508311
499986645
593578027
655119609
556567456
462175763
644501975
592509361
549032164
629674309
646628419
611253375
528767718
543686024
663220620
657348004
599449156
645987579
666210422
533036413
660516064
640421520
557187040
522292435
631327359
534959763
652927919
602369469
655348135
424212801
599093268
520902526
614746703
619786854
541670262
629144411
661682901
563633677
617344478
613075590
661795540
655927879
645338587
626941264
409386353
591503551
607810304
660783672
594999870
646429531
601863286
661602000
504248579
513900806
612243307
648558265
557302959
540675049
650053237
577923176
623142306
660410003
578271224
618336697
605235989
502496974
585182153
483787461
503069351
643558628
602391972
612081044
654522595
589950190
588952614
591503551
660993154
649718884
603771694
610067945
472508311
632819568
591521128
574017900
555449716
587929268
581399029
602812669
611869045
620328060
597456390
613141187
537252226
450729034
599527573
528696552
520949780
591982648
534338461
663371660
548430188
494507737
657193580
502766202
508784955
651362278
608678545
574098188
653651277
641146863
538220747
521599898
521176375
584775762
510192633
569390693
665198060
571873873
554325611
550735805
578322642
593430907
613756107
639401119
554926032
597625722
515965771
621623569
636634275
647315625
544135547
647930897
459621029
497983641
546117367
487028882
660819638
641368525
555283660
584136133
480891503
470724605
595152708
625236477
565315172
617691480
506546194
612977505
586491824
607497514
571637259
464094618
597830409
474302836
531964116
512487680
559798870
495416920
621325107
628764887
620952714
596004991
638230927
542081805
663455282
530241930
566191545
516652779
525577243
656312556
559376918
600379822
523351630
596711440
562601670
555924442
665296083
551402961
634359589
562353548
618034019
577836989
659779426
604005125
660101915
549199823
636566232
606116503
514479566
578349538
561112399
513947958
638743577
656538151
472406822
524612541
595581038
519831415
655348135
453978253
536032629
532380023
651654858
538952841
462484215
597900148
559304083
548315942
482282467
522859419
652663349
564000782
448910936
571637259
631984983
489660504
547089529
625157907
588970580
623006266
643554969
501829106
581099188
553362817
606778793
504033082
612200336
490359442
462379913
526204351
506378046
610100195
550599139
652431686
596456667
661811981
649339293
532580578
563934382
650827732
451354179
569621006
610918609
511081599
579260368
663844854
582593560
616547873
536472982
666075390
582673681
601261818
533103910
665276554
536206568
608402319
579395821
549031596
666158491
626916914
634780463
577743764
510787189
582370757
441140446
649847491
611335471
530241930
650730122
468219909
562085890
526577266
655827242
542887934
643626557
582401231
664744989
525784081
632371813
556257085
665480801
538839685
554887597
538412952
588886354
662355574
539655167
615942981
510311679
555377508
645264326
516037127
656028761
493378623
608521024
594115773
473869537
646341482
556600176
657460464
584928951
483768584
499641029
597874652
443598658
591664864
519541401
630061576
656253194
581445737
544680015
488455509
654494631
582885395
595365256
612238685
572450781
595292166
556912974
556159708
508903686
533804609
648359611
566548853
540442397
598049675
620338357
558955986
479973535
636455204
651519230
657689822
623634805
590746986
517586192
650241833
602692270
566832586
637179095
635951279
656043561
623323628
649446154
599968936
573674550
666646985
569991130
562399706
528136442
610864290
663760034
608979539
619704058
589139263
512673823
649797760
543321279
575914227
564293854
535944250
643742264
500989420
606120829
533899572
544241190
524706548
617953764
656445279
638070742
489556787
549935186
657495092
516932485
541376729
531057150
620851976
523453453
577420219
597011938
616798763
643251996
656775732
586491824
571074837
548775426
655663475
546334676
501164119
649423558
643944258
624161119
621354726
565504940
644506960
646212178
567233229
600765323
490560202
536119324
568777023
575088723
627830285
653033635
645694686
487066427
515283368
516863327
602044829
554377642
560082258
649122638
535627787
568748256
568814906
490372720
648187775
551290849
592418448
506948595
569015922
582427679
642776073
562473918
645694686
645311775
503092849
601261081
543891236
638122839
664114344
616388936
656028761
592736748
618060858
649111056
509814431
605812565
647401197
664771219
571265149
496940438
535376195
615050490
664539549
558734443
572265038
648882216
556122128
617781645
644276206
605162661
467051377
495335073
645085151
485633428
549032164
640596221
571270995
529980424
637570060
440297746
629073958
590415802
601474130
619601903
581352995
543902899
655961427
620717549
655840379
603520367
589462480
597826032
608293109
516842890
585928273
497741166
543470099
631747942
570858198
581379935
601863286
504412108
485341647
495473780
591404654
537072821
664644187
631628471
497316988
581684308
630467479
556788377
273995050
588375664
538809416
623904257
600515729
584320973
572462193
611722299
574169911
618234554
634628412
565777405
598102500
564239140
650300299
552725208
612387979
592736158
527785771
537733529
532767585
605809933
612633878
659758053
525763880
664151202
584401728
649111056
650156011
595449640
535113474
491521059
663027245
562164881
451871299
573630963
589974895
514488544
664342257
621485358
662209826
619938065
534022656
578740328
621516119
588367975
507084885
594151940
547059825
523151714
537586931
589464278
538694217
601640106
547059825
591517824
662671206
659982647
531734723
652119231
457676204
515854925
609341765
663708070
565178766
643511375
631821106
554245396
564731812
571003248
488773916
633840682
509561705
638743577
639080201
493563674
663517656
651593902
625859230
591521128
522203182
535435433
627345706
621968141
571080156
653966909
578109860
577504500
639202757
597776907
582105728
638534329
608447963
534129153
664093117
592841530
639549326
550288206
621636204
643993197
657649485
479989334
635951279
619035250
462379913
653922023
621280189
623590477
560649384
661708899
560641773
566168036
592208594
542319671
568494137
568258231
537895463
527294088
568496018
602923089
577743070
655893815
643910042
596460276
558488057
556428910
628210295
626759697
652352986
636323833
596469913
404595906
658893194
473326900
640180807
644969640
560595399
527811637
621849672
665474313
612361557
588842790
528696552
552649966
613075590
606040731
652383711
578917938
622622844
644783174
606779383
555591330
505592090
551214694
622795104
504257724
665191914
591456640
581479453
527258449
530398518
619906234
398089188
592678047
665540382
586350523
666544844
662299293
505726808
648304223
488458939
537816779
643580783
541903097
657626095
537586893
574316042
661112206
597795211
569785865
525032569
652621826
635745243
528154028
524068766
574752158
570650954
659993444
596298673
620470950
610668456
650142311
649921744
623391277
539089472
644680146
620283081
405003724
566859551
585823042
517136325
532976812
613646542
603536184
622820403
570292777
533005275
608864272
596455362
571495188
609592152
633832341
535302423
593064217
651424155
633245651
591152942
564636835
548916861
581933484
643349785
590002969
615963223
608647960
650969428
611722299
618064363
605276682
542267910
617692286
553709431
640736856
655625802
646693526
527735043
537855434
586082894
523649752
666544844
545856822
609027096
663909815
635798381
542985635
531054863
529272957
603087999
609580122
663338840
587447019
478988979
633563823
601689393
596402970
662517133
617403397
574732902
664974459
593126960
572796371
531729447
614194963
593139436
585454482
554844033
572642960
578852760
574169911
559259343
656453986
652306063
500503034
598753862
555633868
570080754
537733529
513843158
649718884
552050371
525721888
636757607
601268666
643944258
588599123
505038572
627375040
507859737
648077192
655035539
597258025
629969367
646046076
557779163
649718884
582355892
520717534
536887244
619056024
533663702
658942302
634359589
656682278
334634943
468365624
493737056
655670127
545337031
607358694
648762263
602335821
666263575
494507737
609845006
560866402
533593938
510784995
639172181
591739465
436557692
519527842
551809781
623165500
620676901
605483563
509919537
556912974
618959326
652903594
520256017
662338965
661441718
627486815
640477988
597178749
617957601
654059834
626611594
600373451
528524025
582163375
597036313
549169195
609301593
455063268
528557320
586958504
555735403
510397555
616989656
609845006
522455818
604132116
584459292
551511261
662288731
638464869
615063470
634075099
551997179
625917544
596404676
554321692
556274217
564734164
537591707
662779879
558446297
575451039
565329527
634097592
664260099
639369010
557639940
561182657
511940742
607034802
588090689
618270318
665230194
547907414
620424813
566336077
661608742
631239306
577669430
599083345
629764219
554808517
648363430
622789163
625992141
566882823
516773267
586003043
611869045
518564240
604055811
619829778
665858171
489263673
605827659
530666875
535478420
569354448
545933651
652977874
647401197
520825679
488867557
582295114
573539243
618287385
609956059
565740776
568485350
611267933
653693530
608467335
649321105
618933063
544135547
538948702
554239986
599895785
550223622
657375626
519615089
612781931
458828885
538055919
621287617
561526125
510313783
447590117
572187243
645844210
571860882
603759487
557598454
519755601
660055098
643691716
643130046
516169832
619583228
637406825
567553938
604298716
642528406
535303939
573770903
562809021
576023537
616047873
519196799
659417926
640983399
536281845
573421944
538324593
532263596
509762661
562290535
562601119
589139234
572458469
657916400
608343044
574691283
574273238
643218400
450110818
557149029
548158000
612566088
651554269
588094997
544700098
651986570
520535959
539191476
532183574
519827340
583861565
614207254
544647161
470428112
619759850
572148847
658253761
538379590
664539549
557215328
623383236
548727080
532700833
495011201
656857604
503525026
640921200
509674362
666195916
611869045
626445205
528870246
532412687
489446477
562254855
534002591
543445924
622761131
589527506
481289244
638370456
511188722
612507892
613901506
571608147
560139456
663872536
583019499
523486584
508559784
655286568
518963334
641148584
630166960
640425490
542618764
609189144
658092464
538554751
564845198
612783732
576311496
624849311
553656605
503562830
543728592
474761679
509159826
528962882
526776400
630086278
659960038
666500483
506764785
601607992
520825679
434634811
636212104
620233966
600008355
589056212
494959072
494573555
599105796
626015383
558618958
666544844
334536454
588176418
645114153
594567934
524612541
646041874
565315213
561014455
610263257
609043559
532901809
495971647
608864272
560072118
595445903
645809351
646532109
540136861
616680305
628618590
657703892
661580518
617702980
656124268
459668705
554325611
635657313
657375626
481194939
450101657
632128100
657765212
601481448
563119914
635979834
595339842
548685458
618686880
635531613
529403241
559208517
632451533
643719768
576809557
653395281
603526109
635069451
657659060
552656047
551884333
522949879
570720788
607794718
596326758
543957547
575451039
533541428
612630733
510591180
588911868
558584002
611459002
522796327
652927919
534735057
625380467
436375603
592291735
666500483
626332364
657916400
575432219
521896604
664771219
521410423
612240448
521772169
641303387
559468340
508761241
499529249
611496621
637711184
662497631
489016507
487995032
568494137
568847855
628111951
561694248
545392201
575211927
528284714
658885566
566754758
593032606
648232676
486433775
656979372
514272156
624722281
590202874
421788507
537364333
523194247
476815612
649871537
491779439
443793235
482154998
526819613
618815200
541406859
623866867
663544310
458514706
618276879
486294051
545098894
626189437
654566277
573815483
644316678
640824063
477432087
598879493
663338840
591625250
620588573
636455632
649741781
651647913
469101006
663598458
462484215
559145686
654573841
591521128
658147017
571479678
633563823
583617075
561814296
555391145
630989703
643130046
578568922
581847097
522979983
518094542
451552360
621989731
590202874
571860882
651222169
549166415
518089708
523290055
610067945
645197959
559616975
618048087
584020692
552195105
531208542
513875785
624085163
633027612
498049179
652374031
502924574
464996661
596498573
643967563
580246591
656196663
584298161
579960047
519470735
640421520
499774729
551511261
635798381
658920505
624498945
662999930
566581899
663904032
461029755
547108674
589449377
534023124
599263738
617731275
558895378
650730122
644184055
543524970
660969951
485127614
572878229
616122269
552482402
514208949
517586192
608428142
547150990
569279541
647018585
574098188
609593704
583945421
544435957
658277839
564345404
537855434
512298198
538624897
622596560
606602244
597313951
561658815
611728589
568310193
551860116
646837303
491962970
530589349
622943761
535526868
519782580
656059887
560702162
593205312
497045631
524241271
561045542
532443787
538890672
630817422
655217879
649827977
615829893
655702902
658622695
544002912
652101306
643626557
564062500
522363934
427550089
433555074
561045542
588842790
610640751
501399999
608635673
593552322
606456400
502280633
559526436
558146583
600459023
551636976
608466256
614400509
530182929
654597673
562941215
557496985
585488129
612267801
602831394
577413557
590904473
651830634
639916980
651350052
603580337
657703892
664862268
627990168
521873823
624785942
594560807
662620325
590703870
608979539
633209611
592678047
452321094
546484430
622596560
510450748
534360417
542051615
556788377
629798454
630184565
510161615
550174981
545456976
530589349
526776400
492428882
519113819
601889058
520983553
659932012
602941270
635734602
606334030
540569897
557602925
600222774
596481005
648797375
561485445
640601750
632440454
651037978
552195105
660574828
554966981
533899572
467361431
596295279
665198060
648108288
609384827
566105530
537576884
497005362
659532351
589311856
623195247
460163440
665296083
630700773
565731855
665025614
525768436
539447278
662671206
503085900
496467947
626154138
542712017
632371813
636600238
576187801
634328235
660279055
559845505
554325611
569263559
512283447
434378291
576980254
568496018
544641833
665296083
566105530
653569222
547867913
590903762
599490828
622596560
613441635
655539722
570225583
595018633
650561713
588699233
627286441
586049797
590492606
558268850
608447963
660219296
601602488
545928189
566387459
572796371
613774108
487812479
663533558
612598896
643451113
635490990
630331845
526416973
602505602
620245605
476336629
625653915
536138767
510081740
570625673
585330219
638075370
661284733
666075390
537586931
570609657
511849527
592922281
472865320
648882216
612585474
585594382
476533412
523525847
641303387
637767401
662299293
665826047
617292101
616040566
495960812
514562845
636600238
566105530
594279315
594115773
564236603
535557733
576548266
555633868
504103589
594597323
555530232
635014827
518037136
512172298
537733529
549928328
595652323
564697591
527867418
485288283
656864796
632286122
629647250
587386536
564420441
578004154
564000782
606859955
608728913
662465844
609845006
373600347
658880718
598942820
576187801
603698039
615974157
628790451
543502614
494209293
538837243
521294900
579507999
632625805
543091225
651246890
545371854
643501272
649321105
531723200
581110871
497237435
642822009
551296223
581352995
659640209
578881129
635069451
611205492
549560593
535445823
663517656
644169652
643096165
601769398
542333372
505863835
579935803
643867361
578391604
565018253
664771219
579174225
566887898
574715417
594406080
616184223
577705293
648912786
609604956
609999758
613803433
505186261
490720564
543357750
563633677
566097313
539811386
608450045
542803536
591840500
546922308
632371813
552895678
643691716
659751479
495252929
511709149
530017702
596711440
532318287
534088335
628472907
581640251
621140474
618496401
618336697
642320107
496673701
529753274
578279881
654038663
450972067
528106237
615885680
556221795
489496324
614319195
564218325
665283112
539093990
618369819
601365413
535259295
552595845
643626557
621640743
577433911
569666858
588416625
576289678
479682043
654222690
552216444
655689422
554325611
484702644
562601670
488885905
585454482
603526109
520155600
563139375
572137982
507881006
576726050
504097429
634974643
611740163
564757499
621210339
595761439
520497498
503550333
648882216
649321105
591770042
623946792
516261920
628498971
643747886
569785865
657686020
527796521
492999865
482487478
604557747
528524025
645809351
651746664
588938349
601689393
659033974
604016808
502852995
530714028
549793229
606823505
557974615
524255413
655499399
447541350
526089771
478472889
655689422
586391068
565731855
661472247
662583644
644454654
530182929
574221577
664842182
663754514
563000355
566073040
539458995
494555459
565759121
596493618
655119609
625558234
591268271
658007463
649321105
559900719
510009947
601739495
579075509
487125013
504533784
519988121
652553128
591404654
633972997
630141979
645084307
489603047
588095435
608887596
542051615
577887806
626143508
529473022
522773589
599972847
655436174
662151640
654870016
563540527
563851818
451719407
588370300
665656831
583843913
646538903
570747962
508315314
427442456
660380897
666500483
547327183
508650420
654365971
560235685
542668710
662465844
534048016
548497766
468913679
565077709
593268235
383597340
652741043
606061243
633743154
427773734
547801269
636377630
510282135
554031851
477422036
621316153
558743305
599981712
611948311
455113040
652340806
565463043
515481539
581804993
520514148
650300299
652959682
475742211
662512688
660889209
597625722
526823534
584104494
453564012
666544844
478567680
610616004
558431030
600273610
508585180
621685076
624350298
545923721
579507999
572878229
514392522
647059625
609043559
462325499
659191009
556213950
568496018
662671206
659050742
495982292
430882430
605938121
590601762
573033931
555435877
646400007
536373556
521472359
567793162
584138477
598832023
620239928
608187454
447541350
608835746
666328231
578983714
660219296
524549540
645552622
573021343
641462204
585668027
610051012
547890917
628814042
610325895
607497514
607417039
633906650
615796600
661708426
610849106
643533675
655893815
578987853
581009125
627217297
514485943
531964116
581138161
611728589
660562734
663850538
578406697
656028761
618333949
529806772
545270441
557238574
574738914
640160961
610744599
560496655
561445848
586340672
642020057
604168031
654024724
600379822
582763062
617403397
633906650
573345826
491796406
547982185
558775894
618318084
595355242
559219021
600988857
503655997
536206568
666142574
448780952
664638596
638610621
598144895
619852589
499587912
507344419
568610605
665396953
664342257
557330624
482677534
561883934
657495092
477994383
612773968
527673427
511987873
596672397
527178783
602175817
550575705
555217203
665283112
568970831
475823822
503562830
575654313
538544919
598004486
519130475
609513576
613105667
508923934
578946609
606716998
654141652
626278934
653756801
657193580
554032121
632524305
569162871
582370990
591971725
605887034
318479768
542618764
563943140
612630733
630806931
544595372
526548220
605812565
530182929
546432618
571717030
616318010
654003010
560230886
636002474
665939530
627602740
543231761
539148245
529318538
626187705
586755262
497146338
579232495
636244330
664743343
552910141
540213869
640433676
481907940
594392334
583436125
583489739
546601232
600332680
476372671
575694540
626399467
604043855
561015582
571720319
659303460
517643595
617585406
571003248
565315172
619583228
552575904
545073949
534119370
573185453
535358923
547702991
616193748
644969640
599735163
601935789
497022540
590104590
608463690
604588689
575694540
620256063
635407493
636056560
577963349
547953915
497258629
487066427
592019293
635951279
602796751
585650337
545928189
552195105
666544844
618049461
657965578
546658503
593910419
649562363
526569676
564336116
618052146
508807596
618079003
497831111
656775732
593645866
623383236
583991190
493157817
603643472
611557885
537865075
558263965
623261813
598854366
608864272
652033740
574105407
597750779
624695217
630820679
664302770
652903594
542041573
454228575
641577889
545378879
542396325
593938813
634780463
502316191
493538884
478036391
476080598
590950950
500625215
443323907
531702372
639288588
556302195
518094542
516550814
623367986
515879660
590187750
554605560
619336717
576152189
643461521
620952714
508675686
555024691
539137255
583436125
631185505
652802468
540917481
590903762
631984983
595701066
482282467
533287747
637192443
503925692
595217820
577151024
619660153
664791014
515762695
591975122
582730328
643675081
665656831
600207537
582343554
541841203
519827340
571265149
362314081
567646079
539415137
513365751
533309084
647315625
552195105
593838031
653395281
531136618
559835737
550123263
626104863
648072204
543816260
558166111
623261813
478003377
548916861
360896887
584846748
609114268
530182929
550893031
478446962
615009120
645958864
643223265
545028682
630820679
642083060
640921200
473755174
655810760
497045631
511293017
581232177
372544974
644921289
580926999
549169195
597132690
567967588
607284176
556294705
602369469
510450748
508735420
659205197
586811372
491888288
584104494
603101422
662671206
638603516
584680618
615910552
575451039
666300898
601972768
603473208
554413838
600354977
636450315
578144999
624797910
614958453
569044235
566665294
650827732
565015332
501065841
585006478
656230103
599895785
477371467
620325820
574601790
545971859
613075590
618454518
655733639
560926330
320318872
508593035
607581158
570183373
609105119
316131070
532443787
479227315
659738396
564407553
636991437
665745559
661623034
430054639
623466874
536970717
577669430
665231813
498225442
565517114
536171702
642397233
624157225
548162658
661967927
588342178
666158491
573623660
484999543
527446485
660410003
596458166
595843990
484641510
515263480
567559281
661708899
637776850
555462361
615994228
596036109
577151024
546914107
535510046
491817797
623465603
666007352
627324764
559189894
621640743
527630995
547119464
665884456
544241190
554516906
611018337
584023594
647553265
551860116
585182153
465962600
665480801
526047976
560583387
664538586
538104964
626570663
543522121
615722204
474920168
658895289
615625971
573513335
544241190
503899760
509207964
606964034
664842182
445167375
611830732
663533558
661803870
659046365
606061243
627313802
537671498
576940726
623643556
602228290
572719549
546163665
615942981
659414945
564000782
580965557
650730380
594186334
649324268
661818274
541153635
556247722
654394695
546886648
642776073
655315179
565186543
555907303
528111883
455833784
524612541
644778406
606136349
563025542
586153132
618523077
576638792
600722529
567024071
512188650
530398518
655568955
644921289
637171730
553404544
579002081
651429550
596646824
597874321
666059443
547015598
552195105
624069811
643107231
515955542
648395506
555735403
511645492
642959558
657885855
651076922
656047689
582295114
564381264
647917543
663754514
662526568
603210301
492190477
651555032
572382553
636455632
518159383
575334121
661113259
583843913
575866017
642647523
582380534
474757849
496509175
481166309
566123695
495050376
584320973
611882197
634120668
650912062
549555193
661829022
533045025
174002382
537176786
533808243
596456667
523113903
652675048
651814883
656153550
454123804
637294685
607581158
549172417
590555802
490029254
666059443
573319453
515024757
563447296
527694739
649122638
662971181
573098316
486595539
595709709
614746703
663721789
560346045
486968241
574892454
579174225
460406533
640821215
577569516
615978087
609063541
598753862
546222081
430054639
503645077
640446114
585991417
475719358
579768705
665292417
540586098
538670115
601449896
616206406
540012929
519582522
645442763
504285202
641139276
632433315
603771694
547587065
659749337
601176146
518212451
522159105
643882831
597928723
574268715
594066065
666088769
538579157
591876032
575908428
634414447
576605763
532560832
642689073
505092505
633686210
574142643
522603615
584142823
578069403
637294685
625390908
547965810
585006478
519349446
633342484
661829022
599729495
546523377
542108763
402808032
566350926
566864107
553069635
665656831
524266271
591604251
596075984
470514913
472617805
649611442
615942981
579266544
637377008
636448997
553948287
491698271
550431467
599827867
561679640
580509272
353518825
650912062
513357296
662465844
568981626
615238140
608894421
505186261
568679239
601247709
483346480
572340568
550739650
505265819
620627246
588471376
617581083
639549326
613358100
475199470
497119384
578637267
607274871
643461521
611497558
640421520
619923473
659079069
590466596
579954385
508613362
577262665
572137982
542063926
556108432
601937244
641254174
601863286
593112664
530955242
623434236
612881874
630718070
550068113
521597035
584283351
646413360
492188453
580819117
603580337
564943019
551860116
505750261
587917050
514596323
648437959
605162661
661099224
573284075
514127369
580824747
608779559
545365390
586571274
566336077
449390357
533044148
480912591
573287349
639171485
566864107
618824101
599417168
657664065
649111056
627451071
528081547
652191183
663721789
610742442
450512718
530867915
653221775
637862094
598979652
557862537
558522732
543370493
647503730
530801848
601247709
545114855
591517824
588663196
637115397
665656831
530398518
547175964
666158491
469886852
591687862
569614653
622132802
595713232
548217606
658694403
551547424
487890064
652730018
541283640
612633878
571717030
652509878
584624313
566123695
538344284
633854176
632286122
556313889
529980321
657703892
583270956
665174946
576152189
533015390
629830436
588682642
458828885
656146044
516288035
544715206
513635757
526619506
580684955
423754556
666544844
571735543
595795902
518967604
647401197
519827340
602875456
606136349
539278598
592079515
583910919
556912974
593321128
588416625
604698245
532380023
657196097
560743700
590592256
607417039
635061249
651069479
558795307
579287111
645809351
662627582
588699233
663749331
543445924
634422921
480370233
535114003
618577914
483795275
588380743
577176254
646810574
551860116
447638153
662251917
600576604
517741730
582297618
580599695
599809697
596799308
544289793
554542975
595525068
429379288
592443899
563225000
642656784
619583228
569746312
640301436
532232342
545925086
629345868
658263941
572796371
569731854
618507739
629096228
578597365
666059443
508951592
532953425
604005125
637456410
336795603
580432048
438762152
522992365
642791304
622863628
660219296
569731854
619049084
508074064
473262391
476001824
583593878
666268567
615553968
596620681
640433676
638366504
645726634
609384827
544641833
610949962
639767527
564703282
542633983
638105473
633459985
666549607
555161100
571951355
586340672
589092129
647401197
619866208
664176175
520453006
560814653
647399908
634210816
483433364
515825717
653123311
580643984
624743968
522527054
537364333
573831974
571003248
526782989
618472086
566988766
644613070
502935169
606303997
533594866
440064494
664838825
604232658
535358923
571243432
620541743
571873873
586432085
638911242
538691744
535530995
557787615
634815621
617585406
514194053
596946654
583774601
583543826
637810376
662465844
567232109
654187240
549571751
497828628
593063483
546842963
587370214
571637259
603033938
627330993
629992371
524520762
593082181
481874699
558504793
522031365
663706074
545146841
456479066
597606883
607430640
568122636
586590299
640713791
576931468
598850740
632331650
660847916
610783375
662074083
571397473
623052191
532141668
629708729
648755665
554628918
579563001
512780604
588416625
637456410
560712904
462942980
665172527
576053234
655834361
563851818
654307178
603996553
661608742
534616004
547076814
596711440
547166549
658277839
572137982
654790255
636448997
491282107
530586290
658962701
653235592
542728137
664342257
557602925
562627312
654141652
580599695
530867915
537970671
512337605
570476728
554695218
549528873
663318592
665139761
576847680
573499928
649324268
643871235
560533601
630843300
477490532
524814375
559845505
661708899
599895785
638929399
567090780
590909131
596347137
657348004
565315172
515345573
649738495
631244947
616730175
546941884
491659886
558980761
596827803
595068777
497147928
560117082
542944570
576468248
640010494
537886965
582885395
631345858
652933344
558871197
617041649
665683059
596981378
633245651
524350379
580236515
530626391
539194520
567099333
532140684
606405251
513616394
613312902
635389618
561814296
593144009
585878635
547530188
637187440
473585461
625088991
590154231
608864272
629096228
649324268
635329468
663721789
526716778
639818035
613466202
568026520
539523138
504249589
551115638
603518878
608660122
631960945
565315172
636378594
633906650
659420477
659048634
659482637
605098681
614881463
545756789
633913055
652553128
596981378
599085902
523792580
666276654
663338840
536767406
560235685
525627396
570925665
642378870
551273602
523748973
540942414
547749178
565315172
579112574
455202385
587484064
486144943
629570907
528239303
659421189
649437303
664740425
577743764
506993036
612200336
459214310
476866317
512236275
633232488
649324268
613000231
615258519
537533088
608864272
474452784
607497514
462486338
470320286
637488665
658007463
511940742
638982332
498462739
571281720
654048982
491755245
579363054
533227602
594004799
582721533
593838031
597795211
657790861
664247174
662465844
528529050
602383957
662971240
589954112
616673785
569423633
531828758
664342257
532574467
621608910
524026714
489791038
640709130
595926003
609063541
603149972
575185975
544925572
582455623
617806592
493690186
649541405
550635820
514741868
540240261
561652566
581739066
617423094
564381264
647059625
602369469
571397473
570904106
562285061
563530112
575610386
659414945
629830436
652293357
554816752
606120829
639384010
603051552
645873151
611032357
594355125
413424870
531964116
512460615
525655595
543073890
522003320
649827977
584584904
537671498
470642919
638493590
642121581
609043559
638878680
555670476
641354483
661526024
643634726
609592152
625919890
530300584
482487478
558743225
552650487
648136651
525926128
511081599
497316988
618207024
562754070
566761737
620341015
504257724
538119613
576863013
645987579
572200493
615115930
631241797
538554751
505935399
642121581
655884267
565974902
646669082
490089148
490301986
589950190
481651069
619175342
563522687
634690312
652509878
557425173
566330594
580304674
530398518
630456401
654597673
623697964
593223116
663436585
503356954
470105038
608712002
553764545
489342804
614881463
666023813
554922902
582401231
653062534
506065456
525524746
639558628
612645479
509207964
617523027
550125084
513771069
640444197
654436640
606338310
474950398
612438309
603689015
497635395
533279370
597132690
656494303
608860468
529793826
620007442
615179530
666544844
585991417
617403397
622804739
493690186
541092747
593324580
628366669
552621851
598905214
565512885
661912115
576863013
575218816
502529702
514275398
664176175
578064131
597458956
511081599
565580362
652927919
466155881
655606711
540917481
647917543
652498551
529606802
623199322
633060480
627693195
652553128
654971801
660819638
546783567
488196438
588934397
592169306
513972799
556138193
576953627
579993010
519525004
529381870
664345732
533692953
491521059
622886041
659432766
544002912
546492821
515433144
490372720
620604093
619396895
657165795
579277095
664888495
606028549
578275922
567543654
532830800
592079515
586045228
666544844
628350883
546540251
626414316
661114751
593112664
558552246
616916500
586595899
606072556
597021873
530975938
601087814
640095374
644665166
561648071
652383711
432844657
665198060
562525105
660661596
656253194
530338272
612300093
632825539
601261081
612240569
543846284
629221815
662671206
582405820
522753368
602034043
598465865
542865380
650063864
283863305
657535186
495126592
587179754
637961236
546540251
565504940
592212306
616250700
531929306
597882840
610786669
486152498
570106314
516888539
642120510
529799452
593981988
664539549
551496426
653260695
650684815
611948311
520307909
615195186
565622013
490581108
666394850
530595197
546024745
612286605
617462378
657575466
547403506
558953397
666500483
558743225
575451039
632106390
449317068
637722760
586566142
475631678
551461857
516926693
605143343
491585788
662779879
665474313
664690363
467361431
521146530
655857227
628679779
476866317
596557866
625814373
585856978
551329132
505558542
509521374
634496072
633239668
574694610
558298743
564077576
601640106
567678176
634601241
602335821
641150627
640914528
614301899
541076831
623124763
662465844
548430188
658690304
649314882
641453046
582363214
527414685
605837281
664118139
598385603
666544844
551349423
586811372
503972335
590612347
624722281
665109763
642338159
624693384
642689073
645753402
593369225
520158213
644454654
628974349
660456046
569266013
522166338
484454800
575933682
653693530
583250052
644613070
584775762
581306319
428256621
560821609
518499466
593245785
628254993
557048302
546829618
441153346
596455362
666088769
601413255
563943140
600577502
551534254
550867051
597572409
522391482
566123121
591193899
549032164
430747943
585740369
509982789
652527489
559775147
654255947
625239166
558162590
611740298
660793848
640362618
564559133
504257724
520401779
595449640
571637259
625405115
581566459
547202012
545274540
580870672
545280025
553069635
636629593
499859039
520865025
657660961
662971181
547530188
572796371
631373261
562174651
471117198
522381162
655241256
556721682
547952719
663338840
607527478
655077718
583270956
553995686
575694540
664791014
559599016
663599760
615399914
574388011
520172995
580561800
636132043
539992172
477633402
581933484
574098188
653403967
620078380
574926134
552735570
482338932
601261081
632825539
523585227
623590477
657232942
622715627
593233652
630144633
653235592
512125939
658096373
617224875
614114085
574079157
479542568
588569806
640433421
598905214
637793878
620239928
527694739
513635757
581886379
521322429
654141652
581191127
581366308
584977139
644778406
575333562
657635423
539905930
565949323
632451533
574998834
561108216
531097363
567904017
664842182
656804973
382910466
510734920
487136628
565902042
549046939
552895678
610290993
571724822
592244117
528524025
631327359
638467707
635511743
541396709
512832615
551884333
549744699
602044829
655810760
652903594
542081805
636648663
652535319
595843990
605812565
658452710
646427744
639671961
609027096
562013157
606569001
520424606
617344478
539965619
592443899
626143508
541092747
610067945
639105874
631803566
554816752
578511951
597964933
595137455
621531237
600318057
534872732
589974895
592432400
643747886
565777405
597891935
640856758
643447160
547196520
587887627
661098294
483086043
634612302
507153247
665480801
635100933
514028965
645312108
658540495
639251235
534856295
421073606
473513505
569765252
655968808
573590573
559220938
656986970
604604374
626160677
517098723
630737698
637848493
514890324
571270995
588174279
662779879
621064755
519105982
585454334
665939530
541502225
566134524
605131242
631622896
610529710
602614390
651824152
635187062
631703979
569044235
645809351
616709437
606575263
535300311
538901621
612783732
553927842
504257724
559255641
543320648
591065073
512615272
523670311
589950190
578977677
537338320
588375664
526906390
604373945
607585169
593838031
609592152
590798592
646400007
636420593
570234799
653235592
631714438
602661235
624797910
590421457
658895289
632928751
647026965
622555673
514773751
590467169
557425173
561717608
497875543
540189722
485703072
479360003
584326796
553505335
571331168
554885921
537853205
555246325
600008355
588964008
615796600
515715010
521588088
627147294
520256017
609063541
659924391
509907357
629144411
609145181
564872028
535358923
575838179
587857497
495675874
559265815
612164298
652647327
552945658
518655482
631468288
518715052
665899347
607528392
620744117
499977311
531745385
560575506
534748957
595217820
586049797
493696038
510450748
612672533
576152189
562897747
597254715
529479259
548162658
524075166
493041256
574666886
452521898
607169185
658942302
557347137
562970490
664367416
569413132
639172181
623310120
609528182
503550333
487747954
558218118
622977847
650278203
641287947
531097363
579545941
537772916
665025614
604883213
530626391
590025580
519296919
507163408
508918605
530901527
571068877
654124275
602831394
640517308
466873865
622192166
633686210
495384621
522435238
554709673
599108158
661265032
595089841
629078928
626599251
638927473
601001286
526016327
554474579
347341725
625125062
555924442
604496105
525280990
576653170
572348916
531456211
491405909
547128727
519944715
555670476
631051441
565186543
520955639
432172726
605972505
483369025
595068777
474576623
544828788
539277894
531338253
627722519
610301645
666352040
648592944
560660237
641210234
519827340
636132043
633364231
608447963
489275503
592631243
651270398
526231662
627544200
654900689
583635958
597535175
592759036
499466349
624615939
635762005
519533315
524773519
654771138
648247455
530182929
615330110
591470565
546053875
664538586
589456651
606575263
662880686
599186668
569833670
514684628
583991190
565986588
525532888
491369670
512813887
535777146
514375669
507142567
664176175
577151024
612507892
530182929
534222392
535468584
603870374
634611023
596091871
528983484
633993963
527446485
659145544
625046687
563889458
554887597
642830955
590284880
644220771
476587672
536206568
664098700
525592902
655414833
661794831
612783732
652248336
560157279
618507739
541380259
556022798
642672382
586174803
644665166
593727657
666544844
638569681
480353571
578903076
476866317
637393862
656189861
662791817
560154424
448910936
571676021
626286929
522363934
664367416
551495125
626373024
516914439
624450340
601083864
620239928
664159308
531681145
604216831
577726919
641419564
526824603
617237484
571354256
576718006
636600238
633477025
513645947
415178678
549586725
615917736
486415431
602602658
651011961
656505517
660456046
655834361
552810107
572719549
657137908
586590299
533507912
570332014
550861531
612180965
556786295
487812479
575218816
581445737
535489623
637703414
551860116
620563469
609674443
538939096
651007576
547318973
641246596
614121648
628917085
527867418
541655889
526346977
648882216
651910269
582828130
626160677
649321105
663003128
659532351
653966909
568268878
549555193
514677973
656384116
645805253
581237167
619803967
494394552
543370493
657738221
635936251
661829022
642113343
488867557
606806540
657703892
536544917
614148370
562552102
638781796
468701235
551997179
547749178
578424736
475797176
618234554
537794660
656775732
640433676
632796366
642378870
525543297
664955060
619958960
490134585
601648306
619898614
451020247
581432574
635558687
579161023
532102494
599894823
560054495
641205893
632160398
650455097
582012754
571003248
660851729
625992141
608678545
478047379
650147654
560859924
590492606
597995857
619704058
640128096
535564020
500435833
631276622
602831394
541322876
645255613
649324268
612222964
573098316
634985310
517184693
525720392
608660122
597011938
665775213
647917543
591770785
651746664
513972799
611487498
512337605
590227099
594107181
519601506
628730458
612566088
628814042
663517656
533923119
612783732
596458166
571860882
628188808
605386648
656590866
665656831
601087814
564561523
547108674
551860116
598753862
663666074
660993154
654038663
589376627
627569612
552412307
537752370
641413551
631539109
505692388
521176375
653858742
530362462
660219296
563463121
608437500
579274683
530512326
587386536
570445255
620099158
485059674
543493211
551264315
601981990
569991130
600722529
469900590
572310543
564316769
623904257
648077192
666123960
520640859
509669440
640029874
458828885
666500483
502699201
610133041
585574682
631507666
665480801
584104494
452754614
632422719
473178561
483170320
567193176
533431887
548935305
630724937
527386995
571495188
517463738
557485952
577145166
550385483
600379822
598052980
662671206
492557934
576686413
657250238
594478058
534024205
559249411
478208506
516741204
540310413
576053234
422516374
538777425
624849311
630066185
468913679
520119265
409386353
567084272
516940747
578852294
616547873
644371830
551140107
540101599
515581823
514194053
543892662
662779879
588410686
540942414
480013299
510148416
607475123
536047142
590904473
521089908
576514043
650335456
666544844
581715319
556041665
630264843
496831089
373261038
559192039
607470663
582092429
557425173
556788377
647605826
652927919
637649518
518385486
648882216
503637505
525703636
494471445
630498016
656028761
531057150
613713767
535358923
529793826
615311351
609238465
656103887
630544567
637675726
584104494
587077895
530398518
601921099
523670311
597036313
540101599
559002883
543470099
596888338
536716231
606367070
518715052
551025131
585574682
635133478
520025526
476367761
560230886
585728319
617210002
591779269
487798372
586015667
625710357
644803167
524917467
572032946
642463883
536165718
621434929
581364039
581399029
502693609
512630608
620974915
627544200
578349538
644856029
580327708
631953161
606397450
631982222
463580228
611681072
547175964
530828359
573310324
663980517
644244358
633913055
409386353
559814113
635080975
632868122
549180939
603366302
522927363
503906752
496254126
666007352
560649384
656864796
561493230
635148692
519031562
480123001
584977139
602175817
560157279
657193580
600298433
430078414
664923028
615235366
630174193
564810674
510893590
579822939
556004433
564528648
521597252
540110772
659960038
627353405
589051420
528445027
362878613
637147104
562231574
507551157
660516064
530516197
584298161
617105237
541092747
536779762
646154006
630954213
593990892
619583228
559915812
551747334
601640106
549935186
514074764
599964058
479587201
566073040
615862545
609632267
665820064
582957546
459894714
625582631
647271682
576931468
645958864
666059443
585574682
596112550
536551576
617182075
550497064
539965619
652621826
665899347
539116048
539001716
636336485
527765523
533541946
548162658
461533938
662821524
616303318
562473715
578516747
502842664
537895412
609822249
576247240
663371660
547246801
604490116
469101006
534196652
575832846
632807789
596985788
602369469
536860147
656124268
538520981
663753714
550987164
588121262
507220567
511397207
634232334
643251352
533507912
510489020
581710727
575514562
636455632
630441482
616740134
620178137
567663773
519755601
511897926
582585731
482228388
666142574
660601206
647232856
574630072
622192273
629969367
549311685
595585940
600545354
553205155
577780948
629126827
659532351
639157497
541406361
517184693
614950093
555593214
503479633
617692286
595701066
492533624
519016928
607435722
536964771
544135547
612240569
618739928
553145240
569624653
624492727
660793848
509159826
596711440
572522177
531729447
546900711
537665841
455202385
637488665
578822674
653251873
502049451
581312065
595581038
605457301
541495761
629969367
659145544
548158000
582586878
500790021
552143353
559530807
526840343
647450488
622163469
415883067
650266930
634225393
517310543
663980517
648437959
530775105
666268567
572796371
592019293
558012777
660661596
647849157
647442757
644969640
552257651
537829563
556221795
596155932
651044306
598675114
604604374
646212178
519891344
557126576
588930861
561853609
343881470
559304083
631622896
514149041
606267600
652389662
405849778
518604521
626946051
642289131
652741043
530182929
666276654
637121015
567084272
603474242
626021630
642811549
577399778
475111051
596566361
591648572
517608333
620742885
578275922
563859608
579095068
576955031
648436271
656312556
645559614
560359754
647309916
535259785
659414945
519199852
604166718
629004203
600245540
661207676
660354441
661434817
554317032
603906578
641340348
651830634
552482402
640421520
625814373
502280633
641246596
478295961
439368560
550558759
655502094
647401197
662865436
359214273
559616975
520359632
566336077
564081474
653729882
580757814
606117895
647503730
601261081
625236477
598832023
508903686
661592303
581232177
481289244
620437863
462144080
569785865
494209293
615627814
591521128
621153232
484320150
435460726
616783332
656312556
621132781
529346383
522980160
568629843
622715430
597841157
631060003
594334893
540647306
634595254
604250443
486510949
563040694
633832341
619499448
664936265
629708729
478208506
639157358
589813540
578134230
632128100
633828825
647046134
524067712
663980517
568712500
555592508
656775732
528813790
649723422
626015383
662671206
529149476
545364774
514393354
523206697
505955649
486144943
664729615
575492773
599300593
588370300
543232827
658783468
575866017
633906650
531929306
658969681
623123701
320439901
556898400
640425490
581445737
619969260
612783732
538055919
583843913
611335471
613633928
642981704
578637267
545913417
555282254
597409197
520983553
584671731
634628412
534000576
647401197
579208405
609129342
648069812
537970671
590374039
662120624
578020360
503049873
660055098
618243252
586996657
651558462
627041439
652903594
646810574
648592944
483795275
633681004
624229806
511645492
538776905
581346505
527390092
478991966
641580401
664025767
664176175
665602857
652957761
577936447
609341765
565443591
572126092
478100562
546355974
598677035
608263293
629063876
448101705
641210234
559453920
309407260
565754750
558431030
522292435
649819039
547229864
608275293
592418448
532644947
558298743
659952219
554709673
501125712
460501878
640029874
505687034
653569222
625110032
473378367
627620410
637026599
664415831
603241935
536370611
477648450
552836024
488416710
572090896
529323871
628351053
652268182
659300261
604578513
623740771
642788625
597881405
606637929
583606520
642890087
619683778
643967563
619980786
592066680
664367416
615235366
590612347
614508061
537007460
639094704
561045542
641303387
559190482
612352466
531366640
647315625
551860116
657348004
661576076
628546365
638075370
624769182
547441302
632190960
640642087
540240261
556721682
624062794
639857381
530889103
543511186
605659883
557244164
567050949
641713091
549627610
612658385
519254602
548430188
588561039
665656831
519827340
618058657
658253761
664118139
579623873
588911868
511613708
471117198
534363151
593938962
534382229
628869896
612783732
619907969
623348972
659072057
651167350
539089472
489791038
616759632
652764646
636991437
545157838
574666886
573815483
602178865
631863549
626329195
570858198
582202897
656720048
505291787
614603221
646611019
648473916
571381015
592736158
568777023
634906321
521133553
613261576
645338587
579674366
573037653
646032352
531585424
626906124
566887898
579255735
545041482
666158491
334135122
534403061
607794718
509650787
658089093
565827274
543902899
576367706
514392522
569666858
649008000
619273771
572282897
634864179
564636835
597841637
535106911
624496203
632966102
638239500
553559001
576955031
551329132
411933518
558854301
647309916
481874699
573647451
522056069
637325590
583683540
651042750
583252362
658563266
628669135
583606520
597995857
648357015
643014340
602660414
631051441
490524054
514401572
566665294
505408949
503252629
636133161
508918605
540733549
649871537
537072821
628087096
596218193
656590866
504843175
603870374
563143397
472067401
550739650
648916160
469411568
633500128
539083750
631469687
469886852
521098993
564462257
490940289
475427050
575254672
651897948
544946626
565721166
624825486
543846284
540569897
547586918
611740163
626348205
593039619
409543358
658900966
577921286
525655595
655884267
594560807
605027908
643296625
634343624
558210412
653107946
545899112
466690250
627147294
538771275
582870722
536009217
594529690
495799480
637103424
561318634
562431148
567734253
660562734
632966102
527799759
611449489
666405191
485573414
559178951
538835772
571637259
637849260
591431143
593838031
567408636
661250919
586068787
560641773
659779426
578474195
563137468
564420441
598682429
662561518
586049797
572563992
544873353
618248599
537072821
552195105
597928723
633063340
554052249
666007352
666544844
634605010
649562363
606663530
647930897
595709709
576838010
633828825
565520976
488967470
552482402
622472029
600008355
552444248
447759153
647401197
642378870
657457224
658244923
578134230
548935305
526795907
509752769
660219296
666449426
538757225
589545899
454680104
656059887
565015332
639916980
595543548
621242275
582064745
574169911
648473916
473807751
627518476
544550241
492082667
551819089
557820328
635187062
550861531
628679779
543091225
438397939
651461669
646041874
509409065
608864272
648818150
662072968
512175944
660219296
639513422
522602243
576622393
651897948
588770637
520442823
581698761
660055098
650285416
500611698
540994208
634601241
623592758
631572194
467427747
632284948
589527506
595843990
479973535
559762910
651407403
574930084
513771069
600130565
553661743
644523056
529502938
560174995
588699233
625617456
582782764
651075641
577023960
542898522
467163438
633027612
591388059
496732767
561814296
546065348
473421833
634737267
606267600
650300299
564890284
593940341
558924020
597872423
569137696
547604640
528498865
593369225
664888495
651593902
551860116
497585138
574335330
543978717
478036391
651135037
592297014
658671659
584775762
530672754
618496401
506861319
665198060
532332110
559442833
577047515
524914054
629004203
560669847
590589591
470971437
445303892
607497514
572796371
487704783
538274224
596091871
561032783
571747283
583617075
660793848
451320354
650827732
536767406
433776059
614400509
611401852
560463738
478472889
594311450
506083603
509574212
625904738
622802101
574601790
581439249
630854739
614603221
560463738
658942302
475055499
636519389
657703892
601944326
558871197
649321105
666500483
647520902
637277453
638688385
551137064
601374464
542163856
499529249
656775732
589311856
521810779
533344502
523438026
645915285
631829929
584624313
646360832
552760306
663338840
665317363
494790755
493750702
558428080
534053647
599647598
624498945
574248044
626284003
533089586
498370501
574099310
595700269
542081805
496568442
520119208
653055064
605837281
654409733
580439257
556188589
546346620
464679286
570179044
649874602
569754093
610812414
627816686
530182929
662383201
657153030
547331554
548497766
604853893
641303387
657454560
549403431
535223351
626093334
654123740
574443690
603051552
659670236
554051967
595612814
663312518
590415802
585586081
624039336
652851349
514452930
612160323
544265499
652741043
662362727
485223137
657298947
587967301
595972644
536047142
557602925
557938670
518675897
592076923
494276515
528524025
611722299
525532888
594570529
650759353
647520902
574335330
606120829
502431083
595850612
646407432
554031851
662779879
506990958
606823505
638743577
565583353
629137443
448735386
544241190
502780167
569832571
513496086
631051441
634981930
637233850
618739928
619784012
619862964
508033484
640884194
563346537
614758902
661811981
665918766
664202316
600577502
583035563
596414023
538045742
565315172
602335821
601287274
587882757
606541114
636859469
537971428
591517824
499986113
648998649
560866402
633922457
640675022
604913814
558923760
600241333
552622751
514595670
519055258
550599139
642323938
555377508
554542975
502521620
427628051
642803774
627461377
530791610
557580919
478852950
623085022
479351215
616198248
484582669
575120890
623099664
567686210
610578355
589869075
535113474
526695757
551997179
544847352
634612302
632756801
643967563
663315469
666544844
601193355
652741057
602617628
666092829
588193245
537759219
575160725
657668366
660793848
617110298
630574325
563367242
552743303
605228787
638250000
611437318
629419788
619775962
550080454
561814296
647441333
580327708
554325611
521369878
569330944
628630869
657916400
628679779
492070130
589630980
516826194
506810881
631134801
631925343
616719268
537294495
659432766
664380509
616113154
657769243
491471990
582044860
621106954
534925894
591235717
613552527
604779013
574017900
359344771
626104863
555377508
579075509
590284880
594115773
587383571
535503567
566221448
562146813
641303387
532284855
660534930
511397207
526986262
666180334
550068113
516196759
652930382
554914674
662338965
612602914
549554780
561967689
633848305
591741500
613782188
661270783
560814653
592418448
627105359
500282923
547627511
593826731
632928751
565546898
635247278
537067207
566030944
656312556
542520793
540910576
658092464
607441387
597132690
562440344
524166212
633239668
593306432
531553285
534773109
622975428
515499381
661168696
556369185
582355892
544243894
552482402
589745022
526016327
618879641
645078320
557007122
569263559
601065043
522031365
589795964
663847573
581313225
623537878
527324174
612676188
664059719
626742746
549105066
605972505
579674366
658656506
504148436
656775732
629982795
496641275
505490594
621492537
613113518
564014250
494843488
609629720
530017702
623071971
477083483
642956007
479811372
551706596
656816964
506529243
511458180
629540373
543357750
595668471
552050371
591638672
538705528
512313041
657193580
520231759
573623660
476414500
583991190
427626204
599895785
587292314
457542199
564885634
588048256
599186668
556481534
522789366
509914756
546787134
582600979
627905944
576617968
635951279
610725320
652119231
581492863
648585206
567112469
597504227
664010112
563527253
628022223
573953128
566864107
535326273
617041649
593611614
649321105
665474313
490596815
653711605
499220652
606950941
559707254
628471482
649779406
590374039
526636406
557406670
648882216
612645479
571637259
539799446
591061553
623071971
494801300
584298161
554032806
647060828
577799555
580201867
650311877
603027664
571637259
661116297
627375040
599791604
623071971
503198269
568839667
600292948
464429617
653308905
546935660
665317363
608835746
547318973
618565659
628186116
492249819
656213725
609063541
660271514
572288404
645706376
554325611
525490447
581717644
602354140
596803187
575214563
666142574
642355377
638367350
484939076
629114288
658522361
570332014
535944250
527150380
564462257
550572945
605837281
568230560
485085517
655596251
417879943
642003429
578322642
534053647
573816827
584136133
551447106
652383711
556544200
489782688
661410060
559616975
465742207
515433144
535777146
558871197
528197094
605011079
636378594
597750779
653235592
542910304
577908685
593905272
618737657
506033842
592351395
529985222
531605848
633556414
647315625
660036029
621531237
507163408
658371448
534733661
592903266
468286819
508918605
507217905
530771701
635951279
527796521
486510949
556004433
572902643
611497558
654296987
554682647
620139260
643734507
554408895
635187062
616588175
566131297
612633878
563271023
664098700
610688271
576034419
571637259
643582279
508074064
535468584
563743014
601863286
481303214
645847424
507115790
665079326
614534781
596763587
638700032
549783801
640283694
541275357
666490738
529453797
578062877
526395649
488885905
598862228
564110452
568593819
502207154
620684492
620581151
614930758
546601232
603335642
550288206
611602203
521436924
564407082
609480541
500790021
522753869
638386327
518684679
538220747
531253575
510441634
658903295
608635673
511760596
555913894
543979644
533644243
538324593
471117198
645987579
541236234
573098316
605768517
557974615
603948947
530190476
661114751
464690974
525788423
633906650
533637213
517604651
569086570
590023964
619786854
656425852
535704306
627974376
609063541
537816779
566105530
647520902
581248732
615283113
569484355
639671961
528977800
600077036
632966102
596234835
546045337
587186104
612022077
631345858
503674477
585025919
580141192
640421520
638743577
561189533
588375664
656295878
550512396
584593812
608898290
565520976
657862330
579362532
457547168
662338965
568937567
497609831
581186884
529426024
630203385
598660954
503049873
505408949
510586085
527116714
583607539
570366840
538808016
620808874
471056041
572161622
530971614
558630978
624148016
655217098
656494303
629434600
538668863
639384010
663744913
535465238
596711440
532879198
629184155
491585788
523318050
553764545
561081617
526094642
658781699
532143515
649298806
478948534
604373945
552635142
647171651
539524895
596224346
530398518
584542919
351747032
481023281
428948280
639916980
524794235
620497912
649847491
526577266
559981078
634749221
638534329
581640251
514536118
629649959
585501009
529318538
647769015
631232387
521457412
629830436
651394353
429144494
632066940
519697828
499865485
616730175
631187875
657344860
570769550
525962975
566336077
534824401
595262390
485972552
549599214
545512091
608481433
584136133
624192822
471904298
513826906
544241190
614996157
498225442
534275628
509938933
565494717
662500559
465477185
664200409
554966981
637873069
588911322
641287947
501645935
656720048
541375330
573351725
588154531
614279837
485059674
566907867
652649367
505490594
620156394
616547873
618060858
572265038
501968543
562822720
521164365
518023663
576387041
468565872
616298662
531898579
631467865
660036029
581651207
497831111
556122128
556386157
642020057
553012237
630221837
538068804
546855131
625917544
546601232
607585169
437996604
637192443
568672103
665025614
640914528
564885634
572796371
651868100
540601154
629907851
635407493
567174391
501440148
575214563
650285416
648635489
615014302
633627611
489496324
663545720
647300800
663851069
599043373
539089472
559616975
557787615
603910814
628908243
560478078
620139260
512368003
469151436
566864107
592981347
656505517
581014866
563197864
649008000
580332717
619601903
663850538
476928670
584020692
641303387
562176497
587522754
483927097
617403397
617403397
593978349
661444175
659858818
578144999
661682901
538162277
665656831
542284448
614517765
621021435
503604733
566087058
539524636
629889926
439192890
528625354
534048016
561967689
620139260
439156860
657626095
573181793
597140807
606042055
451719407
539694963
516362057
592536829
534604913
590612347
523999695
474920168
650696284
632864044
499328942
661099224
651167350
530234388
666646985
543538123
585740369
504033082
571487711
612316235
657353556
517788140
647401197
579993010
621028149
461029755
625236477
612670431
538541006
502678147
576710819
574557174
590026094
604043855
613883263
622622844
569279541
591517824
552443863
556984045
340935048
561967689
544199583
647985749
465372782
606539419
601261081
609380517
590703870
532380023
543975801
555377508
664098700
636323833
544586088
520717534
532574467
620033650
609384827
475797176
538789410
508850306
542316819
493754488
645647052
559975116
664694206
565186543
517467177
553811710
498643342
565315172
628188808
588448607
648077192
634668856
564697194
656690579
503831035
630182043
630141836
509950563
536436806
494558813
660977460
517497300
645437416
591671085
519239093
638230927
595610965
508761241
531338253
597995857
508954971
571637259
418946204
643599987
651555032
535113474
601640106
589476495
664993986
528036926
614164293
513972799
562132111
632587122
627869596
536294564
548782367
534053647
664791014
630961883
534856295
660300745
627375445
550599139
651356362
519109713
662583644
518399032
572161622
495441756
555775097
569731854
597928365
650543777
665474313
633627611
664615116
511345467
594424887
569496388
529623177
661623034
523769502
615627814
650335456
511645492
610376890
626601563
646725397
629572953
579174225
556122128
559387611
517945553
644778406
582629998
510682532
546520399
531208542
518655482
552482402
664204568
661250919
666500483
536920143
645552622
664342257
603132298
656720048
357178822
557187040
542930164
597882840
604989428
568839667
588842790
421266025
612524248
609642255
615402278
547184695
577741241
598677035
614376720
633593871
599627959
605386770
597830409
620742885
561835238
624882914
581910127
526152613
614228139
640878971
646725397
612858806
530901527
659072057
501387379
601422092
650569466
559208517
597011938
660792344
540597269
575168319
601193355
575577530
533545548
527031684
574401991
529980424
539457388
608428142
640421520
574715417
617344478
571137580
660424317
491312549
563346537
514536118
574077108
565317402
619792167
584283351
565546898
486615890
501482849
621968141
510416247
572573116
642378870
581039595
615769061
651746664
589095572
664123113
488323721
657298947
518620363
603910814
484147947
547234255
593386039
529649081
633848305
566230727
562099327
486549898
642406096
512438730
559775147
546360978
580432300
651407403
610693557
485972552
525548167
582355892
551193052
596481384
630694537
579659620
493946184
629078928
618276879
650248741
580643984
602936030
533545548
654369140
566131297
632284948
608204798
336267086
547879231
658061622
493385366
492810101
641979475
663912315
666544844
533865749
647605826
551534254
612375786
659810056
498159203
550861531
478435759
576119342
622604305
628958718
503906752
445303892
510022239
652306063
656384116
577107972
457622025
600948287
649324268
557007122
563266326
658510463
581715319
528664243
657844450
561967689
604440804
647561645
660407506
536165947
471117198
559645878
614164293
584995021
584995021
511001605
627753553
560649384
577046068
554766682
585878635
507142567
554501488
557790961
519256170
653406966
571234165
553461897
537180856
575142067
642647523
656924999
559559689
556238700
589865229
661444175
423754556
627518476
496254126
585618135
583991190
523575816
624490745
641432575
657626095
522750485
571873873
478379706
525360314
568804219
666479967
531101442
606211347
622189852
604543572
583021359
639513422
535245753
542063926
609030145
575214563
537794660
530017702
568268878
576053234
558733429
527396038
549031596
666382929
623688949
524703989
571536141
562802544
603897245
657437836
663956017
644045959
632361506
512956323
637874297
663003128
496831089
631462025
514684628
587221083
520640859
656538151
454403658
647309153
652712299
581428482
537671498
634218794
620239928
544960898
535282891
644921289
657765212
529095088
637200222
650300299
600832490
544434882
657375626
556727899
636991437
549283508
658277839
524677058
587486508
548685575
524350379
532923441
653200720
624327660
623590477
560669847
524982011
654105546
478988979
539347850
659532351
530182929
552401976
600786637
589463770
553859729
659594783
639645276
532380023
554812764
595713232
646023623
608635673
469886852
572796371
567904017
567473892
553779385
487066427
449403197
508918605
453569448
654394695
564682393
630955424
593579004
585166919
616645917
591867077
660452685
542514053
606405251
542544856
662364280
571762220
648203955
533103910
628075542
565546898
529453797
431062547
513880059
556305416
603872522
610802365
609021430
492930176
586081453
490581108
572219367
633468223
590363277
630815790
608852854
583177192
601685909
586343345
629146634
570757877
646752991
607747134
544966030
456525145
629330017
546919996
633906650
560751297
601785332
649296975
623725441
521810779
517232250
471117198
547934376
658004451
640121768
662671206
559105416
656059887
565186543
572524360
539347850
576100796
658004451
469497786
595319781
590363277
538237082
579674366
550440792
563482657
550533603
495126592
588416625
523523237
601008877
599875333
666500483
533384740
653235592
571873873
583422900
545038571
520439999
524271415
637776850
499181137
606308822
657620597
413567815
525784056
585534667
529485942
495443303
650117543
562353548
657828453
522769957
606042055
527277259
657364388
579687029
632743628
616897250
582159813
561782798
533772142
523124410
601489098
654953844
529062468
473212848
573576752
568510998
656406917
660806503
430478315
639458733
571102625
631092740
646721956
555819713
666382929
593687122
536935123
556496419
597881405
514393354
591521128
575218816
616781339
655170147
527698520
609754513
666544844
575211927
637547849
647917543
661023051
549225350
455946509
593200051
593233652
574666886
653321058
647401197
569279541
601191774
657348004
649321105
629096228
642956007
564700711
424246965
493142216
560267878
608463690
418335401
543292019
619786854
582859419
620600171
552573073
589006769
658263941
529203991
640538758
565641006
544241190
598009177
628458319
643783529
559453920
549140311
623975455
666442422
658263941
586048443
495794948
535777146
536551576
608467335
535704306
661265032
481498569
553345343
599113121
471406285
524827337
465573013
568510998
620581151
628671568
589402809
525490447
534363151
584620853
469271281
529917181
561778556
586069008
552573073
391541058
544241190
586796548
533800531
551592048
653662139
652462423
660159377
594619381
638230927
496554429
563615158
658050099
664302770
490056478
573623660
578109860
614855841
653062534
546896072
547166549
522927363
610668456
568229366
565018253
653662139
664204568
605908911
590035047
577433911
586945912
660036029
523274133
629907851
553362817
492323174
532804692
629419788
592509361
548867945
615942981
330046840
541108831
565528192
611568021
666618625
474082058
663754514
641127725
638416493
650761466
409386353
478911742
538981435
508761241
567904017
617581083
649506793
475011604
556672115
489524726
530971614
596663881
535503567
633568211
658622695
661168696
572137982
583870094
531377369
635871197
516787599
571898642
624644987
503049873
592235200
514255440
650146991
557149029
633631065
663636762
615825433
641112813
595331843
612630733
456660988
582092429
609063541
505455394
629629259
637767401
642182469
642689073
600285318
557048302
528870246
597477176
486080629
571381015
623634805
601244476
530516197
624769182
574191712
477618056
534563499
593063483
579301430
517310543
638948125
581648466
665269845
538911277
555041276
647707283
482997873
574513822
574335330
661795540
637115397
583723955
598010081
551860116
661829022
632268005
664176175
506514738
659093135
608289333
558210412
581983324
535904447
517992075
555831356
555578118
564495213
587334947
591386423
584129504
580648002
614169809
641707262
540181142
665688035
509584744
657127766
530116863
604051718
658510463
627746733
632337375
595795902
607289086
593513361
496575355
629969367
637859502
605247547
589476495
626719344
553655188
648077192
665480801
558962966
649179571
558962966
530586290
662074083
522446591
554102085
629764172
610163110
566044071
581648466
483193047
613047967
650263012
462014523
592674815
591664864
659738396
660407506
625462638
644426494
633685143
663810590
666646985
650019807
563402481
663440696
597027943
595132069
646400007
559599016
649584085
549643463
545928189
589865229
647309916
574098188
545717253
563261722
517994614
523384942
509915531
665939530
574870939
603345585
517604651
629982350
519834891
467565259
527635707
594879440
647368116
565677857
601494507
487367668
572282897
635228156
601268666
542041573
624039336
633832576
556195845
503092011
560814653
588416625
511203269
644455793
613500689
614277340
484431631
637570060
564011196
599579921
524610261
502645779
619110891
635187062
542227454
486592857
552684782
522089062
591604251
584775762
571637259
552959266
526815002
525394614
600377252
551461857
423885548
566105530
666271721
472223842
629882885
664842182
569726462
647565280
626611594
589139234
653015053
535358923
603738928
594560807
593187673
662719560
562448141
482282467
559387611
512734124
611664717
610693354
440064069
497101468
662671206
653473239
646976206
649579624
589950190
503049873
551137064
664342257
523791166
576980087
637948167
554031851
489791038
658244923
516214934
586350523
578271224
643243600
649165091
474576623
590421457
645987579
642825571
552649966
588385713
657979921
580757814
611582850
642158171
498423957
544390369
500160388
483240716
608345363
652025325
619583228
605837281
540944760
658371448
551592048
660969951
602444590
652719065
562013157
519827340
641910531
536715335
643521013
609492331
568672103
519470735
559616975
566330594
661263605
635328255
479111052
662632618
565232615
566158199
575861763
584298161
498898394
644523056
575861763
656896621
606125934
579745080
524677058
530512326
546649265
635629503
580470363
576407320
538529916
574580023
542041573
656886922
584939747
631387127
596158733
613808319
560583387
631129722
560821609
427626204
615942981
665480801
545856822
490099779
595525068
628075542
474061572
560143705
665602857
665656831
665699986
628188808
213936244
489258614
562218113
519460041
629902163
545456976
652431686
471259318
617344478
537886965
555654998
535259295
527040925
623071971
569731854
622789163
639396694
583617075
571487711
588635307
611869045
647315625
645639428
656708212
549032164
578409610
617268714
499365108
544241190
649289707
628111951
626460141
623514483
533132377
585182153
598142363
604770513
619759850
615285775
528106237
575520775
535721848
615732394
606837726
638860477
643156982
586158736
590052407
633411214
608031813
526695757
530586290
552401976
638833758
534040805
639818882
464630039
607794718
432639603
644595417
649321105
608660122
617977575
595943530
663706074
615942981
646907542
479559098
642168308
540601154
660219296
664475305
611487498
594129876
660516064
622715430
630121762
579762725
506651559
611999390
609384468
492154533
500135167
564045243
532141668
615753547
595525068
655586187
529992406
622042484
646254089
594392334
528691894
510379137
546661394
577780948
505350535
548007852
640921200
577046068
544778827
546784927
656886922
533817279
650912062
606863940
666158491
493999892
596404676
606573132
558146583
570473105
656421237
584020692
395222409
581933484
652033740
645809351
540189722
573849328
560866402
498405075
581301302
504998404
509195565
510324763
582568557
600008355
582355892
660949845
571917423
621097124
533947920
658408862
639460012
525490447
631259104
527294088
524054524
637096895
454825600
634690312
550882861
620742885
575211927
631469687
528817417
544002912
568496018
618105188
629543495
507551157
541283640
657497728
519938518
597458956
547783811
607497514
617383976
516067669
607220370
635069451
611342955
498602449
600126170
519875370
600832490
573865803
531343045
614848604
582905781
601701986
661113259
539505617
565941081
592766840
587327862
634820582
495982292
587051905
619338708
541149087
641112813
548273677
600508500
624864180
616547873
598744105
581104363
463405284
581968370
601305862
661811981
565972417
633685143
576366126
473421833
483542947
535022745
662779879
586703900
517372946
545340014
617716233
580432300
615258519
520754370
659432766
480046881
663338840
620239928
595585940
482487463
590957223
647401197
550955101
596164159
663844854
603243241
487675530
609305579
644628255
619191577
523635686
463576347
532574467
513300983
550264106
513349423
579174225
588380743
505287058
555621976
566387459
640736856
584624313
581248732
638187233
566105530
638070742
546876871
528454680
654669470
621475045
520771438
627060699
545094059
512416254
658969681
531819384
659858818
533117216
489779807
635762005
549639953
550644384
613272120
474729854
665296083
599760428
626332364
603815531
558211584
649619406
551095166
634773009
626460141
556428910
632653188
556742132
573685659
663023267
519899005
618496401
620462070
615608229
653235592
565504940
662753755
561691953
436439480
538610622
596481005
518172885
661626777
529998006
556497696
525280990
588414941
633767092
526293270
660562734
568917485
648587626
532759463
658768396
521698597
575152475
655253205
562448141
593767683
588964008
544847352
657984847
580203939
568521060
560807406
519758042
535466784
565827274
517935974
461165807
561967689
619066065
512734124
661682901
612901698
636196220
650300299
425479341
445403181
612985001
594619381
443289469
547227040
446694584
463161320
589869075
462010772
510083093
600787177
642087241
626616547
533254383
583672837
619958960
642855088
537439001
567789946
516053619
544993297
553955679
561526213
630624952
518355495
478230971
654369140
630022902
520379582
506280800
555098189
606131622
656153550
472342763
641691677
657916400
636650938
619284565
629004203
540406420
612577357
527127659
654436640
564407082
484940084
507720845
575475888
659284150
556213950
562013157
650011411
552656047
555802205
526646557
523151714
619175342
488885905
608955847
637773028
585905238
554364019
663581355
541384330
647553265
642371988
581237167
556721682
582331840
635704618
658253761
526185350
469900590
619191577
574099310
584750799
519990592
620208196
571074837
634942489
556274217
600294253
522927363
606397450
606768179
619958960
594162313
604985272
573510443
560223150
558649226
529373067
587514356
575088723
582621110
618737657
600574295
646845604
642469942
468458804
655388502
557772360
641464921
590243827
553933644
542544856
522849035
517310543
648433901
573113388
605953578
643156982
380065845
666268567
657939557
600753180
501099707
630283021
543804679
505181550
585878635
578391604
652804570
648882216
484733275
494967841
624375254
650912062
512438478
561814296
503606498
637899454
652719065
511775356
574017900
357202857
552319084
641150627
653896244
661357740
560866402
589512017
609592152
537733529
604182273
559366622
663282097
455946509
562290535
475500892
602602658
499118003
540670921
542618764
553927842
642689073
483787461
559897962
663760034
657578665
574112594
559947062
658783468
535650284
591800043
647520902
639597745
615419060
557602925
539089782
498582506
515082035
538939096
565731855
560157279
499174499
663003128
615942981
602781959
594631566
618287385
524156370
564407082
664025767
664176175
592674815
560533601
582763062
654003010
590202874
659866272
622042484
569585854
645972923
502087216
590725933
610102156
545469375
518399032
529394937
658428761
562413812
556504621
575993215
640562863
599431701
619264886
547810934
464290396
538694217
453018029
538991269
581366308
635187062
483309600
582874906
494242834
584856765
494265107
514624810
601648306
632451533
666409329
637294685
612636051
518921653
625236477
471156844
589950190
527150380
565504940
480013299
525292879
535199007
541708880
633245651
564035357
661971290
657916400
620179560
624582787
664791014
611740163
618931045
524917467
578946609
627610197
478310643
499888203
618903652
549938937
605837281
637192443
618965997
524794235
457811651
532901809
662621938
580479945
566754758
633994614
468565872
527774727
532218238
540749573
536873158
546736264
544885268
608864272
538068804
661621551
638187233
571381015
532458715
562164057
593200051
604120497
624110754
665079326
576723450
632066940
551802416
573018559
639767527
532608442
613219696
516200036
662999930
496509175
591388059
591911331
664842182
555916852
538952841
589207787
523067947
582355892
657214891
553478203
525394614
654272173
546560748
583543826
632756801
506823722
516691927
659166676
622038359
572773645
562554997
652383711
440236401
663545720
502935169
589660712
650548749
589834832
556305416
577780948
597458956
643521013
602149195
569574771
665180300
589368903
534322588
611829733
622019920
605852064
632625805
554572973
646388281
589701765
586732797
617012597
662465844
522017166
665540382
648473916
520379582
567154331
648232676
600616541
415807151
486080629
626611594
633608525
561376259
578092800
637812538
557307620
539939226
536889733
512511295
503924904
585905238
658685789
605276682
566859551
597011938
531097363
618110208
637500822
599527573
651416075
502542055
513467279
330320187
642410522
571896140
524914054
647232856
604011400
613375384
636323833
614092099
542633983
491057963
629784253
507513330
605837281
585006478
548050687
562035549
661816536
542303383
550327061
586589257
540213869
560867165
648672533
468465950
635871197
592291735
544390369
589556659
628314939
561258451
636648663
618879641
560072118
605220208
572898153
632588016
644403701
551193052
493419355
560735849
513452905
609027096
556369185
649724394
508178541
517184693
652983525
470719390
594050307
537759219
651824152
511065722
525160541
554325611
643676793
658900966
504307735
535106911
642190548
543676587
582993133
529411365
561087619
656908517
496673701
657193580
548935305
516691927
521332080
598109173
630859618
564885634
576341887
541638057
553242619
579986615
604836578
601875257
532767585
527258449
499540382
590641798
493187297
505068364
612286907
507050266
606072556
617268714
664260099
550223622
632190960
646453350
661708899
647309916
587067865
523332410
664862268
626192866
603147978
609189144
656028761
650372025
549550119
427626204
523792580
535358923
641303387
530646004
658510463
661166985
656495209
646977049
640811675
616547873
603300150
554325611
599644677
559569288
632068878
532263596
494031471
443833958
557302959
578511951
603629863
573518846
531274094
551319338
564205052
624399866
615849297
560660217
660124456
580439257
564025234
471117198
652392821
541233397
621326059
522003320
446155998
616531353
534121438
573971706
657035928
633900876
494265107
524571305
616645917
592383695
658371448
622791128
501395922
616730175
661828217
643027247
583032618
560235685
665258112
608401949
594436567
542345208
507084885
652378827
582955960
638075370
637845466
663003128
574741501
526185350
642788625
564097053
660219296
584277211
575639538
614514678
613141187
642382893
573212476
524026714
520498102
635329468
486586000
647315625
575610386
573035682
666200453
450707421
469270539
560674674
552034465
596623097
632387494
641354483
475500892
541610315
506612100
654800238
530828359
570225583
470642919
650372025
628958718
554812764
662583644
572440442
595581038
658371448
493553092
521133553
599610887
634569900
615050490
590492606
548427611
539026385
583147486
655436174
614526345
581346505
524612541
642788625
566859551
578817053
662007165
502542055
615717156
534559337
576551831
644936114
621888582
639916980
537364333
616985304
605659883
647309916
643096165
599186668
587486508
531332225
496566775
530589349
664342257
598456258
581110871
602614390
645779768
664912161
657193580
570330509
549060493
655035539
544578668
533217764
556497696
593223116
546829618
443833958
575519846
549031596
587917050
501712792
621892894
487299909
514452930
528956773
549270518
565721166
566105530
575027058
540678683
575435362
596981378
587991218
650463143
491569987
523664739
647565280
568160968
552034237
511381744
651511181
484940084
638407822
653428267
527910084
587258864
549605510
603897245
590279145
581082023
499587912
577262825
656867203
528992891
665474313
566103927
663338840
591739626
547145326
663033111
571243414
634668977
655810760
552482402
648587626
647547421
664093117
595926003
601863286
651315996
605542855
597891935
645987579
643511375
547907414
546045337
658622695
645643289
603963760
616466875
584540938
540910576
634711077
599964058
453978253
546045337
600737123
574288818
593564625
658835440
658900966
650481000
564528648
577796801
623113014
559856873
493762779
578412841
596711440
528364840
609642255
647871346
620581151
650912062
564634473
562733818
617403397
640111801
608447963
500178748
583389263
608835746
629180622
546109507
571158865
615942981
583427773
528454680
529613851
586590299
622182351
557812042
662671206
562772694
543124673
665317363
568510998
561081617
516199041
521049598
635119023
528817417
553080409
569833670
551860116
517279364
582608930
651473278
609527230
661742763
522438057
574616553
640914528
549912834
620388688
584587869
586343345
624101389
529806772
597891935
643918585
660377872
617403397
537129604
610786669
660819638
569833670
619282115
558012777
512920198
559975116
616730175
515698174
619852589
537591707
608452368
629830436
583983829
635512898
581225931
633686210
661308244
611580487
590763117
639645276
664200409
520962922
524703989
479990948
485223137
639172181
618890435
571873873
587960339
493139509
604240034
465849424
630611006
593770292
642395532
611862935
512431718
567447958
598542621
577769069
512825508
582905781
520155600
518964393
534286809
616034548
558273868
648470736
578643454
640180807
632880020
542668710
593820452
581411056
529387157
665480801
576863013
580401795
287303655
478446962
637171730
657263081
633627872
591404654
663932793
581638958
540055021
558298743
638781796
649008000
609764191
558304259
556221013
545392201
545619058
654506548
652605720
618990893
634181523
666544844
550739650
567091076
652033740
544684746
565546898
640421520
651160739
560706263
574098188
665699986
600427676
627485869
610734693
634238172
634263295
618874464
538309647
616550645
665296083
601261081
599109056
663045012
547036086
534286809
633025500
584523588
523525847
628505044
507645904
628653735
564634473
552142362
544128637
587386536
532976812
540240261
615203527
509451218
614382599
542980701
559879341
574719833
605827659
613075590
550616419
600015232
570234799
652911559
550327061
568496018
637873069
624110754
567531359
577682704
456612567
592600890
571239719
596091871
579426597
568682578
658186459
603173655
650827732
652431686
636472643
553573274
640824063
510185545
614180296
655170147
657437836
534330170
512677146
534121491
569044235
587894324
566387459
624056194
566387459
555832609
609207179
547995677
503092849
596623097
632434940
586565683
644455793
542093844
582885395
665884217
653896244
589865229
574513822
596493091
584542919
604507527
537318271
592217714
544818321
535282891
601191774
647707283
560533601
509023074
658096373
542633983
595427609
556161690
635951279
577333440
659092286
628922739
665283112
452940073
511149631
615380513
633019637
567232109
544680015
654874201
518661917
612589085
616974883
601702502
622975428
522769957
608864272
551956420
600204069
516573259
547344421
503031004
662288731
619583228
614758902
461370446
609341765
602409789
559956487
662779879
646693526
560267878
602617628
574248044
620581151
523255284
567904017
592600890
566230727
643212065
536833662
526204351
472479009
517485528
546969717
385932820
586756291
601648306
652849404
543964472
496382404
653894342
509982789
629186954
604224266
554709673
541099635
583606520
465262743
665172527
526574577
644826452
653543770
633541280
634359589
556387218
546794438
603615041
572481824
566336077
613312902
578058340
649423558
501225737
658499391
628514309
544058818
492598976
492608975
597967523
565396586
557892772
594803542
614271853
554844033
619708080
544241190
506456738
615874316
593647153
524726160
582905781
545021652
613685672
535984604
662971240
560735849
588663196
524342514
617267426
618287385
519203181
652352986
536920143
619907969
548292470
575214563
615862545
663581355
495075219
665656831
481651069
538307126
485394119
538685103
627232546
636564814
495977583
471131264
644534066
614848604
423073977
519239939
486030286
636132043
541568860
639516834
624835154
497231094
636597246
602335821
547011246
552401976
640180807
532335146
585891277
607001017
651325244
596711440
609145181
663573348
545827715
489556787
619906234
594311450
659191009
518655482
626434190
594980694
480671236
605726738
643469847
601180238
656898160
614519050
652191183
514931927
593120444
578285789
654509053
491165473
516557355
481535303
655986980
659699568
647315625
663598458
652783982
653235592
598465865
590184865
582885395
506019500
601180238
553235368
565546898
534275628
648882216
639172181
642825571
589454709
566756061
640421520
517574932
646212178
643747886
527476099
481571991
654710168
665474313
554677476
489750849
511293017
565197827
617581083
609145181
564712280
467766731
627948563
664728096
432899283
522820243
657325655
573623660
514728787
556859193
630624952
530962884
522593301
511205349
551354735
604216831
585405180
518161972
574732902
466698861
572598834
606986249
622904199
530828359
427324501
471259318
550867051
542726991
584449861
579458724
448001359
605143343
454560742
584775762
461264316
561892416
496575355
502780167
642893589
662359172
655443960
521322901
495956400
642788625
609593704
631468288
507112605
551971916
638467707
537945480
531302014
530767728
610715340
615380513
533952616
621097124
633991330
505842212
511203269
596224346
572714323
506609425
590202874
551385370
576710566
579718379
532141668
636133161
661436072
541985410
657979022
624498945
530269001
613870614
530771701
483795275
546681153
640421520
612190310
648059982
514267600
552482402
543522121
591517824
633922457
611932071
645987579
657054041
507270125
506297954
530000290
623932731
480610533
509207414
558775894
509915897
640914528
656284658
554808517
596221171
644220771
618668977
619444981
615520555
554777428
643857477
513942357
534398873
521831203
530094172
609124254
636383612
584704486
561187831
662868229
581717644
571211734
574335330
536833662
541456507
578522851
543073890
614319195
595808909
664253404
651276496
559896091
618525509
495031258
652374834
625405115
540614523
546675251
478458075
630712754
638675224
594186334
545416022
542704356
550174981
530182929
532000835
578349538
567408636
621262168
528956773
590202874
649078953
666131460
635951279
527884433
631984983
632469115
505490594
612658385
619958960
520478421
535435433
589376627
575334121
592443899
584104494
535944250
569640314
574502159
570171742
631831326
622396034
506633132
506436724
566226993
471722882
590202874
527882523
572714323
530867915
665474313
548841299
642378870
487135955
504285202
656487601
593779438
630166960
616827617
610035431
538911277
454286388
638847942
478379706
551495125
583870094
518067572
548733076
569731854
632425967
571243432
515427851
637704127
527811887
665901940
455209201
655286568
660407506
647289455
535066438
631397392
401255319
623787713
620020946
462651844
659503132
456848821
602796751
552948031
575333463
556011729
631658601
607738024
530340611
559897962
593838031
495011201
656606697
637350035
631864168
657550940
609384827
614733929
551860116
597509375
579274683
585228979
531369599
653285796
569030863
659284150
631437103
620736889
590933738
567255606
539749240
516053619
661682901
553906833
603526109
564280782
577333963
474303546
493690186
602781959
608563501
580439257
633411214
626104863
606412507
464640662
636642046
553481257
549928328
655731658
599968936
558710436
544002912
568951350
501395922
643681220
614215545
549771716
568160968
650300299
561778556
647401197
561110661
538494287
608204798
637298149
522748983
659776111
503939940
522849035
604043855
539749507
571211734
593125849
449212532
553794874
580190105
659048634
653235592
596603646
531719984
661912115
595957697
502280633
620462843
615238140
636118945
618059473
571381015
515053764
622977847
630182043
532499256
608563501
535564020
505248918
612151170
537191499
561258451
529755222
663455282
599381652
606663530
575027058
622564678
536787117
584584904
508925059
615459657
652553128
664771219
566583889
552649966
481343876
641354483
660410003
557307620
564911714
611317885
619958960
571069866
620581151
612222964
496397831
587383571
662671206
623466874
591470565
655596251
664176175
651409027
657555553
660847916
543151168
552836024
643130046
636656474
558003404
555385691
465613613
565102796
634233759
588380743
560216431
624196635
645706376
614733929
572450781
530129990
597458956
552068980
664342257
555916852
519899005
567734253
545664188
545021652
551508657
505868637
503624033
510596616
637525988
497203588
451846966
565983569
510978111
616930385
565504940
611457375
610067945
578080776
625074143
471857633
525703636
615645394
522926512
612159896
529073439
549032164
575914227
502533697
653705071
561539337
564289542
554689325
658418958
666268567
499774729
586566142
524643749
523764654
579859867
620437863
610074697
579002081
576152189
629830436
482104297
457542199
492818258
630953537
663220620
608658009
529394937
366069492
589476495
516362057
603796771
586980357
657814603
631259104
631045518
641355840
654424579
580090367
534616370
660775947
599384345
589246994
511081599
653308793
642227761
615942981
634616968
585364261
633977329
614098516
586958504
528498865
616985304
615170570
587832374
483276267
654141652
642499579
561112399
662501620
631829929
536892848
584633235
615175896
554325611
578828036
519509699
601261081
568396595
650198959
584575023
500979665
613883147
621685076
496523848
663003128
530116863
619958960
523790835
638467707
513843158
442935358
496507640
558381640
649028195
598879493
588278829
632794650
649111056
628367405
540979781
628428723
579158080
556057466
646907542
647163131
542648393
545550060
571156444
459112696
548238427
621354726
575365722
543976185
625110032
593052243
574443690
546876871
525450630
466038636
510974205
642960222
626652193
608852854
561318634
496490976
539414103
654500047
592498026
619138248
624722281
648655253
605837281
601875257
451846966
637098615
477231196
549426968
589865229
515550618
610808579
588034925
580168090
567543654
474245254
566491672
516932485
561045542
618971955
481651069
487066427
658942302
602739353
660144790
559893678
596306931
523438026
617432070
496316323
624785359
581933484
535259785
651503598
639286157
612282505
638086515
441717085
656923224
530771701
549206197
634170170
631051441
573849328
544901384
642121581
572340568
571951355
604365802
510009947
651105264
630281756
555156370
636721336
476040305
551115638
566105530
580290897
602178865
527634793
615732394
534328112
563755436
522927363
561027796
615990464
641723961
478988979
553123400
553839160
511474208
627098747
665258112
440066264
573914509
530366337
598859854
545779071
625653915
628335334
621223381
628032648
563040694
662200026
662251917
654345810
546919996
560866402
641762700
454208419
457547168
582673681
575011868
627518476
559599016
565186543
590363277
511613017
615885680
651473278
603702655
662338965
640278357
597037408
569693953
617586177
640811675
568494137
636336485
519944715
526417938
553800760
660101915
602671388
595928694
571724822
633727358
616827617
606117895
508905606
660219296
529604786
530775105
627267704
593430907
530429287
640914528
568959911
582295114
451394466
643783529
525470464
661556029
528205621
577433911
555497244
663338840
661682901
661602000
591397639
560974075
613870614
544301800
488773916
490524054
661682901
634300371
583824221
580332717
591818581
499167449
560428446
542130697
604009401
585586081
663956017
552334893
517014603
601701986
609580122
613306434
555578118
631051441
661794831
638468976
536232672
634269170
605657741
500442681
578832029
611102927
665048215
620736889
635734602
582688123
553489815
578568922
608784697
587292314
529716191
627241272
556274217
581009125
459890363
542633983
638743577
481023027
512431718
594553763
548508732
600958956
582550476
406984583
664159756
629745058
634773009
518964393
481530706
541634888
557598454
469151436
571617882
556354422
610260431
558854301
627699875
578631703
596827803
642647523
583369032
652508053
568740010
609063541
659847870
611557885
643882831
659973001
547783811
583997086
567665042
547783900
625701873
561711958
638467707
491286398
651004894
580439257
598618769
551819089
515750043
506342512
649619406
573098316
633828825
546699319
640310323
575904943
478950061
651385711
586901107
582250015
553010804
642816173
461438025
551754439
555920677
548283325
523505381
566372536
617953764
544373583
590363277
554812764
633080544
579318568
571617882
559255641
611555302
645508767
638743577
654790255
664539549
537364333
560920031
620627246
591708801
563306982
648363430
541345233
538585236
633680044
649723422
574715417
652431686
609145181
614254805
607238588
621541505
536436806
603386003
622491746
666571691
661602000
650285416
564700711
614656508
590467169
533159051
543871938
632288849
544643186
491962970
631984983
655846473
512122284
530646004
664342257
593648652
559065397
637890923
633276266
515125756
638014203
467427747
625685792
572162385
650227867
589512017
596537967
600742150
626423998
612420077
499817792
636133161
666268567
506782547
558775894
597085460
560533601
551305127
513771069
521098993
617268714
505842212
547801269
654123740
504148436
599895785
610528179
517603590
577780948
563785440
555802205
246185210
582715614
622715430
647315625
611175845
569989767
500570767
607747134
484431631
599527573
498558428
632434940
605235989
664444345
573971706
542381451
616105530
650759353
639513422
597995857
586694511
572674841
530559644
577205617
605938576
645339739
612936402
596493091
646721442
528660589
628472907
586590299
632381542
607758387
545665458
515057980
563852195
541782849
643995474
558871197
662338965
518293823
450160942
572796371
585466880
544399173
625582631
520498102
595525068
519120421
648298625
530801848
618310707
564082954
656873984
612316235
643998706
583658538
552234064
619958960
611024035
522203182
513635757
487700449
522479584
473175770
519827340
477949142
590052407
546951335
665656831
511480148
537612544
568492425
661971290
577023960
580630535
512414589
608452368
493532003
458138769
552195105
643346150
618515626
638649876
525703636
587327862
642854511
574139442
595449640
659062218
608463690
589950190
654003010
655216188
594311450
657979022
540231809
590688075
506948595
510313783
645847424
547530188
558649226
636991437
633570304
531940399
534350118
476429502
575168319
611287259
644376211
571370920
662940501
536573805
526416973
551756813
605170882
615974157
616206406
545579132
529340947
656050388
602289383
661585090
476791988
619110664
565520976
629969367
530914761
421304033
463942010
642387900
648459377
566430497
593200051
599490828
591982648
549631208
665844964
519549001
560230886
564019617
657377507
657375626
652540398
618912729
644784942
585878635
0
659079069
613312188
491165473
643742858
481793333
623223481
659671477
524504920
530518729
542333372
512934435
591110196
619480207
539384484
516914439
614416009
612654603
607497514
665504007
611240607
518357738
616509433
624230845
602372293
647629236
575408723
589545899
547075682
527030874
607237126
543282268
599384345
591285112
505291787
532563253
515145029
595615927
534036346
638187233
616732559
568677762
633686210
577248499
647605826
660562734
512722352
587817858
666268567
651832292
523445008
492829753
646259700
510188289
574105407
594199536
582427679
615238140
605453696
646721956
546520908
477949142
557187040
652809859
644813467
614196622
547266429
564451409
527941538
522927363
564236603
580332717
647315625
593052243
645674171
556159708
647333350
642735972
628633006
562525105
649651850
517850951
589256005
641512550
585704961
644778406
544680015
556200188
547616084
639221771
666576198
569781675
639172181
604908046
581626108
518902807
648368225
649296975
616129442
630798964
443656756
645987579
606679165
545923721
648672533
563450390
523652739
572187243
623184661
651558462
657916400
660601206
599647598
635740601
537948148
664539549
527242932
572796371
541209684
596516630
633922457
655794146
530847422
641762700
541722268
574513136
651588555
640889718
570379867
493749600
530646843
642020057
650748740
568806662
467361431
543073753
630872049
663371660
519470735
650696284
612465175
560982013
607169185
589865229
531396488
558180045
544241190
619175342
627816686
530589349
523748973
518775067
633913055
499328942
550402566
532681722
564730384
588024356
602941270
533310049
606608073
608463690
536582762
578365470
611580487
662504647
603207712
571951355
501786852
645651026
652986994
564872028
609384827
658169668
666033084
575218816
544241190
541151554
620736889
533720515
503339460
659758053
582665032
555802205
526777926
582886808
616540873
656027565
523123537
645710799
638370456
561814296
536436806
428871277
611114793
622050596
661308244
649321105
655269137
519827340
637607211
584624313
656295878
535358923
586927847
656169472
660977460
524704527
658096373
552650487
446694584
511626123
644797781
642378870
547144314
530182929
553852797
466073066
622453141
514393354
548250253
527553395
547530188
501715272
640421520
608635673
664176175
532130256
629126827
598905214
541268599
471166120
599429080
523649752
541634888
437360071
518655482
589523087
625404311
522499371
461330002
570599968
535077120
619980786
603229632
603210301
565045347
644958643
523149348
661145174
529392958
619134801
644680146
661602000
604005125
527150380
562098718
660562734
540301719
664824401
576980087
620012133
655326060
650628630
409272171
634527251
611246437
546243584
611838778
550176296
648423688
587769826
549432562
594532373
617266240
559329141
643178136
499774729
535259785
582715614
526903491
653221775
608391209
521430071
590911431
530398780
643648467
593346670
583875380
653055064
456828570
664367416
534730409
629708729
608860468
627330993
525714159
602941270
657193580
625963858
593143127
556104222
595449640
492846718
535991233
471904298
449618364
589895817
653238476
514250818
660410003
523523237
537286905
572545900
524095357
552319084
560641773
662940501
655636224
568937567
575604726
547184773
503323108
530771701
599647598
610507929
643967563
590187750
533727629
625459230
605322375
640796756
601932380
512487680
619336717
629025327
534656882
514047899
615226136
634010239
492831592
570119439
628913621
598534486
575063322
617286109
594529690
594394204
612797745
550735805
552375559
581142052
547490498
629982350
575918812
583406196
543016553
608852854
506417252
643871235
635363576
640421520
535510046
658937374
620424813
474761679
642289973
471286519
606913657
564712280
586974362
611131271
584104494
506310325
570564272
662151640
665276554
643944258
640745132
650259632
663371660
627983023
588251996
619454435
532660788
541380259
519524937
640572309
625714793
661308244
596739514
536025177
549705550
647401197
522889354
608394636
582387372
575451039
565396586
582550476
664539549
499587912
613793952
601685909
513294632
522520673
656499065
640421520
455202385
645809351
616730175
659354867
594616777
543321279
566754758
528862545
559537056
637421424
617162484
619396895
544064026
661939400
626597321
597011938
449885365
603473208
547059825
491950479
542041573
578247633
595005949
652585177
646860562
657620597
533804609
595761439
588375664
653200720
643656083
644805370
549914021
610221488
651167350
527242784
579072482
614017523
623069804
518632257
656775732
559138354
545456976
577433911
546376115
474646241
502413834
581929938
526239729
560072118
620727881
538668863
562616897
544901384
528971595
595062695
527827648
575994720
590553674
601972768
652044509
605837281
646907542
484675383
666503537
642656784
660036029
632952634
552174543
634820582
652927919
568496018
598102500
558003404
666500483
579859867
655352536
664156279
658900966
665918766
563764233
589006769
543348333
534441663
663473179
623006266
646858188
605812565
642338159
514479566
639916980
599895785
651473278
638372178
520428683
510148416
586996657
564516001
612630733
638825049
662054325
652741043
643966274
608644527
535257626
663517656
664819468
538308825
506590860
498184445
569469751
516759398
665474313
660621863
602211931
666300898
629969367
514499697
619926063
605809933
634823538
565045347
585184307
662999930
540053838
526395649
533570142
501759514
627060699
594406080
559481208
570195076
654124275
566875438
666442422
535850487
655606711
586437805
628064122
657620597
541634888
636648663
612781931
497200243
583723955
527028491
491513359
602569127
658510463
635104650
580926999
529744227
647148390
517736242
663316522
661308244
560866402
565293223
485624161
589527506
578956872
570402823
659858818
529326902
633459985
545217291
540022805
620742885
590202874
597575455
413680060
636323833
555037943
636212104
550739650
643694273
489566418
357202857
608103381
496193191
587544039
601481448
599579921
628770602
641287947
517994614
598465865
544091919
641465946
598211785
601863286
592291735
478741341
558218118
661912115
570362424
436635059
549939754
654158391
648072204
571126073
571583988
590774259
591818581
616211474
619958960
658263941
586855474
653235592
487998084
654222690
658563266
611602718
650455097
489688085
581575061
557413592
658625971
484895862
561670311
647886123
573284075
533385082
627693195
571234165
584246338
535336142
665480801
573971706
603033938
556221013
660601206
653514523
613139614
475919159
634697382
615942981
663721789
570682246
587238136
550739650
497544300
571487711
627027651
526846236
642959558
631864168
652804570
630173675
648112644
502049451
538515526
665084548
640425490
640914528
663140814
626906124
660432582
643694273
547484345
568777023
647985749
639456371
543926252
628188808
641634283
536767406
644026154
654424579
544946837
590889731
562085890
626738683
517850951
659354867
622548497
632536134
610145670
601261081
648271165
597480005
466988120
644276206
597011938
567509182
511704054
535471519
593981988
565866583
554239986
663666074
582679705
660279055
653062534
584104494
544064026
504243038
633122785
612670431
544399173
625607890
554342173
580433741
596711440
576425601
662779879
619893459
529503153
520461368
611325671
635082071
566552307
526194735
586432809
450486321
405716793
579611469
623165500
532879198
645236003
497483725
561425815
633059140
663463399
579563001
652352986
643882831
532218238
520902526
665480801
478087804
569046612
576119321
587854792
543370493
550122438
575088723
608394636
517850640
561757772
542633983
545098894
569385539
576247240
608645294
597480005
640117839
658559979
558270916
562254855
554321692
549360064
550739650
556552301
607660602
397531947
617268714
581083832
587135032
528529050
596242737
664371353
602692270
477048005
658799500
423754556
598009372
640477988
650696284
599114852
500266894
518056213
612901698
577780948
596889546
549319828
402324342
594567934
644523056
584251565
530589349
660661596
636378594
599098987
621211134
575218816
634561262
570577277
523384942
608711340
564407082
659427260
632009992
526574577
645498427
602211931
545021652
515309805
518140749
561327592
658900966
620541743
535077120
521038741
482318240
619566681
508188259
603475796
515394285
522085602
637943341
571064527
600001554
571521718
530340611
656465206
665025614
494314305
633985893
632629307
625046687
662886523
650284616
522338951
547879231
560064535
525721888
475199470
650155837
507217905
629004203
567232109
579447195
631643723
663178839
660534930
634085174
588194860
519827340
501860422
533479669
591593703
551860116
602096940
566756061
628557817
620949788
553499224
602692270
575545446
533809772
643498315
574694610
547403506
619958960
445303892
638469037
577963349
573310324
563119914
542922682
659532351
661308244
518140749
423146897
624864183
628861317
592689503
663872145
586153132
572126092
635851902
595843990
605542855
631171455
634690312
523353119
574666886
555831356
636163886
570257849
530182929
539142208
551329132
664644187
508332194
611932071
662779879
612625018
567709514
582787709
493098882
539278598
615050490
536030738
614555831
647655892
654409733
566226993
531097363
661708899
635852126
547765774
647531036
573116693
661526024
522435238
567276499
534040805
600075423
562627312
615916311
540889102
578767145
652293357
656846032
529323871
514389092
584409103
623697111
475510873
542243485
595133967
568553937
607497514
636806322
608852854
527510197
441074144
521183001
577780948
553811710
543666251
665480801
664151202
554317032
556727899
592245355
651378675
620239928
581346505
611496621
552895678
561027796
541985410
656682278
533639585
546026125
649321105
599894823
655301893
625935601
522558080
619659830
545024308
541981481
569646820
591137970
611602718
618668977
612465175
540189722
615419060
458538281
662360332
597826032
653966909
564430026
577272632
555735403
572955863
633832341
588858635
524794235
566350926
536282500
637816440
496373399
634359589
524612541
611437318
611335471
620852571
513635757
532389278
639190673
586363397
454397309
632190960
515796434
590834674
574139442
597006543
497316988
666463592
648437959
535465238
601932380
526976366
599490828
629885849
525245149
540736621
503339460
555946924
546027130
570018360
539632204
518047974
594567934
637103424
652248336
611999390
625617456
612515195
601090349
595238352
545456976
575451039
615231989
661811981
618276879
543419522
616216823
652712299
524266271
635120167
511527016
599105796
649507659
217763707
517074030
569360172
569079346
618248599
473837387
630872049
650485952
666449426
632371813
623071971
554818927
616695792
647315625
646977049
492997262
589617620
638378302
526942578
652378827
542265538
424373726
523427486
544399173
660410003
588514878
552753579
530269001
648161037
590035047
646752991
621106954
452645540
475478629
548162658
493563674
589950190
587929268
566350926
588416625
663003128
664417227
653321058
547059825
595655540
533559578
636519389
507390445
596070948
570634793
603786516
577583419
552967594
604411276
633384281
571637259
585475628
546787134
578611039
570586828
610865994
655663475
575434039
581432574
513079914
633906650
561846793
571583988
532458715
572598834
474265015
654123740
615917736
630229363
593268028
604588689
560533601
656586026
591800043
592019293
548784221
616498233
453569448
644455793
531964116
651118550
663754514
503306783
579900273
552597172
623824546
561347631
552895678
537733529
630935657
522827603
660977460
620933205
523523237
544241190
577859960
665656831
612630733
585182153
618249773
536920143
584531306
661621551
640310323
512106881
665396953
646538903
551137064
592102426
619828958
665172527
568285870
491439394
664034700
533432156
610220434
634815621
658900966
544399173
626599251
620549124
605373746
637442507
618496401
567050949
662200026
530461028
551686066
650198959
576152189
506546194
658559979
541339618
665258112
643905712
645722860
433636159
554516906
419777660
547075682
643691716
523777165
521281376
498764803
559845505
591598144
666353425
656540844
666059443
535471519
506861319
653235592
641287947
533857841
655995922
582440947
654985694
520399167
565057914
526880367
658561526
599627959
597011938
504533784
610902086
615514142
623006491
637378311
635622733
566665294
638046193
492190477
664644187
548630337
651450365
645338587
579674366
663775844
529383696
489016507
581308456
480912591
540154437
539992172
523784736
587299162
599579921
518665601
632864044
600442290
532283446
518182169
493973581
637812538
586321046
599095583
608345363
537455459
620239928
556392831
625582631
657885855
635951279
612530118
616318010
581432574
613075590
550068113
517667096
508375104
657375626
620981684
579274683
658510463
605011079
624858416
585699242
559190482
592239994
521146530
592922281
514401572
625936778
556045538
664367416
545456976
512431718
598146274
389303299
606708352
663235869
586491824
569731854
555883901
658171014
492154533
608033609
570554070
638279740
662671206
528304635
566710239
610636078
480090572
631718380
525490447
588375664
638046193
651394353
620293245
633364231
662126748
612286605
622334445
660653458
575218816
598005074
565731855
657823282
625119019
606879683
641651497
592079515
482634539
563984860
608864272
453307199
468272465
664342257
435067393
631557533
555435877
518399032
533384740
579623873
615625971
634662740
572702516
657336053
568291770
664888495
527039191
616730175
455113040
494209293
577780948
548453605
651593902
662869552
566336077
536612626
602324208
356344892
525861326
529917181
612119894
660456046
622820403
442963760
533860125
665296083
536605381
597480005
593611614
663473179
553197721
664098700
640874245
532499256
606367070
536185467
578695889
543676587
532563253
619683778
507336407
542118752
569753599
638467707
601584912
632440454
639005529
512674821
647575909
564406869
576847680
520535959
558081805
529806772
556572086
616864258
572796371
560072118
643871235
637488309
594532924
566589100
662178689
540091633
575861763
531925383
658937374
556165608
608868459
545325257
555343936
534024205
617403397
616730175
478472889
553509332
545762770
616396240
217822113
533049153
611580487
574557174
584333179
515669183
608518665
505291787
628087096
653139144
657916400
534002591
564956508
529980321
591841169
662797109
534199193
661753993
624582502
571599608
570438221
605621411
549140311
621140474
598064959
631821106
574926134
604622467
580185002
520754370
665198060
652849404
584104494
557118544
586069008
599827867
618518501
642101090
576847680
611068107
650360636
618287385
650416733
613883263
648404144
660410003
485244636
604010148
641723961
645311775
666500483
534363151
656775732
548045656
489722188
611999390
605532648
618965997
602800296
538324593
509561705
660927154
490359442
662415541
570319347
607888924
580643242
537235511
622192273
523825656
555377508
638743577
644523056
623367986
547402745
594355125
570650954
545619058
563984860
572563992
565057914
665231813
647026965
529799452
656940102
590461560
542063926
533273845
536935123
624722281
572632341
529485942
583623919
616730175
507509919
609043559
610426728
523009125
629510702
596319065
520041389
520754370
661495555
494215192
510957689
596150325
604645822
639172181
660080527
647309916
538120221
509540361
497983641
523784736
598323813
664367416
535939962
554689325
534856295
571583988
642526969
647271682
634172025
568777023
562650734
529026002
595700269
566168036
475919159
613304604
633123124
561658815
654059834
632989867
599961361
663839279
536206568
640410433
596298673
630640379
507285878
561967689
556152300
624089343
619583228
650455097
665317363
532959077
561832942
623983733
628321365
476098229
574401991
645642340
624794000
473693226
603864087
623071971
559186522
547229864
522773589
661708899
535106911
591975122
558775084
658587831
546998603
570545504
599443768
598211785
657193580
584620853
530589349
567394792
584268922
537191499
587166504
630913440
550882861
662288731
543982231
596664220
553293892
530234058
663675591
651325244
661708994
591145528
608635673
459935107
526544168
610640751
512018915
619583228
646315033
490900262
630369605
554709673
501276023
526569676
631802996
643462691
653221432
596158733
578247633
508707100
652037311
565827274
550735805
536607987
629184155
655663475
605336152
529426024
645316729
585182153
607048015
639094704
591756269
513365751
657689822
557091312
464217410
558298743
563321695
624631293
545094059
659562083
651385711
536779762
634422921
581564433
623067994
542372755
590957223
570800544
560054495
576813679
602941270
588473875
538224059
588375664
619989146
533132377
641181654
551706596
538558229
582905781
499549018
632371813
522917235
574930084
439156860
639157358
610715340
518831299
661602000
534196652
429562706
650248459
497598920
539669815
472374435
551706596
546681153
656384116
663004220
501319680
558904495
666646985
643944258
550793396
550658555
611740163
536030738
476866317
610812414
581138161
638743577
540231809
511301842
454723455
506108140
597254715
592291735
557081373
544680015
571978749
597504227
605809933
629181713
501349086
495727470
614667803
658900966
564261737
597450857
478842379
360463365
622189852
472364352
585586081
657662092
562231574
661682901
624167731
665048076
633798699
601242297
602253766
641813657
600367920
664003399
638370456
510781628
660080527
635299699
584104494
637449460
513782057
528524025
568682578
550861531
637115397
566175865
493664732
651655978
555098541
653235592
639648344
512476390
543948617
652431686
523576095
508066122
652927919
618236650
592144253
629982350
607382395
601698516
598530877
631580721
636196220
513635757
630772317
612783732
618315536
665258112
611726541
626143508
557598454
616930385
665480801
519827340
648423688
568510998
638866580
470901997
536802462
605386770
474542944
633854176
649000790
605825744
660137114
664118139
616047359
609593704
597928723
600832490
608864272
644695526
496169413
509540361
648643989
612993063
625043588
662779879
610578355
612636051
535029079
664791014
568162329
543978717
594099396
429123276
665901940
576980087
557849670
605247547
657916400
641303387
606987717
622761131
516820754
488885905
530270922
630582026
534647175
662501620
554870314
587991218
610750003
664056155
568571091
581399029
597477176
661753341
571265149
514276544
619958960
526776400
565693054
599388102
664539549
572687468
554253850
539505617
654345810
556224506
582823886
571325461
554709673
657703892
577405646
660410003
508198949
665000936
561677246
540813338
605837281
525721888
582688123
644888422
636991437
656898160
550390229
563755436
600332680
524918800
629969367
512018915
656453986
612813149
454347601
628511711
483588918
617091288
555217203
490484185
642482980
538515526
654566277
666015124
573542222
563530112
621989731
611869045
663545720
581432574
454308465
612630733
641254174
660851729
569832571
584320973
593321128
529716191
536366211
662971181
596004116
538276320
630497663
602383957
635654178
648655253
635187062
605837281
657360035
539984436
630878364
645513538
522294983
619264781
595618920
539347850
602556271
552967594
505264803
660219296
549162002
562140714
507390445
517064119
599655380
473551416
584584904
439368560
577575971
524068766
531338253
631991050
593351307
495816259
485653041
617266240
622530425
576100796
502254849
619077210
665317363
664725002
615685909
604005125
501839068
639485142
660592198
458828885
543892662
501399999
514542114
617648841
597002884
644099813
624785359
635148692
658371448
664156279
649324268
609878305
554887597
527264039
597291298
644783174
499270071
641246596
542236382
599968704
597928365
573770903
570596870
583019499
603386860
502063164
612190310
547108674
517290781
549744699
475823822
523445008
658783468
485520165
534962623
582568557
590421274
620448337
458283054
665474313
591779269
603477566
495619115
583603632
494745262
653592387
573576752
527575552
629078928
632425967
660486616
590431603
571611471
461602761
507768148
658050099
619616955
614900483
604122152
548199213
629970519
656184431
584584904
541899170
630237327
665048215
657689822
616989656
613533886
642811549
530398518
524329357
501121629
468272465
593200051
463487434
500926324
644280808
615732394
543948617
616870346
555511375
516196759
608428142
516550814
525245149
523181501
502966387
568026520
506590860
656022374
498679840
633459985
582520345
645403868
630157579
666271721
579075509
530729738
522435592
577023960
630844809
544837437
567543654
645941090
621676334
578840693
650156011
649819039
572137982
573271841
612988708
542123467
597313951
540337098
644182608
625201409
632433315
643909343
509674362
558734443
552769796
519199852
557785014
524726160
614881463
586436965
619175342
633906650
629969367
576827808
560652455
552346968
505842212
548227721
664824401
597011938
631984983
584020692
582607202
609145181
666195916
535903759
648187254
608238187
583569881
634553573
656028761
666404121
575647826
650372025
533479669
540300378
605516545
659046365
574715417
586811372
649724394
664791014
577887806
562235145
568396595
546590244
604025657
632371813
634238172
657495648
601972768
531720285
661708899
597189923
623367986
487995032
623466874
528425012
526585209
552174543
662018847
652389662
569912619
505455436
601261081
555246325
572719549
666022631
525929938
618271544
536620511
585700576
609077976
524591685
591397639
568601385
612022077
561421013
621892894
543948617
588464618
553509332
512125939
561694248
642087241
586284927
520935844
598597336
536833662
515345573
605726738
547899843
526823534
653466588
645694686
638416493
619516394
619906234
517290781
470518733
630880082
544512414
554325611
636133161
552895678
561425815
591525134
616058837
654832986
486151230
604224266
514074764
526569676
623538102
548427611
628111951
599991905
565504940
616133466
571265149
634496072
579859867
567709514
510441634
657862704
647769015
587068335
638788032
581893364
626410845
486151230
620138990
638523107
584311619
578963351
646388281
622530425
660055098
618276879
474907114
639256878
470518733
603571556
558832431
611042503
556045538
642716678
601243470
544899351
480614715
635187062
628994692
604198726
590243827
601261081
597625722
520767565
596877733
465543909
587908967
526619506
520978100
606131622
624919509
544595372
499774729
524640629
656465206
636589609
492914081
466644793
641254174
609845006
483038674
610936259
663534766
652374031
589368903
548021141
514670791
561539252
530096297
530398518
567959313
579215966
538705528
520694861
613883263
568234574
628557817
632440454
629889858
654911117
639251235
665939530
562601119
585445038
575993215
477490532
633941897
599924276
521394276
654408046
508199883
585182153
665656831
577257134
614838980
523030677
665474313
559308767
654141652
501373514
570119439
622206004
547890917
593245785
574139442
480144118
571637259
635439235
518902807
548250229
494491541
508923934
551261825
658942302
555037943
655285138
615645394
653729882
630182043
665602857
576831134
624857369
499977311
562696143
489580659
646999529
618933034
575545446
659924391
642906605
523133110
631158067
581928786
623721127
572680073
652605720
663706074
645652947
637745636
657714250
574616553
657981759
489782688
658092464
544725836
614721615
590994412
595319781
518853373
583617075
623932731
657916400
549627610
531605848
624043974
571354256
519270259
634111837
507438863
604002008
663455282
657375626
609021430
606412507
625917544
637690282
594597323
564127294
639589181
466133066
587438303
551534254
584775762
574280679
624864183
649998669
583612420
514864283
597186918
597575455
662338965
643909343
574930084
522159105
518655482
567408636
614996157
458538281
649324268
445791078
634711077
612243307
609384827
657916400
601089620
517994614
661508763
594035660
488323721
534758624
572462193
581931394
616709437
494934977
614778704
642780942
459223821
611602718
530771701
467706954
538175666
608466256
664342257
660542787
664690363
559259343
602941270
623184661
530586290
568984672
612636051
495441756
663095064
570761023
567408636
519827340
466308434
666142574
583021359
652587753
527575552
644778406
650300299
610385375
655301893
650495935
516529986
633903958
620239866
634333169
587946093
560920031
516550814
665292417
600334576
551319338
581928786
571637259
650155837
564205052
504539690
556727899
608924038
505562085
593052243
536206568
597844213
630667215
514285473
520478421
578570928
637179095
507551157
611869045
519531310
564462257
515224054
658510463
482497465
623516188
652946255
509207414
583632493
523164161
556045538
493737056
572021219
536141506
633057149
618812479
538339680
607699048
489158630
482318240
624364616
581626108
596603646
650912393
533538463
477994383
555907303
665712471
531235543
649498266
547631323
658900966
558082667
450270768
545114855
499348884
558431030
565546898
528086889
580926999
482059738
523660237
607687438
656028761
555681350
630022902
465460875
643909343
538971433
606456400
479804966
520825679
608397359
502780167
660137114
584542919
642121581
601863286
574071284
486586000
634263295
597480005
633685143
606852717
663178839
532278405
622977847
571281720
558270916
587991218
638405263
564032191
519899005
599351027
665602857
629154894
661708426
543091225
608166749
539984436
649203536
526109328
600292948
546355974
612445604
652524912
567158112
648352239
533664582
553543052
583623919
605743814
558904495
542396325
636629593
564260428
574017900
600464238
498405075
608394636
560072118
638833758
574216067
632402600
541899170
568258231
643891072
647605826
423504110
533800531
583032970
664367416
581104363
547421037
618742502
663338840
656033845
659414945
445873833
657575466
570324030
594406080
582520345
492533624
652431686
533249545
578568922
608263293
604197642
644523056
464012061
627602287
461919956
556022798
565329527
548809424
561497362
578524138
620007442
549629897
526317684
545616562
622975428
585700576
651415726
612813149
537854183
647335461
573623660
594655511
566450863
562809021
494104081
532000835
657703892
522066138
657651271
554032121
637121015
535435433
528498865
657375626
524973217
474950398
484012139
632367586
653221432
603948947
563527253
608004996
613552527
502484827
556100255
545928189
666268567
564236603
583757548
549952861
560072118
610906346
604758146
513680163
518399032
536970717
538558229
659764688
605607147
580433741
601983111
660271514
601701986
593859055
661828217
554590561
601281377
591756269
570554070
471473828
657049727
661541950
516914439
658880718
652649367
641415383
607497514
633640679
615645394
636378594
544399173
662971240
578524138
633887204
547075682
546699319
562778367
566436541
584133900
543159233
524706548
569774936
561253300
656846032
634863086
605098056
654651244
525690276
487418483
617403397
629722155
660253987
657916400
617462378
597589202
530593663
619109827
588394196
600878881
529217468
653543929
550588746
614555831
517557349
565731855
623565266
524262151
580041541
587299162
562638585
564566377
548935305
608121028
579773150
640095374
631786365
659048634
519470735
420868633
506993036
605799528
605743814
580679767
503635020
505265819
616047873
575214563
652730018
623866867
608103048
560727615
639048911
543929477
551385370
660601206
639841767
663338840
602126647
642754939
471725169
525490447
618951610
600091296
580926999
567024071
601191774
660893638
658568126
534863229
454723455
575211927
663338840
631469687
406188273
588416625
570319347
571087691
657626095
516053619
481992529
643882831
583087508
578279881
609629004
601345143
536436806
578695889
659858818
664176175
637914698
632868122
582885395
573287349
533808243
538069402
640421520
490582776
508315314
571637259
594436567
487890064
542885126
655912154
618262632
575218816
640750101
531321566
664068479
628366669
609194238
623695931
657378302
621050644
658253761
666413982
526239729
558099757
496169413
542218346
509880152
569621006
485059674
657377507
561563718
545717253
599105796
548823154
661608742
597474114
520856093
571265149
511397207
564183855
652903594
596097416
635194396
637408191
626160677
560974034
572796371
532390410
632226514
523825656
561814296
620139260
615849297
620581151
658329768
519697828
617977323
603194861
522485969
550327061
523016372
489548468
584671731
604298716
659973001
537671498
646200355
534088879
633225743
654696951
506265352
532409013
617806592
537262981
665745559
629810350
616719268
660219296
530333297
601261081
529214522
628332894
577820868
643694273
570079388
658903295
507505841
496568442
622144746
513557821
532804692
552759525
580246591
593063483
635823564
517955349
634334279
528043702
643372487
578180489
597254715
602911741
582593560
586140864
510543773
551706596
520453006
625251508
533049153
506696059
481635424
552482402
588358391
512720698
658371448
504974235
580861276
604192263
541850626
653711605
604508440
654916670
537364333
666021618
632208110
647769015
516966143
527785771
656923224
409690694
523420680
572137982
550044635
579177016
641164830
627468784
588385713
562231574
650360636
620541743
520052672
487669404
642754939
653651277
522146039
551971916
640121768
636925101
524916499
505592090
634704256
480370233
513611902
575306018
614633507
543804679
657769243
628653735
535259295
510859590
550861531
532010754
579307391
590026094
530398518
577623168
644665166
493139509
562917628
604373945
589652757
577780948
558270916
582141885
432844657
598049675
663338840
563738017
520442823
520256017
533538463
516358747
576759699
593926741
536088906
530428009
506698743
647907360
570438221
538977288
515613631
564968315
529076264
527955977
657633022
613375384
506764785
656136646
492294879
618798875
622472029
532380023
656312556
664030028
491817797
579674366
538887244
563929756
625917544
625607890
432032897
617105237
546897682
635328255
506529243
597458956
609787895
603217602
549793229
462484215
621008117
558309909
577705293
634720214
665172527
547890917
666544844
534049856
484289122
564682393
639172660
582165004
523353119
628891103
461029755
643871235
529733592
561563718
494925618
594305633
561677246
574417697
496117595
574017900
634662740
636736811
622192273
510048741
592778779
483369025
584671731
635298306
532780403
565546898
436366498
612094857
574930084
494215192
625334772
606782618
519302299
566105530
640629737
614226038
609598786
528895305
596295580
648271165
633840682
657896406
655131110
630187204
634359589
563916382
531524302
569693059
596004991
524612541
666449426
647401197
523181501
650335456
633648742
474106138
507968158
612308807
593928257
530771701
521133553
560760614
640421520
613850900
501324348
509434993
638135502
609592152
590561124
662671206
528365594
554456315
651076922
585182153
617405659
594099396
441569322
619787169
568937567
545139781
538981435
652498551
508275769
572999928
544650946
532574467
537428662
619640918
492249819
574017900
548427611
481907940
665656831
662484887
462942980
634269170
633927464
591779269
562254855
647315625
647229737
629911786
649998669
630066185
566131297
572868825
575333463
520888239
588193245
614989710
551267329
664638596
637767401
560893586
643882831
596326758
644241346
639827744
546783567
521531446
576386575
620556455
657940548
575914227
658035930
592074431
635161295
568496018
608864272
628421002
570925665
644385869
665317363
654319904
632381542
544125352
501164119
628653735
520155600
538055919
559972550
630878364
510416247
553794874
536922356
599444793
593268028
655539722
533048535
542155484
591236455
592291692
657482611
541092747
660534930
555329771
633839138
579960047
597928723
577887806
534119370
642822991
487798372
633665263
632697145
552697717
630264718
565018253
542372755
562876234
577392646
584146231
665939530
632743628
622220353
499587912
627620410
652946255
596212764
650945284
525816478
641221527
426031655
507628373
525280990
575152475
448346871
597968569
640278357
319298448
637298149
596487346
642378870
519152867
568777023
643742264
589188006
523526293
468380682
643910042
658510463
567057555
497431117
621467755
657703892
664700516
503562830
616509433
525784081
663095064
614279837
644695526
489548468
618236650
567709193
588471376
537576154
502207154
642378870
623367986
664030028
552895678
639888942
529453797
599851383
577780948
653649914
588138873
626107696
657117923
577633094
662583644
498545986
519509699
663436585
560054495
598753862
592128673
561883934
557497589
579072482
578373841
429379288
628111951
633563823
509023074
555419928
640421520
621252338
652058946
642956007
513556014
664260099
535944250
538104964
649871537
638804298
505737820
625819909
664010112
585182153
575348585
659145544
533257101
536066352
544435957
579446689
607860977
516429973
558481388
545756789
562231574
658096373
614534781
635127448
542122873
541647309
558624720
545390737
554709673
613883147
659759412
618048087
613113518
517279364
649178062
641338486
483080230
588094997
644992095
602831394
590703870
596295279
609461836
576425601
646587106
558923760
650521606
567241769
625814073
574370335
560595399
654123740
538946793
606412507
511772503
648423688
582395356
583617075
596711440
628600436
629432684
656487601
559915812
622348774
581264460
570769550
644657904
514621813
543470099
634224681
531925383
568160968
528664243
654123740
629096228
586340672
538838371
649008000
494661295
656590866
635187062
633828825
518665601
534392351
561539252
641741025
579174225
513347356
607699048
654042741
616547873
595934674
537409862
621050644
536366211
658045853
555831356
547530188
632756801
461540721
541861366
472374435
586862971
648587626
510872488
644885455
602859274
478950061
650348796
657353556
574541299
605011079
635430892
301089313
525721888
454228575
555416799
648647726
532923441
644921289
608407760
387980607
588514878
523764654
537003312
530234058
650827732
613152677
535557733
511401705
592209710
536652286
577151265
572544681
533232743
624743968
658893194
549599214
456238823
531942184
661623034
556351290
574288818
520359632
640421520
503282514
658900966
620208196
599762059
629830436
573630963
620851976
663721789
646901077
584298161
512416254
619419395
622789163
600233884
620588573
538385562
661939400
593838031
562167660
564528648
595655540
594109556
661145174
643605954
635550169
582395356
533268795
584531306
635704618
647059625
600070303
543948617
613441635
559438062
600737123
462325499
552410783
626976734
572736592
578019966
593268028
541384330
548227721
662706685
634448780
542657839
544241190
611829733
654597673
565700112
636925743
656737436
663706074
571637259
662725182
561081617
650716099
484168853
566105530
626329195
645998256
597011938
531904556
577333440
471156844
511421461
474190612
623339486
461602761
633751492
660847916
558775894
565504940
664539549
623658245
661916369
663304784
647930897
660219296
656189861
614853795
478472889
471710568
657959002
648417776
659532351
624039336
484092274
598665533
615402136
590189027
519460041
512438730
662501620
545337031
609063541
534445672
615071386
582165004
551193052
518655482
515145029
637810376
653406966
543326431
588342178
564712280
556051985
654436640
586566142
581064376
505622196
535927498
466090912
648525280
533837288
645792302
528054070
633913055
581264460
662620325
520888239
666413982
627602287
578772132
640228455
657495092
651150317
577023960
636648663
544680015
616206406
594266243
663754514
627883682
496880773
542685690
506019500
657067805
535927498
613808319
594964426
576341887
576955031
391092390
493385366
516061335
637337100
508528463
595902138
646453350
597995857
508918605
580439257
565186543
631554338
549283508
598353094
655733639
519199852
581893364
506828133
662465844
606412507
584620853
528962882
664968919
665317054
579072482
539799446
630553786
539347850
660486616
618066667
654369140
624495085
555097492
593838031
574691283
521593864
664026762
559304083
664700516
488773916
486830077
557081373
650735571
541068376
632286122
587977282
577832340
491513359
591521128
512153729
563755436
641368525
656124268
624498945
585627547
656816964
607497514
576818772
605837281
592922281
662043333
519014868
507825651
504962844
588635307
496831089
628993225
522827603
481369768
650761466
643440394
561539337
658521990
596112550
551706596
573054069
626682960
553855704
529276561
633512046
633309347
538085615
556351290
643271951
606412507
645684386
387588654
543926252
507103276
635622733
523208014
663850538
657979921
570800544
591982648
582665032
649321105
533654160
652117267
662779879
572308674
515145285
523113903
530606989
624056194
624644987
591805684
571637259
538694217
623721127
608447963
550327061
607382395
629804189
636448997
659858818
565546898
655911471
633541280
628926611
560974075
634835231
564045243
596566361
537158839
360828722
540891331
475797176
588842790
612441189
661187169
564236603
552265003
610051012
631448249
529458359
584624313
566123121
654123740
641179594
562353548
666079013
598009177
600204069
640865737
610786669
545928189
533616527
645258146
594311450
567727511
574224014
516744311
573589005
280944891
530889103
528498865
554880227
508707100
533627783
608447963
653453342
588585392
507100523
652849404
512408644
591466683
644177841
543885601
602149195
604814040
633887204
585367910
647401197
510859590
662753755
583283331
579611469
512062355
625921824
571873873
651593902
569137696
531819384
548045656
559588253
641354483
664176175
588435836
654520154
627775688
528226410
601305862
606454567
519203130
528524025
510452270
585023615
625845910
548156628
519391434
588106908
406918030
552583026
469900590
654141652
639172181
559845505
596977016
593027546
666544844
635623243
651407403
630531953
535347187
606941812
601141064
604250443
664424346
666405191
662632618
605335038
608789793
544388074
500221179
659562083
575782160
655848402
636629593
538608249
571381015
620073508
593041538
599043373
554364019
552823564
639976291
595126403
544250771
640572309
654141652
609169525
579555440
609301593
656561511
532380023
563922423
643224577
584200499
658187297
516054766
503604733
657353556
644234124
555216160
642776674
531153446
532718927
538309647
418769881
530789416
441918532
540307734
592019293
602444590
616985304
557682205
545759108
547997245
612308807
636276958
617403397
605483563
605373746
552033504
511447320
624076990
623946792
575088723
526569676
526648466
618765267
644403701
614014685
664824401
496575355
575483060
514897792
655884267
578365470
608864272
606852717
568677762
582295114
590589591
486415431
569726462
565804955
543964472
609213111
631156535
548935305
553386798
533479669
588152642
598804644
622331920
579791638
616106914
657940548
450160942
664912161
574666886
649939936
557215328
622019556
610232493
660661596
659858818
664637911
513635757
593645866
527834093
622381158
656623746
659532351
626155393
602660414
562254855
634880950
578134230
645197959
492249819
506719540
609021430
524241271
584136133
643498315
511664282
423504110
595118391
512106881
481874699
602600999
585367910
614021018
520119265
588842790
596977016
581892423
622192273
555802205
652927919
644852669
602558866
550122438
593351307
518443062
574870939
565186543
640909350
640230940
643804580
631747942
625859230
613512050
453569448
666158491
577262665
587668993
591971725
657515433
663436585
625653915
574239388
453569448
610849106
611381030
549140311
596711440
245644756
663267331
657668366
589527506
568090097
640078261
527992739
520119208
647148390
542757464
625405115
590461560
652804570
588875055
595973596
634709157
647271682
612458527
485059674
584359295
574438737
498652751
600496719
579859867
557187040
610849106
623069804
316122804
542791308
513782057
603345585
536781051
577583419
491755245
643993197
501121629
547015598
588209136
543783847
575914227
504225343
519709817
559975116
600492931
558752814
538952841
656908517
617403397
563934382
640421520
619581024
657263081
555802205
517610982
571243432
608955847
600008355
610528179
605597576
551100307
547102546
606089575
483309600
514613314
656146117
577262825
605827659
637232018
650604090
628654712
462801086
642095262
567546269
591818581
664302770
642959558
610106937
560413969
651626909
542588327
610067945
524871963
612190310
571276279
632451533
653883397
499859039
490134585
662643299
610936259
643656083
558748616
624337301
540404289
507578401
659093135
525280990
612633878
439192890
575994720
652809859
617240507
533479669
648136651
610878052
572565734
561112399
627147294
543713134
536922356
559511228
599105796
639094704
464715934
568981626
597158268
577395873
659092286
562778367
658092464
560982013
588251996
540508830
610571605
571951355
519430202
549046939
657916400
522159105
550537294
586980357
590294423
575475888
593928257
565731855
578322642
570146215
571055536
631957570
577047515
629041514
590948706
593268235
563053007
625982229
577908685
655286568
463371339
602796751
641612552
651407403
605164384
540225475
642689073
455530218
596150325
572522177
608161605
660797642
512698076
555161100
614910986
645796147
655586873
601001286
569271556
578391604
620361872
587212913
592844604
587094913
627576720
612972503
543957547
643871235
654409733
561511609
524350379
594305633
595682645
664415831
640572309
568856159
552621851
560751297
653186973
655596251
493635789
536685613
660893638
575181716
618861653
547331554
601326776
640929563
610992612
665198060
560442415
586049797
530801848
592844604
596224346
630913440
665613163
536300543
594708908
664156279
592113723
520194556
666500483
603771694
590167987
596234835
641527196
567709514
528524025
526776400
518221671
530589928
608428142
526840343
652352986
616047873
541558758
484213191
661828217
525721888
576809557
650181208
643554969
517184693
653081380
554245396
617268714
640362618
528504747
579087879
598617687
621602774
504619750
609341765
599795378
571381015
565186543
514022203
603210301
544869269
543926252
660969951
527078391
523774005
513616394
590184865
574640380
662330782
524520762
453307199
542063926
588026156
645295065
477648450
659211065
498979235
452645540
633848305
635710526
570910959
575520775
592019293
614279837
640201281
542547807
654046960
568294267
632106390
504998404
505624946
643224577
594544897
623773722
528696552
614996157
651511181
540101599
534946858
643783529
633828825
577023960
662465844
513178484
582673681
538421100
580041541
614164293
664687780
639734913
573060098
519509699
563738017
559065397
612387979
546839910
501163748
611401852
630723605
513452905
508074064
665139761
658329768
549060493
666646985
584129504
588911868
601974997
523664739
491856839
546776190
587365410
586974362
612200336
600958956
548989664
665775133
519525004
564183855
662779879
566097313
538119613
640249110
556245445
448910936
659432766
559879341
521426351
658895289
453930399
653592387
603548495
618421129
519055258
519755601
524939626
551320246
548972733
589950190
504033082
662671206
584575023
635187062
592807539
621028149
551511261
634662740
643331467
524384084
631953161
515394285
565118659
544316843
609021893
567090780
557081373
596112550
623287073
618832697
647309916
652903594
617432070
635512898
585182153
575610386
627816686
577780948
432639603
618215566
481877763
542910304
636967743
553797971
405001234
663956017
634823538
634531510
609145181
559442833
492846482
625587464
558163498
662971240
664912161
615608229
644671469
624337301
633342484
641427358
661753993
456525145
655689422
622472029
534005285
462666200
549639953
476327670
574502159
523650064
564293854
547696830
581034360
665296083
578247633
623067994
538001044
665552188
587036856
589476495
647401197
504974235
557682205
661682901
601090320
522338951
487675530
531208542
660949845
533800531
641355840
528239303
636196220
631051441
659092286
627775688
657348004
477490532
526938603
515125756
656896621
658263941
590025375
483795275
547631323
556100255
563875579
641577889
563574300
643782767
550599139
572126092
547236366
595626388
516158558
452645540
602149195
584373610
534255954
628861317
574295212
542218346
639976291
634997448
535927747
603880429
570769550
550286358
636323833
590957223
531760454
666350627
666284232
568275676
527964065
602813054
574892454
571583988
574103529
630953537
623181644
559145686
644424001
640421520
552649966
626213223
626989160
645301930
608485118
608711340
576367706
636806322
664900411
547585128
639513422
566669389
546065348
531524302
534450923
606466865
643165006
570547595
458828885
641146863
664176175
525035111
522634575
518962932
590798592
664342257
621685076
623592758
576069872
534322588
502254849
600737123
662151640
525394614
655888493
507645904
625334772
487757255
593112664
617403397
611555489
582092429
590784291
507788394
498802785
596627527
575719423
601141064
575599441
466690250
499174499
661317265
572796371
556159708
478435759
622726475
552837944
629970519
578634128
541068376
591982648
534048016
591980295
662558468
545364774
647318677
590002969
529673442
493772358
653207600
519827340
538584235
492323174
597968569
634097592
647101862
594279315
652462423
565018253
599647598
621516119
588682642
624498945
666544844
648882216
561757772
650300299
646901077
549353525
518449733
560346045
515721948
523151714
441924960
626396212
645987579
636323833
572773645
651407403
643559731
651746664
520535959
568738233
549650936
620541743
640421520
634422530
540601154
574221577
526585209
530026268
646351795
613306434
596415074
545877225
608864272
564559133
545125770
620896047
580416101
635026384
664176175
572796371
627569612
580739968
564407082
593578027
530914761
661195957
641453046
599105796
572522177
619013909
640487523
641453046
397970575
476587672
562159375
628037235
571623911
535575883
649321105
605588773
536802462
597085460
589070321
641340348
618496401
530000290
623695931
629882885
650800042
645066411
555806667
630694537
644803167
578568922
539384026
604489664
612387979
635187062
641070345
605897088
552174543
482976633
638372178
565232615
524571305
609870074
616985304
458828885
546117367
606608073
658157954
601648306
506338421
535927498
586081453
652170356
582821951
494514389
522750485
632402600
647309153
572282897
561387429
660787780
519906136
564261737
533846598
611999390
666544844
625880927
528696552
618163953
590030387
648143951
592019293
495664268
640736856
567926759
480640346
571658533
579216996
660219296
537883547
588311877
536481425
596664220
537733529
640421520
545456976
558725519
615050490
489158630
655689422
598311593
490089148
640734887
557070322
586082894
504833411
554887597
665480801
537384963
612917639
496575355
470901997
539384484
608658009
538448385
542612715
518241626
641205893
573287349
522976872
588416625
556905761
513508018
648436791
627788787
568423311
616478346
549650936
616440796
616827617
650298432
643120815
606042055
420676202
650725758
633900876
645840853
603980536
539148245
493157817
617953764
529980424
546168537
652374031
582568557
571265149
622190525
640128096
495093691
641303387
521010841
558298743
665172527
597254715
487277521
623119202
625241196
642956007
659387819
542689807
647275171
597995857
524486901
626371837
618084805
549537942
549179424
597020211
607585169
612040740
590971646
447433651
578511951
472988207
468329709
625908936
665656831
622048718
572382553
520627697
609842160
528784129
547946300
581237167
528524025
662671206
602505602
537318271
665296083
465187644
650304838
664579874
506719540
578253270
574741501
592466112
565443591
594418884
503110904
666500483
553010804
593635488
627637864
569649597
664743343
483541555
657703892
561526213
559387611
553012237
612989108
502567809
584298161
658253761
598301246
581313225
612602996
654603670
468617488
550431467
602578655
662672849
533814856
665899503
600737123
659532351
478758893
569423633
557144169
665683059
588074197
615711208
585477242
590970318
564757499
612045383
533800531
655321396
482059738
478988979
634668856
581968370
530398518
524047026
497431117
617237484
654042741
546784927
592775113
656505517
582665032
607534526
637873069
532389278
617843297
647769015
551319338
510613334
651746664
486030286
665002374
661086241
579935688
625790234
656691006
583603632
523438026
636691631
581491415
428948713
508375104
580777872
509808645
648882216
630022902
598084668
575851406
640078261
579507999
663955240
666423999
647315625
637200222
558273868
499181137
657918129
539104511
496905289
591579385
570319347
556833020
547328224
659989025
564702932
605162661
648232676
577084591
496467947
556223052
644613070
622042484
566123121
541638872
563000355
576931468
593777053
594261264
598182257
498556838
585777040
521146530
652927919
649324268
540776673
644952592
606879683
643783529
656737436
517064119
539481254
598296396
558298743
498602449
523981049
534748957
630872049
548421162
560039257
411700339
594074620
530595197
519891344
568777023
516047152
612524248
588674456
658243649
652903594
659738396
618191233
543902899
645297269
631345858
614519050
600091296
534337785
628704488
613183796
653883397
537948794
644177841
657651223
652306063
483944950
453978253
596711440
661155566
610481315
541502225
632371813
547828953
655810760
588911322
582886808
573914509
662338965
623700637
529881202
571873873
540240261
632068878
559829228
606539333
659245992
649874602
652494832
618990893
575675260
514135011
514782724
625845910
584937792
598280681
665084548
604302683
600370496
540776673
579177016
574654086
572382553
665180297
200539301
645513538
648247455
641413551
620756103
663103939
632819568
656355704
498602449
563465690
629827424
597928723
649651850
664342257
657686020
622767566
608223361
622052477
574103529
530563087
658080743
583044079
564682393
644220771
607747406
620914028
526536866
557800299
658329768
544407102
654557467
446608231
614476498
604373945
563054549
637343672
641476880
512226691
596427635
462484215
626233126
491633238
635318908
665656831
634616968
627232546
587383571
499344049
555819713
571487711
646035506
563025542
548733076
622472029
624496203
607285424
619583228
606104496
628210295
654046960
603623555
533544171
608463690
665396953
518250270
561967689
522789366
572796371
644523056
554808517
608223361
602046632
507578401
556652805
619001853
566149834
570925665
635228156
624399866
582673681
664367416
666544844
537523541
632591696
639857381
486468443
663651661
578109860
645142226
506314592
633640679
602941270
557903786
533356186
453843761
632700730
654597673
627820861
639545358
614660084
571637259
663533558
613883147
544853781
595013722
616749762
527214292
563858528
608898259
661265032
596711440
635187062
621467755
524726160
530000290
640914528
661308244
665317054
655596251
584829293
640117839
439145513
652730018
541786527
661003054
533980423
486085629
571017413
614528764
548957187
507562529
576847680
660407506
560893586
594097249
530847422
651285484
549244791
656574180
652293357
636721336
506280800
631792100
478230971
647216735
589421551
665474313
527765523
587718581
637488665
602408939
613951087
629969367
613306434
506552234
664955060
653395281
612363979
602383957
523384942
557684470
597546166
547467038
569822904
552904927
530771701
599768278
591995964
565317402
502087216
614582769
656720048
565721166
655241256
537971428
602253766
568601385
615419060
546024745
585825267
575435362
631282409
652462423
639470524
550575705
605809933
664934200
530418712
659851558
526648466
532759463
564270850
661313464
505444064
569515415
578981369
659637936
611999390
497841178
550068113
558904495
580475444
658900966
630456401
536141506
522820243
645513538
517732494
608463690
617125518
547907414
593233652
649314882
545835021
537274776
543666251
595068777
551531864
598047143
527386995
663932793
591980295
655846473
602372293
543310708
597324180
552932409
642338159
595089841
623708756
642754939
635704618
637899454
642072564
602206719
602864845
583149726
579859867
608565463
501300601
523405968
508315314
522992365
663721789
652859117
544224323
633482804
604588689
591322657
665000936
624399866
622802101
663318592
626233126
502693609
535904447
568473962
519753075
639551992
550935224
532141668
613643285
643547170
589950190
547854835
469101006
599524487
661354127
508499839
558068711
600126170
577569516
537102105
487798372
622795104
527735028
512688819
663847573
627472930
647401197
525524975
594803542
641486814
593454952
528805446
542648393
557772360
588716250
485322528
596218193
614405089
522435592
547627511
643161199
563311655
587135032
624526561
627709603
600379822
594879440
540391237
573810592
636691631
533298624
657193580
627486815
597589202
592998958
571820832
502997509
505264803
533249545
608238187
526819183
586293514
666300898
641165599
552678549
515444409
329298486
530801848
538220747
598273470
551444417
582782764
662250184
584104494
549627610
602692270
592066680
506729047
423179353
579859867
634532564
430747943
621475045
633608525
530182929
489092450
522704976
662971240
503125120
665296083
549599214
666088769
567515818
607825982
528568710
533231129
603379999
661865524
657550940
512722352
457022730
510596616
666449426
512036378
562638585
627968675
583851423
649028195
561782798
657495648
570844881
542211744
632782565
657686020
554031851
483547878
566590850
573275346
476429502
507370591
547879231
640596221
657232942
565353519
512594402
654739055
664539549
665908700
666449426
610381552
586811372
565504940
654222690
548863077
618679043
566766779
595890337
596606769
451719407
592594101
593926741
653166940
561967689
576980087
560157279
644169652
634373768
496159549
618362593
645844210
584500606
505186261
559775147
571354256
647401197
656028761
496482610
620073508
658774959
620778408
633820262
624825486
529806772
619336717
508033484
583447134
656684635
543790571
606015784
594151940
491431420
620139260
557430500
579977909
514846425
648207974
160058250
645816070
623429875
648647726
538458220
581264460
582250015
595709709
532380023
574705477
561891920
612881874
619264781
484147947
662791817
625926597
545456976
530182929
490882839
565504940
545114855
440869002
513197001
585182153
631747942
523590338
536605381
619297434
560974075
506378046
666200453
597802007
589733753
521164365
664176175
655539722
637325590
558381640
544399173
595655540
640282707
616318276
618874464
660080527
666158491
552948031
632558985
644783174
658253761
625926597
554709673
636132043
555742698
646810574
565223580
551307499
565186543
567232109
553360189
518884237
467907094
619775962
533541428
664923028
643156982
636013427
513467279
568839667
583403960
653062534
582355892
550572945
622976530
626381705
549188171
648902421
620353549
498280723
549727410
601555906
663315469
604966315
619696047
468248910
545456976
647396271
562254855
525659781
565862341
604966315
630965870
475148016
614548793
626410845
524900803
495971647
652260470
598530877
635951279
637488665
611241010
615916311
625818801
555831356
588761592
652509878
514629881
527446485
567784755
567623585
657153030
620341015
634448780
540897933
594149329
595319781
595988886
550599139
544241190
614180296
593990892
665602857
603528415
462942980
641521981
552234064
634737267
549180939
540733549
570633036
646590772
519556897
646575128
536119324
545456976
566883185
574402044
622604305
542243485
601305862
603335642
519827340
639737933
578041341
539152789
509207414
620727881
506984523
560866402
497045631
526716778
571583988
531430273
535526868
471857100
582129538
523427486
601689393
647315625
542648393
544355512
609213111
636767163
593143127
609551322
615769061
604125787
506804534
583617075
658089093
617692286
573452007
534698646
630174193
547408651
620949788
492070130
502935169
553582852
538887244
569482900
603302947
633027612
609063541
564531229
536636499
556327464
518399032
659432766
609816172
596627527
491755245
596981378
561967689
601247709
637723772
552895678
636132043
663455282
661357740
579072482
492323174
586540720
617694135
496692984
605004808
609384827
597831747
507163408
514901398
592130361
651270398
642978413
640278357
623099664
531321566
558298743
618879641
524329357
639832330
620073508
546492821
609845006
632066940
583823967
612858806
559403352
523652739
547059825
587641622
515537754
534224596
566665320
572588459
659482637
594002775
539595538
597011938
491308196
611924793
618779745
571102625
632090268
619035250
588756937
588375664
556159708
612160323
655911471
662196295
575214563
652903594
523792580
577123023
463576347
609416932
487136905
561616475
666294035
622789163
555924442
659092286
567478847
596402970
662250184
645414434
585718305
539277894
601863286
530563087
593153850
583595942
586756291
609542400
560054495
590948706
643367988
630285010
602831394
387658070
610321805
615849297
664842182
451721770
619470466
560072118
640921200
561793322
577921286
588416625
588493554
658102539
611723243
521095435
591384771
610640751
590372436
628915187
519827340
623367986
665884217
516132651
660661596
541610315
502852995
589546776
545403900
591562058
523274133
612670431
601712435
612589186
571873873
614098516
577960904
572467183
577743764
573253613
575120890
643747886
645972923
520535959
505455394
569765252
564487096
534748957
489263216
646032352
578271224
661439887
474897276
523427486
543948617
542113813
632589367
536605381
656022374
571637259
531012354
574732902
605972505
626410845
616827617
662671206
601445129
657660961
527735028
623485494
586411641
532141668
613776786
601807449
444920421
570554070
663721789
646041874
637449460
655355278
653466669
515401471
655689422
645987579
633364231
538656402
614534781
593351307
627402518
590933738
604746240
501860422
538458220
593218101
530398518
595585940
564236603
617747083
534196652
475409288
613459181
487592272
537752370
515024757
628314939
546991881
607421631
556327464
642371988
609754513
552053074
645844210
617317560
600545354
510009947
666167475
522558482
474716668
565329527
613152677
587179754
662196295
543948617
630229363
622192273
656540844
547828953
634232334
654916670
662620325
597928723
575962079
638909042
635299699
516759398
602578655
532323342
415646494
663545720
606823505
648635489
607642621
657348004
553012237
494499936
545579132
626616547
448001359
640736856
664176175
664367416
574716056
561045542
640421520
657971243
546243584
586049797
665899347
554386057
491314308
605162661
665656831
645809351
581892423
527655558
512068765
517046170
529473022
623287073
626977769
508375104
557546714
637582602
637350035
574654086
594542357
653558599
608548263
532010754
481023281
635816752
459890363
653221432
655991505
560161756
612994886
560401305
570753774
464229120
613657769
603719496
559735044
514022203
612308807
643653035
568571091
657348004
510452977
620239928
642788625
635685984
563755436
658102539
641112813
657250238
502923529
562675490
633296372
513294632
557314488
514940310
588199032
570844881
496880773
533810192
513025976
640874245
633541280
599647598
565731855
549759120
656146044
647734044
653966909
553080409
582787709
597031027
613051232
539398712
558743225
564471959
515856521
510416247
574319541
632148661
527520382
549939754
656919195
594099396
598682320
615484768
530182929
628669135
540813338
641612552
618276879
631187875
484033516
537851155
612632927
504135620
514677973
430823941
631051441
571307391
496831089
639645276
626655033
618276879
603863693
519531310
648072204
636936166
535043991
640008771
655035539
535627787
484116818
481874699
655193776
625201409
571102625
583402025
659810056
575435362
643554969
632968944
664098700
567201180
591108543
628083440
653409325
610988529
566875438
475742211
580561702
559321221
517836398
413889828
627544200
662969349
528516987
619336717
474541334
528397755
539505617
663545720
661808745
581308456
587908967
629481734
647309916
580943510
640522738
619914198
530398518
519568276
586694511
604507527
442078470
516351067
643098552
592536829
634844241
589652757
515054006
542376570
634111837
542685690
589831974
660432582
573448326
619811605
641413551
533772142
509950563
492930176
558775084
643953409
647401197
447541350
583991190
495131177
661270783
545925086
621841113
555924442
595957697
638075370
582025374
520716231
496673701
517683016
563549378
612636051
528646771
614649202
665656831
630166960
598600587
618066667
576847680
577583419
652393402
570722118
531723200
572995472
617404256
453498065
648888595
513452905
633541280
525914483
593604838
606314195
653711605
637542246
609384827
451719407
552904927
618207878
662465844
656775732
656253194
527964065
513938295
638117491
553858681
617266240
536206568
633906650
518390450
633900876
576727070
582160867
661250919
607522348
633686210
617224875
631567492
645987579
578322642
427280591
663614166
475742211
650311877
659414945
650304838
665480801
519827340
533902234
591137970
565018253
583403960
622486782
633320474
640121768
481109395
582605521
520559407
588972949
579517848
618824101
588471376
586590299
592234893
469886852
615002843
525784081
598009177
502609458
633686210
594392334
585500584
664912161
663230099
589402380
559525115
623006491
543728592
527882625
511547621
574220284
302493857
597967523
555517104
643098552
543892662
495590232
569822904
642689073
517604651
596222854
567546269
530549362
614425819
572716296
652306063
626258385
599768278
528767718
627241272
491780060
589454709
590179386
666059443
583032618
524736950
536032629
569731854
571234165
553416978
654969788
615849297
583539598
526932608
577151265
397411998
560920031
575475888
514401572
607862216
601712435
522000643
597458956
526463331
532380023
562727055
658783468
522703460
664840717
585430525
634023872
562636699
527785771
578224705
602796751
522146039
653645435
536551989
602982372
657984847
545610481
428769966
656295878
609881099
455958716
551860116
532574467
543383002
531942184
481343876
489258614
453246405
447368042
484454800
533049153
651160739
580439257
556178419
622132802
658004451
643871235
661308244
618940363
512062355
415374874
620723822
526205741
568937567
510148416
627726318
644178588
593200051
584201036
577370429
652032245
643511375
628557817
588416625
634233759
615918441
529998006
506719540
609114268
551447106
601494507
634690312
633563823
593836008
647309916
665123818
585582018
576152189
634512625
620020946
602149195
612240448
480891503
663338840
626135554
609384827
418335401
509070450
650198959
598898803
529300237
554695218
641354483
535716721
600819128
523149348
522593301
635511743
496482610
501046904
351672846
623700637
586343345
611568021
511480148
649321105
608852854
578373841
413843475
597458956
616250700
581210150
640750101
559249411
499412120
618105188
515359366
553859991
537895463
666500483
643461521
566552307
662517133
639493957
592447697
516743302
644762093
483918070
610321805
663338840
561814296
530398518
596711440
557126576
651195962
534748957
514684628
477370129
643582279
491341884
606740254
453726430
603217602
583419082
581384278
649644461
588673035
661623938
638467707
575152475
494820682
665807785
545756789
503392335
571583988
545301693
614319195
657501461
658371448
497805840
640856758
605077882
664342257
490968205
532302584
617692286
484490580
634835231
645158836
584856765
608682117
539357434
538309647
582886808
601889058
553089907
640283694
643296625
506688630
559972711
584435708
570106314
648535885
495011201
642647523
537733529
608955847
615685909
560072118
604122152
574732902
554709673
603475796
608864272
654635492
605164384
575874400
523445008
537533088
568990578
521736252
651910269
659436021
549003907
481365134
551105295
656775732
628180038
573770903
588964008
517497300
501612998
661284733
659046365
601701986
585190914
546032718
552910141
553439334
620736889
613633928
633209611
651535248
624559584
597254715
432900788
571717030
619130369
542316819
570373180
447341477
648407171
645584678
412131601
621106954
650300299
337845435
524298678
662504647
574666886
545923721
656906412
509494734
619583228
660159377
565186543
664059719
575214563
362878613
569991130
591245254
634690312
491780060
568748256
485127614
504652482
646721956
529910294
647518467
578062877
599894823
557827435
644996316
627610197
542910304
643450308
656816964
601739495
632371813
609043559
544725836
616547873
599535223
575333463
616079056
656650651
599968936
620462070
661794831
581346505
566665294
511991984
575214563
506567562
466690250
577023960
634251941
581746183
664495376
566665320
547757404
590284880
540641279
585952278
619468971
514708976
651575201
530429287
578743022
559243737
547189366
659311723
519831415
512673823
532878902
598394449
665283112
618276879
623946792
537579690
547863400
578853399
643147486
515116418
665068133
479360003
635633087
592452545
557553686
643681220
614277340
569614653
552224939
545403900
524025319
536085497
666142574
652783982
619109827
484033516
664373620
664342257
641112813
544758163
555735403
549455816
633697600
646035896
643141704
559453920
644613070
532563253
559944047
605661354
530650949
600377252
568446181
588410686
530453790
547219871
641303387
661592303
655038218
531012354
596326758
485166210
650304838
638856684
562616897
659432766
539347850
604458799
616058837
586003043
633150819
538826049
492154533
624229806
649147535
561529074
651832292
592836979
649321105
617581083
433861199
651501383
544002912
609371008
558464655
544764915
530646004
633828825
597458956
552649966
584443322
584119123
632160398
514127369
648596141
535593427
615014302
589462480
532408077
597841637
518089708
449881941
583418200
625215759
537966148
624159295
645987579
636118945
664579874
536226235
533119152
612636051
530234058
615647692
637654672
592360629
586391068
532263596
527884433
631703979
562261338
632756801
605411756
644403701
660793086
619499448
502221948
532389278
481289244
541634888
509458709
637773028
524612541
658810344
592019293
585728319
566429385
515919626
665474313
355689702
616036163
541722268
634564506
665474313
547059825
554031851
496507640
540034824
422236590
527698520
483815578
522292435
551706596
557799349
546942947
535564020
335866145
559249411
605539478
615645394
525251438
520435070
514710084
645559614
524612541
647646658
411524320
561878961
588375664
455601397
642526969
583362633
647401197
656788165
536129254
622242075
574199763
552909501
652942930
567241769
555530232
649008000
639157497
597127235
647309916
598898803
526716778
529714890
657916400
664302770
587778424
577796801
489791868
495762761
494144526
471710568
539408909
575351981
578522851
639769440
651750273
636859469
522438057
637425992
563025542
588866536
565504940
652053730
562164881
503392335
598551418
608635673
567543680
636653762
536366211
578934940
650360636
615112112
518964393
424301369
633978046
582376964
527599045
558850765
652444436
567542265
613808319
662779879
623261813
531298254
359923857
584562670
555029203
623493437
520177459
517136325
636383612
594879440
581384278
533544171
603645861
524449686
567179965
653813523
618248599
505868637
564012233
442935358
640095374
474856007
620351406
557968518
665191914
595718188
581933484
553770732
634238172
637187440
532323342
610133041
630820679
576931468
498643342
612222523
650569466
415629716
593200051
639172181
487293528
528346289
606744790
509525382
652809859
572310543
534048016
543982231
604025657
544643186
641112813
553610464
666544844
666196703
663980517
646721956
632284948
565315172
656028761
662338965
554031851
559517273
610688271
592217714
550068113
644234124
551819089
637115397
651276496
624063573
610786669
551267329
479811372
597900148
630955424
583991190
582951600
506567562
611861144
555802205
596414023
574738914
443833958
522949879
533217764
612654603
468382538
533217764
628653735
590241497
585860015
622134070
594278930
577471119
553159666
561347631
520108705
624098720
658178727
582297618
532302584
655401703
609551322
657765212
636449674
602051870
502609170
524952547
548430188
663721789
562445657
642689073
546195583
581095640
622402021
538529916
590612347
644598548
599105796
633296372
561826962
521919523
659033974
534100227
615805644
475148016
642791304
627547982
493385366
620974915
659414945
635511743
562399706
500570767
615849297
586437805
451167949
552224939
508915866
555452716
641352097
588410686
574438737
640745052
634709157
520252103
525370583
665899347
624670673
532135549
479360003
658104578
454234380
578725179
657703892
566639169
652903594
589402809
600026581
641146863
552708086
590202874
659284150
574526419
512625539
554887597
633832576
559249411
599685660
615942981
659594783
628955211
653062534
642895919
597132690
500515086
578212545
558775894
647410572
543809402
649819039
569672711
644797781
643221987
642361967
615050490
657315996
581460142
582684294
597027943
665174946
650215989
566859551
632756801
548145544
502816667
572103448
622863628
579728435
506190380
621653724
557070322
565804955
605247547
601445129
536605381
610191416
628666523
661112206
489275503
601629935
658868845
611723243
552895678
565700112
613179935
622048718
593064703
637232018
595974972
660784042
593826731
504212528
605756128
666268567
544755116
545756789
652268182
574129931
556984045
549244791
492605373
552286420
637548552
511133796
649321105
575704560
625804894
601089620
643742264
539384484
427628051
512226691
612246308
665656831
650363678
583283331
658371448
367023306
628471482
435460726
611240607
556644032
656499065
605812565
543016553
655613341
594290795
520551718
606475689
615942981
567276499
525827148
452614919
656295878
586739907
659238875
642854511
643995474
598009372
529000625
639549326
556051985
577504500
519470735
554887597
582229004
589082547
578268136
637873069
661354127
568470787
543236969
600765323
581435291
593082181
623634805
604785108
558636521
506529243
576313738
595610965
656569405
587169750
578917938
615625971
566689244
487995032
579594616
650773671
554818927
638370456
525548167
623069804
523143336
645373172
518776357
545465582
572632341
535950055
612783732
623643556
555122223
617844046
640294350
628824589
554474579
519924168
553759036
660816930
553602580
614589376
523981049
656445279
610854101
540391237
583612420
614848604
531783567
419212557
591982132
572298887
563025542
479407452
617403397
519403345
534100227
596534094
651626909
630277689
635407493
557820328
463447184
587679078
665918766
575214563
618996645
649598819
663760034
603662633
642500778
531101442
623323628
530511255
535627787
482228388
655689422
619035250
577395781
495816259
589402380
641112813
628009006
565015332
625690745
584415513
567923864
531591217
618369819
633512046
615039932
529412127
542633983
518435960
487890064
557884977
643224577
653829037
609384468
629937129
506111566
565731855
510379137
661708899
527349829
639645276
654048982
642804542
530771701
654874201
563139375
487114084
489779807
488239520
601247709
605247547
507220567
661912115
514846425
663093374
605412502
505941635
554887597
541343606
659432766
657348004
579468643
604670800
583394969
528696552
615335618
652903594
664176175
651077826
610398389
525984487
660969951
536221997
564972912
631572194
498704452
539682191
583843913
635871197
512385552
547018018
603207712
641112813
647503730
640117839
582455623
560974075
490581934
527233858
509229331
635685984
587946775
510791104
647148390
489855900
610096564
580410288
569375188
645064032
485127614
636132043
597189923
456957328
628446890
621591812
575063322
489782688
595005949
626781926
538474441
566711015
537576884
492101073
635951279
623333221
530652362
663721789
613306434
618156538
616645917
652553128
476001824
486559406
513875785
656818160
626990742
650019807
566785245
647309916
544897545
613140528
564528648
589950190
617376066
654409733
587447019
649911101
454889278
525612979
654598428
591803995
615849297
548378805
554352255
612350996
422236590
567050949
557772360
597826032
622761131
665807785
605438286
519827340
545010969
620656529
651832292
525720601
589245438
599768278
576901855
622555673
535113474
566336077
606028549
532064504
584277211
564388716
627060699
621642937
665602857
628719870
591883771
529060679
575790940
666449426
665884217
541345233
663282097
559259343
582673681
514461466
519517099
499986645
634085174
650227867
565206438
440869002
578144999
616783332
649321105
649321105
601606812
603210301
615974157
572079722
555578118
529623177
663528207
498822574
532287471
623367986
567020075
562109286
578525801
615238903
641127725
536294564
493690186
656295878
457713522
511180313
572719549
504475551
589744947
661308244
528397755
598173373
499856143
639888942
586158736
608450936
618475142
652446010
638476370
555635347
538610622
528038237
640753761
663754514
537223440
596004290
653649914
590612347
544002912
664538586
626410845
494667493
600060787
558298743
534378651
541037818
609063541
662307129
657901706
602728971
597874321
488853098
632337375
553159666
632152558
595305614
542689807
499529249
503138813
523622688
571646698
583880368
651007576
532380023
573623660
430054639
637698909
549491605
542668710
657660961
564528648
498649814
507962101
631051441
585498323
607700915
589945408
556213950
547402745
663690783
664176175
656153550
596100195
661708899
498462739
533310049
578863045
531783567
577504500
531198797
574038791
572282897
504332295
657651271
550955101
555924442
633627611
656708212
629827424
605516545
637233850
524916499
624069811
173326278
455209201
533217764
578134230
624849311
656038836
643681220
567276499
503346856
597535175
628915187
575160725
609593704
525602478
522391241
661114751
535850487
510787189
612119894
530801848
623695931
519460041
611342955
651069479
662779879
629188676
540300378
539796585
630187204
512188650
599527573
514452930
477995511
536062354
644523056
664260099
649467838
535944250
637675726
493473260
503942520
564487156
508199883
525721888
565827274
656986970
585508940
484415636
534785868
599417168
581847097
513450258
521305602
529000625
614537975
508225094
546969717
620661347
560757127
531343045
551631331
664539549
512476390
660198258
519827340
596620681
620139260
642387900
557135573
644783174
653143452
657315996
634170170
568740010
589874575
587097184
585992286
651004894
555006796
575088723
613075590
618951610
551970101
624582502
656075903
542544856
528504030
543466927
510700070
588375664
527698520
428806936
530465241
580439257
663523332
616344040
608635673
577705293
662671780
630694776
644783174
612240448
657703892
524089800
589286061
606042055
556127061
638178669
638468976
645079348
529723269
661113259
664431057
666059443
657913439
647315625
617083731
531942184
518385486
522181583
585025919
618507739
601374464
452940073
548250229
603771694
625880927
464630039
626738683
554880227
487912660
487951941
644784942
626153630
554031851
532734336
664729615
572621583
599364867
485905376
624069811
643559731
539090568
531321566
596091871
594803542
642115478
549599214
558481388
651746664
628993225
623697964
643511375
620208196
646429531
587484064
607357234
533837288
615288887
664367416
562517480
663036306
591065073
553764541
637834391
510185545
644952592
622190525
549953073
579859867
635870980
563139375
489800604
647139911
659461737
550129227
623273894
551706596
562965139
591910755
531729447
558045410
520172995
439825401
596597092
650311877
573729706
611705874
561175279
601739495
502413834
527103041
650569466
449884358
649038720
661575003
664791014
654774773
650053237
640121768
452645540
503339460
603552499
604694563
559453920
615685909
597011938
583539598
538826049
666288496
547952719
649330872
488196438
524549540
623367986
502458059
662779879
656883080
523380322
629063363
528524025
552995458
638825049
596306931
568917485
540213869
643558109
497831111
532332110
624265290
606120829
578522851
616974883
624039336
586683086
660949845
601247709
512934435
639245248
620424813
475500892
525258669
525627396
573513335
515856521
496804865
523068003
604814040
654123740
565315172
518963334
644455114
658561526
664538586
582395356
568127519
492272221
622523700
550385483
543016553
528524025
599490828
571080156
636819891
620563469
665474313
596827803
564702932
595250066
591805684
607738024
587709643
545717253
620541743
653107946
508566607
654123740
575311667
567090780
540897933
638366504
624039336
507708781
567013194
598440571
545762770
642959558
647917543
524177612
460205883
652585177
611586339
603475796
521436837
508903686
559220938
549940713
572135655
522927363
666500483
629004203
492070130
657495092
553863115
567607134
631129722
597964933
565186543
565223580
537394888
612222523
623052191
529673442
500993612
584704486
647401197
593063483
546168537
652663349
541889557
656586026
539414103
570549237
499120810
542704356
519827340
527030874
561878961
574513136
623803646
554949071
643580783
573024136
648036464
522363934
551860116
610067945
523151714
641271771
536233103
537226821
623453488
645429106
632819568
535358923
531531161
573271841
596036109
592130361
562098718
593487308
636774444
626603269
568496018
526016327
648647726
594044640
601606812
657460464
608590348
604548709
584584904
664176175
512438730
632744094
598898803
658860782
625074143
651476754
593039619
617654215
562440344
663036306
622820710
605269653
628795860
606106189
614996188
649437303
542411172
608635673
623918041
550122438
546164843
526574577
510450748
550327061
558481388
642689073
526603255
570242040
578020360
632499472
620461385
565895046
534342410
625814373
601701986
633856788
599894823
513921980
654255947
533899572
522748983
554321692
536605381
639081549
612240448
606252109
539505617
643794542
660793848
626947884
582401231
533507912
464640662
652553128
515500602
634265388
538652099
631567492
520640859
479269584
587778424
581392079
576901855
611948311
646023623
609043559
644156962
662632618
599628904
613183796
487675530
651135037
521822182
538926155
438184740
599791604
627552486
575599441
488407733
558725519
566105530
533770872
480425853
548250229
535503567
485239178
565504940
615647692
646858188
627637864
601078102
582886808
507336407
660504822
629332177
611625632
560821609
613862941
580269760
505592090
450563110
545544113
534229892
556200188
566454815
553819098
430224366
609074603
662791817
613282587
515577183
571583988
538455457
575365722
632440454
615942981
657482611
607764857
572369162
521704087
660797642
590041188
520119265
580439257
609384827
633303381
615480246
516493452
545759771
557849670
519915143
585477242
644852669
497146338
543885601
643656083
594484850
659738396
624196635
565749435
640444197
633641117
635953703
666500483
658799500
643415670
649321105
517574932
545928189
648072204
648215510
637650584
609513576
660516064
630157579
588094997
548050687
553800760
383597340
593543188
539334608
466308434
642823788
665180196
568510998
652927919
633239668
664468470
538981435
652456564
583044079
633459985
560346045
625940336
651537788
561782798
492188453
635358437
605845848
493112237
666059443
634359589
641146863
581433210
559432213
512236275
551385370
544250771
636859469
521922231
652730018
569601734
633736143
608658009
623196493
608625072
604760832
535172772
479559098
453018029
522338951
537242765
608709224
515320843
573547637
594099396
447425069
523067947
526942578
510416247
522581506
517184693
485059674
512920198
620405124
536436806
579075509
504754680
650912062
641246596
643107231
587263525
545717253
535113474
500856914
540567387
508707100
601648306
555435877
534576117
479804966
619898614
539523138
655217879
525720601
598049675
588523360
523045325
643653035
578041341
628627233
611687559
571176896
563738017
590461560
571003248
537223440
500009412
527413412
662007165
541374094
615179530
614799199
596097416
562473918
523778671
518372436
560559263
651394353
584019339
291003743
654652991
597799532
469190029
557244164
567306030
418946204
588034597
562696143
604202664
620073508
651366459
581218744
599263738
658263941
539129637
545271962
646837303
515694892
649995214
626652193
660219296
525893147
564399604
540749573
662142288
470518733
565315172
546026125
618371191
593052243
664968919
589945408
491148237
650300299
585112009
598753862
576386575
586049797
602875456
623071971
588375664
597995857
620341015
598541851
484200769
666328231
663666074
570406714
602558866
521531446
641303542
548809424
514875811
559675152
620434860
579643438
588189931
554749255
463580228
601863286
611240607
566892027
582586878
552482402
573433770
555742698
566768259
523318050
655555291
609203451
631129722
640121768
616461725
566680816
631134801
521698597
596498971
578939070
553010804
521114669
532718927
598182257
544960898
649911101
595974972
483795275
576031319
623592758
541357671
530802242
568524992
629290906
598095604
602602658
622396034
623485494
380145919
464240232
548935305
613152677
520442823
622789163
611580487
653128723
602335821
526819183
583533669
596026420
523438026
593139436
619914198
569731854
614658123
555924442
627504842
654033887
626065691
571102625
547227040
599098987
510269183
584542919
635414366
593926741
569574938
616783332
528781958
663003128
618585083
658563266
662926645
418034679
632743628
532244753
539148245
661682901
470518733
571873873
608518665
622976530
558775894
527010367
591995964
507142567
629181713
550327061
666033084
584266134
537061478
529963667
649553263
607548426
507708781
551534254
557820328
508178541
556497696
538966340
538541006
613025326
632558953
611042503
568524992
606708352
493205388
493097061
578817053
659858818
575218816
520052672
491962970
646656339
592317582
610865994
613152677
659212333
640596221
466976097
650584365
555274787
652681079
663455282
566105530
520856093
601952312
653403967
614148370
589895817
644665166
509714251
616827617
585417327
636002474
477387721
520256017
563040694
468219909
542865380
590421457
554885220
666544844
572796371
519509699
606412507
623186273
600648874
606323707
659562083
624265290
638178669
539414103
600616541
601097738
546164843
612729877
553150829
546914107
632697145
544241190
603439464
517056709
557639940
639296952
651647913
532302584
606028549
638061066
656775732
602912019
661250919
432704291
613152677
483309600
552543386
574077585
639549326
525721767
615553968
620870423
637859502
571873873
356842695
628203792
660562734
518655482
555328465
468701235
663706074
596711440
567701824
545444902
569580523
647985749
583672837
502413834
597031027
513639645
597085460
566766779
565700112
577202438
556057466
659835965
534100227
658473743
663528889
544268773
662501620
480260761
658920505
623099664
522066138
666350842
623348972
482934088
595118391
428604697
627972421
502659755
531964116
650284616
488853098
530593663
499641029
559879341
551960727
571898642
635512898
483270933
652621826
560054495
455902872
559879341
618315774
530847422
513988288
642811549
655436174
559858901
634328235
558871197
605278258
552580821
611625632
649207774
596187043
624039336
661611083
605003804
485633428
592217714
347289746
516349780
622881842
579517848
604055811
608955847
644613070
565546898
429379288
651411071
555802205
554474579
591384771
648339338
612881874
616547873
575993215
522634575
601141064
649008000
594768838
654087300
491259177
542200969
622192273
643742264
528696552
515945275
483170320
657633022
599490828
532192395
546896072
601648306
591982132
634974643
645513538
651069479
647239111
646999529
578787017
532295923
508701642
619704058
574098188
577743764
566967670
529511810
533412220
541881056
547234255
615050490
658893194
640914528
664342257
613512050
528338211
664367416
627614178
600515755
603783306
542725487
608099353
565504940
628064122
582401231
573810592
562013157
665807785
596609654
643944258
575804411
663338840
521432352
592600890
618641455
631185505
493868066
594567934
617124519
639827744
547627039
640121768
658085232
608391209
636132043
500126337
573859707
599046798
631019534
499621127
521522513
557974615
641678417
664156279
544300497
489614089
599263738
596711440
665939530
649741781
623310120
583606520
571917423
565542429
561967689
651407403
521264360
495126592
608103048
635120167
634085174
539090568
533594866
532962266
649423558
664715804
663338840
525524975
551349423
610868609
566907867
643882831
654141652
643447160
659714831
528054070
553792662
516857978
664003266
513554038
589950190
461602761
523380322
547196520
639323107
661811981
662845777
551215484
569114579
521853112
618815623
556159807
528895305
608875785
560166030
625607055
444920421
640272223
617702980
514276544
519531310
603699549
650561713
600541048
616945959
646532109
554027659
610429041
586092836
631259104
654622624
543882944
486615890
618798795
524025319
596711440
579507999
624546623
589974895
524208321
604050960
605837281
521989615
584636480
532380023
588511874
579800416
478988979
646669082
615638585
633716552
474058117
624196635
637393185
618198251
629403801
645142226
603373358
500290132
556497696
536667882
593268235
545456976
638445845
472644802
481194939
632386700
650969428
514479566
648755665
580681829
623978881
576053234
438762152
602654577
543002914
547076814
610616004
500026832
503085900
477633402
650762769
599113121
576762297
505704012
537886965
560353550
660787780
623099664
541144127
602258299
530182929
558806810
604985272
597928723
623697964
634737267
663338840
596537967
522240534
612630733
534962623
531235543
586343638
519541401
559879341
660784042
507859737
605767978
544064026
591137970
605837281
665683059
654520154
550757325
533431887
608662967
578969723
443376790
461448922
552444248
649874602
542791308
588471376
513923199
661708994
606468048
641127725
661284733
657348004
540942414
560649384
661410060
472408370
632747925
477490532
659671477
480912591
506436724
618215566
666544844
503655997
550572945
525001260
525774824
622761131
658516215
581764985
444968281
612972503
571951355
552684782
516491460
604005125
551860116
588026156
664098700
461929719
594044640
610742442
618523077
451054774
574731433
574017900
555097492
601261081
584094165
578349538
565166277
586158736
593838370
616066385
643462691
623367986
637582602
655606711
495799480
597080793
644152253
475993400
621706194
533240820
660523032
637582602
494394552
489779807
607700915
560893586
636721336
487998084
656295878
546346620
600367920
642906605
666007352
477384447
566859551
658849564
584709688
546941884
645828468
630843300
608103048
542070305
505490594
629982350
643967563
493161816
665079326
612458527
559645878
527611722
556051985
641179594
595127877
577316727
585383736
575599441
654087300
587668993
568679239
640180807
547749178
535950055
517279364
640675022
664367416
500570767
621516119
612190310
636589609
582607202
644936114
514613314
463344199
581046846
620293245
568856572
549180939
609492331
647401197
551360308
634767788
631393473
500433396
526326355
658799500
437075548
560257697
460598298
540337098
552109069
624096159
513052550
613441635
536206568
487367668
556159807
620342949
656788165
608140115
532143515
542093844
433244456
525702917
578562190
489288761
571873873
633977329
584785426
657298947
639699733
568657597
554709673
628458319
601701986
588673035
652964248
535022745
571917423
573024136
607497514
479682043
641711969
591885848
648658712
648676443
658263941
505263535
558304259
596711440
608860468
657424703
586491824
661708994
575699005
544565982
656436428
532574467
592134357
641756643
552836024
468382538
662791391
562159375
588106908
615717156
480684253
558955986
516603186
652553128
475500892
521493084
504466423
589527506
496749477
550187213
632371813
666088769
549706537
600958956
523380322
661951153
559459274
577395781
663570137
557812042
636757607
580578552
622019920
640666373
527850447
595525068
655286568
629982795
634359589
643696388
554009465
586072444
608387833
631743995
641494390
560230886
664478535
591145528
632316277
660407506
578772132
526660818
566756061
533880149
595118391
643944258
665425313
641165599
531272083
645128860
454627586
647985749
543091225
576641588
600996244
631275203
591910755
615484768
522154306
492598976
627450974
579507999
628022223
623071971
563133671
492818258
666288496
637943341
517994614
646907542
541502225
656295878
515116418
610750003
527941538
588193245
615380513
521085580
600442290
657214891
650147654
654096945
634573483
634605010
609389918
650195440
600077036
520716231
664834181
506764785
631802996
533227602
612813149
555802205
585498323
603790994
631186763
514437368
593532551
537742286
561835238
536673414
553364330
527316932
661924654
651519230
663666074
611834378
629114288
663932793
508757494
556369185
568494137
561616506
576152189
502900123
578743022
544241190
525419178
567559281
494790755
657148770
651746664
642022325
581892423
649230942
506421495
557602925
654469759
552736893
518221671
586796548
479032823
588246138
561563718
621857237
568657597
487700064
522927974
641678417
654409733
524020686
631539109
534532787
580401795
575451039
613612845
638860477
460602927
524610261
654560621
619110664
663891702
577046068
497101468
642248858
566223549
635953277
534053607
588427869
555497752
535557733
663285228
471117198
457022730
579095068
618080720
663235869
496373399
469896250
501645935
597458956
498216019
443323907
590149159
627726318
628321365
535557733
618940363
478208506
585109266
490968205
592692476
453978253
526636406
519593281
532583380
644454654
651647913
649016423
623438004
601937244
395222409
539347850
579674366
653592387
635951279
552741650
591470565
509563777
559249411
657193580
508923934
581651207
586363397
633064387
544852585
502221948
653966909
648276371
583271886
514065206
568080168
558488057
549953073
593838031
606679165
481498569
643626557
526569676
503112603
636448997
536171702
614528764
588209136
587398989
641303387
512416254
607187820
664853081
598321572
665480801
637488665
561493230
527783977
652072061
606511945
569621006
594278930
553852797
569994018
632451533
581141708
617798648
485223137
512832615
611948311
489911776
639653965
560821609
632433315
657495092
625677200
663544310
523149348
578349538
649797760
510784995
640310323
558381640
515024757
619077210
584949110
613353024
619601903
601739495
596004116
662620325
538981435
565504940
638860477
611999390
666500483
544250771
588983210
472408370
562106535
638467707
625677200
594004799
561414882
646860562
659387819
663069729
565546898
572878229
664176175
596788307
572898153
559829228
617789593
603612722
623462142
661587635
470715357
657916400
660993154
621541505
565553810
614950093
549179424
537733529
636002474
644778406
625203728
647309916
530518729
470901997
535113474
524396215
455113040
596498971
540240261
550298598
526152613
599205462
527242784
601824779
468701235
291831757
655564431
544388074
636378594
557400241
665858171
495115449
579232495
549225350
643223265
611869045
537217305
652764646
547196520
643905712
578675251
558850625
516060692
627167101
497590000
594980694
531044995
646035506
589795964
503645077
624161119
625653915
593938813
557007122
571716429
488091573
521426351
563110592
631802996
501532815
573116019
500281708
491569987
532157636
617585406
438877464
603330403
532027083
537252944
559588253
643521013
525721888
656923224
603880429
620627246
661495555
603580337
430054639
599429080
553360189
657916400
596815687
554709673
574169911
562622035
518047974
546523377
622622844
527150380
525476077
570650954
571270995
570090960
515046875
619583228
551444417
663024999
570294578
542130697
546473394
658920505
626727758
661576076
614633507
552978361
591598144
572369162
611576612
535106911
511180313
617781645
490720564
482492893
638743577
542396325
588761592
565546898
567070210
526960311
625680199
606155438
552743303
559897443
586072444
459756735
551296223
551860116
554112133
474938718
545923721
568437230
610973227
635685984
546914107
520390951
607595688
643224577
642121581
537886965
555283660
617791840
546906833
632027454
554887597
546509844
592076923
597450857
664265805
485223137
537883547
645809351
644653644
558162590
468083758
540891331
569116143
629915847
661811981
533627783
553012237
441074144
506136131
647401197
501967722
601972768
646175147
565232615
489643496
556369185
584673565
659292936
540110772
652738315
664260099
658425264
664539549
552443863
642830955
521531446
601606812
567947933
665279978
633514236
605419358
624399866
605411756
660219296
644266737
629821959
574904343
583623919
622396034
593153850
599953858
574369751
527785771
471731642
539833590
633514236
552519607
596458166
631051441
654409733
550317107
504476726
514944713
596711440
563976302
506111566
615050490
579471135
540844264
577669430
522789366
486144943
588375664
600427676
517172866
595973627
577285168
629660121
535828762
608575597
485166210
584409103
542689807
545114855
558081805
542372755
479032823
535929594
511345467
608512513
666033084
566639169
548162658
549188171
521597252
496799932
572162385
498410678
627683574
567646079
495076711
654024724
587718581
519162879
666268567
641354483
596158733
652706792
656623310
521896604
568685320
577345074
523315805
656495209
631416441
665876590
575546516
636163886
443610537
661951153
656691006
657703892
579266544
645828468
526985499
505842212
643521013
538263150
642803774
647026965
550127168
486968241
663754514
610578355
642776073
561648071
657500238
547763452
575334121
572242054
644371830
599968704
661086241
583441530
600222774
584542919
536935532
526185350
657870723
592130361
487873448
536152931
609381536
566330594
646924685
634662740
571307391
486151230
646175796
528878625
572161622
635187062
586491824
590179386
659758053
646725397
598846153
658521990
661708899
647401197
614555831
483292688
589476495
574105407
642854511
657127766
556644032
618052146
552573073
523438026
657979022
538378234
605906849
618364232
585873551
602578655
573650388
632634213
612246308
531258740
625762097
580391650
598901174
574248044
581566459
582905781
617105237
582269563
647271682
633239668
526841264
656896621
645243733
609604956
556497696
657689822
642397233
545030291
455610326
581351837
497116024
645987579
498483094
647769015
665504007
542633983
498756382
606742613
588428511
564736829
633204850
513875785
543073890
455202385
645844210
523989861
484997077
575064986
522849035
624408546
564082954
531190346
650234257
652046485
582684294
550385483
619906234
536206568
651944103
648232676
661621551
591285112
480552333
568806161
665656831
621890458
565895046
570774972
537779135
607588815
582300538
612960749
541604110
611525382
638743577
638743577
659272569
605164384
632747925
522651366
564528648
512418197
602531455
598418545
580765833
596630721
519593281
625755947
631864168
505020252
624069811
602157839
615203519
591570882
609126496
585668027
570046947
470428112
643521013
640421520
661708994
598898803
649321105
580201867
616645917
595618920
645442763
623367986
547783811
516288035
652927919
574607777
618496401
657699372
658900966
586867818
659053714
472281582
568209541
539694963
579545941
650142087
654164957
541283640
652927919
560735849
626410845
579112574
505343233
574570337
563391014
531198797
494031471
662465844
565186543
608049311
571403187
451356683
637442507
658371448
624364616
486415431
608129432
592221880
631675251
622192273
642788625
472426633
665025614
371605063
656047689
620563469
620239928
663338840
562448141
645940137
511134875
656221371
509814431
661522829
594376839
556497696
511638805
584768902
639413166
665258112
583402025
521736252
514499903
591562058
541343606
520247373
636862998
540844264
642528406
516826194
643882831
633027612
640084970
597995857
657939557
542633983
657508895
488597001
564462257
611345489
537455459
531343045
561347631
491562188
611869045
574316042
506314592
622144746
580439257
608165414
528660589
532811541
573550675
540240261
594560383
521593864
589545899
521698597
612752489
520109292
532600606
661829022
537394888
633057149
608852854
554880227
537968145
660407506
587817858
658096373
584277211
533804609
508559565
583288437
506698169
557218594
558618958
624849311
536964771
625635121
628618590
513611902
578981369
577151024
647057565
462379913
537931804
608293109
591064160
525914483
522927363
574169911
658004451
654683112
530729738
653752511
597254715
630456401
614863435
627233558
522796327
618185755
665939530
553845184
633730791
593052243
654240507
578757106
536206568
461141687
490795105
654870968
630064263
520640859
521736252
637026599
596620681
586589257
419799046
650898377
567559281
387820784
640111801
472865320
523124410
660098724
588094997
638467707
586491824
581352995
662940501
507551157
665000377
555735403
437005145
665025614
654448658
654123740
657880163
597458956
596711440
589979954
558270916
663033111
569580523
660969951
632331650
544873353
543393608
528415694
538002594
576980087
617091288
636859469
503044087
531445267
557598454
566330594
652553128
647271682
596925414
649111056
556257085
533772142
361593538
572553923
569621006
565337245
536221997
641250299
554325611
470105586
601001286
645722860
641254174
575639538
595365256
578268894
486549898
634172025
654123740
609878305
660144790
555216160
406713955
526787486
645809351
630174193
662632618
615942981
565186543
586432809
529716191
601640106
489900923
562547392
523539352
646387268
658096373
663003128
605972505
597189923
658329768
472281582
600832490
609592152
579075509
569689473
530767728
556011729
628790451
665317054
600934807
603921465
657193580
517134493
633300915
509880152
655058509
654635492
618879641
527890486
534004827
533145594
527742122
547166549
565866583
642893589
505291787
649008000
591626677
535113474
554709673
636472643
564225044
633830378
481907940
557903786
522926512
556387078
620588189
561672346
629992371
593070183
615645394
629764219
538102063
632697145
626727758
617092157
535476211
572407748
664819468
663916571
512175944
607479809
633019637
646631601
618110208
517056709
626977769
573223557
620353549
594180173
548863077
639794476
520231759
611580487
551447106
621013585
568748256
569509236
493999892
656816964
624498945
538568762
606042055
515320843
567093251
606987717
541374094
657223145
651249132
593245785
526326355
659245992
427626204
629221815
529613851
579084076
541016387
632968349
553010804
556477935
652463522
516759398
533982050
537364333
562098718
457547168
666250419
553145240
623071971
581589778
392422825
566430497
648291318
659773753
611830732
522703460
636323833
552932409
600236127
538265640
516088131
637270555
579864648
515597670
557215328
521981111
566123121
549879996
633767092
619845584
613364965
605235989
633431172
610935872
635657313
584531306
635148692
643944258
572161622
636691631
571281720
513875785
551706596
614582769
483486754
603506423
660055098
530398518
566123121
543713134
664838825
549559591
537072821
650372025
574339874
548111515
533630795
519349337
657248146
574273238
455202385
598009372
469870442
634333499
442722841
605046108
606602244
662969349
525138243
567559281
616618908
569279541
555738620
656873984
542113813
646127630
483795275
544493579
604137700
618668977
530182929
658096373
615978087
600847868
515053764
581640251
500135167
519431951
596627527
603580337
580041541
564731812
561314712
599449074
631046164
652191183
649964595
658383590
546026125
604389630
622163469
511328567
587068250
658561526
623367986
666571691
576847680
588382933
532284170
620312641
584104494
613899553
559802687
505178832
544680015
659432766
524067275
611882197
666007352
539811386
665279978
664539549
664253404
640921200
591579385
652117267
646924685
586159336
656295878
547350162
557355218
585185672
653894342
633832341
625428820
603967775
620742885
648357015
649987587
633832576
415178678
630953537
567470713
389600648
515263480
581640251
556727899
596192250
613727698
662671206
638061066
588938349
556057466
571536141
574857957
471904298
660969951
597704034
614900483
523164161
602941270
552779746
526569676
609592152
634773009
611345489
585182153
549330315
595221619
565754750
511105274
593593581
664744648
654069484
575313744
494951557
621106954
588663196
640596221
634662740
626769856
600616541
592403885
666268567
594151940
589402809
650054201
609560601
641112813
531044995
665191914
622038359
608770950
653883397
555233712
504533784
489487900
560166030
554325611
537081372
612636051
576313738
615115930
579601969
632381542
522014912
655326820
588970580
640517308
383479302
587135032
551647769
662779879
518684679
592209710
575546516
544399173
583878422
579296194
560689710
653966909
622715430
606708352
519827340
584027926
524591685
557110020
574139442
540095096
560660217
637115397
556165608
519377623
610578355
640477988
665939530
654900689
575348585
591771171
602206719
530017702
502780167
562754070
638790339
657153030
521294900
493939292
621211134
586498683
656027565
573452007
618097272
581232177
533151111
461365586
529649081
498370501
666449426
565866583
561679640
630173675
557134027
505737820
546101429
656014668
598753862
658265283
600832490
665177496
597821934
633828825
577780948
524294923
643611971
576863013
593940341
496326826
606072556
647886123
640362618
530398518
607430129
542174717
656720048
577577467
589476495
649874602
566123121
565183630
562525105
556859193
623142306
607554683
591404654
632434940
632065612
606958394
642083060
536873158
589414351
662007165
589865229
541268599
539384237
508239627
566639169
577633094
638129865
622192273
665745559
599454627
553499224
571583988
551754439
567756509
608161605
593611614
635445664
580943510
560691352
591876032
567543654
563785440
592015617
628528869
655616982
583389263
631045518
508096443
576034419
592760289
572288404
560652455
542122873
604382280
663003128
651450365
632425967
569044235
659946750
506086223
574220284
565300499
664142566
544586088
602941270
581014866
633150819
596623097
564225044
577251153
492507988
625236477
537364333
645490328
532390410
580247252
601261081
664367416
572023375
539054022
648232676
642378870
654696951
662359172
552174543
655810760
617716233
506590860
551819089
596966372
487734226
420602820
658371448
616466875
666195916
637543622
615638585
584704486
162134673
503392335
631863549
659079069
618496401
532218238
502834438
637393862
616047873
657769243
623391277
523488330
473501511
580860803
655077718
548848447
648635489
661354127
661556029
551494282
654764228
659503132
561485445
596946654
522031365
589851293
555751664
594609600
534398191
529806772
566875438
480660341
648232676
584104494
606716998
659432766
574602741
661201580
514375669
625104504
519831415
622691012
574169911
568510998
486968241
557682205
489911776
533837288
606360208
543236238
611834378
598753862
159174175
611381030
507142567
590348494
610130640
580747451
661576076
604853268
621475045
605972505
657979022
504393273
559403352
595379400
591553896
603856305
548278359
600616541
629915847
598804644
540614523
579362532
608590348
583673484
480425853
587544039
664260099
525320971
554099675
571873873
631239306
581399029
528992891
623438004
577107972
535106911
543271445
566105530
558166111
648303323
663847573
586590299
632337375
657127766
607288043
605386648
560743700
612654603
513771069
651467926
552195105
644623061
453307199
610051012
474391797
619815829
519593281
596402970
660661596
425695614
601981990
665292417
527787953
615942981
660449885
664791014
651910269
522750485
531366640
595888716
639661942
634792655
558907210
552384039
497546306
579773150
665079326
523575816
537384963
534450923
650054201
662696709
563929756
527031684
654024724
513938295
500188902
605460942
596026420
519460041
663338840
533924156
546168537
565015332
648059982
614021018
600008355
639545358
618318855
538385562
633686210
445303892
660410003
564487096
571281720
561526213
588154531
659284150
659751479
386934254
571487711
578817053
666288496
598047143
524266271
489911776
612589186
609114268
533103910
652940586
609742763
642020057
480640346
628730458
570320168
585488129
664093117
557220172
650696284
663717815
484999543
495977583
530366337
467427747
559702668
588416625
522128836
660963511
629764219
641653175
640121768
547117839
627284535
567024071
573576752
565546898
648121685
663550042
473212848
376263598
660219296
576847680
521675239
530007100
612222523
600751320
594390385
595934674
574666886
476100482
526767718
539347850
584268922
620351406
599443768
564533696
545403900
583851423
524740865
534330170
513938295
462014523
577963349
598900512
525721888
663721789
648843543
529479259
504730664
581151869
625742676
660245978
579174225
635511743
610953705
657697258
569413132
524241674
511205349
525877935
512734124
645792302
573351725
645809351
452778311
539014892
581460142
617268714
606412507
649862258
633245651
653662139
577241847
625963858
595615927
599875333
547953915
595337252
510789756
577743070
656253194
601191774
598660954
554432976
582905781
662500559
622052477
610067945
618451098
600008355
538991269
566800159
516053619
451212105
530292169
608563501
615849297
584721714
566105530
638562886
659973001
572773645
534022656
453307199
659300160
474185215
563025542
642696066
619282115
624069811
548870181
562106535
629821959
646858188
552323035
493737056
501722015
634097592
633820262
529373067
524612541
533640474
511483383
493865970
622038359
475199470
562830402
643871235
532880342
552561057
617403397
652901102
511800465
525580932
547195457
605386770
659858818
533770872
542544856
555738620
522867068
426118790
548283325
593126211
665683059
590746986
620470155
326255481
536551989
527067712
537597621
649437303
568610605
490134585
647309916
623340322
608622300
658157954
540532157
596977016
584023594
661682901
632653188
553266514
518399032
644971825
541551674
612119894
606412507
527774727
641596732
597456390
345929566
558431030
656294374
528438256
590030387
551860116
519923723
651160739
618789925
559403352
665474313
593143127
510083093
616522738
554027659
535609214
535830563
599311424
572494031
581933484
558428080
533396803
655401703
507643045
653200849
581104363
641338486
514392522
518172885
581134353
665480801
533727629
541758617
571003248
559428582
521588088
609513576
624644987
477543543
588432810
576307726
524396215
595189221
649339293
643882831
572796371
627147294
581352995
661708899
564183855
574370335
618686880
582174814
653711605
547102546
594802912
464991426
592850157
528156848
605235989
651647913
515401471
568268878
595990153
566859551
531456211
623563384
607497514
664156279
654123740
580669776
665273749
619845489
641413551
620369229
487463849
580032614
579075509
563304176
648647726
531964116
653649914
518250796
618710412
583617075
539137255
620742885
535991233
491278479
591885848
627990168
643582279
632427917
576847680
646351795
617403397
544399173
638230927
588311877
513183180
628459668
642735972
530398518
642788625
576714114
654274606
652268182
602258299
652946255
518919747
629269293
601474130
612094857
530867915
560346045
622192273
544241190
650311877
612783732
541812982
637862741
597480005
441583315
606015784
607497180
542633983
585681313
638043269
605143343
620519378
551319338
566191545
644852669
536964771
543948617
550385483
616531353
542227054
556045894
628824589
538448385
600794612
641340348
588514878
621498947
632711619
619787169
616047873
655927879
541399935
574402044
629114288
550380697
504833411
610317328
578144999
568475717
593940341
545717253
563000355
588415618
584584904
657457224
520045391
544438440
618097272
631282409
577059869
455202385
575784489
652741043
492846482
485223137
612645479
442935358
665975446
190946410
648111358
590612347
596711440
664819468
660055098
627990168
612669958
584584904
634835231
573630963
660456046
564236603
470200274
620178137
609145181
638464869
557908603
618070983
608293109
553499224
562231574
653235592
603026022
601075557
598772770
527630995
537467164
562098718
478446962
616550645
551706596
661099224
652927919
544700855
547219871
543502614
579301535
565463043
576653170
503547298
621406457
516199041
545469091
602549696
468851758
626223256
530595197
547997245
606106189
641486814
562473715
496673701
549560519
651416075
534872732
626371837
497831111
655888493
490598621
632160398
620328060
612316235
545490916
570433852
518775067
514375669
628546365
654010667
555924442
551809781
508784955
636323833
542376570
613138218
665198060
442771764
464240232
641112813
549912834
654406852
508591310
653178489
533879593
639323107
634359589
605336152
518037136
643511375
588834883
632284948
605071102
543706090
370419199
573433770
628666523
547616084
661411725
573036560
582748991
625050939
572878229
518645285
514536118
657338054
666210422
666059443
642410522
543468488
510219286
511349439
559412669
584624313
559386795
490795105
463831178
605235989
576980087
537942538
618336697
613644436
628019493
661308244
468442646
659532351
555645451
592798246
592509361
646082961
453546499
587186104
570319347
550893031
488035314
637890923
624069811
586566142
527952420
597995857
604222108
480260761
557134027
611555302
621849672
629907851
649207774
538002594
628705284
533630795
610688271
585718305
627974376
618696046
440448932
636196220
554317032
654424579
622247862
634359589
509410665
547660830
597881405
563331257
659851558
532284855
584251565
505648970
483541555
618290440
612625018
617071157
637233850
601791831
492810101
550495842
557598454
596112550
609308561
549046939
613141187
519749614
615638585
508178541
542243485
558003404
569127771
577614929
536294564
538160143
662074083
571617882
532560832
482828300
518684679
661250919
623006491
655135174
544697289
572383221
534167881
596318413
592443899
555030204
648303323
666503537
540240261
528750816
666449426
616678899
432172726
573859707
583843913
477949338
581150897
496467947
635852126
620886421
607288043
657456669
645255613
592689503
530398518
659099420
602211931
609845006
506782547
577023960
569354448
618610958
539975875
578840693
539129637
574930084
588921707
630052478
521133553
555735403
652399329
461365586
635116567
648765330
567057555
657482611
572092469
620239928
469270539
602201874
599809697
529217468
629830436
558904495
577272632
633663029
651551613
442128115
588375664
576053234
614929543
567923864
583263617
605235989
551819089
584355257
648420636
556497696
597458956
654072622
563333057
572011140
571599608
664824401
598854366
602671388
620091652
565186543
630947912
438453069
623514483
587569277
514285473
627648039
544199583
572350768
647917543
657226266
462367673
576980087
623133509
524067712
627602287
657315996
575469534
480877240
547344421
631517583
663045012
641352097
508593570
632066940
628472907
617125518
663145763
531366640
520865025
508559565
601261081
660949845
540178634
612590817
528524025
543948617
525033347
643794542
618086154
590925796
513904907
561814296
529323871
471436009
589527506
605228787
581751013
618047062
583595942
539357434
572893897
614649522
592408403
583839954
652851349
527150380
514956326
644813904
664888363
624048856
637192443
584251565
614961083
546346620
582885395
528922994
509023074
557974615
502264744
619958960
621636204
570086133
539996643
565056116
664478535
659758053
650832370
640538758
512137475
643107231
529492858
645084307
470099146
536436877
633686210
580643984
554790632
658061622
479265134
651181186
592133613
648843543
596427635
542227054
607527478
491019719
580428870
604758146
583824221
598832023
618496401
493473260
504314901
585508940
452778311
581452027
522820243
588682642
519582522
522435238
622520341
651575201
605825744
618080720
581860367
506610328
664098700
587068250
660969951
666144978
544595372
585454482
348377598
615350850
508668628
515263480
544657649
549928328
582253844
515444409
528092445
559802687
659284150
624196635
649111056
597426942
506529243
501715272
631675251
575659427
652268182
562098308
571479678
590925796
610301645
636690702
574781942
646815069
590421457
651824152
628032648
558752814
593647153
607713857
662583644
633686210
664444345
544493579
633848305
577960904
486468552
578391604
604325593
521259440
545028682
580739968
536712343
521294900
604298716
541092747
637776850
651506132
661155566
646693526
610217050
599449156
546817850
498280723
666565930
612639389
652933344
633913055
524018808
597324180
535065820
586343638
550375941
582729519
496193191
564619379
584326796
657416915
576935369
523585227
600832490
626570663
597900148
662288731
611234859
589744947
520049945
487700449
649741781
608867458
651733719
658783468
523902647
552995458
521211904
600334164
530078392
619958960
627816686
612119894
546095511
624498945
504285202
620470950
587135032
469662923
618496401
560054495
533860125
563450390
594099396
621326729
657479215
640596221
664175960
652927919
583762224
565186543
638743577
664539549
640878971
512431718
661818274
643871235
664156279
601247709
530859947
461540721
472455505
597821934
488268754
593412387
611948311
654623778
486050961
509023074
581492863
518399032
582139819
609856342
638700032
656213725
657857306
571137580
611018337
526089771
665068133
564062500
574987931
564381264
545327267
608586533
636323833
662500559
583623919
534196481
578391604
469063272
648322736
582229004
650455097
573140276
573296269
639515030
646924685
642811549
578062877
588380743
626258385
508585180
528953720
473030389
632275969
653514523
515597670
561694199
632128100
503293602
532375456
528337673
660819638
592021640
594482402
498520163
652553128
638635664
653966909
647309916
595805554
633659965
623256561
628351053
617464073
559391610
647401197
665317363
629969367
592004616
508340589
592378291
601701986
597606883
654123740
353518825
601606812
636859469
661811981
554818927
603996553
583403606
612119894
579517848
521322429
572369162
502573471
643223265
651897948
591397639
582043118
579357083
610368623
666544844
658178727
600786637
659372032
660486616
524591685
641580401
433699171
555775097
653316102
600055267
613579889
619985601
530889103
648843543
639794476
509229331
615849297
579859867
641762700
636455204
451846966
606412507
560743700
564479689
542123467
660516064
607274871
575604726
572796371
577433911
530771701
520057168
596258669
589402809
641503772
526942578
625241196
526888703
660410003
646966108
635104650
536576679
524838438
592136569
570722118
631186763
593200051
639502755
566454815
657344860
555097492
627980749
646668003
562306025
560826258
512832615
664393792
482328740
546443891
516037127
535465238
574080554
521698597
571656870
531502284
599105796
447293968
565746013
630700773
646259463
522992365
544852585
628351053
665258112
556235326
459621659
557134027
565205969
630069913
590589591
633239668
628005068
631580721
503478780
618496401
662465844
599559211
521622342
657870723
542810075
660219296
625857982
529403241
538227670
628666523
551495125
627767880
547119887
525589939
629073958
653308793
584584904
626271501
630264718
593115855
584029188
604025657
567030616
502221948
666449426
552945658
618318855
636609462
510591180
596714070
566064988
537886965
659477352
661703049
566105530
550453877
578587043
641127725
561045542
521332080
436366498
609145181
508307932
627559266
613552527
529787308
562754070
536436257
588342178
597511514
631714438
636196220
517134493
566064988
612820565
628255128
638221014
602936030
617844046
614930758
544636848
614180296
474265015
596326758
573594390
640421520
654431169
545861228
659673423
572362168
645706376
637026599
573123988
569907500
552063330
524350379
482487478
601648306
637121015
620171811
608439011
518314035
648358733
526960311
654764228
657022645
538227670
653256847
625967909
565018253
624740861
635069451
570406392
613219696
617432070
557862537
483423633
658279829
547810095
581138161
536605381
621483825
506685747
584632789
631803566
517457771
519868297
535672916
621109275
593143377
626107696
493762779
561590974
610902086
613643285
626135554
617125518
536025177
477929543
646900287
145842109
510163520
542236382
471708782
594392334
613758018
648220826
543885601
538220747
643178136
603580337
606950941
532767585
646491234
600819128
531955991
559411878
664791014
624271682
649543874
601261081
595249566
564956508
564308175
542093844
500433396
599095583
648647726
496482610
658096373
478087804
555097492
527792832
469101006
592403645
568944065
531057150
619327469
664098700
530867915
612935955
517279364
629982795
639857381
585112009
645312108
621601086
493473260
578480281
530178617
573544040
587370214
642252576
666394850
648357015
427275091
546024745
628861317
471607372
614961083
577395873
662475285
657862704
554709673
546065348
664791014
491521059
296108593
543339405
536833662
666423999
665172527
625982229
574429452
470881403
559491014
546733317
505578656
558584002
578349538
629078928
513999037
572219367
608979539
620604093
603574696
641221527
539799446
522773741
524270953
612119894
512062355
538971438
644501990
578743022
601701986
527258449
591245611
568268878
584059637
523590338
603880429
519203181
599791604
665975446
661194432
627744079
613540993
605972505
564479689
493180731
569754093
657578665
537733529
613223781
568310193
651443835
626156653
554709673
584776408
637406825
526903491
591679861
553602580
485902732
664771219
612238685
546376115
464440330
656244050
500515086
614017523
568268878
540022805
555802205
597995857
587857497
586776045
634111837
519431951
633618683
522889354
665425313
543073890
587365410
628335334
514118754
608107151
596603646
665469540
469886852
606768720
661874896
642689073
544985477
491936781
576503029
589415683
663523332
631051441
578817053
659166670
461365586
663706074
576847680
609845006
498184445
633384281
588094997
660219296
514479566
534125445
649053513
638743577
663318592
599627959
624063573
521971507
664302770
663023267
467427747
648830202
530398518
630817422
601791831
540872797
543948617
509458709
633832341
640018345
540240261
611240607
665480801
503669486
586645426
654690157
552489742
556178419
629830436
657365505
550304830
495974047
609492331
545218982
657375626
524838558
622133930
593985479
640889718
658969681
619958960
522558482
653316102
546960354
627869596
569985135
550762199
596324109
574694610
578349538
540365287
484431631
506808054
541797947
640010494
506529243
505842212
519820463
618048087
661441718
642855088
635981789
663050172
634333499
530398518
564565276
634240955
605386770
590202874
649765401
537081372
654651244
452807694
632629307
557790961
629445013
506529243
573623660
650300299
573238054
574273238
526713455
645312108
525911264
537591707
578033363
602157839
602178865
585500584
614687870
532980377
593908179
633122785
627699875
497850320
572563992
554386057
556727899
491016825
646058079
624582502
662753755
654123740
603192239
664637911
444968281
564479689
647553265
564252869
579565460
640538758
647271682
574731433
534856893
657077527
587321106
595975336
514674940
665480801
653645435
663888394
655183057
550497064
505284949
649332153
601180238
533203292
617083731
502780167
629096228
510048741
560974075
542910304
617947038
479360003
615638585
650155837
497390171
530714028
628577025
587166504
652119231
480329690
598753862
624670673
543804679
592408403
633276266
616614114
643691716
606708352
656590866
607358694
656491714
593369225
547145326
571869518
582905781
347516518
598965515
664265160
663388745
558649226
604389630
589869075
608860468
553764541
551997179
636081217
564091208
577633094
514059380
529065784
600140072
648107365
557007122
603007404
615712407
572340568
516169832
657153030
523164161
525524975
534186803
558916344
643346150
641112813
505237807
420602820
639818882
521294900
542889597
468442646
595972644
619659830
558003404
601591862
587637653
614799199
665552188
529028009
654406303
607565166
662671206
537523541
556178419
666059443
663003128
551744976
648755665
530771701
610578355
570632387
634039106
589745022
545665458
538448385
652861004
645194803
619327469
558729449
533356186
524917467
617702980
542218346
661587783
520487945
515854872
638405263
589895817
508922248
609845006
603921465
632611135
632425967
565418283
590404552
632812485
518314035
506273390
566105530
664539549
505030310
539090568
631792100
592903266
555329771
580270617
652587753
578547125
612313517
589502155
627483267
637773028
659763116
639223210
589476495
597254715
597178749
611114793
651007576
413141275
522066138
526317684
601075557
579929157
581404148
582363214
479463874
578863045
608979539
665480801
548863077
558163316
524898360
528767718
529485942
581432574
623740771
534398873
340858829
526486302
616540873
596187043
574077108
532734336
496692984
541551270
628064122
574361819
524396215
591246696
663528889
592569766
518385486
623978881
452940073
642689073
666268567
529649081
662191685
570772294
597881405
580684955
587027477
658096373
514285473
652352986
525524829
488458939
606447110
559220938
638743577
517812615
562399706
556304516
648843543
565089509
518942090
664350770
589912207
530398518
569782653
560405314
631019534
564967166
609063541
657495092
604588689
504063285
593990892
530256700
631517767
470791953
547128727
611114793
525861885
634727930
639320494
661971290
619601903
530914761
660410003
652553128
557485952
554031851
576737920
475169463
596424981
573674550
494276515
608161605
653651277
637383368
602859292
427799820
616599858
609341765
504635776
618984723
665117317
600252768
586237185
556943997
664159308
640230940
653711605
533545781
664373620
609389918
661780214
526979937
625940336
653382641
492625677
565542429
619727177
604848107
578044979
552710058
524384084
663045012
468033729
531274094
583654425
480843806
623740771
608635673
613261576
506609637
539939226
610067945
666571691
512279311
545928189
633163355
582905781
641402215
664098700
659858818
584104494
618523077
524449686
515309805
585112009
567904017
540192783
652431686
664908381
570067986
587398989
532141668
591664864
606511945
639334915
617432070
563211370
535593427
653829037
655077718
613643285
570577277
620363377
653207600
523512200
652783982
508499839
538448385
613922746
616645917
447741294
557999370
508375104
565186543
569413132
589745022
530366337
574738914
541638057
604588689
650827732
544925572
651160739
651746664
520399167
548775426
558895378
595939084
596788307
562616897
571122737
544647161
575078138
658171615
537003312
662671206
592498321
424923543
481365134
557880478
472393218
595378297
606556102
634023872
640811675
621410787
517836398
608233105
587895585
564420441
640736856
587569692
653729882
612342287
594282189
658371448
556004433
656499065
608868459
583539598
659851558
475981601
639589929
531456211
655326060
581805797
575160725
642526969
582905781
561526213
632451533
621851701
618890435
633541280
615582371
507820614
589421551
637873069
649321105
658085232
639692319
569994018
591517824
647139911
636317066
661708899
504412108
605518084
522066138
618765797
469900590
666449426
574715417
579362532
588569806
529779215
660942731
630174193
562803740
584750799
652277353
591763459
623223481
511582491
263990280
610260431
544291780
652306063
506651559
563149987
554031851
663980517
590002969
541786527
528049595
626371837
575334121
503240973
479429359
630331845
633883647
571122737
613556877
664888495
548061079
612214880
570103936
652599177
613412432
624096159
633209611
500568125
536802462
509900732
619759850
620388688
617525782
457157854
652804484
565731855
641503772
476033628
544199583
525710623
462810220
545877225
502432292
619907969
453978253
537242765
549537942
597535175
656898160
638675224
603386860
628654712
552649966
589751518
562231574
591771171
554042634
559845505
634420501
543370908
627892390
550398303
661811981
666449426
609381536
565197827
633057149
625921824
640421520
620851976
571623911
582870129
451719407
645107763
600336924
479930072
633608525
604695073
453498065
512313041
663956017
557085374
571265149
582250015
642352591
583675913
660452685
565658238
621242275
554501488
584023594
536677354
565504940
655119609
611131271
588375664
520025526
575798344
527774727
556847262
664003399
565546898
495893729
597928723
512270172
522399678
587449827
650407788
548045656
612190310
613911152
476915581
535066438
526819183
489496324
637817313
599961361
605726738
592882258
347341725
515116418
645023296
635951279
594531186
439192890
658962701
575876925
556247722
564761316
660219296
497316988
546906833
525784056
561814296
586595899
666059443
659848652
527510197
489779807
531008983
582578275
628366669
522247988
519414513
634864179
624825486
647699615
581346505
655248293
597480005
640666373
662339252
577633094
575214563
616698053
665480801
658085232
536539053
524837235
635951279
553344966
587238136
548593701
665884217
564528648
547783900
614517765
618903652
545835021
617462378
579160949
470562796
630483234
556369185
561778556
642020057
638155637
623907902
554521725
638405263
663178839
609384827
534840794
502872433
621746391
515669183
599968704
585182153
537533088
557951216
664637911
636589609
604132116
590642036
633903958
526448256
625967909
593698737
585860532
605004808
538971720
620106487
500352818
549432562
653166940
536009316
473032665
515091498
538309647
620156394
459779004
634553573
633900876
610578355
546855131
530182929
538474441
584363718
562831764
604966315
594560807
523453453
664539549
637722760
446417729
593151885
490900262
635363576
508074064
485022577
564019617
462551002
490394597
611102927
664034044
497277388
642641402
644690265
520084243
502458059
530234058
655029667
597458956
534349483
657949224
581933484
624498945
635363576
635407493
654363036
567232109
633848305
544091919
576152189
615392540
655702902
584167033
519601506
665480801
555681350
585088669
547631323
635014827
585102640
562694511
574666886
571637259
609527230
537886965
571637259
648635489
662465844
523748973
536970925
537072821
633233141
566260297
553145240
628917085
568026520
566030944
633854176
576831134
548612628
584624313
637817313
656236167
590372797
521133553
643341404
634179723
642252576
548421162
469927403
511306526
597834870
663027245
614582769
550414416
521095435
639166316
514710084
553012237
484702644
551319338
632284948
595525068
638138461
530593623
648818150
548045656
490560202
648298625
595668471
559845505
659033974
565693054
551447106
584320973
552626734
533385082
628958718
664493965
662500559
642664633
594484850
639231953
466056341
524827337
553816485
609992298
592936032
578150062
498643342
498405075
634628412
648912786
579357083
585597322
656386823
645128860
565089509
610798237
518250270
631714438
638367350
633927464
546206309
501712792
588094997
600914248
575628075
577981110
625859230
639916980
559208517
638432669
636420593
533804609
608121028
603147978
640421520
622977847
588397577
523016855
615994228
602000271
570234799
659092286
584883374
615002843
661099224
581218744
538852928
521281376
570106314
470514913
600645648
658530233
548935305
618248599
510397555
542694905
569952451
551137064
652553128
620949788
523902647
553922156
660797642
593838031
642463883
662492218
568216277
598832023
509947828
574028146
525911264
473421833
594043181
465248505
539457388
568518002
572663281
559105416
476533412
648882216
556045538
606782618
558904495
534360417
547327183
631792100
601863286
589337413
570673705
597995857
581776499
570777835
533741620
509159826
642641402
649995214
511638805
614421840
583997086
566711015
585033873
634903047
539596371
622134070
564218325
614228139
541227813
565731855
664791014
561187831
652783982
542885126
580578552
641948380
653200849
567335343
658080743
571430524
577123023
662926645
598863935
650335456
544535417
632371813
484168853
546784927
664010112
572898153
471056041
630829446
549075391
614642999
664125059
640572309
530847422
526571445
575451039
623273894
524512996
531626097
600224843
558092674
570234799
622132802
656720048
564225044
490900262
615231989
521281376
644885455
561014455
654509053
574017900
595835398
525288830
488967470
621541505
581345491
642378870
486085629
665480801
627375040
507807223
561045542
597841637
545779375
588921707
546523377
606468048
596112550
578349538
604779013
631264392
531964116
520564614
650716099
545544113
626223256
547184773
610587205
577780948
563346537
526079284
547403506
544778827
657067805
561683347
576307726
617804756
665120276
563574300
609845006
537586893
639815435
648136958
520472539
608099353
586092836
590415802
664915317
616096572
601739495
658340864
577023960
652597764
652857842
558068711
625845910
473429915
501726158
597900148
509880152
535934280
588911868
532170448
565399421
533741620
665682589
599314163
622192273
590279145
617716233
652191183
513451252
567090780
485002125
606412507
576953627
600919019
537467164
608635673
608020839
608586533
644803167
527698520
647309916
617428265
616498233
522976872
503069351
556369185
576931468
664118139
564528648
663673218
632371813
482332387
657263081
512403061
557608907
432172726
585257198
514285473
599737534
590202874
620974915
646951427
525955776
603337629
488967470
563119096
523660869
474188308
479332026
545021652
576551831
661114751
556030418
659354867
622530425
540532157
550375941
653055064
571953497
643891072
662509363
635439235
495643873
651824152
599095583
658622695
575290005
483363683
541380259
483462392
539137255
624262849
615050490
614528764
565329527
649574383
477083483
578391604
552195105
658783468
638860477
604050960
534306942
556497696
558167003
607200970
532733225
606412507
664393792
631572194
666500483
664888495
663338840
606987717
663517656
568510156
634111837
629207004
656152584
561189533
618874464
540189722
664771219
647401197
536294564
579116144
645809351
571055536
593143377
660098724
623152014
664415831
646510431
609308561
641691677
632128960
586996657
611882197
552823564
582129538
550288206
566875438
514624810
532380023
658371448
589531171
615917736
658371448
603194861
545945096
578983714
547097112
557244164
454347601
588416625
517056709
620914805
568230116
578020360
583683540
622166798
654476523
572087997
547187763
533612362
534053607
471904298
508074064
653991351
510252040
659858818
562132153
602738551
521932207
552195105
530847422
612630733
636336485
631720686
635962819
557428767
617357839
631978311
641354483
609850274
622664983
511298502
643120815
642788625
528966179
580990286
609145181
565504940
523445008
652649367
622038359
573971706
646532109
552758687
653705071
625766247
570800544
536551576
612729877
523151714
558068711
575856724
465849424
632625805
612350996
475797176
660080527
534196481
614526345
584104494
480900966
661602000
620055820
663962085
652101306
601972768
574417697
634422921
496467947
608894421
519863334
432172726
577519217
517836398
561529074
523151714
618369819
665283112
598009177
541375330
558341124
584988542
665688035
620541743
470099146
634422921
642870372
617702980
445109171
625582631
409387618
666500483
631397392
589733753
624069811
534616370
530034790
636425195
666500483
524047026
553293892
572939156
590506613
617614116
586011422
596427635
536785381
496556015
530182929
621463050
553123400
478615418
639456371
596881223
607500611
644783174
517994480
658895289
636563568
616038248
598682320
535672899
662054325
663523332
640421520
652587753
635633087
559282940
555497752
564757499
665656831
618097272
658559979
604142861
639080201
584138477
589462480
507768148
584883374
666059443
497258629
567531359
643626557
611042503
641583489
587135032
505075264
660271514
631957570
646648502
558238461
581445737
589545899
554709673
480610533
575955650
616826146
622477825
616494381
658035930
467703362
540182446
620506323
503674477
623071971
493591002
647271682
579075509
573355876
595843990
661195957
554494840
527992739
539939226
614319195
661285802
587786059
629764219
636659341
516060692
638370456
546784927
591604251
618496401
601247709
601403114
497831111
542122873
577420219
651152632
632063721
464500728
547059825
532087560
666544844
528524025
514846425
490647452
565328334
532218238
598722513
623348972
521162176
587569277
514194053
617224875
581064376
421274717
639531206
574666886
601594531
640421520
607577132
627602740
454054581
539975875
556727899
466690250
543091225
572796371
547119887
565300499
624794000
639984594
645809351
594989210
544143660
623323628
517252998
537072821
520888239
572462517
648203955
653260695
649028195
635148692
640493410
633815090
563025542
531209456
621640743
526533679
625241196
610578355
652741043
570433852
638534329
558698862
607642621
584575023
647309153
626601563
612630733
569137696
581867684
600786637
629221815
579623873
538004205
554325611
534651474
605972505
566105530
559459274
537455459
519031562
594043181
515244534
537524752
641809835
650300299
552050371
629843639
549978823
611948311
665563744
640421520
657054041
595327509
517310543
567090780
659751479
533630795
660410003
519120421
582129538
518776357
656804973
658401421
646704830
581237436
536549892
628088614
581379935
648672533
522893734
617702980
665317363
543799949
561814296
529980321
588448607
596498573
571462807
621903021
537482203
612243307
653711605
500352818
666449426
650304838
518385486
661448243
596498573
633608525
626284003
641271771
599098987
569182290
464575145
545727481
542155484
526089771
597254715
572409685
637570060
590280124
639485142
544390369
646372044
656365531
661434817
660407506
640193449
627098747
665480801
662779879
637711184
626447653
569881709
503539434
665682589
471156844
637156775
616088371
612630733
552161168
629969367
532390410
591638672
611401852
635170962
453307199
666059443
663162923
656615414
572687468
659414945
511101342
617504645
625762097
559981078
438416374
603475796
529723736
444144439
663596776
618798875
665712471
552050371
573675249
512560039
575524871
658900966
535368024
609321462
516378496
578828036
604507527
648072204
580419393
636133161
491856839
596242737
654409733
618276879
646900287
616250700
581352995
554709673
572878229
616388936
629025327
665939530
602126647
602796751
580548656
661798171
575152475
578228038
597274311
410355441
627905944
607255334
664176175
611131799
459881977
503478780
595571393
625201409
580419393
621140474
495956400
630203385
656561511
566395173
472359526
546047878
576551831
656347360
480865589
624498945
543910972
583635958
553499224
665656831
637736216
511585708
575027058
565504940
599559211
590298844
597776907
658371448
571487711
540830183
645102370
537733529
561849362
656295878
512431718
660279055
590187750
414370922
574288818
613713668
570747962
567709193
571487711
564700711
650147654
639984594
541210221
582380534
596627527
530593663
611580487
571102625
531258740
600181676
607747406
484599954
560866402
606314195
571265149
574248044
507084885
622374620
665180300
660410003
568839667
652101306
583284848
572632341
596609654
654429427
560583387
637542246
660562734
645403868
496254126
642978413
517756905
642959558
655689422
612200336
662983916
660064954
481351711
537591707
501549477
661520034
552443863
529076264
648437959
552245532
616088371
662465844
577285168
614228139
518580090
538324593
571265149
585508940
643944258
577974386
610798237
572446795
607497514
636424474
619543463
562744770
644680146
504768298
615974157
605278258
643747886
581764985
568510998
546784927
510957689
494514389
531445267
659671477
652741043
473748379
609629720
567230833
566967670
597254715
532592633
641612552
588867640
613679454
643909343
528258383
571658533
523405968
616531353
612441189
465102004
473869537
592557358
600545354
645987579
576955031
530398518
560556554
567408636
596225652
587748131
643696388
536613148
612783732
662465844
567971861
539694963
480370233
642854511
607764857
572714323
538416598
572714323
559851290
585700576
662940501
592882258
549978823
642978413
523529769
637570060
616047873
520379582
560510331
527386995
540101599
562098718
565866583
595525068
620497912
554031851
604298716
544368377
549188171
635215408
546842963
622659130
660219296
665480801
533426298
652444436
655193776
565186543
510557634
519195142
456497375
504704452
556238700
560649384
552967594
527078391
582920122
435460726
601754516
652937857
534430999
559767661
600832490
512601966
656631355
641246596
589512017
516552175
629559561
605812565
540871924
579158080
602549696
493473260
645485826
557799349
588866536
643073853
590601762
661780285
564725886
551312170
566756061
515509043
612949957
551793413
610191416
556336206
581345491
523194247
515854872
605897088
622192273
657377507
664342257
618631725
531456211
550176296
556045538
646212178
579507999
657689822
509950563
641246596
574607777
665317363
628294472
584182766
651130377
614279837
598009372
544435246
594528938
476560838
610368623
540532157
545045858
538448385
661951153
660410003
582979365
650800042
609906872
525774824
655794146
647520902
615419060
645704216
592432400
643694273
604002008
574468738
585182153
549763055
655689422
604448035
658510463
597928723
646009651
548456819
599637794
594311450
526204351
535672916
562413812
662779879
552895678
639231953
518358211
514022203
657844450
594434878
634271567
629225552
640427414
646631601
489935608
657248146
559249411
580824747
665336705
555914085
549919967
588514878
637736216
554812764
511582491
514684628
569614653
635973361
630624952
592461739
571951355
542063926
630141836
640517308
594729742
565463043
612081044
615638585
516506330
545617742
646315033
621140474
543310708
629350202
528092445
568917485
619980786
661708899
608771277
523056269
489496324
658920505
568937567
664003266
488906015
554709673
485515807
619419395
623071971
549311685
665608992
583603632
520560813
618105188
564516001
591639954
556382619
537671498
544241190
575487218
488154483
548436587
578474195
507142567
515945275
563929756
585656020
604648900
472292376
655217098
637582602
606602244
592922281
449317068
556045538
638023120
555961976
469900590
531945443
631270574
647038968
599895785
564559133
450160942
607048015
608450045
567233229
643742858
552256382
619958960
596034294
548199213
484447934
636859469
538309647
578253270
594708908
570330509
544914696
387134268
593564625
546776190
544175910
655820026
531321566
611482707
588493554
554766682
659932012
666079013
563696339
567222617
642754939
655534451
476928670
559897962
519944715
526257153
636862998
607042878
643634726
462317968
644426494
664098700
589950190
659973001
622132802
555144732
522000643
519254602
489521970
658092464
495971647
557149029
664371637
608466256
511084760
584883374
554675929
628653735
617124519
639916980
577104804
505429581
633342484
599764319
656028761
634564506
659640209
542765531
527413412
663004220
605972505
666544844
638075370
568485350
559145686
503282514
638467707
493755544
534480607
634863086
630820679
571003248
627602740
548427611
477771918
508923934
454286388
616645917
594484850
559556339
659738396
658510463
529485942
566671500
655702902
562565484
605367892
511345467
455946509
604698245
620541743
583161045
628987569
512931407
585668027
454949619
561878961
507505841
537232060
665296083
543468488
569120996
544243894
509960094
493473260
578235169
643742858
506378046
543948617
540569897
600008355
650684205
648437959
640193449
616177441
615350850
636378594
464679286
628915187
534480607
654900689
555276718
627569612
592133613
642406096
575451039
641250299
525394614
642378870
597458956
487732130
530708668
576242067
522769957
599559211
542657839
618070983
528524025
608852854
648423688
580819117
621102721
530729738
478269507
461549810
632969023
559751344
636455204
525245149
635187062
553416978
622272326
616989656
532000835
503604733
634780463
652927919
568496018
489464791
659532351
535468584
609604956
628915187
631259104
617091288
525177020
534121491
524636458
453307199
590279145
663544310
656425852
628388721
610645034
603745643
612119894
632812485
633644428
529799452
643271348
557639940
597110234
625236477
613677330
623052191
660575990
517604651
579084076
589009620
532218238
582920122
612342287
597995857
611924793
636424474
623718542
570596870
599628904
615645394
525070194
664744989
558987770
577023960
525534903
644523056
544684746
526463331
594115773
664840717
616645917
645295065
542218346
527553395
481530706
635026384
605841632
512226691
503069351
610640751
643431994
608450936
604902284
528855826
633906650
574864863
640524985
644266737
655248293
625339700
534445672
491755245
581739066
647401197
543026177
621888582
600541048
624872732
636691631
567408636
663754514
556859193
517306666
489791868
662251917
638781796
472988207
488458939
549914021
636047181
660588075
643580783
591110196
633019637
665698401
567640116
555802205
541733307
552563808
665002374
501680369
548802453
501766714
606419996
592483517
644778406
575851406
520886125
595709709
566685651
664170098
537997625
666158491
527303026
632208110
583647726
660819638
467767640
506782547
562013157
633019637
561998477
603817346
543978717
524706548
666268567
666142574
595005949
521813274
495266914
613870614
626719344
665602857
543948617
640421520
613959045
516618726
659062218
538309647
629969367
561526125
527386978
649260346
597458956
649324268
594149329
572265038
420790223
643944258
526832760
509379992
647059625
628429096
637859502
544550241
592235200
637171730
555670476
583147486
508247920
394261771
665258112
544535417
620245605
582782764
527913620
560583387
633239668
580509272
552489763
597254715
593938680
658781699
608033609
620403468
530429287
634448780
644523056
526776400
589615591
601640106
588834883
542121234
661086241
515493533
635774061
622247862
624121923
459042330
448579807
384700731
627237473
486884924
602034043
608864272
544241190
646259700
665683059
522363934
665688035
597447377
662338965
559015912
540641279
549629897
557149029
537274776
647162260
530586290
485400210
652957761
601413255
554052060
525655595
503073298
663614166
646175796
637235694
593910419
448175081
504276048
630086278
611555489
621762550
538120221
610750003
644523056
649298806
526580415
473429915
582605521
522123599
655606711
650490112
558652520
566350926
545928189
623383236
663754514
562751480
562203140
526279365
535114003
552343775
665683059
570609657
608518665
492557934
642804542
559209256
544985477
654790175
503307709
649344919
578112831
586350523
525397847
625790234
525245149
489496324
578353857
654003010
656115252
482078500
461549810
540240261
530714028
649324268
567797030
616618908
562512800
583762224
661195957
663517656
589865229
605686381
464358089
653382641
482228388
476367761
511306526
630544567
629970519
550793396
658900966
505912153
652903594
647401197
582395356
543783847
569580523
542396325
665123818
619338708
566807563
649321105
618276879
644234124
547075682
528394915
603033938
589744947
656691006
621168570
610744599
611018337
638948125
599451390
544199583
604240034
622795104
599926681
534748957
586402597
522161627
503031068
430224366
432620287
513899378
556195845
601863286
590184865
665180297
633927464
510909227
505562085
614382599
665656831
565186543
512408644
531702372
638407822
556924422
571278492
657703892
559227616
533800531
643462691
550757325
538505277
496028322
660486616
563277266
545392201
558852397
537621445
542633983
598145790
590703870
557670174
606814400
602639247
610786669
591686616
575214563
632286122
537855434
640538758
594403933
483701468
519697828
565658238
586092836
628743557
564727367
602175817
485394119
564972912
566097313
547402745
577395873
659432766
530377486
521597252
627105359
643783529
568990578
646400007
589471827
504998404
549928328
508371700
532980377
560784027
546766551
515796419
614900483
551860116
504833411
665480801
586438727
642210867
549031105
619419395
551706596
638217830
655794146
626458512
618739928
573554400
593978349
644778406
662926645
554263054
556378170
512598042
546376115
632434940
613959045
652787892
583288437
535939962
635489347
619230358
604373945
574732902
663192420
584949737
503645077
510830844
656103269
636196220
448521457
580860803
581626108
642378870
592617735
573180314
606125934
631658601
643967563
540182446
524198100
530563087
581764985
515145285
534378538
629186954
530589928
608635673
617124519
517232250
541635824
529910294
526817749
529324367
649339293
453978253
495791039
559858901
570067986
587099453
496316323
666408157
590187750
662779879
621279921
663751064
636566232
661971290
513875785
663706074
644921289
562616897
553058418
612813149
471117198
588771950
519582522
648056728
627167101
542316819
522927363
514624810
446761130
594342803
661808745
625919890
464240232
642689073
512036378
635170962
627722519
572288404
646660869
629063876
524917467
575168319
525797268
590202874
659556732
619273771
571917423
634889114
472160665
470428112
526343453
602176927
643944258
616255935
552050371
543957547
639551992
471117198
611496621
548264414
533182946
634773009
639171485
535672899
612630733
570720788
519709817
517945553
642788625
519615089
629647250
597324180
542633983
513826906
589200709
641210234
645312108
643218400
614656508
572267410
547413222
531776466
648643989
606575263
657844450
573287349
554709673
661086241
554325611
596566361
526204351
640596221
595052361
657315996
609110100
553293892
593112664
587718581
523164669
484733275
558274477
527654615
475569087
590202874
650832370
662869552
524524108
661708899
564261737
618287385
552818686
563696237
614017523
665120276
488985159
666500483
497330774
643862294
532130256
567452644
542051615
521098993
616318276
456848821
666394850
579859867
538448385
615553968
577504500
634251941
632284948
644797426
664253404
579496911
638319698
567099333
546310674
646681783
660798251
562013157
505868637
660456046
613292301
521176375
569719455
516419050
585185672
599109056
657183267
651285484
585185672
595869959
631462025
643944258
560235685
557995762
643909343
574716056
506876876
572719549
614777417
507807223
568289193
623006491
666268567
562168848
610864290
662299293
584584904
650913423
488885905
647046134
666479967
527785771
518399032
562809021
578511951
604240034
478433312
529458359
586491824
665000936
599895785
593926741
616730175
620562469
451317731
641503772
598753862
521146530
596402970
608532115
581853427
664003266
501909057
557923493
643675081
538717410
585498323
636648663
597042902
639531206
571403187
600508500
593978349
665648350
479435736
609513576
612630733
600009618
570706585
664664259
641212972
612390081
615235366
427799820
663761225
469886852
637179095
413809627
552932409
569764367
470724605
638983890
639231953
537948794
631467865
642081384
589097692
544717720
647575909
521038741
534652278
540442397
563665526
590374039
662779879
551329132
574666886
543310708
554749255
661086241
490900262
601193355
657703892
662338965
226117974
512720698
563139375
530182929
514648954
626597321
630953537
659284150
641179594
543790571
419944177
563696237
645414434
643854030
622530425
556284194
632286122
566807563
662632618
664900411
643993197
548045656
634170170
597995857
660219296
549140311
621623569
514276544
591876032
619817991
638476881
638332673
611525382
561878961
650248741
544546258
551227018
579426597
631240938
635014827
647930897
565731855
617478769
573025093
559403352
632634213
582715614
554934636
554887597
457270011
658900966
633411214
496399958
464500728
666158491
657959002
655568955
654424579
579912976
641112813
638061066
519162879
615753547
516220709
596004116
625297893
511205349
509960094
566105530
526436087
625921824
611114793
588972949
593256507
563133671
656538151
565462703
507344419
577047515
529195784
615849297
571611915
602831394
531800986
581164916
665858171
659300160
563943140
494820682
589517400
534023124
634148428
572796371
604198726
601863286
575311667
521426351
513947958
616599858
550234804
657080553
643681220
526819183
655131110
530429287
664247174
563732394
522435592
606198676
532583236
663706074
650311877
644018292
608833524
604005125
559442833
618064363
623052191
542121234
521727261
443876681
595755574
598804644
627237473
513094250
556041665
587068250
613744284
538573363
638698014
548045656
620627246
658835501
664715804
560649384
473869537
552649966
663093374
633848305
657497728
628123455
633364231
552836024
578631703
615981950
662779879
647315625
596200830
535398114
618248599
580958421
607471031
655568955
448910936
608868459
633468223
603891983
629969367
642844433
638743577
574422000
585491719
523274133
561832942
508845060
478829678
631982222
549046939
665537951
579208405
626187705
524329357
632284948
655927879
526441345
657635423
651167350
558381640
512125939
583576417
599105796
653732394
590747161
592582082
355504820
639515030
617403397
567959313
559114592
566720459
533049910
617124519
500611698
554027659
610053519
643871235
650372025
571873873
591841169
664260099
527370662
603469511
526204351
641212972
560924726
551142553
634496072
616978251
648882216
596925414
659856567
535114003
562832524
643098552
664862268
560982013
515550618
658063548
660601206
632735916
491273057
522270009
626601563
492154396
500998668
665683059
546776190
588673035
516136628
636288242
587617198
666413982
622715430
625880188
566689184
605837281
601261081
543026177
573024136
536881432
532309635
565546898
635014827
660449885
521015811
597458956
470146398
639575004
557501496
612602996
628490712
577743070
640538758
568062090
562353548
632106390
660516064
657495648
595972644
577023960
595062695
665602857
573063964
504001196
518564240
646906510
650157889
492082667
512598042
458514706
633839138
591982132
612658385
543091225
566552307
551971916
590167987
612746191
570804274
557485952
515026238
616047873
592019293
611830732
664600498
632050236
660271514
653166940
631187875
523778671
572796371
497326053
546681153
642906605
510596616
595652323
628472907
587946093
602600999
610191416
631129722
559972711
663754514
530847422
567546269
608165414
599830589
556265962
627055011
609384827
568255581
631984983
642647523
632887428
536746599
664030028
598321572
651832292
502599701
554245396
534836226
665939530
630811466
655810760
578543870
593910419
641756643
582370757
633832576
651069479
529403241
593827710
447990764
618513522
568268878
657769243
534616370
555919296
585711203
658900966
551641673
663717815
631437103
631561081
490193960
631960945
624642818
538757225
575333562
441784095
570761023
646153263
651386060
558602791
564236856
560915151
519444889
657375626
655326820
657377507
589617620
659432766
564225044
621706194
518140749
535113474
310846796
580432300
558850625
547997245
491341884
524468915
582092429
566711015
657862330
574288818
558210412
656103887
665699986
470428112
618679043
610100195
652597764
558488057
547326247
636736811
650827732
568959911
651746664
613819080
502075915
426602459
597480005
484702644
559879341
594004799
537853205
590202874
529195784
527913620
523123537
613152677
625713738
630168634
655217586
660072696
573179928
587020799
658096373
425357327
663036306
659779426
586484349
647232856
647565280
559922808
460163440
634370842
516111561
597505632
554501488
485239178
563073979
556788377
517757182
499549018
584373610
657416066
665283112
650773671
632989495
630281756
638948125
623599118
550176296
502855102
656690579
645809351
635233322
625845910
590907388
568279155
601472387
489004086
588416625
567546269
559381375
506083603
575307607
661168696
625404311
656789516
527386995
547863400
600015232
623441543
584531306
620904678
599762059
646721956
582882193
486595539
621591812
611342955
551631331
476747296
646619774
575790940
550330716
489016507
541951785
516277972
598465865
633239668
543948617
595810758
551402961
514827254
640713791
577047515
580304674
519203181
441803859
583824221
563025542
492625677
657907379
494790755
656028761
607258070
532993134
513899378
612530118
587929268
597750779
516434198
540034824
565315172
537364373
599895785
618270318
633811299
642380480
550453877
609592152
578480281
547196520
441074144
663528889
533545358
531964116
537318271
539524073
662926645
650053237
519827340
488407733
449481591
526441345
458538281
608532115
573212476
636133308
641955404
658253761
493737056
640421520
654124275
538162277
594713132
633244590
568229366
603864087
533538463
508701642
618248599
646668003
514059361
570493861
634170170
617631673
605460942
611363713
591466683
596026420
546443891
605457580
622192273
637793878
623271539
611924793
578349538
642087241
656623746
638994677
604994491
625814373
594311450
538544919
664743343
612355366
555735403
659062218
648739757
607288043
575311667
571637259
542672410
579623873
638378302
661587635
485288283
599043373
539749240
559773297
612491548
424217389
514276544
442353369
522593301
455787952
526917602
639991157
591800043
618276879
562218113
527599045
619046573
665231813
572796371
632880020
584487473
530516197
560413969
540004989
638061066
585454334
601916277
542910304
568268878
493453694
596623097
546649265
563852195
608678545
643240611
606768720
647309916
503392335
569446614
491019719
572663281
565018253
517485528
456793661
584298161
516434198
631143370
513094250
507112605
608924038
647309916
569588040
546969717
586022855
563934382
552482402
610640751
473506019
575454403
637039267
541786527
552697717
587221083
647917543
529502938
646175147
581751013
665901940
512954693
629830436
585691775
511301842
606909899
615625971
505537082
628087096
489657597
528909107
501225737
533837288
633465564
529806772
664260099
614098516
590612347
579449552
598753862
567904017
613782188
621530517
595973627
539458995
536373556
524949474
652025325
509674362
648437959
647309916
605220208
651461669
545469375
600616541
619110891
565055022
664176175
601643219
652851349
554898289
579977909
652060914
592775113
620470950
591386423
637488665
600701149
572663281
656383403
604009401
605460942
508851315
597480005
623071971
612445604
536961478
648672997
631373261
536158831
622050596
494813224
635187062
598126170
592695777
533156852
640301436
614521638
586980357
571717030
607497514
615942981
570596870
572264216
586683086
622374620
576450510
652725589
554887597
527675033
566336077
527379584
489782688
575027058
619230358
598735137
537868828
559932916
566883185
568209712
535466784
580870672
477107787
554619315
483918070
631622896
650835240
650956149
425167398
544641833
597258025
549480650
665988787
638378302
543114739
575577530
595888716
666268567
578041341
452422530
547586918
662018847
626719344
527655558
605837281
552319084
545490916
586340672
660098724
662671206
578391604
546590244
619297434
557294449
557485952
569279541
653894342
527144078
520888239
666523945
620033650
531819384
589097692
582331840
582455623
488917226
566581899
560484079
524636458
605743814
644455114
616974883
522147684
552895678
490882839
505287058
555097492
585118502
626794790
523133110
660137114
534959763
596925414
650716099
567581308
528404632
519899005
556749871
660036029
653896244
539137255
538952841
601701986
571611915
660159377
505881878
662969349
509584744
521813274
502431083
527890486
643273193
570171742
597474114
666150257
487812479
517945553
473506019
642484365
519948939
479360003
571307391
545928189
533837288
615238140
657814603
565018253
547036086
478548046
533899572
542887934
603379999
593838031
541149087
649168779
652058946
661172693
533594866
536970925
654623778
599964058
647401197
549225350
662465844
573590573
570342717
514613314
433233380
486151230
521229807
567543680
579238310
486510949
597031027
643450308
551706596
569144373
595100079
560652455
666195916
479265134
565693054
632319303
660534930
530182929
643967563
621631439
515345573
616503729
608165414
646532109
614191418
486404077
541936315
539457388
502042298
535903759
523486005
476372671
523585227
527489484
573794603
516849881
577630116
447425069
605908911
559814113
539089782
602537410
488458939
515231243
554659332
594034554
508840368
507189515
574666886
638929399
538670115
523143336
664638596
626597321
458283054
663315469
596404676
602549696
620139260
567826072
555916852
532380023
535991233
596427635
585962053
642121581
628088614
487925430
562616897
607261037
650590353
545456976
515437617
614740874
516362057
530366337
474646241
594170496
580185002
536802462
490241706
529545474
611932071
657979022
583843913
661250919
544869269
469686980
503906752
528239303
519827340
617224875
560727615
630611006
525721888
626410845
616695792
575214563
621242275
504276048
596566361
484727556
646009651
562802544
570090960
528498865
444920421
583539598
555172602
626153630
635445664
495643873
640121768
630723605
588142858
633903958
639105874
657495092
664888495
567408636
662338965
601261081
590731910
543948617
566859551
551878351
555699687
522476514
556428910
656028761
603475796
638293397
641180977
608151894
665317363
611482707
652374834
600958956
650278203
657495092
532619432
664034044
599314163
665084548
535736415
511405961
588115513
587447019
605920466
656816964
588382933
543892662
649873565
578264325
563368054
564045243
633030701
638743577
493385366
586699719
638983890
630154607
515537754
499709684
632163612
594002737
547627039
596549219
604183246
526690463
522748983
628869896
665317363
537621445
556200188
607358694
664034700
527078391
619284850
487732130
586540720
509195083
574417697
642652479
620208196
554325611
435588969
641413551
551736915
592807539
620581151
618668977
604524737
646660869
468136526
583161045
566864107
573967554
652553128
528092291
651519230
620627246
544435246
637270555
607497514
661114751
602279608
637187440
581853654
575185975
528514279
653260695
620330008
521597252
578947990
604805550
528524025
651249132
664188906
562596449
546360978
626945819
502111106
653186973
510557634
593925011
577963349
571676021
620470155
532872061
585681313
627616797
605547907
474938718
561511609
552435120
515545638
549978823
625934607
611599767
665602857
658383590
539533433
618624385
648195041
591061553
582548818
529381870
612254456
649874602
664842182
565013891
512921817
570769550
600015744
517604651
665899503
621530517
565895046
555354121
581929938
641150627
611740163
643224577
509496702
614958453
562164881
637773028
615226136
656958533
198323273
562803740
537872551
526636406
522397629
542244960
657334759
592856416
611602718
662510822
648818150
652903068
520827503
617477594
539398712
521579731
574224014
594472583
578365470
615638585
566221448
663375101
526536866
589627901
636474720
482106947
536961478
603147978
616930385
544241190
584201036
623383236
660080527
561892416
594560807
550656523
555735403
508643873
533254383
625859230
647148390
664538586
663545720
621560604
571608147
547932799
490508295
561081617
614825075
540030863
561258451
569279541
627744079
537733529
554076595
571720319
587929268
666158491
633063340
602941270
543520740
524302252
535991233
661916369
607169185
551383828
594507091
649249913
653711605
623700637
605098681
632756801
589139234
590492606
529723269
568496018
637914698
563633677
608635673
664172805
581399029
629447255
530465241
533544171
613657200
551345078
565835987
563805223
559915812
604005125
403120261
564316769
652389662
630066185
600478194
626015383
640999410
544532167
663338840
589523087
566158199
639870549
614132560
541634888
568268878
551757445
657916400
568496018
536436877
571920929
594964426
641848302
428830859
562371836
534353112
541315403
621252338
576938942
587572205
643794542
561045379
644523056
353067335
635948725
565622013
615238903
574319541
609845006
547202012
578247633
537129604
555069840
645079348
657690866
540170058
665002374
595761439
574668496
545024308
631143370
575324851
591293024
562702456
450690451
551706596
652903594
598846153
625236477
526903491
635512276
531605848
618496401
589869075
505250498
567232109
619803967
619077210
630154607
529818599
539350690
660516064
555435877
623514483
547243776
528106237
635816752
661265032
604373945
518992090
652025325
566639169
557024789
630935657
592136569
553853604
649765401
585105591
456793661
558904495
622182351
636425195
581191430
511754851
609955385
491471990
542333372
662330782
539090568
464991426
602800772
624838794
509084122
651626909
666631286
560358156
523417834
591798356
604588689
585860015
519568276
523199623
643676793
599121750
662465844
497786455
483520337
609189144
640323356
658900966
607497514
666276654
545635513
600379822
631240938
632427917
615285775
532878902
664367416
638860477
609683606
650300299
525955776
626460141
633342484
647519930
578852760
596881223
577743070
533899572
578695889
491261666
591383828
647849157
654046960
619759850
554516906
518250796
588370300
640745132
653166940
635685984
501549477
616344940
595774977
554675929
611345489
575218816
527040925
660407506
515698174
457358301
630624952
561658815
665901940
634179723
592217714
639223210
550068113
537223326
485365037
511180313
646719510
609203451
523807743
564127610
574073982
596666137
528253701
581730020
623006491
622242075
498649814
581384329
587718581
652553128
595575512
611904541
662018847
626065691
652431686
619696047
557176906
661781402
598661556
533808243
592443899
547952719
635055319
659858818
543846284
625428820
596500548
512215400
521722639
594585637
652854546
531964116
609305579
520868399
665474313
499352602
512460615
645809351
451352756
601849528
648136651
548612628
530626391
529202625
597254715
545928189
487824893
568451711
588921707
575064986
570433852
532302584
611449489
636519389
552195105
657183267
595297398
525251438
487632958
603098016
658937374
572720190
538460052
578695889
584119123
651832292
503399333
652859117
580032614
566887898
482104297
587233108
520278521
580154076
664367416
623165500
534959763
666479967
534559337
569086570
612261316
643559731
650363678
558372024
561352292
535663764
550667431
652117267
487979071
550453877
488773916
608709224
524298678
555586323
651824152
583632493
554709673
485466870
641653175
507189515
611602718
500632450
593905272
651077826
629481734
601701986
525177020
562037807
503550333
566604040
578501302
610096017
589055014
639187633
596162614
664302770
555924442
552895678
511381744
626135554
603522049
563943140
469190029
559751344
648437959
545520070
571229815
630483234
657765212
662501620
666529128
654141652
639684901
642387900
506106787
582886808
565546898
569580523
636376836
517546963
666195916
618138741
631517583
641998762
660036029
658903295
664098700
523037822
630815790
576023537
626223256
621168570
536780605
571487711
613713668
478988979
603051552
620139260
483309600
648647726
574666886
591379443
576931241
550127168
608625072
590907388
659284150
598942820
547854835
518293823
622569885
642020057
642469942
652352986
561497362
521971507
569666858
473262391
650416733
618048087
514940310
645998256
584750799
506948595
559065397
569859399
502221948
617266240
652930382
499039437
531396488
640889718
518921977
652066012
659629809
664176175
580870672
660562734
637115397
644598548
597510873
610915796
641612552
564636835
574666886
593770292
564420441
605607147
626652193
657375626
615849297
631953161
609907168
635127448
633539304
618276879
617182075
627845312
637582602
657344691
658104578
651557058
630820679
637026599
625940336
528346289
616841746
517750086
512068765
521722639
635489347
646351795
597127235
602187194
526094642
626410845
595378297
551647769
441726971
599105796
658344080
570741404
629674309
497045631
657703892
650569466
666449426
517955203
642378870
615553968
587946093
474761679
565835987
509159826
614719520
526485425
493385366
631802996
545880766
580332717
666180334
527774727
546649265
531097363
627060699
591885881
592428090
525001260
585704961
597011938
607815214
543002914
548278359
565285060
623383236
542130697
532574467
476889418
648423688
490379436
642020057
660198258
582957546
594122888
666500483
565731855
573235523
476367761
502345876
510083093
468382538
655846473
513363836
655316727
551461857
585740369
493687671
595950789
544241190
498679840
518077099
539334608
608852854
655535206
347341725
541926799
656868966
513801413
569833670
567904017
611625878
536612626
534872732
555742698
531553536
652053730
585477242
666268567
568268878
547976756
622360305
583595942
646538903
662492218
570054061
506948595
626941264
663267331
579174225
586811372
588589997
660601206
591517824
525172613
641338486
643165006
542648393
661912115
636036839
619998201
597450857
565580362
588441564
413480850
550123263
586293514
643694273
625927063
557662167
642106374
596498971
651366459
503031068
577979716
605767978
504833411
639172181
663050172
609527230
666544844
524331103
470901997
535452906
646400007
517252998
568516132
605472355
606674170
536436806
518715052
637582602
554922902
640033966
587514356
649543874
612336864
632296530
533279370
620403468
578934940
542712017
659532351
627637864
547810934
639458733
590907388
653308793
545716852
540548833
490688294
610767971
629069064
530398518
550440792
612985001
606511945
589950190
662074083
466856845
480843806
525720601
530269001
590790769
664538586
572898153
608852854
584416231
474391797
661682901
459223821
578917938
664118139
528106237
654048982
490954824
639645276
523151714
610492963
642689073
614799199
596527440
557772360
665273749
578743022
569482900
647315625
553438799
619956358
539686291
492625677
615419060
610798237
634690312
655690633
592760289
494705100
558630978
542476636
558431030
633828825
614525459
618492808
656295878
593101855
583910919
611681072
590225437
592981347
528346289
578212545
645559614
558193066
565391840
537129604
561832942
639502755
603091480
607810304
660793848
625320577
636708118
501435905
565401859
552726873
495416920
608049311
558854301
537586931
652106495
537733529
650118609
556351290
618880493
650206494
495971647
516932485
506231381
625814073
599968704
600492931
456183026
548427611
660562734
613677330
588471376
630283021
590187750
571576112
485567369
615638585
643461521
655622171
643794542
597039519
468033729
609384827
633820262
641413551
538579157
653178489
515613631
642182469
501967722
606412507
636967743
510121712
586987103
593321128
556833020
646721956
643603319
482059738
487612032
660523032
612633878
665025614
555657982
552948031
657495092
528696552
593800293
663517656
628429096
576329943
468458804
542374040
541553080
559208517
635558687
538058633
548775426
625203728
625680199
620034463
584687766
482997873
527553395
505455394
550495842
646899501
596646824
581379935
654003010
615608229
556392831
574987931
637849260
544725836
621564968
502966387
594528938
564399604
515669183
567255606
648232676
558263965
663517656
632591696
510535814
516591113
526317684
590589591
649321105
432639603
626835538
558298743
525360314
650457313
665602857
612389477
588367295
612645479
640914528
557595968
592720811
513452905
485719493
534961412
554898289
617059949
512438730
624337301
573251403
525914483
664600498
470397722
590421457
609856342
544657649
573417670
578659332
655810760
611390025
622374620
556057466
646413360
663706074
613803433
530595197
554624619
418946204
593705696
609928915
664202316
665648350
477490532
650684205
498370501
630203385
594372378
534478977
654158391
605597576
519782580
628653735
651407403
542657839
568777023
664744989
512226691
581566459
525288830
601449896
468314986
581006569
554474027
528618836
518435960
582441903
543493211
561529074
527785771
544088214
663775844
440064494
527995750
543948617
521206408
612491548
554887597
564462257
655119609
594180173
472572324
604832622
535592925
619583228
655556148
499235692
533808243
518390450
531008983
361730953
517423871
478991966
598942820
538558229
542218346
551860116
578365470
596221171
589476495
642658317
597313951
598526225
511291944
575214563
646999529
664367416
622242075
617514771
592749031
602274983
565329527
646254997
568279155
628323033
523230193
629221815
538418269
543038526
620746253
662338965
552678549
562177550
559958435
601458924
483086043
664176175
474391797
662501620
568268878
600693021
599109056
500979665
616985304
665683059
534024089
504482843
602411059
543809402
427324501
547059825
558850765
544565687
571576112
607497514
610606094
637858622
640310323
584020692
627467845
624769182
562822720
566348882
322347338
591045607
436635059
591010910
599043373
592759036
598665533
615753547
609845006
646619774
616524927
659092286
601981990
642507515
616216823
585618135
555233712
576686413
643223265
595189221
666646985
486900819
578799885
503547298
552583026
566350926
593153850
477633402
576553354
602232675
650631562
588199032
545808415
480046881
618431666
538663540
523770165
656059887
562638585
480614715
547604640
609238465
622192273
619256847
554449874
602617628
612561237
540225475
546675251
648596141
544306971
537800384
663002359
585650337
621311941
530017702
650543777
619958960
607249087
505117324
494067020
510321805
616028399
589733753
631567492
603931240
489643496
485590029
600742150
663523332
553368000
567193176
539996643
549032164
453600231
648752458
626366926
597019055
581535287
544268773
610653480
500532922
648643989
634697382
523778111
640421520
533612362
589865229
641733808
521594935
630121762
450970111
649179571
530398518
576551831
548972733
538776905
597096506
563943140
427773734
656540844
665425313
621660095
665025614
554709673
613830788
600020989
454825600
636708118
528463585
644156962
563738017
546969717
541495761
648403298
638614957
616303318
502542055
594609600
660942731
522363934
610367025
660410003
342546103
587522754
567543654
588106908
529323871
617162484
556041665
570179044
626695828
443369679
568268878
612387979
556859193
643428724
618431666
506436724
591800043
615050490
564967166
623287073
607274871
577123023
585930818
663754514
563536829
665480801
594311450
561175279
530234058
505408949
664825371
613113518
613479684
526293270
551273602
632433315
658096373
657250238
658244923
496905289
544019122
600577502
480425853
625459230
565613535
626192866
617092157
637115397
385158119
618600435
565941081
657344860
579446689
664644187
345047824
580677659
550178951
577550691
535593427
661708899
605539478
586158736
630173675
649078953
564759895
560533601
571622994
655689422
523067947
534100227
559947062
624249214
656312556
483433364
652831300
623634805
664098700
546942947
560583387
662632618
549544316
656913573
633716552
511401847
582139819
530658366
558602791
630694776
635014827
630092407
577104804
623215293
635979834
633245651
521432352
641809835
623358522
658329768
574741501
559879341
566756061
643993197
644911855
590041188
594544897
488773916
658799500
633548123
609906872
607441387
664687780
600148292
630953537
597822890
553872030
470571544
541551674
642534507
594999870
559751344
632951726
564270850
526658830
535111058
653478049
539595538
634211798
661127111
659759412
632190960
552923613
660602058
616388936
565504940
601863286
609145181
523016855
567172170
662719560
663581355
583252362
520084243
586078173
510682532
603172473
526355596
608635673
634023872
523456438
556552301
527510197
530658366
664791014
634039106
649359721
566052034
538777425
624007386
666544844
365292596
659387819
528088344
463280782
574513822
595141254
568627963
600273610
586307024
600379822
642689073
648368225
529458359
489268202
540387473
628171393
558003404
457184922
597652249
538460052
540644783
491476701
648056801
551215484
621370949
533552834
661682901
642499579
660271514
578391604
597019055
531940399
629982795
637590676
594266243
547757404
640953605
616047873
576548266
635762005
648470736
610385375
548816141
593826731
663023267
552034465
608678545
588886354
605219920
631134801
431835304
616509433
600545354
536767406
598885914
603033938
595109392
584584904
625339700
470719390
504652482
599802417
525496862
559879341
566113544
653449496
565759121
663673218
619035250
636455204
655035539
609856342
632284948
632425967
536373556
635740601
635685984
615849297
643618513
536203754
555812068
598541851
560434284
665000936
552401976
574443690
624136347
596158733
658418958
562353548
506734494
634261566
617091288
593327475
652605720
614758902
634616968
649195458
618105188
664302770
643891072
524329357
643547170
587334947
640310323
505766743
501014358
532574467
577202438
577433911
523479116
618110208
629114288
656494303
637383368
582997807
513457804
519962200
571583988
653495174
545444902
607497514
600292350
537364333
587166504
608223361
575333463
618710412
551531864
626990095
623367986
590002969
532140684
647018585
639072622
564183855
481001928
643898808
615919897
547693658
662791817
454397309
649339293
536607559
525879504
571747283
662725705
606412507
583288437
463344199
542791308
572062183
527785771
662465844
617403397
565329527
608864272
510071335
542400131
529272957
658178727
528038237
665712471
553470547
570800544
594507091
534330170
604373945
643582279
529349438
596149414
522242103
578041341
526574577
617012597
664176175
605812565
624364616
589733753
581589778
593058980
567826020
515024757
578772132
532583380
606863940
509960094
551231300
461595897
567904017
472243265
565504940
603666913
639216352
547946300
594616777
664302770
618000996
615195186
523585227
540189722
535259785
557220172
554325611
529092409
600765323
644501990
658147017
616559899
616588175
552895678
579685660
521038741
568783743
530333297
597011938
592344460
636450315
635659533
509880152
495323243
570670741
551999482
490795105
655809479
613512050
610385375
607288043
612375786
634844241
604005125
446449031
529806772
619261212
581432574
500570767
609145181
591818581
534036346
561778556
664888495
586087677
590146065
571296240
544683561
637538080
586811372
580926999
563911309
623510755
554325611
655131110
619066065
418946204
564993284
661240639
568289193
585491719
493473260
524982011
552489742
581933484
616494381
612630733
523151714
534701515
504924423
621746391
504081578
611024035
530182929
489496324
471056041
546842963
643626557
620353549
582599936
529779215
622352263
657334759
588375664
611720665
566556155
531208542
661708899
618990893
613850900
516037127
660271514
532499256
663721789
595926003
526186030
658277839
564407553
631051441
584170933
646845604
645084307
509159326
619018726
590421274
480046881
574443690
587985200
580681829
509941304
622530989
532218238
500160388
643031101
588937790
557790961
568496018
519792384
569764367
515046875
661526024
505075264
661434817
499224042
538309647
615805644
585666635
601247709
621475045
643389203
588375664
617581083
561814296
523068003
612160323
583861565
553759036
647083715
495011201
522438307
481980140
496692984
624858416
544739657
605972505
490581108
581313225
551809781
502541146
572663281
491405609
627972421
524075166
614180296
581312065
602372293
558166111
634333499
528030990
631187875
550062862
643372487
491439394
629126827
572367674
600009618
498225442
653297758
461540721
534378651
621741962
634978426
577262825
481886224
492818258
577817732
565528192
648843543
583762224
560401305
532700326
627897585
633062956
588194860
531101442
546840980
568475717
535927498
621049081
578391604
636797332
633239668
644506960
524636458
596535337
589869075
649423558
587946775
659284150
556727899
663162923
552595845
538357482
548782367
653543929
634120668
563976302
543713134
555681350
646532109
570332014
636132043
659562083
603759487
561814296
647309916
591388059
555919296
434209046
478000239
613138218
612881874
593637838
547196520
492323174
600380794
643822462
558631362
601863286
535627787
561032783
561539252
475766336
495816259
647985749
494479722
652785298
661441718
594616777
577399778
442001686
567193024
614746703
658893194
627284535
639157358
583274632
632807789
608394636
539523138
529227417
583325036
498802785
519400111
656184431
521247950
593800293
513883658
549031105
649579624
601247709
653081380
633089625
464500728
629063363
633500128
582885395
559192039
512431718
572288404
614514678
608428142
515424054
546658503
650485952
646032352
471479772
540231809
599768278
612972503
457651560
540387473
666500483
638367350
460205883
646388564
586491824
575313744
478446962
564000782
602228290
564712280
568748256
665198060
586491824
556159807
656196512
593015064
599113121
501125712
460896712
657609043
520399167
646036644
489811418
613540993
552851759
638720594
665180297
648902421
597973594
527728627
603335642
641179594
553205155
555246325
664156279
641352097
592778779
402427809
633435030
601739495
664159308
530418712
548258088
663412968
647453477
645403868
607172450
572775598
648437959
442771764
573623660
662621938
569375188
592221880
519055258
657348004
540830183
528418812
458283054
459223821
655834361
483944950
533431887
528962882
592129724
593306432
598979652
647605826
516743302
569781675
524486901
641355840
655616982
578504498
512749088
514684082
503270745
660120095
565583353
608441792
497590000
662501620
651986570
520478421
561993361
615203519
633663029
572900898
521560391
560974075
483768584
522386106
604110045
571265149
631443149
510252040
536144111
588034925
665884456
596493618
595319781
519666711
546520908
619989146
648882216
545325257
535733318
639916980
643676793
589147381
457919016
613222290
536294564
568850690
665656831
518250270
640702209
565546898
592537132
620104756
482113526
587099453
562167660
551496426
665474313
591521128
586606399
608635673
600722529
552482402
652597764
493112237
632794650
585182153
599953858
568510998
580470363
664159308
607534526
623719157
517850640
548226398
645843167
527937998
570242040
633541280
499753988
639172181
515427851
511097267
665317054
648282339
507509919
597258025
638187233
647148390
666529128
587738113
600616541
553115102
598783324
588078456
522435238
581160759
621492537
544125352
633556414
530182929
539523138
547184773
631134801
558978268
588585392
551228362
621639576
666007352
597354212
517850640
606385994
640421520
631129722
564077576
516867131
539714811
638260154
657035928
563737596
618809663
550620994
594655511
628930750
483369025
545128820
603980536
641127725
525490447
560774223
509714251
655882539
566811854
641194069
633828825
587729915
642020057
650117543
494671633
505558542
530771701
623546955
596950608
660128055
429008235
584104494
666646985
549696835
601863286
556011729
484733275
646966108
564462257
597254715
648143951
565546898
620239866
559664447
601972768
611459002
633757769
536041412
633979742
661526024
578743022
656775732
511293017
641428382
543463990
638571382
513972799
610398389
664791014
536792225
602383957
549528873
637682881
576723450
534426494
534961412
491817797
480900966
640310323
627559266
582998693
573437470
510185545
554934636
571265149
643910042
613485757
562596449
582129538
643014340
636573122
564045243
609063541
538309647
627547982
536787117
617182075
587484064
596981378
620953531
661951153
584542919
555906672
653107946
651104212
568043262
560893586
665474313
585367910
605247547
665354286
477384447
600487711
653453342
589092129
541638057
556369185
658546915
633034429
557880456
563738017
493617328
588418177
630798964
560930439
662753755
511381744
614410839
491057963
592498026
620179560
593306432
554709673
613116557
450160942
507536577
608456142
658095404
472617805
653453342
582140689
645459230
633887204
593826731
584019339
591517824
606663530
628528869
543493211
624904085
647401197
642371988
580439257
663178839
608771277
634690312
593820452
547128727
644756812
561045542
561814296
518655482
532102494
480775857
637350035
575858407
568496018
594553763
607497514
491779439
656615414
589733753
560516692
524939833
665172527
551720421
630121762
657979022
611325671
649911101
549738936
551496426
583991190
520177459
431683344
602859274
569726462
540110772
610598297
584744581
546681153
611401852
549539675
601648306
533279370
662492218
522085602
584161578
621784051
575800257
601395397
524227781
665602857
664156279
585235981
581099176
567084272
608397359
637115397
606573132
465849424
598753862
587684920
623460102
662288731
640916805
535478420
523279464
518661917
438511563
528106237
632371813
540213420
650827732
608428142
553665747
594528938
600009618
517518371
630868388
564062500
549046582
590925796
566875438
523130224
661113259
557278251
468329709
581162225
586138462
634000334
657984847
653756801
549167367
579864648
646538903
571430524
548250229
465800793
642844433
633680044
621083068
651075641
532143515
579471135
609341765
587027477
576152189
568379401
640421520
642378870
357323703
525735562
554554181
552986151
532517280
662779879
646504917
662820122
664156279
641246596
648843543
637115397
590149159
665923681
629733727
513923199
551860116
607497514
540004989
502780167
542520793
562601670
644469121
534604913
591562058
661951153
511638805
578349538
322474996
602739353
525394614
656487601
564712608
592850157
664728096
526776400
528154329
658061622
633716552
607497180
579301430
591285112
636991437
599529527
658920505
539056657
622977847
592370636
592217714
557400241
609906872
585977965
619704058
547011246
575694540
661585090
637890923
564993284
595525068
574850729
546279910
554887597
579545941
662590657
650956149
658063548
587099453
521164365
646860562
556004433
625428820
601413255
549174344
660534930
549639953
585122192
500757400
576337058
659430314
534576117
636206770
607258070
574295212
626746426
657959002
557787615
645722860
536158831
509409065
517644182
516691927
601395397
538159488
645255613
595319781
596097416
562147998
644778406
540670921
454054581
637098615
636171942
591503551
622314574
602941270
540942414
611582850
601555906
507578401
634769741
507645904
604125787
642804542
645912938
616255935
496620127
595080281
622097460
660939343
664367416
577107972
519175971
540181142
521675239
582565730
557320437
627041439
635014827
621168372
607497514
534993271
579318568
664247174
659758053
576152189
632037027
659092199
666449426
541816801
455110638
609642255
649339293
658371448
613441635
645295065
535609214
654454074
574621801
540944760
507626461
545881826
461479044
661602000
634269170
663093374
594553763
547627039
664302770
564759895
502542055
432142059
627699875
606859955
556742132
641071778
538245704
570658942
505117324
608860468
537084718
549705550
654406852
570146215
650832370
601972768
622715430
529910294
557810347
506190380
642825571
598481557
592212306
615084249
618959326
665025614
653858742
514275398
633123124
542694905
570633036
663003128
463942010
509138005
594160671
656384116
513988288
664202316
627467845
488105817
489288761
592582082
509084122
617806592
582401231
550762199
549763055
520865025
590179386
638923554
548045656
665172527
626153630
610074697
532418358
600373451
528102505
586193170
642519183
663581355
609021430
637140426
542288183
577908685
622486782
317177194
609044316
662678595
578058340
610096017
577220299
558544135
542379624
586491824
662076205
533064403
580648002
582859419
551193052
565315172
595875047
565517114
652699672
664275552
613751041
631412456
605999180
557415909
660219296
528106237
614400509
594901806
604318882
632371813
528106237
651249132
582683077
633883647
513942357
650263012
509574212
638456224
605767978
628869896
663033111
607441387
615175896
534559337
666646985
658587831
626730444
640421520
458138769
550184813
553819515
599934946
630953537
633848305
531964116
625074143
565186543
587386536
529062468
513899378
618742502
638418843
643871235
554501488
573770903
636648663
574268715
561526213
636336485
562353548
660151199
518399032
563060740
619419395
512167665
654424579
542054760
616532400
554709673
526695757
641580401
590848782
608625072
578852760
603027664
571354256
597574865
665575051
577395781
644296706
551273602
587748131
620935471
635979834
600698671
587438303
644523056
647315625
648647726
659989025
627547982
583277484
578145294
571265149
657659060
595152708
663285204
662465844
451333000
640572309
595701066
591293024
647930897
482118337
557785014
560674674
552836024
560595399
637813772
495365129
625005422
615580041
545693286
608835746
604862554
596711440
552462761
566350926
575520775
555578118
519444889
494598825
648347020
623565266
554649544
610297166
624958360
597447377
600574295
648535885
442975389
571275173
641995771
564381264
552435120
564627726
496416429
596493618
529459850
646142776
554325611
451846966
630436893
506456738
663517656
486612634
497251094
624110754
650827732
517252998
585594382
661003054
599444793
613552527
551631331
574716056
573831974
560866402
665656831
643711746
654365971
614271853
526837350
616547873
585477242
594394204
575324851
566875438
659993444
639456371
586138462
575218816
594529690
553031754
564734164
577395873
554885220
564528648
611342955
608220794
577141837
554091269
558218118
540994208
496106591
663598458
590521733
488597001
515460542
591937243
594104499
665480801
589546776
514818124
657626095
665858171
615050490
622030645
548007229
522363934
552823289
619828958
550259977
666353138
665820291
541936315
577107212
666350842
532563253
610100195
623918041
648368225
633730791
636721336
509688936
536605381
645897214
633903958
652903594
552033504
548972733
520862781
665474313
523719537
526322821
578349538
591152942
647553265
560216431
509696173
554619315
647565280
643747886
584531306
657620597
578983714
566911150
621475045
599934946
571239719
613021166
530256700
521971507
621140474
635951279
483292688
613526212
554013901
640612795
648882216
590907388
541881056
606475689
602796751
594570529
651588555
664417227
577652962
580971019
513875785
618931686
589950190
522251368
654469759
645429106
509785275
540192783
613911152
649619406
568990578
590202874
650300299
528524025
592370636
581191430
652621826
558099757
496831089
609480541
499235692
657348004
541364372
611381030
592582082
663545720
559767661
488885905
623181644
642788625
572676606
606456400
519827340
564528648
609389918
656047689
457713522
536992496
654436640
656618609
615942981
584593812
519868297
599046798
432203827
608622300
468329709
519948939
513771069
655315179
657689822
656425852
596597092
622183469
649016423
614014685
618315536
493939292
600944766
459346865
538344284
663002359
460598298
608864272
661682901
600174042
536532960
513231859
590374039
621028149
575647826
663049111
617403397
612881874
611580487
551809781
657635423
599809697
542113813
593052243
554926032
550762199
657870723
608525762
616783332
586996258
508236266
618812479
530901527
625515870
563872109
645941090
637914698
559249411
612654603
612119894
554887597
552319084
510321805
662291069
623331747
530398518
476866317
621289081
449884358
548250229
520282469
641546929
577780948
617702980
606915504
663517656
592217714
580599027
586996258
503069351
523731693
630052478
635734602
547484345
633411214
664342257
659062218
578939070
544586088
601325326
662627582
606050014
540416394
330509806
547305248
508871209
651350052
643871235
560982013
664854604
622551512
545021652
595435205
555250216
595401710
501659594
572137982
588095435
542302772
660851729
579579948
642944221
526536866
570195076
647101862
620556455
521579731
524166212
483369025
622374620
554325611
652535207
660775947
665683059
509915531
647057565
580304674
509806516
571243432
546681153
578353857
607397348
507812163
432584394
546346620
563368054
547195457
566957438
523650064
531964116
606814400
614424330
662750491
475113797
559879341
565658238
634154740
649016719
649321105
582665032
660819638
539533433
589245438
514988190
570609657
540079278
592742659
637488665
655462851
496575355
654870968
624101389
661738674
662288731
621757343
658085232
496566775
607585169
577769333
665656831
637115397
593082181
593033273
645301930
583374769
555352501
595700269
547783811
479111052
550867051
659284150
608660122
650730380
609513576
658783468
591553896
590492606
659083740
540954244
588471376
562106535
660786401
530366337
622182351
475797176
487912660
657196097
616133466
600292948
486433775
531964116
565583353
518934625
596777895
662076205
626278291
549631208
629702989
541558758
612119894
599527573
665656831
613179935
570242040
600211382
629821959
529793554
569144373
664025767
610693354
371688746
547243776
591404654
488967470
628351053
537948794
546854697
522270009
661576076
400695452
457542199
540644783
504393273
543520740
530801848
647518467
430882430
633001735
586606399
513183180
664771219
519611787
664912161
591598144
592730055
561511609
499771575
616348966
585541512
596603646
581399029
500570767
640095374
619583228
619277227
608695920
619581024
523353119
660279055
638407822
614746703
464290396
661434817
513823279
578224705
656691006
642689073
625334772
506764785
574666886
585182153
629330017
615942981
558099757
633686210
657703892
603101422
492674823
650956149
615401088
544241190
661539230
563211370
571637259
666196703
548581609
600832490
647561645
595709709
643580783
612768174
581186884
228313978
611509859
637115397
524612541
601413255
630854739
629784253
574752158
629073958
584298161
646504917
620179560
594728947
627283438
642689073
538175666
539093990
509084122
549006110
622182351
516743302
612783732
580860803
560641987
618742502
377724975
652764646
583111542
567394792
666423623
599364867
501883602
480425853
508566607
624582502
662779879
552462593
591982648
604318882
526646557
563000355
596946654
538952841
432639603
549005035
596212764
653663599
573815483
506719540
633209611
616198248
507513330
572161622
515927015
581491258
656691006
579859867
602279608
526416973
628653735
579600166
581264460
568856159
625710357
522117144
624192822
562817292
554887597
533552834
476379385
588397577
543320648
528036926
589402809
555097492
554689325
577333440
600755649
659432766
661708994
660486616
659439134
461540721
425142617
640889718
566669389
664206063
512116946
484471090
572948019
523884898
644501975
563073979
536085497
641387171
646351795
588261995
595957697
555915127
579693615
538329976
612190310
551329132
666092938
657703892
429860400
612983513
574339874
601712435
666023813
666544844
611948311
564627726
643431994
641146863
604913814
598047143
571351849
529195784
576737920
563968236
600622957
643419832
638201731
521736252
601701986
593611614
603796771
618824101
664097636
572641899
655206325
602796751
477618056
665775213
508717908
601012572
612159896
603092630
628351053
598354865
504412108
559896091
538558229
658329768
545759108
628188808
636510408
519517099
638982332
564516001
656775732
591152942
634343624
636806322
506908840
514246179
640596221
538055919
631232387
536802462
529649081
537174436
557396020
660219296
487277521
609238465
597458956
455063268
609480541
651476754
523151714
520252103
586432809
643716915
521146530
605757762
663891702
643335337
623006266
650311877
656295878
590603563
637768872
543473232
579177016
506033842
631051441
558431030
664156279
400695452
493553092
533384740
542910304
597922247
632634213
561132663
571003248
561915297
494215192
531103143
637703414
496940438
484599954
523445008
545779071
635655340
552725208
666123960
500515086
313608890
500503034
552621851
664098700
591201932
618276879
477650772
666646985
631217297
599449156
650490112
622881842
594066065
557772360
538624897
501395922
640914528
473421833
614083028
578109860
568496018
201860707
559879341
486612634
478963687
544241190
609675046
544253010
594491975
611630906
607738024
662725705
634697382
586999442
496568442
524075166
636600238
536512991
634359589
564725886
606859955
538776905
592650625
627060699
574666886
575914227
647271682
618965997
663523332
599680938
578695889
640889718
662725182
601326776
555069840
532458715
487669404
645023296
572676606
580870710
578743022
623103191
651555032
484743850
595100079
524317913
655689422
595141254
637377008
630182043
635187062
422236590
533644243
583593878
640301436
329309597
568748256
575064986
661313464
637452140
649574383
655810760
586606399
590202874
650914549
577333440
663220620
636202280
553499224
520877022
581366865
615231989
587946093
601374464
535672916
581210150
630092407
593786015
550809958
525968201
618496401
655286568
666500483
523622688
532383891
610699217
509525382
649873565
555924442
505002126
579611469
598040317
654255947
572494031
662725182
624849311
533344502
534450577
658774959
640522738
611740163
659245992
646665815
594004799
664030028
619965878
591770785
449831829
645198811
585860532
657193580
659640209
576367706
607430129
662500559
591322657
623803646
575866017
656028761
496800937
561539252
569731854
564999820
661003054
579687029
582295114
639401119
617268714
574369751
595957697
594735001
652535207
576100796
499986113
580240570
635134626
596070948
663528889
651962738
577413557
568043262
593978349
542757464
570324030
540053838
540917481
654471295
642823788
609043559
633743154
651655978
569279541
555735403
550282252
565300499
588866080
595402127
623006491
559560424
640111801
629330017
521896604
636196220
653689510
507868797
520172995
533800531
640421520
525288830
666646985
527399390
593052243
379185996
533741620
642956007
648437959
584989354
591476396
549075391
559879341
636573122
663562634
566395173
653166940
579075509
533846598
661522829
593041538
656940102
613152677
562552102
539796585
596500548
660369869
603541060
634284134
552161168
483306356
573589005
575088723
541899170
656312556
587099453
663596776
551115638
662136469
662178689
414148855
558228397
591911331
558431030
560533601
615638585
658690304
548992220
663517656
636378594
617774523
517936920
640121768
535245753
628520339
550187213
599379323
634359589
615484768
487468158
510379137
565941081
647769015
469886852
550994203
621287160
521101526
571487711
639699318
655667929
610529710
511741286
665025614
498029189
616897250
574666886
569614653
576935369
652553128
578743022
627232546
608771277
603771694
661600807
644426494
629674309
567470713
534048016
589449377
638743577
540442397
545270441
565986588
625582631
536889733
550134275
618965997
658764636
593412387
620851976
455601397
651007576
637488665
530116863
619845584
656186325
621797074
599069706
519470735
601916277
536206568
487995032
569133841
517850951
555913894
624339138
666529128
546807954
588077238
548565848
601001286
591649436
544241190
604458799
666158491
437133653
641428382
592408403
451333000
609845006
615942981
623124763
489566418
558162590
466681041
642072564
563922423
637559302
594097249
526560138
657193580
504704452
629969367
654186124
617268714
651118550
650241833
523593007
632629307
635319365
642808756
587987635
580068166
622163469
633570304
627621369
582730328
583774601
524939626
450563110
536223043
569588040
623462142
478950061
519517099
531208542
575606000
657482611
472644802
546837848
618472086
433353070
489782688
436635059
607169185
562164057
556159807
540387473
532105586
579482100
603368529
605812565
582376964
616740134
607358694
599379323
663721789
664219510
519196799
645998256
505429581
528625354
663338840
520535959
617998609
614200661
466828246
630182043
472300089
591108543
566760749
464640662
655099065
524706548
665025614
485590029
629982350
583635958
614148370
500379451
614271853
431011536
458538281
631208735
548162658
462697302
560413969
562607786
524026714
553460409
554535107
472489233
519162879
666007352
640538758
651007576
567360229
574339874
641179594
481602522
583600259
649321105
638964604
538624897
525172613
565759121
573770903
656425852
664854604
430443863
666646985
613441635
506688630
606412507
556672115
666496361
558018583
536085083
535886109
586491824
589813540
628009006
656421237
585352989
645809351
549206197
639251235
611970467
597998148
554263054
525494136
612390081
577974386
512416254
618880493
545599462
653409898
511411648
621784051
589950403
594438306
554501488
433212695
570577277
641809835
510591180
545221894
620328060
631982222
652977874
589397943
506033842
616762894
530867915
492997262
555886190
565186543
519799868
523068003
565287657
620437863
655702902
553266514
530241930
649324268
443793235
610935872
526186030
504991427
612043410
518104083
654870968
660969951
579346345
585618135
548497766
647163131
554529221
546601232
552173334
554239986
660169538
564730384
614570722
634720214
639805575
612190310
662690338
584119123
567727511
630071992
656347360
596460276
648436271
487669404
615685909
616657989
636378594
644632282
496507640
514684628
565731855
451846966
627486815
642367114
595319781
523114733
629708729
551257707
496244515
626371837
509159326
655499399
522438057
641303387
510450748
550427765
558734443
580439257
554325611
622462896
663932793
641112813
650146991
521332080
658933551
654059834
641512550
514866840
643882831
553390123
526837350
608322592
404670667
526745832
540749573
660303756
639172181
618060858
666554456
596493091
619046573
621109275
620341015
516214934
584355257
462651844
500626432
505678995
475394105
657635423
611869045
659338135
537455459
519758042
561526213
650730380
619958960
542227454
591875970
634359589
530398518
622789163
593386039
578524138
635148692
617585406
606042055
582679705
656940102
528092445
656186325
486151230
657495092
621140474
498370501
567360004
558850625
658650991
515320843
536562864
529485942
614182554
601191774
446417729
630186550
496800937
648157852
536025177
536009217
652384147
506764785
532530385
514542114
628490712
643967563
620121472
556097866
551402961
587321106
486144943
625268876
666158491
543445924
660144790
560154424
613152677
614820898
520827503
589869075
551360308
628605026
618066667
605920466
638325025
624096159
533232743
601648306
645873151
432639603
514837235
611561013
560054495
536185467
628764887
666230052
534330170
582905781
630611629
523181501
653235592
631051441
471300177
457193543
608879369
460406533
540095096
625404311
499977311
531012354
529770530
546601232
519500925
522880442
571243432
590202874
649437303
646351795
579075509
604410969
555186315
666268567
543202828
663003128
636196220
584019339
665683059
551706596
594074620
593911392
650437884
473544107
638239500
534655502
570632387
654469759
498370501
553189133
419149265
612783732
588452365
613152677
633685143
610640751
495569190
650021889
479265134
591805684
659858818
563544502
574074762
663571747
583161045
659851558
640362618
544586088
449946143
661803870
572583255
587438303
615978087
460506145
554413838
458985762
555276718
554699957
591587232
637654672
575451039
621239183
515116418
513954783
665608992
579392843
644783174
665998240
471904298
610878052
520754370
640889718
514392522
661099224
519709817
537364333
632337375
563000355
554926032
631953161
649943295
663706074
525233526
534616004
499120851
666007352
653662139
461549710
615257570
611373134
543713134
568510998
656295878
526776400
629784253
557501496
537733529
657979921
639671961
605056542
578850740
565057914
660407506
640121768
518775067
580975790
646032352
602569127
485953669
630487426
658882766
616531353
572773645
560594189
662496254
634532564
630737698
635859261
662940501
618336201
535259295
662671206
615185024
527028491
601261081
587857497
566754758
630766829
509726197
571762220
597027943
606599463
623738082
660137114
517945553
443369679
647275171
649008000
533356186
590202874
480046881
634727930
515669183
604524737
551744976
442119374
633941897
470320286
558832431
596738430
615069719
606252109
660253987
629432684
605943790
525650811
532901809
551860116
572796371
611869045
524317913
528733208
519165868
666033084
666268567
650735571
660456046
603815531
469487877
535595030
556122128
653186973
600218808
641039864
592850157
542122873
449884358
547196520
529453797
557415909
581860367
616209832
574216789
647917543
540979781
557501496
571281720
656028761
515364308
664854604
479930072
637156017
564081474
664302770
581929938
463371339
516088131
612246308
589931805
522421566
509023074
589950190
630526746
642566064
646200355
618668977
585985964
591598144
646427744
534559337
642020057
464353453
587908967
572676606
639975199
574443690
488154483
640711527
525911264
615608229
644613070
612813149
490900262
663598458
641995771
535350086
594343618
582849321
608447963
624101389
640642087
647315625
661263605
565972417
633245651
585991417
458538281
580473842
558795307
664422098
449952463
664059719
664415831
604694563
647632953
497096777
548809424
394152494
548681997
570294578
532010754
542494332
538308825
490089148
640596221
577583419
626458512
482279199
583654425
545690039
605908911
457542199
642378870
552725208
656312556
650827732
576152189
646532109
623023396
548064117
521472359
555735403
642499579
496467947
555452716
526536866
540944760
381260293
595250066
518604521
569378417
651723738
661441718
582730328
451846966
534168371
654543044
625236477
596324109
656312556
537224960
538809416
595013722
559459584
501132701
666449426
489275503
640277193
497262347
546195583
621892894
560773276
659551495
639161161
545877225
650310569
657049727
622976530
618861653
575333562
584775762
500597544
570804274
657495092
623071971
545717253
540872797
664824401
546117367
662851870
565307556
623708756
562113402
525910315
624825486
489614089
651075641
657802686
542910304
571397473
615335618
658510463
554675929
664912161
599145754
532976812
599505074
541099635
579158080
626410845
541349738
560428158
601247709
639460012
597900148
484543020
555511147
599647598
566859551
514131770
579719539
541722268
647917543
504730664
662750491
528504030
559189894
664923028
521546430
601193355
528696552
544963138
593827710
646762047
622402021
622192166
533453401
654743237
540310413
527796426
557120268
540175371
582782764
633730791
563737596
551855468
589009620
640921200
639258402
549896984
499562420
589008422
586482617
597133480
512368003
510942766
628351477
600944766
639551992
633102918
535984604
614024336
634690312
612630733
660941057
645828468
547867913
612119894
579674366
645809351
539086814
591638672
633686210
598660954
551647769
593151885
544657649
643871235
605825744
519831415
581150897
547625695
662512688
623978881
570054061
495603122
508033484
616783332
660993154
483462392
524598637
474907114
608452368
538852928
477929543
537671498
650019807
615492999
596827803
571637259
551532827
555542823
585488129
652621826
599043373
595973627
655058509
588441564
605386770
622804938
530916480
526782989
634527251
551757445
618047062
666500483
572611317
652374031
572528684
495791039
621097124
561588388
462484215
523737729
663754514
521229807
518390450
498387708
573337429
564267105
610067945
656494303
520767565
618276879
488917226
631930298
554009465
555802205
454228575
595005949
558263965
553138316
579075509
617745893
615849297
499120851
615645394
648357015
522435592
651253636
663027245
563040694
659973001
616386025
479679314
665068133
465543909
593717340
506629753
640745052
627105359
628782915
645079348
622955643
530453790
652352986
656499065
655689422
569044235
584883981
655986980
464429617
653256847
513923199
544241190
540240261
619130369
530096297
475199470
633913055
555735403
520256017
632286122
414148855
561892416
610935872
594170496
618249773
584787047
451719407
569509236
554887597
580681829
477068122
552063330
539057328
656906412
554709673
562431148
599490828
612180357
529753274
586996258
569461984
530398518
512215400
585594382
566911150
577045779
626946051
569774936
597505632
636503501
644406968
664345732
659387819
565411580
627573276
592297014
656606697
648933797
578199776
657021668
560117082
525292879
574668496
525627463
660969951
617789593
666646985
624546623
541092747
566875438
635014827
485270167
618824101
532332110
562156257
543872636
595189221
541068376
543091225
519831415
663851069
569413132
544869269
606116503
639870549
578853399
634604984
607357234
543948617
483247680
666276654
664791014
657633022
484384650
546649265
580247252
619583228
643130046
601001286
565443591
547783811
591383828
618267552
357799419
608293109
564533696
612797745
620974915
499986645
523151714
562596449
558446297
664342257
624495085
586003043
666268567
520256017
541558758
664302770
645980112
638948125
488239372
641112813
571137580
572087997
545299512
566044071
527950359
622303970
665602857
661623034
632863298
555267550
636432291
479587201
532574467
627990168
639916980
599594713
619743360
520172995
500182449
586732797
645441705
609675046
653308905
558896662
541227813
491051810
587985200
560230886
575214563
540391237
616318276
597802007
551786168
527811887
519162879
546624730
568268878
562809021
472498325
618207878
559813001
665656831
506019500
510148416
569303728
587166504
501645935
517938867
666268567
536922610
572087997
500594681
614746703
571637259
581776499
636196220
653592387
555098189
628032856
658004451
654003010
620239866
591800043
454537373
413897659
544073303
640797973
595305614
662076205
648647726
643871235
588367295
641250299
636650938
618808469
605131242
652384147
561211001
492347822
525251438
619792167
602600214
568248814
593412387
634148428
554031851
533156852
620351406
589098401
559645878
551961976
475990111
563493741
538068804
637449460
504690219
636322638
558955986
627620410
633244590
549360064
642395532
590246049
511065722
628627233
499817792
624192822
557355218
578511951
520619747
654870968
623438004
552650487
515808723
573763372
398089188
510587313
606108553
606155438
546900711
615942981
664539549
540004989
623383236
539322197
617182075
590746986
537774977
607522348
547305248
660410003
541456507
487912660
660070609
545259138
615942981
648203955
640286193
616494381
657668366
554294461
624069811
526438991
564062500
536158831
579238310
655888493
551793413
657217592
567193176
558098249
651167350
653645435
592600890
618156538
492101073
559525115
329811994
528728089
608020839
596458166
528030756
537191499
474722635
535489623
617675366
584415513
500160388
593926631
545139781
556672115
654024724
551744976
553362817
616798763
583149726
540213869
635439235
508925059
512414589
554709673
643656083
608399144
647083715
616591203
663523332
656295878
570761023
652741043
596092098
543948617
634211798
655359922
592360629
559366622
660953034
563934382
595089841
616614114
659993444
522066138
660661596
476100482
631051441
662465844
576831134
587292314
591152942
614603221
646504917
525784081
648649545
648271165
622402021
477804446
567424048
494193434
539458995
570769550
666352040
565866583
614900483
479979238
560072118
647453477
612630733
619046573
643656083
625762097
594256831
662497631
647507816
599105796
483541555
554700615
514674940
620949788
626614289
605743814
636609462
536009217
580090324
619454435
651321305
570195891
549705550
575334121
515721948
519753075
494202322
469662923
640121768
658990632
507790174
571917423
458607281
556045538
479286117
562106535
663267331
661951153
590104590
547144314
521259440
559522567
560166030
486343195
502542055
584320973
625236477
661778121
658681728
656623310
664422098
610067945
665474313
659835965
504634826
522710600
502458059
660994658
554501488
666007352
515364308
591010910
624495085
560974075
615990464
594731604
622770933
568571091
545456976
621892894
570687787
647583976
543714945
542218346
662054325
535113474
565504940
613862941
647309916
566827175
632331650
629494794
569515415
550329187
590521741
638467707
614279837
650975123
568127519
595990153
556363575
634818393
614121648
626140116
656295878
635187062
653081380
530975938
489580659
652494832
518010164
586081453
596739514
540307734
557779163
534196481
665608992
666646985
486206381
654038663
514796698
657034172
594472583
608275293
618397074
661708899
540365287
572773645
595056349
612375786
494201144
570722118
523068003
644762093
614083028
590691095
622220353
652957761
552482402
593017682
446761130
657375626
615350850
540794502
571487711
598040317
516213843
588432810
662509363
496266817
661682901
663916571
625203728
502207154
472865320
584251565
612240569
508757494
619273771
552435120
644921289
648974533
578706148
569693059
612246308
535095381
603475796
630066185
498029189
631240938
648765330
567013194
600275171
572382553
601875257
588514878
503282514
584019339
593064703
514267600
474683567
579859867
664900411
634164013
566105530
537286905
609207179
590601762
622163469
479360003
502056189
547066861
568740010
506576762
665683059
619907969
652293357
581345491
546117367
451875156
637813772
658559979
544303557
615942981
599488402
624688261
647520902
651992029
487367668
546164843
534100227
560583387
601434668
663721789
597254715
517955349
658085232
570586828
652191183
556497696
596458166
545456976
553863115
623071971
539855237
636648663
548380700
611722299
662465844
544416987
616374939
657769243
606106189
591145528
523807743
530646843
618362593
500522335
515550618
519509699
526797295
491780060
638155637
542420836
451552360
526016327
641164830
624722281
501371450
616488176
659842155
561835238
650548749
528524025
572796371
559856873
554442776
487998084
644523056
580432300
648056801
646818402
535140877
542633983
640547531
576100796
657916400
524774427
534048016
564035357
539090260
659858818
632538367
635187062
503092011
491888288
477949142
585586081
529412127
640425490
549198554
529216525
624026902
493533725
572087997
522363934
650457313
595928694
529202625
625917544
555828915
502901527
644296706
580840535
586996657
554885921
596620681
456848821
649339293
556392831
553919165
594989210
570769550
617734023
568980001
644045959
595652323
456799473
525774824
516037127
606909899
521932207
582043118
619815829
547102546
551971916
565693054
602045564
614440379
541354057
662725182
644823727
499947143
640596221
554290211
480264321
619517834
554554181
615050490
552895678
592066680
624546623
628972915
633529314
531709591
572583255
541016387
666328231
562013157
499774729
659283217
500371695
529806772
612363979
523523237
617182075
648551226
547413222
547117839
602537410
532380023
523124410
501645231
602048418
580739968
524077332
554031851
612246308
549032164
548646734
516586733
565223580
519162879
617901232
565895046
530767728
620363377
588189931
505343233
665296083
588094997
568229366
540365287
658781699
664791014
540091633
500673935
474761679
619327469
470105038
519891344
600413492
546658503
658900966
550616419
576953627
544586088
481635424
608662967
660219296
630965870
564407082
546733317
633686210
656856119
465849424
568748256
554188068
531819384
509190345
530182929
666401368
647315625
576523172
611545608
580722477
577800386
638743577
653178489
634767788
623990940
556742132
629821959
665296083
557849670
519884688
550552564
485633428
602815124
659461737
603307474
596738430
488800689
408864216
597158268
581366308
632744094
547059825
541236234
544680015
663851069
634120668
529323871
532734336
648882216
547696830
568310193
521098993
579216996
640967460
639172181
608412114
529426024
504073283
660498326
600541048
616470073
483541555
534969078
653894342
632331650
535530995
544596429
497431117
550599139
521597252
572632341
562616897
647441333
534363151
464119336
526797295
416506418
523859458
615267889
589950190
578349538
547747559
610376890
614017523
571265149
645513538
606211347
641210234
544006957
578268894
515724318
649498266
658453180
664098700
613203110
559372428
576046631
463576347
652306063
597831747
566754758
643431994
641070345
537948794
604202664
548007229
507905470
560094125
526824603
565700112
603738928
505019794
521220403
645709436
530398518
565777405
585699865
508261132
536206568
576503029
641494390
625046687
634720214
461540721
494745262
521901120
660847916
620541743
556161690
595701066
596421813
645905339
609593704
607928314
535503567
564528648
650457313
612625018
622715430
631818064
595427237
523134168
632595194
626396212
624857369
642400199
560271139
640737252
453843761
658857185
616673785
516932485
574694846
523926156
531343045
659338406
636244330
564019617
608898259
611664717
575599441
541899170
616440796
552561057
545015471
564127610
474364557
567037136
580599027
546951335
633941897
402427809
563000355
646858188
519593281
601685909
484946042
652352986
507112605
588866536
641651497
647699615
639172181
656540844
594004799
496639726
638929399
661129014
662971181
575832846
597817143
659166670
658401421
480131477
577424427
664771219
523683111
666616035
551319338
621483825
578832029
651135037
645996205
614687870
565781221
587051905
512099871
615942981
574105407
587929268
492533624
521101526
589950190
661354127
655217586
660562734
594311450
645897214
661874896
659092286
491741137
381130668
505248918
646752991
611568842
624631293
536171702
578253270
609845006
523133110
472685876
471259318
497981177
655131110
664771219
523456438
474897276
614555831
583600259
569822904
664214160
593112677
628741188
501612998
520991242
611797557
618866225
561891920
612633878
633848305
665480801
640753761
557501496
666268567
530387258
521531446
660602058
634251941
530116863
632286122
663721789
665712471
665296083
601863286
531964116
649574383
624825486
620556455
666624733
666544844
575694540
596004991
640095374
549031105
632869200
608712002
623052191
641651497
603381829
581309631
586375678
619989146
650495935
433398360
627367214
493772358
637488309
620981684
656538151
522001352
546346620
538887244
574864863
576337058
638138461
660562734
644690265
552007922
603128181
528461106
555796361
526840343
562679169
547490498
645295065
611267933
566903249
593804374
658085232
632261731
525725064
581366308
664093117
545745101
633411214
615195186
577796801
657620597
654141652
615827374
644921289
496566775
574765183
648882216
603172473
546032718
562164057
553235368
571495188
651575201
624858416
663993709
525280990
534129153
619601903
493928474
610203457
637873069
544355512
591982132
587764220
644426494
514774144
604051718
628719870
543706090
603827258
559065397
431654637
481877763
631261261
505291787
589977901
539414103
660516064
516299577
613883263
587152491
574132770
526194735
503937544
591708801
636609462
650227867
553859991
485492968
652945263
568496018
632429809
544680015
637776850
529065784
666276654
660575990
605368353
555735403
540733549
609063541
591023051
654123740
533621693
544683561
581535926
519568276
423073011
568601385
634605010
552041311
637890923
652306063
596334186
576468248
594739599
633854176
642378870
545971859
542376570
635162526
483486754
622192273
606089575
543706090
612387979
577633094
638043269
610849106
575027058
609906872
624578334
545923721
655170147
592498321
665475363
665602857
637147104
547198920
665699986
662750491
666423999
594567934
664098700
597132690
473053420
647401197
557670174
520364635
522161627
596258669
653485651
594655511
538280892
612342287
642121581
633321278
599490828
629937129
432889341
496689399
665258112
518776357
570400328
590782570
642706763
528425012
637862741
636609462
563943140
666158491
534962623
558304259
592566765
527431942
577614929
545928189
542093844
488405192
524139688
523660869
636967743
522014841
490968205
510416247
527559598
485140066
531819384
608402319
628171393
503085900
510083093
571646698
504412108
561782798
655689422
577614929
507820614
519831415
606573132
524914054
565315172
509563777
597254715
633225743
488773916
611267933
648357015
623946792
566665294
600081265
491341884
561539337
572553923
656448126
543271445
547011246
653309305
492810101
517955349
662779879
663528889
530280273
621223381
563540527
578810242
597439013
619583228
608428142
526016327
662583644
513635757
539799446
643944258
628653735
660080527
524054524
632160398
657298947
637115397
666479967
541638057
651746664
537455459
581226045
633150819
301016714
578271224
601193355
655689422
460163440
633900876
659751479
618874464
538058633
480775857
652509878
601807449
568685320
647147119
609030145
647699615
561814296
649987587
535435433
481061646
641678417
612919216
665172527
638746524
623383236
593910419
565504940
620363377
613758018
633477571
590790769
586589257
637350035
571873873
532380023
594266243
590461560
552758963
662971240
559277136
524736950
622551512
652191183
561778556
608004996
573871304
569025303
629830436
666079013
594612481
546376115
629078928
626093334
585498323
646062393
545544086
566859551
531198797
536373556
624096159
579216996
662054325
626946051
663754514
555416799
576020705
635511743
608644527
643626557
565353519
556257085
596892227
571646698
569482900
593256507
660055098
542376570
652804570
477769387
528438256
637745636
613500689
664771219
652903594
640077408
477648450
589421551
651750273
528955367
547480615
541092747
559376918
597011938
618644730
547189366
487329562
503906752
665085867
663490196
657660961
457547168
544643186
580967814
474897276
563851818
577395781
659993444
659432766
536171702
608581644
501802318
657153030
660702264
576119321
501477901
545745101
655901913
499641029
649321105
663024999
562568974
600273610
537364333
605837281
514710084
570146215
584901318
632286122
555069840
598965515
646032352
618768119
597795211
552195105
598126170
562955346
662343848
618249773
583723955
662449757
418020443
597834870
620971727
537364333
565546898
662338965
519951698
631393473
609083827
540601154
532985699
470571544
640967460
659858818
551215484
516362057
624245082
559897962
511306526
566957438
658401421
607794718
639947503
650827732
659532351
533601578
587882757
570774972
572467183
542316819
541375330
633832576
616631136
484415636
641179594
620563469
635981789
640988087
601420185
537274776
584020692
534739416
569776088
557024789
602781959
584363718
626410845
595089841
660765649
502413834
464440330
634564506
567084272
559249411
620283081
564402835
597998433
650053237
586159336
518808575
530801848
491562188
511252280
518915229
538610622
666288496
491259177
625534590
523312062
565186543
625125062
590407293
574079157
581366308
561670311
643929651
588938349
612342287
575987024
565223580
586069008
541949733
617996713
478203513
482328740
641546929
608852854
656312556
575487218
633539304
588585392
631517767
568475717
631802996
531197784
524538327
616209832
627375040
575008828
634181523
557731279
610368623
534275628
665669592
654500047
543282268
652930382
535489623
619583228
655636224
568917485
523764654
660661596
641352097
643993197
652273395
601810116
645809351
660169538
534547055
558994827
453118599
613494485
548430188
552334893
608428142
625915783
538771275
593369225
544869269
594004799
485956377
627237473
660410003
630040038
638471911
608581644
659062218
548238427
409386353
662338965
635951279
663754514
533682525
665079326
603910814
563278086
570151647
528870246
512044122
594941822
519162879
539954853
498643342
505847771
526719417
610368623
576425601
664728096
575451039
612286907
625710357
612431285
591246696
586958504
623514483
652942930
618451098
598378322
519270259
599449156
665161468
524449686
654509053
497841178
464630039
635228156
565546898
332692595
556797104
659751479
454054581
566105530
497807684
584775762
655077718
611018337
658510463
576818772
569162871
583991190
595795902
531591217
542376570
488235897
647849157
510192633
506108140
634359589
511401705
639172181
634727930
611269220
659856567
611728589
623165500
548775426
578828036
503906752
370230984
620562182
654417893
575856724
567277689
494790755
629520318
533774064
561258451
624492753
560166030
643626557
537174436
663093374
653395281
631204270
597345606
565583353
530589349
652306063
639645276
658510463
491513359
498360706
578706148
663318592
616645917
647401197
630877978
526964990
525879504
597110234
528104072
657374188
578408808
612375786
543038526
659288495
615050490
563148514
534951632
624835154
609021430
639216352
520978100
577822327
661326837
659532351
544550241
634263295
534196652
601261081
521698597
599443768
622453141
647917543
652741043
492249819
550440792
459395125
589744947
519431951
665683059
639157358
647658385
514499903
651575201
646590772
605516545
610067945
579116144
510148416
601972768
664098700
616827617
565754750
632799753
633886688
555924442
512920198
534173754
572228008
551220709
541551674
496575355
444440194
662465844
509137579
535667043
498964237
484543020
573609879
536171702
521546430
664112106
633640679
651558462
389723545
578349538
580870710
476160439
662018847
541380259
610067945
621140474
606012560
646427744
640710171
561184324
664098700
629225552
632555964
533804609
476033628
578695889
469900590
427324501
528559703
565315172
602211931
601791831
569279541
556497696
550122438
640421520
665656831
604779013
589950190
579913365
590202874
614667803
648125434
607738024
627375445
591521128
596291189
657495092
658510463
636691585
530466643
537621445
491780060
536206568
664744989
565546898
515581823
650631562
606987717
541610315
613047967
632296530
629722155
556721682
589869075
609276010
658625971
617903983
526569676
616047873
483585301
536438298
653235592
551706596
591598144
628922739
596549219
514375669
610865994
502538425
657193580
509915531
570179044
525627463
478310643
531929306
631541778
484743850
617317560
510998032
609675046
540357448
558854301
558093508
543036654
516618726
650827732
544684746
469271281
658063548
625428820
612491548
632065612
567553938
532323342
627544200
638743577
558775894
654696951
521736252
577914098
542552638
561286848
573729706
600819128
644936114
543493211
561253300
534856295
602789967
629830436
456427108
656800682
550290658
663596776
540182446
601701986
630803128
590612347
665296083
613924157
621414061
654557467
658089093
608342269
620627246
590284880
626758168
546733317
604183246
651824152
618431666
472047953
552595845
553872030
543399583
612935955
514059380
509388001
566456298
661920221
625612842
585878635
522066138
630581384
663760034
636691585
629647250
597891935
583362633
620179560
599109056
533514336
617791840
620179560
611728589
628188808
661313464
546195583
632331650
540942414
625162683
659603997
663942520
556159708
429074997
439156860
508137345
649321105
527992739
538069345
537262981
658263941
665480801
630264718
638332673
594989210
630875094
556387078
521436837
541149087
597822890
505737820
559972550
501860422
520119265
642706763
538325287
548727080
513875785
625582631
612530118
592798246
666268567
629647250
608238187
657250238
554325611
640354024
586049797
601287274
570836104
652802468
508188259
598942820
634690312
495411952
600919019
543666251
601976322
574704080
611830732
628915187
500747528
546675251
596298673
504805110
507220567
629708729
552726873
596498573
624062794
652431686
494144526
509808645
650726907
543892662
647917543
557100543
636378594
591065073
609341765
550174981
633030701
614548793
565494717
596498971
538227670
634690312
542100377
514392522
521049598
640874245
453763358
664422098
531258740
539106312
576178464
664302770
658942302
540170058
606284020
526569676
510148416
555490264
565150369
541375330
643503318
615942981
649741781
640310323
506852344
580548656
613397710
542694905
635319365
514684628
571281720
552665778
512487680
548250229
662627582
509696173
650053237
579075509
522123599
643742264
455601397
515309805
491057963
661602000
590025580
511110879
614495654
572651415
584020692
662288731
642022325
592136569
627573276
615963223
624450340
601247709
624838794
553159666
455121279
511421461
596711440
634846162
556552301
623918041
572193025
565023380
510998032
592378291
598682320
533860125
495572287
658781699
647315625
489657597
645972923
632284948
640111801
638654063
622462896
604373945
629708729
630989804
501860422
459621659
523279464
564528648
590933738
566105530
561045542
594051663
521322429
530432350
556178419
582506810
636862998
637570060
511145092
596623097
554619315
560814653
660793086
644523056
657689822
657923162
548436587
597450857
651728937
534330170
586153132
550667431
630173675
650300299
549744699
454931281
454931281
581346505
553565323
630788823
554342173
493999892
565781221
582139819
662142288
627375445
554788274
586847737
547867913
579132797
500433396
542257069
510083093
587738113
613993336
649911101
602812669
589545899
662779879
500009412
592438162
635014827
483870682
548050687
544019122
520177459
611580487
572796371
595068777
660169538
595161279
627981748
541967089
657495648
552837944
640562863
569157574
584225065
515359366
515446863
607577132
656059887
503069351
567793162
647575909
552818686
568657597
602831394
539089782
597776907
534264080
456977088
604002008
545610481
497598920
574920866
531430273
598173373
591386423
613550980
533859479
590553674
591756269
551809781
664098700
573074296
553770732
466679352
663414036
599681186
469886852
595049476
564049573
566559307
537883547
571487711
570195076
525721767
661623938
652354886
543255226
533254383
487995032
570106314
646707286
575434039
645172898
597186918
543341031
601261081
657067805
544583843
653409898
573035682
533203292
617791840
175760837
605162661
633828825
552034465
573310324
466679968
664655564
606663530
650117543
586996657
646929618
531964116
554263054
625236477
567178142
526326355
607430129
526100155
655100003
592922281
581237167
599768278
551706596
487516958
620362056
625926597
593978349
522275188
587438303
564507859
644275230
647302810
617234579
530650949
632693267
665198060
523526293
602781959
635080975
593454952
530525693
598854366
572382553
538694217
640323356
568268878
660949845
544128637
520176024
447602767
539893679
625895014
598665533
600742150
461326560
652587753
558530191
514267600
511401705
613152677
659092199
584645542
618798875
551860116
659299610
588452365
585618135
582295114
550288206
649574383
583974711
578695889
605972505
487066427
592378291
650696284
625673648
360948528
655733639
657193580
497850320
618342719
472865320
508329126
639475418
544180818
538002594
508925059
642320107
517279364
553811710
660410003
662249871
586769379
609598786
473565514
491856839
638075370
554325611
579362532
658900966
649324268
489158630
635511743
624687428
588115513
441924960
615882422
615484768
648423688
599145754
464897060
664854604
559494393
581345491
561539337
653954981
456238823
563858528
644461805
546876871
589733753
538983322
501809701
553660273
646668003
530340611
530977492
664030028
455209201
586980357
533713734
637192443
631387127
573697113
658253761
637187440
649619406
534773109
555511375
666571691
485365037
655100003
543436401
594888326
581352995
615981950
583369032
602126647
646575128
560974075
499529249
601598340
666631286
624495085
638476370
631129722
656818160
615325483
525721888
637675726
535358923
640538758
639832330
612119894
604318882
620178137
542898522
526198601
646631601
643944258
579859867
588416625
659779426
643792838
581186884
565580362
623824546
584937792
534002591
526436087
652552934
587398989
601701986
631604762
649330872
439869141
544088492
476098229
552861580
558216820
516915971
545971859
541406361
523294237
587015723
414825124
564280782
577395873
545616562
654141652
515959839
479587201
592140997
663751064
490795105
604770513
541861366
633001735
638230927
606674009
641762700
598398344
584542919
424217389
538002594
552521127
527010367
622761131
610935872
657896406
562965139
480843806
514059361
567174391
621013585
656504166
470397722
663304784
529485942
557790961
663754514
525476077
503069351
488885905
464996661
651786955
480123001
659414945
497258629
570234799
635948725
657327279
605920466
617224875
635951279
619138248
661829022
657979921
534430999
544128637
650574415
655689422
585383736
573547637
653107946
595939084
651167350
565731855
506609637
555283660
663956017
663517656
557202579
605897088
579601969
531648901
579768705
492846482
560072118
521937482
654522595
627616797
458666075
664936265
655706240
608463690
516281033
612783732
620245605
659432766
569731854
480640346
619893459
627060699
572161622
548315942
586159336
583762224
595305614
504437313
620935471
603818003
666544844
661127111
609845006
615942981
588094997
525955776
647315625
627693195
531964116
639260635
632351574
655884267
559277136
591818581
528696552
545469375
664302770
551860116
589834832
563330259
583617075
639172181
634328235
541357671
528956773
566556155
614746703
474794097
645131425
613819080
622188364
597011938
602941270
551706596
632756801
657348004
85573526
602211931
543516045
533741620
627883682
541823100
499817792
617694135
654003010
620178137
514452930
560346045
541551270
619795253
655702902
550495842
524612541
537191499
657689822
646200355
586980357
580240570
629784253
594305633
556278281
463595375
552018417
612768174
661621551
654560621
587747289
609145181
469988045
444233626
515397461
566982205
537439001
616657989
620239928
597011938
612630733
423504110
639460012
627324764
621741962
587547587
651439271
578543870
623367986
638230927
596892227
650300299
603172473
635951279
512303022
544241190
641512550
622038359
650912393
598009372
514670791
621365130
612858806
567967588
570761023
643998706
569731854
595972644
608033609
663847231
584136133
637233850
661951153
528844139
528529050
528154028
605837281
582295114
577682704
581191430
530007100
553661743
578850740
549839344
578934940
613512050
507551157
562099327
606964034
662465844
542200969
581433210
532318287
652712299
568917485
475148016
542122873
624835154
501539412
520827503
665366177
552578803
560689710
521675239
642371988
641287947
534655502
647849157
535667470
593800293
572553923
602126647
512018915
554709673
424027017
561679640
513452905
650300299
645987579
551257707
464654945
618276879
582787709
549340684
543948617
578391604
622604305
581159561
649321105
490508295
651746664
554081379
664116540
527150380
662672849
616318276
614277340
535991233
495717375
590030387
609729053
518102865
584161578
596414023
560859924
580788718
591386423
485085517
651641693
587280300
566158199
637026599
592370636
528986097
641354483
659738396
617734023
541668185
552649966
490992679
577908685
494959072
497831111
595378297
523486584
588154531
533110787
578337400
501992652
564561523
572796371
551305127
480684253
513887654
591388059
532380023
622757838
633249116
624492753
529485942
606409061
665656831
630843300
492000634
616058837
520902526
664176175
609593704
489523987
660351658
648220826
589449377
647401197
605077274
569765369
652729249
601863286
640753761
455146915
610067945
503925692
549696835
457811651
380220556
291201269
654874201
523134168
624134811
536386367
611953333
660219296
555819713
569785865
559751344
597313951
652117267
495198219
552904927
509159826
622820403
567542265
560166030
648357015
590187750
634359589
653058583
530518729
571873873
560930439
576935369
654003010
646976206
634690312
518399032
608223361
655241256
463924909
508707100
570402823
658371448
662338965
596306931
496507640
549264444
546520908
654573841
551095166
512156603
513875785
661113259
579555440
662782550
532959077
632106390
663306428
665480801
621796739
657067805
559249411
568951350
539083750
558775894
641826959
657703892
623546955
640121768
613685672
612375786
600001554
612994886
651407403
621090961
614929543
555578118
651075641
651249132
524592191
589463770
548385857
618812479
526416973
632451533
551997179
583017350
635951279
633060480
606108553
591911331
529716191
498154977
612797745
542396325
513942357
655359922
665454245
637115397
603870374
532980377
526545811
447741294
513645947
621733588
490715361
504243038
529323871
556336206
624039336
604698245
488406272
637115397
608394636
547867913
481874699
524365746
611139840
567515818
655234211
524324843
665939530
653645435
596711440
511447320
576039856
598126170
533860125
649008000
595888716
622303970
647984830
627816686
590421457
518096013
660098724
538579157
553509332
610915796
616298662
433492673
584428839
517290781
460205883
572688456
631051441
633060480
613763704
588983210
633640679
545296118
619583228
515460542
546794438
529980424
564462257
665474313
550533603
517872526
584883981
356842695
661961692
531208542
659835965
609955885
538771275
551307499
500632450
600545354
665656831
566756061
616547873
532332110
656623310
558830211
528030990
655217586
554321140
538983322
654900689
466681041
637500822
584104494
575719423
628088548
584029753
598301246
632284948
537102105
496804366
663721789
628366669
565504940
600140072
536113022
660072696
555179478
544853781
570827517
561108216
525861326
632625805
555186315
556159708
560428448
556257085
624069811
62682632
606852717
505502332
595089841
563962838
528529050
601090349
628913621
556369561
533741620
520057734
559255641
518250270
662971181
587068335
517485528
574367705
518808575
521701679
643681220
529028009
654409733
612119894
640421520
623921536
528922994
629708729
565118659
654194648
491512569
608835746
561208788
614164293
557041594
637115397
500437095
576739103
603806995
510416247
553527534
665683059
617894216
468442646
647410392
653388391
630965870
560567344
580997054
569602615
626738683
553770732
524139688
559511228
651075641
637115397
572440442
647309916
619958960
536085497
649321105
641070871
555735403
595608580
560349364
502901527
555670476
643944258
571270995
626410845
520827503
567478847
558725519
633883647
515796419
578822674
650299446
624134811
567454682
642085500
520695379
632498631
647315625
607150946
648695192
576053234
633541280
636011532
661780214
506823722
614148370
491888288
614746703
582370757
574105407
562231574
601334722
619230358
595250066
565827274
577743735
623181644
501851323
622976530
394371117
585991417
651195962
582578275
642095262
601261081
553338027
665198060
600174302
579663482
618789925
565781221
546109507
455063268
545756789
494961057
544125867
585182153
659858818
606823505
545835754
524266271
548087873
630173675
544325360
561045542
537968273
629907851
508011525
572059971
610067945
562817292
628898678
613312902
525534903
637834391
536551989
631864168
537364333
527306390
617581083
660574828
562159375
596481005
598353094
505429581
641246596
549759120
656472599
552895678
621797074
520074079
612240448
600204069
650285416
529138609
657918129
647655892
622328332
635798381
592981347
611582850
616509433
616047873
580190105
530977492
585905238
656028761
650835240
625459230
509650787
653477450
510967455
608756990
631554338
608879369
597456390
608625072
654911117
568382075
536144111
640077408
660456046
599069706
490013148
651069479
569649597
646491234
642178740
540004989
464991426
663285228
607358694
613911152
599205462
593359839
637741748
655636224
521531446
646178178
568682578
625917544
547089529
558923760
581893364
636566232
531258740
527910084
569837503
538818687
664151202
584020692
647315625
570433852
644623061
644236302
618276879
647507816
575667856
618276879
605938121
574098188
597841637
596627527
622943761
664373620
588585392
617403397
646175147
652844841
577151265
627648039
566671500
546968297
651786955
572137982
616915673
657479215
593457642
552543386
502678147
457184922
665296083
522282825
526776400
605837281
496831089
543928145
569731854
665656831
521176375
558324658
633057149
565018253
539550011
578109860
521281376
495816259
641127725
601863286
558068711
660219296
663388745
564019617
572479928
610811960
639258402
516618726
530241930
484092274
655401703
542268369
569949054
576468248
565749051
586482439
568767398
610876974
534036346
647520902
649738495
584104494
556011729
568313974
620541743
557787615
621064755
619980786
572796371
632068878
547227040
573356036
666079013
619230358
614476498
524218879
640477988
651407403
556159807
575716508
622604305
598541851
614746703
566430497
582688123
658783468
466671406
616870346
511582491
632284948
599098987
508066122
562832524
656295878
523194247
530261070
632968944
651575201
640007760
544058818
611325671
657689822
505343233
637981758
642960222
641221527
621153232
558045410
628866348
552731641
577424427
474861966
584019339
527694739
597831747
594283431
593098631
652553128
647399908
511987873
495589878
621008117
555735403
639147076
611131271
523650064
533947920
664840717
619008158
663335753
604440804
460850298
644595417
544799519
602941270
602558866
634727930
632862819
664700516
649723422
512088716
502780167
549188581
636173293
509937251
543002914
527370662
544243894
640033966
571296240
617268714
630872049
662971240
644613070
542852725
483025365
595173134
514250818
540101599
529744227
615711208
656089269
567232109
639251235
558488057
463924909
474371523
652621826
662338965
628335334
629274180
548430188
547828953
591910755
640102917
561814296
600616541
654141652
567154331
641577889
650031134
620462621
577023960
572115589
579277095
644665166
563806408
629419788
577780948
612361557
658783468
647565280
666330505
638293397
617383976
611375826
627375445
649871537
591804667
572382553
648448531
631051540
646725397
565827274
582160867
530079750
504652482
584750799
658186459
648423688
582260997
649321105
542396325
552195105
469662923
639171485
548727080
657769243
586124216
581621747
494298247
618897440
604126236
584161578
637776850
642106374
537671498
551333896
663267331
530398518
606541114
664740425
492272221
539017808
582053321
564252869
522146039
636859469
549705550
648437959
478433312
532880342
547195457
535904447
546842963
580032614
618048087
632160398
623383236
664176175
624339138
653543929
535927498
617403397
579318568
593139436
656691006
629810350
556984045
578977677
655359922
594887085
550512396
501801633
559286697
526719417
529590605
568492425
635851902
651647913
547327183
520827503
637548552
468314986
594115773
654409733
583288437
629078928
576386575
586237185
658371448
641979475
626606287
516137955
532218238
614017523
600783500
561112399
591503551
611602718
525784081
613152677
552874565
665480801
662251917
641946859
546232830
582905781
571381015
615825433
560974034
652066012
479682043
554880227
585962053
579579948
662632618
622303970
608129432
662074083
526135166
633882637
598049675
534478977
631397392
547144314
661816536
639616500
564428089
598600587
534430489
552195105
503645077
549892828
548863077
654543255
512099871
631803566
602875456
592282521
637548552
549483891
608447963
657880163
590202874
528524025
624498945
536715335
581352995
649779406
539273542
658483783
626156653
611399653
650053237
661240639
527028491
542122873
565186543
567341944
472424106
483369025
663338840
555586323
637703414
632160398
593687122
584673565
557779163
587212913
573287349
491369670
636650938
614000420
559645878
584027926
663851069
653756801
477648450
605098681
622715430
636378594
661951153
588414941
604009572
559526436
657054041
618191233
558093508
565982973
503669680
567350151
531772617
567531359
658992827
537218624
531897108
573351725
610301645
565315172
571487711
632433315
662338965
631622896
652553128
481897457
585650337
495982292
600020989
543902899
666646985
611740163
599527573
514135011
485492968
548581609
649111056
666544844
622682998
577395781
504001196
554885921
469886852
599961361
534378651
640914528
666500483
533713734
620588573
547946300
600174042
650088681
548930318
606191376
652101306
638923554
497478265
482502258
648395506
577979716
618710412
441871862
539457388
658035930
336907531
643783529
651635056
574800808
510846618
632634213
634300371
573576752
661526024
586756291
523660237
633811299
566260297
608103381
542303383
629181713
572115589
597324180
552578803
520559407
567193176
657649485
644182608
602875456
528524025
568518002
587212913
609907168
636741022
607806244
490260488
581684308
550988728
612160323
583654425
604403343
518776357
589745022
536032737
634804375
435460726
633686210
522827603
642378870
643218400
574904343
568003526
663093374
639841767
483787461
666015124
581102777
651473278
619585212
657896406
513231859
594879440
632864044
520888239
491263137
588375664
556284194
665656831
543310708
601689393
461549810
609593704
579674366
659033974
491521059
507645904
656042859
613051232
549045562
593200051
606437853
574752158
542941309
530779944
552063330
523230193
617154822
644820199
663956017
491312549
542898522
563367617
575365722
638399543
562050724
554709673
578840693
566711015
652431686
655995922
582380534
653316102
532170448
524726160
467188766
539939226
474683567
546601232
616111374
579075509
637582602
531835431
529485942
656720048
575950262
628618590
663523332
554894672
653107946
523488330
627699875
539273542
618174130
635299699
657939557
661682901
631412154
621140474
565749435
665480801
590111193
647580724
547586918
619906234
601648306
558162590
540650613
536165718
596168753
528696552
537218624
560045208
619452178
452807694
659848652
510849846
596892227
649541405
560954462
605809933
608238187
597011938
631073823
567509182
584099159
643871235
611325671
642641402
572676606
566105530
613282587
542910304
627483267
579238310
500753018
601701986
511800465
559599016
509187116
616494381
629969367
487449261
530563087
659414945
645297269
621358243
615625971
541384330
590028997
664791014
629345868
514250818
596607313
657353556
539522761
632371813
549705550
580648002
643910042
571487711
653200720
540897933
451356683
419799046
464817485
491562188
636803990
630965870
594612481
630092407
632869200
558955986
526938603
612113835
635120167
609592152
662779879
655846473
625291471
592483517
557880456
482254731
617012597
596985788
584167033
578062877
514485943
567394792
610867686
653166940
527103041
537052858
644778406
619371397
584347962
569876989
595315085
633222119
613051232
660714136
627330993
557951216
519460041
538505277
557226135
608532115
651219141
657495092
606863940
579517848
585911136
601972768
619297434
646752991
526109328
664431057
579517848
523438026
657703892
527349829
632629307
550453877
657482611
578969723
486257039
528364840
557639940
622551512
552923068
646977049
487469608
586934349
643178136
514917706
656501209
587068250
664539549
612491548
554700615
577800386
551706596
568917485
594803542
600722529
601648306
625919890
450100968
563215951
555053093
430747943
450101657
536158831
618310707
577978643
535466784
630859618
663932793
634662740
545604955
662739286
582327976
650804549
506529243
545280025
609845006
644217178
480912591
633941897
606823505
522054819
622975428
606042055
666276654
577583202
641303387
600892224
504652482
556138193
582129538
577769333
583870094
666079013
509937251
649911101
640421520
541936315
641303387
540794502
659477352
633743154
657578665
586340672
478208506
615419060
637232018
622715430
580707231
540994208
586343638
540240261
582689943
638105473
647583976
621516119
537364373
548976290
583970166
597036313
483363683
615638585
554366557
494790755
633541280
618097272
612040740
655925774
608254079
651555032
656505517
573773880
636573122
459779004
474757849
491345393
493473260
660219296
630187204
594529690
552895678
543292019
616744978
588121262
641691677
514562845
656896621
559813001
631984983
506529243
538309647
536436806
623438004
647605826
544073303
590025580
590184865
626730444
658171014
605756128
513104944
591386423
545956991
555735403
559951479
649911101
582873445
615457215
637325590
500979665
536436806
657416915
585475628
580401795
585475628
655625802
584136133
666449426
562715584
490654363
538670115
662884219
577633094
552895678
529318538
666544844
625462638
440092510
536129254
643882831
638366504
553010804
640310323
582885395
650072519
599488402
569279541
541268599
612783732
538448385
616303318
583389263
558980775
575337980
658401421
663456927
467427747
601648306
610587205
571655811
533897283
587747289
647531036
627610197
600616541
536093645
514562845
632001198
526536866
564522175
534430999
549888891
629969367
489496324
641741025
596427635
606050014
654010189
562035549
564697194
485400210
632595194
542910304
641762700
530588274
596977016
505777708
659387819
561045542
425002687
589701765
644921289
536646433
516491460
653308905
574105407
552083269
523757082
553655188
628557817
544680015
505455394
541483549
604202664
552007922
665274306
520446297
616509433
614191418
654297744
612813149
507983350
583987358
537455459
543310708
657179996
497609831
628926611
645498427
656465206
568806161
436635059
595934674
531106487
591755698
571487711
639172181
471831111
585627547
581352995
537306564
520627697
654003010
645844210
609380517
630727136
477995511
614642281
643521013
619371397
665212732
660187660
575704560
586284927
632284948
542452237
588095435
467767640
552684782
577705293
659603972
524095357
665025614
638332673
664275552
661803870
519349446
536706870
647605826
525392528
513106374
615529598
522446591
655925774
596664220
591334516
558210412
557120268
574666886
559015912
565186543
521627642
515231243
538668863
653759954
580168090
627105359
517750086
631156535
560604060
553927842
574098188
590407293
493362111
571265149
641762700
482860856
630854739
643130046
642689073
527992739
568268878
650912062
533396803
507807223
660542787
617162484
567559281
554516906
569152042
550327061
486510949
546914107
573263546
537886965
588380743
487995032
507050266
611948311
528524025
514285473
554709673
650827732
564147902
665296083
620239928
563929756
637899454
605768517
492240496
519279344
615685909
643178136
561320012
528382205
636629593
522499371
543399583
536119324
571430524
617203016
468391297
538515526
614656508
644220771
634553573
542319671
577629001
620328060
666576198
546601232
523164161
567546269
638523107
532380023
519470735
663312518
645987579
573967554
659092286
610859075
586092836
560747582
555735403
517546963
522066138
518537922
514846425
587679078
514059380
589869075
657913439
548935305
632812485
581931394
631554338
587554795
589476495
591285112
557218594
549928328
546095078
665474313
446642934
589968962
652462423
494144526
544390369
583751757
608399144
610035431
545125770
656693637
657501461
633548123
654394695
627167101
629937129
545820209
474188308
512414589
519827340
658962701
543377682
583593878
659956968
471117198
529998006
531591217
614548793
611545608
630798964
567084272
499220652
605825744
505030310
533049910
609598786
661114751
660456398
614191418
634974643
515364308
568216277
527811637
643503318
492188453
577504500
579936648
469600668
622163469
633209611
508559565
566175865
570650954
525661840
567013194
566105530
658900966
653235592
599108005
639536481
623740771
598600587
564402835
587447019
466073066
659048634
554709673
583250052
447579652
556387078
553764541
641165599
566859551
487519510
570769550
608104570
589454709
354953181
545717253
641352097
556122128
658995587
484684233
658783468
532901416
478516872
554374864
512832615
643243600
665025614
548315942
647553265
513635757
602739353
595652323
630281756
564183855
644403701
558003404
556335524
651557058
661766762
546766551
622491746
532644947
537057430
489884640
649741781
544368377
602923089
607841943
660562734
569375188
559074647
566859551
506079988
504148436
603689015
538309647
651514547
662465844
588142773
647309916
611342955
617403397
539457388
526016715
542319671
516506330
654785738
631622896
577780948
535903759
519827340
643428724
660151199
551553504
568917485
662054325
482781638
582905781
538416598
587270126
579266544
663805645
451552360
570195076
657635423
655011745
665296083
482828300
644523056
530362462
520278521
652553128
633716552
562473715
530512326
659432766
617162484
616344940
597096506
578349538
620541743
591470565
653966909
655594701
641413551
487873448
511293017
628009006
536206675
617602969
665602857
587669233
574316042
594355125
491659886
537223326
528664243
633798699
663338840
658942302
586590299
562727055
493407305
473175431
536032629
520052672
654409733
553205155
641813657
617598103
572161622
631984983
540337098
553661743
636132043
586855085
584949110
577963349
601863286
536860147
656586026
622206004
501612998
534478977
612286605
524978232
543473232
659284150
582781133
558730553
611240607
662501620
512477487
533594866
528529050
583797422
566387459
548430188
573623660
662307129
525655595
526485425
551360308
608868459
567904017
571869518
612654603
664840717
635187062
603786516
514097790
504113789
546065348
623441543
498044118
538610622
563277266
644239441
610067945
657030376
580374193
567546269
515795903
601863286
414440073
602654577
653558599
565790607
617781645
491633238
628421002
548497766
608293109
638046193
455902872
544066088
648157852
526485425
628005068
599444793
595979812
643165006
610988529
652462423
634414447
507797734
664876926
522485969
658774959
638282169
573542222
647686175
556606505
620949788
656708730
656014668
553489412
524740865
566935434
656623310
660410003
658625971
418769881
565102796
584584904
569345655
661441718
648683608
578322642
661611083
488889303
572291151
539129637
660432582
407340789
529373067
639341948
451719407
516926693
577769069
562476044
579440889
581024547
604989428
506887953
577780948
493690186
516759398
489811418
527026858
535245753
662868229
585182153
550131811
627948563
580861276
492846718
524089800
644684081
595525068
648643989
663618449
600616541
477727216
509900732
595049476
654870968
663003128
564399604
579274683
617876188
544866213
641250299
466073066
646811687
613116557
637548552
632440454
565045347
563828606
538579157
538308825
622192273
577630116
528653094
610290993
663993709
538119613
585488129
486415431
600442290
623348972
566766779
617142603
564731812
625428820
538463509
474541334
515945275
535377331
564528648
608293109
634039106
574370335
643782767
657457224
494314305
498520163
612530118
520256017
598753862
464119336
619906234
620073508
559403352
653466669
571917423
638138461
571917423
597011938
584596500
560072118
553460409
586980357
570754502
478963687
560349364
629069064
590589591
661715368
639329068
615917736
514302436
537364333
603007314
644371830
664842182
534121491
618369819
658783468
521828988
614657990
606663530
665311323
559481208
594771196
566756061
663206397
543463990
642689073
627299875
623006266
656103887
665608992
626015383
546599739
623367986
620896047
645779768
598979652
610035744
622551512
594170496
647315625
652431686
590688075
659982647
578822674
487873448
548066320
526985499
581460142
658900966
601180238
449195480
500848790
606476957
666500483
558618958
554659332
634179674
639571163
634507864
637722760
619763833
578349538
653829037
615885680
656389218
657193580
661024155
653466588
574098188
618084805
576980087
643141704
504225343
628653735
597891935
526326355
508530669
646901077
659145544
530286079
607577132
585645549
505360004
661404321
538652099
532700833
567178142
501395922
643871235
543846284
550495842
595189221
662758105
594560807
574654086
578275922
536881432
511547621
522927363
633686210
522391141
650912062
569580523
632756801
623453488
651076922
531783567
613763704
524301719
655039674
639747040
530847422
512842058
582723104
517246894
606397450
608466256
595761439
448175081
663003128
542888914
507770797
511401705
618066667
612286907
565777405
597834870
628577025
539645088
487704783
496568442
538705528
530366337
554887597
573024136
522363934
466926417
554032121
601974997
583669741
626758168
550187213
514375669
555802205
612350996
521810779
535704306
432639603
559366622
531605848
611042503
547585128
512438730
325673600
597750779
596112550
487418483
595365256
577800386
511145092
567543654
568289193
602019213
657035928
665575051
541454713
473413803
510875755
570362424
534647175
483247680
530518729
654274606
665899503
496193191
574601790
649321105
565754750
624785359
600413492
606397450
665480801
640914528
615278687
621587923
626719344
657365505
569731854
522282825
593648652
616206406
528696552
599127026
519686525
652058946
595319781
542207008
579674366
663706074
496437738
440064069
643634726
637859502
529744227
590421457
663119228
565504940
601981990
516362057
644820199
665474313
657689822
593327475
588921707
511180313
536386367
548412295
628064122
661308244
559845505
632371813
591384771
655689422
634148428
581312065
599895785
488985085
546546892
622052477
664791014
652393402
573623660
508585180
629657149
595964497
521095435
629137443
544715206
653984255
629708729
622477825
538558229
532284855
666646985
637621107
522754696
530182929
457651560
490581108
518089708
665939530
522499371
659858818
665768282
646721956
643696388
644921289
568959911
571082744
665795403
663528889
501584162
582781133
625515870
553068442
612783732
530516197
559249411
659048634
658810344
665683059
629969367
424923543
604458799
534604913
584750799
665474313
571102625
593430907
615685909
544684746
534005285
590589591
551407131
563968236
554529221
535175840
558530191
570330509
571947408
654469759
643863052
554031851
582355892
618431666
521211968
628917085
533570142
549627610
577859960
516867131
651551613
517098723
464183776
554709673
640753761
567193176
590521733
505940948
644178588
607497514
597014414
656816964
541227813
652741043
619396895
493629898
618874464
586391068
622188364
532953425
551809781
541380259
638386327
561814296
615147368
614160036
580380741
661354127
586590299
632133849
661113259
618742502
591911331
567011392
521971507
374662720
542031709
589311856
660091378
557846809
651693450
585030023
588394196
636376836
652903594
595181588
613870614
560151658
596597092
608860102
593223068
645855745
508903686
585992286
626271501
575851406
581558725
651415726
612313517
638467707
623256561
581591596
570769550
610067945
566864107
638927473
645403868
566756061
631186763
650360636
515945275
648689263
657689822
662034335
645194803
474286907
589650000
551860116
563739445
648282339
656501209
634334279
560554032
652378827
644376211
646400007
589617620
526100155
654976355
530775105
619468971
489092450
471537351
606267600
542648393
513052550
632756801
647401197
660219296
561032783
586769379
650441646
587068250
519827340
620470950
554325611
632371813
609598786
649933121
656709426
661621551
608678545
530847422
506782547
513635757
452807694
638698014
473212848
629078928
496575355
620293245
525176693
615638585
599926586
592005400
610274950
584347962
647315625
636967743
609276010
528524025
532380023
656708730
492810101
581764985
550739650
665480801
602335821
577203824
622462896
606863940
659414945
631636952
665683059
568216206
628032648
657689822
565186543
563387386
643199031
601607992
469633441
523151714
619991476
498296339
554844033
646668003
612783732
605453696
570549237
529511810
582301844
512088716
580168090
595973596
610398389
661250919
549493597
613259477
612633878
566436541
545456976
534177571
511180313
632425967
614014685
590649034
560575506
491286398
594482402
576034419
617582223
614376720
623306087
532767585
515698174
648136958
547234255
659738396
586293514
515079895
522704976
666646985
641354483
582550476
637156017
597027943
599795378
638743397
639172181
516691927
619036550
652446010
564528648
583920790
520865025
654675560
510192633
657457224
536605381
523194477
657703892
606412507
623516188
585231228
618207024
544960898
638534329
614656508
581237167
574616553
645834014
493755544
640421520
455902872
606323541
502413834
664840717
612361557
638948628
660562734
626701273
562772694
601305862
535503567
577023960
632451533
365208830
629969367
662671206
656596384
543255226
545125770
560751297
661357740
541655889
635187062
579859867
548264414
581435291
550431467
551267329
544177194
619063788
662338965
564872028
663162923
600878881
573024136
562109286
547403506
621475045
542376570
583603632
546469293
552195105
584246338
591942480
607288043
601254442
600020989
504375774
492930176
506840825
580739968
538781294
576152189
662250184
453297852
516643188
601972768
429655425
547616084
594631566
628102581
602046632
637183203
487873448
619909246
585541512
519199852
595525068
515854872
577202438
548733076
618190042
593052243
597292838
599449156
665381184
632168910
532130256
658371448
553573371
584023594
603541060
530516197
604440804
597254715
605046108
574987931
577964702
627504842
525879733
590372797
509747757
628653735
622943761
583010629
541483549
554625611
579822939
612881874
550267322
656569405
605756128
663721789
659946750
601785332
613579889
532380023
618874464
615590520
638743577
512934435
521989615
633970384
599085902
540154437
560756070
612164298
663528889
469886852
646439047
619907969
481761879
608658009
621370949
623165500
659482637
618724761
630264256
472685876
573518846
442935358
587786059
545616562
563025542
642114591
656295878
554290211
595902138
646251748
618585083
590404552
516741209
563633677
651897948
595482915
470546156
616547873
618276879
656189861
654010667
592021640
559746930
513347356
583617075
601261815
478433312
642803774
605396637
538058633
647026965
613312902
535172772
581309631
610616004
466073066
557880456
633592829
614729129
523151714
608521024
632989867
601918466
559255641
627693195
523113903
657689822
643987453
633828825
551860116
614024336
666158491
659848652
621960641
559675152
518421095
646035506
646062393
650374196
625407051
552758963
589085115
580861276
663329634
623287073
647271682
482487478
531136618
600616541
592291692
441726971
644455114
597027943
666500483
662791817
480912591
532780403
566105530
595250066
538663540
567163669
650696284
581411056
658530233
582365681
577836989
552267391
643224577
601648306
563540527
579986410
620020946
662395501
527178783
631104885
644598548
654436640
586756291
658244923
549483891
611951721
625291471
511081599
552583026
640596221
552948031
534114677
661781402
634532564
607797064
575181716
635120167
552174543
573152628
468149728
541903097
552923613
564700711
639469825
540995325
562145567
656919195
641112813
636337474
599627959
484709956
615638585
616036163
634749608
548508026
662054325
623331747
556213950
550739650
532959077
644096024
585820761
594507091
623142306
648234582
566711015
591308873
642891955
553660273
612831779
528524025
483541555
631930298
658092464
573181793
665296083
563000355
503637505
580432048
481369768
412394573
569666858
610878052
474907114
554542975
665899503
608852854
508851315
633930231
603863693
524067712
493473260
585405180
588152642
589138122
601702502
658781699
547344421
533232743
663956017
665656831
560516692
655316727
610715340
580327708
565754750
652374031
653074751
576307726
616627550
501592856
603721643
579084076
566903249
605621411
545456976
536920143
552649966
622761131
568878444
577726919
664373620
507913969
453307199
532332110
570225583
469671054
528845261
588358391
601344054
629069064
579277095
521813274
664176175
654195836
451323540
543437329
611390025
600749228
571487711
490795105
661495555
632743628
542648393
653316102
605336152
600336924
666007352
594263931
662465844
564700711
554624619
582105728
665923681
438541237
490524054
472644802
529106226
572796371
596603646
582905781
603809321
590023964
633364231
609207179
622042484
582483445
639172181
577978643
660219296
615942981
486080629
616047873
515734046
540154437
648902421
549879723
647401197
614470964
518067572
608220794
487327646
574224014
615235366
559525055
597258025
649943295
570400328
542376570
515116418
654498079
595238352
595972644
662886523
550397980
518655482
559381375
663192420
660279055
430054639
515798004
530182929
576468248
500515086
648882216
639171485
637816440
661811981
544434882
630141836
570379867
556247722
561967689
451719407
545021652
606940478
555725798
616985304
521560974
498742826
645855745
622881842
639653965
614271853
663721789
596112550
661195957
530182929
411854095
478435759
586391068
525720601
451719407
660036029
558739195
577333963
595525068
551860116
655286568
614014685
614656508
663708070
631984983
481365134
622943761
657664065
652277353
541364372
558752814
570800544
413480850
626396212
590111193
478997225
635951279
649871537
549627610
657495648
619175342
626652193
571611471
666268567
627601465
504033082
476098229
570609657
594989210
644316678
657348004
550390229
501065841
640421520
540654722
598682320
665683059
641250299
610614089
636328104
660542787
665025614
507084885
602537410
530563087
495384621
657377507
613579889
645264326
534993271
605597576
612119894
627936972
525258893
522519131
556238700
509159826
583576417
638378302
493098882
571873873
575088133
518250270
608289333
594570529
579255735
551095166
580433741
564261737
636519389
514295214
570741404
652191183
660124456
665258112
597995857
638743577
501680369
642020057
644480133
622943761
565927645
517172866
583539598
604005125
590385318
599145754
593513361
630002794
534959763
572148847
588385713
616730175
535465238
633245651
537484172
556544200
542612715
578275922
608678545
479402826
569726462
570054061
608924038
545371854
615050490
487098872
505350535
637468894
561940337
620353549
623712307
530779944
591673672
550329187
662074083
481920100
564091208
493161816
658096373
584531306
624300042
662766806
512889967
501125712
457713522
576434940
593112664
662779879
627105359
621153232
612783732
521597252
576611770
522201500
522403617
623932731
643386154
519527842
502345876
599535223
586756291
524885770
554501488
589865229
566387459
495816259
552489742
563968236
651249132
641651497
623156630
519988121
653676352
635870980
540034824
609629720
537102105
623978881
539089472
527635707
506823722
664068479
455842637
646062393
598753862
662671206
590284880
597085460
577265468
303337534
597458956
594879440
514728787
583177192
580599695
660659857
648232676
506764785
528504747
561347631
440840017
643747886
565866583
608450045
618336697
600751320
566583889
638571382
579307391
606894963
608428142
512477487
661434817
479463874
565186543
501612998
580032614
638912531
626458512
654409733
512832615
624098720
565699673
655135174
572103448
554474579
657348004
601075557
588436818
554031851
473192400
658900966
520888239
591671085
597096506
584104494
663438617
662671780
662943131
514021686
487798372
469624287
569602615
639028021
477994383
529387157
507546616
588094997
657916400
545456976
534114489
540457151
531964116
602409789
567542265
613272120
508768538
585190914
622192166
610067945
613540993
600709999
577958121
595319781
665988787
645844210
548283325
633245651
620981684
616618908
650495935
512832615
650912393
647531036
658510463
664059719
566105530
618315536
543445924
463997286
593815574
565949323
654603670
524067712
522610266
505955649
638788032
613152677
613183796
663338840
533781723
615063470
605938576
552758963
573287349
592484507
599827867
572282897
634269170
453978253
530129990
549319828
567542265
641303387
649321105
638230927
585185672
613580763
534024205
661780214
574274398
587798143
558270916
633364231
533794353
638569070
530626391
600077036
662465844
633001365
664302770
661951153
662288731
529806772
504508476
627284535
594472583
607534526
532000835
526196043
659048634
622530989
513875785
616047873
550757325
563486364
561539337
566191545
571951355
446608231
520304048
607172450
595701066
471259318
610906346
523237062
626223256
561891920
523855108
544301800
551018727
596075984
554413838
661354127
544745460
520028694
526007713
626611594
514022203
558872960
643547170
466690250
636336485
574607777
572611317
482795717
664098700
594570653
505959326
584949110
598054798
656908517
541861366
633913055
647401197
661951153
552334893
563633076
552435120
626434190
643694273
656940102
525580932
566604040
591570882
542898522
455113040
597011938
581352995
522381162
464429617
523807743
579301535
659414945
609145181
591040799
538946793
364538416
572898153
555035081
601648306
586350523
595761439
651075641
634527251
455705677
616635722
554342173
590035368
496831089
515605518
663544310
652927919
529716191
608064109
547879231
563325423
600737123
605837281
662779879
527742122
591409597
606779383
571972544
629764172
538002594
499986645
648437959
572796371
562413812
572137982
656027565
490350294
613643285
523438026
664116540
539811386
587748131
592498321
499352602
508905606
598479252
560641773
577046068
557546714
644700606
490142166
627788787
534353112
665025614
556195845
512598042
557719902
560923057
564561523
658171014
657196097
659432766
666015124
494058627
512313041
656028761
618318855
567829720
522363934
537364333
597011938
656708730
582376964
659532351
551647769
657067805
573383288
640121768
622604823
523133110
645897214
663338840
542898522
581668613
572350768
573604836
557396020
574087143
555591330
456315076
600958956
486163057
630408977
653752511
505896313
557602925
576980254
534403061
596711440
656039281
634629264
655860080
606440976
575987024
517630056
656465206
525070194
634051812
615394221
564734164
564712280
618798795
460406533
524952547
636305145
516758891
642526969
647266203
585728319
574738914
606466865
650702195
648139939
511987873
589954112
555216160
512615272
483369025
542268369
639172181
550528394
652025325
650300299
657375626
617462378
523380322
559445332
632027454
517630056
568510998
525784081
564323267
615849297
645158836
630859618
614548793
543706090
634359589
663338840
543978717
494959072
561677246
636936166
571082744
648647726
403465974
551531488
656691006
595110428
643783529
554299846
603506423
623333221
569723062
535113474
514452930
428806936
449077487
564253641
638523107
517310543
540732331
574666886
661806273
656664944
571275173
482119969
593513361
547266429
656039281
596004116
609493545
608263293
661708899
658510463
543026177
666283837
494835719
637121015
601972768
583274632
519827340
518241626
656103269
600008355
530129990
567904017
375777422
560080458
355825289
649296975
528504030
664725002
567727511
524538327
655912154
533392303
545928189
572024507
538119613
647561645
532380023
519302299
646388564
587099453
583035563
636424474
589512017
572021219
651992029
615942981
612033174
630331845
541722268
558584002
602941270
629068750
647232856
545759108
548775426
625795646
615942981
601719084
624981991
613657769
605938121
558530191
579685660
504476726
552034465
560556932
638135502
625713738
548273677
499310500
642020057
647824498
573113388
532993134
623071971
507982680
565150369
604273117
545024308
654417898
647917543
510875755
602941270
633887204
629869201
612758607
512088716
649028195
524262151
545923721
520640859
568658248
614130219
594406080
581014866
648072204
544183055
659856567
550390229
652306063
502745103
633570304
551273602
588441299
552823564
612507892
631815216
534961412
640874245
620519378
655269137
644930713
584251565
571584534
643218400
625125062
592749031
588473875
604779013
570493861
615796794
572796371
560660217
666449426
616518646
660055098
665000936
588493554
549382561
564528648
648672533
627869596
650490112
586861745
594305633
567826020
562503068
476429502
618234554
657056456
636609462
648291318
612630733
568981626
497147928
640362618
605827659
576838010
506567562
571265149
625680199
554325611
577333963
644852669
553479595
617582223
623280250
518032410
598596706
590363277
460598298
655884267
547731015
540136861
475780227
589745022
495416920
650372025
659453598
620581151
614555831
664840717
548497766
565731855
603475796
588382933
486586000
639767527
569574938
629882885
551706596
651824152
639172181
658526179
578597365
578279881
665602857
571637259
641355840
647503730
628171393
647309916
597874652
544680015
628974349
574443690
652306063
597370561
535466784
596681937
515721948
550156472
540175371
604110045
637270555
604862040
534856893
616645917
584347962
543661451
558316802
603447810
541904937
545604955
559411878
639945109
554818927
593554090
543495816
633320474
549283508
648232676
634233759
531702372
640629737
565721166
524520762
618984723
528664243
574666886
643804580
589147381
554675929
614017523
630624952
652957761
555110530
588921707
549519461
597779118
595964497
550123263
596623097
479413478
637607211
598885914
544243894
660661596
590421457
635439235
610826219
662782550
607928288
533310049
497828628
577337165
552923613
549738936
547430177
642395532
582723104
567020075
641605851
569779656
648077192
478615418
537295367
538002594
631409624
523751611
566267847
522755847
664345732
633941897
614525459
612240569
618060858
656425852
571296240
665048076
660456046
647520902
657348004
584129504
545928189
561526213
657515433
577633094
606894963
582905781
525883581
551385370
661570787
666404121
577642051
551335158
627106068
523130224
540391237
606679165
523237062
559372428
650912062
654132100
592557358
657482611
543321279
626570663
522097166
607258070
508623611
542544856
595608580
584449861
527735043
583843913
503092011
507313254
401309188
627559266
620851976
584020692
643533675
613429802
596827803
589562665
555924442
554102085
447652278
564759895
540300378
665682589
614325546
641250299
593800293
533538463
468528181
522789366
654123740
536583199
540675049
627559266
587929268
588375664
490241706
512116946
584409103
528625354
618472086
571652733
615203519
516743302
658157954
657250238
556178419
547403506
596119196
621154759
623333221
569133841
600275171
608852854
567709514
633961186
632966102
595767627
571637259
597011938
505750261
657575466
573971706
548430188
641303387
507509919
563000355
606104496
643582279
631975340
428604697
654123740
648076067
527413506
601863286
627415041
594792129
505704012
623124763
617514771
664342257
601712435
657916400
524431364
526712071
664098700
618342719
544586088
646504917
525001260
637121015
596324109
585858031
659532351
561679640
561993361
607255334
640736856
610868609
573025093
590187750
562390607
604805550
533545358
543676587
587985200
528205621
621568315
531044995
518545391
662209826
617041649
566883185
605367892
517850951
571137580
561993361
641413551
581668613
536613148
565731855
664539549
616550645
582781133
594406080
469900590
584750799
608877608
523068003
542218346
561648071
621784051
534360417
576337058
533897283
577974386
607497180
590202874
526745832
506629753
635685984
503906752
505246323
549283508
612783732
648974533
619862964
599449074
548657572
527785771
523113903
550916331
626614289
593359839
642960222
610859075
631187875
646153263
579274683
553839160
522983928
567360004
612387979
664838825
592498026
601702502
649738495
621475045
563839355
468219909
622761131
528696552
610598569
606211347
528425012
509525382
533103910
595118391
555295381
522558482
577023960
593910419
519302299
631567492
592746057
605972505
584419425
517998786
639200510
576152189
565232615
519593281
524918544
634419291
594372378
629345868
544493579
659264766
453537988
572137982
649921744
471056041
606707242
541668185
545371854
543853164
522499371
542552638
659759412
608835746
625046687
615942981
584083886
560143705
608678545
468952288
665807785
548453605
621326059
572948019
522421566
445167375
594531186
601983111
572864584
466681041
488185659
606120829
650304838
569588040
535944250
635339588
588699233
653703686
452778311
619583228
658096373
599655380
507142567
550809958
535672916
645897214
539014892
520386626
547586918
506514738
663534766
514589373
584333179
531819384
567255606
538670115
518399032
637230772
659532351
537785480
580503307
547354795
587885327
582621110
575514562
515762695
483280566
600814813
576727070
550572945
528030990
552665778
605322375
469900590
465849424
660847916
589865229
452754614
633318778
557218594
577642051
652621826
596981378
586606399
644479650
642168308
661123775
578740328
591911331
582550476
549206197
642370079
473053420
624608429
571265149
595534699
598009177
657703892
650569466
631864168
577633094
628704488
619036550
535262045
584491398
578631703
552649966
660410003
620975885
532574467
542716516
578524138
583762224
630112377
638407822
474938718
566841358
540136861
596402970
526658830
620125338
658900966
661539230
546243584
652960244
613336098
643626557
487418483
575704560
555828915
571748739
647038968
608818070
549755659
516842890
645297269
586779170
617967255
646907542
600379822
481037582
494083712
620728525
591803995
596736067
559114592
659092286
609145181
592227987
522754696
604250443
658622695
531720285
471708782
601128267
555657982
551647769
662465844
584726331
541899170
638794388
482104297
512931407
666507723
637793878
529202625
550713666
498643342
579859867
601739495
652942930
655443960
545456976
646815069
661912115
660219296
571565977
542898522
655837969
564863471
568610605
664118139
358418806
628770602
624157225
604009401
601291083
633685143
643993197
554449874
617692286
521098993
587946093
569666858
483112213
647309916
532700833
536226235
526463331
645693229
621492537
661308244
573623660
441924960
624089343
603098016
586589257
634448780
501802318
555592508
560216431
494482046
528664243
640354024
552521127
599046798
518385486
583402025
652225528
646504917
635951279
546735396
566007271
580757814
575434039
538045742
644403701
630877978
615069719
665908700
547486361
496106591
583617075
572382553
614960040
633019637
540189722
596517238
578391604
645987579
612658385
483291780
561045542
578511951
600422654
573623660
618523077
582483445
625236477
643308420
635664656
652891736
632065612
601739495
447741294
505558542
647309916
579075509
530334184
663004220
583422900
655625802
510784995
601268666
564225044
630331845
554682647
527867418
521810779
651168133
529205363
468565872
605483563
554516906
466671406
628790451
593822454
644455793
634172025
587058337
647315625
635982246
510450748
547066861
572641899
664175960
664854604
608635673
666300898
660068551
559570687
613657880
660941057
614191418
532780403
505490594
573623660
660502650
575333463
528258383
522748983
584575023
522218130
609906872
540095096
632065612
458283054
528504747
573510240
561358694
644888422
584584904
606067569
660661596
523151714
511401847
541558758
619965878
521294900
613225184
597652249
564428089
568917485
542236382
524317913
602831394
334937546
663338840
539749507
532436314
660351658
596487346
568496018
649794612
574694610
544146520
653062534
596150325
481128181
651402934
574034962
546829618
511065722
552895678
559845505
585084085
619958960
512954693
533036413
555216160
662364280
641653175
649498266
565546898
571158865
590991482
330320187
611576612
665240736
571102625
656615414
575152475
638365998
505880282
615231989
627744079
666544844
544407102
526569676
607277052
646315033
603872522
595718805
604588689
527553395
585292541
601701986
549879723
602739353
624462613
567509182
599417168
481535303
577743070
619581024
642855088
661194432
639870549
525548167
591818581
662492218
539023573
663775844
618664319
660516064
577780948
581425860
591388059
584631424
632350996
608428142
558464655
519165868
651167350
498483321
581104363
616826146
643882831
594392334
593386039
502780167
576991869
549560593
504974235
621279921
634309962
538529916
650063864
615732394
566223549
664966310
540335058
602381206
628180038
654024724
465187644
625766247
653752511
493690186
600508500
492692633
581949778
609845006
663851069
644032142
571951355
643804826
543466137
662753755
660198258
662465844
563346537
580630535
627461377
616559899
519525004
565546895
662650153
489954838
527428595
595534699
627568450
614977055
637140426
622303970
478458075
525490447
576812096
561658815
666131460
658253761
604010148
626192866
610849106
664260099
580439257
635511743
514536118
655884267
661508763
544963138
657148770
633883647
455145555
622477825
618739928
550539899
649530263
490708801
573284075
574904343
657415114
552895678
576847680
511065722
573816827
565462703
628171393
524321957
602175817
647315625
658418958
657689822
653449496
583177192
481165706
577673166
558270916
594109556
649765401
598282350
610528179
658904979
662179935
631494737
540944760
655846473
554554181
489860056
530722268
572957478
632595194
528524025
619759850
657440675
501349086
577614929
481213664
630872049
661951153
651429550
614487699
484281726
640095374
566982205
549075391
570046985
641215633
579655355
612602996
653058583
621968141
596493091
634328235
572137982
647043403
553919165
578631703
585454334
541823100
661775758
558218118
666268567
628653735
557670174
628459824
622715430
621461107
529485942
552649966
602728971
634612302
652782004
524538327
611342955
657375626
659562083
600332680
589259021
435168437
541380259
564308175
666059443
574216067
597011938
606409061
610067945
461978495
642338159
578112831
466209278
543463990
517836398
522391482
596711440
532389278
664624844
625917544
527258449
609935453
572939156
592019293
576931468
664302770
448910936
581591596
569666858
455033815
555591330
666646985
606116503
560072118
467361431
626223256
478433312
630766829
582139819
532409013
568132855
528813790
662779879
632638244
625710357
610492963
459779444
554766682
503042986
510333875
663338840
579572122
548612628
597995857
469671054
636432291
488179937
471056041
558661414
515709760
497316988
589990597
581054127
663119228
567084272
655193776
519755601
528524025
635558687
506609425
625291471
578946609
552726873
576718006
642830955
625236477
606015784
535360016
561366458
644783174
630403131
574367705
577796801
610798237
586069008
551070322
585292541
583204391
665304646
639172181
596402970
583595942
590202874
512431718
561814296
564407553
501549477
644803501
517056709
523438026
560223150
606716998
631953161
584829293
666544844
543964472
663544310
479310980
533800531
565583353
634662740
597027943
611679695
418181272
516261920
651473278
553039868
580352400
491417958
624134811
626611594
484832474
588416625
589863452
577669430
630229363
645078320
555635347
564451409
592850157
551860116
652730018
596566361
521184703
469886852
585405180
606575263
566064988
591756269
333587115
470325810
535245753
601296498
585856978
624322005
551215699
652223950
522128836
572152790
574654086
629146634
529917181
556369185
562727055
541233397
610035431
644514308
542566619
607577132
646781821
566223549
647479615
523067947
658895289
648232676
592489858
630281756
537409862
659810056
528870246
646966108
652783982
504998404
528524025
614855841
650561713
579238310
611425423
529392196
601233006
633514236
588416625
579764484
628824589
590731910
665998840
605269653
594597323
644645990
635495517
613911152
497316988
654520154
506764785
612633878
522242103
663754514
581566459
591404654
630820679
620239928
620239928
617162484
489086562
542397179
473755174
646035506
573417670
639916980
578810242
544680015
551706596
608161605
609528182
560230886
552346968
577413557
555809999
530340611
614582769
544641833
560161756
641179594
662821524
605044675
597324180
652783982
553084726
552319084
617090941
611323748
577107972
553903185
661265032
425378101
647699615
615050490
577023960
615862545
657035928
601514239
554223057
637812956
640433421
457713522
630403131
618525509
543948617
464863446
502063164
550713666
482171713
610715340
655884267
601992912
562353548
547783811
505117324
569764367
561679640
551631331
546794438
648596141
629708729
665198060
565677857
503339460
526485425
659629809
532380023
582202897
604361688
650311877
542648393
573918907
603335642
586211663
635710526
476367761
536551989
492199767
619828958
559249411
513938295
615050490
663980517
523151714
576653170
658510463
659482637
655636224
584246338
666268567
592798246
536970717
528346289
584104494
577822327
658900966
608960846
644234124
570324030
594392334
559208517
551706596
577265468
524241674
620588573
622757838
563119096
598084668
486630400
617910122
613708512
515581823
592066680
529000625
565983569
490013148
618024601
573513534
657823282
493362111
484743850
587321106
601129700
630262846
632367586
639597745
473064032
652101306
615974157
508559565
636328104
599054540
629126827
665807785
567923864
540576887
549555193
617614116
646244102
657857306
587755988
655301893
567276499
511401705
488213377
642289131
555530232
480495653
650827732
581640251
629565103
640914528
541634888
635957368
660516064
657193580
651118550
638070742
660219296
412786493
608402319
646966108
564712280
637745636
620862188
574090225
494031471
568951350
643882831
616547873
568122636
507820614
543666251
601097738
617403397
631051441
604440804
584170933
567452644
570586828
620676901
522913628
548497766
527796426
660072696
664260099
573914509
508918605
622750473
582331840
626213223
536436806
486531935
655119609
548977000
501715272
607738024
560749444
595869433
602014565
571487711
633727358
540842817
665683059
578969723
664842182
649797760
524688448
647655892
586565683
643871235
514326217
646082961
530620051
538308825
651167350
530589349
659759412
630069913
543956375
592066680
576414773
559932916
473869537
568313974
573383288
571951355
578109860
515306872
600688001
597027943
642020057
566548853
632989867
505364889
515862389
625653915
528955367
522260582
650636566
538946793
574248044
615942981
531208542
590041188
606679165
659262584
591088463
626258385
497544300
524706548
473573538
562512800
633798699
571495188
627788787
554880227
542211744
542174717
658781699
633556414
579148922
520287237
637899454
578631703
575856724
618060858
666413982
651843753
585508940
570103936
636648663
651042750
640433676
622007076
523035575
541315403
581893364
513635757
537394888
490774255
510791287
660187660
658428761
540231809
611342955
508585180
600019200
598783324
591598144
632880020
664093117
579075509
656623310
533385082
585905238
508190888
662583644
652397706
663517656
487113604
559366622
365160239
658418958
521560974
635951279
571243432
565089908
490940289
560533601
538002594
615849297
608864272
595512068
556684150
642788625
614555831
616221257
608635673
664624844
623023396
623386653
451846966
619721104
626759697
514875811
518537922
660927154
585454334
614667803
507751479
496733480
486080629
495198219
615350850
526646557
604110045
580240570
571762220
633019637
658235485
481907940
516932485
644875352
584531306
608868459
515783612
650657960
607497514
638122839
609173729
611192108
567870600
527799759
609551322
660219296
565731855
628505044
622275586
512598042
575104247
626606287
603033938
643656083
622183469
647309916
635423812
548646734
665068133
609856342
565300499
659810056
647275171
559958435
649849745
640712991
504033082
662288731
489722188
653703686
532380023
609845006
565232615
607946788
545928189
608877608
576242067
552195105
494961057
578349538
666646985
559762910
544578668
502075915
657677841
628485329
636196220
550739650
536085497
568127519
568310193
608428142
663891702
619001853
612630733
560154424
633364231
512738987
585454334
653140119
666413982
614017523
625046687
651173470
479182921
515550618
658690304
647970263
633686210
561002609
523453453
512813887
652348635
543937680
639080201
492013140
532133652
625643820
460863152
545396828
528938522
566689184
632156459
656800682
536032737
654255947
653235592
554966981
661708899
526150527
591404654
542566619
553311367
530771701
616916500
598440571
656924999
540599734
650898377
580374193
587449827
485085517
643513164
484543020
544812694
593926741
543926252
510958089
544475079
308508233
663517656
573310324
573223557
530182929
639645276
548935811
554081379
644778406
623071971
529019259
603891983
661508763
427628051
522714975
627284535
558649226
481446543
529485942
662465844
644070763
495365129
637233850
549879723
465581682
658676061
564205052
592856416
657689822
622726475
583225518
452754614
638126028
589783561
580931326
489263673
664840717
657348004
621796739
548238427
546265845
513208787
481213664
610579308
539458995
595463178
531185387
557963741
536206568
604524737
650053237
611496621
662671206
657703892
583533669
523384942
475797176
653693530
554501488
601918466
624069811
576425601
621757343
578524138
492950285
538558229
531860355
601089620
650716099
517994614
649321105
557880478
635982246
583325036
651593902
525360314
665279978
519105982
528696552
623223481
473962100
624904085
624192822
474806557
514555598
629269293
309606507
541593847
573768295
635215408
531277327
636708118
617317560
632288849
577908685
539992172
538839685
652037311
575654313
577316727
611728589
582427679
653055064
574930084
666646985
506782547
592291692
623473511
509023074
660219296
620588573
614863435
635979834
558541228
615285775
573542222
476372671
626961784
515427851
500921869
664156279
582395356
487515222
559958435
628704488
530398518
541286582
580304674
650954190
601648306
503282514
602000109
491521059
577395781
536438298
660806503
366934909
613152677
565731855
620933205
616767679
641146863
626107696
586589257
599107784
584347962
597888025
538329576
644823727
642378870
543026177
432320174
572999928
607497514
629192115
632001198
617602969
657232942
554253850
593765843
433244456
567193533
581301302
619130369
605767978
602654363
653449496
655193776
611830732
662360332
586019408
634359589
565583353
566807563
605827659
642534507
624337301
579210958
601046544
596299074
623071971
633659965
647000994
581933484
560428446
614740874
523751611
575599441
643043377
522880442
629025327
551495125
584989354
601935789
520888239
634359589
614500625
561347631
587099453
610545322
579601969
432065230
589085115
554325611
618509604
555924442
532517280
660407506
654874201
520501698
601972768
556026210
633994614
585160314
480775857
518399032
523784736
665012808
517027502
610163699
584856083
552277470
632388470
627722519
652101306
545073949
520975368
665602857
575214563
511638805
573452007
605576165
612654603
647930897
649939936
608864272
590149159
547863400
600427676
632951726
641139276
622943761
657722796
570741404
579025676
602831394
561648071
506421495
537855434
516067669
658282337
620208667
521183001
619958960
612352466
451020247
495416920
658253761
615917736
584829293
602661235
544180818
579913365
619958960
459621029
630806931
597297496
547952719
449380739
593909152
575333463
598274197
661865524
635657313
657353556
593033273
618215566
643271348
663023267
621640743
651167350
579071426
646590772
560747582
569746312
643331467
592344460
660271514
643783529
628547019
513771069
577413557
649944692
555633868
587929268
473869537
533479669
635148692
618507739
572316579
460598298
519758042
495131177
531626097
501928988
576100796
643308420
630498016
566785245
494959072
572412793
627345706
603872522
630965870
571873873
533159051
571583988
558698862
513079914
581432574
530729738
569144373
602335821
665602857
595217820
490888288
590149159
618737657
632402326
588756937
469886852
641112813
450395677
472788903
632653188
539703066
547530188
540004989
621757343
628873190
622050596
557058252
588194860
565580362
481571991
613644436
619784012
623261813
560652455
535435433
487023073
559780811
611690969
653186973
556898400
502734257
590366965
595979812
652101306
600616541
582273315
531964116
656028761
536206568
568127519
625898253
475919159
603856305
548199213
654123740
645809351
617403397
615981950
528504747
629128694
652699672
616826146
535984604
581384278
584142823
552833086
551496426
665712471
572267410
456665507
664539549
565504940
624229806
626615665
524431364
606789315
661951153
574542633
632402600
536845923
650300299
527242932
530593663
596415168
556847262
545983410
556684716
633064387
633977329
625680199
559972550
555924442
638140479
659205197
641526310
589456651
617041649
534961412
628971852
597841979
649324268
583271886
629350202
665048215
637547849
644750832
584283351
649314738
634271567
588761592
631186763
627353405
648437959
525397847
576991911
530116863
439145513
535466784
665273749
632499472
635633087
629432811
663338840
486349571
512385552
538579157
492428505
501164119
588094997
560257697
564012720
655884267
655689422
608762994
626998051
495266914
532074345
638467707
554934636
535095381
625270871
539092157
589476495
560641987
536920143
618364232
525052165
612240569
627775688
510419757
573271841
571801704
567424048
406195824
634320974
662583644
618890435
605411756
537467164
639545358
613219696
602558866
664170098
663473179
628111951
639193507
566387459
452940073
524321957
633239668
519509404
631051441
597928723
571315851
601360094
604814040
600492931
663855194
577272632
649330872
617703258
506774730
613141187
634359589
646032352
513635757
652354886
611722299
525070571
626065691
608771277
553499224
546601232
578424736
556721682
651868100
557602925
665279978
594151940
657353556
643296625
661228538
514479566
647026965
652903594
626135554
660643801
604009401
622820710
544125867
577151265
527599045
570877795
641762700
519130475
639661942
523405968
483918070
576935369
600312989
664740425
660098724
656906412
508033484
645987579
608407760
616209832
649339293
545579132
495029974
601863286
503138813
480179357
663003128
613138218
543809402
529268296
561015582
624670673
641809835
526934648
639072622
608635673
566203398
611487498
512961534
628917085
573623660
640572309
542765531
537364333
529349438
619958960
606042055
537102105
627486815
625814373
660619213
578743022
499064693
570379867
626286929
525258669
585700576
564516001
586924723
658561526
637179095
652388729
592087818
537059601
531702372
564000782
615849297
632331650
597254715
652764646
660219296
613157475
605678138
618798875
650227867
567408636
478934466
563000355
489791038
625390908
660407506
541553080
587099453
659738396
610786669
529917181
647162260
646745561
537072821
525577243
569845053
610688271
567663773
589950190
521597252
666405191
459890363
594989210
585231228
654543044
530418712
666544844
650573806
608532372
528038237
663754514
628930750
584995021
655689422
623069804
541881056
549046582
502221948
567543654
617702980
658559979
633815090
640702209
628746798
554083719
656022374
530336913
651007576
538981435
524329357
572902643
633820262
593052243
565055022
649436529
543134287
625917544
520525184
652809859
496575355
559896091
535830563
626604030
497390171
521546430
633993422
584932308
561120412
654123740
589454709
580304674
583987358
656103139
662791817
469600668
665699986
513457804
614881463
652293624
530182929
550512396
663003128
564968315
655555674
593063483
406546885
581392079
529239618
443793235
532335146
602051870
658096373
609513576
591767135
656294251
635329468
646046076
569781675
586003758
523525847
499364031
593052243
641741025
537868828
554628918
633585637
547847407
531729447
663517656
557081373
621453036
561286848
553759036
541804478
530269001
509494734
566957438
578391887
563251390
588441564
526932608
574079157
530398518
508375104
545021652
520613961
549006110
608233105
528696552
516332506
541786527
636336485
640421520
616047873
649179571
574367705
627910932
429008235
522435238
645847424
524612541
603439464
624559584
585936248
575214563
537612544
522820243
557642654
665082503
528275338
625405115
665656831
541092747
460163440
530182929
599449156
518934625
638370456
447309305
612238685
534286809
559879341
531702372
663338840
611459002
650300299
577780948
519444889
637785986
438416374
635439235
576247240
551647769
543016553
645258146
575790940
587832724
562413812
559249411
665656831
643783529
556178419
592293169
655135174
475148016
599281184
529268296
593765843
662106059
530775105
571637259
664743343
665683059
553505335
550495548
542292223
657377507
656253194
614656508
664771219
551105295
552334893
486522766
660969951
510026794
594346355
663517656
665858171
529349438
647401197
526152613
636967743
660969951
602014565
633886440
637115397
213349778
549563658
600009618
490194379
646587106
585466880
636455204
649507659
428769966
454627586
599364867
636455204
648666518
595337252
639031247
664744648
666250419
572611317
554031851
607423043
558733809
569360172
497101468
442935358
593430907
576931468
540136861
666158491
643944258
571403187
519697828
560652455
584409103
522207416
655535206
644778406
652260470
547997245
586606399
584320973
567765771
614537975
589456651
639171485
606852717
591562058
608521855
652509878
649396264
525879504
631517767
653869518
541374094
560533601
657649485
602941270
576723450
645917054
624494977
557670174
653316753
526322821
618287385
561120412
613429802
553655188
557824389
586193170
659670236
551809781
605164384
583843913
533800531
524255413
665899503
602510999
644523056
651746664
652271198
533545548
531274094
525288830
526712071
662465844
637816440
517232250
595080521
666022441
620361872
574616553
470971437
601648306
656574660
614470964
663956017
530771701
478699190
624339138
598603123
664638596
627030699
601932380
532976812
539008940
622977847
607699048
654010189
586284927
579471135
666268567
653316102
612960749
554342173
516914439
555735403
567255606
534199193
543445924
640421520
586049797
622303970
651429550
660151199
499466349
665048215
585659120
615863738
534040805
633030701
529300237
615942981
548935305
575195215
532525221
657482611
532102494
663455282
551095166
646538903
642406096
665025614
555735403
590970318
574162181
621992758
531332225
656253194
661099224
597834870
624825486
638505991
524331103
601972768
643107231
601445129
666662432
509563777
630182043
532418358
627986538
585109266
666255031
482447005
566336077
584138477
529806772
531964116
571637259
623565266
620067156
595402763
530794832
654123740
545925086
634097592
495816259
572565734
663850538
511529213
596221171
561112399
608575597
494193434
577392646
383619190
548315942
636918526
575125557
641303387
564766770
592716609
542011933
452521898
645897214
600181676
538977288
545913417
646860562
505657397
594964426
539694963
542799427
651366459
659092286
643993197
530182929
663003128
618668977
538160143
534378651
660219296
654771138
654469759
584531306
573035682
576838010
585728319
519130475
570106314
488458939
535850487
620312641
607522348
640750101
522979983
584023594
498643342
666544844
515500602
616440796
537318271
632066940
525725064
602121445
551329132
595110428
654406852
529383696
510219286
562596449
499859039
507797734
657600504
585292541
538291073
567301181
566358976
594110560
647277416
602941270
537816779
609845006
563382704
514131770
549032164
612633878
493755544
524794897
663388745
441726971
581324838
612654603
514677973
616047873
589055014
563139375
625074143
514396228
559756132
531332225
618706768
491341884
619898614
543661451
493371415
584750799
647930897
666449426
547490498
662791817
449212532
591604251
554009465
616930385
616086029
646845604
507142567
587709643
543902899
611932071
531438589
606886871
588296372
512431718
524977152
595525068
657862126
597928723
604913814
502496974
645318211
461141687
501715272
612414005
517279364
647940174
532566094
647565280
565520976
546998442
622523700
516857978
608467335
515658241
588663196
588094997
563851818
581134353
645055089
497096777
573018559
630531953
633426610
524871963
559751344
570757877
553499224
528524025
522979983
604240034
595774977
666576198
661265032
613911152
658004451
528955367
604883213
457195639
633681004
650569466
640525294
595571393
512831623
658473449
516701689
463831178
554709673
577743070
528524025
480384732
543466927
627610197
494967841
619110664
610744599
645987579
656075903
662501620
598879493
618156538
659432766
653251372
530516197
576583283
623019959
665602857
541099635
647163131
603506423
613466202
568043262
634211798
548258088
534199193
618248599
584750799
639734913
421944818
630817422
576152189
662671206
608635673
638964604
541311947
512131284
628188808
579517848
664302770
508183867
584104494
582565730
572611317
646976206
627830285
572654325
643910042
487021243
661708899
529276561
618079003
623803646
589391434
538037021
564462257
518385486
651407403
574732902
654705201
517610982
514276544
607748850
590030387
657633022
610688271
637862741
548935305
644970600
622042484
626021630
562607786
602126647
544595372
498652751
504285202
581346505
640160961
492297907
559588253
630066185
522067500
614132560
560734737
559879341
624722365
565580362
504704452
536922356
529485942
520827503
642387900
586482439
618287385
557608907
609077976
567394792
618679043
652248336
663338840
620363377
608223361
542063926
546045337
533203292
504833411
646668003
665678943
400499180
530981178
504001196
547011246
625268876
471947438
527796426
624498945
583416807
517039572
666646985
550862998
605592953
600051287
440409284
519431951
546675251
562968555
569116143
503282514
519531310
593500402
630737698
518385486
625515870
655248293
567727511
612151170
588416625
654319904
489884640
568850690
541593847
603099904
626788542
548497766
574320909
555502932
503645077
553068442
613738825
604415074
513496677
587067865
662338965
544416987
558752814
629330017
471751511
463447184
624040578
552723397
515698174
558602791
541517813
531904556
602831394
642505792
541871640
566639169
512153729
633541280
639747040
659092286
625766247
519784460
555343936
462325499
624069811
661441718
571724822
548521515
609513576
580926999
616783332
596402970
646009651
636895559
513611902
650684815
570797253
628611519
559588253
511176229
653524218
637488665
617160429
620291672
474334659
565731855
559120933
476160439
641910531
482487478
570319347
489277771
665079326
662453441
566589100
595112614
665602857
557731279
577943713
516741209
588872826
602096940
622019920
549031105
646453350
611555302
536106037
585627547
633941897
453214931
651555032
607497514
596221171
527313129
615050490
585500584
624687428
383097589
652156175
577743070
650455097
652191183
586811372
622752550
565353519
656136646
518390450
589531171
482588474
606367070
654520154
637914698
616730175
644820199
582629998
546816219
629144411
598605796
614820898
612633466
652802468
651626909
647163131
537665841
513938295
565315172
653969186
626506641
569133841
664634071
598660954
601748081
544018686
541786527
469886852
638407822
558304259
490711881
494843488
545129302
635014827
649111056
569854919
568268878
660534930
607888924
568968982
623367986
557007122
498735864
565273938
616767679
648643989
665820064
566491672
636196220
556392831
585360298
625795646
633296372
572310543
627968163
519509699
530646843
571583988
563277266
533770872
554325611
647503730
569610537
654522595
626423998
568804219
555924442
571211734
615625971
663050172
617403397
458514706
526624559
542765531
573539243
561045542
519162879
550553199
635445664
647468107
535830563
499441580
568310193
428830859
661702976
531702372
621801014
660080527
537898529
633985893
613149556
655217586
501125712
650455097
582233737
630811466
511134875
476587672
599043373
661320688
477490532
574098188
520965793
613727698
567050949
499986645
538971720
547403506
543107800
647401197
512062355
616388936
595089841
609301593
659092286
651786955
532027083
650762769
549888891
648818150
540824418
565504940
531456211
592922281
653756801
598197135
589950190
528504030
522240534
628471482
660562734
600413492
593767683
582674097
545327267
469927403
528909107
601920874
653406966
634767788
518902807
534275628
508650420
600645648
593033273
651593902
522000643
544680015
632371813
520754370
567978072
658473743
584575023
474590563
532302584
643261623
503213711
592066680
555657982
620851976
644758032
627330993
537364333
580093220
532379423
644280808
620562469
580352400
574666886
549206197
537364333
506567562
607398807
536833662
662725705
665683059
536158831
542633983
575214563
469487877
572288404
623023396
609043559
570706585
628972915
650304838
510682532
663312518
658903295
621757343
497933165
657500238
583629839
520557159
599627959
524524108
592129724
638152722
664219510
586085457
574691283
569390693
581427137
485322528
582471199
540365287
631786365
543957547
658799500
621762550
566533079
631282409
566864107
649330872
486607521
568470787
578511951
544058818
574116947
608275293
637098615
581351511
657456669
640421520
525532888
533860125
548769938
614375301
567037136
561511609
593153850
620761525
628577025
652225528
646709709
507812163
540181142
592689503
588886354
665656831
654770694
561286848
662779879
507161557
502573471
627284535
655702902
659183091
583419082
520771438
526846236
663517656
664156279
558324658
608635673
578349538
505350535
566756061
508650420
494820682
658096373
533879593
638187233
580432300
596827803
560353550
442963760
569574938
578963351
578963351
592882258
492379816
566754758
477231196
653235592
666075390
504006105
536206568
664342257
515263480
596925414
628653735
665196404
566754758
614228139
557772360
550882861
660080527
498802785
408120968
628474707
613306434
654469759
586092836
585700576
573024136
373746460
451333000
640914528
611625632
538624897
599827867
617694135
660661596
648395506
574930084
662288731
587880892
577958121
651519230
570577277
637899454
635170962
615492999
579923316
594054262
515500602
483112213
566658939
529323871
563696237
490013148
410595932
514326217
541153635
519977663
655733639
571656870
632812485
666449426
658344080
523472466
508528463
660602058
642378870
656103139
646709709
482497465
519444889
597027943
509910634
538385562
627620410
508022382
593743571
602411059
592272524
586683086
612650120
632756801
608381864
656720048
592344460
662338965
579346345
605809933
506865354
591598144
556284194
664176175
523719537
587383571
619980786
592903266
515185752
604049238
557846809
621888582
518661917
609129342
537191499
633978046
641723961
638375001
662725705
562395289
665276554
639916980
477648450
657416915
550481378
608004996
637399441
655216188
614936470
634796318
401044122
572232110
576440870
572011140
561168680
564757499
649324268
542396325
591064160
559856873
531964116
626742746
555802205
620507649
664923028
490056478
607497514
666496361
577246342
662779879
530794832
450270768
526346977
544946837
642289131
538263150
662706685
517310543
595754615
638105473
519568276
661682901
550106562
532985699
548477109
611381030
615994228
612583228
620224808
524177612
516261920
565878066
661715368
583490307
471117198
543320648
627897585
638614957
566175865
552585465
528805653
591841169
547548480
533479669
652888985
600737123
593306432
549627949
627284535
606042055
533545781
634697382
648470736
581161542
625046687
478014170
563133671
663003128
514710084
614017523
629403801
612674306
554709673
650070800
582781133
623323628
664176175
617406024
654141652
533899572
569413132
657806872
660257189
596421813
665296083
596402970
588115513
503110904
615942981
577859960
559190482
637559302
537174436
632027454
607497514
662926645
590202874
652218656
658882766
581134643
612629006
461602761
621279921
565827274
534196481
652783982
427343191
542887934
464819803
640745132
578271224
661808745
592221880
478087804
479413478
666576198
525397364
550555460
562822720
528247655
554501488
499235692
520865025
634333499
561853609
565293223
658857185
612577357
642689073
657481145
440409284
530465241
658253761
620437863
406305680
441074144
557149029
497022540
526776400
621285326
623621981
565830304
571873873
533498226
657689822
496391250
609907168
523380322
584785426
663909815
665258112
624797910
563367242
642338159
551860116
464429617
594567934
503645077
542272204
624688261
574273238
501132701
642121581
507390445
664176175
632819568
655912154
643431994
568959911
548436587
532458715
559616975
512380307
440064494
655539722
652524912
652336426
626104863
584949737
532449666
643331467
619583228
609593704
594149329
477929543
531612660
534196481
566325812
605247547
442923063
587747289
643558628
557639940
542865380
556984045
568677762
565700112
565056116
585470913
535503567
659414945
638823586
597874321
536076794
650348796
468565872
522381162
581292796
591201932
487135955
559947062
505291787
574438737
579446689
639947503
453978253
602831394
478963687
609341765
569614653
455113040
495799480
624492753
531682405
642776674
641580401
629159121
558636521
551819089
582129538
517847773
586430969
638279740
611241010
572137982
481165706
657930110
620904678
497979534
596623097
602391972
635335622
556195845
568268878
666449426
608140115
606964034
659092199
435774438
628231644
619969260
620470950
481277240
631953161
657659060
609480541
622167698
616826146
524834801
638467707
547805381
602692270
583843913
591503551
561045542
458514706
666254927
641807925
598682320
593143377
612860576
563139375
566112489
567408636
595238352
665474313
612043410
661829022
635558687
635014827
596956932
576183199
530801848
645514583
576152189
573421944
555532524
612630733
601108440
630036790
660410003
631925343
499859039
558872960
602341258
532959077
665682589
297238824
663523332
492001316
469662923
532505061
624743968
635275230
652306063
550134275
539689586
513526469
601287274
529227417
611325671
532075612
666350627
601976322
652809859
656775732
648470736
657620597
511706215
646227687
578679327
626187705
616547873
521989615
665899347
631561081
539414103
561616475
535347187
469662923
581867684
518805111
661556029
554709673
493362111
650156011
574103529
633541280
611557885
591982648
644613070
637654672
588414941
661708899
591245611
629543495
512915814
577697558
650521606
527298103
608506629
459582515
660661596
560945599
582568557
617432070
535664179
609145181
509947828
645844210
586454031
652293357
596500548
498680852
616798763
635187062
662782550
464863446
504974235
653991351
539398712
559120933
551356392
605367892
580087005
607747134
524898360
562439506
585451791
616826146
544103338
620012133
597964933
545390737
636690702
607261037
640421520
511301842
545832874
542633983
460863152
554981697
641194069
542432037
559065397
610876974
530771701
472426633
610074695
634181523
530595197
495441756
548809424
616524927
543073890
476372671
483541555
600276304
548581987
570075435
654436640
539093990
612881874
646719510
650898377
635329468
591064160
643635067
595068777
463161320
644778406
624134811
562802544
608660122
595525068
477403440
622881842
425357327
622555673
534856893
560893586
642519183
501992652
608057464
620007442
521919523
513635757
631138859
517955203
510808697
629345868
605011079
613883147
555645451
478087804
612040740
613834016
583910919
528524025
590202874
580739968
562399706
646641917
640741866
645987579
647401197
524177612
663455282
543435419
522082374
516716564
537733529
525024555
594518380
657080553
575152475
615942981
504459689
575910976
583620738
513645947
635229358
640033966
637812538
472211488
666631286
538263150
591466683
490940289
589950190
547145326
532880342
632434940
666404121
555591330
566559307
598217617
661708899
640201281
536370611
600126170
656170071
535503567
621280189
638562886
638860477
563984860
614495654
515500602
512825508
475409288
600015232
583706312
561169839
591384771
625710357
633462885
601863286
643653035
577796801
664248861
648056728
558229459
527150380
415178678
658329768
543016553
631416441
584787047
520066054
542452237
605726012
665663844
472393218
501928988
620935471
521938972
501809701
529485942
648072204
642743796
582886808
501132701
548508732
506775164
666500483
574169911
514562845
665656831
489479594
610936259
583843913
615002085
646082961
505264803
625074143
661127111
561980549
562473715
635633087
666268567
485467925
566337917
639428161
522561433
552109069
469900590
640750101
521813274
658885949
656136646
490391200
571265149
560072118
558445692
539905930
654123740
584182766
640983399
632337375
534478977
646999529
599018185
634420501
532551927
563574300
530586290
519962200
591318162
492605373
593765843
258799206
636337474
517604651
584901318
649324268
642895919
586391068
547890917
661951153
657689822
542063926
458029542
435460726
519568276
659562083
602999177
539023573
651868100
468701235
665656831
664842182
432696651
569445031
604224266
512153729
662628020
533096658
652374031
547530188
476995955
608868459
509910634
647401197
572162385
657182171
593910419
501065841
535822039
575647826
550000808
658650991
506815161
602452027
519617917
520172995
573675249
571495188
660280386
484012139
663523332
561327592
657765212
628421002
591301809
650381787
528294138
551860116
659858818
581352995
593928257
594074620
522703460
530586290
583274632
491758727
651075641
591404654
485394119
633318778
533692953
569972271
658186459
544399173
649111056
593059244
489268202
662465844
644835708
617317560
599443768
642883412
645809351
661522829
624364616
555944194
656615414
629350202
556672115
625005422
498520163
577780948
425260616
597458956
599449156
660542787
570320168
624919509
630141979
640201281
619601903
593800293
612458527
601689393
584020692
640362618
648437959
663235869
566875438
586350523
533814856
518372436
648843543
663192420
550656523
642378870
536612626
574099310
663086502
588048256
522927363
501163748
555906672
656556291
579440332
657193580
597011938
578634128
548784221
553627017
547530188
495008844
530129990
546805544
660793848
643891072
599737534
648843543
648345187
639251235
612119894
581621747
626597321
500640451
514596323
493956710
548007229
593052243
593386039
650912062
635951279
550463809
523664739
538448385
605678138
644783174
545827715
555819713
660534930
608393213
530398518
560751297
575102922
540079278
482328740
616673785
645897214
527178783
595809915
628915187
614260450
582395356
638544643
573871304
655315179
547219871
507768148
513899378
621326059
602452027
658371448
532159001
477384447
616730175
463580228
581928786
544180818
581312065
590243827
581083832
565915952
566552307
606405251
550176296
649324268
540240261
658329768
607261037
625407051
488035314
454234380
609560601
550581361
469162588
649111056
513626076
579977909
524054524
588894017
567101922
516351067
512716756
575546516
600693021
532218238
605887034
532592633
612524248
506065456
530336913
515320843
661448243
611904541
599417168
596469913
591664864
605588773
465573013
655144380
555233712
616211474
601356029
664098700
638367350
493389507
654214866
533879593
657965578
653966909
509494734
533644243
549629897
644595417
576847680
573590573
644936114
618451098
633384281
534863229
618824101
577316727
470325810
509719374
664098700
508499839
665768282
547036086
512068765
556122128
647507816
659858818
495643873
567709193
662940501
600794612
538939096
616318276
617090941
559074647
554709673
556213950
552654496
499120810
516136628
608129432
540942414
552895678
619980786
577743070
554844033
542396325
563916382
664176175
613883147
594708908
642710791
599713620
536767406
601712435
546906833
650311877
537224960
612445604
651953401
523151714
613259477
562440688
506609637
494276515
571069866
619698477
508261132
511521482
647309916
645987579
655099065
546492821
590202874
656289447
664098700
515517527
581432574
577614929
651315996
635871197
648437959
654207994
578695889
597254715
639458733
552895678
563916382
558216820
532060815
532218238
540012929
655860080
638743577
646259700
658061622
613225184
540310413
549760622
537794660
528922994
574238146
638238801
586494046
565546898
607255334
519682139
558071008
611580487
508166154
585182153
543038526
559116185
612176198
569833670
578349538
563000355
635851902
499436856
523000748
581931394
520688959
641813657
582886808
651746664
634815621
635951279
662465844
633854176
586159336
567559281
612633878
567306030
563352677
531324182
480016798
634818393
377060340
528239303
532723837
476568944
646504917
454276347
586974362
569833670
610005298
579558607
590488601
578228038
565546895
633321278
600318057
552578803
499416863
487611140
546837502
509193923
524512996
608622300
666359425
630582026
661803870
481303214
658510463
532665796
560974075
571082744
532811849
566548853
574105407
575858407
511401705
611388339
664854604
645809351
650053237
665807785
599364867
649116863
628005068
590298844
626824877
574621801
612263587
538222048
666066710
557105000
627060699
594567934
487873448
522381162
585477242
652699672
536920143
395830489
652268182
666158491
662465844
653524218
554325611
644469121
653166940
522216875
646963657
581949778
620178137
598753862
650206494
589545899
603689015
608413786
464440330
585185672
559145686
609301593
529806772
660982631
588152642
578743022
648882216
477490532
582859419
627990168
605952710
561347631
662558468
531136618
563578793
521184703
547942636
490873674
563696237
666646985
571122737
550375941
653966909
613138218
634704256
508188259
649321105
619909246
375777422
515309805
565546898
526888703
640517308
660339767
581621747
501164119
615203519
596460276
556497696
537364373
550329187
429712430
610995992
653991351
419841835
629969367
602591180
653984255
539368401
610744599
496568442
574640380
602831394
637812956
541209684
616145815
661313464
552561057
658329768
653703686
582141885
552346968
652374031
541647309
528524025
487873448
600379822
646907542
566044071
654087300
542396325
510943853
632286122
627504842
521531446
590421457
665296083
663003128
610859075
649911101
587866879
609298235
536935123
615014302
665172527
535927498
610614089
548581609
569413132
641723961
567394792
651588555
579075509
507438863
534378651
612387979
476561404
549412765
623323628
665012808
574616553
485320678
630803128
487951941
666079013
509159826
574864863
641250299
554031851
639699318
633123124
549244791
575214563
502697833
578570928
554027659
517586192
545456976
582614258
550974219
563050075
506840825
514677973
539090260
655380695
664302770
543948617
610947373
493473260
560930439
622975428
666544844
521101526
650696560
519908655
620250458
542888914
537224960
603172473
615380513
530340611
644023488
650053237
624063573
611222904
601075557
588452365
590950950
592282521
647930897
495008844
651407403
497330774
646752991
660639925
550555460
618965997
574929495
570753774
593039619
565852816
630747721
662845014
544565687
644296706
561032783
505408949
589097692
606475689
570722118
631144685
479804966
643944258
624275912
581138161
655316727
590916830
571091526
522159105
613025326
597085460
554898289
589545899
527133812
612387979
473212848
533396803
658900966
591911331
626153630
630086278
657416915
666268567
570774972
541517813
586124216
546919996
554560915
568496018
538781601
490994266
659461737
611580487
595761439
642323938
528505257
585006478
634720214
644015234
514536118
573697113
491282107
543872636
567515818
609856342
521564045
553266514
559496215
523438026
618577914
634628412
540022805
509650787
618822621
580246591
644220771
527150085
566223549
537129604
584944841
657703892
645941090
557790961
550809958
576894731
580960339
476436407
550229334
555343936
484116818
432696651
591883771
636267490
534238593
596493091
562481946
630066185
468565872
528577693
486383076
608635673
531258740
555283660
595221619
621729700
507109371
594097249
585088669
523472466
576387041
597254715
506086223
541495761
666268567
618248599
651750273
494454227
608254079
548497766
619958960
508710224
558180045
651362049
560521909
547189366
640750101
538324593
551728002
639516834
581009125
599114852
615942981
525292879
636132043
548066320
665607289
463280782
583006773
591982648
547318973
553123400
605164384
566559307
653894342
601296498
665068133
536667882
650773671
554245396
644783174
630854739
641215633
605607147
589909980
574542633
652037311
578969723
513366039
612674306
655810760
587908967
547763452
620717549
660985359
476587672
624825486
644969640
588090689
617898641
598479252
590933738
542612362
625345339
638948125
594066065
536716231
546346620
581110871
618984723
522750485
624835154
657508895
616897250
532550994
569266013
506280800
313608890
404450617
660816930
608635673
542526087
507084885
476587672
529121735
644236302
589512017
594609600
525176693
601261081
551793413
641612552
502063164
602494515
565731855
588858635
612630733
583879931
645897214
643871235
615638585
585364261
546195583
640929563
532284855
600379822
643871235
615608229
627324764
519517099
565504940
518172885
591525134
556223052
632387494
550125084
614863435
579719539
599350181
534655502
640444197
558445692
620541743
538308825
650832370
602941270
560583387
623721127
642620403
594802912
534053607
581322505
636377630
518545391
505595575
592282521
602462937
589251803
581910127
522753368
628180038
489913413
638948125
608852854
546601232
641979475
544123768
616484101
623546955
641369378
463580228
447487475
513052550
635749700
503937544
489625434
616369725
643296625
654543044
638467707
428778111
662142288
542975552
620517458
565786860
509419240
452790061
503604733
619036550
503110904
663335753
573810592
647520902
610067945
599647598
618336697
422959442
549599214
545051186
484356914
567904017
576152189
577395873
582886808
517290781
663872536
644690265
643547170
557787615
596603646
577633094
640022901
559922808
590788902
489688085
546109507
641112813
620353549
652553128
455063268
490142166
635187062
646721956
625762097
628231644
645311775
559856873
495126592
494301008
495007366
636455204
666158491
655643690
605837281
478991966
552515741
528147193
551105295
666544844
601100088
532170448
582885395
662758105
637320744
549738936
603192239
550642011
657457224
573729706
642378870
625010464
641148584
653729882
617317560
535435433
509947828
664302770
529992406
601247709
608635673
572185914
642906605
601247709
614508061
663677305
591493580
652903594
497316988
566336077
543202828
659053714
539398836
606879683
537174436
495298268
610426728
652251277
650234257
510775351
655001533
594655511
537470243
621475045
508814871
559372428
643781369
487798372
595772868
647507816
549480650
650296746
559767661
589950403
553010804
574926134
642106374
528404632
556274217
602578655
494790755
587135032
541985410
465642497
646619774
647401197
662338965
565186543
644276206
663721789
571647875
539008940
598753862
544778827
512062355
498643342
664098700
646815069
456183026
642689073
609992298
403787662
562658186
622770933
654046960
632280885
565546898
639172181
654003010
588872826
521176375
613306434
504482843
332567504
638190103
592876027
542397179
575545446
577673166
569044235
534961412
547327183
665656831
510808697
506948595
618492808
619739770
613272120
545856822
640236580
623071971
536282500
588394196
508650420
609207179
606089575
620245605
632076364
538175666
579517848
478435759
541384330
609118669
573020787
594097249
482127118
618060858
503925692
581150897
638057955
604051718
521206408
513938295
645064032
580599695
526658830
601242297
634864557
571762220
638788032
649460811
570596870
660893638
543809402
636691631
643223265
532517280
507708781
554321692
591235717
659238875
561184324
532418358
578963351
600298433
519199852
526846236
609480541
586153132
655846473
574691283
663872536
451875156
578987853
659738396
362825740
607497514
527089944
566754758
661194432
564872028
515437617
577047515
613098967
602149195
660257189
594160671
519831415
539337779
556457151
666646985
651407403
633500128
552174543
617092157
478947427
633019637
536158831
607928314
628974349
533103910
599281184
665552188
517741730
596711440
653308793
635859261
624338345
609380517
560821609
516491460
560349364
605887034
467124581
659432766
660415613
627798732
651270398
616982424
552758963
599379323
608565463
651325244
651276496
566087058
569375188
647917543
559430504
565362618
506529243
636081217
660793086
600933475
653756801
486793557
458029542
530771701
610598297
665311323
542003749
665279978
571430524
530801848
581668613
628770602
565018253
572651415
499211453
614740874
611342955
607471031
598643277
653321058
644784942
529502938
543902899
595305614
517741730
630582026
584020692
607256115
592882258
559854561
653655958
603811298
516603186
530398518
532551927
519203130
529379479
600786637
606823505
547783811
608860468
663095064
602509350
634334279
666662432
464441796
554449874
533800531
616798763
589527506
646860562
661263605
660159377
559105416
666131460
595767627
515125756
490134585
505737820
547847407
493371415
577205617
483520337
647309916
581751013
591910755
618369819
628123455
599274071
651007576
486522766
477949338
662054325
659045113
544300497
608864272
508761241
513956564
500435833
581161458
626065691
580185002
568917485
610864290
655269137
544073303
654753717
496266817
497390171
542207008
640421520
611722299
637603300
656295878
642825571
624917184
548273677
538694217
666463592
527755422
566097313
484940084
638743577
577743735
534785868
500221179
582129538
649873565
581264460
552573073
555812068
510416247
643582279
491019719
661916369
468162986
615203519
659551495
564697591
622192273
532283446
664302770
554223369
631670560
647412429
665474313
659584967
511180313
608864272
508903686
580545223
559114592
645079348
579936648
634334279
521436837
563450390
575027058
577345074
490344467
471237044
647655892
618686880
454574579
556428910
594396146
531626097
641221527
570195076
508018980
565166277
617774523
520485674
528294138
538952841
561590974
561120412
559845505
652668892
626233827
441074144
663571747
625236477
578511951
486080629
602729209
664743343
544812694
540717955
657348004
536436806
549403431
404007538
631561081
532318287
489935608
600722529
608852854
622767566
655689422
511293017
595525068
603335642
590025375
594279315
664422098
636073071
599490828
647676007
622368189
643626557
646641917
526917602
563872109
632796225
651076922
541930495
640914528
598617550
648488365
588866536
513635757
641340348
614228139
622424631
640869810
651514547
605896156
589476495
582250015
665699986
499513771
662339252
586590299
629063363
567201180
579075509
626946051
530261070
590688075
656295878
538309647
615942981
578112831
584944841
626154138
658937374
580201867
544399173
613924157
564261737
603963760
413897659
587961707
552482402
619775962
592775113
643777996
629907851
639048911
555530232
616369725
652431686
608678545
585454334
569133841
602600999
529479259
664219510
608447963
581248732
549403431
476327670
662209826
587771785
549283508
521133553
622527113
609593704
610935872
620208196
513639645
620461385
626154138
516158558
622242075
635139833
594484850
540110772
628824589
606042055
535022745
489358634
573036560
518250270
470039284
585700576
526293270
575211927
652927919
532141668
630673650
516138283
581776499
596739514
570633036
589454709
568201572
662501620
528805446
574393205
626660679
602126647
544103338
576387041
597826032
554325611
604132116
552195105
629982795
611317885
563440448
619130369
589082547
662250184
553933644
616653072
662583644
570858198
632371813
576414773
653693530
470719390
570549237
631925343
518742912
553293892
660702264
535984604
645301930
650311877
538045742
634210816
651077826
578253270
565018253
547847407
636774444
618832697
661708899
640736856
523650064
485244636
639157358
598144895
567201180
577633094
555531000
458538281
658371448
615942981
663517656
529623177
542011933
551226587
599616410
648765330
656708730
493633306
654448658
622183469
650605862
664302770
544885160
598141869
647985749
531474718
504998404
553906833
543713134
632127405
567663773
634359589
530129990
634120668
647602217
598322165
619499448
645256094
536716231
619035250
532759463
664579874
636425195
458551241
573033931
587238136
629629259
608456142
651514547
484471090
633730791
574401991
571328356
556099526
567361450
521914940
647641071
486144943
595107762
647132473
660752857
659758053
536009217
526235483
595571393
664743343
606367070
637736444
529485942
582550476
647917543
566581899
555725798
415950496
644236302
549559591
478458075
645792302
502992070
599628904
585491719
618183053
515444409
576463037
637277453
560866402
639551992
565835987
591975122
622075071
558270916
515444409
626060864
606409061
512961534
619907969
665844964
643580783
588385713
616318276
485127614
636378594
549180939
538317581
641910531
615885680
661592303
608102667
651270398
625639080
650954190
601769398
660889209
633019637
564682393
585878635
598539241
526317684
654452383
651007576
498083333
606707242
612151170
622433459
556224506
662627582
594434878
553362817
666010099
573914509
560648226
451723125
595126403
631241797
548430188
636291751
538585236
662501620
549166415
616645917
537971428
525721888
655539722
665480801
483230077
602641364
620388688
642754939
526712071
628653735
571833534
600008355
647886123
562727055
619230358
646943025
559574452
541495761
518221671
607497514
585681313
639003154
494209293
550298598
613157475
534480607
632286122
568043262
589476495
647271682
620719081
592569766
592692476
580439257
617581083
580934546
630868388
571774217
527692049
620541743
626093334
592050388
616206406
622818532
584584904
502542055
517098723
575283478
615415481
648902421
606742613
646351795
590163732
573287349
584584904
588375664
528092291
623071971
537533088
629969367
594164325
652351773
523194247
664854604
493473260
579707542
639081688
602654363
596026420
535035723
608784697
542011933
519938518
563540527
634359589
610802365
664842182
585544377
555059146
527952420
492507988
485059674
607001017
608864272
619852589
606267600
601701986
594043181
558304259
505265819
419590236
564014250
589207787
627972421
647139911
553927842
508615921
440064069
528529050
659432766
580643242
577709093
662338965
564993284
630803128
574864863
552599575
648655253
624399866
591649436
525995675
545779375
662719560
618881313
650147654
632286122
659757347
597841157
648423688
539522761
625148637
560649384
630264843
566105530
534969155
559879341
572450781
551971916
602043664
554239986
499595481
522773741
648324942
591911331
583576417
558304259
549330315
640522738
653926589
618984723
599961361
659671477
526322821
611580487
572182492
661291529
526016327
590111193
606573132
644056384
609764191
513768775
582770713
515145285
663916571
488458939
593888392
528504747
559813001
557974615
650360842
605837281
650416733
614098516
557787615
596738430
568230116
571676021
661099224
543929330
586703900
383575169
607928314
523670311
570609657
563509245
560442415
663338840
647309916
582303841
596456667
643882831
480123001
658781699
510282135
582787709
580599695
587334947
428865012
505955649
665172527
622943761
544241190
613518288
504730664
487708739
584719879
635984769
622881842
552482402
647266203
467824113
620239928
620851976
611557885
584542919
486468443
653984255
520868308
531597534
661194432
486459406
575181716
546351379
628314939
630700773
494471445
665656831
581710727
597254715
526205741
596666137
519524937
466679352
634343624
624155741
586340672
656295878
538685103
530791610
577633094
625334772
527028491
551754439
663517656
554325611
645958864
469497786
664700516
602578655
535927747
566387459
655286568
566105530
637859502
650912393
513031996
626609625
653249510
648797375
665901940
666544844
624492753
584020692
571430524
650372025
656691006
520535959
527589590
657515433
622976530
566491672
601863286
657196097
562638585
568740010
629969367
552133310
590589591
468219909
606602244
483363445
585718305
615638585
626160677
646901077
479686167
635905413
517457771
653569222
664156279
567663773
639258402
620604093
525650811
532379423
631802996
663754514
593063483
635512898
554659332
619907969
583991190
621640743
622037509
472445377
626233827
601939719
666106540
526346977
663956017
552836024
591604251
614738721
566501229
619138248
506083603
619601903
666646985
549374264
539119704
566105530
530428009
628536254
520717534
565517114
550644384
512172298
602335821
642855088
598418545
639548719
540844264
519870783
554709673
620742885
632653188
618772408
524262151
642822991
569340311
632756801
609114268
565546898
626286929
606668752
658835501
565399421
654155187
527446485
664265805
519568276
522927363
656355704
661602000
614900483
640487523
475478629
527375724
585650337
516053619
589095572
573967554
652580252
