625810244
510523033
102982524
474924499
522695356
449270132
380139346
224823588
136610023
311916411
393069546
650078627
114136881
506885005
501471718
0
495544091
411770053
0
249518670
471980020
602310359
114575189
161195809
89496732
278188027
409560060
625986551
508053924
455673968
539288558
628805145
608805522
301752184
636542545
285347176
661844658
116354760
185035974
137172017
152767593
86819755
463222459
135366072
518929266
322803032
468295113
425385316
166925867
413582146
163057436
123871207
611135321
502421006
664988738
235967768
67413528
273626050
35205643
606384950
113499791
405042907
414721076
395226707
421810607
378070388
163417357
187939910
458554443
116904811
224134178
114368408
117085621
475085060
660628948
645107041
587525885
99907908
367438923
322457762
116139268
532942058
11354230
193607267
570225952
112354294
264429577
547206403
575491440
251572195
597764326
221591551
438247129
373820009
213909979
424017734
79191155
280772378
207600055
437191137
410733657
516688085
435392586
36590744
625268428
448466088
0
90411812
652233248
479722476
82002654
601032289
313993659
539816573
43050813
663183531
173713740
93257179
315306630
259873364
382647746
0
0
174095776
300650068
445271395
17944485
563049373
577212925
32375870
610810919
216382588
316326936
163997604
458109589
213444326
188536023
12855472
554748629
533533303
492169072
367135362
374371624
0
320102360
103479807
657125750
271050985
243779587
39172108
450637799
435565748
46219149
580125645
218768910
592692695
106826485
606677242
194668197
36855466
636755642
202600899
582725673
525376438
439290764
311836959
351810170
90315312
86914265
110815430
456735907
157097585
78677798
565422159
8550301
385688739
0
233267636
513105072
186950202
510407439
357395489
98940654
399097363
631004898
348507362
602433340
527190066
440774344
657787327
140040736
581702073
78504791
246278947
365244458
0
626633147
221275445
0
379118105
319918551
144052726
486751024
98372917
125114783
656602003
537391406
533972181
611647861
153874391
109116161
336036345
112920909
126711451
35776196
495775873
530686793
279788921
100060009
223117269
364178917
592531570
639155148
436732973
583256876
40016638
299757285
332184994
295436497
415451463
251252790
479345448
497273558
124557556
175796
601189311
380436204
503477120
385682647
508300905
61631897
265638627
25930449
90637626
292321041
620789507
131568307
470616831
658215358
163523303
350083318
309176697
54821393
353600673
497486760
34693208
67932496
364125144
492540239
565835335
456296571
0
312873275
343362803
397293222
114459821
112868396
641627124
309643720
662402804
294906747
387164304
69943056
1407853
48013318
382083226
373717151
111314628
597365159
287311063
58945475
183312044
345380354
43755894
233729390
602627658
188040559
412752935
263091327
256897148
499743175
535992229
167019414
652988236
117629093
610650680
155740250
552197904
81108652
32726985
21451281
537542086
549487089
640117969
454576315
314130144
526855262
396967304
353314597
353160843
2109065
386787717
356447493
124141726
430890123
334574495
250751155
211885709
310020396
228040255
592719193
409360231
613009952
456495100
195305748
58132708
552319187
347225264
221652924
328120374
200804033
169526035
476671049
273262469
377436838
506800041
622477278
116393758
248847397
603645918
104058936
126268610
217101366
487086855
263618115
665561291
551024883
418496860
340291532
338594636
75187917
564717052
535261194
497681
217614538
633571465
456787763
511752634
328888102
227008338
0
164902899
406722911
624797287
243879721
208671177
60138174
113140229
183519843
627777084
471139532
461723281
164243534
132349206
110382637
232459535
10014381
274122419
591514030
111326349
34347315
62762161
518415897
301561830
59620370
379628759
480701335
455417994
478148370
444615011
602343244
136194166
490086552
47375227
651972987
299223829
306835067
453928969
424973249
273447800
228445238
559089636
83778952
484790168
333104174
559611536
288648560
450495586
249759682
309001227
487837690
658570527
581577288
439795663
356290377
624558125
516178777
274322537
543635957
0
651038128
578651993
65585182
229024467
409547257
530024300
257123055
324408458
633674153
145725715
441702526
535663499
257647130
589760042
487748295
532480269
334008404
118210259
58300596
96188855
403078999
121486740
161762524
180270382
319648983
600589767
662565967
561217414
68186267
369232158
213628226
539456985
404123569
616270402
504357232
215325644
598016349
579177468
659192559
237024130
275831460
315627064
250334213
4746939
540302096
208079907
414433268
542343966
6454312
47418797
562260342
84395590
489071094
5854338
142632094
290833077
115922404
288903396
251513243
523483663
541579484
119344689
259791414
128818509
549885790
40581838
441768992
1777061
434308177
171753986
247173887
358698102
537489215
434707190
537844814
248711204
255645482
264189200
504614040
285845135
358509352
634106255
367654676
390676616
633325634
519088756
48673740
501276882
349721425
263576273
500807217
48522507
648131565
630901406
36265466
200145896
427586511
657935487
122049046
528393862
525197953
148405462
215716764
300419889
460366515
194374885
176620921
545921
218651947
521831130
0
413603795
341890765
514126308
52783438
13469181
179869012
389610674
632001592
118497653
16987983
463384953
62028729
412349365
540485091
109236025
207352305
951470
544691485
169418901
147340830
173979351
473507713
513994595
274149445
160614823
499418705
104865067
0
120036419
289172466
86143854
156580350
494036242
572808930
178004528
370816282
285804060
620413291
393643154
44950956
399590690
568815874
50745444
562703000
63092268
471269091
130775950
78136034
240576036
408259993
659081244
458968869
134943749
631728087
387443883
274544602
63510039
332155226
133553244
267724021
645170254
336935092
33864596
477179413
438359573
338842431
544357475
26964077
180863733
235487008
659806874
447120415
40906385
173501692
368028649
589660160
442902918
603643973
315933579
146316612
0
94623346
170974387
342746536
636323850
347848019
205322279
90581028
234057418
169856202
435037701
140959145
537220306
8926807
220833565
376568802
375624484
132880956
570026956
630899679
551109109
252307957
219335376
398636112
664465913
35484061
137119561
0
215276401
340448809
0
77404132
0
0
0
573432736
424177080
494090280
285811727
577431278
281596489
155957196
230196005
239609535
174093109
124966745
4171712
295116492
507655237
285699006
180833276
546840484
443074481
520439411
404758621
485356563
324908244
439997011
630276641
45318816
428678334
577723530
128209179
429089234
288087526
126729007
278380965
441443387
386001653
235966265
476929256
528363049
532204933
74928822
625455241
451524554
141021820
330039296
478513044
523168683
496126772
62815674
67173487
232796588
513105261
281351277
73778320
282810959
117657736
368373378
0
557543382
219512220
166682108
341711376
43271764
519818752
660552468
304807012
89643329
285603256
8915429
155997958
239871829
105434955
10821446
404879919
419002676
636897411
109472549
471535319
217246573
372581164
410718486
331253776
132180427
456149965
506118738
293643332
311338848
649655745
256747988
122236705
318443556
446654924
77696183
432083079
181370713
231206066
558923484
357858335
0
297422341
0
181224699
557413078
142792854
218234639
313004043
368023779
118306429
197270892
441828911
430121341
221768773
335230595
459556875
385209762
154786834
485386825
66850871
445666185
77720621
448733327
627763176
326697505
651673350
456745533
114007854
335460237
498235172
438010558
238266702
375051008
0
334812914
43053677
0
627712596
323911311
205586811
187346850
42705214
527877145
376689653
508710929
0
630963457
619325302
370125256
62949608
59351630
374442103
276106422
213036486
155538398
116982915
569988062
56577040
0
614386738
557047410
191129052
366373054
543357660
398348723
401777156
517057907
571377180
613251876
424542547
180111138
534258037
517764805
131185493
439967874
569978107
395511241
371964967
269027473
0
370956971
621844584
461580642
219544445
422713103
544509108
129488922
613193797
381694177
484911147
501886820
64793554
519787500
448600951
54354735
611646785
158684419
577023522
643648142
406612047
224618217
289992717
291455860
628091775
266081568
242765315
399645311
0
392042210
651040848
585919877
595407569
5746123
229909099
578749475
225737917
0
123135872
376566045
621262087
415337571
329052122
239343022
635436764
40812669
619780503
310234615
66660062
136580635
560846263
409817747
423387927
430422929
560343183
0
655426327
127997331
265491912
1189428
433332804
0
67793457
566618209
606401517
309870491
197435516
0
268398247
77134622
72863792
187248424
265946563
6396965
343495221
354405246
656354239
369932234
60576439
654138506
38159940
193116622
363995766
527388679
65855055
526654236
574192778
212234513
663206819
585763047
252464131
13904120
651585766
527847898
583126457
404844912
95500482
495884292
293463628
379223090
284470679
179641557
246577625
605027503
282514724
499956308
342711329
181361516
0
326319027
619100236
617863756
470205526
120806677
249835176
371712129
309376987
191792804
437558949
622682930
332553528
467753219
52230075
566753131
497095537
505806520
248887215
323064285
657329616
425478506
179937243
352939213
432018046
658530736
270282009
532281115
153888297
552469764
634923710
520353877
294510224
329903620
405697734
198369682
292082856
385861666
203995571
147207928
662693236
637556987
345176779
253133667
525981366
29525834
83675138
22945080
435255823
42089386
659450489
547768595
375638480
540139141
549482993
45402973
293188420
659700792
142453623
520219902
608121365
654841225
101096947
163680963
392737471
538665494
234191588
496811684
87107030
538791564
384075601
289134354
172957301
175783735
311495988
287105361
503179080
223862586
223079103
250996435
580135842
295539689
227072822
477251112
499819837
78062771
293054674
591648737
0
576340268
394014430
389180608
341429053
423431546
568525169
519790268
77686424
191233755
429300323
279184415
282044323
470393291
500919915
604947652
545677942
128734347
307486662
323035790
86616654
33649223
488009978
325111273
203297705
240912411
476573486
330320066
373813053
429076494
321510646
267081304
590462779
464104395
134588056
43435573
162046620
311341339
557675299
482544895
83154193
48060782
209474547
10127643
505116229
186699654
381800349
105774467
451036121
81104352
288240345
609127603
359612518
122544388
297390864
604628181
177909756
341838349
463747116
652864825
138760696
469542777
76313372
440017081
131230790
115510266
465674681
635191599
549199433
666224911
326111186
66924386
591632334
572306025
571786261
99672785
241006484
531264610
586275376
437354875
311587669
653421984
425364332
434404405
99266213
541268388
115483837
36510859
193889719
0
412105795
598146130
141122302
81296793
456005373
30372969
544805379
93956815
402188202
515949646
0
478921669
124210594
47751752
484155483
635451020
359532885
482148339
72288519
277867727
0
164958619
381961060
614151883
163463421
504213745
97771722
261086308
575220888
129384976
175308546
163090359
184874007
490095366
365396850
358454849
340248154
0
616401136
611143689
412527988
658903962
542871195
240374641
563100931
589204222
583858529
246667074
312311605
609728372
509589647
0
134053052
492110422
207044280
435061547
217766388
618055659
91072278
337162280
340174307
212771242
462030348
196435128
285250150
273060751
657847980
303872670
0
101368368
59118367
368193484
31874542
495866070
377071121
22921335
227963119
444894967
650505451
130997641
356246176
85259476
187857536
366258180
73410277
116226906
75948909
215431275
575931653
480612804
358130950
655326388
167653104
513318782
268854056
173022035
0
395732906
565819468
508928576
52918482
649849229
459557744
628118374
610753819
0
0
626044409
85830597
354970586
245983765
445212752
605452034
221511190
53264932
375069874
89720936
458820071
101813878
556416252
401037512
294247405
387489068
496774953
224154203
0
60413469
659582387
182725775
477948125
607145874
412566246
131333060
0
502952100
491222084
0
372109892
268236972
545960220
273942242
491552614
414773286
262623987
376988308
441560506
179073901
154542090
574629637
426941306
485075533
496714850
508071512
650878958
60863123
544155639
394463631
430798236
0
227353484
440809216
122392554
526212708
216949588
301872507
365311053
314451054
156691823
584450919
75737050
112071570
536487206
384857247
163659737
413075640
563183776
255100133
122558330
318187083
309003313
386379432
163344008
217191386
496001291
144871950
149327957
445829524
471668905
532523664
0
14222684
63143113
423112183
251423817
212579125
540878697
660875117
494533457
135451421
66186511
98402142
405638902
328117633
42303903
611160881
281743
233180233
384147222
0
228468016
136486833
122251212
507579725
640695406
595956044
495269006
249753359
522245135
400133466
300167027
474818494
490153236
402771278
620731544
103984618
98900785
628034108
284772143
78176950
418607105
190974643
70729525
269388771
271216368
69362070
395770354
112366
280682682
385086663
477374732
339078101
151778193
325217904
482368900
83212127
225360458
528781135
473684178
595599284
348513105
18656269
276503966
176182114
282908386
341021534
81883874
663993160
241087930
318868198
648281996
546944085
584665762
649583572
173067732
237325624
51383890
155429583
81290219
665232205
509361774
326167538
633716892
523203176
573973257
424873952
526554680
477742706
644711618
430845010
523121382
173586929
171082534
363793234
98455148
257832183
448525973
235020215
439197093
65476427
606785922
446398522
542910028
529151667
196987217
187173657
178882021
454328161
444985702
9165248
482603876
106704364
644225294
18160450
24499551
1339152
617508433
476970096
574342483
336651539
171818291
435969128
290559786
226407419
471072784
385232691
34128491
0
0
583086294
616442792
655965163
336880954
659715123
222071447
608199070
0
538260821
327948417
336497099
307816878
530735552
220843558
323318278
243951592
294891034
61359136
598522883
255860244
323728740
493479981
535169658
351996784
329509489
55256462
140365724
236476122
351555453
574407393
273138604
374986762
355708190
103660025
123741037
114909425
432035937
303369634
111050721
359469375
542239500
496650053
384698368
235487216
191444282
187948279
545104364
135908788
257702335
550701939
24019938
502661014
353244927
537749219
641349733
574656820
530911215
126876070
346303389
318340907
524121532
313316690
405535486
0
277357993
496215617
255495706
184623416
132383077
497625002
293252203
306445122
213440672
132509414
395230905
583328918
269254626
566029640
52803031
556540022
505800773
216511498
596623967
133732695
64673779
567157671
438295577
506248442
320864480
144312130
501079095
157841762
504796210
290725808
572613480
344674611
572951762
596840379
500176578
0
62043366
317589399
533954317
562761094
595889064
70842463
379180106
586417695
135867202
127272253
395255659
589476135
599974661
420452013
413248672
584850560
498653968
42387916
419727180
194921801
555388050
583133333
11584096
0
346320714
116144302
76852655
63708765
50209350
559583606
572232114
560668621
182597908
322446576
630455649
616008496
456492412
22235790
568662280
101603754
0
484611304
36065410
534856860
295792599
45347946
185072846
208777904
354598867
634815279
189277269
402961663
210118304
556594892
577075851
70246038
379050555
464046569
492470956
604931203
63469340
336718701
402760600
562515626
472321375
446937200
243047952
113483775
609938655
376004615
533791005
218890328
315149496
251434795
477437664
516822362
474509918
192032727
136980979
0
135553206
256112761
79108854
664538836
633831192
525042628
615317455
376434046
427565274
148577568
218244426
600473961
561393711
3658883
244460953
0
556624048
50242925
594958960
365330643
184300651
133074828
324196721
294739141
201114070
526083118
438183171
638206369
294409376
269511477
302116515
636088486
202731951
359410824
453142371
519398858
280218315
408848998
189531900
393405295
325988693
239736489
382682906
271995794
375328251
22048338
290254573
260673065
402698021
147664777
246583470
176887181
108442715
227485034
564072682
503449786
413756039
27077560
586796961
453882354
579911182
287879907
325481840
189948350
394196802
558775643
560867866
525491634
59019025
538509094
493286537
114985587
524047550
455628260
312630649
601900987
595817207
179783562
309414664
221564250
113278860
70988260
222564554
0
159214382
291288775
229478867
221287785
430914442
42751428
652714779
664422559
435162856
514381324
553652442
646803665
446715736
504638210
363971260
385571717
193308275
342120276
340545399
359974855
298054764
575881288
245708047
460980363
487852661
148656773
633774508
558301776
520130520
16052555
46942566
384762680
192723423
134453333
518239488
380821673
314442983
185418697
0
122285588
186070072
187849708
446791832
183885495
541168408
104677717
515970203
0
287623039
205096533
461315818
245691245
325945687
550229834
3203739
187892807
138662853
423724763
547233891
588465313
551162489
586263398
109907799
578193018
290803170
66593224
160320747
335671409
411533806
147399788
395397061
195547938
80809049
230895864
377188863
536926318
459921228
142510900
389410433
631371497
631046473
3039124
10281884
1197755
489448213
341191380
584205816
443117429
294605286
598430180
98936581
614665273
225521620
175293040
656224834
173049933
197291081
571036623
560523306
0
484264806
419083041
641791577
657859579
460116966
410833205
418208073
23162155
108615682
96481604
611079968
195730968
582613657
90717415
581581961
43065141
377269368
275400941
165417145
72256355
143619281
361784652
490887080
629772311
285325944
294246555
4222106
508875693
535277139
191390449
423973110
610907115
126579264
287405509
207796593
447521936
365308556
311694838
147919583
383165014
45967752
220595337
95984173
209929362
82861966
565360392
395822694
212306762
474538041
485626457
94706687
526342464
144725706
439735067
497636140
609727319
374430718
473056658
0
517999432
230697201
124044480
158223291
0
487506621
624658532
100226335
634132476
248894335
371587687
299607740
141405950
648971515
601596632
157546500
564196867
181300328
156645690
198650851
427197441
375129662
491209375
286014405
71811611
599561441
423588261
562983273
132738523
574510279
153994160
280804384
621791184
642460383
205570569
619272781
1670305
570998845
80769354
522556775
16203581
300512496
386666022
6748597
454476503
349684284
119457641
294682790
460181130
97390641
416005801
405251287
526897747
379806058
443743629
62166956
208918920
299331818
618093159
298860764
568615871
0
177082832
365534053
650294431
475497900
17234067
351816876
534303276
610111838
388801539
229384024
363059115
655279273
0
376338957
156929147
566913932
524763590
309858379
57889900
557282941
515952519
366898066
557195593
77680542
634286397
420647071
421169172
248070720
658001776
481081948
80640196
630835507
211754799
68249608
158607466
165764150
483838766
550886401
237716969
270519174
0
323314377
454830579
243402505
222281554
376223127
81366319
399367080
601810667
626620410
253362739
358163537
70337560
271098491
45949924
316625996
164157664
586761681
404707559
149439014
0
313068506
464209958
590396035
471902454
258019776
636982466
0
368537456
424522576
329695133
358450361
349186878
185877296
391978646
170969254
417176286
192877250
607594123
273448864
621833609
6284473
537906364
426629614
161065228
168217780
663355700
520264594
320275974
126831761
188988796
53335710
448741128
860843
526454871
3916919
239740259
0
181830941
417453845
78976797
105930623
633434047
331093320
298013210
245882328
222703051
398878796
652914533
527844162
562788656
404955775
658406956
471840414
477658444
659490811
240567920
346631793
376790229
318027569
281523065
282854977
223820496
141199787
468318035
0
112600201
618248802
8012669
222323252
22638747
467890905
227393703
16040866
443873288
174314575
428838222
0
79943798
294708476
457633893
498370618
634385364
225745600
402708402
282693839
0
98451268
379892288
654778923
227368174
87324290
591184973
527832465
551658529
616942217
97890229
303032217
410290211
121249420
471954817
456214694
356433339
498268211
176051055
589345114
442269618
572841390
213598823
578197125
319611663
38451374
201442445
432620669
106187070
209362209
469512861
0
553688527
261347452
611598589
396329506
0
367108723
182259351
657516705
439781854
195782975
462817937
284227814
102952994
353975505
541431426
0
650715628
613532115
541930498
615636997
96932733
573149702
256761470
596360573
261746565
0
489847971
164266668
121828795
0
483915244
66464291
112880509
159270573
659989447
355645745
596746360
541376815
380852389
185973225
354761952
191085025
155588675
247353086
607704851
215864751
192956946
10949819
566081885
435309098
34886334
146613395
518956125
397461749
216634151
652294519
664455081
18975611
482116699
432281407
312533225
446388780
444796424
13438983
208863293
398933581
331089142
121220634
380747002
278736055
391509789
430597210
271456816
130531416
286147324
339924491
0
27035108
494269730
88544315
579160748
579621354
0
306280560
66181386
548861276
219462895
479291072
0
325125974
616267741
433738208
408955145
362787844
168785677
109313794
191291953
293795665
645825241
246669774
218458337
362756008
76703140
495951117
499358402
507204448
391326902
324192878
269314854
605332413
647640624
448091879
239603531
27823725
211087818
514027603
509309488
503336618
231415487
179131847
0
21500850
465503860
556657193
395024266
18461918
83357582
576082666
233911389
145936271
591940222
241994482
396786486
665277543
7356603
83622304
12994031
49601520
232697142
27060506
349642547
640472166
405387208
376705013
104293802
362517854
308947279
349426215
298241890
0
28817399
230017457
587430742
0
367475037
653865887
650508482
170589336
651614751
81235752
141701109
425323355
53968114
334517044
626253840
656245505
189082057
452597277
226044651
478702773
74516419
613674898
207060590
251327590
165812961
644053021
116930202
594352538
604118849
287899449
416035345
349490821
221443129
447756554
663272354
663991316
142329899
43667135
33606740
97728657
394269082
454184530
488327240
224700920
171385927
206305134
446259252
70056925
659923572
233634472
220796678
663292186
429423454
43778625
213912698
369316881
17808384
566862604
165021100
567750252
169647550
590203801
500547611
78012527
268344469
92030828
184687038
299188110
146246137
377538938
143504703
293978249
522665175
400401836
315932537
293211630
311145298
517324217
418608524
234973026
343014935
648367562
350278885
360929566
562826546
281559041
355430396
16690203
540272816
665944369
542089815
446108303
10528610
268776639
469945184
2597495
103802742
157807093
289927472
615755828
113662485
84147763
300209393
194549065
157408198
0
228856758
0
509158746
2866885
650205005
581185799
387450211
0
0
448161698
0
556551593
183511870
363677209
500620139
554686199
455781060
302767810
297493542
663660053
577826807
488552387
523664489
10357323
589559847
553036854
389642561
0
610873878
285546164
201197351
53556970
166396788
343281936
393034498
548756227
416890093
360570170
136919416
162765008
0
15306090
67651646
196889344
177455965
32241892
267622892
185559986
34051232
533935274
603823623
532503513
119583190
36619955
501807656
15641236
51132966
454003774
120499977
482529321
482416677
562857761
316471066
47066214
339162169
470621046
655504826
92715160
447263781
607273125
76650575
119323927
335606206
593614805
184368924
117306975
234475218
29558531
70121271
190376632
545938628
666305414
517263032
157347245
52690466
164633573
114156628
376892540
616367382
119888795
208374271
565856374
409252008
593065538
565089218
537845528
54420521
264010585
276577637
563201357
336588432
8699181
433862135
365311038
237619949
381974794
504704247
39636451
261449052
479977879
480195443
280664486
234687733
171627639
443585114
279882706
335978924
569326188
21198312
190633105
419588846
392819888
31055816
323236915
344269009
427158447
46934318
112261671
37566935
361510943
269136981
410874841
171449185
488460812
596556784
298737781
351365668
411560717
282609878
5788831
36533231
41370755
507553738
146068769
512919699
327561742
0
538958144
533140527
372462983
600445736
616919554
0
190625045
598756652
0
291016068
112615526
327143346
467178369
134686650
441793826
497763586
159912687
663529122
525109985
175168859
209735784
225510247
123501141
457004747
554805187
478115844
437752599
470937777
55410316
45694276
417292795
0
589806457
607015256
229354899
547690273
485224053
403456585
408030466
608610086
660584803
298071541
232916359
163270397
443571605
481884720
532868050
468797375
354458585
595672976
454781281
208566564
43442798
350580885
617798507
415532821
598822675
60181090
224588278
46023152
0
151123432
147472904
468966966
346601104
621862744
89325234
665918851
635496984
289785660
369822351
320854687
58916835
119786755
523917367
194581574
598042632
228455895
117892292
342970028
356467437
127793876
319847660
449926294
601079869
534815705
590610288
66998426
606006661
630360682
625199401
591196070
193382543
320658809
646020232
646002599
352796934
0
546882970
332410167
149502236
156175629
230974024
544223182
545543321
522077036
119516517
187166571
532208157
80084627
61879537
155439086
593380322
144225485
29050048
635094125
71985463
539487100
422828142
0
109928533
49841220
90766127
275629458
538086100
531904575
501504992
416930480
315492539
575940995
348725384
137969804
440835634
599119694
84028123
293733104
242713965
196932351
118602184
138379101
207285496
206619598
122642869
547462796
579501182
138672464
66973567
209998249
364838088
165529622
495378496
430544505
523244732
113740420
68881107
174908115
146818285
103146661
395264647
56032139
255543333
151809038
652900658
570871138
142281159
254751964
204811499
190676487
641718783
150460245
654285481
115044534
651297692
558592056
310396921
22235058
179254405
12214342
82918287
544153449
453468321
345863463
316429559
210560277
346971067
284705358
339834326
644058243
413681099
0
501094431
3212256
274528627
595260473
366381705
98019845
98636607
181233360
221660682
400556431
450477724
507354634
39711980
472619778
466636597
446594680
642584394
505608782
86339881
121257390
74012126
311026750
128107081
256183187
66502241
0
469978922
47478007
572124963
528686341
448398551
299625868
1376270
614357352
640657866
166547344
166323767
153421972
174014121
312373995
39781779
420340477
45927667
556635645
153858647
388740689
510356954
86749562
151427432
589322471
0
631394093
295713735
330585911
91224828
484068124
457305310
408294080
334426201
477452701
495497063
310014797
292252478
578559316
71385767
399751063
662005126
367997520
607436982
547604655
605721964
462195062
37985204
418670082
167377866
91204741
649081020
643261512
396535739
556526836
179108303
618094901
457977576
401061565
37449686
105154631
493193631
370228214
456621708
504769239
497394372
25529713
664653548
165440738
0
492173633
179063209
573010492
247883071
566396388
602413640
562830422
329331723
141834260
508858981
393568537
617917143
118270621
635322029
550968107
26698023
632240534
152440720
429380837
404739922
149860043
278780775
502119676
105867735
37113785
228352164
387806674
277703220
139266708
14708249
658026094
562030536
145248503
527954781
312074131
2185921
644269416
341379830
643215285
370719414
469883733
476457006
117857261
555837729
646665857
383643842
337249591
497477006
263800760
299633271
251780181
258140183
360145465
117454715
21274869
0
490380357
299460534
526136818
200792978
342322270
197728205
176991684
439117630
559250451
54733412
377730777
467024701
569513209
183580204
156232180
190528922
318168890
279598199
1995136
329567801
651275198
501022870
264595269
617675681
608493514
268952392
404445333
116417456
508988776
647904528
26690841
583639683
328567572
137032522
653838173
241025371
48031035
141642189
285831508
565978920
223928002
48654483
451023670
665434055
567971123
209485185
54077731
29891828
320895926
593416107
127816044
66787796
417206872
584326522
0
177354669
151130521
88298960
64761477
288675182
200200638
604205485
617554417
163502164
621426034
454189280
82340260
63876289
8369536
42101854
253159195
354844678
128142394
167443735
619487225
630869220
400697550
514255825
214198361
437605301
497670641
190060071
313348191
64793313
344480814
614926395
621355421
325116535
415958279
327389112
72958966
473013261
666032660
432294895
170595611
347710615
320350862
597549311
156814754
578144155
143782738
439068611
22525935
0
505117109
507054365
445866047
65433864
622582738
597893204
78024858
619512656
458747799
559430897
286938216
193973935
568251131
519042993
234812797
454367831
371998802
594301942
480284181
394332943
398510567
588709421
663300231
5610903
443848172
621605176
553168621
662956870
292858448
346111253
222527975
398490927
382452488
243917544
356881568
375346751
586395975
168018018
242881008
142965303
620920890
558667505
207494325
235068194
608149835
164077752
369511622
424441391
51427692
251624302
19608736
443341243
572151235
378445758
476660845
531945317
516899298
425433362
63112101
495309894
186464191
333929094
171142476
633700672
285579910
539756942
647988335
597633547
0
352388828
425425560
141422739
51589781
445450598
666627680
55297740
134570671
214547329
302715563
497286642
235362010
177199959
261408735
636467973
409584522
69538562
46449237
321267863
0
121093842
357291938
463884433
462407640
428582806
373926703
323728781
271005985
219037236
505627190
614769104
142257120
405506425
230552508
275234296
245199288
451464167
145903649
440783916
514151596
388881933
428110081
190790829
134386825
406397130
237325818
74154818
103062580
522226134
236642894
40204214
522325460
573068146
419035997
43181646
183340933
29910294
632290302
197992067
13061745
596263644
468845643
268549988
633063287
366018730
207369534
0
0
325948566
438878703
539081777
304013700
449150184
57062418
250106743
624440982
496432893
632535159
385426842
411592965
268785280
553451756
0
312608425
267402697
141866778
300967936
506164082
374537249
208006825
519414418
605714900
446201497
383653496
623838905
93819716
393129361
634496637
484214718
283153735
507202462
527619178
213798046
607484983
4686871
171257011
215341133
163057436
562015093
191493203
89101353
470375387
337586148
344813146
518618195
483199006
182763097
561128230
201309345
260765374
370142231
539567299
237203778
332349778
297740421
313122228
0
368761231
533940812
557614106
261355704
26466972
378019792
142597710
194490694
0
212057822
647914998
115062209
479661809
641142010
175038019
310624033
46206190
426282609
488712846
282255109
135587021
520995494
500770793
15132309
55953326
626605211
567772401
344629830
356651607
608597564
657477976
393731414
558983275
559967069
396079603
528076226
104327396
414901020
535807012
560975421
430305605
102203350
456007734
421429357
0
466565248
585040229
396688923
17695821
136983448
557588814
317151437
603538552
440613301
517706067
147398197
462637469
320115170
515980330
39302741
293419197
244092579
16158291
609292664
101546547
534530977
551553788
41940901
0
428713553
0
88383498
245889161
570528357
492487951
350640224
348337246
398777419
563181370
536358789
267028390
488651715
0
548708367
321959503
592791299
187598409
475519885
274073947
0
280845075
305260123
523828552
160924726
341155308
319329158
46104085
490758454
361348717
333161131
0
259568005
603990651
298376869
507117565
116961996
490342710
36958726
0
331207947
71561402
174875892
515436371
223511331
472278885
447596484
69392625
594877480
501306906
519545213
181667601
78112605
574955779
266657323
510345294
257880959
623762978
376131754
77674322
421147087
267865384
86606682
168106809
84204801
585959115
305946971
539580850
219332164
294673052
273620305
192852489
483189625
348064126
448030202
464956156
518799740
585036276
12317275
607637391
373242230
521176462
168178154
196490974
64114011
568705219
536436034
80852088
580538203
519178804
136054656
469674159
103292267
371776163
214771326
67474508
496420305
0
458150388
490703954
443551377
106344932
472732561
111716678
631343021
503184087
575586843
495140030
350790280
232291761
456392905
608857335
528928754
598976202
55619304
469403759
132183203
0
581518567
363819257
447505101
587532587
630451905
140322749
509566704
363309946
385439527
307901652
616247901
187561301
325556822
0
360490307
411290138
221826014
403581731
0
621774194
558961918
569255691
517709859
411641667
320883952
396843531
579654660
458162554
142211182
516297648
455757081
522743676
95197971
501910800
630709445
239793393
236424015
427954062
547306724
650429168
589334998
294658528
468186399
217411583
635052294
326071531
523721884
634666819
370673090
21621731
180948688
0
602434164
34595644
63197837
472681730
198983212
289991338
217447529
389844190
393265301
570592778
142546463
566426643
234097215
169053570
52689807
549074204
573173904
144535121
554148863
0
283646448
0
440678830
199928436
0
661528308
303415317
231980290
532217640
569067039
564334029
0
458356567
430634680
245882124
445034469
543718008
184759374
150475911
472837320
405649417
625146610
129500595
637390016
408284450
323233608
16520942
239114552
598482809
350821238
0
404730227
208273349
30144197
328067633
313306442
251361433
356994441
562325354
533760811
278165328
314931936
307207272
111143266
225677358
163000217
562332878
0
619221334
487979575
478818368
449171360
530934092
397388302
510763104
95676819
176251050
498726555
183323881
28168424
413059710
326317848
484573643
230076991
393069154
450473180
76183934
575420828
0
544136008
354225842
499092842
460322476
22290268
86946962
628620221
245521868
189976487
290496214
58418907
380003482
159557417
488152318
610753733
22091546
404810222
607268755
309512791
166738388
409023579
263223491
417444459
499762365
241539595
533421074
300884331
143881444
442999682
485185137
193619625
327065665
324180187
631370256
5188833
286565027
645574647
222666766
104730088
52564398
608948983
52226181
250313110
64302011
550313320
297089266
627875340
33681757
247948770
365382140
576001993
163787166
240574841
251829743
281962523
273163933
395996983
24080918
299068754
134359246
20380609
0
305521592
59407633
13638440
278362234
432383763
111470686
178589549
369808490
81246126
80280867
221572783
39868442
362347948
22723332
585636009
569994494
293697253
481746081
140231497
168593745
511212053
29674592
221794472
517990558
234956856
205148392
534625954
598047211
322857553
515346394
369183381
656012422
228604466
290648342
175085781
481782783
371058334
118644635
643990284
650833659
91561501
163343195
521897265
0
112661220
376142680
173191721
186165103
53393515
155035142
101072224
75794076
547210985
78280598
550415661
317644292
442362965
521022841
46777235
428003856
560090810
452508359
314710694
52110766
479696713
665228905
458217117
591110482
303914819
4817723
144824145
552522029
195920384
45473249
433808769
136296491
341636856
308630370
160008255
148357881
651136097
285124028
220859118
408520632
112163456
514762498
150129683
282684223
610776821
188190723
30028025
365030290
231118486
473522148
32275938
365859843
353216765
367198562
634611635
519082676
544663507
502954152
330432464
472385711
152831795
309743640
600827729
423809305
619198965
567219275
599243403
0
213085049
165230078
552721463
323443540
0
459395729
605729361
408323006
280182211
242119247
264134637
129328150
184651052
19632206
348656074
64878740
190070662
335067046
594891655
0
497302391
362452828
374325140
209273373
175899272
651246766
519784575
563097312
407443714
340080223
207471151
39619313
0
347044661
307399740
650479404
497213175
396232814
340404611
264454998
484467050
513819888
253576278
615065778
189103029
275762451
509943195
620441605
576163060
227820513
261752356
597659435
664453812
267742985
650012593
212289566
195383078
237646766
427688700
91069791
440718907
523323096
41498338
560746653
48948702
1108098
21614573
479586229
313115418
0
163568904
255582063
476383979
579628978
624275798
506190982
258009361
114068736
587540110
581241274
533412962
92164642
501062990
534685105
604647292
55725965
165245697
280045549
95589344
656694183
42072936
504448484
539944405
465333763
324680322
164995008
599666807
104810839
531161996
170011889
197015458
663964087
532362420
236715259
227984826
333510471
204595063
262865576
339987761
310631294
113408073
222613596
331734811
13892733
257120795
273426275
248523065
259670686
174592523
593458909
511060478
571102921
602164802
359816779
613532865
139781352
0
126282724
540589100
588664857
198390310
335377979
35374324
532811278
207386539
261063779
267879744
357339438
393151784
178962663
391035082
434528123
400928709
272365920
664292965
664046539
661167678
517828947
104681156
473532041
8646890
160896119
494146205
156160561
339128425
419536695
562152216
414010186
310672993
489863162
306106731
573086345
335397045
103416757
352389588
535093653
0
0
434951733
358444028
365039546
347150852
294637447
524758947
601086312
240304129
0
325390396
80675939
354736490
272784303
210662769
373186106
235418197
0
400363049
410467104
44041768
369423575
113355323
150804709
186456111
367792740
120433012
338617370
447770378
570625207
140199787
377575068
429525320
0
510923750
473079170
163114468
101741621
4541168
565925891
503115306
658668081
239700088
76347221
585855958
312389800
53335758
405379528
174336920
214007583
356959130
604030607
661108420
287631228
480874200
154109713
666479826
225926366
279914919
294322005
624272767
61129916
462386902
65887160
411717635
4849146
449991462
507912009
0
408452167
335700512
161823717
376425606
476421022
484935506
594321865
635285256
336367342
608292551
373473960
437818851
329323733
306215678
245784637
70983979
343899700
205228844
282589787
66839632
665389398
618635812
202113393
643890161
511080371
422404038
450555587
21846096
519944764
94657299
426426345
510383121
568938882
33482706
512785769
293294002
35421637
586866221
299466593
18800860
138164904
123375666
271897906
100794961
2011594
10808320
86153383
97977494
221216649
528714027
262125666
640529825
406557583
0
391931136
471162444
462646913
480765717
333471617
561484342
85201723
89445115
88007841
152277616
0
487468224
314011272
23055091
133060118
493920763
254520855
158910477
78030625
584904950
443023952
519178030
656723620
0
440071020
3459868
642051715
268673660
375470524
229729880
0
601726332
647656801
207981488
416427588
658305617
72828894
572688118
85768319
297467017
401569573
87175039
219165204
363150382
238554442
343817596
589288599
633192920
290175855
90060268
651834337
665948378
610233568
0
549764872
194601296
302494989
542600901
374081373
3543701
581328488
639420170
546989631
273958596
454219052
364096251
250455160
181263728
96941591
0
182988409
342334757
263689221
454060748
356239843
143529349
48627312
612481215
18170207
83393292
492125565
342394436
152452135
283559253
29165810
89975994
261618023
196471780
0
43139471
0
640720958
281351498
0
508662416
47167885
99186917
563490209
425806551
84457788
167017834
645461675
422310615
337269799
195967254
27468776
105082110
510366101
516910765
80458619
71067277
625433636
158289331
566129863
312054789
246281286
535962618
16154197
369197940
33303287
0
136328742
296014465
184273601
566607837
391666867
633397218
561022141
379554202
318188452
363314093
198382499
606409668
17745834
233933648
450601428
443965116
613591441
636967484
344586700
113998556
0
650108125
328884805
565679384
524752997
33377653
173492165
257585965
584065747
528778366
617135664
394157115
216682411
115698334
486592821
548207629
372641817
0
606280306
145354012
587364814
71285569
17591398
20515575
233099330
46644970
452589518
58910481
288677047
541651037
423376745
655271599
338025893
176043569
292561462
73109930
664265137
643307138
170690235
159867447
18830015
494673397
263461579
499127581
80301779
281713462
636547839
62466123
56742213
416064181
437003692
186411476
289461993
12236964
121351858
460666795
457395824
232329536
0
416819338
39491945
205943344
479895620
460090317
642487223
598574441
487162772
22622252
418327121
182903816
251408522
631374922
614420968
0
237653199
364311756
7458672
90176452
180520392
45950345
511658984
79052928
472718470
278962142
45709756
0
535458855
180383321
523133804
651278894
513044032
2849399
0
462841492
589244527
9788558
454090009
153783462
190042015
153941646
211026536
475985374
346467615
346692532
85792337
289220462
553841761
0
561267781
492473048
56431272
135822142
517977814
0
475671514
214688815
161980608
200789261
313238417
0
427214750
117983848
246364890
377212237
29252485
274046110
640405273
67871254
331416624
350199590
73042082
428700980
114396560
55596031
586871739
256676356
666156820
0
319409902
510187208
199735029
450346716
281684341
540159357
300977898
638033081
575195915
666603518
125138443
68685099
59764601
501843243
208484649
425144598
642645845
208963049
324957130
605539703
0
282436415
381880235
294953857
0
191931746
268657789
467635865
260299121
56118871
405533540
646753416
133695438
241880767
168338019
255036640
225617608
375790781
252965594
47767853
389965086
281978356
296625247
469805187
121338626
283955154
352109262
364444681
441341141
326813346
196090412
192382911
238549192
431698244
285829666
248204927
287135127
651774139
649848220
390596562
159537475
218959030
472840780
273935885
0
391168710
542836257
613753233
633926667
546344535
575498127
0
161169477
45038641
425403341
152054016
2633400
293713978
609147179
523472752
359233501
600775781
376306393
146457094
660820238
37037574
160756422
378081743
450088159
108845546
214908350
581314873
558825564
251944397
167397405
94693831
344023778
343027413
469266442
53027482
299584612
367673020
296901602
264250613
413016937
592562348
307721060
118808652
410559383
145880318
281003317
485692878
256368219
397505048
75636698
440561902
606668367
0
510450130
470593519
485536025
309221579
576330017
230531891
289746576
533653890
82668163
590906683
183268471
554413316
619735869
350318292
353034937
309295625
395632442
264067918
247002413
155319216
150597324
588511510
625305657
179100140
208533922
73376833
350082663
59569693
92299313
561142391
567465693
214974492
0
508764248
421069242
264419809
351492956
497022946
257023339
252773344
571229005
444129072
501061795
390364404
441833858
445556416
536406542
444744073
201489464
426956360
374474103
126224901
592492006
210514027
20941829
290125005
556128008
612815946
652350172
487819347
572826193
0
57319906
144103284
263082992
608567354
401145955
329336686
603149455
566367763
199425037
39670036
96383325
269673469
640060638
12751528
308453458
563059272
236657419
0
329426780
304590712
102744833
316347761
533153344
166381698
154330499
177522516
650061400
284009323
208720391
603236106
312021840
308994592
233355263
312035350
344095386
399449280
22178633
300973095
100150418
65499043
386533372
193977826
203201106
207658201
85807653
39027623
552962605
142236887
533196039
603510633
177701671
571354964
377482006
482826996
174716769
149273835
498811879
429878381
634359308
412812562
563245509
612516214
170250103
95708413
249641211
254036519
223827835
581406496
290335448
566688547
59469985
122188347
377124816
508687448
481305277
27643833
254451022
254822732
163854048
576918335
574564295
398853846
568439063
252058459
446780291
340811752
95575790
508732243
156792238
108708240
96090952
442013430
420431083
462775111
516579016
349904302
218876128
175201167
296321961
156749808
387404290
313164478
143945144
652306030
665248388
609733082
170590330
199373501
196266486
207949
595780562
657432895
247879700
656624099
540241670
0
632067667
248484334
447459353
235252990
236120021
0
349605038
406025764
0
609040654
513132431
126889075
144232468
396876690
0
0
453925914
17322762
334582950
302534742
476472697
522865574
530555700
531711900
326845481
551493849
606474274
639247676
223063018
597868986
540803093
137876419
126758018
119133529
258136954
396572617
22298613
298015207
13474364
141507971
652471602
496766244
91647192
250402719
507771428
142682049
224075742
123334173
610806286
549178920
281346652
438713377
504545217
544541602
548730741
617397006
320635336
351201153
257206069
106228665
203097342
349604649
466209361
245884588
553609639
471693735
0
338192319
270074577
39692196
72192205
635677846
490961924
651918542
384790981
568659953
105952388
76156211
345668856
562435163
250603754
271476177
68080543
242378549
473926203
50967617
437072374
458689071
176749472
326683068
554039589
108910330
602427171
377122671
257353281
358984842
434923208
214151972
0
274644195
415871548
563372649
344948064
276410144
419651887
381745481
269185920
429267369
305935930
0
51633257
405454607
138788899
349205632
49694249
253801370
478917669
36776142
415030539
466343851
506101343
423273957
619042591
142678440
109680019
415863604
646580161
597665069
410638109
660488811
644007375
170840846
551917917
128152373
207627968
223849724
66811901
0
237504670
646234086
291411096
399299391
268872524
477194416
663276221
314860836
643917098
512624058
0
364289516
353739861
345601233
450128724
137109011
61439130
519882700
456221431
145378580
325269357
156640577
68815215
559713004
486999100
589678696
0
529142308
230611208
26538907
457076575
139250019
486206283
268439877
121392808
146935214
211252667
570132466
258021315
0
447405910
367325407
574745257
400174149
603287624
663204289
396363683
475474302
154557912
612086361
474138174
534648173
548017771
86918526
552083160
638099506
430646139
468603382
305018205
325357280
574433819
263571705
345300566
79640519
127951218
170712115
358382603
334385340
5045959
100386475
507161652
627650958
628100210
194025937
30079791
88945810
203907662
138293491
161333796
60028811
574024340
276269744
618050366
428447920
139392667
399514222
413624008
266602413
642515664
12421369
48392315
416354536
75564359
244642242
387552996
189935545
190627514
79360224
542915045
588811215
339799468
650232084
454192398
0
113343716
606686401
105516721
303285788
557799724
543803915
150854572
572575977
187908396
375296530
143730789
286286621
388713836
253264358
372674642
461303823
179104850
29152364
0
121337564
206106605
272464601
524259226
152321050
468127622
653161782
383727723
220428522
46207320
441885554
578083042
664887163
533296350
83268404
202249364
623576463
570955555
533157610
655076416
8006946
150842964
549799422
628165460
425314995
524823569
571660616
211421943
422016690
260097360
558844464
624117217
200494462
136413580
484353156
417812965
332146465
268908514
347050886
481029871
357159097
63961051
420212580
297565042
0
334569984
33711382
119119721
381955470
0
545944736
364534886
16385122
424397569
246052785
207454770
529810023
5520988
299459323
193348082
312313688
0
399029848
233949062
243389108
418492386
57844683
291978465
531454776
204704273
304767886
455193276
614394865
370185615
22931233
376919912
547453992
483718925
443057300
474111903
316744916
623259355
406687636
474108113
79956165
170318798
312649990
459396945
648815760
547040080
0
315686615
520339848
595427343
355535895
65429845
367477236
463107465
589935212
217252041
149117413
250415719
571674789
21636181
33864990
449732011
0
66144107
532347792
67486827
14442024
316776131
594770799
414924312
611991944
572814552
507638970
55435635
201653733
334606076
589150136
328772761
152883461
254769606
376985518
0
456667948
555843223
344560021
529976105
564345950
293456629
589824769
403397979
354396536
422975652
27400719
618224287
607146514
219407868
465668019
436000770
518708804
406834661
657017294
417574078
385169094
502715786
516051327
560260038
645861940
538368426
303430620
224901495
159651384
147915582
250050644
632525789
299648462
516469026
0
515535468
313935522
209723065
556061169
157870208
402925291
602569353
4925717
577038291
124273319
101975011
153743199
213011435
376031171
259831019
478404925
514990973
206883954
625373587
20829522
244721393
467227997
610515144
435084321
341980379
435049906
317111355
259885693
514783503
340964498
640619100
645885584
260524215
288044329
2952093
22524722
120168999
207624798
83892728
415962393
187223950
0
521228480
645593873
234479967
232942224
264086538
191621318
438721299
643635324
491069243
27586214
150325815
426915989
135889581
439898916
503285799
522973887
591756028
620757610
323476786
347685372
142148314
558653056
299979003
235208819
253784488
159841446
542046244
138450883
132870595
281395425
128451989
139956825
402022008
25164410
109826558
514929667
277513673
158177033
621277530
55011620
606735932
443325964
244828185
236361116
243073976
439085340
142943784
152676903
254532154
198712240
161875290
269867064
326845424
90475914
157917921
609102000
409972057
297254586
463360916
366844592
581005115
364434783
479257444
546802329
323897437
603685552
450518321
150323892
249289138
0
154060489
608359935
245047820
0
79921020
552883211
118484932
248760112
387167225
0
85686050
183883505
59624008
446387134
441009147
268796602
415162190
241804579
590301508
174551725
409610075
82959563
425691290
565727234
127502534
148279880
84972422
662562449
623299047
482472453
182083351
608246897
199396832
211192064
187749231
190182519
148723116
170257790
576895834
617353039
274678160
517713453
106432436
237828246
366313127
3132334
664291376
99175572
149061761
0
233877580
0
401568675
564636538
282208619
0
366020802
422037446
612013773
474687495
588399705
289314144
574295923
213812714
443798650
563368198
269309311
54005704
542229307
413396460
0
649816211
372208721
224644075
262028139
559523711
548896092
162042656
541083469
12048506
0
241265591
555105720
49261893
238155832
550483710
26205177
572260275
332247310
639987341
397137093
465988295
529469435
284729743
641596602
645877355
490230213
502648185
359253802
79979361
459158814
647801347
148758623
618003222
460177163
388375651
339255285
0
242204409
267001761
221780367
31272843
135219746
599218935
484210010
663010900
188112471
422553115
452888383
554680774
518437992
0
305315833
418329663
480650329
639594411
483795718
597686040
67551798
593268040
662326957
554884487
549908158
459447966
342473977
540765112
450781643
285188049
646822151
590797728
374097173
449801345
613482361
212713086
509180452
630301477
94270097
480838540
477832021
221727323
276174509
218887418
588997684
236026007
546490528
0
205779507
504722231
591466720
334361292
0
81146115
0
459059576
405616829
343236279
381674389
563205850
233894660
7064585
398553852
0
7788116
462985235
525406028
481593920
0
285635804
462137593
530149308
203190080
245287171
195357741
187804876
622041875
258330990
615810022
400561711
480314359
141027833
345260249
404884705
491955387
117858520
173891123
386143084
502845980
171873241
430903496
481199208
484187705
170086277
557723070
181147965
214758502
546319799
0
328070320
600304221
640358173
373396839
377783623
31864168
227861527
401619264
547057556
317985200
444505106
111144288
560525841
561690737
203354050
393098119
390183707
0
659739585
239013495
91538896
510674950
259770682
152829688
103187195
358920420
340884972
665009440
586703552
271324042
496225166
405122808
167980209
129985203
206492351
587762678
272412487
322217781
493692557
246716190
255427395
248376533
603987280
469981477
376954779
48351709
172924367
392451008
222537545
499574708
365714439
534117380
575204035
477302795
588950587
610831671
514307575
666120930
177140277
478086626
73541742
446516788
226122684
361855643
133294353
0
350993923
527302185
230410915
611615599
501335201
194956407
8650948
434502896
254013590
472828131
539658623
395780110
185880872
286441
588437887
472785507
154004770
87185906
428229896
579295353
0
173171466
623559778
426715010
22085695
346340477
575723733
351974681
285734248
165882963
372849241
650059338
407573054
431758752
598663113
13157615
213715511
616687054
658187894
174638476
152463462
151938677
150881516
59142771
167003532
7196962
329185349
540811373
432023295
464220916
92318899
610056938
406101211
572841674
8577484
213528238
427295872
474985633
0
106034224
578987569
554702931
614532604
439517546
646917270
400455808
249668126
110421333
598230607
171614439
11291749
105541068
107571173
596451264
554467321
112974941
150904357
406327470
615728774
305374489
577827457
182688034
654780308
521833757
583987738
113183257
626037068
489658890
242259292
582094455
295895562
582541226
557373014
512853212
0
75590811
183014059
375816027
519055852
218750422
0
595932455
586040484
486684532
176052778
498338213
633500154
575748190
60884959
183960429
281861282
191210691
59140194
259546642
654006250
576737
603383172
123435420
442619930
473942347
640669767
383841602
433707970
0
377045090
244997754
347614942
664228448
328138774
51988424
538699801
100441413
323644861
73337798
161920390
209250933
21721769
67170617
407396382
610586268
597597619
396092556
591392433
535850508
127101261
259068342
390141229
142498922
624635090
0
430659809
380832749
563956607
584249616
325996783
244216691
580945512
531438082
587801214
175922622
320491072
273107043
195099507
541537302
370278687
497841345
361539352
425233825
180361662
12585362
87184077
486663429
280578452
471495571
191244043
551248106
543811960
540651835
377988023
203379243
52292551
599360624
167147816
535281699
355959704
665777293
287035264
333155303
656740725
102101626
303028652
241839844
301990650
275307598
160935998
248783189
0
71050265
496312159
621246471
483333625
380631516
0
6653983
25142307
501844208
96944312
94438835
555344661
44914596
328471653
69928820
657305160
93565760
0
88400243
208011718
411205224
302105800
251280259
574612059
184557389
208096873
326778159
473425112
180522208
2646
510799011
528460148
217296830
406513510
421480666
270705427
576018775
266843000
445801241
70139527
558831973
109947764
664402504
156563885
484961249
35252383
11977086
189024071
283368138
664423965
454867415
181635651
528510966
186108392
0
0
569115047
248264492
253610889
164760357
109770610
501972857
87640616
624243599
328782180
18533319
0
51109836
312565614
604016650
588073597
92848177
565997668
22873413
268541323
210713714
154174346
3130536
246259351
13618027
424553659
231936925
96270482
522688327
435615137
223349158
369546671
206969150
581966274
314433093
546966545
148994714
438732314
257938115
64784019
479917120
259417666
108011962
5225238
527103575
210885163
157129118
207744975
148363426
634496277
255709527
294502984
238035332
465915910
147805944
144768113
63266292
153100517
198597498
476252955
272535450
0
58432261
166675727
35599481
442768248
427766915
192438042
443186967
448012905
526005999
514617324
307248179
248941251
171362876
349682321
0
489874843
265096893
596001950
138152284
368147703
434908447
225099006
274825693
176263109
78328253
358847393
552638988
147619871
662270107
199890218
291925221
0
267140376
518936666
93917253
473238313
397065645
460781563
118622508
231020468
383509685
479397615
125891609
243942954
298379549
628665587
161245099
393788685
393364297
254781812
91892260
575462380
52989590
44454173
578315007
462122608
279666213
9077989
129693333
508944078
435655318
512601250
134714533
124537178
384140048
240925618
507851139
27669257
101822037
497159688
323902252
193390523
7749161
471281428
364951003
137335729
225190902
275479610
509375898
370011106
180266333
17713201
563838014
180470690
454025827
115469923
407071967
621434764
6774437
635866890
49904176
626577586
621265084
479477464
647683332
252798555
571491627
378263164
528122517
529016441
5650517
0
342214973
143945467
629138154
440201371
582087047
198111832
435895254
607022934
186970432
117720524
0
119949881
429036673
324256856
0
466048972
277902224
518921067
527677799
0
234883793
491887636
336085104
83797575
267553976
313066509
254943899
100281386
409547490
534839386
446039769
549155456
43070258
480592366
500660472
47421174
94953543
448597020
420593620
257203298
483599433
204744140
462782085
44100818
440862958
142273379
283183721
519573233
318013600
531254664
604842819
384253462
660474619
600220862
277462581
20409928
336023357
166113571
177527328
622665655
234759120
177945488
662122150
431347358
229149504
492360971
409670726
162615214
330356224
388859192
364744187
380661119
0
384792435
69708246
59288769
23232940
97195105
51643406
489809707
211430310
177374903
128330363
525669812
154717864
91732297
257050308
480817663
9561686
175949845
582072502
107737130
443217000
325381005
582697919
8148148
452806044
570128278
493324344
298661756
160481440
582499046
102804034
44960412
413133010
622316495
114474118
408401450
230958832
563373154
178606659
338983732
326290238
412040402
281463231
46425526
0
144012664
323704745
36278748
416385747
331903136
187713031
629899216
574143944
130659758
143227522
522409183
601330373
481073340
126592677
404922398
465719248
447676626
577205668
520583747
25214830
280367864
183856727
17663659
185267409
0
158215820
266265694
424965479
450366306
131279248
497549208
384060474
430526420
534584049
568899567
542017563
195258947
513506611
212852791
621368592
610193308
599784658
621642970
168493741
422184439
39498031
323105058
43660765
630409287
25926650
232725430
134658903
63591715
558900487
317541201
369500298
380917627
504556905
14717435
58290270
208145113
243427853
661154654
453446326
506318455
424082791
249395840
345946012
65463534
378329828
226124816
71739685
0
248550066
0
11662267
633157837
515686363
520908323
346467761
158615641
364594854
331035469
480357350
662491492
470080544
516558532
611681333
57413597
310988625
0
408894802
205275887
31999593
58992227
83975909
355739141
140956139
246338082
387177408
301243371
272174723
657691453
437476942
466919950
663901459
406667669
310360287
140040600
4122493
418604175
176614906
0
505448142
440792729
548284422
253893329
301864488
90173375
23637997
657447305
94099086
327522995
238359762
349096486
528737280
69172478
0
3892575
205603334
0
594261164
429590748
390403716
519871170
145801431
289351824
593884397
605790974
143272285
55671965
479486601
558320433
204152643
576438956
453182340
236936737
366535544
97623665
200785569
574138347
201755084
263687866
47896543
565326722
305971325
84749683
0
472328276
590662105
307610378
496992144
185211244
234512633
604281413
215567715
523663270
26209752
540324422
433100453
0
343029204
299647780
341547573
196736355
188713845
356583600
591151959
503920354
378093817
557247543
118707739
2994819
89392382
380754220
577414686
182813450
656296897
484783671
419003667
484021186
294305657
206976340
664764395
375942198
596119633
634048880
203200509
170324034
233556174
473326000
451935624
0
511384971
638232753
147174880
487391537
364524843
584167309
510952447
320782521
245777956
523297712
208232312
445665619
464548787
438927480
400789962
358957652
227806891
178649270
475250301
0
571850925
165432186
145928413
486597788
400256370
170150054
275941213
319785777
0
29330349
207999917
241921267
314710745
32008704
183893942
281436758
72993618
303693840
659852156
511010376
381444005
661271678
87232353
213301458
407376249
232262656
432854686
215777675
529452598
77156753
619169686
350294000
85766845
521640920
455452090
98948300
457420343
564833143
0
0
138116427
376489942
586844772
162113978
478540600
31843054
62935683
279222959
510993907
115123009
629532662
0
399278424
346391573
651093767
137930423
439637899
443131607
300104805
594471399
0
80402673
589981940
484830431
246693491
184941333
592591575
457470578
395304070
606284030
43772053
137480127
62338948
265160899
515138402
469051939
473941059
0
158078181
80324737
80074968
491424746
46204875
293631992
627508304
529642716
126772722
271358176
195696649
567265032
416713151
124550791
59644643
551311210
259210563
384659390
393593403
0
444628776
181412417
532061744
21261556
642502385
331500323
179291325
466839517
226686494
261475142
0
532774530
0
10868372
389629491
639177896
561510311
420970844
649929718
159992698
427005195
335011919
150804773
66268562
217452048
408177029
138204759
132888190
386988338
511804392
313033858
491253113
552233322
206140265
297743507
15381890
605522727
424618193
509023729
270899999
410867927
655507898
396967938
588569811
438360823
209656138
572704931
144952088
458409990
136037802
190121757
180092600
656193623
17519221
396354170
245104621
618068608
281563963
561951778
441081451
584824461
9021544
354324105
0
46159415
520820513
187881882
471561631
190873978
531059678
356038287
473529780
487693148
72307415
645465046
378839033
158961562
67735719
602312891
531625045
73764762
655373601
143188206
109061968
573163699
382548991
191068441
585438990
107934454
581913553
477087823
131773707
165943141
504119733
473928085
476477427
215505485
576313700
361333490
557839189
417942908
287663107
277861134
618822481
431669850
404700581
488167747
189990998
414707838
388949344
649770294
375243416
157044403
19939271
580383731
640305667
601496272
376922530
121470901
340619956
0
111138288
309512559
271624989
141854866
245329306
526690323
402420905
102718965
280207342
186513820
486148768
354019177
165530706
507386744
44836153
497491437
602011143
21539036
308478512
138800413
551097966
621142259
112996286
290451167
125533677
324911564
409006340
620661690
519964781
151950540
421077649
630434863
262399765
263829538
606316178
361695612
222660477
118307327
104170526
201979204
12473814
332212831
53815172
638161076
340988920
419579660
661312096
634459265
579072792
558567623
545692445
147206347
250818560
542426598
278449221
384612066
446354064
250799228
505356428
76746390
536340541
566316505
137319436
41648020
8931775
330838521
147811689
613355668
162378937
368569473
542233286
139879074
248098399
514072225
0
102774806
479973307
666581607
336989792
628508182
492173310
644778740
133830967
503622608
312401514
622629790
270299245
654317626
427479669
292780854
193351807
107968432
654790934
223923513
372853221
356304909
45084377
242324446
263372898
188654619
0
0
294036695
486692657
560776366
434659564
298859974
491190452
520996967
266040715
207599211
623637239
221179724
45707467
557215575
179769069
580547189
527832111
419006156
0
74168523
273881508
510326023
204319409
0
585353269
113071396
193234105
96369719
466953940
281785398
566147408
493457979
132629045
80604840
64333837
284467777
336780489
509174239
482154318
545133424
454645607
113482219
357563767
55300302
146255385
617140527
139440819
416085838
468189702
179812225
352236355
419807620
322377057
93999560
57765452
568132250
324355232
655259871
142160702
599371094
362859295
74303013
421597267
552138563
284607536
190416170
118658612
67948004
358106478
366037817
278984411
20326991
562964906
607180045
350152406
450535076
391108104
277069234
176364894
15121268
4668118
423920799
666007626
63899465
0
214641695
327225654
582925264
567744682
460159173
263681919
247860920
537420472
640886729
400417698
499947255
402517839
494066217
42694157
647580324
73533749
373363347
306831059
522758898
603677468
380045214
607005663
656956361
460028489
520567922
553251866
156769653
429724999
512072663
490934902
229777238
391408985
407849648
491912268
625606473
634236041
114646111
136950167
204582289
556422849
288851469
205653768
568069860
361290547
502853524
110935534
633697372
232745529
537513693
497521717
163794870
246198670
108486073
336682889
266273826
624421566
72796624
430005571
303110298
216020848
221698103
471411277
615181870
484575650
0
424168698
163819678
542222861
408513922
531482922
618569126
434942639
575544567
0
294142057
15633236
12980778
363194198
90464443
467839005
571243901
181182042
0
461241900
583152905
555595593
619429283
347223320
620090164
190935368
580436524
598350437
461347014
512711865
424949703
337288523
337633626
337418838
107513122
344947511
298640834
274465998
315458188
635110410
562027065
166159575
457777421
500717213
528546840
587627093
576941493
299539048
177829351
12406587
29092314
172001358
328222961
354970565
585904985
649780846
542128902
500689602
593418913
130338424
410436698
99334782
37038130
536651440
137991256
53313259
293491026
50781406
556687210
607129381
179772654
328896929
429123327
14442914
446684749
561386841
99185928
87997140
224576426
273427509
221167618
388303901
630948767
37146051
0
213836148
364955570
379465771
226411998
281090808
621937713
232894073
370704797
663094267
319283531
0
604889152
64097404
588881580
580325187
0
431977919
575102626
430539929
472453334
53189591
292951717
364327481
218350451
142078591
294213484
137179706
0
15358028
644556000
348848042
202912436
284130067
431661361
204404785
463283301
640422510
385032943
348629604
570220510
342090666
136288683
388822162
331106377
122100455
3776447
437850746
132779963
0
637771700
286992181
362733410
665930661
582054462
407661949
185503311
649822894
200526657
201764943
655482996
665656486
666055258
34297049
105755336
123905122
559532370
420092189
476774280
629272216
491918551
271674286
335443622
471754555
93957683
384779395
258051627
252489971
496772221
372539492
632307195
432750813
247810199
11761783
590393730
36108809
625231964
439785123
43099318
361480401
620662526
46296184
636029661
0
216245087
398464059
112410070
106496339
0
340003811
52403188
269462993
449582058
616745775
466333421
505738532
463496538
102795111
188879321
37708692
547012616
252024895
195385976
485961879
159953752
314081010
0
492763546
0
535269903
124008440
283658847
553437855
233982920
664615297
50144513
22396593
478646223
213984979
543340102
341733851
426626783
267682273
526631091
593335965
356079493
415033893
264609931
580933125
37379091
604401628
546126446
371360877
416163713
355753485
544992333
295477834
313375687
156040900
136015410
113666344
0
305301429
236979132
224122995
528508186
103374223
655655804
660758986
163759555
375242529
121025385
399890062
171933857
80872086
658020354
434705261
21991989
130359437
351760798
609169086
650520637
150788138
195383078
219011312
178301514
606881031
149984616
62946788
33161468
117313481
123475013
508153272
222167103
280817240
237114213
133690290
272820956
432110463
571522629
582089825
542282561
533550032
659979352
398994021
638942208
475667947
79609123
142697825
58790262
559591687
323850063
288549335
518170966
231559585
625114950
533792509
301079790
29189029
219701524
278216363
510122295
559637031
126956884
199243145
39612702
96546561
223758700
654948945
599767215
557760401
121937522
666044617
16483592
156979602
123509429
577493397
29110895
40028760
287029717
366662466
648669794
70995651
124209651
644624503
29332751
311863091
228162727
641802195
320488065
205834223
242260945
249151933
301027852
354322164
376574587
529166324
55377143
106115842
544947004
594272091
339767912
411598185
205147731
55721357
69806640
307018632
665624919
321193500
240908135
627286300
293472410
236508035
406406750
166966863
534374764
402574056
610956261
455797983
388350213
537620339
187986583
536010865
554538767
67258895
198766093
510916091
393315475
523426682
337885471
143234003
287308087
199554037
377939392
82607528
605416459
332792755
104805643
508484077
431728933
366101327
481232750
317129075
44620307
66466997
614945913
503303497
0
50575434
386154784
208225959
369507667
506749107
398723307
382601121
356390683
413713398
136428299
640223393
454209931
0
123778972
361219652
581869153
284737960
293403729
541840737
392635739
498934726
107108667
354993661
66096254
202019562
352166591
559820128
332653442
143326965
383122229
539486104
344787153
602012207
327971924
263895288
344091471
456632587
534642514
558568202
288925212
525191318
332562100
329013029
293066220
552099560
67379139
0
495598725
462912077
32656785
580503239
484307985
636648432
638579713
28061655
390782819
197558151
183017284
51642882
159990506
423327263
341384793
122487624
444693893
432548705
404356574
0
329724681
547500561
517710544
190634013
49229758
618510855
394731323
389101289
534137243
246472416
186780786
139097879
198406397
264484613
148166467
17644772
304260312
420909305
589024065
283535009
628339557
0
416104685
442435896
351019560
212472575
226439883
143097932
539351409
494288539
469332396
544521269
479654245
98594076
104492418
355165556
531685572
111012477
255349785
120306277
659685284
364795792
267433708
45282804
440308407
172622473
536693437
21895590
512651977
383334681
349555918
329266657
421943902
158867907
232900583
413811758
157044198
201089307
95198044
73885328
543975894
345987725
111961365
519634211
551462635
445332372
244497723
539783202
28034365
183963087
634772174
0
456957530
570981655
0
634771020
137153668
142692965
126297755
417130576
256685356
617065422
84182406
71730901
528495352
511855577
394593313
172298179
0
1103850
437715291
610030141
441520441
25514919
412617776
635963720
378571825
480774936
496192256
256325741
451777048
236322102
441434248
365727433
383261190
172811497
404067806
158781332
418538288
358970432
593705970
293037463
355292204
314684236
569136966
419199683
351784500
493244673
538031906
353210280
555442016
104680130
662160106
12586624
168247605
320904195
501606892
0
578394465
253393018
511002808
221550125
354914186
357209959
85517981
27603122
80700381
394705905
76650575
647806179
332138152
28378171
257122718
268045764
280355249
347496632
581411574
499295219
252197329
658644982
353913490
215610311
195167378
145007975
599297199
547838854
187179374
1342252
77180846
478138133
152390800
225100011
93235339
388873541
353039487
10614114
292762462
447231083
161647539
408388948
368587918
207832501
474428698
222098236
151333051
201969905
640157547
183561603
617438972
0
625373520
498694902
523295431
326688483
403285662
466288677
492423600
438364632
107750288
486381186
239816183
331716992
585625869
204553283
570144120
584809971
105140505
565289800
609490099
307429648
544742650
99431355
46909361
163931189
505014927
225373648
384415821
246955134
630938761
0
297220672
483704550
557181337
194980999
293477975
373907099
600873126
437861651
223922237
400236945
168878197
100175130
305330824
263788554
233281538
569438468
0
200460789
77237421
362733549
559013525
286284040
414492129
136845191
88982241
363804197
386158648
186713222
302801385
206520881
451215234
638417731
87161844
437175421
252642801
569562534
434794010
411845660
501232498
0
629603111
355523246
6056408
375853358
434882091
652243974
500431225
369106280
89505789
355086156
643156907
339157707
453451067
440395833
467229999
184263724
388490078
437210353
662789863
353122834
345328133
521792751
523002990
527779601
526175824
132828111
244623560
210676461
39702929
0
318128722
201306371
168782268
491618511
379560319
98701305
238637636
6489082
447838725
287353253
426791309
360317412
421236125
424817357
566987085
300741162
0
395929841
359685591
602996592
225384079
0
580483853
113564622
459675440
204287657
389726550
78158624
397885859
531608218
57411408
178441688
490529505
553257845
140048126
298662394
44750721
583613739
287760139
159345265
567991248
324662215
494790373
600137113
554380180
0
637753802
244266490
11018292
57005429
204205116
314868787
23434924
280033533
273491951
377256208
237200723
365386547
661486080
299427554
465264769
124880265
396844851
179208859
477111642
236815220
367343398
619160613
115096504
101150566
570664819
558937334
477414331
0
430843824
568411429
149023485
595229123
257047056
44508380
226507486
190880961
132283178
438308686
432827169
339258240
399183341
112278485
274272487
462856279
612155866
258935818
278363541
374629151
153451673
592256267
397128415
432243785
181475207
222398227
601246803
78844685
628676723
488496122
190219563
535476543
375106149
530971370
25354804
0
84636157
215636033
417618313
532793050
274742979
122354887
83032255
436705274
50880391
382659279
157208648
0
402562356
453752849
260093396
127144756
507939455
543365415
409324625
465307446
48088070
17166688
48879426
247053479
476176891
268251928
117349199
636505399
654742008
163526608
77034706
404652644
0
322958282
356799232
543632596
645694149
289152055
466552987
441725879
396831828
232355727
603435760
518230845
351008341
304072379
559530173
0
370444959
169572903
322889099
105023976
461108370
483290762
238727949
611112104
317878275
0
630548844
150800816
299226919
128732569
418621331
0
577563505
443203969
454281822
369425862
494479466
175153387
166248788
349981769
327428768
27611457
320578082
327462645
102877728
523445527
600234861
551716617
598896018
45126586
272263799
437655900
310209880
432950836
484197464
513422129
482591067
248422402
604389285
527927988
312888715
76014540
475467812
0
586418289
538074170
415862046
230225132
437403802
519019312
270404420
512114124
350745275
630053402
626321338
9327643
537749050
536580670
382210643
486675252
38259616
77267018
993531
247142539
640439908
426251463
303524790
430419914
107617203
369743393
619238780
86171470
508910848
644772937
0
294441861
94740283
75629219
556903547
403040829
218913938
465121358
145948225
2006463
464699588
459216980
77511399
341116713
284395145
425456833
211599670
147775925
517286909
169145603
296068176
12985174
153960462
81196313
189842580
211331205
382107047
329427031
466585522
454614078
387079090
529313900
614947545
44513079
23882313
142488442
515029773
565352857
306275780
342010547
313217008
595605898
105695284
230732400
81452117
510103255
459382803
637915735
378823769
330004225
462319624
177045838
242979990
153798889
46221214
364593077
220817834
325426862
63447939
170534678
356735234
465296093
217195234
437714689
566655014
263070821
447624243
224320719
227137155
406364998
29777464
422391205
68949014
35498212
484375984
411833045
377582831
523144396
475538071
173611744
294512749
164760124
493525349
304374501
560742932
453941002
169494436
308402012
401615853
300517662
634453517
161693611
129437950
618189042
572430270
489952820
97845967
137631560
317315002
53506444
285046504
137748326
368071197
451499514
610321377
558646225
129428160
351840853
395831711
405734603
450335739
525238169
411645580
278965841
563958134
535423237
510379605
649228185
573371082
654499402
354252026
611956461
592669123
0
105995680
308836498
119754478
0
104690942
187609397
179629362
656186016
318124842
122268460
27162703
248535525
235564399
340928363
136959543
191752224
360620852
200496097
316552044
379036957
536626950
569824166
577043758
636115230
273937293
337080695
356221689
651730547
69281683
44082211
5806648
191270452
605069420
370740359
615024105
61404728
326350748
108892189
338947952
483389809
636356375
91024927
44810572
354424038
65370963
203107156
141434794
413133729
329773285
0
59194685
252421224
173188584
474158731
287121029
7589229
605885768
309409474
13651125
428773768
639124852
348119033
235452262
215924835
243811848
177028159
644772060
499039164
320219192
436432215
185083395
518161542
4407508
589047258
299404508
220630488
507545539
452441477
610082064
374829367
349794582
255044556
0
264354954
559424427
499829932
550330512
103728588
576760429
171052790
101455067
576355112
190188591
74353831
327373780
127850304
267076699
389258227
0
4649861
172109320
259826114
524283852
563961276
264524905
535689879
656915777
312176090
647263231
637162731
5463258
254442757
258704778
345006854
608293284
625773715
301548054
528760454
261472036
238421038
295537201
89143105
571607092
394542119
663693785
317086579
426598750
0
342208692
524907928
143249843
146232227
558122311
155741886
0
315942788
227535287
129130738
444058330
140069111
415341094
640996612
364438516
309443187
314674384
0
332410415
579691222
584182528
373748422
395166355
10617344
380152025
539035825
163497125
598728667
539397599
397443580
394597561
414810455
563752853
265865425
273473755
520044097
305535956
248826189
242599873
32947365
292889726
132531530
474258710
301689632
411853646
363376531
166299117
253218235
144912128
554113879
276603940
0
662212376
652276038
257127447
374582623
293130034
168200742
576041676
500058593
480798251
500916270
40762953
463134050
176270969
389309028
363912869
97009949
480288280
393417837
272454737
564397845
613021652
161489881
236033830
66370438
384480672
418053922
488373449
535137092
259635568
311734825
110819187
647616431
494008293
570219900
172274824
219028764
113310979
520156090
132038778
158624505
528301638
394580122
547317208
177861649
491676511
162370520
479457841
313221203
560895999
214661035
22521418
19683917
148985177
454536802
241659511
601128101
196179235
237923461
448295305
62965451
496911998
38040196
181825096
351843132
554618961
16182001
157338651
163645870
32142876
517531957
0
574173653
238109093
620872389
484094111
606317719
283088687
569645111
646593454
288029446
636268730
411927651
450289963
359922006
309296769
406651667
590909837
251607576
264135387
386031016
591519746
178689629
134191182
175586818
203483436
261806296
353717822
598551276
249624146
158068775
281061700
260415674
215188137
645005065
621689938
613705085
0
88418970
379026500
368056806
593139492
7836558
106617429
97555384
53772322
0
108756258
342205887
328957211
595014324
323372450
506072637
380467056
120626956
204816641
143414282
550454098
581628202
414390472
327046571
408433722
306891053
532507667
433007747
247087542
369564918
605490452
91694070
171680327
353471381
556037914
51621843
344897991
393967865
503270084
425370739
134891648
146177480
349546147
381062969
342427211
285580496
257124335
293281918
568322148
346467249
592484360
395180559
203843452
275880298
330042585
42573876
257662908
581705268
654967285
297984849
278932821
658594919
169986147
592893936
618632903
416614504
567404705
462521712
119820774
129327852
570315242
263787887
147453152
382838896
520947260
400189155
176486215
408607589
357064118
218610793
155306134
435713735
131823381
539059525
151925416
315606055
424212960
0
462062672
658009739
619026814
581861631
501705365
450997068
242150035
118335462
420766242
521695254
0
462056575
204322189
198788797
638250090
270494759
231923392
350518779
404157829
139446109
661881077
0
442365988
97822685
456738160
525050041
68165844
288523730
109624310
152109836
460892672
440351151
125000803
16405103
0
80121737
494446180
622385801
376429455
392639021
424002457
296706041
31932177
60610886
237704377
174779137
13606490
0
638584306
663441592
289544881
298290734
0
447060255
460162886
610680479
478853169
303016054
636509447
496089036
24665760
203018439
432356232
428427705
153311152
526463923
325266533
245228774
196104390
559634607
487115026
369388201
253280304
638952075
337125056
96037695
148973433
299363241
295585223
379181975
203917258
405423497
296105111
450106387
613533461
604874643
263110423
551928392
88056537
88861305
624082105
594069809
68667958
279479976
131298027
114282134
271217266
348750206
245235161
470524576
450878879
459895637
439259097
73650210
58887083
263032281
484496860
513620650
117161063
0
83598007
353682156
56110245
118983512
401877855
434771620
384347236
170535659
488579085
2746370
536624807
480944027
0
633774110
510151471
136526445
477023679
335340617
631100574
7170542
232945818
335418156
0
199782482
22910653
568091169
39105307
166587968
49995463
452316913
0
486996543
0
210013
152592433
294623430
358033350
463093839
59717074
304597402
539282362
653519896
314066184
253125978
86689937
514318892
312078891
393484662
317363035
590243745
610561250
6961118
567268534
438414532
27149117
257371018
457325984
239865497
299647835
647916592
606919218
545799016
157155419
127605947
565821458
184020391
361796151
596995338
281531285
484306748
263835838
236565395
154727089
161669348
435836652
127468027
23203472
53308875
178291136
447156674
197980703
38086825
54712774
336186343
30894814
422262247
69946420
79010525
654694220
160903189
373695760
107171187
487477411
211840162
0
648810970
141711475
39243971
356882749
184117236
114709618
518612537
0
449321860
226611217
216096406
224222249
225292481
409648585
582566575
606300269
423090563
0
212242160
138180061
365636002
660729304
581943201
54127631
234759002
401505865
319161201
293639696
628581973
59865279
602476710
634038037
96151146
525803199
635981298
499257464
604038832
290983655
546467417
588528956
608867998
276623353
353512966
226941891
86124888
493980544
471462575
454374812
243584062
91692628
63450955
558969619
246234133
134594389
628882672
339616356
498629228
543202032
120599241
219123943
146059201
58622935
237657656
136580901
648183919
559715254
105657816
0
200487132
553060417
151606203
106076319
535710961
535226464
357782262
227894673
244735042
343841437
424909060
16750358
346124912
241898166
583023073
276189497
135738880
664546799
468590502
431074202
0
485091074
367594836
368562890
187156442
429850518
113864011
249481626
139249080
238682731
228436145
0
510895982
178369623
254900107
168357181
293914778
73445273
466014258
576396289
659314518
0
149236387
429480865
187912266
0
331643522
262231841
575679409
67554737
20545378
136006721
643010694
464551631
229164367
59486384
69247241
280764268
41533490
307197674
208966460
446370602
566018147
526208993
14078796
303198859
495640147
89331103
308621463
350391754
219415412
46838330
72529119
0
336621739
362709729
558162497
109252359
459670534
171662210
223386231
248321
245341791
316358891
86277258
648117228
56633724
107973104
64826378
13406973
94228354
320249570
62999120
366576150
74581412
627385004
226244446
599075647
81835598
388047641
87471480
67258855
327685874
593270509
443458053
632347224
304458330
326150075
249895301
432218287
404972313
586738489
164044796
621735187
479120579
96347730
519265846
372827931
364608094
487205991
38608540
255850426
256272383
583586230
418026699
40393358
334132845
665173603
574994896
66592102
2696042
0
579501011
586290864
644362468
0
112836802
1127080
581328136
406872835
454013211
0
646006071
10687867
349473279
164801782
91730106
257330175
230621623
301137352
371270413
152452135
291747099
521180937
636083470
0
530977892
424476637
608399769
279876947
581063427
241309017
290100223
384086806
17877262
12360443
241711750
98355855
112031101
61484790
519856680
441343339
379424639
557031244
93556950
357754986
199934636
585018113
352876673
572791631
285158518
184849906
228922965
288619898
46398046
108950627
360146094
504610848
446349147
334636781
35919250
101152555
444422387
479503031
537075332
517663279
276674379
40720152
52393738
254517318
196667784
453752432
286503309
391171164
385246320
448851408
655369466
563074238
243814330
54144568
638447753
154621332
633224682
345373255
118621744
138981552
461046060
545052603
0
369778257
541161853
205820941
300462379
357544570
96837599
458510624
653685541
51288482
582802958
636117236
246370722
610944147
628417027
481753924
188697324
434230140
149623902
72894374
194831653
12565828
583567233
632530679
593488174
139350168
615651483
593271554
240484921
648639040
604664584
612216121
639653744
268624857
563489695
189308757
309951138
279984300
146523081
608567794
598835019
269578744
316412973
365329846
589024388
151279953
123792791
145151899
241263536
180074956
399273313
452369881
407931755
315557118
420757030
205234188
424815875
76023916
417176728
648949858
0
366605002
378746584
173877301
638240931
157269339
504208445
444896689
0
324889997
140300115
657489727
86099673
223980285
459167532
448527558
513970557
132386366
607935197
194088606
224448348
188714877
628951966
318457331
507512780
611155185
375049981
223809863
268440029
431894
511844670
0
215247973
582841295
323293023
180514176
394769325
414327108
537444772
100598470
166362601
317571918
195207799
401130311
385499017
289765026
235255387
366954745
78835669
509369549
652107049
270088271
569962380
318320095
198114896
321607281
10717557
139910591
216396667
294560968
631674606
318775431
326447814
337269664
474112295
573505139
235954782
70398706
441542197
338614522
345592811
475604117
600632644
544420300
545575901
35908846
82757107
544568751
612401350
417597024
599253823
487883188
0
120028969
525026374
536170962
516902325
60111496
325924060
63323660
314953975
169245035
81060533
544763449
657026711
496095612
159747946
293522968
603703158
383268446
149237342
231628925
396141075
352084786
255484297
650344269
140181308
342097991
605084885
161860969
131583015
546363105
57403161
64541435
646787416
194187666
170821966
275894382
481416882
8065824
436755437
459526054
180105041
217546829
602180103
121267921
279027227
0
571970484
0
0
0
295007071
507930366
63294517
0
0
363395867
216390349
52239183
475268706
444751599
37463078
146054077
411700734
234499634
148988758
372892129
403132441
58482202
537715004
663835458
564072036
82299318
293563807
39359999
187634962
488771664
360353089
102155840
456312410
165457020
243426623
381860162
561164903
597708396
309123466
597833641
416377648
545333731
421829287
26022660
652311997
150692412
92214501
382180523
350502998
607260839
455769006
329069418
386115773
288387315
507169461
130621896
372342402
468610733
503057999
236723719
385972011
384348148
307465841
541218885
191667913
349771106
650462988
612491600
575419280
19037637
272729784
496232847
639791151
364781433
296088419
314621184
203484258
190126823
381722456
238383755
206441350
661309321
368681448
574220343
634769654
276175876
666489285
575030260
212365332
121378687
601445737
563969181
378492158
78491470
93175105
162040564
361915168
399598436
2743828
543708463
184988929
332878180
631020614
29814743
88169583
620720756
156568319
590647429
355776383
363997898
565386854
289505601
0
330187588
470340213
157623359
635449216
334834410
450812878
131850281
369683570
377408075
573008913
19870161
360751556
601412034
42355141
55179269
429225860
68156867
277842327
387599239
215470176
381392533
97494208
409871864
260985994
127360370
491601287
0
389155567
308676006
505706285
30189064
0
131588311
199925603
265059007
486128519
256307462
580208502
626656875
659978704
646463838
33806291
570039572
599610589
342879074
243559549
223915947
486834272
0
311989604
312675997
247928130
592052324
484799533
440413650
110210370
641742890
287906439
603611460
242530197
232703266
490389348
141642621
102233953
336872984
501273520
548717333
0
416966324
189950703
125097972
602868248
585760698
322283698
302419465
386061569
529481965
0
524281526
621807896
5743468
423904370
313981209
384567564
450452648
36319795
248698099
507229027
37905793
10095799
594471948
357697535
371369570
45664705
272781724
81578318
486771869
253073781
236690404
473831255
267756959
126617016
234132115
506779981
538042320
556026837
540477466
320719063
176196772
159291101
557974917
490152555
242430222
474038110
0
429912250
209146068
514661345
139348586
129468724
463782663
0
634481088
252475560
14410117
505773710
623310901
169153285
273241046
496095928
16106115
444968276
16891605
213636082
617370389
506228753
375731851
195099817
123861490
648734633
73490471
558796913
525041290
572579370
99021806
365171229
437836646
366443797
277158065
224394562
473524505
322714962
1542224
202251578
276577452
388120406
441219141
325258926
593262044
272148963
214941498
625246409
131722908
639529307
517440958
82718634
269694984
208561093
251508697
502094409
422596605
542564273
0
312680457
277525490
116664900
398612492
513196882
57999475
250093644
429494437
368293915
314631516
334974494
0
631479591
122715562
477507748
287598180
417296423
107415277
140550554
15209088
42172182
139246893
177732066
166640554
634719174
117005197
169932065
245036883
503198346
473233144
217259310
216129095
179933028
593379599
172443287
635718179
497735227
662535996
622154305
463463683
307372638
302019644
606117125
261134694
632840146
518224177
320048035
185684642
238590198
412641805
621095942
292878845
561432602
664531992
239825377
165219858
308208083
163326762
499312198
543780670
48769658
302865576
634220694
243582432
175825777
157555950
516097214
353172006
597550905
650380628
183489273
229202596
606771741
407967734
0
404422959
541183978
504746978
335215350
220046776
583354415
98681927
47478554
0
425556423
398811624
56624779
120159452
276093900
306042571
494012926
288854063
181677764
99936816
198580689
634749536
204307748
21863117
662599822
498559825
4196636
271253313
374970019
197889803
257944825
43656627
270954693
0
601414389
561888824
493726921
410730620
374415772
529498463
0
46416614
239335806
656695512
117000627
240814083
613962776
48356239
162131720
346346051
486328468
666582677
277209678
382213789
523296348
500708319
19987740
10346721
615974676
71263875
561981382
0
456713206
633602845
28856654
98696380
397693494
540948889
396544635
311091374
297630851
197922789
308880077
464503249
111515838
646543276
303739975
496227489
155035954
408694356
198598546
356083030
423471831
141425772
593225689
285912582
248487624
530536157
492853933
254917103
0
0
640290935
283959252
437231299
288589692
590536210
206858361
201412757
322382318
23867275
471261067
392078794
332727734
582316664
138966064
462830302
182689790
590648430
152073311
539274503
4572394
183484347
658139442
90818078
550424940
337092762
4985207
475657751
210279489
138088982
539530823
430493344
491005066
553766818
320937144
651676850
107735991
368586071
412523070
72078556
447507589
196318428
313466240
232482705
441631724
298346511
131431364
384606959
568519413
346841179
247009252
603889920
10177735
483661217
523808543
571082556
371159069
76540968
645921877
316827700
346659683
109529768
640105312
437716455
636731724
299066567
638792403
135200047
0
521916208
167633120
341354079
662664469
265116761
658261515
570644532
74805717
144707175
374040113
412411625
0
661274154
99700149
95500371
140325764
528995267
425004843
578410389
0
325516251
64652985
517529498
395737903
575995320
0
251185538
616033318
475071392
499196175
129743266
242086623
599137866
460906806
662809427
622522904
630859989
541614907
430792277
432030667
14386909
354762635
74923001
268116189
369911625
654494138
336400377
336538337
38194082
577309538
6481145
134645576
64685454
329789279
572962560
132720877
153191860
550789682
343943021
20544889
281025504
514708807
308646466
283793518
351553986
191084667
610743611
595541504
575938881
307230655
229470171
189869397
613821032
270436833
0
664235507
57335838
383074432
111225824
403945996
162405894
980862
316493087
191465691
0
518924352
656802835
227795525
567769936
575963521
448230878
17665618
320071687
306958776
0
234325663
605229858
603079010
114382820
442403174
479117826
663102761
564492806
442267927
517351564
655012632
455601299
500295636
335558882
608465855
59489084
511038784
58162109
100222189
66846694
437084768
426060919
621170477
466499268
277549474
516759353
181213138
578285181
399775258
607000387
218577304
530200653
158853973
186218328
110400013
665582102
613452504
58946623
42088520
306093414
173785989
353735701
401936815
249255629
519763016
338916000
168965961
260432372
159675306
630302675
320582714
577667611
369094139
480508278
140700350
639790724
322982984
139477850
290589138
413426588
9119660
373226714
202898146
636803763
40060544
529657117
66039642
490922340
394264577
202182177
651621104
23263131
218229967
0
342330919
442810201
156726931
365714154
385289122
394242714
146042069
356917029
606250817
590077890
228324069
350797980
3247373
278093292
338383922
652385667
474412031
417334911
0
309913453
366776681
0
618674635
0
179173674
330804429
332991855
629066551
623132596
377553401
7406631
260291931
10396830
283272212
327256434
288910166
584271991
229950753
93126073
426278318
391727867
392337316
331370111
243758162
543972693
80183698
340501018
176895494
336328071
273602498
165713764
656072810
524212958
64528525
330039173
650257129
211245769
649926947
322222709
396328177
370321567
0
0
217044879
49482995
314508062
144361698
318397656
158299894
600011832
354585383
232303491
0
551937181
300719624
158700947
546834429
456064360
183045022
626616113
413673995
290217424
276213395
50014605
233162061
36414521
578929839
626285897
169191501
412674557
154315113
211905103
615296484
454665987
211310036
84301208
311629105
12993542
381688021
593196325
484320199
608680968
175706754
113421490
596036759
349377239
150852439
44539905
500627652
399955833
185366088
6812310
598702030
509609822
0
281541952
365237206
349101909
419928148
85139136
223941491
25107252
196935813
261772488
589844290
660226316
32124223
235469387
518227867
498817038
290574601
0
142605249
171712300
124402678
468360710
105950034
382995420
328052970
506171930
201036571
242399663
160566651
181588178
178282567
297831947
465091834
125312721
156295410
44874451
168393505
522617962
496252649
524546594
529283782
71437299
33716516
55296764
591732630
448815366
246922102
626094502
340970871
413217366
43522823
190563926
315128275
392442986
221769618
275604701
273480201
92146378
553028574
382146481
260803912
469240302
477862194
167914744
360895078
388262761
413474407
317683038
46106273
213491581
107485284
359312988
129906631
46446323
287409193
363313272
77076393
532574828
20288344
300072920
234759237
67343907
231385110
250493744
493869585
467162128
652909227
265998584
631140724
530739232
458722963
225093541
220477511
343102484
614424367
405701620
659016478
253873793
209580129
302701975
649296407
484315115
639742378
555648683
242172319
430129221
193978393
312510117
655399877
556929823
452527491
157509271
38135298
665286459
372453643
276219430
487230446
167734035
12517129
134875450
0
661547803
587848142
406516028
56060719
525107655
343743014
277301239
387233165
155719123
206731024
24449912
0
139118610
413262881
645915598
565476836
451984579
1988117
652354863
229986747
618906575
19672437
209271693
11677716
187256558
618749039
36230016
235845163
602842977
451338401
476669888
349175170
299552905
619540159
326561879
228484739
92248648
94291533
615997835
651151368
518753734
75239955
585534091
219251864
550670185
350877375
183745276
464809969
29523197
112552666
0
194900763
31716868
31845442
563453073
475098010
23744877
327605735
499300441
428159049
7160856
637434518
292988466
544506718
318594054
315455732
177225396
579787299
173145662
560366631
235716548
372975151
194634148
436275793
284771624
596768369
57330445
195527562
499542788
330671688
250250744
111641060
374155517
350982972
484287374
101386768
196695391
295868503
338982625
165871609
409566401
497158358
307342651
153842754
340094717
542303389
0
524883327
628393805
439716448
465809790
537937930
420854288
476191932
323920166
519759505
548604484
533865959
112138216
0
167285918
42886629
507889819
549872433
571690293
648460176
191502107
200130425
159478363
0
177666631
448769300
294458812
174865706
584898547
211519927
272727739
13743119
204458476
69917919
361448514
162277236
539369394
592474810
269170661
435318299
40228673
221792531
327584918
575364160
250734577
590218801
145708016
184588924
226031556
155638368
237798146
334858234
0
161963069
577980835
246406856
162719767
575201435
150008988
586856488
334956801
376186522
182608013
140694824
540219625
433169200
561492757
549393236
293385792
140668601
416804091
328885878
386674968
633193335
478094908
616252597
97409407
494298622
354955411
596811244
0
132603437
98736041
158596242
181477482
31973240
426764709
32917085
495898020
570447248
604015384
206972226
77095286
580241283
216467253
18037934
471852907
485827134
268785839
18903491
397051197
564841156
568574645
458231564
552536124
609266132
294906867
496466941
630654402
247286735
59285536
143014374
312133889
576880731
369640612
2531944
105593193
222180127
584525905
0
388127955
383764134
583361454
375153116
473328814
209886553
275917239
371422160
476357601
630726879
324624107
45185081
468626870
480230658
462731824
346792313
549781393
498089994
376200308
0
576799224
44841521
184245443
467697079
274124602
303551183
0
595837283
60725548
648757833
260308458
190770053
57594827
144146533
590528758
641786730
319454368
0
644741980
506748824
61260385
560399381
108519050
47781511
0
62903614
279570370
203168015
645691053
665860762
105214228
499231134
640623165
327088121
81878819
195164943
180711905
372725097
273579742
335477753
8783894
631541058
238650854
110718664
659044749
250465800
480134969
624090867
614404071
564553531
124583976
596631419
242813215
330924980
515068086
189697435
453352983
335480420
452048072
163180593
374541325
308661029
80833025
120885097
472454281
656773882
390648816
231058769
140491870
486212810
452364446
532862539
459801727
242582804
662468998
77971845
406354516
137274846
200452993
168103570
434862422
122796544
528734781
213706858
114671055
609331035
136564923
528043171
186228961
546270952
228048573
370312750
454219051
360689128
560491335
337708999
283395340
415588342
203372610
347771641
70328096
626158825
337463088
24407592
584097339
185528051
651461964
466580921
635497902
165252713
265565695
330204920
358321744
257219739
309293891
54763283
479157441
295129400
598646721
256914054
0
100043763
307429433
259817296
282354466
0
187953559
267147357
101380582
610559632
636001190
357380228
598867794
126929022
103167697
330698632
446351920
664884176
393609116
649062216
27238288
56436955
209277725
545107251
249256621
416105457
367347433
234397147
19550714
483663280
488024259
545002258
581121866
213484393
364823868
608052929
601676019
275540259
222057259
647619207
284446112
578910629
191731164
389603506
255299015
225615154
515822884
311442357
54536238
298072428
517946462
497178477
140801762
255655308
624036474
190998133
588394852
463836977
530319678
50613084
78157129
359825287
162343698
627844412
523376531
16767278
432844481
613910924
608607807
113423655
410178802
539160924
83593965
652059901
312549198
323189018
387288042
230864794
124129933
53474863
191718363
250060678
330159652
120443237
369168912
434016383
0
258280708
111671060
164967561
514837662
0
173425128
483354251
248300950
90357877
512758633
542995368
569079287
583193451
253778761
155171475
0
577304555
67970420
636619800
140033654
425760701
381811512
352406243
452628040
280196741
73856432
649328081
102448856
569536624
531101384
261350248
150767654
478042841
268634924
309756760
202456264
110327824
372260987
521596139
0
35832969
113755736
384729062
32328887
183566172
251858968
222349031
636915693
368839748
499303954
577336776
172616957
422671090
259692927
166922214
273220999
233226400
250793518
465785002
390345794
411401172
249559893
320178626
543445481
181724283
457055040
296071585
3711462
354783494
481177287
361556623
438591154
392423041
532841234
624664745
321355239
174638175
34679398
562234092
526564467
118792804
644512195
160386068
67357825
292201688
639874491
398865922
55911479
373288427
563568264
92730485
571260267
396241148
384625759
640931492
69446450
657156339
276856324
325646446
354924932
652576638
374286122
198685145
20930526
443764893
157146560
180594679
276977946
353541663
633805989
589320909
256871197
170406570
545446012
0
278416626
519962790
1225124
202470559
226370325
340534449
396183577
424005787
150000645
503725595
351334109
405814718
251591645
215838420
588334054
94945494
622708580
383702464
270405779
141059863
354476024
226191205
561241878
524812726
451918484
244828470
659956944
542176853
416042573
59876388
434169578
244896238
457084117
87503522
282422802
471606835
633692234
16125529
340038151
437381085
122312448
464027145
336950212
621793416
242549963
401055276
103011912
191356061
665935812
532369898
632491617
532378838
552669902
90136275
237663811
411821043
477265178
578237668
0
444792936
550983697
18595176
233141594
525928245
333926353
41931850
344444065
320067636
129686549
532590452
358256237
630472961
51051994
393097304
365311637
297804117
225119627
643918215
269677841
120352051
654185781
378362224
356589916
343660338
163359678
304395265
316327341
601847114
333286427
395524625
385909746
365037707
608473025
415511987
275420838
458935197
469392054
245199381
256055583
533826653
0
353889068
500945744
62671929
15264551
64774920
247713452
524972690
36543723
307986055
361809727
404914554
340270269
514388842
196128959
7258807
629556388
417319714
307009982
533406325
550712805
328995918
238236800
42413763
92903514
79146432
504023010
540195566
8936703
111415260
50742983
65142726
616856257
0
91802353
129671181
277353840
41801228
0
72528254
487216419
585183088
84704322
429172363
446899269
93417003
330850459
25430227
133374087
123321314
143822560
665917044
394933464
373606899
306724103
459079062
474898087
489504892
145496358
220766122
373110826
432709056
0
604768039
370993963
221224396
193828202
346591631
256280216
207588543
49237597
310718349
618546598
614204709
464921432
38624272
401475087
450341959
498928911
231017005
295950130
613993373
479267506
221140679
496265431
264060526
510400023
43007969
152464594
405543454
621980925
60499850
513389155
166531703
453220617
214292744
645973364
322810429
90294393
616173413
499237083
360975588
605069822
606338794
182889176
525870033
636845662
577764870
400085817
118729903
547776877
413374198
405538377
326906651
522492083
71158499
0
398457481
433136813
131781350
189417356
0
85826726
538325788
184874723
237539831
94708390
388362550
594637341
179727118
248250890
519063403
288047613
311930737
581758197
648567287
245744577
316212431
123705934
588855627
337892054
501490763
149081277
24541714
34156181
534497883
543452067
161954420
127227671
235296269
73254446
259073342
487549976
165082095
232334265
273268116
148052741
467659645
261492064
297039241
137609078
495716871
150126105
291899984
44867952
0
104537556
266249877
22954542
136730423
585058271
660020765
57356991
193418504
629339366
338866248
472051652
527950210
369713837
470564322
336794707
403161151
544081027
351672210
198811673
132301312
49853675
625262557
484290331
646267945
308924690
4349007
386143679
37605867
640327055
333200983
156116503
539163303
0
632627984
385261921
134053052
515245273
137734468
399534036
387605025
306056756
442563217
209915576
437495216
634760860
545050901
535063990
561149351
612704678
223668815
316958053
102988210
343950097
383673558
204328402
507799037
641952473
334508884
345473752
639488885
662150598
386543468
250218874
564159744
604412976
321929087
50716686
619531106
582183236
164804530
413986093
27072952
271669110
166973356
624217879
288219450
627309120
104864055
0
449945562
524907605
423263076
532252899
23898757
16301767
525594148
0
609051362
469859864
595251562
292345304
362455046
613629300
353012081
86993326
528173430
269509195
0
235748327
158104821
206417300
485486882
269960825
443985747
506354334
658051538
0
181694766
465027009
0
132230820
303693538
150837540
461153270
650533380
587231608
83646799
409711087
492392801
221936998
579724412
194722985
443196415
330555041
309781809
228509293
502975571
505690674
519322195
355288158
620683008
666118041
65578700
480336120
632014452
53308875
121938996
405286119
324523428
194276370
278084737
453579815
641281547
268343496
198093019
519750332
186670890
570298176
493921692
127411319
450514051
382767728
181781027
49890047
342941993
405160550
560706489
545680198
295758844
0
254792605
361034427
666283818
63695428
13211788
96923105
392211153
202587650
357521841
0
553606588
166828285
348014071
21654407
111203203
631430949
485364898
242726493
22123187
186910630
112665961
224706698
579014279
638548402
306936532
501017721
131292454
242320639
170609937
620350322
250840417
484325129
154758357
160637591
210176128
565707359
663822539
412737314
222103659
330714965
522833386
620804151
634545661
383326697
268728871
650881672
0
207913686
158006097
233096155
633932394
373230955
332889807
364922504
264303773
42380381
209583802
72747808
650025883
627322200
246512
371505977
119986345
230950577
445705788
289482051
233493410
550140635
147088060
172728722
581487856
428414960
0
274899841
314148675
222529503
107771017
208139793
580428320
0
400500090
172944815
230752067
658108089
41779081
491715253
346221317
611971419
633040730
392498678
58294102
253740656
263432700
490671670
633800749
565309471
413991284
24182635
480573277
402349586
0
413075898
243904796
9731921
577181633
426395030
95449341
89892465
594093324
485915024
586789266
323201831
663261118
414924118
0
484349426
340746793
260789840
391661052
431849572
266460999
157753905
116002857
545960505
491197305
229430009
249217839
28379823
543252306
15269658
213390346
129634314
404147625
32478871
0
197916616
590253763
0
434958508
0
628788987
501652313
103974256
630774930
376962880
153923825
0
341882365
329860444
621017202
159119814
148291459
225869365
394078278
506860403
537800104
64080958
329192939
591193972
221545409
305878035
286779928
190797079
108029239
96575415
425167928
50243748
270221751
633749829
419714554
35363995
76652466
432378156
523390274
395239260
574566626
204230627
264342722
51066284
379729666
190854534
186756773
380543312
143006077
359682747
422720063
604025220
647914139
533974547
621891000
45869204
565913148
212635078
644621534
0
505987890
124004149
298675554
271636279
391605428
409591084
243594694
281208393
503852165
244898551
312133134
140491179
602701715
0
70947497
506846395
295974307
221146877
9175220
609509658
133606017
311110806
564783505
554897515
608493514
229870604
460996052
319008919
652523217
207709142
517835575
9938957
366427215
535282991
447952392
25057804
0
423577965
217920411
296008627
374704670
645373227
366142887
471160609
310949
349296133
456283982
199037704
381066146
570103222
421315229
270184545
152981779
357361402
447338499
195892525
607076272
255608939
158319114
309268445
86486093
513334676
247381725
590431110
660373114
92425987
13151699
323371248
549833768
88684999
288469060
615798675
431684197
53584033
54315027
471748158
78885386
162203765
30747146
138657483
593012180
303240106
550975105
508917884
0
452196154
182071715
35615324
26135430
325562701
562693248
544303161
435901932
216958713
608537936
359107043
121048007
445845493
268325920
76206985
514313592
462013781
226173311
436280319
423635646
217231820
233352849
436351646
372588086
524584779
330097256
511853936
497798016
507755840
387544994
581593062
618675623
557978252
384253216
429118044
329455277
132486561
159199977
531753913
115989751
93412476
323940334
124629582
481563491
157747300
427409901
521596139
164812912
110570159
450251741
438258197
249265084
163672882
206060152
13842634
212780730
646385552
91550976
371903381
599013891
108307179
404780749
637372939
467603268
655020251
569916329
237728317
466422729
152686243
161911556
370719300
650287432
353937125
2076195
216383055
210594477
469444402
84330595
72750092
130003100
620394414
87678172
384432627
409843627
593556748
451369847
415303815
649617908
659034301
440963332
133610389
125515795
442055427
55364535
202213992
575490368
347901450
637480074
210201060
262124462
641291715
214842515
222622770
440109270
219894415
144958626
612957757
187491541
0
81548568
354679040
487179073
381142039
495346374
215178860
359648048
502661827
213820444
469487130
370467614
422973608
578954269
268109067
681216
288602882
570565880
247478482
281012963
629740307
510083420
581279037
212593965
385021194
621575465
462440494
335145633
377180202
665222960
18968081
428665935
296737620
506085150
313981321
78569522
538442476
128717902
423174326
516141400
416909676
91133746
513684319
636429185
292339456
422613691
356547420
393108223
246755370
80557912
96513955
49831389
248899723
342346881
28529035
409687148
483479521
650714019
1394431
233410144
552515641
348611478
633811707
488522184
25938401
36906195
465123108
123867404
585267052
589669863
341487371
293758105
593893198
530830581
386765682
0
368169094
220746101
458916419
155620527
328531799
653338531
0
452118617
27824969
426792418
210528931
531711607
602546944
324212195
444582248
73281309
648563640
467604855
329135321
279451458
160553109
460101521
0
375156488
214933272
439447620
195792151
436904964
151557088
398447603
598557422
443550537
553374270
604239666
73939412
33110344
128165770
115257163
445662750
227280575
428275687
476071212
271165225
381092855
560548679
561974195
200850351
238370040
158633043
325895347
652963170
404142043
595405217
491555407
382675514
84679016
342978722
223705644
148444671
89281545
188172486
529566026
398264737
614405391
588722323
38355255
269721807
97338285
511238681
366321512
85798340
522685812
450199210
236546519
535304049
500852816
140946988
521539070
132194761
3342294
639147394
498079611
204589390
398333606
503749011
397064803
41243230
401980692
104503542
655360737
501262842
651119496
105062664
307498260
469571550
340712746
512988517
262568223
632529680
310785722
505063097
369363831
34454436
359102378
537695444
573209389
465500060
571568227
535973451
249982753
476279016
356527100
216593819
457257451
275019021
551438402
563781391
469610751
392746211
450446520
390192786
487483500
657523386
0
376562394
478370262
573735608
295643368
405596312
628622966
386262134
442101275
160012089
206275459
393027910
610310006
350272848
498783889
239017781
613400081
40906629
581272422
105800888
263120255
133960484
580629222
71007335
217195859
327298589
611058462
455249928
0
229972972
466716894
358815918
262436306
660424187
634118796
15442195
358782409
608555663
44465714
265545094
187915531
339975566
63928461
141985971
0
319189792
154536161
652178578
184753027
291885918
630108050
153098148
6295678
212564640
120331923
59133103
594778572
438095983
437661566
211995785
55524811
398219865
331537168
290665784
134575582
662842329
253096085
32416197
9971495
3846741
73333844
0
450564283
133949395
415000100
548893963
330273060
84443722
489238234
13167982
4530451
295977737
503415827
375153748
3395095
101143861
521102988
407369860
48786012
15589080
200795433
600966438
444855819
374606104
217459059
581551103
274194038
198712009
514804027
402910933
307371762
27584538
379201379
560746057
207303340
43578229
653477319
402702035
601418670
601206027
4054410
573302963
141498829
298137235
464453715
384412309
631262201
404919124
260101441
0
450854468
617434660
642008674
639247735
415978477
464789331
168023843
3509666
164464435
142506695
181264331
128456501
624297363
71593122
221072796
598388122
427053955
597746166
413980211
407229780
341169676
518593965
564013623
290447497
53176011
0
510745322
154180062
140036897
69933834
487732975
120646900
545304677
661179704
510257774
227622775
572801730
102534039
46180677
171425529
91196754
511350698
354158111
138187034
451894849
473265281
645759971
311212415
197532766
274582503
484733601
39678864
287391417
560363013
342673790
109239339
51506356
206664696
147591100
214960023
603269856
355356034
0
205193216
381874241
660377302
219333816
488184288
364277061
62135250
544973353
300696840
492061997
253882083
199145214
121506727
418284809
0
306943680
123243706
48647954
410134431
163273562
174441137
433014783
543733351
47934027
131226148
325567567
346262636
635740140
165191891
218057991
259795076
194651167
305590386
407783938
0
607915015
462307018
134129896
74186203
519236196
388546620
563232434
107830370
571866685
629617123
143358587
96279607
96888890
312133134
523226169
196267515
423883636
558985719
237535792
527377265
365250097
196873796
589989644
392306095
563128268
614398531
78204774
94858515
441419453
551373559
364743565
115509880
532208719
0
119003500
44739021
288399429
613008749
88856674
406888800
125557559
323570567
388136438
416473749
477492073
451915006
498374861
665190988
156704783
270772225
205882707
300414243
89154792
0
19321286
353226175
510165922
84877898
524923823
594797823
649545526
15250879
100415672
327859285
470937578
584644862
267489015
332580343
606593533
47348764
175960733
470331911
221545635
663550457
59659738
53013625
620487492
264582963
344526880
385899993
461965820
649338409
55202308
259912374
533441274
260285597
228795441
612662184
362409871
79643109
52455298
514064705
312933361
35651216
267948388
237134198
415199693
213337430
106074658
0
75354167
91177369
513914160
417988748
387086734
651877250
0
568169190
351878610
552534960
593013596
0
221744408
268229703
30050778
360556773
413309904
64969487
318353434
616520915
542740527
314920065
242823301
583240086
309885291
273635337
497710951
35575130
583860930
8669762
242561714
508027003
252312490
0
174882933
116816400
618914574
70322075
206995213
374351555
625566834
587994458
387019211
193070085
574163421
470089106
136210165
196563395
178922540
665268763
333403227
450533243
84204801
259651052
101704614
276582375
80907715
276366747
442158795
202218033
355975450
645001277
445470649
419931871
398174534
242559364
24806661
571808900
358961270
549799610
361872571
370015520
273036753
350386907
328111465
594108499
238339459
220492759
557174351
457085962
102966607
577992367
0
46361971
140729035
262984415
322087360
235948470
5258107
536774592
115681636
507494567
208580459
212198102
595004527
0
168151359
55108443
635792419
603319569
30171725
503092421
99507354
87257159
155652760
67597561
211752307
628068557
221002840
137199664
384299690
659132615
209330776
318825717
341299568
629543541
171780930
467180139
215131957
205183277
120550399
518585677
396634665
609474514
79340819
114556520
344942949
458956940
171636162
103274919
572440784
352298818
133027083
268739283
344433641
665252547
65403595
252013867
12090513
464629313
610008767
0
458218133
137377179
213188170
585178257
181986953
181709845
561586537
486285553
383980272
0
285155364
362030396
466579910
100500932
134329579
103431054
647813642
289550560
0
13812492
558322330
328726239
379603269
184424560
276873515
393882498
147549540
550011660
102946262
608827635
291469731
8815791
223135203
118000845
551061230
69863322
63983996
645504249
367046271
82304848
307439687
615113940
482513651
618954440
636207251
488604550
588462997
459727229
18673331
583566413
435170691
458073684
308682610
411212483
71727413
25062947
455463977
533117321
172444969
184956715
564713129
278474338
529443088
0
345391820
215536117
273499305
607969812
116363591
403369505
348070854
354081587
346994285
461201278
410224182
535001761
82771012
332540852
367855394
664262442
641481942
55645397
319610869
77281211
473506214
189699416
464928284
187763235
643727378
548045344
247060778
642488040
462815526
440684943
345270191
182000389
152028744
407619469
308010492
630657978
254964897
199394113
258166038
200935455
439051989
389037410
572801464
644915504
305507132
207340348
220504967
210144657
98056667
604175917
36771173
646585041
66854249
459135502
549785762
142229249
471265484
524011257
605110845
653494642
466318088
175098691
191791393
340035185
101700374
0
0
491521630
627170997
404846878
65130055
534864241
170825217
153566836
661418711
537260806
72858214
264559357
378802978
577647889
187226921
640523131
220675953
370203155
448767718
228518328
649633346
654037245
409361797
407493361
505668274
504437013
123309325
374169960
633974319
0
38597615
171461337
535050174
533477012
23595717
65092974
120145664
231564148
81523430
615717359
663211582
298236443
411482602
0
173300300
29818599
259812601
610418183
241948051
315361299
166035912
521041674
489849961
80559069
227588094
339525261
234166592
596947306
524699839
435817160
307188969
214172622
85214892
327907348
414725370
59839159
442501028
197006797
195052139
627731733
371607030
369396458
664353308
451263903
287240697
444670193
377757477
44642341
332020040
509989628
467064624
598992332
320799888
590068775
346894909
110833619
157130953
401108526
0
419413358
309885629
0
266885686
91217661
362660268
172682383
465967763
74042691
190085398
138532667
547471116
306851069
81361084
125615623
652061925
185720193
612512118
109628365
447544493
132134856
0
252501752
172649605
0
448418317
374377184
644615001
511197765
93239
383840706
354846499
235464316
593082916
584005415
33680847
254612358
422614581
393323529
75156201
555577295
89889428
592591405
302539916
171181709
379015946
248758376
39562615
452269293
500645216
266982360
218796846
597897095
277423288
458751053
0
227213408
153645010
206682483
242180100
89351227
0
226506595
128693478
201265911
151298495
561647146
76567287
661931974
385100588
544576848
249410645
44454421
87183721
286341939
307816192
504814083
80114507
71090728
94514181
261300329
0
0
376996870
618379768
433385569
261671824
584988233
173973038
336976538
349161744
93767211
362828319
71473321
65616946
654605285
263488772
639697255
13704943
158949659
53957488
0
647308272
163061859
161807082
21384606
57421148
484338747
243673576
450920591
31877600
369298249
174334286
416385336
0
475040241
232461554
285117875
375261853
132264020
296873137
401608700
515182451
603339807
642236811
464475053
425825357
15595218
381681920
130368337
49322216
73708573
440517281
537941165
176510994
448042205
156910902
92753257
473617846
235256908
661053722
54984603
515996489
367719447
0
427401566
489606910
607746953
14377428
209727076
365373231
636662214
377272329
61157162
489460085
599008851
559630797
0
303276000
259156748
233530863
249474523
373619858
369712806
224328477
184748068
428519023
176965301
351744538
509058003
403214704
0
565957474
519760919
647183567
52512627
404700845
421759778
548907934
217467166
247422111
621571211
433431778
0
600927621
516833431
362631869
312486269
74940538
0
537336570
129737491
140368581
248033911
244025006
467660749
626012581
108967732
640169837
552379750
574372770
196716910
387827614
380714836
476158991
83215562
239464351
148418426
404112352
188783770
500590913
513680837
0
213993609
457808182
363793493
290891890
231340730
652443749
494628605
575461435
152510572
249320779
484444241
434645076
56728064
0
308221066
306550141
127031443
283908926
519814454
203217681
0
384367957
0
49812702
510762390
323573133
85377427
538438917
405213666
486641555
112242861
291596195
602873142
567980850
449501395
134666015
40639015
0
426528265
608154099
369206488
374123425
555712615
573853865
613157336
46585767
293836650
494303522
636199983
337925326
445969815
561311109
515353550
13375294
445392191
314560160
313072409
319250873
327915387
79167865
19994202
229628798
416956960
0
557218810
228390998
233239185
414472290
642456741
279982493
604082853
110086568
234473260
93664112
629003750
183061377
555284220
623054748
0
658693207
558919243
383010801
519939525
0
374971086
299606724
583934269
562907293
569888524
112384618
610697726
481836520
603742455
570194061
19805810
582157883
323272646
3819389
212022049
72842867
419077877
210532081
427044958
397893622
570116193
539731366
0
493412673
622105880
526233628
467625004
615079366
620322918
354620304
258811876
558980717
387074737
51015216
236005945
380094685
554858163
504735725
552753240
461237864
182301066
246851969
448163718
13758741
227889342
371660056
52361155
537131528
186141387
392438866
424114008
335787531
98095291
256732885
460313658
620888799
480374929
246486606
435826062
15874745
483172607
281528559
665783152
610610354
144116162
607753446
439688510
296412016
450789064
604836513
345697409
510764536
139501902
227465474
316929668
337806547
70160835
0
210997150
499224851
175133531
439746132
435924422
125695066
50061737
513329059
270727708
129703532
186413948
320167796
297993927
317310894
178817423
243966631
70596613
346070139
363736600
366880082
549136481
342681900
640932976
45017808
612876860
276694576
533659035
108326912
566656482
613907236
460203232
185336081
93360781
385957315
314988295
259177327
169115354
470780920
230687874
584026902
638395272
166899412
563548051
537508755
202572167
201243919
536677651
394789172
171940386
403840559
0
198493205
464710474
472743864
103667234
272674801
558121894
526551651
154968155
0
339602639
10076938
435089359
327284770
281563213
0
0
182122869
39996480
557408133
649913311
76204688
413335886
269611925
56763617
373546169
355507476
420060839
314725889
203726909
146339972
635455590
52824142
592604559
528709817
55956440
454298651
90653534
0
506118008
265023130
487277855
320981352
128760914
589299364
494402360
435975315
135604344
381486163
320696972
507180027
217345535
247141052
563501430
328931766
48051594
419821977
484557855
418959855
587421264
249845717
195277718
182582231
613604415
619410354
65508197
151450663
99131337
207601007
455517011
0
577474114
551882308
311810365
637923097
58368463
44609699
191172456
82104879
440068125
585308071
345094908
115722672
550293361
529925803
663655442
613842296
0
371467247
465044146
583036605
102338126
617889324
568351490
314629904
0
73579275
553325617
564443444
108445899
128550034
307553020
360429406
325270042
391650700
332146721
617180389
434094303
413248789
590570883
608199449
65632140
234857448
334843391
425419181
334754317
78702923
456787858
646271499
211593272
392564475
45115268
634054603
11942660
294176587
115380178
162037568
604293739
493491502
258121205
598551015
507725996
163871790
0
620866237
549341658
0
64176957
0
369241805
52357115
580464744
393901502
12302882
457822314
12207758
553314916
493337433
39931245
585658592
139645203
56620098
644944280
94052295
90850009
131229089
330779889
55849769
466932496
82138940
87556549
513293922
43390257
568445257
471041495
108851272
139457395
664043915
179217482
313447373
195068987
528991995
584429709
255738708
465740292
541513614
638507691
233783954
441327432
212994744
111076677
64643969
148547331
144835228
543886390
49927105
221432879
211763615
489613350
6975685
0
554043745
29145577
441891386
30565839
158902018
600268525
25361499
387597597
446412316
267426504
523200241
273067956
499258760
108988509
49455978
374211798
452064096
452622608
175282519
155613430
139573537
400574941
70285066
333927856
0
304266307
607458625
306681798
579760502
309975563
235707645
0
531044818
438656178
317217884
510455798
402240917
652960795
304118096
487454818
65539852
159743385
231129967
641683344
487178640
611031802
157090528
0
642641416
268738335
614213316
591043425
0
333123736
155451075
29607380
117349329
227959892
392516721
535565729
447148560
174726606
82879364
524949958
645580710
458544356
0
179607081
333942057
301749744
621341115
132716390
579123051
0
42238177
382747104
81953667
106112690
484200953
227020446
0
541982897
456414579
212461435
581800718
530018734
275820791
88421674
424830104
238598371
157525569
448351536
463440875
484693545
229357157
84594288
618196692
513460100
300379764
168840629
465518840
551453709
205465843
550285481
0
259194833
610590032
145125292
240516751
330418910
363046176
461506127
458531960
412371811
227966788
282396465
536259636
287540183
537544954
39400839
141339178
540066453
462378502
542437248
271091071
223193188
516169967
439075062
405678244
138987856
181491809
527284489
634230415
133845346
15903482
666299309
89307766
484465116
219367180
619185933
0
420224578
11520862
497642675
91985403
232130341
442522636
11009525
475505844
581743918
408074011
36325586
562580725
168421104
307630760
14774230
344222874
505071315
382620123
427664136
477403680
456090763
54695415
0
73852751
190491275
388172260
124535814
48674518
355745219
430890488
312340194
135994611
375251996
504297598
656908870
80642709
231071756
421586637
235333767
172731023
539878036
0
24788399
372626053
82898777
602277763
130917121
470875853
213052040
110721928
433420036
457431080
475252621
71105191
0
200669411
535111448
613319565
376247053
69709909
198079642
0
115272497
166816277
537008807
130336381
401105978
117788758
247395190
30025387
546306365
227505927
127498602
261285795
95699531
48346405
460434834
181186536
592986373
371142533
0
520380059
110868064
392981577
14885013
0
544191133
315183516
147075850
398575575
45389380
231079659
164928087
45572920
290419084
19518540
154164407
442967965
643021227
366380300
519565677
342520551
437105921
305032555
181884338
86410631
102398273
386385251
610471816
44480094
453240732
262178516
240169095
22828613
93635003
123021547
349224783
470031757
466116323
487345881
348442372
101472778
88573376
261860481
612257098
224591210
313399604
292859367
121670836
576615068
647215556
401308791
613349381
577581912
637233785
159303683
17252775
418156702
659529116
27447346
592418922
316229024
535086265
499064596
512020893
408735070
60906492
637355988
581431546
315513363
295630686
555367107
456670968
44882824
466930441
407100460
516084855
638806331
292957844
290199607
448327828
656559944
556004193
506524791
297061473
277598344
434236467
231774746
0
194913044
562258080
560191549
64043061
620430513
47896835
144556622
38746417
327393757
428972390
379682269
191041716
93763444
189161716
0
164080816
244994058
0
494237331
261544877
339584506
37052978
659344450
614240674
210493378
638142752
368850271
0
496115817
139854848
233920844
402969347
496597447
593059749
203708759
67147695
131306605
0
500694536
128265003
72888274
291427976
638146094
428805705
284233392
562191956
433280394
104586574
420046584
337759853
244491819
15332979
146382582
510785557
618816703
69588049
235961673
343265398
661760963
160980234
416484543
0
188192086
515501781
535272650
436318548
520908219
525131949
279794653
89353669
549726744
237547171
248597495
80404171
29353253
357074292
429366157
523684853
634154196
664613052
9438902
381884977
533822842
0
194467160
628334128
643747933
18996588
476186659
66454491
488941763
656598437
166893302
548730951
177424918
557818102
591555655
452812891
202213509
589880232
130255869
605317009
24909590
544726533
188636293
108766797
97030351
551105818
336531778
384421367
346282324
182870034
277081051
0
282871882
246174644
148678064
497125080
16664831
389759459
128925348
276372264
228353595
627985644
614224479
116290433
613802965
350718265
42572152
416898408
609707831
623788904
334824551
267634362
551878989
0
90918059
597745536
162689111
539355207
487283934
535451418
377057921
327139808
631362253
140739606
203522731
639736104
219871551
378367560
89312003
0
650840841
440666660
84346280
225766533
176892927
41945362
49619910
454421468
420843561
272063049
216696006
216053607
389441976
260982157
585335967
486641555
332472234
0
421975947
342609571
372930012
169424313
160312473
436691056
524365083
256710034
379354564
564333317
372868654
294454122
369933937
387606264
291228971
375022931
296080609
574607645
122448222
295825075
54368989
409468410
379765760
604167594
580822563
646349763
85023908
339274995
542749832
86094617
124505706
454450410
24243862
98905607
586894541
57547145
302752949
146164690
316240588
222720295
132013588
606757668
399328618
465417361
407899314
654594571
346493157
487891853
202409960
441860431
178661460
274743064
427048136
616494358
427562597
476573681
417220531
314305432
271028823
230007119
620983008
464891720
59369883
172059282
239295429
596396228
333368533
234904568
210346228
239116248
342781223
276670205
313016572
32535279
446547084
136072992
329159248
520046710
543580528
446810693
448169347
427196055
296494671
267795826
500882108
409194829
407179531
587156686
174900802
215444869
298443688
396074809
597534695
287085506
446904041
116096549
39621669
393779620
256710034
0
578155303
16136602
148456839
32623498
125434232
473314617
360510030
413287466
364566254
12299298
636493469
316474454
443669580
294514744
358156261
0
25775233
393583782
82717334
633276712
223078645
54140273
605652437
483856458
297283600
569788669
160707813
627607110
81892161
185028716
0
319987624
0
79764719
284234250
560708890
46909573
339097181
506545182
66589693
28720854
440849637
326289318
536317643
269398853
117313543
290494320
528313989
271637710
602534835
38152449
458175641
274038104
599748603
452185992
133111752
364388598
0
492852164
186165231
518850110
182532984
328062147
517791349
102636044
614980070
276058683
644058665
439652329
322018093
210501546
218520426
597249038
522458273
211902185
281366686
621924186
199492245
49682072
151203208
69320502
163300549
615481634
126773983
647627173
663230649
466065085
302018860
446111364
182276204
628820550
47584107
608734039
169791428
586471013
424986951
552809347
523690610
645484198
545946175
588438245
2071767
197848452
396109958
204005289
583605814
627520075
143267146
450061885
220428088
565893095
233566478
555435984
166449365
387130277
163296263
237418206
224263598
636246214
590947597
101150752
247275540
376129008
341037422
189267713
312087766
393337341
516182479
207184970
351965771
149549582
391087053
478681931
513643701
139194551
272894645
18284466
401876315
153626762
58314481
544659086
100173355
373717844
566804969
74027162
58737387
616330169
72572222
9251799
573615319
270748360
509799824
158802234
335409050
162370913
391403297
132902653
267560454
602903871
293416112
321611830
0
343189246
581626631
401910228
560174089
364851476
572707352
330522701
35432814
475073510
345440980
401268370
0
527762900
66322662
426665097
57492960
310587023
174056320
665914268
459489433
324333351
0
161013390
181354016
318094873
95284017
273634519
262773245
657944284
139621093
619754805
647309154
285560811
522489926
129131010
70371531
320505187
338445298
636040339
177689851
168674631
414876218
352642180
382154513
321325043
606216690
449673924
19540913
279631727
592493110
589642019
121291498
373063842
265134539
611670904
452139998
521009511
65148295
155998582
451444832
254890958
535478200
504856528
382449543
125495787
0
235057107
351757117
500674229
540076574
405205586
154986309
613355416
352944614
492603975
0
592740105
192548890
477967153
40260946
663645949
361020934
217027612
446007277
498399869
266839291
487814496
640771099
541927411
655476190
45578966
440743036
14435025
235204165
344835440
296592336
186540289
496201095
549280499
458689927
551091775
153930445
193151995
265088674
49728785
574871499
223397611
388420249
289797128
336374274
504545450
511981526
492939855
78094113
49886595
119702676
408434038
407899523
600505967
46761056
368234649
531262150
490882327
177774210
310544994
362697640
86020182
661317771
94463760
92537700
500342360
237278244
624641083
347532975
192148499
0
132074083
82649431
130810365
90828355
68223648
636254916
211443534
655457594
0
526050594
656096545
381809249
516629329
182565988
398064577
645043141
165775919
660887674
235939408
222017082
480324293
518464225
469292120
152084866
373745169
353991873
489249647
377289112
427408635
208828453
69179218
623540446
341134454
258152754
356259456
319044658
515546819
341997886
290534624
185675810
146793894
385846477
0
58198073
384128978
641715072
36709060
192529919
234507217
582020965
69959144
0
211094697
202264385
396790703
375864965
556837724
631193156
190507471
184060019
393126864
42474205
435589719
13637304
472215097
578406068
211627650
584750735
131042195
303013252
539098691
314351421
456424501
250077198
648489566
257988340
247501327
0
136308744
446146309
586541596
136089088
58172847
87678794
370647316
345881384
436773547
629209302
165917512
222824243
107073931
162790489
631404103
639099640
59934690
306447517
202784154
1168236
282939720
502700438
243499530
359145779
226685756
645361028
345114713
0
351408239
105510083
155600923
0
366359481
521301417
338662418
267782888
608635571
460470241
333518458
424541064
310134217
348080909
161368169
188079457
194733003
261422384
597605308
634396171
432504916
617615884
75277442
55355467
478521175
593953176
374357782
511766600
395153467
0
29459129
199412727
118521902
150089484
357330279
427534313
538619172
368846514
346668438
609407811
154213988
0
260640067
615573709
0
533540293
354417218
173988835
75745535
216391262
186541864
379066660
377694046
475807740
633275105
573421231
356726040
273509501
521584698
77114236
584665695
300112638
65348478
288367529
493311289
560238976
229024665
116376287
452123095
145780950
486062518
165505124
584912747
502361580
420542313
475926147
33952699
140615490
383116813
584179201
55430472
615763581
292432872
128285016
148956974
402442503
341407318
416399638
332066640
0
0
146111809
251783730
462856006
397441094
0
134137539
0
215533040
18465611
468310890
70009830
307214538
244716040
121312170
137867902
38855759
196345386
155429838
405775154
272803658
599519338
544303845
0
385018087
237736705
648020910
218778688
187202133
32015026
584340207
55009586
0
121221245
174348493
510559196
392544837
159639783
382112650
107849091
326381742
132459096
486137721
287556195
262246677
584223258
54222692
260113472
62097002
443799327
338759537
439362100
338439593
240810970
315631439
550995900
90815869
0
398517357
375611130
295842258
540852438
476716991
627511627
409099826
80209097
375199526
459817630
300943055
368973537
568338460
144848787
497537792
589403927
523212275
392589514
187415560
365914059
141411349
87483538
15769705
594001365
75488853
609634358
321790645
581463585
144837597
626441429
604622970
134172057
30502459
343879553
608854469
61923739
345097015
294894846
302757222
234016647
10789684
199063219
14103252
332026708
4896125
488941522
300255085
192243967
515023412
187834449
128267613
527968270
76092141
95164915
58524519
581507
176414835
184269529
489595561
216946629
580796726
600610815
193694609
163309006
114217612
17908197
353870295
601859985
14409570
193596445
440190700
377266652
632769171
188116986
117500973
206236161
441460337
207492957
51451982
629642491
227208790
391804772
616216651
390907748
47296820
518235631
209476456
239133090
486559851
210365189
17304700
554714767
526823869
178034973
1245364
108208118
264616476
105023976
594113127
305155659
210239505
602317394
535890656
98096375
606358138
446331710
562205605
220445202
227551423
62811715
632658633
487102868
70764171
354364268
391243032
394638163
647793194
42015728
124074216
65160170
36872364
122220489
0
274816589
561674001
291145146
430005333
649797822
311108098
344350093
532381572
52411797
461465382
0
581303976
468641559
487286186
12023717
363861975
563051478
642167784
642626106
427753220
238524602
56411279
646100156
478479753
559112544
27426346
565390191
566772108
231813523
248467424
559623051
263087055
0
644489723
539426574
364826530
56989610
469885535
199245854
341943563
102855660
11967187
447918748
536351854
513035328
388448671
646031239
208836405
320607575
190330440
198506119
504292638
430854794
190721855
342506451
381194325
0
0
653848923
349553190
416285397
559616597
228926687
29299872
544628153
644065714
633260339
338505669
404695246
173221999
545411694
644647758
0
335120478
599884726
617134475
40311507
635749187
236520381
505983129
549516024
366402909
357898334
273403537
454029680
360326935
601867114
57211695
250119068
31133108
579786037
596605329
458017883
240021790
593687732
164552973
403234937
610287981
47478450
321790623
648739210
508176534
167715311
559794061
191472500
605109496
593729827
279572602
301533602
68847139
394264839
288907502
8223420
368592448
425495390
532840089
397339058
63375703
336122502
280776650
171670218
230547600
556759780
362986230
45771278
605060153
601269423
133257377
109946485
199254408
596492002
256763749
463491907
492378490
112078099
134837176
408983753
591476273
617652808
0
394388174
435825121
475337953
335837767
264520552
226424096
302257545
222253820
258150249
188587888
473782978
487240910
545197041
169713780
601771318
304917259
661867357
303184763
503456737
459535053
413819481
0
30664713
196133656
436938934
644235320
641406949
48459367
378120733
52126779
361117389
415320528
213427682
30393229
342609636
542340195
289534838
349083228
198582012
639778987
615193588
321307199
264672855
462399602
154813435
127369275
580753647
53101491
444506473
484835972
376372525
289952729
602535514
509143508
447783481
532040317
632556528
591590686
342612499
414941570
165144339
507028626
436581946
210279489
267602185
0
582657567
407026660
599745366
178004018
30225059
184743943
393087792
239062264
532936409
193979064
458416131
519495233
136919978
65282349
187414798
133753168
534024330
123478233
407651080
51739040
0
350893116
0
305078271
184727111
80281768
545630404
382160812
522374628
237427167
419231036
136754627
525585172
26821335
438108377
631644441
441370542
493747430
581130988
158015217
22617859
20819674
229140638
547940889
146658992
210322398
459534002
110821746
95677948
478138118
531382479
535371209
282968687
80814286
0
249118128
19699325
73460461
54599770
378100164
652166006
214138243
413593877
423986916
588839948
373356201
562493114
415049278
586624014
11619852
514654956
36822432
405067201
200393430
504748595
214767650
392270888
501861321
250400514
354044525
449640821
456238156
186107132
97908460
94967784
0
517223572
145597996
366351005
501485857
394081271
337318834
159000463
386427360
228180666
446500815
171231649
428638718
0
498347920
387875019
518810427
580406692
347266687
311369482
197905651
594092631
495528645
19568564
633465218
260595507
463621173
486236011
0
588271896
70418832
380978693
68026157
514521896
622477925
457369309
537566797
285925621
44457379
33134607
531118213
127774854
0
176129820
480076804
409199869
102815443
296882279
473070302
275164240
457170132
155872077
261631554
647185805
444582770
663811129
101742455
254260800
206732858
549202216
25962985
109211357
460129957
90170859
273206582
596660609
504442193
76048992
134295690
644319661
147415108
110709414
530857480
638346360
357610222
504695041
167637370
503007628
381289176
540226090
285232614
191929706
654211124
513832572
267341324
306434607
234700942
389111567
318075159
14046895
453939907
394122058
139445021
286862641
207970797
500250162
313423481
372966452
547684701
556522241
250048910
200421547
244858902
588969598
446934075
272893299
399455638
270345433
53860009
261028791
490596963
320859550
131405706
344701836
285890826
430136831
496615958
407046760
405904765
588722862
581460952
663319811
407573396
116223766
56528924
263284607
397776322
576563811
9412407
383561472
488994173
206927422
538581867
402039478
578982674
466128130
71793390
323499071
265994532
72489047
603548886
274134861
473628072
268989816
341658396
19958761
96168298
598676240
641429285
371799379
87210174
292017292
664635583
630409259
150068880
597429930
0
381177693
297256350
0
0
220178037
651440616
605626358
105041141
551218501
260160435
409656231
612315104
494556123
465656896
543023028
5498961
121075797
452316715
315065026
385094433
111991763
478966635
337468934
537645318
453952175
325428772
559280547
602584541
307608117
9134927
228176232
632014452
260570206
610331019
382786632
631727791
364715249
324511741
54885879
578367851
443955700
533818541
612455398
393478475
377773193
492963838
0
335854852
88216706
465384210
525462578
334499289
563717622
202787360
0
396891091
479444117
213726078
214362886
637556921
459379435
203275038
422814726
549324232
180388691
187230173
535109540
384908633
94122874
215560781
34810144
162370176
78685671
489957398
13596245
567279935
424226509
184279633
399434934
612585848
278133565
185230991
591012378
59380066
189321795
172469264
0
416401921
138264784
341744840
250608128
296628116
164641810
51185879
15255295
336050887
241937238
90793890
573022477
334835561
68418026
283578195
579068015
534353723
641116849
266399078
355360369
514072225
156660559
30207607
205219722
243442188
380720657
150942771
595079286
0
165420930
0
252486057
543442276
359349341
539836225
261416596
653891694
464354399
280376697
239088892
175576912
234258868
305453908
290530705
518129939
423225362
491863891
407411270
644331787
111323714
0
0
575468798
589947169
214283955
620500568
120803701
250798061
97392078
10411747
574794714
129983297
183468731
552553920
196073967
8962122
298472018
647082329
213211831
131996592
621170235
606138643
340507166
52876911
133768890
233373798
486142179
24795018
93083707
315832131
289707477
356090565
335051851
301308005
300341472
648761877
219760635
135138759
510897216
72351998
632816773
657591528
98016660
182558817
593634671
121589941
356485630
566794536
139840333
194590460
491408475
226878908
447396959
575245508
346971319
529507320
70127415
173120941
429287732
608611667
198371278
77429787
209062492
612861992
558838988
44337091
455721474
63665168
207751807
0
425847414
254809172
360388327
493757676
22940299
230564272
402688634
269053991
432923317
182923324
391401726
198436544
452016576
275508908
640754723
158068775
132836152
499963772
365606324
449715350
270747836
0
149654453
273214179
585487220
200867754
640749370
606109056
586091363
253186772
530889821
70714787
93663525
438685159
222921574
446552057
416861869
494693325
126135622
480137850
572354915
454720945
293368141
366630180
468605444
23426944
643347256
186847573
609866652
590976419
22919789
242022699
90828053
359485498
471849857
585296722
175621625
402742214
266700103
309974114
539499972
499710722
624477819
201740028
518072660
576328685
212883510
121618882
48866057
286324883
544536723
501002119
267672195
310750237
97882763
533805313
505362010
501202031
322796149
379189270
628649378
290114943
232071520
446054674
193869001
521442212
493889043
253714325
326843520
424238134
75193486
305381101
556149850
175842513
174243273
173940056
371415770
66663101
257239243
214544760
580415003
180220577
646077722
205173010
29288499
313042048
637625886
609246196
340057867
641396985
596780491
393247641
229201192
176583433
640468343
49159497
462752764
325712618
458919902
473148084
463621015
625016962
355026546
85462466
67484672
515725387
394631938
201568964
28626037
90723472
595943940
352778693
610880041
220038503
295314648
586828353
233584013
238354113
173201499
521246147
244400307
252459935
401558987
367978503
217235263
548678062
130271699
250095750
606866412
644306347
0
337688544
434031667
531982697
0
115781470
122354710
86307324
124183968
249991279
497415667
590303149
405166082
296670856
418184220
195336447
184933091
290376151
627473981
0
430923484
652077151
619845681
151302098
359287034
379184586
61547357
647458242
437593958
0
33500874
345368825
327558237
630651830
369204076
126150513
256240590
276978884
550226543
290821700
219653438
390701264
19825687
498887597
35747868
275291925
605409106
157929678
655264563
88400116
314350051
621434906
86478633
103728588
77843038
203531582
360646917
407462216
24881143
102269432
213852763
293630313
277107117
338946459
281621519
161607569
15217448
493435729
145807445
551066102
103047105
525587304
284940535
401927648
587052983
388228621
521573528
124211857
461394148
465510708
216220060
268882687
80070035
154499237
436558193
321807583
103705427
11125285
598991122
239986347
0
384135213
18578137
245623377
582230026
12897830
128003176
148264216
46468157
4045410
86838133
8926586
382860814
230478708
428512433
86992691
222892438
30783831
300850894
545103407
402949638
416579526
381565269
264063017
496929525
592034479
23328921
442446207
643148180
155239203
493184150
256456150
594339265
296261205
59971725
388525030
237512676
203759236
312277934
35600936
661489609
48558705
443358040
290719144
147883661
325037904
35454358
258910678
474819025
0
47570325
296385471
211806443
380557460
49221893
587261395
440014577
370557049
92900909
305791146
473544608
228778189
473632456
0
134818657
0
25071206
0
363624723
614991827
145270811
129030375
134669603
576896567
90424589
359727107
234837257
379553920
31739944
239941010
618114629
458164485
605245687
368828005
432726043
515717609
458066692
572778674
600572663
327680481
452787839
0
20881872
71797887
56141509
84560218
525231964
589135147
410069000
411744879
324319337
277174756
30288491
114189121
409702340
503194215
188470115
84213014
88496723
440800403
380169437
509595963
381919880
116909167
579326619
123093875
65964252
0
251723486
276275119
14675482
376083829
72251250
372052921
166339625
98540199
613570734
437719054
556177171
281147829
348149522
666627216
141372109
247117396
55162398
41731960
524557843
430990749
651172882
315946067
72426518
89138214
335592707
508924320
544131869
463506584
108799210
267221193
409812705
619295043
520208062
626932346
587206589
243270055
375111628
542296792
451151716
0
565822016
0
41777281
484187423
512610183
318505258
343631601
207440254
289042373
85490723
0
382152299
161764478
621789657
583929384
323811831
320061898
272055550
320949103
181961468
361848372
652839620
0
648160251
9626908
28512808
655430609
605520637
208588198
132387139
171756614
416673635
622048628
0
512608654
286929280
628181391
318891254
425644406
204476439
590920323
86777696
229197408
512374408
663493121
18611275
247430002
558719373
479959532
477119128
253621025
364088356
386316839
140808468
577726606
268271557
477026379
551325442
173097338
0
509772915
323500526
419076358
614749974
618062399
348299822
653149010
170168860
400174776
550825285
197616491
543345871
295292046
434824878
428287406
518193058
100534637
421554184
175560899
599242954
213700507
639919377
563687407
654796300
175884833
252893687
385348006
204256519
528544145
244808221
231911012
638948774
302739761
0
77887216
256298720
602704054
118837979
551821990
434400490
168445565
12876498
44857514
463158123
553185787
81838725
451412352
177433672
319670632
98758093
194663760
432555321
652326871
184793565
533611480
283575569
315871010
484447324
0
340655498
581317380
274609336
74211082
469143608
349643215
498749498
472322218
96663812
210827515
393472295
331941995
635827753
267444817
457466149
654730583
560294258
591356710
83241003
91189985
313279651
311941676
0
183130795
241225573
34503339
586294150
411945250
306376642
506002428
144935444
70559862
185206070
529082063
302198067
605687292
25615123
390378601
40297208
594819730
143902918
596499972
237776388
523997856
10175090
164642652
231674693
591918524
46827510
8214217
214339813
544221117
323480407
22843215
342730851
638248070
600121953
427679171
320051065
599935595
23640243
73633770
104752621
425461455
362312770
90184837
395891649
108967022
439500904
24326564
129470164
9823524
467162448
304887550
329063237
355874391
468851855
636151493
475188467
16640558
512348554
450082237
246766185
609550142
434632478
634976511
617998441
21852238
484929315
205396311
317824113
363508872
312831123
457360418
579987201
211937183
331129534
545826255
622302439
155073131
227996288
431360811
305390052
571446481
0
398328871
67442877
280805432
465289506
45353576
377914369
491098905
400379609
482766558
477230658
104946263
216321429
579205562
9764642
606186596
223609770
544800915
473181339
450455554
567035682
491446457
500254668
222457217
111934307
494163020
649619952
315296247
333275690
252602099
309580965
210289189
190010348
558794774
574587874
234480064
203159735
562882151
572145298
316474818
27302358
599348410
332526668
561431675
0
488987738
5740353
272653515
130429198
15452812
372665503
134581990
210310805
325817480
443160806
118820584
383151236
21017713
578770200
544165939
300323887
618902228
383536101
265701664
237442371
0
102977644
265225544
400998508
634788201
551651161
314655350
130042196
465963928
630962588
651781429
151532001
464640240
0
326302588
485339389
366570636
643172986
346131082
393798295
165677304
49959990
41876065
341700838
71838303
57252415
3144950
599933309
418212067
0
176410912
382828288
571793108
572817849
296973900
648441398
369449793
287818534
642570189
260938529
547432309
144339470
64252276
558724472
627821157
370589198
0
355913428
86653965
0
612655639
47656548
140442998
482156242
451325818
166906326
633203493
104431224
190076211
272452350
272381254
425010017
95907303
164153760
213367540
0
649767928
325231110
359529128
577985412
0
278741076
665768388
561622076
204924667
455067516
97626384
27084087
294546085
435884876
461417404
225854765
493412765
326294667
161571585
499181815
374888387
510950592
214411148
116899194
164618651
494828883
0
518039914
214023182
193847899
57161377
147190310
433324685
385078533
455337714
493950191
391706864
649058689
376600779
64047269
573346561
434748232
254736025
406717454
614439616
106750153
182663158
505470384
530833314
164723347
540692892
502992552
458259366
403196470
207202212
477340755
291885191
586603144
554609861
469946781
471699187
387925043
52336314
454549111
76887233
424310979
308020000
562517254
123600752
133163703
442609384
560641256
12935925
432166511
252737931
0
506724958
75722662
111475531
322924271
51534304
35138641
43794163
520869889
181181725
591245822
397639818
277644424
196129245
49638629
177708641
0
290372789
298095010
236368776
448248523
448722570
621261252
476920862
568544743
417308410
494275341
529800062
221908248
636037846
390937738
137994627
622186142
19210067
347003384
447341076
638421192
622665358
585879931
94707966
257116554
300570286
463982626
44216045
19383848
450517330
639499427
560682061
253146333
195177553
385605404
649112742
332106635
60435359
5526758
398916356
0
98487158
268538612
531817318
196699115
124670609
648833191
293955944
83903423
353558044
131906695
664715745
152929390
641594537
456543577
227372646
149936615
99890375
460460789
91157465
474611773
662473924
375393879
207455700
274264434
646397686
82988309
313950401
519237464
512771889
207535757
521173321
128605274
359281926
174695567
571261772
14531441
9150083
87719606
0
261883134
37085434
544759448
261799085
388162903
446840551
266558468
386503329
530203549
620564825
576308515
348996242
481543027
443345377
369009235
541956061
480535672
572833208
0
383830909
484247088
450766344
573000003
184977361
0
272461510
29592131
211743883
246721987
562620360
536420399
281391164
411058886
469939527
197886447
337711699
322201612
165294199
328429851
342433107
299067929
662755371
478838923
11485359
375860774
471647078
448198359
195484746
502094841
371065948
577821648
431555771
318451682
623903213
0
607767472
309884518
641482152
535831672
77286605
56279231
133273571
665945217
392113816
605496520
612880554
571313526
605762851
556809063
235911110
607500290
159430267
46604789
395918631
318429555
137699009
85774894
346749627
305326639
0
66511433
657516181
169405698
514763003
203734693
498075340
156244495
221509684
291373182
333637790
351317014
85514831
332729900
423473514
52925762
569647951
492996172
75298141
452062930
519882431
617204002
156168874
1929606
594800132
245971988
457574012
457162453
251399352
562151570
85624384
492427228
312100813
302105704
482277342
437218252
309567330
230165364
374596219
600357895
5020696
274514002
355606533
295626646
568527718
576262568
573796717
115299378
62179029
414568396
176442016
470252471
577845499
281267898
58265918
260063752
481591243
437802820
33657472
526980721
533941511
565878491
444729176
545505431
292929109
193610271
183262740
107199811
136009589
649757379
68246991
617783254
181434944
69040559
146878059
574013090
230874127
22508240
296447292
173269527
163492726
401169730
62887999
263437835
357014377
325970481
232278433
431081328
259782625
0
314230126
197533175
246231289
79624389
411890118
395632875
400684994
398158622
545937231
91777421
552681389
6174033
238727460
124049062
309881532
84082526
108941519
0
376286833
0
649367851
353693475
524562005
111816787
291960472
392579452
585675730
32965029
240652002
558578644
230787513
139324639
257753268
458824841
538825007
268605499
490538139
558788966
254364132
38666733
65583518
249013576
0
34158773
195393782
663849176
566897083
224279531
65495090
498031793
337639618
315109739
32299698
578190552
522509762
646721813
32918198
572158192
0
605618803
656670941
479855443
0
505575220
510001327
597758097
469425068
135295268
125294853
127599144
104068927
226997385
470302652
554974902
597912084
517238274
489036814
355182934
641362917
533728385
155549066
563767877
601038837
342170228
662747758
173800123
660729327
125138771
43475434
126905175
0
255101744
552828150
544114717
391242111
287781198
431325474
292445701
323453113
68163253
90240097
115250434
562944041
127512051
469004933
525365566
452074233
312910538
652911880
399275262
98788308
442237859
97016515
322806979
142360771
103928514
213712075
325190161
147251400
515228987
50194490
0
105667234
555797619
589485283
601326486
583428871
139236595
505734998
507413304
307688445
412002343
262474746
139407171
360690261
292238313
525288308
333670054
561478877
457761594
597408877
179245683
11182217
66704815
89791132
388956260
430470245
621150815
503088687
433675791
46620197
481866938
232264628
493796961
207046367
194189093
452738055
151441182
144002613
297734846
76903525
595299419
72044227
663745357
545383112
329781072
129745742
398338322
424179785
494668141
364762507
367604744
379399977
286789437
51118302
565381041
580377421
271273264
572299905
365134373
445105520
92409011
395461080
369746172
507903000
547220913
414895148
305567409
492737308
615556801
105923054
71784877
103148051
298344342
571611351
514512653
519413015
652955551
271114685
107747514
496916668
338610129
257958959
474991039
70544194
51844698
512563573
380079303
392065932
399668906
164008932
256696457
364439996
154347310
543910845
250937486
345675693
466580467
497603347
549839810
568398957
224762442
323299123
348094019
586919634
7973440
659132615
245028688
0
525915882
196191225
637160083
0
536770637
75469906
498986767
189976484
500964174
98325970
52171033
431208241
610818228
213414513
0
404551266
434774010
531058047
502904293
355172968
583112527
0
141738683
660778172
45639183
440580485
437101279
0
54383991
604901885
176469962
371596376
600890217
320258612
0
347157704
0
264784895
165757345
0
343310260
503949088
468504373
199677949
560738437
615803822
367983965
43582260
377203705
385815497
276564812
600247561
481969983
322666183
99393001
657234126
0
174079357
382075565
178295202
0
634035237
0
315772695
150774033
520916771
150194504
653249906
0
100303410
279224954
273176565
530981525
390193576
197157999
352852812
202110273
443336554
54977061
601282877
461464635
0
386165590
525364261
448957727
308284154
534193128
96045672
11975967
403202339
219105747
175247859
334595753
533929168
165892550
355394643
0
542499455
407867997
210402654
332842738
408628394
412550764
312482335
68695792
233894660
154817424
223543438
636189252
84438874
475233433
136789142
557314691
603458650
0
403603633
422657738
293568330
0
236456381
16387559
610071323
8608829
42396423
619560059
659094459
84453097
527284160
589180739
574872492
578764846
103592823
289343407
351658285
371440942
525468505
29610360
98446362
390840104
515302839
33110919
418910348
108160593
478152189
432741595
561049986
396770471
620967409
39114970
145750675
275080783
171910787
610920603
109186035
220320321
500770361
637972959
0
635553144
42772766
139023981
52268140
384936608
311383045
331054756
0
228795322
497625051
230918826
526692894
134432021
565603727
586046999
373679547
355387171
654842662
600820248
0
236568643
622714086
144727194
111823259
460120302
599090767
351338650
532456839
101783862
369555079
414538438
564713761
470806085
662473177
239950789
575049025
0
345444963
527905908
331073987
320528390
171154395
373067786
539361330
76410243
217666741
0
365291824
136652169
421827097
394504916
15444914
286447771
294725946
577844913
613283491
329936563
186158656
133917788
342974785
452387062
311264593
490575576
511841290
17854461
140421526
584542298
648704317
192156056
465996892
296187285
403954301
136691095
580486816
315300064
3704591
550845383
140659224
172458192
462117597
181050009
513055992
504965642
464514903
0
356522193
571600278
340597854
483498742
214208981
228041586
336164908
1222900
470400612
369237066
65462003
379567302
235291511
167651448
360084003
361363433
436948331
377656619
211683451
0
423447610
214074900
237422610
18417382
347084742
34644680
443828537
567513528
574362922
317397616
467561564
652757806
452498194
445138854
544367487
99907120
504511042
299216982
212133028
65206063
102729021
5065374
550974204
209687647
448616685
442485526
569383489
476430077
380978860
587661738
588522819
374176424
546731025
364169513
412304658
144792168
0
154486378
309328159
333992444
372052069
74856929
319987925
592104801
430068974
445219809
23497715
26166103
61830137
648199048
506579158
504939865
585958140
32171237
641442328
638822595
437375318
496148764
530568362
91412245
338226313
627520899
627981977
10778580
348416482
413406348
106614828
503197714
111289798
640872383
406614752
190431549
248043803
128224918
229339016
372773180
316111020
103557275
445751872
184857607
127688154
497772215
649581980
428913147
497794964
211286357
13144013
141129704
546502692
549914154
250003969
137343039
443386473
217265188
303779637
380564110
408014798
181153722
554197082
644148343
587321792
31006928
250824018
459604363
85054402
161712099
500017919
251240993
341044749
196297393
293754120
607170358
440594707
439570472
403250607
536472010
351198305
271048685
109098284
272276331
105146560
208051765
314513757
252787693
137643287
422581646
346416700
659276507
508322625
665370159
241824730
661849532
283652761
649988811
326025419
317716455
259126352
512174700
444274873
33075809
369188775
650590862
374041695
384885331
422995166
265717439
483637114
168523661
332632247
566036587
373640512
557202890
533350063
0
112242137
636329240
171910681
320969434
314764571
646124753
547870705
645617701
612397155
342446284
32972904
652247246
295606823
580675431
171305915
352443248
588392525
13544379
0
559626590
370493971
65502601
459100046
527591096
501870214
437857745
226488493
0
571141198
115002715
580062292
0
533622577
520023668
0
294500550
306603360
19901000
403595652
647967466
462308675
91424184
102994682
381085925
404524072
427768084
401451306
605409115
219492898
72699125
540263469
302112480
199546372
83597960
160895071
145430237
108761837
142245107
619947219
125376711
33385064
98873726
512063369
221318280
0
421644674
497817395
115590015
624313831
95774716
404845758
0
126991166
259818706
512196347
387385203
267806402
233869853
536598126
540874958
225703197
30860733
182332571
167153621
304725871
661409117
55777975
281535190
59453233
260421049
247181353
187331941
588818313
216994461
147465184
0
12674044
0
477566525
332030101
422886416
557659757
542007995
182159834
498319885
113031150
208195993
651998126
345192167
47494361
396104277
33876411
618293988
358595716
644554503
329555202
449761750
545007398
380128683
165645467
548211386
142286099
47276435
542519953
615364209
618102267
44037798
126061781
401514663
613581071
427054144
342069934
48566754
575593970
625882770
524021397
663191857
106184018
260736378
60737649
616592087
70243933
425250843
488280740
89522764
503500582
390405210
85601110
66361437
488313763
651189591
604161574
227483632
596413935
143302492
159892737
378512056
85834472
318571348
321265653
143240614
198578379
124814063
331800289
198875130
507827669
574519433
184447105
600407663
439683649
420527099
28927906
68012705
275622519
451847065
340845206
5251115
119562140
178599351
548371409
7745191
24098882
275003396
284851081
591003114
123665312
260834537
363866320
475295907
0
244127468
492114863
39136084
515447218
414142706
384895692
221672664
626542348
455211139
383770285
282986778
257626074
234156729
583947784
510672567
28748217
519516941
190086240
240528297
431676875
465000453
648478445
631442927
48933212
66116018
139310407
419327225
404724661
587720201
0
480504840
268348605
276957274
0
510808675
180006656
236388100
526256958
192994872
196259107
359691906
195502466
241011725
272147377
261449808
488309507
614423645
269793233
597096810
334717526
398022789
127279604
247199436
577203771
5326623
479267506
41612551
260897474
644293206
514354263
510627652
431585290
289276018
574658822
227172374
582787069
285796386
525721306
66958200
624913788
204390501
278608730
172975853
621008008
33177533
193011381
8937876
506710716
358600956
529360644
524435551
186924471
183265197
39430255
556890804
535918422
152486553
201960760
484024155
303943978
515707115
467198070
665937499
343295973
57721839
187503892
613163710
241779642
342770633
583062576
452531100
505223562
61899690
0
89178096
0
122315598
249109445
620620461
593444581
519418480
192583701
602215669
509270752
556194084
64752169
324593852
426230481
438723268
51804652
506619895
410852267
355076506
547025155
487344520
174705525
639677295
124162136
497309037
127563248
357243827
540885906
181323181
345412263
598847510
378467445
592232388
148635391
149389786
460158950
382113947
0
504439117
73690461
214509398
524164344
559115691
23212902
50708480
78618995
583893544
201353604
557118948
659290912
79774663
524088312
606383132
513635328
57838163
154274330
118920389
450406253
76809456
304277328
75929209
488881839
193377920
359981520
557917740
416646126
375160106
418563247
255084124
574210619
359927445
178082609
186039801
458306196
462267685
159595892
331792020
662219121
108574492
327176349
481068847
148666137
475972749
110861705
374521617
46235907
72421261
458104901
591974958
17069678
185624220
13331927
33427831
399462884
298343570
420618291
589143835
654125120
0
442682142
113437926
460742469
136662252
541824352
635355544
385575638
302753733
448143612
222731977
278530214
466968364
0
104044607
657083084
32900073
328276557
616699921
273204257
150637589
229008129
491628944
581281184
601021844
318134055
218649416
190383899
124727846
377052740
49101272
82817812
93179858
159130975
577690887
554555479
621748663
431879298
503880101
356327807
653068563
631121980
6444854
78855536
405019363
628620221
582175987
113826952
448808457
354905147
217036254
596710348
584670722
532111015
305191763
647935224
173757327
483871224
199065246
639782841
52064765
406930643
21232977
158560097
630929719
495627955
575344395
371388670
432051379
320475346
425088495
548528942
146270639
465587484
456134151
300385470
436496474
307828663
447686146
0
219393444
554788847
173390467
284291045
137980506
557279877
325130113
424841540
232436511
458054415
132124283
398683646
603351984
179594450
424792163
563373154
68737168
294447009
605921951
569633122
536710031
499677750
513837233
608676721
123806605
78368609
0
510763950
314469557
192525599
420354283
558991385
330435507
37378902
406598656
476101060
65795185
459319331
16326506
164789111
369293287
547511581
553770569
120787022
268188166
332580918
457917956
300338014
157292701
129570959
290283898
101091033
52986069
550498405
600522637
603497227
264710946
313796673
448653390
260907993
100672686
612832700
525973480
0
535631667
501605483
606909386
617035348
147799831
370393005
563799040
569534655
314757794
167090042
284877463
605440830
624688267
112278585
494933408
185153360
580989189
280273760
583798057
371847201
125598851
75641983
21080472
360714066
601839720
125344442
302228348
234799209
219614698
208795227
146190514
441320852
491565112
547084621
650718107
634437957
617568248
553071570
518868277
381335610
649942880
383238284
633115299
430961397
50909136
365517476
173134013
430095977
630622635
413631912
194523229
63714281
622246573
318631970
191951351
42973560
162006165
297191946
292660050
272495646
238611380
623674419
604359265
59672821
430780930
560025251
634508880
147572752
592666384
377323909
25625293
344594489
472919087
193970447
200856242
313962583
664899590
392701236
416852307
320833312
630216833
241551626
249103471
592986688
593788615
528793637
229369055
493546415
606719211
88576758
38998844
96168462
575291384
0
167216705
126175725
636026110
267367621
307800759
203028761
338521131
209896455
45285291
568555022
593794377
209343997
532460550
91024547
242002075
258874537
164336980
198667149
612544960
395269566
587185255
334416834
14794014
74823252
473096221
0
553638738
268945662
194733981
378425164
638327084
252578397
292613370
386408709
441179148
255600246
583137070
440300130
526570388
340421271
236422277
660274065
269856857
373142369
519527925
414314980
202908258
568534297
396604505
472821342
257196432
0
161321216
574120081
270575935
220678089
451571164
604229910
580737472
89255534
366500358
621949169
66931173
569068833
221762543
80019715
643585291
119302869
630272683
492724444
481021229
167961756
147609176
637215757
353616872
66704655
357941729
496600260
455959781
295735010
660163706
431065950
664214131
518835738
305340130
558568131
378452643
77619470
172311277
27623699
116629522
0
380433054
0
0
0
322184446
406054336
330547720
206460091
251659557
327199191
646747683
141131257
61758742
505425336
6077691
438874734
64636259
359435553
183464773
91917693
181509383
529765045
60444500
347988595
439280507
381264619
83521040
167282305
410703677
467861247
125886764
639312944
608331504
61202164
104848881
75358105
547674006
561587415
459084155
586112440
517846221
0
429872063
38440395
659117852
353372280
637350656
438198726
366154206
377995029
305656021
118537168
165201016
316756734
461133391
437577574
102304309
215978988
352206625
373113953
105301871
375264057
435459021
0
585957038
416819091
661139761
151969371
219385163
0
15050192
477955604
207057208
606269733
226880112
211708879
360608377
588802964
435155292
542841189
625096030
518615880
211265993
16649394
0
606619572
453939057
585317887
94287046
604910333
263879332
511853595
439435466
574615235
281284291
369945504
368429084
612979720
144112109
412068172
496454471
530367968
431500148
270350310
388596464
45686876
0
19084124
643217744
114503994
49820726
171107397
234982076
339947533
114180024
648385351
123404650
347212280
414644566
357680674
104005630
595349995
430897880
29420595
251439465
227342356
0
29173784
458092916
483247970
66523386
100632625
350307600
543154775
243928193
271939258
585630686
140189293
37511138
70758836
200758242
24367527
124569198
524050600
444113860
475391654
8142144
201760398
30153244
226345333
533940013
595069692
126047696
0
375400226
386799172
119392546
119955898
572965087
420489573
327540710
525060977
167572794
78612783
123324898
487876915
136288043
365988994
249794182
231003305
384102325
242017254
408072304
284239973
549335129
414793835
0
529181711
620087161
383783733
188677216
428495014
483526223
323762017
27912469
166686489
173603523
498491540
57006791
552417088
579255277
159656124
607715650
626927721
645113983
544572368
460487519
596606838
331879528
191381546
336814601
618440194
235046032
113841595
390561917
67343907
543765454
385703515
0
463706962
5536512
93016395
130722324
344993825
445991850
118444796
171171589
402799858
467797979
360640425
280248401
390749251
468429160
283828946
437686121
0
199257694
431265061
323384626
657112331
237493605
632298785
178718805
502549559
23594996
319149787
477398215
142158061
0
327328726
173197102
228380323
386204785
0
78906507
9112029
446618549
381744784
0
462746024
351243339
606972879
308973423
247474376
537234405
111369058
298634726
399594099
18297294
331661564
403413914
156553228
485455706
151442078
295851685
102241427
649410818
122396980
552319187
270553663
0
139051163
565632268
397605585
217878001
440429864
296052128
115712404
301930160
393935246
122578982
190250895
527508221
51039113
434691796
217410051
597273311
381071550
180406362
40734700
76065541
643848865
656806928
270189368
546860683
467227242
55069346
159343524
432877675
120775486
516413107
0
262782072
489119913
41293527
293534192
535478058
376996357
188647994
428563294
154573122
310385517
403974452
292604773
222127782
312002306
660261735
188748553
90544532
257770954
286010731
108436576
522879766
118410286
571001659
588714359
582198260
218937287
140078686
135399317
109153879
634866954
233636205
352218165
660960036
976985
64164811
336437959
469841379
120029616
637845503
289490870
418655735
479409438
539397563
617118150
537643194
307324712
262752068
233983579
196137676
156345303
654476943
661076781
308119060
378669702
563013674
560277004
516732414
372837164
634963464
595022590
381794313
102352349
150623766
0
618457753
302368296
317572381
604123168
330463447
575620886
317161696
224005138
27387497
647852304
53189446
245099075
321347850
202046979
434047315
0
63816582
472936345
429635251
328640430
258577431
578646304
298863763
456309088
96206911
103019503
535376497
619282145
256140081
400717495
372175768
209176250
472651596
154629563
227450698
650400635
183293838
343443145
420874366
353028360
607497026
460261586
240648630
308973263
632894910
553812089
285731945
27372446
338542303
661841239
291339599
23495336
572737738
569461973
399612469
447648894
95332748
351639031
437953741
337462512
357576696
105740403
258470258
0
548966708
302760510
389360070
75468575
376274923
293695701
623112381
416279262
73581570
462784659
74360144
515168879
542903096
138394220
302578815
334932296
496377426
120560021
0
398965192
155546665
315130819
160359071
577205491
647043946
484627549
107212076
483302887
169612422
53160881
0
362213377
258945182
225052481
414884172
158423075
460978038
547694401
558895780
435937579
167280188
578213949
242095217
253338553
406083970
183332895
586166622
360959490
48051161
405226511
32316734
300141539
56056135
81689212
245736316
461556709
367518067
259844065
449191504
157246705
189430348
2785286
104188325
613404718
563764822
439172756
432176735
0
203316211
13504619
585716819
219116997
45321385
398583148
11450883
158347180
130518324
361998919
470666127
362851336
554327351
294236934
48635111
488706444
47038366
30289412
232113678
36695907
130471600
60462813
257146438
64486044
319953057
373323788
465778344
73067572
497136532
363619847
283673655
241355064
423592556
158873257
548915083
196785703
56265875
77360043
591533050
602169205
293799861
490732323
102201346
373845141
196088129
396869576
432341643
625780395
0
134449556
428655596
254878470
164370616
576051104
460906269
385204428
472429861
114416880
408092135
578335706
282304562
338425582
288002101
3847432
610489108
466582634
366789464
158544064
482354322
349204876
588637103
487427667
441970595
375941556
383979328
190761430
562693218
451500063
295672195
40715290
189778547
89602417
201826439
321228376
56051289
518844154
133564001
405880216
261908497
450456725
577491676
0
216708929
334299416
441747580
25458530
252324693
325584162
482803017
574615749
227445012
521829155
434762525
440684943
477563904
44627355
25926000
229818382
0
242166466
207789779
310974300
149000552
526952965
556585005
429545074
434631445
520716883
636710336
627444471
501457958
641913481
665166284
446562674
634154704
196460287
269004359
235167556
489814474
0
512703496
264344909
511200406
97529688
124267669
40638201
661683324
372352560
287888055
241655767
104339844
70684847
366768789
0
524194975
657385877
158542117
589279234
11356713
315084992
333333839
563814708
466444354
352757838
141588332
2732237
0
528383988
436611470
363140675
425067833
236584778
576788931
295852759
586495967
456789851
51493705
277077940
312021393
512973447
390540858
478760817
658749228
261565460
134408539
53852720
576335154
543914495
148645185
282509493
351784949
162309550
206580051
661506893
311689942
256514508
477633918
257660084
275971605
352402426
182772213
44606490
361121759
412284930
473074928
463196110
253518427
463513981
34964987
582125260
0
594634433
386395423
441851126
391307504
345007638
8408479
467781064
72813121
154701839
115454956
364562902
276894071
630327079
256529735
110432261
432799144
579665886
363108979
354085099
198289459
506135860
546632376
510084122
249400782
199101883
288091091
217458109
239528761
578770740
19633666
181908633
537386240
19843534
274333733
364894111
318682712
132665191
498078967
356426443
662045106
268318461
456221944
661067688
303490749
386654307
153670628
112576759
173091015
645901110
518009574
232316480
235091466
250204531
254063061
38653994
81459471
635707464
442567116
210447324
508379368
496452946
0
102050737
205814181
0
304144306
623298053
88745494
365944774
111232330
31770858
245881792
523926555
401541673
379262996
3747353
149475659
494006367
364380560
192407788
200792109
617368643
117728780
602776072
0
577014231
185890863
83348212
81549649
301429235
422560538
610898774
170986335
556233635
267836905
116434141
258874421
346980087
980169
265898974
500655738
572833103
591519740
51388652
441448178
602497979
11368869
311537784
178682492
601045256
458959554
624643540
276236218
664367917
361285238
276932116
594439613
384095793
505804796
0
436871749
368977660
182188559
237316383
208674690
149584275
237394605
125680807
263505952
382716572
308233787
485288118
197622930
305387148
0
511401246
111906899
199621336
204277446
1684936
462180830
227955351
456918580
284722977
309097806
51444538
520369384
105900463
456736467
447943488
542037845
633252364
665694529
644111304
347343835
465771609
298822617
433443769
293712787
584487289
99898490
454545706
341164811
82815421
634602374
575862688
389839198
428558692
635360668
0
618196090
245054008
613790521
422882446
67663808
2381436
144678422
597143475
15249215
232884302
512414319
0
596475861
178287255
66691164
662907207
605499311
269520378
383662699
398524562
544310178
607406425
210486569
97182590
374671586
90988851
188414236
230451486
665263099
276668336
105775855
53585014
600049315
415423659
265138358
646072210
278798602
385551996
245957644
26102830
197959058
282707586
0
243018131
219155866
653404042
295629377
523582384
262556599
475750042
465547222
402439762
333005553
499222082
230537003
521410354
616550500
10151823
363523173
250330344
70474222
485160620
141234172
539166983
35942872
0
142984055
43224279
518366189
239921980
30037285
369207072
270246651
537394479
271514283
195689316
97656465
121666960
418962752
628761941
107052158
445820689
413411040
128618978
171896884
320995879
463807463
152499571
574181700
620501287
201030796
0
160636631
563314527
119209453
0
42539215
234041458
198576694
654676878
387993101
458106296
136490028
311129604
517344652
53249810
331223751
328074343
584468313
431793805
479187495
358157600
18018784
380707958
149533448
190907240
563447159
336217757
254296216
360491263
620484587
625165585
323291664
447520076
545577913
450253616
194001529
254675149
358054104
374767505
213686501
282864722
301195071
58224812
497927779
507975863
613947137
106916374
295200918
242359457
422002898
96624586
185849646
18156576
278745492
0
80504097
203077446
556739825
11747311
257721741
166861324
184328498
517394265
406538881
160905726
117841227
196354032
0
0
580255434
578614151
534482666
640880660
253909817
354241541
0
5890333
477995692
396656531
103441031
0
660667777
157958955
532846038
127901380
612037750
550884316
325646833
569849482
53086213
467586420
4495706
45532520
660378386
184109946
364874718
409330582
587261940
205199142
648142867
309844656
334986683
386565410
164762317
298540563
5764427
440972202
644079675
1553654
325202703
463061610
0
196353633
325864492
244782970
474690478
409777791
652012414
495675160
88340389
53781108
307964927
168305376
595413200
284152106
248510320
656962253
0
159307105
602750599
174896033
94968146
329070319
214760751
480628324
478276703
72812802
605701575
318110421
651998271
303746814
391225769
49044149
0
0
273803783
291809569
104321982
381006286
392691493
234718867
312149546
611072744
496948752
215541250
583337726
608472634
648286999
563893799
230090120
219808636
571314066
400297769
308006688
424110998
364801056
451350975
164519257
513351479
74202810
611001897
509259833
257569823
304496894
105036108
219298497
0
37301907
45466235
610607907
0
115881655
406540840
0
332574080
402115044
28765390
381389109
208087328
520338995
288217852
367464314
512258436
449159303
518881726
12993456
305587952
76343832
256841443
291269447
133418452
538493632
493996752
139669272
223619676
343877415
512055758
0
275513489
363159189
591000574
0
421879389
103572390
392449928
565384152
233380571
288988413
214620090
517447112
0
568344124
338609800
58414043
571423739
536891892
502128515
438437547
584832205
400090433
491801713
450852720
578673417
654515889
483190224
75917100
512371999
508569843
310712009
515688492
419661851
303148316
177184012
464509000
602426456
355994959
0
311741136
406082810
167433025
41156673
354217003
313192686
470616324
0
375769526
0
304260228
251714953
608591925
290754676
635394094
481877008
457046180
158108242
474187435
576638694
265965791
6527629
73997415
100317969
322545153
198591020
54690127
309374770
120074745
606243370
522888405
560241568
56675054
95742065
649087440
263822038
512564907
405827449
65761166
483916112
331575747
305663868
611196478
230646578
608548197
440888206
469741707
622083474
466849214
341807526
629606453
272470151
464672650
0
129018439
127341675
103578078
368354680
260062742
456948310
126927127
140984284
509871372
159953066
491854133
31504947
286041202
184283499
85647530
546969044
546892170
424115387
301617375
238334472
441935818
604957855
54914553
272853647
140531876
546495619
445287517
0
60570552
176417476
79597648
598426801
133529162
29240102
314180467
410253510
440301299
58652734
234620966
380268948
356105372
252901632
43183110
11581238
653081955
409777035
255945601
133919109
347912035
85672441
632436368
578169503
354136237
472785548
519721854
516943032
221219457
492768971
20614356
379699135
214838336
334490762
463377830
434377374
21415197
244920634
176764020
0
600594285
299934301
613439399
165977754
0
237604084
605534239
53888875
479268058
535816594
319112586
601979329
202357434
569009289
400280689
56706663
502557453
648464721
268010266
401580734
338318872
565934301
122441224
457743461
299648192
254227049
436390973
335090765
492466238
336670852
504307809
492089854
314622152
301765131
537231682
109952030
245143596
281401148
275239259
399108665
379797566
276263989
530757677
468738982
319144286
220455403
37407438
629374940
530911689
353638192
86807543
618904967
191444420
286678091
505385284
0
474670230
457077784
498159149
639821089
353234352
104573912
403711841
603667416
185264035
624174003
500374070
291609403
53416678
405140593
310795419
240296262
58323758
25213002
505245446
504514717
600890540
347666877
80198673
6560457
440386823
633525913
164493867
507210695
307246868
648995881
467841864
274440177
513675228
387560584
463571217
182469169
480324166
0
508518239
292252999
76110659
398769432
20054262
365154008
9255719
0
557436429
228864719
102191214
175901456
526913045
291548060
201556315
390481908
396664583
242745251
496740781
517469876
387495908
347924178
351490047
286157207
554790261
488865986
619059320
316804389
205632775
191579046
225431924
644777776
369553827
602003443
329186888
469366023
330810316
389534105
72496650
604048825
196562068
359065119
535644291
492330647
378246226
414644892
179260459
349570759
627705834
644281786
235210545
483703068
127350082
157529688
397596854
312286375
34510829
456270678
17706900
74262286
308127683
28045749
628327539
347256955
411703181
460274062
0
132550689
288210059
73303622
171585662
145434000
123926632
227984459
533175284
580201386
85440088
411488259
0
536948652
654313444
298897072
247454532
504722101
151165697
505465246
0
173703689
446999795
49324624
507955341
99993870
160022083
0
190829044
164607797
0
581590035
504862394
0
30895229
352877721
386970941
607051387
390688134
477273504
174990635
161829940
340195740
488689426
208990473
311209016
17245126
269475689
501205659
620101113
250574409
123497022
200438818
648138793
195715481
417933810
0
7896760
196497482
289255462
482103674
343257011
383475378
519716273
419615640
383900291
150038160
27684526
368237224
163510237
79783195
373195051
253792371
391595077
459235568
453023051
502431439
140916766
21787671
468193202
561978827
452996130
79264278
432699680
363486213
651006451
443174693
438321633
87956518
187539335
566140576
456015613
463872335
241886625
342558611
303312712
0
460550469
255444854
410892428
576950717
572352617
224851495
477707519
383658425
1211159
524773635
39191925
645635062
576203761
615045534
648789676
149870232
514946175
275856534
191414592
304761886
249620842
645072141
536940972
367185500
623661317
284028979
256899769
328593730
549383687
184514794
364683283
656249441
147517953
185632429
102139125
345700775
160586772
588328723
307870588
297976319
654840408
0
543053584
515435228
600772684
613823227
189271487
342433633
35946845
120643671
28035107
77818756
239301340
577006029
215991909
506609562
131747911
363981253
467133759
99069285
75347704
434638224
73436055
330143846
19448202
326641426
123731355
8712027
196955420
658278445
242939291
476336662
205849950
224549545
147525645
129666865
482049293
281072903
123057579
235466684
200631159
451899784
159072555
657288806
566496531
188374035
592885302
586919524
567204936
487674982
332862240
607563812
230916253
156308541
662628805
628647491
264163619
475684095
209911110
180399845
0
538749030
512665014
191666479
591843824
484162966
441394336
182101276
172335673
350970453
321761747
335083387
93497205
610513790
344258542
421367324
287979876
424494638
0
169128966
350510129
480161883
367860309
464325719
350305064
396686470
512261696
491824671
552461254
630777220
271958530
404664360
624043586
228212747
67406181
652324577
81141628
38066977
186987953
54383665
68717704
233379574
10710971
411195380
460756546
342037338
244652018
548645141
312287173
222144089
486250057
540289743
585975900
123578891
4192760
235839071
496186656
338421322
196050270
620409614
647669468
531938199
134950738
536337858
113156908
380014961
289745122
611514902
2234702
460188294
561013919
368388781
399787254
570566138
648858329
406505835
125638128
54796857
566522930
338878862
229960875
136316448
301852103
0
586323819
182303970
209903353
217434082
282748439
509299189
631860278
0
80561439
411008018
101082551
163024338
422807768
53398359
210607710
414513861
92843697
539946263
334302594
568690051
327617190
621506771
235830616
80811975
515729051
152341874
339496371
484003088
476144572
94972462
375128621
4467064
305347637
105729326
380880728
593710663
606786397
169368501
49844210
152559440
361981408
518921882
436863017
500380307
303529854
41557428
580462174
52242873
65567428
469372760
42251072
637666173
455907809
465714978
185131092
431259708
0
418547719
0
599348310
94855312
485485715
374236374
168646876
444377964
129164496
222377180
140312921
591266361
300999541
68155040
308104388
43642146
624828274
218262868
184618206
240415045
655412710
385965722
580816085
373547559
92577874
84004776
92195793
289215914
295910236
9345910
403082598
453065647
185808205
251347381
352633886
149633138
187815372
577748166
507371458
68656011
550732686
652494515
204179586
406612473
485824976
370618549
516264336
355279024
24039016
33003486
355469038
23927830
299031109
49369117
542592189
653691702
400260687
254479925
563209378
0
281874674
54992977
607455069
381854685
622791726
7280545
345728068
435042665
616123485
546744158
0
289730963
231783261
166248565
267509193
183754827
400117011
630472927
94768758
181210285
2291118
535755277
115483439
511401246
30279584
0
119261011
657738892
509797778
252937151
463518319
0
485157474
394065863
327251563
394543887
0
167671068
131332993
263349897
127676313
361276489
315713492
208507925
505245978
514465802
506722599
0
428685240
91679358
357516287
469473342
546560156
178439456
29692234
378531409
489445602
167237060
412437822
437509696
528885209
451677930
418334944
443023346
49781178
8004707
434777709
0
392300621
357245865
406314737
478404129
257903541
401022080
239184620
443552202
404321858
488589458
528544232
603890270
651656715
233179940
328861581
185351185
457066780
455212243
637228489
285595531
96682315
582564429
492619983
315719851
174112758
561060984
537625668
167399643
191218283
584412334
207297981
222278389
627434220
414780271
0
8372787
463126840
381879180
370585076
516595396
546954493
162871825
255461984
332904076
470489320
181788315
106431387
627622920
115996499
181874367
106140074
441038025
167414465
444564076
49507103
665924732
458831926
73583359
391366529
456499306
592094473
120548335
524062970
117438648
516568180
298702891
471919238
325773404
592516856
414617182
228847678
512576823
186385208
167488771
92577771
490961223
614569408
619519062
513560609
573138543
481659956
108030010
245029940
148444850
149790610
575724698
0
373829853
346441795
133012228
40208969
347206735
299732044
530983954
511635334
24168354
121104219
176637553
224910929
536503780
183022580
388210252
398009542
25119722
506271743
201412810
542215042
640701328
562633053
644153304
24873780
130888581
287810638
275508367
127334185
466131829
659504820
278543566
252838207
0
108835332
101803990
534420871
501257633
322296980
129135443
271378665
222454389
113706972
652412983
324619554
331072498
118161732
234913502
549446563
316793426
84132092
635559071
88250291
149959854
286370496
212804124
75939915
52109299
388524648
363339405
522756563
191443390
261965661
235607651
634500580
322253752
358121247
243471200
548942637
132566514
549637092
407091383
502062036
92482143
271057134
409390125
315901692
114995910
15589336
502882284
476278735
648924149
93783531
281859908
567101229
153254643
560141513
393576592
206447873
40205200
394568559
351177715
362957500
0
479236727
136541044
529908334
308794205
303965474
259692212
44751116
578595514
336823464
441259611
177106718
0
570666346
467232178
341007519
8226039
577461411
364063746
168826466
494143096
0
425906689
448597333
0
206446405
521964161
276700745
4791254
146379704
253387567
274871184
325026756
665560678
411981724
68149338
198917713
136086662
661605387
49265736
90107103
28778833
466088557
177830619
589319053
92881506
146410630
494226691
518358975
586028201
575967729
281914104
79703320
446299572
663848827
200038513
263104945
367158679
118786909
267697044
474543249
271799772
422317727
0
0
366291626
397653175
263311281
319472963
173023050
584209475
0
60113147
601812898
13248645
336717561
525297215
485393296
539624244
0
423156203
18700839
146927076
291182209
158163854
511984930
568275537
434926909
99211651
592313710
362771519
221954710
562576847
444133754
390814213
260897301
173811579
435045526
0
42668576
391619255
286026516
96386013
127985461
648440332
308967231
378566786
216073160
540910163
322970018
621181900
486714474
330197733
305615482
573698704
165250458
354714036
384376205
380583213
499233319
223854373
500528931
442642214
0
22686042
150792975
260509387
260072525
454598886
562588413
608710481
270099549
0
11690489
346293462
541604851
665649779
231674693
20661665
8623056
558754501
409326167
0
489180839
432292006
387781439
486744826
232592225
568119508
382112772
438314874
222064891
216378570
559248905
538812287
87688382
1871768
561832712
184833854
549737721
369908771
387703044
107506796
597884247
280080428
308060811
316952436
494409654
73183558
155965239
487808088
0
645586177
416218750
201612025
401676868
446929778
143165870
497249235
271063452
407885646
305822107
221090087
293237177
183934354
498349818
454410672
508203076
501617974
650035920
414999524
455083939
381121695
479638973
656948565
0
332729747
83679424
154233899
359564363
532403559
280055345
591154141
536123735
138691725
482651308
0
47311844
591784162
0
325172544
263796702
662733767
181057100
282026312
406349467
362044019
105960057
0
50464671
53636069
332810173
203061061
539134777
588635986
463993961
95922167
568216117
550478621
146383178
468054719
55714226
165604647
33547923
295121957
485836904
344650842
0
370724147
379870726
416869613
61481996
596491492
391099466
600588941
474125462
203487653
0
68560950
271926470
152733763
529568462
557410485
586597965
127090186
106584046
340252751
216051336
653420227
626477132
614773032
10367700
61961267
561009140
391971659
584290198
453105953
618731897
167734489
528953913
459338633
528486736
479048767
308538411
164201373
0
186011269
96588447
312947696
319267621
544333028
579841893
48148000
313687712
535589414
111814838
476735465
389261904
324776794
239032490
87748562
533138606
650182762
387583449
509457485
0
66427358
414982430
17551523
105297795
9876214
574875841
138135524
309320286
344089977
579669786
272619112
541862804
609723534
331295724
391813588
655239722
519019920
580345635
480143843
88404954
273861955
73752452
563213237
292816882
12185912
313017666
114499196
537315207
134279962
141429618
93875748
343522400
246752142
172804240
288630111
559032717
59352421
255139692
223221977
268004030
161737951
500242116
267686223
584046819
452997253
224629520
496548341
214102174
383096807
365491070
174254934
499320788
604204815
179430512
486262040
267801210
91198691
130585419
517976626
93167330
439130001
445803953
93160862
512062312
458736933
217402281
531822526
559705184
266519000
359756251
457718737
25848488
50912079
331346472
407366672
57584071
409952910
441251912
635520718
23499481
332044695
142190362
31146196
323409757
145274161
451579458
405703701
608888785
116266485
332710741
78866200
565535825
127520258
118132765
21277231
49533445
281746240
252985523
642743982
373524713
662577595
260669067
285699162
596086094
239878412
385435812
524566984
58067014
42029780
387273024
343945999
50093545
447815502
87568909
85970730
648973064
323243713
185674487
347527482
64466810
544903601
352014821
219076247
311452340
281621851
534386784
499300729
385063167
97773483
102523831
567563141
83961715
602059426
585727264
201274512
353997829
157487678
270898539
538747023
619340317
654933714
259008200
410962224
85178191
534252987
392377457
285884277
0
183015213
259149134
527340199
235942582
427537965
20397684
64672908
375433668
653903213
665690416
119670280
358247995
544888607
490934679
83952825
35656323
71853132
217208588
237867106
562858514
341506617
0
520262395
578866764
185281067
593848302
433293812
435353005
359644837
182218775
383803511
532832988
427260540
369200893
606070720
545122962
502322913
623760285
295148805
286414853
137750094
498845204
166910898
169437034
307609051
80301059
398058866
453277242
508361759
647671278
543027090
204240077
150739313
61473485
443176612
477765149
495356174
359992255
625378158
432106362
370433804
118378915
256406351
557885939
160074417
303262424
478203238
648827527
302506747
557537829
255307134
621607891
317035190
459194215
632868402
275264790
43668115
99928890
244395277
155033757
561907201
558621477
621387941
475369194
477241903
188455120
109623914
260082331
147900598
179662084
395755872
261569858
367775443
121805289
411076792
78657869
176407360
167245867
248444014
397954099
534274110
430683953
535523221
243923980
502133541
224893189
609483860
530730836
624907872
645991649
333142592
398739383
297452831
95012872
96063642
112835148
645630264
623507109
586277811
137876495
579525958
270997957
588946200
270571969
531441670
580217712
227871916
332680760
409155601
188819190
588256999
3257022
502333869
22610385
168557226
0
309316038
357051193
533748139
91973646
177814133
559079184
562451548
484696065
147203057
524356117
336322394
375592642
154858217
500714454
117982378
104098867
430279452
114749418
619780865
4829846
430509898
477371368
612265108
351712905
570695496
556916794
307062820
153129753
147342597
562058920
259090050
551568691
131226899
252858886
132759492
86319625
291273929
512623511
646684934
629535719
6525587
206241039
585057652
415165334
612204428
0
0
516002400
104905972
539372146
600051353
323635039
570502536
194150527
62288422
157168512
560674972
4701881
332192959
343972549
494734535
331311414
284714437
372662647
31179942
541579353
646624441
637216462
495178077
528974558
146693727
445441383
15637970
372277494
495609940
224029151
605306915
336482431
101516095
612549351
296347895
19552197
508885986
339681995
41980240
463364569
107176044
23589114
496974626
60917912
162982524
256511473
607542441
520764172
548321813
115791740
119655595
419398389
326131368
624635150
508392721
214887307
433324087
457427305
304385181
99410012
543421949
117251081
64775641
480844140
614218418
290013268
562537630
395731960
0
67871138
555032924
334410712
586178901
6389303
549156979
240247443
117675002
227236923
322820352
260427441
218446606
572751337
587202311
191202837
282311803
273635588
163908237
462854852
536626546
297860528
398062453
102334862
195551064
396596166
65920582
302447734
135236683
268821245
82599576
428945432
408445245
92623306
173407882
18956147
89445115
0
160216187
254813329
308276726
6207704
253244101
258446334
262895246
440599459
427397515
437901748
102726833
484245786
547004049
173388987
282399318
312235287
559853481
246217572
208476934
652309016
528669429
90381487
131438604
612404008
0
160900527
576863645
659725954
539778610
405648815
297704070
0
136415057
129680257
26404843
319502942
259142409
11879326
666610907
421953136
400919980
148477177
182068230
313501326
612337572
219605361
404339185
184614105
10691637
549630722
0
333794966
498222661
556092494
376110237
0
212008235
636105263
468498530
521813051
665451637
344035703
584412371
606520960
25871658
111508188
660861115
5170462
636132816
74270853
0
98649603
116697207
318475883
324634870
419472491
1050533
0
596494015
611560484
36676367
285406345
577553732
188007002
356186392
261575556
471816982
497459139
471951655
37184142
75399297
418569321
243847655
0
315570403
249256785
645970189
273275732
149344897
548770619
180044626
321153429
0
325835286
437894977
299988105
86554133
417858819
134463970
39949895
566335005
19068589
390955975
282187000
606915169
107135306
55418782
276809707
538320600
72091965
236095473
304014630
144624001
286734511
603301453
551442294
307820013
269504916
342296231
333085855
612926113
537640912
443552716
306093016
268966938
426514235
585390892
260831820
457119852
213352076
411569271
335174993
546278067
660401969
81649306
548820502
518399330
580707236
179750450
500987178
244914459
11178879
70377019
292144588
458298287
280232296
118351027
317883681
641096813
0
494569422
519394922
565186856
29203730
93665133
358862113
416701332
239490122
141547338
428645229
232031199
348708869
662643253
111774734
129109759
200109191
49507673
126917631
12350795
410865345
564555672
208978454
585865929
97856029
526132453
446697157
397740701
34474264
373971864
615069057
293388525
228896998
312022366
64563539
229005951
183995554
374151211
309276092
367420185
579631227
573511521
165003350
288301584
327027214
224845489
290720095
0
174697776
252093579
351612601
166120900
642252398
427350812
318204813
506392571
0
78797683
358093593
27833641
297009207
21386449
0
16521693
21763400
273642797
0
488397629
527750777
637623639
624206518
324698299
320270822
377781388
502362308
107922426
268987230
592662194
589337
142161930
499607374
126565835
455513291
19002505
351641429
553790524
17931331
606956223
333007994
530883154
215235988
592944057
49676035
457852635
6709305
636485449
129595628
387588444
0
190295450
216336217
180671573
0
238266510
210744818
169547107
247843651
645107506
229635687
252137012
342167209
534121680
184859648
30899170
225291870
584432954
101907319
512299711
562457205
415468609
348607742
403332205
516297950
447829341
640041788
465975270
650853048
454817265
330837208
648056805
587133441
397812111
162577754
312703765
290603361
409641091
342005041
377174940
330702455
115168610
527446826
487980818
295185481
281436880
417299782
368500671
450805658
151081159
176044973
259440602
554505179
373486671
282801667
372952939
310833050
100804502
61432560
205230229
498039943
320520195
297447160
303847124
149492958
507021535
9183565
166578000
29459017
179420754
377757394
6180580
635883558
37992854
474944323
126620969
316471684
362021057
80906813
421144084
160703744
188275643
425671088
627432888
454259001
617521248
297099845
566625538
297959027
312820941
182885868
230561131
547897804
587926349
245648588
535464852
452832180
492035787
210017570
561318501
487855888
346715502
405185133
639260792
67459390
600629797
586044893
498714123
360995511
84972753
110261233
109213002
259901431
433311848
243573475
476307217
177924463
515115392
485569316
415026920
403449346
131934556
560600014
568343654
655915071
654939302
519940277
496229146
25714778
249103760
446589024
144814623
163223656
608735508
69284822
434219776
460087124
423278478
529222219
124434056
418893485
456127718
195496684
9384318
140157458
199787158
325590401
300892788
569755363
537397542
0
410506644
547529861
48286203
159586033
352463388
94588510
297344751
185150046
112485400
129858089
34944909
513345291
57878294
0
475706940
646785884
640971604
127912976
77627741
556252039
391398805
458889396
645682853
446142435
640842511
0
216369816
257426346
143170226
22069486
464503374
485505090
157700053
259036150
564569250
191205979
631073056
186927873
144761191
330301744
412458877
510100119
631788608
650082611
370430991
159940572
262629477
15719116
204661618
430685168
303598060
313202312
441188839
138618416
549125802
500247225
654445384
507529301
566229237
396721592
534453199
477469272
662258016
213732990
355153906
265109907
23261096
405948914
283049466
582989760
156608024
595681308
560339882
532743248
450266306
471654000
590913780
551767532
371531609
255641605
480800469
476881333
454940342
561019018
646758004
636787700
478760646
194536970
398852503
581940154
340881446
592877075
167344837
180162101
122397495
124855546
323443540
429672602
563106466
190184280
405974915
274338605
237373653
26632484
27702231
227510067
133554008
295118112
328964102
9190984
482411957
602578048
13245513
92799550
368492559
419306861
526716757
24910989
421877516
291151354
408927194
224165660
453153373
120190210
28253026
436914729
357814420
242029817
255442761
258691541
227601965
594557857
16936511
276726680
242064046
6904334
0
507569393
501920929
346893271
271441795
65396860
31644907
561179179
480757089
598054600
471015159
600223725
424807554
343894722
24710179
556976918
256415352
616843880
651741843
639476183
107168578
387100371
429260946
572978519
370998032
189918135
297621230
484156312
10195508
628754227
373123734
111619197
158622091
358345006
498651878
239103142
641705713
623026207
123051554
137392994
289047017
376574221
186781727
15550261
142938740
439830750
337447457
125802020
597375506
246501234
389186096
591108119
636765
110047948
185760993
168740184
444556800
640189158
185408027
384506898
161756540
575318691
220642893
7883742
650205347
615277106
0
536805789
212437137
161446625
480579843
199853293
33990727
610043724
25847018
279525292
657128222
519221715
405062193
124751664
645249865
286861307
343473313
389642379
652108819
109909684
419712784
480983873
135313666
618113839
0
607503645
577554598
106546148
295605646
371996261
118784301
221863025
252886490
580859105
502456724
7992227
217011024
277458506
226149707
548747432
216185811
569141263
452365015
586293245
311157455
407887579
457488644
0
494243049
199587030
648135937
5789553
258042547
153300749
300204159
65512077
175117143
175407526
151681663
163721790
594972599
602373948
534863268
0
59672895
227799322
169533193
500019957
242373055
130855173
67493131
300241476
404806940
362943970
26667725
412664738
474021075
212250643
99197520
372787426
439941189
613911525
264101469
302751113
70147983
400831744
482492578
133585178
270566363
424532850
595930952
163404310
271262664
482522859
353687480
0
299699362
181289053
455948050
477366528
370834553
598775561
380804153
660979806
421893363
172847270
134138059
85439474
624873902
124206724
325749000
637068490
357570983
516163794
368827472
655687265
358207414
622795751
473250506
247848082
320876673
594770427
362425121
477282966
529745219
206786974
78715102
419483091
124906657
644948626
417085998
254136077
95557639
429443872
88009588
0
277531399
408030191
76770290
182775866
177957068
621699753
269085102
553542051
116223854
34081062
61500634
376412299
613663935
643932685
662430039
64312506
241430817
373495533
96990104
597250315
461761029
314329932
219072263
651301832
371302479
39702753
54164001
409592403
279046951
226591787
393522951
223496545
251957838
629814150
29076778
41065655
406827906
599341076
431960881
650976879
362056101
381221955
583723941
126101473
584206937
403668728
88308912
228544081
449774027
32642123
603985092
137765714
310369434
195327472
444252541
481304350
0
443837545
77858651
446770691
542488823
537444664
122733188
108413430
479423149
584672048
223128516
24698869
8044131
620027656
394913422
591816686
466581855
366124857
87243041
242666312
217755970
167664873
86593115
589416164
510516794
597482597
317980741
52846735
541650410
475539363
603759692
276478266
0
73089761
319392278
565514195
77875805
73896865
10083865
521114217
291096830
9777578
511834117
588317562
371470583
588342933
116915873
336700208
19301089
404628545
0
81276341
535206783
18827775
573513832
495996270
518634130
119595478
600801460
141091265
287525107
289095427
500484917
465246504
352054160
457180305
641332914
383754960
509345836
43482878
442509546
19460746
359867358
490161633
582422233
163523253
196184187
43981069
80516608
70975811
358409749
519496820
654658296
55305781
366142887
174258059
167442633
561704804
557674637
563395344
100227373
258701367
209719476
484997964
507775904
49371459
605523230
517590985
652000281
370535775
629664631
409171312
505510036
160788857
225154933
460072787
126941052
399307559
414930037
37724558
416152784
152669770
636273802
477304304
645133350
177466099
321535211
367672548
524236474
120610416
4932115
379692997
29555458
329700032
632448337
475379074
32860149
420509541
593948317
456808865
450275547
569388803
546209559
522926632
512123911
456912964
555403843
485775781
601612487
596465555
455921456
401831257
593305963
482885460
149973966
438595665
465204180
61646324
619346051
575488702
262925626
93671165
288844626
635793623
347555167
274951929
220897215
412246576
577696232
511358244
249127536
358239001
432483549
519641388
114375713
541542653
207044319
614354060
107899431
357026263
597101108
381469114
565037781
460023949
336943623
284605795
199218178
366159752
558406036
463804888
333710405
510421960
281908466
651407838
233089096
30669946
249662307
609082637
541479999
449229442
553559526
593801400
62971951
382229404
437500875
500972835
55164330
0
556159060
219099871
237141231
303454249
371128896
4238264
120639948
485839503
285274140
262607732
412573358
660527321
103202729
310335811
226388624
435323844
500838369
136641555
628159764
535550941
275252013
440414601
519612710
588248163
47519670
62280406
270280682
58607530
166569154
335725702
252904152
92962355
409862229
161325890
425486360
423089203
619571067
137294205
364558671
642711902
572581908
235794374
240346562
199022679
629318941
408145687
133524784
142034732
5839826
108743251
562182830
0
397463226
102343341
520030367
318447326
34453796
383217656
523186774
89874193
272157639
100266653
399135583
454655438
194085422
172774055
548520623
74925434
616027299
489753048
12547958
568916394
289065915
14847222
289565304
523166025
634823643
308032242
309431762
373367771
115347173
345989399
369906905
215297866
457026590
1618132
456766499
75759615
269296439
0
291314956
587275826
119851767
341081617
83728478
380927276
221615233
254264552
268258559
548475237
189702251
601642521
326192522
8746858
494359669
591658006
0
616320153
443619669
24877272
446745850
317048223
416248503
462811836
548272083
636441161
165892013
212292167
382909894
338331092
204949415
433619984
642454614
480710897
197309059
406973965
299291068
0
55286783
368420888
434665414
163162345
262927566
73576314
664595610
615924830
548511562
0
128524360
57186585
327012841
650669158
648615230
439324298
427420316
86474918
257522857
322534891
547656651
320847920
322724411
265290856
368140949
279215156
595871654
7905223
375564343
365338838
345737205
576119541
189295389
533883011
198055113
128910052
20002421
486781385
0
650853286
478666117
404566427
14326614
127089240
384990179
532020455
33717203
274647723
412330156
196928349
561220892
229918582
609764190
144199156
311812463
302392519
558589291
339906650
584108019
59280197
129160646
214445642
635904700
490526229
627874474
2810157
190561410
434257281
497837823
200754488
185879992
43068883
269166067
348931005
552232227
0
0
444130151
573635190
161979358
113150323
307141774
423638841
133107821
199550667
565376549
449999834
30207607
54763980
112764340
41505030
125377869
1732581
605962941
323186339
281302638
264233557
433528540
544387824
0
485267732
45118391
512151679
632007785
352788422
116181147
47548500
143915827
242204037
129277453
648639649
293470208
213932857
30005380
0
394775367
112064074
515761004
452985889
56101815
253144802
248091916
367142196
310934930
181631009
646391538
392809925
594944320
256534971
142165257
138683771
330463364
171620861
541202759
99353387
174105110
153568450
560004071
620763824
140049126
0
665345954
125220119
475864304
219855
185517255
238016986
251999306
163917134
0
63264096
89527444
601199423
500097269
213882774
651771767
90666354
186245440
87391343
95701645
480650189
457073141
344794771
625893185
303062208
639651479
89854297
474318078
78808622
461386174
407920723
0
649355024
244070817
166439404
20230473
472814179
406164686
283726471
311479718
445608081
604277450
175982923
182559907
207845201
418306398
175696331
220549763
42179559
264903266
51202516
451409064
126786712
399018878
448349667
326421009
263480865
487750374
589899863
92186293
618116431
470714367
579990345
464777627
172546109
480279779
611198291
479518992
642467988
595702658
580256552
561244267
624624978
0
160050277
593477079
260746410
636405675
274858948
11396531
394244801
42516316
289413393
328307683
170661564
392120926
397947765
175405656
154364957
450909212
586123766
61422405
610108144
65595009
215529424
380987431
459065422
281303207
54648469
376440999
401104948
473069783
415474512
623927181
0
0
0
469721624
408015039
135969688
105845940
95894209
146129743
264011530
98526000
0
529503217
53620319
337241180
182777244
223888881
420900666
632339835
443863555
512764564
225922421
630635058
293562489
167616250
349037897
572658903
430537576
173962590
400269120
125846004
463084581
237466911
411977230
75325431
663865106
27084228
414110879
435931136
64580574
579761428
0
419079601
170815198
284397700
395635213
490855938
298568365
364622000
509184022
605893734
424811696
43835172
602759974
282128563
666221697
457578083
146320789
454013534
229383017
261064340
436986802
0
176390113
30114083
62296579
556761049
525144466
98625130
238387752
249189373
29104291
194951552
551805863
273457336
184811693
616258327
307806217
510547920
231702429
151609553
306790014
434298742
98167146
595586183
558903384
8021260
177085959
47957326
260179201
13162954
360292681
391605777
9839383
598492776
213124043
261611912
0
190445304
24501618
663594210
469407141
303903435
597375566
649448789
553716311
185259476
611504611
211021823
111389295
399882742
325559236
214879929
284548367
249201218
222167973
136865172
258563058
223212993
161977249
385858628
0
589320948
0
331777375
432753346
131455308
630759654
279595565
500114337
653006039
119533879
43438283
124459512
554771927
107770127
499246190
154582456
320701619
324707753
365635697
195898045
229963394
537701438
346318128
493737728
515881427
187637717
378781656
315419028
474941768
190321933
255795134
170002565
162348348
405503917
222506161
128570847
85051002
623240895
436117466
113510775
0
508180211
239348713
418926364
0
346776291
223968612
503503933
418591408
291447793
546581061
391249417
487558926
274538251
520963394
360769960
136302101
371964539
385585367
267982304
603789773
383978835
10412178
39417495
630533086
489041009
0
258891368
448692522
218094340
0
493142935
497665578
457325859
189980600
656287904
11048760
553024629
36529632
34478228
645680626
71743661
461892985
292453218
333842167
489467861
518360943
253071141
383252510
294968385
315840499
381860243
510366388
83802072
613751051
536340828
111930021
404180537
0
193922862
362663150
655011326
86654388
591364070
109852436
333914150
518079115
246687818
363963348
39048587
35125179
602730752
335684133
342246832
623641377
558904493
86416824
42433399
34190054
190233179
528621507
529538748
24173802
111098823
546960769
594880339
141711997
220810301
391385795
831139
343080792
360497318
543678375
471302218
223312280
524154183
549549555
165657243
658139443
236252819
386081208
363347693
416202960
562274925
433918541
553042690
464026611
75480307
93821532
156827570
2259206
454940426
402304020
665588283
530463401
462808104
76285421
330542209
83013760
276171230
168404984
292241741
130306001
393343712
171633856
112089192
488608139
560541733
316561197
0
370355224
623261265
155686395
572017948
625661527
108286841
141890011
151342088
251563818
201391762
101552109
54954925
508190040
202849542
621142943
439587834
356474566
478506320
589023786
273466469
159781216
619508787
151993621
650084455
151574643
658882169
147070706
316718056
239704325
308662734
67653972
579121436
420085775
556504330
4455583
662888560
446097182
444893248
148079647
542646065
339170814
127379123
470703063
650671772
228012168
445043487
220435855
23905727
257999560
207610380
109420590
451818004
535389075
375756860
336731273
23005783
444618596
393986473
31446985
58316672
64482929
631123700
396971750
573624078
633306401
484624779
499381681
263581118
544030488
612978998
199473584
271126565
330082102
199451724
299594420
110041910
564401242
280422245
424482440
547965170
50091821
0
354187219
572364744
127979513
448219157
414723466
588476606
359592702
265979245
373164653
304281447
581966711
259963745
290439211
371914029
545114210
96547489
496231061
291135736
509252721
399614043
108280469
75179350
641122165
496434645
522104414
352867365
0
369239907
500035269
666522434
391117105
255575686
462061989
316488693
380579255
351765494
424680837
0
352258374
532833674
78620894
449289770
389029650
470807935
369669579
587947747
666334968
122984884
90606857
329296410
580055037
0
0
142776033
91695824
178361168
77578708
645544858
640764210
388041094
511067409
551574836
555121065
36894873
42910751
535414175
0
179120996
393103321
535228865
335669036
488054712
331503992
384586150
45363515
481481424
316793935
443226245
226564722
57801083
397836115
440971992
434808034
431440076
337161458
238898840
270364258
561929194
232321257
86590405
488721798
44381734
345276258
566519676
111606853
230082975
317047943
462273526
157646461
578388511
338524418
663412060
456944002
482131928
586905818
149439918
16800284
447852720
591142666
292190814
296952018
476800251
83767330
659828846
532357784
31245870
0
540726078
15513300
541464691
400928164
438242612
416837889
491737176
33556403
293675673
76344627
93954016
466686555
430695185
553649482
407000260
565455384
6966793
491955843
427177553
475794277
582190382
244248391
650051200
548659443
632778992
506675684
91262895
573326220
319947565
518829264
273790265
587013453
185581952
0
255270816
122492197
430395022
352691304
482782270
190469667
455297606
292919761
340312604
404560978
569662133
27688106
206766190
257538634
374397439
445363139
215953789
369370776
623703335
307095440
248014136
14308215
635679023
450518741
573431227
261500156
129011179
139836032
360647917
205007900
91214581
498841168
203010061
663144697
564753757
266566845
486753248
343410418
278166838
333940619
571237740
484995599
172646378
570890454
167899186
263245014
582277408
625637971
127978012
154896116
146776148
421023754
143614304
639757254
257628285
182669119
147355434
278816438
492540698
6956329
575601751
69764618
265319044
634075132
63346916
663823708
217758964
8851271
383406587
574665277
191601445
135143786
310547542
372013400
182114362
506828944
242190918
141525812
0
88435066
582478501
211419910
425804192
74510032
500822250
329121141
515458446
0
286683813
481313842
568051697
574118761
371210426
92324815
72179310
551464253
199768104
238471615
281361967
472455622
534932461
163007374
308500801
563001203
542131890
468227289
358895996
17558732
71844391
595189157
81342169
426233454
137081472
178063904
411875783
168323737
390772654
183946056
426063769
608800274
79434352
31650217
111364589
410265433
60499592
488844828
160591226
630904050
339136246
282882212
164463686
493947166
310082659
306130785
461505336
510776897
206350437
633267662
484736633
333357921
56447933
453597360
583280893
264312510
0
236096128
374622091
418248275
662041240
633700862
271637859
67516898
225625721
661567271
0
344192377
633296332
310131815
626151363
152366601
185038666
136609152
275326182
589595273
212761493
0
604658359
636314168
0
95516487
364545934
473232888
107919223
478278348
662738047
645323680
390469771
186772475
465113429
549803485
112729715
361195204
546418460
288489840
462931057
346195613
313368399
393782187
547844365
461932690
152276413
82272810
573852904
557437075
551539006
543139618
7450978
271847273
601970499
420449594
125533535
243265830
583385945
119965665
619191128
584808147
442657247
531802822
37188693
163569284
151732353
378045928
4821466
637600504
546319959
607039111
309830442
580108843
356495042
554702413
15041558
63021313
337826685
160060382
636276872
514728558
511032795
354611483
349668866
562001695
321629943
516284245
315366805
192102379
180633733
235766233
77171177
16915687
260426223
111122697
194133646
132657763
546330958
576163154
0
140790270
0
127768179
424124512
158693438
230729247
526952357
359903279
172064693
633806087
293826414
214233184
473618619
194607138
205755624
656990264
254533653
41276385
658969596
444679139
491682102
390385524
0
566542681
295050789
166424102
586846882
418354742
220862303
371234529
486264283
388658007
444985185
600109826
0
0
301251524
109708106
360993499
259232030
187851453
80966614
87061986
643210673
376266097
170010482
415559639
0
663047023
250354590
391161953
421987871
243032905
484758044
472345848
469550561
463773361
407763286
176473620
358106252
663478559
202497503
297178244
586237215
6746374
513115804
76145132
114134194
666060711
387335104
526135242
625990792
0
454563429
238622183
202735773
332512647
290304776
313645310
430453424
611861690
307113184
583921736
282936701
351207660
69237416
564984343
277143846
351782395
195511747
134555281
351455944
116897177
60851723
439866212
278843793
588068044
325515604
435813960
16320133
381183094
348300932
289167041
222780737
433733480
389994801
56559205
523910933
370766338
527227354
585557010
71473321
582584102
8349530
547884910
182340355
21398578
445143744
222982673
43239800
596983044
387059956
567981702
95654823
504012046
629001912
332183336
429038771
89930717
468923049
0
375774809
636119866
413064845
121309735
116483731
165771853
368003411
261958569
159530217
498316054
107598117
136526755
622771968
149911797
406269476
91480040
569994543
405183501
455856331
365134668
349732046
213035171
376550236
325052532
428203914
0
618542650
511452172
256727480
186000748
562148215
0
659173138
194082796
214387752
0
605958565
454860351
120322366
293420073
134750340
584181057
0
489843866
587761024
214412252
649070139
537529861
328581133
66373387
52240639
32088318
0
162517127
396572532
377591571
314651582
607250844
98601161
297826653
95368642
81166564
309329367
448675345
610585365
96289370
478341836
323117149
139964209
539074307
0
302115935
10508867
246303191
193598534
148315366
258025675
164975361
610564238
468753823
337295792
156251725
373664782
208845251
453562935
200589725
410321813
41999912
332211925
626007647
597516251
639470667
577347941
534685105
159754688
371824016
628170206
614786309
291544940
73403294
29093460
194260700
531006989
487158775
529795836
225790374
572298853
99998037
59547033
501179856
330715945
122392554
496340750
67648857
120986654
112676838
298755213
525974721
112063004
15455748
535343785
643214935
302865693
70166598
71581153
506723875
365073376
457317147
70591680
422982662
0
30656274
75084384
319819548
418087134
240386071
187317178
55313534
470727632
619140351
88278021
241717188
378159231
586797349
581840744
75203426
173974631
370484960
47967239
17215985
131171774
474925961
351344786
460464761
47114132
0
387137581
437588755
372107618
285317715
292563591
333048268
139811779
359942538
573520457
665663723
412036407
557081882
385695248
292708016
323434185
288001382
368719237
256186608
598831753
643727931
126280748
589628404
647187102
424607613
0
659810424
69648511
647422425
112291836
291454547
91337706
402991058
620919294
522028247
463013074
158284434
278321272
47995958
240182295
119637351
637334255
0
52292055
391649688
223725642
0
89585380
442475454
196361956
34193861
299905311
4441919
651378830
659901010
111405737
323337582
265719368
281084933
144834212
401022253
104722348
563390315
602367952
396453027
263581118
392010500
387297766
334847055
0
522408574
498439077
540712343
259195951
502003829
418132694
554717381
247462166
26605948
639463999
51511233
193427191
310996646
233416434
281412640
629096363
238903866
479590629
16735091
480018856
0
363633170
290061861
356508485
346222607
60629956
138672192
285099890
45134817
259669782
37513699
427021763
627142443
346445307
112981979
119757633
578442945
457594802
318130673
546293964
591074705
597556197
72995611
87836830
337539518
231605142
118764866
74663911
166699300
666302163
195805890
639785119
484225655
509821711
499223906
661600505
660826854
398973903
186032600
291701201
89700746
443855703
328127770
334321606
565845572
494389546
222917200
251112714
535395103
447981104
198158230
544189127
98495137
620919326
162291590
450442233
57616629
472296044
278723530
417209062
394119384
560084207
601374762
464920415
0
63445752
441534108
431292074
431735458
302054301
643383397
557570598
304909874
176198955
471619938
320533667
356223769
408958468
0
580479141
11689985
456207307
526597578
582918225
143614120
426726702
0
483116881
511802809
360529725
53220127
388388068
160123363
267747791
234522025
659723723
516928948
275308401
377239148
590209263
324853657
204366443
606615776
534000874
154412508
400486648
448943861
291045279
460187307
280943243
524428469
662777912
332735339
302236270
108226825
87211543
420140645
125816308
0
544363067
475525681
476422447
470348685
465544915
641941707
599778070
248931902
515488829
413979246
417694333
398417140
492545722
404241377
363186975
42309340
602113678
210417168
0
14275114
66555910
187230676
205511854
370929853
573503532
340024567
619661229
660968542
38781306
124085744
223737587
530354565
657310562
0
305901195
78399939
457477020
324378964
24984781
552946820
230862223
554072033
603894861
27881454
74684725
2091977
93724029
441097531
78358723
638613636
295982755
586202556
207996831
366172676
286924335
470065427
435908937
638710705
531420514
58464377
284528383
225187184
236799477
54350540
419144601
9052833
502112939
299272622
314279438
200870467
480031671
105072641
396915391
514539274
475014444
470155296
202280170
0
563388031
146150990
482743328
547210955
8209446
548734769
190022778
374712152
616237670
280626035
106497350
227435873
596065559
485075533
342463689
452351240
304296377
468286266
463391190
362673365
52643393
189639423
0
126085741
40670433
424453586
223079526
359098416
459746041
17119760
359100987
227386141
517326267
448470890
206471865
192145471
0
603289570
145871145
116325369
485418106
642990295
304701760
535892928
484872101
242235761
53788549
653767873
415158602
270554751
47367919
395299008
272137749
426581251
352297940
24644873
237441405
411026919
358215965
480676479
210349927
469351744
607345896
528672354
184893698
0
413624008
604571576
199223990
196736552
176688654
429500988
209581723
551248038
596129133
568054675
417180315
604988812
330740868
379596490
57184424
193243453
52202739
272746628
399097584
43692657
236329057
35210672
457372249
21078123
159093655
619219236
0
315954650
0
422409334
369311436
156148229
253771743
482767825
189849500
548493446
480901845
214471599
338489663
187018161
56015014
413514365
549309562
80577997
539146892
430486165
370344419
278635741
599398991
617452003
483981986
416970301
442587094
606647000
291313220
388428664
24159685
516951633
132457920
428839852
340701750
414964645
207227511
92410074
627132771
345098271
273892113
250221086
197196838
186579888
378744229
83374891
0
599835768
180845775
8274697
346913052
539554826
54477704
627250384
68073836
337493623
378666205
448020617
532042392
662140843
424449393
451482426
381455817
406468067
302762119
603092567
228793603
0
105023976
285838754
531411022
60969640
135517055
225365375
455229494
461739357
55375471
265414708
0
517625692
190745358
233741888
66921691
22047457
412100576
528804691
336067891
454564652
111335686
160717209
622725031
615235315
0
56931219
510982751
528344219
491801129
510771368
492460065
600537807
197431916
297161319
209987694
596442358
75091478
343398150
410098330
405538756
58723524
220635344
621349469
114349753
91326336
567527714
303758604
256918424
189075905
527825383
97941251
33696994
289184666
63432631
301703908
604289426
136382327
245331052
174076513
305244091
38440389
175689356
205289544
606374389
500394419
453457140
0
346925498
154132274
259354197
278498019
151483782
558304278
447151198
420587917
573307343
530947454
445066419
603176095
122392343
0
560374327
510336246
468695129
665891391
268323112
385539476
641061173
426287222
622327052
464586982
399688167
494614541
263952837
264620785
422448889
380648969
453386891
17622794
270365679
578472872
465364069
594333119
511709141
258258638
335536203
626560359
216579903
643246460
176705866
355629994
575851786
238618352
638636422
194775160
123392744
456984231
290925203
626998115
279375819
274358363
290816551
211002627
140365589
383943978
248608866
318006942
624332188
34202100
584917939
589298486
576020664
200594067
163916788
545941136
43438200
121913769
245882124
367217516
563931153
196218089
541173171
532611913
283445145
567922470
99303400
0
208859994
437118824
664105244
522715556
35302700
108602110
313940125
423555752
431986436
236556406
89568363
394116192
266426283
621247796
430259423
205375668
551132417
636173539
127332019
510551671
494760824
651580630
13618822
450567211
657052148
71770533
548124756
140748919
342746161
559479862
125588847
599796812
54284134
209391555
506853320
339784337
616688832
318247751
600289490
628571499
662189553
45739502
462842064
446380965
66930774
0
366174620
167054574
614680198
110120647
0
599494346
482265564
294750061
371757146
0
192309694
461148430
321413186
8417365
327474216
250474954
341078157
505245285
371237435
481176975
436617206
196692770
254339920
186349596
381787562
309128005
43097263
365461355
492722634
32188282
516714476
264854132
553877603
504977415
0
275176909
598138162
395212446
98571291
534945580
62839892
373006675
656153433
82723955
157628378
318925896
169587964
164151150
121427691
514636314
651511096
53079928
418116216
500460677
111625012
350827014
552017170
30775825
264009425
376692364
381985205
402970246
142380319
497073765
328385033
571433560
350041413
273029346
473394340
0
332361615
417144211
628269571
435386773
469900455
414426907
344186532
622645863
382193848
393818171
404076391
280674888
236925198
268681648
458900346
380602255
634214766
74021484
272378865
469888707
483219757
645645899
53190623
430971422
40023467
436845076
0
554364760
585225357
482973863
66781133
357664839
473525185
588321048
361069354
239714929
390719250
544723783
136629173
264998047
67560250
483896443
176401992
183959537
272107798
526948541
122882070
214484107
119061970
300011917
0
203971285
33228990
251175179
565748495
282600356
347839798
94514699
198470415
469369797
298220896
192199109
574373628
219771704
258672259
74427288
165700058
247107643
432328689
232514228
111553483
608858301
526977538
35441917
0
110234517
28744690
19327384
237451994
272064611
280715353
108548650
513065876
430444576
198064434
646874300
380570943
379267968
661309809
170801531
0
269578229
581796555
76843975
277188544
174716146
192984791
73691552
138548463
328962904
495907252
632406190
168469230
268480572
96910549
456394108
398350581
232641862
614632253
519980089
226503636
594622018
655221136
101581311
257774569
7233198
262817389
152532591
0
257758046
605238277
197840852
326431246
591317163
197442949
17741465
219984276
516554569
202325179
313267790
388013683
604843042
442701338
563177889
419156475
127252248
214354637
80393798
386463943
531579031
241138644
196050982
63545932
292857952
85208538
204105679
21659678
473370897
398898866
282253088
422438750
395422611
282537359
380754713
201229310
541080225
521182316
590222476
327987597
356850418
448831687
601353705
498690370
94221382
1671026
443588629
332469648
477773049
98160255
320955021
411795430
502334922
239529177
325819149
619920283
342494766
254566906
177681235
11595031
52863859
634073045
342857032
373513447
356997230
362220812
259313740
513176636
123630741
358953499
447760093
616329992
55197199
435027943
220780842
306647164
225481970
260970613
663534895
479423314
544649054
395682844
556385177
558622126
623101970
382412675
330422100
588262165
415950559
555594906
623421534
538598081
132531713
263449778
127118202
338666943
499192666
510045493
388867817
231009626
647318478
621877931
587340706
137758902
224746688
116496173
387700360
359089419
629712214
420815880
661920784
444992853
35004504
648624720
471063639
273426725
316855645
357466816
463792941
353146985
641596602
245643624
155366394
384556314
423497873
265453173
172474308
157411479
660751113
310672238
437776360
368980006
123768197
293722441
108034478
542735219
213969678
284527429
208415179
102490048
122522955
640225277
355901679
13358983
374331723
201698844
0
630485790
326012585
180208341
284333837
224820186
382100617
116114869
183876452
225276197
650806168
449114648
502216134
586773336
51305482
232981132
145298293
86461342
190932553
479809882
645971464
130564114
480061938
325215274
272738690
476596456
629674782
410852377
40260946
77225767
385918096
430892829
79148016
126682678
401866288
408822523
156070724
271729600
360500309
424434970
532462555
451570377
490609058
363759267
353998668
258944565
312423123
168727108
300920251
260230137
309895593
340787009
240592852
178896925
441937215
47407289
288353948
619001134
248875977
80708366
606869669
134262906
20356004
286363374
249828778
173233101
210382494
0
55065719
423421900
611568616
384011884
352591093
194297851
352128564
255307607
76800533
484277843
309021741
521396121
85612305
136647038
372275480
165669585
86830274
543073533
458585651
466383566
27445297
245661099
229703605
622016464
153467327
222924241
427941012
170696706
462105364
170818354
347565519
333544287
115538014
530343455
357835781
138803552
478544827
251940775
450005726
465841159
489878416
8768378
460021508
450110766
521113694
658851193
14050594
184649262
148667914
120273123
518420727
515922433
504667511
104547924
250274282
157136437
488914601
483853049
407165946
610412370
474079872
337443283
150930337
556539303
628652521
561962624
500623852
317173955
313960933
195149071
0
335885681
611125679
136800641
247141674
283624557
192026073
446911515
376304673
584102812
514802550
224507337
509054551
63565300
122483492
223669827
106576989
460126870
568822118
267232232
177735144
613894608
399105316
46982758
250371993
332460605
566608294
534719009
170945814
309647237
24843962
586167008
82029600
162862682
143144235
395048412
374389144
477516686
492262546
374990416
361144055
6294541
465363905
108654639
44127552
115783428
381515751
295900905
401875614
321510493
19628963
565293180
51278797
4817315
189008602
208340363
52613310
296633668
468974859
73411159
591761325
298447279
374416588
554219572
174203863
2102814
412985480
126756266
159235343
377597924
409133126
373883397
369936112
382527661
105907401
263617787
319424689
552290090
68781827
624552636
562942769
319150861
200822055
232884054
444028481
509419969
419406927
206128982
309113910
656156175
329470738
404683679
21082979
625548988
606093776
621369745
227709493
362209561
650631595
284112802
66273663
48468237
60302385
121333457
377643524
345970187
269385955
300971873
595204767
93612051
272679894
52452646
27336536
55699374
512481691
256855246
84554696
580137538
149368662
492769917
154436108
469404167
484364476
465766746
212990118
32521094
51143905
0
502199092
445076359
50245646
381633101
632683142
304247243
611653902
603899528
565697632
348708888
337038588
613469162
542096947
169087222
315654000
378951785
405100159
470012476
258830468
235230042
663391296
306327766
41433942
515594391
595404553
19897139
627641157
621565986
512161012
76290321
424228182
602954199
407164438
474374201
515916341
593045419
37181480
201750629
498242672
573009822
288088453
649233057
442788538
385163354
556093417
24155403
395781198
651391400
336118670
535090473
641588762
124589185
29486636
110530102
292349425
504665584
315877410
360607561
195131295
11527878
435959161
0
191885037
326234808
145892890
125434664
102170939
359745071
6168356
15163446
410400555
55271321
0
561480550
16834250
107606397
616228084
281124870
151055248
437282629
598999001
650383833
124635631
102882380
386544793
387152318
657505178
252748800
113541458
176457662
27355252
407214079
130090604
577128945
575464280
603887942
582326966
118042400
230194156
312091623
636185170
1041564
588665864
577453574
1243855
62735767
166565311
453050818
47521786
237981015
514946481
71385761
457230856
245704239
391798755
516330823
15791698
590871681
113218162
20275073
71439556
130067118
3343342
427771425
587801552
561325505
259217579
88648783
167454472
89707621
423205081
291368584
596839098
416365469
12419335
57893043
0
456184013
481568607
236169128
377236794
0
419906292
232838232
75610839
516528922
253325704
371246877
257310351
343564464
612224545
619461755
141765949
230676540
332752792
409536772
0
440324995
263904297
167160370
64317941
561152519
647052442
219288580
434113588
170198755
256882907
641573083
355148200
180491045
130546380
327550066
370474315
531958455
28058464
352415180
644440608
311487216
497962195
249509848
357239469
30918129
565489847
153430713
523572606
582771740
248295541
103425549
413603894
435181783
0
642820885
596273182
121492335
640236112
93236471
475802718
183830766
262872311
65326
169869350
0
184915762
282300838
57607430
358906032
226222966
632030465
90127587
236861793
452251867
247770259
0
446649587
221179174
550006430
657936708
115310136
255765378
86870855
179690174
526074196
39611578
310895020
634593022
362587777
252161051
337630787
565689841
544804181
23421349
527302067
530194471
585257114
565341324
378329099
565966869
375967911
521955716
213587055
424504993
147469301
450804432
208609359
74015813
642864367
182953634
179758748
470688294
480974798
143794667
589449113
509640567
0
583867851
578778579
0
433696676
79018266
23563681
344784086
604260936
579292209
36563359
49115732
227395999
620944431
64814008
239736737
213479441
299520783
337926076
350551845
402736452
35784209
51114062
271467002
631528238
639343675
84352274
664179227
439032949
420692773
135920805
482945507
197306024
206263002
330895296
100266112
453176818
174508437
321062091
80339045
453895708
463036335
39093871
537330513
485454660
527844241
6281633
579304601
601015483
259407305
436009354
464104280
522476982
124608475
41690063
319410281
196743663
118771922
71487439
333782581
529702360
134063844
529396874
368175390
206750819
447647264
566362202
583812126
229975711
338545710
319977307
393795553
133812374
379389893
63609999
156161084
101165084
462501450
533015234
487956426
580041987
498686943
195876970
66809789
530848761
186507477
171761927
411784780
523518260
24196264
592741714
235203965
203726833
638721213
642101915
529079069
543635448
536227481
370998032
28995762
49968387
182964750
463251745
102957486
452650254
631994938
212850614
664016097
646222235
303648807
93142165
82446839
388428672
237226283
246533716
420515286
232635385
25710785
607688098
242538673
283008379
360553086
487961543
305596766
92631666
451592850
0
146154963
659548160
462929844
17539059
463191021
147486163
7190975
224854828
389315196
406461297
351854307
351338088
186511199
94999049
469538245
556759235
133943219
14859185
578166858
533075040
12064080
375341434
438902496
547127519
340072055
41480877
112371703
379768846
213085332
135955880
566586835
651411616
601768279
603846344
618689426
50325849
225866154
506666794
455475835
43004208
395882656
462082430
94498323
60972024
282082933
135069276
351850241
376135073
15555411
0
391713600
462713007
334243507
345946012
558210283
228058657
389622032
605102456
543467438
32343835
108898330
476735757
284906507
665354053
378880751
576124759
148730454
54252120
461964486
522750494
32316273
123835062
100237267
497584593
115929130
508001952
394833977
591489214
256262974
406993945
460595222
546686743
552505430
30581554
548827327
90976139
642584478
450079633
501767609
0
0
31080867
316713876
359869144
524911361
609223731
651941409
362329390
425889799
436981709
195754328
507297542
615045246
428601940
321792029
219693631
205725843
294195218
40750294
10076938
133553298
339065569
167359601
279065827
249067010
445929202
539593163
80168690
489380502
284767358
590992865
202512555
235188965
193036639
131492485
175317995
488020475
366290551
98010740
513417266
531973770
321354434
7312643
38958170
135076848
604425668
167506010
313311597
98571253
465223114
492512097
280291676
256354947
452004976
187876607
576878469
515415554
325630872
369851103
584401833
138245471
295361035
131402298
660787254
301009030
468146388
281949727
111311309
126963634
469235959
0
138616458
0
444170617
536289632
190831188
507403271
327692820
536743752
450984952
654327679
373318492
320001050
370607143
332599981
657541397
456222092
117295373
512397824
355818024
313537313
189910764
58677479
263495120
597142669
505713741
535016966
0
168010311
287776341
601179729
0
219074140
133372178
283930896
574560533
91363474
416823994
533629836
78314043
62001261
507394098
492692650
149342992
202497503
87909059
166243157
400852362
205465843
69271449
487464372
634859538
623739505
449264370
190525121
417886131
0
145284541
0
418971879
606058097
552249830
0
154061188
203371952
203555130
364504485
186129857
661574962
18496547
3909812
296464750
325745153
554303265
127877641
567125784
544404582
364658540
293649531
32135481
637592350
123267246
230187395
554965705
313039129
541397318
557954210
359349205
130509906
89495216
633174974
181349257
297247148
283307280
615213279
50389741
518801753
35185578
164406083
571244431
154644277
525982707
297049831
403508286
193725631
369600000
522592858
565288485
102873010
199334498
262991426
463312704
382201595
81949974
191669914
331340864
57292779
514611842
429647536
355921645
577529458
534831421
44005660
558697097
420945255
447249702
554377584
555855881
655825185
313907261
384110671
0
0
433815329
304423880
577801372
0
388789162
159830250
437555657
341073240
394362291
247969162
0
540793847
105149134
366314116
318979598
453348355
480997549
158775945
162198992
501733913
24580920
305279708
573415825
354843528
364296436
368465106
631917158
191806656
335606779
499897212
258532409
512459823
133570366
191797739
56893799
241003630
384600109
570634670
228616964
7458676
216091129
312579129
176636994
173049634
546692573
590074180
227588055
207877049
302969763
214964311
136262865
451022626
484262556
496288283
442627808
85443239
377741252
660531280
556618618
317236506
417951568
532859484
119151559
153402358
234911865
233172674
532896351
452476846
54539069
254387592
402668439
487655935
400726843
445268682
516089250
285622336
356995477
0
565029761
365911403
0
358991360
630323371
83885320
152537764
136985144
111072369
327942032
85218011
283232355
552401441
617042615
656324149
347939094
190786663
278769058
268566356
401841596
215005236
203569810
299137241
498525364
64772410
476412899
515956906
125270834
472953603
391846600
302094955
552996735
60430803
542312328
486082381
506046979
661524134
61324839
444720820
612347987
462590426
176542852
512408377
437380624
603411339
508945568
252150798
471409623
616670002
88841466
543521692
442862513
262940210
0
453407084
173443586
564273084
359133873
599364774
9261712
639480757
300408841
477192783
211130747
278133758
90780132
578480003
385646321
187449048
585361629
431375799
403145533
108955901
494178940
124406050
69029381
92521194
70025916
370705973
385351842
133569433
399871346
591411447
458764
215248802
365330492
281372824
56482050
68763962
442201238
351183718
353277522
472010
632147984
28297581
522007758
133443526
447890981
499383868
40357957
135313666
276843209
158244283
459252744
277317354
9797225
505497918
652082343
309816385
379223287
37836967
460065577
610805623
107452773
519725449
473694863
246161682
220247893
395296746
184698439
204804260
548957012
321544351
211540543
72694450
207163645
81844321
556673415
128515583
612085967
519666940
136024145
374210814
467735607
430716954
180473541
375165983
530046180
379543035
501777790
590671632
610769519
49495907
413766282
628764775
573257962
0
24165391
398926659
69729782
624975083
444947534
0
660765584
404165749
470408558
514191232
173608265
138525633
547335556
188616094
148863038
0
184834006
80200262
544002502
550029044
137436065
386291338
611278904
590830981
360889773
169361311
150733840
387973312
400734319
617564815
11922899
167632900
294465798
254636139
461968615
633016990
1359112
573259478
458399044
278493839
181960823
264806399
248276301
650897820
243282496
574631491
0
91590672
370797696
177241350
349141802
127070291
191261088
550855556
224646486
528120061
588199261
497021354
622216730
435900695
542835951
373416243
295398654
246128876
665144139
465789000
318355391
380120137
49285061
444139026
491004351
544955213
152773778
328838137
549906542
280956766
345693945
583498001
54422436
505782890
95410388
648360209
4330670
485002149
220697608
414515323
464878724
0
57090889
63164784
483719777
518388863
461429289
426567017
399588420
513880174
563834379
261680613
316223823
520107616
0
568561725
31199310
568572670
204174986
539546350
538697801
451034761
354749793
558190847
573636093
266882078
218050202
601376119
463376372
0
159897739
341782304
11139325
609579575
183095595
0
94729348
530603792
629993908
653048018
32799160
366977062
421949288
80981273
216774191
375984914
120771249
512105252
480785922
634917355
89761775
2692865
411805226
79638566
410290599
222080548
204390608
369895133
70578833
553337183
628241486
78726651
466337490
27506638
161918421
257884626
69240457
280925820
96034423
313948192
572061077
457218213
563516660
196456749
70890616
594376190
661239977
635283867
0
351061319
499366207
39507697
193122808
20064065
437745842
422040192
657830541
406327672
502719301
99337181
131521857
3216137
192165846
259629923
319040007
594758271
232750858
374975766
494768380
63012475
564484152
397978084
563466631
0
476559863
394954268
462660221
655405892
244634349
435123128
350782855
38622853
665227755
198897073
73570922
665150317
485842379
380884468
106556219
583285383
42241788
129774202
600504554
307062635
520707365
113429007
1232297
543558504
158488154
404786041
532939592
578019606
220109789
593512080
444513219
520226715
497161418
130386763
120183023
11507775
427776787
5097328
184862064
193245604
438729827
123392146
148537663
309300503
74173175
652149100
378966384
539313592
556890195
559260869
358448433
32092300
559968662
93856651
4840884
66592847
76555108
212310827
26504972
587702700
464539806
506435657
50583842
463440318
130250928
14763388
230613807
463313334
61741585
593963878
35052757
479376643
496221950
657273517
530548018
362786995
384719468
569918309
45164557
449058381
360328709
650151800
12361898
258373735
231687443
657482345
82252911
7045463
646573337
370515790
222744849
264757177
31430756
39613804
45315555
639185668
459147936
230408983
106747503
394561731
418931468
540955604
114558795
612071650
437859910
105242468
630230674
131673635
278579281
43436361
379860524
526250000
588916424
13202972
143114444
569980931
185426050
641780341
642672641
67741760
87749971
0
330604710
354209314
0
325557971
250721051
296485501
345190967
50575527
312611635
66932378
443902829
613201899
463277101
159827505
257303842
570607245
650812909
486782073
299134051
215053973
480333333
265082031
135972937
35469827
645308585
150541914
517628670
593346585
549947093
542183175
560241649
613660205
230926073
321346908
91916078
202440838
271343062
17330181
542839741
13046776
428878394
66998730
546359421
445758465
275869240
458195762
465924115
307620284
585972407
282115639
117663909
7773949
269942185
532930265
511116988
402431260
561559357
129726180
413582272
639126699
352158714
0
444885441
534653089
90711719
337009485
576426582
158707219
511666958
137436065
630527869
11173984
601336374
637820337
289067445
78054735
549739824
38896982
238536848
265356491
308620042
455894618
578608644
225128506
535094595
594334799
255815516
241474332
0
202865727
256298315
576544202
165704809
639419960
0
368107256
653501546
428292921
519371990
48565636
6615530
43612291
418348124
256099181
383024489
110766116
546780476
349430523
557349742
479168624
497704352
603349747
356875441
538133440
420914477
0
451869614
572844797
646794167
283589879
461251627
278083083
216081080
448454609
91025386
453483449
363650960
604956704
275095793
207277092
368229424
0
91971620
72584689
142481840
530514969
307692748
513949223
631694076
518429535
430387318
265425860
258447365
201447699
651996767
167198543
32783334
629859291
38052701
562884869
119060388
534003516
541970693
453563568
576599928
502179357
342579821
619746973
112796446
347764658
450029276
175909118
359582315
0
213849074
560144569
402903877
91695455
98558193
47496576
656358585
485911251
13615683
348567404
0
57792834
60220383
362962005
90072117
321086447
614295200
539848833
96448555
357469595
408682257
621995336
116352676
510104084
654117965
598755332
664777582
298835514
581762066
256060264
404884510
335371337
443672994
496420445
315976605
464726166
653453242
143271721
307180350
63701087
485444634
521306266
572753180
19997964
21515417
581624820
555965590
297200612
508234135
422157467
106437833
247182296
546191135
647397933
644437764
222539366
0
438896001
408256870
311757199
14514313
0
117692895
280590913
443065819
483586564
132869081
118163543
28428478
629157428
601880146
263083247
617708672
586190536
20914935
176377282
606617659
393571875
497506847
303758684
471465008
280818640
37280960
214770057
129950467
0
53399095
269788386
636834290
157770635
109048265
213029770
585850940
610148389
509383785
178571969
107459
595635421
259251142
375302810
374807087
435590418
142131053
315279134
234629880
306171971
54787484
346603045
224047225
346433229
239946716
559026330
57182246
80403650
619342159
221884094
300402954
503261585
43985293
344375099
101557731
265421165
182035023
445220707
268616421
24738940
17109551
4996766
589942196
455475848
291665035
436446263
523812101
432073772
157659350
554001839
577164210
480305905
592611985
124646570
402219821
393128980
397205663
222221694
599059666
451001060
228007321
59752271
531994858
446314902
49357903
287874562
379911450
524866215
306837682
281304303
447940622
288061899
202055494
418105508
361934788
485476207
283534522
655271918
277175283
398021729
462886780
238096076
421714041
2776527
509405679
655123069
151652104
293534636
585436602
278512655
569442955
593026389
301895554
643988290
247737665
529536499
297637612
539558994
159569578
0
234803911
590809523
330842866
465155122
412059304
631080235
614607438
0
490254284
527265168
638216497
527716901
385365223
430362240
62131037
585348694
180462899
220337456
587088107
470239328
17632923
321044821
177512665
625857935
442467885
364182054
517419428
347590730
396864995
455647480
320262418
461061706
550608916
550238221
264435064
124109715
0
644324714
538508968
664659370
483343604
84703334
209108325
652954732
622127217
306324381
174140447
649292771
538239964
175500246
344556960
289308985
628138216
666095901
58833660
281095272
122297335
0
317277498
584483915
398948258
275278864
369408935
69553032
436261739
230383466
638209049
498547646
360686846
20950981
322909936
584080981
153343127
545113233
549990770
619111925
190177969
366015336
599095368
7033303
64843437
580003279
193523279
641763260
497177233
357999655
474288033
486360212
583871452
355099021
384535623
210877663
443432209
398950493
627133203
2233704
0
565465920
503773672
427411497
337232713
129791328
214490307
344651537
558342928
97376211
280686667
627213567
563786602
461541517
98335401
276040679
490031806
159030931
448527558
351255501
423438610
598052035
382998561
351832380
56962435
194620091
347479087
114215885
595610740
230115197
336144852
173106559
584540478
244495012
247425467
53132566
18145750
143290722
0
192019478
35261482
358835776
626967527
371513870
130345752
455387854
299192365
108409946
4575219
142167634
623948556
539417093
454418127
429668081
500990077
530280931
255598404
609275777
81025266
108058288
398013491
498476425
264240451
572576102
17137270
469422247
45753478
581098317
137772798
433758013
641100198
543017285
286814564
558511102
155055079
626959726
493108604
589670982
221341213
112422872
486770785
370933690
38721560
553287153
332968231
578798355
452087642
11744316
428953092
473282246
548991043
0
129632520
17626758
348730636
228856880
383321938
322878834
224236491
244823103
563964167
96167060
356590739
451280584
526942721
491105670
637511404
336439776
489145450
292227749
122717787
277284017
578990104
550030093
438140938
274729299
4474928
20394437
465238131
76614041
631588825
527339001
63601815
390872269
455206952
59959297
503314363
281128678
322178232
314940047
404162576
402948107
629954381
565635011
499434684
162414421
520244258
224995483
0
589626885
310380172
0
289805635
517529959
36887800
115011232
0
428006767
104625047
296208094
90025105
590489706
345644265
562627287
655658575
258069037
133064447
0
197968572
529332500
442498314
99092744
65273153
271789649
101814405
438755217
68619808
218898996
467246526
603085583
356129840
39869305
147548884
0
389073875
465090679
660048099
379193762
68411635
516958051
508800569
653776435
237456206
595931301
88189765
562851160
273912971
372112811
250483052
215976386
0
262758004
581112047
19747951
585015807
629061125
71752058
492410742
662862233
631260215
121738537
595966450
97188799
331911609
227451218
125558913
439224969
286924359
148574445
547032397
20992392
597621417
37044479
138278847
40209039
257745501
580544183
625276536
314572653
345144080
103652340
204066535
107937419
40379157
170821319
405210195
297917758
509156604
3107404
72043750
293453003
321971729
435803470
630310953
332491846
336308458
479053313
224964054
596676422
283469932
530958674
429933825
416187077
593186907
108822296
374619487
177209684
152021229
596613665
275118310
501386338
317709126
103023063
279635078
350635753
334754169
18286768
132220337
117814485
359633007
0
244997840
247581581
195604345
454202303
549084197
185856176
641186339
88884882
558542248
543688798
157926978
638593747
328651200
258669035
575511853
421995605
147588787
166341001
41776230
511656737
366030136
493438982
349344807
101514409
584206937
421906939
99877423
101521364
313920221
94513861
398834516
594221639
344236112
513650985
618322446
65122249
365697346
0
414575747
596917953
69541387
536638341
643226175
567574891
315031041
453073335
319054908
466477650
151897760
162962293
131012311
256052354
445759936
399272091
574642738
510733135
13788400
88180264
246591378
333706507
307341104
509713115
130247039
331045167
169182613
601422635
541092957
381122193
113448216
406997238
58639320
516801296
42920016
344055171
421922115
58080906
347503434
558827056
383051100
661536381
440616575
281750975
312784197
454453134
85393483
397087163
343762885
112433884
16607714
90483159
2361971
105875564
186117922
132383950
5681950
545900276
514456220
118853715
261942527
493798085
263900786
250809467
379105021
290777652
178772626
180158503
423551381
598011538
316671350
554681754
407825210
294149732
0
163779283
545380386
0
566345355
583105819
233890325
449664801
47484147
250380149
66406726
283491328
371231253
239359333
661618837
324371270
413259306
102157211
464911574
487351409
270875872
50460649
372223412
581430881
490864318
0
588273131
436935682
658765360
238829752
154144293
498556737
350224123
510095574
192594424
389892884
400806777
237567813
521540043
77733082
56028612
380252835
137193211
95560980
645653390
490441820
222738408
392250425
226164056
387230184
549959263
555568255
620906376
477989310
444268797
146830572
581426680
258520645
106879144
615146172
604589607
624596999
549530851
28501038
145491816
604511789
494774916
214996932
550946429
212655208
580657683
609913758
527835314
619174600
521854274
390678263
420982188
300627372
343377726
103917955
227944600
360170413
447074995
75807052
207257131
424686998
499192564
146314014
94794326
642811299
351497234
602033697
209022176
527873257
130468261
498684764
311517485
0
638911938
345854438
74385663
360174675
9303041
618705381
629076770
398241305
324309363
621353900
262301231
213260194
315263947
531514642
38945468
33865963
78858498
483721574
396241427
573238090
52931458
138514948
452877924
1640650
663578905
345179145
171385973
321321446
660342955
146043014
390115332
214687295
553720611
632728522
225393153
278628295
643951766
126928629
573463595
587688849
117456712
495166586
177938507
336611608
636002092
554643205
485139815
403766120
465232013
490187997
528306213
661678396
226520821
0
182528401
610306563
431459000
566881007
299054813
431675048
233896400
263423867
602108061
84628054
171912511
162645219
401086912
0
665427159
256290193
447029089
79544044
0
128702403
303709774
421469036
492140291
406847412
292224598
653607069
138074599
53874334
617197078
0
633460573
589234394
655137332
353100416
577311494
305352864
581535565
303404860
434567789
61200411
553651671
239725265
517635795
610119731
491244976
262328701
69941412
465870553
447209597
66912240
471179197
150239797
523488243
274721603
187882562
301773292
138227731
663896653
110487119
179379848
266373603
197319693
188936091
227621575
315072778
588071033
642876021
629842674
563510132
202218755
637614159
550751403
484531881
595181069
251431782
199168898
597350027
648048487
72517215
539391539
300009702
179165139
585816076
233138475
323373010
180734206
153352440
417524855
129677759
255990439
282138416
0
632989757
79408715
250342667
0
0
235097111
301803220
147412300
648150320
233379153
627874977
470814569
151204719
101679395
355983272
185989610
340476639
500979393
372526442
534883950
498530672
521400390
328172652
247373043
376958846
189716396
222847744
566484998
547883620
21379633
51741056
77993671
636607702
307465093
6389852
493524187
448511538
261501967
574296767
430411780
105891635
252340169
254370301
530920109
623628405
340401794
400957570
244228
59853257
136828903
103045538
389701157
161592743
477822230
665408928
140907780
649279483
113235463
157325857
536317329
58579259
352759585
579710864
194123553
0
72001573
573122092
296626305
287040894
513891198
240299634
661268409
497249850
132170088
64543774
292310565
478623417
76456078
638949681
598185360
75796301
224816999
509882046
595796266
453957291
519710358
260729422
447825983
486114907
550636970
363182373
177459587
545412657
655977700
546299562
219378417
657595336
500845595
611598571
287155929
0
326824976
538741863
180224693
447505712
513983136
335813535
385641450
531712153
49950605
260853103
306933661
0
145440134
582498050
291102178
595365804
43691819
474038544
661035842
535796421
97554233
492080867
96701426
0
585069680
30877476
608772424
121387820
484938560
139839428
227937085
361057288
354817210
499955749
576152586
458561571
386061491
359599260
99752372
302599203
104553895
238049282
130506381
102438938
0
534547917
405562330
558540490
251713140
76730882
361728281
7401567
274201422
125591741
646598846
293313372
638881416
430335507
410307444
191761706
537905811
664833035
302370322
83343299
99450155
588329366
263170373
61090115
613479510
110554884
61596970
254228602
655891575
84066408
239033788
248751895
488627478
4414779
378432367
134420050
0
295022679
228046052
405584626
7553655
466384324
153834753
611034081
106551508
161049262
566899062
256512219
656586504
613101033
262164277
541446494
27394954
456247693
666567667
195566183
609903058
646774499
150821715
78524840
210356305
659628689
634548096
381877125
277992434
499845647
429847642
666655269
432090565
608517216
410653325
262902608
627207828
194732867
261365116
305198959
164627241
192355214
429782456
270672882
74276097
164143125
339385524
404561066
533725152
360253264
211516069
143229197
405376253
31576414
572280217
115839192
523458782
349778487
655560403
386436843
464188499
447301159
542820651
235428318
596452899
249690857
30186841
385369461
512631185
59194497
442588295
596086792
63097690
648058987
495697351
433702521
216905642
549225180
353966695
336962414
314174555
31141972
4165328
22312695
544450068
618827038
240862841
52250423
666449051
469162648
186721532
448619758
238945433
566091533
136944439
546577852
218713065
475161181
223725052
210153325
197073495
516786193
552488299
640529842
207501462
141441568
371544341
221695529
57584618
354738570
34712401
399447012
206814623
150006556
315250011
463437727
435401429
538383674
181029788
162198101
482899131
512615097
433868017
590500053
351517263
319776333
55628651
247336949
143883174
23654172
371220647
145824070
150761741
143444004
90131999
464947449
487643420
0
452355964
155298858
378815142
89060383
68890033
72943586
0
318391683
466560739
75140880
66253420
549911760
560028158
456603837
442619619
212285405
590531924
511931233
503490691
51576141
441210756
129200329
400865440
83833176
541822591
400732132
187792926
511157400
119129979
378842152
573004405
41905037
436468803
498710218
188598039
611759229
130856829
149694850
225734941
501562794
195771408
615237573
413106318
259897648
637887499
168427536
197839034
20986224
121685193
0
0
615744252
454540097
0
364765948
253810803
180782649
594928494
93744570
266944908
67988944
453884984
189990854
53615930
319700565
659138312
121445045
305563797
606518916
228015104
153856617
451181865
146868941
570037049
631194605
285853795
295495827
92845606
530130378
515914334
511542448
409904766
143878144
625142470
258601035
234344385
551598362
479484981
151884832
390208011
487881198
43686578
600074149
332584694
20383756
608056726
493542501
471354011
650612006
7703366
115363076
141327061
576389000
546094688
429171612
227829982
55513699
66695168
47697044
260653725
302163304
189263861
535531869
402988771
665026002
561313593
265476031
259951199
443694369
371188259
470981969
0
467778702
7932669
473779892
609765580
161709462
422042055
554020725
161162354
581548897
492649668
286327475
346205094
540640116
281006958
236559962
465236252
2631788
519669160
579200583
59776626
216118403
626134563
512073558
180371955
0
197318019
632682702
86585395
261684660
352715950
622540747
65217056
450089870
126684725
235337378
178990743
333491413
403583344
553057498
274946641
457786674
596588193
197266197
272064311
331867532
317129532
647780150
466425380
2427478
38861941
344563688
419576284
432461193
228187461
378475256
42392166
37380696
174611305
126848220
154072101
126451014
131154218
521375557
71790796
124528768
518800505
472005870
181023491
251004696
257534964
317094187
409828417
480267399
604619958
366318556
95509263
129555549
559232458
29618300
568915032
593876724
158961066
192120290
265731764
55600710
220524075
195269652
89190008
82797606
184074508
162381224
453533358
159002474
8237123
367194400
539625365
509582730
238874133
659349140
490998365
303288990
26305671
164993731
656060210
566489289
105428465
200711347
194446034
28505665
562582889
19391674
333502511
595197703
641637317
182198461
530527434
369425524
74974243
8110165
622333222
600065752
556258455
37301838
410611848
546272186
184936687
529302287
313694467
41997774
98340359
641749978
0
159922901
396981128
68010781
334001972
265582928
248883663
60907103
435266278
410240378
230431488
5566310
241834147
266968767
0
415547905
648357700
641228123
22069292
479428651
507548844
145332709
401059790
264442954
654236680
5841298
609073052
96659946
220028121
73344148
107105616
5259127
466526382
91626281
134624217
535075257
440414881
506320746
608358592
588353706
609831022
490469316
513138255
475633860
434270291
472734138
660096465
226718093
233910596
14157182
579119508
505805538
504912260
157780028
579114743
364609827
387777270
384276884
269916889
0
473568217
59736888
568512679
433326133
412152541
24860102
411398609
448106906
538881599
315172297
458647012
296820337
36101138
610067885
472875161
0
0
510578074
182766088
110050697
580910575
553474036
462272294
201317175
14638979
557155016
567695403
476305537
137670770
87100045
655600697
381497481
246673685
165061305
199946595
160883550
518788683
395619453
39400197
344241806
551376301
481572835
510831937
508062950
212545037
500736343
266729904
389196903
595736317
637160165
134920537
157003792
584837771
0
477091739
113067550
245016874
132853148
334893019
466753227
312264549
268667208
604182681
508562782
0
505823259
410080327
645457793
258742389
119055994
599809328
249074288
588710334
221792847
226620471
635946823
289209845
171095230
542360891
127776559
177158828
41902803
391010777
228489560
609766829
394276982
311510692
53571042
65471705
370588062
131967866
520829205
107155221
479984309
647267646
46937171
150445896
223550254
354643165
652435271
653913576
220189927
262416987
116045987
545560218
311961327
391307397
0
0
391183623
265781063
82987881
270194157
498528609
354288516
293155330
132819407
190567465
18217756
665348096
649235190
20464819
253446796
287958999
647772149
627981312
479574883
86630049
581051646
448291900
440483740
463463359
655086378
188448866
447037920
305887387
285933543
44075591
76188579
552411420
148702583
214126980
519560593
0
56609344
602847036
461151922
225195093
30597694
85924935
595952948
535597901
309208438
394702789
4815067
0
453599865
427594367
647263242
397257817
439442763
385005979
656265078
93864557
342862746
497786696
593498587
97608217
129419627
429074332
587311987
185744799
93301466
161249028
444021947
421896711
315769729
360208749
80274594
49936149
179272825
319378006
602363890
390584140
145991681
656587873
229064116
147975771
201176334
249501270
593984207
285194539
154232482
641256539
434835187
572833850
500107244
219355994
120980435
383478671
236557739
476740844
422059566
471332959
316484204
560561963
646456043
611730999
157653725
438027515
322088305
79098572
161456661
506370482
404616586
484778116
613374555
500027029
114505882
165192055
649898461
626652378
46544283
305388479
112195570
585118045
228675191
519682059
242972328
425578416
182623312
350782089
270265135
330931691
188381996
97603334
99925746
16380425
663238477
109904743
663451023
439447225
193784937
190935674
109886973
201863923
277851801
298574847
343211772
265289248
100231182
239129231
107100111
517527730
415586520
297273394
558546494
641436731
326854913
384334926
613271418
628757754
48330873
230081888
212559552
119839512
448663479
191692502
583787175
340993422
265922560
193172900
613699122
309697729
444795767
77504808
444123501
292206822
140007836
546346779
162809383
327898308
635729236
653586133
157645620
399603145
7719529
565874888
326143213
357994358
585882579
652859805
93137143
665928635
372911895
264927588
50447279
23963843
241596947
481671079
248544515
74527707
134370633
375592401
648230150
132207979
442960772
418356355
589976101
421824951
70379631
622488748
333168430
322877106
511899213
523382945
0
328783923
345454382
544222219
470664469
663286167
370289975
42237758
166642822
641880700
180542077
0
251000336
184497658
170511728
161104049
404417764
299033498
120346363
477174124
418983397
470695188
598272454
443250692
510000145
460597729
145707250
304398408
297792320
479047023
478634629
546100399
614056524
272281156
0
460321595
441919712
487701129
422577455
378400961
140465317
317962446
605719710
255588360
447699394
400912692
466973478
434225989
283150043
647534593
511099826
152568051
201778294
482907923
2961997
391586244
637511637
30219393
448608898
199179975
341325658
147319584
354374821
0
555341855
224055464
619645957
492811537
303547412
339020343
555927794
390940389
505537062
382783320
22195861
128936820
484321912
485235677
105862825
247882114
89721624
189236360
625674367
344869160
217912983
115433239
611488087
0
594137209
128343509
205325202
416851626
0
548539525
656745152
32305478
427325245
556867471
33512474
632073446
196060448
311152934
194309690
446354739
240064299
143679081
161197179
400994258
309571341
176175390
455701668
466455776
113197333
129679293
246853363
294813846
414457447
365808993
557765378
117568955
132843908
34419522
496552485
332037084
436723805
77233266
443393492
323756930
330544583
136181867
173291312
475161
495993795
647354879
114735336
577917054
27535106
449716063
435097398
218962238
87136053
146086797
349386569
105903767
70193706
329303654
519130417
633562944
624001486
319789274
386559215
558799366
500088913
432980691
663285254
467309752
152411254
544191405
176344812
487356904
246670205
654487740
614623344
657932995
388557012
475492576
227008035
529504358
389013365
296246889
202265304
222773356
272067784
374918653
324180441
246345221
138229059
365369010
287910721
79190384
0
382265397
172931518
152266607
148206271
580941711
581286714
528255652
450949588
658518127
162713705
33416436
361975844
663523190
332896132
624617918
589918502
200575773
482785463
393869479
638054462
0
49056664
0
245719379
636726989
510408979
349578373
337853519
372551332
615426326
600933642
266988566
129041286
137722964
560233046
0
350180596
506263189
568786098
535803586
587497018
424075310
357054307
106570776
629788155
597706811
0
559820402
318075627
424435721
300175944
464399694
33611189
134640795
308514394
346724567
35957715
624910730
226988108
235885196
404545326
325181009
460438049
649184029
361466244
246685068
627138131
466010029
296503568
165645126
173075542
314638814
447760320
99057370
547607454
506257655
125983664
274505497
262982874
219412469
373318054
335724901
323379787
71547836
275323500
440516096
190343727
351217590
542574749
176276287
233513457
352380788
42886629
601671320
24137898
450274175
360628682
454175725
307957932
518950563
81618604
116455408
251262709
0
202368923
166320815
205283168
251919300
365267818
384163734
535981885
410109534
88049903
503397037
142611320
634673057
605613167
32716544
613273706
317689190
361803028
157317149
346313183
105919212
278876381
633541854
102895491
257312125
577945952
447027793
416795669
488829971
41560883
16325400
648153125
0
310666136
457973169
195979233
551634560
500478281
600771976
105562036
130338463
577210248
202486689
525157171
141325197
124429478
297673642
0
194321569
644792089
179865129
595204030
435514632
574506324
95265091
643471889
316002469
621716787
120372873
180752126
77346066
492191007
157934740
327128106
515460935
642514852
529125667
127654171
91258225
152089106
224467898
158122976
538191087
556578496
483635678
517739991
395611024
175742346
182629330
336981696
149295589
428012560
617021914
241805330
626479433
169762151
622507492
5298290
505245307
6685878
249148976
14408166
304999098
211402000
466899349
657924056
466314582
49362110
576761626
299631885
479547771
356784819
204387866
0
453845213
191910088
400622632
150103107
418015459
578783293
560075020
241846183
251112077
394969384
324538689
0
542662390
216959859
528697855
360665519
534323331
626181434
16528555
366916368
512468737
234395588
286988438
435093376
476534630
172166530
370690562
176213743
0
293258409
0
646138104
504713776
442914155
12638189
268546531
15488495
63621805
183375392
326288104
0
263987284
408814489
225447122
591108971
404687847
122341860
37956501
216120936
240637491
250370394
238095916
592037164
436885967
233823373
291269212
0
42183508
565196007
152228369
662917292
593377519
353160642
394812325
246324088
70062731
567105746
552133555
36028416
662521350
482555432
592117578
322134162
484823120
388595890
369022280
344971069
377857176
0
138409303
18294421
488140101
307435108
313737167
456275322
128664922
301437521
450762235
0
381736736
142716895
114758240
623839907
274741861
364846617
343693168
536128719
33482706
118678059
241493143
602909212
170664003
540295058
346894359
300074203
207486874
229795110
231479486
406804977
0
29973252
73679318
76552184
564963273
520782999
497521975
43962537
541250385
633483888
161715428
549216087
110905432
629952954
596021176
604515599
526211840
0
312056274
164061404
477992471
579431750
139216203
86762533
644271789
180396348
386421951
478350942
238474427
191822651
109783313
219766437
465541059
160233659
576701219
521173827
450969561
167076587
286905264
476275007
22683351
553082314
104621097
42582579
441426721
206641257
72633005
270898995
11860550
512074160
154216616
383688504
139949973
400872660
299940858
323419740
212536231
67918019
476614832
132524370
191836444
213471190
232707490
368829594
327900558
480641051
139964811
227660623
144429870
176704538
134435274
645537709
525313465
82524950
483055166
369658791
437735232
394783833
537526533
194157837
44398993
493542456
383854348
197550834
292050519
451742326
1528791
76333463
27272862
187179096
116883939
51127247
664582596
260285192
298881629
167209092
551128754
522391394
221062872
309852342
21638165
664864731
409994035
252099489
558256276
501669630
295673154
0
0
245532880
136181508
190599902
321931689
354465725
78406607
626338697
567606712
637768910
413552698
663279059
164462689
126981838
600087422
167945566
441684592
275305237
494808530
298956529
39148795
98894510
106122916
629410285
616477624
122196950
236329817
664125188
124072273
333371280
94411397
269336196
0
216885663
311564102
42718351
0
150722962
148537992
334204620
635563238
491671205
362146901
633241326
665778563
488190354
257743391
27181964
398124793
575440639
129523709
120934358
359147818
273357127
217341012
303663105
387874853
454531037
295469438
559127188
0
153617109
232799554
405370702
422812401
589405930
196918299
643221931
126574144
33883465
339630061
555151132
192045764
21008843
590668450
493837827
428479177
390433117
294229892
604318253
341638079
91125447
246383191
41895343
420687896
613226488
495409420
251011376
516351684
579376767
449681390
145595611
361471075
181336097
95035668
504962770
448137744
365080972
384210650
220895975
279829894
663160207
509420426
469255173
100135930
359877244
287363060
489106913
37255057
419807620
271895922
553230453
333238501
270239783
24879523
633322199
609616440
110739810
16268673
74275018
516562298
138575424
344908140
408777421
495757233
191651346
279183866
267898475
225722349
154935903
543157435
129589291
526419686
104078023
485957278
507175290
592173358
442264423
297285678
578563312
626548686
311891984
522854459
633310515
551274940
596427163
0
653343631
628871446
75902720
78211523
0
76981458
159062272
232413228
219145861
138980654
576202231
0
612823761
247440273
48348347
608687088
409143850
435930829
553195683
438961005
214118984
464712604
334710499
59422448
536862224
362059776
417347127
403058175
594994120
650140254
290846708
162915281
375622629
181020631
543549855
577790638
256834032
635366602
399287609
21214782
524336191
157296348
589022664
178233848
454881356
273006040
641819933
291141078
0
485050362
247710000
38551845
277560987
56859769
0
511744411
355792544
417474086
182057281
0
253296409
218990482
125199040
370668559
134376747
429990082
61397260
546851206
295228347
94962794
441415240
413125081
310930439
346638845
282176225
382561990
257984146
569380280
244585420
156511095
205644317
0
458662493
557337756
564086310
427754078
601641130
654807772
286048033
279929523
570844100
510431065
225460005
272787660
211026158
16515685
241047838
306347156
344779285
367849722
590165752
263590365
375441457
55894483
638048086
235131767
297047243
234225410
577733645
568774842
428122434
610466606
475184600
305769432
275523929
20984888
627834281
661286981
421556419
101832187
530644737
574117096
432754714
595513666
187049182
422750187
644860058
200671575
208539548
246925273
129040020
333397143
517975364
644518325
539657033
424194334
416374611
354965023
485200710
426869327
431980148
311401260
156848563
370804071
568289530
103373393
377318703
230202869
107049356
285535099
541566662
460231080
433826502
638920125
128861030
482784924
201288129
254688421
426905937
0
340920070
65422131
285893727
293016231
286331597
68079727
106044643
7064653
654892656
152544195
525602264
206247610
227864284
34575624
543934377
489672886
553277769
639718749
22764458
594170235
396904297
513372044
114452639
570227763
330922737
160201908
278887349
69804969
522378505
477271280
657496457
653449508
597963792
63001580
494864792
419191465
453419728
361761961
613798653
416187789
203550703
313049830
327778183
396427649
0
521946734
262166524
223220218
357863608
16326929
145424153
213505402
165567652
525891410
190488703
369630209
79032470
416443109
198555535
509472467
338311713
43610830
491521630
396713067
155048568
501453879
318412183
100276750
250629534
15932797
628952628
326429605
153310171
248022458
443861663
647893897
396529874
590867471
562282077
477828057
430159908
160907750
344632711
50894061
616871068
177643365
404760393
639651489
143537433
51137441
188940715
485004735
474146418
296234690
563859977
87659026
95760265
412685207
439506106
80553274
643824961
599888002
442012806
232457643
480110243
368006178
570896636
353418034
63349148
467482286
402138475
544773643
492467713
333372959
643226706
659774804
293201025
629987374
391556965
312967217
499842176
366866129
385936459
629288558
263887956
453398407
304716311
219589143
95291169
495479276
653062815
514494352
131230614
74011918
657587115
387845226
10669280
442788748
371182583
152080164
318999865
618104294
607818626
378140481
426026172
329528384
66032242
396042403
193649709
403924147
638393962
402915662
570960503
24473439
632391857
259576541
448768308
498574240
156646172
352150657
440008408
344590025
460420337
399964640
218743280
97134235
449747665
318037744
100574491
644552847
364054797
408646575
320172984
551212958
300908923
198449445
414607464
643943687
93118843
494338848
428514700
527969516
0
234500313
416692524
148530181
98234713
167429557
80545016
571111128
224580738
0
262336348
0
156517224
62132899
479136003
443309776
535463311
239441400
94595386
508530361
130959706
193663434
158690081
104569847
304222052
504980853
601496467
149748167
147162543
39424759
618700794
229412974
281388647
515100228
78967061
538407045
439825554
613549958
437571338
615707920
363094933
248839562
16803184
198293075
184862786
482927536
35218742
468962034
509805354
639797969
200893015
282115067
602625310
208269625
390718085
530003210
450015726
649756733
176325831
442770582
147022256
126287588
92617111
531238847
639128691
199645844
390419459
646958313
572560234
488203265
160029472
503497781
314118881
622979436
501848423
11287680
515239890
139583254
239286644
547300287
286954057
523319049
114761466
632885578
449697606
589830706
439501214
549823149
79133047
272421202
556854954
598625827
47513040
226312943
187764985
405164728
97423438
475516390
0
174298610
441049906
472669136
19937603
634777984
268668718
509620971
109781200
396876472
656984339
338843093
207803386
12655103
488439304
369098369
332395586
221944157
481559963
365038571
469008843
573483599
387190110
14410884
24556959
476843352
52025125
52575187
246383510
659410697
516055595
601221887
658193004
334913874
453431999
103660782
464755425
324383147
268274681
257946351
512138093
621986822
270275569
457401546
137345975
211694094
76655680
299920613
539704121
8610309
336589254
585810560
0
103980660
434150122
365594148
192156056
206971724
226385169
510293215
431045753
0
536693287
283898780
403832751
287715980
254995659
318130527
439433785
538826052
440616378
16165531
363202844
95468827
608590746
615345231
394385015
601598415
246986954
227987194
237107673
624144010
461118659
279554573
65428472
366364622
181507373
573302963
470978806
551630831
588094301
44967425
515703177
123916891
381993775
477235085
339513768
574754278
67449900
283998056
97439972
155399276
157235186
143305227
141133941
118876093
279262157
148709864
276435802
112949526
295636471
256295692
107850282
112405501
366251097
451278498
525611797
654524882
54108858
408631828
570316757
173956957
0
328637050
63718441
476306121
208787991
78166889
614884631
114887863
445134246
286239536
440467387
251813449
314978570
651607596
276728668
114647038
123808993
14421097
142423293
0
240111406
131333681
68857090
448917682
437532914
401036036
203232945
166706448
321515142
227406161
151211961
529109215
276218505
10024703
476227796
266595727
612573123
189211598
69424053
515600006
76901768
76060646
346862223
364414772
436483376
0
511441724
129762987
456128785
640593843
409208377
420232882
637633738
147340917
511350962
383203946
503354635
161706088
172596662
630574243
305192523
496522447
54494870
279635006
593965713
125456324
442703796
128717810
629566396
197658948
438248516
320350293
591917654
118005833
330244349
579240820
330484622
389646843
350590474
341031131
501181115
658774043
77630122
243837354
535276638
155385188
469882160
535080423
618494054
309884386
247512251
98813422
87939592
460128519
584468027
662117896
230007934
366714626
387319605
29197212
599467299
84929655
576560879
292895229
269571959
229063017
260208355
16848291
127663544
290336290
401265167
51918827
141628632
125526796
634733631
277215151
71172642
109709941
240257655
519971599
236386694
329237812
432048867
280093473
663453203
138008984
306439974
540557086
370730821
249665811
178127736
60539192
629752278
622129721
444685462
222379749
612150590
157603261
388551261
73833327
289510401
249529537
115026264
79000881
225135516
353607457
361324933
665209756
490942327
653248506
477912593
184577489
349433206
140152890
363582673
359589733
649959377
0
266412427
186265791
411807836
114725034
609386076
523369620
272334878
361137717
3086366
552169011
642592723
416918845
303977028
469363975
229862840
441130142
386914638
249764054
4246104
366804308
274514887
178334849
164025512
0
419759760
609655711
412958983
124537182
0
361863945
0
134012705
480137230
627456495
594629390
124656136
537241326
495339533
471859720
344089717
588499489
30584596
445244870
29054742
302947935
643955220
434918696
658618390
487578950
450278039
515294050
56810056
373407242
484547996
0
316484204
531217843
633873320
441352621
452394129
301785935
660911840
531445851
0
331923957
149720538
288492509
426059884
449032602
616766496
176280359
471887415
441910586
0
282785913
235991192
315964158
308736676
491957246
449035471
83128829
13920484
254577213
384081862
353853210
442000066
35687304
83875802
316221184
62953064
503475752
103752155
0
628517419
608278809
374654699
316789531
389782379
602788369
47876355
216270196
461045271
214812209
14524084
79319746
542427196
14695199
99393100
434652215
248336968
389242612
384532503
0
455975063
376266265
65523573
230999811
466548815
550326579
221070270
552312097
596482816
284827370
0
166292524
398177829
659365143
156181133
311284668
238583755
568830670
267348709
325364732
458404805
217080840
624475329
303443300
583288799
264077287
601540898
391089851
324282000
72382405
318666773
108528697
225665661
130254142
58656115
39396648
217599267
478019801
78413508
326452540
320152509
152873158
132452030
661382278
97284310
391539566
19605531
569006513
128660120
200467436
637034586
528971030
55515469
465807634
547485728
249405345
521198076
451069085
204300832
0
212006834
319911756
619348172
622451246
266758059
158869854
78235295
470494126
198727782
178755422
208876772
93183909
358117375
100154764
511070136
0
50533037
534588581
577229769
622751819
614709238
663597703
325403340
82831066
442973461
90106732
142031249
121749211
48729051
580235912
449410728
586042625
407709441
512210591
530115699
409903516
109901656
397084891
391819858
307877297
115775204
356375152
327500193
431658933
116561549
227534962
176519413
226012859
0
600199351
484203630
369309893
633242467
576235278
286834701
645901303
65538066
231464500
521104045
294850280
727644
0
456149777
350579326
96534010
432725785
283496295
40060874
109416458
282453285
242549963
198292729
113793564
659655986
447716898
462790753
552133626
83993382
277748044
339646707
348416520
436968384
260772679
182599806
514536712
621161684
150664696
553305010
424881548
65582100
20472243
100014625
261855709
98514529
530188778
132649553
586957366
86355641
542900949
384916012
593427549
212142672
531532077
175563417
551782625
578808698
339713973
610772521
470029171
522191787
504647824
664710004
318921603
92610577
345443480
633650610
375560473
377418168
238686089
431285934
364483235
609499455
263219563
388017195
597707693
265974169
0
310072932
0
518949290
320269769
426413495
292088752
163976496
271036494
133136888
307848523
411158740
112689407
49370230
644683220
530442955
101003191
19151773
642817404
452798309
661626988
630953111
559073185
556395916
105476641
367053408
0
561265679
346701420
122745425
494470894
382249300
583051666
200058193
7341311
168370616
535606411
333964204
511278652
225804236
110424473
186973386
563468699
130616607
428235527
268026620
316274283
554467007
12767652
373026266
495205741
16967486
550649510
373458099
386182366
66366081
504943616
643280055
312037008
504225973
223003204
177552177
134451075
546973090
136439462
232258266
621785319
0
346410116
474553252
165038222
189567453
0
400255273
464753377
632079603
347121912
61602487
245462281
437602150
499067762
57635582
605317885
176405491
389342430
373362747
210564615
230475623
309686477
123275424
599580066
562366656
534379266
518332445
366122934
143862694
210184418
348172174
102685843
470065982
423129594
190750629
59253003
626322776
491708765
421304761
404653857
146912576
347420339
48438473
501940359
253275447
362011433
251205469
485117863
443559418
142613561
0
82913682
10108016
61800511
570186046
328573882
650446592
625966455
139792427
360191047
596640236
129203986
149659494
355294225
38336453
110013462
378646732
106905975
86813106
144866964
310915910
164693055
419076883
71230844
563706881
182846985
335991445
183206642
0
190313423
590470641
311807294
77246884
526756239
205894118
44855716
549171571
621799378
651024957
651030516
639537661
20382787
204737876
547324625
540953417
639140469
172415871
309422450
458427145
417923884
7737394
132776919
290117343
396397972
322026175
453777526
146469289
254744321
127188284
470825624
610473646
663227945
0
144857308
183117846
421577178
650457427
639552315
294377145
544304275
256995166
458405328
636591306
70294015
199415093
386342108
486449666
581645159
109992200
362266790
466206036
296905494
330042680
66260030
399813023
520899318
83364514
466099729
478500101
154492431
224155260
364103542
498471954
571027346
581028501
531992873
515165959
255020154
284333052
272160711
247924071
301002532
280567356
360044877
0
164772137
217857719
508591376
466712830
460761683
485282727
624433850
380421737
520525260
518696578
232932832
499756539
449722563
303572690
45160071
266755009
0
544735236
0
246534306
552454746
478000767
39785064
124736685
188092340
0
224536499
44097314
396460006
353519602
189354461
569729149
172225601
300395672
420333917
499559265
177819878
370754416
527413426
401959769
284851018
86758906
49453778
229978853
432921760
565033703
568311685
636951287
366689318
182791967
9813767
302693148
423720292
38563124
107104344
638506179
189136460
556228518
444637272
512399517
355175487
104759765
559844862
176095212
227917162
455390690
531223127
621142902
654431804
466521772
554777899
36091924
289194415
244825531
508917692
186414991
335791548
139100422
616854851
419967050
574735239
193276028
298883790
428105863
265920955
440490441
197673811
61960826
395642430
644936806
259927777
305393829
664187517
168970997
238477247
153547395
506585887
78808696
29835209
475987687
323613156
530141327
258499253
411146812
661452662
360128537
450708453
139472644
645366710
121392431
418811540
278246524
542460059
301285125
558038248
423096910
457768904
201593922
110777936
143533560
464063178
662244279
652920580
365116026
591761548
117492469
461315578
382171374
373083560
263610196
42002656
451805370
619002823
125547296
545954748
586734669
305520776
28522709
444764255
9376478
503223693
129370717
620909079
34952209
223141055
322109460
0
116142438
293635811
369233613
632101419
272222239
549549447
349535673
470154671
401533079
453869660
627075306
429617640
553278546
186296163
196877967
480160486
409795684
245215214
573083708
302284593
510963307
284571726
26886662
21080796
482208622
542227980
479844198
250366791
76109775
366903558
57413056
480643270
357938704
7018915
273015633
614839459
545953246
611510949
185312813
87988253
379762783
464772884
317700611
483178132
534803691
514558625
63124726
119840101
389897117
274334851
281829442
100940567
210229289
257450284
420754123
565672124
403949820
489547009
442036196
305691810
415760848
606783709
360099929
224938773
516427457
420244860
539515922
49367816
627544323
364654831
400449457
338688437
472574008
241696361
286133105
467184380
33187815
251711856
548700916
178074586
293065090
365183305
335521236
518061994
638605631
150934648
147152006
380863421
222850075
371013223
458770013
113505534
508959722
219475979
573412245
355569572
0
581719662
612344351
155625263
338963824
595427942
308308938
585190875
389146120
61044063
66532128
237314236
446936180
322295948
35484604
297906582
355299148
139357044
243930303
278136541
63723205
510774592
60073090
608506557
413725735
87686111
129036216
620722518
437644116
459373641
553275403
296096102
391324588
547756667
218166698
0
458502924
558950970
236671328
514660886
594079321
209052223
309810165
329257866
182539429
27501414
483774648
499923801
102670435
484235445
447053955
152258771
528198822
149560427
353239131
132112870
474571513
116665953
391371145
428973570
352374780
159053967
141487686
495125089
263357628
234832156
217011644
142901725
663721708
466145673
236798158
592508126
476772137
181573485
357523031
468021830
219802194
228444571
579481461
273808163
626712286
257378313
465658183
470422089
641861321
217285006
417815283
530894958
115239535
486621616
532810651
186933022
561640206
292422494
389945777
620416725
49345340
523156050
28006888
347818676
554028351
484555881
197183227
262136026
610356641
67359635
528102362
471392956
652143425
659781939
230252750
375911282
262518630
153400220
144117648
518248567
205494265
609550982
576759541
255814442
215538401
105199971
109349203
21275990
120266689
429989686
567591859
382906623
218350396
282644073
539821047
295744732
546839557
389950542
562880471
185808103
659952662
581509490
551009104
448961307
76078824
536615673
183913717
15497765
169203342
386601561
57639535
250954216
133602597
9450611
218235051
621440107
337994638
237843025
69221434
561126877
499205560
0
127253645
0
579451989
315133119
283727374
341460789
449030717
448521176
635193460
363873553
395658465
18036254
25429789
190898645
616064448
374018414
347264128
571783809
350499929
20940728
439283500
258486500
268839098
270034497
355603219
192106686
594532897
0
569884754
135127160
508974330
167643193
482679040
506932988
0
123093
12490038
650182431
178940100
607207888
389011838
113534659
264464438
415987068
410193936
263063697
392073160
240187090
502406350
206086384
567820845
186992444
207046021
304308271
20977054
204531281
154260724
520781695
0
645996582
276604932
157955550
172411809
662739684
62586898
88208744
320815777
352605863
93996953
187331183
285947414
428160407
592708548
116922544
545862178
372349194
570106992
579682167
662424291
244648617
100308840
588647364
257788603
592602070
604994383
0
59106360
663811350
166832356
68040570
76866743
428659908
168695890
0
649904041
159296620
131024242
172338345
474910
266694353
606056515
192405271
394458417
227350261
559147167
319117721
562347593
179105889
397954399
490888775
595470558
600575688
64244022
581382700
361793476
480271758
116984108
207956233
235139277
94102801
632968741
454496982
338855578
158830180
248039376
8236111
638407020
41670194
214721665
192248861
79120096
454608300
158905866
377064009
359604660
378108858
582581312
234577366
349105738
298190405
359589982
85902473
0
566757489
283911602
122334680
0
533408904
597618808
147412146
328706933
177208244
586975834
614198046
535937086
241234608
547170146
44215312
77110883
366333638
587810645
623586012
303517855
144471993
601720621
153910436
278306013
559082465
155468563
231157203
383650659
566008282
313116713
191988496
664566668
281661422
31996342
142020017
614444950
389035504
549034076
634301204
388937983
540756567
461511447
267705716
139285326
488664361
129154480
91949041
530529380
16975950
315140516
287907915
522497008
92309575
558455804
0
494714779
292659963
390099353
323262289
0
31769275
483595523
380667318
613386572
613555635
458800335
282205714
367534990
406338497
554641829
175089415
102046199
303846027
577507874
193254673
93095646
65308261
157113576
0
398578390
220057207
560628949
459530619
520471123
412735276
633095067
0
199466519
404231814
366537863
0
139623996
245607096
218428580
59082422
324685618
492733237
153084531
43845817
190218098
412737267
361725184
467178815
344485817
452396135
0
196539937
165080232
588211361
440543823
533882340
165817077
0
372881442
290436897
156601133
304177606
642909722
469971451
0
384253062
287371023
75645258
0
326622003
167406181
348681755
139032951
0
219138413
639963472
577574078
286958077
625271914
201292109
225492574
519065253
54763247
0
459741315
628929329
23440772
73338343
0
126220154
266583186
394780695
191836153
80333277
299104404
648678777
231756370
341922095
508942981
528177205
200317593
429308104
9469426
206410610
175882441
423894174
553310002
326157063
287301386
50084200
52600868
143066682
0
0
548679483
136937674
612045749
210563674
38724554
635215170
201609416
201750469
23740831
215372265
430526020
276673879
594941551
45256930
300529971
435162335
309434721
603986915
652982717
385647285
490245102
96206194
153394405
141041303
628333725
445685848
121488026
17407708
246749377
602747089
263223174
295834924
249129364
615302020
279410228
591907357
559388012
113563921
299285845
489722639
471829876
115633003
169573307
656242473
394714832
7517603
78887838
394271545
358914115
396171730
0
297408012
276716332
558604547
0
56505380
411024849
539830014
509377002
27305815
169405698
658663993
228483608
321601734
651149201
127058323
123586449
641018655
541889339
588167228
334800418
583278680
377661589
411446926
89020355
259618082
405745645
41731340
381714369
155142730
377581096
7340601
117962805
595445262
487945062
226014040
369145040
511666958
116710767
79275330
378255731
273455215
572636335
647408932
518366486
265681968
20532292
580604308
17175789
417057235
250419710
8943191
511912127
489528769
644520883
458791166
602035522
558228195
542108224
511344381
320126254
618112210
294496600
422149818
618719537
378250243
353234062
316601680
213124111
200001080
452505416
235702497
21499286
386056671
61029688
375200997
0
12978905
93721498
291532041
18778375
431557781
206033392
199391007
354467656
442477004
587279818
467121704
52615926
510441780
156638218
289002960
435531832
210769639
198151966
620842942
0
342987168
556838353
359625773
278200620
426859949
133037672
517933715
166743623
398519987
504596718
580659815
228010569
633003135
494775558
5377897
546308369
533945301
357317364
58897777
65954189
55338461
272509757
466935549
423536973
420010909
330878496
470979411
0
0
288752600
547086958
498646778
544154389
661989284
493189715
475244587
173624009
0
475299322
494593381
486610391
247282939
596891009
615722935
170220930
607760755
397709719
68398940
24557908
72448550
318364389
0
596889512
528439590
30301554
11679783
493746643
54883831
584529875
613349029
466756026
465401858
133316554
452429976
556300556
132015794
437611805
352561483
181144943
622702489
208705665
59072035
119755327
310249154
119453140
599518641
657870659
510586870
434858486
159654514
231962738
489965717
500702568
479745123
427152162
397370497
143569525
117534977
90876545
488399687
471859833
0
642732789
65204066
174049825
286255502
330451057
515446938
101572290
248241464
178931111
239395913
376541613
610029567
624057595
273761355
426363078
357694941
523360077
507550441
87522644
151223913
270161767
483684601
553455370
413635813
55508120
0
160315983
392980969
506410912
558246943
315523447
661689933
537078376
418059691
338478183
116966787
455129147
20987037
329248906
533171746
145667489
399744275
344819959
483832785
645229056
566681830
114063461
191842576
73125172
194339136
210272260
335024398
59905258
196535578
127367812
302826668
382046016
506334444
599282471
322845380
190911514
415001940
628628747
467534362
473930153
484058600
507818733
215514124
550432181
621416834
30155418
0
652159299
22902457
93489493
320404016
114142078
611196589
588192477
0
312709326
411346871
579437950
382971580
305244791
598327328
355759987
67613669
76161752
231782197
537177024
374877349
628499095
649238372
617597388
284535913
257582175
542958133
547545793
241093477
489472647
663491172
100705709
415138970
0
530946838
0
638849299
331308864
200096774
435191354
38544472
99800148
363604801
193991910
292551549
541595851
401921080
597989263
148779435
637860814
573575661
178772924
376633630
76103023
503263745
272150603
405787071
202812427
5667913
387502528
134349750
542218042
11559213
321574172
228349279
281539336
507086774
544313395
579401545
419380676
102444135
91832551
663325532
614483115
18137031
584732951
336086171
381474452
294694847
491519700
554536892
9090458
196275472
299648890
526425417
65683503
606809367
548622711
362964091
291952652
92898330
346320641
174406395
120625354
205673053
213746864
638520239
46556817
625391703
239087897
55195774
574787405
18036143
421811349
311254293
659397927
343900544
182812510
426060388
0
71634425
509557187
180782878
458496470
167565882
428165555
253713141
478446155
159253162
543937937
547002115
521569913
276370688
514591806
576348462
0
461971493
67957325
312401823
610224769
122268331
178868705
582461820
483809038
26713840
383895117
52797869
440029218
0
564277459
519770319
451725220
562173862
624412086
587562382
97333196
79030621
557681067
355281414
0
645452916
422529901
489251504
183169143
568184928
536715655
38873399
596663719
446316408
612316373
91340008
310061185
618362909
378137415
66255739
395281965
296126848
75133432
504675163
604302301
526872877
293301650
25188480
500369317
66775952
363472474
614361616
646750412
550887614
396640103
395484858
291016635
534296195
294258864
87518577
78691669
290620832
534960972
373213461
515130655
533632272
405292195
571454376
206653082
548842341
396095752
523904666
586118166
640301240
590531483
161599188
655780971
658878902
479312034
48132302
153419698
513783505
33566008
84696218
103874901
496270568
43622761
218429018
503368475
94688386
292500974
292148078
183109860
571210596
227206076
513419399
520779103
0
296628037
40371532
132173905
172410780
404733185
288733444
295494510
648863788
71114950
187625510
517315578
655365965
498689690
574810302
173874491
662191874
44409490
211010016
19027115
86697705
70732990
192472457
650071417
51517247
279722775
220537614
291467255
525691556
252290790
60237171
337906578
116138938
145255687
576648459
339298055
484012993
549297332
538843975
565040237
362052966
405337587
533862102
506676196
543287716
225676939
179299745
296750395
185558267
151110820
325960798
417679486
50471715
305225716
529802839
567681591
238590615
522960750
0
132252149
646210723
253534619
256109058
65377039
937103
0
0
593831700
440905275
600653584
1497284
396863067
130982850
480494889
632795667
304086143
567506783
122289243
531664876
201330490
58579791
591859313
184543616
254274754
401910850
122307631
529105737
371632522
23576730
425309760
567124486
470902441
236961217
168225886
91770975
220472071
136009011
586776546
524105407
307588878
342878879
133650998
520786395
563841545
569622179
206737539
625108251
473910722
489778577
92758644
254160707
149294777
339689664
223546724
76922754
0
303967662
497408909
351551805
23393451
438385790
531515626
18382536
258992549
148910046
560953812
425014802
394046931
539231561
600866241
419471802
286744538
233648401
639749292
196477018
163249945
116843266
284202714
328323823
645616384
0
10529755
359245891
495208914
422935937
263049758
347786448
0
349937113
451454326
427353236
35957812
0
46236719
433986366
190980169
465001935
86680309
167896017
637920017
267692851
66683876
255225797
131292625
60899768
84079265
506226765
217210445
272511858
401482392
153176478
80452960
0
316135121
131025936
573095386
487242831
646738259
497447031
625909111
478883390
618124109
602433493
535248964
555702292
386426814
569407480
432632275
456782082
390150951
0
161613505
149985591
310986882
417792528
235186592
658236436
662668177
567378566
148922021
103891563
474846907
584398055
312329951
654042068
207946063
127691568
124584045
304279852
247429249
586805247
616489083
580353138
646036163
193102146
333122320
628247792
175530752
622797053
335853953
441628970
529739729
63205807
603306822
0
67160512
592586858
264741011
616735869
154529501
265254500
376519677
64469764
458732629
439728903
473229003
113598713
307642334
510509346
284963364
574211242
155773957
597357174
83659903
215330707
348665562
513933955
0
251646229
134713167
242087610
493290806
602764428
0
102026205
519728343
569861417
17730096
323514908
173607268
421497571
495926836
612396688
78825795
224414199
0
411642089
362990050
367640524
493943251
432455837
430438109
285882443
369002869
539666265
456181921
212793426
607798832
483551306
381594249
95585098
564270602
51380355
493942237
419850111
135167571
378988680
229113801
266952286
284492948
369951575
394608194
632561332
628605698
627906394
619431414
189607410
302569028
105539165
137792919
196838997
519822553
378958691
354131740
330653213
404377978
413666150
76729195
446779519
34837272
354372344
0
437245594
438925765
121042427
565834264
265377686
458573284
536578619
0
343408293
156137934
497114403
511547898
429400933
551042460
465310704
188328221
331648742
627339912
131152467
322972938
302573294
409650357
348117770
525419668
553774169
166946934
11636377
396831290
141744305
61283372
610328831
18648824
86197270
6977543
318440438
445280123
31081120
172466691
418957724
357168574
203835574
149549984
545035428
317926332
440032293
87221796
536606570
352777538
293272007
441200275
606610131
488083756
285345641
514500119
307868554
530847514
393578991
281953719
144771811
116998250
456197957
258234277
659418425
366292658
272563883
413986326
556588636
318641230
512012792
317053844
626070656
389929335
120265829
414461586
566476136
477654820
452776205
664891006
498896669
185806761
559177453
160910054
187081882
465345547
0
360305263
347630465
212805406
459141043
442435777
538558380
2442842
235085738
176578354
657519518
385019913
520964548
588163965
340194279
294951913
447894443
502227726
73480352
464254312
644270972
237506645
617902757
408314273
553321177
354374292
149816220
217556936
367308488
567643005
566213947
168958254
252789946
480920490
0
373729534
173003207
96887822
471550388
636922596
184026903
255570431
12827553
0
509837202
597742802
241513358
481017470
458349039
491723968
89029827
54106633
77542175
7120898
610583888
471741558
548679296
198655335
662574923
559505592
155504777
388170584
246050810
403356394
563090581
595502504
43017033
280012113
37243941
402789287
71244108
449472503
363578761
536289759
485575058
615005090
308279922
359877998
613353477
523861696
515065337
472392233
377163391
427499375
363955721
494141622
2854502
460096463
324753253
450373907
428343317
311050595
15262839
417141432
514786560
250864313
29780674
351137399
22211802
627639987
489295478
103086391
522474942
593522824
25021673
342890666
557618393
56807910
232566802
407084437
373702307
435972367
65635175
611656436
382452704
402549234
557923013
213561581
122476037
545769648
249219412
430905115
392556012
470444814
650442253
147540471
611668278
601782608
422658752
252573272
328201693
247919987
385700505
665928815
315441829
510259988
165323303
622256610
364777909
147762042
276597148
164689076
501393124
87058540
612135416
336512232
437178048
268720401
647249467
0
369543629
47912741
266254177
646358044
404968769
121110385
429210248
121094178
392572708
266820530
416081686
611596747
306572225
536817343
487445601
587264264
639299620
452746796
121750296
545505771
477347540
626170881
169462739
477704077
33887686
262875594
225212973
597422451
454613810
383061584
496714536
217432180
319893602
92692506
12962848
519110548
607009581
509030569
451952788
441785224
77295948
64913426
330637806
362444005
41270858
641202465
347680968
22073875
625167200
510551036
78059424
335618106
345758709
117672450
175282539
627061235
489398530
334039446
666556237
496177901
463580591
508031266
532933125
572828005
77768515
198329681
295147344
580492737
381101428
479806715
88117134
428267788
426001153
466132880
35086842
30868029
85046339
172763725
543556645
424003978
422966008
63274001
658701834
471974624
243154659
220118156
609768050
190466629
378283855
600437459
20911622
539751179
606757957
275111617
58249702
125857626
0
619921423
328863747
206102979
367778396
48221169
103944696
519063642
594070008
264254181
223383710
63655676
523647268
544757199
322335433
506332160
444270769
311781870
137900060
124683456
309013546
652003257
93543091
650082238
642895061
552278931
422685675
643490717
33889755
469992621
454386183
178501096
134828580
475534452
384516238
503360771
616204868
122526786
411743165
425303905
469899046
149694844
537122697
480699367
510650623
507685774
13135595
295195712
284976131
436748995
530524883
92124948
462534845
494729636
240663748
319217660
237877414
462570000
194704551
0
345546449
37057936
655032099
465638608
544126907
583343765
613650571
539162539
77144112
149455517
410571448
266307036
248884689
457753974
218810760
493860512
150602975
347941581
198933626
319243021
657430334
608531169
266772019
279676534
581501613
0
596735771
499777968
501294953
194288713
356151929
469772573
0
279296316
14472856
339888326
428587675
254804672
613161075
13335772
283396919
362904232
135635300
499303217
203515871
556806340
643198023
369034867
259692784
304193182
453327373
24928364
212491361
348058735
423286479
509577801
489458166
198538697
110397381
262083166
357403430
259325509
120289569
0
472483793
31846243
350711246
490157197
448542031
301417734
377621182
347365400
322374449
35293696
518857759
183744312
510050137
46172544
584098189
391104014
374707979
572831688
177619793
63530603
117438103
384653196
645835016
226835725
582509274
412380496
488004356
666333468
164426038
349543236
128145177
178042237
70459637
504550829
651825839
0
319217374
154696998
287848404
50081441
4881017
0
477019242
404080489
345797095
142380541
175957637
305192366
602918353
194522489
545256127
254914506
610633713
200300689
487333907
140616427
289665965
224801747
560914358
383121930
498287386
239189829
631885142
312747384
46486726
220289300
498405156
117695491
461311590
55789785
322318214
453698316
503483975
604884988
229686609
205910957
212894628
324304312
129784000
639344216
189562575
0
297147653
379990052
216822148
424096306
98987591
365436990
515829174
613971979
416889233
456245021
296649580
588376918
265977439
161239505
84515235
556065984
230188001
294417102
587370330
573946093
444232166
128530654
260273329
121796708
549267832
390994671
207182303
28846888
256169468
270800321
503131667
64620457
445118010
36390150
332953212
609175801
375809721
301007902
57385887
71765523
227662113
326615842
112068494
106167172
170675510
450401130
0
641679349
310465661
249857019
375969230
599804213
159809291
252401346
55425019
313523882
345359548
230479437
69388390
237295531
495929949
496117791
416650585
50820583
286025141
353467938
631370256
646186880
437132471
578284254
324010601
37937358
378378437
257034975
466225281
56535838
383491622
295870906
473076723
402893799
495420394
219004209
153917805
260183981
250973049
138537221
469359273
244928841
388873641
360993179
65233446
384952858
408259950
520299666
63987394
364182363
281811484
317686001
318500291
11536438
495508277
522542134
207571503
453725098
651978740
211163053
333659559
547506610
398778700
529491473
612637412
0
375367231
442006689
367436098
414118224
498141926
490258001
225442688
528977542
460589666
526442094
140528285
293667494
284326027
35535486
70810368
306872911
477491736
80977436
603082302
543476048
255295082
299815260
468311583
518102996
461932773
224703147
132720627
424645035
575848087
228529968
0
609837515
37518461
86321976
656573853
388679310
226039143
600365896
137264242
321192988
599971475
192785551
376372919
62036536
415357767
124385089
302187657
139808909
38856907
247927084
640769133
264728413
665232205
176036284
456704575
222193016
227689550
630879843
271747239
259527322
607263795
548824787
39243250
83971554
421195496
38263667
585616247
0
212536477
207599101
220412461
559374519
648888004
282952827
383367059
270564969
0
167433528
591749914
484550676
280086899
0
178686174
73624308
66358283
250043100
369358424
304331763
297615827
278566255
625344534
460793949
517832177
622170574
557506531
297308824
453914109
383578218
485458765
69225734
0
488054470
509696983
616274026
0
213887621
163161283
407479044
191591095
385673628
543560251
198250421
598169614
551455567
511466033
468372473
210913700
496880923
638246489
423084280
530161407
414648324
232698917
544089237
402555026
611904144
365150467
436354847
659841723
517612005
96964234
243134941
76644468
611537094
24630066
436076155
151931542
606048420
481482024
50016582
323153534
310952278
110085509
169224075
374709830
292201054
546914551
500489969
160611958
142346173
458572356
0
627122097
320569958
515517393
166846504
214077940
499997933
228210710
666221697
310273044
307916321
371959945
0
221476554
326817136
0
594926871
291497189
473866016
639684340
535007532
635282859
611801817
422778737
506107583
380434092
464286695
79861900
404615457
114332541
321214235
418033868
142691937
3179462
577686376
255679774
0
126069934
42062297
532410617
622094762
365723831
210341670
315199027
578880603
600200125
419387908
378379214
0
125852415
611394707
363241637
190230112
443256265
108989938
391887082
484385447
272760095
618602737
658947344
215582701
645957031
539597552
605021061
184225373
17135358
301257083
299114601
346752532
460881172
602134542
597747736
227720515
440228851
17141550
590366537
258288247
439299406
602112735
35424576
492683515
86747138
379975031
423131657
115086018
237712701
241208023
409824686
78101848
24498936
139360381
120536116
518053174
515390235
118502939
434145066
517194407
99049758
413829009
175736099
93749489
131937590
597609100
467120477
130463099
158824225
138115189
378547928
0
307541059
149562494
180325962
245734492
25461682
457505350
522960160
512249073
116408011
576584885
460523897
562238696
365934345
357685325
519707886
576024519
429084404
413933083
602326519
506607916
615670310
87386332
0
206719842
623984585
464612196
557811226
157286967
665601706
542867799
384372143
302170487
290172954
349267985
217053419
41997415
357507567
569454233
131117838
317469490
384417450
306199233
277085854
435585464
175185188
645651472
473365547
115980157
23755039
125814066
424643339
162110929
32930298
374203882
92821520
329980146
424003188
423396456
31919682
214657832
538854374
552703767
401209382
470877136
653413645
393887261
309154846
532365677
361927419
635472482
0
440806189
0
570214612
451108238
0
63202237
133224360
159492438
179702748
521505591
547132632
409680093
637072334
83389528
335717302
647433369
441016730
306069190
0
594932046
160745913
646734050
650102820
103702566
448487629
53469962
296898148
246342327
398163240
86378516
443254657
337790756
488870079
505447946
190474652
505413239
567118022
338898763
111380649
487878609
82256055
362868838
333104417
651405506
369383281
394323718
224345476
346618299
21729949
216639126
366714552
349841418
264467528
228667330
229494467
539962989
296612634
65726722
273831337
363221860
553062649
281407131
179952110
470839398
394494257
278866068
19228920
66054682
366991913
51738556
619391059
191238737
33572005
363001348
443201046
230715332
409913952
64457778
252047384
499655680
70868572
657973794
560036780
450583510
436051480
473817732
6228044
94207221
272259214
481503704
505218895
454838746
660902005
389815018
38257268
529363197
262853466
587102688
660637545
469166804
469539325
451443014
220680148
509101903
47254186
90553
481888282
469862137
226770468
548966280
245337175
641559334
587386155
430951599
412584750
616485778
389084103
379710549
377049555
573400281
147852345
379207877
350084417
103583586
350804944
421407228
559191035
596991818
442529610
3752285
80430725
202804190
495450156
107926671
305788934
201087676
196514880
502657457
401190908
467515619
112374152
0
287153596
418625528
216414389
12572686
655824657
325701293
419522337
71632331
101139434
1632474
353669172
191347677
103384768
249267826
147254045
88266071
445712381
499019516
365820428
197886745
88298955
367161207
228750928
496048155
250873053
448216210
303697990
208126788
133383932
512292554
110510324
658913800
341676680
119623476
543745558
277795092
74554263
617385644
663366478
231304927
61884780
331642651
380107363
155269872
3369643
576840238
113443954
575853393
0
147446750
650857883
13691894
551351654
117949982
628248873
546206648
171577003
463374656
246823745
493405520
276112883
649324583
630207086
307419572
489426757
0
67700363
529913962
71224215
497261785
156054463
623800569
656406907
513361112
345149377
495731398
275750818
341888099
488297763
226645758
254044677
0
292363855
629085419
583772758
512404061
628395457
165830372
613553981
173096872
604446474
315258383
610054246
305755089
223410393
201646808
305740653
567127123
233469313
298768585
105222433
111954415
544199371
455178695
166706977
414009841
623842449
254431899
554392621
274881078
565051793
484464116
660879112
367515749
414173577
321476464
589520842
554102178
419531062
16221203
539489873
45147770
357282056
626575578
567878728
439772400
479723271
171459315
106832848
55668890
643343393
180406514
78852390
585030632
219531011
533973620
559616884
99675460
369714492
388819422
203923084
0
302275070
555333751
498455469
258824233
336157994
294040991
24052496
132984108
251455772
491251664
205762114
647740439
522002566
47734954
90917496
496277947
239614204
234088417
179128627
517819635
1942006
168855095
196555970
117428839
68129375
607744837
419058140
496682279
446636170
423219189
315509458
350123631
277174854
179867121
546594130
528202233
453768461
213294834
171812793
18001987
66003043
377805649
409527775
516097393
505107493
319850856
108781982
403077573
471466197
245186047
607661489
615479706
24149219
8725025
310586689
188488590
530803029
614305686
128445987
93882613
452393087
297222994
404558986
0
394085792
522286558
71030959
232639577
618206321
155820676
330514292
151500692
498237047
164013761
260570832
592545032
310095686
487531347
362683170
198698715
154342176
49960179
40386465
182313357
237739236
277824430
0
489594751
61038360
27727738
121730724
235587703
536186536
497777391
401467577
340986580
466678928
598890103
342246832
613752709
268707281
194051750
348035046
243076291
424137871
325669140
425190305
580792648
504868432
231921884
372801241
140112842
92621784
499310151
454701720
387118686
316990324
593851912
616527850
38951560
605965466
437409246
525913645
270193255
208078086
0
435721487
236393815
417356260
511019920
566693946
336149136
598216952
252985378
434183207
345923244
223940628
506491670
252069108
349401909
308171602
392543124
422596230
603737640
652406946
120588539
464601865
581186022
329830185
478431310
628243408
648003484
340886209
70686747
312238282
133112280
553811017
590916748
615398810
166240242
15166273
148823497
278787087
333025890
252134499
0
434016103
0
151001655
407783002
565809341
572645740
2526778
89289204
631652224
77621505
443034572
570052006
110221071
183421001
262242087
394161956
7783329
374135511
446238381
430083625
361880111
367142714
534774566
366995367
342542823
486298676
400717651
213356584
21237881
363773504
59650164
114372313
500503845
57565598
210581873
474731505
54019190
551407968
154875373
231109515
349783714
328907887
60278700
376255449
409998992
206853092
232202508
79793651
362039679
398461804
214841280
316999092
91901827
103693520
182376609
165904021
268122831
202279484
515671886
564877173
426519398
0
243208715
186925619
511692609
341312877
481429716
549122427
272696782
335161995
601954050
155037557
607448813
448827128
588041943
462569805
351283066
470881857
313060885
12372923
395079678
360382421
380788956
330509048
220442112
283369441
24103639
18635608
250683111
571003077
573574518
109688477
640562973
221860855
337490378
271782307
370909616
163609569
351930616
107533250
652893250
357352605
491159512
626772192
449930400
361676641
65567567
623875075
20050394
532444470
153733069
99957549
287368486
389639477
610779119
632998263
47168913
243946137
59633963
176203576
394320947
417783275
182313152
510295426
134030850
20221767
609015542
104672739
172589429
203088305
110629969
619685638
241366408
85640543
621647079
136612218
622072467
399302403
512535977
337559034
384824227
424375598
0
451039234
662710719
311670613
653332659
380937897
0
590894738
549003085
630243357
183136543
52104902
365864661
132337892
568839544
575171623
146985160
245124092
529357821
408901834
612404662
139608484
371265950
173637024
308715384
204416097
493560101
544593277
71512895
597426613
229424880
460498718
285823277
105216903
88576206
445190978
655975068
410338338
568814054
519649681
194063665
79636207
643902684
150147245
109599103
110794530
0
171567810
245768632
171514411
658797608
35205847
59180594
555534238
615653556
129004347
647136843
143769179
514077982
425446423
588193672
254732323
381319270
582348353
372808283
535653308
573885020
325017546
184072230
28862529
661189976
603899179
348714099
662346644
173663437
318024257
150195152
569796622
8451121
0
549146842
48168333
21983960
93807806
5567961
246151380
387163948
271528736
244638998
150992627
554087632
394832286
363420708
421083621
557897748
291119483
254057289
528947584
82355138
300023801
583390319
463470519
128653559
196939205
0
542023230
11002238
595544404
620014643
455555502
501488719
139201583
618411113
196112168
376204620
433542758
242381804
525882632
640260205
0
293785333
586849125
285271528
617285492
330178009
320864111
66112900
368434635
205388645
448740529
483070683
621917648
662983033
111780064
341014376
581656093
229101440
436497125
436989846
584182267
0
456813713
457610885
625166651
222635108
481583891
338395675
432318042
288383854
596958370
209316518
594371376
46666679
47470001
77768549
503121506
234546696
653327872
273804481
287116658
223034113
336185802
296428866
490490172
139232787
323218362
500420776
361741338
30028713
497642516
321042826
123063481
0
144525022
7203231
46016561
461583072
196167141
422479002
597897035
638335942
73112663
652744465
86107436
659432504
521689098
210148788
202357434
88441423
179894101
626704367
262097530
410129329
451398029
589125102
128658909
549795503
635432343
53653124
68045278
380981539
546997054
0
631465140
566821043
589932532
664184463
188514370
574880777
622348337
359350841
458133209
0
101292910
321309861
450590738
165333225
205406348
476336592
106805691
21368792
429746784
285402273
170074049
20903880
479323738
603546575
192920777
443956769
315374641
584644509
620218148
597088695
285810094
106623311
363043026
378455448
121173233
403061133
151542604
557764704
470470628
284046353
620839129
369968959
520789284
482197397
71696361
260940728
484366597
176992985
222674564
64349002
351188224
482283568
594628680
635219714
461553768
397304436
452950174
404870105
500678293
297085369
494056145
298621926
467491971
486357627
435495986
617001023
657546645
507659409
384264079
144443043
472084439
497094429
170674399
265330829
565376303
137350926
148570505
422012866
167351693
204867761
607383171
345911647
367523209
605098882
279058745
571873744
623328696
194551628
357526790
504817018
71690036
320899240
181869522
570119128
367793589
31608355
189853854
304914149
158004581
299400248
283746532
157406671
0
382495430
288627286
181604596
86669630
354111981
212072777
218673832
336883169
602013762
434845427
270608009
634349830
136082325
462089951
249622952
61922386
472179
483329790
511328533
206399894
623108248
657912094
366749211
391724955
527846355
533922079
140699652
522776043
87926245
262010958
189055963
622085684
614531373
95630078
0
358618198
56797717
177670069
369246356
380868360
201065861
99999017
92163574
366635402
643748946
479185525
25328490
270917207
353562182
651599195
0
664114600
85995502
639213690
273056700
527216795
384130915
177104783
352778135
122911547
304775287
198134320
90735177
155320117
293593072
179983097
327738818
423706122
436652438
102482864
305579068
11277719
144955477
70219043
186612036
413690096
477889309
641902223
192996632
648960908
1009431
165208669
122974386
460294757
498077013
239119280
349491724
97875007
72270400
595464471
160832250
346823668
210183264
279772214
593303809
0
234820792
633662877
406765884
191188908
538586076
663337383
269229735
422576671
446529820
554764255
655342907
144083638
184754722
558702782
5047743
367970433
178643089
227555213
600185946
418786329
131418317
364686956
0
186920409
335191651
652684260
666439732
379076290
474599446
203216137
256287935
437834701
314352781
178261465
578470706
71827002
354789847
271547352
239368173
536802159
218963170
203131744
0
226269541
360354929
430605004
377954858
655184933
439875436
599168689
231087288
129976340
665484205
656414592
503951166
655524190
225466191
396682664
491591297
453289511
404878607
652605567
391850736
627885682
312902515
499700109
209340542
447407738
149274448
18061754
52709005
156969860
441070525
469303649
305659742
619040408
29139147
223136695
75855259
60086578
627207300
519193803
205779957
181933823
386507249
407530117
628739215
114826817
580212856
614863177
0
262608909
450275503
521009347
293535383
246921098
651161382
232241928
232984860
0
54957333
202089271
69303268
568205538
213077
601307748
47201803
378213698
42998254
620867291
484316190
231274551
491973262
412528336
395420474
120219156
356599220
509034096
422360068
204826720
630773646
400798721
391204890
657114650
264782746
146477382
440006431
230323726
595487764
660811749
193237422
233924517
433117559
289309945
83777353
536305744
628893311
557739943
488874406
0
434273236
400598683
15305628
491639638
224341353
6028413
620237808
63496467
649912766
62965756
65763492
104615847
186259902
183141476
105141853
197337476
159999791
0
188534875
253898783
580197339
245405974
446421017
375841986
397407679
611727868
110144455
280096973
152276493
1609943
517082000
505604232
132882200
496988813
439035070
510933642
390227155
233636251
410012392
233968441
447963029
334056463
65122249
182317862
659665685
12003663
217144495
323497642
486557319
80968586
381757086
253774570
359951977
484410812
651425052
130207476
622771702
27871001
529951610
547681305
300842030
279412793
618009926
440488537
335897910
409579722
88675245
262249345
553928346
427690154
622328172
245364702
96969949
608117813
628544933
124778918
147853343
203354810
10742956
314358319
602361933
221345766
19288434
650658890
172944234
490476505
211562828
332014904
302243665
532643856
189987720
416219580
213938022
505846964
114035442
425859565
623292488
409425902
229523468
578319962
137574794
162423859
640888445
363933286
609344223
597018887
101379504
512253835
560111631
409125930
0
174674491
503735337
17635212
311173728
208663726
257223760
122897300
232773702
641111839
98076202
72144109
651063034
405786577
33093445
135849263
446297881
148639249
17364519
292917936
123466186
211067957
295325853
539066449
577259500
226835832
32848154
603908
312102219
114553748
38853666
139215376
468598256
240845960
67287656
511267773
473790431
245821937
549349766
82234095
167305670
416266177
401923616
604538728
291057255
573997149
0
389663377
247790472
402535678
408029012
145372996
286576316
481843435
252092595
272310330
226319554
632716077
95787023
450397536
545645123
164806576
17838063
384690156
183450953
295832865
343731784
391844922
307097384
268477906
567458151
228755968
626463212
469460488
19527604
398424930
428727832
428033444
43756375
0
178640287
422394889
0
35022140
189090364
270729582
389101728
360296914
51270715
661475586
478331950
398876420
145004878
524244090
168073800
301608201
258137532
587686853
537275506
618445904
579335091
215459472
307054009
431837087
145033712
579992388
328500356
617109051
309849235
176410123
20899249
512559294
441877736
137204697
53694191
191900092
477830755
155097097
442524187
498353535
263794085
241451611
329479306
453304381
44311407
121351862
544310472
360858306
102748879
476769655
232029836
47278041
183055536
217664442
24938488
440371115
451075733
0
603015262
0
662212325
122723050
587395952
270944557
244146895
210571889
300485098
376581232
0
294652569
551299037
654203680
602528937
237972653
566530695
100356183
230866550
407866549
212177232
355325066
115551989
621839109
467423805
258827895
537368006
143334586
174523736
174624463
239787585
655152928
392329360
589106043
34879944
449860787
0
488784905
195512424
184325967
376928720
35680635
187032271
661834235
278092721
529591041
320410626
142192447
297718346
142403560
225313930
83890416
376692210
207271003
590804244
187990249
640744622
447162030
0
588082386
549263265
463095169
496417977
641671300
208920749
651587582
558728450
280386057
641092607
620330077
348670569
326379891
357931041
425549093
564961232
558877876
19182978
68364330
0
73896482
20073162
571171364
262316504
471056892
38364464
622986811
454009568
294384659
0
341332425
90500308
211246032
536629338
438459364
323034274
541055082
335573510
642318660
207252351
132158197
140492279
474865476
544244588
201976967
318298546
492586528
177122015
66883599
192669081
47994487
79989243
156568500
468652623
265301366
0
378748179
379425170
233591233
372436181
461300227
341856960
0
0
480007171
420592898
272716053
172453979
87373300
410380809
538377871
538493661
204552679
378251155
60225368
176612728
163917593
479675383
122838861
30198624
335367826
183224715
467756241
598663113
236945876
84245185
305596675
617910287
522614780
455794566
379557377
259796260
94069223
283848005
385528470
126462933
433927065
0
462787987
650460253
291290381
234605800
500445193
285809874
239036291
188876835
503041844
162405421
228242877
51091916
248284730
643362749
549839167
270715228
597662707
184631588
636176886
157291273
627073190
0
329913249
652204381
9184608
86865737
371249770
217365213
653585547
429045802
395210942
612855446
615665613
590305309
147174868
151227660
112056324
214357902
161268560
499744250
506783229
125134964
415036067
140748533
581438880
237594883
454679487
177586619
445087039
560799713
57229072
186341254
496429924
594471349
562214756
99966259
190929349
0
23577874
365932112
94794968
387737508
603162464
222559734
78680895
24023512
594612607
49800933
665972271
489081574
509721735
155089155
68214024
84547808
165050643
390875872
352720947
381015612
76254886
252041349
571780829
44161795
67833008
340503747
178809667
447190858
587382086
231735461
569561174
487067494
298508345
279260795
109699456
263902316
296928180
75062843
398781875
182832125
426395495
409786453
662684187
559851642
544987227
144333014
144719016
65056903
444134354
643543005
408386927
75157721
404691281
149401945
0
404919075
341315744
583029276
108637487
513843838
647008025
104073785
303256941
66286743
371726303
541108928
490054302
563626065
420100123
181103136
577066833
119247884
504512907
548181310
418121238
169395964
386860857
421141155
265476890
253941134
328584646
484142356
11071649
632496967
300966409
207114821
428238809
7294896
327585498
249156730
493133311
477385552
465069354
496423992
294392354
491961245
385163237
88441301
151956920
179297290
504638210
306022898
367377148
233550511
445720080
236966476
255454633
573725067
363356506
149901891
586529940
214287157
68249426
198657269
189495675
68249589
142805213
311406250
502642946
398540414
143040230
0
590781977
157228790
297454120
509741130
41376758
98285623
137225655
314014272
328051441
586696512
479347213
459027689
631700243
0
660027382
131604222
143890121
189954650
442454586
214199514
0
442351830
19045585
219518270
292872480
425686120
228138861
500404277
45910768
614629075
274182667
110061250
560546548
636554122
502933563
610976620
105250144
431134269
162349862
4371350
242660339
580274649
268265081
346200554
533702059
459134250
381683513
578390447
643021899
441299361
652977236
198127618
593934615
347284644
0
557029805
600763191
305169241
257962753
403131901
648508423
94899360
429121712
421483090
0
207719948
430721965
83520514
490207930
228963404
531915126
0
307963828
607649060
225122740
533027795
477971455
133175229
0
148760792
524743115
519249619
249048203
389651466
526706634
656540097
506613461
626505540
22648314
330614325
268466057
124501922
315026225
330968158
642033850
235078848
450425110
387758570
253086400
317628833
582147648
348654873
646617226
377073441
277189689
94084064
533882878
109849106
204162032
501150191
279249354
545898924
428384585
595730635
201098799
638281512
258766969
15336525
415530119
196081143
0
254759922
640467995
160443054
130286942
451092492
552707665
652273716
134140085
523424201
328916890
0
373150618
270440264
70058070
421286779
475733736
610665779
421393322
627655359
624298146
277172141
447955226
596705136
566261339
619201217
105685634
412981058
191990163
461291596
293273293
434126967
210530495
588974358
272592709
266804483
614112213
102167801
567577948
174090045
123864700
543760615
479725843
480746508
574492129
637362606
81116459
457280904
225527075
220124743
407765072
218803874
482704475
388903926
518414449
336867379
282145394
631989566
292493503
84035565
537458661
575510002
0
315105432
366763689
11856858
198662667
510983943
203294151
624136393
164662220
637659961
0
510987737
572392003
321669536
658998996
621595561
629053126
164668646
117577141
396690225
621007450
443099531
500869018
384963609
285868399
631975508
306912785
193568559
379624921
297696433
274722255
69446247
379578056
112172995
34864634
94537292
156735490
147235827
213427868
491116674
415827631
431032061
519277104
18295596
323560817
138535809
340515528
39025677
218241042
237268434
119080495
601690071
447603241
94280401
225944199
275979002
343543651
358811128
20564697
482568275
617783241
609431282
314792076
339247840
0
625185191
32090798
257403165
4502835
5393345
565095967
205447744
475656931
496253001
483107845
341401147
162436976
86104213
530379024
289142572
283907520
463787229
0
310731408
384464437
99838430
97846249
200304919
279384363
22409192
16257940
370193214
248716051
49418712
343618263
521197874
114091811
622662855
176170796
555788815
121434047
556650063
192136255
365119962
470350971
632496730
437637415
602743155
257792502
37963740
412196579
179525419
7507697
0
140873651
35396069
322014286
315334488
491889951
385468063
552743463
267772623
207027750
479039569
446953272
11486368
650257397
459330019
186123799
263414749
563553928
259804348
440231870
0
110668622
541957528
241970150
313906749
255548933
415149675
426905325
275759176
252723694
258092247
0
351433699
428974669
432678209
212414834
649600705
352021329
408558706
80056184
438262619
148130570
656592547
381043966
463674770
521505998
342642989
190244383
540305746
9848541
435992530
303247409
132975543
518141538
426707703
44176473
436133393
166636946
173914992
283667007
18721702
8930097
289301542
90592456
429796790
122206362
504961563
101587052
252922066
337779658
605566361
616741017
539355243
408665682
411219490
462668192
63097113
632857655
260117133
529181845
250388312
565441126
162650060
408471285
216829991
571843769
532218151
430044179
413239641
107515923
206218779
603371506
31044643
273071758
323264903
143734106
43898559
46997650
414780207
341010067
594490408
175059444
514148294
445121781
540165125
151585099
208568197
90856163
128433972
0
308908404
19790395
68978351
265277435
589903698
444315934
593195557
485017752
495844774
161279158
454846030
124010093
466961751
338695094
49307954
434801596
384620484
293301738
172972636
461096259
0
434221003
597263351
390302616
77593184
40551396
520217553
438264006
201739074
410539153
496428925
449624311
650848894
354093869
665478618
396333801
544249624
416264971
52215439
562128814
256779290
165732341
265473538
470066007
82338904
90449130
72797979
487421762
69578189
340359651
610265352
467560049
169632754
611404361
564575822
82814553
568929430
408004465
382856743
520304933
448876238
74825837
183236324
339840879
133578853
600571193
463226225
160928032
11328780
0
530672709
578979743
467316680
403367748
223164725
518989222
393244087
105860571
302889657
0
610523244
54430522
434322529
644782561
518217489
479222064
86911868
105479637
177848980
603543365
343406050
579862252
0
165343569
438788954
70864269
419581637
248114407
422672438
0
365418172
108163785
597387752
643311422
364458851
213027131
330349965
0
656138693
479071771
232294417
573276142
477553432
176137514
337622107
234000657
332427418
425112790
8197449
548690118
664310560
116465084
125536934
33119805
398717072
574105396
83843353
470100618
608421440
248566704
446579155
572653851
565300262
59522476
163876415
0
476147704
330718398
520024860
84564569
228586842
353956871
320970327
481415944
309525234
72035753
453044459
657175887
126409017
433809127
622498070
24489533
333396355
236872671
364166178
121892963
43339425
430127488
12178566
244649544
471613903
103998538
608982070
376334917
196611824
312616003
145808658
99480935
55376798
378985828
163333504
379297368
386674330
357143574
638845954
619682477
193402253
637927734
195597691
187084079
35875179
447236770
259207877
276321289
168475616
299584289
230890971
347229975
610359271
94566788
549044614
246065570
589510028
166689253
532269378
380857268
284473627
55647216
637976130
347875844
393399452
218543610
476431050
597334916
32915345
25729068
92693614
148261565
575723130
496122704
488464200
565736274
294172789
662003491
320627318
241959183
267455523
659792071
300851586
7233838
268853030
571001516
57369952
293651243
191848148
106898329
2121097
466488650
134275669
61982719
503656443
2832915
663336570
231299139
486697148
476398485
155226719
318299016
0
204658293
185578516
190487857
618434458
353182856
27505241
607629981
0
140190779
347943202
343760114
583461844
179727148
252037750
369266133
536581682
544833269
96153229
358533905
599099351
278773814
166980181
516216048
0
345486943
218032827
179247666
555243265
297324073
405061912
84430255
557403906
347423472
445987952
102821990
269307247
440979354
538698288
531979302
466724361
521823552
595990107
212564295
327929686
648506037
519707270
228513704
542754021
527658014
97066648
554878328
611180456
236886404
74542663
568349964
147063834
29818149
63965576
171762672
647055860
487263607
177701465
594604267
37089833
204392263
378957347
270722300
393672155
0
43029706
657022978
0
348116583
451417671
660446740
526763823
74593070
138339400
410251131
0
25303388
105379487
343875445
82819484
126435715
579801200
428914146
232243775
269297476
587427625
517156899
627384722
69574238
480382737
51942054
666361616
208617673
592377809
155791447
0
532951319
11547189
2626804
646890909
351994907
647003352
522527077
455000816
329388566
190909164
602503128
34354476
78314223
501221342
74354209
592382846
449207104
516210438
614584907
555735124
510999454
591003797
518131737
434227876
487424239
26716338
296574846
341104074
130602564
223478118
582999480
658653334
183147050
466572379
378123618
327956203
335256939
425236501
226995889
4262190
63367755
318449892
415009569
162209193
349127717
38850888
619344393
220177655
453572252
221538998
660398223
549499303
374700922
294396499
641872165
565413169
430475783
449900070
448328373
310648800
173302130
573316547
49927055
182382512
279678951
474377398
422173449
492586722
328871905
170893022
99222429
64251657
85993589
331529767
401705106
462881430
653205997
649905185
424322845
577991635
212524845
368372663
393000566
513915487
17634482
574976402
108595068
452070220
116669424
33002815
603089189
253973598
225200919
392840556
348089830
92875432
315788805
610995302
232107668
90336072
593592276
143406791
536560381
283098600
217745709
611317477
659909264
274825693
272527247
643812987
646026188
151623040
73601128
157758225
308353203
197237991
295127089
127314654
107888965
607136734
39620021
541810488
606953445
665218178
487783546
0
187320959
273859904
123929266
462701361
62217821
29685257
604085861
353416288
541065630
619870054
50775291
297766138
169439784
660198903
532528707
63894822
193410937
112483771
103557704
227553390
531297786
238852303
241636622
266855455
287053952
327898066
109641115
382050828
542533980
225050801
501262419
257908078
520963086
0
483030162
90399184
262064281
600926329
109093052
265249872
610779329
61691353
519647788
641647957
577662536
337577876
385536993
494597617
36559143
470391154
235423966
387910903
471133816
174905384
514477268
213559958
172094154
29721828
143793080
24669176
246383159
626030198
384015614
317017863
67511898
25816032
381339219
540044807
204035997
261074294
606744507
214196508
531132397
330014838
566039276
513595590
509739415
323788726
544030126
124494534
361371381
386907650
642329045
513167503
508711086
380999493
159755493
549189784
546700346
522951505
234602452
586536502
647981185
135767082
595414518
386184823
358928862
327152855
580801139
567102917
643252612
3718531
61954628
70601563
231568246
274927383
539824359
0
174777270
0
471633465
55307329
487904224
444654930
25364915
547623791
384887994
631665766
445699673
476095640
87193743
283536763
196575150
97739498
411923825
614828722
639496539
562317671
135294734
145561799
93274340
290596392
235656821
372848398
2548068
77766124
67646137
374709732
240230342
526890314
202478027
324124887
221502660
315792331
551831154
381344513
95529808
188266637
2733411
340693611
422170835
613120277
149038971
86064398
0
25456553
0
642507197
81334957
439129542
389063141
141500197
658824704
375218437
340392345
472532488
600708944
81274294
206347726
57588225
33795085
167171085
191526281
206044047
490893978
297567208
0
538738623
56495655
646586843
513691844
533693384
283248095
522561629
377927989
511020541
460087859
384018735
665487162
214393782
409516350
441433221
25672117
175571677
24151112
461037577
444418583
124017038
249377811
518863094
220836622
649219022
0
171202465
156265633
326229097
377621532
368617040
345501212
459310050
533274508
443402364
379961157
33671644
392917100
91683334
589371233
382893564
0
415883458
164725535
431707842
652501939
130828564
652784463
360116752
463782852
318599702
118489760
525736392
244535149
429939201
128941703
0
357283230
349742032
65298474
655786831
407497470
247092447
109166128
515438517
112601668
176049260
580814188
95515958
522205115
45404277
327335185
493166047
442267335
454016052
450113360
54986211
229958573
209358150
621545147
323913730
483754159
424542847
283675827
472102822
458072738
353739257
515885693
630154906
201114865
317258950
507954022
287252899
105459125
26568765
282060828
97794687
152011551
51958353
218498527
139997998
388681778
14238443
576193278
515217014
26054307
607664526
368811458
571350975
118463007
155317722
648868256
256401432
276396774
108077833
81204286
335879621
588509967
588705989
163220760
497758419
215459012
170917006
142637378
486148115
599379356
535740987
107174234
170011277
614168247
467036230
0
545860692
475344411
534523418
298514598
414782986
68774996
273057296
421454119
312457297
240351973
528448534
332123017
580498469
97750423
543178167
416315189
260540233
535850150
582750148
456365741
453178533
491818555
319720440
38802702
662795436
533786850
434811316
603440503
503850560
142263511
568813999
197165831
661754909
465390364
395405925
253796845
18780618
114098551
548076949
305276937
645640995
537515381
318911388
284958703
38152781
193360381
482476153
654344023
398543126
194794789
84642340
545516448
213303807
595203450
451053220
0
654457047
428464697
62449205
280726334
355060942
646191381
567959170
225385297
237358361
104008860
317619340
194355604
49626309
559591687
591763046
564626266
439927166
253211256
198745503
610806326
136373534
229298838
18460793
445852405
303543594
301919728
532726970
333166495
316895813
333982806
434267491
354485568
84823676
0
477589834
314281815
415322658
31664042
126339884
84424764
399813418
117457690
88795917
535830209
96606087
354118662
383969376
43305408
475571915
491045643
231875422
609558161
89614587
154351566
0
249319949
455288384
155776981
306776361
442893433
201167387
383570518
58811089
41450105
301789484
335875926
642199952
658278158
171215988
386414676
85216183
531134980
537177724
197842739
247180502
188098658
556625819
524574561
380416089
92240908
333432033
307175933
627293470
211095404
453680388
185638344
154250765
157936152
432366726
159201007
196293013
199706143
641252921
404616047
317668107
115662438
266701423
412512663
127451670
92735086
38610825
554906587
279889970
219074842
101240983
500131068
565923990
202008502
515285659
62575683
137335610
374379798
253038252
216902628
533716444
164193627
0
109084307
53323496
550020027
287064239
391890550
568245494
597955901
498133464
348619842
382737607
627505399
136500894
206734249
32932051
140021381
273130561
614783931
211027458
293443336
613396083
59406798
590790373
2168252
29858442
191740414
400313160
56731540
327755343
450323971
10598790
246509358
491912204
493212741
609358193
355439137
317072958
392737660
226738726
194319637
483090371
246437953
265851321
445922107
273172288
203007360
632907647
228928085
505785524
593308249
167063956
364635787
477248483
89503919
649022844
432653842
401549967
582990536
453026553
270655531
629970098
566286884
630045510
328266665
199488159
354233677
167180568
0
511334283
65223265
14138655
512083715
289790202
219525336
171723349
598528294
373007198
369282009
159852590
77238750
207568140
214347085
417404979
391537130
205387246
359074152
191801954
649879924
512203725
554890821
272367052
499210450
586707519
334132286
417076159
659821221
528788903
533137069
464833627
124282299
595747672
77831893
657812711
612945230
603960616
663525552
494268519
547887815
660387660
144538087
0
286131482
0
436106342
410656280
534636308
0
208210993
158591919
118465511
66336816
625327558
599221903
535188976
664681780
323264791
333761215
219163803
327868650
430387547
330416754
383529218
18982646
165635764
58918860
484297698
36513830
274699755
525000125
133631390
289468879
149930574
100443141
184604332
64754750
56608216
589511299
463017442
235153391
588151213
644820823
327193082
525677980
61361140
0
581843695
327035943
656732283
16517113
157557374
581439270
444091469
462737731
370042060
480587525
211896449
576607163
523490726
102683683
400660346
139138565
400922981
287716945
139501489
65196573
427476567
582794453
75064381
630773585
117256297
350408274
376704022
664685641
566590276
252762375
39510905
234000657
430669495
444315279
575712669
76063559
195234727
146719269
150512535
314699663
25928999
628358228
341383090
586587754
176977002
417567777
368953858
0
278168776
351200329
317208978
187962614
961563
143639075
121555914
521064751
126212636
430654284
212175196
341740497
319273020
307036419
0
68793533
430064768
79867698
597180842
95591489
412245214
557325372
202856169
132307745
202609108
71730979
337597985
180717204
76672686
138887507
407641145
118283054
143895110
185935361
501300918
218147547
14828088
0
120616503
412875439
294258041
590819956
418835834
320935730
440329602
434132195
563790866
196108426
589041365
437548861
425148783
352369816
662618142
418425196
610582015
275278300
247352474
409258553
0
611772403
640826831
24168717
407029476
649257429
654362273
242477897
521093296
248229335
352914315
555923460
149262174
164055879
239856311
156665734
368115423
547140199
657709774
91028574
603885766
59455251
313445075
313977576
122400445
264929381
327290984
292155984
289092690
659559414
623113636
0
332113726
428336286
37318590
232272781
0
158510605
581631112
603259339
447320780
287893110
418448952
582485598
21063447
197078200
502921872
23534351
482887098
537219925
20723481
275806189
329510555
0
175421018
401728858
226693171
0
175638312
879342
560322461
438961115
155639217
432366514
508148207
527814929
653172407
504594457
537980051
279507850
289311713
118019264
46747964
37801990
396603599
147749092
391282102
265614349
208021962
297387744
230493174
113052957
556504130
553719546
261240620
218751564
565922562
286909762
448965390
392327564
354574784
180748372
498058379
303444321
121157009
559344384
98030540
0
150980703
547500580
432930671
350488402
0
325655703
664950468
48529539
309970148
399841193
366815686
479850191
503184948
529577954
600685139
191420505
464859635
305844974
470984799
189159704
353935604
335105160
523244732
593098982
563349038
8023992
482579228
240342512
570591776
480902121
609933367
308355608
182395921
0
139658975
165625652
231586879
145068198
484474035
603188545
502004067
273508417
432663231
186805775
93829181
230294155
61999250
192847871
649858372
268429905
162818737
351516264
229322387
566987987
594387730
648554482
493132353
109010153
355998484
226296243
0
354066748
133179951
632347625
282733008
162963312
54881394
213188881
620354648
375589770
630529445
45735895
480805145
431675549
410468313
128046950
258715449
28799163
137549385
407375127
460991364
23398139
82452774
412629565
72110590
87260706
436963045
575113166
207532222
0
106741260
0
216062536
143042372
519117393
301349880
352929906
594368983
663166377
250410074
66433151
480383587
90980678
402924876
164919553
520762868
481013709
0
657189097
24895829
288084723
635058582
458106042
639807429
609392422
84526843
144106612
356478946
52495713
40490232
11353573
142156122
529148750
644387889
486138178
145159760
489885115
36166317
594352512
449213266
55724760
340370995
58788298
123237311
408315455
123759702
589273315
504490265
246525758
524268910
216956685
360334975
74780353
617190980
0
583310375
472089208
247257245
605765126
76989174
0
189051547
200640165
629408417
79087319
629273104
603812931
356910224
564659328
257257606
370678361
40098827
204293472
379706250
537530688
211721213
0
509069743
367438131
0
569008987
618468825
474789977
331552183
318647026
37685585
174566753
4292373
511631077
341009582
464703388
415182123
176124065
559889693
149049268
360132901
28441967
0
187098208
587793101
144920649
419721293
183190934
145143763
254020538
172396623
571384059
258126159
263675227
492263786
463951100
106546315
87015340
226634194
1294976
389460782
251741458
216740218
126037116
600032619
141070341
156343801
263546120
546817186
333653606
120129365
549998472
645503404
274031282
228141430
88179225
302072433
540628584
338972508
179494397
549129175
664924424
602133603
535861708
110308963
363511107
96066210
602687291
137244669
387700516
299323894
398607150
309924155
0
471617954
194258229
97002993
164465518
643290693
633508611
133505095
280040124
574131776
164684217
256337262
273256039
336868966
476060518
239600096
71200515
21504677
481313905
550469982
109166456
165312387
153116482
428978337
265566085
665077728
278169362
521804380
550236012
341073240
169731075
254979116
404780862
310221157
468875710
140830976
190765894
184785472
424546785
258008571
236105358
525905870
16844769
600014001
504083079
128053839
50290058
216566067
221387388
112806006
570959569
547012962
71800506
212148839
200366349
237983517
200686998
140059199
530265188
0
140322188
0
296034350
586244557
501810622
67325187
77499702
419637341
254725293
665239836
297548661
549320529
315908250
636960412
250543269
504631978
649450577
148812187
408234872
431791205
251752026
514088132
465386881
522771407
49506580
170743121
134050195
560523651
301980890
527263026
643297291
264796663
344699699
77374340
570688052
143897943
286941006
450267804
52755557
305670408
515392632
358664480
607754611
127519015
464685247
585316876
267240401
352970480
427036530
506604293
324173924
556824383
634662187
259724441
113007400
438544672
472739364
588792786
252491197
0
125768071
130564022
56025791
632026721
290369277
128525018
391372075
594157681
243256348
49585800
575972334
652786323
169416675
658410824
138772154
0
9478689
378242610
416766491
85972584
198430021
0
102942372
0
545806286
196816430
86249356
514519745
132795711
251153944
199887251
512133795
10968551
277175679
519524766
16610348
487017603
522450038
465055347
553995281
90911903
58585805
363824489
420139937
298439821
429789711
51004083
375919994
0
435984509
581596073
145805829
553716311
44334450
580825198
556837648
33837291
332707044
504034048
405344735
566985441
578854354
658378608
560364771
95751730
381320428
621664325
490480922
560078181
498184314
240434406
306170397
402092863
605415442
54862667
590618482
55327420
645090375
416951811
137170125
343535096
621635762
241366511
274437783
165324226
173945833
63221344
260807601
176803373
552162708
139050532
334203598
518862250
506089873
189128971
293197267
138942794
78562725
426510866
253658754
307382918
124125396
523980588
76057188
21545438
338775303
385983487
472464484
335233360
636387830
62217538
188822733
101529231
299526321
226360948
276909713
111799098
144692622
585622989
630797353
475484399
238714151
40673548
49489839
62864566
155069239
45903318
585254253
159579089
532272059
533467327
56674688
169757113
332791104
390620484
623979099
316050311
464520575
295642819
579482244
366621191
74993169
544373940
483530847
514685362
298896244
82620942
634343934
577098750
436290034
57037574
285165556
330505839
76856752
390662124
334876523
4350540
333330336
205698802
420351368
478898206
0
460172885
203999108
252655924
393246116
92180594
0
602826217
196416718
337511352
55714463
442237388
604065945
271942407
84648200
356072445
551636011
382994280
61530941
168785353
434833766
11052719
106451147
401482379
97562025
25923247
398310133
281345273
3093360
417277675
583881130
225722444
540546168
594908847
540259078
0
445547127
446281259
585405118
233959051
319588173
485977731
599505592
256519303
20425996
401469552
549204369
544936293
0
529860864
592075328
111323288
599178588
45494373
656817145
496108343
157891558
34659819
448321246
269791531
36849311
530386545
576485340
0
57022277
64392932
89333970
272162236
219259556
195952906
551407680
522963663
177467005
0
470658561
224447478
179643272
550991071
86031086
292149020
0
175377763
404700617
313249870
182322324
84112280
531174760
101792989
484813267
599787333
445794753
196614588
366030211
296634584
243760523
635044277
76529964
346426614
624637047
448658930
92464137
489370679
640282018
37219201
478566339
197655671
523043154
601591172
24934091
0
178638315
440489244
24519814
264968881
640055333
369637374
359467344
0
67867364
57803105
67648156
321978428
623331607
301259302
175051741
272885455
492934893
248078869
392622414
513269806
603886523
535785151
523772647
548050052
90072215
635440803
542658403
417577379
320791773
268999604
261729599
101661482
146809457
181602284
0
206206275
553561382
644356177
292264519
80566330
567487965
8408765
539265514
206524514
0
89492623
177251704
445270131
104297100
291173572
482375221
0
332793055
626952586
73716034
368012684
135180920
263336020
196030442
184027506
625952493
61222166
501397312
636372247
0
75743554
550316170
599953725
106319750
642070253
387604879
350198677
276058072
444123772
646888589
588432209
124792967
71362471
480859136
483718768
609359995
646279560
227624441
228275591
332859593
300100708
0
299093823
173969573
419488807
83016013
663370013
345401404
340353801
211052244
446832026
588868083
545592396
574878205
358587944
578266237
497294118
377838039
535850010
529356040
160806211
473081439
270116538
536135095
657156268
545409889
35848473
278778416
264454799
415439667
13525626
51521084
416986266
132420675
455857243
652251944
184690645
494362925
399278149
58548565
442873327
98088545
271444951
519487976
634492177
463348735
878634
571154088
342733569
185021716
132629449
272151230
622970487
383748905
570132423
552737620
145574895
332438767
495648649
626893882
604515672
172537422
278087808
470964173
655318445
509866879
132322922
137636129
533130360
599387443
297766920
408918415
441733662
639187668
281903509
388422942
358351183
629104074
642266335
253738995
509768670
153538933
526172308
0
376875855
452616592
292231032
31985490
26456058
318837283
637692254
257877484
635911847
0
504928051
322589580
660260122
333805667
161995378
393196692
514146399
379479816
650921371
281322244
481348130
585837104
236415120
566332386
664937350
450205030
275469694
590020728
206951080
600643123
632666157
480905666
407024666
655421868
317635659
494981601
406802494
555749429
33324571
341091834
358636639
570974063
206198348
203818069
465648110
274592860
78958018
437533515
552401444
632616095
121614533
225123096
379487922
398185383
595652664
620071182
214039504
508072841
38207171
494249350
553945644
27785009
627020681
381040234
0
0
81629222
488546373
539846316
297925285
103449680
55998047
154445851
84728610
353341436
86196690
352678905
361812089
448903221
433703450
370737885
445626716
147122747
299049673
359528382
170490894
331485095
395628306
138373412
564563137
428194707
32689959
561482863
99799608
384142545
123207200
199071574
83562828
42896407
663649654
458392650
116288650
289761351
468186399
430704583
653840077
61464490
214204639
521713026
38716883
614019319
247855618
221328260
574979439
198883052
328617488
164690344
197637496
302142779
399852322
347483847
477625954
394571070
181358632
84772443
0
400263065
0
306839324
338815770
243662666
0
243018280
518472543
228678717
17965365
156040244
340485131
348475206
420089823
345998107
631724365
68816785
0
137536638
493009780
455670177
469615447
0
315832780
554763638
88713266
6007392
612621007
247031094
630267441
422009625
487820371
616016529
547177650
653131268
624027746
58828800
332335899
501520655
34901700
213020801
113689468
325561635
343458966
332798865
173925366
191548839
315843775
417620565
405435444
298333587
331556625
467719798
3227610
132070467
369165372
0
81484407
441832329
115458558
336210833
429033970
341248783
566403625
415773863
146852825
242463127
324878843
0
492542446
550869909
36711466
490592218
490345486
497986621
296658243
84970605
248196640
247115345
152774395
654935924
0
286762530
583696143
0
630862885
416685364
21830640
368533678
0
531355823
307738170
382469320
16755890
422507626
278186384
0
348901254
304065031
386890719
140268501
286509088
253650658
458968995
554022473
20129092
548608255
420935797
539104361
0
515996812
447232352
488306557
371637421
139735516
281751930
462343142
102971723
55915971
152884537
506842737
66273321
339558436
0
513551129
589746899
596118186
549412988
317737346
262159411
511662994
54464444
307395342
241757975
261974573
454231443
528674422
132744413
64829149
652497571
524437843
494433684
0
645375137
382499611
105406664
174973324
0
473705088
404158722
0
321720082
59655489
156634431
465040933
426016912
113253220
591144876
242602048
285164266
424913154
29330329
478085388
603590815
613652133
295447730
535183493
465561851
419230889
11779103
631111714
527796943
450279391
502112593
21970527
655197003
142965740
322805806
366203713
47003754
125814172
147295633
92097092
567192205
656489840
375030713
333980119
374164033
122584477
606092721
408055461
655790547
578839981
348383464
320821958
486369147
43977638
224686397
469978655
521702108
189984141
302137451
38642158
550352033
480161738
270477908
434891863
403463347
611703300
344514366
611886889
272858951
600022973
143827124
432179902
606882784
65974297
191293479
582630925
12073798
231009612
302186253
357996059
95566232
110072338
0
79740856
635416489
353420685
77940960
0
131539375
160117933
200087489
478152959
181023404
446889775
263647293
516648386
109278878
504368689
543799576
525095948
197603747
301522324
550860800
564232663
418590002
441521555
463113394
587032458
322942206
392293500
127999781
246295652
555911471
109949061
248581831
315442726
540942450
587841784
303681186
172369246
506022269
202238990
423762133
362442654
161400572
99051404
258978174
646728666
123371778
577929637
556247259
208451112
335310494
284950363
416747691
178862425
296444032
346578780
478596195
296717504
579284842
450647719
122287874
15905618
71934657
0
638563828
547970598
455716673
284388112
391019318
130547254
540766862
303171576
647641105
665025840
269865622
380552481
369038923
155877949
630636987
232686698
448007462
148826934
162231442
474850350
326376504
168465915
382360142
133110425
251480292
620885703
124000128
538104235
5903475
525150673
128701682
49165430
429752739
376968318
608900116
467896436
566016401
276420959
35250727
117380102
420279027
44663054
314590806
446854927
173439528
542714412
415353396
44122306
630549337
90694192
260738586
319910932
247216882
122064515
34731003
546908608
337907361
80783733
330974590
47446167
241550205
476065523
412226811
244678129
582394555
457163201
485457236
471498769
605373997
73738493
619487720
287075274
78325189
328998440
85383754
367044103
642095723
665519182
370226899
483143234
622524092
391500762
617586005
154582985
218051212
412375633
483555095
185810530
554473369
75754293
63532622
582690294
522728242
411265075
326656770
484868416
608826836
553193675
252408871
611925644
0
297044126
123872766
0
289917089
189207315
450830930
444404603
64106075
161852769
233922847
380868143
636248558
15162152
547212430
65708350
654754295
537283335
661152218
403497555
273130444
621007450
255281558
15045116
129571727
425380473
516183801
158194852
394054179
383264127
265413174
407974029
336262101
264402122
361202046
0
177020915
512603296
616009961
131906030
112177887
516934201
428146246
444398161
35158763
325261923
501059280
0
0
55646545
271877419
44981465
155952048
530339978
342611666
204371641
295662603
475642990
404012341
161329981
544745054
192569162
408189278
429525320
189622359
201748226
461770461
90810148
92241173
463375164
362359512
166789832
470506543
610576034
507336729
69207219
126005645
66313482
137122611
126113921
486823819
69588400
412369590
338360192
51106814
228200043
426492378
608697615
610245859
0
374939505
25735050
454525055
0
81535236
146226461
220260926
370705770
89860242
0
274223999
212787595
185317110
257842923
77323929
307779919
596863764
518957213
323566189
494873867
455713656
191395521
325932384
642816623
62538515
0
94913105
150974016
615921048
65024950
477581132
332568016
313967830
215624097
551853932
652439236
366851417
564302244
182395435
165192055
268737092
542444163
626943301
323876086
416912462
545090037
145859221
17790779
537167553
54353504
192125728
474187494
605915715
251684802
203030211
143638530
83904549
653587619
292959572
500536563
203881747
553137181
604233699
172106556
208641689
328452550
663002717
631919543
309550430
163849632
469601352
7823639
230234646
144989135
550560434
113368500
203007172
324384979
147001518
23803144
29847923
0
513559356
375467311
484453115
6498534
410055992
4511515
342415037
247531074
41962508
185919818
0
582338057
417073028
252156584
476158787
361598066
177223020
441285328
258265519
248516132
549878591
0
360278414
249771319
660498614
531857869
657568739
97265747
500056362
0
379963818
424585181
565480456
285937950
410759940
122736276
451628124
444013053
59130487
637074790
329341492
63518649
140561988
356252123
626338779
446344415
29088844
199845875
321010427
254310206
441408568
241045563
226088407
60316655
505288505
499237381
495725128
468247085
525199864
486971727
499719749
86344263
260951364
15870557
379556528
395883445
93469161
465214501
146818477
124150852
660696714
338262319
649615451
195479115
438792838
191175844
87768326
223813176
341375154
621659228
465633214
65574794
436926324
308774648
133973499
320899930
147929127
625336652
138374552
408896672
549783955
112166765
98141558
164309518
66876426
557393812
462212098
268456871
280539998
237709250
159181665
415326640
399608298
320442387
597137772
360271230
1104651
312962570
180508234
180232273
310961050
657391989
294772964
615751363
459400650
212981697
497770528
473081316
453035169
156760753
298720426
440365798
0
174102802
381772185
428869291
448048858
384210031
131099236
582881096
38143787
258479765
150495023
507843002
394338081
621808125
395709991
32242006
497344051
551621486
529780125
250978564
394743463
123409183
473082985
425494263
365838802
460444479
0
357953813
206194597
473286468
424667441
586870467
3338792
551697062
72446944
239597038
70400552
257648510
166854230
586779493
65629103
197874502
219235755
261107854
547612767
178623771
543610510
76949727
409903825
485884018
319180915
218905685
200994227
500485246
172075782
343215499
161158570
509016876
628238627
111418667
161687879
612791729
292754443
432927846
195467581
553445020
571152287
225716636
100311961
431776146
163913144
70734156
217843719
231218819
265786882
0
57162023
193944413
254536237
464598974
130427633
93782156
8810075
99279363
224618640
150008401
188450349
270197015
75396455
618059927
285337779
187469818
92051364
371691897
563130355
111118835
182405830
413549661
38537154
478907635
645216129
284564470
430005842
14734228
390319833
330586237
513532085
391281240
249525110
649728389
594166776
282442435
101676292
444042331
447251646
0
275099902
357971134
352621983
585665781
113494326
452217752
604372246
151851379
374520869
41384770
0
0
450091503
608633661
47607336
44457201
286735576
541535689
386540607
529218235
638549450
375798101
163100890
181143645
247601565
197195816
172249701
435299713
82659209
470983824
379790345
110523003
344519559
392280079
650460169
156094395
243137150
560172804
572727527
16632820
580750669
657275765
488268105
622320250
518503161
550629326
83367516
159242793
280259980
391606586
570143859
86517706
272435748
5479436
564499486
215994407
4116058
186967828
422313526
258430059
375959462
589900477
510496783
433604580
620905758
572869518
0
407012372
107174382
247047633
95519740
438143321
56155202
254864463
300420382
188753418
311108401
457881130
401171490
120862608
333469046
646094710
347282374
285277655
297755160
0
111158781
473642709
262071868
271585734
500440063
316236481
627642752
629616531
617181400
631373661
46920127
0
360822319
249252410
6063088
89279519
261109894
483047004
409704367
311757746
222330945
375333897
662632885
495638416
416187418
54903101
0
361308313
62019207
477576968
191058704
23347591
27518255
649245101
507943398
174399601
0
498556715
16859714
160361798
637014922
383585599
541527112
303232181
42559569
27202032
50042387
189811037
185969209
9740953
512091176
648677087
459825339
572191002
558805446
343597313
295174213
200900342
4942609
369209327
608528332
447746866
196528634
425762460
230772903
0
619120513
510402222
556523436
459193520
20036475
597344773
273974765
524380071
547322558
632611592
196256837
182669185
87566591
288675882
533184861
196827932
485855015
585183236
242037672
471745215
534380035
274888911
445307526
533619033
0
413075509
531079875
570197267
520404780
649119752
452893326
92379525
382809297
20357119
191408075
615308381
328055052
222428494
564471753
410306949
503309294
310881071
199114718
388850139
458317633
57530750
665667416
388413490
191666596
321841545
514476259
322567391
161142823
41054095
292924291
523922860
264263718
502916946
287780419
121127727
556850244
130007205
467399335
413902749
256699218
374558407
662244959
642591498
549456992
234796399
472278216
475147364
603141911
69148374
627715669
31112991
83874711
126515175
568466164
622823648
279356117
63809818
588491127
203881084
184257426
45980168
225256137
169538642
30798162
635730110
121839447
136017909
238291664
395146446
270299245
394624295
548246192
424462529
662944493
380780288
326846352
261821160
139714385
600255299
22292674
18398173
591083179
98396917
0
395959978
584504375
100412392
404326025
219655655
41437086
393031083
466619463
55051882
487128998
181019037
204309447
259723166
418904710
60486732
452620106
112985810
640501309
368668872
0
255695444
476361375
186416
491648151
498821253
261560584
313080647
657347732
142001474
434278632
124669994
467588600
25800270
273725282
603182436
566849152
154254708
147469246
225963330
384559744
210310805
6595406
333622473
408240227
132290310
598241749
412466845
459113479
546540686
379635214
426213418
165003529
429046507
638895489
407121977
457922831
513837174
472586138
50874032
650132939
589938540
530827502
355477230
337849911
643487516
594702006
351214954
391900310
45192373
0
317712692
416225582
426267059
0
176648268
33305649
297462860
0
422296461
325226797
301539510
276241789
441820117
23307313
258068500
136155233
99445506
308811596
0
499556680
533387895
639039676
414099597
633553481
458646877
134966519
428936721
271095111
241107481
166017633
283379544
0
486307442
244807122
104708021
139617961
335206129
388869436
529576061
36483676
499555080
0
363031483
366676901
604994183
203145797
389362869
374593532
164524094
524176534
106178605
61993193
325663948
432179518
0
0
405158393
622522766
508398506
151517442
305285434
587416913
69457604
249950491
203631085
550857107
429038524
634638541
456092801
598955802
356437872
34008130
356525770
216947796
607018674
645576080
518581001
247002745
552960756
359861303
622688723
370957902
475479080
423966333
194101703
518161037
249475130
573870990
413458529
81891498
11412674
0
0
0
238042070
507733759
184087522
185379596
434196617
44176214
171167908
235278469
614013093
36317353
612900476
582173716
197864536
471294884
100563287
445059894
599196872
351087631
232940631
448514177
31728613
385160762
233477373
198057132
38225333
539063391
15143296
596307724
608060499
296847871
219488103
587874203
611645531
43355754
116193138
563555629
24222361
408589088
205745228
58315027
31873833
577360742
147075328
603295337
312148501
473734366
325292360
254588872
189979705
264393835
479394240
442021092
176182709
0
452774646
662885712
11432117
520953273
216405755
480297154
353239320
109233782
174274545
105839824
612438361
527366654
45529950
577293670
70656443
273393438
539783664
521748790
319854396
469217042
596511494
52906811
0
531750066
445538627
131935917
373698200
65683503
333596463
507005892
231129939
2511503
210530167
629319674
445951029
317242130
587455154
327081620
571511998
459575358
92954522
431898973
630542761
161737689
639578465
571717196
32701476
41035675
111024012
0
33604373
134898074
323944027
557092395
442865941
0
93927455
78359531
313109534
319534005
120199772
194659653
545004552
647820941
364440458
583328764
15097886
471032941
372194599
158728582
467961303
603552338
483697666
444042492
46300614
414040581
235544559
184099071
103671989
477769067
136084670
482740224
457569495
352775955
331486788
224413515
418141060
395378058
597269854
464377454
275037086
472734297
516360410
152325720
594019270
58732514
479796053
662605841
348783806
341278737
272697269
267355411
0
183448539
243926588
605208219
428915695
198368056
185133741
625944612
462273037
151067924
200674964
295082896
143649487
293718210
405849557
307041316
214610410
497447350
378638563
500315745
389638055
616408689
373957616
470110174
534431086
621175672
39726367
297353522
451653201
64511535
632418172
262274124
84445405
235619419
362436851
249316306
179125377
443373040
353067807
30061735
14676307
511430736
28218506
608196176
625251178
586321543
299795619
593780794
109723246
112008424
0
644937374
265554083
483575925
630558249
189989305
10152528
569322017
35004268
15049388
232001028
7568956
552819576
392555351
512795614
19010800
378337881
235976712
430986824
617018399
444280974
43562232
362582042
525197934
0
583019182
564006443
664129018
121459744
632594107
277866106
45302926
98520158
386651634
89948936
445486181
295079283
535887503
561232926
227445886
423805554
506881389
572731983
143937435
488557668
500258841
584162342
132321608
158016833
109971058
658210292
559652054
195668342
152594311
220923562
569780140
513869546
299590534
546100488
278805117
303377750
442129629
350966686
371586899
305781782
316789978
531736910
250484347
399311730
217662049
379853362
378359274
595112554
582800117
610063648
212981519
460277817
77098185
366657946
82697804
634645476
415332630
207376876
359095798
242690053
502039027
522769832
434302559
335747084
211179233
509051143
320074726
438102957
416160088
494097304
20620590
252101316
482803089
660493052
355069099
377976808
256480119
116112156
51569003
318242335
520226832
474902539
185929390
237417655
401339514
254338972
309030049
570305147
0
114787232
466442214
350880146
212894915
74074681
78943693
96017807
58229243
596632941
83008710
100152210
29285185
353973253
263729112
399161279
252808902
415617831
189646307
22393521
242594272
140746188
258853429
242478438
593010970
329580501
624308536
393742091
196985953
283296613
217978659
160723565
74539761
84477687
44928529
573389228
352700550
7454259
33366533
0
503901737
638786052
340119039
626273365
462142779
605973786
78084934
552906084
557310769
512613066
383667335
54643688
509926693
392366737
177169381
5123825
301172830
144699243
228175594
167452277
665906823
275403422
282025520
652959849
375105156
307444422
309383595
278580732
299636820
646909187
0
177346714
0
326493214
520760771
186862916
59680576
617945629
508988851
109166050
250431961
495590642
614094145
329099622
25074382
635689606
75342869
343395295
483329593
438657849
436789848
497682168
228100942
227124232
657582568
253314960
303544742
0
286531638
379665584
397554391
235723066
126170256
425782777
551732818
586789133
105075497
628104962
633658778
310659410
463959858
312890232
276941559
549083639
462856719
212228811
522747724
473264888
341968549
52719884
252765487
307168054
544166505
335522983
60224279
149324183
3447616
375248091
36883339
0
655982772
342372144
664974087
200070318
657085716
349300414
352931409
231957962
640427638
384779610
551858531
150076449
620910886
487534453
132999004
351837290
282038309
587953759
220106336
239683161
31448883
555472512
209538291
309200375
522885956
323060726
360460982
301658208
325419952
46176798
69541607
230035178
579969610
338035077
378987477
90998834
312946935
304122965
28829081
290013250
343970789
327391692
355716163
500442360
246694424
284310530
162823571
108774355
448967553
359331467
164597135
230501663
412459138
55792462
463980272
237929833
315861187
354130800
448889671
380161213
382432867
421574247
158176923
225763166
89945705
98868028
95665388
318952442
155994655
231631875
580248081
290102962
508166951
250937548
601523644
293476599
214470965
466182853
42960087
471328566
29927446
583025708
205815722
223779887
646762880
639550718
181933206
325752944
0
434948472
439665756
292235438
0
599141472
0
395464936
599833737
329465803
613266240
100810811
379065266
641607920
157818091
462200358
252736203
212946267
462297741
633920983
280299135
143325063
619790968
38883851
0
601255099
122121815
20482061
229347043
213660907
569518994
126874716
365504176
610476390
512618849
238853772
175077749
475199727
222934530
87748551
237657679
346403019
114569943
660346814
81329079
194574733
583951755
504770124
418101523
556493243
405162387
84779195
84164467
398724950
134531843
152515627
115089880
101615568
261185375
329528384
337378668
566704556
133740886
166441758
0
292290576
476426235
60670943
265608582
442530699
118703946
62618776
246174323
138890032
283962147
438144868
665664361
309789602
512813977
531223065
229073908
196423358
236240127
429848937
248962101
618277549
122501755
226269944
238320960
237366931
570207319
514818358
441659308
378850229
0
141712400
78821500
554663293
488869593
654978778
234525819
642332760
552199292
563889900
540073938
291378653
74862745
570952065
109078160
521431363
471671954
113755358
248969173
319633689
16870935
507970724
555814089
460148957
478650067
204991500
333226464
504083298
315608061
173049171
92724094
0
521338655
300899839
173715568
76831804
173581752
576109137
619894971
364709371
603186742
437049885
216822685
630555553
20743553
162221795
252809347
204367804
251922776
638210025
485998822
590512752
213783717
502883179
653560231
95907697
117622932
546720987
94012599
627893285
638966109
377641461
113738484
639844540
131571195
19251085
256031032
247328859
517347612
229733840
626235795
642475336
41536403
154579144
50397758
366165479
569168186
631097201
407871925
127938603
85058794
0
118812743
283055996
185117301
63050264
544872116
380033787
243407235
531964510
159295652
603503721
539871917
4790144
120499082
171999902
644537902
344935644
387544687
90371205
218783526
436459868
542419251
331069167
546397785
120071552
329841987
170537556
559126243
245726336
582046297
531130010
518317770
218604819
212533341
266387576
599522516
519442187
439760534
100495585
345343727
377418168
505305962
622496176
190553790
193025009
132392074
228402882
655691328
88893333
226043043
564136326
473235651
47551552
545158659
314076211
601128823
343507188
324078631
247192676
629449362
304682274
499932826
504951550
532120713
348995098
438594728
575240093
261210321
566864576
614852460
362488011
653927946
35880045
72394259
108848728
131891020
305428083
536820321
433817049
399466997
586634827
226632409
302854714
323296737
0
660462807
456128698
236801499
417313183
618547332
93055204
495274334
13981985
563711802
175662348
568149226
391757102
278849104
656215777
436979877
589745846
334403760
168818261
452859939
192777808
182327978
661731670
346615427
436103502
68398102
481674275
369467400
368219764
184616752
297011213
11337311
232023627
202413326
572830002
582003956
598703994
136361817
481794547
465927637
271559523
191168631
271282455
54118395
255207
283609260
136246450
61778444
504808382
278631893
598000394
172173591
117343945
649946093
579511231
62297675
237452245
334714226
57216376
117194986
186740190
54419453
594812680
389042807
321418975
605642318
0
60277914
305006734
147539983
62579039
158923238
390307746
602354415
589202013
545745911
218962153
219517470
389857184
452633879
229316214
494173213
569017213
314323451
435543479
200750077
101095520
0
631104365
659554198
317267767
439513736
522132660
209098279
621155252
319435361
566393147
75768169
0
110102587
241590642
553634577
320548566
383731232
378181713
628837196
419663172
220897738
658254867
329302841
334947828
614468026
595522756
48687405
504630496
344875631
293152669
27233551
104768773
0
484564518
340691770
210935050
152509216
581778489
104345501
621372728
267577227
225783321
0
175274934
651413145
475525429
397649318
421050119
653040775
479496735
613522717
205456982
286250460
25866200
316641246
382799145
330704238
490053158
257039106
196308499
261520711
323403854
147798714
151323318
160817997
436327533
552420914
602024935
512455321
40622973
98964896
209946996
176575090
335890479
508398506
149713529
553288624
494402919
323622137
514950305
440351058
173530380
448885756
436798889
53756423
572494828
302458902
630307632
110241827
37113129
264709020
267802171
255389060
170024108
66918627
489837942
353325170
662018467
557093085
25669379
69705350
498579427
409267545
97800070
76232255
0
128365758
223195015
232856246
163938875
222665463
76816642
445846820
507638513
617923697
0
296778775
652489061
587752245
434119765
626959113
348527972
343167191
335168840
649522715
136118312
654421078
158208594
605402320
445509541
82611255
510508331
473236641
313626142
485275421
162334543
445102917
247466746
93770377
290312145
247050908
537030664
479726096
401667991
368979607
162987006
491278954
563304117
139619634
495360445
436017963
660875130
440184903
216777807
29157309
494675902
189256212
483887893
338369887
473158717
623676936
434990981
205271757
0
335753831
179429290
238976124
124721402
428830229
478074016
0
137393810
386886873
162588806
606053499
369637500
412858659
504411313
70126916
604183506
392643708
607652945
269114798
242926614
74014666
157592752
610323834
576729841
475054482
547785140
445473710
334150209
265826648
433841730
354009011
638033131
371608194
292734364
105073056
86463296
621487760
96304231
618163253
123013371
487201959
627484989
176062970
474810271
0
134446486
196224584
379008921
382951390
71987861
414562395
173606474
278849795
462918695
519719160
481666476
625522762
456667807
329636173
413752056
612019528
168203104
110061925
375368658
599102342
330565717
179827317
275139782
128509523
328385384
459124271
414831101
633958229
239778582
358495127
546986825
49894131
172231884
312504234
127280686
139235059
35869835
44629792
576921848
645698200
543073139
541827786
357570303
197327909
559233794
122003915
200059571
294913729
384575551
44216699
534192766
296370201
629130934
501653712
317610009
516097075
6286170
207691699
338405985
380464670
473153871
377147888
209985284
602819904
131781267
144427996
151126242
402670740
448349543
446240274
222395370
494980190
112556459
231473438
504098432
307745312
368686737
409780168
575075974
145896535
334785687
241944547
631545815
374780398
125487674
375943585
421065135
180156958
250118754
324054270
574552117
405608388
27423584
100070741
114076689
77777467
271661231
546207087
278760783
267588648
295727460
199478857
393018672
55478076
228731803
550276832
286529519
192347506
358182600
200273656
574701857
531172104
63085829
252473261
589964322
65100014
498150579
494327735
553083322
507944875
578957205
218029043
30817255
631735581
295886991
405673533
546134116
308964031
528314957
362922928
206597826
462289109
254925103
445652294
414839166
0
285691964
52916806
584218794
114587468
427890474
0
90838485
140672481
244592982
422386963
0
580341204
619900474
160095182
549474813
627746537
439129807
548190797
539342391
164029126
40030220
233528744
38778890
317600472
545294618
547028239
396104985
150514653
610964720
61414697
390685861
612816604
413902576
402494620
0
302295470
257770686
13901244
630736225
234508991
660150627
101610933
558322914
475530953
326176406
191920511
541150419
591651039
551935613
168086060
356567557
654974368
74237908
66929670
523594264
358557012
87985654
573847830
468026507
89337735
73946127
541428942
640434584
620830380
86697060
629242320
0
597229334
174120257
547623819
255605852
579637178
492759347
246341636
428832483
151952791
412216163
364355211
42892554
450276947
322262747
128143321
237669979
82495262
233024114
307923499
334314587
594948741
6728033
625409976
3644912
422888675
281541647
330868538
410402599
539853039
231427307
355603269
482565799
33960778
646096348
571111944
0
523840894
0
531654459
375214299
44345474
354275163
365558633
395129422
0
606166427
148476050
121375188
288750009
270453266
650298402
0
200594934
628443403
391338343
0
313710469
449343262
340687679
336084757
148266559
579584194
337381934
560413162
445723952
167567005
248783675
238048735
513430093
510692834
284904807
153395641
428580559
562059124
122982863
407731376
456364908
212989811
475400488
405178822
175531427
480990371
649956751
303902692
168252619
180074592
560590340
9969567
1044576
502605068
350745170
600510899
440016063
548954062
241879139
0
576628342
430286386
515050918
428516269
228774463
179648696
588778671
18770985
204961474
123038521
132974107
534051471
408799244
663570335
248638668
70342317
665096117
591896626
466417854
464007616
151047945
224290709
42374331
452322621
562544820
96692491
60322701
570374651
322385207
38818026
421993742
110045357
70093983
197502578
270841416
489588717
492819345
591149597
245693459
60890517
666545622
200645664
88965499
283971412
563735355
0
514111006
538942498
323434831
509878993
213398225
121752723
251296484
498000167
460146012
307879124
315706638
257744945
475030600
42476168
660586385
333561592
361779649
0
207291010
570145084
387120520
557528023
313406260
345175020
228052858
364107593
243936138
489762478
548632324
321887620
0
76440535
127710302
291430994
93780625
516592133
297904001
270685235
284102227
423226847
390133700
631316452
0
613343478
451952935
436534788
161391920
271366473
332216754
449307429
356792581
525001955
287856853
153257509
277563159
13737523
126020051
197904025
646112182
183938662
666550678
122111271
588061203
188833857
499670674
557660371
456803757
490767682
0
498991630
472764974
276140446
97083826
286703516
537874034
547551479
18397167
119168880
283668931
551309121
453151786
325556751
3671744
40441323
227456158
351092470
245175289
279096988
168080305
174502171
444963526
2242667
22776417
57616629
535132343
391688947
250250806
194481487
356233463
481125409
112764898
531015735
33647564
256539029
468291106
592982088
223643153
408022319
439343305
528655684
523690610
37265416
108673708
129489383
156339796
414722701
278134408
510857937
456788113
393768356
227427167
112660489
655531893
445320615
162417363
594940583
170455348
485782138
415828424
0
133919670
298255278
418660419
194620524
459420205
655911532
328160223
349339598
530395329
0
455141477
531696741
347844775
463898891
615714625
109937347
337051090
453033129
44090277
56065016
548976860
299069970
222304689
371868704
432683782
253093389
592306633
379389730
307516935
475823372
146687760
361009526
589138060
232650167
2716792
289216555
588652907
0
456922491
287841640
193991063
213637053
105147785
138409461
584556944
60840770
575758414
535950766
101613431
0
663790483
595453032
500204986
252032019
476819775
575627952
172774518
396836087
166266915
302289648
633697746
309375010
574054088
312564019
137061557
614750497
59036100
5655997
201565026
580479698
59221024
607387407
387524628
101390533
590836633
469177992
325510961
659564782
45867441
491000526
140637005
528213429
95511831
0
352221914
0
376367615
453086345
301352740
432825395
191814907
119906506
589858482
126101628
575069381
345714179
54151330
303955567
171770723
434410222
603201956
396485531
164981426
290353142
300459090
208927404
127552696
0
157036252
280355249
511760157
311659891
326986540
260747744
270861607
0
204543647
339808520
406002669
407708139
512766923
529084197
615022441
655765
112481149
71003948
105444405
521374822
61635376
285274002
336551402
386000846
505026229
552333180
599422636
40664356
658808981
471842456
374460519
363124408
320819144
531680359
48151983
405372612
407656559
353774242
528600305
450210532
620384012
345843980
194634282
57628209
662742766
159683872
19812157
642224027
97094818
20999923
409915060
0
232768008
257194378
259075627
563103196
126347253
643164594
20387539
153514980
205595482
86299166
597798727
210598099
472102681
585705791
159841703
198709122
265662511
199940393
232604381
120383708
157450660
0
95329334
387525364
406119857
614163131
283685985
661542938
339363610
259700353
298464077
510042125
304971087
631911540
66255319
224660130
0
439287930
455755755
187001061
108381465
259462606
341481626
85679287
253790295
241316037
631569098
178951801
464473718
663854989
638179310
276806047
597128166
269678158
597209801
0
108604909
411844114
154309390
71699341
196405742
437445651
636565738
381962379
281207904
596749862
62427002
409378456
168794621
520623694
10254093
242789246
518168550
522104704
313698409
434651750
374563866
69491398
265408421
637678277
502968341
181251059
639491338
399881603
296411515
111770143
502778865
666496099
666218616
378461917
222069207
167807022
456444867
407392121
128141629
70264580
78446642
90306143
303144253
339333704
662784149
607864425
209468191
332642445
443781065
409210280
78932621
217091122
540696182
68271773
13351298
617983183
465910128
8760234
582256420
436273039
576095560
603145925
143652788
586940026
107364101
121282977
417869236
513861048
268007109
514753712
61882251
231718203
202710589
471952086
61407564
377365785
526872609
422944973
659118514
24182331
138338671
313417238
220337456
168335813
323896614
324784926
283175514
522879925
606148093
79204274
388491019
53776508
192105548
283364187
573790938
150677000
341682736
410777686
589973893
449438012
61756053
0
563955383
457577257
130417139
117221977
627410686
378648364
28904932
273483722
326118841
335856070
498235941
330149722
231015552
68363910
409200171
189119510
266611453
345780319
288715501
0
179936118
573529292
171424663
645531854
81128902
468949947
204205172
223982930
42271
59194997
250192200
427061468
401133567
316808354
364266713
606870808
619916829
334514921
658080419
613410040
25708432
425002128
627268332
209405272
561498131
385517439
447556844
69540586
129451603
379368653
181523131
559828655
469845216
591822112
215191503
105785715
661279120
472070069
462699068
105749970
521966323
336085206
533419986
213656609
597741314
5593964
342364475
373876754
1893426
382601250
131265863
0
242294733
514429212
152490810
605351362
355550670
194865872
490280707
60773129
0
183694325
454462051
21337238
75764260
467595207
85069950
170805781
211609527
483998322
480920948
427198065
646710206
572898604
337897421
433197551
264527607
252787887
244699320
212033370
310375804
364778987
0
591060893
0
304993009
222962160
370389492
664678153
230259234
571603355
450960675
403988254
144020275
439831977
142899158
405180548
115235568
297248133
546985585
159248027
284621898
606533691
50885233
500696045
206088147
321439308
656596705
352500744
544036853
344343212
221162430
279178490
495138420
68869874
134542051
221417675
204117387
31116662
61932756
402190627
536215690
638633402
295231796
429299308
267136747
401868724
313202334
278800712
422191333
658956190
656921463
407393036
555307339
183584641
577003361
316390699
93249773
7822849
496943981
260063265
0
501924017
532387358
320448265
239249917
183761689
455852310
200189410
283048215
67978619
452331883
389748201
336553973
393260366
256623032
545333255
268841757
512124095
368331589
325114818
347775245
284910717
609029069
525982453
163220760
463179863
301962173
258208089
239396513
0
116423445
142629723
105758309
512990720
579841418
486797941
334406007
278734598
539674534
607822255
141161315
102168050
365719201
549295196
491824990
218953005
439423488
223774856
276289989
161742647
297107714
307376911
560458781
592318979
0
314903243
621155820
129050725
230268401
38092924
543066647
392730195
425489690
25267879
39352526
344534462
275696611
314229446
384973094
529955795
396533452
64106903
411777495
288468021
646805514
199267178
0
205119283
183219985
104926087
486423456
662468998
658579391
340933502
525862185
201926522
611996282
532546004
223672697
250247820
546725524
576077289
521191640
143849884
21194406
605096854
4755594
203280175
604625290
0
193911804
116672469
237199641
190530054
42363159
539329218
385309751
300800786
0
604655992
0
120253247
358479527
664331763
261782852
343052018
599912133
468992356
355429672
189363704
632753520
661261968
428744005
598424133
131010203
0
643955913
345232494
122041936
421514638
527646588
295936579
323440955
150285102
329132487
232457267
280528936
487085970
259438182
377549667
612182131
593510439
227880396
323469855
83340057
59139054
212166546
320038998
0
644372218
47052758
385051066
559691476
315831927
455959459
247259696
43686357
388767892
98122464
666453956
644907249
461866444
33131460
280275477
272394942
629835450
573405800
478115581
357995870
430913349
335650008
39534332
574819794
268314572
375529321
470417644
113851833
636245683
489257975
164693886
491005402
444148510
340977973
204333183
180580234
448248912
266731988
70015758
2783055
27460799
633479318
283467544
73115135
229014444
580313792
600021767
664562586
77438057
498819705
235605639
610604008
139861005
183021209
6090390
604815909
101187958
607466878
18630708
649477086
614174719
402704885
654290773
210956018
99913415
194497454
464279424
127501031
22190594
614607367
0
259307573
604984554
451749704
582900283
73650796
379921295
104255944
123789335
0
198669093
202208790
355054968
298720955
0
554260426
85544680
0
264725107
356134466
0
659120989
412082574
115913872
329171962
24936780
415646580
410966041
616159144
139070196
555961498
276098627
537768071
246310795
458317526
80622004
156695916
618281521
659346934
592353158
546508092
546022675
0
233700366
246470813
629927798
446026031
152453235
100624813
301581929
126083844
210662292
205132720
352148072
546899700
487873677
126073927
69813237
205853418
495457475
627658517
578753290
473012912
277513605
349462152
285140745
439853345
463362636
330004463
657583139
664443219
548457561
522147484
309537964
248459830
412898907
332739205
608728454
226991678
655252219
249770499
351287502
29996724
540129426
127463035
215726703
533190651
626614123
83317067
339294910
582432121
564458701
606790912
86260368
363032288
607132083
459886314
397917618
366035014
168107953
603641851
336054081
203325980
113013651
582280586
358210491
287372044
201142260
0
34732996
386251857
240214289
158086744
369781136
245418396
578121637
195987745
249739498
646175874
139288802
139173235
622021425
16980268
126903241
621552066
522464455
264818549
4869995
370649842
642565726
572901125
273106802
467954688
263425054
134797749
498953304
263872243
39236529
522565381
445440638
495335763
274751336
571773623
648450514
250158073
276528238
600643123
221932074
351404688
633727079
0
122136461
419256733
361539758
659673818
248936735
227453581
433473503
421201765
158552959
412301342
495720897
38814486
606184934
119472630
393531490
178705009
22387553
6318577
486529143
315374805
599507543
538295724
178723479
250451071
567437761
587459168
171126917
550972936
394239621
224426970
637941268
355322584
560001498
0
202134096
54713320
547176137
612661290
394394105
136181573
520206244
617095828
162683097
308062176
504570373
187672168
205010374
188515701
279111926
69823135
596862610
288211967
150321852
526340399
31845253
326890602
572928314
554073464
263194539
600508976
454132182
381733598
432683456
582388692
615514045
583259483
341487371
603153606
140569859
270088268
566171864
69552222
133758711
341702073
610227188
66135770
394123856
606201526
552382729
479368882
254907556
666274273
626940023
222888347
90336843
313133355
517497956
44484588
44036808
130233151
550403405
314165422
624134601
352844807
200594089
225348027
217220523
0
4345467
284433249
181504763
62347125
308861650
71200821
159289280
630435749
598804742
117086429
379188431
193390303
146350631
625699853
319345887
1043825
487357871
379248403
587333043
97905017
132025402
178749663
153547354
385465028
377664743
97318102
447952562
228713195
429767997
87731292
171049559
232359011
662378988
424417515
350542528
630709741
32172226
498113879
315232754
582292304
478823792
273776736
438139913
212800350
320993130
179315688
277106501
324982121
404409202
277324324
321982722
164185887
634120831
620560531
421146393
550859403
507971610
214370650
234969291
549732450
164995657
26921249
455730759
213436108
0
166662052
533485616
549619157
264908814
560438190
240305480
165948166
379631572
46312077
499159790
567640852
614796719
253035806
229326409
450879609
378104
490171282
101866900
266947852
421238234
422945133
553152198
524068417
571776368
626059833
344921564
460775388
494745835
44361193
70606231
490073000
605391750
548437354
608707003
168169976
185721424
97194937
530303054
656056662
492553049
288044730
445665830
0
524139827
617979726
0
198796343
39009214
155160994
523270700
656572280
120473806
598747672
389168480
412575477
74825617
170570470
480610442
249568649
309273184
417213551
433928963
74823596
505334824
403065349
665491243
624693513
616066680
82391542
469416638
1768023
299481053
109198690
189488394
267940206
472251288
159904428
138571217
298585018
548807307
338296478
41486396
452915043
495433769
651839521
198159501
172040089
643034948
570635268
564980558
187512017
183598855
542929948
426466307
47012773
479441950
79132033
585098897
644469423
429781044
403236169
444293321
149558958
431174510
0
300754407
432380624
569176074
315397492
660745178
434208849
160173381
0
504353311
489283820
508971848
577383731
645750604
435888749
572743192
183245069
656258147
607221654
325112567
405366777
384596997
277209323
38364770
283837519
420795497
251972646
581723772
31688363
86486369
654766267
196907407
412810581
394284322
266871739
583993398
349878767
279908086
508424539
125808601
354654347
439452442
58737387
647466454
600312075
435644983
9999994
598413584
219171786
128567014
586391498
602553946
80991500
412956605
27872692
387481610
429284206
189257881
240674680
557799210
496726771
36885645
463234488
384497949
437662503
285785282
531252872
74625625
175698848
132199131
618550635
61912502
135859700
265242706
655732867
181973949
348071170
459948889
560124773
42182270
430363639
276967553
315976032
129729214
552997269
111452877
147124457
328439528
359264856
317722770
413649007
608242599
196636027
80125196
407281124
363837253
542582176
262900293
508291028
50881987
599030383
342944807
626049944
466698543
147267248
275792126
28984091
267183641
366453107
38668724
91325366
168824378
139374772
155845160
358777605
67046287
175033714
354131600
66727094
281604289
86320207
339269433
445629881
112048363
339071680
145132
278499333
546126127
635190707
231172574
523024863
224069947
36012445
525835557
223320449
233616504
656449901
197836846
214151178
38695473
428983882
485176129
346641679
25599566
563573185
419594816
339530518
478748845
85858841
317753152
627815660
269404892
322402662
450101250
97514451
649125988
208288356
0
39258876
0
193769203
221402180
493943858
341870362
477901950
582560584
98613391
539750124
14561940
25303304
160707259
65508827
390511661
247276423
534847132
131908653
117252889
204433960
129419851
638782777
18619741
514387604
470920871
236496237
593836939
268015103
486270857
497896520
438984832
13769366
381758390
346681440
192815120
658213896
83120897
376122960
166314010
295686733
602773373
47164729
324526986
551427076
182685073
506618324
335031052
226611332
169870205
397424424
271635083
495557971
318394842
418691890
473747742
0
180926537
652479937
167440032
537845083
309683209
592420142
558431862
347634947
659685969
81491793
494202095
505199458
0
233247703
502304990
129624418
661900957
239686693
28619449
66395589
94703381
239426742
192122805
25524952
415330700
565189525
280962194
271383577
592965824
149308213
203180644
454163559
4705776
438809650
449578473
212140374
400301434
336974335
533255406
364655178
194814697
106867385
56392520
200139944
207412235
511842470
373945441
241218087
309147972
425566250
566252211
92600732
57557809
354555253
220216029
170382153
630246864
616970518
124303592
77251918
25065802
353672859
148080977
258807877
37982999
497698496
27527823
77276597
583487553
91233732
519655924
526034828
573678627
648625511
666231243
385926664
187256334
77483066
452550169
573551931
320609630
556504444
266923594
178614721
192148556
359000108
340242638
603702309
288020695
85576617
141737429
275707283
173577297
534721425
659314674
367571180
0
246836962
527236567
454330661
427307473
267515878
500454473
173812847
516359862
69038915
359370603
57767609
348579016
532239483
177095418
351749648
466374525
525067751
360056825
399465917
379794286
422212172
472182032
183468009
304198372
260958946
259841985
267384360
650848479
16507593
0
506684203
0
437280314
457147873
17703485
420541186
105370779
183614134
170776117
541311364
436874966
309725236
419171196
52374131
233123164
304211659
441850862
556164382
665034503
241962059
189747912
549991072
484627331
216166212
444230922
550576153
98970824
79024903
432696377
87014060
629137896
455621778
541579466
303676398
638721131
333648209
440854984
183889894
170573980
380141909
325624182
135347684
633928794
235616715
51735467
468777945
526761232
170395447
64500130
394977102
576482387
486132285
359119476
392314309
89805640
23568983
489773728
582254964
71927686
138326158
317039820
448945225
245335857
154900998
494314435
113849042
386442218
596601522
575956568
591400923
492173473
226667508
57714408
0
183805260
320527014
226594766
502243512
290164753
321890840
417301090
350977953
617759609
484378999
512860816
46782599
498274250
623945161
172717483
417628352
469980901
150831433
465628788
318926690
108698018
420661590
604222678
367507258
422376094
0
165884887
36500248
107548471
233798373
179867017
350493725
400515062
370469781
304648706
151135931
434738835
424537046
253620331
282957513
555110031
425098032
253859845
631445656
298405330
505590983
613367572
299720852
483701029
596437647
615346089
287783434
553353045
277253495
455886671
239618266
129072482
165240188
22712764
170679200
406989627
0
94411647
474847853
125763670
488722903
383196962
63904489
612257098
70158645
228628430
313648431
281324279
272137779
217952750
478427312
264661024
127811689
526175111
297683536
239850910
45619989
585312440
10543510
554517410
571318198
431774899
576271351
99783473
229829793
519867752
606647222
273517057
141336627
19210793
545482257
108893331
38124290
504415692
206836956
12901169
315351375
20163970
228488446
419417483
444798246
447850520
74955854
524401280
76163905
305160697
433275365
1816365
38404979
303726358
251840201
292256220
188316540
23333096
141775791
190976931
273843021
400362428
651416183
455756041
351075090
30857764
220830513
87278501
346472482
611169438
245818664
636874983
440017081
5823474
319407075
583330425
365252070
494235884
335281101
172857501
247731103
54411918
139093111
475380278
186365891
244315764
440673536
22611560
368010840
141053582
382158384
126611145
130217608
498895262
96215651
440758440
488999661
144442996
357330532
147436672
597211561
556185446
261174754
281846095
389820514
484986472
488409325
470324622
155331518
528485503
155568959
378799167
62863605
0
336884116
594574259
367786595
607154826
54586782
578854533
438259722
32970570
558108535
123349418
540754134
519496283
187068084
550243042
0
568778674
515509277
411684536
144220595
574832475
404228988
427237434
641705439
350131982
96628398
467649805
285062893
213117132
496548497
0
331039556
487700973
188462554
197988804
422691041
60125171
407746830
43281548
172035214
208340275
340348790
12713763
214264853
618020642
460379902
214514884
347247585
436604532
206002601
546651687
426318553
479799066
127102572
648535000
250773409
296465910
512131238
314436089
421224119
550774486
262652621
303126473
107066439
0
568670691
240784260
556226017
45520154
249951562
514285020
133325868
639074878
635890366
241592889
0
521262329
599745230
231132263
0
508887481
501709592
141531371
52251039
209799554
549600902
571167632
275598707
620289858
373176353
627656033
520163159
162747281
165155054
297905838
662775416
434170477
148149615
132412099
254659855
198897803
637317442
157620014
404203281
393113707
125286027
398367724
171128595
187319627
645591645
559097448
413524578
578349107
302909599
554346057
23761160
402273973
287288486
158700901
428802290
461068092
0
330964706
364206474
186926048
556625684
508048403
566505788
664456819
240489189
20162214
258977167
207159713
556247855
587648443
429761299
324580280
588641266
375729185
220318413
70976301
107366975
613401100
153834753
655850379
447390934
593174885
223141369
339735854
6579320
278457976
88483640
60823106
657614839
267913726
0
578527721
0
25313998
545712292
346814774
175994949
216593964
210349340
425816692
528172122
251451179
243917214
45446553
315862562
520180415
571641820
333509120
433891804
609003492
612817109
498125352
625301379
423090349
434178874
212024677
260241991
289732264
0
466712171
63666033
289249764
248587215
380750123
606605331
217788071
87262468
171195936
567097435
67921846
448930166
12930705
192042809
0
33864525
651345330
125770624
634425279
302885103
0
38268989
548957351
85088411
666098516
186636028
178593794
254681443
56843791
282108645
24703565
132017406
36985764
469417416
561199124
424624385
265222062
293971808
412530444
251205312
646950239
199059982
163182289
541123827
465211373
0
203969922
337354806
0
389587784
89222042
377206183
116802295
173126269
186717187
451069741
611712591
149752279
252380311
135600559
628658004
501974695
397619470
63675746
292545741
303608312
265219876
260238429
392676257
37103611
32589604
236097615
658626109
276209112
110969298
358211350
545463077
350878046
625555318
135568041
60900174
573671743
274664511
361790164
493578192
0
356204197
368131130
563520537
288061160
459453626
128733152
331681672
396403184
343867945
433440147
149648886
338967970
279264471
440978113
0
181240421
535275770
508267114
376125493
626922447
310568024
624575452
565760115
144972144
71084165
171030961
463938996
637496490
234974273
72518162
724904
281338436
78152058
113511601
390002544
547689244
0
533592017
169214087
74722436
0
180114826
651277519
411079466
77660450
632884089
339445717
0
17217302
480435435
475369093
141207210
129820919
162489967
295068744
342652885
246425191
229361923
20823890
435351058
637571392
0
26153354
518607720
358433095
534244217
107740359
62867705
579549758
459267084
336950527
407577888
435492265
319831928
207862650
191085925
15414426
299015561
0
192831732
337814124
243917937
264609796
262519799
232210305
402369098
416094173
418703625
81149098
0
244380278
518812421
588960365
537064753
604715838
223065317
20737304
391630128
398034088
212626228
357524132
100252311
537958975
206884185
538448407
572116298
55302097
172886690
202626921
275504123
175948623
560254895
451327672
235932732
479407183
491063780
460132026
315095111
344989480
372438563
599174610
347711871
403416749
73718252
652938600
98282056
367179699
334443832
656718010
596178036
530480496
589466943
619295539
412137333
643063234
211139767
296695173
468722049
595478401
636794331
262112378
518860646
37905703
71773594
93046573
393691726
430249412
14561423
565648766
148163694
614771015
361108079
249920979
344435469
530166503
548027975
108631957
294320695
347015794
498692564
396521745
292485203
655429243
287602660
210355414
463476123
622623550
342811051
269916069
440042255
427939396
146672222
282346899
121866277
312260944
609595884
95775445
600710177
213292158
416888261
157091464
488281001
316250382
151241104
528060073
3332442
219622091
511246026
633470401
224395924
97423468
0
291617871
217269319
199706284
131173169
664328134
0
445125061
559437688
348116349
372795430
587098478
393886764
399141655
517044329
429006640
214642296
661035125
510814411
265569859
308609137
311814120
499453890
333625578
415580139
619358718
360027406
512095118
103364463
472092747
303064526
0
153237188
184006041
481902765
203066357
346641679
224889337
149291771
315767100
515926344
547656895
0
288159063
559974125
352177751
218346231
95127802
195612479
83791907
665041760
422080833
436567897
464351271
118478831
102396356
51518553
194952265
119888240
24213742
384687138
597248576
78281658
271483055
554351318
167566892
102995618
361779124
357488407
639991055
494966265
574640429
435902780
355338461
509052674
165908488
665476401
549085889
651603769
577496367
225026113
162275394
411598225
356916739
224936092
229626739
572187077
458458263
442802417
317884900
402507447
128259311
467520149
30165001
136301424
20129972
228479862
465424381
625168071
356318481
664542944
22253578
604647827
298820209
319213239
445251108
560831808
379267968
251364820
533977051
110567199
175681616
642735526
575078377
324259775
439203301
186537634
321661131
335789154
6380900
618083030
482706416
330482529
142421445
324936629
362046029
74766944
619296392
316421810
235960132
276423462
604289417
450122812
534261674
456918520
36082408
229400008
402040328
421769605
149367594
561964602
125410652
605371516
119731345
466757978
424198793
242105938
101131241
484652417
4411988
499436214
387389494
235638105
209323537
122919348
6682819
339167576
210596235
148501993
404306213
286052902
612214556
419191997
77372152
656335288
652152866
131002616
126489703
407981932
260731692
186321669
278129742
592330742
575508692
408318907
551111715
229894541
312664248
303359467
452739422
43682941
128512936
639572775
66527921
663461870
5394595
503292351
422144208
60459597
439556487
349668086
350976118
580092162
281317088
257794006
336512899
664228699
336431475
464767392
261479435
630241678
255811796
650572498
141111737
431243901
269635497
156180660
607464634
405258978
219698968
58280139
312164819
523357729
55536836
44690849
203498710
308696887
92096771
354977328
87695045
6417775
423902828
262886026
68207696
74981408
660693483
41906002
108336703
216957940
322019254
153502025
87268187
357138558
557069510
132454640
351909699
45809509
429203724
234806760
39311495
432009466
656270997
280400261
198102153
328981179
521410019
502629361
410362951
149329697
641049229
18328691
257388346
0
161840608
246282466
217267521
539239661
582143785
549962373
45016268
285064323
61303605
193419954
181818540
518863305
9258018
258236552
417269828
183520547
478315889
31450446
73309697
103841272
30467024
255407865
560785520
488680995
487793271
304761361
597973186
428051006
149055404
178092974
183833208
555400824
170736659
469295846
12727565
604122088
600017905
413596405
375866997
255044723
287436564
180113712
624773359
636808787
379890447
107104771
26191158
474445147
302271197
386104425
0
516294587
25314621
150537240
391068732
471480419
496858414
248698492
283371634
643237861
292152104
187688325
622748260
267997085
297739245
0
353785082
530283935
404255405
633358352
0
377521101
273017107
359228334
181325752
530505218
566426219
4403238
360700522
385788957
192584386
144430519
410195800
457373400
200471618
160641146
235347994
574897681
141411681
80624393
578504539
558704456
323544719
260634299
471319308
443380320
29136289
221395605
101683680
381542422
31357920
360030797
269893099
651839507
491053594
245761335
267722711
481994174
477246061
385207493
286092118
601626503
244517240
493018446
0
128032678
255745582
182378608
468519921
217641987
646085190
470892266
623110143
601819917
638449740
257377378
136869035
329553612
623536001
63901276
82784067
312300610
600211432
213294572
73475470
271680793
111953116
112009637
257845398
55305864
40902072
218281615
173999373
91177753
143163283
611492275
165821172
393524792
46626251
288153033
38432775
189619984
621560549
553561527
597570468
475848088
328001668
274190083
223070882
309549805
345590857
143710125
562107370
197350838
176992646
508987628
113168561
252978360
514195591
229457948
151244453
656241685
117663369
128937282
629693489
140512649
87091029
30381473
651642553
207740882
241502710
403927900
470078420
465930538
119166660
20859187
385831530
204221172
284123195
127047486
261186120
28183369
381984801
430407049
113874267
636606569
661356195
0
329599906
586651980
258991151
542895617
424197748
517654682
171810105
510096175
173961761
302960884
529399165
83906853
231447416
560374433
452980049
469375839
323656661
0
591265787
404505101
157861458
228504201
241620262
283760149
0
171944278
614998276
595990867
49637931
16106112
167422226
134808456
540922513
54911487
251738971
333770910
602558255
188211730
578229321
645518281
286475109
359638795
413089095
335703166
457938687
19555909
8797158
641641480
535314045
69624933
380112638
73148790
326790112
606361816
492432346
587216513
659917655
72170714
405799250
265561905
407377180
665444363
640056777
114785656
38410045
201444774
480305778
481898676
394098478
71652279
522746087
353195956
489694185
237110294
1446721
30035974
516908254
186168983
43468541
402647986
410243794
89170025
443042097
0
406152893
325355987
148954989
67224429
492665414
615575545
507898878
663986965
154582639
276019655
241397610
592011253
328006420
641614282
54266725
0
284464390
34434314
504939851
13428239
429967465
32689861
88910181
545824741
138056920
449356808
268383121
20666497
65334359
458388785
170987512
602621929
443485374
625951347
9672080
22844175
157268736
249343865
396628163
200228342
623924248
587918060
0
319363157
580788500
647370222
141429618
418569321
114278243
589777237
592640700
304973201
255217845
561144120
142230911
585805431
386850688
153729092
303579121
257054222
15993128
564597577
128260976
149952958
238110191
259491116
448062141
396424229
182680894
621037869
575664483
2808597
330281983
96382167
16248605
584893918
81610865
611935252
0
160017225
222330945
318962059
564794495
554194501
457942895
457883170
125979263
662493372
125897632
225001563
626307915
458758020
330779811
490925613
138431963
109198362
267243903
97915916
297408081
0
309075330
392346518
348614936
58723717
255866560
536396811
621476820
452505416
663841156
54462626
176589476
243322757
613467630
293003804
467402653
399384614
516934355
143041307
444292837
245766348
251328922
237499576
315379246
664612572
458940283
605809749
263052644
597927697
21108633
167639300
95565614
166873019
579403645
389753726
220487793
516895013
279114008
479421337
329624331
128669868
95680357
319553392
88742095
555154908
572870878
635590314
142380541
20669768
662416175
567181031
217446557
172518366
0
467700870
370141339
194718284
125262130
497803585
104217925
607070957
405560720
88809024
463144605
85258678
198632089
143559695
475284847
381847062
121410134
273803581
213298259
126568847
0
241529064
78352427
381948066
532768674
72896759
496141013
200993244
369211146
458175995
255907803
279164489
565470651
606283954
602436235
587475427
578663279
0
537971103
427028091
75596897
296701973
348233582
603346494
460359929
623654651
168246994
478347150
409450547
262020954
459842262
344929224
0
155545597
135862944
653813726
627448764
0
341064662
127756512
0
445751597
549443369
611644135
466927554
31905154
332258360
301394962
266242364
100412575
254062605
161626840
79738512
89431972
509005209
421203201
652942611
227977403
234151279
553865650
400272329
194466885
411328417
500966821
505125914
388978457
13612046
601771534
312993642
642222477
663126510
283338709
333481777
662215757
498844157
427530639
342796442
526371651
430762901
417469022
236002547
452744687
0
511329413
482882428
248695156
173290884
542988010
79817000
379131331
50785961
280322487
490319191
81324548
187984951
426177654
97325245
70888306
375536899
11146626
155115604
477039933
4698584
192435131
602949523
150529692
354895613
149533497
128577239
215239601
346795937
201423974
593098624
81938682
168901643
68854270
375783959
570345415
390225907
637991259
603661013
95517662
632309120
389702907
436161017
405475545
0
87696368
603558647
590909615
215212890
207904480
510290294
415469938
320677685
274857928
519048310
292236452
0
521534134
227438349
0
290129653
210355703
250202976
261067203
180264823
63459405
602248260
49075022
204577150
360608525
320138680
649788130
472586731
310786476
201137969
297377584
236139251
403172826
288149864
91467497
276249787
651034852
480233020
426467856
427188413
259161003
636176864
452641762
499757973
410790063
340543069
345722966
22104633
656392549
620367007
9550636
247853409
527524874
648265868
598983400
211617799
176592507
113512096
529621757
561376577
453139115
646067459
267750300
238663572
25695506
176428845
449846565
354395284
47020298
80220110
618205650
93546614
172124181
199713150
0
477267480
563782760
469861791
128350628
176674746
152283241
590645362
175212924
445353188
68477279
591120981
649632333
506046138
10223974
626331320
260094749
270806477
540363118
481526380
520024057
510771194
188895346
223520066
203483319
458401436
88044682
330740349
378275407
260883527
88798023
371835706
520686726
635894244
592688607
125811918
629148811
624813892
486299058
349979114
547474308
110171421
393931048
333514306
648356352
463830623
0
13476695
89945705
328872266
2486893
183443878
505187790
491114603
107437953
356699110
144757661
2625010
184038348
134390246
349802163
627317040
188153760
585115788
0
108511287
104864034
56754457
304891650
180074067
78461617
142414267
444704131
641224794
603709702
71342717
339435090
5870530
45661442
630696936
438261723
394436148
81337281
623307770
269678681
582412155
384229762
187198102
34635047
449787716
452777141
265554142
297919446
18728348
621024714
121088196
31810444
502533397
220100148
503283676
260468549
562851652
598892247
644097143
475539846
589659669
404649418
479503670
476734380
127378859
575348609
231133273
177783694
153266606
513721323
637269975
439039791
285857032
194718330
283523616
86429381
540135994
0
659760012
449963859
351976865
429982297
81738081
492035613
429044956
546530967
78154078
563210082
463257762
39138250
100282876
258781211
45264196
458781536
631620169
81415996
113226692
407572097
413777239
575360385
650773459
575991512
658837861
475941888
493104150
591223245
632492447
574351580
275628365
124694153
449090470
656530949
193324091
54909166
572284599
308744964
250365230
127095446
228251861
43357301
221673464
583149281
281135615
1990315
89304809
542963655
378609121
212813744
28570800
591150194
185626082
105614957
0
283090762
0
489688899
124985788
506956611
219860778
388206032
448891340
39886398
229105962
521599969
160392791
274729179
471965024
507132705
546137018
0
350715712
595574710
253486387
53348851
37978533
666513947
331858674
423199675
287383719
647775212
454065135
246794334
180356992
279997147
141090045
637211031
53669246
118138324
541307786
13066052
89492623
20651145
414955817
308191112
279723402
640408838
346328414
358480063
455474431
394591908
381500597
110784975
314183382
443383231
544435065
367371142
130635027
222484830
235151632
379070694
646054226
236924821
82649780
234745729
0
496379598
21873337
423096202
0
284916947
487830132
176434568
59548507
591670035
504450426
0
111836594
617826302
125070730
373832746
178538648
565497242
263213
529931148
290611878
662333269
661063860
610797668
510393436
140162151
542609523
352996570
500934834
627581209
392319043
636122246
129111668
473089499
378685153
640134522
110184204
601371590
562218791
84029947
580167359
113701497
347776591
315114887
443151533
469510726
650396375
192586155
260264839
540082268
227804160
0
97795001
619815665
21163228
65087577
261229725
448679076
581636348
658172660
308592934
251003358
621551271
278658849
620639659
24375347
530572637
629009169
94021468
294631081
421181742
640048031
0
162475183
403487095
190800714
552126540
316801650
490701053
538490714
560334834
550857107
145300509
443844073
205301221
79914642
60815333
244776977
74397520
504920102
103568337
247100089
93383300
131256211
0
209723626
40350306
0
12574178
569946716
188253757
447889725
138339087
353090249
234104011
162872876
375665976
77754596
150341997
455473498
580419965
180543019
59484057
386049040
292525096
603172777
614804692
6436817
59168654
182222202
566309808
25606500
635921028
238206458
658241438
415403484
6719274
530763345
596941513
407677661
642731504
446942894
607314052
116012930
209146192
533441391
451003391
427227008
589400451
405124385
370732506
490216333
158828580
87802776
241589738
599337295
503413214
274539313
62274823
120084026
272288453
150164774
338865024
662483550
481391731
41447537
175170785
573020649
366734958
234708036
496391675
426189515
256120775
393786793
1815728
621559851
186522889
610636247
392130469
327291246
61596515
259582140
155927049
586880282
413000651
0
458422005
603357320
279036331
507722184
0
178260994
647659893
237587231
342962933
609320867
221672280
95835265
149384480
526814115
373782248
426817417
641753957
282248717
282336927
142105383
429673079
391355235
471314196
129075579
632496730
0
646782962
552780154
551759493
40659094
574338449
494721487
567143500
320385155
128196949
0
398745516
312849223
525739487
425353314
441719699
0
537727499
253908061
600211098
140045716
259697764
115803921
185654283
638754321
143919506
280742536
617621492
192227884
595708446
402212240
458050647
260747870
489942873
533510376
278111023
431253652
126250024
467521618
413632800
565277351
438860351
438277021
472461006
0
10530856
391188197
315904626
222131806
372149386
454852642
366697764
571287555
396966886
0
379749894
263821325
197829921
608571754
81777764
273627531
633771661
261607541
239418682
352977410
7109499
453465369
391157374
546740547
381324080
346938315
610964720
470833326
278325596
506479950
540244073
64427211
458568234
149019379
294572163
624397298
77986311
311091018
564229968
564709390
0
0
0
613058677
291310270
28768388
279525765
132656693
351319311
309347055
443408669
477256903
46894231
33084061
125052889
361199788
195465137
123864655
666452293
463867241
483692790
0
499298652
340128986
473118299
82598332
553921538
312384591
559248706
374581008
472363175
34257848
367182935
395586058
327983684
322782672
160111405
23137735
287228349
44443255
478876251
287780506
592725521
206162532
432188654
283067059
234770281
291035398
395518831
225786151
534578009
344591081
194877369
533786323
554293848
141887920
246416391
376673123
486149929
374041523
657578331
0
618105506
578464363
389476692
319258495
605120686
396630582
0
361003706
586341165
204749188
545579341
30357644
108490828
0
665288068
281166917
58038974
615150124
445898850
230481469
456853039
208215975
186948068
54039461
419174850
556299884
64957126
477362579
253725252
176266818
41684773
459259387
193103886
665114713
494335433
150567057
508106754
0
73102323
327721522
658026562
234046206
483312749
661369366
514490044
605248367
549154653
584716035
193869527
357057611
324786236
592020445
451440094
513684095
238726897
611998357
545021077
628282687
410508170
374289109
352344396
645106690
71405171
33157692
333785521
637494865
510661870
230875022
221094425
391471617
199947453
55825737
184402931
164792834
456939768
424410452
32915371
366589022
331692492
257644128
363339210
244332975
277751568
647101652
605778482
7137051
650092833
511449097
224891636
154921542
175947232
492090175
156398511
367617298
501360858
0
153071744
6973017
3014346
190941930
601031425
346542734
351295052
493673696
487698400
344324695
152903111
308268590
366769234
316830041
513458501
40851489
372127464
140917590
544633755
360112397
444211392
0
0
228586236
536197879
415385463
153278661
649369989
338464218
624852948
439962667
426279516
646650004
183646226
438829229
601885617
485962049
404867548
330048110
276737571
130095715
237873233
441609074
619087663
84712637
504818229
387382985
67763996
630892435
492911782
612978275
270865326
595288166
1037948
208181366
622900482
182890372
556165423
293059428
10344549
328202016
366092133
611077425
584637332
433655676
404963221
572892848
77282917
43308187
0
452657032
544345253
574204907
647486301
188154709
158744868
119794371
37213805
355938025
571831408
108837784
381997620
487976381
0
322818597
121017001
0
23047305
54664209
0
318755069
155195327
572954048
153939786
540910346
472068810
353201544
450878879
176806371
618040457
648028621
256470883
402195674
587158340
171444416
23638433
187757977
579669005
58964735
232109716
546875558
369673770
478531779
75583895
279932577
476557934
518364622
168573655
112855930
662799023
564688424
116714814
413505646
241540862
500409677
147332934
344665977
318039894
241864564
442727748
659914812
545127676
306304773
0
317223940
420765089
539920216
150530086
284206863
550053124
110913655
70976816
9291761
303027106
605392044
201519548
154943228
592170028
0
580461478
115142765
319650607
656406631
338488960
607423561
613070291
254941058
244281236
598974865
189852662
336441184
346234353
644258225
83462200
553736230
162342962
381345615
343210077
283779781
259836347
633311406
510329355
108176650
412864911
49067027
231270299
484238874
345292027
412825063
378462324
422402229
337410141
170953008
391083940
223769364
580191759
93991545
67604239
366127487
17360130
208020150
218371647
127887972
163372577
566501376
0
636500686
0
458326383
520896330
445164
187527660
44597004
548004749
398368031
234670356
451384213
664851585
97086628
503395998
134227152
589163101
453199268
613988288
8738342
561459521
612652265
504715127
274026101
644754159
373472936
103269288
181597759
452739100
479439485
76328409
52868896
209556879
472065197
662040651
601927041
16709321
49507673
129821831
390753230
210231727
116670011
2889228
577793325
448479727
432341184
404006009
49955576
328144556
0
235457649
470377298
460351528
332544619
276980707
410458952
541210179
182775573
211342529
442576532
0
448016977
402815610
558577917
296626869
445145006
613447391
32557926
265883937
359014427
618243900
132222077
243617108
221267312
0
0
606867174
367244789
10399869
561980083
528272769
239967874
514782848
227715102
599044878
457027547
525537453
598774080
336096131
9955033
0
161449278
649242801
552931554
540753471
437269744
0
358301622
635293455
502160602
60392855
582438799
141024522
627944518
185049797
183169787
429654256
495538795
241313032
437965666
337531790
377148098
107904757
167690761
369471207
17408542
221423432
525427165
354883705
0
152693882
192364767
564679612
228621261
523822650
278887247
99421691
276640631
428133654
635104156
308820048
337884386
558724234
56969162
142117082
167590479
404000752
36071053
81454716
473825172
494253729
367695683
75463644
459643251
345812724
529960662
387688527
23993221
186775920
562684413
547168597
107633420
412066901
408264881
411842577
323179083
581920468
441407509
86496626
374507864
313615299
430150754
427329864
293536137
80921835
634721798
55797282
224736676
169508225
557450873
450478940
297212011
662793199
218150014
105902979
638258542
434022647
328730670
564953298
56348649
272351876
348946060
0
61200158
559227012
560534321
448709631
23310762
174301043
314427565
523163520
276369985
389495520
649954526
353587837
235882295
75561493
316099298
441494111
261651451
310503815
406658289
292469635
597147034
526699559
185583684
389346540
424684205
598666183
169922391
379250461
394730104
103456278
271613792
151804929
157015774
401734539
657296734
665523954
41706402
519937933
38648313
651618676
405995135
439872961
290883334
628493439
292025497
653328857
0
492405594
522356979
439208843
8258353
302659533
460344522
379497841
503833657
259616288
15631767
0
166792966
347619647
537234681
585656366
196422998
268525499
102268300
560233602
39028331
132487541
145718292
419170916
602506425
417445467
488430435
309998226
337544811
566384045
595380865
583923975
396007145
231245204
233687789
308369896
144258230
553072972
463647993
366308187
648983240
556207427
362513557
242077966
176599642
29223984
387004752
114922162
251984928
402430935
267129237
61575947
310415694
528506530
478604576
377348224
174392055
474674497
11955299
631717167
279043385
212450085
303740297
145924943
72711849
594086446
102411100
417851259
178717969
508294309
274128106
467830456
509021415
196387319
653435749
0
205449330
602186936
58113772
287327408
144777574
441449501
534005976
292606067
159236783
508466689
298871415
659263427
223142672
651892829
656019891
505273002
103105590
329170361
327703949
105829490
398838093
557289972
662626570
513551846
554095975
334859642
510749454
424731080
609720697
140407118
319919891
237914433
657976145
643191832
271888813
632210259
2454077
174258262
1851309
497807558
209196283
226962149
650946067
162013796
188556148
646205488
0
284320274
15958846
177178998
198495693
365555845
138109482
67648156
528442659
662769143
344218197
199931330
205179668
377180890
512318956
137366114
456875718
267689273
421987391
516759718
592284362
63478450
57862468
275933612
124646717
422225378
213340472
383709788
299272082
156972379
295891914
622856142
651795063
507375049
92471790
616161185
74247529
334085741
428817348
328181040
486331815
417880240
634234635
626008025
296510251
317609531
96920802
520892999
558521477
454327722
100700440
21956664
267260371
366172351
238348029
330086587
509912349
176735059
121911338
113359856
17724300
421451139
576035656
550467458
329944878
559839031
403465088
542288437
30136678
338347212
198696617
156519368
619780616
409426861
157458233
0
281121103
451232107
62540274
90169460
309071082
179333957
36864566
550053109
431958761
654166824
183415620
50076411
8558793
529313107
323082469
556966058
585454223
158215476
36852617
32549090
403438043
151255730
460220203
525865407
170076139
0
391720856
541300079
271830538
401864550
122847877
288794177
462256080
348150678
354731224
300142582
390006673
148164481
459229194
655309607
84911320
593974407
49880418
610678159
411830076
643862330
385802933
126153717
655210754
189092535
440175744
377944364
371432740
117212836
575825351
59762044
315979279
396523193
19148325
17981480
242282637
397010865
369624532
434788975
548710450
569021578
10241427
208326265
348309126
355130846
131276434
543926874
132108645
414973347
0
410062906
283506723
335244161
154207026
389063073
553759479
372596594
658413748
653022150
457500706
626270077
271499526
139221952
358509594
165075108
547425408
205139038
340553565
176919694
629597907
79981988
0
315518906
331212858
116748490
573923796
194867412
615915111
241601444
292840280
568183435
205490759
158736153
416179800
538448650
584674137
202234704
331648478
271661910
220853494
557030337
185323022
0
292982281
221822581
603695808
438432312
158662025
326105815
78189961
350158346
290185242
579645664
268969870
315077508
107290775
574712051
225172876
652220810
242518010
491321226
379099075
273359577
383616458
619977321
408912878
195903815
132347211
557896897
511296857
656500839
400718111
442478805
482768699
88478555
333230893
622003007
245295865
177665407
424300255
430133141
650849817
377441066
276377212
317623937
143357413
43132539
353295696
133669520
220942695
392412618
28662622
174430731
200487364
446785945
566559364
13432245
111309935
188777115
271382158
143126714
337373752
208588310
205189462
221580316
117855698
580138129
61210427
45601955
370327189
6436634
121657682
295924835
469982470
423265557
431153635
267659898
322743048
440923391
315303257
471355504
417592853
464283986
447177849
202219253
43787688
33393148
555028529
453242570
193820824
407664468
649124991
357666454
629138119
452536681
102613934
420309253
442350483
604970295
282526404
566596882
160385315
483977621
291702452
658212459
514446918
497106714
175612154
475590574
371742319
221468245
418858215
411862520
447244948
57728519
91277069
295267901
17214453
205273857
451950893
61615212
222063842
363584864
504163899
310656587
245645016
149225510
157355248
207741580
5346374
406635114
524193191
83358658
400778513
431539987
416591153
337017502
98726244
317796331
541681624
175349365
134535609
447938742
97270573
503323879
536305342
418641461
410501169
321359462
227322558
460929069
420561880
0
367506287
514127768
551228688
34193226
659456537
108507762
95800557
336865016
495278583
582264261
107197833
232694917
618676174
67594765
357856965
620822556
548506111
199565055
415682876
579115149
223241024
465259213
184888081
180667053
536621230
516823165
464940540
22718131
372147799
146465794
424260502
647935594
28686207
386150117
230124105
102285875
218393136
439387522
506751093
473069181
487822309
230864813
312218106
13718978
125902845
428934161
443251141
589900248
99741991
389622752
432449347
75085382
180999122
660910639
292965809
479327068
482762502
27619275
291821251
478436200
214122656
412548351
44161299
348586595
582471150
280021847
190453980
483906754
427732978
510072802
121272611
579639673
586563701
664491705
380912880
364899314
540237218
63089112
315206495
127979524
14904537
344507776
307144630
527992912
176994902
543687602
638490742
446502386
390692689
410612934
0
430724078
553610182
460185271
114245540
106657647
107162212
90970781
631692370
211171307
318002030
184318261
623511523
316020778
122776875
522124717
0
527482013
452186000
295445249
515793797
665775436
567229593
17322037
470561834
110239648
327687990
483050785
334808697
260156037
317008542
567375875
0
574860340
0
437640003
278491986
97252733
37693585
609912704
525517281
524482750
434934933
596385659
193999807
660280288
172530297
0
580244688
124825016
0
174829569
232165257
87653180
60594366
350468411
224287316
530586439
5519141
29140933
169981464
563462316
432117164
0
20611645
656754062
353476754
358226862
421216471
242991951
105011497
501489672
461632734
0
111576123
654683540
43113068
107747812
32676791
99776954
230460634
224797881
94286628
537494710
315749616
276410794
160506209
411387832
0
262088692
415199387
258504863
605612079
74345885
76222088
570593847
142330574
363237969
596993402
203772829
587287143
250780083
538724063
154433971
536053272
108556685
430985476
245467523
55317922
227983736
173552638
0
53521219
506043482
587552666
624212624
196315321
527159271
380539340
60504003
182674897
354799571
591122410
255987326
109582371
482980157
186563511
384284031
147090793
550726982
646234046
487875101
0
532929173
616353269
8761000
194268917
602434164
618598765
393255403
584750199
67094572
27371348
610578249
96749109
402865048
364652142
366192367
384750686
41371487
0
0
413080388
199669681
240052581
582284085
113977956
155420677
665314093
10111527
122309864
143255282
478360798
495920775
179468690
609118681
666142764
478143997
235582510
0
179549721
0
241137396
334826329
143836354
67926588
616996266
13002835
91346538
214907034
589769533
584646138
14849810
0
47649365
627950974
413566808
620604662
273340647
240812143
94727283
133258180
656581913
638473960
299459656
321637023
181095938
458035467
531031350
190816178
233803499
150355731
0
204574137
619984895
100798629
620240611
544559398
593128675
405150469
450506390
532932162
138419326
518138593
139179794
543691932
393979504
558760109
216062385
164600515
498227848
129122757
0
612823632
658743682
0
0
433892578
257042603
630446002
114485833
227840377
658771657
425296525
488915758
181245550
351619974
536539102
266680979
345225633
611776405
395151255
5668590
407005356
207481327
583083874
329471741
469610751
265178051
604640294
418946977
262507617
260561936
571742045
101727712
382635053
231882452
432730020
665480120
206213936
603722316
182836529
503450874
255208812
105890058
536406388
416523539
346414710
530220409
14566700
633945820
429730213
456837554
399310198
606265276
483832579
164880909
269211814
309394860
361640717
497859254
420095476
36905422
84252589
298792085
456877006
89731023
211308720
479547835
527545457
159523849
195844780
175988272
220546053
356893288
572437322
376933240
521584200
593859050
193805909
404661654
414162507
523439159
222518845
290534601
597992979
0
224619674
253925608
233699055
571231464
171843318
17471835
111058418
177024716
597271675
217377595
643095012
380170724
619342216
474682623
137775867
547363814
147072676
226191154
0
96854746
199317898
648984732
459327465
91392158
240324670
619604235
572397598
221317002
57520266
0
0
139232835
361652362
447656572
343030554
617607637
478492562
625942425
293327470
330104341
552835163
135415081
418128181
160746349
450779769
467701694
250933049
183668317
100763545
257323278
147826171
353563389
426320990
513314082
542800611
523517612
59094284
0
266122762
436279489
626832251
27850860
0
227989793
60987365
245614498
238747055
562206317
267086378
451080839
415098825
223018339
66730150
559311109
250394735
344680925
651142747
336214322
389846540
72811496
521980726
387447469
270116966
386704632
186555570
160230379
15236275
394287360
421007565
134914378
445982758
48098914
253719061
400099906
554302143
636495537
209746326
511444087
158599771
599994812
316596213
316434655
277033200
592630388
408822515
389310648
112572046
324458701
247380242
552500403
108399220
272587130
576641183
654485377
619344196
272034717
438227377
117010664
391234107
183471092
397943738
259959623
507293216
25581948
346557754
389559265
201245230
576808748
56198035
307253266
634000760
579213622
533741536
410906669
133162710
373968481
213960714
159435670
318707461
655040832
610006366
48690142
348394666
281189586
440323758
402535219
578819190
299184491
82064914
135559583
560916624
395336237
466481106
223653228
409701865
57850093
298611696
653564699
422163723
654701277
325306398
381381506
360397109
292731389
243473705
648964116
86950217
611489958
277008274
420878768
648840627
397931496
66803240
245557397
567880686
176898206
404933874
337883007
223370903
85818056
523789527
0
637295225
191519104
311969492
297464680
316664187
276076717
162621147
231962656
454729046
569542751
481796520
123868953
324903880
195905190
179702738
336322760
408112816
63078528
619151229
196697921
517015829
376657413
124896482
195994575
180810925
428477794
504100143
254269768
571261913
67505768
454525008
487025598
292751368
420823262
519132080
535874736
573819354
287066332
185463859
433673921
660512503
46135944
211849862
117497436
665530128
73635711
266562761
331977676
663859025
249735165
395067947
553016817
220754097
420347400
554052105
654747624
620545044
448033782
647862841
0
151772995
11324078
168743324
488985170
402825686
17694770
219518464
210679780
288609981
133913741
101149584
560040362
16751570
606350725
121148826
570800632
1240672
320600144
66840654
81899255
606826078
333849299
653214525
26370820
167986527
637086241
543374892
537523702
468068384
646055712
591185395
73912052
268112286
467126234
110567691
256215895
217149412
481225667
121162853
350253560
0
483324856
163477383
665543155
41004148
494585966
108381224
442703655
356420230
1380116
181947894
267306352
471619223
298477352
355548851
641290936
235286708
83412134
415923625
495285129
177087526
563870900
224951042
230804969
554073681
370230792
93114162
188908588
637490726
166263173
504384930
600643605
430477690
227693604
429116064
436257192
41787638
568276812
376950321
571581491
528228561
322432438
269338661
153186031
614868992
553533605
263959910
470509450
328067890
105106221
442812397
621950787
491924768
481321521
351482698
513459788
110142615
252460827
38801073
346591631
218264964
419128191
329025131
354046785
559681181
496093870
100850398
366250099
564860497
609376398
556648569
487823015
511587898
485526337
305565722
20472596
48027744
289621208
309795219
416419442
145968945
570316444
626458714
512764160
300999487
92884892
392634529
650517142
59764220
554322059
559335626
393147553
74454636
30833439
393551229
479591421
119360901
421188917
153312476
24334239
0
656805743
410759940
288633625
567935328
468867218
522103904
534674414
154297675
101915553
558198031
524591196
191837822
24946559
496966682
261635826
246997666
573814035
413642888
406005829
595601823
286063109
271579010
300373551
131719513
597987530
0
611818165
590370997
596406664
9204666
147754684
232981550
132082631
223212609
263494951
33988861
68069766
570613312
338165005
123663714
195673105
98016390
202340586
0
648984473
101452928
229407160
367499816
520570219
21569079
540843396
627251937
626589084
0
67308457
180493764
10263157
103773660
394051583
178868396
0
540200512
184027417
477846107
647210405
646160243
354773826
134743151
0
487319735
165130104
522910715
399778218
364166054
425809153
149263290
265759217
453473389
244537147
37404614
433040741
144531301
372971401
474746312
465297916
250648963
311495287
366487987
225711552
0
345647456
516160630
86194798
358265818
290794566
96775883
470113754
298567508
313404272
0
555780415
467349955
390312664
130040783
97339778
14369897
366385575
565070232
236625599
359784252
481772845
43523797
637166080
526335396
421510184
370961318
448687577
514117272
408781982
122990118
254172555
0
470629590
553910348
199751127
233283215
441014380
239166037
465571439
629108220
124789818
384418866
545948124
161010735
248349702
35709834
283692270
152974867
251798776
249043656
547621196
339312470
144140777
371852861
436855603
444230272
233042280
105833438
572532277
582027156
588278888
471713693
476264718
183217818
87043979
652923695
247711139
225092832
576800908
376417753
559908606
313546713
661600322
469645517
294084170
343312636
118543953
390195401
0
76108861
499119151
414674703
456433016
9215600
589116931
577722063
282676663
198649175
185262189
247391090
371068252
654636441
499751442
355072088
210054445
656317485
539189013
453204000
623996161
650646069
580424456
262311666
175067357
626188316
180373681
406324384
559746098
207192608
610797194
227257059
73621781
142833308
258870475
219528302
570586610
398925953
91589358
78054121
456044239
651718903
177365229
157997820
133341975
398567880
535420930
47864391
20791263
436242238
126216454
326362144
182485349
445035608
632587631
512482494
27754581
510672184
656880527
254500919
310585389
619803426
468404928
610342887
597531827
260862014
637438803
463972859
457122454
379552006
237008560
362695965
468514555
333081066
575536898
543252927
229401664
113578344
333804093
110244233
274069011
582947084
641414619
251058165
558371333
0
172755444
219594811
504469217
459283438
472571943
22087266
19986111
376383363
249944634
476814518
0
231168013
455134437
54317919
270690274
119374581
529216548
284470814
343807465
507189970
344561336
264291967
603749879
313474631
556298056
341520290
311025496
412611409
374846816
318278735
134230112
116043233
105287520
354191024
371144758
152188925
487475365
582917524
258527834
189515912
92878029
207411449
186033232
489591834
209279515
78813872
185292792
491439065
607406940
13841652
412845553
430812440
541964465
428600678
625860119
244607493
494998926
642104360
468348625
631101662
572167854
283379106
0
526955829
171827699
374790880
566368616
347185813
49886326
267450120
321297749
504084382
452329303
383122792
182904227
444652154
201260137
172260354
602529999
450774952
469600676
31424593
268668951
218235464
220678537
237730851
602368478
161566246
538739504
240474625
228932738
486584877
300817192
577855938
343435318
503754136
553208227
518102996
584982984
472713488
302159218
657407725
433756119
328821014
74795099
628742133
605819520
488012525
517036264
94668931
519021996
197990713
587182264
381087540
537436082
465643609
591996757
218223522
67739251
554684346
567074906
142279272
126038060
178485175
378173634
233948284
223578129
142808001
514970690
664544380
396294686
250143432
131285905
351546310
312116816
70109689
589565785
407864606
614473581
392596505
212414863
479100674
111965916
294828184
276351317
0
376779269
296878223
509229454
426923631
223674002
617615234
506782019
345683972
420662681
604146089
113834805
373388138
348204605
138150763
429461545
566671707
168896023
593257794
396960422
323736091
309030449
479384552
624470148
417632016
23802145
462991691
237738179
611795248
402427627
122386129
116586802
555973748
411877545
80953872
139996674
474762217
21446101
42629619
0
493304016
330154781
322084424
651856627
556718586
615080457
36539892
483296535
165173508
423301337
427013400
529423029
201478327
199754770
93728918
212885286
469301002
385045594
288684414
292604773
98386347
69879512
8972355
4737198
445056398
399435129
181512680
16762290
406315980
379524776
351669142
70526465
38296188
405137801
532757296
160477876
422690310
639570857
336282776
661796148
60492230
482290985
264930457
158978318
522660317
67536351
629343058
280500324
384204104
264553347
439337235
593125370
229185914
340585272
555594121
346353836
230635639
157653750
404199919
130976729
373002751
124642645
289375052
58082239
93725475
395383057
507645742
259859675
646080782
638228094
204643680
115848830
582167620
375153885
211598387
570151926
512102327
183168805
163108583
372531167
505700647
201249996
384469786
514764923
158423094
524811780
267632962
600895497
642466221
512879021
329622181
128074958
449563932
288303229
298106502
153178708
464553915
413590034
465670266
618300693
579876269
439409103
631061404
0
476944958
485402863
177306245
446047951
213116332
640212303
527291321
48045422
163173937
357047771
196163458
473282434
524546715
279077170
137114032
491672958
611951165
474824597
30220877
294509778
620516507
48381779
270105398
412445741
556427098
438119351
337994729
497062132
644829050
441973084
647794320
301338543
121262190
615816426
132013588
185531841
435339569
307929019
632033997
479265735
662629478
557302007
630195443
230062192
19962378
40831993
82185276
309354485
0
622893578
122740859
521104633
293942648
320832161
151209630
488148846
477228769
443012685
100343814
298835842
447264242
202706246
426218582
4144553
315193795
550023205
439718878
0
504850878
198613478
344790114
542323715
9497966
147455591
632213385
305628801
555608553
27808815
636821011
207221914
546639536
209434635
164036751
0
582026099
0
61597527
67564525
192974409
643187479
421833083
654724491
353433230
169260146
263295613
623750620
554455750
415613794
191763737
480669035
354465725
0
646329346
225887495
475227686
594352139
199567149
67088817
196500174
387652330
0
158746315
198756876
576636742
483373714
19431036
172561942
349620913
534445777
143910946
596197003
661285224
366348052
0
461942622
131556543
501397248
618968495
172984277
298033312
39974106
17545537
94428504
100597224
56734300
134886279
345613660
383883920
105600447
427571461
202835948
403435691
474184051
220483898
266840167
212167656
408682257
422628094
408965635
0
89201581
219430503
332942347
206812703
306099543
412006827
635683780
225997872
308397234
140069490
7194504
382134454
77334157
79267780
372759768
333269834
534796582
108137003
271637617
175432747
165531785
521176905
66727976
574661287
297267240
476382428
489316813
184324381
634600739
372529891
503522201
247077419
512285675
241181504
105593099
499089564
407895843
518863929
651691714
24977798
88307916
310842758
484225655
148473480
197260237
185049440
351006100
577782421
111061380
4904602
435575191
236936518
353425040
190312135
141291333
619672464
0
498970172
542994623
194285659
497516877
60397197
183563829
297335781
438502837
399860467
646772754
560303540
568992762
650182431
74404499
476120127
132015791
60855778
389917677
532780643
425584966
219049214
576566359
298037544
488331227
429997434
498811181
602808794
104842308
30485135
471636882
25543428
657512982
597724020
384548885
9146683
70275109
181391674
301066001
50306140
485782305
287423643
613582462
579040733
185536925
89346104
171225962
552001517
583691406
375111096
287436813
456344136
447832804
483916014
657220259
58645424
611645353
551296671
37316965
224307794
98110568
574661317
166874370
208019604
561300778
462500588
580399519
129995118
117004121
127013128
330159459
297157923
299844166
286947695
489070324
188199802
181185156
606557490
89993757
313943799
504396124
582386195
646682218
74838096
129337976
407890273
597573245
339934009
235900430
458488850
442877387
379731037
579524705
0
103828837
79651440
212555837
156854407
639284019
351352876
167497037
10418552
323844848
428002437
384478799
197557165
295600637
294353657
296945684
507657506
112092533
473516438
563757252
149052658
385907763
343590348
266174128
90916781
362649952
109652987
558558156
119613958
0
325952875
605227957
35173618
217330332
129996543
570421672
75782088
56440183
465026048
358634185
70240691
128515226
433225561
317579617
296116604
68656010
487699619
186451551
255316518
589238110
215288478
557790296
72025666
508107912
184730892
86601529
501539128
186148026
335094210
104267432
381493065
522206877
104528808
275001161
513750139
468433373
180932465
451693389
543143798
71146426
100899544
293981241
159283317
281442287
32939805
149179754
550056086
461435501
615383725
632699937
487186903
209680969
338758913
85701743
411203972
297144701
325930989
630271418
304207186
543817351
199272660
430704648
34638373
538517053
386026061
194775142
267441128
459251397
10459196
250062766
254857887
416203405
227765124
38680393
254494742
184082765
472915945
223665310
490369505
376833749
143205260
357123129
531100458
569569628
631188523
2381436
269004147
187170302
626871618
102733537
254255927
98171506
0
616955562
0
135292426
171795713
351357689
56193161
591699724
519285494
552736319
605741725
572090937
504296460
476173727
42057935
55430839
640360961
161840253
313981143
242053997
295549758
444447318
574650680
170501623
83912550
65153609
209829991
12477862
290700601
494010914
606641486
192384416
170706255
479038900
485172279
258468402
231451860
181108603
317789296
243286849
0
33874710
21602264
506470981
202016303
594661763
43592869
596149153
296766951
536614952
530073939
230057129
329034942
478467417
229474848
109403403
79426400
152815778
248025158
315220963
459083369
46858454
498447872
624349031
220435297
512313007
4645055
263573104
463483783
544637762
648351353
461104962
324297162
515438623
366923892
636717460
38479253
569799262
334789908
342716451
362090190
140707791
424367941
64939909
545835633
198618215
598775857
495408179
384829803
634021795
557850792
417131962
50528478
38668894
604061076
9024830
146567661
583323861
0
413808258
551737207
271222842
586227719
153678966
0
138602123
430616553
0
270199125
175608045
337806032
426705368
0
460145665
662579651
329548082
345027956
400708084
524789969
580023729
549798788
282654973
358742954
547348201
630349508
425683743
215924393
309299765
607619862
194218810
232273310
461651227
272710680
258992423
0
619447546
100179507
388020524
342521888
580742773
146741601
239887991
579839114
115170423
543982318
206429143
309779085
190716484
643026473
63352893
457671991
250129308
441775309
87991215
409217225
72278837
416400549
334348278
364491439
331494130
522088407
126650289
535222162
460231802
604867190
6092085
34511949
524974925
445790373
263605883
257817558
41893375
326164556
406646471
457396192
290502062
648899528
543748297
479078786
306953856
366484766
590202469
363536372
0
531805199
14579500
77374662
287762479
601531436
605516884
592549925
660899928
345661204
143667004
224472187
83611931
518076319
654875761
547336846
637442490
581246301
74244500
395934596
569061249
266327869
275217619
127816358
234872391
385795251
326938012
461226256
550477000
127372165
421097739
544951761
52475084
201678573
567287875
634137902
75394956
235706436
203056663
449869177
155757444
243906098
98553870
376809276
205355269
493201252
166989848
533286497
323383191
375527181
94789829
421326200
511823780
559563761
637827596
171483617
192462166
469411555
55085478
623898144
181475955
346475416
184755186
82669393
82499002
339889209
174008076
93762564
225080600
37395956
205660162
166830651
351211179
79069754
285413575
238304210
149313418
144446876
207517927
359522781
284995015
381900577
551967289
595130268
396759629
596568148
17090684
637470757
70542323
374097629
501307254
446834141
524209169
317064107
564720695
488644622
114482154
233042294
275291713
531070124
614369136
549488148
532083551
453008064
276489225
112324837
92544902
121844906
636901062
562980863
448026479
7103885
178106722
1792647
249604173
148941417
529054832
148038288
417599150
396658505
44010945
30676274
481161279
606454516
520839727
640919619
582457523
416581347
453936789
410269679
509360795
324088337
160737010
139135771
371207145
429692430
408134434
512274122
569451086
21179668
169401901
570331557
325967066
364459380
626331320
0
111157358
368173329
107965864
510916091
645911723
150738820
649315922
26287624
0
251531615
447603814
20702840
499760924
413148152
317884117
440016788
404320651
52914501
8608101
0
85967925
541952960
176904023
37102418
427802436
570140149
580708598
357538516
288281954
135060191
304117510
517929355
304021837
567240127
519598635
489666035
501040264
617446822
290662478
128552380
643919219
243155416
44510635
51784858
0
304765908
394093171
661041528
479960863
661352417
278670871
280710085
0
370833571
55372376
425043318
435659382
108745187
648139862
654789334
603301624
522313780
351253176
0
321696220
532438197
534473198
18846163
20771415
454634406
204404801
479826417
73470654
591783645
404775687
649502478
69613115
150164917
659167827
21605597
644780517
259018112
584630418
213241496
538468927
382716737
93083978
295903545
648332091
512887401
323459709
242924142
582502219
390615731
113885973
536612250
248552778
519913749
407005307
384768369
651541989
124123622
0
521768255
577066652
549648736
118574570
164966169
424332559
120428814
0
341608680
112810365
572405335
457194407
658286301
54862933
607872884
425074951
9071085
364752467
95079515
0
331882846
597858230
324957290
336709823
24040978
481500003
559052127
173902169
525782979
555048632
55904145
274916302
576122297
587408452
230012550
474407665
358359872
277870753
223806312
300825454
366194557
400652054
464804420
493171327
186304223
263106646
411855592
253216325
316759212
234012704
126775467
275640546
538309935
218525991
370134184
377845078
254090350
152701865
252280976
16614186
283490352
434416689
396933640
228339515
248326861
574442033
42108296
611422305
225672940
231673639
150212707
548789571
246013439
231825855
543706003
51931643
329958549
337890479
174878564
72072949
360433156
314793980
315440450
221987065
310532641
398556604
0
198485720
102131916
417380434
132939136
161289599
591021361
459606564
132764838
41511352
108865448
207433256
142921808
270120292
533248661
12944466
519750679
559115691
493475968
594052919
558023900
207862830
556114552
567613998
655823685
487305639
494111267
495071271
572539829
272688733
561621294
135389368
201147367
78084934
369666549
560968959
97458174
392260289
398088806
336282628
399315100
600618841
486333164
333692928
447050835
151595197
201660342
621446600
620681316
316162962
391325327
528059152
242513017
531169228
42642789
642699423
263630310
125832096
637291747
263790690
70255314
497302177
614789492
343932791
584380960
462110103
437915750
662491291
522622309
543887139
359774908
486684569
128105545
291134450
0
78067806
650149018
392223800
636896148
157046654
226255721
348522794
533095145
625022183
418455205
429582336
316084659
127247899
115658299
347324665
299174872
577426563
346348988
507983148
639904803
453592169
200968525
130721466
146456758
559954924
606948071
94352358
302381668
83173434
583000762
267991654
647068362
621247621
202983565
0
61086299
357333823
0
545901862
481702568
0
542055669
424754300
214267413
245823889
102202978
597115028
404273900
44826489
239357796
588490629
486529308
119405105
336861225
417345030
390272725
536701025
378972867
148080522
171293060
33143529
627721226
46888457
579915918
275412106
366090575
187126534
493794525
474037995
52412486
4784
0
336360809
56058192
577976661
92407093
644901354
214019338
32162721
305617326
401350927
513407168
659180255
475979020
259535736
0
421188112
639720240
552484402
150859566
505086214
150920368
213590032
533633141
0
42004234
515305956
69884939
562601195
147072486
30934834
82169734
284251252
66005829
605713592
474272402
539464217
536719245
210555620
652937715
100502142
508860326
301040500
381390533
430883086
125955088
264458618
474712174
83167945
461500980
209234282
15202784
133449855
34912304
161856302
93454807
105732652
28718138
473982064
103462709
508545528
346718627
0
355381630
178736504
107604112
538938218
130509807
172357221
557598657
118463007
539959896
377495315
214961555
357659838
77583371
281432261
544445942
534315156
233404976
317059934
382090656
159425236
482674813
258045911
195893539
521033354
344259074
0
279372441
613686109
587412348
396583321
638344791
265945029
518898971
543564726
453850306
623521595
564885962
475162779
505665826
363789006
452427291
454639866
40014362
88971928
364447896
107383190
174829341
172394101
222000430
538879951
286420686
592406007
380843000
18310772
38703083
300429203
410934242
134785676
450072002
9735763
635330709
656543498
488523112
639324559
456406350
581866945
108318268
327043892
505376829
161861954
526584626
160707462
164964205
623978425
313367377
574639694
67516693
316056805
594869164
389336356
0
624439477
276996835
365637597
604674297
176939302
120772765
295291516
298482866
63689067
367013940
189869348
597354932
512027870
439695295
631898857
128889276
193207680
652303889
499033318
510938076
74257683
407735422
320416779
338991768
7352842
155167517
481444959
225243243
188241932
369559820
345371889
363105002
298254665
417171662
590578026
372370785
647234090
349371669
649323108
181483066
465168429
315092740
417346300
252958238
163031872
6095769
657876119
488231064
189547704
223890451
514434238
648304538
439602683
608667959
577584941
289624149
486299058
614168706
179941033
292210010
222445002
0
347552407
654504271
305736608
539856240
233317717
561297528
221951904
156024475
338240597
163867859
520243598
482711303
564501509
179582683
156820502
260264427
0
418896374
449202521
569205326
608551653
274393366
618398298
568409066
397228595
497724692
139517409
550706377
544045358
596777429
382811683
363519876
557369064
510365070
512284042
608842417
195803367
40862691
482682193
290585491
263308519
59718776
0
526969288
345821523
638326849
357707515
391386260
405253194
318406682
462590282
557674967
503099779
81520811
413053932
570988216
199112620
599193083
649989756
316259022
615238180
497706902
148836635
535233740
538412
100055904
329220285
214081444
105712909
425600029
660202265
585005104
307421383
112598794
299494168
228117247
201817674
11186052
491845799
105503241
175929030
211210499
486579636
452123095
383943493
398896414
333108652
298250764
252926869
325636858
156957305
533370046
503583162
126336016
492315083
626167115
113091649
101994249
433057812
122046396
319661364
238639762
364526072
372980887
217815502
660015557
580191871
575442405
289365541
347595381
411785263
188484728
185294139
490889596
505173717
50626454
278212342
224485249
589429727
224297632
546685712
225600383
249595414
184449856
151055815
465237899
522967794
442037118
508945884
17757297
109366151
312135287
245010492
508982159
319283316
471894398
185082329
198833388
133705963
81976299
577479221
0
224422482
586266570
578263647
345501041
25129474
405185780
587827614
397477974
178751609
626856164
34869731
142567955
598331375
246275277
379376832
632282394
258467762
113233714
445925248
312081289
543806023
294641033
548554760
634631866
26884077
441266127
580442551
522922411
67673361
370834131
77634202
40962653
223931768
483941559
569041157
73580261
487451483
548843086
0
601988918
64217865
511717101
102525854
141450475
386919414
272211491
280964254
83706064
383164956
67928374
108112886
320829432
658519010
258677549
0
65395404
121147928
35156519
231465003
615919734
119031110
434120093
42493587
648231580
463301026
419898411
449084818
0
0
357002869
269852075
572959388
345230482
499601420
550931722
320969434
634421778
0
616912236
268361006
165558576
204632679
25865603
225611953
426999900
575913564
517642052
116239743
666451136
238464752
654227565
422387429
60823501
231189597
593865552
637793693
550071814
610229197
106206860
120215964
398299549
479993731
625940193
483026587
462436012
292686962
512067353
634359561
407415390
57465140
605506635
522703451
173180097
392731738
470351362
304320199
634101348
397995796
399853862
601526363
287453876
382381201
0
392272014
157150247
168076893
275798174
515744849
19155038
361122148
232912310
563662182
592960348
343187
61941864
428022319
337841552
230203572
280584119
550712345
601653402
509472668
83357113
661637638
292130166
263188449
194410744
242846915
463486472
410184261
429151005
517864803
548234614
499467958
147929635
43190471
99023061
505333929
158458733
136502556
29158802
159529210
521708833
525910551
184072374
210126350
424496520
314599127
11341139
196873320
417156554
218448065
615619159
327785322
551084453
357911295
0
379431530
69959144
441149424
139528891
25443984
180599513
459467179
390696828
645470390
140217953
279178195
344472720
486171824
291309664
452090805
16497603
422893979
266128912
618159021
617605587
647823953
431655549
608796262
525898515
48058414
132722461
473490332
0
297247235
418192794
183993659
189525328
586254325
160973611
0
466623129
454210913
0
72114376
377378707
269958707
307954336
418603751
626067143
69603219
643195730
344002186
186701172
406618618
86295898
161404496
524567773
227155705
0
662952964
231028957
248408298
311909112
231184726
342179949
436053711
224591934
571532500
0
0
400743246
0
629031745
364030501
626312554
618576900
209144141
252358687
550574770
438339604
288224752
555092122
508268584
59467794
404077502
34541607
650092033
539899685
519512928
510236300
199328707
47254837
526427703
4996188
619211121
506218627
568015661
638329002
86273080
472758583
304337660
372735847
48116241
234196119
283805763
199145693
118949090
226208506
109176899
568640549
594876658
299612503
327075569
410671065
517421364
569245786
0
639049532
52375712
25384036
601039271
401136341
603528329
140072056
26509020
269105933
411546400
459873546
238101246
242291354
256703457
659073647
96502354
596897374
83054081
0
277821215
0
241988988
112585813
25693234
94283534
468341990
202497829
290399929
452466398
642278357
502307652
590077607
434206894
625809668
76715705
105920325
90738497
283886908
89900786
337109260
507505107
233812144
551892037
29832376
99728682
309540656
446815485
86458013
392357726
43131915
592855139
556554922
163812996
456375732
148579602
316695674
525344265
339263950
605784706
239155628
588436206
143985269
598141452
283536697
219438883
319230049
50321968
183165293
356883119
573341962
537104048
258886299
97806013
582636308
601430324
594744109
68585221
160226522
181301515
536725048
650828761
571884912
74033870
522828198
155786370
523384654
378438292
302380895
303048814
228006659
245814033
299324287
359333916
423799321
632355325
561426751
187412630
588395274
4724392
194254431
556863444
179219823
545217491
182282092
653695350
180420979
102955418
556412505
616658233
65831992
74499775
416571818
94912979
202407309
284436247
88207305
56410579
268345791
250419816
657673582
41256367
235147618
114799738
356106973
543149281
254076276
492298863
105217279
28154699
307435607
516020756
0
368096006
382724601
533562834
660473072
507343406
665448868
328140422
587534137
413922060
185164404
239728521
527135523
465893445
61088391
61786850
617844699
540526353
152121939
36919594
209008414
136656713
529951506
269221083
300887288
582717077
526817407
152333320
113249465
38671474
492045827
499623850
547326565
36298445
47464537
425612731
647163782
36719353
514452184
156849902
225364999
87926396
282377510
70739774
265703386
434649974
487900433
80846428
641588483
495272630
373858153
243429486
321549015
351326966
37371512
109727682
0
581789812
255938413
10271364
153441099
481365475
614509219
127139354
199814402
524012267
157639456
407583278
257292816
80486794
173314696
352741831
168864634
260551258
536783255
650256418
613994855
333773409
64102028
369489544
271246486
0
262880133
422013258
299473537
229393585
385019850
358775058
407410019
0
64679401
272963969
574845755
230625435
581574691
532093359
363620196
235138902
186742538
162379751
265883829
443007912
507619357
180448191
179371877
0
501010676
34358350
5453797
223249976
510523243
658921254
413191185
32558101
417596303
146907938
262344317
451418181
360775414
359511465
453040777
576336167
316934383
359619590
243576013
9926681
185235889
161412310
192886270
354423757
584669973
113988642
359202715
405754132
442623278
469994002
497298830
223080291
219769753
461375695
233604175
308205806
130407580
0
127956804
348458310
122376491
486975215
144646719
133659714
549421123
464088730
640413219
641592455
603612075
659694930
311195874
324994818
499733493
110225077
659149619
87002482
443273453
601374444
659975464
350114411
139852099
323394716
574007813
369473173
160299901
399097879
520733881
0
383570306
542861527
606143586
39091762
55917162
228987586
350985179
31509524
167207317
407151457
9234141
143385252
590026571
88273504
150826157
413775050
665724132
322302467
131470069
168116388
488742392
169905293
229602305
574115548
594059187
62950773
56197386
245132021
463814540
538621620
555724449
279409896
547878586
260258580
165556191
210139684
363349154
9458933
43293123
60185407
195762296
444413504
359471407
610513840
88084138
358396735
238361706
254577510
336770146
80243119
0
252137083
211025064
410905870
181171778
374702963
611549087
22570397
346683383
607931774
313189705
0
276334483
412508754
131254591
635282859
395911142
361393042
386554757
256634488
408558793
91747398
225225839
313828461
162251393
338901187
201276200
586272334
490208129
249054968
486725194
172638106
514399241
415636899
612690617
296291060
215056527
193341597
371406181
446539669
635059012
477017959
381766013
360711056
456982794
257585899
48135597
660864430
376562394
436477035
296391485
110097070
423458007
426383775
368520090
42542528
233708792
491129752
322586160
50463840
447686257
181835015
144694825
341554282
86247471
13393548
414909865
229103218
576851606
661738392
428561997
200665657
224770577
549061249
286092163
229218815
373716239
429631816
385508606
305704459
351948208
294534283
0
85166213
507247317
186938013
91976749
109866676
125840430
200684525
0
361718189
336348980
363784227
648410847
204706615
421727034
336580914
629452549
281377411
359214257
8755938
88442747
233497987
521303383
112037301
344551734
464140624
413736631
28581568
585463782
357593246
106854213
538935625
81882147
251178826
254301540
445420374
144586156
279649349
12253571
131806118
512397553
620183450
494680402
184569630
357020142
311950780
564048639
80269361
546580884
378189765
21735775
164892753
106206704
0
206577491
343548790
476241955
147807682
428676305
397720843
296629402
630060499
530664448
561671179
492471609
66736601
172504201
361120715
287055231
627324483
296200966
357741605
493895486
609615928
131001094
132229707
646088565
473396579
172186970
202210055
321025575
592148173
42069625
81030167
573989000
346993473
98633371
643686905
554918159
651874133
405436001
438311127
578229708
654972728
462675581
120655097
209659437
325726177
575356603
480149660
438605493
652531079
112550031
441896775
0
255601653
72065141
25211290
50890379
225416954
293409794
622258116
155710582
251488267
138588479
297326963
146715730
593281276
263058474
494576229
137442479
153295894
636939465
7847838
641100256
403692759
618168016
448784348
586618505
239167367
273823822
234715235
0
32525884
112572332
415595843
387588200
223540805
141946983
0
24137561
301272483
497752892
584833173
202080753
326252819
188317297
287958968
458759479
398884053
381189621
573202712
13696842
377687335
666414541
583084225
289094606
379762750
302840672
557768245
528770323
651083728
58853631
117610061
576011740
516875130
537500975
65453634
624749088
336904517
452627234
265322283
149811432
284618681
122731933
165585530
19403484
5701237
477013594
141616065
408534634
284677883
207923123
508040596
395476870
127209802
662524694
149294199
371322735
456084584
206059622
153004559
303961285
654014358
571597975
338826541
232738400
298261390
645965599
452383251
571262098
0
337187501
255375369
62214712
245996436
353254255
194945030
496290208
562434370
415729150
407195986
651973486
463185580
0
350282228
556894159
102111954
312949523
522923953
273626616
516320052
412450169
0
196473818
632801593
438509935
357214022
308569618
262971907
461914992
663763641
22422605
430844776
356384028
101532591
571335767
259709961
291787583
270015497
236271954
0
215695948
369525761
295185496
514552624
142955941
602154225
506483126
437859285
0
659927307
491706956
363241497
438770472
231840990
327036585
102148164
144496157
284525507
480851635
458396990
203308694
499474942
205518969
550973189
653015532
113510378
631256440
15602199
266924804
53415798
559357854
154168926
404985006
78100139
472519743
0
461261078
71972515
262373572
243902200
302486603
640138829
17375024
475228069
252036275
387788191
221001083
111541497
564852227
253586299
46287815
346207059
555737837
250279150
164354812
17889565
621706041
598062011
395998021
55635246
513580042
262926410
77405007
354094472
234059028
267874061
596700293
185964217
160123141
604070177
0
390472350
425688115
0
347205703
0
318701993
301932505
342005057
479679273
545859976
281150854
384165601
389839979
518897316
487878965
300344817
282530069
232705333
170954283
447718830
336180745
0
542763799
334858992
397109271
116762198
538104768
214265763
524523209
587747405
352523585
419044200
32990530
486246004
215511630
619057840
133564415
535906031
311273766
333714106
524520717
244947207
563669519
494362265
595970656
309416863
252228644
103165422
100811396
216583079
222811687
239751244
363364243
282950888
571312344
642926867
491465605
487054031
335696610
302530747
471514063
134136954
265152699
515209082
203177844
196557425
206936109
296247316
264947348
395698213
651527046
100894135
610701120
41283429
325608048
558278474
471528743
48268346
286779212
541739112
240845736
461863450
371935259
367962476
129579197
573770911
567627530
268044571
88240665
574456228
585903061
264488228
436308573
284173167
614314205
538398459
0
265737638
531943721
261513621
63986474
402397990
0
654134920
211651106
97794799
528378014
657264687
446712721
631809012
0
40445826
89561539
288862284
439282966
193895168
441364227
377555955
385497404
0
639805295
482073100
477170169
106867965
48764338
651492004
585636532
484750126
493858306
0
622135515
0
574757653
18106328
608211732
658710497
589939175
27833872
596251314
254901722
0
76394213
418762960
508393690
194178083
206908381
243308025
484270193
317188695
233204796
229572646
0
541316697
77267333
608787458
638341471
275253544
135416419
663274295
231568272
116447861
415466698
380096426
353321171
251873293
465232099
0
408343815
0
147615052
332097223
361978706
166810173
324591599
144610739
122927989
140506185
406052215
72225567
641582544
185427364
312422965
646693364
288481650
328704854
58065079
412867147
293392241
333218106
542179638
583570829
452956385
113003200
289025464
240853492
481920411
546594144
571659322
587107845
354576052
242462439
55936475
86635230
345280993
629932959
267571418
412113885
0
379320045
662893738
74493745
573676194
566043004
467849375
317639073
213000032
631015015
534605751
206554289
129851841
605536439
242637979
302068044
621896317
2751179
207122094
140990264
0
631227451
607787183
416834873
420987518
549284962
103184526
140660012
339310809
129860204
386131513
629440649
628470462
18150265
396261659
320428734
33186555
74911527
22409953
353692557
7775393
467994993
295490779
408003386
367227088
68234148
37810846
547960191
346707551
198497277
146910327
507445400
251656515
480416091
559926201
602099368
619977191
505394583
378866566
545763407
615115039
344354828
221224019
259506673
312817660
191328831
370922972
305745077
207952728
502852936
641834721
189551269
389379809
226677238
583907744
489693692
297703652
21833833
533857716
294837623
82984075
539069948
581757515
665722230
167310916
601603728
340267623
78076391
343154038
68838726
328827522
64179203
642398849
599352179
597079195
584762585
164074633
613516650
540703355
540885233
142625299
641460392
537296377
36526482
268958985
101711641
278218029
600822878
594155432
75931106
386066125
167730928
93209928
259275826
5220131
0
592691735
530225126
138141773
337068388
171448160
102743121
447339020
20118223
200640578
316803788
202542665
132059541
401737906
172410780
143529697
248956294
255271772
124636772
648250530
410694669
132244199
287164413
359891468
458175849
382620997
158719036
300147042
0
334074785
80257270
141199700
638611630
653540462
623512237
77421368
360518579
647739314
196502129
265605117
163580164
121240150
503457848
655084905
140731567
439567087
648583170
16099054
463885618
473940206
197895156
135641575
169692978
205087331
557118865
105619389
265571532
561781301
526269064
194264298
589712006
428645177
30873240
488943167
240629967
332923729
21308843
626758596
387122851
529026107
101607304
171742483
382217191
568501025
477811308
560075858
341887054
648646763
391156148
254904571
366967769
372101249
393797160
61851302
25474335
416813000
591741169
424368501
468430055
522022387
449887118
658392822
15882008
485993712
521801932
270867057
634696308
260769055
77594281
553970378
238080509
169773119
412780150
30825139
522155114
649855990
444154902
383931981
31903419
120206845
398754547
347261810
252197156
18743515
606068423
562673875
563020316
477077635
288153033
104478897
417625563
433879396
516355836
241089509
529847656
310778854
267760137
326917243
406391892
242022049
0
243290356
102900690
42358635
628512391
598730961
0
19884766
76624618
0
58369016
83354648
118272031
538457515
41722931
590932802
426326992
271194120
649502525
69164157
118748067
179008110
441891346
402578641
361019320
402014514
499134489
51580528
432684197
657190749
178789075
409371712
605306031
631287820
320608202
260186481
26145022
291937970
0
377041074
284937195
334632553
602572646
116656610
424219507
415115714
69754622
232715199
367734491
659614849
234516310
124163890
290494955
571574374
40375482
470150690
444370355
384724427
532159842
161183509
265933386
220020977
553081099
655029486
0
168649846
353473794
329544880
26565656
266793504
632149950
644795391
452379723
0
260843472
120748283
491893133
419107404
637596215
215657359
35139975
121044665
331922587
51592742
202833212
666539633
242860467
460232535
663351899
32191962
513228659
467002006
475538521
368970329
132500805
45176748
122577481
106667251
589352541
381661300
237536447
216870373
431723825
360282807
541816615
381020299
313057321
308777270
0
554093921
350830928
602730372
392956086
504069190
627860004
298398809
534462036
88604335
53688519
71652334
155842423
129481020
237029180
560200757
345147932
339314134
490406168
33852669
354310590
501394112
657430148
47289283
425228360
66310002
71457538
86554485
244942859
165708057
623988913
29159719
361513371
0
418240831
75661229
78621270
0
549846424
111265897
291389169
523164482
21321998
548057242
273464245
236672671
0
499565751
432475874
567529238
328479088
459236665
94365742
662694461
637823349
155465859
363757007
444894967
72911889
374430161
197417926
60280073
527323044
455214143
312238479
65348935
285459868
141064294
610415524
118821874
637088264
489841594
371163404
582283058
378980010
220305000
383943997
212992661
551942873
91905537
636688024
584649617
0
226886984
152784836
228568858
126493130
329031896
310037837
7414153
196725898
47533459
234801527
47607395
136692350
0
538865712
622162661
644399283
608715408
625559532
218562139
195141553
405878214
75856980
536383295
0
501785805
304436646
326766683
526487358
67930609
361448938
398519259
436668408
493660324
139880235
379116698
404968106
495864601
333796518
567215907
389698047
570017869
0
103905050
431017638
356613246
483094799
228507504
581847670
168168623
499382334
95252960
356660892
146723579
79352015
494034483
278633279
111753931
172262860
74927933
355069119
393729907
291481421
596546990
345879118
33686662
561002739
567820975
390635475
41094724
578078280
175834097
536829280
336393248
234720707
600988881
570806413
237145367
162520975
374736059
627798912
265068620
42635489
420455490
605922069
653213371
430805548
340425157
0
89663007
604264889
101112742
579894057
613186060
17362977
580150577
136094267
209105133
157649064
623568605
617473723
177830647
0
499407630
224807882
272503327
95838190
411854556
386657503
124106098
576896518
400034578
660543457
437904639
412623049
235058920
642230774
490271160
393183061
0
116556893
493260043
6267004
491388982
208296067
261822526
646852436
265130774
269755790
413819954
564368249
637830518
457892739
596167695
592224262
256386651
370627309
292912921
453548603
646197499
341241551
253207716
281823619
587678057
538523602
549884513
578212540
570013773
587547401
596904522
477785801
509060755
428895194
626372858
528589894
403251134
450192234
368699208
548146859
114073664
183102425
321909440
147674078
611853140
382463825
253297324
395001086
103834424
399618180
228377243
277846017
379986052
221907697
406437269
210684168
115277473
484462123
0
461960007
390259397
371943567
457309843
56211345
556477413
393910028
117666863
397095925
368218058
400509484
350493061
654562489
139586425
395297879
626288559
208576093
20302645
412385107
220115344
184488168
0
32512858
316300293
306615284
308080235
656540194
315954353
254423521
198136059
88227582
643477740
221481168
101874328
618531407
141134179
381665338
355256948
493258171
403264274
510792747
160750646
153404808
241807776
144485441
167546713
338106626
656738540
521307347
313124417
435643205
14409328
515326000
640846331
311563317
474762217
519854041
423611391
272881435
481757241
132892172
190140325
468009066
247546212
245823710
430471608
147038036
524737498
316114068
262490091
238365336
182551174
343263441
484725742
530579493
205465690
485478743
335237042
0
259220405
486260201
68894959
204027098
79642726
504101164
61272692
420000313
329052428
79378586
282135872
658210530
395987358
82267143
277208250
350909493
281264289
369463007
660786435
601170518
175166476
614148535
628535640
205148583
620551711
470894142
357974633
126381551
441996195
617520844
41642284
646551663
567548097
619699623
494093242
339445667
327458293
334564696
320933030
49268352
480278321
297590701
610951597
635961239
238482748
193574375
531478297
64127135
175204919
581125458
505821240
17835340
390075770
26798381
220702732
0
624486966
397866441
583551838
104791553
425027443
0
202182285
7906373
418481804
99646831
1557761
270395025
0
463287111
97805755
332774762
372663049
641992062
307406082
524655846
440833154
466561537
196013351
79651440
109214480
31919247
4473920
29873727
437006142
66888605
232217245
170824899
321080539
641240802
253810034
345140213
208462326
544293149
320594483
406508400
314742252
643911858
0
563620133
317926422
558942742
0
127558599
276170288
378646056
503979151
207489037
495840855
171312684
611302693
40603722
117502307
118795873
462866108
489660262
205137487
477214990
400608888
206544502
190706225
133855298
662835099
321274160
91328888
257767786
287555334
277811967
291808949
434537475
319057567
48658615
457310341
31824544
530241446
84218882
618620926
307900452
283552519
190919540
351150184
624802179
316955972
100127112
303388750
327941353
286067839
638207990
137794746
327804343
651295787
242471752
647437475
421793143
575941928
511700391
237330141
83569973
413014708
147710911
143905520
561364499
126115248
321397170
383920708
200212179
264785042
55678279
66107606
366093383
228600288
174188509
108159471
14044734
176428478
367206781
587351112
577221483
354513168
442356102
177689883
69969467
416333638
564722696
486047778
388772317
524034822
231840296
27382997
248478753
615201948
339439722
120532383
536355867
592430332
525561963
495532200
191952032
303546670
387641114
365475159
333971109
596763118
277739906
498707042
77889370
463446142
432193077
577675827
0
272409668
65673957
155627047
660519796
93832848
588726930
334201056
404098985
403471695
634522172
397832710
430165544
600449
230162578
386324790
307101653
645321678
323443764
584817023
93843126
41594803
0
354550263
494008656
0
164561002
278747443
404438838
474963524
523577680
422068381
362771628
246418883
342324489
89058791
90303218
218719021
312636250
216677518
587740736
625567133
494202889
614286608
605455733
316484919
184491693
434834715
379626023
496059151
578134983
659271413
147661768
252981512
114007466
635291636
390843161
74463606
496632648
521273625
394123634
41646988
660932696
161698405
0
429237483
310783323
289380399
549111788
136075290
444277782
119756692
36558547
394863418
63361820
0
658910718
589206427
233113305
257942337
205267210
230440535
311514475
568337403
52972244
530211619
0
335941869
246147822
88044131
328758788
38040725
414755484
594414427
357918651
432704532
337894175
335799542
111424394
557345511
401346389
425129063
356315198
110920535
48187247
148866512
504799072
64113095
465058586
358407862
22374757
227874333
417370057
471907407
221245586
634044199
77010665
104816914
207630654
188619520
638925282
226596161
273700771
627293705
37459466
569382948
338583479
527600690
471381632
632369451
155676790
64997610
83111469
664164806
307828474
467414395
210824589
299583071
451516613
555803925
31680534
409592941
358589619
153205449
220613423
567381880
216121767
18702559
314552684
52211723
401760281
635838520
201389291
0
313760565
172669181
409846325
452100363
575067986
451080567
56440555
450503123
239076947
232847054
483874341
0
175818124
376248717
0
0
22494820
221414010
617768094
442060659
8016067
55347372
69705119
497026215
375401242
277597470
356955758
169305069
408099627
456973873
572865982
524405449
355131532
534099536
280168211
534795004
511239291
518856451
38972262
34885366
221687796
77214551
0
496416751
342778188
564703147
490169916
172843894
506204664
120902779
333003646
545024146
313183472
611844603
425326074
560972591
295073391
298581379
263321935
566569540
461040755
526381660
528025325
515812495
0
189599615
376787529
466812588
644776375
372749779
181536485
545831651
405954318
464646967
317588852
88734201
367389988
121918967
379059284
451725954
432557558
372654225
141963673
237973513
260119693
639549577
570129969
311233513
295881729
306278268
309522556
624373656
397438977
1390527
149450454
540917259
487253869
622364599
97738155
413029246
176984059
401096185
0
221236748
494265283
339348382
533012709
508634802
597699023
230459206
563790767
10385276
499853436
12501174
355960113
295925806
43543110
91622445
609368861
118336118
666554637
598882661
165507333
239789162
592163726
404746354
34604438
560165174
113092873
307118064
599457630
126346015
210513472
0
394032911
600088891
71135144
488623001
395581590
306955198
339560321
94282266
323645207
466431993
250109400
549640369
0
115839252
226694972
371757887
662116739
98906836
40266973
640896372
661434844
161590649
492858001
37170545
520055787
636372539
145162731
639011554
471398101
431535946
471701494
233968441
599854482
230150073
443196659
519271464
622790590
193724338
447010472
431316504
18243243
1895123
456959334
397987433
599104283
336897926
440371072
658235439
13434243
51491748
134583822
338397923
151060383
549242991
351978853
402014717
287934547
25645674
419158722
206973384
583065958
0
390854412
0
23594144
0
402800200
143455570
419233231
549700056
645817740
69440489
385562202
73981817
226063188
273727330
308765361
475793331
649532504
590232021
223728637
601565776
395724758
633003865
18233151
415471827
391740666
281699524
46092661
47959537
358822931
197141499
336008491
267667443
513809404
250797892
631011759
629994356
502143245
239862518
209971466
561908541
528879393
115729884
361903577
459232143
456519898
210888678
76870213
463093212
517490250
0
85385560
378887485
506779274
14728639
219108955
580913505
111603019
625367059
612332760
291436383
501953579
259959047
635075178
469322577
257660834
536792860
316201124
0
542766398
467879820
654029289
56118559
0
424090046
442256842
456620522
476984114
433676349
628715583
548229590
216641707
624879024
649176207
398315295
61792212
414229248
207948498
0
648750816
473914275
123423413
511211282
586438368
332989833
499682905
132484712
387554570
479524823
651948213
652714421
307484469
154795947
0
412494912
367617267
436629479
608823130
511967855
182435236
454006585
534745984
240718828
46798458
105474963
0
606638782
504345134
126049593
0
432712127
86310127
340653238
663657214
238251066
489661299
246460211
413665693
50211146
404677665
278188986
102403630
11688921
117061566
0
141251716
645259221
661695663
213206238
0
523847951
265830899
472702246
344348788
409692270
597335628
262857817
423025735
50534680
38163824
371632052
224208268
78123535
35387131
522910989
223755233
542674458
559778668
0
506570899
443912388
101283686
250304218
333412858
513186823
341409837
372973678
110948514
639715065
590210352
236375168
580421888
609160846
207114371
594809110
166370256
605189068
277284702
425907377
73538904
344141204
22898241
418701067
281867452
210556307
0
314325599
600706894
497488164
569626087
0
641540188
595379419
233506272
444587563
572843937
166487305
135740092
460051319
35177026
652980683
551292095
334176891
417774179
168079706
336900137
450265572
149167517
280478170
220108124
206287279
145936397
22718578
293472051
194396601
50838571
547107683
274245527
540709285
35507308
548570441
617151153
117285523
78464677
74516288
549379242
131887800
573940704
306558580
313609518
21694601
624301093
71617591
0
526008423
197000689
58078264
196962021
325055858
426000842
110076447
18509912
127770378
370852110
584177251
22166008
66158640
97957834
246673005
62387864
303725219
233118915
434437632
389693010
633805817
124875412
185453741
656709705
95933757
391679666
150704861
607665578
301896818
198500735
554468288
262149851
118753287
298095105
258283814
346712076
533965936
284464390
101595695
287910527
136545372
653589322
64234248
210888048
287823535
397724922
146488318
108615974
36947593
637641684
431232209
461497537
112797893
368567411
104683361
302996409
175808007
665286758
233183645
514023338
282972790
78072063
291523543
64024508
26086508
62073359
334863722
321359789
553087291
477002391
193462507
252046820
539856774
573379833
96864635
86157257
571865326
585271939
502988077
526979968
531459050
527192756
603716062
343248897
126173150
348979801
289851549
236204227
361474927
305038944
615619726
411346922
495744149
525540874
367715043
210690238
0
578848251
331556722
149449405
127594188
530175452
262938508
460083772
320208132
483626074
0
428503582
572048903
582187788
49582242
599481878
574977469
294570710
84187709
407598385
2190568
25677832
665935432
414092677
583861113
0
633106476
654925432
550078489
630096751
388349703
476537326
600201456
240573093
603477818
248083203
566563110
179997765
48386043
338149185
286085712
76593188
198552443
157609241
651723421
329378948
399829755
238100641
492003788
561150101
53427160
584144009
443074958
394515713
113742426
443786065
619831342
211830608
123731270
141616126
281895311
198064128
106790875
462440609
589859721
617131336
7560872
635641641
529493258
388197272
639378365
61610845
151859553
609485104
401382038
147160134
146251652
139869268
443173680
201500272
64734357
327500710
450745539
608720302
427394878
446434311
376319801
617197432
664182247
555523029
211107940
551984073
0
361419835
349848057
276003871
178469734
412524307
113958120
528002222
238323993
18930881
298758585
567949712
224857545
589963268
51883791
84816944
646429262
147536494
141153029
586723711
332522458
117659391
628930200
626035638
78866743
22495728
105786635
33299032
201317227
165314963
305503590
651712507
41806602
554628238
524553003
454496754
574741805
539498131
581522919
199075970
67145110
520037626
378691354
447751440
31491751
345779823
625845687
3512989
355880132
149612386
126270249
623112131
602946459
360184350
349329542
428324051
280999486
453569206
585298756
300597173
406421566
186500877
366470812
166419888
457189701
0
143638190
26523130
641512433
360734399
200119284
326478680
214557857
261869242
269558694
641012602
0
378542380
259962703
570003773
623623034
579992659
612848353
0
232429731
191341588
646328239
272586287
606417665
416791091
549773053
244863329
587910686
531809622
399354273
63579164
603418416
211420426
323458066
264784217
639512235
589021249
613707965
242283310
306851370
60436681
647188203
600777657
59999981
0
310347426
433375604
576465257
307199853
84556221
424929406
21561883
80721929
321198087
0
522487945
389418517
511320276
498328103
0
568097622
124012703
660868135
125706401
552229390
498857794
525574711
364263527
402632557
555349988
161402226
618856979
203013000
175601188
561417363
622678066
97779451
415213934
0
565835806
341924034
125259794
229386947
49598085
350437805
653094128
190918841
531103734
174223195
291104379
257501287
554369046
418972695
495213273
0
160027037
214572417
54365075
518089749
427512838
412754815
664208016
611939656
644689125
575507374
333400027
421244501
526730503
240697945
548073238
79062367
623662361
207133451
254462953
499062365
204088455
648873428
612895512
201178182
121107339
247680117
403797602
263893069
259263688
414657001
298192927
213883340
538096164
129476618
507516053
454756432
27489541
0
0
506996284
451478199
0
333798966
67961832
29653589
446490917
321460467
75357681
251538664
661916342
96931612
211051532
625273508
142892978
498938837
143275299
253148443
609926056
544154791
405707464
613854630
55311302
527514358
558242455
255802876
278578207
666202885
62655383
314985786
0
580123881
588388384
99401369
221696270
283660949
276801349
255081829
113471395
266726320
209515658
162726007
404115978
376543907
638417635
663281690
321709343
342926721
449888915
500675749
333362050
190038825
141660300
596980559
368172790
649789741
350849832
0
360390640
372122097
39989823
598239275
636473436
618442968
603586320
195813407
158127340
449348552
549502325
325060005
522116540
440374572
363319459
492853353
416199690
102520972
103004403
177553427
266430578
538764754
254581017
189033421
7828416
87330604
288282785
362061461
444790083
388200805
447423346
0
220844183
232279742
169655043
218111311
128054758
260130006
305041368
0
412037584
83369171
94004502
405537804
582666588
281463167
11205552
348984274
0
534549660
559582393
38869385
379860567
589155766
0
173297744
519625130
0
393995997
271519119
299320735
147484280
579712877
13597112
471462151
240942944
636939465
621019756
541281384
121123837
194041863
125401428
601990179
601262984
430384046
13349352
169771527
59675812
23136548
128087296
232253094
660703366
644567683
409247773
409402905
197538986
53243878
634935840
425881843
567111814
345576262
207625899
589042755
462280225
522050246
35499880
630609273
298083576
626727597
488926180
126682932
196293286
61068271
232771456
76674468
548167782
591234736
615839480
493824377
297843764
624403545
288559222
49090934
444397582
26636822
572855539
418695312
66555393
405848283
2047087
369379901
262144493
207203001
9944880
470862876
587593245
547263727
440527904
214508398
368472772
167573098
560877837
0
309505094
20611058
568834470
426781532
655736360
560171111
201664912
650510932
426757352
277474215
146099925
39962750
586239841
162769387
473985682
8586504
489363102
597274150
501396807
370994790
212983191
35285179
34545122
0
554783956
90044206
30906091
120522401
26468537
434064470
375013128
385333794
312981686
261650662
349792030
553903896
164336340
165987254
665432619
168464584
494841046
279787001
206767508
301932907
217259227
104916497
365181390
327094990
552119504
498205141
568904388
186487922
231635635
410312488
494964954
651406797
0
263127130
408908879
215742387
477294547
578979322
243438234
557193813
477618696
590111347
184186026
286314988
268608158
441147301
645144033
275263888
617509471
210039286
351414813
39777514
878373
110692117
208662345
242010021
551910726
212202692
26191810
507902992
529745618
231715484
292000681
28671100
541201654
260580180
211689440
26346681
444632664
512474528
180850597
395301456
324471962
252925454
290665461
623566120
521426408
450448278
120279855
165635617
354314595
607906804
76096588
212849837
448264820
373474636
583883074
91938081
503621540
243729952
307061587
22709855
466005281
181419588
90290801
602990632
198051920
145002810
7856192
285879499
592786503
363297545
189750920
43778268
629455278
364663828
533306732
318489972
147488285
126715369
292638187
299509010
127708864
570695575
241608897
105639205
298966182
17713061
594285329
63610927
70849518
458545668
51544076
261407346
473118402
584281951
386319615
611380429
183943204
431962665
228058201
434108620
135800562
301910504
109157787
583388184
80080197
96740780
260066117
195814048
274421151
413987614
500852419
36641688
500399473
52937749
250603682
195592358
122740121
142293867
563137099
125251211
135076285
335505632
320205232
576130041
130670489
528273016
254606759
652689450
554082915
562233300
13452760
0
248991154
124956456
459435405
0
621169116
125445249
572507472
407330385
409246244
650179723
34750838
369040596
633942541
270902433
572842895
343802539
123774007
366408416
627374898
107361993
581869428
91533448
505011136
118931202
208855201
98339933
415671901
127555616
77208401
306576273
96623976
157502906
75174756
544301334
0
546243705
303999860
458422334
292676331
232393847
357376876
151907966
93161242
108374172
92553106
663507542
0
589154431
145627872
462901724
519435580
271203350
645424122
3199392
173668346
50241559
242540236
568680526
518066636
130081443
298504315
383925918
312254772
236795338
107286381
206965275
443473290
632055762
577450786
486864937
150368466
0
60008059
444503182
336817183
437852105
88305461
173968787
58991094
455724831
535726511
456279737
375424860
606101787
189264958
262042229
384881713
661813446
394222342
577982622
308453419
367512155
611968179
621090263
4089593
310359101
115401202
572483061
655087111
5119547
584366887
597636266
392025432
140360684
598747405
408544967
234728450
588584732
435902911
140545636
307116811
194657869
230781687
504086854
146347252
468275668
205808146
571655814
297809843
632727309
78323890
140389381
503802198
269756999
178057364
184836530
430323266
0
289199430
356414285
418744251
397200140
320579581
649394518
31033246
198934003
428962383
55444205
246864427
63023791
360514199
142103858
446119782
437361166
246796745
610384865
175982635
293944075
564574179
529706157
523479134
542297193
76235375
284966543
527934208
269627890
457136783
458723031
653055383
337515858
342595154
289361167
612402313
230592625
145248543
290194739
387342821
655726048
47095603
519586508
455550182
592733500
461072482
199161315
641497228
440275434
491222558
413150241
413174780
40545947
337532552
311636496
94895518
476504758
414696067
439645868
199932439
610745053
242574921
279519152
171164806
434605175
479908219
148851973
181245032
20728453
338724739
260680834
429406739
113086815
615908162
518175113
300749797
613411813
378987644
326456679
439875908
392546360
427305100
219051684
360439490
373139098
619514214
442316822
118596267
3956502
289006383
308908183
136470995
440986537
645718077
273314840
387717542
136879335
554878972
28280553
537048580
382660341
483196837
1597791
265910839
663811217
240422389
294947238
482504722
558255137
435326062
169691462
381398004
467712628
473762737
41584498
138150128
380586197
73621781
59469103
205510588
396645927
352389628
309031456
589021013
76227311
258694168
622223974
249366288
285519556
610883246
549410145
347303383
304511212
42154865
552902665
124615119
603521554
505472780
233125418
411789137
357812312
302827349
0
120018020
657288912
121453335
379166327
214138243
118044014
212299980
267412352
346781868
248908971
601377207
224948451
0
219241894
236667214
462740053
0
648071964
663460953
277156328
379562699
260527451
625435068
422879676
23405359
241841644
314064062
387397632
443807328
212257871
357211169
85759243
403322209
529846913
294811039
315913504
410961270
271700505
383028755
654557802
256031967
463262317
49408418
337876513
82253755
66705332
202683813
465056662
466621381
64937139
396593899
378113075
570222008
124330203
258476777
513827410
19787972
3535426
0
128283649
363693097
289738568
0
493048884
9591613
415981027
34386662
557381065
609175379
41356419
616535427
454994889
638185314
375662379
569958779
194720982
102678368
202140848
558081387
216437630
377255210
509006303
291926511
48744628
163782135
355892872
410177934
269193444
522898174
242257406
125525366
374513496
500776403
638459826
90119857
464709683
157587085
666424279
599034981
455015856
509309719
146429880
575370629
434085987
588672276
72811706
428992873
153721800
307738376
325674661
121540810
442882176
439712811
451576427
354026369
191880889
43053400
69670711
284751584
530211374
260140642
248503380
579786162
343535230
546070322
280046877
335061359
603276092
112424003
337488977
609882034
286904162
50653009
254833794
226199693
375141010
599192837
583790371
556232485
328403786
222476476
323254106
183967193
368379116
0
233208716
630906376
312555263
95464449
368388221
334466622
266102014
369962493
496597561
417446903
174959883
488631633
310993404
242947267
0
443575543
418130374
202603566
493190629
28386049
472186651
469761352
17024885
492912209
238417467
557843931
354638208
160394815
551745214
612595215
503542542
242112905
267870412
373505382
608091727
644039225
554408384
313493852
234185464
347219601
136310002
330161234
613086913
166507207
62537184
616088323
665209059
5238397
564904579
422903891
273996150
224911052
134181792
366138957
218793066
384877247
347604013
206798323
459914410
299364198
368172208
351331310
52622049
120135702
506774887
124900229
292195776
108076216
79126816
288843418
293582767
165913036
344834514
128252112
562964988
561513091
508543329
384490990
161309702
320154379
8995833
494849702
425831094
83531436
484496540
346722489
106584077
463627238
390935998
219890853
222986366
586697960
47407953
374199795
94116343
664935146
210005161
42333834
524415200
0
44398131
439276340
58650805
160704357
519515023
245543528
63330883
319752171
320757212
76920051
313770792
581305909
497707295
130892175
131996203
300743339
511142214
129737006
581127574
127857723
180344276
651533935
357176937
398454472
406932307
546521252
520827078
215602054
307602246
219391703
95226643
502820646
0
469832327
0
15313412
15198459
565535622
223821152
646394432
295888432
318575067
226532233
566633355
562343600
660841326
475287949
93593220
273898267
296738571
511762462
116703823
660968959
416373194
0
26924645
345414440
322247716
75264635
503263009
292607487
378853438
637253955
148902296
543733672
426948416
429528533
273096397
435995140
415625592
303960638
391495494
251290195
11180316
626071361
458691530
639574968
9677125
0
226236198
503560500
278156099
113741289
659194829
452054414
414859705
464359371
253097681
403396129
581457077
130205350
42939998
297213594
111991813
620531897
536274189
127652554
556777909
517313321
32115551
663793130
255655787
63173659
380087184
600761912
176745324
137913093
430354161
352869235
532060087
413576625
406146782
167942390
308836498
437750212
423163716
335834073
219196090
91959337
186529912
665397198
217649787
413015376
169662143
664487947
132604839
118986910
401154103
74838031
205892102
358507610
308152617
0
364530911
424179468
304410381
378163666
99147287
242112346
449608700
235718259
535283461
665935983
392353524
251883350
373691187
356723072
535410709
632771855
436230677
599522486
448646503
534082464
243751127
209646701
298525445
0
457952724
643074229
124391536
589521252
176696777
375696274
199731175
259187479
89234803
586056485
9263717
141939119
289043000
117629230
371476647
139148194
199244564
33808902
345493242
565791792
144080210
503517486
115913872
544085371
28609095
351205220
614863003
26024541
291379914
382512852
390803671
331641126
229040116
129400234
497679706
640073563
612693474
577630639
388743370
568471000
151281537
239772545
365048203
282486138
0
599896100
341631183
588173935
448701704
513848225
465756226
123184467
361608983
237199407
446761432
491855540
135296428
12625932
0
619154823
514028432
0
147700156
243526658
510563288
201158462
89971790
168734208
224371223
21313204
585434098
204123133
207767267
48293671
298160153
185159065
0
547916272
340222100
660102078
4806204
523042989
309618456
210571889
64053145
360410305
79853965
376747751
634353340
19375337
226576672
144661093
183772444
634649671
397862160
512022656
101904073
546146714
407313018
344684290
309242523
411933379
1453692
118944337
519175479
639918332
495121080
341084862
614907423
503209483
264610556
352132345
566445687
214955461
438359573
500735514
89458750
306217252
600892370
621400468
74799634
101017232
555667642
411230224
462470178
270396031
64048867
386299285
657074375
41656133
520575322
656880970
89412769
526433480
83530820
464482821
600281274
19377374
561262149
58303380
465991840
442581590
267614318
400564265
144452863
58475554
200717616
276823656
31767742
499076457
654816502
83151145
362611948
247511337
509647150
357492949
380137309
567280190
257255648
642248683
62602417
392739707
580240452
309249799
566982926
153262148
494043136
269597075
221568973
530418716
21618970
643808751
302345618
620868585
201018198
166802413
464233759
400798192
639299501
170458303
523309544
404891606
581699281
587629115
200723572
418834605
456177464
454155071
648004808
664785010
141566752
619367718
12730366
341101274
65614956
550919673
133645120
56194470
50724910
165327466
813460
161443321
416613225
663545481
131390437
393995469
621607335
476460984
618799471
304554172
273024328
252495891
169097582
54204165
590898508
462153979
494395907
0
70908012
352546728
211224734
70050358
510757519
175679894
182860342
620349639
276219926
71223292
254266177
279399967
546040831
598712911
187308084
561217369
47625265
267394961
302072045
551952514
378683256
332969872
230392962
327997843
555760766
130191439
295758935
241786134
0
495265683
168820478
297225853
457529184
623235829
600615153
654504205
658235130
75363088
161973414
152297716
365471992
171530421
177861273
172615201
399731041
267158665
39328148
389851066
535063990
0
309506847
193963367
186171042
445649615
560850224
336566718
168224458
527301619
171394000
563727871
357331360
103632174
0
433595679
483816761
491644550
19386924
432157742
571806704
641395339
561546781
428069304
349754672
118520260
366335033
104589231
451464033
656090325
659901010
504401988
300926120
388830254
312458471
161869128
217451918
658371820
28045435
274518511
212113006
232130782
322920702
41926149
124903529
349410378
452216690
234197703
481375457
0
335026949
124941660
291396281
215094397
503118091
309427006
429383114
563795360
15714945
660050802
152217816
451407666
457871285
299550439
152455640
483084651
307421148
173654298
426153361
305322819
606257707
643537178
172073277
203993828
638575747
371786889
476491436
129522574
576456851
295987800
538118742
562807355
345618766
504265475
171207221
69616496
661315621
419080647
444676229
382155680
118492411
231313770
325161319
251948604
591759651
564118287
313112506
625151733
5257090
662679447
194260102
559105364
602947691
398161817
234896316
273826187
57924172
158318529
37471266
240209478
172041432
304419951
331386273
625089505
447662406
234846285
576882566
497522065
152047869
488034053
419486659
66211016
177940596
576233243
395380098
87557562
596587971
569676125
219329038
355343190
596277075
635163912
544213176
474878461
425383245
631939165
76614756
465366752
526943451
375762371
443430960
219486562
339588161
596478781
51016351
330287376
265854139
217109847
0
282683963
661835043
35415658
640543572
371270175
33927376
0
497017561
565928880
451102184
540523277
590454032
337616231
151135931
72328873
543132499
595733393
322423556
552607110
188010904
138154111
444642191
355763495
329375776
323716335
224576119
458665299
460878597
366845749
355492703
616902725
525244681
545918483
646701895
17386647
39935426
582368658
164795248
528928505
599813042
558135586
559916675
603427687
191925496
472759937
45627855
14152853
75050426
624630703
280251215
598948221
611098570
463053576
324369412
391307368
56818347
523259229
652570154
352032955
170505298
259003130
348794840
168524575
339149699
555751641
371782884
425794584
74215355
0
646712812
534522946
393038368
328025949
656236955
188103364
227403134
306389530
390563018
607581023
615341647
190357901
82137927
271282174
67819666
234024079
16045604
659507234
612771018
174867915
277253642
71090397
456453575
552283051
527066055
514203834
190816315
647149160
119569541
343542528
614683936
528178523
48442855
254449147
379380401
112286190
263369810
198640460
273325720
518553325
365826910
403616126
370931957
18079168
333879926
305284901
26632870
535360374
594149785
24765337
325133372
0
204872490
387736327
371986763
361948250
28185481
427226858
315367595
493020707
239861740
211218710
430192349
70450621
493400737
152315784
523973137
204305283
479916707
167157311
73448706
466192069
387104784
72646745
323957256
616171607
43905873
590737977
557796750
255377739
0
638511658
278081312
280338618
95469430
0
356247072
133960181
107403947
599254448
602390199
468672233
520329339
480797910
179422489
0
394632930
615263767
352947559
517933205
347845060
86745291
604664084
235969120
480116566
589492442
71532422
620705929
81638386
429113867
201511633
189894878
602724771
172675005
664290327
93370114
559214404
122664348
594549336
291967685
648719864
449978206
487623533
491943360
41970182
545317733
367567177
140166733
363767331
550623286
246731409
248073698
194791610
238747987
180430615
515127332
483040324
204456931
433981352
439631559
131511686
599463984
164401662
347929397
185120297
0
292212128
312545393
620552146
301184353
363337450
638423898
0
207605297
577257181
436332222
556774248
560837345
653822798
664646404
70037485
414667532
522125864
309861995
277583082
0
105815064
634396775
116759724
68786570
14720654
241577821
186614418
454262430
117669059
427477497
187682983
498918376
543458976
266296949
661688754
44282951
599954204
263506802
0
466213266
387632812
542743336
585884810
245407256
276033376
516156561
618592286
197508416
464465167
233231579
217598064
19193330
380682370
247518880
182823697
594513228
170366977
352631524
292054963
57028697
401206173
337251962
601096591
382228955
338682878
272794230
608373537
528374122
356460928
146022285
245531046
537503702
283621957
134592353
335698638
161016293
619193475
4813051
623983302
339963263
363554490
603770421
0
0
544958876
223948673
567639933
558160687
497660965
228901721
646164019
631393757
187788820
526699213
266448079
534429228
431390256
403627725
217451571
538894403
77420269
195178522
191822651
130311117
0
181129892
252651056
439918219
73355470
135446346
308769680
41988770
109830642
281221873
158510707
135779718
383870190
561743185
299071848
482530090
401416596
44796182
76595877
219653530
5750788
0
527427210
476947168
458834312
438860125
536091597
538391805
334083248
146387923
588378785
656880380
527581534
294643660
502741854
184448450
642685030
517337189
241900841
600175567
250317071
297808743
146148475
10088557
160601910
356865713
307063998
653008175
941818
262708365
503260018
223971665
474518956
117964729
559659037
441456752
349613824
442527989
272635012
563342668
306977995
470049630
402858711
361316127
377909746
219244207
254705931
21518040
653985475
154819881
310499287
28444817
324787380
66500899
163907015
71253428
563464768
652965334
53639257
650041418
636718877
0
10434541
76300338
628960630
96732611
0
82495183
113295745
118121262
322668946
472905543
340532691
46382432
551474968
424554165
348125507
339716587
567276435
662244959
562136819
404134888
118961070
286765627
615115473
572883245
37534250
629777365
616043800
194130527
203802314
166740538
221686175
515664572
510104293
527483223
145126427
21290158
610637144
209739819
0
346731282
284617885
0
242321996
465011910
259688086
16891060
428703379
540649821
129761351
152600741
536323689
427282269
486851649
177828745
89726001
409638414
348805828
461126060
173198910
482302237
250515872
380478450
477228073
548448412
362787876
209306819
199761399
304788185
279063013
557310678
5745517
345871827
594300723
98396200
554511221
633677423
581207002
562439123
556690526
149314788
0
628830190
391572376
503255605
588854031
0
248234128
610573391
301281397
388280884
223379810
568246952
543999124
107232946
538324486
338434101
595708919
212488149
54880114
446325620
38957970
25215448
377995217
8874319
50443785
366760964
417556082
605981365
506081599
640349493
490647887
234293851
659343341
189396532
294316915
16487043
630811056
593396310
348239316
620486363
656652283
620352215
439804380
249975735
36668522
611642642
19007157
170854480
500724336
423547793
654488201
219308645
186566742
418266383
289572249
300045717
394875474
382702415
132056803
462022328
134906996
506629208
291904761
193002334
308252093
80956115
376692976
234325988
392945220
66782788
392504528
223789139
599338401
519304141
439722012
160071108
454960175
6046410
637008254
443103329
450803327
169642282
548725219
357428465
272678480
539825734
215111396
575774373
513124867
11017085
542461388
337250472
472762029
449591689
252686812
329836023
365284116
483554020
609107795
264098460
153664832
436403546
660429187
350017467
640431423
350654671
523907615
302091362
420922379
0
567078059
526262703
254078688
390126571
108747533
433826327
355402890
251304957
311488466
319921535
283558723
103810974
140087863
353922400
450859971
434436431
512199006
577871805
645553764
117803405
615326313
464625122
84907839
110213017
160046667
546167110
125830208
326822108
142368416
581020045
614531373
418924799
202229285
535790799
382256262
259278513
581660759
61049556
271189204
625342533
550910737
631277945
316649186
409428472
34104377
637494411
451060604
632869424
416047645
19245545
191023874
216552346
415784169
312837673
470493447
167892798
391493605
588274150
312527393
91004585
621427493
161661920
411647907
341688329
397910546
642267663
237433947
396974880
206527571
649945088
463932724
144752024
45672342
286581898
609255965
349330924
350937265
16313795
173862675
641552544
335285375
475795873
580314271
481317579
122043073
540071095
377989647
61482533
138857088
450622789
601045844
183365713
514248266
443263785
226809517
48214551
368193164
416571942
55255019
382081265
664867417
215086418
253232042
377809561
280602950
549320840
596660196
319646196
145104752
543288641
174207132
104898326
391121394
293402001
160172287
361211893
513151022
439447911
330073594
353232526
442304138
310722007
64133797
618998584
188995639
46444656
265450072
456436161
231391019
48498146
319708781
277120513
73561835
414747957
200997540
233351195
443319237
175100257
55578499
630621688
257740635
609322066
460283071
539981081
85508865
0
497479439
68405201
328958746
528084403
566172813
569556288
210899788
432117388
414556242
127338340
250842602
177275313
622728933
86776284
123426769
621469470
102836777
185143735
12406587
0
407339384
373162070
300961083
627360883
365487639
232566292
610527284
117059432
608729428
124381021
295338778
409497992
114605055
442611822
230404317
173736130
248949762
359974197
407698706
0
543825255
110711265
309820349
232233239
517469242
360568913
10822650
281726609
0
593409238
220185590
3486817
482562649
197082471
163712802
264568659
547923195
116827329
53822381
531330086
16805121
502804008
31071386
203061323
189816950
640705044
595895459
584118630
167761991
158392395
182731584
121459623
215868308
561704899
473276945
403400404
503427855
495467532
225993422
633726352
429203763
645736156
621675175
74252702
568161365
657360217
486605781
510372089
399262631
522997943
387467796
5528691
170044184
5033902
353993755
152317579
522837875
626139408
32429983
332644046
227453199
369190438
164568958
439393814
649564112
190332183
130633495
319580142
169842257
369580306
557228166
660694395
500787025
649299953
570993046
468836249
145296521
584980711
499497249
79248817
422129668
348610777
451019808
40031191
601322233
43440003
124295795
108364636
318540029
625503245
470405459
556190378
616431630
409675578
655732096
317059314
224691358
621603402
401731074
251995628
476442407
546521910
644673493
287465880
50260271
429064789
325404307
375184220
290853635
213666614
248366024
171825122
498955637
246241902
314250431
635880639
131181985
98672754
501525299
623187236
506249715
90070514
115670632
381406984
353424546
310055665
590173132
656995669
446854749
349399267
512504003
420840243
526330206
200792405
195861295
122798227
246362381
459304630
569623297
438444181
660909936
255719924
54000943
266254684
52164557
396559535
585285584
222990
184577120
142176047
613401602
489938472
606145083
80840491
354241541
221525615
301204670
281960742
48389687
10992810
459559199
263076348
488903231
42293975
444510815
0
316876833
323954772
180349752
0
469126839
337814065
136103600
264842717
0
415112471
575378063
501592135
546361960
451193279
39131586
562115939
309190103
189613687
135176039
389535553
533957166
648502031
390058273
33404809
404252999
18850944
660155383
613031250
37875414
457760598
147939160
170565780
139374683
568278807
1776182
539081406
41465110
661020502
278524002
577556805
499115575
339867123
281228008
542433476
567968222
652920220
75603199
224901521
553718376
638366682
383446303
556669874
191350851
82481192
337843320
475419438
95331442
75642686
423592809
267959573
97491763
307434062
407508334
602883044
82512622
455713115
549763245
41217813
100012482
303430904
389855943
276298000
399661145
384312544
597122508
657798125
474896948
365575296
134294035
503542654
664542186
328625563
299405024
415998721
107378663
240707770
389504028
305318522
353292088
122905282
342062645
380622601
157914766
622629238
430955957
622878729
479048412
546181108
383126131
644092450
180341945
329993146
488175488
418458767
398427478
379361594
333703961
652612836
646918838
89406157
168151001
264992051
644642259
550493659
5854265
645752542
977209
154817257
223401520
596131561
97298300
250470527
257525496
16456186
34971625
650543748
374043854
246749701
220457967
141570112
523753694
640399198
562711553
235428348
525333271
0
245122194
606145014
194574763
471593544
558959151
629861790
25228830
450615138
557973753
253433068
416283591
439879839
218866417
305513131
625432473
40869206
423195779
388993244
302976724
649139337
663395880
27716791
392632604
0
43781293
352712404
489563708
383939007
51728723
643547970
432911817
533767149
175879158
415382285
305112496
0
470350725
640571609
16440692
213045280
290949863
483197564
235182043
468298986
302170941
551322458
101823633
422644856
175375186
316793426
209096981
36993954
639672567
386245034
504648402
580669840
420865581
132078495
238582388
629942976
364479036
389155504
179961114
263943804
113605715
290139342
572560829
319507570
105203796
41742352
328052596
498669589
355832256
140564429
472997519
280786442
163079804
141669161
389945215
433615257
200511716
81409243
406592812
362922550
293676511
25645139
500356676
578175693
224140804
177078574
335360710
441026559
354388232
138682458
222583656
16213740
326735307
239693276
35059975
597860738
173881832
349798790
0
540854342
475107269
156776191
269632398
408731427
96854746
561195548
429136538
307957242
0
469076641
614540884
543727639
75988997
652814168
22364111
586600328
35870234
0
597365328
582357483
182852
422354207
119899149
189761275
477295660
449163241
59497183
491693836
413117591
0
377901145
474451577
69797958
473923726
373102937
189759910
164286025
196116436
364327123
119658739
334201680
411181319
581194072
358350043
406983443
477256320
105107889
69277081
269121993
274564449
410257884
108540870
151881561
197508661
363246501
351218352
484523615
495920253
341516757
74209484
166214480
374855550
320854627
242897442
275191089
626921174
323435507
126935599
584440233
428677393
641359217
380615511
524616547
504949033
524257561
230628810
446219722
32344056
176943266
615048419
200832033
77421916
471354935
0
410477420
105682277
103058328
366619964
593390471
36476657
424897820
310056974
47788360
237939497
477587775
194039690
470983720
240853890
0
412077188
308858066
271359080
120417254
179558797
185076964
350589499
584602375
95062460
519163044
529888245
592753426
628404071
450866578
498192106
161636852
39654755
58584409
111254103
288089998
649541105
241920554
471548712
169391813
80091923
12565119
442966065
49744913
512179003
273595008
48317020
192259964
451912028
100864330
378951037
163421138
617706765
240876336
45000866
168575746
179564733
631488466
74204274
311413208
455027502
58589998
233604800
644709729
635583516
195523308
297771421
400939484
585611440
498446947
550505654
389899502
634212163
246225868
108539447
189647481
221155566
519195936
214032753
180739266
621152246
360318640
134101037
541538843
546654364
639563791
266084449
0
198952765
860163
411902067
469820655
233338086
79051222
260754381
390555252
463515987
366925922
358206228
481140199
74565933
622300044
500624893
247104353
665113251
0
497632933
425726043
547405441
529794158
442541511
413451379
605721681
178541733
416482663
209469148
276245386
28376168
244067643
433004516
0
194829463
397210316
649174051
600809115
248581761
564260902
86933451
584718601
178665265
227952831
302159614
593550394
543645273
169759660
564301289
263266012
98424851
57309575
439120588
583154599
59858354
329122120
323879505
620188985
443302445
374357497
171475679
42566792
430100794
600074201
170532543
93668304
660353073
271752034
509928727
413152029
18920038
163477775
298434326
443566833
109681356
384620543
266435379
176253717
464352600
459350231
121782915
1471922
172885721
659630359
305453076
421363984
30739689
0
427617169
525259358
150449445
412688086
218725272
236585224
259799236
602650449
170833326
567068642
331404649
314700692
190221289
362780263
134724843
191983714
491038207
122505928
0
490878002
504388969
109583331
629844889
294450750
94202379
538942916
412652702
363275480
285267557
205901859
635070864
196100336
348271016
393577961
178425503
219920036
450884822
249898494
238284718
487328615
497665752
655403942
616803312
513129210
652299399
88894119
87990004
12237736
437053948
258294659
139608494
117995028
665202823
91114009
314163820
376330934
512424398
124682753
475072809
112978772
307363678
68079090
289051691
521233554
0
518915666
300372174
216205197
439403947
334123907
621632818
57137670
381563931
438814635
374046724
349972700
511202123
84158138
284247668
57805854
497435647
223510137
334405355
282760149
409665866
399952335
301886198
453535803
107805245
147960706
538955394
528624452
578433649
575152484
392140811
209037949
469354381
642114510
117085940
132591643
291815838
0
0
64898555
478023552
126854743
421626428
628815536
611839264
561891308
517539095
113845537
434259840
237253856
430366896
92870447
476059859
94224660
375580844
287593333
660265322
17094568
407771400
450020846
550048670
243771648
13333311
519316724
357378710
0
310871486
376857240
0
343481222
533741836
461506403
198507959
0
42326069
231757746
165889972
434660778
241321801
6724810
120633143
140092034
658158273
406613498
231041062
631835057
495506254
0
431602480
653986717
398318995
541426922
156817319
512673709
592742112
157042766
567035143
11518637
212228451
615598298
627882830
542635555
322457214
476623517
410078324
255633473
518618643
446028509
470001587
103378459
592990593
538216254
201910424
428511349
606520264
525235872
0
495967192
622564482
393601597
374168266
652073716
65406917
650303416
335440667
425947651
329747883
0
206769439
638592289
644111304
502977526
261714691
233123149
464870990
598960311
617025483
366216191
125439918
534885108
198035457
393508925
14098525
477354898
277383880
536131824
544429892
369664360
637451582
637285655
199007526
67223294
503724128
170999780
558044210
557427512
660533995
327877778
232164493
0
531603362
347168914
78788212
656151376
0
167980851
135199778
530405992
142716710
306527951
229017149
241375292
584671982
664744581
547778245
331074368
608233142
525141501
505234818
222504653
179895665
582190985
421854675
228782903
220780755
423582306
356094125
582783963
470755401
242529973
494226035
382253658
414288229
591717552
533774522
46798961
0
280384335
266444344
466000335
2018484
303580443
212902631
451303790
626737638
83490738
45226007
224439004
456400679
521016878
192203020
373754463
543331119
383305400
393351869
320563742
661585086
122796986
390964141
137050202
263543717
396091123
347034092
620192557
0
401878113
250392540
487267465
649226897
451928433
122074432
566900396
479822083
250283067
0
406821539
547407624
500019892
614206890
22425517
354191335
327629647
354474122
302904426
553725025
6514223
115319214
211488648
185160172
437865598
432466067
20424670
457230731
278984906
350039011
395566127
3014553
251153847
329822833
302911673
140140016
75554642
314934279
76586475
64118804
241871045
205911542
0
633414163
270833083
157741450
265845152
632040042
573128695
139282084
386082373
460859978
533546554
354286492
0
224978737
540969146
251310819
421837446
247545889
590123239
526142992
382323934
70590049
638238881
404293475
256412662
612806328
456721966
352898037
376136341
367884733
68531493
639440211
122481916
444981758
452935640
174500053
80341894
186875087
241180278
248072702
93584904
369572830
268126163
431709714
172788372
326487384
189969374
3001921
606801842
517678070
102213896
116755787
506897085
532618191
635996516
0
627505683
429191512
356812644
318148149
90492744
383820938
136150919
501808943
156324108
137170152
74332474
452478520
423629929
520983354
224942948
471167019
537102002
362837245
316324268
664132298
574682306
394912294
437477043
558008261
90719472
163305705
27697769
176150989
69093862
292281223
435534784
542095913
367542288
436164479
205168081
530537233
52102776
643145487
0
208627019
500245141
182469224
524475086
271330413
212508515
481773263
638462574
497977415
638066082
324511658
373934893
100857570
162812801
431419041
0
357506408
264637334
504677558
165845083
1919260
4541561
473419675
429124725
488464851
538440455
415976178
646240984
113317621
187314483
216827930
184427309
254417160
191584733
367989836
264867969
148500561
32927745
98194611
621595320
289749617
181315788
594286169
218432746
198546027
514468678
358233512
366664911
60139294
605780059
26056004
85149610
252034884
415431541
45142414
571302292
96685777
539822750
187082023
415527744
51929227
56472750
187622832
642587308
481247530
150813886
117883684
308871824
291547944
50580987
28873922
500974956
307472543
405420485
306925258
295560789
72543597
0
306668983
296549498
119214735
50667364
602481294
8349193
610682998
666642186
216361910
498389475
0
239140142
0
4727009
37775376
212102234
482235537
512758510
73942381
533395337
4902829
12225459
550087800
463029517
30486918
468436054
350001809
432633005
0
339442320
205803014
314779449
526710884
336148070
97946774
556369707
253626311
237225147
402547768
203983117
216314444
119896564
73219169
406825216
617064611
41795664
313019378
217620815
199977126
475271275
161934069
174328010
87988285
474066589
575183070
360005635
163484737
28673586
354444847
294234907
518686820
309112774
109490463
559248297
631645940
298742914
190903107
580901527
581090765
345868338
615745020
388827444
51109836
579874256
427611175
139367700
189944043
88546012
243400315
175099226
359032894
310772154
209195436
589357546
225707592
317376645
484586308
134486256
542423213
372973590
641140111
71706383
494315896
201065718
663440310
469504060
500393578
186296068
236339144
177536080
483573317
16350962
367921966
253016422
425400059
566560848
11617998
0
260592691
0
314552457
88642721
117418352
545988406
456575420
178427971
311823656
665408935
367987193
599278935
666652870
329922539
114103746
487484211
0
429132572
0
633777497
303186333
191511550
47221233
426507338
0
104500653
555515923
590153600
251772678
535861057
662447789
602314732
291896695
467169360
397403599
555482115
359408604
330104487
105069211
21117520
191397430
106603985
312010735
294764338
0
625351548
462323354
373667940
169112814
56895660
185214647
570598898
46815590
3825359
605702989
64399996
57336987
83385740
213412892
221755053
513196041
477309782
519385776
464648968
357027670
62151486
224998682
140876648
170148078
328025661
572201495
248940027
96800610
448575046
555037344
511764697
197336831
85038612
575305602
339849768
0
2408333
348873293
217195034
357154389
58109579
475724827
427715253
132763908
408301926
647642227
615697470
120452291
526065169
227896743
154323525
643791644
186642916
565195806
242992546
374152610
36876633
530693009
9643655
540441870
555793030
67116555
192612308
125120123
126286432
534356733
82193908
200514591
256507685
320044242
296606585
141937612
590329470
182814667
37917639
600003754
94524146
347778602
331698945
239996013
218324902
1223152
413354668
276666346
285193879
285709686
462235433
248688403
14558443
151118309
511593275
54376379
320797043
247594036
573639242
483514121
531182913
455291495
434799819
172337309
113240590
27886749
116899722
373651296
248904779
388836740
364377795
51707490
368682363
16116861
290871213
287778659
460143322
126907811
459965202
0
633603994
481967894
581920225
110142193
376237169
59653855
36229285
525754090
299512313
406511045
404407411
350217409
516053138
205139634
111643943
314930372
44386603
440020663
347271419
263148130
485892253
84546568
597732464
615673393
555735909
359964984
500383395
48508945
0
272696771
319915134
572170134
637261947
267396705
162377672
88353059
603908776
368318480
345599001
308186093
446962424
408431559
318501895
477945272
77733741
403731809
163296731
419804618
355015513
92280622
32862755
437890086
485335853
318753378
74272612
143738681
358807811
614918872
293297350
570633823
233765683
95273058
158293241
581301681
620353462
613354526
214283622
387172379
329204608
622072237
42389201
557235627
368629337
166629106
186508449
630769662
594952061
126981318
108259727
249339611
272058346
261501734
263184706
456486436
599150228
467863585
84815410
93387333
491659174
30796726
43539577
280200503
637580118
102102638
85487574
359583532
536411277
0
524915881
194297867
367797169
593737069
505598554
164795075
126035654
393711301
0
192017048
580439272
325550685
181742811
133755034
185425034
239264192
577313321
319385503
235793984
358592113
248574044
167021104
207332703
540827969
442354083
218625093
142480694
391080625
620396778
152647366
531210288
227473816
103829650
250492842
412754431
125019329
255735648
322640814
85322922
366803617
222113089
274022892
168025708
298124794
613638144
0
40136658
0
54705210
563470403
645043702
615201622
392274156
0
242768876
0
366648812
147486412
403004463
635976360
0
74285114
373113277
124356635
129496318
54113509
369362444
94256581
117931914
398120018
134218042
185423879
490494956
595561406
624096788
152389713
180861162
523994917
421829185
231467376
587434904
504781593
76042771
145535614
647993131
445816749
616246725
561538097
358141834
253479475
440559535
226159123
89978023
85613540
367636418
428041064
636435941
92903714
5609390
92816985
489429764
187588704
206368825
649199626
192439571
99705429
498139506
87469166
173754076
84027818
448079331
113149930
214350841
125654770
46332805
274104573
474838151
259171099
235868145
184364433
635392390
615653006
39718780
354417815
90811648
437511300
516650227
176385479
415901222
339012695
363405429
464065852
436823369
507888511
97699805
124340772
317937619
587249374
130801016
575018159
123518318
232718061
252644529
111228399
101979326
283928029
173686885
281330587
52045769
379369343
605133819
622866651
118319477
61802591
81915747
615548675
50658619
0
215608661
270201944
70082811
359330927
577103561
508576263
606606058
369064445
378368230
594840313
415105727
153417140
542366787
322558781
215183815
288710487
346350969
406550244
434580572
508335673
506738088
182094484
184962887
632232159
62411881
181067155
644188806
500341767
132167821
613205251
31216693
375128621
257720443
315745350
407655112
59770936
450470709
646519045
235411009
448119026
230319015
56949436
196907051
110084732
513769007
149863874
552963732
656353155
526663673
633904025
472974257
55901913
36298993
194511797
545438349
260920247
609543249
602730618
642724461
243236670
458888921
294001562
281853174
504223558
652730965
511064197
116538124
327841745
77822594
96826088
181485646
47791321
121956182
317142380
553717673
37090307
225732341
490211254
637318087
275366219
58923929
627341253
363930047
516438880
235464316
170474253
476575875
110294355
552812724
315220963
507851667
382672204
478073804
399733456
208429195
167448048
100918382
476633563
324720539
455337097
360901585
166930486
621998281
362709039
252046001
638294169
546814553
597278896
269478725
520320139
152168650
378999863
502032062
268884265
451911392
504292336
586776306
106745259
55038136
163616972
539515286
344592815
83378822
204633512
347564680
475919526
176663632
509898548
319550170
426073986
489195521
36537130
578556541
106857418
660896954
15225279
0
525306536
577082475
84275353
421642306
68408945
171057436
162135358
233193479
410409479
662853427
449425521
543282997
598535116
232520925
545820477
190325161
613837167
107318471
474901456
399260199
159171208
447964519
286704919
599113796
411319019
589777227
314770688
312545211
247841757
445204367
89132698
351451816
158362694
315669522
591213119
289074175
218551687
393239772
16391273
628002041
104818409
401918934
398982048
134961120
330534509
381095063
220476263
473103630
635086397
238543057
320897744
34417578
111180446
228497957
577073192
485406524
192888096
268731278
274362628
544418991
355934114
480651608
128914099
406032849
569113957
21292472
421673459
574121434
586421618
0
506668814
554172595
194190391
234648623
397421104
648020910
370530201
135164766
341218770
153053420
483477215
0
570108024
204158686
178050358
599306924
581299008
243983182
88610338
106416325
393456452
584025863
284197794
312426429
183368876
580646676
357311412
589987358
126085192
393186385
262625710
607507481
409246342
506896057
138769765
408839083
121880811
211630519
620157614
193997626
399621444
637603965
388693325
0
292863359
661735050
404248139
214135353
649330476
629782624
168846582
177834841
111223416
210114266
379436321
52868896
58892284
413092375
349834590
495116373
139948073
13471487
421319355
215318221
198860201
76867655
570090320
369219641
665003409
195846330
666112210
548331549
116207908
612302638
480436720
650845429
433156542
519267867
296094736
441716163
22263670
572927733
438254251
96038503
564923295
381103371
158953715
169472835
81582465
614295392
238181211
258780543
578801090
549150348
422867867
314115604
201793214
455713903
348102185
501766774
67797268
501800462
98416992
368122844
59189614
137980649
226668541
577731797
60753911
62018935
366242401
649911360
270527513
188017107
482831506
643577298
614346607
125784000
484369947
4958873
161357730
221851784
307418068
154086074
395875476
381150539
238022221
386680534
30487235
175366839
377655326
398728675
618688337
168653831
319321652
291428718
84631291
64689734
611348383
656805773
580721063
627367127
601002465
538043379
387440513
251858412
399566905
586359036
324194094
593915636
527225205
175540054
100674951
376607807
624526509
256975064
437588672
563846530
521248627
324640380
403627725
304679971
357916068
262574302
225538205
452718921
339018582
44427922
495130134
74833835
166973199
645714228
646277894
662238067
532266990
50119634
295801898
660767252
70953684
335933213
438913982
388399178
366531272
106609543
404418369
338002935
187061653
217003427
527998157
652536418
449685187
464622515
586479248
662518262
411674483
368737650
247715476
233249918
250387663
605556334
495537920
655459812
498670628
524178140
49265130
469276374
97095098
60965783
120661325
535041625
297883163
47678061
24269746
422110353
622886516
131833634
442267154
180772452
379243162
381429590
0
133696676
635262277
570127235
529479431
472405494
56777911
79603314
532344410
197270728
16059211
97277371
387544569
280704003
621624899
469468473
130200446
524691849
289746533
44103092
316772285
127194862
573901132
10184581
374177912
268515902
74804327
299199094
55026704
573055185
179134653
375015629
82578394
0
288857723
354416559
257591416
380769532
263377886
181757031
630035845
611692745
413840438
648065166
465539471
50612099
454773195
0
178608304
451604349
156107995
54059120
478761328
291610854
146077495
635127535
246061107
340852772
0
36508735
0
396659610
248054537
0
205118130
617765096
25245798
432033994
335724206
274965575
402298974
244413738
38619798
58746338
520681911
652932519
533376405
426861537
501224276
239621374
357058876
153900400
91225227
611150057
324974383
516200834
653984086
535649345
363061608
666591276
654047554
552491644
81569832
361664425
201441900
498498475
409387348
456383824
356367370
605909394
434469323
36118231
173605950
258137577
106805282
112973232
94868149
527161616
348690141
222626754
586561102
246520294
514719929
234582326
473464130
431732833
463933577
32776152
632869610
357082270
68230501
43806576
233644322
132126692
472976475
383184274
252251254
411721418
293014821
618256163
253654583
194494719
316536583
0
0
354525949
408231164
397765164
483881371
503307329
513995229
300018435
182754102
464057731
357282048
23283710
20448959
327254568
542484857
341275235
391248289
258289329
371293304
348262116
88869586
655654865
544973206
271398415
234507124
273816246
255956527
572922822
0
114032817
88908999
513607651
308855180
5925633
429410380
494734646
550099099
273482452
654621816
241575100
0
133571767
639256501
196951989
0
347619468
390275237
466398064
216715872
182057187
79185166
347983698
44480095
137620046
498179250
0
38271792
273215679
135741690
633272970
224824508
63226869
392857935
410854984
569549242
219851075
88700851
336410837
526823534
551161464
576602412
271418361
63811585
453052555
631788915
347118587
0
190842063
192879324
609997846
161386409
438401663
120650753
49588252
284394870
640872649
0
284687765
595899968
311132837
230227354
660399659
141738683
616006281
0
173609996
208317600
634426832
337328898
159589485
98979316
527797384
378331189
469295470
320268636
215572232
186212527
450802148
115961595
0
368565808
0
119118980
429534660
559698218
234708905
141876122
539538610
41567299
315963184
505789827
497123958
0
363997428
53541825
270488552
653931553
474362369
232407761
489549027
30270109
296632281
43739729
0
573193871
389455018
240364747
11186069
403599867
530233376
78833549
324795852
505155754
171787499
643672773
356178107
493787630
594817236
546012048
613306156
215008699
171234850
29004803
20839316
239930231
40622741
30914076
313849327
654261936
141569198
0
142399379
305113072
560780365
120805073
362602422
76405604
401881707
662642184
220880573
624853146
522814932
594452772
120003959
585241840
598503547
309678393
219983853
97605618
441835698
654105085
99970667
513694644
394875611
0
436577032
431024502
341849422
541208168
278629511
226578930
206570541
469288975
305108238
418902806
371892681
275882576
418878485
428857186
227705565
609432855
224723728
644153349
621482669
288200328
639596714
432197037
3066583
400844524
0
207131520
256383755
534785585
415828169
509852548
0
156794113
0
380102195
81602250
336228660
521494488
68136319
443811213
512122204
10393437
546255651
157394381
33150482
339057496
451014005
431469129
358236358
259057721
513039980
84462872
477596590
40436994
142998405
389780493
282921371
73944489
592769022
501319811
539859036
640912265
399355849
574727463
260660619
639788198
283666804
0
490991548
60371159
313212226
39716966
30193602
488589501
40426265
651634999
7283468
365863727
98443268
357337623
638332230
619408864
660043687
206450951
48386760
149410817
341233628
289600391
72935944
250823951
145344337
259820887
361790828
187823204
0
326343388
27193674
650161979
538879280
453335805
302608292
420296221
483382091
5801909
130684609
238805419
641717985
46694910
617142447
634562885
532900445
280970215
54432553
448331254
112965841
271749025
442126399
397856294
16493317
75160617
295857309
267125977
203528362
188440520
633074897
199457503
193462630
447685920
595287477
518288998
428843089
569625892
0
0
518603697
570094965
275757947
119659067
168961487
448534803
137770547
352221039
26885087
113942860
399180362
621736892
630901058
224704604
373989958
43737826
40190521
188298042
145792672
248565292
255028664
244330802
261095425
294860827
267515350
96142076
528809392
383989978
337852884
209201092
219388729
106663851
10242314
593160057
604698344
443534312
608573012
572638984
649679741
86763145
478432242
389507306
344365793
151552317
0
662357301
334438234
117820757
137034913
475590741
378619589
430938874
166445453
131209324
59656726
252162501
332368507
330013228
445173364
368648644
163440649
495109079
262226528
0
550929969
210739151
409629717
264295691
288689452
503552682
189601208
551657554
391519637
657403621
462337909
365748956
653612832
294531162
366398694
452625679
633265990
195858103
243446655
576755752
101756250
258747885
131009997
362831903
35398976
0
808273
534689474
67961309
651832696
97534476
4581584
171599194
541561331
322539851
509177302
502495643
352642522
532112385
138403428
319532400
222232314
650905884
0
275757947
267503097
19428627
607644649
337732898
169674410
398017633
118511535
295335021
645775074
384174873
482182539
152127896
478029020
191871217
9314765
317652882
232272254
214269019
447596651
558029496
98836403
527705847
22031378
589359951
584020577
320539154
510294609
624722201
351534617
187215682
164188546
575067571
263045948
341564702
269491084
575427875
374442937
314024739
0
484840953
0
130215979
631537282
530012261
650405840
132810712
165499600
299751061
298769009
189358247
310009772
555742926
516354621
266222654
304917482
461336631
576806562
567075899
444075174
24118330
464929803
550468356
626958204
299715836
343978080
647001438
60692620
648781698
612032634
418534404
593875614
291506551
39497274
60411192
179006687
459055987
228535711
0
212642962
59055553
462292875
313605585
408193606
637490642
215901948
207501412
147142926
445030622
259011943
250811371
379765421
465599674
16263292
546439994
379357598
0
437850589
533259484
396723113
78230581
246129614
581993282
0
289742621
137497993
207420165
621736559
471538070
277429238
102862836
24024338
341206108
384745269
285464107
596041107
64410986
626118889
151114484
288870541
587105717
375657479
664124083
552633510
89543166
338915481
259029390
597933700
71570312
97259051
55111003
389919817
320775495
247839612
74776589
288022129
276278605
453871757
656693346
343685912
428098264
610540534
37212264
357431642
663477570
491168873
16416843
600554828
349126843
493476671
559414679
167643259
316704246
169387534
455346138
368235656
382294933
243123856
365535322
316373528
493910808
456829701
170420540
76948940
110801126
152724875
243410611
635045189
243605594
103560400
124314960
490750156
428484019
586369635
164610074
596846671
307846700
600630531
496464196
120373902
327381811
43042379
613123194
638551787
265023374
655039572
59920595
443579634
121182489
522592927
632009761
538843700
130252826
353409537
544395829
32590379
40651281
415958335
323211217
538910075
505463954
453603270
401679946
519336725
471222459
61534805
44526160
531312192
89361145
494184764
593746497
663507366
354289234
349155132
470413620
278695165
368399379
65526336
270547693
127585973
469896752
0
370510266
348544855
50618090
315110348
312147040
155232701
635455696
104361264
327864147
243624157
520001693
408951508
531840037
115122818
408567322
476459978
199244688
243310151
308695644
608378728
0
645222678
301834882
203627027
0
224615603
269065047
0
415019758
476863362
0
393691177
420108490
193110397
423842075
19806344
300542053
121468370
1022445
269246068
271790104
371888948
619728598
175570916
394247641
328078295
111047982
538841412
229556878
0
78063772
600041898
607696934
654112920
16827378
200978905
396114399
543226990
501466957
200532584
224075506
513880582
191028957
292394189
385489595
436426611
403202634
296929129
638980522
573373636
180838060
497532287
449313891
608576601
298439839
585207791
599054524
599574897
161352366
512406082
574678379
612017085
553923947
564233768
430079621
503518524
3287793
321928378
186653356
137560550
42242004
416508390
546116573
647041767
202619304
301922448
615924581
549520574
13162092
0
381659570
495562814
23310273
603901351
22208310
278478317
618258423
435336253
488131386
471722849
353440981
68859655
496369015
293592225
278773879
233586213
313563766
226218387
244820045
362516424
305049020
423271310
151621531
532781719
398923312
142377746
638156619
281128372
38389632
451047385
172662499
316007284
176278016
551172706
428380826
494701784
608752582
404911682
542128721
234808148
16215256
38332649
218282351
245556795
137180327
0
96041995
153230671
42439804
76633709
275107130
419041953
445128179
0
222537545
628019801
38803665
508145672
184912513
207241995
460394499
395890133
575816889
525984243
129568484
171612656
592187318
104796252
544765918
202488575
606375273
428909067
0
604911469
568060706
166867451
107697167
101868801
415206887
586835353
38063574
625470022
178079580
326442470
563449444
227390659
594987918
232665633
642976556
416546572
122569394
293571201
285282981
179344961
195212051
659388140
122400266
332630840
267060445
102628093
384634164
488565850
538602739
435785013
196114690
495626760
646154279
434503823
341402627
95540298
77693658
659320002
651286387
106652863
442102283
231505576
347389206
578258610
420282245
239382749
219024120
30900985
164468743
57619889
363312060
548712333
291991545
511166522
620980550
308362282
355092369
559522639
51182762
342277294
477285451
201714214
182778970
202147834
656454605
561341848
658733583
175625404
184142526
293872327
194597601
99231719
315202330
280336335
301488876
486576511
333650868
406103450
428805779
411265446
588561338
631721730
126902182
171247731
74685693
635005705
244999036
653099982
265519864
482218435
0
589291770
475532024
0
88119374
478050930
83995886
498677784
653913315
660629348
123459826
495655641
338851492
632606791
273588496
340442286
130042135
384576971
327512470
635505106
489851974
92698228
426422713
586670545
449847672
51525729
643097716
624718894
129542228
0
0
272081397
100971174
342610880
133341
248622684
216622425
72229373
516589998
484520290
584226650
430046627
620228193
350733782
503993796
573475248
326933799
438168727
549470342
142759580
513449519
383526566
118481991
441765973
663165689
660430681
139942019
666641664
101998731
292622949
632203313
156967972
526961325
469786658
590718784
436154015
571901976
507525596
646791210
171223069
567462038
236618440
413051194
367995147
564647752
338972926
101420742
153019224
539198042
336040898
541608352
448457793
327292432
428510734
639860073
50628185
629699701
87298107
136298636
331703312
585745797
44932321
414969652
592089566
114841090
409702839
422458502
148362851
635909982
174564318
335642252
488293732
142285355
584916663
121599129
639085795
245433840
501319155
15851392
244106292
570159811
70798139
363323395
348811144
26394143
408553699
566067847
480124238
332118164
646516828
314032812
117137054
99978876
594808223
163163299
319998351
289137933
446534304
0
660208676
213086205
352654448
651420879
99538875
87595505
172560672
26066502
324410438
23615423
55092495
265149828
640965358
195816146
394064698
191272422
343189890
63361781
387239141
389221114
240354454
439826465
636101071
503676398
562009677
456321140
113309896
181860895
648966054
33959839
531745174
223087446
346250222
402026199
181883621
652213885
381301066
271984602
624780443
607731129
596854937
5693614
110907077
0
231378903
587805366
110250385
80387103
414923832
306286976
53418926
223634140
165646082
320821520
636375823
510804911
118116730
365398877
243371798
461080233
280756358
615574215
516601090
504288962
650340195
406065475
587810776
318815662
332531946
151744243
0
380535641
8304275
109871045
453020097
446224106
245338894
11037112
40062982
428025736
310202900
253172602
606956163
192322194
47329818
338340047
92666220
314024242
636234908
444267596
136531338
554462
187876164
152567856
46564102
403621419
390121955
656671638
157016762
522234306
347232519
513171552
265976400
472484988
472402567
96999994
198492181
474037621
139748044
357894213
3272491
97234593
123654434
11020772
516711332
229082193
123237311
166801349
499126185
458180347
455308753
545608783
131484457
316115717
548591246
280201003
419130868
302965545
271990196
0
628973743
350023013
350224649
59337479
271044923
353308019
126135880
553467895
431900064
537191844
658519869
226772383
120143026
180136307
631922449
397752110
243497910
654186501
0
556156551
84400567
393044938
340001980
360027372
329587902
32567832
405594242
106205525
393165300
130757351
210561167
626560636
323300364
319124238
128603479
427618068
175910335
282596504
98691455
12418049
0
312041850
62263153
315182161
122707139
664200124
550492191
520459290
171290375
70299451
279415657
152752417
205491934
297173933
68377791
652752129
561856595
60191156
369259601
346165544
90098927
622988949
567089840
652044659
357849351
576234232
416678654
521237045
208170141
283490589
340931865
273315417
0
375424206
78449627
99880136
648832329
598763817
561521439
287588132
258617701
453541646
189198822
40634687
441588749
423714393
470996313
141786438
420370802
79641646
302758096
382216906
391827611
357258923
151441182
80696919
659426174
154654547
0
239502848
287536958
395723763
659463010
394239722
212206189
251310251
55426253
343535211
240968957
283368159
125462607
642701864
0
301860904
0
147167482
550660489
93960946
148842249
515976139
176003602
202981979
622586483
0
631845361
237115313
532821505
658127610
388062738
279123669
438958229
464785087
607217390
570558755
123823062
492066562
222977205
539887285
310682865
253505327
496560535
568033882
303274171
534781671
354479947
212582744
92305583
383331893
459099381
242027389
607663031
407435967
587805959
278468383
560282190
590513248
239687149
650232437
70916267
21739584
428958455
307932142
0
274361223
472379845
455562753
575437998
334408007
352411867
376112698
621381203
240269636
153730076
503984448
338258079
123944934
488505048
431705916
340934208
229220838
507069491
201149645
396914140
150270471
220087211
523503607
183058526
234514808
132560554
419717147
319833788
469070819
350536139
605917519
560015508
541988763
540102496
310156124
62773669
180343539
306717345
596928837
367558996
225443493
379367089
7817736
104804826
408261227
452444551
43698980
380244785
336675021
269188655
495654274
612424118
386178211
78846329
133148974
328479493
36766664
174264881
87879756
324339473
654479742
495058221
110853408
40663120
66630990
22787899
207354261
0
226372963
657829269
659528656
528125909
36992619
294799223
318020354
17601095
408443395
116091805
564505881
95833940
389101252
168256789
571526261
553631414
353755931
145180128
582291682
315760790
213899616
328767561
489856084
614847711
457471616
348358804
24507075
290933402
302427698
370543121
150143395
292489529
254210575
496950311
259941026
65895974
426178498
49630178
494054749
281968125
50616003
33551736
238423042
656030920
193871027
638041932
476413578
113691573
240760479
285724392
238961575
85843958
319068131
43637741
326004751
0
0
545400507
391771142
295429982
458423124
7876528
249910788
22596400
531260763
233368204
608145606
556929586
287236146
200790503
369359064
0
26952984
515403795
584313877
39413883
535462781
655253950
455996869
503248068
124180296
0
214128924
138039914
460198951
113545610
212466355
108708016
134778210
621932986
390318052
608156480
486240032
175415290
47519108
664630116
552277203
535746465
620747330
316110925
585291614
53569118
388313226
97223197
361456741
473643409
431033779
560576735
260981159
444826047
296805827
35894110
547120149
616412418
642378469
0
48591211
354371190
266078794
220453647
410639595
650927877
633654283
591894003
529917540
0
220606289
103535598
502006155
480961226
174859012
64751469
59512922
311881234
532255850
64092880
427091057
666424739
597708485
53068095
0
347391787
154224579
630183459
54536811
148829890
387291029
6298004
666256607
0
323078828
336943853
105557644
617160221
252354777
35289809
502062856
0
452339843
122728049
483734243
176922316
635393050
485881384
383542437
229155622
311679836
476411731
45453235
126562385
497443809
326953286
364149596
17123241
470930047
336329602
135930797
294223739
591209977
540765308
62409852
570904609
134290913
279053215
57306252
64022129
474686596
82044736
352921548
318573992
530435008
111923852
215127331
59077708
449933478
32728800
0
445145007
42984709
389866989
97985147
308058903
385306651
312336253
294490158
245523173
93094560
458623436
235178606
240538757
536785401
12403774
605345919
663979566
163082164
143614431
63679783
277814401
461025101
129745986
349145995
66111911
0
659962473
613959009
576969267
83451207
0
614508627
289667597
604924246
499864335
440156606
112165345
646833149
408833506
421144367
615816027
194717495
429452925
302043275
143006077
586378896
639532390
566020713
165445344
43266277
326413423
0
397566875
359790572
295864549
313653515
269320147
515763671
222276277
587721194
29923886
29533205
176411084
594192406
310068296
631496937
534370915
633875262
128578954
607652122
340057118
146149238
393504824
0
546246333
35210857
61442951
495348204
199528921
425287317
235004031
190772944
206872332
101721266
175352700
561097321
572517934
46229502
479075585
126277843
533883234
567953042
239730587
586677133
166586557
236711336
438662452
27872828
235423737
578582069
398441845
48655970
527880041
564623617
577944398
446361497
124838464
62793420
457445566
302825448
410434599
555173273
211446780
577004626
0
663447120
253890735
235756559
218825176
662974671
591331689
259840371
30370532
627141947
370425423
457456215
46081763
247680019
586104171
451363197
347902614
82169408
319556326
5456280
624867699
499627674
473540858
386020857
222570759
141923710
425435338
359449888
616904858
364313618
624748431
117378642
392831674
579106182
596723013
203608066
420975741
355409535
141172456
111826254
118141812
287483737
584345156
303477392
309063185
407756714
399345472
388156415
181714027
579859954
173089950
141742818
351176635
192788964
301027007
67401429
62029706
216786611
132851104
319294176
229380383
406064409
102709431
507100661
502005745
500462411
0
214452658
358928293
499975743
0
620182668
531997557
664701489
164588598
0
0
635344913
462878163
261138577
536553573
55036642
378005443
616230532
643013879
0
627349920
503637370
325656856
281664907
139443784
473727143
171632705
527564335
100829063
501855440
323138718
593378377
565652829
546076306
286427105
249294349
595680527
481339730
459429694
266363546
6444225
613348777
645285320
490627282
176447865
466498494
114842539
374986868
622794222
124995386
633960766
118628622
614269857
439248620
186007516
27668254
227263076
76346457
154562336
414392660
370257262
625422435
446515071
606937919
0
208379468
304600530
68244426
249133562
168726771
392578006
171619902
640279035
0
496128417
246896829
76227311
333098109
260351935
179019824
587090185
382390341
365769441
635247939
450569131
167126742
228655117
433207840
633364927
631798277
88693949
0
653243047
471082962
583682288
223243363
141648385
137512519
445144654
361687761
223834669
497768501
519867991
371161556
586254802
487976884
275282059
85894441
182528220
100979994
570556026
312431107
248246507
40616392
99529490
457276582
203210447
152434550
0
282288170
439840207
500526922
262039288
405629152
369953764
302948446
242200136
414606916
328733680
518568413
219373163
120865729
0
483785101
183700664
293481248
510444269
581807895
380820600
112461964
185284962
426148754
469212235
312713651
517766020
535184805
408018872
137378188
77120716
243016937
208048010
196825139
270816195
463941783
147318712
388261347
470802184
562135000
492053859
379796178
569216141
47667670
160817501
521027677
128838688
24344955
579859583
155716411
529745388
559325903
269241196
101955912
605927024
159651712
175069573
339497462
436778800
59660
10664050
616816269
104520764
165683705
162447353
76219893
610268409
144412196
339712434
0
0
139791026
100441480
117552426
608398318
282927739
110918994
297681469
307976753
358497368
533289095
649664430
609153656
495345198
98565915
278331318
251967506
623477587
276742177
555991960
560217648
4305299
447464009
138218022
58083141
638216645
130133818
513316701
125644382
123742428
237256120
601683261
615855347
277595577
354004198
655914734
135890869
105003755
200319623
240973295
528363122
369343884
579444442
649099992
283996513
250365350
153648457
566378372
523672488
124455272
194723251
467206372
311807589
390485551
546335291
424278293
547803827
239216974
568385823
467005536
212924729
222316174
43145922
109892458
174271055
452142662
325379318
641167440
329097590
394687646
552450709
301552053
0
155594926
149659736
624246259
112678072
183097280
248261563
14226489
563434021
136744751
72667398
349714710
249893148
86627140
366158197
355005002
264817598
224128113
422812422
584986105
414698947
271594205
603889701
405604443
0
591147729
401633758
536612773
33785387
510775367
54006767
479121163
561232796
516914690
325698703
507792371
140749290
122394708
197264843
666324164
195014627
204932254
222978962
80519352
459275675
555133696
339195742
491713844
624574717
486250624
109958779
562385285
375162322
434581601
271055890
647372148
386128907
614752934
387000617
220749409
163078364
456646711
435259069
419144509
188217728
163294110
581449252
196539490
555132020
0
435694620
331005814
376861519
297377428
613814281
323393761
661464899
33817283
544982922
619034469
233848282
153086151
78709434
139013573
438934295
632938585
197977636
0
291486919
498445314
531663157
296543582
0
186838927
65483961
557328853
512030005
209581594
147956738
605361383
452135235
385113709
409594020
540441736
81624598
499998376
292096937
128064995
546706272
392027127
78546577
618619880
629194387
508594669
177706355
481772743
120925055
65602988
113039946
471095877
231039846
338911636
139812378
127962834
510518144
200472568
218052636
45271086
157096252
596153348
130932498
550612911
534208456
190809527
230274200
329264060
167268860
327713161
251475229
193769203
46419884
520365471
0
419080736
224176380
579142935
437733605
253087552
542077458
91783657
135924351
0
37222603
109270501
537997475
417214789
457561226
76689906
655572886
475928324
311818089
356996706
115413509
153032147
531293044
281264632
0
291257264
279687488
422699876
296130911
152236811
636180029
664861635
16460281
185247279
122575848
479638554
531329569
657618918
639688619
655126162
67088420
461260393
122143726
450420107
273177423
387046517
281119802
385153423
137110219
314030038
21460185
101626280
37164579
377870697
195129280
479782137
524023676
521381110
30602587
91156920
146512120
662890798
548348950
286446277
316210235
647154176
414230148
656207888
640266899
95857293
90678897
507445524
91424668
72850165
434925832
434000646
609287357
33145497
253792465
361162962
598904772
26093458
588020898
637312258
568527071
121510063
592155529
650326114
514798736
331074609
509736668
71317452
62344699
0
252094622
90466332
648608777
175487850
537045302
178281163
249152690
548903808
176774962
530199498
481275640
448336629
455086669
60599255
590739755
38884777
350668467
224995861
9392719
601179729
286907798
588346497
502589750
184042441
576842125
326437448
223448830
170865299
525050503
325983712
657638967
110023598
89276595
147397776
174436489
414931119
465030964
360712002
0
99485503
9550637
644785896
165111014
44606083
60383353
499213334
374885435
539957269
588576756
501735273
0
90412202
186762162
67019689
356733563
243204782
0
189922382
212124789
392880026
488852732
501724496
204801836
470325882
226151809
419929601
181844504
16574901
509116405
230861378
624067111
19817883
619873122
592807110
10049333
231250969
44124457
11757417
500168129
364632640
190102678
371537562
507765486
259186589
528078724
662771201
36077788
517892104
357357563
538569077
373183632
339395095
384750496
403160318
149868906
645533994
518072543
393309740
651958190
484492562
42445423
597434138
605916914
161621345
361122618
426561749
458872762
203334995
14978890
552568138
480945944
548036741
40942459
376324598
569290465
159296153
511052206
463065905
278743626
558473371
90783552
0
581430688
522805223
319693778
533935398
25193948
223004293
61832105
291670493
553988545
28497635
172256952
418714688
159669211
338619847
529978062
560602163
232841417
39815899
457188469
452037623
432078338
447493210
0
634785176
450325690
24680602
388805624
231379788
244713293
524876763
30777690
585918871
228550684
298140358
3293888
624527548
468431150
144763530
53244021
621402546
299000263
209323758
128991632
662430537
528726950
339915222
87288802
104588050
95609699
324942569
240085735
177265584
608239637
414729057
115377848
418670206
421019921
179832109
619307269
297876775
207395204
268006525
511715928
641727648
560464921
0
283545435
14009089
474959538
48742643
310938935
304854597
338808302
179487853
202399096
456470724
441761597
103293522
417548404
332034531
102042510
461505325
566723505
411069179
329304445
525429909
490703888
69415131
610786190
151664650
99914132
143266242
617529194
610086903
51492050
233436576
582345809
100807682
417234416
322872028
26992924
366731687
65376496
401336354
140606594
42824263
180073250
558463161
405515283
303010129
0
567566593
612651356
569316810
0
95444866
71864227
655279175
79709020
112097709
628360628
232301029
155282520
657441539
110532141
542676892
159665677
274897615
588073737
76804412
278173609
376006454
43566291
330115479
481917887
589300961
163838158
319578942
459402575
222088460
124501962
155607630
326951124
480167841
275427667
597629564
27745140
125539041
273286662
612106250
569260749
313759503
144923134
603886333
217065039
225736595
655836036
298955124
130201081
629381610
641195465
138005381
245603827
499549889
335540851
426878554
131194240
136860467
645678417
334890451
539596303
117842984
79421472
455581130
176634793
146584944
175890818
127070987
200551957
280199103
334301568
276122655
85871090
154763574
172181326
282304562
87918812
373410028
276912822
91459475
507824454
126766481
407867022
417862062
349878207
271238594
364285125
112660079
0
70893989
298669671
508722667
218585508
433559187
6122319
235016577
506187527
142655963
202809618
412300862
247304683
588637171
229658749
506868565
317739108
96580900
342788877
435342450
320947607
493547223
360023484
311650737
348962641
74723211
461721122
300461602
98747815
515329689
135477783
600920373
497613885
229221780
8500856
287209349
0
436802667
232039141
294972397
363529822
519254494
367157109
143304750
420555101
624178843
532741569
349601186
565380957
3701455
465933130
158306933
212530371
37097863
291996582
511162683
417532633
619933914
274458616
248254110
542960596
307609051
570765549
501076793
173129362
559438497
519376013
375415250
605780813
569406772
2788509
150946007
309367281
182568066
590544211
623007297
136249744
367666401
108106756
252427026
642576585
640632090
57277035
445678298
279169333
227760463
632414240
69468220
214796691
400765648
384241950
244268826
319815333
591705627
282336771
179922593
170638925
309146851
277357296
504572675
662013099
263604473
625585164
0
354472305
432382745
618530332
558143632
525001748
0
304576752
406408976
429732592
380559315
235163882
405183854
558604547
89930631
281723262
105570204
188049448
155294610
541690788
505727658
253531166
132315386
616562795
544335730
514024634
394561947
293098682
363549276
188888079
460557204
187497738
210356305
533613460
100086331
429425551
294980911
467887032
608419317
211437950
312584975
160321807
99522345
434618220
35106310
560850760
247924418
224874320
485960214
264414436
230500207
434600719
126753487
274162303
178888476
383801462
529598605
653581417
0
158053211
425997791
311135256
310772270
297325949
126933867
397419330
644442213
573851720
538603204
340614782
170879028
451201656
287829274
567585370
431383826
154807598
99843200
138023588
473239964
76721837
313435874
1181589
532019979
598740030
31942639
630567176
654064671
383209976
470637192
76358801
272926111
143945860
620647716
120697496
438468333
0
11701944
413437459
14766387
125530876
288011677
71012030
356435810
655018134
586317376
126214208
515008581
559934249
626096002
541833021
258212328
72151078
576615137
505474940
514662808
415450572
514702752
331072996
643261512
229903927
651838337
342308918
335577913
601884977
264277673
196286043
556441041
462942810
288314112
466433190
55389496
490093263
0
482850542
23322848
237834307
565507069
288786034
387812053
358220890
361007928
470424505
663919772
602003940
315657771
507945494
496752968
0
178567745
227519483
0
156955297
535976497
435368547
0
164992584
576587420
550887173
632052604
513509629
142226817
459766682
650888735
0
425748221
0
649061760
600844178
568344998
135885772
583368574
592582894
98570854
399802708
484092428
208509227
457874634
425856497
114073786
499888445
649513037
382922923
452302705
399363076
366236371
665751636
138906862
520662024
304137566
83696859
187691717
534172412
64619425
80062564
142121801
0
0
403682029
427198409
224348376
419897788
147855811
412337979
0
199180540
78130915
469792205
176134843
469999731
0
16434248
79854638
350270600
616667097
444627717
536646518
115853466
447232227
662702121
543903731
472861892
244879394
617361244
583416254
474008600
103487310
217453470
588578064
469775608
0
532504495
162650941
0
410192383
370169751
496123263
363017391
150666175
138522423
313023229
410627676
455394938
485519015
495129849
290135198
246354484
588177861
558047804
85114482
661305014
56718760
15831809
373024613
334929342
488332188
598877509
59199586
277319854
93333901
416927474
177181029
379400260
263593686
374669214
507645615
246950154
622407571
117264747
36810444
509569137
576084835
601210372
250546184
337679308
575539239
172673689
182872957
161464527
177159555
555947898
627313958
150468485
548279896
450341145
468808878
631154406
441878228
250357810
0
99076155
221624558
385805939
204597548
0
137144820
431482835
338454721
415425420
575903283
112905802
623814531
85830486
230674577
445897885
20454854
213015494
632892136
139460740
476747281
264630512
390172023
481644629
513191833
329223364
456258158
537670499
345400595
519119887
635630893
386461707
496250128
0
552742763
567930729
45362248
297768356
377082125
379801419
178395338
652329737
526260033
97527272
666491829
179622104
635712132
494845296
407451300
172946680
465550894
409904116
368222810
468475631
271370813
331708872
101690085
550220666
440515103
173218155
225512784
157087878
374164815
442225368
47219149
620397771
640230197
338964216
389648659
357855817
73716766
553504291
360070826
598294430
61394067
473999378
502505820
250876027
533387230
49999083
391266596
519897282
614918277
491265357
658015539
341512233
184535691
205008892
0
605728183
58652523
43590471
364530827
619817175
129383672
494272136
222843407
430259570
63104254
26808902
180481014
272304058
0
75496291
556977239
347848865
274942828
304622089
68405191
654698315
601721651
402288823
604764769
22659376
256207250
64014928
0
193962320
628798571
367391067
286830452
657748264
576248886
149396171
576719417
657594695
504562297
30144767
210052812
204382780
143619716
449508485
406114164
520070946
652858155
190912837
623826171
219820432
333195874
70156150
253321776
175841617
550262863
99497918
224359979
546552537
304378046
533230256
95764977
284404065
613134676
573086453
195337395
500904932
72422774
370376914
574759052
401131155
67176568
238910068
564920494
413021053
350941906
532198434
262754645
258617768
253679419
572045820
358780094
267534162
610412370
513148082
508713802
15916091
120116217
85418665
472539909
363534987
378226214
338810433
458435902
389082987
120917249
341553059
302538611
194059235
518182892
148131166
229923829
325424479
300147472
209780650
49060332
284290115
208615591
307402605
607878307
289148366
331851937
210089770
233994749
397335405
390729061
496803149
22572262
576092934
116977581
418811494
653878030
545887926
424441060
423576791
178092939
157022478
597784953
489333323
414044566
609399910
0
251459992
208087742
254253155
255476006
113926370
456759611
39946930
228489174
217522323
153133396
286448083
465931583
541420228
208424670
393834117
469263565
414214315
135059162
419276689
648401506
108476139
111523539
445313220
521450927
546058275
420612966
263814614
454472351
496745084
586344161
60252588
241307736
167018100
349452880
402252086
392601429
94559591
368678264
0
41811190
407969680
610435456
455860499
238937616
578785794
440775054
523159083
514002507
30207995
431951371
181245991
207595122
1268436
304122348
55399444
218201082
244520069
110258734
292673118
536551129
652705895
343214186
644573690
478363748
501639794
190374375
33436754
181047685
293287823
412650308
574973090
85812461
0
466709361
539519688
30742407
597505563
659123420
619180405
71602370
366861962
280347316
130414110
576683830
87313858
64781109
653033451
559392006
518994723
654617043
562446302
0
551208472
582732893
192912575
0
27450528
0
422603889
588979168
506134264
297034426
200849089
175030297
628076085
446166273
160789424
273893223
310378445
447222035
309600576
0
229909005
398336082
291679013
532702725
660570175
648213611
496248398
0
317028935
520674841
0
308402625
657856897
310949188
490105451
475125790
380356294
179958114
408965057
301404667
623730220
569826278
361094340
153630013
365211667
50083537
628915794
644671242
100627482
295867121
414267018
154307264
502614284
495184777
280556427
271498453
166195073
147204680
315059134
337796462
19080530
592740438
528413215
478507001
635140149
28980396
666291712
178697263
640833968
458398991
445859030
655749149
386782371
136138889
191949262
206920822
493762557
345612372
554358270
367951363
95566636
254815571
228864713
85785791
75082070
555932021
143470960
434408805
184760582
23370936
624066399
527978276
392489613
599221068
663434409
183951181
95125302
533658967
104972858
178938082
107580682
537985731
200383623
4421482
286324118
382121926
289900289
129948727
636595581
424471577
568553057
305261816
515075957
132944769
486125191
379874707
506855196
62056800
638026284
460025954
138288027
94610624
336800042
653799064
231941037
420509288
421524520
0
319146627
153790637
158361113
469032382
275233458
38931665
496676771
233606653
34000992
135053374
144530778
262294156
23487984
452126645
205418947
448374080
41637506
204248903
197968792
539027371
374799366
609066182
478930658
396416276
364808929
550129496
305705330
328185725
479371023
414957776
375959609
610839206
94471059
414470029
302368030
530201117
100177445
37663494
174740903
600843118
596856435
329559846
279793005
440989620
528258845
139616881
463581059
219169727
413144392
41671181
154612353
440870457
204284581
75940104
161865095
359874277
533908892
625302024
428801827
505222568
141815083
593104067
132899497
505236646
128907311
0
0
538065140
87699685
164437080
306566033
153306508
395290553
0
400460574
606356171
112175620
434317794
105735259
533365597
0
625982063
404948519
576377609
270427116
520031118
185915502
190177003
127768282
305017147
568065853
296865048
86988153
559111484
536862607
250980255
165244110
80591991
604170248
81818959
420661850
0
272893438
81588209
423009651
17293299
442132492
552479712
9838585
540772209
254462839
0
39881246
166165136
473203277
560403006
261415721
410886458
0
31556978
663214420
393012670
650344572
67262169
225367478
42316838
536657724
7421961
211338387
58059673
24534283
617348429
352159265
30286225
540775189
100558251
414759279
361280774
73442955
640285639
133373573
393811996
431286782
340645050
571566068
258557602
239047174
612742331
594465633
545211813
337038319
26744728
199511477
103278879
443889660
329761306
0
176032844
253636994
348373262
372373656
247216082
225061798
171426513
623656852
534126576
447453198
76239486
383771219
364772424
108393537
265152996
559703676
64714222
476601713
336897529
201638312
344035170
39447484
303904689
372955610
450919825
421906212
424009666
37050343
446715545
224705249
460489386
123474812
499273433
359231245
197325945
476274810
606253645
122324477
137584473
234703521
307291603
623848455
341432475
535657962
122905902
33836397
172784114
238568114
388148645
247003722
115368486
313835101
505857193
65811148
366795589
491523338
97143522
70099653
527675844
238336108
313361950
47949142
605478146
274896966
330059801
359116400
525253159
0
459903530
337497675
82970940
94859166
109919437
575392016
462165457
142211759
441678878
3472246
532763901
220012136
443097346
438207193
223387230
451211389
567905437
646742342
39096033
0
224251191
451131532
421333171
153588470
650237509
149989125
164281118
349019201
214035461
291929191
23163665
609273365
201428302
485191699
392123557
420844443
398331174
0
367497307
249113033
314091259
296153851
395727965
252594329
572351806
123630503
113489197
656602277
596287190
543116065
53012607
306870708
243031778
221388261
165112417
60750294
222726944
645156404
464359371
585231361
505142287
237092099
485154455
172490911
157869615
322211063
130600904
438160039
233797894
561320216
85541360
376438585
553902921
35364143
0
69593767
463119482
121402873
574340864
313650699
533811143
159947854
40022973
82280027
481813020
582547310
191257545
440960685
432773231
381868899
233413931
333666863
603618317
477857198
592716188
658050725
258678983
88327016
296938092
125301010
145061761
646819822
82935889
82082069
502781192
123600937
141183093
491443236
77681758
192944995
602586963
611162617
498889477
114083360
488237395
477440898
391296189
543153800
354858461
575355139
155090250
549699470
223289016
542408718
598631425
560856206
206482671
611936930
240612305
615734649
391495293
217627979
388781053
0
187081512
364815718
398281192
568492009
29021992
336222167
76563302
73978628
535487756
500553763
285098359
190125511
417733806
218604293
207967854
108226101
492171552
430719422
478539207
514752466
156485377
73973046
6414710
461792353
256157927
507752869
192243380
637458699
508802603
174269600
559323262
225235660
274811785
521857525
599611433
590112807
346116213
195054133
252207900
220069712
4502871
173713152
250383980
285177863
327817914
107336628
113136035
346723739
453504322
85963092
122770774
376547274
54853130
377030184
356845129
426537756
43727553
498170711
174870435
344922573
123123958
563840764
6077250
157442375
503912529
663806626
498992434
162423055
51686276
564829549
203453271
186941523
599228209
516231014
270917360
51435816
464883396
521255049
465013854
95690247
263191012
98009138
239816679
464841103
588955759
87483156
497714552
213490592
0
129401476
621980304
96595034
192677570
423170808
474163510
263265062
170528428
121466334
252572513
211720494
0
455217164
354651773
286329573
663850690
266129438
267084278
606722170
364284919
91535609
10279425
523684900
213292520
647381232
471272810
252921324
113748862
581773929
445960922
268291220
0
315181312
291952869
222336109
502095955
102930005
350717094
342569271
44348492
100996028
0
473864048
402340961
558341213
80862000
336784478
565572778
285480734
110541805
549075820
138431990
528543450
46466700
557198020
339470680
495327687
485324144
398603038
145179540
618172651
255164216
572696010
72314777
114535546
188262582
560513299
493574145
30019899
459282455
80868910
488268078
71153161
171325579
76880920
523848091
124968135
387230259
253316716
257100863
420153486
587351
498456478
336068335
578385924
495026717
200609869
539619585
216345719
403421149
471910104
666107374
526948894
306410743
291087757
504949779
572344255
95884613
46825199
652541218
518113688
236373132
529045207
248903446
455173427
600037260
150528101
617916665
558260863
306012733
413051945
416193715
560332402
487556895
312591310
527044271
143780599
432335365
125767946
536292882
50183804
121680930
129653038
202009034
149540945
168325761
333688528
585175473
601427838
239694279
590378896
517089165
536808133
570287115
182596259
459217596
461169250
119147013
573256235
623312262
471851898
405327440
102447354
230335019
25146239
131909086
14858256
237147134
464131666
607882138
304140977
0
238839601
495590151
467966797
620418810
196285879
613611311
435257042
195940616
389258227
206223425
213131095
623328235
259124680
154066099
318826282
650303839
49778184
439048217
436036425
0
176289520
49681973
638744382
68688468
46416794
221753113
415001940
105935399
598423622
335240342
590832308
337939743
139524030
311088575
2583889
524284023
184380219
249662798
534477690
395515090
444982696
402322034
44696438
163516444
509412334
207998742
0
84844590
629907521
601421655
604890213
487579175
403755778
506635037
569130713
293216111
208898546
525723409
224504215
592696622
577164557
36164808
11311840
303332064
558600651
58362673
28986613
433780585
598986144
311179293
384053657
151871631
408401933
544954011
444613600
560344123
528757789
338394060
517816568
451418951
578053524
42479633
76091035
364146363
261599780
447579170
47223438
250292605
586792987
463894628
187260868
229556966
134294868
408210254
154078430
400189910
0
535075913
540707548
118959490
50691861
133497378
161422414
65886346
239898542
416901032
306927098
555492263
442483082
363209055
502215538
544794906
548968716
631078820
601664896
436181438
194771628
460436490
286641806
542540397
573040424
204042171
554882233
187910791
547809018
461609944
340554690
231825964
385945556
559571476
69600937
193176572
35373876
130550451
354964073
257458823
250736353
421875333
355535108
127325591
130561720
98721857
404838717
253520990
325181233
191464754
319552873
163190037
345368287
288756445
125034819
217940267
0
94650000
361408366
653049077
253484749
201172651
381070071
579551004
91242225
116586142
22314460
0
546277957
650090885
421324146
146638473
192574042
0
619495556
31583464
196470944
158175011
201964650
483596717
468900277
665734958
569042086
541304108
190381889
356412428
482713403
122920084
540302657
362367189
29158320
576285414
539781677
204952217
520736159
626795215
300212644
57746072
327977507
484637558
276351948
148737690
17815548
0
140232099
383317076
543987736
155130341
286877395
0
172108220
269039717
408640837
630697765
576282737
66906523
633074236
147514026
541602025
145031902
64969117
583319317
233467200
0
423367864
459888684
583492146
346458634
535671099
51623774
119150347
234165772
495748556
400465791
503716489
493435398
525647224
596951020
324605563
21417452
639340678
472866552
0
419093498
457074304
228008866
663195707
270437075
188571472
485287950
75245483
164769129
578367893
571668576
455368780
167522703
599483137
154985092
260946985
445545337
324676151
564091595
300530835
117094011
79422781
406143996
293911155
368394507
288129926
488157725
536230635
438903340
316545581
318810132
91805368
661797015
610342262
282343839
87411822
462669387
117117559
605328864
311320484
560209588
322062530
497195134
567072821
441986583
345812018
613595411
52069125
634530384
233703226
411307341
450083319
129631759
457247641
638434533
597180677
662823500
63889039
208629535
0
334210947
349264855
76156554
552654040
262718094
27776935
156198503
139658969
0
622298170
347973390
0
497010134
169926996
124223150
648436001
17080997
380478045
153764578
54032594
161131713
198001752
248633247
490485102
131553836
194223373
287364603
605948907
491182741
343750830
268583138
499682557
508238545
364067903
523709682
142430297
49693080
272066085
544148248
404305
0
156222701
557394022
229005288
0
639336918
471182069
144381891
510582240
344531516
164573739
216326231
655101274
631927001
119447233
248362560
133305452
647751555
619840673
451959590
274069570
280568614
663030356
13738296
92928105
12203731
0
55289602
552394308
660456121
94799090
210065665
95807293
611593762
133506667
75172583
289963491
32568939
356730391
322245756
603866286
396316583
308634376
467013842
63218454
596421206
339327559
466632138
0
298071321
3960539
360162741
60069196
98179262
525983327
323257445
401621281
266621947
543949276
146225013
88893730
449708052
191540072
538111415
62686084
241195876
580516986
630511567
0
367138883
234386910
477548414
604811574
614016055
81549872
281015783
183502968
257441957
296526423
578905518
356254513
464024609
560593357
177294855
427548456
141444525
241391665
142317010
129184438
538456702
157437940
339710975
383155159
596411476
641897080
0
288833491
103264343
589106625
508230059
593859050
569028531
160403163
577715462
525823924
608479797
0
71254571
57046196
582460170
45648707
658366128
890351
612380365
82525922
279591783
634934445
204569720
653591990
436579241
322453445
508288758
212063173
470227582
272314525
584175424
631342633
332864800
12319351
321545380
220291041
480246808
359842699
579527265
299491874
521584560
123107488
256077475
244647772
127169860
110524957
574641602
378299177
354011502
430340507
661598550
189339637
88413585
129642922
399826498
23981615
0
519238029
124094006
324501939
163655391
0
375121681
91334225
416003389
175555203
435446088
337214511
161681086
288414655
502995263
269234287
592180090
444029705
504883109
474325434
85671567
582504847
571107656
562960370
492946012
610971593
387594288
0
469588763
645756136
493555761
482982244
554651546
627914616
483380592
612750333
627557052
498539138
309870491
483091634
73865648
444628822
591755943
463179863
172025385
223075314
224948151
93457703
167873890
350307627
302324816
136288540
472512420
242259425
45373000
412049066
624866267
194963718
595654212
403113706
456297987
486637155
223309920
80555994
43655602
87739784
211773786
21720426
500631592
526546217
171340165
585092703
444738461
59744346
471034715
554714869
204319114
373410659
0
164285390
248816270
354647895
421540446
240473220
58469117
511894826
458730725
109759019
72967546
662035543
180381437
27396489
0
34731859
392715152
308398254
544793147
157901775
602720682
551244891
241550459
641747686
335372782
502314941
65573403
236640178
418036212
665489479
498589741
58976492
0
378778351
568153993
376191938
338201527
262897242
33022568
563289985
256519438
406762869
56028980
625170886
230276347
20767935
463203692
417205819
59499315
541108152
435516817
162166356
118269219
178089112
130478631
500564416
251963544
0
231565511
160124363
565014858
235522687
356202298
55229959
501414553
138414080
15446640
527340741
571982852
259579874
544198617
357962511
168900268
653719037
448476642
564526444
297370950
643263769
617271358
347828512
613889065
0
119244649
659917867
140067169
544701969
93000617
518619761
542759988
177615122
119311047
558147706
322470082
123640300
0
44031600
587799676
257548952
564178338
22004248
384502893
582682565
56030614
527587657
4707534
110549131
654214263
393796651
108197729
121966403
247039449
199061631
43589818
540396685
458554662
46943064
313315497
114398492
160038148
416883446
577417522
228348555
519518096
226755512
620732678
160794730
552426717
207068041
0
484241730
506079135
368884641
437394950
21790534
359052097
498121629
303915611
495287051
334126151
238867420
239382125
319172474
409498431
214353927
272140109
563826728
302639226
2727568
252388159
364347648
249470682
637839537
474592099
587757573
632166833
21632723
170825063
376303012
631925512
634507400
95353937
190590876
0
223194524
500658803
402069239
518602151
356667508
133652920
629591588
110830593
518690530
401471235
201438060
500381887
545875298
524512919
244731334
142132417
114075989
550192205
590147076
310834513
598195504
273569376
605014739
559483316
613100587
506710294
272131958
72958066
415393450
590105857
630373870
50913837
0
531132253
346571356
240538197
245070742
99770963
269408203
135865674
449950580
273545226
509287757
168983852
520915327
322346829
437649029
365006409
493947266
578576621
402113070
312053879
283674154
341677984
460581533
614759951
9869881
150163056
156904221
0
317973710
360624672
228015177
99370309
485333587
0
647292833
541129902
590702558
434323495
486264283
116799150
362323228
324434059
445767
305401100
263200305
427008479
220431213
376220681
389762784
404433046
281206971
533401696
298867971
0
618501803
332873760
359972640
93228908
173341800
269227229
519180462
616911682
161751494
513498765
574025197
110196962
180010179
154960311
62394710
412848346
549142038
76548813
117176985
447447054
214902333
136411582
197731502
204962800
604380054
362047114
224749423
532172158
543970327
332178612
621119670
641982796
349684778
311978069
280338003
42078290
73177544
455274260
105050926
184834205
442638795
257830121
551492459
60061753
345922645
533600458
235370004
373160014
662390646
114126120
88098660
351837835
424901260
0
636486060
566523726
456185604
449456815
511758020
518848782
0
488754375
661933135
529536247
145128822
520904967
2698972
508299902
540226266
233584059
646589654
56090759
356105306
243888123
164707628
624751211
553561845
69065563
152058591
46040391
471422033
571623620
623641503
138694907
413286739
236204398
595816820
562702299
548634916
13433730
564226660
543644782
52202819
615096893
32022874
515968517
47905660
491875052
617812556
379432666
90918059
295754527
53606135
174760812
593032840
275987348
380624911
71920152
25812770
372846060
0
160698425
34802060
0
325364951
528311205
405648515
127528791
453439674
98923021
81483723
462167739
289811844
176272639
608982810
581406668
449638084
664465723
514870079
550536321
220968577
524402234
470849177
468324589
74485563
384937799
398839547
127071295
67351301
206760014
421939103
363336086
269256322
346263239
502754949
544824984
334408315
489621707
461743451
0
394045038
503732870
130992327
544450820
488910435
262437215
320932768
85675443
381028666
643466817
148590855
185117505
245271482
177045483
363869163
171764827
247790239
311585488
43161587
533647119
295144799
71490548
633073280
245274742
122580489
455980622
643701532
545369824
57825391
184082109
465160716
576036467
66773220
513516857
429943885
314320977
169129204
100374141
308043964
171323452
581272064
430757263
427762022
110228587
654540528
360411
72190143
226799749
566016324
62493395
244411160
295576578
453603292
590416211
234186912
350294110
377583301
461941033
214413186
188358445
403556656
43195448
536135095
150892515
490594781
93974164
282786561
1482312
4274409
635041628
267998882
327425406
531720666
12985853
171951853
48336680
472121718
618750727
629798505
510904089
0
557531447
141247101
242953403
191746341
28941546
537016987
473013208
293223852
474504211
173336340
471139606
191676439
462867054
203084191
643926276
190920991
582334973
282879864
57435954
488525888
108504647
0
187217423
153929486
215895624
0
478805730
245785062
523493458
197907426
505727876
545723860
53281611
103170270
125285136
652250460
311255199
411975096
223272238
166527592
113369846
483623964
384299858
216885553
506194199
199700236
141739193
538688314
470094799
382265904
537141636
230782205
363883792
614423816
64265906
203696481
560076400
509344379
120798221
582749380
481772743
102918974
587409298
0
41958036
357561767
37815841
297245910
68328873
0
203143456
126109353
169737311
215125001
126311571
132285665
292253076
362266827
384122911
131114733
305725323
245153316
379830904
321796475
157395951
285179138
299604864
421644449
448119121
172303003
163404598
384009663
594148993
104346231
7076132
374812030
289698621
78215542
529697857
47143319
114534063
239183707
414287403
65856388
466269741
94384453
527110279
335678974
362914919
647671337
314747778
526341501
37849591
171576285
292539798
118219807
618026006
315719948
458349950
390776826
492238547
405672944
356790675
449989572
246288557
346614256
402846286
504787984
0
55870966
589042908
16291284
371313354
101962609
542509774
92672274
188357673
429591616
362906244
286128092
599200756
163016798
596748658
369683620
374234080
573752795
391328404
261451914
323122798
537121348
347961211
148171849
274876685
0
84680945
390030799
0
416084386
532096269
456084548
11869262
409967691
77339699
293441881
105876860
504627588
595595712
17031296
0
124434808
212432833
188059804
97810211
449858792
142519721
271057419
516175511
588188191
658122568
580032888
75646835
619965064
165519476
273686232
570470662
259383914
129848477
538094093
412933059
596325015
114612790
0
353827686
569692101
418508608
0
45369272
304539359
0
480219244
286955734
79904191
664969443
54940882
309098790
319408403
269165070
468562017
162430869
530800971
0
18517877
300572124
471366251
150366626
55274911
3329894
88442051
78276519
196838173
197322783
349041495
607919906
583709732
400190241
173139101
204482002
48333327
636982673
150994604
344826704
567870988
336858504
386924474
388812726
480481750
307512187
659922550
0
194183518
4681991
502974727
105497896
132896088
324779013
573124631
653958621
288929647
633878285
118774564
440976508
312676176
365033389
351516229
298675698
24850691
433259904
91691857
506098978
6352534
529466424
491936205
409325011
463402902
232464118
523334651
410149170
548248091
635888408
436162821
469914727
415110307
88265785
245210029
261352343
534717457
85168377
0
600166037
318301758
286865827
415044388
162203187
363921054
393356551
648534482
540022073
442422324
285248636
0
226974039
143503526
629690887
142173777
194253141
185643562
416436630
216714602
135750880
489277937
643239085
232038673
179783385
540569532
573712224
512028547
634149569
136593537
655387337
481202076
250088224
208739349
477766245
192505660
538033774
413769629
360741342
534857969
121570945
429177160
456585266
379928689
634927385
492137645
195204625
20771636
407007389
4253979
266857696
497669696
66376750
230559120
647360098
455768634
22357592
148488020
593212830
445862835
449642891
244805630
452873329
180334874
171578867
322762239
0
78567876
265135455
379175542
381926857
187505694
511314336
0
36697934
363818904
390899643
435595496
11217963
82579621
244867388
621841711
90105648
620190977
336236682
486336659
66419702
168576473
138938162
351134510
456720906
262408265
162166532
51660712
357199661
445438239
141125067
56115443
251509540
168929764
307219195
605754433
540161686
139587743
528425693
530547357
623927363
435971744
666304811
98046202
385438081
627856690
542738108
127011626
639034971
590736923
154542113
595901684
229831425
200639897
331405394
247272449
299907274
244709936
106414172
522268046
579619169
145840369
557550415
652087800
78756387
134160363
540104927
190421835
383458920
213625859
607681828
625534888
182765157
63652272
3781838
409829449
468784742
413659868
357201261
222978593
105153797
576946778
457474798
337696062
492383435
641089365
405963194
120645208
333434841
417253577
12688845
248701315
0
270808775
57870774
541312504
127123121
644437133
64831013
4070983
89352051
395181450
361776865
199862362
161322915
577973403
528741164
656805265
47588472
432836
274909602
207688705
651391842
655244787
116877014
259136193
454905349
625116944
368962352
476941349
624890660
336375300
264865162
247658621
560951655
415373922
489906105
0
118265666
382856844
160965025
84787683
659649293
210663483
521342935
600668758
177413206
647522287
81759056
460344229
0
463063890
173274883
404285859
484419723
296022904
145185445
150425028
108247640
529252695
11081138
73836371
111040368
94294374
494951676
74669807
0
55167437
385320971
283209671
247192676
281180282
645760804
580647015
231463824
96160083
268744960
126523519
278956152
445312394
549978487
238118746
255382083
141873937
167449290
647774653
517164805
420584672
519831090
0
46591370
575025053
468331390
402197333
662951663
513970419
467206372
615386189
533420850
315486864
269054558
153750944
510217437
367543569
250834727
58273743
473517995
481868736
587693860
401666596
161408022
366320870
287079429
478970018
104177581
162042513
371514365
42270767
646297595
15544956
45513173
565832521
323804178
102033747
59394343
184872860
144415875
301209146
0
597689197
322462614
63871304
369929417
269103526
595620815
0
370342038
641207502
407754658
157497869
281837039
170537006
54084362
321848375
530014936
666368139
56543790
517534897
222934605
607362302
247135621
12569380
555739928
346357107
562577346
380431503
468547637
0
392343789
170752717
397063012
316290178
571717148
190493592
186973386
599418308
438801526
234996022
424942990
486499471
178362236
657523397
138719445
250635248
558799105
222710428
657618624
219899381
185511368
331154030
140241832
53789823
71094412
311379523
34613220
606071563
558365627
316293701
362694418
100608314
188981327
142328887
622901093
463485622
0
465518353
326810513
593672351
197613522
262939226
268689849
77744310
178555227
458342640
426609668
601315305
444542463
457895833
319960136
139773910
0
103447239
324501432
353092475
311608574
203592885
446750826
94688929
376298980
567355507
300236029
60169052
363624364
423131657
349275653
111045728
570258593
644282724
256251344
450047460
586420251
67796977
197113766
150150477
375577175
361139461
11144423
567744436
282571305
599749130
352318847
599151035
250515887
649170613
446991776
467991123
467645284
453147092
288670005
265346634
476564212
473252330
663799087
67849992
249350159
292334859
609804670
355872154
62780822
561203070
603518420
159004080
98030540
386351996
584990976
586194895
348649733
119955447
142129901
106590964
122789529
581015087
324560181
74163867
296793312
94721948
327011218
464407402
217422615
113405082
158336124
3043294
99562213
28917787
142851280
464027917
561981439
639101155
555260032
364289663
32300869
429989686
161899408
538666817
205771118
538759397
31976800
492303887
87058267
408343015
536858312
183442224
174394995
397855726
467722463
195137437
593041344
386718563
186044597
175558340
0
38975100
100802160
595022295
319857290
592590772
560258173
37458606
444850631
630551886
386057231
194709931
273242069
571051931
65072096
584781613
324338197
119615515
348107196
348501963
0
290121838
479011041
11645023
556418643
643040296
107925475
651364781
296273364
625947265
241476418
390247401
289428335
611942792
445871819
536029698
259650022
109203864
71749343
135835729
331522024
492154645
99239105
462391113
241468999
251171016
223254136
174035701
259235088
383269016
608461211
407583607
272030219
662798408
0
646497698
285265389
74837328
431754498
378971570
510637663
346007564
333412030
664502054
455357178
24927500
45837298
167258968
372564322
165868676
404493855
350136213
32019013
290220216
498327582
349775001
217031901
445642898
474053226
360153840
384081759
306570235
96773672
44924436
619041228
601296417
482360603
120496567
656727085
348216914
0
246834605
371359262
213389273
504257754
478370991
50233349
540179649
24361234
391274515
174839928
218318732
114193289
460107269
212434171
148484541
138006351
101905002
322316487
613600482
313221203
368551192
206456881
321921153
115376527
635084096
119745534
274823435
371274732
250259310
182525698
650419459
466367342
589231880
0
231566754
223745760
327563192
560009599
339036814
542297992
602973974
163596959
165798511
559828622
659024471
414808668
212386704
301153987
394340381
428775193
334063402
619422730
79709020
511498168
250105848
513389463
250552561
346652482
275233875
248048476
247425261
563555123
655064991
493156653
34704286
455000674
512387447
289356751
79763300
0
301539536
604651165
358274705
229690161
634159842
507551621
656559205
546870395
232354171
276693272
589213887
636011241
589891931
563012502
24599734
371119784
9913919
110585863
270835607
158484437
633359468
475470431
509978791
179389981
128147656
181570861
141083915
288433102
125154975
566238799
651864826
483602499
116650322
394578875
85816413
384732161
451327672
488665684
206238130
602584294
407219491
398745516
107188454
565633318
130240228
456195118
0
261291948
666456706
333417681
295579649
445318158
310360287
268230231
466058778
434004969
0
150592835
20097193
0
348066086
0
345035418
577614137
641401308
271952402
0
351088163
99609695
575422328
625186086
214432795
305893856
319228685
114072396
606752065
108755612
69033072
94220592
531158018
413163582
612272304
456451010
40425930
30581934
269719646
464037542
434180638
139189346
214192263
51931058
285915164
146712207
15921251
343459698
608521210
254104697
317296167
154294535
313569361
319839931
336421761
484981595
37011124
450350460
650568682
252652441
364825843
72694299
538514682
98220128
0
444170929
291478842
455811357
538392105
658269296
659837702
103271172
66389785
261008705
276454093
494381571
588059192
386086005
541088900
298028625
223999718
291256366
511516783
204561670
165013457
509394319
472308356
526839754
321436089
266445180
361680081
86468159
568784010
445785482
180622498
427591891
553877722
297211250
574351075
236441752
474202758
267820374
375261000
350109659
420476602
354816021
156683185
230129725
204345091
36221976
330566751
141473786
0
481917191
608167502
557645949
296280662
535706403
243923567
298763369
375486104
116518553
92393520
298368938
535306405
409010482
356284673
149187923
0
516672986
478526673
0
173991049
432426750
554061771
241140224
143468460
252930395
519655387
398429247
388573952
576198362
134509899
250252910
101115654
290608436
518624942
556245662
315912495
551600052
558175556
558785805
0
484224851
260409757
61753691
322335535
515575737
99867286
440959351
311800640
209418740
282755300
435692901
303884522
205716283
127640105
133614321
461752031
288592948
513613267
412922765
468936071
517358483
118813552
371964136
347084148
518642380
0
28232363
470616324
201923502
174120231
525597011
587229192
616299676
259320503
486876842
614562408
124944071
602705437
281814427
236323083
493177652
493007019
409000609
407859277
448935272
486638869
654542682
410362792
563963483
0
0
247303682
529672427
106797460
122039019
104550028
466868707
340682833
248956864
369329491
631648417
193214063
53988523
49072334
188784759
101752669
652833964
128143161
438136493
374229307
0
172195354
334788506
552410708
61793079
426346175
252556511
408647077
22840246
306939005
394943707
441253274
467838839
0
120799521
244063582
101976015
179399836
542059305
532745701
456036292
379031112
187754851
389708719
595804974
405030874
169291059
57487283
228322139
368222100
290829230
248198376
235695182
435532989
487194199
287771200
620397429
83080027
553983080
658944607
264827030
84639213
456234981
379151873
113229769
156525417
39581760
55661476
0
560697796
614936062
19186787
106205673
41770968
69858806
496862579
294505238
285222540
411173513
578603695
274035458
355696258
231755005
363232661
125270514
216585557
514463518
655123567
395119951
269155862
396363926
96734509
223728495
130604365
616682966
446883693
0
131373610
227864067
569263797
430643366
510782235
651812481
289601747
256973311
287360225
660479023
657517188
282936066
634586125
338212525
111895518
216975389
546315232
67661965
233150575
340874061
437373795
366703615
603557446
329558857
76011332
304991205
115955415
350472379
450028789
273713287
263543778
399618474
608678681
651947852
221644274
536739136
432727638
419828478
233100472
544312697
565963277
386370067
356241060
43753593
0
291654172
339041645
448364472
0
407410029
131670114
397807288
569886962
663285567
14137456
32684258
289156782
482749783
317598443
200361037
287657582
25960318
271089030
313498537
162395890
375850545
150602354
0
340561889
139660968
420827358
0
522474716
6962770
73279731
484228542
621257512
83686510
527692458
359062046
53371282
594859722
94697755
525480816
502455256
119164641
606642066
364014512
348958808
423575449
193720102
69058326
280838657
390561192
0
246040724
636034823
451774682
377594527
642851728
431991612
528773407
234706805
103755279
78506696
0
343764240
303822172
492437873
620218188
116939715
596007343
423687397
508612530
153233707
0
322124375
546838342
475982584
193914722
499014636
82815555
537490661
44729996
46855360
259722373
206078889
344541856
120237086
560653055
559455424
243229031
394608194
275170696
314772062
330061537
439316229
223554940
218955633
606969658
510657527
571331411
310918525
414039568
67287037
588856083
338205569
472511643
650204299
130045976
63215598
615305606
300091307
526763610
117886877
194961021
39518305
649889102
0
208183386
72335660
292684565
140961769
303563702
40605596
423659660
635056515
555502408
26992604
575054870
63703294
637089863
601969020
454605766
283053625
18076429
53683679
370783388
11171339
615799914
475667360
356935935
571928742
441071698
549079091
537311056
622476249
466698670
0
496813788
550896946
459886527
357753792
634840853
414838639
520710357
330706884
643671417
319080619
238874640
108181896
552401932
35392177
155004572
79661206
607652691
182081955
553664189
330094313
531602230
0
24315590
424083795
88454220
597240822
425865415
128762498
647294763
0
462732436
220231224
307149111
608591887
427554718
620677669
57721606
452846175
18137280
242680193
346311091
586886777
74447168
51502999
277134599
142876062
184155915
456349349
279116243
442246849
19791590
533362889
209496879
216100317
220504430
200597399
42095286
86751580
475357050
153241266
349806360
152677571
151840034
606687062
635121764
332939341
248134706
427966244
168444938
549323746
0
0
71109034
454229940
513968998
303291385
523587417
608187452
128971809
552597716
598747922
216395098
546188925
47315359
36571744
3867086
470038431
145265280
30195224
133042983
148444648
405911890
337036117
45970793
564028195
129479326
621055715
555980362
473717248
362746423
390516440
462463795
564697913
525578439
16915423
196263175
286399854
535366133
174234167
169834192
643137435
607661798
304324178
112734085
203003801
87562553
0
318023345
70085983
256671804
258955607
618670989
7334177
61625926
567182443
47930085
489697971
485561550
451513726
127525159
198077824
371159990
67381376
559438593
644435851
211668064
606380536
577676222
386015571
622040444
262648956
0
599876240
225196414
663214713
0
8986057
460814635
551687067
82199196
185527971
460301106
504065946
620224028
473418653
533879657
384568421
425384633
295441822
75316204
0
581605609
0
307130653
590801311
174408861
244542179
480206852
49996119
583397875
661930667
156653501
635697038
313316939
398986993
473854396
541752222
633086337
169363757
64649457
592116673
470416654
308976173
285053831
16191775
5342591
181785672
540858635
355753619
584553650
644134009
586662076
277041156
469611998
256643274
581196453
515033520
469039651
319869807
139263915
245394582
0
386022423
521152572
452989461
594912726
196764574
560213564
597171560
52939072
285193364
0
617818170
530990535
82481342
595690815
651703728
412179405
350793090
648187689
242677093
454038730
625655152
544550444
169291202
184699642
23450130
252316272
576547209
200620685
452782005
567020466
117933730
663269438
552660442
428743178
651422086
426826564
480500368
360346673
270601434
212493231
634387634
617940785
40512962
70843945
58207629
13377971
620133756
603955452
335217691
409889398
297767910
291439437
560971436
298651917
661753414
58625480
158698393
599375237
353099033
623443522
561516611
324395450
480480253
449092342
450866951
554897370
643451086
316923288
663780400
656440294
595696605
466005281
227537528
213629814
248793093
663592787
465921719
550331544
248426191
623598167
453092099
244506276
244657398
387324938
641667709
200449133
166276141
0
591069159
294523034
44414087
167836135
371199806
608445146
517277830
662557414
48943040
570717672
588796353
368316574
144653030
64294937
14775557
299382314
589121530
36920886
106701287
331268162
497993912
652547180
556448185
408606058
225290314
0
0
422661447
35385526
339401433
656258306
0
65821643
61602234
114853273
394766892
589629627
460725380
368031639
263914481
636555018
467891232
332731302
97002111
293401761
518250252
203410176
534361246
327641941
630659046
196708998
232547150
461335395
415770900
403760802
462316066
223973794
647207817
315014628
470858224
560941796
238007238
641203005
151464733
664249281
314101083
608351138
377483694
8198074
409547624
218953939
52583723
607660641
105929248
216806997
348359239
165975568
596682025
575472144
515282181
547370612
352889024
582921793
0
430627434
123958531
141953523
509983821
487120195
525325083
515297771
130018652
109291199
134643370
208178370
219139401
626971547
504330627
313113938
415609352
79412362
375854569
529412267
385833909
24028917
321893556
655493835
54005699
443434029
278291843
291044934
585609318
270215000
0
27766254
150102722
248477652
296171990
259954566
441953546
40275097
140902751
526522212
302875926
278920729
466128781
291761563
569248987
385802030
84336637
241052837
240829959
360494307
573583429
462076471
0
220351646
409542560
621362278
664702347
648104570
53477852
381973795
572450563
284470094
65168887
262764233
526923427
589323138
389905381
664388674
155183732
618048690
133328919
617048810
336176752
526668138
178437626
639633103
346036214
145300624
658452554
326896300
251091744
0
136640303
521598358
562371365
346530918
545088294
638744036
159924060
373727885
607848369
0
656818605
656798561
619629986
335640082
207478775
341566230
92463525
444953055
501315431
262422083
362571914
399837507
345659230
468335666
413301711
215521909
227665103
197429290
420995425
656298005
90100611
219385348
281835353
640731412
166614046
484547166
176136426
18110467
394917279
145653606
611145477
428824835
476647550
496885266
55050076
4071363
538588969
128291379
643059085
10039927
26542492
270799438
595886986
130255869
659841766
144164295
2585066
424296099
250944695
27443252
387347158
577349648
464106848
638005176
248803425
88535383
161748565
385729094
597072057
523417919
35413048
500092403
86710171
401974210
301795395
177673932
531226577
524974252
410860713
513851047
391092093
105534430
310087463
650502042
160352465
302494258
252830904
336756298
367089228
232550799
582072666
252004905
348251701
457505656
0
666132880
620587810
74173175
448980701
30756880
351586878
252985084
115497224
622040445
232399667
381898803
362121116
425115038
0
140958546
264298255
536163752
0
490916627
505276519
457582720
537126084
73115835
36594693
306734977
196173415
242198953
225991631
228880068
255189910
549912519
233874557
241523075
466630422
0
148564226
190884308
0
241913495
464446965
422293196
19475878
302960884
384167681
471083347
437526477
0
448546017
211700133
47985601
401375582
416919881
104308531
212762367
187486203
126156021
210746156
554862842
552493848
439880951
127730134
352938766
438850579
80304955
380026882
391021797
0
638501662
490935848
643401192
633934254
0
355002646
106417653
34762291
284844095
185527388
609984156
76299926
0
20492636
117921022
0
56264589
274918820
471145067
24762626
246428731
595844080
125664614
364397079
539824596
408955653
639760707
161940975
120671037
167941711
426036856
87311612
644569893
211191667
63927506
188469992
614306752
396815732
339387911
460132360
47979117
200496835
659866708
455869385
70471254
664432423
562412431
660713622
518068380
177282758
538256524
198298930
124071572
407163947
265738512
648566621
247930144
302343003
477568420
537944459
225638849
628381075
408443748
627891133
366537554
235525477
260654841
84928419
210015414
277958812
655528311
150466182
55004035
361519223
179293689
559793404
287826234
547083295
339146409
624908407
280031408
245127392
166736357
58332849
486017876
66012888
278829240
21529663
69908312
485836904
645416706
343665840
0
400634701
221186386
627750085
534189859
660809864
602752973
642496465
415031180
378287649
76681048
9834201
186385578
580921130
562247547
186952525
544340542
639603818
36278946
348726183
307469131
635464676
613277899
311805360
117799149
554372138
223759787
92788302
57726316
459824085
511014991
357235039
186038226
23729846
505978376
402329021
284005146
431281008
538127899
605437817
386297375
0
558103834
314079864
529817180
405555256
552188166
620073136
383862591
546155467
510089137
635936060
294131731
332625254
625852671
550189744
61726171
31176150
121026196
385279211
308030153
518891532
593971390
565267980
334565214
661338489
413032748
104037199
99221650
640773637
170355298
55928538
416715257
134524991
246434452
288108749
494018944
430971399
335195779
250744199
188122710
151749722
59729439
297731483
358449008
24442025
594678704
103847306
506017603
145144556
438291141
110806722
427882909
255781717
0
194464788
410668061
168086829
189102865
0
231921884
0
545952470
486211200
10379058
424107181
211480144
0
78257904
346901980
501224905
165257798
114008182
614689302
575128105
0
141964810
420570027
638103507
611384146
143316450
461448734
156148768
116197085
607454076
104707123
366692175
20167597
115026799
141292337
0
157529086
553064818
188593433
429842347
134901656
287307890
200408712
327220472
640127518
0
661513885
117989808
1373375
631922858
627347166
316314234
313926629
664318869
26358858
273093400
635708315
314652105
248015763
169149434
17605230
634471923
615064500
411445746
139111888
304082743
626303488
163287956
128872864
453847104
255973594
506872111
380164865
461656614
250575868
625746723
422420523
272036044
302797090
342316816
606427159
140561806
428089091
498827858
390181426
425028798
109253837
449406014
73040811
127437609
144719110
171658703
109099281
0
611124290
259467790
662944032
182231544
551771592
591970313
182008406
642159188
351294057
348919318
290534624
49677839
97266918
260593617
402998716
644127242
186513316
42258759
506789719
87660387
524119553
0
264564195
231133065
507434512
188515521
37300334
476154162
472264694
555689294
436730952
384578293
606692629
233455197
434495354
650690780
380971190
0
3072873
588689994
456202613
134161169
189433326
256649869
558615549
633535325
302257558
190859470
122536662
341524080
299437659
57958428
433783209
350504513
149903774
113876225
0
448829623
168313554
588460656
301782540
25747119
255129565
577954195
88899410
583196765
5459639
340068143
524754049
117423327
0
471146881
205497097
410433314
640391189
119578383
187971970
115602760
111961145
535946236
163882759
400471077
313346608
231300322
489604612
599508339
408788703
363632945
166165416
477751317
409418003
320803165
82791173
0
337899573
593151489
372271534
47665079
138767931
147841142
90681778
489906015
218624811
237234935
503991021
654660108
448866098
0
221466869
147171813
155776060
0
342976030
132371902
176078042
488900673
402693654
554764656
235683608
564131504
106783986
280481944
364808694
53495064
212177891
372118549
645775761
546664554
376076983
20580708
433311109
384716826
306759698
84400918
108799620
433658584
476221134
317940729
192802065
263631818
252579022
625563218
0
648196618
471376417
652876316
605774401
108249951
588090952
637624021
372665378
646041749
148387582
242163757
664939815
577865505
567756200
439314784
361364356
275169615
98171393
247956033
219688423
193354335
135803105
584211335
457848409
234113129
250992120
296330901
243742935
516510575
108096485
436361897
201237396
52197889
179257281
266919146
326621538
209182117
493187680
287893581
540021173
70412306
141046004
87696710
622435151
532806690
316486108
197860471
256575517
158551319
262029521
413946944
12751230
405546637
0
549198127
38998207
132819178
306409803
8322604
296701973
185724887
260521315
23373890
75512519
0
143859306
22577986
652105752
52487198
246915518
360260089
214858684
411517166
155619372
576154098
527663983
13137646
0
640057875
467338006
177961248
68797766
115409576
372199925
371272576
215791557
179825504
70908101
162395458
0
273795826
622991078
90749877
624427859
658273945
223088167
458516083
434832120
544273656
208670577
436740701
401946973
337592185
243644079
49895113
338225557
617104145
335215458
306566499
123665050
450618426
130824318
253802944
167256037
309867437
106172293
490106539
511496372
592819103
461899192
481584960
395052627
387198161
0
648385487
38551073
0
475457700
516525022
451677384
101548760
506374552
43754752
473705700
271536381
166546971
258754147
315687483
305897531
620470335
227005712
311357423
412890681
94540251
459912371
47777123
606563035
536589446
220360807
167617222
457538343
172609011
30749178
527759312
284513006
120646745
112189157
119470208
49658279
351284422
581825713
187202040
565857827
69583998
154342442
436294572
316068365
652190210
269051031
653052770
132244400
111454822
649153672
342361635
324675926
630790218
147950996
181811606
47639006
296946455
395011661
0
85846941
139493193
0
156105155
355997638
473609928
652613376
525282698
102144716
70709057
88814489
3050138
264552156
183993129
0
366139474
323205104
245043353
429662418
103916564
199700522
651818235
562202178
367972787
626110331
123387472
569049461
648187820
94019005
84610972
357503213
647465035
585331936
583993551
541365870
292480687
265954861
553810920
656170097
583754252
235657990
614027393
384232737
0
260189666
79279326
571483362
336050068
333682386
220653307
258530367
506833011
139627530
0
164625889
437142214
297056848
190418508
58557636
656672401
433824759
0
0
605656494
639322906
515607713
146147080
258923674
143251086
569653012
661014776
572704758
331037969
538080961
158316545
437163078
303551849
607232993
81059855
104101468
243635751
232457530
590869415
474134418
369171278
321148974
599262774
11324150
396573781
71945848
540259055
315065834
74712935
640911560
400773274
330915724
11833912
642658861
492907301
74756611
504063605
315119808
555559480
525904672
340800081
645220250
353761974
586480738
614940000
486135430
111592511
439832786
270764818
553432240
642304494
400658087
318930784
608162594
443204364
544427846
337489824
662631366
603977151
349399661
569326772
532672926
174845580
408641573
330718398
258541146
235775176
148235884
440110906
364363289
246843695
131587505
266867424
658757767
518486571
416753463
81881575
438131134
215838963
160538331
274841937
366068575
362405639
56918776
473280529
364533238
356659705
37387488
483582537
26374538
72636131
458893012
270809685
170221295
623205262
0
310011949
494261077
181185067
63830026
301117116
470710128
358767597
19116968
325500521
266768434
403289296
438300894
142006355
611436027
631314458
173766759
299379795
276126049
501746018
21420918
321546232
39358853
376862413
311409879
453500212
136577409
494577552
202127422
402008354
219385614
38340303
343005295
298895834
465147954
496146674
253212409
591764048
273806082
445923695
117440923
480647459
123649507
99636787
163557098
542705592
243857513
25890307
301773275
321160645
453385283
170500351
616190718
344365088
632319474
300206549
209429198
366435173
649378739
523979279
159441237
342904272
258612743
471462526
583863966
84887899
626804673
117818109
595795818
226152921
338715587
185629949
102430154
293741391
357608004
186450294
329551029
645873256
86352282
139783092
414410679
585399176
163940579
41246918
897528
665699931
221241279
625931096
628543608
418469400
617012637
279599009
258755926
510233131
482944373
106623519
308332738
582590655
201359271
150943419
163899836
377557058
508743428
642261431
598970480
239736162
621123512
473931403
613234588
25426519
292042626
614330022
561310928
0
348858661
96115927
445968787
336557806
467892209
522222986
427411590
202978368
186517105
135497441
135295687
389660552
78590382
0
407217447
412636721
209702786
644540194
353686389
48871946
44120756
553416812
574283813
48665914
318874457
0
352061427
136614140
250774673
36455033
317977703
608996252
252353247
334969864
349682067
624173389
234048092
332605985
314417239
615470169
257144386
575113302
628956716
412476045
55113753
77961657
207094116
484843114
570322735
132570554
558537759
181145381
395031874
403036397
275829853
513020971
182992890
595975341
359400046
105229587
659748804
431942029
393370114
27388996
112507176
292847133
295466694
551645145
23512663
195074035
367827928
271019607
238474340
295397265
443663036
0
351350610
555982384
340468004
152310252
327275856
87231771
575454919
209408462
544189738
344440550
0
171399201
65380399
175795818
0
350280603
35227816
617175599
304571299
173996345
378063753
634536664
646196338
525025697
317860171
170530017
127028365
258768627
236919940
425056467
386438302
241173765
0
308091392
495976135
56847127
28445073
231430539
198351814
564570413
106995482
127419845
130676449
146036758
426242
18703526
95074670
271706744
382177097
381211938
195315186
254162971
424043476
51869626
429349283
416122017
447373441
117245081
0
84138359
493943485
497058343
412177197
318552332
273609986
408776199
431025125
202782744
498995484
520833305
37623879
302410528
381941036
517864902
581218222
124993968
287369045
448919882
538065140
634068006
442167028
607751999
208112544
302685722
34180209
524172194
543064204
533868598
607649905
49480896
595418007
497260319
146632252
502502869
156106616
514395432
268183621
387880501
443376380
128757034
506566812
322140108
631324054
592804352
287757978
538511324
0
154591140
174779314
269567711
376174193
464009615
98999560
602441425
435749405
637682468
253039334
359827200
646090738
521160583
199021668
114750830
351520112
639914464
213952604
26070331
470336557
177039096
295778074
107273285
505315662
99488997
98685362
174462674
129476748
297504182
444487421
209446510
80116115
335672627
410684995
464958211
217582121
641562464
663810566
4840276
648715856
306134086
487156628
290479243
26725110
354875284
334926163
239763115
509589899
641762124
442587988
199561294
455611425
656686962
575526352
659951222
241018296
402660022
448040180
87602196
446709183
504818898
637025919
408569698
607525698
184100829
577946988
536963190
185735417
235224037
0
44940051
121498174
274967241
624028138
656035933
130564370
540976725
157303245
449654016
40935038
486431682
251987094
467060990
156809757
644531537
0
239757920
82520049
208595292
559664529
423533051
369647139
566078132
35187005
335432629
439507607
0
350222995
414210250
597596534
292298380
636224901
63988330
247047426
176978023
96505277
407252684
213762234
188910305
415244705
0
0
16120073
402873110
276874333
275582139
8616957
556156068
474140755
381647644
119199341
121670699
497631355
551180094
110070218
318407746
610809705
566170415
49101085
381945831
646557682
184837067
397717397
597410691
659362991
323423931
628627732
198383707
273298941
453027602
274160264
295163819
448793396
386565513
350820704
403823697
533475792
606908294
652564167
200696348
546599429
124193761
276020521
46457235
391213845
0
388227818
438187972
197857749
285282630
154879858
112915861
605421588
616494589
382787548
512006292
509321635
196477751
457138538
337195521
609788733
422143472
517734475
370364478
470704790
485135519
370405455
509132355
298822749
15333136
73287317
434912667
76744872
420733362
130328585
87409285
459144055
283232504
118070245
185920136
56031848
173791772
392652593
427003405
362755379
251508717
184337007
104825333
657925465
194509571
584750141
219086997
428770977
653891428
42735371
463181702
147691809
636568161
503383946
189310369
249343817
554588746
469366203
146136230
658978030
270248952
351159406
490553941
327372538
627901589
376407968
115070754
379046582
56666467
265882346
0
429459235
622432007
237691289
59952754
505100507
375847834
243047952
222128820
434625490
166992328
133072892
583069710
122746465
569892341
459344505
295350579
637192332
606084209
295008701
369768801
576800472
77190952
397021139
311992558
265075306
66658019
106892617
325933079
459797071
554856953
51629058
131617318
11690054
539548411
209156931
25029591
32251346
116316388
575289294
6903176
295653842
198960562
299313915
507515661
422155179
340852505
274765302
571268345
491729071
419267003
374821275
110342711
554013222
342855374
663223452
149408888
210008926
223054384
146945929
563343617
356332645
171288227
597994236
270608518
106406792
624739402
535673217
291662433
422759234
635767476
299950616
186445943
60590183
525083996
332408900
59607905
185198037
589478578
612585856
270822241
628329329
173382671
584183677
216709225
146271052
124410136
146300172
325943675
296874458
517899984
218622198
100048206
0
10012232
588925813
550824020
493283712
4650415
597720608
437144584
213141511
35304683
662138953
382253993
473941059
647387178
3310301
536725048
390835894
56314230
488028265
517315437
239654159
417849121
297641683
18093251
594250084
143407457
76961958
0
170942222
280975936
145741989
295477502
503744765
134184906
489186247
254873140
210934898
226905210
248439200
576502248
320927623
50794124
204490062
448553709
434725889
542287079
4188401
151420857
515609297
206104128
404009088
143680826
572007641
615623700
57429881
47204756
499312877
249358938
61649792
244091746
241637055
552146352
91890453
236122072
392244202
632603797
154508438
424794542
212466683
137290259
208404676
560408247
95415872
535060535
18444845
496707626
369963308
393784486
228831985
609146874
146578322
544239737
235731808
471817708
119771502
58371837
176625373
36501286
490104163
236785034
165185722
642014278
467694333
83484282
516714011
280375163
298196878
53636880
223705420
204891380
188592574
339491098
400024726
378187099
482014483
157611111
349763438
71086766
579556361
279715774
106369511
68668810
188797452
444083454
505119878
261221679
572613673
628540062
295504387
418987335
508970890
516614409
23113111
346496772
465500836
491951186
104964955
361377834
301993493
590087845
330855704
416760976
242089476
416553144
404132947
565173896
102988151
124819277
504785438
592739050
2692371
210338230
564352570
140818141
321692554
99038616
154308658
155098975
346195048
484283155
218568637
244435075
15261579
340081920
470788131
630186660
654497653
111065968
666478
629089237
264922990
500979542
652756808
80035865
0
478992947
577190092
60850445
371031443
559239607
165900788
0
351885610
110073716
345922065
380930762
27277837
61345626
0
491339339
518645433
44673316
4830918
40907162
39261365
600426746
605578168
9621270
160193027
88044682
384671769
286570450
129481020
388842206
630168706
302852875
86592974
178176397
405124607
540988096
161747144
420687378
294061065
88895436
449572424
346425379
372864587
586434558
40100065
166768625
237924277
549583668
609918029
186533403
543979439
648339675
83308778
214487894
139758285
405187267
371074374
184206264
14351422
506805297
577113161
23737562
170529301
459681779
51679738
416894975
0
258480534
187048736
450616761
379805906
644071038
26410454
419701049
401471033
476526375
53062346
514722823
172370360
291399830
281552415
10189296
28137232
323820735
552315973
160851684
460901648
35990465
331515670
452100665
130761798
527265769
653115676
330025758
434079421
580371594
343480741
0
145212526
659983687
384463011
650080752
191884910
25118616
283732449
651755724
351369024
386026665
645386093
121257743
0
509972558
63275065
320140946
470327224
457445566
666540548
617556856
279259196
369112092
371803723
188533064
249890579
608848176
636145825
155662832
144875742
524800536
0
114203326
472884958
202829465
549007945
222909115
248608658
210564777
43578229
655423557
433351533
535954579
286655985
106736586
308994263
105417060
528623883
339873487
513033716
568285139
29024439
541690788
211006571
25238305
176182196
596332749
655349577
649851609
89220740
44616224
53135138
206202798
0
422573741
395264717
199080120
173055511
100107213
602635808
69287754
249724916
408715728
564733382
613774912
283352324
285996689
38580810
414123100
656188497
611377609
452406839
247795969
337363714
99669220
352879584
535384871
108039446
292159363
402240917
281259194
198590886
0
100693344
661947817
520963837
352006607
522283769
476464098
536327820
434940680
622010109
239694325
89473139
644267726
99719464
492881542
425174264
387939028
104158905
126170185
444809023
241850317
179925924
219005537
0
0
282453389
663434518
334382041
537272752
138209248
612521014
362088635
559926794
452759309
192960535
459692021
320202649
52550310
326064255
139796117
26675684
632648177
581636190
11450883
493931876
177673984
235469779
519807531
153835453
210264351
98863210
223320679
0
639174199
15061052
644279837
230557613
541619007
308115384
375284244
0
432210307
156202566
36843902
208255847
502426696
605277782
580376293
65837771
391341128
281605430
201450594
404377668
579386663
446389996
533055554
206586249
410946314
199598095
415773863
0
541287912
205510573
472328725
37247596
0
315454451
653484806
95981115
300492429
277270092
62674129
123409457
582447798
129647539
642739708
637384213
636715629
524707047
627100042
261589359
407765072
0
568991529
592487286
318652021
370551354
663563255
378272570
521645849
313309478
605187030
286777484
84291660
465258543
55682337
126995141
659277140
405944073
51748433
96317451
524061696
230060192
155768934
0
115508485
208318633
347913368
273070027
326954293
22073427
378531479
208042682
511833700
38719712
463903710
280286321
50165220
430355510
208597927
656152184
638813985
488496127
404568746
8544036
175287189
523416417
439967996
577905677
349428968
555842429
653636741
6704336
203583363
554520429
518807725
456242164
452959032
374110132
256243637
386541901
493887953
41599011
345736526
298903493
495592841
454397437
183493812
417253391
22612961
572943393
153076626
0
503742495
184635241
629162461
397600856
246477179
461032539
234700138
57525968
259877458
429997453
55295680
305784458
181429083
268767025
309683676
301416364
597745194
237619622
543177936
649408441
169151920
32995199
340424673
176180650
46727171
337983871
222471079
549883474
561132202
224315885
36844479
445769578
15876353
446730613
155776783
400332581
105165031
316588693
319034354
459728964
560653806
504101893
658007735
482300769
597840489
367196970
442183868
392912067
293590108
278338943
75390642
436617004
318410645
103718679
558236323
376192034
618927117
318935761
532011156
192121761
641493905
238285846
52200804
112022726
300438643
0
30854877
94699452
593625592
0
459795437
331967350
80634556
503023802
399772786
288464424
115436351
334812432
248544731
181865668
642243974
9778955
24391771
308818237
489247205
266207932
442717628
624903090
162784307
325514503
224134965
433442519
569859150
249661918
409514677
531991984
522818520
527575279
645636246
71925747
260473949
220112445
84488933
345788908
548098970
635317872
162804190
590270012
232108024
246999725
102696166
103179260
461415014
616804029
590831107
200274498
555320226
615033957
365654361
176584867
141430632
397912324
418219623
396153433
512238574
110152356
177014374
34487545
38999375
314698109
318419886
491104964
427395442
34113019
406902332
301521428
453843662
206757952
327086897
285073984
585564306
513379357
355555542
629484043
102969690
284085346
396314222
575780649
219964674
352589803
196509342
609286977
65235830
381436593
656246764
523474258
3580958
344415454
592937236
205056906
29847364
87519114
635531212
37163524
226784339
161280427
245886329
238167504
126687082
19752473
218966863
450308807
403892092
0
0
42127756
504757536
334632508
18676851
149859198
486812670
281687611
482566139
168904583
433787960
586950252
534420887
156414809
473649732
314628738
279124554
122859093
0
468744698
433987770
15143248
203204778
376333973
323433626
341809605
511950462
303845753
492526368
552149358
159882004
6386765
288388845
596140680
311414286
388866194
596564702
520236059
472114949
598327802
345320349
428092566
46642501
420266425
640313186
125716533
247637587
658757137
174857823
210311932
92896913
300439257
69957734
506235359
598656440
399387261
63397555
181961229
613400636
386611251
59871392
556920259
15881283
579933483
312071445
447023639
476966691
332328374
121154328
582709360
582204920
575413729
0
570237250
563138241
203893782
0
0
443419149
558932676
457937258
538880580
406651197
532479424
271116399
243672927
398994132
559717506
508851614
407055628
91049818
204979475
121655643
266687762
211167301
523196530
112342966
444179890
291815916
428076325
625655850
562322322
52233017
425820908
170017915
155649683
602790025
320339781
342892781
140248374
646522585
187704277
663884103
200799890
557480443
433204676
407881758
59442044
95134033
372883692
395760872
139298490
614306752
614756828
395570535
82770470
112631340
589763419
456348792
635199628
70313803
519004218
280853214
336633387
78913582
441580676
186970123
21903369
160933036
99336366
0
611187973
150513835
622970128
220562971
38610193
650296287
572467054
402217015
197607170
89532287
323354074
550206275
480986319
567968121
76520066
571159942
580807026
109837515
75318636
602193087
480141856
638419737
617449568
149893819
0
132361083
562567394
616178514
592594864
0
319606177
521187071
411903055
474925964
189913926
662461745
460874724
619693152
331123537
140790466
547664204
658856892
109887133
620229409
164578795
231586940
113800900
218213290
129321392
222628907
645704
402777351
391250622
457778766
215645378
252431270
305991934
0
635656801
666319549
271863460
194001027
555413121
228025018
539704150
279854793
360689629
368595890
246216643
32774056
279695455
189753211
644118605
559138505
557783766
3979273
245127534
273016495
144394265
0
490260819
371432551
221882649
444676515
589829185
517007739
656858779
0
35065441
337148398
552010027
357458401
534368290
438266664
377037873
396399765
339283822
263146623
115326136
79303102
615712903
248831542
551604478
174734028
191343347
660404777
545429442
208209896
328838536
415039724
64053864
174956375
216393205
462868004
560926029
0
617307860
435560820
29027306
317950970
656396664
449850486
382351546
665895379
74813050
111009141
443483139
79452360
246031545
5363201
64930298
282521265
128669020
613794264
215946054
581205794
319669594
74743309
598787711
224728792
9795837
493665844
288015416
243559360
282937293
503884326
553912971
161214501
194647065
561171365
455051089
137991558
292591094
129527944
153156855
334542950
265348863
117444066
578987281
82969037
49185401
594487042
540047351
411807702
203686019
451939843
354242314
181484832
416157211
1643677
283379522
656506773
43700319
360039863
460992105
500849752
171709031
74305964
447297461
520719727
424719693
300243125
472133497
212114391
463056610
273124694
380939245
441324179
640403362
141110684
533876176
0
618635159
441011475
425951199
387326860
502420829
333054752
172546041
229372044
576199501
0
237013530
267541115
406501827
324738238
467337958
30006110
259897648
537405632
94845421
275753193
123773268
506777746
459874971
525602564
439879839
485949735
134731013
0
90600881
211868096
211313727
23565999
388581614
469283518
536351854
27402917
559041512
253407312
128194998
546406584
108702235
563626830
176322593
555393309
55529897
469061818
449344275
263784739
112602741
336269237
545502970
35460423
328907887
451638068
90011563
543948089
439425303
80570857
276158028
490673825
0
166954732
269036371
109559634
42469733
115545275
298024874
97931663
577398074
74985118
286789143
23971709
545636175
0
157486199
372464779
434750687
369371352
568145933
0
348785442
278989467
177265728
276523531
213594662
282170440
630070047
320768632
137050300
231647964
622858406
58585805
564125124
134386625
460211428
222453244
578295598
458302015
0
480788503
616241930
488147146
55411095
356959169
406650819
235954782
331679724
238692057
486785385
137904946
365772908
264115477
555850856
100119703
283075719
224341024
147633990
235764018
491681610
480796036
603543316
46173146
274108264
135454480
291492571
337683569
269147189
51945991
114790295
592066617
461414787
547145559
633788815
611590246
34547430
665670646
288980468
617287730
288306591
653940903
258480896
171106513
319850325
0
80577997
442733938
601560125
231114508
581758300
303675995
599301253
543993383
537502730
635423891
369601648
123563798
372951040
28706274
536291434
166463903
193607165
570080781
194298593
207840558
17197048
551972417
91240950
442733362
579828930
232405666
240711924
452173740
376081933
661724796
575139173
486707453
272294252
106222971
269234399
144366279
591039336
12530349
500277492
16988524
442507757
435059032
404689948
148456465
657382606
120004715
616827656
395782176
382640792
312223651
580445220
660717283
308875321
364607270
94748558
351680583
112721832
597281088
519483613
157728089
417231912
307604997
579732957
447210989
110199766
243753205
205583291
430928545
48017662
67642564
617305388
94409566
478523920
0
63663275
470635013
353019117
612652379
406417461
170373833
0
37571993
586313388
217058578
335773696
503259856
69011963
81937362
243599909
112421357
338070093
353087232
133683173
545385384
279259289
165732408
409401866
162131094
619721096
111500109
274652215
230151391
102079833
508207577
103597684
344773993
0
651415635
43328516
316186017
326485120
590856485
106227002
564315808
447252906
231501669
312260496
434130463
395500871
627966290
305378008
490537114
612329331
267068058
172730270
279718504
379971704
357823007
636939723
634597364
68850124
0
440193342
517361230
294248689
0
246360689
376315988
361493026
627023356
148391868
411131268
0
70999634
580090182
354436646
266131516
665084770
251489683
527422928
115279760
617581078
210758706
215796547
475014176
572675171
52759685
136406450
606882421
259802956
111657983
438871464
146737477
43321178
526692581
566244813
219694930
630613827
504137713
637152863
127045589
86141412
248232519
500477810
68201444
148667914
0
651281267
43394098
140031199
103100063
374148325
459871407
0
649714548
0
61040456
647133622
162312191
570530906
443802502
403995459
559623633
408465734
19274003
559733663
461019671
149638634
418129601
613161473
495793011
259308398
524354910
535899268
220248933
268457586
102541186
478665272
85706485
581699359
85320584
245462110
552508112
291230592
484462397
235595479
589630139
661608652
2236324
92408508
111904243
281451973
405446828
469596064
225789656
632691211
593230880
648514752
583907982
326533720
145903332
200936631
571335585
435254564
117902844
35984598
217256951
274396530
657726033
483893046
661054857
624903081
111760251
182580643
635968025
430791317
241036325
242415253
618847640
346695141
0
268579855
37093488
650823831
0
574246421
311626773
640659341
634403368
172469719
189355646
532502570
554219321
212259785
185621443
37444730
484069082
401043011
361894882
263448632
50372450
56760397
68313012
391315742
347194574
170256788
258333218
425850895
150378491
619276595
58108923
150376665
508864160
584824837
113383888
243086819
0
584329854
575432174
386900005
608059421
535066046
119002133
389000199
554994964
383646563
296059296
15306041
111268325
651359602
238423688
71328411
334777715
531426259
238547062
178558495
453678870
650421159
364405527
419991573
297634115
658930209
329569831
341692598
191664008
553016457
487646269
227912721
429289445
601570971
473229477
342986866
157482755
18949452
100111855
465658119
0
227396032
395058560
0
187489473
240140845
36599154
545856234
427048434
0
152756175
134826004
85828183
444090760
558260097
345340092
196186105
227641583
636499881
218964543
448873673
302558001
512460662
233435737
302160928
236715659
578097157
93963149
645326687
83063124
573141742
333464200
105928667
213533755
288203557
388599413
0
67797268
517834879
185820177
345090929
623950420
587759372
256048742
113493771
360464580
347800173
244990509
0
304226140
438807311
419058487
209522831
217692527
301259347
598614558
94067215
353665204
387736901
523585958
526794670
601005326
615830337
334654848
301818869
492167477
381914835
16617279
470607794
439152169
421398975
224178354
365285328
88431048
50948406
99471775
306637488
0
330409569
646202785
24488825
234216982
380506221
113832677
120901006
353359817
286717012
370671573
106179329
29652174
562447573
412624304
85693114
163616370
122650728
358479527
390454325
89815403
149377385
513772559
60593455
346367007
653591835
64172886
356310378
194815557
617121372
540136177
304624719
405536643
0
328251485
619752759
37705734
138080374
260827857
440201534
150661256
503592820
514955489
408205253
372507937
269151658
179992954
207102129
123327283
533017316
268039606
146226063
61300941
565676566
265748940
442137607
181821863
338997645
50843558
485154277
516083112
504994413
97251898
241247919
543207784
353170058
581356912
598801879
513294277
160919094
594636863
132963428
641314647
43412460
43163300
467889794
598375455
299389923
299162955
566051777
22630621
505904678
196270083
485061279
112145297
493825190
7547455
82353305
163522044
527098884
110664502
377245002
540155126
314959854
0
335204241
158656376
0
78869200
92958711
492432346
427623576
548640425
404984258
186060577
378881872
651046484
527828788
174577644
0
86531473
494100870
361776951
454841645
322924094
255432124
589458708
365258310
115085748
662264157
115115662
419189050
375451728
93668926
88831959
87768791
17242826
215194465
396171108
368026797
599505187
308628619
519996487
209625588
434937987
441718603
661751379
265351799
250614740
130862225
4782803
592656873
625030588
477152484
1032426
636164521
0
66578760
187170332
0
149286786
383047578
626174643
464369611
262882794
110859090
0
384323605
510614294
288609789
31001206
202233323
391439491
123302813
536826366
54287666
0
177430876
144497337
263458625
227565606
412724925
306433592
596522686
604333620
252050667
156726216
391472699
266355040
402058231
11179220
508861340
568346145
147818031
110234967
394067628
295826864
0
268389213
353017766
625045953
561337912
80825018
70161883
44812824
384590310
11393218
522816756
206797067
66022655
0
653757204
246025065
203514006
0
240963668
98654538
495142512
648866818
27038280
206295878
490790317
233794201
195237214
6819812
408959768
664459960
159380034
125645142
593485428
299749432
437345227
234501575
177413597
0
407734487
401121812
598552327
296619771
481911055
640777245
135697589
562502022
384745074
220266491
520434965
573414118
195416190
283921967
638528861
30212133
520804592
575631697
0
377164208
315289552
40650090
3256565
624144168
356345115
546424358
10943660
30155418
541145467
408169567
29209148
528233307
328098850
265550887
495103587
132643865
114360054
509970420
0
377316087
637013091
258337723
95761237
180867833
593848302
389451824
407965646
73280951
609512003
542063354
363315098
360923093
326480997
600233390
370005402
261396144
65640542
249718948
89179404
634700220
448657258
218783358
245462339
210485722
390134724
445040315
0
389956781
387513
324663820
487477474
537253043
183026158
655660643
481163229
305096117
535612808
369390043
596061916
659126412
500103136
231714629
262342919
437334325
583374865
395521385
528399365
497154340
0
167857055
101237491
314403440
93079991
0
61442630
9201379
280307218
434932285
505972052
29644057
376365010
420689809
397007934
478626653
443631947
632766245
12731144
181551065
553580877
148024359
281981694
225222539
410671682
604813003
262406696
240337857
541185484
207909474
95201181
506857899
211388145
226600749
605295398
396518678
90716466
460640861
63769257
341159135
578526458
110947158
170486961
315672914
399562535
599162764
0
578441171
487035821
540900407
53072408
174012913
450678134
344947467
155803258
128178623
591156637
63688238
405664770
474446292
417817801
318478106
521721694
450405441
328179614
235645533
74510029
523922010
652774382
41864553
634739713
501736254
14417198
485431119
63289444
414763101
628641584
624042103
461093898
286289122
313822145
87510209
550426211
293582767
391937839
125547568
411588000
470684579
401483008
578412014
352732934
481287485
409915106
522832712
617386797
95943421
186034154
557854125
326498926
550418904
510738175
101925489
106088974
118488759
372759180
655433727
508077186
0
439821085
143491066
489052964
402307126
111528140
577801284
359010393
228653558
88173085
406607016
298882740
588422326
657004322
44957790
459758503
443612089
348778048
429404703
139038161
120733032
70357220
635937836
326046194
310086760
566265018
148263189
574056480
538094168
101982574
152092789
639837181
418251995
616240791
289617048
455412648
177504655
213182188
619681311
92843455
563578583
198802200
192630828
421418442
546525643
479266290
525205868
83473259
371823388
632012987
257567208
365461802
370326690
162971026
327939328
537744450
134165933
82654995
571475029
35148285
463080725
396161370
222783630
72208474
184631107
344955739
636338250
115461295
21632647
13882992
223471880
661791090
151800658
164978825
610520336
71872166
524070994
563841794
149870457
79347406
237307608
373393027
653576118
654085941
399866199
83776045
153644770
10811953
59082513
141755305
531173321
590398370
543787719
394788070
371724765
452675470
205916768
435883935
89173540
648973895
421699711
193752959
659127323
113587990
43031669
463823806
351470814
388049877
392090121
580606283
527835162
642064297
403914979
108754128
605470804
447930947
199956124
133932493
461987193
328894354
406484115
10145495
340957688
175908889
614963745
374407801
471868212
357327743
97490239
245786066
274056822
466296867
149076945
430385593
409238242
199186687
66020997
60503127
0
47274014
34458792
34604798
627106218
375870996
0
481853860
389414163
44288354
575146281
627156196
521581041
0
351119869
12404011
340700460
363610907
0
28375231
543263006
55459097
120702640
424845584
0
499284803
74424784
299661999
433940272
256898395
114152850
365576035
0
214907928
390905562
431951994
98225443
139414229
163573349
272026338
40732957
52489576
391439386
247434290
61418097
478707562
199143254
0
501516401
545956450
35177026
0
70837829
468146364
261850361
0
611014778
492801002
554086803
310924565
193820793
155949698
495961442
66823368
171666551
2853478
560101306
531142998
266213986
664895890
394591415
587681912
143695527
51887354
497987530
299886547
327389010
104803663
174368983
153261682
278837376
9054957
323806610
344827409
545140274
502373324
291302523
450653583
408226657
259638900
191585045
222345945
391830003
106212574
530855829
597633241
644487698
196810779
477203840
433876281
181279568
360592229
309202217
99371438
205261855
4542659
538278752
461351696
382827689
607624468
93620044
439071984
101937692
139206146
598649564
0
601709154
529970973
363785691
640589377
602120679
226811414
188549474
561223681
381746672
88007441
242156865
91718648
60860947
566864668
226786684
164835345
15339911
459772873
59327503
49567446
359802737
628419822
0
372854335
504894129
0
538734480
202306062
662174634
644055491
0
229011817
343409376
447810836
29355343
371335354
445075067
125012054
0
49615326
277916976
337057652
188672365
624328748
149077989
224956251
411923539
478003503
235795003
354807990
279348691
164743772
171900142
542183110
598844374
252331692
429528654
585640788
23520395
577819063
23113251
487187272
207029318
466250414
122773818
412710828
423418803
294859739
0
478692705
181894750
86866740
550605169
150145422
398460342
175255263
5265418
454174553
251518018
402202825
265703493
304812705
169064261
387183118
381659296
0
217209360
462625437
28111154
475405653
542814168
418578933
292942291
377848546
654476064
558300616
291542038
433606584
562373567
282454595
382197800
643238078
403732929
26460060
499903864
623321080
518434815
414636975
245763080
336183031
303252118
564211921
447589881
365807385
238010527
609553474
289617122
451282823
64270823
292719845
399942821
261459597
210978257
460886662
540984619
494643348
274563646
387947644
293952091
0
474616446
69397897
345126718
134629743
554884983
222752006
187775296
133074743
222552314
210515355
654944681
493492566
335715206
397746605
369612661
644270881
366080620
643504832
3201583
572751700
439679072
161117308
272455616
443969719
334766004
654361950
15385638
109051144
614056989
252375294
262833384
652518846
582144496
396378548
0
70144556
490426052
461837810
581183851
531838103
199195013
589025936
472602380
287699516
257000709
665073818
75872101
168485023
133088137
293831899
473348765
605647014
26506330
432322014
477995676
361751908
443312213
300190978
411220335
105217932
543801420
551503240
565415778
479646649
448459709
149181230
542389676
479927063
308520496
166003214
360394147
0
565580415
359572974
653388175
617379272
4880985
91678028
0
273899070
440923288
219707346
504688043
522723016
24801830
101747491
219064797
331951491
57375110
446309747
288739127
4830667
304861878
571239900
483221866
182191042
269422872
475815974
10023279
493498535
321417380
144092618
304654099
258140309
62707000
485480303
160408400
27227394
493479265
360988324
54194914
614518761
197698470
648293446
76336767
653726397
219238465
457123506
478913473
624162918
387713645
580615099
44102895
377305359
393852889
373537507
483832785
637177989
280954334
551276110
175312971
312201096
312876675
257851685
96597270
334602382
201157251
490283913
59401302
494371986
69725785
293240060
188651895
565030763
654186507
353905571
610737728
0
429933448
125764863
333538464
215751167
348210225
546385798
438699905
173387652
500032979
586455017
617493763
114906432
204117397
107765296
656240392
462574081
577624972
57209229
303473914
495141320
99076130
7394871
27530062
86508221
665449683
589364457
82513551
665489919
622096608
430858566
391018286
419651159
537505434
317651294
412977333
592498768
482470874
509295691
427196933
314972028
90938137
132373718
27004692
246726136
190558167
405306360
654121447
480831656
466522040
292447758
554976787
69278213
28677191
521972594
230132161
581010467
426590612
39344491
2143940
492374845
306825051
268294745
282359212
383957672
306920382
232854101
82757814
296668834
488786901
43687040
616061529
559073360
382184046
116566022
372654023
372307842
228991331
198478080
292030431
412657664
20066769
577106534
540324628
520461219
615213226
181799148
508136000
18213705
196440560
216063632
568209671
435892150
95773229
654111911
77278345
661849138
274873416
264745910
401138695
359113748
138791965
159968636
312273046
126022972
612533344
172864461
210701850
374902105
656555393
425681281
126213389
615784723
476033116
336606657
370597757
662954541
92784467
220129828
516460347
653245814
542696219
51200563
438889306
386043775
18895712
393662518
608582038
65307226
492683277
486582155
314725940
420645322
138409947
73779023
318733660
532487395
171633936
457164269
593797225
274186134
102353951
111712776
25208907
6035085
146314741
162811496
505937121
591717556
401543816
367633537
638098570
434867039
522709565
148527695
482355734
380967601
662256732
394380492
457175169
91446365
511915643
551190210
531172104
660180919
348781179
55347500
0
539251187
470303261
152855576
91116577
90080020
532531326
104214456
223963746
630778702
214516380
618898916
447897429
514158565
364954709
134646254
585853840
657144976
530257969
147478405
375006538
239108175
366652457
517886160
201438052
221620962
264370293
269083945
480416928
659387878
640584657
386209049
29476532
656452040
416664382
132144262
628494310
493655079
231305736
483768734
555083664
380962280
228557747
101091730
351804422
517022689
499889921
0
247276423
640423085
659595273
461888746
272823281
224825284
495310007
535737004
510850479
405170158
494938847
526148225
565745415
210346049
162050266
230193972
362804111
531289830
384389872
166426291
42466604
443134553
366746755
655548923
102375973
617795068
361061180
187473624
0
579999472
433101429
53105719
52026359
74095823
0
325073539
610331717
450575779
456031175
369637768
524062467
359808472
212911090
490001666
249737754
584063441
327678213
466354998
454625537
112167245
630919542
500946522
81754263
561753059
251457896
505557590
518553581
490265625
177628184
413945953
357031457
520911264
0
295435868
457456712
594521140
53744850
332946167
504837292
621024898
426006438
404195047
585944733
11997538
544586967
52028488
288781463
523533615
657977593
96521704
146516020
353529070
280518686
469991877
315357014
360959108
58595179
501725059
634012203
253755767
452774996
504895758
409739614
251510087
550852324
597625458
608288879
480187287
635568603
171323780
483943839
640261529
227210581
542527632
384853134
318834979
335974451
553556095
130225216
520956384
142472674
262163699
69871061
565837734
49021832
50599873
149347234
374358437
518004682
527645281
34263176
445499213
631709635
276166939
80365384
542631444
516861458
147655692
436206307
569638860
311012618
401007633
331635837
44430943
656051488
588337363
64294374
0
586055935
189872560
130793257
532616444
653307389
584929153
0
553916616
210684820
393510963
239673576
193908281
502769873
290085788
158569934
600453403
608403004
421629578
139090655
472064584
484722768
88455329
652945682
283831993
501721179
557253580
476159787
660047051
110562607
494307285
146883305
331429220
320278230
275525975
128722737
633595970
188043178
621523225
516480571
472878462
305565476
248574433
182541612
310070919
128597072
97276310
590943126
408443706
380215313
508958525
197684193
78546462
566570407
120217132
279678573
113610001
13566846
531532759
238099174
340844523
497986771
8214662
527793483
466761597
416518739
175933904
211532102
100597986
214135009
5699031
19105867
23903566
605083077
142915033
609210792
0
80496826
423078753
392692181
446253267
9713598
27795652
148589324
423419952
662829148
397539558
138442609
663321034
266905493
213535607
517773760
640684302
491294431
513364234
13808446
474670230
197270672
166780271
643499207
622592704
0
622334562
498647000
619661265
637484144
2156427
305252862
582941958
365587365
640987816
439210985
423581213
612965135
648384441
300569407
633042040
472629040
171458340
0
426293308
457997432
449626407
456150783
161041937
19250383
611375848
335115149
509917919
160796972
577291434
43579799
403058071
605285832
656943239
337421781
558761467
325733926
61819963
64465480
456922198
147768919
161802646
358773996
209135793
452250195
144036093
178566900
649236331
221705776
497047601
404937917
612723455
483841731
167941526
285255201
394179476
560025132
184479928
59178734
539565259
362128929
324761696
532572978
433621322
300696840
626527835
657876119
360501633
639530201
136960879
257898914
397958158
660897550
0
122103343
641109047
230282323
519284183
40641355
477609379
595792992
520247452
141011665
376219918
619993426
584503986
582659369
621762122
631562754
643382073
361907354
287976470
272574544
109620579
38754774
418033058
288876736
651161326
135955544
52852709
212169319
200657796
69483673
333931417
273264573
67308731
526357177
139996957
43888686
259237352
44222954
208738091
495286796
308647550
603527735
559477839
380714958
593609530
192187315
553881026
596973476
407247338
230632466
591169335
293195593
13748207
309348152
118714007
476589376
266039917
428750386
620152733
472691344
141376857
638128773
322179500
173298330
155860307
236754272
2633891
612906501
115323621
227232600
479546607
127132638
153160804
81702291
465981697
446719096
519485905
9646654
376598548
295072902
515576130
258477803
350440668
350129722
654323454
517767523
383660981
442754988
54112855
443478393
579195952
67113115
260690016
339879489
212423269
450407141
605098277
602802471
405903102
75716488
406258313
514024951
650744295
623621663
228777654
533926532
547427791
78893498
137286192
447369304
178388718
620251022
334331998
0
153309221
36992725
391418162
104640998
403732813
418714688
272598203
0
70053967
514607110
628056909
503658056
614588703
629097732
613116996
500678435
7727741
322933479
74935588
589256698
594242053
182351535
534345038
297432912
137309617
57969233
663457935
210495435
138911429
139713524
510397448
506986471
164866410
159570739
103817952
0
89047256
32863142
316764601
505517517
192759227
626770129
555680662
22169488
0
448855322
463410266
372734138
495629501
244790398
559981979
443476265
617075070
84560052
484670263
394892449
150670715
168285501
618478045
342348138
0
104080803
124295967
384345039
582647224
161940804
601050749
107329291
0
529902622
467556473
533997429
513839469
0
416979878
576331054
466701872
612664130
518769759
48128350
347918561
414273741
381913341
96492301
653857313
442335140
580531646
507399947
211506090
132457865
189442762
517471874
544429992
316030433
504979956
557329989
24729931
652597850
429819516
356519399
0
615744478
0
593363780
461799631
649607762
631324326
100183318
252129597
378934693
388448156
642752296
533227658
425957853
495609198
329420637
115476276
301914634
245739579
405677409
100532462
646536502
525148340
586776306
271493878
314918533
409907331
427621933
514663089
273926572
90666785
426657158
403961992
362171288
147637457
353224589
249688676
268848499
491404374
589143547
175867651
410861232
658478024
540878672
183254216
530295170
475191282
611133917
480513049
232564970
193621620
269506658
205673122
196049325
235437595
315653328
120922531
465255628
447739919
206188605
454193527
108108716
51615787
608013372
164820403
99098031
456191780
576395131
321533660
619571443
160816109
561887161
360169227
574313617
119542866
0
265880855
364120452
0
440228895
486341284
468553727
519102303
225683509
348285128
571301498
402881475
0
417969390
298503903
497810223
488676633
284054594
435070320
549906617
269697932
252041809
45989654
355712285
312427537
649292771
313568758
156679111
591977602
424292628
532470059
489266820
0
365650415
296614929
136673286
538315231
442659187
651844276
303986954
511774044
600784738
55191915
377765405
29117352
264842049
664753690
259623009
0
215148520
182396185
508580127
160169117
81428638
547144726
196231769
357104583
208257500
18727040
197666009
295191376
138871011
41122313
0
241640858
293121220
404137088
76103468
396618167
33853814
0
302734695
512792480
382624209
477725741
69468690
329100239
599227947
274769985
109494425
2248911
435161353
198798947
247146695
124635504
163673243
334088273
183594706
344687996
289215914
105031058
249575270
274596077
457776622
67115228
152348824
407393077
328628141
399516524
222705655
540534134
643102643
555766242
181070761
362795040
374154832
260492841
241491651
441731209
614050009
571012266
257785618
0
505229522
386093634
561639998
299876796
617819170
0
625118206
136245675
418795867
0
399006088
346192495
301357895
525544027
612092097
620888049
461333100
425748644
126742898
570613978
0
283583775
307016307
84628805
648653117
129989184
258095672
241725597
551283810
360905982
325064493
326754088
434793402
436213307
324538689
322364155
412347934
496720705
0
600740070
98284104
318249397
501197693
0
455138257
337744042
311658578
487394569
146999535
198790760
63773825
300739863
418224955
54068603
219222524
527311801
299723463
42504808
187620724
0
134552754
226183342
428653484
613276849
548885762
329207343
250435223
259224021
628588425
349260466
144513051
170511578
645178154
434611272
209835945
485058000
48953069
233416377
275852774
124329573
259594767
52163349
53165830
550129781
485275964
277779313
310670320
99564222
620641258
300131294
542244889
39840628
530303114
0
216380767
609241843
470989210
497924738
137612060
593142326
567888430
0
106159948
491997783
560170350
32199691
484932497
187144009
272524894
179732155
127846593
546754005
533914572
578313450
268210098
674389
91650399
233504246
502078002
187287943
83869634
0
606628522
120814314
593353591
218709157
109239946
499232336
257441874
10713866
371973266
546925491
95568241
0
211716487
28929329
431896312
520755865
380750529
62661880
0
77377230
460108167
140290826
287151399
628413020
532318258
253920034
94898408
546780659
239774122
150576070
371147660
167933775
76292468
529926798
158102518
40340811
290503489
612445660
96474672
452375948
74941201
516941626
112981979
630118804
236512139
429419256
70016500
516384843
270734909
519400430
118331575
29446119
301598281
107667689
224687480
566182378
223958521
24157199
436867620
515752400
336101190
449328929
420578913
462779236
378272032
606719211
422159029
295839608
93684606
195275290
412701716
211638863
298546591
59607500
387388013
71233482
529370637
226416820
424342181
453350502
516760044
315820765
0
83042239
332667854
622660225
382573882
160673914
164952380
529567158
228070963
103359496
302732236
197601616
525531344
279752136
23616492
299530577
327181671
595496994
350432851
359975155
50821307
394889312
581095299
593604746
71482183
444707803
557454497
135572653
243824215
490713735
376346169
434720190
122207663
583472254
180099126
337118995
531140162
661029730
12495556
197740924
284343043
127267641
624639036
611537815
44999839
31613013
394816455
630925374
268281139
15182983
434870950
642392954
11930256
391582392
604716777
341826995
393303216
576443276
395424095
612054553
258224295
545326068
476951362
370354
515893795
353897257
600953823
626140358
315559059
178526918
450840716
258153344
227993412
631218672
272086514
103481112
553768205
76769078
97812510
483948485
268175222
413889941
625179022
547072673
410149981
657901132
657488106
435033236
70688689
293450113
506785063
0
262618780
170296498
539007955
507935979
497672703
318127320
554579299
366520769
358646423
168204301
160069971
4230696
445964761
256094969
662273636
84548642
83013324
361755379
347239572
551143870
643884674
212907639
644570422
294127838
420524025
305514432
369559997
155721269
492081595
231112424
333939505
350628368
507639959
341133122
121463440
186398401
433908464
0
587327892
366173018
200886224
214209758
0
0
272564878
641196312
657675376
14753099
8903081
306434588
338915986
492881542
661198715
60797351
229655907
185084420
153818262
153491394
380079560
179783182
591249019
10692300
80387585
22773801
395717478
579888384
267834160
628545748
393700874
393173323
50503846
441731260
208787356
11413868
162728552
411232599
597987529
270524366
347852532
0
587086411
585928153
316005795
448808345
393143696
534489989
382726129
389748917
204984048
285815624
220871682
0
496762445
407169403
93292068
66730799
230395661
168548442
504838506
93588631
321962297
39126275
136806703
609795410
280779791
268893467
133419192
352675383
445191593
249528498
462821220
144879652
0
24545934
160084510
10910133
186679138
0
256835562
6402779
30953987
303509786
190075724
315201750
515808667
9476714
353849532
32589288
409712346
620482615
591450305
191002175
237276922
143599906
181291372
470115429
517356151
0
103891560
104922688
350289826
227851666
91721958
220647689
575366260
607761906
45332258
191966621
537486177
550762386
115535843
190922873
183543339
326007156
576128977
417353073
588430789
440096050
59418583
294313755
632630943
10764574
107605107
9292449
112454274
166981237
373107218
161539703
0
482823872
299528861
51039201
125919206
384133620
360104035
479867720
592084175
81665355
33919188
142576729
614221400
37993758
433357858
416628521
402916378
0
623969657
108787364
511750538
62626055
65675171
407256916
518874619
255268257
416170218
253591199
571440648
220232772
0
518633725
93912155
286634325
410551678
406042516
357479475
616896748
486781840
495063340
223204465
94354961
563606029
235970267
375105328
54219898
187802971
107053013
157124716
376201606
647364721
637194017
485481564
116887385
575969596
610865380
408244537
157468606
123186293
103847171
286930654
605776979
176570445
331681452
84694782
604197557
651581131
42615083
664675888
82764486
244674068
601888048
450128149
404235828
208773531
499899287
530167120
120914724
424296473
613697280
412146864
380811956
44037737
141985054
64640722
494070453
88185004
433957000
78174543
615773051
590080329
299224255
342412274
505240109
145042659
229890308
360085616
289419100
514367855
579266734
195129527
143367854
598184644
72112256
665543583
280927832
348461600
652296239
0
655164391
621049016
577438152
601306021
608761558
299947109
85082050
327496996
293569210
270263546
289711885
270652276
302667109
554728233
2663419
542057742
166287844
573361047
662438900
661543778
115193331
283286944
41521993
621508886
457468590
515213827
246782523
277973078
226333402
380661669
127482199
404201058
521344932
470569527
235816893
157403766
465672751
539865359
655985422
181401361
482634490
243596419
256501996
215310872
262640985
441457986
412290661
607313661
0
151471848
410794843
82219981
519014865
66782541
489061973
202717997
519169763
550016801
624622405
522293532
341845488
249604927
540621684
546858113
307909885
336689488
569677771
325410559
510066493
304840032
268354591
566500264
5624593
428039405
373730845
632074537
483522034
190872392
219061028
425393068
136771476
89152996
193211480
439214471
559411318
145371352
362679768
264566270
635383687
0
628147683
647071155
135077316
318169602
145479397
358423438
128048736
32971397
46550274
42020763
0
216187698
585926226
554652196
293784425
35484989
69218602
427783497
642102818
16611153
156076484
609883344
396344299
337315305
509130599
225801912
522090017
451861171
208874951
562143291
135389926
450201170
247504037
461087600
184841118
473330481
141658633
384709482
177960061
349752468
604437885
551075524
365428836
529995758
226133828
478112908
72056619
534667708
362922550
0
0
321650133
282562161
412955496
510887053
351026543
356753154
407748381
542459493
643525725
526387977
207611115
382762986
279161192
262944419
395954127
634093551
9101130
343714776
572686336
652820445
138594786
475340449
603319575
327881029
580711910
439094670
438083735
268368277
451014950
591016298
64318465
287912198
297115550
112864019
324439996
358333505
410702334
0
459292858
642571783
273406426
208301130
665026727
282194010
370084430
53887673
629467374
620706058
664051071
576885915
0
117186026
32564467
525727293
226943766
609507188
601344521
407247109
213963769
392644314
385042715
638836483
117633583
253091754
580231785
329089467
471459410
53806723
204049968
158323605
402628527
23898508
552942461
90623579
529028046
496367549
300279035
634757538
152701241
506777096
622129584
442422867
50916815
346996743
75033407
527799056
553166046
344251819
500943732
594592135
127990697
557503409
282545166
47170004
380540510
529721867
467556240
201133520
569588293
77951929
469073037
397841790
50448863
237788705
135827911
439554003
439655838
613725784
252470372
231943102
58745389
280615194
637571206
574345325
481343692
154015549
254542440
384870667
590077646
255654985
658581834
591510035
268009202
379278232
180044149
240597028
482476471
659435378
195372365
236598927
26432405
529602285
218690636
108395088
249489058
641115503
56244561
615300284
303894062
76049265
410204181
600548824
362815618
10958354
176481022
0
496601734
432643485
155442490
618466566
565765330
93894257
0
0
335644718
544742159
268266578
649490926
405342443
308097850
424742740
31561553
166211822
155875510
264258675
0
72071029
223376071
345255202
553376929
408629024
492272085
236859888
346387658
450298791
442069128
347316990
502998377
62710083
255778869
323469855
361313162
389043766
150634219
551590053
340206473
201292720
0
0
0
341439857
536513011
282826245
605975947
232302711
271654153
567736717
180590997
621953017
333738807
182998109
508725715
181081199
631834675
405643649
15070583
197906038
462318527
177340012
661846046
40562336
518160636
526040210
245042012
284919705
592895671
346383631
413115286
0
542285497
526944480
211534955
459672235
349508949
16412922
568603615
491906835
103378589
549234872
506620530
58475577
202399345
84291660
544767135
175372125
413305264
362113607
543970541
235791869
147179922
647904512
578934448
354043155
288825469
381378292
661489346
170817918
234166810
604578526
322007576
421743042
206158203
42443812
570702991
648029556
463512292
426575697
215647914
257339164
513224652
386528121
0
253201214
354728210
451655547
361322326
508412301
168007085
3685069
236352186
104577222
381818412
336489586
98158226
370328298
144636564
184739782
566809682
230612994
0
660570175
466038256
293783165
237593619
379898346
643882143
338655993
330626226
250601215
349115111
85148176
241454722
600170635
124014429
511739121
345454747
198807985
135894955
560138223
106131696
448174697
83257763
563432412
213590708
628436141
190182602
124504535
68275962
446172493
129044789
554872685
648371052
549250226
253388887
627953445
74234793
58357595
502850383
299692869
110234903
143047690
458946446
563285865
161188583
315071570
97342055
167457790
589160929
558081083
163039295
500574967
345322756
7374484
113368718
82685184
662868935
423116660
45181274
516152386
98397994
55915547
586018771
19195786
575352134
39980689
162231409
12769066
426226260
15924725
165927473
420525297
448162818
613869198
623294818
483215330
217159047
304344905
191666459
553533510
170085691
276051157
294376219
0
37891127
530035699
537009149
629188495
165022118
128495920
666617362
489684116
0
35144560
322455253
611820442
629034961
86658918
0
462847487
437475135
0
153086765
584305476
344002591
45220004
597273777
466332173
202428499
37487826
531542980
87191377
653616678
597503368
651257206
184002984
439817456
349838156
461164373
327691928
457525118
203486084
141111194
520511898
0
621930018
369294030
425135262
9351336
641486482
613753063
481027393
443802131
391836880
232039208
111343138
121756631
444055131
438025872
29386003
130673366
661033392
495450458
162164530
579984681
643955786
410805146
632050134
258456939
388164008
574282086
642284571
351705589
479125866
0
544120236
593742322
604030993
343079769
444015061
425202002
165315146
205700689
230911060
583116535
402485986
131406870
0
640589661
555717590
443922036
185569436
655812068
20754409
531227743
173208001
270399308
195422812
362355910
414018834
265022921
72568363
123299886
38386934
555173430
654233850
561771011
456687870
160450780
647745616
416567880
457659824
179306369
49742768
350029947
575337598
590123029
369404067
246761910
227217424
0
395658961
409517359
76719599
154157563
615444952
278145733
328985898
568342573
178844562
0
618486205
61197846
249095403
32134430
579169590
288118133
535344073
263271957
147198621
145420852
308205982
386752653
304699201
261425750
37399000
531859170
8381208
657616442
217529652
394880617
540648293
423990022
361325225
37646795
652738239
99738334
0
432590434
541136468
647762861
283686886
638567056
352223533
559479810
188077001
345954037
119239562
42276919
523573063
577981598
368666915
337547947
461106831
616328286
32022996
0
557719062
269625316
105717673
93040469
552045679
346118128
129452303
378243914
311875948
350705989
591104304
43070881
100762976
307005583
54184582
175403162
46203180
305948516
181441966
276135445
146905182
612806372
323165048
209920529
432782560
308012546
319199321
274334233
507830792
246758459
0
147358175
440511571
171785365
300111641
223863787
466693463
101824033
468573040
317508911
188972609
546974905
0
504602452
197305797
227419156
323321076
198021128
128156568
134843244
310080169
406396084
654755626
295251033
405274932
324368638
504779727
425600493
0
581170802
274761911
144803734
521385948
196858255
263382226
19912310
367704554
443198656
656457709
137086002
491766258
83835029
523989175
119093572
12123430
409005840
379590668
208655888
257381109
631150328
161329759
111608704
505431208
235675033
621729188
96440562
352974834
354738884
246983299
104060955
295880092
519099026
117634336
572243457
264943625
498104791
606944603
339357684
607682636
556464878
215242814
518421822
565312009
78513233
76645394
257880067
379799639
164052396
419756463
211259415
105606604
97974742
192218117
111969274
53447198
561547247
408702097
563096553
384335716
104677034
608435222
565534089
120568377
563578983
636802303
452951602
173358759
321650953
261448266
67092811
642323611
72277101
0
507637363
464920417
343807465
14411935
473563596
0
408066207
26699045
647278653
414758037
160826182
175598221
551223985
383224854
0
214579160
287750500
163269567
266370466
139474596
340349259
531478277
387857236
278255637
556839518
294793503
571850812
0
374806270
403071517
358709536
51098096
558906067
448635863
648236947
150045663
331731786
5721019
647126609
323540960
11160984
0
564811976
17783084
602658549
0
424709585
620680054
638717779
532026189
101326711
8936970
271160362
120586705
482904867
254483200
549067966
315881517
86732450
270605960
650815064
441754566
3569671
340354891
0
238776244
533346720
28605670
589266847
402098202
174467967
322976938
592854653
524544405
237284448
252038099
262706263
528060762
255911881
0
438471923
655062604
72293075
198678003
225500434
410830192
645969226
63228989
31821062
421131123
11538215
292616350
482440154
474023774
273692950
587642450
62555555
552939832
422218941
508391730
124838169
455481443
498951580
253044414
218195598
291809928
169464107
91153082
345454557
26707064
289108807
250684332
81308079
501534635
167148951
259231776
104781263
292385008
337021019
420037256
52682025
588419298
308016605
516021309
441327672
11770249
168344498
2509086
0
359608533
195450465
268179089
643064930
526223272
135982209
108940742
180457906
86076699
368172208
242249992
439863190
646736134
169571290
114789639
497082573
429798120
206377205
5848480
254042438
230743966
325618923
182193924
0
209161372
30519207
608707201
9318575
411123102
237802402
546668213
555879793
100546446
227751840
501033308
255108687
439833338
434077879
563977849
345395319
523341977
608637275
449428199
506105884
112069846
531566400
136329948
505964315
252768562
269866328
610269395
482602147
439473401
389451257
443229696
152564989
180224810
624883741
309466888
606311664
330075241
383810795
143318531
337334595
605470892
470586580
326304374
534616734
578518695
220708393
608758485
386803454
169410245
275169731
17428700
114956946
230902575
514534105
632483875
122155786
58812471
270443765
309183855
455799892
317390706
323766072
53553631
563222671
102405238
272973660
366070308
641262262
81391008
19555557
589165111
250960049
55889923
188543408
639589693
0
5099925
513369533
595598612
332123911
608824155
346257438
410673122
352736072
286454737
417524404
578747651
630395469
394934993
460635447
343581506
499780157
636189701
665373746
401034535
577055504
224009071
283469866
664294567
0
493796106
662253753
187723548
473312310
0
446719928
645877528
308930464
403613845
27417098
202289736
390820741
462175434
472512215
619488299
232516488
48406265
570766478
490218751
451066233
248897213
564228272
0
583333017
264346826
121841850
496092029
145372837
509400838
457502987
0
25243307
395199802
213522450
277411365
255022497
574684610
510563225
89850053
646237514
87252163
472294447
203301148
419232113
82464473
62982833
375364506
568476527
537212947
644703541
640227434
0
314527824
112627663
55325417
250795091
659127525
279345016
81239699
451740681
0
141423227
460704492
559202944
553031556
641588516
165942720
229516585
655640503
615641353
201289565
264156119
382622497
274100582
572656303
343521890
618024990
380612330
626253329
334634210
110229350
620449153
259197608
259353830
549701146
564814956
140407344
141134492
191991039
291269811
651217586
494449995
211670365
260721855
418463927
254854843
297140514
23501966
305651070
570712069
439810268
408839600
393284482
273573620
665485853
571039214
117886480
146988534
11481089
241406200
214314814
132873040
177295342
0
590442082
136723786
598183428
263633998
206921421
448285298
490281477
427208133
116233614
424878940
215394555
0
602486774
286627809
58015146
337965757
247103774
270421240
493184150
513781499
227414819
163220836
177504583
138106329
203923780
43658466
658172511
124213981
418200715
279730824
202568073
128084522
182965479
625465922
530843530
92003297
290989939
9148247
0
319783042
275012449
431918311
144512984
0
33409084
645085084
634236390
170061353
199590578
494257599
66253613
422845076
227304821
46326932
317982129
223382003
260897181
7758573
202757696
264886031
476564370
166823269
316981384
52178562
475410246
315229696
165593471
339216323
648777934
351044193
254833794
661235218
201529321
481317528
15530971
193349263
560317403
569347269
386367334
110201010
45938125
593232447
69213988
573421263
462653371
78097006
311911690
334514518
232366290
133885937
590631089
487185758
65384051
641940226
43806579
557526482
613131566
272412315
420636116
568154590
307045418
335585148
443690543
174555633
428687284
606559904
557614349
463369984
98726209
608126119
422821078
254768377
135068506
492333329
263451302
427693825
659751399
420315923
607131896
356453593
601471212
593769205
70533058
596406669
270479346
141003694
184860797
68117334
368984516
536022931
502484334
646121037
492173633
595445842
311024844
61335279
54674265
660533033
253097681
316197543
605126541
247363367
518607161
468299415
197778828
627763176
103167452
580779310
397724922
0
318277944
0
608526849
633852243
337610457
482906295
46541994
398033365
569699028
546840295
454894082
472304264
323942426
664776494
304804177
550714777
489198661
262019104
602548393
417353492
133812261
134438359
192063917
194258035
430795904
168414173
478797960
24250843
419285276
0
659296366
439923557
408604061
410392312
448662203
319352404
371223426
66009842
17502007
17538006
205915896
491284375
247383878
414112681
0
290627551
654293410
253566119
655933768
346658608
638435189
444682403
417105824
462832300
143146838
364353778
220090474
164842617
418326756
585563295
462716460
500029399
615549630
484099482
420134454
129247451
352221733
72984236
40377548
373832456
314992238
264236314
386437184
453422968
117964233
163235007
444856319
272172735
414361319
253658907
26981602
467951368
102643893
141602074
322943818
331755411
616154755
377482257
485270547
516581328
535752329
289420139
94295106
45217797
0
268640615
248977215
478446891
539587638
52307832
217733878
217901807
353389780
101156348
370209691
57184986
362985925
265213230
124306104
164259880
509432519
147001507
184548037
577446376
241055934
508920968
174431315
72097920
429326099
111040796
650541003
126055333
242400719
402264706
472051158
552998790
247823524
174052338
94391584
310670193
157245687
526092904
318032216
199233191
15384454
474757362
87870875
343862302
118268279
223863025
536085539
102278646
525316406
0
368552946
148483181
338711966
566327583
173359485
480074362
326388952
471030565
620929561
569620362
216971028
665404218
243309556
206570036
522642876
266557488
189257936
469775399
201293576
0
251815456
414495174
452573191
247948272
71886542
141864568
563482133
497248905
344044464
349813262
328113454
197500170
402837690
506930552
650353206
512206905
332070539
265766429
244831651
65090210
18902887
468417976
544565979
348210570
309473316
540420111
414173725
543291880
525783641
479864485
237938985
169770125
220087177
400994540
464870411
503645450
80194893
313324499
184016131
431281010
271447778
441337059
290252776
664628121
567988078
180929816
236681859
608257827
161668014
501128916
390343581
208051717
467712912
649050431
355914995
559465433
192383789
542432851
160803484
338853031
486025346
425829412
263411788
173912101
329521668
11978107
217288556
227900787
96683763
602772790
0
594519608
228561968
593815027
492383766
425823167
527372733
144539621
0
211549404
605555998
572414514
358878061
472794647
275392351
340623373
586710551
401835911
269042887
479815155
239077528
339739980
194967836
457532330
29471354
407545357
471107430
397439274
421708316
177377127
0
197617933
249617221
196756821
497125475
178261835
438119053
548130301
225204281
0
388642427
378295377
39653876
17248473
257726582
401342633
61282718
494105133
165539359
408328468
239243742
43035836
60086477
339621829
622904935
537232654
666542974
308967345
96513957
130950485
512346923
11710597
423846471
589789060
55783224
601250644
438799586
577249603
314839152
173042733
365975133
223740502
661502652
73392355
570939756
1759274
383072109
159459537
475451302
114976156
583807167
615758453
541633337
527762007
65352286
67075045
329702221
77141108
196841873
0
615147154
5686223
167398190
254496459
248895016
384951999
640848920
41934548
311971256
261956446
622743776
159372445
584517244
380416031
333888215
663485301
73166987
534487982
261515948
143800930
656723773
360415201
579150651
111315699
473241024
18171245
248953622
193088175
296801048
583230804
520788453
640150122
634998059
267672523
400935703
87598710
197752962
244946250
60316417
644231338
387268817
276933225
319225285
67402422
0
157311564
168408792
406809537
497689923
450572260
183749993
203495270
250087812
458616840
447736369
256831930
622856142
217757798
296579974
0
323279403
628278558
349957175
528533970
161906729
144678120
151442969
409592717
159527524
102639295
665276067
624647120
458428704
599080276
654040305
0
51086361
0
255092935
576882382
397853754
420381609
297590963
503035362
417606853
645884989
496473036
100544035
608731630
67444004
0
640827014
178657690
546869836
611097052
423344892
0
390723717
0
418829138
314328647
619646109
601080027
494189976
536747832
662246812
208111557
297142031
658268279
599351000
13748689
203798714
577470970
604906083
167721076
490599062
390674344
385153485
530389849
202366566
579042884
12681419
180696560
645047125
394045633
620173050
251817236
104051643
0
447602156
448489968
18176784
573790613
460076658
349064338
67130808
100049687
61241694
535656923
302410859
327554901
11378759
301926911
557844164
591076168
0
315973957
470246344
508532166
193121284
382297003
381075066
480018609
439106309
400167362
209375387
222882774
326144682
280941378
461488313
286558174
0
147756419
392441890
523379450
637417968
0
414937368
554917453
243105803
316658399
138596552
410684790
244014895
339020379
125655812
365063741
648185554
163856259
465781481
565583839
188975412
235490515
498574995
299020363
408198821
111867279
477809389
468169495
319705397
491778025
614738785
610667133
54323236
399213957
598642224
162076227
58752190
0
448613581
255688520
279951081
614381373
628068956
254027173
438661321
558709361
0
80833761
633486780
151990105
0
462020117
228294050
615515358
154233383
170937010
173730181
640025828
513469053
288832710
231093971
15835126
200196005
462801317
506090643
524956293
101550614
38798998
606860212
606160189
496606007
46786049
624941613
0
622761295
307520186
132448773
529024337
116621360
583683271
126617802
230959181
176255384
503388027
442835111
106139166
576855264
355426275
493407340
506203034
302193317
46025528
76449841
534001188
107036193
532523661
50025876
437009306
388160756
325796670
467468100
376082097
347292719
611063024
220485811
0
637481740
67894914
173186534
89025019
349300591
394703957
25565247
599595689
303812249
355326401
171505778
105089489
516371334
151108616
478160775
279369161
442756183
659251193
614939899
130900883
551566465
73020296
171273061
156665734
48062739
268544792
415729863
296691863
266972430
416941382
128915772
259363407
214786445
507876601
361827996
628432036
383484798
283818177
282044839
243730323
551729023
314305197
571666092
272408292
418864398
284335516
387171911
390612477
249221968
193255301
362454516
356968043
77718800
505632770
47167522
664968994
552603427
544679067
600205335
516775592
214583501
0
377064417
310696846
465067418
93349592
332843548
270207504
260699999
184660117
356105369
257831931
378843604
405360224
387362924
104604684
519581353
622292524
461804961
293721071
497752942
393909620
551798272
75914762
665352740
602134542
427050785
563512863
84300629
195746467
455527942
584307166
370875770
578408367
21819137
254313271
528768208
173299859
321479166
136256879
642184400
137960786
152331912
509292312
267168265
534006152
286265777
600948955
176079946
386248412
646745373
360650408
259695003
319275147
561831963
12268443
458943376
655057947
64895926
84213530
155332103
0
92820697
396763536
293739667
47917635
248686200
145694695
558587274
125029479
30714785
491521306
61054591
60528837
593473428
76407492
414102310
588025706
609335335
473945968
657478727
311835099
113113941
652514270
223028558
633564454
248001946
249101152
420515149
549118237
473742176
296819171
515353323
125810176
206483439
321571428
0
621880366
635167701
413657943
363679849
360520428
238384392
176633759
68880047
664377560
136801709
588428115
441654847
256223344
636317770
481769199
42762218
467737820
429169020
250868892
601205743
103382106
301941754
576036470
566270550
580317937
161885584
183343131
185107603
532586249
178764920
184757918
147839895
116577690
342353913
432556872
140999437
180571494
644145817
618166931
71488526
348586005
243650407
128393166
49783181
556000525
286044715
594678267
0
585997056
606885358
290776205
176309955
226259588
99256038
620285847
196427972
388495672
382547644
0
529035636
12918917
426284700
383735091
458475058
576392038
107980393
9252573
646894773
608135374
222705710
38931665
313451523
248141189
500080501
175403630
149324443
264859184
459808479
596353773
52334467
495099857
54890279
323431669
558675967
545243152
478010131
639332588
196726545
101846888
654732728
334547269
444945356
367021235
239578011
155644077
580543383
395882255
142403289
454428593
479088675
403368443
464134082
175854569
308358686
590057531
8497595
339066409
206551217
460659526
197101041
150418446
135489997
344306988
502260098
378953563
210096569
500260812
278793490
202975659
36441628
235708357
351659507
454708475
373675754
532087663
396344174
554555806
590744396
228100619
108306077
410184943
523874409
214142133
206638942
425501592
0
0
240704586
414376353
22205512
554101559
516090106
473747742
239752147
224442345
444980126
474339440
312110314
42999529
452665667
0
247335030
98603563
198296698
392188592
0
479463832
546209674
129540450
0
2240099
281715080
629996180
190788341
504663945
602531762
622622162
346929238
395290568
103096348
390140477
215573654
176832450
351503965
208748992
394046944
566262441
413582416
387735576
357101171
103773791
333560183
579652229
451002524
508064234
252245640
105822627
42745941
602397197
113148013
171201552
114634710
550238444
466612527
257171704
301419880
67864767
179135182
509861636
640418378
244820600
461196821
206733054
62193945
432626672
605759766
491004896
130904276
282578003
134051705
129078089
633471131
441508751
647344428
128844881
575940244
460169482
244440532
93606857
36195076
180474624
643564102
627070454
515268850
538658725
398308424
293152519
263422814
551969835
417817525
0
0
291915345
106467726
655669558
487002308
465109803
90191227
98313286
264734208
593468316
259056558
620074809
506083898
408621172
559167659
43937299
619113656
490208156
125157694
436789752
408554894
652083063
319936099
296760427
291172213
213323106
54734203
108706361
257966916
151200263
374771985
11201605
511358388
253557945
65265884
228495037
324094102
324190682
350693505
328859385
655898633
28016362
128948108
401426810
609886918
373083942
483675006
273361472
290129983
105698107
41986322
0
343285950
4385303
244339610
541230020
188740789
458765830
495854511
602887358
339449755
0
128074868
173504972
331273077
92775166
321072920
567127580
49967333
451429144
647247201
380617811
521824734
127256281
168978701
553308069
417663979
249580708
518405717
417252309
601601182
297039112
398954131
348064441
476857335
35407765
242658972
125886190
525959418
617885217
179033563
156686140
443682113
82421113
96568366
418447431
115985788
432457883
79802607
569023743
172217528
614268781
276159427
230935985
472483297
29185323
592391790
101631158
554973742
519126992
226015758
0
555172921
447974321
503734965
333481567
611341014
618880049
473822884
544726424
247348970
263172820
92657210
437294770
240707770
166102326
130787216
5776993
626908588
567075973
117667991
503282867
625069013
438169134
596126418
558350971
390924244
507151636
532593720
113257345
513299903
447933403
649870713
298662350
251745800
181167496
98244693
335107615
567279935
307585548
377558449
279756516
580808485
507453806
541721331
190167842
565369328
646254084
501269752
529346464
260644057
521468989
534330381
542408799
662341420
497843671
584596685
627972395
641189294
564599064
0
0
553979725
221294665
610797955
391650186
343798897
431191708
484389119
503319751
325105555
57966851
579645002
250276110
403207954
32002117
655217872
524721805
258061320
262882117
423894899
131831056
267493321
661094858
141535042
201181385
480424638
180692921
474516165
264860605
312823629
400416272
530419261
404332417
277278709
160233775
627780019
621354248
3442469
25797
302186253
450783772
90937046
588209352
220834234
447661595
604925809
245463028
397128502
649675284
500776282
56816074
358523086
265412838
246706651
266874405
612534048
543057457
215230415
467680259
121810598
179497608
36741134
202573862
241386972
171917259
590206517
418457890
623567698
651831650
576059546
408835138
272350772
618216861
132863994
421415950
441462662
570129969
612692056
262833761
182449873
309119112
274046110
585081251
527975098
499684900
137645827
657143410
541897043
24979452
192307840
181343783
182192816
583033327
83242756
544995272
560434810
406699195
199260302
86185127
511923404
459444835
265942651
597511947
38902780
6359022
618708025
393214508
623335564
429718913
65886442
50584029
67252145
445934859
379772732
223106047
414326998
624920630
69844125
427191767
407307438
272977353
547913034
12231980
319639501
626737302
652854046
585611218
556714076
529825515
314284769
9003280
593505629
0
166988090
416877505
436896938
649676730
604771544
248452652
189920005
517640630
354047944
631698144
304675291
101592596
537547628
372345087
0
309876465
522243811
9881487
84087473
382368541
304181820
0
621302969
261309605
379934082
404433787
325441568
161499745
116731350
169512666
488376891
151087686
250410282
388490254
223893282
197801138
349764393
308938555
173705245
519532695
92675253
297186326
607359903
89819773
14854202
580339786
18900601
379580484
395942503
454496754
264888952
0
116325070
103454282
354203090
139760734
119757655
79205818
283211447
0
334720440
537187612
180696067
142214141
340524684
478942488
597644549
513139113
521687352
329450836
302767790
0
65134157
0
25750642
118399334
238751769
340332306
464617082
434092313
287638073
263077439
476487251
82389573
37414952
493501526
148527983
222827934
638351785
582103817
612814947
174537434
219297027
587579717
520427420
271624608
273004008
466148446
403735559
153638893
578402292
0
110401041
436451835
525931110
664336842
152770871
640885111
66876339
391783319
450130199
308890419
315410041
513085848
0
574466233
540753471
482727718
373666210
470701573
14534773
612332802
481071246
415878042
546426649
12479215
95559052
168777788
59257357
343072997
91662878
68442810
463281484
612304308
449984758
270290061
95184592
345386961
56448240
164792834
281936058
609233901
191177707
339141442
577199661
306159798
487566672
0
311570487
388323293
583655065
184949066
315422004
454023200
11667461
368870811
243650067
586140483
340893422
490845241
222085975
141860641
376957974
356402235
210602271
499718628
374152878
183009267
170940811
592317833
90249077
178164174
40731457
490034653
588183628
439537713
558758956
434718865
501192657
56403124
560880891
97776809
449984935
4381944
513353072
508863055
384788609
121119045
0
585244290
397311874
339036341
0
123256045
276860630
324486754
583320724
323856028
433612469
651960523
343242092
459211644
363143702
2164514
544234033
130174902
448147957
218509876
504928032
0
589410295
536255931
426081309
0
227627234
530395087
456857267
175290604
368147561
648905618
182426164
528491200
105654543
296631250
480906598
150659640
385087320
531494451
639031689
212319515
570067816
0
405997941
399314239
402370926
359816044
302198067
417781184
186519848
539051184
277229374
20486261
470158978
467029558
456178272
462591119
50986260
526911189
15045047
272836151
525779532
601073883
507761759
663370572
226948223
131024242
427483966
321649267
81075960
513233185
249603966
60167002
150601164
167183546
538708292
396564027
424918608
170929700
584630089
405934652
429786133
216753751
153010505
132891257
559811908
582967024
519273792
111591137
263295203
595340565
362377064
561595901
292999854
382010821
388110049
397996235
189063851
554823955
182834507
412539485
453261681
490566615
262192854
16979564
322522249
230046506
639083726
24406198
396135518
656053907
137927895
82647228
169456998
26924085
553507278
292240467
415507319
241733553
173186248
307811334
637703784
551171184
57811133
382854574
444972225
118820883
545801263
237843280
94894133
580918729
333818593
176198177
445286939
82353942
287242753
142652247
0
58854124
588888965
348888321
318139268
533412578
279787322
116939821
429256073
538688628
604030345
363537314
139859682
249241810
553485357
180860318
442587988
119405536
540474624
322983657
626956640
556041298
189295389
455994595
604936789
456126526
560076569
654846941
443912433
173612163
359370254
353691473
342117621
150451347
428805233
353957294
575297939
258350088
312352984
574146758
287399858
0
64309514
214490307
313132059
0
453145366
456578597
109367173
121587987
412920053
539439617
292106829
24147977
171240173
71366170
242585394
378215349
602867125
392403552
399828018
337406865
461972568
578869965
125212666
117019781
273292092
243315291
447377039
488927782
0
185192942
409914696
543854743
197861243
0
172351168
421335312
488697653
18432534
82712040
466163656
311813200
656946567
95015262
521113183
529945779
562772857
29739185
30960969
455801130
105749357
123214883
517648751
264659725
624526509
185897421
473418134
458268549
435234152
21924776
466594274
544770984
164619563
423334422
259083051
403365049
361875793
75854020
511469815
0
372656344
505480056
599407333
0
507233527
635386408
537670299
466509510
344375186
66281455
21980644
102648428
368105818
505014626
441272149
244637950
114229
187391929
592638467
37001909
90181875
365096018
6879775
428087978
63610816
484254855
303758604
267259854
45758963
354995273
284462767
338611131
381277829
94413223
0
462336109
472129417
289977611
348151195
643563731
663506211
330939778
37357425
105577411
494821343
339709084
320492322
603152601
657287590
220635920
400152092
94166693
582011163
463727765
635955082
652906737
106438253
48305463
376633927
7015184
604909910
152979102
164131105
124490618
398032258
235592276
194237560
84721684
16427255
437550433
452760746
367660869
349080722
408804102
216327381
45823573
69861
365056100
455883340
648551672
500040334
658002740
341939827
421530557
230257199
249559348
645873812
547244909
573970354
338624204
7141972
481461226
481146938
345623781
497574117
366962597
412083771
464956156
134523455
202951771
160587136
223114037
584274220
304535072
40808308
170181733
405501190
281910060
555486876
665761763
485602520
465953853
444113270
373382318
498443092
482413457
143238084
634761813
273984139
162074304
443817616
85166213
24783303
338517833
202779776
41767754
638070921
665613262
95796122
505719223
0
241448891
640333736
60365183
0
331444883
290288180
627708735
503131374
631321343
69114411
438304249
606118690
648334778
306230325
495059077
625837377
20821697
573098050
51933596
26114855
120462917
431821793
296672660
583670237
648526867
425639845
601288329
505376435
225813977
284238991
90965506
434163858
142414964
499504569
315999736
487226260
0
398477798
375865052
149931866
470616324
355015264
117394181
469547005
586279608
447948057
113857884
438824055
611642977
557939504
472517500
182029929
639424814
15292151
463455976
185257844
360863063
658204575
2475654
615911986
554958919
0
327636706
235897884
421413407
383551906
399679748
422946202
554043347
506188826
477397330
440158140
229255513
535530384
110875665
0
425681692
561310670
297844207
568900561
116596195
332276071
195182388
461838395
208137192
347313531
24935345
461165393
0
0
605866382
234377918
338662155
367084855
384650929
460918855
197513204
351813186
383365645
94035701
318665603
388050564
554692885
554046346
0
501342799
123913822
539070755
490076320
80927290
499138332
64950235
411138954
517797720
475746992
95977388
0
301323711
389715303
111776971
653694330
88368755
521663178
264357750
127670126
273446701
632371847
258355547
372807612
617135589
296686110
465793978
445439356
242165914
532356313
653985903
318150464
79304799
606217574
579084203
469792017
419985737
624698383
537825171
14847037
625315169
315234649
301084046
0
31114630
196736562
426444805
163210334
236396935
221545409
554909167
379700644
357208276
195016556
301806168
0
139624775
133723446
137636450
7281096
607005881
349199143
213189555
476210615
135274406
0
500289525
421331494
568593121
381940323
276852773
0
179752752
474475686
129332177
233000778
574522545
31398468
111551376
641970908
305117512
416135795
195409250
316294318
233687961
19032761
458812306
632970728
172318862
232121787
97874106
183206354
551832781
592664503
309738421
589320909
484467732
277643034
186420120
443069623
311180013
332961799
257745110
60014480
530619111
508225355
523701894
552277621
304131460
40788593
635016981
376534877
547878763
425043399
159550077
36067191
121137367
326316093
383066007
614791133
375278110
599538356
579341780
160032186
174668977
605005346
0
664026034
276178897
8888590
45600094
233570427
439005202
273721803
639875894
325910200
182446363
576644851
609875397
200593403
292991444
181328333
206071972
365147519
626147068
124895045
27098077
40493234
0
98129939
366219892
44441732
231076288
284206652
599564724
63574210
390364818
563159157
543755456
223037882
607214698
590736506
472020371
622678522
91118124
291747344
451647807
75510917
312417733
657037667
247360943
0
204282418
0
280062157
500748744
515510877
118562573
562117140
613004140
450134327
536828439
343094672
501346250
550847586
480181169
44567150
269135147
284235436
233927270
156877484
50673044
179442599
0
90314658
0
450802830
350921791
588308843
510770211
172647304
344446339
476485009
149313973
227442787
246892488
444470649
624906142
198612879
532890422
130898997
33355155
608781792
524218219
0
53333411
177442775
354427049
88688489
167657062
102314739
1846061
40798427
123675012
288103698
144568976
111306288
398897497
428135953
313152408
232784604
582366581
491596496
574706511
303301879
471298065
464233575
336376670
583891489
482722428
398196321
499630248
581539792
74087753
379189861
82609041
357159402
633450483
513152065
633232421
260413742
471735809
64105053
127372383
611475764
540982124
0
458171386
243135625
218976767
643484269
261343763
359340108
198779037
193241836
281972866
311472971
111576512
510202606
239173147
641091419
0
532629301
613253934
505685760
664341823
22156858
295146099
374293508
580139910
534290653
485420544
641633486
348597112
63504762
0
544002341
600192892
529443593
91466174
623254609
268115042
584910988
31483375
27467765
552266726
598788540
164718901
265543402
108927164
25436173
149048334
213149639
664043043
46596141
30105786
257514838
19093311
202662346
516586733
310644786
573537170
0
399140295
450522967
278800279
355897565
337122230
255742074
659078503
0
496199530
157541455
399135808
231464067
280815555
64967516
521535543
554133662
169424129
355537798
223782717
283278956
480625029
188961556
12263806
476218783
661620332
471129022
542243542
92456516
656294063
154214320
300876560
603195240
278346902
204259489
621692224
504569187
49094844
657540665
420763161
0
389505322
186456920
509717511
423368507
492289289
74030032
52612818
84675423
84216726
651297973
575555009
537977446
336135251
554381801
81431006
178129677
180439942
452368476
498732807
570188779
113041680
359605245
256063105
245073515
95166011
235107105
366125452
544564179
130764836
361768652
123494361
542922183
209715439
53963996
601954690
446167398
578704245
365964221
651820822
42682871
0
233083178
498760064
450389389
416013317
356001779
425840762
534875943
659389944
282821912
224509726
217140178
452334453
411837258
576265002
405717656
363898226
73959663
0
503859969
36152705
330731059
219084396
216216266
571283097
78820146
344923994
63858407
380299489
478025848
512040544
53555811
284497923
59642443
259319457
617231383
353916396
661986854
119001934
300402611
523535210
255289091
381763110
165823053
15584826
143901871
169309798
157989209
462116163
598718425
468250658
193067054
275243754
514027443
387810704
612516989
5245702
614906446
529033570
43504889
142144453
240548260
661190647
357918125
157311927
330322307
448241828
319080948
591721900
0
245387498
346255477
328965893
547892535
522747143
407454281
256897148
439989491
389272538
630490036
120463386
167840845
362872850
0
641999953
218898996
177132924
451658244
501180651
612585597
498006509
223884164
224987705
0
130719149
14200966
563605555
570550297
509744551
398082093
392755003
0
505226975
258551497
445652527
493270598
459367296
525451195
500922085
102843114
496873682
452340648
554215467
574337341
643277445
83731733
25701484
365258381
475547804
0
309275577
387161038
371362216
373054629
630530030
650099576
492486568
115520037
608622976
265960747
535042998
176220811
0
134253947
136977949
642902444
341028484
162186848
65984781
73059307
467039134
227342796
345607197
25443398
364700740
645230973
163087801
403764171
531397951
654633242
358666427
603550043
553159506
287220679
399011067
452100382
0
614947678
154980522
310756204
309661340
0
558628244
611262259
636563813
588453826
153318644
270013022
661398909
164676742
348573475
295486957
428641894
564613946
226504983
529163657
381770407
203669479
488006025
541650828
425992139
85990251
559511607
189990077
32966310
628634928
432134818
0
135671194
142646688
569200553
542026711
132466396
543859869
315609694
482402523
220982975
0
586144472
65189235
494188592
421916206
386066893
502870183
555858366
265760601
661383851
112906982
600203669
190520721
0
422813528
90413913
248977266
387400957
507590274
173276106
469882712
0
405272359
393938007
131812649
156322171
372547515
304811154
183048423
115594992
223075558
666660554
531432279
444301823
465926480
611748443
91232256
232012186
136404401
535883081
73430237
486815651
371843693
130460572
660653457
588035965
96980938
9400000
561132978
461892749
392411972
515452030
596824861
336923660
624129877
321586108
215135172
104732176
411742595
255155539
400580743
0
236723280
171408557
2369624
341362259
301334034
303065916
314961905
311016489
341928957
294999833
41886462
268049762
43196990
183838039
338764314
378801381
268186617
661064492
632601011
399206540
337979260
598214649
264388669
425441036
502935020
165368719
0
231906505
260745985
556759940
593204217
661827179
257162246
361549914
347403020
412381457
428035947
90692661
129772651
140579672
330279344
513798039
13082874
517485773
187627241
298499099
451484890
652937611
662710363
408713303
322497261
544904748
645107441
370663518
264735952
374188249
442476184
435803049
511966479
173429610
468155585
122707781
65673957
282754230
389798430
346549154
181249526
206450983
557752613
321519038
159858986
575629737
503516040
551754864
93484687
309911029
359123365
485769701
514487625
0
311796300
46616194
0
494493550
96639206
437730261
489827312
0
116640320
71474055
382412985
286908626
119445042
242718665
443690967
287768228
429996457
430756407
90258139
165915035
581532806
318354339
454609392
508371831
69102625
641596778
104576684
534929468
368949929
165934369
270089815
458162554
606206122
78131423
334529786
591430236
105155347
117374444
86110917
51506780
196402223
599309024
276090513
0
608567853
443082348
648964553
213253067
615439494
613417798
400007213
277080631
498406343
78474920
452027998
89934217
573997239
664306916
126788862
331577485
191190719
427823151
584886932
443076755
156484819
322387335
565490112
565492568
438093039
610196559
213048669
331051145
35663263
419071361
284603390
618626002
469700544
510880454
623810516
612851844
166936052
94479755
0
72107976
519290553
261694419
337982836
0
596637960
47047475
647421551
406718035
241208293
376746106
540979540
526722359
505747145
557238898
10743913
398014503
525958405
241975259
390602989
306661643
272102728
303821267
201156043
569174141
282955087
159565013
281674405
574884921
205828148
38000047
282415122
551003796
108580290
416279829
611107616
482523792
324479863
43950341
325631614
603957433
576494174
351404309
501360294
412154806
0
89974367
64876116
14366916
69193358
320474243
428547488
181916130
592068550
424885449
591840145
487680783
3414876
0
60829424
498720145
82086233
356609083
174477977
187962244
359707588
159411667
223185122
272529906
422273128
367939118
104213496
643386912
24132472
303632236
566860565
346232302
500608075
272839043
5737256
84663958
173795072
108039448
381792079
616589780
598528862
287782373
581509785
431364999
436675159
448051176
528123505
467922880
555573187
234694529
291960172
629355186
52138250
275132920
417263996
580461606
651101173
408665682
248408298
200137933
0
19098171
365222863
102704957
340863557
367777812
155664683
321658562
142004406
255366177
257254388
26359689
537909906
617061275
8836242
331141222
232365384
92924747
227733863
165189247
644595597
180816627
6005696
67393564
339906013
235925016
655353816
614604513
655679557
610360535
93971833
630820630
344262108
265630413
0
211015652
450388228
358978723
649666934
486221297
474970802
111943362
110043944
516793248
6541551
317093727
327810451
19878772
466634520
508771692
101652208
328013990
485686005
0
188303404
611118068
524545497
280288709
0
537598038
324727837
581472852
190601098
98796242
435426045
346318682
294398959
21082053
123653262
573139176
637057406
391660514
216646128
409035019
203718957
42940898
329043841
323860906
33573363
277218486
268067661
0
504410649
366885566
315684791
592352960
664739166
331345729
24154735
114233438
473854799
507326926
500512591
641188315
352297087
74516419
270316251
99918661
599296618
626288986
56578547
409205684
45757191
125750380
571398345
73952005
501423695
273214426
365434554
0
501011779
325835429
144506262
96399591
65342060
653068378
126052052
311343094
232543669
414013602
105962883
309959254
442330037
26073250
520279805
491611384
431964602
309240271
32701699
191622000
384334561
259778341
412032179
40955965
517231370
455327778
372367105
402167975
321745281
210936799
568662978
436843598
179019935
586817257
502082460
408623587
374876286
459316453
335554898
352987436
271387686
570753485
351928837
0
463855885
23762292
209513758
631386498
583231132
665038290
404687592
164930221
243816206
265017920
635553206
210928917
633843533
80112869
158565567
570774128
640547445
238175503
632265219
185926827
97113382
544083411
498217934
340416815
567734718
446640135
0
409885033
493789248
0
654883173
319063155
258884355
0
326865329
247803790
533364507
203915219
163379142
636201031
645151484
596896043
121454143
539181481
305340105
376999925
581188938
7891904
589316942
145822568
620241297
7296408
384327093
603751001
422881610
210951901
617475898
301495247
559556404
32786615
143632917
93925017
149301931
50893159
9733400
0
644632321
260838508
140124751
436548813
156973140
536178430
178298014
106936253
260731023
215946651
453871908
125437481
571435633
356256268
3048973
274828508
454871817
366387342
197923145
83094322
621687158
202253359
218764444
194212331
68051273
87313760
583425227
476892167
283124827
620389056
344872923
517156730
371480994
241805996
536086882
481554099
390957241
365645192
508552830
328630454
489323989
633650610
227364638
65366837
24139662
384008207
394484728
592975091
268233750
188520836
15700372
87351956
625750752
144564142
251037799
430254136
418496860
305160842
249189191
265569116
328061208
579303858
448647729
585421336
453130178
327630002
493812725
376295431
149801593
343200681
530842822
480724443
86421751
460727206
251651347
385407900
476239206
492640776
113302420
258127950
90582898
4263366
604650290
332119625
506001478
432509036
626137203
91695966
590731657
80653967
199012632
278113733
26950792
543561790
607199232
498150953
392370057
138169837
550298687
403398003
372437210
319241630
396392032
149624037
91629143
625413399
0
110223
216113194
114825200
28499692
664849379
324629117
0
604659570
632362344
632474037
483132575
569727713
632363644
343730917
464875430
403057978
662356257
258809708
562178601
136043900
613505736
347623406
305043014
195444755
307774729
388944894
439979160
586079961
503322518
501407348
162808336
0
175210834
456917563
517105048
554306409
179636120
274444094
193146312
428928085
0
544580860
456727378
131924346
312759781
97730287
453652664
3956402
88605876
92274113
550521977
207390983
23806308
307538127
144125782
540358040
395009952
416688665
194590023
563096486
106465973
189438983
642331781
196377410
71874588
576874208
196861940
616663710
197486093
527306950
155805866
377926561
440184903
98586866
401731378
64915234
493021637
210631699
115342858
648835847
371689723
199276340
490339503
270537208
541888674
521294083
478834698
412626765
81127187
265576187
470926765
255233385
539361986
306257319
0
104342438
120515391
572534354
69134223
244543850
630852531
619642713
494019091
582417683
194730240
398131136
404080877
634034328
403193951
23360240
223977912
537964358
614474324
322135197
652352008
430088826
426900133
548321695
0
321835702
349063920
312254163
130623862
301694488
45865298
361074261
295173703
217246573
279342128
435854704
422798897
112474925
235121917
0
412254319
29233086
254329094
577586057
580252565
657187931
367138649
299059587
474640010
12417207
608562960
281516437
77661435
109780127
503460728
465110815
523774765
76634211
589809730
208017181
568172991
264960673
355099071
246707855
228281851
158216886
416037399
659875479
433216194
434383699
187303341
322286731
118713003
496443299
62968124
569750472
251323795
617566957
216118403
364983016
161666179
275936442
425596524
242605171
167456705
281671719
480651526
203505996
354842604
317071951
82057715
420945809
219811738
119089712
440944629
67401164
462293930
0
102785425
0
385055821
98113724
165734143
625331249
565274732
502239563
502325932
118769733
439509672
194385700
433747031
157300148
404591094
67737314
442088892
291831304
281951094
632881006
230432534
494170131
370445589
514416204
600885181
212806445
380107454
344771298
580091657
47210240
403212533
663899637
318508864
0
550129148
0
496698960
351504857
591023503
415289236
461229369
308114039
1570058
558967783
303473119
654592806
177517625
403199417
203679036
112899585
103685871
374414079
311003063
462441509
494905767
120061919
446672566
601161035
228220783
70356855
92141816
127343361
594114167
324124863
159446049
528076185
70966036
268901985
179164053
520942579
190932026
30688607
398644484
132753782
69546336
219521250
582746605
178570520
563888029
69446290
188336813
427299931
382576409
502988739
296205812
552976233
0
0
493934370
200629412
346344711
222706155
413344684
0
291731951
430160747
384521773
62239903
163037262
0
0
666256892
535313149
216770851
578291105
569252155
146769604
538595035
442146184
598030603
22898147
597557753
21445081
151923545
269012722
195337195
360944112
217463243
327782943
266821076
33543587
0
637932999
631282868
437295748
406404181
598287471
425743778
521461469
98425654
443080515
449088410
491604608
98605394
545661684
73137798
116334930
134571588
235251218
0
244966256
426355297
53626863
445900776
531857398
578149740
628710669
329253586
444616915
104123783
250380661
267759954
27540720
567880686
526046810
674916
198390620
287123040
193424957
451113861
253067267
300401450
166366330
84915903
0
272686020
364917132
661425140
235451609
174072908
537972810
92923204
536135693
467986362
45540149
628385426
389283391
60062074
197919585
525615450
496153513
620512957
27404185
450758973
224193472
377301475
439865008
324579441
277873455
157647532
478174012
474208011
338564945
78788857
420016441
60958703
657771701
367903571
203036122
569690026
0
184747832
199667328
603172504
115514099
565526262
0
320370378
603248163
514370912
605242272
407380989
180007759
255576008
82425965
107254616
179099572
0
594255488
220255003
34264876
62406040
0
228289507
330784157
527185631
25490888
81803223
56133299
202203097
343011809
596231678
351138823
446083968
452224593
0
608640345
373031200
94573635
51323268
270876080
90674762
169285719
385270470
0
374474103
130457469
506313228
344324093
0
318692156
257799424
298680554
429174600
4169071
97460633
489271628
448821470
412330150
295232059
459171257
63042274
222721064
106033128
625194371
0
153632978
309443858
646352989
247062882
22192649
138778505
383365887
542448807
165240563
594857050
278140154
184400191
453060957
255656140
225559514
247744551
246992766
473728147
0
456767234
583557785
88599236
369485254
592794861
196177041
79231932
491309483
614711690
548504787
253130492
345473538
259573854
181192204
209220542
128753610
607271404
424291427
387799568
220323365
600094406
550577503
192173632
576279233
0
435677561
656347654
268493656
100536745
39775183
571310935
550861140
500238552
158155195
38394061
126705492
292426705
0
243370556
442344155
367987448
0
255564670
254940467
203222549
206385497
247804939
312916655
240398293
155267679
579535862
336036857
75420386
0
385579623
506609987
660690585
319213417
510764501
235414586
5260410
373391942
665106277
335419992
5507055
380658384
458549044
41097843
495412380
0
373127574
473879946
255169537
647618357
589781303
552108390
482964707
518109643
387262256
405892184
0
592376250
505372798
232663482
167245867
341162587
594790551
165746391
115466825
359901647
167801069
227263815
47813920
624864186
98585615
219993631
230735298
100057791
355878109
533349697
298747261
482521136
666492930
532752952
372186756
216855948
656077251
491474069
70946560
324411615
62004235
578131049
322881671
46687486
388086430
548836866
240354076
176895819
179632555
185544341
172380451
138529251
429029001
106022650
260733405
656875339
242602899
471200474
173825498
615614112
211575843
197202607
165501239
634894005
111440680
334585553
260949488
653178682
530361620
183698519
128798126
456162045
503784444
476697057
48090492
250987070
478993266
389123385
147031091
42520344
179863536
92173224
547132435
0
408349432
37530
619150616
72741695
296182100
654367910
324489225
416652860
607731534
465325388
589735245
275495224
385742064
384641232
75049948
456386035
447331458
152548279
51213837
80530706
567962886
390851468
403964490
178752167
646951335
378100732
664907122
236990119
79504542
415527182
540530412
125193379
106764285
145135120
567195870
286793750
412390100
75650628
162644043
489839299
572285914
450945056
215437364
272734780
227844099
452312817
233493410
28774565
334455467
417078754
386607874
310892938
43299063
551803012
394755576
331092853
522049054
25770746
580874384
383434276
630673181
358724803
328934541
612577256
0
631849729
601424346
262013221
560634953
382917857
370423051
225767364
556522966
511931233
445093179
175650641
149401149
583391700
0
241696533
495492872
303156035
168241596
474748038
604158926
293003220
462145265
429611407
262710205
435722593
41806597
24788683
2240947
59238718
46848018
459508759
547924667
565878141
65116484
325828984
513350979
340720202
296370173
242303158
356626947
338976479
637470328
182824273
299003494
90242718
126052412
0
114551519
580349278
115760483
90582898
0
435110407
4306632
11893793
135236885
484418575
506469621
455636162
0
340117276
0
543393096
40525985
207509854
237033138
532225733
500031972
378848349
224717465
339947533
651733663
31503778
548599959
237194806
591558201
319032680
245515163
428853894
533218833
309787368
433277289
547993494
153204177
162472899
341472272
571312126
35914664
248837542
495617512
407726179
173678501
88251542
632522742
3527700
245933612
550473816
121771064
290291739
501218547
112752493
104117081
502235694
633214154
412104075
646844892
210366555
499145635
197891117
110659869
185708089
435873202
59301853
340175237
632750272
551373287
62087176
356629646
592372459
585795436
328378773
81145603
270582775
373017614
11557579
555803223
169128125
500629573
607146866
595196953
254774987
442640399
322337367
58766829
106146087
48589067
117456632
7703307
295708682
519651434
454612747
593119304
442140779
660008388
400532481
393710918
418320832
384633189
609537856
568128577
602850191
542053107
502822452
269387568
185451562
516812724
580165264
282040216
358697651
0
133936141
153622942
273400712
664151225
399655193
270502527
288054714
252681294
446840056
0
128500443
550614992
571972491
173860238
569510080
490929693
163534513
475878729
316187502
502594679
231640280
265533285
43753567
477573563
254460998
604561022
257364694
448796549
502144315
252734153
541131208
490023045
356136930
80700970
483411691
398236478
121703295
485788835
165969483
242201318
594476910
657618963
425337810
276814105
265270283
570860459
498110881
268879791
570410042
0
172406841
0
457287562
382685262
578846367
457447039
158201114
356347148
429371926
434126823
282788614
487230801
586759292
236530516
528681705
541503706
251540884
7264379
336884550
270104503
106351382
25854259
146187773
0
549169192
582545995
620770268
130330418
397740494
67082247
194883699
324606955
287747375
573614975
492329750
289746406
405110848
191506271
375591131
321107394
224661502
246893377
96658280
250464569
605665171
261044096
187019641
399101130
21610489
39777544
330012649
549591193
484543321
6211453
567373582
533788912
476318325
106767826
120732770
228583602
36107030
481091212
382343377
42407727
446962424
314503781
644693426
286262291
309791254
232219027
398412942
351473007
495826754
636051206
417994919
584248328
523190679
285970496
190820891
135414886
545362201
624579439
195967287
540856549
533340357
561499128
68527023
277117518
523459714
620355117
43862595
290778302
653147164
148070271
327501071
428995591
531513983
399279470
470101608
527848921
491349149
33724681
195295332
556712295
87994239
592081209
369050754
390900635
227860266
299278791
541009199
632433980
27736337
44089017
407279661
185111493
168335402
546162048
224729492
50911455
318711483
216932792
503948823
341438637
284095338
156631971
510353399
135737364
52530580
575296138
195531229
100437759
665255354
222955060
366810528
213660698
535067025
0
278691579
565679533
142690280
170677887
402638577
56679065
114373145
36095708
503787877
427386450
575144175
515236681
637052646
494196028
464863943
62905748
336061650
341741607
216681107
346958565
168576044
138435047
58421952
190366249
361471551
436880418
555686903
71642191
300603205
533181500
112325388
114868548
402412531
183516375
367775849
381812035
351653019
519060182
118352222
486039564
185496529
517672576
0
407382131
288259662
173574472
631900896
267771222
232294978
556458258
337364431
130189808
177672320
608716786
35123719
0
448755234
255640779
138801556
414185972
8545170
462858516
645343342
118162506
462262101
431564838
298611189
639835712
263646805
455520491
32546196
595244032
165072608
451455248
519042993
463435976
514979749
230381971
597861264
257158409
116830730
380079286
368106165
174643928
39953361
43047578
604450547
325415936
85211295
104344878
524564283
143245475
55458916
30401022
304400523
116254623
69412551
426755815
626845116
577919623
65825131
77403637
544591424
248645944
499653355
588222810
664978589
389034394
469286446
275054097
481635485
249333171
386322044
165619691
443293742
519213348
400114437
546360164
578284617
451827381
60816054
278252547
254619594
646762202
199077594
402258486
272388245
509057676
516055331
293708007
655019569
368719890
488329191
126113466
547605166
120322315
482060109
524666264
440575860
151132358
588934795
221218058
661849712
174095328
0
0
41942430
643655297
375960608
53670404
466340411
363084743
128091906
13774932
58071088
417216799
662715357
216705829
57072445
276895574
159931881
371807603
81236172
0
634354926
624645768
445871625
600048562
518454489
72973539
176896224
12322182
532681732
137693480
221101164
81483994
318713164
504870204
665172382
112984577
205294434
474206273
41555840
355568445
581215753
252573511
246380732
503219010
449231318
620796140
430718289
18544912
253378930
558206496
396349283
324258128
57744858
589834991
38394778
49654346
652858503
440636781
333586882
363967102
146537323
304207538
282710062
459991066
255408063
117650977
173210451
595915532
511097094
640464979
0
521418583
255798073
130528972
577227572
606114915
222792153
223960386
305296712
86347026
235901989
338278707
42145767
618826047
604895170
367631474
514839584
586786727
262592100
0
27125791
592847610
86013681
421468416
632677315
280444637
305433443
370874690
0
96508447
400775449
172574573
474247915
375778043
649775079
394700363
77854039
132724006
301720239
449297103
304633776
564745151
552539283
439862614
628879786
349592833
228773113
440439325
326608075
148706711
141974022
358479994
78402093
283880056
298851319
657260053
432072679
518642061
279106026
237616297
354581670
154200070
483653741
605393571
400368438
121571815
421821814
211407108
400174776
591144139
449706280
417026860
407303601
161737060
395872388
18995896
281768334
602247171
469395671
57008189
476707599
292221626
507859945
320424965
430885485
55487819
55917432
348462052
158877925
598619782
369902418
320519710
438017785
560075020
210791700
628362165
326951360
58107525
274474028
480521258
309342962
637907712
392612675
288498657
589770480
433612134
166828285
409614210
490241595
278495437
528103842
491111709
572209420
484077336
30020935
352495200
13148749
551413705
300525778
377227464
302920662
48975333
387577635
261868124
280609176
534125643
427589875
202125872
33730225
298146086
614066288
89226870
246192590
51776360
57634838
276667922
366211792
245754304
357485088
427182838
435595142
296964896
505912417
121391937
399290718
504484676
309386603
429275594
0
565313918
538509776
317319988
228558505
304955280
445538501
416501678
60979061
81765517
248975956
538868689
424196185
99574499
130812590
284048712
210728991
212163655
177809840
147121823
551183033
61495877
519194953
237598927
305985765
590948131
154676897
412152211
582642912
420893084
42104375
150104246
345684660
156710682
286100811
533955445
391441538
75114980
207359854
491032115
282630046
287242968
22388271
264623397
297009481
370439913
581715846
41697025
157229600
551032040
403674561
141555011
370903105
437865810
169282191
591527094
275900485
594042983
449117531
49735144
130706415
360734718
157087471
27883274
209185029
391456595
253323426
406419467
0
609113855
516443204
571930887
433325805
0
202440837
240037533
566247335
119851124
613252205
327169176
362386930
103039683
305766851
594999938
210190364
353575974
166499938
192545748
51785510
0
253675397
370181600
480534595
575846993
364946434
148144610
653755189
429062053
143965945
89581620
400998324
518588494
291234623
297333925
151040091
336145320
555466952
0
281527748
572490858
133087007
204161509
606626476
189037710
0
394269117
195499509
43654308
576077629
173436611
448417211
496326870
130424406
639314731
591874786
285243067
0
356627028
376661699
493216060
358821820
346427701
544995026
474965400
147259478
479315124
579144419
16834894
311862699
164952067
656092077
570640621
49657522
618490683
179031332
249882083
50031620
253467179
23378017
250556429
445744363
575858356
79117157
449942923
436398428
556653882
17654254
0
190739126
581276220
109466565
258784364
309491002
343265474
57625135
167875347
448215427
46119581
264400577
25090846
551211404
177679058
461742530
598384954
332036384
563276700
597805564
90677445
377145509
172512478
157601170
479970022
502594460
469339073
418978965
311402338
77565424
348170163
406608762
307351007
512827322
655385590
611182227
151841359
304131231
142535312
509344379
79611209
37848572
611415129
106295356
170624966
665588899
184531437
630342084
69550148
524087794
601163780
541303215
574605626
0
11981907
476838692
193345186
149613432
352872344
514349399
271055508
645199615
2628876
413234093
64829729
365603752
650726349
612990296
230414604
217184422
439833857
214281835
389494842
353067075
438401315
38965772
289817764
57321635
578348753
262451413
513964403
642608600
152593519
327020069
449696773
0
269771954
261232433
453851560
212720204
155069421
385989637
344269286
480581844
274398374
576380767
528689001
371785678
0
118742214
0
324442507
87920844
633413770
590632454
411987087
461366441
66730099
420423289
152139369
626061285
293135458
302374305
530313083
191288803
193431023
0
339067113
55128700
183895605
0
453151475
163197894
269692107
417154600
116207273
434479291
599663164
168257369
589280312
549984060
666294394
0
119853847
157767319
525384753
384194021
452558172
604196905
560228978
288664032
636498302
0
208869274
651871840
3291089
309279377
466161050
132589476
39733486
404094433
116069566
392688591
126569774
514597223
590552763
652902808
26954001
575056761
611108374
567763390
342360606
542323947
5423204
124366343
578691768
455503854
562102468
664825767
0
80590477
636603783
145049314
38344050
0
523613324
28518328
211461989
402151417
502450683
440761947
264525155
461208754
437851774
0
0
118027139
485451615
182687789
132659451
520458358
654733311
188579200
282066775
397251490
67987836
51054533
44994608
599912524
324314602
202489185
499349116
117033062
56874032
235576938
91934086
212004796
644897528
48071033
0
443795941
354298913
304966260
420165883
93941987
402173097
0
88222417
551806910
625771185
513657894
219244614
376590569
433602660
224825839
0
640442888
353644078
570103033
586531397
549598459
0
257780010
213681915
144538499
347916486
616391364
657001996
541806635
553840470
314219261
331117628
651940939
522857489
157000952
124664806
312736687
337687429
573020867
452478648
532884544
618844700
222524490
593907850
242240691
649597601
119210024
176396031
0
370269213
417205387
189656373
328629361
361473923
194233666
126475711
250942087
126991160
660998448
97185370
286116312
487961181
639357568
578845341
478913506
197533638
548481353
511556383
480820375
385716937
437020173
365928678
205004951
137429687
88118737
334266548
534044229
650894307
320054182
605573582
410630161
609611528
626954594
410260715
54704574
575198381
416850949
343643902
341676420
15755467
44673316
651064678
0
175780983
1161725
0
184756672
610108953
218826785
470621194
9171575
570531346
417585804
132790238
289865114
86505107
202763383
218414931
100633132
156177229
37564794
339086881
525759499
555926198
84822474
2174109
476006415
131415830
494395188
305405296
188873231
665369744
278594099
93660221
534748932
209924798
108882761
576767464
274965030
613248232
299477353
460647296
31362488
117503561
135509226
40350398
142869778
404862244
164175295
568962647
213542443
352994352
6075387
252800005
606874114
417285695
82559677
418733517
45197995
326112938
450265979
78214907
344346827
258527655
217918046
569880289
472746096
443580578
119782234
128273118
266896525
569895727
368036798
2377111
474772671
588580759
213980388
51481365
637558975
210612038
273464573
662700365
383699877
590852744
342906236
202396615
601558516
100166232
515431006
240611895
576243216
138211023
525539292
52973321
606936887
567478513
140108741
76382400
523565537
527093013
602473602
557190783
358631445
96979968
107544103
463993637
0
530284748
62206871
505610402
330432219
42100148
378841997
0
500517574
311169539
481280062
662424530
426145712
121434804
388943856
0
416060755
213492415
390782198
410157682
0
394132017
317944477
54624111
592435700
544655728
139045080
133028481
365766921
234223574
636086142
322627547
310452063
329548636
323731248
344488930
26782389
169748488
501145457
418004504
140426862
637700718
398840843
565270177
203602971
114637159
421259112
455972159
656180835
398308179
523110986
287559388
120182459
87392711
121519325
578953929
155800329
381888627
274142615
586761121
150369239
519282320
176297531
304287401
62954997
276496471
165716056
621278277
0
280357948
261175225
165723006
410350797
199501031
266908850
479924415
635301141
33581174
492106354
64578190
206505330
650292166
506515295
359027978
199733790
79483376
360072300
216940942
658053809
504748018
228687297
116359502
161970827
546507553
277831662
53337616
240208055
43977475
621056570
113040368
333163963
421388081
362152860
625243477
168254760
84096667
389122421
88170312
162203765
298772508
367364845
599573807
314837775
624463940
437714650
381590607
426976589
621401415
471760775
111161583
338494281
179501274
124042553
139117834
457318253
232383306
398367699
78610107
30857627
592070155
426110284
637665976
6575279
124688282
38605300
60810910
21716219
233543429
117692236
503564563
0
156003343
612027796
520558746
50945464
612614672
411470181
502467721
311777582
444986867
176240204
520826473
156030044
69919450
419897357
447247254
560575652
444020550
20152703
593158792
64322041
650576902
460518049
194978025
461640479
589733992
442229078
189131973
179681148
141199605
655825608
381558246
15659123
510584853
329240020
661079662
422027437
264728426
50040118
42215619
310046033
447453277
567970611
518420022
268233078
411130125
92004584
584191788
2916174
456080420
435861850
166142975
468951902
478655507
341343895
323739538
362247810
286920529
50328436
592575307
151984309
233765315
456047485
487990888
473793546
344928856
306993737
323371051
458901934
394851566
68749959
117427877
89072926
664648369
69519375
284981535
67346432
139344134
121063408
337057824
155776203
191554304
497145021
595842165
439536134
319359254
18612084
611062335
168508312
526408282
341224536
334730178
554140243
306932477
559394107
389342156
453873355
564734629
0
334080619
538785182
174433328
239631611
42579894
253024772
0
478605996
288855117
335094534
448406730
348334525
0
186378239
521159665
187845559
469458641
630318434
352127361
611791013
209680249
41761344
195501210
148462844
217935799
34314208
152202283
437834202
601763970
279428762
657294319
283259922
133367995
392921541
349228009
322552251
112568775
489472135
577912027
225652270
212290009
649771015
205290173
340622558
315638671
357577117
189351777
639579164
395741849
160503804
238674507
145826776
439880108
476658369
393161674
604121857
252890011
219283512
40363673
150545604
94838129
438282839
6378309
296626022
40083368
558452568
447800999
95907039
27940165
290590065
103675695
163684627
65313014
380937187
381690236
115696242
665069117
12280282
473713993
433270511
411368993
664174691
157477367
83425855
168446936
135292426
173282949
484350907
458996628
289669861
655927062
415611686
401124267
130890997
602179150
118109230
56512661
525303209
432146162
600313263
19033082
604567985
398312167
648971825
203415196
34321544
490513669
593528979
558588944
104205681
484031255
635732114
140771657
253213861
641928654
337518913
324388183
461563697
539104557
617300667
0
419858725
363205727
335441567
410439384
441986772
134397495
0
207882713
538548424
627901119
356601388
315149337
0
71395513
120297032
192115405
410982964
31430955
27813487
584611177
639866744
114133584
395216124
453084097
119724652
480060688
362124176
117025566
495105646
612163312
315004852
665224922
430356645
523351272
604865043
409544754
383289648
229057469
631948925
187678602
0
231629327
639917765
233711257
501951257
648436308
107714086
494380737
648526462
502091129
172755981
483674128
286822994
513966020
183597383
103970426
520303450
306893547
325973322
299626684
566142290
219156158
418374103
165802832
221162483
493396309
632370397
267183214
640508910
618003222
564040078
176308212
255063461
26351142
381764479
200559274
440852810
117360644
366411815
515543141
654456242
225943898
77108540
178784785
598619191
156526422
529218462
413222932
28972844
228744007
345706212
130666903
265351799
359457665
363772625
66738552
628181661
252579997
315189538
170301595
121013377
666161902
630688367
636442836
472143421
143576931
67445540
517605590
169778475
365853760
141092190
256959856
92287038
0
16996847
297615446
131076464
387254416
655404046
585291647
0
393269643
402746119
94031300
310331861
464346961
556882371
452070651
466495214
398158622
265975653
238353741
291511876
212370146
661974345
633438355
293199061
405407353
0
174133870
385678290
216064742
538960296
469832097
41905505
145943452
517917213
427050961
162886270
261353680
13862379
251248876
581962359
255869410
238349902
656535565
128384101
1951778
522824658
229228454
612171758
94022435
438957145
9171634
512447718
35486366
349235997
396895654
321721299
298350588
0
393186342
548009838
3824369
647486927
477830888
0
533104585
583216841
351941933
176633412
579794859
179279353
652989709
279147127
294145277
214149867
105659962
133308059
612731110
583523879
42172433
580938354
109889227
324065895
97519636
505320686
275067405
179780593
513001713
0
3443072
592094525
0
513300603
659834441
633037804
513061744
566852569
61862168
37023283
536651770
155490306
651440709
138265249
511505256
201405792
536036418
269034643
640051821
0
273749389
200353017
610053784
444426698
177403419
436627651
169309416
174279338
166883143
442816458
77129837
240662058
642681228
252992722
221939178
505589445
244129930
376184786
16286229
643332640
251242850
218206014
454953511
30942759
0
274870538
91010141
297139995
511297675
36451813
47935208
47540390
143318729
288994128
444815359
137603929
210952619
484688256
75745533
403491126
569742069
573818534
513141133
170911748
73519229
294175243
424555144
257513142
281875347
520125960
216317777
30452300
304771588
325562840
164621266
102218404
152046985
67186124
277341147
526247644
328346693
631165650
196856424
521525118
602835899
666494431
275236704
385884276
372490659
509550192
553660611
13962584
169798900
63508329
419732737
297201670
31578311
103677230
605304514
448911264
333482293
0
140325698
100170115
376076540
564105813
300518518
318167177
366816118
586614849
116676340
388539190
87204486
239299468
376166206
69946440
54370015
310789912
431171714
294187419
218706889
353859767
0
168564745
441575904
299412242
302384208
481858497
449477143
248476616
179782180
604653431
373949756
150298974
576443397
93069824
632340855
146923104
615511130
604726510
135109795
620462312
79084175
489490462
0
594688500
372860342
581265575
600978477
560472364
199392867
501624495
308607709
439695113
67436068
395403726
91337632
0
419829665
82353305
607070557
197849323
432156930
261596069
396372147
87826072
316567677
285276827
4963671
643894251
274731955
175464931
103361125
423815492
166157161
511378288
133646927
538114098
439689230
365431457
554846858
253742497
485887708
289898773
347508651
5693467
603720656
231084592
605505216
297612339
356127570
586626306
285426294
344531029
0
653233920
231949897
224632333
609300875
13092365
298932219
293437812
508421952
502073127
409572276
172184944
254811284
190798860
386060631
573890111
453187937
336628607
641220494
30473648
297820066
200533069
70902242
407209862
65409562
149589631
203380190
40869992
98805632
121747081
263797498
444359966
556333591
632720995
511839813
543191784
275846781
202268063
496086746
433978091
118619500
292520888
622023206
80161972
573593971
122598346
232516334
204459514
23274417
96207756
8600259
455650255
598631522
337832125
647968990
610603137
631432477
337101514
290062234
41122190
501933778
197744404
157141124
0
127157084
154147210
75782065
554024216
618313394
176185792
0
430374691
245713946
0
643227406
287383673
83654893
74472684
282329869
110916835
281030983
595211866
108683911
657739836
160316009
500255256
406779712
339817507
652537048
277956455
132956519
116164685
12234206
153064597
203810799
207976173
571858825
271738998
389052877
602779613
209565339
191913878
323749981
626701203
362019073
343509705
134997842
405228838
173088129
244546240
386973029
453712286
23074616
629165125
271938664
528310822
354325510
67728872
417244412
373876872
510061322
234281229
652081373
0
590034232
249990695
0
184746970
524703657
320932205
139279245
621509919
614580003
503879821
147108330
537047425
607294086
37590949
90425029
262657130
656150680
241980512
581212705
289580690
229270006
52068838
472479326
556913612
323155770
52036933
238535930
666209828
361814344
144033864
174327156
461040142
616067269
612231062
213209604
22371672
304311743
563802105
498566305
31314244
467076683
448006091
281901407
561111282
199770209
88262059
9033047
660969182
115711639
355746708
337706392
610501545
275436498
0
189129648
141870336
336860355
143477804
521934497
391498624
278398878
331153164
406458467
352386221
521047661
366707117
402020729
196017121
626797862
524823525
122271258
38847544
414567128
40222926
241029601
548105819
621124960
446342094
130431619
0
414656368
454257577
511169331
32761250
0
496558925
119754880
254834953
399864154
652372050
157238981
252473143
27218654
460175244
395189136
161097493
30427856
530473056
592021715
409646364
57320150
613904117
96798415
634964984
321562300
284789816
423236937
316058335
200832262
548339850
593829550
221257163
636833230
518624942
374908809
546831773
322296958
245025188
104269378
253386272
628377627
323164973
269989577
119041705
434210176
86961289
629592751
96782422
619774546
126476953
430678749
500885566
349143268
496593935
367479754
470265156
646350098
8364836
291764453
263840627
609223146
649020475
424689798
48460836
649308532
656716230
632028765
288617159
96608619
453162878
538640146
164082509
654819159
512267972
558661694
653619884
89854787
0
536646518
475602994
10934990
624737123
343244487
402209658
426471389
269466079
17021189
354000874
26146835
201810735
45012195
335082466
505922165
419041621
0
15613251
345071306
374314310
540217015
428703824
46290632
40549194
500503586
438517503
362340654
62566641
237903734
387704611
0
404663125
616619709
338800874
260696531
572596228
638895489
208344525
202233466
529473306
492935288
357091506
513448108
405628895
664003356
193097370
551704792
660040342
235355299
369405399
624174909
418003850
132789056
368001
471454225
133618010
199899511
579917047
609570071
191390587
299203957
616631386
191909443
494727824
486972872
127186277
21320247
497370961
641253483
644178752
477893581
483690605
640047128
0
283431878
511273996
473431794
215320491
319411247
546052645
92876240
46376240
555790134
522961480
173693353
556282093
320859608
630922560
341899692
221593326
216348554
397339001
521470207
593204806
434260221
313243383
0
279838984
64684369
434801960
312424763
414865567
311805360
496225166
328775325
0
311974506
40153263
178507852
105776893
500827358
456823245
524097267
108315620
612809361
619102001
80587052
253464012
270800196
474647191
665347797
258101927
461329462
504561462
641759357
580839722
317653981
350423848
478153232
119495
212771311
87053304
290008076
342769794
218361074
0
406492006
375620181
554748252
518269923
607958825
0
296227738
626046728
543556733
0
124518466
586360362
134013426
242204409
624754059
0
557506324
517654682
34137224
61534211
638366020
654988044
118060586
99914089
205305719
172131246
341990368
581884768
86467408
571401145
534181070
28472521
13280431
544726870
581954709
592008834
174753262
448133915
369485120
663175398
54976128
117263850
127097905
662889485
552365629
200853793
0
622518277
357928997
426293705
485852270
421345965
41302672
638853336
375046810
178222501
453594394
148187144
141497950
415567829
404688392
490139027
246698958
338609593
581433247
469979386
155792580
637417968
561029023
243833680
474265954
135307789
566890034
524770990
607342346
423024556
510729884
283024343
309436321
458420003
16579231
525163402
257292205
261177307
502383465
630112268
26731772
625199312
222606297
124186975
532823966
308943801
636195732
253430892
356676066
596646690
181612131
364464027
349611451
334649446
188282443
0
581281965
359939358
519951392
388410694
594036835
377655506
646682563
165193891
287053973
646392232
263312529
181299672
112636747
378636174
416061139
150086325
531458470
60280743
659461955
581813358
312695368
149574722
462456201
561241811
560065058
512305222
128238953
193543059
323380176
102615740
147541606
108342383
232983330
207185628
30236181
292117897
602033609
95749813
596146417
584869841
191129060
87532452
408377814
521155090
285858048
410041656
547306917
328301488
333915968
314319675
222760405
2737476
545875711
383792445
598555522
296380075
189354905
0
445348958
182787594
593626836
17848295
275011082
418848278
82961634
419087851
306722142
389135351
333418050
313565495
328955071
320219271
518134501
627651599
441992316
524573497
651785196
132213409
172743999
60373811
267711386
172891383
594564679
394765417
77545983
228992105
144498063
420735015
110720641
97892299
553615786
537071000
25019815
219229936
144150180
571128619
399047699
403084274
171664797
517425581
612089244
544686410
304810976
635498070
415135712
333385213
564201199
612283767
0
152555116
580577347
489268025
620501713
225122841
565168972
451630695
186851866
425897446
334621127
536855983
423646227
194609410
663670109
358910021
260287663
326866288
369457374
96259867
510128775
384577977
398597591
625611710
139876561
525275856
506911941
601298496
188951668
185934681
526857776
11542147
112269748
100609031
640280173
523059288
605747441
316832223
520378259
307392752
156083017
643688161
346647949
637617122
448520938
343042028
338388346
169556071
288320475
138237467
148976981
421946865
120975406
347673834
209732538
119698469
126530447
531120746
394098478
228303861
82584947
88494413
483930065
0
18814781
414209943
0
368583152
613758864
570658340
356883153
549104760
627973152
327659628
406923306
126039144
386379773
518326994
78090057
159336650
77561172
79009590
515325794
659330288
626949363
465371288
248618523
645827152
456409751
426614756
347685177
462786447
261852775
480121534
74371963
574249401
198852604
32587087
125854385
605543557
250338119
442906615
437716329
7645589
0
540534871
358112994
0
310941257
283692270
534342219
14679073
87909637
560218151
378394023
592308923
534804081
603165566
186634294
149995890
50858746
145921827
317692303
617675170
490396748
449716459
128549004
211919865
369187214
503740184
360766169
386114316
377517063
91588367
0
601875320
517422635
197564013
511295181
324306151
253742748
283093598
504571971
207796302
421912528
606434363
314192255
650765540
116564407
464859171
98147609
415989127
617854218
355678900
84296392
366231544
362581309
485323159
11965128
392147325
495946588
90026091
393686051
472682971
41575480
519081869
310743652
226357095
256863055
282926910
613366320
460928208
98862059
389696461
538349081
92571710
502906596
490726616
23472111
414035247
76915220
433059502
72209577
138199022
30624066
86658648
394775995
163374299
385761064
607041971
73573604
389296360
31271095
57557333
593137038
160929732
329188639
217255202
599335301
373008023
221800184
167307010
410249798
292638115
259326743
438219654
43751369
82090052
301951913
404775174
271623821
376045847
567269332
553368532
316827990
144993484
337141364
64905038
97529959
387363169
0
93792900
482115154
55343784
126923498
57897636
348837636
407841601
243076454
306505662
171820136
333804123
658871894
352756883
625466954
216764044
357951213
525498966
625226919
540425155
612814148
345186078
170086238
206430673
56080594
453345462
501842720
237699594
588943811
234922900
515173337
90671825
331732149
506154587
291729227
461262616
52415397
522035673
318351850
162067993
368442586
523273861
622677250
0
3710680
297854663
225011331
42302095
498041496
627161916
0
336517890
173942558
628401433
596637860
353580214
337882901
350639525
573671112
496141547
519594081
356476177
79464985
544280053
646768199
379694965
259756133
424758358
255597574
67944863
243269576
336103375
558420058
664442116
365887550
206399025
524460407
479914869
0
601660042
551683880
92815271
290973281
82992519
0
273119850
445917884
115113694
36291758
519196392
395279686
498248493
195659408
48707758
590521921
304586557
30064366
354219516
378473715
565161636
0
24006019
133938105
522508983
242190918
415032363
409132599
532712754
61879537
375797417
256430746
537205851
278167661
368296631
353968349
323973547
111462053
513555129
89736260
426279313
151614314
399680671
230623709
332790321
44382213
543270876
393497226
369913440
324009384
137124177
563349564
517014995
229456384
645899319
31779683
467325026
0
615599012
209831422
642051715
242779719
642738275
272168992
548450864
349811644
190214151
377694170
409178878
59960075
400208208
380318830
73719975
216332238
530651620
391819965
330086577
31662122
209539147
356476663
318681719
78032505
556440906
11832164
538953152
559509573
587019188
432403412
123983108
505201554
496441378
80551115
625866645
129692381
224639367
461581514
0
365969694
171776674
25675834
405732720
322113394
8236149
444680738
619993426
627861434
142470700
163664747
455002026
341540266
404652738
375164
780098
57934699
600166571
324674795
39857521
353334548
376449689
354021188
57976023
379219259
352457423
321567359
90642420
144208686
416513490
455311781
320708418
232783826
207384731
2340389
528940506
453029999
557236551
362472362
139957231
0
591556738
104199979
515772198
286531638
191573031
252275958
403144065
435559285
48084050
642277698
83756905
91067358
537440717
661877553
572670595
662549664
0
574051412
402422208
378990611
265678391
383585979
541027256
215020823
26661325
253406178
407740586
508007334
403543961
63807332
555923446
0
381461416
598705949
369863217
99994609
351984291
364440715
531304942
156694798
195244469
84795111
0
124333969
331358251
50134235
463425944
331313419
332003322
299242830
606152915
197890374
113465530
597382980
665198235
48689221
86125064
447339020
375581498
193086719
56551125
262063436
401131093
198439237
13481401
145071865
596903427
9402657
304901906
302260532
396198668
484383877
422365342
267733799
297889884
576580541
190790137
282983976
522687054
605295525
36664035
507316378
353306830
604683941
108076216
491208451
241989140
166625445
45174397
259973796
0
416922432
383570563
190113442
255605852
109501302
402692441
31363851
243112477
72088904
43710473
577980445
563301063
225565617
132264863
31179932
536958235
657567377
179444876
153782394
56719982
591128586
651456039
499600934
598333816
99087483
554998911
331432154
241975694
536280530
140146185
318142712
572881200
419485658
638902894
551425707
19280517
602683026
340094392
179719757
127315485
286545071
405600142
269945159
661403537
484763276
121055974
45829086
490554294
107757512
48905222
367757410
263306991
637283642
293743949
305189458
266070209
605329212
475756487
469412084
353222830
218197177
656638553
477993246
368458132
499592560
236191142
135364099
434893755
323083229
323518334
50254407
392387484
364126817
153116086
265134
486849307
476724124
260470101
121492412
331706845
56232561
338416539
245010162
601979350
273833485
602753473
359266315
62153147
638423326
557013397
643722430
437326554
299472981
609268242
232218682
160583191
59492640
323437839
133618507
365752349
515349143
90786548
296623916
220044202
568020535
338947952
263032759
268701874
503925930
43909862
560916915
216095953
0
383971568
555400972
544309151
570955772
632865179
408456367
527127660
215437163
3802435
320701766
658494429
28873062
552817873
217561518
391501340
144729501
68737177
351209295
416382940
279521698
392356910
573020364
307754665
277952962
218883892
39789859
197885466
0
257652670
343490492
167611916
613246144
352317456
549733194
101187648
303411968
535168272
398238644
533956148
411673041
351677069
202835513
443246917
165071313
633390258
336992091
519884685
208557797
0
159791020
507202121
479206600
207022799
3964403
509111135
478624827
401757706
577075431
95964798
234009391
136158796
322482171
488032309
310975792
584167143
120207541
471036810
420981775
597148627
416192922
601681121
37109792
426594899
640746922
3415410
509523566
179397047
297614156
556018202
115414699
244448831
178631332
332364243
445229474
650968283
501360858
390757425
226050224
0
206010984
0
604013291
570914043
660414654
373766359
330072637
416819739
616861861
275798796
149462793
577791454
504160765
209533147
375697922
400919520
445218472
95296658
116541099
205667239
216760608
540464015
346366873
94152795
330700140
50854919
212067949
630656384
74636215
167928521
70144852
402257825
478659741
390591386
264326042
230254651
187132789
613888227
394709128
623962894
137946010
404213726
432783644
623219523
593930720
276728566
535772995
226522560
357492309
338846979
529338715
625196732
167643928
566744366
480097328
358992939
0
12866287
272979914
54194466
368026550
621446111
551280049
468928608
204393058
585369026
196531768
500917964
369746415
283495449
90228064
460487766
575968182
655102887
419251786
542339550
593515895
605405458
652954324
13895204
83606094
227563391
397768829
169108371
0
594030429
610267544
336931094
456941425
121319093
484709688
615096651
517757699
508505767
113268186
302373855
0
122286530
408670773
191597345
460951800
350121925
141069680
277858135
616540159
599789604
582987229
658781077
264676134
0
419907309
624851015
646605251
367896738
632448895
191918539
559635944
397984464
68442810
507194776
614582946
124913333
150736108
177274409
412202143
19166146
484192523
325947858
576018009
487459603
559468280
454582262
579177375
542204099
277270278
439364639
631727638
221424135
517792110
549434835
549352913
599687390
462668499
254936689
571723463
512489157
93159181
165548130
189966890
12851550
212949660
10679411
623318657
530697316
161979415
112024031
262172113
223344548
564984936
525809995
150026556
30589918
120756816
211579513
286105945
179170199
126770221
277463131
386743339
630673161
249454436
242605140
110759793
395243364
404311367
585424758
559186338
537988702
258122121
171033956
263364448
0
0
418841369
434812903
333941583
438412955
203310777
158497886
0
103784626
295662020
559143252
395729847
566809737
628499595
554323987
0
611450861
0
2436754
571590419
574234376
289159634
524451577
371603489
0
81657091
347555524
452549144
69359990
159728713
217045
45380497
311796630
580479698
595600565
342646440
367688920
465790849
237047186
332096088
343695016
379116367
144195216
103188279
257911011
340475528
16415152
181784786
642892797
206393198
32647117
435620223
522716235
56645805
75197452
666660792
629706217
133897018
274022674
150580543
396833329
372122846
58321674
262129090
523395033
150087460
553194998
423231425
638527531
591786448
169511604
264113385
272050925
365387749
171189830
269389636
341954148
357933087
505506045
499468258
124178188
530333493
185186945
0
548555670
569110014
584859218
644194953
450305271
408071628
143063751
143289525
82084385
11819143
572806917
408587639
366836779
12234917
171075001
106328400
32272489
342568274
658341368
254447160
239692237
606123936
544368802
384002348
97179577
425200503
248088911
312808997
560177689
320465420
166379075
210412741
397935744
300590319
516343042
490123460
634499825
637129268
584411422
550106365
439758141
552689805
459601140
236153016
118766073
248359243
168812488
635197790
74471501
57110647
63331518
509423995
455617666
636985565
204499326
402474052
522167796
79073514
529657391
393067431
293203421
658395594
11427030
549853852
295415038
505649378
584493786
0
227118451
610754614
606217222
182445924
508724428
291628628
203904789
10374988
210884833
543967016
379052907
596732947
205779627
419514583
166976244
429268318
38443330
67222588
227280012
526481579
551917917
550847658
153602273
442804741
28663804
601791676
555012828
41380728
449804623
297560298
0
304588970
551366437
70794828
448288626
212894899
29719729
494927371
8211361
641994846
69593917
518495762
29755110
536598390
34698402
586364622
0
319836656
650594583
660958817
139753616
238816562
468308224
535168775
127654373
179395670
351390086
34355538
486958086
480375189
225457332
256468295
549157432
199091939
612023461
212256182
554630442
257539849
468657631
471259374
661761021
277852742
490034912
235932281
151363685
118490047
528106041
432150969
251250101
222324780
488597198
444631084
603629234
281295361
367785848
197221992
584871677
334001863
233837983
566351419
323770718
614265703
114583323
103123748
44586112
156663425
348024503
394797117
456186648
266593822
454199346
479934612
366618180
0
588487571
317940729
264160215
477046776
658272996
307254791
409237355
629026058
374089838
356987987
628550416
150831855
407026180
424224811
1960508
642245379
319101116
263072296
363143038
312669752
654324304
515489037
7242028
594179139
380944910
239346351
43412713
644502813
455504350
187974899
558146931
464353551
376514367
161045250
547763986
496280022
384004097
396203427
595050377
199594567
236196226
265892060
18609534
236645391
248004475
0
239667391
524181106
394768698
0
602712726
478155468
511754248
468293388
369079579
531432966
0
6915970
600916205
492727925
27933630
570491295
426746492
402266648
609553114
537860439
283038085
0
366398500
157502316
656174289
382574610
406408095
499515001
380515440
329047346
501770658
235270456
162601547
197929609
356495174
427790229
587263361
566789986
395557140
326505977
396183936
245081533
553769836
536582784
255252269
263485883
421659161
234341755
76240727
600177428
382247836
496596898
467759907
506270237
28829168
209040399
78222262
515884948
39645598
426537602
264793963
264959370
150253128
26634817
256535491
477127243
105176285
83813327
345133367
326746832
643637757
327574306
607150147
523371448
592774170
427381046
197478517
90211683
307615998
247780800
506823777
378882887
660076485
340002314
542906642
636983119
169144755
357310497
344737747
342075587
235225626
496703408
602766647
216796718
596857311
392423918
416832176
457978950
628361800
295560395
54023689
454899538
334844662
242564123
621914479
580182746
622599459
317676082
374216365
385685153
329235142
248777494
533865738
404159528
107034980
27898114
306618925
436459904
644062127
371644171
262573100
59260976
289550185
593376280
102798709
549962144
296732138
124569579
158335555
510317944
0
48143726
509602061
590813262
550669058
134000884
173859201
13982262
220998047
435611750
430041270
218996983
230990550
269494799
0
660466673
229664726
0
221929660
124189247
526341617
178096507
6819812
274002821
90215343
599067947
616453891
43598339
175062257
143739298
159096695
71310280
371223426
488451034
45871432
163743688
475263540
137537901
94459302
535769978
25290268
583192157
597270220
528182301
575306589
546443629
565462903
352907622
13735237
276135263
618736159
528407803
29161841
129876777
3556496
188741029
253879826
593739973
9240559
524059817
652693058
142853360
16868469
469270986
304063647
135697716
220087299
618200435
8344361
148663622
491301490
182375599
665544325
296764382
321887620
612616888
361913078
45174044
490084202
182996108
555789570
336772516
627063473
341406656
325484141
243049013
292712167
567748427
176364033
409815146
389600639
542707487
316318501
558238343
434918696
161605314
142333263
196585111
280609856
580961885
637252879
145981269
325300398
637282490
568445327
480110702
617881983
437464549
322998831
583550404
403614957
0
341659875
25322814
95231894
272193078
157703552
326897519
540663283
214557328
197082642
217895909
523441553
229706749
470831677
304258168
403534790
37286035
604898239
552437726
565625604
452938402
650884232
179588525
353523361
170755285
194485067
599830581
393672289
214685101
455457990
369506478
219080936
272723047
523574117
422497309
616809023
468339095
38770766
544088077
478004390
568593669
610830120
480685843
94051211
382684176
603929784
660694412
162241742
309736464
329173354
428637151
219032150
605365022
585285382
0
505556734
594485159
282443657
173604883
445241166
227193279
317417699
491905897
229171246
305743205
284085475
45866896
94915447
614383165
571570756
535419351
274898597
74846397
29983204
0
6444932
62095475
435793178
636738219
4552124
651956476
631627660
646326523
478428671
565019936
236559432
635771737
343228419
327325695
635308313
554839023
457727528
181474769
616378364
527086197
323300482
40048120
638185395
355556109
434342927
21266761
64155693
412172838
539035800
321015317
230972923
660448291
492719490
147128748
154627110
409935801
503156055
592710122
208908830
36663636
46198973
591188520
627988385
205331762
240839834
171806840
434479694
182356515
255986331
0
178411551
86153678
74473879
276884310
216772028
415787242
469455381
93292121
294624884
308651942
504322276
279989056
526475447
258372208
510729519
221854864
371340657
129707644
397979161
0
139679094
514659047
94073962
417435684
430153001
541369411
581931154
382034616
50184523
542632792
188596749
521404542
337421702
240165690
51109147
18634414
279033524
350995528
157298051
462833038
503816042
399556842
385846684
541291185
205067283
163327113
199331809
301174582
428315189
618367824
529001963
628055354
639083361
220428738
334379611
613091494
232030082
317471830
471326827
492175341
249990596
438939140
125321453
221790715
330919280
477685706
170625851
374468986
611287680
568897200
380925393
192332024
587236739
221699850
466604232
519451870
254022570
0
106306271
599473665
260271854
300771268
616509537
95240192
187586544
446369729
412235961
369227446
643557781
437354875
9839156
390515612
388068236
593238275
194319278
244505555
606711851
279116894
144126533
620910825
400783940
90635192
20800840
0
262366362
0
246207809
461501994
0
26568820
184256924
587995520
0
0
98370016
0
526310244
221591685
89039472
370160616
215266673
5302231
187709410
663041560
122963212
156146938
424845958
78398240
33166698
270644373
196680527
0
170336316
252392150
33230806
354718864
63569627
142926401
184686118
106657787
499369397
296746620
500849472
643030139
120783076
369737217
0
459554388
0
1178725
409711087
623322920
488497714
14015780
591270706
517918596
238924494
258674644
360320939
177356812
277963999
0
237464673
24275938
195176214
111697980
477890368
589768173
358492400
309363557
225105886
568463425
562513398
208868217
242137522
594296095
594814792
403738933
581369237
317011089
646090346
353139559
1766782
630262079
432103326
514582449
294390906
229876565
642205688
572111082
396597799
184822290
104241426
379920334
0
65080119
449376727
100037422
84986689
105270892
61862168
172441298
477165616
453718530
295435530
663834683
187652736
372424335
33894688
352147901
625023719
296691675
615780895
485389354
173898133
465126633
430325541
457295881
96215719
300820946
520682126
542960340
283195682
566171661
321163541
273460209
557113753
368337040
219420915
480961301
198651794
126954256
360570548
444082713
0
237259388
295454496
258576266
381470719
119569220
591989652
640644723
222784666
217889505
171053050
158335555
72093687
236651459
0
591254200
152560501
13437004
401521864
53369
71215789
133205093
61998014
146816679
7386450
262487167
248274428
647743507
335182321
420707190
274634880
587127328
119872165
666084883
445654798
76457624
63626252
647527403
82951716
403365031
317928753
610337669
172250656
365759262
107540985
189995202
303390178
202385890
290341789
479063687
650151965
150251941
339002834
15668524
111118645
147401532
535719710
224629595
605061284
583812255
369546671
474619120
181736180
131505465
4988919
70983137
519720674
0
619158046
0
79083741
36928637
116671547
284639070
625181397
269248479
335710927
294621755
159041984
6482958
382881093
543152757
654476987
209963839
357160235
659670175
313114507
653068614
10618088
629746930
251069582
459960520
0
191216825
126088826
629301658
467745806
252407639
164633895
118989543
104848889
517567982
611472728
242301342
587571614
602374025
349920615
456446746
130060773
571855708
82012822
616006368
252668670
546390258
343740966
500727701
188489429
214614948
403010859
238675209
419390091
541002070
447966584
281271753
386082239
187484972
508559785
283490977
265393
133466868
358982760
34836392
161263669
132657083
647267843
202732857
1810640
357357973
554553088
601211403
146797356
552802710
167384769
337698814
0
194627925
487552888
207367892
379499614
528186568
339449099
585540165
336995156
284213260
136804056
26696714
40408169
0
358109707
329363066
630649832
324173355
339004326
377413585
0
198116796
325347109
120027576
250787726
432600866
99719581
513252085
191921714
663025410
308462248
104777988
215536821
51509067
237786543
140855119
623171544
500986835
364689943
652140159
165370380
580576263
3796418
135409328
325610841
143032945
102766846
316103657
171603779
613580053
468279824
568075719
556103553
377819880
603271417
121988595
74277019
0
628971388
583898236
533775493
327893602
50350841
433052943
176228343
0
110830593
393409624
479926363
518677813
524520576
2060788
634824114
238250224
640281561
427216693
292702716
212781482
141184901
650587266
46472136
199213990
177048948
396938327
171925116
68357024
612489830
101792406
566667926
482015754
89104320
437956805
233523508
118832040
74031326
220149678
652351798
371983383
590102078
124015771
315087353
129388422
326551858
476959589
563258553
610475088
50711872
665836698
0
577171710
283438868
477097721
621984825
25345994
17833234
469280826
276798619
156070562
360310297
107347013
505567166
14749765
442788213
146976811
0
539734002
46110730
0
385930279
457158268
510713011
481745113
80190499
135649430
590365713
416370626
422569124
121320600
175266083
196998405
411297919
412825383
474362187
262870156
98890027
600783073
239876916
377315557
366669603
128273136
497399961
640689802
268976219
108296956
0
0
502345914
511849203
559696708
553765288
227555381
102433962
97190712
438986625
419590637
0
77403291
26150056
333923761
623995400
256090764
0
492696263
416665578
259839257
257639863
263717123
206988806
647288915
224325133
1556430
659659683
560152961
47483327
483895388
283182305
276689705
198149664
224902470
521389769
228584923
208616013
529159368
279194905
656175381
442921326
15792218
58668160
521016595
577620382
432467324
365547046
567928082
409134320
397221754
8557863
210365489
398361341
612685055
101188339
437058314
0
123778008
616673385
0
312720869
340238678
551370982
474293413
30838923
261200112
452409693
563165767
468153686
462356474
555953872
119046188
222171343
177922468
447995655
608053390
388837169
237146824
224838980
0
48814413
476800225
37494272
533211097
577523323
379738334
614773311
298310282
314176417
0
583986948
542051603
64297281
483683674
72593700
195335177
229207608
544724326
657769346
447179730
125566886
91804801
55083738
628156016
237396969
498090071
331971809
378461490
646314370
187979630
582396448
222006300
435716847
472918905
606891759
416158804
586457259
210205898
554779247
471488404
608931116
253196268
354637849
197518003
625560448
18462975
574396179
176637329
363965587
262587593
607275705
6962159
6011645
0
43672793
573822718
196285149
22618259
303865853
2375798
275863516
97032247
653827219
482448267
256311392
439170505
291929418
579409726
170424553
86516354
86933503
665250594
436478709
41046567
407824057
214007137
303488160
561023357
471451348
522908459
487488223
272598471
22437496
447796490
291667170
176755122
350682906
416049000
0
490588203
511759799
271894482
589120036
556145143
118125250
518580766
414178925
270406132
386052974
489641741
0
495500096
43746640
279973291
482162144
292753388
538029471
648612014
350151991
406124089
448288763
354617285
128590996
495756750
235509564
111588513
106640638
11449998
89477861
650334114
375070071
551506579
583630987
394080516
204708151
614855672
261177167
289856913
417399607
359088237
1189112
526563771
4805123
36544441
384485216
373427963
610906698
121811981
247208898
461674521
180202530
468429607
202722635
0
265024084
162577344
30005000
239436398
423235172
279511516
520777725
621037785
300679327
233807545
499097027
204896906
642530318
630851869
399421331
341774401
0
441426522
186965989
412355698
389479251
146731028
489806808
509184710
392721057
341423161
360763071
651639733
390675667
242107586
394427875
464455463
427223056
571811831
531854440
429608487
310960348
558262165
221080030
253483340
7806549
54675335
134184850
417386942
417076617
534338167
21037012
411118271
458836444
200970985
79267225
613468938
497719875
556186874
284105391
530625854
458809505
42040740
90711221
155301178
509090704
578052051
0
352151056
95006722
358763247
522639932
175917901
351438074
323659130
225100037
466616512
64670913
239231118
277798516
271261966
603593643
196510450
198486583
305319008
59724353
105635227
471917288
196680297
430791542
276476711
6456154
38600991
208130388
0
309931824
278588135
386516823
549459710
87516602
642091240
592234782
355261934
644211382
460515124
471083347
524649017
579387543
288563567
562792692
174289633
204677111
177243760
634741857
45680613
23516559
490793347
143005925
475833374
281298392
458672591
619940614
192240959
229246823
152943140
0
388586702
590381620
375043114
180585983
211172194
350719893
128262927
321058665
281340067
217872087
340499405
402495414
189384933
140733174
600697378
68989294
81038914
460133308
0
531099651
63413255
497598073
393301528
253555433
168404563
77807216
175956875
370541544
591884841
571493489
651249559
360646840
427026459
526458747
618648139
218115066
491180194
538348495
339818587
218393255
28936000
560576542
102524921
661861751
559254205
542313443
609733893
228516218
71890107
170207341
533673227
277967639
651119388
311982128
73769322
603418438
392078362
100553977
122034428
410577406
241701442
466684633
284095554
573657972
657131194
475942377
596066161
570178193
79907007
415627216
245803790
493978495
141128263
414784231
124713786
409197681
493585848
258735322
313814604
65492317
74611923
332424994
138493816
411259096
318472958
14456687
341829015
272164569
0
264222629
110281137
424083351
436682056
75512113
392613234
26264822
101472702
657008883
479706702
546441686
580226130
401946921
314838454
463851864
287332008
359483212
313074182
449451935
590567487
203287375
391177250
329970816
449850748
120279747
351558946
324695272
646122313
432500420
56878008
39133727
136400182
589426833
614752617
277618256
589459354
641764053
54414951
599131061
331054943
23094594
268762543
446226771
71287696
496211816
349371707
653985466
385507379
128459797
188733621
5597209
235836408
659533011
615698465
590263685
59138803
465609300
307830497
223486243
521310141
172517197
0
533634066
644024779
439845040
224159447
225816132
148113810
505481589
498825933
591150377
560767560
637334685
510424461
11160063
0
409046815
74032397
600211252
347815419
496440877
446672918
0
223214985
239810003
159733505
603023742
63785806
191365065
521486796
130228820
540770022
0
157452141
431999232
230688044
160099982
0
357168764
632560486
107597426
158096757
540789682
158058536
344189295
260470257
195935992
635931472
607125117
41022966
548385858
2274820
398794461
602263239
624577068
164359117
0
372047523
638099146
492027272
137280795
531814713
364851912
77013889
616689426
231255657
294942764
651189721
445174979
182511740
205978498
0
391279766
0
180685775
646527846
354886396
161573597
476454345
67263367
576610361
561572228
330915713
139702016
466222030
503733458
295803421
246007947
643641632
260156899
152987649
117281209
564252683
44600482
334078927
459854536
105526343
521262215
126484600
435094104
618198126
73459622
287222219
465152086
105955657
573203095
407670525
412129599
193074778
294867522
220125005
195410979
526681891
349441947
63487354
350733745
592476801
47715015
576211932
502836408
277074173
457073553
91076641
155857231
665976032
384711388
266761377
305419237
299813562
576567769
0
561721251
154240893
389136431
7473357
482973174
300754531
90911139
592211322
48242493
357626846
79865816
252255665
347381743
107299528
656855013
175902212
603815665
356081596
402557518
607390017
244362763
114065732
652687626
458143882
298962380
402813648
112317528
358227221
500124927
265286859
306312448
624467601
446950275
242604094
75537924
126408715
544532022
318434799
503886325
229402688
0
580167837
0
501172651
636272089
180379770
656361869
191104084
198009822
506171930
396244450
211531998
237668373
501123699
148501554
46124770
146406435
398482748
221719823
450410163
540450055
405555158
19321437
539234294
116345840
301348006
237220090
602367618
177778228
589374067
429684636
169969553
290985916
649551350
422815177
595212051
182385891
278197681
28595119
496628459
409482108
438491355
0
326665300
314796058
591017144
0
369796842
68909034
3734315
453536431
144151774
322344796
160733676
295492527
637712670
156651869
421230844
621764002
186994063
342355982
438955578
365259564
449803207
562255232
207358912
216390850
207896151
424914888
125721256
363851931
437927547
379750231
402004331
376878608
429286334
190623354
932356
7952137
618134018
641136336
604768886
6788152
570355160
381568281
25619186
657252349
345731873
655800199
412259395
104904083
438139558
497806144
87511295
662697796
652433919
133431898
244483696
233257806
348971426
56742277
168743026
274639256
269655684
457221385
629360068
662630127
293064618
219936982
205308698
515132175
0
278723821
157163394
485121577
97003785
523658812
495382768
8810418
0
604581419
24555636
394320490
231440615
311618790
464738572
105947687
659259726
288009718
386746849
338761777
266975592
310705434
460285566
419012604
610567097
400969014
585242998
521762923
192519298
83641848
367533784
89901513
165902822
318492540
168038718
47284020
388291283
458500938
28104264
183654350
501563512
660961367
517275253
600335374
325513181
595088699
88656783
215179604
54644529
119023992
511217187
559508538
44630524
494839582
222549862
263331230
368193484
0
42068855
184748250
517997735
588298222
261999849
431424905
81963553
166255595
637463716
512434221
431393583
38801453
621257997
304257109
545212932
208792986
162537284
308772013
146309266
470327172
144696310
232714169
171188489
460938975
426364552
500685967
81969429
27483016
631373661
658988196
382014038
551135226
475633928
43136473
468243830
0
477416674
231157840
45546677
158880372
77594452
158007729
506684206
237380421
306661643
559809887
0
538475199
171832058
643984398
636921652
232494872
0
368964959
241698095
120006845
271882960
229381920
573934936
576771827
249448452
470387917
163751074
563213270
663287699
593011847
260543111
486399921
143924391
647094205
122100608
6633854
655802956
181774228
444873450
40275370
393672279
299556272
320563862
607321706
191393367
275068774
656312252
73970961
337869935
641141982
343331207
387145333
621096912
258680892
567669672
0
462682133
623904954
227871221
85687331
259004952
649664393
129467113
10638073
663020907
138341578
525053747
548991043
30074602
62013621
185390219
248687771
623711388
486363528
527636381
554161168
582939647
445777222
106376085
51005563
176208535
483499428
487010409
106898699
434555334
245885065
406842973
441690257
0
0
276320863
177417917
512605424
615558283
654413022
161896499
429471025
219537962
565144916
518461625
146742810
526951394
0
62554984
0
496733839
591504854
666407474
245394582
95527271
561997577
454463316
268813950
124592079
411499983
305292749
233756111
431189095
344151967
377003518
0
349607636
431969908
321603926
302851261
274383905
0
657541919
618024339
619239264
637996265
286315549
206820919
562129369
309450090
503030235
150814556
0
872614
268541703
356617199
328395634
68380648
618720463
134588056
666202885
0
406708902
366064257
303429673
542045652
92606499
404595745
0
295796575
621456463
660860217
148645023
562388772
478029422
612806091
324277746
252382691
266073039
630687041
498365322
73973830
119360013
357149915
620429770
316343833
608239029
655402405
133522131
333320064
225521959
343357183
245143196
368436538
545785851
502835633
436260784
231289625
217401059
278481399
9271519
538544858
244159426
582501031
514035943
138380302
137111734
83169785
249630869
284317746
525645275
3048111
602596148
419852964
423900220
252726817
364584653
517523050
165338363
258563209
235795769
524270051
156352353
263149447
56958402
546543728
590773137
513299290
350997505
437336073
550548274
558014199
258588903
425543435
402567547
456503619
322390695
599249607
250968278
640260352
657038177
484534769
106229400
643561953
360608213
501237525
208940112
484303461
535929282
337607336
141071889
643755665
506799494
0
435947320
149805583
580111467
5659788
552779721
256724488
120068832
405718451
318325003
549212134
632516192
0
518012680
232520823
607840543
559405345
295077579
147141434
282887744
495347914
323578005
549848622
53155869
173476985
462715227
249805502
563065385
397902634
292144802
532866926
102800572
370463046
69135681
303136619
134227422
302358621
563969966
263435233
333392084
598724594
645494145
635137265
209114110
436108586
57923794
585982424
155968787
571605290
576439919
589797169
266727620
0
635818440
481167904
278802908
207304170
79054
342406533
267081473
449563223
143929688
427423661
361913558
613999728
372925242
638031709
231835375
159464805
625139108
291381522
461604890
511978108
422471497
386710485
356325990
409468892
594887491
312087307
324618079
555700727
422788120
178946307
148928857
514687534
383924837
597541586
530341075
189698253
223054384
386830643
570084238
357315116
442713398
136813858
334617185
606806038
242793662
462500588
368797023
514764193
644925818
189105652
122875571
276634963
593553737
645647150
194301379
377504060
656132735
242348666
508341877
121992050
145715899
101113607
154981494
0
614155264
134464855
617730233
560292795
166906555
187705709
101587822
443819820
32270209
377110466
439875872
0
248486575
98343035
431450425
542099811
391490759
472397353
604451606
0
640276342
506732822
299645970
60039124
186231679
61327887
551195875
523045007
128367188
53335073
299415576
367803247
491099780
451460043
563395595
467067720
286105539
369803642
291273083
296257477
304089135
583368129
334522822
0
0
529464251
148998498
82033650
318160729
218173035
324037416
238903929
463881327
230352808
375593258
199335412
26582560
610752549
627942106
468850169
492042743
438265399
449157055
185759479
654298617
362931988
629831209
263921452
301311839
61719492
219452528
222232498
37990404
246762855
621494377
191129038
111623605
124603354
121104638
452059633
614924116
277600579
2321123
519934826
558176582
43936221
599124146
224130696
492109225
410413980
373981752
636038447
570863635
404486618
233962515
482521446
371066762
189726731
548048224
161872668
571608693
651628623
339690056
474822370
379839825
115921165
300617141
351452012
542971950
311829262
426787718
262215848
423254100
545014524
109595653
535886727
162724458
14465703
370012219
77997166
386273000
588806261
438741565
483105030
336003415
373139287
569946606
342913125
606978038
293706226
436203022
256546552
448494921
477909287
495174977
425662370
106490686
122066089
442726804
243510057
106102124
165425365
570018836
441755665
236113787
73168291
622022814
203063382
354497042
331547049
425371450
75802717
117762839
435585231
554012481
66688827
176505155
204189440
227634127
502897355
272463820
275924247
529809372
232962031
382128863
387517640
518707796
341549616
342492073
542571640
274046494
654454687
187136557
198547325
609032969
523707520
415458751
573516261
0
141824047
63669842
564971295
576412921
300754108
342646629
281269495
296041722
333885874
293767791
548556050
334288482
342233789
501782123
338720422
592526263
528485826
179616380
524438981
341472820
456704129
169453788
714538
172417002
66243397
365014893
96292193
221519267
0
214080318
587646978
3093848
276698463
519423477
122526315
621978889
382720754
215099692
389224071
655895127
379471069
442101008
655641306
480415486
17349965
376391227
556589208
133293341
550532275
582943365
378221234
285426507
129778899
348376921
255606963
351667394
637228738
317839771
611102616
0
296510443
360322805
618689910
585100617
224866162
495346846
501860553
500364268
448906675
141246911
368240997
135138564
257032194
178734334
162496047
404965934
213511453
470755824
460300661
505685182
381406043
141429213
0
601312172
619934186
156504613
625336652
511433592
186119810
64404286
38970342
278226867
502423679
438392943
44066945
393963345
587164022
322805717
0
64154608
552303745
420321161
577514662
115613736
636917971
620011338
531399647
620934932
87066246
501276610
110605840
471401183
381452438
321611707
267484700
0
590720603
182099093
489826786
470648168
497457587
552748336
316595201
505257802
466272783
647537248
365003914
518661543
23138037
68047092
281320464
5980129
384257655
491581346
419669774
80093269
238596123
563033459
289091122
296330470
0
367742607
146284200
322332593
604868443
270933363
156909598
329819602
515774879
77684967
645541018
161952275
568890451
384723775
185036900
46263650
185570073
299201880
289744248
34843970
144903910
473460070
605906561
563227540
167631516
117940527
353741776
535702364
148635752
184554996
526553312
482274782
374715939
325557971
66626244
430842870
283643877
206834167
570106777
0
376846375
113449576
31103868
240877868
479911002
517607025
220435581
68127274
15940606
492146990
369042875
0
483855810
0
138474778
661415548
363732167
566648395
80285702
238519798
122865474
238603083
356019963
215780351
34892326
325084519
204430121
293617685
426205359
332560093
614992633
600351767
195150844
470186097
218419678
345456415
168424497
452856725
297228279
572159351
292768877
1350532
658764627
404744122
486226112
58865818
250378608
523636366
370167128
606433301
279359111
197657299
447138556
53066029
157308411
257830982
301786969
421013919
178093010
272153756
183346128
458078707
29887796
439568720
448438857
648107032
133263854
343521537
473145316
569159413
601011983
381587759
240371354
520487789
584799370
661033878
569299269
593577729
163772557
482656360
0
34815003
666512839
271353725
664725137
267639601
516761860
150489498
32118246
428435036
102155840
57010642
394769991
485349676
0
111678852
346716919
367557875
295557477
420535829
492485313
99938337
23242938
573817028
0
511688729
618289144
318934147
18275764
512736995
191626016
26057554
506088030
394806458
462569883
440635036
607624777
487440609
640716642
554890259
537800054
624833912
53721199
403541454
438201530
247519102
87160190
522439804
204516820
543148906
409789129
450609198
256491729
433575378
392530732
290556017
409025090
387356182
68030176
0
392394553
0
130390913
342762536
537748521
122567074
4933646
592335325
265848800
133636492
328342118
35507255
137936714
588408957
631236776
50397758
127729421
69627794
435317844
277808412
531782289
136353865
221382311
108303036
494057246
547537515
599223838
80690422
223381801
98602797
486700051
264936689
146352289
609500174
164378775
246208903
645394622
657433210
646874365
580289215
259861638
643282516
628634718
646490966
425728313
389231204
148985511
320915845
476244939
292535091
422159682
559594102
499706781
557957162
389539984
333675966
270831902
428539126
593795915
176583430
307953043
167221816
601656283
427922369
443902622
84861553
331509022
196601348
81085873
398059739
79759246
651850942
74139653
360273025
406658571
652351017
342243988
491129039
253651151
219657495
77560945
639745673
0
50011013
282672294
141053675
388525192
210134344
372741980
136084061
642262827
526155143
18277040
22419834
546142075
344280975
245866114
592483011
306430499
161144184
257211807
339845724
602545641
17878508
313957553
653064071
273106373
644097550
479316226
218122898
526802767
634310898
484905163
499871136
524574711
535653897
243389874
154522787
320766877
169223362
0
518114465
537825254
477282338
311082439
0
381177792
665834503
416470830
329217549
422503885
255329073
208356362
189639627
345577682
649148196
247868637
386639276
134453333
227905001
132204474
271868890
295502293
338828225
166023543
640356808
638065408
32212459
211567162
622255001
154776446
177082264
451749704
443653759
604677450
288567962
337034498
448313858
502482056
104593986
155900517
401417831
470902678
69456242
467034869
43484052
410669593
632959851
383390500
390993704
182107462
254559069
370574766
107111456
125587116
459651851
206423032
0
485438712
178825402
24853837
449333059
497583302
373465488
584480052
407412510
0
128030220
125701185
446046101
395176083
110914423
339924011
35983518
320914585
347405493
34908401
664023295
100076009
380956702
482810758
328731591
17374352
276479483
422428780
2009697
192824669
604771174
412148822
216220321
633342716
229546929
576396099
442776574
17051589
291440920
560724973
407878053
585614639
429014881
292588554
180668887
666622955
250038510
536976892
146437144
47103357
4466080
600311147
626375615
297834611
434336069
469599907
275663261
529471177
476345677
0
413403198
560847542
241292561
601395987
468715318
80350557
457543892
478810034
34741358
196785464
462433303
367882079
318417475
395702467
448580153
13050858
573726162
347874720
196316705
476186853
111936238
550502733
48233118
628889100
72451592
269875592
623336985
461810370
536870486
133383607
575351883
424932958
436776996
560506675
0
32702060
82269451
502396007
421754426
464137976
127839032
97786650
188320778
170660961
189234754
156252647
251788854
167695347
348611405
103645791
553831917
289591216
538787159
628624162
461503740
608761746
419684255
48551090
464921295
348487093
614265616
170183050
198969208
645023786
253032607
97309521
0
647166232
226739900
225097924
412434262
311892486
108296989
521533825
507028694
580568203
652546440
252466739
599206777
153648245
331395862
169265250
457134948
625370226
0
412815711
249533629
572949413
551745528
245808084
521379773
116034162
0
102239941
273676754
450798558
123259230
497250855
362094208
65747709
380569908
363094489
243789703
543154775
256852066
417161899
44066125
296354009
127721570
488097930
293481206
600979350
375978119
17360130
569889157
79686498
409366295
401418834
618987914
355102818
416439769
0
188976824
200256108
538408890
204356642
199006436
258678559
600283576
448861120
484027391
43867453
415998860
103032873
368428818
504840261
52976272
460474044
129625441
608631728
218988634
175295231
495082586
167187801
246507401
327278693
120935657
344233570
396638512
167407807
211515333
33175591
166651522
0
286434314
572994568
297951032
131673635
559684505
529207462
417783298
462940647
36263879
491198710
120361350
215853986
73235789
0
382064229
331865201
377526848
516300072
537159697
231686877
43965254
49042621
0
255860805
193021431
141713510
168559832
341210264
425478109
557186036
514277225
263716241
605988027
112238563
638521860
276673551
350968861
363427410
532366138
210743135
275460803
81171783
105900373
536529941
0
349068753
429139614
444583929
216535004
298040279
263689025
90536807
253509870
84689474
47597920
379844329
511113696
558026458
15814329
180134112
64956637
536797525
83533891
0
477827590
329810722
141133471
0
84207033
258527174
461136883
502468640
572406090
339022417
524445274
181220242
90657898
35969177
211147097
424340570
72833248
370626094
485291655
67374435
235787454
563365410
47523509
147485819
361477077
3206392
565856137
274693868
142518068
652288144
329178702
582546782
568772523
70042101
491009166
402239222
328170627
326957607
326675175
443620556
539475869
485918769
199508476
111959386
41232045
203603671
66865664
505213285
374304981
514580209
523457952
462919338
531409226
362066829
650299608
52223212
212919101
490854408
250238944
538648320
307549436
228823979
466755236
454731120
8440796
594969852
555175135
396077223
407324147
269545352
514346127
339190200
409501291
239933648
100650472
599669025
318195224
223990783
322518296
574667374
271162933
0
103239813
38829067
346573654
318009612
663233762
617127488
565866354
351112126
648640689
232299029
305492710
237447681
140298799
70133486
106350363
626060763
341506485
574922471
338954532
116054519
218026210
648630387
556140266
480489776
538777933
171789314
156785204
113285623
0
43282593
0
417503997
111075458
621927550
404637019
406435369
361968010
44104302
0
183723280
37126259
28721163
511660914
519728496
610348623
181064147
232428544
644716043
470102329
418922213
65380027
566847166
340729646
513265038
303946044
605697241
466245941
2421918
350214389
474118554
408814572
322680236
523630533
210219019
151227140
578593065
209318566
642773126
198538697
600706894
552855228
0
617850668
10249209
43702342
92125170
455647815
163660583
389249370
249518801
538376406
390905378
484543308
350889996
421527377
211037537
540950908
315830725
90346739
638156415
457930306
215507773
515315031
397488420
245456953
326816703
346399083
555378483
461220495
407433795
235630032
618472006
439361064
316086275
328421714
655687573
218306400
187751570
126923550
195368013
581871032
382151454
34878810
110513161
369401047
417862056
367161914
139314925
215171045
544915147
288608471
221485068
377179865
506692265
0
174513621
527786247
592767293
548101017
87858347
161971009
328351305
159541998
473494135
408185804
444087643
564351263
307091091
512462410
552695555
479136843
252122337
113779445
16355988
273558966
597676257
265904023
91867379
377173519
316339576
650305101
165341730
114503402
235483225
119419199
233823410
149290646
653595078
317806516
485114304
35249007
599953173
249685435
557250247
59914885
406984213
570895936
378868748
191586019
97028976
472876910
408766487
313230721
153152064
567324321
328119684
441676959
334428723
367104414
436357500
293605459
250610802
432094643
490472266
436153665
102906869
297382495
464194869
353139155
86141296
47947246
502231570
56245347
193985507
74781952
293889931
43792982
582907310
625910363
520300018
238889469
158725978
477789096
9456340
664075186
585629922
371710433
211577351
246083378
358503371
498959401
298265313
318836399
609379272
47405939
572937849
641962678
78323105
294137809
445528733
597800976
545999254
99128644
515035996
49507018
147279295
572049032
170496846
470393146
193310409
441957155
436377667
632650114
522027982
240297222
65043489
319618127
563245033
548215472
295512957
75993413
63074565
132867402
168452661
243714801
545046375
81061279
407222815
565951174
196845218
165113358
609904467
0
511321015
32495224
39300584
280168910
422759234
657785141
266555452
462326780
665930268
395639866
3075297
0
262023744
588562207
158390154
548286814
76587051
565076078
298730961
373785732
243902169
17768575
0
108035899
297035973
460521065
485026820
183907499
247536728
184857362
314263961
493027933
0
222988337
446519104
238747573
589896590
291761273
474701395
569016814
125624248
278611082
99714255
211467140
602174650
211528375
621246540
427436350
449445146
54442034
387787578
454860983
351231765
118627691
348868988
290699077
484924808
74240796
10953827
343133686
248218921
205067061
43274432
158664124
474694929
84631025
529304918
9245710
624048729
229633440
476086442
591905586
628566031
514996715
497969669
382403580
375398998
461269280
552146665
129706566
654011273
224855144
600143048
350759464
81389804
117845081
220428485
572461775
642592574
197256025
244109097
157280131
631155640
274083516
371901743
518793951
551110903
329535294
79376624
346442685
99612207
50637856
159780256
520539416
0
264942452
573771938
555825907
186152817
430661066
565706759
627113798
43232005
571970349
35207775
559780065
83568965
123816948
177310904
285290243
616287891
0
531045007
666560104
592297077
421321285
201119511
95493373
198370308
38224196
594056110
572442850
448680857
546176293
274193501
574864150
90652620
563225085
291050591
366711105
442028514
66431727
566843657
534909858
310437083
574409305
124198145
445310718
448295279
3640678
388938028
343045539
418817578
307034132
139483098
580668552
185155080
281741231
42118410
482677012
487920133
18760996
144479539
352646946
212973174
565712849
204403592
641377050
340016598
451453374
627106560
645621572
468617253
231603246
63520638
461714181
50120727
393491944
457768030
243625605
296405780
131620279
516393101
314610230
419025192
479474050
209779582
230265715
318608791
539279665
0
345188916
637777928
450542027
534547877
321708582
490410400
490149819
526469202
115729473
380262669
293333199
428973464
410582875
137124885
661045692
245964205
374670047
326229520
31158565
532526260
504407755
277799330
137123660
204641352
356565982
601147745
394448438
564074414
394739681
471304271
445485626
629225889
195945527
293514746
526268234
256772013
272387978
354593970
72574168
0
308021934
642907703
486691735
292614373
632884668
617748528
496506686
440510696
222795401
445075542
98176699
360532114
352194390
599454019
580252110
527003622
588762481
226523225
474339970
39838803
168596496
303969751
302617647
289296670
227413650
514578884
337267540
165149540
606179025
403719244
573598194
217722831
370095354
68048717
520108560
222502528
612582235
368882807
181907804
106554313
569961928
613702303
0
248045799
347005484
6473212
314859864
43298065
625022075
488541914
215043667
539758767
1471230
339501954
198064226
63049583
461357566
188848469
298946809
138065318
372523167
59150231
166877476
134290788
186680063
48547765
338793935
303299795
538167871
603843186
651508882
406485449
41162783
612779196
254998318
399347520
0
358454152
276014588
598872998
114631041
330222955
233446719
634959456
548372557
160665055
318636281
106988824
580125166
134641874
385940044
583720679
285432266
113852380
518741245
414456067
500377924
215099002
584494515
298678901
59812845
187419042
630119022
478562106
554981799
547462081
146257276
341466899
13327502
459084524
210335278
0
479488560
204125015
457618227
122926817
640266791
239829532
410546864
568559231
507291706
482953591
345080525
227128839
143067675
254040509
493093026
292392280
587767820
563891145
181467429
544645080
407154624
355823683
366734507
23226501
463150016
384988628
355140915
9003067
628951287
493978637
342828618
211806442
535663748
114771992
573575141
0
432516436
613498100
105041957
570829403
89569946
251533420
574420380
372071276
151717339
242393053
234909430
505512782
426161837
572984409
176880976
456904783
219404788
532217640
538360648
187966130
616875459
293193618
0
249767779
612968761
20657416
49066981
14903116
197804861
106672054
301783847
200702972
526143626
45036090
634797139
362792898
447661129
599399103
284250266
293840666
385410861
350451182
29582621
413168814
625394757
164627704
83643779
626735893
373938748
135390396
415484934
43436059
566344175
223104285
348348655
500564457
0
655319610
521451363
421972559
599319294
242397558
94768278
626460683
652441548
104304110
654141780
595216231
65100207
560180229
60369042
0
67658195
490522425
519386744
458592789
119995243
653043273
301575073
541306780
48218442
659849382
507553907
506042509
61477162
423230249
434871138
567973907
239246864
330480508
389135484
166164946
641964750
488785332
502910628
245174425
363014810
359441085
260265806
151801284
192311606
274862414
322608847
204051216
409631809
72440458
72309359
225191284
339917366
386288183
48168690
393432514
287498949
380253712
76723643
571144205
605710290
94300026
365903268
441374385
82948751
124674845
206067972
603957129
636416522
446909332
470675776
238597483
219831936
424785461
568958361
616382877
280570447
557773007
287657056
567086216
0
176432892
486278532
151170125
580714768
428408916
282135241
559546327
576982745
73095665
127708905
80290308
562828757
279105836
381509941
604884788
139502437
237430683
1924119
351796883
640224394
170996938
366212646
358022363
189497085
13116712
364909655
575954924
556425426
490266395
319006326
621578048
450204750
189693844
170870926
238663377
397394061
114144855
319698131
666469003
273642901
0
361576469
597140179
375570524
452361935
408093495
108107732
490654144
110562243
496566833
597974017
268824959
284915056
183767429
298048717
165784985
135593039
304959671
246051174
276359101
404998616
446733031
623419805
404294256
29075743
661981329
590116006
501597639
581109925
618012014
288373221
441339608
638507049
362076665
153089955
480282316
222365657
358752881
286251959
234225335
178076566
127070795
406477329
81189149
559790400
457444898
442570740
173269328
514524024
139963050
647706996
255487684
291253136
525633357
80678880
149773395
437703504
104651325
615894150
118399016
307575589
18471893
0
174590345
571310208
632984511
552401559
589318536
153268883
384093428
427743483
119226624
196686033
610209256
319220765
381893200
0
578978443
294718651
79297943
388560085
449772992
213155322
504932610
319947838
493216282
431519004
155731204
269131598
237160199
55490930
342412340
399859572
168712930
396842758
495464475
334182815
510797103
453282865
123197653
84644543
305034140
78158508
485231173
69904144
336897941
358025595
346081566
453515945
535048636
160079134
223541471
101157282
113953779
198559427
573410636
504563891
156264970
292665833
107246367
252740043
612999239
307706087
473589878
416352986
37509923
353804794
537288473
98145896
500398655
179751166
221269441
88718272
498805242
473348968
25267583
326096946
368319617
656212236
185862249
629796512
199274498
506624472
409399861
281760128
202288549
565161636
420511531
300359582
655293605
526850546
646992499
286456530
412119275
209983022
310978674
643429825
236162600
226227614
481251568
160106116
367246055
459828851
573351772
242998531
493951607
373424879
239792535
452537148
407350931
318672714
604073234
461651949
0
433429694
638168183
497157953
318080473
374280578
135500318
87756276
462422367
399515002
491667982
0
282851260
617762350
436762526
606187680
340880974
247140144
15057753
553604017
233761379
402795722
625720940
368186721
208443466
321316453
61605907
0
555815920
417678065
348743311
528982254
493049318
205652108
538927814
239114195
80755439
391707679
0
432626178
257665208
100811798
9546342
379257607
344465728
650699505
226815778
589124174
432135480
575429033
160215386
466482194
615083277
282768685
121681753
481420091
605720622
205154187
652629842
537614080
245146449
488550236
457401139
200728064
543814002
273886146
402309599
289990188
545330452
267729741
630227267
272536219
209244737
542606699
516961025
339204926
163275851
359439748
658211708
301614961
340639060
205077794
527032714
0
445925459
421915431
141781683
228525872
483028295
634976781
96640856
254024509
157864042
542406578
619017334
251721036
138100725
386682400
303436146
149291098
543589409
362920959
224765693
227959444
113856313
541239017
484683293
441893287
201659701
256260388
330305990
463403667
356514828
626573434
158583799
526996478
422302193
199389583
276829861
664547277
335019712
544835235
570966198
71196497
222903897
113856313
573839307
494673928
28424419
43590943
307424527
538994878
205988945
20745891
510847231
197212392
562820070
0
343892122
513233838
287223884
635140852
394511321
388817420
599204971
432479890
136869706
137909403
528584363
364821278
84591796
170050396
514680856
548727773
231227734
568782236
530073729
48944746
477323883
641758949
130372418
489039075
280301159
321728987
439524580
290382214
597370967
0
0
654661658
637291506
279029906
114899932
459361044
317418052
481557556
251240230
658618426
589126573
628377588
520850833
541842833
633912405
359390415
98796367
63543635
254070462
545938176
227335311
161022016
442144296
413360741
527910564
480107424
441864218
396081928
39308510
202873297
29366342
162260859
510501291
303834159
591890204
320682705
478994722
207436788
373056967
554797389
516181000
605753435
72779568
342168941
15632812
283146244
42435228
497844040
421306571
174012611
609974740
196470321
200063486
484179593
165827766
252772168
264639001
601064747
472949768
240263461
394481352
151095203
556199929
614183916
356334937
640568626
352599598
272221043
187106834
131397801
568860626
604454146
263186268
395716432
40943747
480616278
0
156042287
0
88857846
72656664
265570304
317738551
486924319
354301068
2602470
193989700
548407243
659264436
59083165
17187236
52881139
186388733
263519545
25405489
138076320
462327557
522804848
251448059
558499192
309561212
36129775
569998640
533389300
230754008
530349545
497502752
617126513
35751954
414778825
507503245
186904600
204665941
651340749
123453715
100168695
484655028
541311009
413854212
576666303
623406412
169383804
558622332
339669928
504651972
511100429
415120090
545511550
79622190
461302784
376941249
125324878
492009585
136633032
451204106
666609073
245096694
290332133
148995571
620236590
312301282
3868874
492440409
599560447
221773302
628559562
123142509
409721845
149318534
420618007
451762611
378619385
131401989
533699018
368015490
0
101479275
545045100
229749113
0
344090390
653664881
1733726
188496730
489619169
175264222
369033157
565528302
228357887
59372495
493905997
503745797
622327683
225103669
454815134
425998232
237774720
152349513
350659033
460044448
437202394
310440138
448795277
406756914
590761127
241537057
4638080
592330556
572151764
440468645
429163211
210040547
0
104853894
526828093
142296841
464869629
239982087
0
422531060
335087840
190052668
397359734
233372021
151251955
59883073
433475308
608866394
571158988
557698826
74447129
0
588263792
53520816
443493260
647489620
109358684
591149807
498910594
401376421
420288442
355542843
350174931
143958307
442606872
82423481
652508608
640212366
602629828
395614184
101855965
501846566
304355150
195074260
323183942
162052643
433168346
178897398
235446542
594120428
489943752
478433025
659221407
175312100
195187081
507279969
128591872
359963901
404785421
261600424
422111006
449902438
581520049
467131623
134962802
334810035
7752868
616148173
567588409
620419265
379475938
469135565
392957493
73190466
0
532826499
36025454
107589556
287262640
341842674
456549351
222047475
218372764
470101981
285619005
477910857
298126809
596384387
468375663
490390761
273612539
62849064
319073359
608123822
52275182
367616655
479796026
561094402
140105936
480132117
633984160
584269077
614736984
444591155
642577627
183335243
171946336
57275580
544453244
662790164
418974771
249145750
346305911
439447676
13874496
636746059
358636530
348240446
540809029
119489118
34168545
78815167
328536393
271650705
439324640
220817068
232540064
41848181
169693883
66466510
61671149
78096400
642228298
155429011
661121881
255037821
159968943
599976220
404390352
659181195
21500711
0
416225741
405226102
458441767
435073604
568599667
378961861
319464287
592842802
242596471
561931085
520782999
613803119
637775910
161553739
240671076
110940076
331787656
322413456
494633491
516057022
8492908
81871018
300158311
418984981
631496937
3331751
441042716
521489469
0
459918438
184011153
74733278
612327097
564226352
228894468
355647827
527243963
98443408
606173675
387928642
562248657
588324233
91325195
299587467
659790867
303491288
390677237
608450947
384609483
447403266
204124899
477246228
84925857
14512988
3407542
210072356
294308895
115985632
83563214
452302567
387678253
491483084
15534626
308376315
263473548
249035614
428647893
245111197
392545979
0
493332088
363251797
36103456
289565316
331427946
195218758
74031705
389122635
627610380
44682156
643977318
67018497
93182233
396540767
393037415
620458749
273072421
260179673
276782409
540945537
388189883
521036987
582759971
459600992
488682254
0
596822618
551502954
464471719
557550603
587858869
239577578
275909018
387245680
381199992
501748576
221838633
64181752
577468627
433833486
477478475
42837158
510577019
336893815
486887253
0
546560911
615332654
372818626
584161587
458807854
492646467
84334730
448050614
471699289
569809786
497133615
662047442
661298215
99671212
361074297
268599334
578431876
151262022
401569490
98966995
510049549
534575023
486943218
66619023
336736726
108494882
624691558
469629775
380631569
494311520
283985324
177759649
77935841
558438792
267265196
644095637
586123209
55026330
344901416
497051829
448695477
78679647
390686187
54487168
211614945
233126815
96096203
465659655
95209562
567141635
290145054
492505983
642837146
32703978
461778388
416635270
546724733
138732253
171508011
326596866
220376416
35701330
253252688
579977289
99216577
431891010
613839642
578704149
615844780
457896535
278743403
258942820
542298607
385983485
194101291
53399095
5122178
449333869
587628426
144495964
55303112
207384668
498516638
302755754
174788384
135787980
14294244
541579743
486653760
305142575
432169822
0
458828774
368128597
276404105
496952258
262095196
467534875
220253231
396077996
271284815
421710464
190818547
656126213
91464811
524841386
148728837
132084258
90367634
392803702
285199822
644509921
543447568
365263248
523095436
268482474
375231091
287943465
391784689
281487796
405800987
40344987
615009518
84087114
588112422
119622837
538205489
243546294
580219672
430738696
130187080
0
564154167
28227499
419395819
389838239
550894643
377341782
481680745
283142464
603604532
299696796
619446041
278542927
142340511
630234902
601087734
217598064
439615594
0
589051017
552388501
390282787
149348377
317901424
323370677
245984056
201349868
313337293
579507412
498470640
176844627
23751217
622379486
173669859
619129893
243997615
630060411
451455822
410060808
595285049
203546251
235202288
406531473
175240562
92767791
348393044
335067511
314371534
231325177
656096315
431568877
584904169
5835067
201775555
562077672
391294802
561585105
486012358
644495593
271298782
404031182
634589471
161841127
515254695
352015873
286046772
83348046
235861348
534436383
281178330
453150717
564541649
271751137
529151200
442771487
424185201
555511934
121588711
384250878
271393102
373121343
104890698
27409242
132673602
428139315
205728541
249428299
166739425
51029812
310910490
421719701
657645773
481176522
529324639
241505696
612158283
291178507
160096189
0
9046379
498582056
198447296
5593831
489729637
398820040
398179380
599308426
378443979
454817265
204162613
253581713
316857359
276598332
506182399
160701293
497571918
13924924
491422841
209962315
627623822
546803828
333874241
494117302
4403886
418581306
0
238841505
216334876
187789916
336495428
608378412
384594360
199306329
346755584
149511405
549291162
146841506
435715393
23642821
15292439
272835722
231427307
285029599
337997937
28119472
468307855
339094857
282877311
537565815
433577885
266240141
547484238
507133197
533369175
542220473
87828676
373930598
303714755
12464711
27965114
259480697
178310662
141183093
162736140
263227240
271405901
59581976
56643265
597794160
431855593
93477952
308370150
275925665
449894936
141512306
332401911
61518429
579523435
558325293
415745240
479728622
409761142
407185634
635680978
442152450
302458922
518898650
586346739
524440387
596454560
168102400
43312132
169220145
536310502
208235624
533816679
435733918
277296298
627907790
527823714
127108080
342821786
0
635486893
53062838
365358555
632964355
142503357
362798761
497299379
238349013
484911147
137718939
104373530
104124977
656589425
601256792
495617502
21026378
319722673
10787102
111240302
576606982
103795379
168551412
168952732
0
342382269
370518748
346532270
438344507
250732134
664788775
353251362
231414062
145626434
310914593
468564744
605960638
655693954
82099580
592804250
157630058
150487268
354678697
480601488
166536685
157339952
224327477
250793781
515461959
510304911
662096524
334510905
402173185
416455299
544485161
589966569
174937335
132348087
0
649730705
256825336
178293089
250860839
40031273
196175029
146997219
153200603
612949691
577621330
410598504
22948248
468466540
242744862
188161875
625465762
219296578
414888704
292037590
178259409
480960569
270305891
631818900
590402295
285922682
316217383
465307001
338877027
386662237
17389121
510175354
400231638
659972057
230035827
131314932
0
205786383
471233205
231873818
123243823
632940026
596098053
590286843
652721790
618711371
375444285
572551365
236483129
561860583
238473514
450134327
0
660105239
463391643
199473253
136823909
425664477
613675253
637391588
0
661295709
504219400
122812468
147527364
120134662
381264816
383282094
0
271517088
559590754
320229509
658513732
208269662
197931479
210272854
632647266
231723745
176466417
576771624
407718287
663692121
380938873
203832537
88247811
190631824
262768607
666162377
537000893
622797155
594251059
403810745
36710687
300027961
172392137
649598393
394574847
485606642
499845570
618233041
478651379
663339738
506492295
153529208
122664063
137967412
522822211
540653771
77652512
365030993
255255003
237268805
6221187
593681168
616129741
202456067
257482225
419816213
638431479
319965099
523416379
107913852
403143154
104400022
350393172
154936759
495018635
501980092
428076099
56791900
509767857
202617397
14747757
550458496
580613989
517348515
172831374
494198651
281545649
506154064
186781400
239026307
30972227
50666166
306741988
433937607
564425650
281101748
240041605
434505361
189510459
509111937
470148733
158237545
95001916
532022362
214894056
553335563
240096212
502741015
504248286
319913508
593355518
34140603
118655714
235945727
501913912
495821280
586681224
419527788
228270567
63898139
278707009
386537368
361254404
59923777
331610382
339998567
12307038
647419751
69795283
269032161
472811447
175292246
641248918
112006214
463916258
665157297
633060459
170515159
565167117
259434428
576100711
388250824
0
414657766
509236845
278464576
97523285
323152345
157096855
17666979
422619193
422651566
43650316
613908978
632257159
489837896
580102733
522535309
524067026
166392293
513024622
246110419
458711054
193500123
485937587
335725995
23303498
418490816
410639747
540222758
590174904
90044041
192311154
115505945
459854833
279238683
658261323
116066040
388629465
330057682
606822397
362341306
256011524
22973581
443536620
132279482
584553196
656451354
215115212
625128987
184824659
279156566
374717597
194918033
440046852
0
198420633
52365343
548879209
318452280
262120957
302532231
160565734
367351811
659615814
31972186
184926223
178563463
45551208
261184970
201426189
580317992
645235055
469876605
591447976
579877631
554563895
657592288
372924734
183705411
646435710
290946782
628932314
364511310
41576766
393955638
302953298
302037668
118135695
28981133
569591718
455520712
558212493
272703300
119364592
156668510
10498879
282965369
523272215
44465714
15590970
525459577
486563639
517254087
464842170
465084822
33335457
556403453
0
365737011
524900439
180912722
506302747
450693400
565411929
625792293
574259274
325393366
184891245
657196322
167554767
323535296
426454190
503155633
523305713
261860923
548129974
401308767
290372067
521324936
640717273
664783568
0
3823569
448786694
313084609
0
519331558
33887974
333597335
547225977
456581905
541228575
54083390
323293196
453316167
25658865
148270441
597864296
404202220
83026673
289131416
288691910
220693173
160434643
0
374467986
14704618
404298544
263300170
147218102
41368732
284707197
617235270
432326616
80225043
553540219
497531717
28508846
619119916
103834424
664008683
519123007
630458163
650998890
94350532
141491778
528742389
572747830
154001113
338126702
212344857
364603725
379009824
276951981
176703817
0
588092165
390141966
550343497
428380852
439435878
560810015
593672127
461154508
32387072
520899669
38089791
397717583
0
344990074
597438880
565336991
479872541
440474086
508315385
207435047
573032926
98121162
626037624
437855272
362184488
393188289
29079874
134437752
404629616
46189566
110774057
84007405
194283685
621280595
507101712
479729806
154255113
513870434
588660422
370239465
453162268
562871792
69740634
651655363
627431078
464476313
500827376
56674045
614048804
115453956
26690841
415378152
582180086
134933065
74641439
654142468
142913564
226860536
98556933
476810282
203066799
626816126
16487172
472824661
622439720
88688258
254849994
462131043
229770367
172301315
463378459
73784228
288410403
81089913
304573612
631487940
36850145
22600435
603842682
301788251
101138136
106235148
530429537
444352
492399011
132058500
553026426
601172562
369463629
229043268
604906825
641169415
499813257
283291042
124223
168925751
238115966
498350902
579815257
218275774
430748678
447544825
500615870
464991403
102340918
45778986
137454906
0
478511508
151086609
584288979
45924249
179134100
643683210
2631995
220177093
52514196
230169492
567475175
188669728
0
324614143
551088934
599493450
289954551
270444567
133473688
212972776
396023483
303237512
627607931
593744047
214729359
71296100
16309491
237567766
511793983
561293615
279156986
402508700
18860045
188054987
127226081
7766518
419758753
22644634
479940671
486688236
17265762
265985807
559897997
183582903
430265414
466538915
643442614
102103433
389345598
537870955
208368984
0
321460332
110486148
193615649
284978612
465147417
286466912
619964115
243586716
36365126
619642
618536577
374273199
265552383
238213181
569353915
620649889
255706364
112683767
652483656
409449537
490617419
62236214
42079847
139296963
134042059
640366822
321953778
221130546
349626491
572128190
187114009
522296045
392092593
523009081
497721886
525490669
288641136
664405364
185895124
464957065
385519381
280663762
275986017
606011374
329380843
433095516
447971101
208910096
5244607
200864126
146431825
291639250
146649117
521858249
542767815
635549481
34481382
354766245
577146119
445206981
268669955
3794938
636320031
254166357
239132226
600839666
542340020
647751171
383192084
492253197
239856798
161663939
499783394
246421848
3831148
320003348
107343254
616055839
415350857
317499741
319015937
548142246
607499116
631011386
357941432
478438515
282749232
620369436
465487786
69763717
474773403
616751378
416329790
0
644940070
475159891
478850019
531483259
366299623
45126391
613284632
0
0
277707291
434340228
382231418
496825057
498693704
209980216
217448559
492469519
559605203
198090764
478836009
205235567
531703711
231456483
492933854
246494652
641713728
65097445
143521156
584582474
134809173
199219949
253110579
317803082
298202187
135210249
202690583
205957286
657515748
315514305
309181674
230042221
86413162
443551628
0
427449063
126780587
538127605
249158755
244934196
314909741
46137364
194218918
503649964
528910715
95740433
473691328
15766865
333523052
618881860
537736245
221203339
521494488
198717532
67170293
598430646
37907601
512782612
245370992
91710136
405814006
604224708
309749060
488981609
173913868
354547683
628289222
279936903
310289319
309288771
353988107
126902150
604590195
0
249086979
284073826
38130154
421708035
335026306
530650621
0
212485374
174713300
464346967
209558911
173254318
191283199
175477564
627085928
606433719
155766305
264660179
358504866
453154480
572820117
464503684
8935451
241860150
364067001
313337492
1053397
34944516
528660097
470964010
577129850
0
599623052
295508258
291991545
117114412
422854930
329968260
344943786
99156166
290580618
203921228
554892153
381770470
466191699
586912003
661892009
501954817
234939659
199461498
170151646
213638718
421510113
645264059
289868690
377022041
554832258
345909874
25780275
143490896
388729495
7049114
290984786
87533865
338324564
343293559
628056271
619962939
292351682
537437603
187931000
345981217
493384831
0
489991291
508902722
185187787
594064617
109138424
343374649
525689305
195615891
109825323
650001681
391665246
544394921
204118924
320754734
0
628280912
535213577
264121309
530131251
486126244
603895551
389328740
657852349
288520856
247731034
263572774
353790688
209901927
71745038
336449982
274885199
214245410
313444001
4296968
187862054
19493382
477709304
454573771
172906711
205701170
282264930
156951874
321644577
84776209
143474604
604472633
296625854
98263341
428351778
0
586923137
457712075
183030375
394164498
454312483
9737717
652106481
490322038
360088065
488952120
117305238
641602213
152023819
525779431
359303659
7075720
15021304
404932608
615009720
412259959
55668149
0
75573574
506344559
142775274
310675823
360096291
535375897
605383901
379003017
275004322
504144505
481424266
395198983
438075298
48348648
344630969
564508377
553893808
393213443
303644653
219335109
163930690
424599183
282661285
383430774
370767649
404182337
158894725
631193474
201212706
642472393
444640624
201191469
284254336
579199241
338796408
192067558
622642461
615509684
397543711
34989425
370015887
525051252
502113541
146477801
327408469
403277696
360694916
296070615
574953417
3543820
651893752
448119646
275398424
73434168
130982755
623923282
582689953
343945227
94425010
271930974
399569025
356323059
338272799
217490899
416193763
562490979
584687035
156402464
437151935
6776101
451137061
282821997
478461715
93030560
445477993
238347947
131873694
597139638
246543569
649460101
410294934
288019044
637054579
248037065
571264235
44017295
159449323
232792386
115223528
228189037
653405007
20154607
411407572
634610497
271133656
256009026
59453632
36830829
485563782
48485722
305676704
469449868
614074008
653752140
64818471
414616426
138714093
592898406
604059705
10073402
533446209
634903999
66983960
72734437
648777378
448905386
229701836
304603497
663548728
480197680
468594869
400921494
165711600
384334122
294574473
190949720
453436798
49981940
403555747
244726744
0
302285461
222953213
445668288
198606928
547976515
273053470
483460764
0
373900606
254864947
167771983
209238316
652694728
347146684
378642638
320747615
0
627956608
463787812
66709883
602786680
537544334
291298887
628809404
548803295
232134745
641012602
433900933
520206888
162889984
243765694
261546894
76702977
457546582
42438666
480773654
437337343
130834566
642927293
432917826
234267694
433879335
0
616585840
520523986
302427834
294517094
603508217
547367352
438474885
130405672
228812700
613400781
563225521
633465971
195115872
377117860
297248689
545959557
280775917
425138541
251684509
227046022
81348751
89426203
54340908
210272669
88238477
304573521
534883950
188405688
335230040
191593584
368217417
511462197
146356347
175282530
270331844
582142022
322068691
138187659
289648239
485585301
475708999
639761243
89573986
27218034
288145783
64060326
616856416
0
639306773
665157271
79445416
412248024
59030042
152798651
447618904
99186226
294518470
212433778
394092733
51661046
352995140
545215658
326286634
2695300
235843458
98148806
588721148
432757758
76576966
193528536
654341652
149503569
400012021
414513826
621052729
545195931
51511233
500478875
355177218
601214530
533904200
610982375
276145624
396566087
177857114
603431000
75306650
224149191
406845104
638429126
394193576
216861992
134438216
593961862
77863852
92475917
208620307
464018606
424376536
245508520
532184906
514490414
135320404
91516081
0
26662731
104923155
445170305
621340525
579625429
0
226958430
511187400
237262052
403181008
540036389
407074181
0
347981804
58417047
241315121
489139215
531661155
409968758
576035505
525639641
193469088
265574606
340741885
104666576
0
453305471
69399902
385023714
272541949
580870647
486720658
0
143317481
227026964
441470857
638927413
602401787
206321818
170408599
16627917
159809967
335010648
197634226
357748572
393471974
529255767
515521591
162672135
0
567312312
617760203
635254259
371381255
192501423
640268546
339963357
21590613
340377325
84194371
215501996
606148945
465845886
572555426
341807077
314449649
434997359
601449787
454954833
378429650
627607831
347471765
314145054
610206440
611797976
0
300998331
551494008
244219349
327029588
0
331750198
138644440
12455817
454943139
586591890
454357963
364298635
142224497
592384396
531419660
201554301
351541029
186802679
265053673
619559203
419830609
0
311513721
555921105
665838526
364785601
496671210
207870012
601937304
227577173
96181391
224240708
251079998
655194780
177445462
503709399
344437772
175252983
369840172
580402671
119285008
592364086
33660365
369530773
361037606
16020550
331908524
163966599
321487101
249187224
612938821
26562074
611927873
455256926
67883755
629795433
660984905
3602570
207476764
465701137
160475202
356777263
86460896
179470243
166632779
75408163
359728355
308964326
238366626
407980553
228959621
500380481
525430705
23695838
317246741
518266160
610007122
164898032
597390156
502795164
480300119
146765566
238935245
137945745
91930836
639424485
219356998
216050620
154044670
483095002
300875215
559574798
40768016
150336697
0
276443286
53053572
604350025
552531855
29061268
594566521
533499307
333866728
196394228
378558786
334370865
218630230
256441379
630368776
592048301
244742756
304410156
482135859
519925710
235588292
396935213
293904002
80594600
626705719
35768548
523121104
365616376
442549148
205536231
374935005
195982491
475179965
204853564
476669604
267640810
192973301
493361479
474228756
558429600
60756217
302547564
63830328
14505101
645627817
331882566
611734396
648903164
515825780
287971716
289163661
241135797
619957881
438231604
162898575
372422015
88742642
112613626
13867188
573105280
144561717
559605494
0
298378512
14330431
167585459
501716417
221164496
346259504
139269372
222296415
549065829
232276632
203602327
365317841
588332768
503876857
312393018
910322
3823948
491226042
0
377048367
415190996
629430977
371838153
412267676
652792676
523098401
83481824
564405380
217675185
227325643
201266932
326768818
75258468
79831442
0
602481346
528683899
325842754
242376475
665262254
341159135
612494544
496007898
584715849
282348844
226446497
75514214
568877072
355352691
559673609
211114164
0
249869151
643175161
208515912
378549568
164092169
155116069
291269846
232427083
493656302
355222032
129267400
124866922
504245388
312934810
502852878
654686763
83805586
639912479
246592108
64726926
645440864
103340065
399240538
26855867
347714974
129579586
417693745
370081948
469655950
46584700
206798373
15222973
461756151
426939918
67064773
608940274
193626909
418837913
617002552
550318602
474779647
273712160
369110480
388325773
0
365101855
298366940
587365241
585331114
206368855
272452364
116912462
302279620
200430022
516547094
381105312
642216227
419156474
367442479
630542354
539662938
100492510
53920831
324505454
0
417010096
20341641
264838023
241592054
241875408
497909029
42823098
231711379
2650252
460444443
7453179
333712996
386220175
0
583860420
505471275
473128457
155190111
331904535
282681421
635163758
324478899
5785538
152869598
153111913
417566416
385734044
662902535
468334841
0
651114891
251932378
325276031
604543808
209284605
195909342
607159341
601087734
476905967
279290021
139755377
625265927
166696363
578105976
108119184
256585422
162936685
244878988
556406995
428456812
275459541
517765576
201763803
100777043
536960564
161812607
482918940
333713772
187601658
432039276
657216404
614774683
577358854
390761303
394634429
103561376
327907519
96163692
365354279
344387926
578042644
267008397
38849648
642510792
54106893
396385038
649939081
89486282
546170297
576847807
509187314
212058485
382747332
167878440
0
52315735
328827869
604304775
126571479
135665561
472840934
124751663
426677715
225972558
633672000
0
488092497
434247389
338702120
570146172
174662145
556924773
0
323368283
531227890
343032252
198975365
641451094
42637565
53969742
319419061
254555227
441758221
33282452
648279952
477404188
7007186
238921742
125031943
644590823
0
463066378
548117372
163170576
122072187
508519024
238886784
531344419
530715132
560123042
576373971
530417076
614817941
312263419
352729517
469394292
207320012
471878548
610754614
563678791
246918617
647703218
396891333
191261893
196995121
167557463
162731071
354863822
600906197
181454380
657260053
634127979
164513201
149857146
515154824
431432988
549297813
409937572
587146756
80064176
64451189
38927983
345435715
135185760
342518323
395856300
451380268
341949317
298481308
315226937
170666823
575433756
90942504
111847400
547599139
413714646
385175403
578174278
528563738
638606675
660797270
350919894
334922311
656311104
334115935
483925469
203755969
318314410
586568345
110660171
213863176
122935609
260536214
217006376
372533749
39133745
150167742
180662380
581360333
627123527
399767244
189381739
206367816
173883376
383163771
495869753
405011317
650549930
556244851
215369615
584832205
543333071
216814881
637818571
16402254
563480151
483150790
617352864
529604279
532976449
314200168
629933196
367823504
465045283
68391343
518733241
386292600
75927074
170917006
154059949
375601723
404866941
633529094
265378414
238195471
461848687
647983714
264142684
77859906
94875057
94601559
223967921
170924200
105765802
258390358
506448382
554948899
664388697
603441364
627201851
561979115
5727683
542085817
528744892
303595719
183703602
0
404201924
172638485
340570321
82940878
119967997
249641009
111739287
336578110
28847266
409782755
285728929
216732677
230748144
570375951
83697874
313405185
435260540
619450597
151889751
255046045
421737169
97229475
236102166
368927193
46078861
552026409
638545783
604051185
421279276
545655690
285040644
277118742
611618553
167700456
135288251
280120654
354028914
1383898
397637668
174707445
663531838
607968239
400723614
274512994
600954602
530674280
326547161
571095953
559786858
346876825
111201167
472868976
58105882
8466684
7895229
389926323
208606813
283750540
377807722
592655041
332375473
34230456
462269395
554681610
581596073
453873375
538190299
539490735
90251200
151837730
421481360
361652626
261572542
117495470
442140043
352028885
49390946
2597216
260512213
665053615
219233263
320441532
584972375
167594969
421355302
578187194
251899558
166725272
142422404
545936863
630657591
472577545
542269764
277749382
4265658
304366680
634131305
108524982
311467152
226148082
452207198
595917301
640105492
385574201
86124746
51912121
91763179
434636029
195403791
289367375
436130397
574433681
371619551
383416596
386181511
377320028
474326867
406729239
583963744
305196140
75709251
451391283
563389481
537982361
486400874
340216084
171211110
488092939
165981685
44741497
127473978
448135957
266215573
371363383
363439926
441469316
97403726
628060402
54001266
299337852
75809192
652178815
288009595
560730959
577158466
204340953
540292681
546997894
568894570
412976654
510028586
59421222
573942012
299409755
423328955
149037660
277008245
622409624
378503646
247951622
327646277
124785400
443915668
494609188
0
0
434345468
356427439
620784007
270360211
208250245
426320076
502867101
615649514
134907508
533534144
644784146
169415790
142716177
475336118
529497466
450887480
64077204
614098213
196815585
652889013
278268903
325984085
331811169
642987746
432375692
302797896
550839019
606867034
526964117
204542805
153321548
615608255
31508250
397400557
587121761
649795927
103256750
363330806
379509793
599481370
96340723
82239393
293353154
269107234
652265026
665569276
479099584
597295017
488454293
666290068
25701953
197322087
171924701
366772910
205193325
438751390
586111258
126711574
649713541
37475398
555392583
485007297
640308316
511296015
15640439
469230984
237387182
400071187
606661115
272248242
642216221
392939022
621150358
609568989
481867028
82047285
379751334
233594052
136729989
127224471
647457814
105306519
416132613
211623297
362385412
0
391269161
315845079
43412063
608566058
264674523
60790043
96635861
575825318
247058373
375809696
149342491
117072701
111333589
615460810
115367383
67814810
260222127
374845700
622983692
289283997
515755412
35154311
500196096
0
628278558
403808640
192702037
446500194
0
69909301
583643637
316202331
456734763
470514271
390797799
111082921
649958342
108953805
154595858
452254654
523191808
183259750
49529584
476200877
198941416
257330668
4611164
459634463
291060686
611304462
0
307181665
525755592
423881510
664832532
240864798
633904116
617443992
21896206
506707509
181033709
168384956
595060091
575406685
349318650
525848705
583691594
11691161
502027383
51112430
333343203
185831415
0
354526417
474330620
65408495
327723931
350823434
405520540
293306832
650916203
56213270
107657610
245758060
152431223
386471088
502764901
83572139
0
450923909
71574006
290565264
93599973
445768714
502407883
427844442
257202181
417160775
315777770
96574530
48708869
219201457
357442450
371346037
0
497215420
381760425
610613688
570363161
592501533
22890668
253730282
624848922
622270347
148946855
153772543
596794255
598403140
42201115
93323020
19875527
641835595
76924919
478870275
309851217
232710797
404202683
230255510
324198980
266716777
396985712
611501031
415138775
350195171
123097764
417076534
446713331
191299046
558571470
136633750
81329005
199600824
525363105
136679343
611527787
377430994
656898032
283272069
320611794
547062638
195871590
496956086
596392410
168262303
37076632
343033046
31538460
473016138
264181895
321690615
64673599
219247098
82661688
405573411
52902800
184244861
7946419
560655422
72076468
2566855
383421084
597781304
417204025
487210143
222806643
102136984
127166119
351109559
474895102
553733472
388604614
419832964
164068953
111471394
268702215
34664109
325813668
649902582
202828526
0
191281589
37950411
552841246
223710245
0
260310623
11132832
645527392
412007000
437051902
485659682
495507107
663575660
548671102
212177232
0
302591588
255362674
431295516
500384330
449256405
413013918
86289949
277910133
441888513
430241549
113359856
315407743
1742169
435609421
572242669
518479558
387788888
540824732
164003161
546306293
437016626
629665297
299100829
638672211
182240714
321102167
295265396
468747667
568597801
163559315
479445262
370909466
391895507
388337860
261894350
201550120
317520508
533334603
606047619
541799809
212774930
635699066
350401401
495077638
429910340
157119165
1811747
442342277
274322246
79575909
11205824
161575097
0
360662934
208127804
553451797
543746072
100973831
632405054
211936426
251325850
188592334
386216484
44896276
164412727
169945012
126683924
264683078
221473341
579562903
339283416
110317618
260886111
290743039
176037380
467148005
109091704
630359846
36205177
88083308
0
288941126
0
358265225
92852175
421259159
420838100
115430124
345355746
210682868
345247510
241414408
243984485
348425885
421640666
581613588
289143745
134666902
623203235
634332870
279236017
576165753
242683435
467929627
171280286
0
21302451
276382995
597544185
200534942
607916169
327227619
170194443
92729840
459930611
212372868
464211171
93993968
538251961
198090192
566927141
628497230
12849497
328463521
256526861
83276713
497050890
165880939
579872306
93243135
373106501
311957663
455170630
512965939
6515698
356145555
636685382
624271857
174267188
599670379
606456750
438771113
577183844
26955234
554345056
647428328
254097219
476528972
133744916
610744390
284155228
113205989
360945098
102308776
233748690
552417620
565558935
593192956
374351319
656524660
426506845
67121886
13578642
207672536
401037899
460974952
198364243
231924941
355252218
388836030
459263177
357705696
608798668
404331163
147814246
402175821
624126650
70037511
169086172
550732103
665368328
88225050
221786107
109630974
547934861
202495366
606266278
150760606
228729576
608323104
142208460
0
100094620
0
155422450
661110800
202541304
0
463738592
499177273
255496788
316865580
61054629
648822887
526504853
164060354
376384724
430616437
493562200
436573707
72460607
141084737
432193125
314221057
348010072
306582749
55348670
637043375
68441672
0
587085481
154064614
628873934
48252453
547798183
211429077
610964592
609963718
250178947
306925815
228845185
212750544
241082531
472544680
472180197
562908713
222106889
608398739
451035162
428545030
549090348
49900954
500489484
618303136
378097145
536235521
267798645
162245687
342230846
133353765
616867202
433488748
272424017
436073332
37367906
602361287
579230410
177926947
134122820
421855994
118392441
28868706
578241289
543395390
458325800
362642153
432259732
116078456
307000195
266036516
568012328
583435217
164749695
140140729
586160681
597002020
567413269
600908890
117826186
612675307
322987736
520977671
93475458
62690160
276773603
292572513
255163421
557118085
635665086
48583836
0
599176130
509448764
255447679
0
294544092
409971724
104245567
50441279
65665919
278113299
373611091
422969624
293996829
643960473
503537058
150914697
242268009
442149971
284854317
651501001
347853792
429259556
368033071
569996673
318980923
429669954
643050937
464645792
194176428
206424508
9489195
450353208
280143687
427236678
649874562
452054100
241781232
322487796
599668278
264436740
651142137
557575196
24114708
548968229
218754950
286636084
240734840
539021679
301735908
429826106
79648818
437472208
436609656
261508691
600582799
513228145
372147403
295379948
113406428
338737165
480825262
357794823
351137907
585706771
122103734
37981332
382840731
213012692
642977071
0
33690132
98291145
586677197
151813355
581210128
396088379
515927399
125156058
74066700
0
471972615
524273186
115664744
75877128
140390544
366826290
0
98184193
370189670
621586850
26650001
495425853
639083087
524771548
232422934
188835074
453872605
637631786
616184183
645576078
171378218
158294328
551031845
194470000
309202203
652195193
96305290
437970961
256000239
76051743
509108111
129167154
16444654
503250964
305375257
559885515
597143675
29688631
464402436
241572454
448619758
656697838
354347691
240265607
592732402
637764310
574665685
294952121
647477916
6632466
226269304
432848149
264924741
298525513
459617633
202666532
324094992
354622667
666663457
50913285
391023459
610572454
475753786
264770025
649429434
257867698
184057359
606034541
47646146
272856950
439649151
323570702
68168886
360955167
305748944
25893651
392173229
345640149
347009464
660349020
488400667
164582331
490516703
282160175
84877898
663938651
151268275
76454328
22305986
236441166
278912140
571167295
126519255
616933700
186385048
194982263
381378983
416829975
340160356
623545507
525641608
403479917
588745181
0
350880872
179587667
232027944
213313935
67372972
637083923
18826451
453047236
265397165
316098181
171665997
665028545
288878412
303339005
498018328
35274013
322915367
2164514
219231036
109750247
252155280
178299222
100490107
275604698
145580469
658092794
627483181
498996507
112154628
451771415
403350234
50041807
467643487
104733468
630221629
629177886
448681659
357687251
77184943
201737166
504931563
544571275
534402088
568022458
652349305
460850641
42272245
568298897
127531840
114981013
90836202
180232474
426225470
203647874
472626437
582844958
66225718
11018708
411904929
222132867
606020022
650730154
4449240
249047490
125020718
41518462
495298122
362530624
107859109
438871295
395881152
602911349
274015067
407536863
245759537
285726756
481781590
188464413
0
577162249
518824022
65982167
154275768
548783798
567966303
624532876
0
591191710
539689052
359572124
54309737
11412792
268708988
0
81572512
476354032
657931121
402305398
466076558
436291347
92912217
646157653
174463308
652899401
491006214
108476272
661841239
333972197
0
580861456
244210411
353739048
519353076
639911875
328760527
434883106
534350076
301219708
421804686
66354730
89477106
443499851
54824352
47814161
478216283
18333382
319188924
243036561
291608214
216404211
379503788
34898400
388584918
203302586
525663288
37903926
7279800
523704379
307266636
125212493
659483037
423446044
4045036
311746403
469837986
252019990
380624379
156839615
182210632
57027590
207684218
62619588
319437355
638159475
15052941
99911912
640283572
636135882
633626968
586542918
568888409
203294386
0
13909998
622662369
53898514
318265266
8375052
359680920
504404269
180971426
467139021
365411086
645155855
11372912
501532448
10824699
569595048
635219407
572795231
436772772
330734714
352747696
352535463
150928796
541429212
170121787
479251163
566820508
426030356
229841757
215835576
412270646
458094290
32121058
158211856
198601618
32820421
281120534
384722800
383465962
450388623
292460155
53584845
402511701
279529703
296501210
450150433
354338020
461261078
40703960
571805312
415180754
469192053
56558559
379472647
69310863
271542016
523547381
249860860
625110586
665452762
544326681
0
82651420
512563603
383319604
572429137
152907021
0
591764048
417383064
332538941
328380260
0
313047272
470828782
591121373
557660017
535560123
642981523
327787477
145681649
374644037
444004970
296862374
454356257
288488252
296933457
430779432
126141522
614359449
518246685
362422165
40352726
546985729
423304771
293893409
507143363
603995404
563945792
574489428
146190631
111301128
348728472
91589217
455580748
0
450335289
415444478
538992375
76717421
104562359
493690508
331477819
632755137
1845589
57478663
442582807
185992634
379505415
415596169
507370077
478125958
33418711
566224859
629898093
165129529
208290336
135431362
641378460
552317245
19838251
460229609
15744719
461674521
301524345
273563025
594126232
420169465
327653075
361790254
170569336
103906060
463459750
453047150
53677933
387914987
278224872
557770200
385517439
145935072
477123769
270206636
47016314
207673726
60100920
458527762
509809536
131111156
116414112
129300735
256935844
281593534
502901902
7109126
535252232
537641140
18933546
266311313
376515511
443855703
150071191
192162519
5187794
664598059
623441075
424543505
418672176
527935337
105246128
13001844
633471730
517361253
84236481
377248498
121514082
96516536
570428012
267714700
322211499
204233997
528980472
53539326
664888951
115850145
203846614
167669079
89511828
0
460003557
122337477
191395946
341720293
619456102
441193069
241570089
0
613515117
196038120
518037573
347247511
580459887
301153403
619145846
7787259
608132525
65005204
313445725
125926083
466904649
515757825
654773908
148760607
664407488
372579400
36944489
521847197
133822882
382729548
494499976
143995092
3571069
149585882
360950464
655689796
65966366
282978915
582079037
88251013
592906759
424671850
294973992
222710359
140826792
260931450
611223037
113839338
248013628
492149904
135497511
76359043
532393568
291635547
378386684
24496695
189833884
0
236560101
131618774
322121246
455514788
365123801
161539081
326491816
299991091
231921414
518769935
434824837
308319729
191950270
294999604
252452894
566850737
525146429
441391225
134789904
0
189197798
189058314
253627223
179493841
546191307
300250955
638910071
0
128329091
394166578
269645441
423076324
542985198
342301432
297199731
562995186
498179250
608011301
584108483
335893180
75111673
203460622
333014217
187047790
218405783
595011025
480832631
387230829
76657951
0
149591645
557920174
581862824
648136219
109242933
230262928
335259984
245769476
556747127
428486868
553510237
410953036
125361561
359589242
139275997
535717481
541797900
133022243
48578124
75750297
198968775
131359863
233723236
135171508
591736625
326810468
508497510
612425878
0
364725124
0
328084372
26433802
137409535
157119444
555982083
272638638
527803587
467643497
35131675
382866759
661970022
635661408
134138059
661225153
455693050
31265942
583562296
259745564
280586603
627730007
0
195552445
359453893
418392433
632169071
653670481
195887382
449067503
500328000
201862823
616992613
561477017
439339450
367604559
663997118
319036793
448985142
123523324
0
495583942
282438506
40969338
385128936
397711833
660594350
428538919
533902714
493124877
495896373
197081189
447210242
275900430
0
84250147
0
648222988
344016892
284407207
303671422
338992845
551960769
189402993
376203127
234632442
225308212
550610853
307789465
149829952
211155750
279108928
320288339
427406327
657275131
193042534
424545620
126612779
447875125
66426420
200177192
434484533
251216141
440314930
445543304
74617693
650225280
456643893
382061128
467951766
644726718
287278336
608378432
23112589
323319706
452898879
475266187
43248947
202202174
468468311
264848332
588185635
513810436
411511322
634811827
217997362
664689354
337147595
480224329
186417752
564956183
37567548
149894556
606379924
627716565
288744829
318769015
583467160
305143089
150017237
135406289
650018524
491208780
457202426
295286804
428928256
20712948
271354047
570128594
104254456
379495010
131032295
595553242
1298144
258974268
97461576
616786356
120185715
389926741
247864356
224204875
13470560
448565707
365792643
193675277
472660988
64526513
657706669
117409387
147870300
612377787
601816012
300911996
34988572
518433804
818034
121521658
73007804
175586116
64102644
661936081
262798345
253754397
448706115
650840775
427191149
163083183
31119041
183595766
66454908
654383122
349408297
326833226
248464648
42769862
165867404
120545297
331632560
104222914
20367694
652317554
503406066
11862008
285760024
628381278
555545225
516211959
389604580
145281491
45745592
403748176
220875111
209102937
559232067
0
384821069
492331285
443183065
78764873
424233513
312100522
385341375
121706972
45924638
449005276
93465070
110964473
277551100
307157765
164514996
535950766
63462217
406962115
456369593
597074097
152504872
271636844
47024229
333705890
231195715
464256158
470942766
545650003
410335189
159206160
370832046
422518225
596001896
181187793
212022193
579914156
143353185
142422680
75094751
302762164
590130284
0
362453855
511496845
425146572
357961364
532765368
25037926
428532870
558125753
10717540
77798678
448441266
0
486498919
173910130
409384196
519440024
376579936
0
266245303
75255227
300303240
141412209
601859712
404947320
17190022
26271330
86470715
197993550
187681955
119597258
604007738
411321827
198287170
278339192
418926075
501877179
7879654
263062809
124865567
235400963
371895171
528491602
264585110
193180392
0
621795299
2083652
224619501
363121995
142453345
589149225
613338543
273113376
179597640
511886082
107116426
74727726
186410057
586220945
559743408
392666486
59680282
422723403
296194993
347026723
392906130
44939671
148134417
329587108
265240885
28473086
387457393
130983312
13103838
594780065
207855381
417225646
449090322
560586546
423647527
366528739
525813822
223582879
536925820
551117497
40488066
0
520766033
1095341
468477503
33563911
537683076
269583299
388221837
623463721
0
457890112
647374082
0
495683339
170552527
368208765
106993221
526338753
34913633
125582254
463343245
340207211
650814262
13650600
206414150
523284291
0
477284178
653757666
593620492
582440742
545273921
227418411
304182379
531907395
188519432
648263521
122435850
0
85503408
153834753
46259588
209089510
305753438
363929887
578131723
266029660
377355723
251178221
40553395
300785860
107935018
85837203
125989990
377209639
197241257
481137212
112530893
52788703
380240862
291786584
500254547
315811509
58723177
391614948
156768004
55242567
457307989
544188244
324028621
209261023
390732189
602446161
608392945
207143029
615405397
50181689
231533757
533318267
124410973
627465654
631246479
0
248354687
649785873
279926307
187530291
495079999
7556773
550530446
657559635
365382761
362613769
595138458
298331553
528186462
50538214
393311982
60192327
263642435
284593405
275180047
5185616
311913047
116644400
310972890
430711982
355833117
408514613
85920301
645578755
382883404
142114515
0
381072492
173180097
256824994
168529060
143472452
375117449
16103229
84378774
162580745
505228168
468682032
268745075
339328883
363197615
300227325
82415574
0
511477928
587722623
588573924
118201027
465766296
156588944
209742493
217274988
34179157
509342880
38544517
0
517742807
23651502
450272754
501135631
127007809
20501361
404302800
269409854
602976988
233730296
619253074
92247341
515281051
617997020
637057054
105359679
15265064
182945320
447345899
188432566
650873517
15630702
473694019
65084009
662629271
266652330
197494735
223157085
387018514
0
248941803
641683067
70905624
258684343
261916684
322403924
109460318
208457657
148110621
175961056
539611180
622065127
169194997
487716995
375678955
584920888
327538278
201964650
330297286
220487576
226743278
574287099
409908309
146826058
100975208
619787426
0
545566101
443711657
91804631
527158137
313209336
472534523
609056534
81537027
649116734
649242573
80772751
188022303
14851933
595867592
381053026
666212400
172039706
550714778
503944218
625638543
23236118
394685506
231186980
235075112
221731482
87183874
387361111
542922183
289085783
528676489
223106033
0
433505519
357645396
25243099
544110136
283155612
30725268
53124463
60732582
413268466
174292523
0
534271978
424219840
135203151
601800023
229303833
293114801
525751025
310133057
200811158
574125174
524348864
45557789
512455497
224832795
34691300
369219641
368045451
244945502
312886774
449603783
180958497
570009328
273781572
91848727
470729083
594878387
517456920
656563918
485297654
613685817
507666383
664872081
411809484
358098024
610947494
341217396
419050909
233652186
346475837
418163891
0
439046386
334377261
214883033
39640439
231226584
425320714
471097519
230847661
590899674
290678196
440017168
470970404
269521523
524426285
56952090
286688916
100595468
665089291
344862171
35753012
595778357
450374298
508364771
287759927
50369557
643899840
76466573
195835610
646512610
177088832
291423108
209974468
86950198
375540311
335451345
363495117
519339353
596762456
588569411
97146469
644518672
90591337
349775188
392187156
199517006
399664412
463852771
145616570
459313210
0
84279490
430694938
310720297
281867509
225010519
261214365
398615495
424534801
574473854
201298722
411548205
450486114
124041034
362088893
495653620
283803810
488580389
191070514
265441329
142613247
250351337
296756672
91878683
191688925
518700157
458276021
382093292
0
0
222407996
295934692
333474623
602523642
357043218
177116170
299619414
579633590
376058436
656333443
39964743
106444028
20989074
127902005
657340820
35559070
579848668
0
468434142
436105059
472772136
557358260
0
631058106
513626288
450130004
592150119
380818446
11269789
0
229807317
321334477
62225153
68160505
585247956
368978244
586376856
411119074
2638108
511693030
0
269829004
566745017
109887567
555379669
392064587
299610419
208396604
472699888
87132675
131334822
238749963
276783966
340560996
476275811
84386071
47544094
85778907
320588364
98979174
463018991
640442989
334007033
233964980
108988768
347099630
659506804
524219615
607285361
174089742
339499019
319741771
27626521
120771663
195598972
566835257
525595266
107097437
257764656
360355889
636394943
487036260
229887813
200730153
577461782
308006353
508103845
506829195
270102511
81576420
450275662
234842384
315879134
593216822
283602833
284868505
607963679
404908214
420279904
480321733
286280274
265785432
44226191
649407241
465083328
432627094
330942815
172498609
663670568
390106219
153365158
655486966
524783699
394391307
650788858
585850582
512487614
544261418
12944858
123858863
430449607
399680807
266705149
665027733
73549583
622131298
439823007
197734288
652964236
173923331
9566405
390984279
542100796
508506567
0
500667548
159277133
75902390
553417999
243845924
152040289
640615694
403533858
407352579
11241159
63634134
85244346
486361936
207837744
387683962
105785823
196794001
264445138
13851182
585822309
170592039
339874928
276112047
426609991
106922070
50791986
354047088
519728496
146985907
117000367
506838794
575548380
287594101
137799317
344780802
500331850
288403117
572381282
181631670
371009963
289939497
601802694
334922264
296754941
76283950
366181621
555339529
359413343
586328540
529616753
519578784
625544227
637528983
273663824
198117348
131994152
144118659
397477883
195839833
365457959
150181298
230141779
176204585
617631177
600858304
303702443
0
367153772
250229987
378157083
626248455
588535207
63288041
638833452
216783568
637417819
375826845
229596124
403772607
44037797
20462968
515089007
503314271
223801003
157987082
380592100
107154481
316478830
246941941
537209195
599856991
497015886
120299573
603294344
183981956
35215182
292431771
401197884
133037336
504837292
377845522
577539269
586693280
470100910
240857151
307480762
15681418
0
42071171
655166094
448463329
580391827
224778882
448300914
582737022
120197936
278053775
335393577
19285503
93641586
195462305
331747039
3560360
165468376
64593013
27752200
362271819
547660577
394206676
366338823
187849391
592273738
114043958
48483263
553763867
486405919
442088070
467298267
228383892
29059868
481834934
593514423
58321674
622160025
188567191
154084429
162013300
296026348
270354927
0
427086064
71000074
475822658
0
355548684
237677211
307621930
264215798
402569230
518540602
321738657
490096287
60112651
0
413407754
102410429
291985874
121746564
580665807
264235954
147767505
602541878
356713389
11746256
461969443
123925441
4142664
309518060
127633359
603058931
0
346483128
293608769
537403597
379946914
0
314510991
618115870
619859925
233006134
354388529
517697680
182888969
357605196
407650519
642502978
126919178
22060207
208798224
0
79150338
294592466
491564085
351551894
75155073
204974773
149185835
3492754
187892415
88312421
79636099
615834207
658583877
522218598
269110458
553870948
510420562
322170615
418861287
403719920
248056955
630000858
223614259
635638630
660615853
179430512
629304750
469236926
507352522
456613825
277830963
436690447
341638029
0
94905645
256782203
278108631
241224862
423571491
174009555
179293186
216367389
591934386
261137843
216922583
617067441
541306131
67102343
629923644
311203426
438655079
401707784
233975262
318278251
454381075
435147765
488117718
249753322
289194033
16248605
0
201667328
465513869
105296800
560149322
104311741
421833083
0
535465543
310054244
603876305
0
20398249
516007447
636970065
199182889
247511551
61127438
152731098
227409189
296232350
270089815
220913014
257337969
133811722
361020197
89521633
553764672
514717674
79221113
357087823
509380884
537250450
590179006
313291971
347460180
246562526
22658454
413367931
488602652
351130013
302778411
191826488
581411059
580626723
561698488
65592819
635303507
474617893
227335317
276992987
631780671
71806552
184644548
334181246
147498996
370480976
7738589
235255050
552941861
644484150
350191667
138497304
560912726
0
624790945
7475026
16298926
459302650
6203618
548122559
573862071
125795143
135543694
296795446
421323540
265539412
303085123
572229982
445308279
192164798
61402308
50359736
635480521
496057596
84780749
196358395
189580773
651566891
78450577
142434292
220309960
286166699
571450719
647099432
496250508
165913859
651101851
133730765
138537198
0
436229754
527410903
142357101
141999574
634051261
356209383
647383022
315722779
594269780
134462640
358825374
635049674
530505536
216133701
222378922
417981075
528332897
165832766
375084452
195192197
68002478
352262631
100541022
664414185
495652917
450450385
288466944
339587756
280142209
656442073
0
74742865
286324688
125043717
213078137
249116819
182273573
443486716
0
32756299
593914021
307607066
190501238
178200380
299045922
410386300
605882561
513002727
64124262
415186242
219118922
6690145
470092441
653582570
206910665
528706119
181137867
623173767
512962635
433275533
423028372
372679402
327137
372463509
562081294
444961672
199941223
363349727
513616300
253566821
338261091
82896446
282434863
93204646
483788722
518859770
254973800
591009386
340875970
270695115
626535048
193021431
0
487671131
438516037
558718839
659462138
361622057
42028373
633929482
446706993
586235092
251856917
598594491
380090317
286483201
238584453
374698621
205687808
320434855
537732492
278196876
326766265
45751293
473077846
247932022
113107308
408954103
594585668
537939519
337912432
300107852
600559986
417516486
533311464
51788528
8779287
147171813
500908525
544222047
233906508
81222817
381074443
303310464
544198828
119615856
559437658
261970507
387887148
140103798
126925809
301405704
318720972
0
250611993
641495980
170011218
211675321
292769348
79666493
157611111
260268474
50805653
104328486
478077949
655890595
631518039
447945982
600152774
262696467
262171653
411299788
520472713
373765489
133162756
547149270
395118705
337812528
282421124
499589687
270150647
47248848
632191114
0
160020488
454967747
203621519
315869735
232077387
260064477
0
567284347
81630120
573940425
400778874
254468170
65617414
312046641
187565640
183911051
376132575
183174479
118776037
363633528
130120100
410975835
434851572
280713341
406573308
113305852
273958031
348914229
256670632
58850228
487939340
485365099
88491629
143641353
646704452
574214501
382583461
149084082
235490650
661100924
192567459
489641893
496049189
653991362
616366100
530436967
56407190
184131395
147895859
613706872
281420718
152446684
241815343
542747259
65752297
302967360
634317131
138554679
630163391
581306559
54072128
591152607
539732941
499957102
97093764
275267150
276653878
156387296
474056846
0
334091592
357884365
341165533
558459751
354428925
608677225
664314283
442569411
250619344
0
325025890
509441221
201729163
449198657
140672961
204388101
347448421
181517529
356347916
370409197
311869963
534008483
408906166
348848003
132944100
434750721
240272495
343429883
658186134
149489011
253796344
556985518
581067871
244152112
38382845
83560429
424123389
414485602
620668079
97107734
457660848
193638467
460006941
49363705
238949847
469590024
334395291
285732062
306259142
262051146
265211377
195507628
352780348
208405442
257514071
562035814
576877548
267035678
575268429
568906198
600340708
278640331
0
392639342
165461923
166741121
658929797
86832638
64522858
196463096
623738582
303452568
557726453
318407199
123709893
544325522
623966821
662983523
81298560
4189790
469224281
100895576
250640914
446515473
565719034
495125430
382639865
455047294
489604562
51253061
464578782
615691761
52415144
547976515
654004581
632019971
191850622
630572675
275930879
519934233
448369199
25858540
17878508
174342214
438723818
172530365
410488473
451999076
485920669
206990076
72548496
66601204
380512707
538689778
381408420
30506160
594107131
441245913
353597685
131747527
155751903
194685911
164943876
276359366
561412976
603092160
0
540289976
307143498
287163867
161132214
505763227
362740046
219690475
67332845
0
164296114
436287378
341996161
581016750
663303178
35110861
420349974
339744738
347168499
461366149
138030271
609806686
9108503
595371948
144285973
595926021
643680525
423085949
36379503
509512809
227476285
659735772
505940557
78734330
536220824
182883897
137940819
218388938
471037586
245665676
249556936
275412267
432086347
88665152
276228660
325761354
141966544
430115657
57507562
339506160
580105058
566447209
553303738
120114076
476463457
273737280
606861008
297353522
620175871
234367126
299876274
76173715
360581674
61026611
147041010
193474726
223214658
609319551
303566047
225404797
392699858
489551748
272128735
392643255
0
640200585
459878349
288619809
299114969
177933752
206503689
484895336
142232516
570550834
320152464
145874169
207149036
416072381
183942481
0
625576413
404275822
165588803
441861659
640024771
384230253
626902907
233080004
654525267
364292777
522638234
96082301
647725642
279401371
397480633
487035451
114156911
253693074
407969430
270197006
594942732
412130727
456884609
282315519
354338804
429801540
629788904
216652969
546885314
592603465
174889280
514283268
515361268
0
564030242
392263266
159750740
513013404
497768503
0
174195083
649467372
457423569
192704628
134777997
524750244
666196249
53003581
217373307
83041524
566522743
60895245
35155789
555741172
391924702
335522662
0
583924281
659341277
434916642
78937431
165612010
562567490
377331151
162273101
19109454
48010867
455383107
78206807
282815218
525264577
413773035
644316713
536762181
196008873
21919236
613873304
495836847
592242040
536842785
0
446178102
267465419
444646910
134189068
423161789
43007700
142956523
478043836
393988978
648939809
203933281
491925396
323982081
297969707
420688061
582950968
182559464
315524141
536671450
326182728
568284713
462946166
38128717
227493444
488594444
268099650
9069635
408535395
365146012
44620422
501051535
415125138
345276798
662017772
101137901
135882242
356167086
386692060
312701748
597072756
659066756
566217973
336035632
360323096
404384028
573026481
335326404
218175923
336635885
170451639
10217161
7768892
539863291
0
464675280
434436498
347212040
256614851
0
0
510052962
45740088
593554029
89373046
632901677
279097467
498257715
49578729
589884522
430681005
631452973
296674359
245090333
390071862
312572421
410937532
130561259
253635090
478684000
322954866
438005704
302490574
528531648
77491436
192869928
418745861
419965741
255752948
56865133
183953597
283625349
600605743
195557597
646672794
191216020
132905197
127480561
278085739
333652508
187972207
0
402754343
612978275
383339253
59081429
248997726
281349419
0
534232884
281839150
548059387
562534958
592266211
40511612
386824902
438361676
623868974
195994575
488940933
397324973
391581969
381379959
99340528
412935916
590708501
310572902
513712547
545110194
386604536
552591883
378202876
574077639
264827331
663066770
552183255
511413459
102728219
402035765
379314436
369064096
636724807
169919595
42671114
240969463
0
58678520
270127107
530666674
0
0
6837881
540984816
191624789
294441718
449891546
243989799
344965353
296753955
201795985
378716080
361310088
514646318
246376510
237520365
141528933
0
451120265
390645998
543653614
154175788
496260557
314437579
116903806
169030768
346486536
577543130
553265886
0
623558244
501035320
122077209
493643504
478610410
469455622
541507499
573434592
200918376
515110060
194487124
336498208
343757391
536403911
365351243
320265314
501078730
494221761
346490210
157424205
572045092
262110152
221816569
554078052
0
470589269
540566381
599726639
86383738
346878702
406391885
550119352
262921999
625740712
613349063
177685447
391174231
481647868
608159141
418510653
469776008
598184368
634208321
406846533
138795052
202382519
168934732
560225165
105761509
620960314
624879024
13596352
294915446
88861857
418231848
503362879
65358489
479611313
580309
516600059
0
0
640029266
75387574
361904239
619912635
409793797
292603273
483779151
313551720
355497434
449815524
378149467
360865819
58732314
0
461207643
157294021
625612373
496616467
176900056
217656291
386402856
165083744
218927144
12123430
180238538
536292889
563793235
585436212
18399674
442109655
12675570
316394063
213976444
134050263
523977212
524004597
489596263
637293483
587425892
504905810
63787219
323024225
368317001
351074069
632591017
113772417
327243924
376829090
525170467
661265085
518419639
299189707
85427023
0
508379999
597033307
81318166
191794503
383294214
104646231
23694634
221576375
653795505
508632673
69434699
106544704
568381108
439765332
271478662
317126302
121064485
545205068
500148680
286884675
396320358
345081509
603813454
289093391
616612056
455918370
455689189
547279180
298788274
184709491
505311772
80633261
537469489
94526626
379401707
464534618
382629505
252454977
501046039
351451083
133547545
290222074
364550968
0
648348223
184932356
62976942
84808874
507845012
46802872
457801310
107902615
249083689
235044491
414408098
189793039
12886297
584375236
619881658
648283476
132962079
72293155
52279461
188108845
576242000
399003165
662973860
52377877
461300243
486303927
82611484
219701178
377939433
363911969
65651758
364180342
309095895
0
384916161
274889551
379289007
649692217
352568127
373055262
126745758
500781139
57767681
418337562
608406279
174231567
215119577
612313827
651786630
546454914
613114971
237660909
631998282
600904074
169125067
81557095
134159957
375969079
211246032
314030484
5664457
291338132
621384784
428015369
219260427
634295260
420814402
55841736
325908150
37940095
24030818
0
529923824
376680125
483661713
406484051
52769052
132769670
141742956
178374318
359579210
426365674
502268953
56913711
341120388
0
335771873
306064558
486751958
488049724
364409816
457830164
381609407
19404316
214607982
63527569
528355728
205416129
629736006
528019520
355733920
312969829
165693741
84784079
257054230
193322039
8876375
19133703
616128184
617329020
0
340281306
581922727
493877933
666101891
104539681
410215779
227296698
104377684
531424119
291183364
432432432
543068378
113556327
15321250
460918291
223135931
458463749
120600132
602448953
4130424
627390824
638554484
373542674
395408929
144720487
446930172
591609469
385012535
347868280
278664038
245982148
452894197
19326804
633098262
117471394
658248826
558621433
354022964
590729763
121169952
435709697
146274612
191466671
149099535
65560982
372022644
440386671
629996923
0
653895438
398231895
72971716
502760604
461350269
327395885
203269096
540622353
180847744
511832375
91475513
169879723
575100317
546175353
519693302
247667810
50176601
215355736
180919827
285100549
575364470
60093274
484215040
534319462
323122195
620501974
188781769
498438665
152633942
628311638
95547382
458166904
641688971
549595598
420886001
0
363670321
263571077
194700449
316449983
472410782
467592126
117078806
393680674
186180110
651392237
6336953
477219781
210188975
88246132
233368952
86042771
320434403
332596331
113528611
418687565
482205496
138504628
337987797
276677646
190373782
18414700
371913589
75546434
409038290
322677371
33282027
326599727
441062130
451845396
168101302
125210510
336329197
268882324
124341427
66202601
132479452
634647660
0
495742750
89966520
19773589
392330346
151024101
417739316
489561937
93322653
493088001
317499971
266975592
151470131
25819707
0
300874847
578647094
284726710
281018739
342860947
175983529
0
316035817
221567766
371966952
119972993
593423050
143147153
613416003
248723220
622349569
436732539
42719950
561179315
137876319
395484422
48720026
403800435
220062686
69309194
163785706
437576463
418702904
194878808
494292918
325348191
171128698
653991965
36267425
0
318700552
30939557
300121202
369144021
392400373
614970866
112433512
274847015
184205972
441048541
630131114
630253793
340819293
437877142
95021977
130265799
340704957
249666899
144845601
547507090
427334952
518563018
58112742
189355340
501570016
643238078
79491879
245461948
313682506
384795682
537276757
493976323
397143043
201801021
417292245
141559141
90453477
215560216
404375558
247335420
65395482
296223288
621615601
306015889
406640827
526082128
368418450
643889827
628314798
617199344
245938907
118131527
201517074
51521843
138325239
226726295
408599445
429217513
115343028
8505739
616791162
237611402
144937341
176346416
350022355
158167224
529230620
145784689
36129994
653776039
180752452
647851049
425411018
64577726
604723602
140340697
365269284
94660698
456630268
203503509
323898483
126560974
428259663
106931692
633670690
520357920
125417476
190657668
643791574
459114577
54849546
312261985
471571614
554243973
64822478
622184294
337573737
624153318
604619459
574704391
274081961
18664432
351168385
616832323
492417019
307523408
363793430
359834512
23975404
525056540
294147883
502279537
384029646
351483093
653406770
475964498
254671764
183592658
189269783
103613493
297080579
464630652
487521770
169674315
302937367
90489567
230642068
212359130
459806061
662023681
202143870
256919952
435085348
525264368
91993207
269123110
55262818
555311402
358369974
68873816
332015008
225301882
37004870
472202438
413717539
449524346
125106654
602499128
225364263
264978729
370328508
312745055
658891238
437225198
550033107
517987228
492326122
542696837
634393038
403476735
643956953
548986247
285050750
661956123
139747709
51743362
305303739
165038358
620797890
27805093
373590706
401183318
345685990
408664484
521664220
89677175
583650711
562661544
117293276
477298760
332054874
181451693
643147893
175147409
48126842
327832150
310380276
11849781
48903978
442665438
144681962
656463950
570926938
464514341
377892599
484159850
200734027
186578092
236748375
336811475
510864855
271377325
608638051
180364994
0
493219004
46176992
146582183
285045580
258972826
447383155
632782717
331204042
538042175
271642930
191564810
384467717
132406523
615959793
42354067
361682065
175645001
455132085
250646727
446039644
212020577
289596319
403655562
77568705
128072930
247113387
269017828
328388262
187340713
398757619
266825986
266443270
390433117
514001586
75185872
485377626
35261181
222027973
0
376850394
206637418
166456831
405297275
576694761
191121750
280611001
227503979
410536754
393861863
143545562
19625188
6666830
55032237
31296420
168116938
334723358
86594891
308486100
562427805
442924017
235345393
134311632
292018468
354783755
9775405
132718779
197515925
486640286
327284770
253651932
631451016
433305788
384510707
370786135
475594895
646680338
470665539
275064084
95952802
0
140094203
611614755
438713042
356663538
324747219
16904022
227412615
376031749
49739744
226029734
82841887
250164026
297141667
309484537
167865401
633676446
101625480
536453045
553227519
84432764
253695147
551985639
619572083
61388461
404558847
545107126
557384073
43309332
244543843
335256693
570772318
308960946
556004097
301649279
83274598
493752054
625700341
290964518
24361988
291962392
558495330
447696634
356212181
308163328
153882300
97029654
235976596
284635697
162225178
434030467
632701436
111865497
196898973
386574504
0
432264264
322500622
38656037
558158199
409701865
265010772
512334169
333149984
83867424
483748780
277506840
356761578
404957009
507044189
4916411
326897124
41238739
103521645
664145669
0
296519545
527125005
194369851
168260718
284613587
77146941
498645647
130848640
277900578
549992425
601998531
400001982
137828721
281212077
125852486
0
218314392
581723104
404998288
653320321
645625277
285244729
487475365
634594172
291638285
511989710
520423188
599410394
392336398
440831292
32794808
615982628
131959203
523746627
387952430
86502830
80738261
419273128
124015508
518575874
658729807
129536422
567632946
215035365
242634225
443600681
380143592
149158131
305414199
266649031
236740958
458134027
434034621
599940572
99311867
335969892
338484704
55530844
585970647
7477363
337245938
321665088
523755435
0
657919662
177192892
567788967
41762858
252913869
273772487
292954357
160100077
0
184767931
111620524
662819915
1829027
55731412
394236519
174047864
372146091
666256850
421393871
47130773
224961776
651458799
123420903
241857590
279643544
508915463
195443991
618023943
594633876
520340627
318581516
587821277
122440823
563759704
165828086
350326888
149923706
107140316
172695622
83727671
123269547
645242992
192520313
367493343
496848772
214824967
66331094
271600293
474812729
304375496
468648211
477850853
448062604
42805299
210553955
278213288
184710158
162703715
490712925
122936474
131546587
34102737
0
0
322357601
373272045
274664511
400571502
278990339
97707905
201780466
112956980
187214526
543844731
266174724
571474677
241224960
157370355
49704071
380173181
251285298
426342199
470054315
512478764
426506161
382281576
20065863
322483006
185901981
238257075
366221258
442022009
269237008
297792630
312715140
638055800
440421363
139936165
0
405359027
617470635
654519024
204980269
473309852
664828722
122715633
223950380
496812351
497092371
486653281
633698957
656560559
421223823
460646106
179501025
263250355
253838249
503110076
50598153
272696679
326980305
444649898
172908108
307325937
24429323
259362904
245192997
360258603
154876211
111957336
412085011
605544079
46457235
530931126
113626545
480951576
215407410
256563193
10084838
218575966
602716785
497870290
646170889
242491833
127956007
82105017
485807786
162020423
0
0
384065682
452530704
584210266
291896394
453640587
86692862
33886763
120170291
383880898
229508217
316027694
476821051
0
574454881
346264335
140707541
494570457
407272962
346658383
44394422
0
494973241
275538965
27564470
302669933
593835445
198963268
579785145
261259390
147894469
596347890
536240018
488715843
604888963
200900135
165266300
305052025
41519947
253244732
507945724
185604743
257753954
496762412
395090299
256275089
504429328
514815482
593025755
461291686
563048080
241216061
391355693
19550938
197433737
250013525
361568768
0
464460611
268528420
452845996
562691473
86874471
0
315372716
376527612
439293999
159496336
545500007
420867986
415457857
630273649
276443272
108580590
557642740
240877216
383926035
157372902
409547490
273496749
582175330
539010761
172175342
92852175
316980353
254659280
528415600
419647789
29411208
443447257
609829039
99391546
179340968
3536451
525184063
567317988
620084191
645614615
37181283
284848145
534311065
196850852
608539145
631889047
52481309
471984037
206540532
395372072
165219584
411976814
66859073
32564991
566395711
467100388
319334880
101479581
523688329
594541867
493512416
288309742
287148943
108379576
315071570
541392044
407410019
536288675
163866763
401521397
493877587
0
310614201
258387362
385564956
395467412
597331700
44464988
321263475
233736760
452800271
381670241
634116922
206416582
32544430
530885898
637776783
299410550
534337230
545030002
358072784
203889600
123439425
401054506
495872629
437355841
322698029
188758595
664360350
474730641
363133192
129620254
203979807
606436329
654642815
348106
561140733
197986713
185241167
14466060
332154999
0
548734769
449045428
352850963
27232536
321898793
361432858
86341231
468684066
460012985
124712481
0
89845157
652155253
0
97686262
12510568
569086406
203420611
434078003
97621323
480124283
357956428
259899770
153379797
135002421
209912207
488160048
477823163
545863219
241078796
553828393
149586800
258068948
373220809
438238439
102192576
589456729
285099345
611956042
609004215
178184795
482068256
620004460
169604509
71995316
85983756
607520478
557063380
222897739
422901956
69419325
236601775
666601611
541384512
557236381
408256248
583683552
0
581038927
13544315
430084947
436684330
612770343
224146159
641699223
436005838
213204268
616940017
460759544
159335352
351082958
593465167
637506542
648169135
273473182
411443735
93219657
466913073
648401273
0
579164873
99972202
605591376
536701950
347307063
621563351
165888624
227900727
580978606
226074409
137665639
600749333
373552843
358172631
185441774
414648445
313527167
3468189
2403646
399734501
43423829
114188040
297682938
462721397
653111736
385678898
543704157
65779378
194816507
337566255
451241529
485141085
419183132
112121290
45498179
523521795
490673877
128642510
346228179
103023365
111838741
493053401
500451129
299608551
529933034
559336418
218928494
463923539
411930960
311137618
245378765
212093237
335408275
498683156
370823309
295884407
77645011
104957174
82204969
116029300
472036076
280383344
315411670
553832369
260193146
420337661
151799770
452233257
163575007
572470366
567113335
580060220
371147241
125138771
107848911
450182500
359999115
358913684
151515428
290836859
131330792
575882337
136421207
360948015
524495473
558851607
90107188
492279861
406923356
478079497
99294967
512814479
639700006
238003411
542543347
474673430
297219061
509489986
139157918
36806744
192781809
76479302
549494434
446891075
36625930
632765541
647034557
180077980
195499452
606293693
82796312
415726841
474951227
454320223
440485964
54786992
93911448
24120736
516813139
271910949
490920825
0
19280484
399985400
84894432
0
425780626
177184205
416645117
273539769
416614790
358085721
623473515
624912643
216972828
272350931
461259364
192399485
264452446
297979778
174146137
187155289
570638851
614405415
196625216
593734519
188203364
585114133
518341468
204675664
448737156
509867183
222085235
583689602
68547253
102141852
531973700
0
577435406
268673796
519503319
189549869
367105986
83113337
328318719
443305700
78089364
115101398
507093183
436173650
333847645
313346216
341666664
443552547
492669112
177981487
252239708
407804407
58388915
457600493
336910362
536885486
614804921
318810393
199523202
638403991
289978481
438121420
200769064
565694055
38069884
251276834
48195649
589522367
188210768
140732748
262101797
614922242
181942108
511779653
444913819
212724855
559348924
155069689
117257144
185600392
175964423
643935647
297265580
383813278
535466961
0
389430923
136320862
49249269
295956038
192243579
4872148
0
636326202
109864719
399201534
86569643
411133573
295599104
406984998
237443672
380928538
467152658
362542764
246295246
620349744
157124937
416011354
440890816
59768838
470921901
583099385
427700180
104277601
533530752
135210742
25722050
400151134
334470036
69162067
525736420
658522802
614629096
612721700
155759134
525440330
569859446
121326383
279458848
339035942
432417514
451892627
358691529
524890528
178231935
252606117
210931212
660360195
620171606
220624386
239502643
0
483182666
22029605
276734308
451981100
367016474
135355709
455920134
527984392
614474571
418952075
210836327
0
307027183
14245523
263762209
291229176
545319156
23205154
0
176475119
358646234
82971570
293087851
119704655
42713460
180938800
394393727
415062876
151709500
179559123
209557402
389203114
587047905
7336712
428301889
470796906
329566797
398547928
533985180
394769748
0
248601070
295250303
482352365
439100007
394157221
189434053
22798613
269346403
125582602
54822046
526678749
30160963
135502920
117419309
33234538
387514076
348863873
580470096
92898426
135538691
128400854
473242056
83102271
0
245991966
123778659
338206174
198928014
243529697
26163079
398092870
968761
571758588
286541783
627228389
133002645
547293068
406064817
294927724
0
320504143
406295118
566055310
615068242
580720626
536538487
528953915
205339308
322344387
161407720
652648266
0
491529857
291710322
489398162
0
0
223644061
583808681
203890244
464407758
452441906
143648123
158752273
497127693
34133482
297296402
438995253
488161331
0
0
312492448
281214412
376401333
544769078
123130609
126010632
465281861
380896130
397628961
261106203
324000130
545153318
494627984
338347136
52474676
631876922
592911469
509489972
522696895
257175084
352161000
519764095
163686967
356354825
530465919
176740667
153448907
411498843
238369725
146909626
570387758
618991190
65640445
183548755
563491147
535386831
339086529
481905874
651257850
95291169
398287125
500851458
305469945
96407076
251385539
473778932
562080420
556414592
534458424
176092055
578028667
196346450
660878302
158291275
168250424
513861844
501935916
0
494271765
510420197
175374411
264937286
410835811
520846164
285068109
439469033
561423705
365669536
122350081
246527549
262239225
601016566
182667027
191678781
89469615
40474200
0
641199752
366379114
370970646
256498176
196097233
559278325
0
497381005
38025996
503890969
14462066
41831625
229258181
471612840
302490172
40761965
329575738
584053699
260657119
233416113
487135970
345782445
46619984
629682181
138034967
490152174
79157232
436231586
411051182
456505740
276591357
405217944
246996340
146156315
314090166
148773338
496374873
579717393
349753026
125106585
494405711
27829685
471626629
197723353
553881014
286574802
383411458
514280057
600661115
218727979
311027203
314124943
290472485
322602325
500681814
201436382
440139366
225790812
398844899
165913897
402503126
490371009
90789468
284240497
538817296
46167625
244445306
434280957
212462277
404391396
666491752
454525547
581198944
383884402
284832785
247865027
36935360
292912833
589397763
69912463
434212133
283985672
606657814
540352292
513656078
140243335
174094818
450037008
125295415
403574914
122042012
513337381
186364430
316550977
390177430
532251392
406812255
163969040
294065347
420810925
104854852
38042502
429719086
186530543
484786295
112114662
12444782
359591335
218839083
482240797
196239297
509260428
540254606
233996951
659844453
72293185
587565363
438959856
282845647
363260380
615204002
240707270
590970266
648894919
581403305
454930649
318607541
608200774
99838409
481094141
665737195
167868337
557055643
297338468
501798968
663207848
543193002
193981390
559908118
314490241
378815573
42860720
83573160
157693164
511055788
180469934
628107414
21004646
367566954
614186505
0
332582733
68750809
532481080
559201380
132552657
75666449
579426618
382297748
545050278
417733899
450236515
6631849
615236562
425744667
568059391
428129709
153293558
243045508
0
43211750
615489729
420245645
413682104
559681866
362764286
564040486
18454984
470112317
601587731
467970762
299190092
537063571
314073267
168132706
0
459733900
0
390673231
663136183
0
283931240
364918798
298869431
277709399
78111414
556385400
263875721
585345635
364534710
632076426
216861119
476085465
233436266
48971794
400409182
619621687
229562063
563864293
94084327
613612614
444059859
197892880
347337537
521327740
659235351
278455829
427017309
337555788
448511313
146983587
166806598
376317542
449084660
173181518
190154839
56819296
302762164
468146799
422230395
180808691
346632295
592655529
435216923
319686592
557258359
239779541
287544696
461808604
656105157
288743243
158579451
247708976
664468482
288694023
631053735
324546235
584388055
478959084
485822364
402884446
176574073
120734724
316762474
80002921
0
153687984
575265325
395939020
217171468
286091107
513306544
90681049
537632021
28022902
634591057
450440459
547011669
317872767
120015042
289545633
622376576
256916613
329772019
218314266
284898725
253309124
185216748
541429821
357667126
315695249
578590927
580961694
205163308
628997056
59070617
512683876
225085681
388546314
291825747
498498986
88505303
108736726
47975358
279705241
335456398
613938072
411498832
612188030
438305024
134294540
424061250
558724381
21236969
51552102
475787934
390527467
110499917
587969333
219223701
391610222
619911252
572408160
212640751
593768176
177142838
0
167165852
0
542227203
100795198
543588587
133983946
72564727
507661943
558297501
270290836
403633314
336254182
4227211
563806584
249212022
290338393
620498638
139097605
63384129
509255320
533912299
230985800
219053872
175783124
327105961
383215802
151323555
319817845
589520845
625325986
494578389
412482658
68367336
315820816
664019237
297476406
632735587
190511892
118828249
1149607
552986633
561553224
452771033
254521877
665117657
110070655
263231385
664180248
535596292
649543985
522605204
112866698
66915335
207891147
484880950
420977926
116771368
630378627
251095111
167470879
293463628
275218633
240200659
27503765
550731144
414908154
54336213
371991023
491220064
188736452
528408925
290052692
506121979
391593547
144632656
519937051
371428086
554723342
145692494
481443424
140592598
407875916
330556755
0
367431660
19888121
643826800
398946316
655931096
47886459
409637085
322983608
234376028
137451228
533495291
40423022
0
378063432
562960876
452986121
213324402
536274189
407519218
133043463
60711394
212921157
387962891
495210688
271250828
638238459
332086506
6132774
183962397
638837122
285796019
105287658
361712406
36806197
420250603
102161506
229429168
503978418
131776870
617775853
470973604
326007494
181497400
443876909
466841309
547353886
391210767
574607771
95316684
294078260
432052479
143216153
417599718
637454388
618158626
310744561
507810524
301286916
307979457
8215064
531753913
420064264
84300360
309600074
124251997
192498453
120341182
56701517
651880003
226011413
0
294559917
568587640
462177234
577505509
290388741
265751443
482838529
642277917
520843797
434821568
521451698
524045741
526672053
586071447
185387388
556313687
237513104
623626123
215622886
138674147
314192500
183902810
342025857
105889617
172161575
312222517
141841513
172231495
434838996
274751029
262701803
176631876
364068037
307916258
476750279
471668294
488962609
291263807
517280850
450721051
254405862
88980423
41682867
16018192
29933135
129350449
544119559
645013765
118458025
339264107
295502400
474173648
368301233
655141428
593990545
59566589
496031483
13308939
264946897
524786605
286494362
569032977
337821333
217665169
138005395
581630764
659969873
455510186
536217411
442803814
227860266
140033836
177778507
318035803
591999759
505751101
474416130
491199803
277680324
119166629
158278875
479756429
580722451
238203738
572151235
0
476737608
341353643
328316212
448997220
98296073
381375780
163193473
267736202
634607898
411487401
360091966
372277786
275145944
599534038
618789489
513797970
334827932
438596196
215552582
637656656
459535151
10772655
612927730
84290028
216872971
420993733
336785009
603043171
421275382
534429695
402695096
610925228
314238986
183970813
276310876
162511358
626064870
648108423
62629820
67429262
112262659
153348466
114542462
165076180
217123696
298350289
315061912
476313308
614137127
338985994
76781140
585496879
288881459
475176435
295401411
105360060
465830929
204383621
0
666302058
303165569
61927220
267651475
415200537
663132149
425904207
181869522
586592513
126465602
39115568
144870666
214412723
57164764
153503808
399725775
278322192
458112152
500750391
176202453
116177414
510190355
146165118
305540837
348864711
151025536
134451555
251227611
192267011
644432912
290764614
571985159
364627611
198742117
310171308
70498271
504340630
537197321
284644081
303651848
518319787
492298320
559527536
272440662
92383027
570242473
218027221
586210046
483626562
0
333341690
394272137
146240134
53374150
107876998
295762648
179677055
405554999
349121959
327238681
178841523
309135614
415184813
234306224
170739949
314991570
474912575
589286095
593357751
641094552
365583025
0
634797437
372064661
109474518
182501219
504133998
0
366717748
529207399
242004098
461961731
658285854
48529139
221623043
121405637
303588548
26942899
500706774
450735369
254950828
490437859
113829485
328159587
485700672
488151611
629874223
145302577
45742950
100539144
34900845
285732948
323235236
546356921
371039414
242748142
344336988
0
644876514
520278985
209558844
538010645
639170711
41098265
407377728
214221359
635766283
99509536
404780454
10842394
307730910
607137026
131226643
148331510
182851464
652613138
103611763
632528956
117906118
274606535
18824675
268568727
449852975
203497702
227955753
525252585
256570979
378988764
572813008
176410858
506665627
164048395
655004045
331581511
300913724
505230971
11812865
602096457
456241029
442392336
415217055
206381497
638814907
315154903
450438461
540394106
454317945
0
161832568
465371002
221020529
385658509
569542751
0
533561996
493117163
352952484
176924116
72041164
639168791
228952213
339470509
323186339
620180893
267120392
663347488
295047620
587013253
664902517
141163595
0
142632669
202865657
148884394
554429078
642599270
52024042
472415584
659462301
610310139
0
64639534
357352928
113863676
294351191
422535150
255095593
561827980
256245923
298857421
612689743
249722127
178432058
567165129
98903501
79737592
240393476
563919573
513765059
281294987
660557139
56800790
182835681
165471943
590747964
513198620
178081347
565154677
90071524
331480550
584117277
525885581
509622545
77192985
210919594
548143442
69672620
310527711
246880470
366728116
0
512007823
635765972
77786401
306136693
303890624
149543827
518327078
37708261
571949104
398513410
364478159
561157500
349231683
604901124
332705501
463524165
136488286
399301253
245992757
290845321
143923409
660691312
456758131
349708003
9068541
62860198
183563782
627267340
40733294
277108862
57372536
138725126
209085245
294587509
25203882
627291699
50982166
183201903
164870127
215810267
183206683
244212899
648658369
137229037
236656362
285580471
226844327
490962532
112739648
584327262
91857329
387178083
221867063
561714647
282681148
148432493
100498186
480472306
523920901
468695129
530281221
498846577
559974615
399388032
330577929
231047997
647863152
142691937
452166037
82473880
207729615
0
366622785
111074601
661596487
300656332
471263500
365724458
86603456
360220897
412498970
18617028
101573791
423366278
126216227
157735328
456581814
144705501
59371612
105493381
272980857
437696102
318796289
540533280
307089197
162505012
282509409
87275239
666438633
617105228
470059811
106443808
215697830
0
325324486
263560382
140145321
336529792
438743013
657198344
627193898
663631962
213568758
481229739
630164331
20596682
99835130
3915280
0
0
219302655
98425729
66886817
402656182
541551498
434771914
541060075
583957800
231357853
634761083
245298177
27930148
222299104
0
0
309085216
349266099
400547543
434161525
120963194
534498238
631031652
367920072
556724885
640779329
0
546497227
40453948
595563342
102386478
383419853
274495886
409912778
364900833
35650850
292090925
548615327
0
97668753
531775224
49865017
504623806
28894944
292463323
544951865
119349211
249230834
597532583
85370317
189284775
178150392
176262349
515906791
501145845
11003207
334873502
337542887
542467356
638868533
379948852
195020286
563796395
113890572
486250624
21533470
581152867
544289975
384604507
100048672
625711122
611338129
352875302
134886581
265890787
175279136
619086921
658419033
452653863
325616626
557753360
500130079
340309065
510252904
647792863
387476928
48518781
175888554
180716371
367466074
89342512
471848547
92542554
0
0
223423364
487480152
384563382
475966770
561129666
203340615
434719354
653217397
71570541
193874018
315655081
233233262
40711668
436448496
109496512
189167917
51461430
317901195
585321752
411772819
655793895
312371330
441800327
0
591067689
432098692
539734645
589247643
541803749
389762052
255449342
347328202
500739635
606725253
135015136
104232613
143983810
149913574
154251956
254657614
563575418
364105880
48264373
478330472
553476987
274318792
269010682
44674479
380015569
623654810
51280822
364897202
542523239
302340819
649075111
234767103
73984440
465411541
365088911
46829187
46350087
543221263
666044174
496456171
555722114
209191552
615617367
96089093
530990533
310094939
456964669
628444515
281026173
237259843
61928224
203399372
360218204
178408918
149644314
171175639
270263401
305651268
200817989
365045944
512601714
192439247
658397310
355582696
304131405
0
597032168
226135159
485732210
49703069
190783737
45222487
528993371
444194644
549430884
618559840
166620500
420890040
103172827
103095327
634817288
321760227
56229821
319553428
282474122
369312438
500750116
562284096
364215760
471922892
30602587
72668678
617151993
172546998
422040541
244393516
520884293
0
318513982
148527923
153819590
202508460
647414947
54004188
459111176
405757375
408982650
245110028
415143218
412433578
409321941
411001845
292446159
621894564
12865273
337488081
71881128
352958941
11026286
610448448
261522966
62003750
272200306
105099794
300684990
430523557
506355979
141336593
611198370
627848882
512677157
472220169
56632404
0
112258237
86120220
560278040
533342601
351044741
69553602
589000703
440365260
304863075
268061286
2232669
418454699
151243134
219077155
302491154
533625789
526545360
373249084
234662038
469583471
326058880
266796460
30070615
647389758
276363207
146305723
0
302223985
305644662
559212745
112610196
591109334
284987069
428601434
176967998
50632056
440136431
162665219
397813575
570080497
62255685
224811179
0
0
349438623
388900765
372054279
316774293
595381598
140803636
185157052
104292074
601052180
463684650
337186542
527245284
187211708
419790603
304506365
641507008
247271709
294598469
569138151
546604737
0
388790153
373770087
627341237
127613051
305736411
272774803
51429355
312627590
151014877
432546870
162891439
413450596
572471916
0
294283315
538441521
247821656
113251936
428422712
610577529
117846253
592846143
519901099
77578092
43690676
639548023
5161327
99614048
502152625
662609033
81952088
563543067
555503438
329394779
295586388
524543083
240079564
662519506
95214409
423196783
198808186
399722491
105844329
351630071
573383228
343612594
419520838
444998764
631431075
591270054
253487515
370273311
263528219
393854168
273756708
225504568
475262315
477110134
241415248
354842150
269596873
426203658
0
0
38370152
384362099
610713341
53504690
0
281304558
41585760
620464774
582649863
118336118
531541154
647390487
315982253
221724948
173492165
353662256
14766327
641526771
498108795
174289104
106772676
373235458
186417658
205420718
69565295
0
629431795
647848254
341375303
0
485065786
349163842
225734876
392357575
434714127
567070148
226700354
644561782
598431392
193798088
349324607
180537009
303849561
350586596
283315237
558378237
140566689
585947907
8116900
632776071
241449186
115535769
642815137
625376657
251240910
68507438
593181836
361802786
401102538
0
540323884
589021811
528842443
28988496
477874441
367361066
254037821
399062829
90182340
506008681
516601822
550051648
396260124
372525502
408582730
344405138
306483289
114297108
156802316
233869980
167120964
498447199
105002354
292551173
503283879
429093104
350835752
438812333
147259000
116100997
84285947
128606478
233000231
102005356
495618297
411831539
468450860
524381573
445688840
335825572
370475392
369495695
205275963
495832589
225918246
169351872
66725718
575912529
403630046
311670723
461968836
375499414
71148501
259809653
421967652
189187141
112322416
655277117
142916169
461304571
388446764
343562289
99297362
182755250
221162249
600429586
366270081
497590010
157050976
475850083
195867037
541214256
214167439
226133249
387447162
511505617
198452031
1557266
29817321
618466102
436190532
134174669
273074090
493583892
357162149
195342755
80118393
0
432146902
459236721
0
97249979
156683182
642518653
0
205754674
289162768
447060586
573527439
152562214
225851325
0
350121640
17402048
161990636
293428888
304641545
172042441
155295008
538495758
364123407
464053193
544728094
457572527
228259351
487359199
358555153
250581138
50130318
188604454
637814378
425757539
95794614
622746297
128601663
17032899
103218919
347389067
192322528
611458441
325822460
282784797
246791405
647599624
345091925
382591432
621515599
524045741
436339432
580310801
541421386
351742597
507295581
103841431
376221907
547333348
412151764
331096875
405105817
394566476
425826368
411585773
84982741
226479433
365663509
270586667
654079621
489709828
182599364
341041943
308523395
107524973
310584530
159245537
548833241
76167045
580506298
330338226
448929086
415808081
660882451
99972125
254811587
158962368
322375405
479927845
348065632
332624881
563048111
375306326
281936685
485231537
149702388
0
236271160
201677847
456618476
293455275
444757993
278138959
575565318
76694180
354337206
5998116
16469842
0
156617033
590565112
447510416
264731865
38731266
551123213
15440809
298732422
173688666
412447745
117634674
594354106
24665920
309657682
96725329
276577748
24677730
113397214
211154210
634215959
299857538
623052277
619369283
191152844
612444727
233460584
186306145
617481421
164403371
59756550
470005221
554579874
413192164
157036017
161817471
104304787
131574011
125169571
90733610
355154727
614514337
251438815
624172832
225222177
562371509
335456398
436356288
272628587
106134675
655196818
86532388
584371751
227915667
9049767
269813736
85301211
635123082
530385420
487128729
140614910
475287547
115556584
179387743
0
25339309
221254236
90744487
649531095
297123083
349419848
62416814
486005338
269520220
660982268
335552184
473822246
208650140
109373805
367716477
363828248
43482640
617214745
425931700
279121989
206329530
155766305
159989476
491821683
143556461
72433395
464973795
650383719
9527214
75636767
263193031
267484495
488372541
623380576
385209762
207256945
448891610
662069799
294940459
312619717
503565254
502382975
330261135
571050988
313394324
650309724
469042994
421542509
80721699
494667923
405542668
37585037
289833094
118508741
331057550
70495917
92059350
0
353103800
110935303
132244389
656233208
322186991
466119683
112398385
400953250
134239154
495565794
118237603
215288836
476520545
653694278
513785439
363280018
223143610
460921320
235549946
26720162
510293864
203273982
568025143
69355998
173668383
78377880
549836199
0
525666398
611259913
654370447
371837231
0
104918580
340864933
358864703
322002298
578064750
584278985
566384357
354801029
119895306
163724879
389733359
174711733
443839500
148288689
440215138
234903639
588829825
325235536
568210429
279249033
108298796
483254393
426250321
268911159
277691647
623722622
164834706
590837557
304544292
411308789
389940955
364827236
268886825
16053055
20510370
147230648
34031263
343710364
205010901
477483700
658236076
71365656
284117855
161802631
398378667
251252713
265326583
654656911
271019984
235256845
582552139
261338965
371435465
366127120
398801217
43637701
337695494
102418111
97569124
350670846
190047914
334042953
550238447
72501677
289991377
372795043
429961047
265108943
307341001
188208673
119089482
384425833
565110226
495755770
527221402
164087615
526280881
408704514
516721469
642118437
267525745
543287301
159854063
387630128
588943846
317928550
474679446
509367654
305636289
195820674
591947445
237688526
0
648014241
185121055
1707081
619165931
92264845
600906968
399128768
82082761
299737077
451325073
53893264
116020377
297059283
164218580
422249176
255215697
58091558
145239116
207447508
222869075
396081040
0
443451891
237064927
52249653
9928343
0
481940506
610353572
627006802
583973597
594267486
608792319
0
642445180
242923658
192764125
648945627
336049728
420206189
409147805
14938478
630771174
370961997
28028546
459046030
344067381
250168619
82901086
93550198
185045385
465041426
15040536
395834000
7477101
398805046
44719106
314165333
66431820
666186636
370942608
199363047
163567350
591648099
657746120
0
569458800
349199368
210500562
118799838
404143429
211184551
321018008
426707950
562314712
398303470
665148697
184844585
205349529
385512348
628842790
632854815
307691487
499378263
196749814
626519345
317132300
375369351
226129147
616084079
331288710
546548043
235627105
236932161
411529092
349754744
406320780
621952967
558577525
218836420
487966127
388930788
664727835
333460574
131245204
0
484653909
164391371
254724254
278200577
391135991
407577194
48818449
68031129
127859976
555573574
266902044
355183007
447877936
335519095
487558123
192077784
215853988
331329682
354387681
485550496
648331993
586001161
304531207
500691816
519383947
236218920
210213224
418128782
520030775
65889323
0
493282074
584818458
620495239
375742313
364768567
584553578
308055223
298622734
387496835
599049016
61117542
355988064
649056923
442728840
345408399
312804896
301087196
324893032
349898180
485333545
245146449
505591489
306985982
441443722
170117895
313495506
361162436
267198129
66478841
169312529
535983616
292701425
515948561
430589432
395412012
457893446
181455927
151162846
32690259
342819108
16274605
191317704
327024193
611330745
93149641
443641633
120041891
565772917
305484383
368039418
657824073
449740965
271395636
237775954
40871979
289563638
263747947
418242365
595742039
0
333561081
0
315831206
156171947
188707811
62939015
381961068
42727284
421085292
557072611
455457692
529630146
523463198
519208181
236908358
504876467
327398748
0
296821099
453795169
329781794
603279077
40014908
363168440
123171967
626122701
423744419
434233516
226207942
287883419
387374150
645069204
420146570
0
43539168
195774104
618097519
167881070
187332402
393477122
387803751
284309121
424451685
445648256
567509772
271976321
411969418
215861329
216317515
605767171
84759650
13488008
369411275
255147222
103669251
474485532
269092501
74294796
0
16392038
33010521
0
663231634
612525475
568525948
508114942
500063598
70066104
100828632
542541646
123005241
316400065
551789224
638363180
362768111
45386343
112423859
130571355
65191366
39823326
499580151
74624311
618814268
73923147
503625695
184908860
161877947
619765313
45085725
345622150
490941912
63142934
306689227
56726324
245469548
551657397
441851637
250901875
135483833
505659136
282399263
214505499
150757412
267223776
337831205
37462159
198644921
173469766
650873024
448792343
582980984
304457062
401839133
47960483
540173664
499849416
419784754
10859474
501875712
362450764
47400587
563016709
90330684
499296137
320699930
299779625
262875745
114592103
118719513
154958306
467498370
74583996
97214289
52602076
477805384
345237398
456024004
663401890
60116353
287901238
150864949
31622192
369726376
336692147
316974487
23068915
472748625
192226872
485123449
608474070
310810224
292326810
97928868
663769985
635108163
0
195817199
160691500
214597204
77656516
72828318
376862002
472708583
603620252
276417545
433679628
535482178
180537370
480218869
599873874
383252735
271912938
596099925
297420731
201553948
226429829
178555991
509126388
431094047
0
484294792
70725976
298677842
55058868
331119966
324676880
288001377
576251662
554869466
51478527
401808622
218423416
25068676
335209732
475226566
595423029
547841418
134439845
149476106
60679308
634681369
297082704
636779794
261566560
5159863
453108909
403773314
196509954
429170458
343463842
57625363
203609131
548912065
493830700
288078428
390469771
434946324
558612694
579049216
0
433937187
455369041
477396983
660072574
0
524086198
91212248
160360090
572222034
29216083
89992334
587022702
84867990
538937511
463837057
293979969
499211465
443140040
274612366
49819899
118775135
340961010
92894426
472343503
2870508
537793645
210661632
0
355311393
152849176
728695
172435312
386483041
525829216
369257940
552420123
429336608
252965110
473995031
356399367
167114436
320100513
265906288
379216772
185114861
598809510
388990621
546082174
321223924
594093590
568593758
89409291
359320065
324865404
454463017
277525174
355638081
638892758
148020033
234227051
603821068
465696396
297093263
241701396
560139829
379993980
433483318
0
232929312
197000353
590835732
516222973
0
573129697
381901455
168372698
560075036
518776021
318712547
0
544966119
246987274
159757331
378374611
302552060
205519708
605281270
118227808
59558553
546509574
295046319
27053859
268884320
617115188
319912452
163734568
0
496338970
265733490
630664081
483583698
85089782
485726293
430245905
658557685
557361741
445041816
348748304
5360333
534711232
0
511606534
2783190
642729678
579166453
569703195
595847497
660703366
174552098
627754360
122487301
277685867
21679352
51976368
640573572
628943103
601032889
411146981
285772300
518534268
583737844
382534110
66551891
405323394
503560250
458941397
57055974
14486125
453146503
36552633
77440696
378231623
192724003
641784667
215007716
205807440
153611296
566350281
188582218
81683131
121213740
304449323
638284767
474633039
34778339
277933443
424095335
635091569
523768606
247935361
142439145
375173969
416991888
326144804
498496370
80132313
522203855
121504988
62563168
603853041
56826991
79698316
0
41184969
432361074
21221381
258883427
646793492
209863029
596387163
292667883
124150367
177146992
138443158
113281926
274773901
626445021
418891674
369578499
217765771
117039118
262075174
466211411
554351619
576756216
467441948
604153211
75451697
429962352
432749355
258511664
0
582577961
151098715
271890487
511278513
200301798
303723198
150119875
282957521
23845764
511958776
0
646978053
187603825
292487597
236142049
133183068
37849250
13854960
543199042
15023775
165932690
354787810
410974001
430335540
51504349
195101612
6251091
536043085
581975621
39403811
113779419
47678903
265029017
473783559
124854136
632421295
0
340465505
477225862
426278364
624597351
516945184
232573460
105138915
210855121
7945009
536613543
575438565
612677917
843628
430368848
645697819
379319930
119357733
96053406
571952387
113800540
147548908
112715867
292715906
362474059
161271627
507882208
29717432
381007659
555039595
578800410
322646180
102977508
64632093
568129514
657266430
523024643
83676820
325052329
155668399
622438243
303523532
247148697
53287550
286184555
185017348
629627273
456381270
179872370
309617454
182695165
452115477
568414769
170679953
499541361
0
428102728
548822472
500210312
599341304
400086780
252417172
262657514
258373040
195601579
142777046
367939480
577241595
128599728
563961128
112910167
133464730
540274427
339191247
552295095
370340566
621852921
660377430
0
73321240
259560585
247321288
538750147
281594208
425193901
441841778
12173922
599560504
80519532
124560322
185419715
159428753
650616294
405503255
229657268
452287829
250909040
31387436
613980363
147178400
372801469
644364229
259915082
0
0
215997295
327179083
441558832
248015043
483113532
336237774
402539668
25345369
196190079
350311389
327540014
23493066
302852836
107710878
174628906
281439824
506658627
384116244
35298088
576893933
199390330
659762443
451466055
641880100
590568129
0
103592359
152474352
232545050
362019591
173908761
522837775
311593134
321757478
128124978
85001637
666054789
392889805
0
283336095
133001941
150495509
478561816
639117451
439204144
39176141
6796948
348511901
330757197
448219850
267837212
591430416
201257658
539419916
245308538
151693758
54345602
270477896
240332505
566210650
55797136
609619263
329123257
146472415
0
553229133
362832470
160686648
155395477
174171714
613267944
609947181
262099611
417575613
640569906
172628187
276168821
410475550
650730883
525759642
470522990
46535332
653763224
189639102
207463736
359047723
405675738
53443092
0
640592909
595502860
497092429
115761077
360493215
87640530
665448366
254542946
490017655
608108566
544036188
270547450
206845654
308367217
301375125
76796312
401085214
330160678
294973561
599317149
0
15817829
142285820
11707719
44088869
272567676
359143009
384761728
84962346
517141959
26698403
228142312
299663800
33773226
341047196
168293199
470847562
0
355168065
118386377
654656484
619809894
513280641
245555904
344316638
55739439
429332225
269312801
659666224
361929394
184584623
271925260
243445465
639307307
622425555
540113838
575625469
48248802
409731997
328107865
230764672
200130645
293431408
289528644
380341710
160334839
433453272
511957602
11025732
69083650
562574912
366212537
299309322
57640265
0
186663187
103133958
475482252
594751494
139854848
557873636
40925578
328295712
96626936
540979296
244425219
7266473
136797579
319998036
581256341
290143689
288600289
45716663
205177675
331228478
529329784
572151633
524353143
178133136
232166839
0
61859702
356854794
467992473
663071652
636235758
18334946
331992248
232165492
10803954
427770783
444114729
330615610
74841965
274283663
603653209
616922397
300420911
345389682
626659272
602161770
74073840
422166383
331690595
420346577
259265940
155780317
380557782
202934455
560762257
529732519
163615511
183789210
144657056
66493482
110030933
88122536
98883322
517407829
418950109
374203383
87310156
149855567
283029184
213319592
128437315
564397703
386239433
656897345
444004623
414449404
49433224
561753910
431333024
319166913
363762508
642814641
14493286
268600733
259689862
660426742
388506167
29407078
601761016
322435583
0
574748354
428994894
421256801
285916991
485717132
45497527
438826331
398742078
446152612
586661441
187230121
402669549
374525475
0
46652763
132279294
137789200
470331530
598510658
415757450
102818692
587032511
104513717
542863276
313846807
191243913
342151022
454218923
606867376
121302026
334261271
272169367
236924821
61406201
651129794
529866493
268671028
0
456958596
146136700
543967966
593509165
506112245
22600215
438625239
101092372
526184706
311685886
666055754
170150411
267667261
472848509
583842339
55008102
107016253
0
333560165
176561877
259758660
601129773
53431748
0
502547313
21221656
353015421
612392977
477657112
579319417
270631527
118545258
543510553
543095005
490142233
586015309
400345013
84152093
68917025
514024829
300897577
185602271
48549754
211020763
154079435
29901701
211576620
78512717
361107300
344795301
222217545
527610549
589750153
603763291
372808788
643461667
43359179
75996414
165746768
584807187
552784687
637833279
413016339
592264517
518980871
327527516
572782643
212874924
40570027
451596293
4689918
114627272
286367445
300663055
280017137
38933673
515617519
398038361
234265403
383147730
82495262
473921426
45879695
663245693
402576977
583592834
425339975
553025671
311205981
633823784
486389066
604776253
0
418526012
494787780
122202380
82158871
656424470
266339590
367934463
332628883
512448901
109717083
620427819
159681557
369210899
18228684
481444774
453968813
179240986
428274187
398031011
448452409
357643338
178076474
283299516
322055235
0
80486476
390293134
647915297
491478033
244494877
387319379
298141742
439923645
312276149
86324226
149159102
611321756
485007126
0
108363705
305492222
393253475
542463458
599681800
646052911
323102475
204408334
580169156
318514828
491173716
265560403
490383720
53440928
513646089
496862383
234453694
445118209
365096045
0
460252793
621360767
331718767
167399918
458744961
121262772
401297962
348271016
465370997
559910488
430658901
629443953
396042437
87049709
0
128559141
524058883
0
114727564
401982923
237139051
305913732
168252811
274701896
473037009
657039601
63062150
22864403
483705907
567353240
14547164
0
342027186
271555059
520087322
157469111
267438394
178883626
427927422
62118378
586641883
208371743
90792957
263194993
182599419
251040998
340324591
521921104
324710095
69550027
91274861
102695475
195584542
37099673
21370053
234431328
162076519
75052843
496073239
341040909
338116062
450489891
652463558
541894640
263772424
255513492
0
84331815
393210596
111022853
598808574
282908961
110443713
557826343
560107142
533367395
497497168
125377150
436384655
462092659
245232109
57410600
607710432
232149764
93290848
509348926
206166592
193139061
161310998
77888426
158087139
571098280
514480135
618128911
546078074
562099624
478378204
550812540
267307019
557074376
90776535
292601577
474081314
285464441
638286013
420340344
489936303
664861735
38615571
472337490
632469800
462205213
206961854
549656394
108154327
579065776
426816098
600336441
657324197
55942539
315959801
610674556
267361186
261088687
628373403
528739862
583007853
0
140867471
95199768
350385559
440049780
113095928
202562563
511351170
337289463
146887602
377385282
501326484
526203329
81842373
650760210
545749180
330072291
288531417
18198805
531982447
601002134
461207424
356433380
501148604
483990310
150040014
66417448
387525
601744350
358480093
411182610
568017318
499563597
659513463
71396734
324402205
7564294
500821815
338998769
61565919
571059165
24295463
533268946
122377824
466882817
312932819
471429072
170825341
179552230
376925115
173905877
0
401100844
377239148
371635206
637343249
57628990
172988401
529743092
452655423
76816642
2928911
396853136
383749521
173272977
194120356
316219880
208391271
63776751
584513535
130081201
1132382
322474666
360444838
110468228
542960569
147593462
570849982
314771396
208873004
354565201
402514095
76447335
335309589
64061561
300697973
42478145
608131669
584940246
450907558
135245845
455075814
419431998
85505909
517920604
494137547
304587348
101371527
164296114
323988596
490778559
510616251
35628730
100488462
417130867
202921086
260610525
246607097
202464828
282475803
186834319
614879095
635426725
0
564168698
516885334
378643278
341483196
371777280
349377239
435999228
349584806
207610727
409923608
626735666
107026105
133478423
352934529
213157763
382394357
554671395
570233344
521323660
146394733
62706745
386164401
8610765
658554637
522395728
473739356
105064128
5749040
143560720
214716421
495846103
199898993
80511125
166820801
664340884
111992667
365918161
82948090
492510624
252265362
527777024
554767030
371629074
515199038
400734681
122715885
148831604
612097019
620131426
486160437
496808620
224417203
443890362
476947696
430486890
154581734
383724332
23991192
60144384
202618376
628909970
543044409
97676517
457543397
183823695
62018040
476841174
358790160
361888275
142992902
662767490
277469717
457962238
214466700
405705172
251053466
455164937
630402017
0
295981933
74648813
460830056
56698044
482963730
364949199
375648534
206987287
621919977
440105358
291922780
543552197
600930750
575618467
222193807
565751222
327748691
0
382228935
36475147
0
124409022
263473664
27051705
142128499
551200730
71950537
434348074
519580113
438919532
299638528
416624867
109197935
255634175
271949808
544000423
65050125
445632994
134766044
123938125
387580178
303995319
330563691
377227646
335337585
151579217
621268179
336038046
363899199
371281892
56075541
364393911
81827042
434469673
121345533
391083560
370454936
282375910
113694233
362095645
493358067
242648823
280037633
138114364
229187711
289196703
268213457
359224998
336042829
1563430
585378899
620894250
337358295
37393459
0
125008185
577963469
421611272
0
638657811
387842475
449310098
445240446
0
499412195
239786164
633246458
117354219
179462157
110192769
0
366439368
558790908
381752383
200248084
389835036
480746508
476310192
293942142
577056478
501239933
124346847
650155206
162480937
657987017
165828000
459394560
663485567
156841914
631094594
401811032
416728070
225619938
574748961
410985291
351362289
130649378
489459531
484287110
479876222
522611622
481644538
354084766
198980678
440163647
236420909
0
346096605
95385823
366073970
543930917
553137241
466869694
260453800
508611532
538603543
491982357
555049437
437427147
443944215
203164106
138816352
592504060
407288807
45830894
121321336
416946081
489193787
468540445
181891191
55261870
478811490
414637390
227974456
539392222
51532283
354957521
400707259
402101479
537068631
288663408
595653594
543057457
429823585
447357277
171206118
214337250
119967435
130110610
597495635
577117494
28587434
414250986
517036899
0
643652529
180844263
331941839
466829248
657597790
315545942
560268495
503415022
40817725
656512465
546499726
92214072
374848940
322953965
577252661
545380400
412767699
82879557
552268350
319736722
328853311
496654579
66577380
452099704
77398940
182990225
442129466
54138514
139188777
382006098
9303041
81765517
144083384
317691084
162013393
414952148
649101544
292587020
319916318
486424957
90318829
450781116
91683334
564858697
288957830
192718929
367808537
17522689
355618596
372367571
644971546
221943521
392502322
82284508
158938437
469038557
187197567
186049777
141400768
222089028
5628087
284847667
354418293
39119648
452312864
554979706
541976527
166627317
0
343551549
396129131
613216796
602345086
348925494
249041022
349175021
237352259
553789171
564331787
296159989
424336270
592213479
572361529
592453651
230621791
151310354
398870872
404831618
302646040
44301631
651838566
457328730
374809193
127271100
591045442
515809971
26455090
174021895
514633397
530377946
587016410
635000229
0
41437086
555419816
626320476
419053389
307531616
655284251
40779976
94550470
483368674
144114337
177450968
569688060
493320272
401105077
555922839
604209749
339865318
659425096
453331244
604086016
33443711
345320006
39784784
552374150
52548745
410518348
320960990
378987983
413172161
559900657
276962139
434360647
412675824
145932610
316364081
288922359
563449080
611795783
264130134
409062948
103488636
573736817
100667089
62560747
165958486
258359167
562451559
254471868
279086120
560531223
597950222
323914127
431192183
46244858
518086987
49529577
21674463
136207689
666195033
306024194
283236441
456893690
160624735
72605714
615409036
60647669
311414071
482626477
623660280
450506302
565952098
145258966
65012675
124605547
0
624710664
160836069
527102200
90715036
478006570
241251936
0
24870164
372729418
348629940
479526681
474691485
171449185
126648843
160215210
206094187
0
333516008
129586603
154675302
324192262
424791624
607290593
111380507
413041359
49382207
250433729
2032260
188903615
656805060
470877773
241098235
336296711
194382394
397857809
526481579
335499205
435841979
413603193
145288993
175329417
601655326
134789899
94883285
288367253
405400549
364410163
105779968
0
551606121
539288327
139490620
447284545
125755340
293223052
545654754
540671097
540258447
186272283
239042910
226133654
464678204
341826052
89069938
113238861
535046876
625725300
212039766
569326602
611723215
313921323
40355417
39442571
631214873
0
93231794
346145381
144190489
257504309
283228482
200789153
7783659
143271845
276059500
583822380
418160420
458861573
0
307860849
588610489
0
604420298
0
64429586
563004397
111628366
41514420
61048530
590362353
613667625
316893879
391488645
561520948
399221991
106761119
19419539
0
614606102
539172321
517257771
613870315
313320217
474231817
2677907
539689991
619888863
282511105
588412427
275733795
642407667
547890144
401900767
163651623
91627197
147604603
502669088
207068285
369882851
433884837
474662476
554797703
455153607
515745722
71980872
56070152
525975636
0
438188357
340181277
186814543
467356586
359384346
437552339
407876792
542946250
455139364
0
22603479
277670829
210452811
177721408
71764554
610637066
32040791
297949215
64796812
429840580
167923010
10213140
35268512
255642623
597162796
643571283
93377281
179623490
47655881
660756916
464772193
106487513
247987191
340628156
165464918
14042519
44752324
630969321
293642103
188850453
64034016
95819603
0
482814871
133062509
402669296
560854897
435908189
34078463
240120764
166756401
609799709
540711833
614178509
273281039
128533208
571171461
480566553
610853098
461522731
140898627
100792441
170368296
456843446
636501890
168331763
655933262
498575999
19815059
136297712
511367745
248462341
299594606
114663293
612806046
70453335
329702450
238819487
66028113
517490671
663608218
188326932
152404099
543634601
88428578
626960857
337756897
124713421
665666862
204785167
653905065
0
6518780
40458022
387233497
545656166
332380221
85633605
117677381
178432220
205461517
44773480
562618404
559611599
254673729
582835200
127910321
625986413
346717438
200059571
103052592
495221785
376901377
251340490
565983375
287090165
69281289
633593270
112893942
353030075
193910796
228921184
112389576
556654575
420002550
466456486
338806517
204972630
86769516
127535700
552371048
242187818
361252485
482834950
205738725
235161761
531207707
153829226
17748748
239956693
476049459
642337393
231035689
111425487
267649919
374611098
258357458
238534907
601110196
40669384
609750700
403987554
237992728
464780765
182200758
195649961
194324121
4539152
431760685
530615154
318189024
47653802
437774394
402855055
631746225
313204041
196418332
276078435
288881773
541278803
273985775
475613447
270903979
323396292
0
120078404
502993014
269466318
362380022
648341249
185205322
0
593206545
414198418
266786710
294789568
624530498
0
245794333
614828066
624481375
509083446
339596061
351335778
547422323
523973795
473641009
319940179
354828624
29803695
15243989
175843983
639012686
626962592
143217515
550048573
149059207
628034988
651262265
152879809
228698648
171471608
153510358
523314783
245731072
422684935
177789323
346442225
459224173
361546710
576965833
396055984
386974915
578422939
621892014
121405637
460619581
636473420
530460983
546210378
445433643
477805293
565280884
236955459
484329852
542322515
190306694
214262722
523225666
135414042
396418794
2957310
239747736
178470871
509601338
530070654
566879906
155527517
460036320
164540270
287258536
441278392
228277841
408637734
289073022
348583784
216243369
512471892
654720561
172764872
627682089
458898454
136340062
304448555
349597698
453297311
450781196
559113457
195440756
122803774
478602131
319186763
236926552
663095817
177182496
600164392
554055845
189182927
457258985
60215488
632376183
94990430
446146026
117820499
503226578
572199714
392964946
437148121
537855877
382368277
648889283
207576616
218590110
587410929
60412012
535903452
614899333
94909880
296367268
365373832
391526587
663975431
389975774
554188325
318521916
614938828
0
4817037
281443673
242831087
356219177
99327454
420335571
446287744
633975739
412650839
270807438
638484159
510940771
435355652
359556444
178665159
270028560
114995597
140508841
650530256
268914243
234740211
30182229
103190398
264771437
662801525
638643345
470329337
562676388
141734872
522728696
324460215
248275232
218168449
595018387
10356957
515988185
117383634
582308332
4394895
405602922
357658055
47489026
93859682
607458697
528006549
315719948
69505792
664035021
369232654
349140276
29591968
89236993
518186430
205484277
96022295
98092978
467367414
577078307
47177207
563048330
27757722
60218829
546323698
120344926
167420327
266245960
403985079
0
352590768
300861151
461048581
497176310
555774729
324860398
527079899
170495850
420229020
223369805
173044380
430557854
541667048
656064355
244538120
174099878
159725690
254453149
173042007
550428174
19985686
56919608
447123943
164965961
346323300
523683620
354864267
194655628
445721345
347802427
605317257
106249122
217021533
187014977
660282285
0
452534851
311773733
411338088
181538264
97751717
0
225004802
132086254
221301522
415813227
615574298
302969096
367000146
533861122
549878745
43742472
421359737
518075500
336280775
190202843
579082411
455616115
117108095
205403053
447955345
444011993
0
477020261
0
324979838
551138685
233414906
186717090
659131491
211472645
99294401
20374146
368740714
308560357
309831734
492198554
523342444
447152083
230700050
370832071
183662575
590546419
640628343
27645250
23526154
144791718
280092172
13989897
231412662
561493044
0
52835791
44205536
557641484
226982698
490596918
319976196
12453574
21325560
410593830
80979058
48525034
205671745
389018586
137863163
353505899
441827901
184529525
391213547
355122337
444913370
418159060
428910349
541457011
134747598
35152242
227223147
478591207
324461382
648558365
427648915
404748019
398990731
398196151
313049181
310801605
481557624
115949787
610054844
421317826
31102409
89581731
473691842
0
602924668
551386148
637409658
85218931
661303204
616478906
259676407
239871301
4415857
612273127
51987749
333606153
401639416
348972469
136407721
485178873
15687167
292381540
113413845
76809911
182998917
610095388
331093800
565468684
51378062
427560379
155605688
30617210
237172562
569936156
48278180
633315495
328155099
400458474
529896257
582219195
311773834
632427770
92875218
613919884
237433916
455100181
351279110
343452790
334955752
602546536
455265216
282670527
185511252
66254040
624566555
639051929
575787653
500764602
0
98095768
282691699
36046009
313780851
42821044
264732024
413583382
185756159
168925455
549268813
235029392
166938658
415703472
133196668
353538436
316587395
300471465
7196962
166066712
385582933
402104433
48227401
260072818
594913572
255912951
471267609
42152107
101551582
85931712
652501214
183637430
27394085
527850567
147958767
152066587
403540658
262878398
435465670
641135105
565523421
106263226
540866818
517444978
0
211831146
503384428
651157450
641652938
565354085
154860769
414451315
148432649
655300626
210502788
631271278
173220343
537833268
21271713
515146694
274823341
0
272866098
417972515
128051089
399445439
666073232
286883673
322602911
167606405
65498191
413963782
173732544
544137745
533065378
415546910
257088666
398849735
25952741
496168392
579722818
553696191
434926557
441972670
149071022
203206773
540370941
485742449
301095551
195521522
126280492
63343531
389476625
346141928
98167402
281074435
132415411
610966653
394597255
158752977
461663520
195316348
194620614
163425239
558532100
0
490771663
38113429
286681514
184099076
301440797
526760022
464930798
91168213
437337797
475710311
126639712
55866177
338430312
278245017
347357661
219885047
557761470
513062813
371043443
190571787
178989713
329472772
501377233
400634346
74769605
449307669
490409248
412772895
13400250
222035279
528016298
460901233
57681892
29086382
56621238
231283332
524454561
0
201586868
507309164
234391573
147816719
624607771
26642670
619250309
312568653
663279068
162889794
586660170
593650028
253772800
221155998
655656633
448401874
541389873
169679764
264648973
598189996
116256239
112726075
208490769
508868288
513490065
258462674
361376978
69570935
317387259
596402841
330691605
891539
290332646
133032527
506608965
103814845
584137869
637451521
289494965
99141279
623329899
326341963
255217411
356535955
411504027
492574250
220148247
437918383
323154169
229297494
470676654
0
461156451
646489047
657783128
546616906
303965808
623035749
225652083
581520139
328962690
577645793
370390215
635922640
414784172
44733037
616179579
485827828
311650606
0
182221950
0
436505178
654306517
528560890
0
336813044
539167576
641535009
537311017
62668525
332979590
191914765
585763452
195304219
526587830
216623094
533331880
356462380
72990653
387301672
561678618
176752976
527782093
0
472857939
245879249
392532911
522403929
229994705
578965075
388136137
86128861
67177119
361780388
522969631
631130475
318829881
553148584
661765075
483364453
236044793
628265888
473926452
160221445
95707570
187806132
148265981
210976173
140036471
387561386
82174340
208664320
610980221
420364791
248739186
646909171
635710391
442588592
22984747
558007391
613483616
620187933
563218230
0
114890991
175882694
99763069
584880873
268563812
388482656
584694090
243859087
16375876
157652233
263203841
196244089
402259310
349524263
654702071
537510449
265233592
662158073
87378788
292888579
0
474883031
638906731
620284211
593925478
414517645
447288303
272768857
420529173
190745781
536578507
109235821
289810198
505565456
318064333
633917769
301293233
371046719
269946821
148909007
58777667
537006864
426668639
8329522
501227469
628058562
171776393
526921106
134487847
297611682
451430578
453515881
467773871
557616013
110090173
513370469
263273945
552033284
323921471
107860749
428519018
442287758
603934803
575774715
304202854
75634089
652349007
640737296
316293433
128146235
193335165
126939672
168097675
406066268
458201580
517321576
26163079
339964069
153747219
465041619
318778043
486752434
432746575
361233446
389861474
10259997
293952790
58010326
604372667
329233275
93912433
331801456
213082367
136914577
272199180
525240922
624224995
624907024
231755965
221496357
458761399
549224145
80920214
144408759
380015034
507615339
569576116
202529147
393749262
229438396
427630873
234328081
524725485
631736454
640635165
387068662
393971430
253156803
179131226
139622987
155460155
189063821
440688409
317592826
30736330
494151964
541201512
150300549
54859934
16583189
161435895
640285552
18160784
441395444
20176562
498544492
348212077
416911560
608105755
57134919
161519926
565574396
480116735
367215116
175458246
40821875
595422270
58983102
402176811
596219368
314500135
156003653
540063080
306623590
0
4810295
549583229
517388170
37620106
609583887
290979046
381027998
429316912
404569331
397652633
585004589
281803024
311910326
54615859
137004337
498161144
431641897
620063964
212797961
406393891
362340771
433704675
401937454
40942209
221201095
82696502
602301838
387838204
357663483
422211953
173376189
555371477
586888459
89639205
660693016
100642415
492279073
392629417
529700765
251426485
248071275
230640435
358795585
207774642
262260966
180913300
230117848
421739021
406305375
300624394
527524652
605774201
0
333398530
198410854
23050708
265047568
412778018
285328598
175051290
524254253
0
595691732
209944244
415508696
449312765
183814444
145084659
191561323
583325128
488206992
598191414
548904386
223692289
273284295
153060022
305071883
502301376
556953107
618726920
305957945
252623308
329224236
546441096
464257011
395170210
424320478
224798237
596612827
657758696
531470881
57083046
131203584
348848042
469355588
570087302
529159368
621198916
0
256736481
0
446560886
17889550
652827920
74628108
176615359
0
462705390
0
303135102
400760076
626112105
293021737
359065119
92498894
664526124
114075989
499140253
416451690
73964800
448368068
134777811
0
622030936
97641221
578832499
538241814
524930237
0
14784310
575554243
0
411329668
474410583
115886889
82205433
551186519
207055591
614032686
283877903
254304834
623058141
285788065
282659085
21360631
455875296
289629542
624972074
92381512
385309937
594041711
0
233421388
475553105
563759459
404065587
48531473
326120837
607843954
616587549
393065184
12725722
616569622
0
0
509056074
0
527453622
602779229
5350253
218055323
123358750
0
543974396
82391245
174932703
228745056
536533995
531860416
0
493681135
0
244574048
628416564
389385951
254366018
649715501
370637132
224037363
200258860
467293522
472155493
157717044
654596824
183965772
22283584
527800199
339205352
589733520
590955164
590237450
552545712
538282604
381363286
126298184
394183611
482922351
605481708
153219649
497546059
279133012
155472042
507067211
259366556
531561449
224781420
48768394
164654766
456491026
423431793
362455579
662075800
42028401
516926262
540329703
6907947
579793155
75155968
498598375
193116492
415869414
446114690
152907867
304896297
427747656
163754579
223186691
147882481
639622069
289749366
329819518
139181668
600225922
199834230
53313847
91762357
131865137
462530644
190029545
584761895
355863425
0
305533053
219021716
190267524
361049872
364581418
129712724
346352395
424621917
290532393
414111844
549406167
346701587
484480665
548105339
507109237
570957330
51938830
585844059
235481147
335502463
355454226
161661700
298413018
160338018
469448600
272338804
364208558
194515465
151464247
217023722
216441763
296111923
19344847
183443902
503002930
359830989
571552148
26822363
222141818
216637023
143596805
506699975
348480642
31457885
375590979
55964334
67933899
164674580
662828815
252644281
216083614
420888934
126982488
72973605
367608917
384624589
269468244
594251876
220505211
491360267
623257701
645211517
447453843
503449264
290238289
387813206
271627049
521123504
440844742
38874623
0
532041931
398235723
526544377
314454475
554962855
444483724
0
411788642
311108401
487601623
651932485
418388623
467016095
610611545
241137484
586793790
113822528
325386160
567597401
225377603
317692303
285276827
193483152
450401226
459397033
0
646665730
448050726
23622233
486935503
56499572
129931046
322003905
588029920
261225975
516713226
342454175
383405537
46498376
114096132
162173263
595577589
98804811
297104250
10054700
10571356
286840689
194687060
400441135
632883250
603238893
572475449
156083543
616477001
573186717
572226205
276264107
612487145
83107773
312541130
547066150
540902358
516571037
2715068
232622185
356542193
167184524
88808612
57341207
277393374
265497540
420875665
453559138
414398261
101576461
398072692
485050083
611736311
427095769
103663375
290706077
574548877
215188613
410044072
535724130
109026232
455315075
229790928
470014681
533377268
220926060
663175757
109053984
56974410
637329545
628574262
577561409
327395988
566872085
347052950
435675169
640538548
207576409
158539682
435221418
32765647
114449677
396165620
467577307
487243198
657350799
385658626
300465219
460794561
399381562
254732061
623552259
531332004
547389868
141786438
335612130
354246652
26535448
513948620
135258398
279437725
388017457
237320921
638390839
0
35598253
506543831
406311726
654193141
298425796
492671291
10174145
251405415
390969361
13492951
332342460
294373574
326503575
526360241
269648523
599596999
0
492653718
293971490
342290963
341889896
598097138
122244848
56930690
474175063
261052314
413466662
115925725
576854241
490869367
456219800
335974451
499103776
84663158
183442695
507796348
482977178
128865516
354620010
191838429
2633343
130519916
610819856
462591398
416163133
0
258861381
463660565
371790080
72897907
106628553
24642765
163281545
637264880
605235786
342045106
58246700
494365949
431809809
397785197
174786699
153301380
263028014
450488138
147983714
596717168
428640925
531033032
452213940
557885969
240306556
475659376
20210451
293661699
257146769
642573753
569834381
55156466
6661985
319846771
653139358
0
289696938
441381322
489871954
29460861
341615869
457813976
240778879
624057283
503876671
173570367
478046188
635998117
585299617
369712373
505698838
66298019
85738637
235788004
100689696
592291207
230798540
630952299
134697746
425544861
582191160
522880096
616632708
304123839
496815506
282319891
544603407
204776129
57421148
245680376
484475060
406598876
214237224
570867340
53047474
319181212
282379794
139497190
325853805
166604471
591759685
111384355
642538707
98565365
144901433
510066626
227388635
24028874
90899873
0
437989308
619129893
252526011
456427036
306267691
583708468
374669887
34278609
332656204
645132912
236958397
72303218
52783179
85159883
513051126
550697716
525645275
130877370
143381932
551112639
56612715
599309671
327193360
154488752
582295398
585656437
304856999
650024180
600854810
560431800
6208558
536148423
492274417
441723171
52952584
463842968
7177445
0
612247763
0
664774866
99601964
173252745
392769200
322363765
493294606
69720207
400667463
395559249
564579325
389789773
314044693
314752658
363895206
473559894
522033585
136647646
190943705
67098347
182863546
416017372
149207540
298145165
500190119
265922152
126792123
282100725
539666442
8257048
76387925
443553504
266177260
554110030
471923531
465555834
493240656
608351485
376652312
16388935
0
33405445
119012597
0
262911270
248736352
364323932
374896920
78960634
258370526
22942979
593864348
292905095
275160860
79234583
566956258
6131888
206116725
442559371
490837700
352336081
509979583
626460451
590725643
111995694
0
339533879
472815144
447436968
0
178184009
638027717
251587381
373604824
631365500
227617555
350323026
0
521641524
328704854
318568115
211332466
255235230
518860524
138951801
46573696
98704911
630064672
286093248
297869442
127909757
493622905
28463845
158377453
384280638
395795902
158977549
457335470
365886256
101097216
218131292
446923813
467177956
271721423
442893517
370234387
0
0
111843392
188374111
658330715
655463431
195692644
81958212
436241822
241970797
260493473
137083825
252769949
353578318
95783536
150052220
436692767
231721334
608746548
616465404
554483259
665802929
69695607
466218238
191270070
141083707
195790035
56575543
14534769
382520336
579555207
546177837
179872958
465964630
289379268
655742755
323947626
637619694
392967674
106205945
318657300
507230776
332487248
474898918
233794012
98459104
621397580
95848367
637205834
649803407
414424968
376884087
0
488845626
414718588
308397347
52919982
104981319
589372740
351157679
290301069
162724094
381339665
296438748
217663481
0
452011098
365894236
111612168
308884151
461693646
576594758
536683628
360156485
289725467
486657667
491952614
487579046
483016131
198093380
22395955
117361029
325071762
334483634
625897329
372431398
322546033
380275642
26440720
382910597
261909483
601938529
472128911
168080822
554098578
581163366
505196634
383606908
302177529
393484102
103693080
350342809
360469649
519689385
468111338
25351074
286780123
226016106
331203469
379346360
104938336
256429362
521460252
361459218
530550790
531381588
580512349
532244980
182831546
240048505
451451316
222734214
332852665
458754560
616468780
0
57860487
615311416
654615823
275313427
315768024
644923504
643591697
211371694
192578844
223412229
0
585322221
357145085
441844841
307081470
154229641
495996100
601811821
332471417
582137372
332289159
585905920
607974774
569430600
97349537
321889593
380552297
49242200
483825961
316336277
241148326
410321386
63165876
180386038
128572419
402147898
512119545
588162915
194509084
329685240
0
514994929
248909107
181019092
14622094
208672047
355497748
574454413
383246404
107076447
194614295
136962446
460039838
291288588
300203836
583452194
163164859
183462089
232331947
441172904
202046770
655992784
571682426
0
495913625
347680559
282752356
129864141
662783591
31773581
430061727
507140042
22991319
342484309
56276661
664929067
524035932
414212175
424367763
632272646
132030874
0
161098713
48676159
156351359
407793427
543912730
541831546
493268113
265840042
238222209
330622706
352549646
80456702
236066603
13710150
304428660
181043427
274053688
509621691
322749958
236313978
164102943
332343403
236453933
194565651
505428239
273726271
372867945
293099589
522854459
179693029
0
636616151
350598042
663354835
40243898
107796352
566958494
150482210
294802028
5038356
89666372
94212477
431920470
241615571
139576748
365559687
47698291
210422725
390468381
39234330
634613108
359931902
510945930
477226368
487664241
432654530
410522531
543088242
271402633
448452606
640386084
611595149
351779295
474417505
548100581
434876425
339417910
591614913
99705857
461375110
312399369
521485834
350577653
620898254
649338143
657729159
113874267
183666587
444797633
136984050
623773740
287271600
626963594
616727231
544502617
0
99562620
371034264
366635058
592703932
56255835
467209371
99926349
151143742
287219898
635403404
423008574
563074717
619758180
0
418375740
113423655
72246506
235178480
115655133
157101774
623252483
646435009
191099245
403565390
0
0
120273109
336703672
383935416
380879904
79813893
225062486
416453296
318915622
215836437
117210862
255205056
340392035
174901564
265510888
253346554
138258194
425402230
70377311
26751805
345980277
196041936
181670967
9744155
634361654
210831893
425418602
415855699
206847728
86371363
461198766
169198238
517629264
394120798
66674417
426965678
553468002
583079694
506646258
0
99794186
608247874
566284117
664640103
514146048
0
464947623
88639725
411297572
508961236
276617668
21401215
68943735
97878038
425908321
454028225
661900957
54751433
481316239
85886050
524036030
282421331
86769895
390815122
453138294
442301823
129318096
109713446
80693296
0
185848858
454132383
183689108
624577846
664189008
506441274
97337374
251367554
232153991
549319692
181890037
540593655
513151022
355183007
36827323
501253752
25827789
30777477
442281558
111318056
0
314701651
437403312
657665194
542588057
601151907
624836757
331094078
562794374
474186994
302941662
521105826
94080226
453233539
375130804
109359508
347201383
431882180
299825343
69957023
89534236
23741301
27360871
22682380
432953603
633203782
82840576
283449414
658895378
197620935
8830965
258185444
619005707
182469721
241081430
661020411
482606363
651202890
361662567
351645844
30376511
124683137
3162200
498563655
478099114
61206580
220160756
484775448
137796368
83762320
403437636
38793480
657418
523041852
288924262
59189306
562148212
504189820
222609816
278800137
193508807
639587496
12344491
380939824
383845906
504428447
85985142
396343627
402573980
283865021
289301162
372716062
358109578
185841993
451427223
500271186
103572769
480749953
239588033
595069946
313113413
104841451
384249363
489229504
189901234
194821730
585865009
312644207
619851822
51672866
178068217
296698290
33314564
271328830
0
643484903
248220802
601293595
94446187
506999994
10333909
586591132
77739274
84892455
473360415
0
414538066
6285195
612048698
296261292
18077766
0
121836583
612417485
536955625
613346228
498544508
27446055
165665064
397492630
240709894
249665056
547934713
449585676
573401285
604151545
90426080
36302095
352307708
180401248
264592869
207799582
128239809
594459646
248419610
150866282
337016837
227838556
568937189
378356945
339416382
400289447
422317068
547621196
245506904
26556240
635971302
23000334
332617782
389702515
532916104
114938756
537777539
321609132
646231181
489022914
493357498
420934760
44232074
324901175
314397508
198617904
242742798
318225356
422369754
380244785
479049986
208507424
610364168
636070461
124789427
645582487
569519646
174086668
0
510361655
431108264
8952683
355968159
382507346
450181029
364982286
11414703
589788012
227579462
126372042
409331108
7169388
0
0
586263636
249728746
410021437
296385900
22728348
207928951
382191998
15631767
622187121
252912775
402037647
219338539
210801892
152798442
543798529
622648630
379511752
660144654
285432287
508190654
320987084
34112632
82411334
501502145
607180957
161993634
391922737
479329796
0
261507024
364004909
48982014
249372571
236872682
612271019
51768182
387336354
384346961
104368701
488184146
584990920
334149098
215380763
185015139
290004936
644007416
444984419
465641190
269162819
118283041
313729624
377511737
635534263
277877456
277972149
300188911
256378198
630854806
118719102
171458378
238734190
141429657
547691716
384848804
152998487
197243289
243652361
190518524
97768935
406140242
267646712
654641711
334284991
380070258
460189660
50079878
307072964
570628997
40798215
634871192
238874640
263001048
419551030
619351414
303195988
590714949
291036870
178703198
633364428
343868124
0
242982631
152207886
206302101
31093479
619798013
571611080
69379640
364796985
148966468
430624203
269066572
0
430717570
393760467
260151623
21262552
427878710
336047357
584039443
181744242
580752606
290125296
435800049
356880303
566271288
14906741
332946330
34691168
534525037
513509693
261851490
562288873
618077211
604052598
438800566
593492508
94895477
133209081
484557652
648251741
117919733
259013401
47617610
353859767
601570326
437201575
56565984
267411055
587124585
497122762
105328394
124755589
88088603
144858427
110844498
639655417
23997959
194990093
125595487
107919517
425892912
486432406
329199805
377909758
333852548
330975236
314909555
450017935
198370742
218748801
434686132
0
340476276
71448203
423844927
31230457
505703431
495407122
0
407406701
291505976
489449446
28217955
352141535
518487456
273616326
632633642
156561897
291891175
130727243
290988811
259568379
169315463
177239635
486379535
438298532
540017045
250556938
596638457
530376553
478226258
156230207
597271814
511435288
309778036
323085868
334225364
264888952
118982586
425095885
370051872
67072884
318348001
374569051
204958878
628236394
167631151
623809383
430937756
330025269
175621057
11396990
234569748
514445585
664158039
20244883
240404839
505530478
525024251
201489357
407005054
471126137
274360630
522964280
325823984
76051913
499290735
405342989
586792891
645635529
150620509
319730502
281392664
188127945
612185372
653398836
102339309
11334179
497121134
192578254
479447133
576540575
323704568
454142743
141857682
505018265
639141963
560971843
214217890
106681673
0
263825385
81387130
104898729
389641968
374227920
30779743
10689222
7005614
537079669
560210286
93915504
548621700
627202108
569654880
561809751
575530407
654380966
583921103
526713711
422622721
85171464
35780769
262961961
500438661
576630138
583659414
525183443
617227290
426058615
570685972
368933143
580685784
156040475
446003396
232017055
123482442
575955631
0
379095319
476149008
0
59718654
148166467
238809865
357201782
0
468002300
269966810
436162517
545222405
329824758
600269433
107096144
524704869
307377726
246827610
263891975
564501509
370076450
156768096
28937026
191076727
65322467
408037265
360013978
215337895
542410085
40416979
357295416
81761326
106858090
636837940
4242679
220114896
0
329125855
178904199
539174244
362025512
640430015
478353740
317806491
258506867
396615823
207272670
365584854
301614819
179191412
101270687
351136016
306071984
277116560
441602529
187093100
133661671
615703339
118165988
533017602
554739515
361799872
335663113
555034834
86724220
508184558
0
36225794
344885762
89938602
0
0
203136257
321131412
236794282
456764671
198479749
278922329
147191600
81040671
138444068
0
77539307
95918086
300359421
398326189
123325820
559439083
631114934
502008881
142842507
0
233242636
0
359382777
168358136
89086969
36068941
202222104
109726061
421084996
558243124
26632897
119807784
0
442508413
465437743
423415926
135397969
636483973
506323602
499478148
456852658
203924342
395088392
642582628
21096359
201012664
270964865
486681089
609552325
383840802
557340279
379371608
286552048
546828815
291022281
484526197
306860088
566378740
362323464
336730280
131219746
655587974
361685692
144260183
433729414
530745988
174716513
518280598
209395012
96419186
583407632
602943369
0
352669653
60180518
133743896
651912798
606070155
628119955
161524689
335887683
250243774
189967918
301648966
22443472
600845802
180760150
108284568
335650696
517267927
238005225
51677583
521641977
390828473
256625494
276070452
665226071
395770585
338490509
36241026
251133484
427909063
320095672
416419383
426114048
306169457
151811350
190071816
41996424
542333849
479226938
585584643
464896042
0
219531685
618569339
316723100
220026576
53105207
646440643
246384705
645023863
550307153
577076598
63586128
150687928
142524369
189424339
277715129
57271517
472015338
591187853
525984877
44130626
255108795
435545560
627261242
592739089
208030300
239309603
68933524
577440367
568078623
557996416
381152707
321449867
569888824
629442175
400513081
343077024
339043857
0
456612394
600535439
255642370
314794191
641571668
62414300
461829365
0
288357835
437543529
346302582
419923711
577268368
280814160
146830572
0
659622287
358564751
235824752
272306172
577484642
568700120
519181743
649607434
85241221
149068418
394537508
389424374
465144195
152812673
51701352
630648410
275712708
111999859
214184380
261205320
173950371
223216318
207433363
507387967
394969485
0
520386890
495156476
141785273
622322010
224418690
469385096
324761246
473161387
557434556
295802120
441535254
530292832
351872507
354161458
444211920
492362841
419355614
278254807
598573848
166038584
232221265
130616948
26121859
462123400
30182638
0
0
483328295
591770310
362037290
198991039
383977037
295189470
20349272
180985856
423702928
572236173
164213618
168367131
624238188
31412952
0
76588548
558081555
568504364
616749521
568314888
210189031
43138163
520535195
275464603
654895405
587476295
211498257
447974316
323350225
651186766
402725641
511003993
610946161
479870502
0
570078140
337459896
174103303
561750958
290772780
251466352
659800518
327725144
165994621
0
444073794
574971261
549441137
527113348
603062166
173131594
504110587
112588965
666377060
460619944
6549777
123615979
0
461279719
341180342
135205630
294452556
219755096
389050144
595563723
463971109
177184152
468094825
589832400
7279308
209356340
428058954
506033557
24558881
469124789
311323700
128376430
136565047
204258190
72218795
479178102
405843919
613215682
533732639
59495108
171918852
81908777
599910419
544181863
616422220
609187364
50746144
157653722
172994407
652113332
551219720
545769757
11601832
449787335
376256493
497475058
208578298
146039010
361905741
0
240637065
115980080
650549827
585950989
657881260
126227173
111992188
176331735
98283228
460305613
629356151
564141921
173340598
46454
575985444
621786740
145831687
282024014
352304576
201930143
350759981
342939203
528711526
74319193
34456903
112438532
474199317
162692550
564581761
653337782
215211741
14381692
325397263
183743206
0
31649115
140106867
230537851
633721457
259147322
181761459
343805506
23683445
505713427
52432126
535519557
619967716
172361918
233196897
657546506
457927306
253291601
73991437
662931325
658752475
380375772
142259850
320062050
54453246
8475956
68116972
203890007
563726619
148309222
590667036
229005416
208247735
619963907
170945693
337074723
334913145
330595722
116771447
451929872
595382581
58546708
411740497
108245931
435345984
514586271
365756800
330158873
573408216
383399723
68343137
502852987
641122760
153096687
54173270
37847239
402990876
189335217
161816971
251545755
121748839
525247815
439344098
426610120
398753091
642128340
449389818
259316829
591537023
173308327
342871743
445956832
309222980
254743809
62482036
0
0
70094327
331880984
170825086
405362427
315053049
241455952
609527378
0
25436103
480833026
199928365
665003590
465000585
576195575
87239721
182294735
98589733
293766041
430349812
521047788
467862369
627348967
371423299
452262598
569512531
58164590
172392025
596944428
309817698
379156431
456131682
189781566
61265621
82792376
496294668
221830818
140336888
125305258
567165657
284327185
663696005
4671657
434659241
0
461965820
150773921
178933376
120315905
644758111
0
373453507
335770805
511965899
66519273
0
617030776
481702773
639927619
320274203
652604844
546780971
393584631
377298310
529844669
377364314
60840229
385720147
188485711
148211717
611602334
533614417
321874042
247116404
298541427
426237986
178449281
435936281
482020817
495253426
180918585
536898095
371476945
510879632
346102747
248902857
448184938
440303139
416716833
224242047
246016626
351438320
118218358
383793363
626794701
111857696
460920164
152011205
241873018
229295227
123936138
264116037
586377068
593982516
657824786
493589984
20121527
643396600
289886769
283856159
396331818
551355905
586571632
247164175
519825688
413199707
503602264
383424433
201050438
401350761
31339820
151733072
383808718
436028603
193597324
645953648
627266690
554174576
219056993
302463645
483566778
375573471
43528846
420872539
169423920
412993945
370850897
439274175
302292229
160205712
507324063
244525429
324625768
584251657
55309449
370179155
620629943
351607910
58427396
88047176
6363520
108277526
493501069
313569361
382374850
659075077
25760001
67392186
459813087
566729018
308130463
392513495
448521808
537499411
0
622533501
660258203
289979543
439191943
0
401517791
564370200
122147581
554115169
545218960
578045686
620564757
164026722
68398498
115467886
547411019
0
412780842
515619309
453301365
293413502
572530367
499792852
263961163
394906798
316441711
570715860
314457356
145531784
148414310
573178339
521776133
366762279
294700350
384874450
134628968
343251144
361362940
603717862
334882808
499886774
399328618
632487167
241006731
633678855
397756779
647197052
562201434
594100782
355333011
445745445
109143025
537896717
499963887
431934550
227759088
451112393
213133968
235456026
57792441
419132376
242038849
0
150811070
416144208
589601967
1570073
384631612
212298702
620370956
0
395635450
247247307
443434613
323351934
34815901
493376614
208248354
434840352
4538722
374421949
314332320
653971485
310835756
547113198
264431260
305294575
207476430
46086308
0
170769747
92189427
41434255
500993877
585493303
569150843
36753585
625620446
106085841
113076775
546289349
239565531
299123072
308615975
102914477
198417244
659839535
484517705
120251388
423062824
133848803
437300168
0
449095232
6968498
296777134
14019574
499464008
61940923
651531770
93036317
215797750
415768784
24293348
399769238
333471085
75117026
642078430
287111031
462228468
238269021
371989508
135594012
152203284
591868529
497149567
649545136
206946240
371310209
451922243
494200748
531000965
539467546
438959851
333958936
304548225
147625708
50302571
149661308
497350481
92902848
265873205
51854068
131606193
278366729
526129491
2395049
386175462
268904167
192072126
484041505
209929168
96899603
398833478
623115760
590205575
599056740
461432297
226307510
632493459
468717911
97670613
265774951
141249873
349091023
385225400
473435663
373557291
445735409
259860815
0
65096308
645054955
583758224
214993204
402645627
108959621
30212789
18971329
370459501
377340033
649327047
245464734
532534000
100147168
157499958
594644547
438543463
406732993
437915903
356995637
118949236
641513219
262660631
589913707
268301681
191514561
641228916
235355164
262418505
63469563
278997902
151396423
399803154
542795791
505335336
311857927
536574952
79785075
96318397
287553003
307693103
566509939
332493340
660423478
572356067
212572997
648510260
73673606
541788347
194114556
148585986
605451085
366759720
301329950
142808860
17586382
100243865
346262636
172811351
457754342
183061922
3069872
92851472
430617147
225473138
510459321
404183022
27189330
612269327
394705381
600490974
5093942
622352619
507769169
269434156
394130177
137997511
419431732
601190809
626032732
501667207
170146666
414149593
0
541818
70656443
260263154
69013698
599686266
204726367
180991077
72154364
612548387
624601344
305079290
199065407
601526604
44409558
392177512
195806323
623660280
573709764
309908586
38763225
174344822
546513614
539503435
333975321
604518707
320123629
212731474
428453858
113709176
305776057
358789116
418182833
291438181
310823130
209039955
236391302
47575664
534226826
156014611
538190077
361624810
165401656
177102777
57675840
548367239
353230501
540880475
331745801
534073090
265706341
430951033
613612576
392465270
132881099
529203475
222846578
405722868
546622309
605090937
419971351
492015540
182645855
315183381
289160897
418324732
407405358
17505155
609513687
615932047
312093896
583341029
501556472
202208873
502410283
38564956
639785033
196877303
20952948
373205260
477045653
0
491683089
567744856
333999958
188464121
63003977
540709896
639169978
109436395
433891803
500854091
446772374
199202867
262965741
629956034
493495056
41322241
516912581
351042394
368054619
659351364
660495329
521829068
202681607
219851599
472831408
55104392
352581850
435814335
325417144
307879945
351235767
159917172
203864865
308962468
290136794
504751953
440552464
291011247
157722613
581474642
374406931
282847797
164011668
168171619
119455357
251531760
160090769
600932176
15914066
656886352
90834463
168603775
146836069
430802651
80194759
389553215
551841488
188349469
192165811
173657257
342923903
348531522
431886580
579970659
12950678
564663980
159926103
540222350
376494896
388514648
104739452
176823738
447769508
566205306
95389962
5038528
32197336
226607097
225176858
297726387
16051971
402626390
89098170
23837383
321881729
314280176
462198651
254788930
0
227263376
247887733
553087702
206425422
232035873
280145024
573958000
573162446
0
430648411
645282636
361932982
9878931
45571807
377295933
634748302
418118256
140771839
534155915
45327544
369247412
189819534
296992516
494986123
645574753
518843738
408826840
367744250
662951663
347394234
27271408
615740182
622658154
547662004
544019653
302615476
183553054
236717663
19712081
169679916
478664738
151981976
427417702
602111952
268221912
50259581
217638368
44771620
317330190
60675957
182264328
274542897
623700669
177286873
440997604
178355863
122295702
177508939
49904770
604762225
626774335
162496023
566114298
255530498
134925129
14638633
296691257
467221629
139141724
664308465
101667565
333822606
233740968
11723240
297120441
94054767
114083689
374585198
93860984
315741031
242092974
91672403
521211705
369348467
174123420
302174043
664582776
269581675
107494285
194287250
398330268
107826000
660495329
593429138
233398352
662875712
220114678
469944229
444802850
46537495
451337862
543122962
86790285
81654933
610953127
636983024
185038225
365466200
288710569
197791399
359091883
163938291
557035178
289118934
283062473
331387345
125564738
0
255343479
666306423
648561495
144071590
86071210
306822406
0
0
417607951
566459456
402358738
654355284
662373756
610647063
129942776
421029171
0
270162115
0
647339814
407534402
98039833
385290238
522924822
153396053
212862916
530921389
588480632
654714677
215078307
212526738
399863228
321785480
124316741
658495790
90470102
203370294
436876802
178645361
71086053
523496840
629448569
320806321
648803849
135320693
328213995
90464684
145768326
155587749
304485815
547448824
586211653
560713235
0
391731738
27858794
320905667
176640583
329294441
418678045
52954177
23323263
333489960
154304088
618347712
585919448
324030793
247985808
583481529
213720483
413335715
54113238
565876269
451540614
633163222
40637281
379499513
51854767
556524199
253414155
340723613
604224172
84634297
444187145
447866565
316795194
161603804
460692181
268709513
177394387
242032125
203060186
304189966
584320572
423531599
4062378
357921297
319561394
435363881
412217910
500682120
223894172
657894836
49162529
226573425
344956630
205432250
472754833
633188429
263421904
349289915
543001814
323393065
287071684
524683060
401741470
359264249
14321436
280233689
269703847
5446953
640899426
327096316
646002398
526851464
460980126
186894194
198462524
588360919
352811070
511556383
597181680
568023758
107944542
253828355
593592666
177840633
363923275
586530523
131479464
662909642
504167270
629751880
178151913
459439542
292879269
642473778
288721714
600036512
171066442
48066145
86895436
259031258
523584233
498030370
321384293
480370970
646737587
573652816
314977359
175769720
372925024
137590455
69070226
469908758
455023843
0
14179565
447207145
468200307
500737394
277101929
27418053
198086255
126021017
68145697
518766644
396709893
352111529
31756621
565211025
609801497
282385349
0
646036609
614109678
557401263
350772653
551949574
387441701
227864349
95850103
285280877
111294705
610395795
369250300
274548594
167021266
475515003
611498680
81394955
0
343848241
329074636
91536774
165884924
112692653
664683204
479396329
553872770
359256034
497803585
362582483
410963545
288365625
603153566
347059038
101783342
369539949
367911145
646703958
124398542
232458039
525646563
216164488
632284134
135606200
182751639
111948905
202098303
250269147
582182855
119690820
45377404
662796318
312028822
636688614
42049303
375655355
126786683
475288480
395917335
210806470
519656280
418094642
26792524
462757866
517088971
280612067
121018121
280776662
428394710
191247839
324974247
357710448
221883289
538638321
537126084
560111279
461121447
324623481
34590491
276587915
60969640
635688496
367323846
315262867
369305407
30393481
205809101
278814788
634454000
2170499
359990953
657359920
166094590
456815259
643642306
454825997
604341927
155036197
429610105
331759538
609073832
645259025
222600439
0
266297505
562659488
486282930
590054618
376988299
479312812
227894829
403881949
498650859
82627958
297661214
0
630676174
289765930
476193046
71291188
447916052
250407621
604453797
586583381
438806988
474492688
503199682
366620357
309262634
369381470
220057411
121163964
432605439
281127684
239337772
91942222
119789400
654389811
191740331
297765863
458494756
121859643
343654615
473969732
312074821
163355209
61804163
76732866
404370686
345596029
527986530
318197480
516884556
114975474
287451045
295716490
588132047
354919029
468619863
467281062
493821948
126365245
192137598
268694086
165000052
118031799
514740976
173738763
506167600
399929640
356736577
274942173
111235156
0
604659840
649907744
277423114
313214441
333333608
283223012
616057553
383322104
321527224
277909561
0
154949643
470282735
0
660738661
613378494
369748520
610713028
29696023
330948918
596427494
391045955
219070276
122094603
535082079
503004467
187693520
460014243
641910883
496689382
421206536
390732529
61838528
581658614
128801334
515868450
230733740
459289679
275644817
114849967
499240447
66452773
506378591
523921407
492112553
226606888
252963239
183204737
250521044
419058638
0
274087877
228506019
141855093
496985169
159731608
534300861
632646454
538098002
224873385
119036483
613978779
307198948
665879441
149034264
286461809
294392100
354037793
93457655
646591230
546158787
555020788
102848082
418954623
573794454
100883853
472506306
568252427
651695459
585122116
248472895
498159611
18430810
373327001
467015943
413925292
101816447
407616875
146919272
588609105
309761752
657305087
117594201
627150681
522256665
457152250
172430119
564673606
163612225
141941289
512469175
60939755
35678897
594739322
113014914
486240485
536942372
221487393
202886507
540197888
393541492
287703168
454773552
399858177
127385517
101583419
467046422
117056437
141633252
646286527
521974252
471290823
498719612
366344838
560750835
324959191
514305809
157962177
302585599
394899174
145446009
630107956
366352203
408902489
499433579
3512964
452059584
313724337
427313959
152651271
0
103747420
249360596
32167073
590048901
538986336
89676163
443454911
355195081
207971266
268469788
630333501
577507639
136324445
45843900
526692844
165446327
174707571
8107611
276041399
589978921
191710744
518688533
210854019
55608285
447267642
578121398
88463046
270131499
76311538
246478481
228358431
84275309
205895739
347144849
275140621
286360032
168087350
355015216
641533538
653038179
104262276
471638484
531990310
323587937
520886793
0
184880059
472481656
425452544
436482492
241359298
629628986
543097463
509903470
267339883
527786247
444478156
435565261
265330948
647371067
449570348
614852193
356749898
633898860
0
513166784
397163054
541580344
625544711
162006134
600951976
650655035
88822508
0
265855639
596605758
629138913
181803692
150508576
604029776
23771046
27829203
0
147122898
377807432
103887817
232644034
284118157
251142491
459194187
156543403
106252105
557083449
418319285
405278956
487556451
327847525
161149982
516478046
80404222
91326539
204788706
134096157
444544036
376406485
396836485
0
531837807
511401246
282710842
230233201
128042915
578470822
0
216541515
312695020
555435026
409073747
92950537
471217502
58950806
361265611
544679973
306820604
200237966
252834660
451702937
83746663
215236981
663535464
331308587
356082663
241937529
638822589
169470986
441422771
431761330
24584066
128036982
361872861
295083454
88863395
434486253
0
496957381
19043096
0
228929384
569994788
650228863
592463025
452990661
446262175
613616984
0
146623103
27847269
457329919
164022820
0
0
375302607
235428666
514084651
497252727
382643933
520359639
33516498
65276807
13249397
651601369
0
373161710
44821945
575532048
557406978
88315846
642127504
78345592
571789331
195435447
524840168
629546599
491599426
183530875
397253161
177342616
578004019
16172517
375534762
282551068
448733622
0
396150126
438948282
306895256
216017580
108957954
378649651
462355613
80990965
455117454
662920413
486830388
20930636
520774026
156162831
66585218
74385387
266921273
162840836
275959644
594931868
548977245
335503034
417122650
638002686
510836364
277470699
302135524
99284435
227010407
205083711
142223035
333839902
166060650
577506525
496652426
415181775
443937820
350037830
443012205
201323754
542057373
66313930
110119028
286430907
0
241246751
258641202
241155352
506801588
271131426
627880521
153564104
472489087
601376833
368133379
141569228
14006316
290462260
565926297
76188311
235237701
511789382
228744314
473583801
0
534015891
494977528
165022642
448227510
395752920
522972716
214293393
325998919
12985174
176563963
613519526
270568688
207695499
0
508530768
257949994
587304283
480015160
540394106
62674350
583618778
306528982
370708415
274425962
34025827
328495637
317907101
660872883
158485037
386013291
353737707
250650226
79365152
608380346
90135530
11540680
500503410
235888447
614365609
69578481
568046416
607515067
367530622
43256570
366689190
265965656
61506411
574352745
0
314034006
421470862
427478404
114681044
537052964
489784622
441671564
109423027
203302049
252371805
605464715
390965589
562357923
0
461936760
664155890
323566938
265928522
0
393836534
171218660
601851714
592698041
158447504
540390441
115204099
245853970
448682039
526140360
650668352
161427905
466500681
68759737
500386910
626536769
218251888
338341559
320786440
485250527
494340324
516738881
196320913
170901064
400349680
319792081
622702245
229178992
425334343
246454775
514904053
338282847
493995227
267823669
236160739
442399209
558488852
611644822
663777221
344004866
465823801
302913386
489341186
388208450
568909089
272020705
338469555
188017272
368797721
651311193
482903559
408347861
477908691
223482337
428521356
374348090
116748346
238071513
517342629
308822824
402280893
307739350
137941767
141037757
145916804
278658995
410227115
332060037
623585934
165591731
104997624
387193161
651947710
345518596
378420130
435289090
330507804
276147366
425599335
359222060
349512690
407382632
225970404
215564567
2621899
410166397
571413544
549544604
0
619506613
151220769
87433010
594980720
482129206
181893064
387120831
330736606
254715958
453308415
529582992
435180305
75177523
109956035
34908353
321150899
354260955
318876146
300419597
555143116
164846981
43304653
8359770
562414974
82736454
626793286
287420795
113716492
152278725
362914882
363944857
607234977
303514257
600829987
395027364
435919435
455351795
657019693
626934890
319698662
405017896
399567941
136088514
204865542
31799117
262945616
534696482
442370693
431391637
319019190
665152630
128759128
500230466
475151886
244787708
593883202
349758588
0
85656697
126564873
389382757
474793640
417613163
10733657
16554680
337246511
48536854
285549686
311301893
627942106
564637154
393825465
271403710
577885513
450813275
595020441
308932060
203923626
599272456
0
39304293
440545662
79595859
467257181
167040654
474358763
383532188
453353118
561132503
248728927
229231813
423631457
638268690
533233686
334589640
626810625
375119089
28077694
644687457
432984022
449863007
0
62417741
210364706
152715295
201096320
69939855
661982958
141478945
357031446
327586738
77723719
304885116
316731268
242221471
137987028
499511993
35125764
118925433
552153237
542910779
622105081
491590087
281818169
481018096
504776076
246064798
0
642049029
143112095
320468902
121020483
252148307
135397300
466104840
0
190893492
150889285
310371945
143509636
56918512
368172423
295758682
540742965
186722607
514509375
331527699
273351681
354162945
358275825
57740643
70417028
586257
307302864
435728869
586760152
112872096
387123830
6904231
412224489
171816961
510222797
239680760
446626884
60425204
239451704
648764141
126027079
0
207507904
172743380
90009494
169324058
399320452
550223963
440389208
334980508
46396418
249974858
549211885
346569736
216013639
0
106899194
167856467
531532759
217292519
181520541
325209460
221765154
0
436487435
96379494
128817636
494697907
183571059
138444325
523151875
567408783
171467124
609281562
239245752
555763991
631080069
159524715
512804150
538964611
204730748
282118222
643824652
98417455
608142137
325268818
582311997
343421458
291923824
422733672
576708152
367752977
631302873
160226183
0
415472730
27298200
566456688
426584821
588732260
574876973
561736616
276483515
430426834
448303326
661559374
337238492
587961175
10826306
660692800
368606689
358629584
511152477
539953621
604034634
232154782
244337725
376493580
106153508
13285291
40663120
24037917
514504856
534490761
120327789
305288263
331615846
649691448
512307680
224818070
88260817
548612093
375937136
149045827
232659423
232474422
374559309
211929191
255860539
514171271
301312133
565629598
552350641
297713680
129190205
467415949
117020244
0
513291322
519516941
356408732
475608557
5957069
421822541
547489461
455263981
619595160
599972212
362198655
461129392
6835855
530233735
642506039
178666379
10066137
579190144
163431615
518334023
283216077
176828092
139486734
174306729
226128187
367386481
318855684
547089587
278499350
646372900
495889682
326467689
333804190
608252664
612745430
457248313
453807700
455768506
407489622
295218595
462761502
231175532
356331507
14805296
542461280
174935578
593514238
25120775
79775334
416570483
654629237
623904383
551063380
222573973
387410068
624186090
127202441
616967344
521897984
279063474
621980620
120415272
508943666
506264162
20589928
52783753
152786875
454614295
47117411
134102162
453922499
499697319
464036100
538159194
196031221
565598833
161348930
563434913
0
100998895
355671321
468550981
292733681
448821075
432100074
309825022
2306618
316890517
175664745
384707129
620664838
642523383
132846643
0
312305625
200822183
0
424224811
573473142
97595132
113111033
0
402586508
0
476288335
16260402
165704090
45806687
536717183
23843666
252372272
297097647
28198954
614621021
585551547
285324736
325252695
123429652
360314466
210756876
85114411
288308794
643706680
225349155
0
584532704
106178379
541688290
325848686
519690790
555177428
523037484
442212290
189453668
559160136
407460615
368305191
189367720
235039238
305479535
505396433
649522668
603555750
480497390
370428341
5656022
301493026
178166410
174772552
83780638
15346566
312195581
476692483
25504683
584742708
439784124
358378074
0
1916132
246110033
632021384
356161216
657216233
244829526
275863797
93721566
204720643
612060514
66252287
272178025
656308451
178891023
349229270
361965688
228867828
648817241
526175824
377442719
74118906
248695106
247357212
438784893
224662779
54854057
0
490643684
507163318
417553535
278108308
656463883
617889691
148815596
34899617
147117380
107602574
99313276
418103324
422793006
387192181
93039056
207753109
112597530
593890455
427675424
452105564
362471271
634318781
398174727
581354854
641848723
152555826
471874514
226228560
318128722
568104947
563589546
138275887
623165016
27699716
74287628
507117651
71627250
86600736
524353872
427863679
295744690
542538760
116520494
307365485
74593150
37291802
61607431
222108
132692385
149341195
541645149
149335648
209590936
83091668
616287589
226170071
388018618
664177769
393127434
467847673
492779622
521608741
490259855
0
412401442
182422441
404951226
8955493
255377015
15082205
482412302
407213994
127794083
499000514
215064570
584091675
493897497
590765751
403925169
162634462
369380671
564504338
366930513
0
524420362
0
548005927
43516757
106464222
131689512
504381894
569421173
467619380
470662106
83595419
377250746
215782189
84493829
571145245
232230749
422280263
658273641
443655065
289392970
526284118
119195172
629938754
438657506
544304916
317498182
580691793
476356729
601937078
287800142
478061140
454276426
85443919
431796321
120346836
413998403
662180140
202641506
386885458
372239888
340852042
459016663
437178672
543757510
558478355
398694980
236324325
1806033
503998356
428742630
647791157
168092531
569791184
71479217
271298593
328586444
614958883
374969486
641881979
201703889
59866094
359057226
279464728
473870921
351321865
601060828
334663557
148802449
167227647
635143095
610319736
69090088
199263144
582178408
650206593
0
576725963
444960864
284683658
613707613
636251297
3980204
78390656
352565505
470073130
516826911
241341147
272938781
497835373
648732183
655952590
197119302
630327076
508105560
103793812
157253572
172040229
152156109
427944316
17375327
633111347
160789099
118954148
143059840
195900411
576938566
251297932
380603798
0
107248401
507966655
450233188
454874940
12295384
0
566604630
405495673
0
113929141
361694767
386534796
639882924
434122127
139523093
476234244
267005025
535429674
211679288
285488243
222548361
575692825
240639717
469490044
61325220
426828351
385051045
313427104
285891624
623476122
613025657
139410884
0
306108673
33641426
119961721
477470934
146365874
137466787
343555835
74521275
491735103
585523113
137396339
77027756
45706171
66006606
2162382
185273155
46050208
535735671
193184592
460612143
467279223
633691666
334231445
302683304
206839509
65364089
76795118
408359743
299525170
664112517
643215451
171583859
343335229
649944964
0
319428991
636246881
460917425
13366612
165000144
577740752
209870320
474224180
274618227
454351115
516386555
141026533
205390066
597447072
155218368
564350558
263877830
435878914
581631376
600393898
114708336
228969551
425157215
210341986
589931993
389472759
648589789
40347332
458115794
264893142
277708051
353738590
505767233
0
3160678
187524901
543393360
392349785
644377453
121821491
161552565
492897126
252990252
366953303
4915838
462786534
72192608
245696196
148853460
188654339
427307811
560790320
249489760
614296796
0
443756416
272232537
321529053
197045902
303340664
346195266
205985183
612291857
352490848
616025143
119226434
398596344
392291902
31908518
438412266
581520979
115574541
490234279
449799733
552758399
256392674
225125676
516655602
0
443086501
66308928
243845924
307445515
28903058
397234223
563635281
608201550
461054137
613931050
0
640856354
613859300
249306934
353240673
439650643
296061661
431184822
513345140
16763645
408176052
404013116
586520103
480053522
305295562
23275875
351385147
95882753
369162681
605601229
301781744
192427401
335815208
0
209312093
380205218
139904181
591610088
247253564
249048203
419707963
382021297
303227907
238535421
327667494
111467401
341169807
112354294
266549761
68939046
424866332
370991501
222623606
475547473
501983946
201579299
152473031
605836132
191342284
569669785
460421740
502001401
400656273
170755186
426378591
225089708
629167490
426006874
346132585
385995932
618034919
3797885
81753364
469352523
37843162
96845825
434196935
623137640
549191846
239874438
336049820
538676047
118598200
231138112
574730641
246417181
222645386
559523562
185579705
529519880
656765130
643985264
654904552
135427198
637865521
618200437
278266012
196081710
569918591
340080714
332997982
187381386
149495404
484815829
60583166
167975833
443179721
272780820
571115023
312317082
296998991
227830805
0
309483992
611898217
7534966
272098014
345900146
53852924
243208689
385129516
58387975
561009301
130588424
620975839
491750115
563179985
481861696
356459136
576904787
453811924
398459776
60306355
623474694
642785700
375058792
242606380
298718256
372965398
426247861
479480693
260402824
120278996
126479979
335080226
59623135
448076259
636297228
631277923
207510309
331480434
500371726
546106801
263080462
571786392
145391385
232679199
483825410
361788172
41711015
69983566
108185107
264801450
657273310
654432406
464537477
68192299
590805131
125981028
615386751
143206580
290131551
139428565
59706661
652325626
460976821
224920991
172703772
433989004
0
122607475
621178243
431446101
537286612
176277824
0
633552086
359903162
22783706
344941114
399692163
59394382
508080140
331310063
465991222
627987893
46203730
3375604
236791124
113624664
202250226
136636799
405285526
565465815
384545455
14948770
404062433
588529410
655297367
96053994
431867227
429276859
90146819
46555638
382024350
214957228
257089632
370245385
440996312
184626737
0
101583074
648982568
384134866
361101778
269282805
82761273
648455852
316165791
563532712
623393916
494068379
202100205
662098508
300338442
132419865
347123017
620212578
159506499
271170720
611342121
341594403
475979961
267703955
36623974
276758937
513639961
366583492
129573763
204004607
648245013
602260303
632973179
305167709
432584692
307485564
156289217
459170431
236207541
197831692
124302735
601672006
651387996
345888020
315951400
14435103
364335931
564981175
85710879
0
517934516
26455146
165363872
396505232
214615365
587685425
650951448
300533448
419382352
446677537
305851901
645460256
583827779
229270262
349482822
314410029
2923917
539076029
558889552
528031701
16536105
135602477
318822688
215332278
57142966
41930338
362707849
42701443
433699373
491485190
149682317
280834343
104027529
0
437711368
493136199
438231428
82133449
607005821
233822570
53455558
331097157
98170934
345919278
297009207
22779474
288554853
408036299
0
88526400
452886968
155107931
536842410
254626952
186078868
390116704
296793312
40130186
400679297
0
393503237
530479917
517444052
485747293
295506113
463419818
153944565
275789470
476347224
577407169
409352681
75067572
155751751
395675002
340537643
170394609
591950305
310033517
254885671
456601204
272973028
550234434
275591124
494966974
366542433
191522688
552263587
168934360
307346459
256338608
317297241
320330672
457194673
351396941
516218395
643308070
15955863
532852045
631994128
378962372
145327072
616808730
592748532
326510714
664538731
92104799
381580339
581247600
403755648
457645869
450459250
101550356
60631305
379211673
623989829
344530849
0
532320253
25559791
0
469404268
492687872
656245585
273607115
444802231
56174324
0
618060672
521996562
450754378
588723411
0
121412543
538691824
181381536
81636229
603551562
58580581
656659894
634610695
337567176
280158034
391113498
449551339
0
354221253
124732534
53684321
243254036
331522357
274060587
468657631
189944289
249163451
520959327
280516949
368577526
644908556
521932937
579856339
551499608
197899775
442400859
583726229
576265230
223848110
202631016
343822370
261337928
436079113
645272283
427283947
188781511
519158664
426067041
135376139
261760076
101128185
316972380
517028493
140340795
317373360
132766613
61547211
52260719
456926036
64398955
286864885
648797030
310441167
574559742
213771918
437029513
72780386
387518388
41638620
556234356
12649365
630117145
330840069
94322846
205216828
572641444
235484624
56491634
477480555
0
304386788
451106992
114377804
637491124
582532147
421562062
0
574732329
457593341
553718234
510847574
260625915
512257357
406498699
119128920
27481062
624122340
518566780
364285909
370001396
561374708
0
550407270
193080855
286655476
153961848
624627336
314814242
457204140
127917780
664123646
315105200
645739132
13543947
241668138
325686535
600374914
52653951
130317940
472052021
103368244
648504051
0
438201038
217743313
545672223
427243961
649874758
298341350
250617694
49426758
163476357
653561585
612209468
193519604
411608405
616933639
71782672
241151696
583508109
232152451
407902849
553398623
414444449
270615108
648840450
0
457423963
624090534
160270104
404048799
659844453
358806969
596357494
127726547
367667342
88725220
530057338
432731025
284412149
484636335
480013474
576955756
415065491
141415956
223177284
108614575
67049653
623204069
550363800
125201569
357330340
74160702
449182601
274764176
206744993
206733932
19372677
96266009
349515544
365507048
643179379
374228842
407667035
539577276
412016719
0
94684604
407053048
478535066
284884462
559873697
538912088
62440911
572733612
505269981
211036697
379645217
10143005
408801555
372776066
321888862
563794935
612139671
0
212709560
405053296
446561459
556965353
141798285
559456702
649410215
406797472
539494113
615795467
81540628
176769976
374148766
491598426
241719834
0
234342375
15890899
530766809
510222548
101553436
39695040
488258786
313483888
61011284
150849747
325053336
0
641090402
554358628
554389538
60815320
596930418
0
0
461706088
261346388
190077223
310265111
404133646
546303455
500494162
6625132
396342631
17238689
301367644
79936693
307252612
646052858
334773713
431423818
512796926
441428188
132546096
180200429
426614133
462898408
511493264
94034547
204254089
321635461
257456073
519781564
115537635
182110784
339603660
619200780
29764996
250553287
450155436
628043692
19516338
108619069
115068480
548010099
32542497
421918369
189327190
539797702
469791965
220349964
542356462
257078350
626420044
526615038
633905552
178221963
462247843
619863229
633965266
456125979
216856474
8576685
557018653
88767619
49222742
118454749
479734001
184800024
246420116
633810644
579589942
588016617
55305830
225120901
190443567
318337539
657825181
443279449
81831304
657548074
422800470
50071624
195540221
257882061
559950023
200544679
398988879
198131190
100050596
656216516
442290974
596694805
607128224
325271757
228216428
434172667
140014248
248939444
262953362
415838079
662464319
11992667
165180922
96276050
101983096
295850049
192141169
399797497
0
83161814
513480383
126561337
585869516
137336629
370731553
372267128
352859124
482801204
523385806
429366846
210071675
649780119
186345529
205034429
0
568777172
574506324
644904668
127189033
56457915
435496532
298731621
331201940
578723135
207904775
516396763
138015726
178805823
635533388
105244910
547565265
440498515
0
161977939
66963934
422168463
280977145
17340709
0
531305317
579679550
184962887
392127545
564290731
45787159
125236998
277453393
248866711
416013126
609455053
400076139
348032337
539814834
446254413
605474609
251348443
576358882
636561262
272284973
89543166
555271394
238371773
497689797
285045362
261072038
646959783
374412378
205867194
622251701
666257395
353375298
247132401
651297108
318420992
490703556
316422284
16565995
519243553
492902539
315323608
584697208
50952904
534351565
366656876
126034463
246323973
0
489727997
411910109
85972737
364502546
287009138
54690127
263104207
41134021
462165845
401975786
199786185
374815719
374151451
552050750
318672974
471717000
518332551
227393911
573854118
0
458704538
608258402
516366594
381213549
577992660
73681010
245187803
488649825
378585730
107976894
448015753
627498754
601429862
106183616
527742699
625170690
299920024
574190761
644495300
109240314
644506752
266150658
129961175
465734318
67093312
316061491
571050620
6576703
425998232
526136178
299631988
467653360
640119599
283033716
477415460
126889590
147737272
99254233
155639704
660526674
272229948
228348567
183032596
329182698
372573883
323399340
51038008
381278063
639714294
15259264
491664670
332425870
135051296
0
165279621
166385432
499032616
232702650
309768730
91453598
96833061
79077409
15819965
511299166
273265704
256054941
327052765
134782645
195696649
656338520
538210753
606232915
531640081
333487133
204803730
377535977
599747878
616108920
418886369
563415864
117742589
78023335
525215258
642720566
660204689
509071036
648664015
372800444
555802352
297438422
444106108
575672867
503143662
363834163
137206287
71887974
609437594
548108862
489138485
534408756
340635833
69937677
401962881
5946920
529694516
374692097
478580889
227149559
489390747
613266898
159126606
333032499
166345032
396542695
291357463
361463179
269070467
303532792
216385012
0
316654125
78834209
332069211
279926058
530197534
602220396
575665355
186038454
51847838
363473827
578098001
175665975
221130989
645130400
0
288434818
219628029
328651258
42419170
460405902
482566229
596629234
294599392
545821207
297850826
128670297
470596142
444820533
262298011
459703730
242269205
647956456
240740004
154766472
554779539
345630281
112192958
423107429
558083489
235348304
184451499
455031876
51371627
100419042
393924405
560456699
100293964
241987958
319264041
208157398
542409380
408674689
75388398
529514264
525183520
337722418
50640805
565830065
638894244
657605122
355342178
171847647
530794384
474673737
525524292
0
567506222
628851871
85266433
27205428
277411970
415418133
578954180
469574041
299206655
0
135273456
41498338
324074495
269278160
51512254
467740483
510563637
203750046
172541164
165597037
76429444
98110884
438407876
477329256
321227908
466044979
225289195
567806900
593581267
561364526
312567002
328487639
609615031
543474211
114818229
277115686
188094872
482771963
163118029
303718158
431092586
24952311
264818587
188231851
146323721
19197670
660445160
463933790
485635352
473875921
537553404
556489325
0
128194998
349645946
591935096
480932394
162246329
592611908
388597058
546323226
41364706
8868079
398124793
554083743
169981554
211381146
658268574
576483024
292081728
163215074
216382710
203873157
344560757
355696586
459119913
62470016
265024119
42049815
465342041
542537119
183644777
410496958
446304595
272885321
568746735
118211697
277747311
112050666
343151730
488731841
114509511
592404036
53362229
25889297
321829566
529356216
448807757
660108631
164597717
153197328
229811811
257148279
286298012
74037511
637241321
268870981
600446696
504999336
311310304
189029863
617202008
349588375
116861310
25020879
277760750
154679492
437309129
271157143
344843585
39592114
482826573
585482148
342848545
534993648
618672927
340671314
660388483
155179765
80613681
5430678
449203095
310382926
281668505
476314813
589237764
166710411
556828553
0
548089724
179948252
385109091
463933611
442203385
133262298
586444881
286124091
476686402
410210298
120631152
424655426
208873145
259714886
215156449
464960313
400706163
162329587
49377712
208283378
504329481
378701781
216605491
23018835
349194770
306508600
252290923
578489180
265208180
578194126
179208361
295658257
135812090
577427010
173635330
597133462
70864947
196045618
369914476
0
31056639
488000821
140137793
384618687
444469038
691964
254807805
0
364947675
29366265
42473880
78193008
205261380
28721148
579452381
192297105
0
369555256
494510865
496832267
516737178
25271628
395037260
45449720
172701539
267348335
661632539
63963266
247621276
577649979
348375237
251290039
244156781
406895631
0
247991005
36062206
122671725
0
432491716
199994161
455961147
242583189
0
550556149
12564354
579077250
565894581
269537029
135033130
150443097
91376478
283446972
249738674
0
580898359
585961829
0
492735310
192709119
611365694
420374664
189476788
294499178
450715312
177662455
556361424
502056811
262336899
460214906
367099389
212196527
283168050
425046201
102239786
155614109
590969081
4083306
389950292
292800291
186162965
427622272
220539642
180516129
527741727
271624282
301663520
419880182
567707244
11329507
363430868
539705324
228493355
663501147
396864363
318113013
200422239
563034609
549672838
407880679
218288344
354468321
545485171
158393596
39236917
264162278
228373564
253593097
268811376
240735719
248020903
114587916
290895998
545811843
540850017
552122105
40054349
541701
173664219
247683848
249959692
481360900
482425008
28046272
0
298108827
50315313
138566198
0
622149821
383368858
588637337
159844310
396055982
595892543
314592351
477757402
103201798
93637235
159305526
457802003
303543332
592472446
291223236
219470804
154258688
15112536
497637754
588548907
469403140
494054495
298164654
269164587
402688379
224293775
559214375
345872827
181156548
537273085
233834040
20046117
664043583
405107439
247810199
629966212
453181346
235222536
367173401
136185332
446670792
584179950
449775545
661603154
381700730
510754198
243276133
648544480
499695450
623002227
275099512
155407900
21848800
306555921
214235058
664616319
213655745
216304181
154283588
350758739
655716804
213596616
597811288
357801623
103031056
452856147
490611522
313778447
87739690
515973011
625211515
556129541
161935751
255965080
522485768
227158233
394212969
636475804
4248435
367233691
291053863
0
122854225
106535413
573084001
445830839
264456759
378751758
521337539
27453161
200253950
421764452
473332938
36435277
304146594
161208683
629880581
519608196
157732178
588556685
485832748
0
420517018
333651269
189893202
650083439
405492585
636677116
29453398
571939769
563887652
547867089
262872915
65009197
25717211
598855646
435794610
51010580
120694056
358190814
385869100
224019156
589994269
599511143
275050033
625792465
558011734
646924317
274962280
593420378
638551805
151128998
67453506
465694612
460987986
406958977
361522597
412344158
414451084
81487152
245426523
562736294
0
358372076
132647961
557434136
69930606
0
70806399
97875454
427920319
646765646
467339322
565962029
639344216
612854899
243653415
211324246
474825192
569515255
263374691
436973920
456244686
38768656
477891018
350485655
413895855
3038795
351673383
84029895
235762544
555291398
0
400377265
252551545
190124970
609432948
632750338
567542016
72001573
257678651
513055049
282493043
645715071
242690379
301049417
347588369
364409877
118078582
474218805
90675107
0
396433034
321916553
126299587
626302291
0
538143221
0
460493612
323678357
633658956
54276579
186969651
96097472
166022148
489818112
445136606
64012843
423593816
430253119
650558312
408329745
0
365373701
579229280
124023514
163646734
631464816
459858996
573791552
65081943
401377791
560239706
359606649
221661573
269268870
34582249
256937186
589029802
313254816
661950294
0
542574370
646006307
21382371
522416517
465289172
457909515
443368921
77244062
443620082
129326443
584802405
510715567
621638553
665683310
442341730
896314
0
474884320
141823041
382328667
597777785
486630618
660956428
166479058
497625051
192290024
0
128861245
211907205
605522727
0
472526881
446523289
589829554
183924239
75493114
418299791
29775005
436057762
378953943
518862333
316825707
55371659
590634218
0
606915169
0
114230177
327917209
492245249
183657860
607846859
510922244
162393372
291531491
139212038
305120219
177936299
618174396
479158553
633940491
236154924
198104778
91154972
535701071
310077784
565612322
293427288
276670311
525410251
19703319
421176253
155406686
0
232793190
86769954
596533795
307657908
594403229
148127197
70449873
556371174
412235568
99550655
169242532
615001667
296811011
0
128632482
70955752
569830506
420585403
479198999
0
164430559
177707422
648154161
204279277
0
180126401
428096527
485855322
622766792
90273471
543145961
194040870
606726392
405493865
56867169
0
490210704
312970308
191723253
574608535
64593056
623222661
114224096
105122841
428460332
300410978
594601223
460014243
236638135
0
464110354
660783218
530859243
369208498
23918934
421908601
517516436
459206381
573874492
405102917
317237301
381248170
119938202
1735955
446340438
100433159
574156534
551197224
358983670
17426379
79627428
567446990
303285882
473979355
269810566
69360155
321942533
544345626
584828814
656829391
69552861
536164558
566832386
85951649
558148187
61186206
314853535
73920697
474387106
610753253
286141354
226256973
346395945
593464356
215794832
137960899
619982703
79582703
391435042
2377624
630489073
365592814
389004115
95571775
601683450
160954703
159630312
295992546
0
195333625
164962573
587069553
400143840
519637230
304871891
64322836
220697718
12612999
67479942
225266872
24469421
241786742
104321697
384188979
649900610
60329591
545051130
5096131
602574034
621879587
555734741
592417352
202622357
157300168
169680826
589781787
41690636
250995183
210535449
484904348
302275070
633002705
109782921
535149446
90973909
464418472
292324868
105031035
446697048
172747064
286523504
462020626
330627161
661264239
387123000
383575777
194146642
272058580
52113368
618833028
375758088
325867440
57506206
129586870
26051526
569076965
383632530
96794116
485711550
384457522
161715287
184768298
541013236
463400470
246912900
413338659
633970601
304292266
193576394
570633970
563976889
185649184
83326544
665420644
81671405
313700961
319322174
0
522552430
0
543202003
642644069
382574627
542162823
12900310
466684961
444303883
85722803
391046945
254035069
269339328
294974217
532190704
587750143
400110488
42436543
280356465
508401647
71919701
651233078
70358235
372924146
585688012
606564731
238013731
425442603
380621099
567553134
443195611
131397968
6595697
98167092
139742136
541499941
629300617
395038747
551199696
115038200
578052888
404602758
339798058
421299253
173268794
441140048
124826071
360115063
40211344
380567781
242832383
300326226
559774228
589708907
63207577
18441058
51024256
50911719
65968638
554600043
402389189
217620089
353343165
392495240
82499830
276085868
642836920
145511934
599218223
479203341
88168713
254645791
541547040
258623699
237306576
101791490
411217252
75689403
15066468
529397537
62292743
209149828
161219724
626646361
535249980
208411953
269812911
406482811
353019520
525309913
199474378
343306045
90125155
121022582
125023434
665324159
73530692
600268936
466834661
533388487
197483638
571343624
510950619
345478333
221657427
17858554
328117633
643449667
628952012
573628785
347840703
23893152
548613150
189114510
213980509
635624042
646478913
55719692
539570199
363718646
357177800
660554028
271590605
473378358
653732478
395154185
97921695
149330014
147741841
194005575
493945054
578760336
175486120
70875933
149835905
559236517
19344156
240838496
138592716
450390549
431200249
35141721
580069211
398893725
45943464
603759620
377509485
306398210
240141403
317311188
497028432
597350027
651977342
553582746
71019429
189042741
149192069
410297389
576327374
0
608291769
472986666
661367756
3490221
127109365
444412173
379195433
0
216131581
183399132
526864869
43285388
0
283787155
77732279
622789401
71613294
638416625
93820968
101048912
78697251
576647877
466284593
200600387
318910332
493230478
121018634
288312746
179825484
341227646
566792863
186128427
28585763
622800445
595265477
92555967
216778417
320838085
450283977
646778484
359602771
483352294
140474046
367465837
347987154
443253028
419403791
430425672
371022051
24902272
150688865
639251922
410619092
527184274
145685390
370489575
117433372
62625539
65089944
272828710
509788725
381086901
138359959
458575311
549920349
478755413
446913870
294591062
431157837
294305752
196150798
206490331
476183838
579281688
0
402980006
183341268
13737832
315068443
609588197
79279885
71266084
0
502415749
296497470
187971264
328241098
227852153
358483040
47454665
378156248
660715118
127922672
194404900
300375256
574465529
661674100
198425371
215618552
151061298
583589581
164814585
90153232
119117627
598970465
63979855
552041436
618034565
29927504
509309649
469420877
608835352
401179598
233187522
319110432
189466739
54741046
664912207
461108757
197558873
665264856
329552696
628789068
108729073
342267599
454028371
127728272
397192306
453499673
444750773
283344533
149137137
393946831
78053986
587001689
400101798
294811027
440380301
505846856
587021362
431054449
19484425
329656126
368442586
477751762
547840194
56603545
220520319
162619841
508399630
432117388
174598072
410626269
130878933
495412860
454457957
481525916
585360904
343393931
661622074
249355498
62350764
76210180
332802180
475932113
640659669
369976910
123395581
221222778
601888286
30307809
251586273
314164972
309437179
606500087
457301109
632826939
535408884
311106341
451122614
147253689
454872710
508292204
20567650
61572081
251417573
262954798
444974558
358734485
537032395
287324005
441471303
3527240
400991435
401617040
375032308
223985141
19300647
13925041
317136970
83251342
271479209
48353801
163624995
0
375533427
108269864
356570019
73177544
50496483
440229209
467623900
257259766
41239800
227977071
36197805
359145181
343236160
477328949
365158717
539850217
635148098
289602826
543579213
448990331
651919818
302346474
447014899
77103004
592796088
72732574
256397743
473105983
205153890
115535256
643336627
506428653
643930874
363095365
195020914
85770245
410359126
4381732
329059384
235322386
574977787
546767819
429914678
591831081
303434869
172470933
543884919
0
510965938
642289458
635635742
38568713
423940745
321977900
340901123
412324428
573058498
210665008
434876936
328225064
500776655
58185425
343116826
168569629
172809040
443011269
227286123
165065302
663684397
482234945
380400126
426531950
435982873
82951480
298272241
526724751
141461368
723269
0
7194899
0
497677353
379897411
430491721
32765783
597699288
0
165942191
561182332
201783766
530940059
127488804
105512706
641512684
96930398
290340356
536415168
547137142
18812543
194671629
515825586
78762561
58538050
416945126
143281571
595222270
307222264
371855776
613494824
366235211
25953606
352168621
520758988
354208484
195894432
644095389
336087941
547541107
451000847
545264801
219198654
55348943
171554588
313244842
240997330
181067750
387907551
641100256
499298553
13422437
416124507
203588635
592788358
254883867
31764995
653692627
162727974
495697921
499080100
481600236
63713053
519015731
620941010
128350881
58000864
393955985
406536770
447709278
512171256
107329261
651791551
281402817
461039036
506855513
458718732
346236217
77647782
426135930
333958135
504926972
197344542
307346469
386045757
638570601
19190762
136836355
510564167
344454784
143145426
445156270
308063492
638196698
548862736
652561598
134835552
548103448
136244414
148651821
532096540
203846625
616506520
406952324
52617738
335990684
443078969
127859976
661849173
361798824
254980102
316601029
144940769
269174112
417233433
67951622
25539073
529067096
232427883
97095983
464039847
566824782
3834721
218261532
0
280150175
3451885
660987371
330169361
428235527
422457404
280954274
13755014
322044847
8070663
219403335
447000732
206092994
250393278
308983774
64298144
351309851
409495991
498998584
139627785
554334033
181809236
521613246
569290716
235673649
296314485
72705804
206425241
146551264
577360878
24076513
666300353
291947532
231636131
302681842
86086853
169852841
162652249
395950347
143055101
396307506
53508202
124663983
135321422
618990948
51826994
621447345
596304683
374226701
489948883
286663808
70422090
165541796
244639302
155737460
647082440
522206294
553985305
17140273
128766531
0
374480612
270514535
264854020
617536810
294451922
434800377
54483948
454597518
282476799
150597183
454644474
85655005
256400987
303214085
306548579
478771410
311795877
615345151
562997476
420389407
0
634488654
633135338
165493745
541377021
376363089
172103052
31377468
435986866
217701736
415424214
597729129
352538875
52130878
456825971
566325996
576691350
314478177
134558890
596185059
154044808
537501835
272768854
493495875
658491373
517910295
371042310
50012816
365046521
22627285
387641114
156019958
355069333
382011623
571293718
8886974
351390164
253087847
0
77984573
429315964
87003319
161580563
383993151
436522868
614249268
601417313
256047001
329761880
633410369
299990394
55550186
403436238
322718891
380452555
475179137
0
309299327
983569
466629310
6072021
629167172
514536513
582676109
461420059
52959335
606702101
217527890
243158455
582250282
198609477
12928941
662625614
305839260
546892170
483645171
509239357
353169941
250798422
626196463
562182711
539270157
232929312
516183000
199327801
225981974
563745060
448572982
116845976
553957027
562929307
643396806
113684578
155786184
385630558
239978927
411681171
266324492
605768082
390847427
473165565
494890563
199493229
52635300
191356399
247924302
515057897
185138958
436011379
589690687
183745276
458996632
82250475
147365434
489215526
538835552
300396065
328276342
306197274
273472430
296101508
612745833
93473536
74215133
400096863
515459870
94276203
187324169
528907031
584723634
615491152
167247445
36942792
519255644
121273064
557184764
138641131
456541609
636404766
144769963
123423903
516998665
577503367
117846253
619353875
0
333818475
592433996
221733518
488788824
189006718
149254204
230787513
654720280
233215929
155300937
232733275
589962190
50205160
142392221
524007254
467431569
76315404
643430659
205704750
117593385
471930923
215563880
0
369926170
476337395
5691885
112177887
607544301
653269307
355120884
7343412
384337768
74464687
547294791
160024770
363177178
100783317
136209818
556817044
221871942
303983494
462739437
235586457
488310738
548499461
610065634
20093123
287521242
316970061
519096886
89365226
133471955
342445823
345329969
84621279
411093669
396388890
335717635
538509954
659860175
565787085
425645343
124908398
116628804
67285681
579098334
78834661
614185037
279990226
146959555
417845281
579637696
478841818
636734122
488710247
598166724
651382543
220119643
59728579
477934232
505572755
168351833
0
461415480
390625620
166438256
353321034
429518741
390762334
460308534
498273249
564712137
0
568317715
16664431
18249589
32885162
438468390
0
590841691
287399102
532051080
203835902
41633316
235819732
541433685
607776988
274645754
238236539
208984670
71439454
181262888
665324338
422905518
242022295
62247451
157201197
249758644
226101207
489388965
85767069
596166210
353839034
270220055
489473256
78312984
626001951
570080875
323398448
67485850
390958373
313239128
410837725
11099891
457022120
508524865
649894171
648918743
88115751
519786364
53034935
130363839
354260818
87048709
139230396
490220204
462879262
631723049
561378670
515313586
346643291
28056054
574663436
591568534
281553987
481590261
501979085
105522410
640162368
479805922
653763604
435434915
565165642
149500516
652849107
454635094
412600291
44704465
293214914
498253177
176305874
569001189
345800150
378156313
0
326431987
220949760
98683988
559086721
458231802
548407778
35421736
301233845
373804874
218196505
501148946
647211009
540908555
0
212907612
277922673
270916226
316838473
538386842
340570611
444596073
384095833
343528154
594170281
589488206
468232323
533346535
22859342
662065041
229275338
150695283
286305732
440865102
119164641
253828476
185109449
185589155
174355623
146644330
588490521
471020463
262107088
550844222
431311805
112050656
245300375
121115632
380917370
143720664
536001732
394435725
128597940
324778796
310265799
445361833
560273766
537237370
259574006
486658700
460213844
641695889
405342989
371869547
561304562
605577808
663815298
432980512
279612075
189051547
135879164
546923056
530679909
563912071
469861401
126105937
478394505
80054750
547689835
305937326
552917913
2429174
40997792
225213727
185163652
299052673
164953121
556471731
621067840
199705106
608235567
0
484436646
561120124
495885114
108209822
602383536
204245254
424707134
600948856
352114235
275969007
351065270
228978502
619152191
504815711
42836734
486421986
284192056
627971546
181747403
0
640437805
316752728
260011190
0
307360463
348861941
39275732
228834276
46277143
453940338
567742463
310468474
30002972
569760659
174042606
455603960
519565562
653037820
432619839
306276114
170225187
122205650
97898066
187146652
568746016
204513370
511356773
504920073
22765220
596073976
125593218
63668971
374903922
67584193
516196027
608072899
262148054
461581409
168949485
287285477
124087255
386783854
18607971
635203792
382744252
285370874
457392002
398940343
246438481
589315874
481726185
500458467
204521011
199318051
1087079
123911537
81459023
400073845
260922309
230896986
131306966
504594435
322822817
415191684
124259147
194541533
355694583
134673949
382332519
441899111
491146124
660405097
325407130
637329439
0
266742229
501036506
181848727
226909348
452125228
107277184
90808431
279990644
584667090
0
586006230
636264590
589115565
465071410
148832765
471688821
297001818
138043425
28820767
189452276
414507271
575151687
273340024
600950279
635451020
491561803
621512308
350125871
113748550
485424346
200855842
397435781
90279184
426092775
590061515
356024477
0
200119918
480718380
308208819
576759523
17460466
581149198
19553206
319211212
647561147
306592806
431129460
390599160
100849924
452209311
351060137
306801715
25760258
394093330
34747473
0
410747562
430795913
461738172
389238095
3216984
595387099
261742838
643433739
138823504
227412920
50409945
443228805
100171856
373223734
0
396103057
518470324
82160660
151684974
645995554
