4934 4915
344665625 695292399
728320703 936960339
149754100 676355586
618716032 989354859
785279511 833724535
782304238 994726451
168224266 694002302
732330078 997715016
920565327 997231679
782214084 901504638
490648398 852760054
118290186 929507802
214824009 791501647
495849130 722217281
848122804 883741201
233589456 841638019
254106397 905216729
755134008 778761606
778614365 956979447
87359778 863041174
471780016 779150949
89300749 678546827
647609021 872750508
605253048 686649461
997312912 698574869
540543838 873585179
792213175 740803329
944375537 853535703
505224222 885327349
380096793 994479604
441056136 868458686
815387980 735007778
506410072 888894200
805315132 921330519
187589613 824052620
470227552 688604995
116725840 700484285
259846856 955381873
654766729 753796464
67185871 890770673
182020285 949093909
662667094 871850636
226267106 695349562
123727409 885805555
730076262 910024550
187681998 758503413
503403521 842370302
728644826 968537283
926852817 819669679
233580472 929003901
952047787 744535206
339108961 841218452
301236509 698710614
731189680 926089700
558419206 968404889
569746125 915034267
891992859 792607191
874734675 760832728
792438208 784887852
730151565 750721724
419313756 898758821
579679061 889245372
89400165 959195786
813326214 797159091
188947160 931527624
637990518 833301691
806496503 680452920
931351964 858341319
441039535 765542655
233694043 892442970
586583110 938680901
303111559 741086079
301284767 968404889
428861452 797159091
771028116 730004277
655301069 731788200
842979420 921444610
818485447 839827571
719915300 881952796
457339646 889037454
265764063 976453280
383975951 772729750
642417920 861040505
419195982 793299818
391058516 927450540
688915299 929848293
841287607 721708592
699021309 868021068
419335313 966267703
579908938 710716360
465078696 990224001
16386591 787650939
383961601 765325473
233736189 767248179
812742220 893088849
652400680 826337518
344524377 974086708
569650464 824052620
655313668 860837223
605397113 963442453
75907242 889488711
472032131 681015348
597166426 887646833
576512521 889955767
337184144 748208863
586690241 860837223
559269706 757801318
747139062 781118718
21749171 722048111
735044357 746210217
781008899 722217281
99212048 703233555
984952132 719637070
699122220 889037454
170045363 853784705
805437745 979422739
404804267 855121710
805310341 780613803
233600069 870298886
307303486 772497403
793716943 893750826
807235402 933576813
783596274 787022107
829232325 839827571
828074478 703653172
274057915 794215062
623756406 992804614
178892509 859886003
200048390 846459895
785689196 845349510
658246726 819669679
728524441 802641936
442795576 881933062
710122932 904251057
233596201 768488218
698940983 744019205
26814477 784171616
774223347 906870213
800581940 688264546
504974785 678546827
380032162 956400225
257697862 888894200
540659504 908839365
433707856 925102894
803578123 692959926
67114533 824793270
452514575 880777435
792156940 751510507
798751294 954370782
631232939 954645403
747047283 960098500
791945622 830760389
254048625 897673757
532615351 727123350
785801644 891348722
734429769 881257480
906802236 697089073
462175399 787998039
723860564 966782921
636148818 820012112
49012822 822572988
661971946 893612659
125636046 723296858
403884455 836845075
645218471 898981096
335698607 896582192
332419866 994424546
953385408 784887852
801407981 734728044
158510559 736232720
178765013 860837223
774531157 937645682
380128617 831749688
771145298 743223210
409036207 847661196
793706194 997418880
118193266 787650939
387190339 715354877
793720078 688471142
182075848 758161522
276076287 709825223
301212531 928545092
8301160 937645682
900668354 954645403
408888827 857245205
123736513 686031859
677506576 799294463
801470474 749852542
781157485 953952803
301174087 672999661
471774918 932412460
303204093 967504265
778488770 838444149
442916518 849077091
632413333 730004277
389314572 956979447
803754383 673162732
579554502 679185025
658282454 955381873
642415675 767964557
337264322 950646952
264596720 850849168
198960736 723296858
944356200 744874507
728370650 877673192
261810022 997715016
265737121 852906548
204663221 749696955
330582456 802993332
793788590 927735054
994160136 902709428
264520365 781118718
931695402 764198033
67174127 889916226
244192661 950854375
404810298 953952803
973891455 770937066
660961254 782670332
452542783 740395962
263841279 944106658
699354656 854262611
465238030 680198313
642396557 959133062
125888636 975369603
380257808 821038302
46916731 792550505
198962924 701908537
27793466 905304622
842034841 769905185
332319737 982740172
692340276 982405375
800518501 988998378
259833614 807604514
429228905 809641362
215595710 795884571
707995198 857715950
812909522 895025901
766648034 792003697
946734248 908533592
586483883 807472656
94234041 684138590
153949030 836405567
259842727 700484285
812731529 975175069
67775986 844613695
172247001 785497773
742758201 799675602
874735713 890836283
403897509 963442453
75947492 833724535
164555582 877673192
6803484 953641447
965995461 807904365
946650636 771772649
806236330 864416306
76151855 902361610
653556239 728596472
188732341 751013024
187606964 704738017
672616557 963744834
452642418 997231679
605420883 894092144
455604670 792550505
842160686 772624224
885105657 738464345
125977780 715885291
709873175 852760054
782223357 721711690
101393449 672174378
737129796 795880453
505168837 742363818
265556231 820862671
663694035 890770673
737223010 685885538
859151893 811169697
774601932 821754791
940469108 812847994
146102354 966149760
415554970 686229695
466599294 960793370
803720561 721259189
418774653 796120695
744929979 872850526
645332285 866949077
782144585 902636524
804529480 821855643
734259650 801308647
157037075 852906548
719893094 764198033
801392737 842853486
737149900 796206495
920425075 889037454
730131942 877910291
196170594 847223340
883128408 789160980
114593885 784613315
605349503 935780229
559146914 895025901
710066002 714370711
441015284 833558695
644921647 824049744
265756894 779861165
257776867 922211146
569723664 736232720
485999788 688264546
409003533 723047373
89244011 877718450
67076014 950646952
646910860 939222169
265554191 839827571
970167066 860143296
904188448 918055201
394872396 939849097
276167674 962603209
730127664 771036992
475899371 970720556
774467393 927281923
226085940 731450134
885241170 727047888
932665561 814923864
505149628 936385042
895986116 778511446
538803506 892442970
620073798 847223340
812710274 829381894
807204790 830148608
785341221 830760389
49453172 839236629
669484559 995552224
806000888 821206679
935876433 962603209
645158326 771732548
579959 899430129
99274195 930352044
503317141 810960506
793615233 798767595
895996116 960659532
226493746 948476149
672561665 854018858
125938889 818752524
700550168 787998039
728547633 712478678
737202920 941011919
728618436 902361610
988088424 847000045
627646498 805557803
393812628 813122866
808212802 888468160
828077273 681015348
710059431 967983101
485821014 666925282
89299898 734525995
303587076 900262315
336960857 925237748
497873716 696880195
487361931 915593107
655128414 757662488
730173965 748886588
597594522 706603399
409059981 819258062
569685050 721259189
710016310 674953009
384043030 842370302
485994697 951494922
172248180 793718346
374558936 966149760
257724430 945094211
723696406 864371308
883359276 930510920
715370437 832288152
114667776 888468160
122776197 814063411
332520807 963820809
480319220 734525995
569664200 780438615
441097030 765318356
188790335 740395962
177487306 802993332
950231215 974638778
812797480 866074392
83003645 779150949
944416043 717080214
921163288 880777435
953944607 704711674
46279700 713097034
77619862 715885291
531503296 956804816
988078860 945774211
244237888 696413212
384069578 782626585
198859822 723047373
264442407 694264756
465205643 680452920
265731830 918482551
785786894 765507259
783640238 866597221
672562448 795381770
404817436 721711690
579546159 822145448
380349124 839498330
785781794 931645940
894898230 730004277
75765221 704738017
21543077 689971265
76213015 838764140
404838270 959614765
570532295 939849097
339272475 936579975
874802871 897999121
782208908 812163418
617998711 998488970
953973698 750721724
696012211 743201606
138330838 817636086
423744818 729710795
952132631 719148913
806438889 783053803
797459851 771940946
472822684 992349245
441027897 872624196
646858726 818752524
26561833 905304622
885211576 723047373
719878792 843671654
792791624 731664346
674588346 916574463
952156029 889037454
233640413 841638019
879214206 847408533
337211218 916899583
126866473 885230036
851575003 995552224
408091675 946216840
828959427 895025901
730159383 963873322
337108655 831115524
654876692 794298143
77638618 727602674
709813769 901504638
125992582 890770673
17135413 835904571
89270725 742387182
813290946 674598851
116720502 846459895
367220488 695349562
130382366 763713926
854664399 670210171
785780056 929218151
465100621 695349562
440987813 679383711
952113737 692959926
233732448 784171616
303686507 936579975
806329448 767756539
357980482 780438615
471920349 748886588
658349233 802202237
257699850 864416306
952139716 886342844
290901785 991577827
497965358 771772649
658296155 729710795
559038512 862851306
21589478 859886003
182030358 721708592
301241783 715741845
586620927 958302699
828770120 891700673
465263920 748208863
214736833 993614045
264514976 858240149
103667955 976580886
801441223 689715723
471761031 855919648
276113489 981937614
244175393 940092056
785233929 907140061
798600988 790859378
172175532 772624224
224041619 837783104
874767284 672318642
540553270 852049940
253020384 766169779
116723165 997217943
397364393 918482551
418877569 766837826
918334266 832076069
742724354 717080214
688873102 904406323
931523140 681439030
737270101 687497959
21526688 819669679
986626535 947564522
782277967 795713568
126715656 732521115
540596382 870298886
188788335 703053653
187575553 918482551
761793711 915720896
577699868 787650939
170053234 941011919
5533926 688471142
265608152 674598851
723822787 927450540
214570508 892442970
226038763 915034267
645255240 916702845
440884051 965400730
42557276 681945162
615236314 765159767
890204204 787022107
806306633 709232687
802909220 879510490
581054868 838764140
226503835 993251200
807292442 899340845
730248925 963134760
399506809 822145448
220903340 931564011
806041122 793718346
380076706 884958056
168175563 768143744
102126896 804343995
423095521 794215062
780952080 744579962
214055242 857614451
793532067 700207043
944297137 715354877
344127191 818040793
842180323 961108490
503404309 674636303
233567995 904886803
301210754 821754791
776432508 986141508
632382782 948597564
503368047 835676308
127939157 951879219
471846625 879510490
782182056 930165407
148485172 860143296
356772334 907998145
709757704 798899687
198213806 751554488
781104879 776170157
753930411 927008998
48977989 715710195
292513439 948476149
570525499 953117597
187567290 987098024
697604308 785526915
801464078 715354877
75936721 735007778
46945277 901340073
774517143 806800724
832805083 744019205
952174703 835676308
4016351 883741201
643231441 820012112
485909110 723296858
643230804 993251200
263323714 918569440
240285575 814063411
795233535 686229695
672548871 929507802
257743491 996414006
468101743 879510490
737156209 889037454
931570331 985798207
778362888 858240149
900939133 861862839
198862766 982961851
468150612 769905185
805313523 869396137
783590878 956174252
282619238 838880799
952116237 832609721
931487700 770937066
956037703 820862671
654909406 693036296
356510707 757023216
252995520 691662173
20248567 743223210
642346780 981827821
635284031 900387174
730171074 840058306
952181701 674578752
713512584 760134777
569341189 842853486
214669775 726060808
710039887 989354859
123727463 804343995
202091074 926089700
337199160 885805555
332503893 982405375
959736155 975369603
615368202 754403712
164180062 824793270
766770413 815066260
203465973 680198313
946768308 866840455
160322037 780711225
452422153 745743734
800491791 826571445
920535714 859886003
647681200 892906421
569708539 998531617
485966228 867706305
162175152 881987332
972569448 778344789
116639776 696880195
486073981 805415858
730177800 888772117
900832378 974591712
415386821 850621774
636219038 976580886
658501274 682808068
172186501 997769937
225012133 708207116
276019683 726072021
672514872 962375800
266832758 805335924
586711925 943643761
116688208 690609875
252918078 834352360
597459110 837053125
214728493 893088849
226244393 765159767
699069652 860400543
198882951 850806801
687437245 840058306
828194826 792016828
747055170 965400730
770974777 839498330
21604222 925102894
344636312 899430129
37342152 940071850
597550694 893395799
546473645 710045446
172124164 849382209
745054664 957748096
813575365 887646833
46945641 957601426
728433434 681314003
36378071 785472294
226173221 820012112
277051792 830800025
428572793 921074174
188773863 900776009
658216238 801955073
149828204 810953219
729909423 679185025
570553969 892150290
481678091 768488218
188689413 871908924
642408568 844755248
803744860 770001922
828628415 811169697
953978975 838444149
658316421 772075438
655202645 693967365
471727930 892933172
656762838 799675602
21623393 764091349
728516795 701265381
275216740 998934583
801485203 877580588
792279365 909997146
339306691 754403712
828892521 918479914
303167276 721248864
198929463 756536021
75920686 922499335
806443917 703053653
605351515 884958056
215671187 925534174
308319606 901340073
874745142 945774211
730222695 870298886
772001062 795381770
292549400 781102024
153676815 861040505
676685731 847408533
126009927 855499502
895951808 931645940
730140759 690362779
956232652 801182620
339257196 929003901
488073946 841209600
276312510 723516698
647662272 912469810
303686219 834264115
770978268 772459649
89255062 835904571
267735791 853784705
226512670 833724535
927776993 776437514
48978508 916899583
874764570 932043402
808083862 802993332
774604220 758161522
631869125 930566062
723792507 748624310
900826221 796120695
314220182 994424546
503388622 847273456
21722179 722251779
259836230 837053125
894806399 739456786
900917559 868877384
620040099 985045317
351724306 836405567
503270081 811359415
748271913 776382559
782285184 769079102
162164222 912369504
351506133 971509052
482916546 849077091
737132556 696058124
897597657 807299077
955969063 815719383
264590523 700484285
269609609 962375800
415535084 757023216
44685121 732657511
259923599 885230036
801431670 993251200
380034701 834666272
510105162 784693224
774553521 999090471
952173619 969379785
196515104 727123350
901444946 670327111
931591891 704762299
76156013 799230261
166405094 933791869
187639868 795713568
575105719 992851682
415576218 714764522
170043808 690113461
21601184 836845075
199009032 990670006
812846660 713097034
330616521 819069291
790259059 767152895
452491853 681945162
442811978 834264115
847165648 835904571
658320254 879683570
709930641 887646833
497845236 985239023
709875770 871826826
380335430 966503070
274123234 936960339
485970809 844514103
589875711 900387174
244292441 873198155
806408763 780711225
893179283 801182620
605322973 816510007
114604383 918479914
253311547 704762299
250436527 830148608
940263971 799230261
452590857 797058270
118248742 994479604
688777639 879683570
710077213 899430129
225021323 740397625
465433339 957748096
620965113 823746906
233710084 956400225
172131967 787072486
320036272 787998039
733957869 744874507
945256782 838631956
292422383 837075951
646941074 871215031
719834159 860837223
861921374 681314003
408981404 987057975
806071226 753665154
196157957 904406323
196217568 707461619
797530382 851419659
256761209 871850636
225044624 746210217
931330911 931527624
440911054 810953219
973923094 851419659
618654227 906295458
570501344 905726685
763628406 716742814
504122130 693036296
77672636 679185025
586609786 830800025
827870150 836845075
801393990 992349245
615166371 817363044
330530544 999645634
586509749 733118140
605427717 968404889
609835087 990670006
808233966 757662488
781165442 930566062
338151413 701930648
46979108 998488970
785432718 843184910
292398485 801308647
883335371 806900000
468110202 827033110
396445057 837783104
400717946 733611271
11203116 732657511
579604207 854018858
648324304 951049315
67171265 804565250
643725369 910024550
393740320 770001922
842170317 928545092
727867944 968894378
394966506 982230428
244274087 844514103
617899142 671618995
452652453 698574869
276157418 682808068
559137756 799835326
244190026 923135202
30588929 832288152
442864951 891700673
828016778 709772072
292466876 709232687
827965799 829265833
244171880 819069291
806311806 961354634
677148964 705279244
196390989 838444149
244152362 907140061
85081280 818523813
124333712 825528124
806273867 679185025
289353934 852211044
782299037 674598851
719845346 941591478
58374575 839498330
44631427 767248179
734423295 876969590
617972948 681314003
344639015 686433512
442746046 811359415
148229364 793299818
116780086 908533592
988254348 760832728
99151590 691611631
655171994 741086079
596510561 831508399
66972048 815066260
419461781 990670006
36555271 889037454
579535631 981827821
870874706 838966002
267968751 685441030
995369198 771732548
734358172 709232687
944327099 680452920
805968903 961836283
303546999 839236629
182088393 837584233
642363637 931365757
16784365 864314367
254846349 764198033
13013651 888772117
535320737 933117245
885154694 735007778
682452378 935977543
332594134 783101575
785810636 819668683
940442230 929218151
783606171 934830852
198806646 729710795
801260008 881987332
719864301 956498225
715851090 673146333
194220069 795884571
744646112 841638019
952156399 673162732
821527256 974086708
618710390 935945190
182011407 960793370
581097912 950466106
746511997 713097034
393824450 724535140
719851820 971468492
931280630 731875988
396479110 772075438
774505284 691662173
803847935 894092144
749624613 938680901
907418321 999826069
244217054 969325612
292566769 924351331
805394978 852049940
106928275 728801809
742670526 727602674
268040973 706708608
264521444 967118810
253925691 691611631
172233819 839855446
330532989 805335924
118267207 882500718
403859808 851419659
404646588 908070680
226535428 683803410
172068283 703653172
317428396 994420875
785293591 914225706
974088996 907140061
192132154 828982504
4536189 945644895
806497896 780613803
75986611 733611271
415493597 882500718
754762035 894114440
735514138 904406323
46950506 672999661
579550007 873865869
581161858 834483454
252950405 787022107
114689942 837075951
77637253 728290437
384036391 965857958
587605922 681945162
708929666 815611790
428861639 929003901
116720088 820012112
785401945 955476320
215522702 906240308
194754312 807604514
883082322 921109355
642397889 776382559
806128283 981827821
442705187 915593107
303113387 847661196
783454198 689305735
332385427 960098500
884967617 996414006
267974074 719135062
415527882 708207116
21688542 888468160
797399857 863523347
303054692 768436029
267870632 860132419
678305966 997446195
645217855 720346797
586713575 793536798
442741793 837716607
798576354 716254796
579514053 932043402
723867619 793299818
597423756 840058306
406981369 827307834
188780498 900387174
806527198 883541922
617892666 753311155
384030358 791918951
944307510 744392117
27425043 965149146
224886430 792581107
785940084 872850526
778521654 904415669
35175374 736232720
36469515 839498330
728444468 799294463
734428642 935945190
276159224 877910291
484454663 870805957
699647792 921621904
806454745 811899995
181944983 985798207
967745392 949236736
87382616 804689086
730155529 898981096
579660056 860143296
642478653 877673192
462786133 929003901
785245812 868021068
198888953 838880799
276207556 944926591
632450660 833301691
253051787 910031073
318030943 705279244
44408206 880777435
187578263 994420875
143926859 934564834
169451393 773231103
327566388 981937614
475884853 815066260
332472790 666925282
198892009 998901111
54460637 985045317
656194455 914225706
953801724 997231679
655240634 841438281
874694611 819258062
393891219 860458107
380202068 837584233
267425083 742223826
615166144 816721766
292862879 821855643
783716113 889245372
988133584 695292399
615033050 756119483
452532218 931365757
647646015 954370782
669567979 907456772
931511827 946216840
442757388 916574463
146357885 941273896
32066357 748208863
808107686 928545092
257734988 740957353
182033949 934702154
745146614 960733287
49448610 684138590
497825917 672999661
801472023 990291213
182096859 826671286
226561966 737348457
188691502 711146120
842188303 820012112
503452441 674636303
118293725 933117245
589480268 970209501
99090774 927008998
46951788 790730042
99038213 978929468
920122015 978552564
452721775 997769937
396595506 668022077
301092183 809641362
792255844 990291213
736743936 958839397
471061645 736257605
465174787 802492856
21481198 900161559
396618852 768143744
669600911 788789944
468176043 695543039
215424039 709232687
172288907 870805957
468174207 799245198
76697388 857248194
215644666 740397625
301154407 841209600
641714250 768143744
828184266 748624310
344914683 805335924
828310181 810953219
883352982 789160980
483395738 975175069
259764413 771184944
618034135 689971265
409090853 951494922
485913229 946216840
276142110 778344789
617895493 980678050
146260196 925102894
226548048 974086708
737077498 935198774
586483503 846909571
979011972 935538699
114478328 818040793
663352353 688264546
428897504 736264694
10756482 877910291
589997370 999826069
900888080 699761520
586500243 768488218
782160112 837783104
393930068 706668149
900934916 768997060
259843387 985569860
792268209 982230428
244276197 904415669
972977477 850963897
792309410 772016132
900969829 811170168
87335964 674644102
111735830 745822901
842179308 933791869
489305262 935453856
193949687 691662173
203224692 697091929
793704832 862851306
123339506 797012794
224027953 830760389
946733467 792581107
586438128 678546827
951923263 727908755
205967183 935538699
172167484 714370711
226518305 824381964
785828288 873120154
292528462 961108490
252933170 744874507
946711326 820203908
842116162 693967365
164081369 740751106
99272372 894869417
123752876 993614045
116666666 818596750
214745735 860155902
946654576 858234954
309952816 985239023
198844927 807472656
586825176 819069291
372898789 923045809
719938519 854262611
503509477 783053803
485974987 725829022
259913839 900161559
723883749 888565080
970900177 724535140
586671156 953117597
44656726 879890114
944280876 857715950
944342445 818752524
828035439 815867871
303166880 805955012
655231486 816510007
418833675 837653354
303105432 958302699
869150790 900225991
737248430 792581107
557408729 712208748
900790654 784171616
394981217 883541922
441194442 860246680
792265585 713097034
783550140 811169697
801387080 767956894
842257354 871850636
441140004 766837826
505157440 868779805
303350401 885327349
187492182 745757313
384740716 791501647
99250762 783054835
537064590 791170528
645214813 902709428
734363262 717660689
822034188 748953696
179042697 838058813
785288680 802039052
803711039 959133062
624099179 918569440
87356531 725028011
48470104 887972502
415578855 777324399
813300931 960733287
75975092 725028011
288066870 788219064
950167311 849382209
187521599 828982504
716011487 894278099
805969077 681442579
728488084 854018858
793684535 812187450
730038425 737185429
393795191 684389196
782161663 871826826
27296234 843209035
749034092 784693224
80352317 951494922
12873565 997715016
813385629 933576813
646883835 871908924
883307469 790958460
798614449 942278368
404005676 709232687
394596528 819669679
380052835 776170157
988087952 894092144
900996908 749875017
806219208 957748096
233659868 894114440
23778900 753665154
46898248 873585179
332404350 739456786
771077879 997358168
226168470 757729108
264423051 988998378
170516336 842007600
798667787 816938536
960750897 689715723
428913409 908839365
783618658 766134398
286088356 967431323
523281124 758823667
77784002 843928279
139259973 881933062
931537572 687497959
785263336 930165407
842183693 872850526
353947578 830683335
317249876 844613695
818390119 983240409
115843683 994479604
940252546 862851306
798557413 936393300
330609215 753794733
771125745 918569440
728441144 686031859
828796404 841998951
253985626 963442453
116786918 963134760
540527478 893750826
429344397 853535703
36562598 694002302
570463614 981791303
636484865 669121775
503443096 953509342
76124249 872750508
331154374 919035681
46925950 807472656
505220373 821754791
419316167 743223210
547048147 965460891
786038648 672174378
322771819 670210171
114595464 858234954
988062571 972150852
398618680 843209035
771070324 959614765
225035220 728913460
785417923 696058124
428874038 855919648
940389481 807904365
618629747 728993658
301221282 743223210
560033423 731664346
396611603 905216729
465237599 807904365
952161149 804689086
87337742 812187450
267950032 929003901
954059942 761131124
475978372 987098024
828881650 906870213
596977273 924621370
188767798 969980002
807275322 815867871
114594378 855438357
276141818 749852542
178886811 898758821
233108645 686229695
415531939 849792750
419281405 876969590
698969296 938680901
679104564 745743734
869322118 871850636
944384305 965460891
485988661 818468781
807256640 707461619
615080635 780613803
264532035 976580886
859186001 722595814
418785684 742599512
894831145 932353602
919873928 703653172
807245342 855446550
748675734 809641362
800326678 910774814
617879624 997231679
267967962 868779805
719957259 766413383
394674377 675552724
783596281 941011919
187554996 831280723
686265346 916543501
404945674 669165994
332500240 733118140
259857725 821754791
408868013 733118140
782423559 962789150
801477350 961836283
226631977 935780229
920629636 678513526
441072519 741448860
452536673 838966002
47059098 894496582
646180305 795713568
557871828 693967365
301173336 776437514
807275339 776170157
190478018 886512173
276142983 758503413
781163753 811359415
829412515 853535703
458642878 842316681
793632732 819258062
226579530 784693224
485888002 963820809
688941827 873865869
569709950 965446042
645234281 780438615
629100854 815691655
384022363 965149146
268014401 984671015
740474482 994202640
586708110 880579873
419327957 780001844
335097718 816721766
76114241 827307834
428806315 993614045
395009353 888772117
172302880 925765803
187669015 779150949
465092242 732521115
182086043 783053803
25376370 933117245
885126805 772624224
764861308 734525995
441122443 957601426
647700757 835676308
828785506 907140061
344683750 929727219
226260269 918569440
292504375 925765803
252933142 837720853
785755566 844406501
973642926 961354634
728359282 990426342
688955148 709232687
605381839 932412460
187577066 817828769
931601090 860132419
224935301 764584885
339267707 681314003
108561326 835904571
233071281 908528599
818465151 900345170
883176911 817828769
924790452 725060962
137351536 720206569
586595565 805557803
940361663 685596977
226475827 811359415
642332249 734137374
643242934 779861165
14738194 753311155
123768164 700506754
807117026 985746579
645845487 848474837
615158126 744019205
244141427 855121710
832821962 930352044
252951642 704820692
719828429 887547754
783653376 970209501
87390403 682173850
846258216 985569860
783661663 807384764
728489904 818523813
710061433 815193365
55665667 955381873
489949343 913618028
798631629 837584233
655157150 960098500
214760940 872850526
428856844 671825462
806418363 802039052
188831397 807904365
303093358 839498330
900957236 684389196
116754232 834671509
719952659 965149146
191445916 902709428
798571830 928501981
582697292 834666272
87354559 881987332
215329610 872988117
570390890 753794733
276565660 936385042
643241265 731788200
214784733 811169697
952041980 999021832
728421046 913618028
540884575 706603399
226514192 813982904
801344613 681742948
832721421 948825581
646837456 956804816
441034410 706077070
874754002 680198313
465219373 843184910
842195529 769079102
215478823 906240308
348335558 822145448
503565202 958289182
339179250 916702845
344618738 808456825
15341350 683029798
118246060 928387187
774452419 697695584
233689548 985798207
233680140 766451038
797390825 815066260
883381425 731450134
782185737 766134398
946714491 791501647
783568688 684138590
774517306 766134398
654872482 802202237
798486581 678546827
828190654 887491200
952199197 953117597
246325173 979197833
118307019 802039052
654841957 877673192
207459305 740957353
812692366 968894378
495372013 843671654
254166531 699761520
36443425 930687772
940413643 700207043
254069695 686229695
828008976 852049940
940333771 801308647
257782590 749696955
786082928 754403712
828778448 735089299
677409668 879510490
882879702 915720896
940293721 992349245
412833338 880579873
643228782 844755248
688946868 795884571
785783336 883741201
233578110 980853718
882978908 995880878
618783626 950466106
745821881 927450540
172145029 823745132
651959422 772624224
874778484 734137374
513007199 771772649
337138640 821855643
544775059 979422739
903903533 928240443
441059718 956979447
896066346 874097088
350683981 871215031
417960789 970720556
931665417 807859025
605383735 746852438
737148193 971509052
896057609 871908924
169935048 744019205
503363606 816165288
344837340 900262315
77726983 962884404
416052451 673162732
807179161 989354859
688986549 807384764
942120364 841998951
301234014 976453280
188794188 666925282
569665987 808648423
196271068 946086394
483701765 959195786
461385576 892906421
522754957 767248179
344611112 912469810
265719460 919035681
331282950 880358008
452559404 868877384
806462319 888772117
333703680 820862671
772351622 788892478
409186862 842408222
480352239 826337518
21594208 945094211
485945468 981827821
130828644 982618842
471786093 813726674
571194855 930352044
475984956 841638019
798618972 889037454
579659995 908839365
404889420 807859025
655192602 841516650
418902281 722048111
781025739 950646952
813240801 712478678
998018201 780613803
931563459 876969590
932712128 826221434
465219105 775789926
728400873 791854442
77722678 768436029
900848189 995150709
805993846 989611954
444298451 835676308
745073601 819258062
468138022 824052620
485502266 897673757
643214510 877580588
90127575 722048111
806140110 916138171
781083072 893612659
783681604 795884571
728528314 773231103
617955806 845658936
579664995 784887852
503470387 785526915
900883242 831280723
416247058 832609721
881374300 967983101
646829933 799835326
885064823 732657511
813315800 967093588
447840745 837783104
244059052 934564834
181951213 785829267
710146378 870805957
404664384 798767595
206314533 729433346
709898419 833558695
68105322 885805555
688973463 893750826
87410089 702314079
267982845 777062193
586503372 976580886
338898542 683029798
730222642 866949077
828190612 910774814
807180522 766134398
963491854 905215361
781252700 758503413
591553101 895025901
301270991 995880878
686770952 838631956
778502647 784613315
29513730 819669679
781160484 844514103
394916878 716742814
99185501 671083260
952067404 741086079
900853776 837720853
600881912 796120695
48632941 756536021
86115010 699673306
178813158 968894378
492374933 894496582
75898719 936393300
579572593 974086708
973955725 916543501
394917627 676355586
453000757 811899995
511531641 874632018
730159120 797012794
785929069 824381964
403808392 688604995
417775187 777062193
393717894 727908755
195090908 681742948
952094401 784693224
615238821 704711674
187553694 707880649
709804406 707144345
87358944 969598138
303286392 905304622
408943224 831749688
782074762 689305735
257745570 693036296
415573096 745757313
308997978 922211146
895053065 928501981
216724870 825528124
214765644 933285170
618091107 994056831
743306202 799245198
339410907 995150709
449065371 862895821
428852474 868877384
688979877 742387182
383368666 670327111
408995005 877580588
114670594 792003697
618625059 682808068
368346899 818752524
728494209 821855643
380276021 838966002
497889107 799294463
952103315 935198774
569503572 775789926
579511442 799294463
441112179 700484285
648704844 967093588
312214602 921074174
49160957 951985029
760656106 852871221
210213974 795880453
828145183 979422739
973960963 842408222
874687854 740957353
380622064 931645940
806439413 944926591
618704629 995880878
184720115 893612659
356460718 935977543
617912582 808456825
344577352 816165288
658242707 758823667
259901816 843209035
704055352 687895651
442728558 787998039
569995371 950466106
772132342 742223826
699074123 866074392
322892920 816938536
46887714 695349971
797287762 796387824
540469024 985746579
647672263 843671654
268077160 728993658
440901927 857715950
225017544 888468160
242265771 826337518
188853611 904886803
329692416 698710614
339419833 808456825
468196272 932353602
797303663 828933934
380097949 732193683
728345989 812847994
839481992 857060508
582262663 721708592
645253230 885327349
601054114 895025901
526683644 783054835
642359246 985239023
672479583 927608167
920555170 935538699
869615454 731875988
914076879 795713568
774551806 699673306
303575459 883741201
920510569 801182620
800644725 750104022
877639365 823549057
303085969 748953696
774554637 900345170
646909528 856874115
404900444 873865869
782155133 670327111
710034700 920278945
737265146 742387182
920407271 975918573
864748607 874632018
89370184 802641936
475978591 855548627
658357053 855919648
730021645 679160004
187532754 847661196
840988473 994479604
931316996 968894378
801519733 705770128
123789602 701930648
837642253 783950126
719880623 977234497
850968264 914145476
783584216 925237748
37529217 760134777
745067891 840058306
627581797 945644895
813387938 706051723
27893298 766698536
67101845 768842549
196259878 871908924
372730160 948597564
792283437 795713568
632395967 966839174
244324856 765159767
956572137 932043402
94369760 689305735
384019186 772624224
470376110 824049744
233558019 929687629
886689922 753629716
226554833 709772072
812769895 868021068
643204037 930510920
806233170 901504638
874253876 670210171
120944096 756119483
442886754 697089073
883451213 878523740
632349330 830148608
774497658 844514103
806459926 719135062
812683856 951879219
46881532 848944062
214727861 838631956
503373217 814063411
719830855 850806801
931251362 754459174
621935110 794215062
442735918 719637070
540545815 841218452
37783503 779150949
455705625 900387174
709881844 999090471
742660291 724535140
252974228 813726674
605896028 735089299
347332676 821974199
699083172 877718450
517776855 850470066
710043557 823549057
654916199 853784705
276068333 705279244
450372115 985569860
646984776 928501981
396492812 876969590
44524183 887491200
344629974 714370711
619167930 707461619
815963146 714764522
666567256 914145476
782229159 738464345
940313713 899430129
114570723 997231679
597488507 910024550
655223874 858240149
233765196 796387824
188485698 958213575
812732648 905254112
986475187 959271556
337141544 990426342
214728501 707440497
661465094 716742814
669491036 803301152
979804437 831115524
778553380 801308647
871930028 798899687
946553634 720346797
669429382 768488218
946097100 864371308
303170405 788004087
605439796 860837223
330539250 977626459
918790009 711637688
782058087 813726674
47096033 927008998
800542066 742363818
808147640 943643761
254211993 818468781
178924338 929003901
709788622 824381964
509626545 922211146
76029338 860784572
337059506 916702845
931423837 958839397
409019998 802641936
252441373 871215031
778641536 768488218
12943911 939222169
114616957 981791303
339268287 719637070
400648807 908857652
465161318 765542655
894748281 934208968
654875630 960733287
812634350 894869417
798589956 695292399
188810557 821855643
885223332 740751106
808152261 838631956
125989125 904748283
339185200 966149760
540412012 892575327
646967965 783101575
730287674 850621774
643028662 816938536
645295378 903739240
818449277 695292399
301262358 981937614
800631256 727047888
458734779 905458360
807275729 826571445
11830465 904668498
317048608 904748283
339271704 849077091
233722071 834352360
38429735 671083260
618821421 910774814
904340656 672174378
559180437 985746579
800555612 859886003
728389993 944177459
754978925 756119483
618755556 944926591
21649411 951049315
517695589 959271556
742777673 797159091
116626128 702237199
36546093 992804614
769439874 836172529
827946535 719135062
953988252 868779805
264509388 717300599
730128420 804565250
689043334 740957353
986486261 672999661
946754681 822685226
76199731 821038302
805399800 997231679
253999876 985239023
363370605 784171616
950698208 748953696
452552898 997769937
485935175 947526852
844032028 900262315
931696038 838966002
76200789 676355586
332535167 943481798
187538607 855787232
793703542 691611631
196271155 743201606
337156131 886512173
127323861 847273456
332459886 699761520
801433853 802641936
20665673 814256319
545945696 803301152
702753866 936960339
135364785 894092144
182033425 890836283
801370546 706051723
65665586 764091349
178923539 740395962
330468932 798899687
778551108 855919648
801332724 775821426
728528142 932412460
217154358 975175069
339291738 705770128
642364742 901340073
828889313 963134760
552283636 686433512
254074175 909671819
330512631 711176183
44507829 869396137
373261053 864314367
486128686 695292399
339349537 905726685
225043159 841096879
484097315 908533592
803722284 999826069
748775121 957299858
279034677 707144345
559038240 776382559
125054953 742599512
196120330 802122440
688807515 967504265
75933353 761131124
395012099 913618028
778505805 856421848
267966243 953952803
383982522 999090471
434775538 795884571
380055856 770937066
627662926 715741845
646912993 791170528
806273956 767964557
655202316 737348457
396500660 872750508
580642381 796206495
812895445 906295458
555595544 768997060
59130942 969325612
730176413 889488711
931392613 902361610
645122835 805955012
620387645 982405375
688994950 736232720
233714304 784171616
330535204 908839365
597526948 893395799
76013684 959195786
796169735 946167318
896002804 775424724
896268365 717300599
627633020 900345170
87378268 689715472
419314469 693734011
67076276 720206569
645216209 701908537
710160085 997715016
244267308 999281493
123751287 670327111
428819045 897673757
46513766 848092281
952133383 681742948
785782969 852871221
931381713 837075951
252934713 753796464
782191753 886599976
559049929 751506215
854793293 886342844
818458068 968404889
196259561 968404889
257811728 833558695
940463592 780402887
26090276 980062289
918748652 978929079
214734338 953641447
952531364 963873322
771060046 739229092
549464081 972150852
339334749 727602674
635959157 727123350
257889761 693967365
723778260 860246680
568683717 939222169
803761264 788789944
730164136 912469810
108370539 685596977
781120232 928501981
380318487 902709428
419165564 816510007
380109492 798899687
214678560 908533592
798480798 790730042
931556642 844755248
292456733 809240403
114548278 872837697
807357866 782626585
736796365 683287470
419245112 987098024
813407070 834352360
224853758 873198155
303579493 698710614
643246984 918055201
276162933 668619665
380172324 918569440
722082971 869624151
719922428 692959926
786160586 808648423
409101693 934564834
699035386 736264694
774532656 987057975
349359581 934830852
974062166 725060962
9505656 935945190
531199557 819669679
710112331 842853486
570427385 886987195
428845506 811065989
252938939 813982904
654917607 766698536
946692090 732193683
570560598 811169697
806278949 809240403
404853505 753796464
647648113 685441030
118281224 701265381
774596806 965460891
178847850 933285170
709970968 944106658
416296743 706668149
841242481 727908755
593045165 927608167
698608845 836172529
546464627 926866463
135564777 848092281
618703301 994424546
801549369 693967365
418834598 761537512
885147738 904443658
118250178 928387187
672564103 746913477
398272272 992851682
785435991 868458686
226616391 847661196
505164483 929848293
556399277 889955767
812830602 871850636
337095866 894114440
601733836 935945190
268012247 788892478
807225316 959195786
397346893 737185429
77572754 977626459
419281825 906870213
390647477 765159767
80651115 820012112
905710736 927416821
226498329 924765892
428834720 795381770
828687832 743201606
688892098 774668858
126047697 788004087
615238430 839855446
226535397 825528124
699061960 991454117
358323563 837783104
440910469 681015348
806414276 721248864
813416879 844406501
38240550 982961851
172176317 737185429
396342586 808648423
737119748 674636303
895070730 906295458
503368418 675552724
96981986 984068955
618743338 958568458
328240221 819668683
106469819 912369504
404712910 815691655
505016105 841516650
237706248 720440740
543583752 837053125
638936229 866840455
441066146 772729750
812736048 790730042
263794098 849382209
600416619 970209501
883346176 904886803
704597888 936393300
586724098 679185025
786013532 831463337
991884416 814256319
214708792 802492856
658388870 722048111
786046722 889955767
900966611 956804816
410468767 772729750
730169392 921074174
813467626 717814904
918686650 907456772
618695284 879510490
123203918 916899583
797750410 963820809
771612084 684138590
404933765 719135062
883510232 977234497
801405019 804343995
48974691 708207116
931589703 806800724
642281058 834352360
793639837 695543039
874047214 904748283
178850007 960659532
123716481 749852542
214742430 719810347
244199928 950228040
988077088 683250706
817956192 821855643
382259811 838631956
303699480 843928279
828808948 975175069
135573928 830760389
214731653 997769937
643195833 812187450
709790619 957601426
325012764 807604514
813439626 759294215
161685540 839855446
793588626 921347920
292506391 753629716
716821869 737474841
771029584 687497959
38111149 758503413
206026001 681439030
412642185 764198033
330532849 771772649
946692138 969379785
475986629 673146333
785270045 953117597
952085591 893395799
253958163 850849168
894747896 892906421
76077280 855499502
48981776 768488218
627612130 846909571
747076800 766916409
805401323 860132419
742610054 918479914
259863826 808456825
44688042 930039950
746951812 872624196
785263394 787998039
748391130 756119483
798503857 892906421
747096332 893612659
344601759 705279244
188789931 812451448
344569120 727602674
890976129 906870213
58650328 860132419
125901088 939849097
618770314 781223690
404745043 707880649
136052500 824793270
219012311 745981466
486037675 887646833
233889244 799835326
942608175 816510007
774622469 816165288
123776984 716125166
998377548 994424546
503873061 905726685
505150202 986141508
252973142 753796464
904018403 676355586
996949569 719810347
709947296 831508399
301229087 745981466
722668798 889916226
597369690 885327349
785688122 778344789
116945349 855919648
468086227 805415858
226446872 921444610
170022487 953641447
99154356 815611790
805351873 930165407
813385808 820012112
716737408 974591712
818589711 731788200
468120425 923045809
254111110 712208748
442698406 826221434
488199117 962603209
503309674 969598138
215516104 929727219
793734568 921444610
874790882 770001922
786097986 802122440
883062182 795884571
486069695 732193683
446345763 866840455
900921928 830053751
172220180 989354859
597418727 976453280
403902936 750540527
801557824 999281493
297959806 861862839
813453386 700506754
442832947 871215031
801432584 750104022
36365416 981791303
116821337 843928279
742777169 918482551
883422858 908070680
666110868 930039950
452558039 909997146
254051992 975918573
303576956 915714296
212782513 785539756
801474894 894496582
505121241 900262315
379966064 957601426
709654519 775789926
28633468 931365757
678152626 694925205
170117188 703298259
396445011 963442453
569539000 812847994
643915652 997358168
540451385 863523347
252988767 857060508
834195795 834352360
548262082 902636524
793712608 734728044
38674141 853784705
647742131 740395962
828062021 816721766
332447425 922499335
178893192 869396137
699131237 828933934
953974592 777324399
384061581 737888757
188800110 717814904
118289774 744392117
259773411 688471142
792377727 823803936
118290145 994726451
358023177 710907558
540483121 672999661
973957567 736232720
802662865 846909571
47058586 766916409
900885714 758823667
885102406 987098024
801452937 749852542
944505277 966149760
774633619 912248477
669412285 997418880
344559939 908839365
936286341 997217943
301075136 751013024
742725011 950228040
497817558 832609721
309245560 785526915
645171569 831749688
471730255 821974199
597489333 965149146
15245803 678382219
632378963 980678050
75945212 928382034
292550813 860784572
686571484 785829267
349524737 766169779
196260848 921621904
301360096 995150709
278618030 955381873
627656814 729710795
99157107 683142898
337101932 915714296
710123140 817636086
551842552 982961851
213273546 810953219
894521079 736789497
896057529 856421848
654792636 754459174
940481429 966782921
170018190 949093909
658363500 921347920
413172501 959271556
720157602 953952803
890726806 969980002
899333757 960793370
627702923 768143744
756201726 795880453
647695232 699761520
813551624 858341319
944297972 844514103
226501401 941273896
569742362 970209501
514731460 837584233
278251329 756803106
118183862 716254796
747096368 836172529
543252336 884958056
265726555 866074392
384042039 855121710
605349872 946086394
605272469 788892478
505183905 744535206
586731011 783054835
471773810 772016132
808104788 707461619
114647615 821855643
224993531 904748283
394992655 974086708
176941446 797058270
605970257 811065989
973951663 867706305
920434106 732193683
36471434 735007778
719908255 721711690
771091241 905924712
477841954 834264115
505094271 740803329
583569757 976580886
713926340 715354877
828855292 956174252
974038927 910031073
403801720 783950126
540517679 997231679
267935951 914186108
954048495 757475171
521559585 811170168
883279294 958568458
505066414 966149760
883327415 717660689
276148664 992804614
728367372 754459174
896012435 756536021
214661493 967504265
930601467 703053653
290974977 823549057
874773347 894869417
380259418 810953219
655088772 783101575
737147030 783712951
214742553 950854375
903313456 896582192
745071249 729710795
798652692 880777435
328986273 689715472
408964583 792299431
411991356 746852438
618572985 666925282
713259743 797509250
441158086 727908755
940389365 958213575
67065370 882104584
619879685 914186108
710089614 999645634
669505748 850963897
818479635 737888757
813437862 799764187
301230780 704711674
910244467 771940946
344557245 892150290
344655516 711146120
220875890 816165288
255152422 928382034
250188192 953117597
109065009 781223690
853317911 842408222
745817361 873120154
254067372 938680901
39731432 770001922
933365806 996414006
468056960 695349562
645731758 942278368
126048312 805955012
959094313 853784705
642441284 915714296
428862587 756536021
943672622 797012794
710099919 925765803
682298482 836218708
233831329 707440497
478990347 792581107
803807791 945644895
233761941 961108490
247872577 729569704
419316700 738464345
99153232 930566062
842102882 744535206
774403513 828816327
586354331 724535140
505070266 703298259
412363482 721259189
332482225 861040505
6729890 852211044
805435049 904668498
801411886 906870213
465275000 937645682
59307437 685441030
577012774 734525995
196261650 957601426
116690954 886987195
503376957 905924712
710805701 910774814
618010011 947526852
807286215 919854362
21733631 809641362
244223931 770937066
730223291 838444149
114726252 735089299
123730150 876094388
118270959 847273456
579580392 737888757
793690028 772997821
723823175 690113461
805402423 737185429
768736129 970720556
380106687 751506215
114607791 760022851
654915750 847661196
570450770 899340845
615228518 798425001
257665417 823745132
517586457 742387182
627662146 822685226
586502778 850621774
315954320 704762299
774644042 810960506
605310885 855438357
737073647 811169697
778457746 887646833
605334286 918482551
404756550 999090471
559068382 741086079
742679927 902361610
940403393 990224001
808017380 837720853
615200327 859997823
788884947 764385002
284048550 839827571
949240167 901340073
939157715 877718450
471816702 859997823
276130919 880358008
828327705 857614451
338188861 778761606
544839515 936960339
597560832 710045446
734221685 820203908
344544634 914186108
774440302 765325473
216518756 768842549
734380129 956837818
642390566 794215062
946848497 998488970
931370639 924621370
475961468 713097034
47073090 866840455
362397969 704439538
823758847 788219064
801315350 862696354
883084600 749875017
787705090 683250706
958124496 711637688
178834587 709201142
428853290 821392734
403866939 705279244
454402719 820203908
215513993 683485046
293138288 943481798
432872982 720346797
344644029 780001844
792161391 863523347
801457210 847661196
646783819 818468781
737162746 826671286
465304245 897673757
734391664 818752524
393884414 886599976
792273312 928129658
797322651 793065068
180449100 708207116
7883942 962375800
479364289 850621774
89163428 793536798
337135548 802122440
885083964 669121775
36425678 693734011
828400690 969980002
36519843 939222169
995121544 846459895
931300036 870805957
540559709 900345170
734415017 805335924
339244903 698710614
801427260 987098024
114632550 757023216
303251407 818468781
396397315 783596488
669641803 998019189
231294445 899340845
806463038 944926591
742621227 929848293
729952914 836172529
801379755 910024550
265667590 829381894
409041129 758823667
658455082 994726451
928524054 828982504
745041178 968894378
75993456 915034267
233867960 930113435
658442194 801955073
655047356 860784572
170130712 852906548
645272076 792299431
684265548 965446042
647775058 930039950
47000767 951879219
730951884 828982504
654948588 849382209
828850443 915593107
655202594 719135062
885085379 688471142
953935424 862895821
316946447 799675602
215633127 798425001
785812378 934564834
486021075 928240443
118278182 791854442
393789297 955381873
798645944 912469810
7240790 836405567
946665909 902709428
48933579 767152895
187559476 753794733
643184899 907998145
559144316 905216729
471715429 763168974
75541972 997446195
808295429 735089299
87365386 740803329
615182601 875607943
187409031 915714296
415424408 797058270
276176799 864416306
381132524 814063411
841275715 683485046
172183211 828816327
952129045 930510920
669613211 805335924
612443220 900387174
133242649 983240409
920752526 814923864
778164386 866074392
818503826 753665154
940345741 836172529
914792277 791854442
233837076 874281959
728123034 994479604
311317244 947564522
325872033 796387824
123749664 697695584
233595206 671083260
802008703 740957353
973926302 681442579
344718988 951494922
797821063 802122440
123431827 852871221
477211993 828816327
519293716 840058306
330699334 916138171
579509486 823803936
586651758 905304622
90687465 722968382
842288088 723047373
394961707 927281923
393857967 827208388
390408906 716254796
828069723 703233555
677911614 995725043
494453847 940071850
801400342 831463337
971525935 998019189
25008371 805415858
889885518 921074174
131267000 711176183
882979088 912469810
941749105 700634673
199821724 987997528
897240403 815611790
617945454 779861165
559228930 755009261
252878085 831749688
415500633 851540902
828771379 842007600
599361838 942502285
115894107 852906548
805968845 774668858
505486745 757475171
485957854 990291213
463452318 851566079
126084388 941273896
291170948 772497403
336892228 855067521
864719946 907372115
901856373 842853486
979331791 913983888
452603334 788892478
419350944 981827821
654000504 904415669
442729622 766134398
805520564 835904571
503377680 837653354
968055831 855548627
654851119 828933934
76011874 799294463
265804126 688264546
954002486 862696354
764977630 930566062
89279200 946167318
253998323 955476320
842110681 734525995
772000909 757475171
699001706 951049315
30766093 945094211
793755977 737474841
828009334 815193365
786002512 805557803
807141307 774668858
207623240 837188635
119271241 758429596
883053599 772075438
380151817 995150709
813323108 927008998
570505559 920278945
249167519 967983101
801261084 850621774
944328882 706603399
783579542 836172529
900994437 697091929
893364816 993338631
672562539 881952796
60918673 767964557
801397094 790958460
818517228 987057975
910506635 881933062
883375662 913983888
540599694 905215361
46935370 826337518
178858014 960098500
196235849 728801809
67111220 727908755
893362825 785526915
87365560 939222169
883048456 779861165
700804517 798425001
500788829 683029798
931315324 801182620
415551532 887491200
275547535 852739530
393847714 727908755
797299674 712208748
606976974 892442970
144589848 874097088
465198866 888565080
76185523 892575327
974024200 833301691
118390761 883541922
709640528 815611790
627322791 679185025
301063588 854018858
615203742 848474837
883298785 772997821
828177585 855446550
654908347 900776009
418741009 900225991
337153099 876094388
380319482 904406323
380106788 748886588
396546484 830053751
226119399 846459895
940520577 742599512
187518196 834671509
882594978 989354859
797459083 841998951
586659800 686649461
836668589 899430129
200509482 858240149
931578434 837584233
627640090 948597564
357920065 892192320
747054600 682804065
483711113 822172069
944297868 681015348
25449074 934702154
226164775 763713926
801497959 767248179
627628738 672999661
303493677 860784572
453939865 792299431
214876598 753794733
44656253 687895651
224965649 835904571
785239887 841218452
866534918 715885291
225026609 979197833
588533461 772075438
730128249 671618995
812851778 772997821
419307371 703233555
785850509 720346797
419301277 720206569
36482976 984671015
990967067 687497959
806129458 850470066
198854016 990291213
782028042 981791303
590826984 925102894
780202885 979422739
404725748 743223210
585012128 696058124
865251995 685596977
627561155 767964557
259841419 870740576
709746249 876969590
489957394 799294463
786139597 750721724
559110156 939849097
475980549 731450134
781157994 837188635
244298428 948065336
684696125 809641362
292544263 898981096
734428183 722595814
734378935 950466106
647642232 815066260
512524608 791854442
344690376 771772649
700939088 907140061
332116194 819668683
948535335 905924712
883037446 818040793
952109159 729569704
452423710 681945162
403829943 951879219
558934752 858240149
151453773 859997823
403846970 766451038
655158907 893612659
745109157 928387187
638902782 798613617
336418819 994924678
419451885 793299818
801424830 796206495
80666791 818596750
785277060 880358008
646893767 987997528
730174883 678513526
394956657 916574463
785288585 939222169
158292014 799230261
692107853 886512173
570514000 855067521
332408630 981791303
99194223 818040793
885126173 764091349
657306421 866840455
808070247 852760054
708423723 757729108
655329540 844406501
404931255 775424724
215491934 790792345
806249079 822172069
586362036 953952803
874799634 672174378
241142241 894278099
356435402 955476320
874781653 717814904
226147493 960733287
113486841 757475171
700120813 919854362
737144225 808456825
133847607 729433346
303603896 764198033
953996228 882104584
569687835 950228040
176513468 887547754
303685023 735457450
925584837 788219064
946731751 687895651
655139435 817363044
414256820 704820692
16162841 690609875
196292507 847223340
116738808 700506754
818609067 764584885
966992766 946165710
931327895 813982904
123660637 990670006
951936030 715885291
579533675 925765803
842123951 685885538
497728170 753794733
786014104 806900000
797318207 961836283
931299246 910031073
737218612 945644895
778468443 860132419
669415684 858234954
747080621 802492856
792299370 841096879
476113821 744535206
87363904 958213575
672559206 713097034
269984461 764198033
503308121 976453280
427509543 792299431
357567847 988998378
856183764 852049940
828846782 781102024
885219783 802135961
906722212 719637070
465142827 869624151
196090314 982230428
19717615 745822901
465182065 844613695
672568495 889245372
807268176 740397625
259743210 838058813
349517674 757801318
778060590 873585179
187726524 742599512
244082987 995880878
793620020 821392734
809649176 809240403
730154442 925765803
487382672 719637070
574535134 819126333
441028319 694002302
404778598 978929079
264310874 837716607
618662430 704804687
393874670 926945948
523690233 732521115
465202042 699761520
111115247 839855446
590822534 748208863
36469569 994202640
691604803 679383711
672517257 963134760
55990815 982618842
882968904 855121710
198885409 936393300
226442448 689754746
415604966 710716360
442629616 694339339
834160563 852906548
845931101 838631956
806457134 874097088
728520954 886342844
452584912 942278368
801392736 982740172
660867048 901504638
874740694 821206679
408987968 935453856
818463049 739229092
665122663 844613695
170109291 826337518
344615498 767152895
114609287 885805555
513414575 732657511
874902169 721711690
615322298 891348722
226034047 854018858
345078780 852906548
711777055 950646952
812785444 758429596
807200640 688604995
326191830 907456772
380074343 734728044
894891865 751554488
778652048 894278099
830687426 925534174
126020541 758161522
730256260 832076069
633332366 706708608
87297044 814923864
134226453 668022077
801407546 872837697
605398634 732521115
418724600 892933172
76166317 766451038
276173533 969379785
828158074 945644895
396482876 895025901
419329318 994424546
469544728 876969590
505161287 842370302
485941493 799835326
771057505 887547754
800565049 811065989
798609021 977626459
396362575 842853486
720035766 894114440
778493198 772459649
292634901 990224001
246528607 856874115
792271261 673081509
792271991 967118810
198987923 811170168
67116348 682173850
645107857 813726674
10586360 707583126
579689725 831749688
658384567 682804065
832143672 691662173
801313303 860400543
617895348 974591712
476068218 916543501
796999455 731875988
669518274 737185429
352115317 830683335
301190281 745757313
698993772 806272442
920496737 745822901
728518055 813982904
754339193 887646833
920526146 920278945
774499524 863523347
77674279 784693224
114578795 715710195
878767179 822685226
846191909 951049315
244330127 845349510
214720852 826671286
828012510 751506215
723756812 879510490
404778892 855446550
452542902 821038302
36490397 831280723
912213566 788789944
244193405 998934583
257790836 965035130
171380994 982230428
43149162 999826069
301206588 678546827
973989130 726072021
883014789 870740576
226161127 962884404
933765196 888894200
874056755 830053751
797630884 795880453
87419723 831749688
672552790 768488218
771083904 979422739
801557976 709772072
373846498 816165288
492360044 677848082
806430041 823803936
894769817 862851306
403738485 794298143
737156857 950646952
931546373 909997146
455878997 702237199
276145800 963134760
396463255 738464345
548007149 893750826
497842339 812187450
511968008 938423814
312695974 817363044
589638691 905216729
951380366 891348722
252889894 969379785
642461620 783053803
766213200 761537512
226205628 695543039
628862389 871826826
873614631 969497795
672548977 700506754
456251941 940071850
920971747 694925205
617954850 942502285
728544481 683289662
302137383 995880878
793706194 895025901
139476337 950854375
827972414 863523347
959648053 729433346
813382529 707880649
303613141 965400730
628031819 837188635
586681785 855438357
699076972 897673757
721046287 835086352
800575178 914225706
618762224 959133062
339367978 862696354
931277927 850806801
276218643 959195786
252815680 844613695
737166124 729433346
391711768 749696955
724460874 707144345
468155525 958289182
226201315 978929079
882770244 793718346
99153595 866597221
170049789 792581107
785819593 727047888
894967548 966267703
806388310 783054835
475999024 765318356
224917781 841438281
426682942 858240149
785784465 873198155
36360158 916138171
604867150 832076069
730117824 729710795
987619693 893395799
419386124 990224001
753676233 894496582
646457837 858695262
359972164 802039052
325184791 919854362
560208900 833724535
272227404 895025901
418842420 992349245
813527807 967093588
617885184 853103143
728577531 847408533
130437577 898981096
570564449 726504831
102563691 691611631
627662124 759096088
654585797 721248864
579619772 702493872
452575322 962603209
778505643 768436029
452567420 941011919
783797217 860400543
497670560 930510920
268025913 723516698
187629078 939292676
254091486 931365757
658277417 894278099
862817948 944177459
587099277 765159767
226268290 998019189
273055830 959271556
617969924 742363818
785872131 760022851
254013634 985798207
339115653 758161522
134487890 785472294
952276090 873198155
925775601 908839365
785236124 999645634
921635170 913983888
419313080 939788037
709752123 931527624
605390405 737888757
920545216 890836283
679046487 788892478
449741821 867706305
126033391 845349510
332413508 767756539
658351393 902709428
874801724 934702154
805838429 997358168
723812750 987057975
954679794 752339016
27141416 775424724
778523449 761920470
194243660 954645403
721791628 895025901
684050175 757023216
290367297 999281493
894816146 717300599
317821989 868458686
646957357 908528599
288049868 684389196
535886027 928545092
381494211 704820692
408927080 985474907
114602618 696902088
658268806 877910291
182022158 689971265
931294425 960793370
781199314 807472656
380107406 994056831
84809484 850849168
859388157 881933062
829635893 734137374
627664445 674953009
842083730 883741201
259831482 854262611
75936767 892933172
226391329 848944062
56437701 785497773
709894978 945644895
576525750 979422739
618810298 997769937
952103990 993338631
303192645 997354627
873826370 684998400
988147188 733611271
778505714 962789150
999286410 890770673
669621765 855787232
883367793 712208748
894714367 948065336
116720923 827033110
384046278 805557803
745091270 944106658
723815166 802202237
339295397 968894378
540628161 893395799
874705932 901340073
806197699 681015348
465217452 934702154
214764950 860143296
885107922 930352044
597476342 912248477
187619433 759294215
153020307 821974199
330128891 794298143
264514228 692959926
66230864 796120695
233572743 799675602
610822739 928382034
896062059 892982915
419271483 837696414
90038966 696058124
800540786 792607191
87385008 852871221
586802205 904886803
90343582 853103143
313262594 737185429
781223796 823549057
797275903 995725043
339645334 710907558
556467785 765159767
647639804 921621904
986567603 692959926
654852515 860246680
178905684 984671015
158035616 877718450
354029006 742223826
737062787 980062289
12279159 677848082
493552194 994924678
669546486 754403712
597458914 855787232
812714974 842853486
151848946 884958056
252954555 852739530
805989073 887491200
75875859 969325612
642425154 915593107
828107772 746210217
689015635 866074392
301283765 958302699
941260621 746852438
21737920 976580886
896140773 749696955
123797637 666925282
73646104 965400730
253552629 672318642
744972831 872624196
19678319 812163418
428996296 674644102
395007736 673081509
818489013 965265582
581756687 997985932
540568098 802135961
505106254 921109355
843680753 720208732
931597254 711637688
587131002 834671509
770993182 775424724
654879206 744579962
793743686 766413383
605460224 978929079
773589186 823745132
647659515 686433512
409074122 984068955
67134943 882500718
632324982 905215361
999543669 720208732
961189276 751506215
339278726 989354859
793696670 768997060
276158083 750104022
175523160 910024550
76030129 858695262
272608113 904886803
988022474 983240409
972261347 815867871
647650002 924765892
805400846 916138171
163079242 941172557
931756424 783950126
118290544 821392734
468149546 806585843
528902296 753629716
785123488 923135202
415632083 888468160
806084655 875607943
559112818 792299431
842177148 960659532
380362761 994202640
394869610 934208968
310496892 999090471
471587693 860458107
963333076 969325612
67037974 851540902
222081181 888468160
813324058 946086394
36478807 969102677
806412639 985045317
688989578 859886003
357446678 951049315
828247612 757475171
662928651 761920470
485911744 727047888
77694578 860132419
985802957 826571445
67106649 818040793
211832987 839236629
441103220 825528124
920539886 955381873
701288313 683803410
71953040 939788037
785311717 907456772
304986101 819668683
418825541 866597221
658302006 736264694
820121441 790792345
157073240 958302699
894739674 744019205
339312224 808626922
441064907 763713926
632407281 784613315
67163167 992804614
114571753 831280723
662647962 750721724
774460950 955381873
617921871 815867871
806279329 821206679
143315434 706077070
801465635 703053653
77712819 691662173
172183008 894869417
505269804 930113435
182066209 737888757
303313648 951985029
304249841 813726674
719812423 934564834
123730217 887646833
254024743 997985932
950046795 956837818
806016093 932353602
586486478 866597221
118248953 886342844
390057017 855499502
730173104 868458686
808091134 784171616
719876644 707583126
642461751 812163418
375413113 683289662
889160336 790859378
781237847 975918573
172277346 935453856
123754744 928240443
244267493 727908755
172181346 705770128
618707407 682804065
257791044 764198033
729246054 802135961
828669410 809240403
808094107 843928279
800522685 793718346
244194348 792003697
126033733 764584885
839861680 734728044
920426014 823803936
792438660 843184910
497915331 872624196
951551354 956498225
466558179 697695584
252887663 950646952
828811131 717814904
257835673 926945948
393841090 975369603
828964782 779150949
774553550 793065068
827357150 948065336
842049810 918482551
471758157 932043402
226106360 748953696
769434340 905254112
658309744 712208748
864255642 682173850
178854416 710716360
745164263 897949399
415537624 850806801
253908212 670210171
886434354 997358168
785835905 906295458
586542332 763168974
394986036 690362779
617766771 932043402
265713848 894092144
655005266 836845075
883417557 674636303
883515692 959614765
744928134 789160980
586478516 729710795
742546094 785526915
233548375 682808068
38083494 728913460
946595237 742387182
813480373 931365757
617962772 693734011
883341198 852871221
618020276 724535140
570476406 780402887
380287901 887547754
669543499 889955767
723831753 880358008
276150119 764584885
116689780 941172557
267977064 838764140
658299273 928501981
726728470 905254112
643292780 712208748
179023337 827033110
224977891 942278368
806154689 679185025
908955052 763961265
782326088 669165994
780996723 690609875
595338420 690113461
125917745 707440497
977132943 706603399
952059833 985045317
468173079 843209035
439011409 969598138
46908553 905924712
118391611 846459895
931464824 896582192
895862712 753665154
501338656 930566062
465195062 717080214
757366203 742599512
631856606 918569440
409133407 880358008
786038179 880579873
419380862 736789497
605394802 975918573
952126561 773231103
142147404 935198774
778416643 694002302
737204549 860458107
810062054 888565080
778572938 744392117
441061781 934564834
745040083 686433512
418832064 799675602
798675090 893750826
3820018 884958056
688841656 719135062
180791534 864371308
803755673 860458107
380095744 977234497
460628339 725829022
785708787 927416821
807225072 758161522
143153972 749875017
874761217 707440497
783692456 753665154
198946248 946165710
661450806 933791869
783513409 914145476
202750882 683142898
988078976 995725043
656815109 765325473
801403895 946216840
737173671 940071850
375815280 894114440
170068348 975369603
253064398 737474841
505323945 946086394
215493374 784171616
699174938 908070680
896048483 978929468
654871605 821974199
953639106 672999661
627671392 965265582
264481478 962603209
21561554 962603209
112154978 905216729
153708702 931514574
186122048 700207043
605331077 845349510
47036524 811899995
419179267 687777543
396630265 969102677
719825482 966839174
265400992 763168974
712902082 759096088
940391136 996414006
559544179 725829022
699049668 828816327
111684815 955605159
896099140 894278099
797460692 963744834
226447144 693734011
457955572 844514103
805438816 997217943
350491208 696058124
255836471 753794733
633601600 720208732
339278377 972150852
597487232 852739530
257796491 825528124
824350672 857245205
192531130 822685226
267870614 794298143
883216225 905726685
607030581 930165407
63106352 868877384
742748116 877580588
586596952 921621904
267990461 799230261
539136882 681742948
254076745 739229092
883427717 965149146
572259330 822172069
793620201 868021068
761249816 957601426
116696887 743201606
259838795 847223340
646917856 933117245
884476049 928240443
618664074 722968382
801425441 894114440
798632510 855067521
540489642 768143744
946724392 746913477
252952390 912248477
67107116 997418880
801468376 682808068
87380177 811899995
973988382 984671015
642305835 879683570
527386718 686031859
884998316 835086352
938751796 811899995
292571003 870298886
643213055 875607943
895997822 881987332
423101269 675552724
960680407 904443658
380930422 900262315
803767261 907372115
997255612 715710195
931310918 998901111
745058458 888468160
174316049 847223340
264656521 748953696
178900467 860246680
238241936 797509250
226167871 845658936
896053750 916702845
946739212 782626585
589713802 733118140
559205889 960659532
688963541 868021068
785896119 813122866
182042660 975918573
647648403 855121710
123898549 938680901
224997582 780711225
405805026 688604995
48527866 941591478
571539525 775821426
475992979 802492856
558992989 841096879
943631428 678382219
46880679 695543039
384442628 689305735
645164571 826337518
338230139 894869417
643147948 995880878
807207451 790958460
805378496 818596750
540634962 844514103
807186021 909671819
807284276 847000045
558981916 671083260
665386620 784613315
267910432 719148913
896727274 798613617
403990224 888565080
244199400 761131124
118298985 798767595
653149635 760022851
384118513 691662173
170006084 784887852
244233874 848474837
785779745 848474837
259807711 808626922
339286030 679383711
344661941 836845075
734350396 795880453
214650510 847408533
271525463 931564011
586574502 905216729
808187097 855548627
770960411 771772649
540572553 955605159
76044118 936385042
900907795 704762299
116695738 785472294
279291447 999281493
395028415 674953009
464840426 858695262
507773327 783054835
428852380 685596977
940375500 741448860
403772571 773231103
797507702 932412460
118308481 791854442
719871961 756803106
798598625 799230261
44668386 995725043
409101688 802039052
894945141 991454117
986726046 847408533
396510365 713489480
873649176 978552564
303583895 966267703
198893934 941011919
380327076 785526915
885151421 847273456
116720279 871215031
728430014 757801318
931663539 941273896
123767815 846459895
964329715 793299818
570485380 882104584
337138352 965400730
476008052 866597221
27145828 725028011
324825141 948476149
196162618 785539756
874771148 845658936
44549741 740803329
730118232 957748096
415540672 888565080
442673255 906240308
946670330 889488711
874857438 871908924
797219709 709772072
783645815 852760054
957201563 858240149
380104248 686713824
793814135 853784705
114660675 897949399
81715787 684138590
964377468 832076069
214854332 683250706
214736429 739520423
728534016 931645940
688893450 848092281
802265343 767964557
805463480 935538699
988029404 943457815
786014750 720346797
210896216 823745132
198875727 956837818
643262722 922499335
471597566 839498330
813420898 802202237
267798329 979197833
778485094 922869058
934630662 889488711
465162528 772997821
683855919 802492856
579380124 924621370
792275671 727602674
303124517 810960506
709768263 855499502
116701847 905215361
380017010 887422162
821014909 921444610
806236285 744579962
813222335 761109963
264522482 815691655
77655236 841218452
339343934 886599976
900912632 769079102
806443582 896310928
642467710 886599976
883072134 838880799
569669434 833558695
857467318 922869058
215565259 939788037
629140363 674578752
382449542 829381894
800513323 982961851
44565757 714370711
944305851 863041174
483488249 900345170
894880779 836405567
505180838 888772117
783664760 956174252
699077586 817828769
734335296 802641936
770569198 682808068
803050836 969980002
944278180 921109355
647649558 810960506
218032672 842853486
607971028 902709428
586469657 815719383
586764012 943481798
442734748 828933934
194289264 849382209
785801805 806900000
808101019 929218151
309793181 796206495
393746746 802122440
806471449 765507259
428973126 790958460
36532529 668022077
818537519 735007778
618709358 935780229
659310393 902999082
475973006 681945162
736840660 672318642
244209491 698574869
669701602 918055201
214674397 854018858
658442408 935977543
559194904 889955767
505084896 873120154
419242307 967431323
545892577 921444610
786021554 787998039
253042475 892982915
797290252 994924678
123722493 939788037
242523096 999090471
807077484 733118140
87355338 823549057
394985479 848092281
801394455 965400730
452543322 707583126
872527224 965035130
62665031 871826826
973966307 849792750
836890297 930113435
118122086 849382209
85320380 771036992
931216455 971509052
658216967 893088849
550107243 912469810
883266203 905726685
719882103 850621774
712017158 791854442
778394654 868932126
441805647 904668498
952117222 982230428
959866178 872837697
116709126 685441030
403881101 837696414
805457941 827307834
974008750 752339016
931493467 971468492
487380490 690609875
75974948 905304622
745166502 914145476
952136748 969497795
12091661 945094211
303799967 720440740
818519675 904251057
148956113 950854375
812726059 767152895
170008129 812451448
226258874 905458360
44775629 807859025
911146087 726060808
395006219 751506215
774535391 902636524
332488789 668022077
818371993 996414006
627836563 868877384
226764235 897949399
709818911 827307834
21644982 950646952
906153304 802993332
330541117 713097034
84651897 861862839
685881619 807472656
808153538 848944062
745088682 818523813
232648616 831749688
874607102 939222169
687392210 989611954
87437907 897999121
384024869 928129658
118316537 985798207
920416685 683289662
177945328 872624196
894837771 783101575
68312384 841096879
894716643 702314079
303101672 808648423
103018638 992851682
952134736 855438357
688971567 739520423
384078015 795713568
497813799 701930648
705897558 831508399
952017896 905215361
428822112 728913460
503321229 699673306
254048585 831749688
226549614 686649461
669413391 813122866
710033425 960733287
761793781 904748283
646901178 934564834
900991273 817363044
805385748 754459174
771081986 974638778
813415675 837188635
330596268 785497773
380092241 792003697
505172905 900225991
642671532 894869417
805968907 860132419
442932427 821855643
579576617 679160004
428878471 689754746
806997266 694339339
41561876 768488218
647768028 868932126
783593566 673146333
745078411 690362779
828782763 871908924
797327868 829381894
815908199 868779805
806028140 819126333
816980187 713489480
789317222 999645634
805963372 876969590
813415994 957299858
926372089 905458360
254099967 704820692
603819158 997418880
252900246 872750508
380181859 710045446
384121299 697091929
728600860 855548627
742826061 678513526
215488343 785829267
67092050 891700673
918513601 981791303
597649820 780001844
500901544 697695584
181891321 777062193
709546108 783950126
617870448 719637070
699068923 816938536
737107463 846909571
519381711 902999082
303889566 823549057
548759884 742363818
506232110 863523347
822392614 926089700
931618098 870740576
654866156 979422739
505106680 897673757
773638400 807299077
169039545 671825462
876562149 812345756
801382471 924351331
181926016 950646952
540547768 959271556
632367097 921330519
866689643 855121710
774586696 966267703
796821552 717660689
586507582 997231679
586543803 779861165
408377928 790792345
643257187 771732548
961046698 684389196
754652422 892192320
396580712 977234497
380316475 766134398
118117668 685596977
638304226 941591478
883045774 796387824
475910315 719637070
505265474 833558695
276013512 711146120
218773211 751554488
897211040 970720556
254076148 916574463
53684725 813122866
874753114 685441030
785744029 748208863
172220524 719148913
409110519 734525995
192867464 938423814
699077184 957748096
890695329 928129658
658340639 722251779
646845220 860132419
403760081 997354627
415483185 871215031
646735192 834352360
797425946 843928279
10766724 929687629
698099185 843671654
303004881 808626922
51247564 873865869
476987573 736789497
415588160 757801318
953763223 820862671
857057986 887491200
409072866 767152895
785801775 981827821
805932579 848092281
801442396 699673306
181904170 985474907
973893693 770937066
940435487 948825581
82817991 904886803
301128075 798767595
301226261 941172557
178838609 941172557
237396536 799245198
710067589 949236736
380361779 773231103
805342101 772497403
736223321 767152895
655170296 974086708
441113099 861040505
328894881 820203908
415522616 679160004
785356166 799245198
153605105 914145476
89300458 766698536
198860854 824878389
268009635 797058270
264539815 896582192
44732879 814256319
745081260 954645403
672590749 879890114
475980834 835676308
942596670 666925282
116863506 852871221
226545093 948476149
263814990 686713824
618749253 808456825
625178294 745743734
940411581 919854362
187616548 720206569
747016339 702237199
815187184 868932126
710068064 857060508
888076827 779150949
143365287 714764522
89298810 843209035
365159820 834264115
974077520 929507802
988049504 780711225
951969837 872624196
519081211 828933934
67101930 960659532
645296203 837075951
415197157 674636303
259768272 785539756
383946996 965446042
643250577 949093909
41101049 894092144
802741949 812163418
252901203 799764187
254077535 847000045
76044523 720208732
322632519 843184910
931232376 897949399
782176236 704439538
782298977 956979447
952055448 772497403
120514270 681442579
393899097 889488711
672554403 788789944
87454387 921074174
633611843 758503413
339387387 841218452
198772314 841516650
56873890 994479604
745064998 683289662
344612440 985746579
806485563 768436029
294664507 927735054
658285725 979422739
745099434 883741201
800563796 835086352
21753287 683485046
921680748 956837818
627626767 967504265
253027103 734137374
742732636 963442453
338299987 909997146
747172696 946167318
734373587 965460891
89272859 879890114
540585163 728596472
380095314 695543039
572088368 736257605
895961370 881952796
254200023 919035681
44569707 731788200
655283403 802135961
828247109 806272442
187627755 856421848
569660445 853535703
166183122 926945948
503249870 926866463
570520028 950466106
774529833 870298886
215476775 966839174
118335904 757475171
778511404 829381894
952135520 981827821
792161867 700634673
359232020 764091349
797444193 900225991
87322381 905215361
497698772 998901111
195942757 702314079
456963037 916543501
781122819 898981096
792258906 769905185
415471444 833301691
728524469 721248864
301604438 767756539
393916907 764483780
771075946 781118718
596201102 755009261
874659223 874632018
988080704 889037454
395110626 882500718
301277511 886987195
946768823 802122440
384038226 728596472
178850697 802993332
254079555 982405375
187553221 814256319
654870597 868779805
801298287 928129658
384034983 706051723
570473437 851540902
395066857 764385002
643291919 723296858
125930638 816938536
445789723 695349971
812712549 681439030
952003164 668022077
250630850 931564011
241104092 695349971
215756953 994056831
118293939 670327111
471645754 858341319
685177535 887422162
948037928 900387174
1360664 947526852
337210421 819258062
46888982 722048111
627776309 830800025
419292761 942278368
728488805 889488711
244157676 696413212
669419627 872750508
284202475 856421848
835042855 674598851
259912028 778761606
217722991 931564011
383968245 765507259
899291435 901504638
81810623 706668149
77535746 736232720
747211427 953952803
388072392 939292676
39617289 935453856
77616313 852906548
603749301 975175069
883023577 889245372
105868715 908070680
782197653 965857958
344615341 872988117
734315037 969497795
730212459 726504831
226250994 780711225
99112217 958302699
164951581 726072021
441590324 867706305
442839148 776170157
67017508 734728044
172153868 708207116
586339128 757662488
214799691 999021832
828282269 998934583
226545309 696413212
559130458 669121775
944354591 860458107
655146696 921444610
442813525 841096879
592560973 953509342
973891481 673146333
781123117 832076069
813439757 890770673
771070570 693036296
303587742 701908537
638585009 679185025
170078293 710907558
485826931 975369603
188621957 949236736
408948873 837696414
408981702 799764187
655249635 897999121
782172670 680198313
419360381 928382034
952129890 768488218
87884722 988998378
65779687 857245205
883454783 709825223
164954185 910540250
952120554 704820692
885143992 946086394
178887551 968537283
785285705 789160980
244115229 980678050
127176854 910031073
223027280 742363818
505100124 927416821
808056130 935198774
339294966 957299858
380154854 763713926
233779093 840058306
845777082 683485046
75960174 990224001
719875843 961354634
988085717 902636524
632392364 927608167
655170343 947564522
196346536 680452920
605450340 764483780
828165696 961836283
774514735 905254112
99118175 806800724
818488652 834666272
723816009 839498330
800559685 810953219
336142583 701908537
725492298 758823667
851712972 900387174
887452180 806900000
586485261 965460891
476030352 687025339
688906568 814923864
669489936 683250706
67145686 972150852
883407992 969102677
710047107 965857958
442848024 757662488
654923258 847000045
946680397 760832728
828260502 902999082
436159426 847408533
361249292 751510507
182034702 935198774
120668047 966503070
452585351 830053751
672548031 810961502
265657994 817636086
808070542 802039052
56266256 985045317
441132855 887972502
442693351 709201142
233681974 704439538
452562606 841638019
226527986 914186108
182009640 999645634
570419170 719810347
466868015 808648423
669610209 929687629
812749759 822172069
415479046 850806801
233741497 841516650
740284098 758503413
552296943 998488970
540516075 781102024
617808211 733611271
812865931 706603399
567154385 927416821
77642694 997842054
658228890 889037454
87426052 838764140
826327769 969598138
26828454 982961851
452549577 834264115
805345868 967118810
801465918 857248194
404850937 873120154
441012526 844406501
742579747 869624151
215518769 742363818
843817189 744392117
741618522 968537283
654871259 891348722
265665548 792299431
224960143 759096088
214743334 897673757
699201692 893612659
49006891 822685226
793782770 856874115
465136972 866074392
450702837 942502285
382357856 761920470
465268774 674578752
940361520 943457815
269225274 902999082
883058739 991577827
709838530 671618995
257768536 980853718
455540215 849077091
669389869 670327111
647725273 904733980
654902425 693036296
900796861 990426342
883102261 681439030
597477925 923135202
953983510 729433346
920494263 689715723
446450638 851566079
380291704 849382209
874766158 908857652
901467129 768842549
224993711 874281959
785861814 907456772
840112325 918479914
972387998 965466662
728419464 904415669
642369401 956804816
667555657 729710795
806345757 876094388
952133735 907140061
257789484 790859378
221533866 688264546
273005106 941011919
374360750 820862671
657830864 797012794
400627011 842316681
728457169 689715472
690302285 799230261
579601825 930566062
187674009 748953696
681862690 775821426
874795324 929687629
885917238 819258062
728485792 949236736
618581080 768436029
48914469 678513526
976817597 801955073
419297631 944926591
264506819 719637070
214633645 721711690
292500287 695349562
672560537 842853486
123726327 837783104
749615311 921109355
403856198 766134398
728586991 849382209
75977261 860246680
709858591 853535703
638604027 698574869
215526005 781118718
267982303 935977543
114594196 766169779
940273372 914186108
781134495 853535703
18638832 703298259
214802524 785829267
303078691 970720556
931343403 928501981
123784004 967983101
380449970 709201142
805954612 785497773
17508296 991577827
330262396 987997528
23770760 994420875
540681924 892192320
885095802 729710795
365874885 804343995
730003085 737474841
67109902 700484285
60841082 792581107
394957768 820012112
793711233 730004277
408998213 947564522
797439370 850806801
988140653 771184944
944245307 927008998
883330682 812345756
728548055 737888757
931332425 719637070
569658816 807299077
642422801 894496582
647665045 944177459
844788374 998901111
596268350 853103143
728520298 753629716
466768003 980853718
485969341 956837818
797442973 787072486
894773261 730004277
801415619 978552564
724963006 761537512
380130422 679160004
658262018 813726674
798563139 927735054
785220948 921330519
801278723 888468160
605425265 936579975
559018355 792581107
719733670 674953009
88237557 728913460
240809669 799230261
215101213 843184910
497983721 854018858
807217311 842316681
734388501 925102894
579467891 918479914
172200220 705770128
158447369 940092056
586658064 927735054
710095544 808626922
543576532 702237199
418760220 745757313
586642278 722217281
586704491 704711674
828794067 852211044
505158582 750540527
396442751 822685226
728555066 675552724
654749132 961108490
792105803 717300599
900827294 841209600
813353404 721259189
468151396 681442579
170116243 934564834
952056480 674578752
383941427 991454117
303160005 818040793
742590088 695543039
403552767 939849097
699397827 967504265
540432058 857060508
77673785 767248179
172191009 681742948
126140387 826671286
430209338 842408222
719949858 676582622
785772636 995552224
505082015 905458360
290846749 931564011
210101566 829265833
342872588 726504831
441053343 984671015
645076973 900225991
490203628 860155902
784637580 819668683
36475321 706708608
118317160 904733980
514844396 694002302
900954021 936960339
404946124 864416306
418795191 720208732
429664298 739677909
742767698 836218708
475991564 712208748
885169572 725829022
252941157 710045446
728343436 872837697
828222392 920728919
723873088 752339016
179524801 901340073
883345712 715885291
719819472 877673192
981769766 955605159
475986483 697089073
87379181 676582622
920490003 784171616
419458100 841438281
745036490 930039950
336275987 904415669
728407620 827208388
170069962 792003697
728559571 815611790
394278373 719135062
699109363 704820692
923713693 914145476
948112348 815193365
745095665 740751106
376989278 820012112
233721199 844514103
276258300 817828769
76174214 737888757
421021797 681439030
233513093 987997528
572863837 763961265
579476490 729710795
418802513 830683335
215479641 962884404
617904711 783596488
264502463 694339339
75939809 950228040
806447143 844406501
397181054 728993658
244094045 810961502
785937046 728290437
181891957 827208388
487275836 802039052
188739409 694339339
46966719 987997528
952067943 940071850
187600317 823746906
931597644 668619665
419322167 834671509
952229887 904748283
77630720 776170157
805285113 929218151
126051804 722217281
946752384 954645403
828006983 819069291
201443733 729710795
597440089 721711690
87394588 700207043
67112150 867706305
276145340 767964557
408995275 751510507
172267070 897673757
394985208 902999082
612488427 842408222
476407606 957299858
828648942 792581107
497813825 883541922
645146186 716742814
196280258 905726685
883067505 689754746
276244865 811065989
301205961 735457450
806498425 745822901
56331483 918569440
895922140 798767595
418841898 903739240
201099798 972150852
383971774 830683335
540436336 787998039
782190872 771772649
868441468 890836283
800557300 836405567
723788634 765542655
42279233 859886003
468313725 962884404
476040391 684998400
471603530 931365757
812762845 956979447
801460179 799294463
394946130 920728919
608237791 681015348
605521252 945094211
632359796 802039052
33649290 982230428
337118139 696902088
952115998 706077070
808006626 972150852
394869542 857060508
428822900 824052620
615210733 927281923
126031675 978929079
798629752 960098500
931597974 722968382
728417527 806900000
89261217 904251057
198442281 920278945
87464526 944177459
121870513 687777543
66772839 987098024
885278701 889916226
646954114 838880799
570590183 792016828
452674450 877673192
309343927 922211146
215508253 708207116
570615096 951879219
291088017 737888757
747053269 795381770
396563153 871215031
41079638 795880453
384095268 809641362
798626877 822572988
306484286 737474841
745215995 695292399
874766277 971509052
808035939 907998145
672655359 821206679
86777491 813726674
771027285 946086394
819137222 892906421
4676110 819126333
144000922 766837826
806233260 677848082
66952156 928240443
244136875 793299818
226120481 766169779
505107118 945094211
969120198 969102677
504390044 725028011
465208181 880358008
199379058 907372115
668366674 956498225
503407550 755009261
275009822 694002302
894791634 931527624
828801793 849382209
619178620 850963897
99155809 746210217
860824846 987098024
646948784 992804614
900946753 791918951
778499984 860784572
668812074 998531617
169115532 763713926
118293732 998934583
87380913 848944062
972495655 931564011
215479665 690362779
87236202 689305374
813519082 822172069
737142544 684138590
672581457 918055201
734430967 887422162
894888687 855067521
883398551 835086352
172103380 939222169
854608299 824049744
801432593 689305735
435146316 772624224
879501947 826571445
646643308 727047888
628955821 930039950
268028395 961836283
615199608 997842054
952137341 880579873
463550862 811169697
744945695 994420875
842125426 697089073
828315651 799675602
806309471 683142898
801445714 889245372
214799842 851566079
719791611 927008998
276167483 723516698
586673715 878523740
806484557 885230036
793606064 780001844
627525097 906870213
259840082 694264756
471645008 931645940
806503987 742363818
310526177 738464345
396512458 761109963
677712690 702493872
805454521 797159091
844992491 965035130
946696860 717300599
900954555 830148608
278507175 844514103
771075403 693734011
264389820 931527624
536387687 831508399
213438284 948065336
442769505 778511446
364059110 991577827
896022090 775424724
428842781 982740172
801411730 872750508
914743845 862895821
802375669 689305735
883086536 758823667
380263277 982230428
807221117 757801318
139886286 784693224
276171906 838966002
380352111 962884404
393815057 832609721
654886477 834483454
952274770 930113435
844896027 912248477
627788505 834671509
883186480 802492856
900979143 886987195
114464056 683287470
785825855 930687772
597551744 778511446
737076507 745822901
409014035 765542655
505149523 807299077
77657748 860784572
952187142 838444149
326819231 770001922
782169870 815719383
874678697 830053751
794582909 771184944
452621775 739520423
778498449 885805555
702616999 921347920
198893360 885327349
570490562 837696414
114640517 703233555
672742388 775789926
786035165 927450540
699251759 864371308
805251145 689715472
283388033 837584233
442730019 881257480
414787978 749875017
337615326 678513526
396485722 725060962
408992669 836845075
182040921 827307834
675948975 791854442
627596873 873120154
719857505 843928279
730276666 852049940
921460805 916574463
786072864 812451448
267977292 847223340
813453796 764385002
182054136 947526852
387848635 936385042
672596003 717814904
806462089 935198774
920453283 860132419
48930165 927735054
233568078 956979447
655183957 702237199
233750147 900776009
728446009 704804687
618815539 710907558
726247575 783712951
271042399 822145448
347494220 983240409
384033604 819126333
56090719 832609721
416349883 768842549
586569530 739677909
38190829 995880878
734330632 976580886
590513245 816938536
988115886 838444149
218980278 870805957
568059225 675552724
404772609 877910291
808068795 894092144
920682665 696880195
727835772 723296858
46711596 902361610
67137351 912248477
64970028 802993332
46895561 722251779
805998453 736257605
946602674 834666272
408856688 859997823
77759841 783053803
587315037 868932126
476007834 784613315
273691259 828816327
798620602 853103143
87411082 811169697
172155951 983240409
259679701 812187450
79251596 715710195
793768706 916702845
125995111 677848082
209039628 869396137
586680270 997985932
392403186 904668498
709848998 837696414
376493996 738464345
931322326 848092281
259914686 809641362
793731956 679383711
636917561 797012794
808108243 765159767
441048382 771732548
992156514 896310928
719884505 956498225
265699793 941591478
742832517 927281923
99240114 929218151
154622030 780438615
723796201 785526915
540477345 935198774
734472611 819668683
592972539 947564522
882947258 894092144
952167833 806800724
618664725 673146333
535088500 780711225
359828266 976453280
813447234 838880799
5144440 784693224
188814130 992851682
573630860 728290437
709994116 977626459
946644802 783950126
303176725 834264115
645286460 668022077
643286187 684138590
677743452 672999661
710204198 696058124
758805781 930566062
204442823 843671654
89293669 781118718
828228332 838631956
795987802 969497795
645320105 813726674
207865172 930113435
820248200 709201142
946694326 995150709
672448673 668022077
737174383 833558695
303070368 994202640
709885170 954370782
842193015 851419659
403893897 783712951
441050427 877580588
569642286 822145448
619070834 706051723
952193622 690609875
954080526 872988117
332451772 941591478
294926069 967093588
797393423 954645403
99172903 794298143
920225727 963873322
710137818 922211146
36607306 815066260
920525260 937645682
559535817 939292676
835407493 847273456
894842632 944177459
337294440 872988117
403855926 820203908
655459804 766451038
605231240 901504638
953948222 997842054
87405120 898981096
709830251 806585843
380257810 670327111
737038178 810960506
97252630 674644102
658351508 893088849
827084325 850849168
828126515 797509250
887797124 789160980
415553469 736257605
570492263 824878389
98212430 767956894
570469428 829381894
940373485 745822901
883361156 910540250
48976984 963134760
395630151 960659532
842130891 821392734
311984930 767756539
438100684 705770128
268121581 683029798
797230469 829265833
411310951 725060962
67890902 737185429
781139188 968404889
380318591 843671654
646718053 969497795
874763632 872624196
988062090 815867871
276424550 924765892
642383627 852760054
301245841 860155902
558559698 842408222
339144659 778344789
747108726 949093909
769996727 929003901
411312773 713489480
785287263 918569440
465199758 955381873
643244859 807299077
605246220 783101575
276215243 766413383
864766100 855446550
883054327 720440740
807915684 983240409
393899491 760134777
728409437 975369603
540654083 929727219
543120263 953117597
257668511 816721766
605400091 954370782
503328171 749852542
973962002 981827821
647696149 802122440
265697662 802135961
292542256 719135062
188781830 818040793
116809183 726060808
233677188 707440497
233774705 997358168
198780784 767248179
118307032 982618842
178906436 694339339
895972335 709825223
570417191 981827821
244191903 999645634
806039774 750540527
469922241 863041174
118391171 907998145
485996851 924351331
394997087 982618842
534693642 672174378
643306263 851566079
793728894 872988117
214744507 683803410
952244036 702493872
895974559 685596977
745030706 711176183
430977499 998531617
15249680 751013024
259829985 827307834
529055735 871826826
797310972 871215031
351214804 820012112
226174480 690113461
709815641 772016132
87308243 891700673
747132041 751510507
730089455 744874507
280490186 815691655
946625241 750104022
719902560 717080214
315490875 975369603
566935076 683287470
710295252 944106658
818523370 818596750
296017047 694925205
365902724 745757313
699735099 896310928
233720625 716125166
503272009 838764140
223400904 985746579
615225727 782626585
883213740 958213575
547021608 785472294
339273571 860132419
370022872 837188635
485968814 826221434
380144549 734525995
459734543 955605159
452547717 888894200
214724372 901504638
114560860 707440497
125909689 758161522
384095685 879510490
627757301 874281959
330601856 683287470
77642289 695349562
253981696 725028011
828048535 746852438
339273299 920278945
828804137 787072486
263217838 705279244
78659109 866949077
883307856 892150290
824791495 681945162
740391375 756119483
931612264 798767595
491019060 767956894
441374839 995150709
895962539 815611790
381998036 799294463
198788885 834352360
632414941 687025339
728467538 696880195
301153464 702314079
654889115 736264694
988079932 896310928
265821596 792550505
569661850 770937066
131060612 748953696
840660085 876094388
730305527 949093909
586687530 881987332
688895322 949236736
419294910 886512173
380263257 792607191
67211852 722968382
63559275 853535703
418840963 957748096
71882932 965446042
176579647 956979447
492450133 882500718
806509121 707880649
974074034 955476320
36429320 723296858
217639622 722595814
806442201 940092056
618585817 819069291
181935597 890836283
645259203 939292676
233692517 787072486
872813874 892933172
441050773 812163418
198759000 775821426
778507989 711176183
410574062 872837697
971742709 700634673
586668340 925102894
672553301 987098024
806241112 957748096
119325671 948065336
87468126 947526852
373063500 870298886
190896696 744392117
643298239 767756539
874836779 710907558
77753803 783053803
618711000 913983888
946720560 705770128
632355204 860143296
940319482 791170528
303640411 953117597
259917220 947564522
257750473 676355586
671536403 997985932
235195527 951985029
419294664 943457815
774554705 837653354
436184110 776437514
441146404 970209501
487213390 900161559
259920405 783712951
126010648 928387187
643231554 839498330
369998383 685441030
129791474 879683570
708417358 981791303
797387738 815867871
710133875 998934583
827899985 686649461
244199120 759096088
404828482 841998951
178916395 930039950
958473613 832076069
94190685 740803329
187506258 679383711
742785826 779861165
783614002 811065989
505158925 943643761
501142672 950228040
669516097 965466662
188907104 681742948
75987369 741448860
793643095 862696354
177495383 921347920
961005 805415858
920491766 767152895
419315446 678546827
75023877 965446042
505064368 689305374
774533772 794215062
233731652 832609721
699071273 858695262
793733861 748953696
973991329 812163418
226512860 929727219
737154627 915720896
75925812 740751106
579541959 707880649
415474299 772459649
559097216 832609721
785802672 903739240
586553027 963744834
953988776 759294215
276208078 927450540
862837894 889916226
400984433 803301152
781113902 746852438
478153059 929507802
964222273 894092144
683205955 931514574
643248609 945774211
953997664 824049744
169946914 753665154
452581836 947564522
96012432 716254796
782239123 703653172
723836846 758161522
253998206 890836283
654865603 696058124
615089681 728801809
87383513 907998145
812743301 704804687
697615149 679185025
615248496 810953219
853147060 731875988
415592905 720346797
883406091 731664346
783613588 956498225
734441843 974638778
655144437 899340845
828198445 939222169
76057588 867706305
89280701 860155902
785889300 805955012
975155015 754403712
784337165 761109963
586440668 703298259
125986514 802993332
319604095 976580886
785378375 982405375
403924886 751013024
198865441 826571445
404724159 970209501
785815104 849792750
658464830 669165994
125976538 969598138
806396817 968537283
452694698 916899583
983942683 736232720
699136649 942278368
473271640 887646833
747032125 871826826
656487682 993614045
654929201 852760054
181969796 857248194
396430664 757729108
805985669 907456772
233616290 853103143
801477938 928240443
807964198 997354627
655214662 837696414
805410964 781223690
603820798 771772649
657850332 670210171
883337732 888468160
597471944 692959926
252906835 704738017
806458042 815719383
214774517 693036296
619081883 872988117
25231019 898981096
116711894 982405375
797453478 782670332
756075 695292399
227877875 885805555
672601731 902709428
49282277 126099311 386169806
995239160 999733795 507337752
419181833 419447341 421349653
504946065 505369837 70606529
586407562 586942774 527862566
642334038 644059683 181740832
77548824 77795770 503997767
951979329 952302791 304676703
805236325 805563115 566511138
920466926 920515080 360001265
780830629 781402079 489940037
385615439 413062657 191645181
114320270 114877326 340850824
317907229 324922594 432926627
198765456 198979678 46650420
951937821 952241863 303763178
540305970 540813464 205312601
419182318 419446856 17295142
632262862 632526468 22011610
67007556 67207832 616627681
463359369 519386900 127068585
418832726 418836612 597699075
806784259 808010111 132290547
884921621 885310549 422674529
29377262 30563795 393320719
251397065 251910077 106078413
279466937 304987844 394840400
894705724 894911080 649818833
632211258 632578072 193032118
931318058 931322400 278677521
23359966 24247070 156143478
44442529 44790359 380271270
48946455 49046705 278645962
254072933 254078499 556488136
569610433 569724515 648814237
614938877 615475441 83021810
330356085 330705547 143947093
719254575 720793213 66302378
510526067 525107864 448865655
931215019 931425439 101562302
669307245 669791185 81331790
383762233 384313081 609128800
205800995 296770584 177818254
503232744 503507040 88314543
709884881 710244777 164296355
233453647 234986085 288552826
853665879 854349288 514581622
26908968 27905539 50429908
21357496 21833532 341513265
252716096 253148850 43317702
827865522 828168104 438831039
403698377 404063219 549492857
497598124 498072298 575127790
264364175 264674975 512408079
265666853 265770115 385525940
264510233 264528917 387498225
292258434 292839268 273803493
594548109 595920507 312968557
699049880 699107760 395420925
85276960 85397160 266592970
214406894 217632843 472115813
68457468 68845201 579873385
597300222 597641390 517445351
952130250 952151870 218217612
102014754 102231800 344679241
951801442 952378242 629581661
452517748 452599370 337448630
188431607 189053988 309595349
302999895 303352123 343835735
233491674 233718220 271764649
569621580 569713368 279522895
480510526 511736601 576505002
762558336 764198540 57029662
233569317 233598498 663754692
48953414 49039746 386970377
728262524 728629734 645048405
369459266 369488818 256003608
972693307 973473730 64118725
224185393 225965035 218738131
337066346 337236564 190485396
248281221 249931663 298833002
793494247 793917685 364037197
188239516 193747425 426791457
695098913 714632087 602241177
255150905 255519050 155642471
110121419 110268390 549926284
193915401 227794798 358193013
4809786 5712285 250592030
87149714 87578892 558124600
577763886 579534320 279235882
793414819 793997113 613257788
188683582 188907786 3339342
951893126 953294661 430616158
303403526 303794944 369153367
954865913 955984828 55050006
44440646 44792242 510550538
118271267 118309799 355489668
706007455 707286761 291577319
265546385 265890583 552647240
389510474 430837646 356147074
938231642 999111948 81842613
415512076 415601770 186701004
393023205 475563599 274950141
552622943 554582077 449005195
381208777 383162948 179134282
70241471 72237978 657945810
813323192 813451346 221646572
301177910 301276462 267974348
123669764 123875134 460921994
920530468 922173999 282536902
117709383 120598269 663082886
464948086 465458388 38019304
269367639 334524378 88873923
742648731 742773379 386917112
465147980 465258494 629994643
973927948 974057286 522868495
259739086 259944842 527363158
99072422 99236174 252138764
75773360 76111966 521790791
440996677 441116563 357892381
141390260 196696003 315142377
394956126 394983002 15682121
672354637 672755317 51351680
778480962 778524982 395132550
7604947 8083243 156961195
968377018 969011520 58508674
214594914 214861616 462255633
7840245 98163164 513220313
226071707 226267397 614762881
69926337 78005480 173867570
895819688 896651883 349585531
428747419 428953523 401693457
418661440 419007898 467259250
780980697 781252011 507091891
948529635 949568270 449309867
240814430 241078775 116271188
828031187 828400905 556307616
895892209 896087015 164417720
803734141 803788859 372651440
679906796 681694062 242085292
244103277 244281757 247068331
83427895 83518594 628790139
303541678 303656792 38024180
586404731 586610337 563881264
440784249 441328991 581227397
36333714 36627638 396198329
426315789 507432191 129521961
951859077 952423043 127841829
709684991 709944523 88018275
332910608 334813467 464131980
169957891 170186197 188834055
547377413 547651948 538967757
672549784 672560170 569927256
617784464 618020228 108725052
644348994 644424113 378285847
273129614 302515644 132804051
916155873 965000316 483931098
21420788 21770240 613871334
665200791 665343589 138752546
679976708 681312910 253239475
187459984 187692346 23662784
832317305 832774557 634171686
443740051 445294553 242824650
188527923 189063445 129201016
792690115 792916340 583689921
586445908 586904428 481936052
125575921 127287216 401964131
737134108 767081347 35996004
884894364 885337806 628375380
709622374 710007140 126267497
615035933 615378385 348808405
894595548 895021256 159631863
141923823 224677078 114228612
833549770 833840876 590640580
452401634 452715484 67001689
131163109 214191692 14901313
229291002 236414880 70803392
951965920 952213764 77740091
885098148 885134022 77880947
408826933 409177013 374372431
393619371 394037547 285851453
692169312 693917940 74633610
253776953 254374479 533555870
728307638 728787724 284732318
133582324 134929612 637935708
801412430 801450132 203060507
828212353 828219739 548552253
953963542 953985890 318198422
460667839 461768884 657729934
299607813 368003012 95161819
569657340 569677608 480273231
598517219 598574532 196078205
428415123 429298417 225415758
627409625 627857601 119216615
813303771 813470767 90676698
733657442 734253621 96318665
785083768 785506956 80846867
301635013 303546286 452528773
595641372 596938077 148200509
781103292 781129416 93666716
187484441 215688827 17578426
718363681 720165137 385472878
123723302 123821596 304396710
882907689 883192329 141517007
785958650 786125618 610539407
452344525 452772593 525980193
182011014 182042768 137363126
125747527 126236331 4936825
678555792 712602980 37485778
336393790 337298073 186058799
765211175 799275389 402129008
42011248 42051086 420595826
730951160 731127723 427644976
586429383 586585685 329050131
797121438 797677518 216403309
632289327 632500003 34106850
570264821 570721639 289851164
30604589 32159574 1915124
339068323 339482087 189920031
920466501 920515505 661565166
369404787 370508116 39017525
352923141 353759501 397694909
233782788 235431243 93733099
996008223 996559859 389180608
897169343 899070732 97112240
545363177 546436799 654014983
801210189 801612873 578874658
951834164 952345520 524347021
894623843 894992961 322045665
464937391 465469083 139342427
649702098 650404543 157538985
900806463 901009755 531627655
798535925 798701539 562444841
687046843 687903075 11214795
283662187 308450386 434978747
138405505 140328290 53720240
76002873 76224473 47663727
605269035 605454627 90805961
882691194 883981768 497501007
158736288 159521903 242929985
812623762 812869514 325706119
292539037 292558665 172450972
244061469 244323565 462151093
130951219 131539459 580647977
586284330 586730738 78036833
627571940 627695286 503655292
244188879 244196155 78996334
605350229 605373433 602846385
894556722 895060082 74435929
874704324 874825506 666493018
805701867 806232291 664378522
353032616 354913997 210438520
636368719 673554357 144360978
405903537 457232093 664345304
734323337 734435287 6954685
37426090 37663571 547027236
627396331 629056611 201825715
475931807 476029021 250084770
734301489 734457135 580715794
746797426 747315104 371248609
883119190 883619302 536888242
259737336 259946592 663574322
900695921 901120297 321491040
463740775 560347569 121590423
259791141 259892787 157795669
746993537 747118993 403149685
136795750 155252105 603579600
665151909 666868604 399908758
807069350 807373760 486550021
970781184 971000222 412488400
99077417 99231179 616080559
808005116 808199888 438713862
241199173 243076813 411705751
292458459 292639243 522902896
805023438 805240111 187133722
596566094 597549850 494518484
221229777 222303256 501979669
292492671 292605031 211606647
643644748 645173462 217468188
581144293 583098605 34129170
894689722 894927082 370627108
785640329 785960001 5261496
770802028 771266588 239299792
815882882 844086947 253186504
723770961 723850949 478319365
296424934 297095837 204993039
767621815 769462442 151568188
415629452 416476591 409676208
874494191 875035639 342960735
895645180 897163370 654131015
442475940 443016768 362510944
803881402 804339807 611932945
719830793 719928265 176822976
669262603 669835827 267179001
359420574 386739998 599595779
315986806 317917562 136058400
745065217 745069967 614978538
805382206 805417234 509601277
615196690 615217628 518833330
202581057 292964323 611662007
408963360 409040586 160042699
885015832 885216338 295395117
445721178 508610795 358983286
214504643 214951887 551007687
167019435 168051948 548431729
241962241 276035930 585211790
188563716 189027652 56920783
822761488 823331522 9365254
435665680 435821791 457826795
969195265 971813681 606036188
23382702 42708630 116700315
797192201 797606755 176766156
655055827 655295921 411027557
722652181 723257862 129384604
996557148 997609627 528535761
197951053 198372607 108051511
885661239 887586352 403590409
894645590 894971214 19711686
801208790 801653772 444624339
800389517 837902734 297535478
602323683 696666188 546489271
419246305 419382869 448123850
801291065 801571497 109286847
188541192 189050176 545989675
719834834 719924224 152218583
805272680 805526760 278687715
148282657 233240870 398275466
792052415 792480351 21729862
807073051 807370059 649987881
959147115 960732080 509309133
23345083 23901236 545999442
602472112 604147736 472845122
723741833 723880077 97539875
960654291 960713503 183980314
235608986 330986208 630844613
265486235 265950733 334688416
405378439 407225916 304483975
196194736 196320958 447820115
839160706 840786852 100689283
833759187 833826298 651594029
982563611 982569263 42310386
313980714 314890541 468775764
558862982 559359252 217865756
125769241 126214617 107314011
76076973 76150373 430174142
654879750 654904724 569902226
898791361 899208536 53475695
379842352 380332580 188052860
501555599 501807619 371977539
281250176 282614119 586142750
818437940 818538172 615925276
504893533 505422369 246761503
911742848 975477783 170655211
540479652 540639782 402926891
28508197 29105510 611072406
301009455 301444917 72080602
193913954 194930530 10712225
807145700 807297410 170237773
570405917 570580543 482212803
887143785 892996236 559047881
992809467 994791363 525863011
283080755 380473041 3615613
973952396 974032838 649962215
611451260 613290125 302669320
263571480 361501547 241861687
87169319 87559287 20140686
409210068 410485612 194394477
669538455 669559975 350357644
558072414 620546097 661179796
467910753 468387037 16947739
295031256 296739257 125433899
89162170 89440392 367712761
497582179 498088243 330453265
440937539 441175701 345346344
615049119 615365199 188965672
150273589 151515905 236349559
985060003 986100907 466302726
95360098 97349557 54168136
464090198 465879523 175922966
344398168 344915342 295520852
257704927 257817783 48259740
171915918 172453142 662938168
782053369 782289373 24218620
589087377 589126319 369223896
719810485 719948573 321583985
442598326 442894382 303958454
602854101 604121766 527866325
378703872 413857651 460338573
89258748 89343814 179638596
505301464 506980984 644752262
512753104 514148083 572293603
99141343 99167253 273462363
973901000 974084234 263337186
46803851 47935228 525272023
303372150 303826320 135656942
828564136 829024350 117264763
172023213 172345847 142936610
940106590 940676718 663526166
846825048 905242200 616425924
244045170 244339864 394526323
792088712 792444054 347106724
884816833 885415337 446272107
531026187 532656686 121826913
587619224 589258722 537400226
785725806 785874524 635758255
497741097 497929325 280641206
411489826 413298448 470894452
689445685 689501274 10439574
587404444 588468472 504206509
87149112 87579494 646483334
805312697 898762036 24928650
238216013 239386272 269140504
57239776 58700858 100843088
479508662 479597221 484989645
505137714 505178188 574115321
744825665 745309519 45199152
224779702 225245944 284181732
785191739 785398985 643860032
226248272 226799082 365422406
605192264 605531398 99672190
509247583 510666003 360444854
408909719 481504293 386747717
117994691 118586375 638796191
147896840 149328539 56923722
470934375 472482972 471932462
863830448 865758580 525186962
184692234 198310981 259706419
24508605 24869463 248830367
723555226 724066684 85641837
627451208 627816018 396731697
234310266 234428259 350202409
568623093 570549258 278652531
264342970 264696180 289491797
720950069 721693771 43458133
818215882 818760230 306219809
702375935 772487814 66853202
226241354 226806000 110626277
266392510 266781153 5322697
861318717 862040020 529133568
467167010 467780938 352590766
196186652 196329042 337299860
957369127 957778729 478313284
477608460 577213413 525443477
944266886 944351572 43600587
617861638 617943054 449348940
376980577 378418678 230105964
805198244 805601196 632232750
627132188 628882409 335646978
75658240 76227086 105119363
945994104 946044781 467681532
558907790 559314444 504028288
263301484 321378408 320279291
813232623 813541915 570715548
599247482 601205221 395215328
23778681 24707424 217772813
642990309 643532377 81118144
745342480 746123453 264275978
672276243 672833711 579806827
709601164 710028350 163572723
594435019 595871791 269291164
807091319 807351791 535404997
303310857 303887613 6645810
224922018 225103628 364430764
114384603 114812993 119370549
415316207 415797639 198621021
719847018 719912040 24926896
180043759 252683725 468695655
551859603 552507287 142019049
408741579 409382701 400748758
21956752 23162258 66364119
275938825 276353165 82297635
198717530 199027604 184037950
644931429 644940217 528335543
883338789 883399703 87499776
646653233 647179981 146400032
504960695 505355207 154055896
782167456 782175286 615764077
828716569 828871917 265921949
652323664 709118145 569233160
946614549 946803561 15965330
4057248 5106971 132146482
709555744 710073770 217693003
710262442 710785632 590221749
146935804 148893373 411940486
125829972 126153886 19446490
21375991 21815037 414598717
698486305 698924934 522155657
178666544 179128166 361292682
87386529 88851208 78703193
646737096 647096118 485350563
394872262 395066866 154874222
393555694 394101224 571551991
513483990 600622778 439146801
827125774 828883544 298520359
442592647 442900061 179305737
946495081 946923029 199332670
663983509 665076748 187478623
900835126 900981092 56176397
344639686 344673824 280418714
632111596 632677734 239999743
770953025 771115591 423649960
703321413 715011715 370644954
510391757 510775582 131031540
580974877 581640297 630121289
415265403 415848443 453343716
830179105 911825284 627872060
232540014 233543882 475380342
931437617 931752373 580229796
792755064 794679861 231669198
227246493 227633666 4801318
415537449 415576397 626526970
80156436 81620733 490646894
299732771 301709240 384943872
885098073 885134097 197740225
912704544 912769170 376969187
118068879 118512187 114605652
570227134 570759326 603739873
498476997 499162825 285863240
665907896 667807794 606350495
597445137 597496475 531437698
574995623 604949130 480469005
688889856 688928002 320879573
114549777 114647819 419528583
188665165 188926203 442711285
408928850 409075096 120716688
946527901 946890209 51083189
597370068 597571544 305926780
688885811 688932047 161007820
584455667 584754884 476296084
503211996 503527788 278448009
894556864 895059940 295490592
894712141 894904663 222029775
338652139 431862237 490904659
377181837 417310361 303992479
590025710 590285636 601988664
846692449 930777276 278854968
230574677 231184869 451392095
709578004 710051510 228549979
187555917 187596413 172667449
322086678 381443704 194608239
116470014 116942686 87356093
389048691 487349860 66187323
178755547 179039163 344905781
355650542 357221199 641573970
569620718 569714230 448812563
585241313 586835936 53135237
67046222 67169166 164861553
264977255 311814524 471224622
805734902 806199256 80640615
862363597 863164674 476814682
780970742 781261966 240619186
549067565 549990476 576868644
884857878 885374292 278636546
642207884 642608632 538901036
764694134 765433030 611132168
778470468 778535476 469012673
709800013 710329645 586607179
882788339 883311679 541072049
885049835 885182335 461666415
853336485 929196032 230311772
744835344 745299840 207335083
5166112 6480407 21347276
383361356 482097453 166735580
503203903 503535881 246727203
765380965 766016752 511403360
379872310 380302622 462725194
178700543 179094167 569064877
872906546 874317957 174620591
357315737 440539011 247850533
247277482 324113738 494787328
233724189 233750107 590915095
449193133 511543097 111671596
396453804 396487090 408447192
176124571 177632936 334187169
601470212 621368628 241339239
723667347 723954563 588874859
171975244 172393816 222165753
877628800 878139997 44987343
348936671 349664624 635135157
644992440 645450652 438948813
930675436 932330388 586624586
706669636 707312304 346568116
546690899 567642011 550505047
46040063 46964557 637154296
793494989 793916943 628481764
485892032 486038842 656293292
404592691 405020189 383450477
415358708 415755138 126549894
885024159 885208011 445415207
188668809 188922559 503801261
303589376 303609094 131962293
655311677 683362240 328460226
973361882 987033995 326120573
622346130 623571421 126804656
380049031 380562255 96349335
625861419 627364618 644507895
404797658 407908826 81844558
716719707 717911040 364939851
383896773 384178541 428772751
22615198 102526940 221237081
541950745 616791222 21693974
196211682 196304012 253646287
162668722 164337360 390571853
145113496 145545083 489894629
302958660 303393358 100515405
528760970 528940024 378495048
118086632 118494434 288489009
352106659 352762961 24962790
226348783 226698571 334633077
330458708 330602924 294610008
246931179 297603700 145271333
421092525 516860369 474985774
88367085 88765002 88743520
895848491 896130733 227561428
125895379 126088479 510111063
48883902 49109258 291873291
402920312 403993640 146689996
800495246 800632106 365974286
76060705 76166641 97786247
326973964 396806562 112052577
579326677 579752175 593148737
394827269 395111859 582898599
500742541 514754283 436786220
708376711 709730819 434660662
288607578 384257184 247650093
187558851 187593479 382307917
709858662 710270996 7532376
661848190 662488494 246937272
605249559 605474103 654766639
783431331 783748801 597766427
579534041 579544811 380045145
276114174 276177816 266061786
28556360 51778735 273680302
503359737 503380047 281176551
253806892 254344540 140116671
418617111 419052227 338572341
367179544 443462492 645438057
874727519 874802311 83249101
2996317 4446673 155755661
944176373 944442085 49469437
828738912 828849574 209117026
627403151 627864075 115420658
977501855 979200234 586628675
884392176 885625649 342414431
524442789 526404466 353232768
699867767 700068469 237580955
475696920 476263908 633438827
452280387 452836731 266768936
44611705 44621183 133487931
698958480 699199160 329067569
418791281 428172867 562834969
793567776 793844156 598977893
301070580 301383792 462790202
319372512 319897937 374653896
303086187 303265831 348088776
480258602 481565745 563311355
597265983 597675629 629191635
646636698 647196516 657832966
632289295 632500035 618618738
908197536 908934499 497985210
973737098 974248136 280668280
415413885 415699961 402866326
21428990 21762038 45288225
432569456 449753186 396242408
852444097 852773333 499991852
656446432 657009226 56177056
336918293 337384617 440875805
224999154 225026492 132601193
393635273 394021645 566338002
344329877 356497069 634885730
125738751 126245107 151054669
181901835 182151947 363419244
515934918 517885230 168633132
50166518 51296770 305460074
807875207 808329797 176817743
617487458 619287667 600679391
282108740 282374538 533433232
952101883 952180237 105004992
864566907 865245929 356871907
152309635 152829010 426971091
485668687 486262187 583964701
383742049 384333265 272306903
786876525 787927067 264702715
685414884 687113913 242221573
292290587 292807115 512715471
900778429 901037789 64042113
302910027 303441991 120792321
292380318 292717384 320457
726149029 726189415 222674787
244227332 245194464 3939464
75676506 76208820 143388529
643001433 643521253 319671190
793650438 793761494 367938571
426274516 489144446 53376690
337553820 339194600 207547928
77558300 77786294 284941313
54702301 148288694 88785367
467859916 468437874 243175040
265555178 265881790 201908463
903810842 905711423 548582807
645121413 645321679 639175758
276111705 276180285 575217220
785194919 785395805 164697918
807063481 807379629 114548099
871023266 907285307 175331065
339114297 339436113 633288021
138271153 164566480 88234143
973285955 974501941 152509572
451737351 467262329 56800690
393753066 393903852 360826686
573679679 672062221 621155673
399172385 399657511 17660165
439236877 456951267 402673309
651916286 653662338 377291151
931151051 931489407 302921477
711354550 711612848 193597192
656584590 731280324 311079402
857822141 858113733 26146533
698358343 700264846 197377323
475704696 476256132 271615154
801421614 801440948 368495888
828009591 828422501 464407034
253947717 254203715 652238472
706122883 706812024 52511024
615070710 615343608 180131181
960572160 960642691 28285315
332439298 332471616 44147622
376765176 377770877 19119714
759023819 801652327 464349843
594049263 594861744 330490937
827923434 828508658 605517327
737300430 737595886 288852135
618698442 618725212 62508234
442499661 442993047 88425993
77571297 77773297 501438195
426999997 429637193 64326688
98918880 99389716 318819096
264453114 264586036 197202299
931238923 931401535 17477502
442580480 442912228 346657190
770761440 771307176 174988274
559040071 559182163 403110933
777255691 778020775 483626342
330343602 330718030 539994752
884989123 886654396 256515270
169945933 170198155 635658318
244021480 244363554 58947537
586264507 586750561 104335924
556680923 635221806 30581273
870932522 872078479 251013815
408804594 409199352 616921157
419301484 419327690 406788528
597277806 597663806 266114994
257543052 257979658 564477950
100106052 100470904 573272689
130785841 131800326 220202535
226405620 226641734 292240145
265651642 265785326 642981399
188789041 188802327 423502209
783490641 783689491 192821422
367178826 444430936 169096753
798612321 798625143 265581785
37727626 39588169 146425481
646663902 647169312 517988010
540318117 540801317 591912383
900641851 901174367 601212641
696039670 736900045 114428370
170092029 261911718 85947154
781944434 782398308 634018452
6160109 89583424 315667667
760093968 786327869 538030539
688906361 688911497 519625384
66817967 67397421 210171736
408777350 409226596 85206174
394926854 395012274 278579755
139436885 140222276 338612483
586592641 586757695 287723785
839237013 862866708 293635824
225007049 225018597 251076813
61133666 126593825 190664115
885035793 885196377 654013720
114372527 114825069 334699753
597550569 599035896 497468340
386448871 463571136 216333209
403857083 403904513 184169899
618438452 618985202 543298911
770804230 771264386 418910653
973813474 974171760 222071622
248245370 249880226 425100410
890971431 891100157 367655784
99118001 99190595 322726451
579266142 579812710 480908331
67096084 67119304 566628254
688875621 688942237 172166605
884898882 885333288 566889425
226067598 226271506 538759389
178667099 179127611 540165054
952036879 952142805 185142033
884956922 885275248 340881575
803698071 803824929 206107357
781915198 782427544 199421558
788108114 835298523 644024077
267961429 267972781 162795249
597175302 597766310 598097072
123618824 125261915 240092799
850887078 851030583 263243495
632380843 632408487 588655960
75668553 76216773 146768710
374796797 427031288 191955640
931325945 931864045 107661803
952076516 952205604 67529067
213615145 214203137 503153066
214439536 215016994 492003312
655154056 655197692 262596297
561408612 561534214 665632366
736887350 737431076 639899079
586233086 586781982 207139417
709729617 709899897 518394139
668288045 670210344 83114774
279015993 280043953 215276311
258379705 272903651 272691704
714090646 773381806 662734
233733811 233740485 408875872
456679991 457667235 363453352
48807018 49186142 57827207
549864070 550642225 483956611
900873102 900943116 480662945
699048784 699108856 194889295
433353895 433770700 589720629
386713093 430352973 609768532
874728525 874801305 12548086
118113417 118467649 403592657
539726234 540566828 334226838
66874068 67341320 141404672
673173736 674898388 595255508
471649105 471845963 326358966
709767378 710362280 103215171
783493090 783687042 498057373
723637536 723984374 302602841
658089540 658530388 219576176
774295173 774783065 605045237
45460026 67235225 658655332
276680924 276886643 469873906
125875117 126108741 580413643
874481115 875048715 182559517
253852515 254298917 160521721
617694451 618110241 201602378
26348910 26493808 358239584
827969359 828064267 418206746
719728676 720030382 391918891
578220620 581742921 256864909
404684892 404927988 1268863
661405591 661653958 12045385
818342558 818633554 280541420
383791804 384283510 428013739
503112774 503627010 425734712
403753873 404007723 430752380
619725097 641405057 388344242
791986512 792546254 395795051
876941943 973480058 543053340
806172857 806744121 163634138
384434062 447496947 102869386
801173780 801649282 5108288
36211145 36750207 68732475
617613274 618191418 553291818
292252336 292845366 625471647
465002130 465404344 395981125
125882122 126101736 118504266
785103725 785486999 487073590
383953702 384121612 15447145
900806897 901009321 544900933
952138495 952143625 467719918
303004645 303347373 657388139
806264013 807055493 584804194
742428847 742993263 85759036
728538434 728556928 43245365
204976827 205764058 477461229
562031612 628224523 558481592
435094691 497955473 110173625
785984782 786099486 326183940
570414900 570571560 112667083
728495017 728600345 559663921
381795427 383318732 354216177
66859439 67355949 574776060
951879661 952402459 245371646
138506039 139276989 536837703
883288363 883450129 57037680
252634844 253230102 540998049
594510467 596259946 559019358
417907484 448592219 63410335
228381742 229843507 299698383
922586409 924064344 300614593
546324293 548150922 419604767
970943162 972093884 399347107
689274166 690946662 459750651
807130463 807312647 274373149
730115336 730227034 406510385
770633548 791886520 518209152
99135362 99173234 622968473
975196515 976332284 604003341
742601192 742820918 83592791
785942851 786373211 112396364
215233958 215801050 216653333
499296031 500271624 134813671
45766054 46628108 599397129
332304288 332606626 289813002
846936725 871651195 637337720
952044030 952135654 271588997
317813237 333617515 217648357
805938360 805995798 408204271
618438728 618984926 613451952
618492264 619097596 365173143
812511478 812981798 352693468
855404794 856916143 111961842
986157714 996811553 228763430
632308569 632480761 416005006
709588058 710041456 92791264
339213431 339336979 267212052
215487756 215547252 126331663
333831139 366411643 664861270
543101368 543188423 223534967
798520365 798717099 219823683
503230295 503509489 52405104
775405806 776525341 234416997
952022210 952157474 342698507
860871281 861554319 76267114
342589738 343596562 264189448
9600372 106457288 594344580
383937116 384138198 638752891
255941454 344714295 497152643
393007700 393130070 367847873
239880604 338583900 560289267
885098309 885133861 474003817
291925170 325113500 330258106
827361708 827571311 120229152
404782676 404830204 484282160
415287555 415826291 452535078
818226587 818749525 9654025
61695929 133183371 198224973
642267526 642548990 152138563
187930580 189647590 299630203
295564454 297050899 168133335
730629034 791876046 607668447
504908327 505407575 543530282
134418569 137129595 546493963
626954126 636153023 255351533
783483788 783696344 607273531
800357950 800769402 82840061
850502513 851451726 611168089
798587115 798650349 263020483
769329101 770551513 526974057
408782386 409221560 209475363
669513429 669585001 645460343
214541300 214915230 359821384
774516146 774562092 287902120
118081305 118499761 13949545
98566450 139017671 137797112
21512367 21678661 131275345
895842115 896137109 277630678
742615385 742806725 421058654
520658259 521227017 236997350
792065031 792467735 4047228
276035682 276256308 641265217
931046693 931593765 162633901
396263008 396677886 97913006
884628020 885661651 365234464
44445307 44787581 61564461
148972231 149390676 16305721
497783721 497886701 16067852
918477402 919516164 231180295
47708195 140167105 572464279
89174977 89427585 237981799
742579848 742842262 140088694
384026587 384048727 53590925
632111907 632677423 272416490
137278394 216276742 511630581
419135709 419493465 252266687
503258673 503481111 434537930
500754360 502600930 248667367
21311803 21879225 248558739
163281572 164932936 611818416
643201128 643321558 289239356
279869760 280162723 588127915
537807162 538347292 492143590
679447260 680324524 182345424
323912739 324375062 432393356
134461761 135699883 666318315
805238867 805560573 195530327
44360048 44872840 120117984
265437662 265999306 237956256
120828113 120958746 424213260
123730335 123814563 55721686
503086376 503653408 32566166
77627482 77717112 428481105
586491234 586859102 529153882
900664798 901151420 144695583
799958608 801211300 484165273
214245111 215339379 350029195
540486659 540632775 320391804
728470896 728624466 88151094
770781129 771287487 488745590
196481251 196778531 634921633
257544159 257978551 210553191
45351483 61452699 52638808
774268269 774809969 336505442
615094753 615319565 78813940
264357775 264681375 629408854
76093699 76133647 445085167
48810552 49182608 319730387
961763105 962987775 357067479
629910626 630263262 625316883
10001069 11474932 429741936
646749384 647083830 551061374
973847495 974137739 107164490
338528547 339788381 208858727
244149964 244235070 645994414
162817375 162860762 155702537
874963756 876073206 601572564
46924330 46962646 59806053
888890818 890886942 66399272
198629841 199115293 622043989
118263024 118318042 478171904
264320336 264718814 143729050
805912717 806021441 599353740
404421464 484087476 424468516
259736863 259947065 610545334
763902249 823999327 5985705
442681430 442811278 617800004
196218556 196297138 11234025
701170649 701894983 394337672
141280470 142689580 526230535
920466140 920515866 503122846
863241144 931403567 51831465
931166202 931474256 411429313
231630661 231812515 86705180
780870485 781362223 626609563
330412127 330649505 177076466
613234902 614824254 154777111
589202737 591037015 18094757
380124088 380487198 451304586
842707234 844194341 540296096
442485539 443007169 376150691
944020975 944597483 655469528
783549901 783630231 479986716
595759144 692907355 275063721
669473339 669625091 357419445
728322690 728569568 366353127
785791675 786292593 123833551
169815429 170328659 381991655
709870115 710259543 447929712
605236202 605487460 116048327
700439960 701032138 451203544
549203838 549688952 214634323
393779688 393877230 300922949
465057206 465349268 256040141
447626624 448420546 137586414
66858626 67356762 271127841
344432998 344880512 423229083
688696499 689121359 364763658
646621435 647211779 581331136
570443957 570542503 169301378
484595686 485735729 382181777
895083651 919022200 185940566
416273219 509850143 18488162
269355079 306872117 327710953
158099649 159441160 636887239
801969330 803583529 312274025
876080081 876374359 23068374
632200068 632589262 188455863
785009993 785652970 622373769
403593128 404168468 414106349
77444777 77899817 204990084
404735797 404877083 449134977
226073478 226265626 606807318
728377044 728515214 100031579
586511586 586838750 558705710
569409303 569925645 381889960
688607445 761054509 300079225
821248931 900804184 453017095
803536227 803986773 33666318
647627917 647671121 448386132
334073432 334885657 175542189
464948827 465457647 545546122
76099638 76127708 512468789
698883028 699274612 154879796
818680052 819246859 200328371
17404677 19024372 593457711
467924357 468373433 27662600
380040955 380133977 6672650
813106906 813667632 209998209
292450368 292647334 426665894
617872641 617932051 630473478
499982272 501312646 377567911
44432662 44800226 386243005
561221372 655407113 393982113
632790113 633617879 16287417
428185315 519506224 175719547
672447725 672662229 15671135
615187253 615227065 52383737
894021387 980107864 188510814
169961942 170182146 646102965
116607483 116805217 550992123
537651053 596923440 451855688
275949262 276342728 42020644
615286920 615546293 254740041
801349838 801473224 267880876
656857675 657839659 449026681
229236446 261711660 646545815
540376047 540743387 484736025
781902620 782440122 610122318
920309715 920672291 51255334
301000437 301453935 380689975
225887645 226451459 174648058
77475217 77869377 624557435
471663023 471832045 53183502
418567915 419101423 19368366
186729415 188089374 420270739
505089471 505226431 654446890
373689634 373890389 212329581
570424310 570562150 664599867
471535191 471959877 416291393
118167966 118413100 429024318
253806897 254344535 233976937
951916454 952365666 233336620
42711572 43907160 542257661
672291953 672818001 443758936
996608677 997190710 627066949
629679519 724800802 324462410
114446110 114751486 296328713
617692721 618111971 462606044
785727996 785872334 279228761
243264813 316576358 547280400
790242726 791791973 240819393
646312320 661881594 113944407
188762976 188828392 430459471
397377142 398446850 8937880
485643013 503900862 76189566
760821941 761940193 485819360
20545943 117117256 159259746
800463566 800663786 654705317
947601321 978872899 505429073
474602433 504935163 311239066
946654098 946764012 186555643
442717271 442775437 568363535
931112377 931528081 220550974
144695851 145313321 487524563
557331196 558036505 523617644
87198810 87529796 14477125
32962793 34859608 384505143
883263723 883474769 481055653
261862754 278698647 125141605
245973292 277646352 544677640
700584262 701878453 209991442
709811662 710317996 95774219
669530510 669567920 169852786
134655385 134900086 487133359
468498964 469910652 504209942
632246660 632542670 358477944
226369124 226678230 97106568
322527899 411137362 457662663
895832538 896146686 294048569
259740476 259943452 219173385
728277130 728615128 224379799
48192889 113942258 392318469
521247832 523234394 259051304
812676173 812817103 329208559
770948710 771119906 238922744
805982282 806484168 593535772
979626983 981364075 232001826
874465609 875064221 368305308
569392367 569942581 190030444
505904257 523718297 424096324
632236868 632552462 456623410
379932659 380242273 461251875
550637723 612138725 119250906
920416772 920565234 505221099
670723471 671513856 79821337
36383427 36577925 314876478
225969580 226369524 488063595
793413050 793998882 230294224
931416772 931773218 76906296
945907479 946332007 259886466
87162566 87566040 532506661
301174490 301279882 67761655
406990713 408434332 651177544
332193069 332717845 554154736
98905899 99402697 590161705
276028389 276263601 8144601
382575898 383717520 311827894
448733069 462981807 396518377
649981311 650230523 142671302
428841361 429363948 367585811
612009738 706728716 111292644
198837839 198907295 516199770
95290302 191039158 119440903
44422350 44810538 281163300
164075092 165433446 470734043
665550899 726539508 523678998
818295369 818680743 471893439
701447680 706003426 186455811
586503887 586511181 70041508
570457934 570528526 488726095
744883227 745251957 249498145
618586711 618836943 26445497
185746424 217782284 29690652
185123570 187086985 108821204
114448517 114749079 228802529
967139953 968826915 543765789
702668821 703270437 149281284
879967917 882027279 255013985
569669037 569750392 100568559
99019802 99288794 612611736
191355357 192180003 235803452
274371389 275206213 455551062
479234392 480484119 64367005
529183488 530247979 227044631
945388994 978423218 53502326
332376453 332534461 270297600
114447461 114750135 572018470
467136461 566075299 214970024
428713354 428987588 253607507
123698608 123846290 500328236
383947080 384128234 607146376
732502875 734048653 376235824
909710055 910595737 510348648
797220433 797578523 228634921
788373667 789216137 125538384
114443247 114754349 656514554
227463914 227798251 450642154
632430249 675239700 603963056
173831145 175071692 29880756
797333733 797465223 661384135
953937349 954012083 506598082
921709645 923065466 617627715
302887484 303464534 595397543
669503744 669594686 521740174
952095558 952186562 571813530
805897700 806036458 67077271
774331434 774746804 358826816
201678334 202227252 526806381
203173347 279794179 93180225
807199767 807243343 24573852
816913467 818851332 324031378
394679962 394965244 361103040
118103553 118477513 2501760
984580227 985166822 391786653
870763280 871399709 265046958
964885741 971076817 130057797
785606973 785993357 237775461
249848993 251768133 145066027
654952993 655398755 170129382
359062400 359311669 207814765
944235038 944383420 294744713
645155535 645287557 202410542
264321156 264717994 15933567
597282519 597659093 176756213
856073362 857946561 560362923
524794056 525963277 599969584
793587593 793824339 106477835
393575307 394081611 29864589
974702400 975684505 382844926
639894278 640038559 337938791
172058364 172310696 587862351
367815412 367886795 655756908
215384888 215650120 570882299
642996582 644132630 173886574
253996465 254154967 233282832
874680474 874849356 600486858
868680532 870338572 447719362
448989352 449424008 232681718
226439568 226607786 199994238
797322558 797476398 604005532
36337040 36624312 232871258
195987864 196527830 308176917
415319250 415794596 148338025
805350197 805449243 327980493
785842139 786242129 613495885
727348572 728214245 408109742
976802013 977248337 590112480
35558475 36332398 255351135
254148429 328212519 191412186
134712678 135631345 399861209
468512645 470293923 431795594
570464444 570522016 318941791
300115583 301030074 1251754
330461625 330600007 315742202
801348317 801474745 362125007
332421205 332489709 55761668
442745695 442747013 586342587
812598000 812895276 141181187
709588462 710041052 280605910
785756526 786327742 236009947
198776731 198968403 422184200
396275397 396665497 269067065
320463716 346068584 366676571
895886274 896092950 321730033
81305611 147353825 106193571
302888492 303463526 436989837
662322173 662618189 234946
534401243 535162596 272243862
468033582 468264208 374974163
565104472 619252573 206505344
253972769 254178663 50051100
46647295 47239681 89272921
301193368 301261004 131305155
311726252 312368534 235954116
449123476 524590936 481039027
728510556 728584806 200515476
116435837 116976863 649095899
751311904 779875772 480031937
443007394 444440868 24234248
226263304 226784050 664032082
471545662 471949406 287495015
466158794 467429061 644869258
283594775 283778439 391507113
77666132 77678462 233407602
77625198 77719396 535290657
456948916 481721725 639513353
761328407 762587525 420419122
159999318 183311583 440629393
686335224 688276242 259618857
805156971 805642469 461452856
523642256 525136462 640845733
363877975 365041147 364490454
699019279 699138361 315012669
894607278 895009526 389064301
570264917 570721543 197300799
885004954 885227216 592301725
827911721 926441228 477367082
803499484 804023516 446081719
655014386 656537610 477629319
658153821 658466107 297246636
591010792 592967511 92571099
505093887 505222015 144701948
257535865 257986845 546893009
77558082 77786512 628734191
21319094 21871934 221002661
782696802 878178535 377318402
264463823 264575327 258375382
749285977 788410959 447563704
310471419 310609898 126391975
627342841 627924385 101730403
953768560 954180872 381451322
167938123 169657842 34140482
951795019 952384665 8134393
793509898 793902034 378956470
602647033 668568716 281386668
189359957 283876968 289338415
803666064 803856936 482219788
806150459 806315991 145081325
97004526 135078434 473776343
920343706 920638300 555179246
723734993 723886917 482571079
807038961 807404149 439100457
920405392 920576614 39360999
123653007 123891891 371161446
158229491 226812737 10143869
543981792 628534518 411222650
734252594 734506030 437149456
250192843 252183574 150317353
785581595 786018735 559218000
723627311 723994599 305831724
646914274 646918940 41250560
775654799 777099997 376511063
368941671 369717335 371783020
442667100 442825608 517199375
394907483 395031645 31700238
579341811 579737041 481256856
719820151 719938907 63196739
598142036 598843223 235838641
800420371 800706981 592931361
773884962 774095218 539354115
275207900 275704149 635223681
791914652 792687559 296930893
797177635 797621321 31802807
390922168 392376742 409381274
125766975 126216883 358705587
738004560 738473036 390781349
355741212 356127155 13506028
818233887 818742225 363898332
303388869 303809601 293914103
770044568 818859558 73079768
543292984 545030340 520292405
730134549 730207821 431054993
440890759 441222481 127998293
61306325 62651729 628932737
267939929 267994281 639634279
702425139 787843890 263642659
302350099 343348598 132258880
190913406 256470727 404489446
198861098 198884036 482723280
392250927 446093682 140972110
452425964 452691154 419962543
339042494 339507916 15504009
647004816 648947048 163250787
908992654 984494856 102749102
335173119 336860753 227313483
497826439 497843983 192480913
244041873 244343161 44943100
734328624 734430000 446829443
156453709 158216148 82634040
75700758 76184568 55164975
77661499 77683095 209736247
643291242 644538639 416394911
36426668 36534684 364507751
666183722 666594148 387052398
393936003 415639878 582288390
397356685 398068231 227048214
183847044 184008019 130229968
259642828 260041100 124529038
468014490 468283300 564738696
467237978 468775771 301249666
99053211 99255385 576855160
708909364 709052051 408859162
852067404 884758064 348355003
524960696 526579830 346075599
738107991 738441223 497514635
812721356 812771920 158112801
83892831 84879742 262907147
74998292 76323535 147689512
709797626 710332032 293134045
339123094 339427316 236145369
396302765 396638129 536195141
177260155 179190647 411994731
544657171 582877767 276675784
249307883 249409601 433185638
473932648 484414620 69313326
285021313 286401292 40569188
785814245 786270023 271268490
323790639 325328580 328018018
808049692 808155312 489913210
654961845 655389903 580063984
744204582 808475586 618943174
374189671 374225716 547002047
482726688 483589716 462736588
303353140 303845330 524545187
699063231 699094409 177833176
328244724 329727738 138706009
335872114 337606061 426862896
226280701 226766653 360823135
563015601 618506822 212673495
203342283 288861241 393370887
790594707 791467865 534259304
899747761 900685406 127812410
841948139 842412513 528791527
615952638 696382520 110352287
719625278 720133780 642003722
698873986 699283654 563607098
940387779 940395529 461923085
767078878 768922403 464245175
733575413 749024656 163438124
973829701 974155533 205583781
709782407 710347251 398969830
215412767 215622241 540244112
575122738 576699607 606798196
419284233 419344941 89998754
75814220 76071106 660350936
811687621 820647592 126587189
708378581 708570390 175043531
98945366 99363230 494641477
224766141 225259505 248596857
818336247 818639865 127362039
408927565 409076381 272016228
738858384 740825727 259202858
586884141 587132335 267308735
589356930 591328282 625195602
583844612 583870469 41144725
470731840 472363681 6948478
7978778 9458191 135590567
897016782 898541866 382969179
774318122 774760116 576895869
723794565 723827345 47738414
785538622 786061708 343593402
874654498 874875332 354160795
10933909 62603177 386264516
715794367 717644716 509814071
303126782 303225236 268923547
221385112 241251954 459734770
86485465 87828573 374517410
206047227 208007514 530414169
403793179 403968417 594244819
226039463 226299641 334242910
667684083 669609676 357800822
263874037 264196675 102492307
734080595 734678029 236437218
728335332 728556926 664406343
599918662 600631717 137548214
874598615 874931215 591652027
226088644 226250460 6407623
586638095 586712241 95865290
559020072 559202162 640629070
525198913 525667200 130804421
253778468 254372964 420647045
978414392 979579676 621517780
330406312 330655320 600515403
569566183 569768765 155962633
125789242 126194616 381979068
973768325 974216909 86202837
428775752 428925190 490921617
344560540 344752970 322720520
275857857 276434133 455571509
323361728 324925090 420456155
404533438 405079442 476992049
107603324 108635995 239625095
225943727 226395377 290005878
265705146 265731822 235162430
801394147 801468415 331863549
874684212 874845618 640994467
946669773 946748337 235637820
717658669 719658264 423483343
695077796 744661895 508840221
884891752 885340418 191228205
785919477 786164791 519580861
646779864 647053350 436927636
159673634 160089485 178218039
468619227 468629367 314975407
827725758 828307868 382306290
830805417 831228377 26605098
805671534 806262624 619441982
327090860 329779398 211324713
169861639 170282449 4844333
467956512 468341278 24824194
171955156 172413904 92631511
895715951 896263273 93915591
178822463 178972247 364051689
332243274 332969538 359436433
265674284 265762684 329665124
559065640 559156594 135603129
827789348 828244278 117974269
181965171 182088611 73308697
656079163 656480468 24972482
812498223 812995053 642274471
874535072 874994758 577216088
827798115 828235511 236126443
728212190 728680068 498614604
770740789 771327827 385274344
874554604 874975226 446571020
87262429 87466177 188964223
953905382 954044050 259223379
187540946 187611384 344645152
413404688 415286623 489781799
337362650 337476043 539219006
180816728 180884867 519531574
352764578 429276171 9380498
976581272 989768624 493089379
792237424 792295342 203868139
567192695 567711310 323148480
709745874 709883640 619614781
380201728 380409558 159868745
99048464 99260132 95734546
258219784 259930569 348817854
485910219 486020655 471782238
669511913 669586517 298395716
442629441 442863267 49309165
667062387 727548270 279842897
89148918 89453644 506571247
259983938 264920545 328391032
570345911 570640549 22418984
884907936 885324234 270884145
615201270 615213048 245570473
586456946 586893390 509555117
75698026 76187300 487105542
181779960 182273822 301486035
36504366 49059337 405426948
339171361 339379049 361106168
676225815 676808387 579949425
860846033 862291137 324285572
658183403 658436525 223876226
344522081 344791429 372099268
622216930 700430228 476865541
394692624 395246504 54561948
924376589 963806024 580448532
73061203 99848757 568861034
569653488 569681460 330778126
98886760 99421836 32873677
894764816 894851988 443398126
821708108 821769044 358254313
818018476 837329384 376654449
586601267 586749069 90967239
452379863 452737255 551547776
276012970 276279020 587552610
77469727 77874867 224520991
302959792 303392226 477365059
122788334 122978757 492650673
332380694 332530220 453386526
384017071 384058243 390245152
482880623 484739066 607704696
927385288 944844662 649702295
419063754 419565420 474685844
805880755 806053403 501340199
806124875 806341575 346310774
785524058 786076272 194126394
700414372 701575685 405839490
319405874 320920078 328929873
987802102 988378842 155672650
559021422 559050619 365597529
819780083 820970010 565402745
264230323 264808827 179339554
632774897 634000044 159991051
602267888 604259175 101256306
645148363 645294729 469612217
233650365 233823931 553706755
6575118 7125924 234168094
895896316 896082908 78048635
951983812 952195872 455910379
805988204 806478246 219288120
777549549 779035060 85275420
26676118 28328647 146322576
916834405 971678719 27151267
805351311 805448129 82761066
781981636 782361106 124006245
210503784 246961782 296697569
165370961 258861041 511852070
244158998 244226036 131670100
792054943 792477823 573770838
882809664 883290354 603892144
484157752 485817910 53322893
920469954 920512052 273352702
563421505 563546160 596399199
805241423 805558017 47941115
196253745 196261949 370430535
227734124 228466398 471840247
815161772 816030807 515576931
252714903 253150043 47758561
920467057 920514949 599126697
883352774 883385718 337408611
744967411 745167773 291216674
719050465 719973328 614639772
774385089 774693149 385501888
541760454 639580859 388415405
503150986 503588798 494409933
617831956 617972736 139866241
711276852 712404606 415257659
330429979 330631653 660096952
75804346 76080980 109685235
742542952 742879158 535076345
214489528 214967002 124484434
131706074 133095778 585455802
187489835 187662495 84326439
759286470 759501555 111886002
806194367 806722611 253575191
803376914 875477422 218490107
504926164 505389738 219009885
81704910 82232736 39504140
894770007 894846797 480135735
785698638 785901692 282024195
130332812 132189419 493246867
742623509 742798601 281513598
408782138 409221808 349307938
785692088 792249172 469613978
447822912 449586673 496477494
336979666 337323244 546567418
361160249 362351103 2325453
792603220 794228885 571871721
421228381 423165144 498879249
396226534 396714360 454530727
645113322 645329770 398475740
396312292 396628602 475400742
885000594 885231576 85572836
383994852 384080462 396418591
813324399 813450139 595390800
615033786 615380532 248488775
937962346 938253547 570713117
265447850 265989118 390219068
827953661 828079965 517120771
669384928 669713502 657578272
336910382 337392528 95110862
875422468 875503367 276042184
785094867 785495857 239172647
618553116 618870538 267805807
569422680 569912268 195532078
530460126 532274783 44704190
615156504 615257814 217374428
905696237 906357559 363295631
676160031 676419511 518973845
688655078 689162780 307078358
570368403 570618057 267436831
233669839 233804457 477178757
786509046 786771511 102777676
777391371 778122805 457416634
579249961 579828891 38953448
558172919 558314303 156390202
672442707 672667247 483669609
658101899 658518029 33564577
782119028 782223714 464483158
344471742 344841768 565336240
73808269 140958624 122552586
745438364 746798892 489976764
841944849 842415803 638473951
194047928 195056026 407875968
408838979 409164967 491267693
260389884 309875862 584776013
380057630 380553656 369375486
859069838 860730264 639899007
341028239 342755426 215955045
624956374 626672410 103290075
643042983 643479703 241959522
765991575 767878756 508217142
800494513 800632839 478655390
196849727 243742412 292965997
225467689 226454003 616472973
443889721 444722411 192947389
123538585 124006313 634966631
418695205 418974133 6788886
674925345 674945051 649728895
471505412 471989656 535411094
987844383 988336561 444187239
275956677 276335313 557134153
649599118 734763450 240383071
632379129 632410201 166775001
234978094 236437737 405263224
627974111 628833749 136466457
986428814 987835900 515862654
783378629 783801503 64034552
327355177 388354179 98920840
745873360 747428162 552686795
540370048 540749386 109504106
150912696 151895774 335635502
125692547 126291311 639383308
798393921 798843543 386302234
448536998 448848114 3966172
613552767 613798371 348958117
75878183 76007143 349984951
629099532 629192917 4271901
974339305 974583120 515541984
655084454 655267294 189194103
348062871 415653530 50821172
382876209 384316425 41114061
736958975 737359451 393307692
617840605 617964087 566861736
306252441 307079674 650122832
395594938 428308548 624124721
726168952 726915667 13638669
778229207 778776737 214991973
577225613 636375295 362912512
931170143 931470315 239236821
973893465 974091769 403130842
469966900 471374115 592209742
785788340 785811990 467450052
785186363 785404361 414180899
709948786 710180872 313827485
617660355 618144337 119937302
482415442 483166668 116003090
46590581 47421932 538610042
467923184 468374606 317221227
45251557 103136754 28197816
334216671 397563824 14167576
267779571 268154639 27112358
727068988 774443037 275161603
792222953 792309813 217235457
541763882 543243072 317521074
223440033 251358095 41158556
118184903 118396163 349616679
33043235 33642123 354378110
728450961 728644401 251076243
324602667 401380693 142370932
249378648 250780344 327267600
632193366 632595964 391397612
776676688 776715813 113088662
419040682 419588492 35101209
632210684 633424813 5315323
813267709 813506829 155131527
300953099 301501273 441186724
800526686 800600666 40248116
339238661 339311749 392815532
310818804 312096727 3696934
938181402 942384004 30562393
719996390 741870499 480396799
77611071 77733523 369905247
853496042 853965157 470157717
226314424 226732930 344163412
220785217 302517566 426983749
828020954 828411138 348528900
267780179 268154031 160691226
829200425 830699561 339336498
180997049 181520351 265052456
655140222 655211526 242910713
737090376 737228050 205877513
98992197 99316399 420972187
795549497 797530968 440870957
594058634 595688391 653338996
891168229 988914204 301909561
812715427 812777849 449034485
951887381 952394739 95115639
812593772 812899504 261918264
196028007 196487687 523064477
303434367 303764103 612457578
264365528 264673622 199288541
715875475 715983402 571311232
258790714 260040745 610335820
217804831 250057824 334696725
973813240 974171994 571085255
874476601 875053229 216386902
805160806 805638634 115113970
605182102 605541560 205536596
418576688 419092650 125340114
672427402 672682552 145130024
383764513 384310801 215822359
704216750 704506206 282779632
793477805 793934127 576938624
558947634 559274600 529475900
450347609 450430945 33762581
475954139 476006689 218650689
44982075 45535083 109253837
618608842 618814812 349910101
497556658 498113764 116882819
485884601 486046273 511792401
743063064 743150538 457954480
6482868 31062123 15446641
752633416 753954349 570245102
244067402 244317632 474884712
888144624 889079207 189086392
803578106 803944894 360483908
125811083 126172775 666010154
89160939 89441623 311012909
807130278 807312832 511697021
720328962 721238446 232125324
675633106 758692722 14136210
944154240 944464218 359738617
659210884 709293993 134797959
736681198 817357528 207200929
944274113 944401170 350209975
785153407 785437317 258343691
475266532 477062960 71383761
294347882 320041772 88280736
895830928 896148296 24990483
654659580 655124894 526625083
233592760 233617134 511408274
264392976 264646174 483069398
604182803 604603457 436553062
967850427 969606039 557089854
118092904 197369616 526965712
662853050 664370952 331909784
719859515 719899543 456030158
475932314 476028514 245443278
818497938 880427042 229908696
66816658 67398730 58329140
645167861 645275231 491455427
973914655 974070579 430034282
529211452 530313094 612420432
486755469 487682085 587824450
99027772 99280824 144686930
857777171 922247398 130247957
719583336 720175722 608870135
818228906 818747206 48164556
952016705 952162979 647423889
409651100 494733270 465931339
270242999 290122009 456738363
747052508 747060022 123552290
813319689 813454849 325670725
850780625 936581540 337758523
485775151 486155723 53056599
339267944 339282466 258062916
176474304 177859790 596377044
503218662 503521122 359443283
3926578 4939823 160372799
874644029 874885801 244998290
827937613 828494479 239369567
642175467 642641049 81836872
725826257 786956397 157313085
760229946 771663329 23455991
311563668 356678230 277559922
931338450 931851540 84100966
641042551 641874577 328614838
643017208 643505478 218226452
931373525 931816465 354182331
198246569 199154474 273058387
75996383 76230963 3584352
587895300 685183154 204944499
178754655 179040055 114593777
841977039 842383613 115605101
440424573 441928520 489931108
658097697 658522231 309510138
781949907 782392835 318617244
76085326 76142020 561556368
597226479 597715133 527333330
486154878 486934264 404755314
44472971 44759917 468334706
940302935 940480373 539500201
363436504 388722297 379189972
187784158 188972496 504113032
652750466 750623731 45695608
746830220 747282310 658237642
411241011 414157480 524211314
337141173 337161737 555095984
187289230 187863100 462773109
931065364 931575094 320065998
804701320 882619455 466869494
302896382 303455636 284814069
614937259 615477059 544843551
424893975 426360697 384462311
586634297 586716039 188423171
776515223 777260349 48707053
987426074 987707789 598289154
642229311 642587205 618967592
558920773 559301461 145378586
738316286 804990843 319417372
744787794 745347390 358283775
813094833 813679705 615518951
214500691 214955839 179509245
344619622 344693888 539560978
513431663 573742140 597756271
148154526 205895098 170894826
895852400 896126824 501758432
639136653 640601115 578484976
709728312 709901202 176166156
946690865 946727245 191211394
57430003 59268069 212095113
624630350 624967927 149592625
805283535 805515905 144554160
503256984 503482800 338245094
410154768 411583894 179244683
99000312 99308284 456243632
488815470 490714946 14094067
782029092 782313650 584787191
793649609 793762323 217260894
798537001 798700463 333280378
468136849 468160941 595781144
317515529 318656580 105578156
586441312 586909024 298656322
737051827 737266599 256330907
647511412 647787626 445043775
806365400 806551578 606346126
987960483 988220461 96597296
164290908 164852907 320682064
244085254 244299780 175262899
592556587 594524344 651671701
803697157 803825843 630418153
66823691 67391697 368299575
894723848 894892956 381891853
723537678 724084232 117995090
292528031 292569671 653742279
238176951 238260105 629515730
269536429 299305519 406181321
734271430 734487194 250881609
820999574 822721909 57533374
118019563 118561503 272847886
570240500 570745960 561846593
627553032 627714194 636354933
655053732 655298016 153986100
164948138 166281989 374628175
654703735 655080739 352266053
569603189 569731759 143089445
225956252 226382852 373305171
1073613 1972486 216057898
196151628 196364066 450435094
336888006 337414904 249416958
439125680 521790613 425049033
774502633 774575605 85907351
643100339 643422347 651104052
540319751 540799683 75374391
123634230 123910668 378064130
67106940 67108448 236367591
960966699 961384229 302726148
344440623 344872887 135421236
44471827 44761061 440661267
475809004 476151824 342039116
882826073 883273945 260484688
252692422 253172524 664038770
736947914 737370512 312830091
894543039 895073765 579532142
737688649 739037448 381590181
116448866 116963834 511918535
800367328 800760024 142490497
338600092 339867056 440403384
851669326 853372940 401187795
330401896 330659736 468717334
125886198 126097660 355130638
632188488 632600842 510294146
395981580 462335826 606656526
452281693 452835425 122748807
944104416 944514042 34667817
503189742 503550042 146279021
331344792 332110645 150187446
251325215 351192302 433082317
420153785 504952728 557526819
564620512 565858628 147552758
465202318 465204156 353490874
715918121 744338728 315341950
728338348 728553910 75725403
488814112 535581991 528786243
724806007 726310155 78925102
56766186 57943488 575338574
952044796 952237324 259024951
338834001 339323269 488822130
441009085 441104155 19938423
570350498 570635962 105397825
76003398 76223948 386886873
339270818 339279592 202683128
778157360 866904354 79869712
104692230 106086519 328518459
792053804 792478962 272633821
646716135 647117079 423215515
219357973 221031081 611951704
97599051 125186906 527192127
800481418 800645934 179934578
669407111 669691319 599497310
791740668 792391207 73556817
580623003 582349761 585525109
75553677 76443707 273483412
703643859 704258952 517618605
123618935 123925963 282372479
419017429 419983432 2801343
230387159 303624463 462730576
404783973 404828907 34083122
415335615 415778231 627800099
828681498 828906988 348375906
872078336 872164296 37206111
920377942 920604064 401217260
449745488 450245846 500419711
900853832 900962386 89637939
310373194 390164939 563682872
812675868 812817408 568745612
588276642 602249660 442671510
540342538 540776896 198284127
239583210 240098452 457880141
977844824 978888136 575633236
301103973 301350399 397456219
340546200 369869809 91278168
851882018 852089892 524467961
688805818 689012040 215677174
498289139 499265419 314614260
184419537 204413995 262181578
44411568 114210585 588734491
731040742 817391590 167435796
793454948 793956984 213748625
196182648 196333046 124358431
801157672 801704890 230258333
879047391 880301273 53223101
303061442 303562661 430675458
66987490 67227898 355015283
827941420 828092206 192210973
581297165 582354982 317699968
285737511 325435817 651556786
428591657 429109285 73784819
969793681 971301132 248753289
5516435 7449141 241175204
931029067 931611391 128291341
254073659 254077773 33291347
569584482 569750466 167694790
580950457 643309384 129509507
428702939 428998003 480981674
128483922 128685572 466228642
403766882 403994714 2961306
265484301 265952667 513451528
801353029 801509533 170201473
570465430 570521030 104960190
931095597 931544861 454311535
786011381 786072887 143097671
479354435 480844021 623528825
646847605 646985609 475697559
778429255 778576689 78090415
785612397 785987933 122797610
849412936 849862486 524903605
339232023 339318387 567518008
605269541 605454121 218847213
216567004 227197104 483881179
733884079 733962346 534424856
187288955 187863375 477975868
666600861 667722350 112529307
79074338 123639766 523901703
512711940 513439478 383633750
630686561 650728771 640194512
275866729 276425261 256428576
608603241 608923750 385332009
136805943 137215592 299663372
426098054 427361571 59080850
452359137 452757981 453345027
951865433 952314251 129453687
687512075 709365056 39613200
729926076 730416294 51443697
807970854 808234150 305789025
778380057 778625887 288904997
688799746 689018112 429126561
742513116 742908994 663767845
794874087 807544430 95014767
953939659 954009773 594125476
471488995 472006073 98841192
575583256 576037387 274842827
827939400 828094226 334569288
857005938 861574721 320935014
428635634 429065308 107288110
240444868 240582281 206914207
801314969 801547593 299163022
403849048 403912548 560766227
125937907 126045951 582987197
384744821 408527230 505226587
98506104 99244076 339741732
793468092 793943840 386975911
818243924 818732188 608844197
452336199 452780919 119484152
92166135 116174134 385556625
166468437 168364464 549422514
805258423 805541017 160566088
558180913 559037795 117464269
785241584 785349140 632020773
853623825 854255458 211656100
723799789 723822121 388196601
603314223 691172149 114828315
139014509 140486541 308983609
597413544 597528068 60294320
404738521 404874359 318635336
471463948 472031120 61998686
473833986 474528442 470165453
800532563 800594789 341144014
752557724 754156664 96148035
597801152 598261237 202892192
195031146 231522736 403571177
483876457 484512442 609608442
946578039 946840071 317711518
579246000 579832852 236835235
286943052 325845143 511654448
723665954 723955956 609657420
632330395 632458935 177095124
600569698 601742792 431644031
215233631 215801377 170729105
178820752 178973958 263029128
744839097 745296087 24318631
476597415 478421129 224513195
383852805 384222509 233260594
380188689 380422597 323457205
898261016 899852452 619419964
569571953 569762995 191145279
498195428 587598992 518961331
874606876 874922954 15677506
645012455 645430637 34623193
785652366 785947964 193082846
98872854 100833439 51538905
831282279 832574579 304839598
744986076 745149108 338584929
253986740 254119115 410187148
82073397 83727158 623201917
77375016 77969578 50097403
384004067 384071247 368369469
827863610 828170016 274395802
215313357 215721651 269952242
55125049 56639999 193653308
233426741 233783153 357216092
313960311 315861333 224963346
89196924 89405638 62131632
516900958 517008461 287589224
21468422 21722606 330027453
224904732 286114143 244181033
585578097 585772521 518778206
253793582 254357850 563316679
806356528 806560450 499802893
383885616 384189698 167448156
895333119 895467888 354361745
418078822 418798916 90395640
778257681 778748263 52000182
792208611 792324155 641844812
828199082 828233010 337103496
9590292 9647737 645418708
841942079 842418573 164597576
934233217 934311740 141393265
827926881 828505211 238044937
947799905 949723730 168459083
985139557 986312915 146979658
340520443 342229638 280430324
32637074 68255749 107277037
883244717 883493775 532985360
785755391 785844939 150358012
75738404 76146922 582207400
496261313 532233761 17337325
826196021 895365220 663549698
778449591 778556353 327717729
728290162 728602096 414860935
654649414 655135060 542757476
785233767 785356957 157181115
442743872 442748836 614407119
770929311 771139305 2853033
120663785 121786971 511092404
785516307 786084023 239789351
394361028 456696666 72218438
470814445 479212908 442603254
255224483 255586849 181236486
116610806 116801894 87677146
728241139 728651119 244987946
669336682 669761748 426127804
801362987 801499575 56923982
765959477 767243865 559440432
52307961 111684105 557766094
330324580 330737052 422409828
46802390 47084586 122691034
988921685 988970514 442450228
188671160 188920208 382409263
575950730 576386244 238710172
524381349 524647033 410250481
785936923 786147345 391316597
785007782 785582942 77692940
409071959 410767332 237679761
180144091 181608962 502649290
148730804 150337910 602156079
211186351 212252642 422722937
579456340 579622512 488255549
509552488 567841984 281185720
75666324 76219002 115986114
334285844 334414343 56340659
452284007 452833111 453134567
56075035 56800304 144928078
805381408 805418032 133247889
233619033 233855263 626462472
669532418 669566012 446829228
617103122 618599699 136773195
252864445 253000501 79970454
440879697 441233543 183550197
203234733 203383061 552990077
801288940 801534122 616688394
816905799 817991647 273096854
112672486 176390862 539641840
415328382 415785464 88623323
267456479 279024539 70765281
639742361 641091073 526554917
569380999 569953949 240480751
573166099 573901814 114167402
952032223 952147461 305793312
884911560 885320610 422305773
11485727 13069468 414849677
90354949 91205187 136922854
181771267 182282515 378418498
511872574 511926800 57991877
404525512 405087368 549375638
645140003 645303089 391996182
456440101 539264146 304740824
818429218 818546894 634345103
404762567 404850313 145495363
50744593 51630062 254827803
485839541 486091333 214674813
422148869 423649652 482744457
907844948 908677974 302198688
336908859 337394051 227165472
5288194 6752324 574528872
303493173 303705297 430224067
244086129 244298905 93420981
655160784 655190964 384850658
616510561 644143152 282320830
783345581 783834551 7621709
475937614 476023214 284763506
300974054 301480318 503788
789065476 824307960 525783366
78370084 79431329 304235046
715626583 716575091 59695235
785933231 786151037 551471763
785991622 786092646 628363311
801193025 801630037 425829134
271752837 302828948 89188377
756519518 758193981 551108596
832914837 854094678 387232871
847211045 848523654 600242019
118231762 118349304 112730294
483252471 484444686 140207079
813208582 813565956 506531286
73662192 74656061 586162666
812716362 812841922 81570167
861520398 862269130 396140940
44378379 44854509 480448498
270948445 271161880 532902316
440979935 441133305 43290043
865640215 867146898 15157294
224979470 225046176 128980609
746893205 747219325 587777203
9994078 103710901 631429467
711606779 713345700 653526928
432855841 434141594 42576208
791716396 792944435 6352332
564099369 565726558 434015125
301216649 301237723 56255099
79065536 133003764 237545156
864668094 874449829 164852815
419177292 419451882 229954722
118104997 118476069 110203728
940290096 940493212 64581198
827811988 828221638 532068790
737040758 737277668 361411919
882869464 883230554 641626295
182462088 196773760 66368188
156235427 156636417 282826492
444967240 446863385 184540134
618487049 618936605 503853023
428676622 429024320 195829974
98860895 100790175 2642539
259685596 259998332 362942155
605173037 605550625 182293664
800455525 800671827 205154393
726030461 726221064 474369803
931213499 931426959 204424211
485905594 486025280 71926414
36385185 36576167 37867528
276016754 276275236 244186426
396440738 396500156 147719334
452372777 452744341 150677409
475967862 475992966 211868261
233523290 233951006 199009753
165767807 167608697 53626912
954347863 954664060 223386649
825909802 830503316 396975523
215489846 215545162 294552658
29664687 31056216 351375125
214436954 215019576 566119650
597457814 597483798 531129577
797268693 797530263 359089250
110359322 112269461 49882826
330417781 330643851 2976411
394826380 395112748 113613531
52295981 86817776 235384767
785943142 786141126 448176428
894771633 894845171 552045042
792179607 792353159 388349132
644639705 645419520 325522781
797173462 797625494 552236817
642222355 642594161 462890728
184769969 185644041 197710415
363150844 366570077 589880070
468070642 468227148 426712099
874556200 874973630 252259952
827771927 828261699 355410249
951519379 953328492 170958131
718939606 719401135 182383649
833903457 931631453 201153196
730060291 730282079 173655271
799740724 809137140 413311593
556519519 556540692 665983560
339205544 339344866 342687355
723546704 724075206 491344593
559652515 559966294 604068370
87210458 87518148 549841729
46730908 47156068 476751068
151513852 159839271 216800229
638041394 639974402 231919107
196545369 275710451 177905841
74299755 75295673 540905490
927917603 983330630 498408821
776289355 777436103 191405915
828495911 829092575 67018166
632119433 632669897 4407833
746789268 747323262 242970310
196005867 196509827 563339682
698981459 736650259 228397279
188717706 188873662 593015499
642137185 642679331 444151698
923805210 924303094 410481994
646728030 647105184 634665520
672305760 672804194 274820424
805893342 806040816 549124689
241197362 242618901 331522295
937804687 969210399 169531570
467387877 467553056 302244915
874486473 875043357 653685678
951950616 952229068 273511585
627574695 627692531 164196776
937068853 981893666 455977107
774122884 799908546 105715101
48964606 49028554 40370041
163022139 163032851 153137680
387316923 438775113 570594243
46864799 47022177 168111186
318137378 319655556 425216704
654935740 655416008 77428628
164405290 243676919 551252568
485952403 485978471 188786692
780938477 781294231 220038800
508364798 510053745 642276196
233596428 233613466 229397411
818223827 818752285 169032269
224860783 225164863 530187039
618507070 618916584 662622349
783395608 783784524 239348010
504864396 505451506 357939612
394277342 394739310 397156566
445718904 447204782 397184052
89093818 89508744 423429504
654868698 654915776 73012392
292465459 292632243 152069063
233582263 233892033 291223300
987794076 988386868 420270099
665438810 667412201 197417109
941450430 942167179 180261076
614972193 615442125 579598808
626186249 626736876 199102393
698824495 699333145 272951446
215225448 215809560 69978843
785764622 786319646 595587087
273314055 274019694 427044845
579451255 579627597 138361028
940251819 940531489 232673295
813090021 813684517 188830000
301105561 301348811 635954403
318982671 320755550 587459011
75697890 76187436 295228541
579421029 579657823 598573310
648966745 650367256 560204033
791976866 792555900 655760326
77667576 77677018 95385147
169909717 170234371 462518744
75584586 75768003 140742380
568263196 569669723 417459873
674222966 674892851 256656221
806941146 807501964 614246738
993514820 993748388 111035884
801233874 801628688 264141106
181977504 182076278 651996889
830350105 831181503 141654394
952008989 952273131 502019669
583078905 584436323 274912756
952077000 952102684 359685193
973799276 974185958 38788149
244044634 244340400 163301949
419050850 419578324 554024347
579418439 579660413 386861154
483862004 484180647 354958049
407705642 408609627 67329083
953778370 954171062 176521157
931085441 931555017 327480257
404711069 404901811 459013206
125791150 126192708 218483875
806164777 806301673 424891618
301306390 301732217 202403306
793600230 793811702 297235572
153965850 155448785 89041179
532831761 533138997 539398101
805105289 805694151 242303482
265746967 339239040 395315126
800306908 800820444 51683787
418711404 418957934 301998006
394399126 395127954 35722307
554894662 556616513 501222093
540675661 542012218 191603719
635939568 723134400 21284288
267868362 268065848 482887369
900697293 901118925 45200455
944300521 944317937 573429084
393588760 393843279 21294476
408734656 409269290 462586868
398052034 399443702 369497769
792205366 792327400 222951033
123655113 123889785 419994002
974384482 975155519 282791838
688757648 689060210 157770967
783317432 783862700 214436684
415336175 415777671 34765053
777922872 779271088 34719050
48414566 53875375 235687663
319637868 376506120 385235095
801143099 801679963 109648329
829872289 830510220 69324767
403640485 404121111 461158974
698016469 699671048 168002969
76004153 76223193 139902617
92419716 168059655 299008288
805861552 806072606 60365414
48767707 49225453 99771956
131901058 133193676 353348416
931298410 931891580 306926738
393677870 393979048 403539009
569449454 569885494 272878283
443849449 444905237 501935516
643260096 643262590 566343738
21322932 21868096 97017943
503139170 503600614 292739503
514655351 538596238 369241099
615010756 615403562 612236882
742449961 742972149 494859613
709617124 710012390 122254696
223797837 224624837 128804007
785551330 786049000 511419236
734298542 734460082 401642277
215372756 216385771 282852442
569637892 569697056 509722738
257752323 257770387 301163138
123682942 123861956 535714955
118067222 118513844 156647670
778225035 778780909 284468782
448980091 473868582 332811973
215329369 215705639 417146291
785759637 785840693 280890039
526203360 527067101 97934423
505114049 505201853 61145801
601650299 603526535 574123862
475791612 476169216 383268646
669349161 669749269 51773790
781977875 782364867 319840347
807127501 807315609 535346720
616491528 616629641 509698436
125916078 126067780 193701119
723688211 723933699 420085414
695563076 695727213 172169584
558981284 559240950 574270572
586580786 586769550 367999221
449357076 449379531 76077984
269801255 270880066 566112564
449831402 450493341 395360965
615067386 615346932 310611624
638827174 639178211 130788111
816367525 817620598 207536781
637335048 637660261 358049566
454575173 456445421 631943008
883091697 883646795 596517711
698836922 699320718 30695301
165208920 165304186 60029654
324327742 369255059 637713560
510673792 512059401 309996058
654628003 655156471 497897422
669402390 670154349 48218740
597217672 597723940 435907770
952070307 952211813 513461287
988004838 988539000 116628038
403867437 403894159 331422010
531420142 549798340 72122967
577408146 639758298 641956771
122103990 122293537 444879721
214573954 214882576 646670456
883046711 883053307 243510577
785875557 786208711 526893354
118120806 118460260 149988486
783546656 783633476 381601383
337152002 379572669 102611777
475901287 476059541 157067433
49751177 144619995 479561178
288735252 328774217 271117158
504980670 505335232 247515431
125778660 126205198 482265587
685465095 712353298 304151205
778229658 778776286 59358299
475872154 476088674 274847233
125716384 126267474 627118283
813163241 813611297 140264147
454608906 521366719 560631336
485948044 485982830 615613972
125990104 125993754 114216198
733231655 734012371 138871721
723657503 723964407 272597557
394756452 395182676 344968873
894460027 894881089 636099102
125657593 126375760 82484727
672480624 672629330 587972916
646791715 647041499 92966155
614913042 615501276 133103537
315035677 378730701 205147250
953826077 954123355 456881537
475403470 477295789 96515056
720396590 720484700 139243893
800428941 800698411 58113749
597320658 597620954 212114774
709669537 709959977 38404446
697669020 697974223 227784864
75878943 76006383 291325559
299760429 301540994 38141200
647462828 647836210 584830158
566877426 567228508 595510498
798179540 799684909 35536417
446129172 514683118 136014947
569581488 569753460 145098396
617766866 618037826 477897236
828161155 828270937 268599389
244187143 244197891 347495605
243542774 295759285 281912803
874590315 874939515 656237142
379981243 380193689 457008978
95752404 95883565 21261134
952065888 952216232 195099487
895820531 896158693 263895361
801496876 803155905 474950390
79291672 79510959 212131687
505012375 505303527 219287486
198619287 199125847 559663565
249543766 251167915 627578731
673742362 675542258 441026645
259765364 259918564 157804558
302985694 303366324 92448296
344378327 344935183 192965399
770976916 771091700 24367802
937427085 959015447 365332555
709773494 709856020 63577615
532991205 534149918 663891978
467908380 468389410 102919844
656957145 658422909 209759297
642970199 643552487 46751338
74654996 75115398 96645175
813352850 813421688 541421160
265690664 265746304 501970
448678705 457098900 213324249
842011151 842349501 88752690
252886397 252978549 317478230
339265495 339284915 590306617
503174648 503565136 405391430
130857813 132130299 611922973
895915972 896063252 189943684
257602045 257920665 197393105
894794861 894821943 380115606
655093870 655257878 299770185
586399543 586615525 513647649
883108850 883629642 626859463
951967479 952212205 523733819
452459753 452657365 475685316
265486544 265950424 103744286
75617313 76529361 268233536
330304912 330756720 405565613
880292557 881417689 565190115
931418788 931771202 608579243
709632386 709997128 624433427
642368807 642447709 236201683
224884400 225141246 145955159
268152151 312321542 198722527
486823602 585259073 522851827
207056784 278620968 32586849
111901244 113448272 464969362
646832857 647000357 472236644
586437534 586577534 665877977
944060543 944557915 500160817
279905084 281724720 451785190
97084445 98183698 117235928
723521538 724100372 501604419
107905660 108489300 127373598
746929476 747183054 367599912
297048657 297083700 209372686
772382150 772750626 503163559
87339372 87389234 527052098
123556243 123988655 72812583
672353456 672756498 509354120
569578909 569756039 605302872
689223896 689632164 610454107
642219632 642596884 471547665
841922456 842438196 99564498
198661240 199083894 53170341
584910040 585366661 609520344
204317238 265500929 36624199
931352781 931837209 443179893
874635788 874894042 288006523
782081648 782261094 571115004
46664670 47747315 605919011
485917479 486013395 383388084
113909847 202060870 114885605
946650057 946768053 138649449
931028365 931612093 260300367
224744030 225281616 508354295
102547940 102913436 80807735
797141987 797656969 317640253
99989627 101703493 387624739
895932060 896047164 18829507
785258155 785332569 412873289
742676320 742745790 45594976
618475922 618947732 183655545
515968890 516445463 525940992
605339654 605384008 623131869
344459132 344854378 644958049
920263807 920718199 8217637
873754106 897051456 159621700
298401175 298954481 311084303
856667881 858564364 5647925
341015131 341895071 166669078
579350131 579728721 531359721
860440960 861088246 173627700
803467321 804055679 635023555
354490004 356392154 583810521
471187725 471197908 446556443
801191980 801670582 472432066
77389366 77955228 415263971
655139593 655212155 4844762
885369623 886101348 315982757
967777076 988617247 475496108
645026343 645416749 488674915
866153092 920510755 242057841
475359914 475442742 499753597
167176027 175827763 301032674
597450250 597491362 100980818
380188963 380422323 611851515
203700068 203909448 517745431
746790211 747322319 421184275
210048571 210446039 235180879
264274089 264765061 82646869
739919321 740002080 211458113
797204515 797594441 151677149
114185758 115498709 153925240
763852666 775579305 104482429
332159488 332751426 424644785
178878972 178915738 91648359
36251267 36710085 188750381
214705344 214751186 542553831
946541532 946876578 418562823
208958995 230512259 450212840
490138717 491312064 418100715
843611416 844986799 556793198
196082107 196433587 67773054
233545607 233664287 446751839
512626722 513270628 559122362
493794166 494983976 366187253
544508171 546039427 526370669
319021614 319244418 300556770
770947922 775491238 2208539
625747595 650234272 247472585
418762379 418906959 157143317
710019836 710109822 300963863
46797438 47089538 448351893
359009133 359347427 367196781
558918587 559303647 466416813
123650628 123894270 418937880
419060528 419568646 664009367
650745887 676383089 218815026
737048976 737269450 609655330
931112966 931527492 297538040
815057423 816094747 310970423
133896613 133917304 221054621
139141289 140259369 506348245
806195136 806271314 27310298
737067885 737250541 456231599
655124759 655226989 466153928
442623967 442868741 264705131
946586443 946831667 80034747
172175743 172193317 488963568
71557063 136720112 522300866
800275329 801365249 319090053
295456083 297202351 609366607
428978889 430270786 112681775
465030354 465376120 283553567
570340970 570645490 630886164
803664062 803858938 498697349
780978294 781254414 147296193
233571796 233902500 101893218
233558784 233915512 47606809
62170561 93551492 223340564
734352970 734405654 400809116
815356328 815856514 453306158
654753149 655031325 628291676
196745558 198370875 350628301
785246989 785343735 241332359
800365448 800761904 490948998
690074752 691776362 335542853
736946098 737372328 642366332
378102011 378845023 84842165
931232192 931408266 518406276
441054392 441058848 551760373
76030096 76197250 80744233
596611469 660621375 337883568
392331436 393025267 481104948
634599931 678190000 90452218
782162065 782180677 627115402
827928989 828503103 594351747
586248925 586949397 568476199
330250937 330810695 231591796
945436639 946977407 444016003
172297041 202549739 601794530
842732897 844042694 472769158
951930510 952351610 78167619
214382411 214794268 582872360
914019877 914593626 243006546
153584611 154389263 99198687
973922931 974062303 68376697
396326339 396614555 262528936
900707266 901108952 497661442
604462003 606276220 610102708
226332001 226715353 6482223
789273199 789859513 448743529
303064161 303287857 144320995
624868062 673599130 120896263
12510042 13429724 66298693
654719857 655064617 208073515
783549174 783630958 31525608
855871232 857414612 199915337
283684772 284580692 121170479
452504931 452612187 75400445
21593300 21597728 456039202
506256863 506873773 582896039
806195311 806271139 621468747
974637983 975927668 355849921
653994953 655493078 393210715
533827488 533855577 176820168
267869029 268065181 449310558
380019625 380591661 139451019
336891419 337411491 458650025
626807265 628434975 212618490
944304880 944313578 162510549
233717062 233757234 317144051
770764680 771303936 601747261
826944014 828358509 39613812
827985477 828048149 23062189
723705573 723916337 87993986
109772419 110759517 494477685
98978671 99329925 648334290
418799485 418869853 94686490
874662198 874867632 486362570
395403019 396907078 515724005
78525948 80411585 28166682
980983576 982040745 602942332
418735046 418934292 122315213
153433117 199676397 100858336
953753997 954195435 378808703
717861468 718964042 528870536
75908203 76319143 188336766
219969114 220074819 308236771
181126361 182430454 247804528
187531331 187620999 21502132
75829738 76055588 21788400
780920326 781401620 658993325
618664985 618758669 79149792
734973313 736329155 285103865
638988199 640520447 545822314
269648743 269841116 267287270
215354349 215680659 543740512
755740919 756341204 423824610
672553737 672556217 145078576
944078366 944540092 215477247
89044235 89558327 537341969
935484784 936897941 349576796
45631983 46899043 47979484
464976215 465430259 455080751
694220201 694368024 87052547
202428899 238267816 654025661
428586926 429114016 211058793
98963650 99344946 136538912
627360818 627906408 353335699
418766129 418903209 249011795
827971611 828062015 306829885
169673132 170800513 129620285
584592364 585723298 230506028
472313629 472863699 12231458
153816323 183312546 323969015
645006311 645436781 291082419
792822657 793755652 526744224
742602054 742820056 303253531
343631067 412494698 568253844
602071461 670457254 57170597
605197649 605526013 490446466
475909533 476051295 374664531
475776343 476184485 558762014
537874334 549876953 349851055
380238953 380372333 653210402
798427203 798810261 101269159
699051369 699106271 393614716
70124972 72043000 291237689
821031076 821597005 89153768
937776448 938356943 537792312
611755105 611768860 537199401
728402465 728489793 113141576
19321101 87376925 265054044
302323480 303957807 642191085
178598619 179196091 133415706
643188503 643334183 535338413
465187120 465219354 343642159
339142292 339408118 411262408
36364537 36596815 533208386
785817739 786922644 564563151
468058350 468239440 493269458
973962893 974022341 119169334
275870430 276421560 272913897
399208688 399444672 621912041
889771786 890433934 167357120
77516820 77827774 55880539
77526516 77818078 68498078
723662161 723959749 51771908
951867287 952414833 235841076
797254709 797544247 141647104
813248326 813526212 504639556
66883777 67331611 541734110
987885469 988295475 601716445
267698007 268236203 419988719
332356342 332554572 530255677
935604438 971209407 159039716
216110922 281748538 239964127
818258087 818718025 653472103
181658670 183137912 422521200
569399379 569935569 3728134
118166776 118414290 51419529
580587203 609161502 56317131
633777404 689136527 270063443
688687710 689130148 207104974
473145984 474300968 136476957
302982276 303369742 106965114
306723213 307362362 530518549
184031339 184044571 298091173
253818036 254333396 186930137
435607504 437460399 494880379
452484479 452632639 355368034
876257517 876652501 630478570
874042683 875974484 380379776
647424833 647874205 40758439
813104669 813669869 339458015
51283584 126464532 46120285
151000212 233995494 641044988
292324714 292772988 102770990
517701359 518922428 195845925
642344732 642471784 103570961
734244857 734513767 452515235
252680111 253184835 526891153
293223764 379540155 369988577
224433781 224633233 238436051
986623581 987132716 330251140
710005718 710123940 223475681
688634808 689183050 358501551
18903535 78747004 409313445
797048682 797356605 461400635
133483552 134504503 496000278
195991486 196524208 13724880
944175559 944442899 405582653
940221567 940561741 116568043
785945354 786138914 476478720
642381971 642434545 536179104
11555572 101961148 343252875
605109581 605614081 230155385
669338920 669759510 538843736
396211548 396729346 348882361
885074981 885157189 351872101
87706151 87727060 480479485
590847367 591745438 430424534
973850338 974134896 504085441
36469845 36491507 475301934
641297055 641408131 555516111
944131051 944487407 622637705
597378231 597563381 597163302
289059735 315837100 174734511
396325311 396615583 353920627
505120176 505195726 413968820
883237818 883500674 438998715
503366824 503372960 243370668
764348836 766234459 6910617
151608744 152535677 588980928
885113061 885119109 353168051
116339410 117347292 425095693
681147988 682768076 197421560
225923000 226416104 495658275
569471789 569863159 552663545
784391573 785699733 264682005
882946287 883153731 658251330
810287947 811473345 190753471
226139714 226199390 647318824
778291413 877730516 527486913
719637779 720121279 175178312
536023898 541422131 84521558
883078104 883660388 470215155
376897082 378476888 523227318
974449546 974535087 203759133
627577961 627689265 657371531
195705679 197659870 344671186
818329168 818646944 385588875
52033931 53696183 412190641
7973770 88551732 48922573
99087775 99220821 599632099
202267056 217416138 190703485
944521221 945722299 171421035
185319574 250554773 204599456
206103205 208050757 64363921
111524031 111600957 591500067
783535382 783644750 157429769
257630970 257891740 628661962
647544913 647754125 526815972
396278715 396662179 27247535
233695920 233778376 269670075
755456141 798271340 322057455
308418307 310146404 125356222
540454459 540664975 362304462
205799513 254562344 518835248
36334496 36626856 69238560
265653940 265783028 9497266
272777437 274072245 88016890
66812673 67402715 631041147
219492031 300405850 446211261
1055513 2757510 466874031
548243456 548930677 452443830
770893900 771174716 139488678
471482392 472012676 597809644
599648675 600975652 298540694
658294338 658325590 630105175
419062282 419566892 185594720
379926603 380248329 162695429
920319783 920662223 414209171
690894554 692520583 638929383
798587741 798649723 17821699
303506179 303692291 577184021
823222842 864598620 89533530
672912362 674774477 31850602
940384667 940398641 422520094
114428897 114768699 338905461
774399761 774678477 410462422
98987337 99321259 165218491
653365008 728614420 69834528
82155477 105559051 643871261
125848175 126135683 355214133
894767649 894849155 556143974
44541029 44691859 205801897
564932300 566308574 247028879
931406485 931783505 511994690
303122095 303229923 261178627
781654733 781657268 537504146
418566772 419102566 197626784
44583280 44649608 64061999
389506130 391405917 421814101
728407457 728484801 261623323
706742420 708612665 28947654
397695233 443235389 368605061
646807346 647025868 631665227
583354982 599367208 428823856
440757791 441355449 108870030
540426168 540693266 575725240
793514843 793897089 223285374
614964945 615449373 282852686
192252409 262756971 408027246
654687368 655614483 173095266
485964131 485966743 282543130
403596305 404165291 486673550
683060932 683619077 353054272
911439152 912048583 441362117
454379877 455149923 218538725
761776931 790532384 556556875
187480850 187671480 364896165
275854317 276437673 379705299
485711555 486219319 340254275
805210931 805588509 644463825
393625903 394031015 254159252
770978814 771089802 213216654
747049044 747063486 399561692
114316774 114880822 72598901
882767191 883332827 38311691
300949419 301504953 321988537
801334138 801488924 348425528
95715805 96747822 451560173
816998824 831938845 642692597
795733296 796113107 620739630
666511047 667114917 123279702
263414852 264647523 203092197
48822817 49170343 292395040
586661675 586688661 444731845
18186545 18939485 45943752
800275135 800852217 295631026
608446521 609633295 602011127
15614111 16783165 634608094
782158600 782184142 419254765
987899179 988281765 319017495
214205489 246572234 24480307
27491780 28172618 619095488
827958184 828075442 217040600
778468898 778537046 487450550
135856067 194582958 626735392
827616139 833991049 133929453
759683977 760223563 359922596
392072236 392750283 536195097
421491913 423477131 325075061
887609334 975754753 306709247
63105445 68444770 3088135
617622813 618181879 416258096
301195047 391549503 187781417
647585047 647845387 321807218
842097539 842263113 572334140
808030252 808174752 650195270
85822343 86676715 387792857
298761444 300186710 336394597
118148425 118432641 426328913
143166745 144025344 498327866
265702101 265734867 44855727
688089902 731385581 281995491
408849381 409154565 549567135
418769753 418899585 169953185
357922155 439357692 398725220
374218787 374877008 58420897
626906177 626983312 534989025
783397442 783782690 317854974
828618518 828969968 71383209
931486061 931703929 67901524
800475394 804651167 398424094
273559662 278358392 473447619
196126681 196389013 450793351
953924228 954025204 641786383
541905788 543763359 175785239
734131966 734626658 337450265
529086789 530578778 512760011
465000247 465406227 433982507
771118650 771650800 243232729
372706380 373079204 536197594
637520055 681710308 298024129
839222690 840918945 433390113
76195710 76242664 307260690
408712424 409291522 374210460
828666884 828921602 76405777
74024881 161816831 79633790
581749863 582322670 422135423
47502779 118456432 506524300
21509569 21681459 485219028
104731250 106194918 407545511
393653426 394003492 244071963
801292067 801570495 255741324
783435517 783744615 406059810
452317014 452800104 164607575
540236951 541089767 12675716
881472412 881625980 208433379
559058747 559163487 651705376
806087302 806379148 331993288
87222291 87506315 223056145
75868387 76016939 44590188
259658770 260025158 356272498
882908600 883191418 391154259
615200221 615214097 430646520
451563957 452282062 523918901
785833634 786250634 337701148
267885874 268048336 26824771
856900536 858591774 507376566
187498135 187654195 219738799
181737689 182316093 70417525
677179002 722086389 275546473
552743417 553634116 417718502
252901859 252963087 351545091
332358854 332552060 29122061
622937924 623098307 447759773
515229798 515674579 121268446
931525317 931664673 342722531
253998327 254153105 532719331
396213180 396727714 329814630
383751628 384323686 503993121
75699891 76185435 316640702
770955371 771113245 368167410
418711484 418957854 272969714
367130097 462390406 364393510
578093886 627803020 436805933
257520790 258001920 270874880
215233312 215801696 13004683
570481079 570505381 599291130
125775693 126208165 334729324
780917752 781314956 285676108
181846455 182207327 386770480
955571643 955983039 433012652
383882920 384192394 548658101
545478113 562942443 577624510
238296964 330917560 16283092
233313587 233896307 60420990
559021566 559200668 69072453
475685372 476275456 453809237
379035952 379899411 414246060
783441237 783738895 531442664
106998960 107439946 190120881
946686831 946731279 117933069
128335719 190304330 449155802
658257317 658362611 402528223
806953091 807490019 633030488
894352373 935359459 593012675
851276235 939054166 178144580
486746027 487803966 230872812
761422717 763086718 505801746
803557545 803965455 440432864
800338271 800789081 488875727
730018040 730324330 267848776
321397895 322271114 181380758
954265294 955503820 169610157
16394120 69437912 13668137
801372790 801489772 120081394
188659603 188931765 563364921
431452293 433412854 424681904
961872885 962978392 263724860
658264667 658355261 444832822
885749995 885931722 493017142
259102277 260816683 181312810
628155322 726570236 461717590
654803907 654980567 429520382
805911329 806022829 216480164
807085416 807357694 249828747
398189048 399759772 191236340
807061524 807381586 364991491
905184190 906532906 550800537
569382570 569952378 375050142
683087571 684809879 590312583
546961424 547317958 336171895
513207875 513756133 429105172
658039207 658580721 339233596
951791885 952387799 537481670
539717799 541044638 386684732
77461217 77883377 39474241
33339031 54244409 403179329
883614763 884401933 66277639
952058985 952120699 70028549
723777581 723844329 365542204
118202969 118378097 93886420
646720823 647112391 350682764
812630320 812862956 150706046
42467498 43472755 178141983
857916095 903504379 279668320
711204559 808338003 554069489
226410137 226637217 231460524
467900987 468396803 360082058
303328795 303869675 422410040
688884854 688933004 273270602
649086442 649274143 573218105
157349635 158030499 468858313
938574939 940544536 255595653
586375753 586974583 220232788
36605528 37487726 146626764
806011891 806454559 400643692
827934626 828099000 297899721
212282580 284894459 624873347
176238856 177217294 454042486
545022723 634219784 599401360
827934849 828098777 117637238
497675229 497995193 467666021
818377921 818598191 211253183
605238983 605484679 388817358
598192011 598278297 43323383
99075493 99233103 135429231
418633304 419036034 509014547
596444864 596577639 178898594
785584653 786015677 203045788
98797874 99074332 220302876
289687307 289789812 252059851
576310519 578094129 544403776
243945319 244439715 643492733
188764680 188826688 248084851
485917967 486012907 612330098
614975512 615438806 594982550
655071392 655280356 632850277
224864491 225161155 346345659
314100754 315543896 164856102
71835019 73233685 365579506
734256557 734502067 203983990
710280455 711667596 509781729
639414528 640748453 146020240
415310231 415803615 469063109
325336211 327009034 50096768
920321650 920660356 661918337
289767094 304462296 386756756
505083288 505232614 15712320
801430946 801431616 98840584
604372542 605783457 413173794
730029812 730312558 218551755
719767223 719991835 388368707
125925619 126058239 343277763
104418063 136335930 610707938
419036570 419592604 132640515
805761624 806172534 324840625
475785552 476175276 529909148
257476694 258046016 419285799
114497298 165581138 303597331
46723634 47163342 348207533
235847841 235924421 651449016
195916860 261624675 118526881
579504173 579574679 64362472
800483923 800643429 145022298
703781233 796884788 521381967
818163945 819214611 570747974
728330523 728764839 223280714
579389388 579689464 648558829
785651885 785948445 151249929
48876476 49116684 561116584
344397504 344916006 313936652
383035863 383044051 178638864
196187650 196328044 426934162
794128697 802088004 538111629
973735434 974249800 633203934
742649492 744578656 299166809
485725273 486205601 4106034
384817520 441422595 237648792
226156979 226182125 563423146
442741200 442751508 149639754
399358844 400189214 568663101
87243250 87485356 408605814
705092367 705247186 24317766
267924462 268009748 432000296
252763521 253101425 75808816
734211599 734547025 302898842
253828276 254323156 285659411
46935868 46951108 21492950
807108659 807334451 300435108
325942773 326750253 643950869
931445510 931744480 570591882
396370327 396570567 130085819
737018807 737299619 95895917
591098053 592412310 601193254
618608946 639057635 651962393
475889337 476071491 368567016
171904091 172464969 136007182
131215085 132066662 245475949
605311301 605412361 646927100
331497472 346484679 5933747
219248217 221184076 547713679
582407636 583575932 109951361
579257175 579821677 111379674
920418970 920563036 225692718
258013061 278928760 562722444
586431177 586919159 345959613
785070167 785520557 555276527
698846232 699311408 384981335
951932109 952247575 328640368
77591273 77753321 372089446
900069670 969895981 56098754
828755231 828833255 397177090
874642683 874887147 7496211
116542737 116869963 507547300
920243597 920738409 605392041
813274011 813500527 91984595
806214944 806702034 70744683
187801634 188772636 273436209
925929065 927075013 274488568
895724737 896254487 315335837
153685616 155126381 413749838
973830656 974154578 201950928
944257653 944360805 313358318
237574410 238587794 613138523
482262047 484259266 153474770
793462989 793948943 375173758
607923934 647503508 12828908
238051331 239398026 78110138
698810773 699346867 215604104
172093464 172275596 366008352
269828219 271492081 17853095
758120700 823642263 335557223
742657133 742764977 453612415
415272206 415841640 663907893
900747743 901068475 4194099
807993182 808211822 217849838
288832179 289663952 261801259
728328453 728766909 312239738
797340818 797458138 226843249
642112872 642703644 522194873
763146937 792806476 200557850
597396730 597544882 131459548
267874655 268059555 62321486
170362404 206251675 185013004
905884749 918601645 477170464
46744088 47142888 644996581
813292363 813482175 619706027
230447085 230493244 375083989
541066515 542314858 254004184
160653907 162342438 493644931
413232037 413993499 383053920
97726727 98371482 383786246
793653652 793758280 365165653
123768381 123776517 121118283
800534652 800592700 322331161
793600442 793811490 454533566
882894321 884304722 527904662
675333681 676235023 186224313
783438178 783741954 660560536
233598371 233875925 659711996
96295454 96975802 94576108
841916725 842443927 259813592
87185095 87543511 406594498
753502002 754625918 193301258
292296288 292801414 213962518
136788896 203593607 639685225
415409104 415704742 598075290
586524468 586825868 270576582
302329715 302578071 520859297
987887496 988293448 664086683
110924918 210757744 634792691
112659614 114252377 192946097
803702242 803820758 374318738
801816171 803705797 551544885
505096513 505219389 440795565
814184486 889778110 660453739
398599685 399389560 148668230
774477299 774600939 496928837
778483863 778522081 587243450
46726545 47607239 407479633
291865878 293112222 215473302
569585831 569900355 24734264
894592285 895024519 426434559
689080065 689345951 391596809
555329501 555331000 110660671
812613512 812879764 279456551
578247273 623052737 381437782
589682554 589966640 357607002
973892021 974093213 322464209
257608622 257914088 404235761
96717680 144374836 189585415
498341154 500143330 395812344
71931248 159743334 367918139
632236508 632552822 519918874
415316983 415796863 312498492
627563230 627703996 621454778
818362617 818613495 192660959
806051384 806415066 36561295
700138827 707186708 637280994
253909041 254242391 92304743
563504103 563560249 70926430
254900244 320829735 96330699
710179134 711982652 270255637
384497696 447176736 101677347
273050080 274133888 598401687
629886251 632167936 45556997
734590283 804212970 638831859
548609904 590338986 237444953
697314366 698538394 421279244
161083476 162621079 643903952
931102145 931538313 423267669
267686136 268248074 502600462
339184422 339365988 241725100
598910464 599983351 645949673
233591102 233883194 226304490
244108481 244276553 617778859
704681054 801512182 85747114
260192343 260556126 552579147
722644907 722872856 16733748
98973125 99335471 381014946
252838686 253026260 220075610
656052074 656121850 538683725
261470164 350848415 435301423
65240080 66798062 3021223
805949557 806516893 288141201
728332069 728560189 462695557
301058095 301396277 531564631
778206631 778799313 574298236
818316869 818659243 500078956
344450037 344863473 654813052
639565996 640179221 435183510
353333591 353516258 569511508
977870838 978467639 664861032
512941192 514686577 436072318
181979943 182073839 232408688
953766952 954182480 102964124
305544726 307407490 598699541
957305461 960199057 457419511
276220537 276920926 203815520
123635460 123909438 421094184
865962758 893027276 534466908
332267468 332643446 629978724
132038012 170487983 340726565
479336420 479363088 247425175
270019836 270631060 294765681
805838419 806095739 514048168
737076372 737242054 242758190
669532069 669566361 351003984
770850333 771218283 608225542
790490522 800519013 446387929
770843046 771225570 597991380
780872519 781360189 315122687
228306532 238327651 264865035
14149970 60099572 255319442
746886312 747226218 56333092
507964822 581258794 294994970
852890397 853255689 153441102
123576507 123968391 462939266
114417912 114779684 397734948
586323144 586691924 618882522
339012657 339537753 420377465
123743076 123801822 374010806
81295013 82558230 385715788
198826427 198918707 402372398
890630680 891312603 138714250
347623062 349115200 402157718
396274273 396666621 485302786
883080204 883658288 22310130
213810477 282841109 311091836
828653376 828935110 292714493
874622491 874907339 189178338
63339372 76582959 35245680
558856344 559365890 301122152
632139960 632649370 584141625
392230463 392775760 184266408
827881432 828152194 493401348
782086920 782255822 519014121
171951494 172417566 626017620
415326668 415787178 568736021
359521567 422733259 307462324
608474270 609466002 374481687
688770430 689047428 89760714
299970561 389524803 558536413
383869886 384205428 303924705
439626778 441315284 42379941
45186078 46642670 279507953
333684802 335342293 480052470
776680420 777256281 262174094
257704315 257818395 86288730
442526057 442966651 220136429
111808081 112834176 322482711
155824388 222233227 322489282
195995218 196520476 299665233
226282698 226764656 607149564
632303598 632485732 68868537
730047978 730294392 247805719
655007422 655344326 544980206
658239911 658380017 374824441
405510677 405984564 59571872
276919231 277114049 194768164
729050422 745355459 253791691
931043325 931597133 33630092
298501090 344875104 631763205
428828363 428872579 476431032
123747884 123797014 83051978
336898095 337404815 555380642
689688536 691489855 235155743
798490003 798747461 436654068
44574302 44658586 221879994
744992035 745143149 136328779
642439278 642627840 428208328
586435621 586579447 450280644
829831289 831170999 303605014
841975110 842385542 562596466
257596360 257926350 94435643
785828361 786255907 370528797
118123447 118457619 280066910
373409374 373569567 233996599
740345875 741337758 144321812
375003869 376544149 99815997
592294061 592435824 553316242
957551741 958771126 609584878
403635832 404125764 662027600
672505242 672604712 629324322
471604006 471891062 376371841
827188042 828717412 321811323
744817802 745317382 127576563
647500886 647798152 122937632
665856372 711266467 41784575
728247737 728847625 325312117
264528878 266038896 360124768
321141591 322008283 579411354
352404924 354076549 341347478
341593342 342417503 50785229
953928620 954020812 63075024
384014489 384060825 447286411
187352313 187800017 116212721
214542642 214913888 249881725
742439790 742982320 475214410
255611482 255638793 348332210
781941614 782401128 517675702
85420805 86321870 611169667
380075283 380099649 271816140
819993423 820908882 169462063
292536219 292561483 463531095
655139402 655212346 237296865
633819916 634188896 224401134
792129797 792402969 118586206
394733840 395205288 144446942
646625774 647207440 621255316
614997484 615416834 453656503
350553254 447654055 318808913
421946494 460239023 521317974
605305290 605418372 208010125
557273514 558815125 510317564
806074300 806392150 261397522
567966697 568019927 269241099
676580093 677688555 239589366
579276830 579802022 260550254
125620773 211741548 143182994
76025871 76201475 387727391
503103556 503636228 601589116
214684290 214772240 294353724
380296776 380314510 144531564
485721162 486209712 412536122
818439423 818536689 237818291
785582168 786018162 507520211
355929059 389530581 226556036
383825145 384250169 362402199
464770683 466193030 585962411
379878326 380296606 75629500
86317513 151929449 431246138
800331863 800795489 14252130
785776500 785823830 14500923
931186030 931454428 149594225
151763811 153269555 415334424
569562010 569772938 533660659
672386420 672723534 301660144
400085707 400426024 417217622
244870220 245557274 568911362
471597585 471897483 174882380
665314158 666646527 664241126
442599725 442892983 243694397
253779449 254371983 487000155
283284910 283447752 374932144
202257578 202476409 510349964
558848451 559373783 131010854
894687694 894929110 578620837
894543460 895073344 658221709
252271679 253152859 57496386
271691026 272312600 357127256
218823939 219637595 51637472
275021942 304192115 329606878
574223619 618639434 382490642
231252482 232288607 259923001
380222095 380389191 516450830
117473423 118494263 641714072
404733820 404879060 287554238
26347165 26794875 324649482
46752664 47134312 263551671
415315365 415798481 346147088
828062321 828369771 7372079
762328253 815040171 522833424
330335609 330726023 115119122
264402755 264636395 548577056
344424846 344888664 109376631
918851757 956199590 39991319
370971933 384044131 56754479
842112859 842247793 427056787
214554460 214902070 76068959
709714896 709914618 10426895
117296194 117714051 598004657
233641214 233833082 415820766
46774923 47112053 168284867
513872309 513897097 265562939
372353118 373690417 270412498
953447181 955111056 582725611
301136178 301318194 276682127
482071101 482707367 512607569
783382567 783797565 373576942
540510324 540609110 269800307
31546866 33255660 351385917
953764387 954185045 172832448
642978711 643543975 79971105
519932805 556356056 342146533
437046188 438343879 370637923
259696194 259987734 608715476
170020921 170123167 595664294
652856565 654256320 338442811
132731082 134233293 525236257
509732289 511623209 280365116
252781819 253083127 151928838
419067496 419561678 524088547
951833908 952345776 328928334
394828006 395111122 564382003
882992435 883107583 234373376
503284316 503455468 109407693
681713481 682018552 249966588
645074552 645368540 230902924
288424449 318946959 195011426
300965234 301489138 508899937
436660522 438023441 16477874
356012271 357433629 159739696
842127069 842233583 192935535
463414150 464073333 201097401
791984498 792548268 648153706
182994695 184423216 211934999
987933439 988247505 370537349
840311941 903043267 542353294
723650526 723971384 531747356
818218345 818757767 271388417
181745394 182308388 609580159
375994351 417048425 426953636
409342417 410957350 475055397
464946928 465459546 167681675
785702456 785897874 472940965
502853347 504304802 425993584
344567062 344746448 487038851
952079627 952202493 536360692
730064964 730277406 564929202
781889325 782453417 122680431
641250079 642633330 283634027
645061939 645381153 11995058
925344004 925482238 467970099
627348391 627918835 224932102
465041972 465364502 264629900
658237445 658382483 652295671
931569585 931620405 581409654
774507685 774570553 627729748
797126075 797672881 35859606
931450041 931739949 132712813
616854072 618289502 118293
710680512 791863751 531182635
900612745 901203473 189905925
5625901 7306512 636393375
728221422 728670836 75556791
688823970 688993888 278363822
380116635 380494651 149435258
700094668 701843040 403086363
187350302 187802028 159504265
128533060 198491598 275816964
373121320 374360790 19550311
415272971 415840875 9128213
946111707 947301764 608080614
937210624 938312701 205016598
125718846 126265012 513019863
770237587 771503603 133548809
465182593 465223881 222041069
655141994 655209754 173295018
89173697 89428865 2557987
729922027 730420343 411966628
214634176 214822354 59977400
198807033 198938101 215323351
265671300 265765668 629059989
181899334 228115836 323986042
728226268 728665990 529860284
412653496 413263005 198751230
952041415 952240705 261850765
75956822 76270524 314487343
828530514 829057972 587112219
806223901 806906521 84297957
939034551 940110822 14229669
343282010 352893632 236205973
121872253 180800423 521781582
773640763 866980194 109650017
408995014 409008932 442128661
818487257 818488855 62165902
411563157 413039406 445243583
761174483 830579388 664781025
231062360 244662548 313522548
931630831 932603496 393616200
380196707 380414579 79980386
198582993 199162141 392051075
658229488 658390440 112324386
307421769 354966454 447779398
330321175 330740457 563179205
699682504 701568167 344386453
645106497 645336595 4566364
698992292 699165348 574535808
287292291 288104275 411599911
260174452 260845736 503961393
224761931 225263715 57670612
419262305 419366869 581362221
98998996 99309600 63232435
658110315 658509613 277270921
232731863 330036204 326246223
940306035 940477273 587296
254066266 254085166 274556220
832991296 833929530 461900542
805421298 807051456 116837835
457354100 491907737 571651501
114483611 114713985 596447413
605342995 605380667 197398625
622719248 623553341 337112057
264339599 264699551 48438216
944059711 944558747 382643480
883134041 883604451 455970432
226506212 226541142 301352460
931373571 931816419 476924635
187339180 187813150 474454058
935256130 936071459 472934133
976309254 977833375 115655194
605068833 605654829 300618554
645896569 647073298 100478765
775311838 776142742 375501276
67092586 67122802 202209184
75877508 76007818 300343856
464998258 465408216 311671280
770982497 771086119 42368957
689380305 713992615 567580956
170043898 170100190 630981982
415453794 415660052 55299317
399565849 400490447 501963067
46021021 47357632 562824690
700134960 701647257 639303360
632475427 634261031 289894409
467976406 468321384 99603529
75876990 76350356 472824474
302391145 303835614 661356796
940275598 940507710 656330791
497830022 497840400 540038107
617798234 618006458 383750431
785129120 785461604 199429191
424942242 426454810 97203083
880208539 881597727 658407991
292499354 292598348 392215467
747795127 748062473 219169166
394916028 395023100 227512352
883006763 883093255 607034463
133392023 134706604 543266880
698809917 699347723 95267165
654873804 654910670 660400972
273165464 291500019 548080169
452460282 452656836 106253940
290157633 361003892 289549471
307970913 352751313 491699356
558845655 559376579 67152173
93414792 172149138 641078243
569588906 569746042 272323154
226278443 226768911 593589264
46895459 46991517 112042700
253601135 309565521 373224908
642352569 642463947 268164177
72965649 111923792 619286278
327605335 329479720 336977329
660714263 662703130 257415854
451158288 452958451 413668100
989932114 990886067 530730475
844696170 845070642 215295050
404026199 475009212 343661282
981992743 983614522 584356420
96577894 97942146 57159926
252730004 253134942 52203959
77412082 77932512 95055640
393732768 393924150 198472408
76379745 77540276 358813152
823865451 825170807 46766488
770854236 771214380 241525516
864121165 864585282 358771655
178607003 179187707 594565618
30627846 98068482 656537905
336910080 337392830 631193425
586208371 586806697 312495597
339170525 339379885 579798838
419067729 419561445 568130525
48509490 107876238 88609747
447751826 447812207 472257202
728452295 728643067 472371833
572355852 574315892 588247556
728296652 728798710 64562079
951839710 952339974 437030106
618663756 618759898 553131103
252353514 252862712 181307376
181870803 182182979 371836263
934084168 935848249 660962052
546248895 547130818 199868027
194424148 270987274 17034646
380215345 380395941 636818635
352306589 353460943 132950147
828770587 828817899 104854828
344604522 344708988 612650167
66929678 67285710 227595536
807184929 807258181 44170277
428618055 429082887 160007010
894606060 895010744 458552087
233704851 233769445 570357980
76423076 77159733 430029929
148978397 150237486 355042884
765823685 766627572 311521308
806061069 806405381 306224937
806982125 807460985 379903235
244069442 244315592 458826427
77606049 77738545 89489917
485957742 485973132 360523161
114615626 115321657 340246439
87110758 87617848 377760635
152925803 153199039 647161901
260078500 261469654 406491377
116633827 116778873 175021129
118042234 118538832 426654739
44385289 44561442 95134967
944125837 944492621 440463029
104636433 176285168 257827591
118153222 118427844 387116954
393685313 393971605 319328359
504985767 505330135 48102287
350803248 442738913 231642073
18289052 71259471 20839714
145631510 147009355 321505273
418633466 419035872 646760652
21211743 58088532 609165655
380072822 380102110 471781179
508599680 555331300 568762145
99801008 170940587 268961566
803728946 803794054 648841486
13139770 31176059 250597562
570469847 571295336 97565554
785851991 786578149 213341078
872682080 873994727 199622715
770853813 771214803 129664281
154622235 155363197 174220206
360879914 362767009 40295117
812595550 812897726 178775327
359783518 359968142 318576401
565253061 626024883 25206964
958847059 960133443 399790061
226294977 226752377 268248232
292423114 292674588 308715756
511174530 511671664 194280858
528050118 529106678 311282503
328974972 329828094 426051580
978601936 980491505 229926716
871116131 872870575 605028595
496044406 593841444 324203928
393639961 394016957 335026565
442511270 442981438 77923284
393647110 394009808 410299867
411486972 501019817 664991725
276134393 276157597 299123889
934228608 934252826 649021143
428772890 428928052 400846886
728420874 728674488 413718653
540314237 540805197 313586751
783406629 783773503 423431992
321363298 321936139 557102337
499563976 499802786 553305568
865533246 940510987 548602357
355706551 412442730 363185622
673213596 673999184 333445558
384673331 384843368 404781811
178084495 178758133 197542160
806299629 806617349 562889465
798550258 798687206 522700614
730090078 730252292 349883143
642655320 643800920 96238628
303431758 303766712 11139072
719659331 720099727 515841272
658576559 659964613 601333948
537436554 611591679 466150292
783541083 783894853 604005439
708460671 710086358 206811223
302905185 303446833 248061330
771870506 773699138 65220211
340720382 434284297 564705708
786337422 786832010 642507613
106743286 106831378 404815941
862358552 924901538 465868450
951837607 952342077 57631975
198592750 199152384 94224947
584098480 585637149 403376610
987978719 988202225 72726136
946571281 946846829 247525451
984025750 984262061 240779659
883181986 883556506 403357890
139331956 139416777 19689335
894807198 894809606 10217472
191963887 192915041 368623422
940197636 940585672 647177953
3344406 3555368 204823082
152779035 153426834 385501716
803737849 803785151 133264760
114299039 114898557 425692787
428323110 428590065 666211169
973707284 974277950 60842540
408827874 409176072 315789929
798411245 798826219 432428900
805173018 805626422 378330330
953849272 954100160 33796815
114316491 114881105 206334738
233444794 233765100 428053905
540462045 540657389 481502262
227402149 227804544 343121974
759287820 760881379 356726196
742580666 742841444 76482632
828151643 828280449 439045575
555404499 556387969 503613099
452617877 452915297 364896809
207318829 208366656 433912321
709817528 710312130 295637119
264500314 264538836 2816374
887699531 887868278 365259619
943154015 944795060 619293303
423922522 457220585 227170133
697518991 704996654 82749568
926134302 926967782 185649007
402059899 492034030 40190211
516963290 516998118 589454387
116418141 116994559 395974247
203452895 205341114 243658921
303759395 303783764 604132309
63920666 64116903 128781651
637687373 639463130 587035040
319422968 320923724 540226713
292369871 292727831 328082761
728332776 728762586 180667930
640374268 641442149 479409423
106131938 193641330 9306009
672399862 672710092 70840586
953798271 954151161 248801464
505763308 507005170 4393353
970331348 973181056 200734320
44415862 44817026 113061635
841973252 842387400 350895413
23905471 24206972 454808389
233567908 233906388 199516685
394759112 395180016 492493332
729903534 730438836 576240490
520458638 543460738 182511157
912411453 913924362 540325992
978527920 979999945 337092337
586489436 586525632 208577848
772779584 773831154 169667121
21450932 21740096 353314463
239094883 314977853 242138553
292373582 292724120 661754852
192462402 270207567 321087111
100578237 100919764 206812249
783350119 783830013 555526341
242940021 342141276 31040517
266080894 344953923 608468990
43766581 63308443 474203379
873118314 873412969 576039351
503219334 505069780 647171302
160268956 162236554 421984617
314139675 315619828 205615953
326956400 328580193 539808198
800509216 800618136 256160185
845669030 847657351 434867806
586935735 587053536 553428877
301212691 301241681 274554000
417199181 418927305 299715237
299855177 301803969 309092007
733977951 735604051 96491013
418559805 419109533 173274872
292530852 292566850 522295804
259728590 259955338 91445594
642918578 643790984 295442370
725175246 748596507 94386192
812102996 816705966 456108610
394879864 395059264 328996440
973761401 974223833 525954705
380193954 380417332 234084142
953766185 954183247 486256631
215373758 215661250 288474836
591304135 591322582 645587376
545844659 582306348 24942343
95902776 97275840 501653390
452464578 452652540 9658596
933964595 934067718 363527293
383943498 384131816 75530330
734167464 734591160 246943
642404850 642411666 383078486
362818380 363105076 413686772
276094935 276197055 503763917
617853231 617951461 123779173
800540377 800586975 280212611
973701637 974283597 349142693
719630447 720128611 620721732
800265988 800861364 74510788
21438256 22303214 380552243
912894766 977352046 463457954
365364682 366686518 326295640
734797725 736774840 156329272
188636200 188955168 634187357
887236143 888022291 92461626
264500748 264538402 411756434
627590058 627677168 657303394
125694796 126289062 130965013
617664663 618140029 383326746
643202383 643320303 503103810
890645928 937230916 126760128
642308401 642508115 276039258
336968416 338299556 188454407
944295615 944322843 523428026
214482483 214974047 51358288
781084344 790189871 392191891
800270776 800856576 276501937
369432863 370814643 338191802
615373633 705573473 96424525
419101605 419527569 69313667
76901071 81544163 129982161
932038782 956221049 218367533
561630035 562549004 430627171
443165060 469021717 297551576
665587806 756070373 431743106
869218106 870639806 585127489
48960274 49032886 622403595
452456659 452660459 262918162
488061944 489788575 293797582
42723638 43126753 129087243
809833089 810503169 555103808
75915322 76312024 395705768
226109876 226229228 37377063
885047515 885184655 315772481
586729335 587224265 624839262
805171866 805627574 364501018
383934328 384140986 138370532
299562772 301410001 620026434
615144789 615269529 271850832
437499735 439433242 85251831
67036910 67178478 305912301
383929283 384146031 188810880
157192854 157959477 26056808
192390142 192573456 189814532
803553122 803969878 439455296
770975139 771093477 518881660
951998380 952283740 148964810
812784258 892211403 97758839
329707837 330618599 540347554
953841824 954107608 277913221
775705803 776112467 68730163
812662243 812831033 414299442
48934660 49058500 438555213
998344281 999033734 325371383
403843890 403917706 26777882
720489502 721762002 428517035
627519741 627747485 195862366
801395764 801427298 428993518
826179904 826760605 358363125
682380109 746791058 2055504
56296413 57850140 218226914
615024852 615389466 468853882
774522538 774555700 195291173
198821478 198923656 198196454
801115137 801707925 409801940
807891390 808313614 43584238
48730447 49262713 540739012
615433341 615587934 492181343
597330848 597610764 132294179
545005807 545236139 218509310
939566691 945625372 665522351
116693463 116719237 186451063
952098351 952183769 337676736
66730208 68240303 114048995
586210809 586804259 219943879
643210265 643312421 260161925
782106969 782235773 70608200
418538531 419130807 597923619
988028738 988152206 117060973
436364212 472539631 24507804
49384036 50022899 651303958
276041981 276250009 113118382
880699233 881455141 170523848
693273857 695138226 50678184
797203938 797595018 597049951
562442107 564131139 223920741
806008072 806458378 455420438
877952179 879266765 142959047
546360802 548320978 192028967
932564277 961667693 607981689
537980169 538809164 29536044
900676444 901139774 459596601
734358659 734399965 269576133
788761303 789974213 497507485
208587888 218072508 654271031
421526399 435111032 121641638
827949291 828084335 312731806
801321048 801541514 664132953
303434045 303764425 224645034
9364806 10790739 293392066
778382963 778622981 167972374
699467053 733825292 491271271
204416214 205379467 189049302
669330264 669768166 292578043
485673511 486257363 545702334
107478664 109336798 63344891
882805395 883294623 265943875
825766830 826281190 365395641
9110501 10589778 324380472
386933472 465388344 135479764
884821943 885410227 557278283
475602752 501644257 84200067
669502905 669595525 605684166
220531033 221584617 33553498
415517065 415596781 626386875
700507562 701053235 26425423
408827364 409176582 10973267
617590695 617691983 19407050
570423252 570563208 666359827
225960413 226378691 161050645
647437690 647861348 459219836
118146903 118434163 133600787
803581528 803941472 181337493
669307279 669791151 569130706
605134587 605589075 491206009
471667750 471827318 405438808
21526642 21664386 534987056
643197545 643325141 108387262
151752386 152573431 104105373
198580873 199164261 181292539
746769897 747342633 153827509
617851080 617953612 448002828
440668107 441742662 366202182
744880621 745254563 58235903
540540503 540578931 604120258
783577854 783602278 2255310
783420401 783759731 229348002
303576962 305438165 254332116
642987229 643535457 616263921
125764953 126218905 173788059
135508367 150456654 345909010
87199984 87528622 503726199
931219657 931420801 170494111
393653416 394003502 233198837
89409414 89682011 117654411
451055240 545899266 618879213
35609437 36630343 642017468
415326910 415786936 76519301
818217489 818758623 529214577
744782355 745352829 601893444
576278774 578203110 334348215
785330317 787748627 14331309
198573619 199171515 11122194
579515577 579563275 188865310
125859195 126124663 512671877
301177682 302140942 4160214
157824939 221756297 567999739
625364186 646857167 81652487
51176765 132069696 326844533
503181536 503558248 506701158
390998727 391584380 272082532
2315904 26228159 586958709
380043158 380131774 32075976
752026176 815042297 393461850
403860270 403901326 469787690
944176517 944441941 523013347
831417699 832152259 339314322
118218488 118362578 269564396
705073725 705983699 131950147
953600276 955231610 650651992
799589259 801229466 317730610
354036779 355203673 6344129
803642712 803775170 148107264
929902571 931610824 271264510
647349759 647949279 396969655
931339856 931850134 493965176
214691471 216286307 255893472
178623107 179171603 532984157
188623807 188967561 572769119
349619520 387101075 608294361
344625387 344688123 74944540
77430504 77914090 174931690
785711981 785888349 191256760
558141072 572499585 471749206
485670728 486260146 522095899
225924623 226414481 583321513
464937075 465469399 491688085
233271991 235197659 481609405
801372641 801450421 501213618
127207225 129152427 53424897
688698624 689119234 87069055
510729530 525149564 116371173
77434325 77910269 290758687
721800043 753762763 530393050
452523649 452593469 619675494
641625481 642458000 203353841
833790475 929471227 508405057
398849842 400422011 214193196
332198677 332712237 465174978
782131203 782211539 91616050
805368011 805431429 511717615
30825146 103416242 375609816
734159212 734599412 295318589
275998131 276293859 22711988
435648756 437186073 179141924
526892305 528612748 321712199
888012075 950331210 531980888
884839853 885392317 74143552
67035905 67179483 56580158
760410424 813882235 557925650
927370987 928484119 439255556
786760510 855688121 407701037
699069939 699087701 578566547
226344642 226702712 548296376
73898234 74736159 459484236
36382261 36579091 290231373
728356267 728535991 404050346
243578677 243938819 63325670
698981833 699175807 620446424
461072994 527405667 482177881
774336843 774741395 212589061
332331801 332579113 118829809
597374764 597566848 425612645
579271937 579806915 209395052
778334051 778671893 17276071
800385136 800742216 640192421
586453693 586896643 313372501
419027864 419601310 384192489
920928757 922326286 448757385
336956620 337346290 387285003
885087335 885144835 43279526
336948308 337354602 492559946
224904130 225121516 388304748
336891674 337411236 146023993
728478250 728617112 490364420
276086986 276205004 498589039
743891365 745038721 144657176
302943531 303408487 657929870
125724486 126259372 333617960
788668504 789650919 556339332
368220184 369392696 467921088
729585048 730761094 423151346
172105061 172263999 641497394
810411924 811146910 265169587
630216234 641372947 346190945
828185175 828246917 572013745
874593346 874936484 380744641
614922496 704982329 260149743
504911850 505404052 43175294
277501880 278675449 380336367
632273999 632515331 421378777
264354641 264684509 530902911
86655282 165273094 154785710
200206275 201674601 509253353
734304299 734454325 280530020
944167355 944451103 306788651
353138485 358656145 243042480
806238343 806678635 156711994
729971526 730370844 258998772
673120280 674044426 523590643
680882274 729298762 64111383
457564704 555964662 341831176
343572250 345042250 54868366
303552481 303645989 89579139
815440278 816427002 556366273
164467914 166035909 286161302
780965000 781267708 43378031
642894355 644063515 146787745
946570794 946847316 52657415
797195172 797603784 643120642
997881059 999302024 278165692
118179313 118401753 120781285
195968945 196546749 90183746
618705409 618718245 478659902
567620072 568964954 634409073
688623548 689194310 176501218
510934213 533785998 422245059
904963938 904965423 151162754
84961459 144465789 373445073
396388083 398238430 98541602
709715040 709914474 51249102
981377210 983061425 373601796
201888957 202598698 289969288
987837290 988343654 625782448
688762225 689055633 558263492
421180548 421623090 580659405
67028384 67187004 347159491
569577340 569757608 422650210
80081373 161227799 391654101
393798710 393858208 63128633
214056753 310976285 193571321
344573766 344739744 508581151
383854267 384221047 492882577
941519960 941706761 577627716
115167349 115677370 240492684
720476415 721735274 602700785
736876952 737441474 629256425
709733504 709896010 457726003
674785542 676467539 499981752
953934113 954015319 227258443
124123682 125293421 125198473
87067434 87661172 545579508
698796232 699361408 420962473
452527322 452589796 323778898
61879800 62305906 562876820
29556090 30569421 241104030
802821551 804314004 397687003
344649685 344663825 347233176
660096060 754664544 240095078
395815121 397634470 97585115
643004003 643518683 543303168
393621164 394035754 632956611
931510671 931679319 597753157
452408780 452708338 228715324
717417719 717923713 163466651
111730692 190187836 511436043
93538878 129692072 545468639
793418322 793993610 134143614
294248196 295257800 198093551
931346222 931843768 41850723
243948489 244436545 543492741
959170439 961105176 438012209
615062165 615352153 389796188
609120023 625120083 110343940
345995622 347812080 182450120
299285852 300170566 552059460
87086616 87641990 264183703
380263860 380347426 372386262
785051255 785539469 565276082
303548757 303649713 395973942
303051734 303300284 297940445
540965176 612374229 19060992
614923843 615490475 332692704
677272068 709779572 497316454
793508627 793903305 599857515
883703466 883740834 46225616
230183858 230475555 265789405
77586775 77757819 274970450
212889505 214485568 437299574
470019159 531469721 142389882
303308544 303889926 586601095
257347424 275858746 539761608
885050894 885181276 568752664
798374471 798862993 213388286
627503093 627764133 375405705
114570673 114626923 502585150
322800286 323923835 613516550
75971640 76255706 233614666
83363715 83778952 213193920
233559022 233915274 48847162
592158834 594050483 551246580
121329539 122967441 428176269
487855428 488539039 554975910
612288370 612968328 536009606
990634002 991426530 365310140
134055393 155074425 288645568
734281523 734477101 26104821
827999431 828034195 458514915
36249706 36711646 587012709
709784388 710291326 455602616
688876969 688940889 278035729
226311185 226736169 423459712
233690648 233783648 355573187
725713689 737319434 636285373
646892052 646941162 450702494
196040161 196475533 60669965
417373469 503231444 75235719
66999654 67215734 600855826
722060681 793765248 69649836
931275539 931364919 325532763
76031614 76195732 459050973
742483044 742939066 88596630
303064819 303287199 305248037
698888691 699268949 370003958
315115538 315554711 641719129
702264851 704051900 651770572
884350167 885682377 446561928
215409348 215625660 435915940
339126677 339423733 549319726
746990843 747121687 550364880
93893203 94843798 116788624
796908336 797630865 567857663
791359628 792867343 638169556
169886746 170257342 452608857
605302249 605421413 117174275
266033335 282455243 561189725
798469795 798767669 571028368
775307251 776592032 102732381
953716227 953729597 252138635
186749593 187604863 518988058
669307512 669790918 482593194
540479313 540640121 478330461
973731977 974253257 300586816
563467577 563945778 608101469
529935527 531767866 256247977
379968932 380206000 306071283
89272845 89329717 590838912
630886893 677539449 438112585
538102857 540000790 617899680
894546826 895069978 493397089
728228325 728663933 505525431
950612297 951963913 210758243
801310678 801512384 449780433
415339139 415774707 393328043
579508638 579570214 521725461
498791461 545487194 45743999
757151174 758760622 366104275
774367046 774711192 270118558
895712698 896266526 173816294
959652227 961383956 255521447
378796231 379445232 218298151
770771375 771297241 655078220
244065909 244319125 662922116
728382196 728510062 384911488
504951088 505364814 475263264
393592178 394064740 144285930
161803423 162533129 318675621
827807858 828225768 355792586
808096384 808108620 651628043
75813174 76072152 251314824
906245058 906884031 651172880
813369139 813405399 28612088
709455896 711388731 112302957
497143517 518048605 449331726
828088374 828343718 575020949
419272314 419356860 295892312
569652174 569682774 548216350
807849662 808355342 237912447
214617888 214838642 612234869
408775670 409228276 482784129
807812365 808392639 593642091
579344885 579733967 619800888
116474025 116938675 241874437
781919541 782423201 666369854
380147849 380463437 269891220
647555719 647743319 402447321
805769741 806164417 88311344
783565989 783614143 649502658
782040117 782302625 596876400
396237665 396703229 468444499
951541245 977337415 482507322
403200469 404349185 354929641
827823548 828210078 320732726
882997141 883102877 619780352
1326373 2965272 307239275
699243233 703445346 363460301
726223252 728003466 570788682
746885142 747227388 168034489
126778358 126843591 596631891
632364300 670016340 398419929
36443637 36517715 404877476
655105941 655245807 390086137
370127661 370702619 532517794
867864579 896136563 521388648
999094324 1000000000 41524590
672538370 672571584 477348556
782134730 782208012 183080798
48759753 49233407 39865895
267721414 268212796 225158583
261671756 343285057 493162456
703621741 704672857 176203991
452424590 452692528 118165632
313877020 362644661 189608883
770746064 771322552 385567429
837555659 839534489 290532136
21408993 21782035 174591256
151125920 212583093 455524253
441020678 441092562 219384431
778355603 779239388 354231525
421466555 422914982 615559328
89048934 89553628 106343981
805117055 805682385 74143834
492632847 570199412 290599128
46656502 47230474 136317737
524213706 525694841 662595084
940160405 940622903 375768044
618537800 618885854 27986162
233721096 233753200 216380578
452399235 452717883 595092412
822508565 823342777 140648363
467941774 468356016 664365323
303231988 343117858 557054538
723567583 724054327 642441320
931337853 931852137 560815079
620838358 691565253 108328797
793566409 793845523 407818209
821886330 873089787 439529468
159713114 161498851 544356694
882993510 883106508 638846693
274127283 275637536 638005739
36427781 36533571 540595248
757855238 779494203 334168974
434828742 482660519 467665703
806322098 806594880 559194072
638553713 639269902 412996881
131124801 131514514 356572201
252829676 253035270 273580597
87086320 87642286 429082731
655010288 655341460 266139235
778330163 778675781 133513835
701481187 756102585 539094112
725517959 726267186 124965685
229095572 229264415 161882832
586528356 586821980 159994145
966290561 966938435 609882998
233392737 233817157 39902823
419207669 419421505 277547770
38969459 39532138 426439691
332308341 332602573 176428569
187351540 187800790 417195092
827861688 828171938 334497195
332307279 332603635 63639739
820654731 821154769 91476808
698826830 699330810 107006259
428652925 429048017 92235131
838174427 839625353 87983530
65418088 66363474 647805125
672515103 672594851 62937168
803000633 804532481 269851204
806033852 806432598 38835958
300962984 301491388 257849624
181753898 182299884 633035175
418763273 418906065 471754830
344549815 344763695 554071132
125806293 126177565 622427713
3210880 4099414 172755669
646008183 646715736 79796232
197485035 197934373 613345596
797178423 797620533 538332358
800131397 894427403 214755042
225909909 226429195 207920549
477560203 536439980 40860684
300944248 301510124 245778305
792170878 792361888 119160255
98990071 99318525 341602180
373932063 374611879 120074947
393640598 394016320 614656184
708299464 786662397 482885739
669113429 669675081 541715720
334054014 336003097 400465377
785258538 785332186 399339312
688842285 688975573 135486768
440985513 441127727 617205985
423287366 472526068 435695745
505073464 505242438 197906872
384133949 385380854 544688042
894679931 894936873 57250541
728312018 728580240 595149881
309539893 342320997 187950337
408924450 409079496 395346399
627388991 627878235 560091748
114310028 114887568 636011425
283861423 362559382 338343529
380004807 380170125 223550279
180470335 268314935 635888616
251386133 251445319 610588204
793434301 793977631 419936285
669538648 669559782 511345495
669477547 669620883 278769244
408870683 409133263 10644886
76087121 76140225 337380977
744809411 745325773 271687500
253795661 254355771 380735021
172830102 202352751 658972905
403603815 404157781 550844624
224543970 225848672 237845875
909657038 918391641 353114918
188744875 188846493 357494692
440822241 441290999 179328395
528745347 529277846 480270896
558498312 560004926 258286274
791533402 884515922 434297008
443891724 445045272 153438892
227972487 248038931 250479877
747410676 749002476 56480240
785026308 785564416 164019093
563136918 612208364 621402673
783515814 783664318 475486697
766136582 789445249 253585850
733492638 778691966 437574933
73990407 75840847 77419674
625890841 626061912 284046043
579360868 579717984 582542822
867665906 868927116 268034910
744322178 745933545 616481759
225782630 226336014 222404882
45197730 46258736 256100605
609518033 641853212 587279813
885565275 887333827 495539231
363871269 364093592 66033466
206679553 263158118 516612139
250159943 309098141 302111544
816168586 896662807 431606925
814231902 815371455 550643804
534948658 535199038 72689142
713250086 713289861 471810537
723325282 724894551 537827261
241472434 242697756 662614761
540544724 540574710 159173480
745978574 746250481 296078116
987853437 988327507 482992718
227455070 229225844 638074938
257576604 257946106 158634158
362944943 364101920 467862605
244139736 244245298 456139028
418656411 419302656 76449811
812538068 812955208 583405456
330515638 330545994 296316530
67080946 67134442 170406480
485953071 485977803 239858269
828067171 828364921 581382724
76377953 77361473 457653687
276084974 276207016 552734120
669355778 669742652 275266047
74040703 74393182 349259476
895877457 896358473 23294841
482454503 483514225 11803726
10481031 11632399 29286872
411896717 412830573 16731184
301180560 301273812 270718873
770899582 771169034 223299027
740563065 741044722 63763301
770801209 771267407 81996817
452326176 463914480 426000535
625316944 626586627 322334901
428795903 428905039 503188608
415528488 415585358 539645301
542930796 543255296 204799097
233487500 233722394 463705297
842117325 842243327 537091798
770940817 771127799 187326539
362163599 363694699 2055251
922935416 934330976 655594940
880569696 881987966 422861548
196094967 196420727 156315567
265674236 265762732 264903375
408717645 409286301 517865720
991987092 992926287 291329309
886950980 888525306 430352313
290221190 290529457 488546964
158026045 158105611 652447421
806448528 806468450 281840256
77144880 78359591 570071076
188622323 188969045 222082054
250399234 251435225 344668240
275905380 276386610 265698676
99145429 99163167 215315590
46805277 47081699 310687955
882952856 883147162 625959043
589081108 599199784 314462033
940327200 940456108 587265242
800467214 800660138 27994802
181851878 182201904 209317772
84025697 85082807 393337318
807994969 808210035 582773459
874690827 874839003 299909621
920337132 920644874 595550102
114402673 114794923 250331605
523117677 524740127 524030522
369583020 370004305 460514744
968832938 970058230 386764258
125936323 126047535 295097234
198588010 199157124 390436605
654982163 655369585 35964723
806900441 902451408 573992601
168242222 168943029 416202930
921370234 923270900 123597355
452420493 452696625 326542724
185226297 185874751 318617299
500551145 599137389 187768618
399976655 401972002 300518342
642149938 642666578 300218293
535612259 536442441 629209013
778724627 779947042 388303765
75713812 76171514 616339259
535380247 536487580 264389809
99673359 99820815 201607722
579412941 579665911 120127826
896650320 896734183 466087911
554064626 554788463 599611879
612691499 613692792 205197540
931380955 931809035 623125676
993652344 994398040 418507164
709639055 709990459 434198985
805104058 805695382 47729171
21519028 21672000 448749056
803465635 804057365 395769376
669326406 669772024 195070901
807837976 808367028 34092797
443112755 525313626 399566153
379919152 380255780 234619818
38167528 39571240 495262732
797224985 797573971 210691211
554897912 555737213 639507751
738923257 739542477 126791994
59124518 65542479 244843355
420588751 421122650 538350425
747039531 747072999 614262564
330371924 330689708 329139246
471607468 471887600 126348353
301158824 301295548 633464329
292374066 292723636 193130375
827838869 828194757 43328682
773193948 773447631 109210303
187441115 187711215 417868647
427779188 429226335 568332959
872336283 874234549 531784033
794296098 795991979 134570349
44475867 44757021 6419464
824892939 826786948 504281751
673758599 674338370 112612585
894679469 894937335 120729349
224933221 225092425 539231591
728513714 728581648 423241751
882798114 883301904 394082779
196070956 196444738 458312856
121601138 123486106 131321374
551071071 551221224 128939533
166112844 167236686 26785184
75828761 76398585 113948233
987792108 988388836 581355344
336269684 337707262 322587353
841976983 842383669 394494299
313089388 314224476 532283268
801409329 801413733 26545260
723524806 724097104 386900742
116450798 116961902 156808089
237346303 237457132 176771372
889557239 930742750 372838505
912926620 913993859 122987041
646843013 646990201 651315308
944248012 944370446 366319906
836252339 853001548 334297607
361894689 427141713 133774930
313961241 314960165 466292977
764457668 852162757 28529585
399289328 399301648 211620870
819760954 830912647 262771728
243962212 244422822 93268378
690575195 692425243 227353504
805861123 856757690 447639184
231829115 232248029 178747015
188762795 188828573 643487968
938905047 997030546 287594668
521728732 523269359 516701332
669533321 669565109 384430830
635773636 636782976 333531258
46735129 47151847 612205451
198766240 198978894 431509500
712095007 714495422 26798004
30901783 32285378 251908578
792194337 792338429 378831434
19324870 51964461 515061058
577917407 579627058 109573093
890049558 911014300 361080510
143068835 222460206 140865302
314098046 314727929 147969360
225915469 226423635 33120523
475975828 475985000 560775835
658085608 658534320 168906307
505013199 505302703 557026164
719823347 719935711 550111639
719704867 720054191 441908837
786015261 786069007 28717135
379921302 380253630 169175056
387013985 464172774 509593399
560721733 597046849 559161241
114466160 114731436 88452195
748359670 749316932 166526361
825421702 865663014 18853849
497820908 497849514 442198312
419202612 419426562 282051639
944027946 944590512 162296200
686987552 687868120 418204437
178772331 179022379 333329083
953831279 954118153 561165504
77664498 77680096 440101638
332173132 332737782 167411287
792079863 792452903 170290922
61953164 62450059 35600115
104535801 105922042 265664004
917685848 917764639 494251941
882783652 883316366 119469336
45310524 47098388 387675863
728194244 728698014 336723658
505830930 506309241 413399342
688832725 688985133 69604710
180042470 181854001 159712706
807200188 807242922 287242475
257731339 257791371 485706782
886461509 887384031 130286392
558950472 559271762 389862750
265675219 265761749 452916494
845663938 846971228 364505295
745029612 745105572 75966187
114445000 114752596 187337751
617622635 618182057 198818915
655093972 655257776 383105294
187491536 187660794 381363190
827976959 828056667 657439297
954161256 955574841 409913407
940259757 940523551 71641691
414106661 484874508 334459159
805140962 805658478 79591671
655060304 655291444 452426104
440899652 441213588 581052401
672476032 672633922 335533018
264357398 264681752 205179157
241532198 242091379 8481905
122928145 161519376 137192054
568896212 591091934 177265269
572089733 637109357 527031714
180251560 181682125 336869182
672537353 672572601 575257611
385656329 386178542 427939604
208339603 229808848 614052237
235521984 237262022 611632310
215505904 215529104 76720033
440663216 441143979 13426329
747074460 748773931 592664135
843498717 843794053 73520710
471725100 471769968 406920860
973988936 974691908 443251642
755777475 802981157 283176452
670101361 763427817 398591034
742512360 742909750 367357060
428196338 467955779 120487744
801949259 802844860 289911911
497734682 497935740 538448845
806309199 806607779 186148482
293511084 377981906 187305561
468094831 468202959 24916362
728240327 728651931 301392263
186917281 187526704 656457502
428709559 428991383 168899908
818302240 818673872 73957890
380189054 380422232 514657701
356396320 357557186 185345680
842178289 842182363 325854355
891719304 892182013 290281366
304091684 304414861 464352005
98928841 99379755 28916672
229589030 231149655 555421593
744865031 745270153 200008796
440861419 441251821 483705932
440774949 441338291 106120825
897077241 955156755 383351993
559023335 559198899 612799914
478214520 479298861 232017945
424491987 471807263 389676808
217783756 219168036 272415456
507180917 508518266 258856143
300059200 302012934 301914613
222614521 224304017 423542939
93772363 95499699 472791721
643190571 643332115 404271910
806418264 806498714 198897537
785889522 786194746 393914026
116615648 116797052 338729524
267907556 268026654 173518797
190856124 192298555 261821292
330430822 330630810 444187543
824549514 825845778 241650754
590450741 591131967 497821703
648547611 721765302 435569147
586706427 586854360 167350428
396433793 396507101 306797059
669333306 669765124 56856184
559077708 559144526 463689302
710048730 710080928 165855975
412455378 413948730 535954911
997371529 998655399 157468524
730084157 730258213 220841727
7455052 8576275 35692652
635353302 681567974 606560546
952053260 952228860 363880749
394915974 395023154 348386839
645157921 645285171 294487609
339127254 339423156 215990995
846371387 854145110 611669762
456177369 544965806 572650472
625711389 627129572 426459126
586660931 586689405 97532569
709599726 710029788 388908186
380067980 380106952 479568816
785963097 786121171 227115565
471486729 472008339 523379057
828702283 828886203 592400696
303401927 303796543 92693603
126100530 126863282 182011912
481880846 527491723 530705696
50911132 124363507 330513455
151845676 152660136 401322554
392867603 402920984 243185604
54456192 54699603 469345692
190506900 192418630 258970269
217719117 217723352 333769171
46935257 46951719 444772072
214683310 214773220 327928421
570273199 570713261 109040222
470154650 481993767 616904817
778497406 778508538 61455702
696452645 697318323 332011527
728098243 728210276 561520074
253954780 254196652 254501156
292077265 292919053 355208977
469772253 477666276 213794391
540371904 540747530 146503776
813251084 813523454 372074186
797269812 797529144 281340727
723720456 723901454 8227803
586622968 586727368 356915226
485819767 486111107 39463996
658030409 658589519 212188114
852373309 854001554 238758849
298923980 298935229 119513654
862632700 864437060 385804252
807889360 808315644 447256295
226331778 226715576 535381236
825661593 826367509 66829171
648837366 649143268 310191799
198799487 198945647 213550078
672467304 672642650 147196530
455612675 456375491 664566475
813287881 898253875 245217338
813210770 813563768 2770437
785762588 785837742 123705327
723591672 724030238 163253562
833654796 834290446 111124553
